run,time,node_id,x,y,speed
1,0.00,0,389.63,402.33,0.00
1,0.00,1,296.83,120.89,0.00
1,0.00,2,136.79,804.81,0.00
1,0.00,3,824.83,348.13,0.00
1,0.00,4,89.69,970.62,0.00
1,0.00,5,110.31,417.88,0.00
1,0.00,6,554.37,141.70,0.00
1,0.00,7,686.29,984.46,0.00
1,0.00,8,321.28,914.53,0.00
1,0.00,9,503.29,801.51,0.00
1,0.00,10,660.79,619.12,0.00
1,0.00,11,724.58,56.88,0.00
1,0.00,12,636.04,484.67,0.00
1,0.00,13,915.59,487.57,0.00
1,0.00,14,279.46,715.07,0.00
1,0.00,15,672.96,657.27,0.00
1,0.00,16,114.19,854.42,0.00
1,0.00,17,622.17,407.39,0.00
1,0.00,18,673.17,228.25,0.00
1,0.00,19,74.20,299.73,0.00
1,0.00,20,813.54,192.31,0.00
1,0.00,21,936.02,265.84,0.00
1,0.00,22,704.33,497.26,0.00
1,0.00,23,948.23,588.11,0.00
1,0.00,24,537.32,641.50,0.00
1,0.00,25,27.53,880.95,0.00
1,0.00,26,578.16,355.26,0.00
1,0.00,27,485.92,861.07,0.00
1,0.00,28,812.17,813.71,0.00
1,0.00,29,934.51,459.85,0.00
1,0.00,30,476.82,239.80,0.00
1,0.00,31,252.71,224.06,0.00
1,0.00,32,282.54,960.85,0.00
1,0.00,33,362.01,392.23,0.00
1,0.00,34,81.56,422.21,0.00
1,0.00,35,226.16,988.90,0.00
1,0.00,36,19.09,351.64,0.00
1,0.00,37,990.98,257.18,0.00
1,0.00,38,612.04,444.53,0.00
1,0.00,39,352.78,360.04,0.00
1,0.00,40,748.31,597.63,0.00
1,0.00,41,847.92,949.39,0.00
1,0.00,42,90.22,866.76,0.00
1,0.00,43,377.33,9.72,0.00
1,0.00,44,586.67,428.39,0.00
1,0.00,45,3.85,152.04,0.00
1,0.00,46,416.21,551.45,0.00
1,0.00,47,90.46,994.59,0.00
1,0.00,48,65.65,283.95,0.00
1,0.00,49,950.85,874.35,0.00
1,0.00,50,856.88,253.67,0.00
1,0.00,51,935.99,414.61,0.00
1,0.00,52,397.23,419.62,0.00
1,0.00,53,898.54,962.76,0.00
1,0.00,54,560.79,703.32,0.00
1,0.00,55,466.37,633.56,0.00
1,0.00,56,429.65,108.56,0.00
1,0.00,57,394.66,718.95,0.00
1,0.00,58,965.22,29.46,0.00
1,0.00,59,201.18,718.68,0.00
1,0.00,60,61.41,539.48,0.00
1,0.00,61,856.92,573.59,0.00
1,0.00,62,727.80,842.99,0.00
1,0.00,63,83.57,754.43,0.00
1,0.00,64,844.00,22.78,0.00
1,0.00,65,660.48,298.65,0.00
1,0.00,66,299.10,181.06,0.00
1,0.00,67,42.72,360.77,0.00
1,0.00,68,721.80,441.56,0.00
1,0.00,69,844.61,730.39,0.00
1,0.00,70,841.03,107.42,0.00
1,0.00,71,529.81,949.88,0.00
1,0.00,72,827.82,762.83,0.00
1,0.00,73,708.32,194.35,0.00
1,0.00,74,150.56,617.00,0.00
1,0.00,75,488.83,317.25,0.00
1,0.00,76,435.89,859.16,0.00
1,0.00,77,869.09,25.14,0.00
1,0.00,78,833.42,398.21,0.00
1,0.00,79,555.08,781.81,0.00
1,0.00,80,723.45,759.59,0.00
1,0.00,81,143.32,268.21,0.00
1,0.00,82,857.30,305.29,0.00
1,0.00,83,287.77,402.57,0.00
1,0.00,84,863.51,177.56,0.00
1,0.00,85,152.06,119.54,0.00
1,0.00,86,581.12,188.48,0.00
1,0.00,87,475.75,302.32,0.00
1,0.00,88,68.10,515.96,0.00
1,0.00,89,588.16,358.23,0.00
1,0.00,90,118.37,874.31,0.00
1,0.00,91,578.21,137.85,0.00
1,0.00,92,246.27,870.63,0.00
1,0.00,93,216.04,551.50,0.00
1,0.00,94,684.73,259.25,0.00
1,0.00,95,864.55,852.70,0.00
1,0.00,96,536.77,787.45,0.00
1,0.00,97,468.22,562.20,0.00
1,0.00,98,465.77,0.57,0.00
1,0.00,99,451.16,787.01,0.00
1,0.00,100,71.05,429.77,0.00
1,0.00,101,622.81,377.77,0.00
1,0.00,102,66.28,614.13,0.00
1,0.00,103,9.65,779.01,0.00
1,0.00,104,943.00,240.74,0.00
1,0.00,105,582.12,826.58,0.00
1,0.00,106,112.12,794.98,0.00
1,0.00,107,763.70,101.61,0.00
1,0.00,108,207.38,478.99,0.00
1,0.00,109,478.13,959.37,0.00
1,0.00,110,588.36,122.84,0.00
1,0.00,111,144.05,764.87,0.00
1,0.00,112,84.72,586.08,0.00
1,0.00,113,415.90,524.21,0.00
1,0.00,114,430.81,767.82,0.00
1,0.00,115,391.88,13.09,0.00
1,0.00,116,998.85,37.96,0.00
1,0.00,117,825.20,453.20,0.00
1,0.00,118,543.93,540.90,0.00
1,0.00,119,209.82,245.59,0.00
1,0.00,120,748.81,697.54,0.00
1,0.00,121,178.45,20.86,0.00
1,0.00,122,351.24,176.61,0.00
1,0.00,123,655.20,572.84,0.00
1,0.00,124,792.03,669.26,0.00
1,0.00,125,414.37,436.61,0.00
1,0.00,126,646.36,727.77,0.00
1,0.00,127,735.99,224.37,0.00
1,0.00,128,170.69,619.66,0.00
1,0.00,129,352.86,637.31,0.00
1,0.00,130,705.23,91.68,0.00
1,0.00,131,3.29,654.49,0.00
1,0.00,132,331.77,634.05,0.00
1,0.00,133,324.06,401.58,0.00
1,0.00,134,887.29,25.22,0.00
1,0.00,135,515.64,997.15,0.00
1,0.00,136,917.32,172.48,0.00
1,0.00,137,568.18,114.58,0.00
1,0.00,138,510.03,541.28,0.00
1,0.00,139,274.63,836.07,0.00
1,0.00,140,571.58,713.68,0.00
1,0.00,141,130.98,634.04,0.00
1,0.00,142,691.73,867.77,0.00
1,0.00,143,808.95,582.46,0.00
1,0.00,144,876.37,247.06,0.00
1,0.00,145,562.44,554.16,0.00
1,0.00,146,692.93,803.25,0.00
1,0.00,147,461.45,181.77,0.00
1,0.00,148,747.98,592.47,0.00
1,0.00,149,52.88,678.22,0.00
1,0.00,150,211.49,874.11,0.00
1,0.00,151,304.44,597.32,0.00
1,0.00,152,25.14,17.89,0.00
1,0.00,153,621.66,731.92,0.00
1,0.00,154,205.96,363.66,0.00
1,0.00,155,6.23,533.67,0.00
1,0.00,156,706.17,957.61,0.00
1,0.00,157,989.45,970.54,0.00
1,0.00,158,989.87,579.02,0.00
1,0.00,159,234.54,555.44,0.00
1,0.00,160,264.14,343.07,0.00
1,0.00,161,969.59,67.62,0.00
1,0.00,162,257.83,744.40,0.00
1,0.00,163,997.75,918.64,0.00
1,0.00,164,630.98,235.18,0.00
1,0.00,165,17.61,972.86,0.00
1,0.00,166,842.87,580.63,0.00
1,0.00,167,790.51,394.26,0.00
1,0.00,168,188.56,598.57,0.00
1,0.00,169,896.47,980.57,0.00
1,0.00,170,904.07,97.76,0.00
1,0.00,171,37.36,530.39,0.00
1,0.00,172,588.00,178.89,0.00
1,0.00,173,304.09,337.37,0.00
1,0.00,174,453.97,519.09,0.00
1,0.00,175,785.27,9.78,0.00
1,0.00,176,235.39,107.48,0.00
1,0.00,177,65.35,84.62,0.00
1,0.00,178,902.35,840.92,0.00
1,0.00,179,803.33,148.25,0.00
1,0.00,180,691.01,114.21,0.00
1,0.00,181,546.78,196.68,0.00
1,0.00,182,882.38,643.35,0.00
1,0.00,183,991.02,548.15,0.00
1,0.00,184,649.71,139.62,0.00
1,0.00,185,358.18,791.43,0.00
1,0.00,186,174.08,822.33,0.00
1,0.00,187,876.21,750.15,0.00
1,0.00,188,572.49,394.90,0.00
1,0.00,189,871.56,315.94,0.00
1,0.00,190,759.03,253.91,0.00
1,0.00,191,889.17,884.89,0.00
1,0.00,192,159.14,848.98,0.00
1,0.00,193,557.56,65.58,0.00
1,0.00,194,467.79,535.04,0.00
1,0.00,195,212.63,188.43,0.00
1,0.00,196,826.50,571.12,0.00
1,0.00,197,968.55,389.05,0.00
1,0.00,198,370.30,60.74,0.00
1,0.00,199,382.98,740.64,0.00
1,0.00,200,327.31,996.86,0.00
1,0.00,201,243.37,196.21,0.00
1,0.00,202,352.29,636.04,0.00
1,0.00,203,928.28,431.25,0.00
1,0.00,204,711.90,449.14,0.00
1,0.00,205,478.91,398.76,0.00
1,0.00,206,980.74,95.86,0.00
1,0.00,207,883.76,92.70,0.00
1,0.00,208,997.91,950.47,0.00
1,0.00,209,215.22,163.44,0.00
1,0.00,210,309.20,560.81,0.00
1,0.00,211,229.75,515.98,0.00
1,0.00,212,741.98,913.45,0.00
1,0.00,213,928.47,379.26,0.00
1,0.00,214,482.74,854.85,0.00
1,0.00,215,979.75,29.20,0.00
1,0.00,216,684.58,342.27,0.00
1,0.00,217,805.17,973.44,0.00
1,0.00,218,752.58,6.79,0.00
1,0.00,219,847.95,351.88,0.00
1,0.00,220,609.86,59.20,0.00
1,0.00,221,761.23,833.63,0.00
1,0.00,222,832.71,328.68,0.00
1,0.00,223,434.41,412.18,0.00
1,0.00,224,640.86,640.24,0.00
1,0.00,225,616.43,165.93,0.00
1,0.00,226,702.31,830.60,0.00
1,0.00,227,874.30,365.21,0.00
1,0.00,228,444.84,318.40,0.00
1,0.00,229,880.63,16.79,0.00
1,0.00,230,230.37,192.50,0.00
1,0.00,231,64.49,486.50,0.00
1,0.00,232,885.89,105.65,0.00
1,0.00,233,287.68,736.32,0.00
1,0.00,234,994.02,278.43,0.00
1,0.00,235,271.99,377.07,0.00
1,0.00,236,379.89,928.33,0.00
1,0.00,237,99.42,837.99,0.00
1,0.00,238,225.62,253.10,0.00
1,0.00,239,793.14,303.38,0.00
1,0.00,240,773.78,604.37,0.00
1,0.00,241,671.43,71.67,0.00
1,0.00,242,233.09,667.43,0.00
1,0.00,243,483.37,331.14,0.00
1,0.00,244,678.80,262.57,0.00
1,0.00,245,968.87,171.50,0.00
1,0.00,246,429.93,967.28,0.00
1,0.00,247,628.27,691.23,0.00
1,0.00,248,24.27,248.91,0.00
1,0.00,249,695.90,859.77,0.00
1,0.00,250,584.94,551.73,0.00
1,0.00,251,392.81,975.91,0.00
1,0.00,252,707.17,638.34,0.00
1,0.00,253,931.76,796.43,0.00
1,0.00,254,525.71,688.75,0.00
1,0.00,255,88.41,774.74,0.00
1,0.00,256,221.76,118.20,0.00
1,0.00,257,709.99,93.62,0.00
1,0.00,258,823.03,321.33,0.00
1,0.00,259,515.45,156.17,0.00
1,0.00,260,161.92,853.52,0.00
1,0.00,261,345.92,657.80,0.00
1,0.00,262,778.73,387.04,0.00
1,0.00,263,859.14,138.76,0.00
1,0.00,264,43.92,934.21,0.00
1,0.00,265,202.13,920.59,0.00
1,0.00,266,972.26,438.24,0.00
1,0.00,267,271.44,216.69,0.00
1,0.00,268,355.53,899.14,0.00
1,0.00,269,239.23,164.73,0.00
1,0.00,270,491.42,314.70,0.00
1,0.00,271,188.65,380.08,0.00
1,0.00,272,667.24,921.50,0.00
1,0.00,273,970.88,546.28,0.00
1,0.00,274,734.39,941.10,0.00
1,0.00,275,148.75,260.63,0.00
1,0.00,276,13.32,795.58,0.00
1,0.00,277,845.22,810.31,0.00
1,0.00,278,231.59,968.39,0.00
1,0.00,279,489.76,644.81,0.00
1,0.00,280,554.78,142.29,0.00
1,0.00,281,433.17,452.63,0.00
1,0.00,282,85.25,640.70,0.00
1,0.00,283,767.10,831.62,0.00
1,0.00,284,196.77,283.63,0.00
1,0.00,285,985.37,664.57,0.00
1,0.00,286,423.89,914.58,0.00
1,0.00,287,896.21,919.39,0.00
1,0.00,288,345.82,753.55,0.00
1,0.00,289,463.73,730.57,0.00
1,0.00,290,414.57,140.13,0.00
1,0.00,291,915.98,344.44,0.00
1,0.00,292,466.72,296.20,0.00
1,0.00,293,124.36,934.48,0.00
1,0.00,294,590.96,724.92,0.00
1,0.00,295,529.31,84.53,0.00
1,0.00,296,580.06,593.50,0.00
1,0.00,297,875.28,886.35,0.00
1,0.00,298,331.28,494.12,0.00
1,0.00,299,602.55,591.86,0.00
1,10.00,0,389.63,402.33,9.84
1,10.00,1,296.83,120.89,12.46
1,10.00,2,136.79,804.81,6.43
1,10.00,3,824.83,348.13,24.31
1,10.00,4,89.69,970.62,24.03
1,10.00,5,110.31,417.88,18.59
1,10.00,6,554.37,141.70,7.64
1,10.00,7,686.29,984.46,24.14
1,10.00,8,321.28,914.53,11.78
1,10.00,9,503.29,801.51,19.18
1,10.00,10,660.79,619.12,12.24
1,10.00,11,724.58,56.88,17.90
1,10.00,12,636.04,484.67,9.56
1,10.00,13,915.59,487.57,10.27
1,10.00,14,279.46,715.07,9.59
1,10.00,15,672.96,657.27,13.97
1,10.00,16,114.19,854.42,14.99
1,10.00,17,622.17,407.39,22.09
1,10.00,18,673.17,228.25,9.19
1,10.00,19,74.20,299.73,9.98
1,10.00,20,813.54,192.31,13.79
1,10.00,21,936.02,265.84,8.20
1,10.00,22,704.33,497.26,7.54
1,10.00,23,948.23,588.11,21.42
1,10.00,24,537.32,641.50,11.38
1,10.00,25,27.53,880.95,20.59
1,10.00,26,578.16,355.26,17.04
1,10.00,27,485.92,861.07,18.47
1,10.00,28,812.17,813.71,5.42
1,10.00,29,934.51,459.85,20.41
1,10.00,30,476.82,239.80,8.79
1,10.00,31,252.71,224.06,6.11
1,10.00,32,282.54,960.85,13.71
1,10.00,33,362.01,392.23,6.69
1,10.00,34,81.56,422.21,13.93
1,10.00,35,226.16,988.90,7.38
1,10.00,36,19.09,351.64,5.58
1,10.00,37,990.98,257.18,22.90
1,10.00,38,612.04,444.53,11.68
1,10.00,39,352.78,360.04,16.69
1,10.00,40,748.31,597.63,5.75
1,10.00,41,847.92,949.39,22.71
1,10.00,42,90.22,866.76,13.62
1,10.00,43,377.33,9.72,24.12
1,10.00,44,586.67,428.39,20.01
1,10.00,45,3.85,152.04,22.61
1,10.00,46,416.21,551.45,14.88
1,10.00,47,90.46,994.59,22.28
1,10.00,48,65.65,283.95,19.77
1,10.00,49,950.85,874.35,11.70
1,10.00,50,856.88,253.67,22.94
1,10.00,51,935.99,414.61,17.30
1,10.00,52,397.23,419.62,15.45
1,10.00,53,898.54,962.76,17.09
1,10.00,54,560.79,703.32,12.42
1,10.00,55,466.37,633.56,20.41
1,10.00,56,429.65,108.56,8.41
1,10.00,57,394.66,718.95,11.29
1,10.00,58,965.22,29.46,16.85
1,10.00,59,201.18,718.68,8.04
1,10.00,60,61.41,539.48,24.14
1,10.00,61,856.92,573.59,8.85
1,10.00,62,727.80,842.99,6.18
1,10.00,63,83.57,754.43,16.53
1,10.00,64,844.00,22.78,5.50
1,10.00,65,660.48,298.65,24.34
1,10.00,66,299.10,181.06,22.57
1,10.00,67,42.72,360.77,19.24
1,10.00,68,721.80,441.56,10.94
1,10.00,69,844.61,730.39,24.78
1,10.00,70,841.03,107.42,17.14
1,10.00,71,529.81,949.88,23.93
1,10.00,72,827.82,762.83,5.17
1,10.00,73,708.32,194.35,8.08
1,10.00,74,150.56,617.00,9.12
1,10.00,75,488.83,317.25,9.74
1,10.00,76,435.89,859.16,18.00
1,10.00,77,869.09,25.14,21.19
1,10.00,78,833.42,398.21,9.67
1,10.00,79,555.08,781.81,14.53
1,10.00,80,723.45,759.59,8.82
1,10.00,81,143.32,268.21,13.26
1,10.00,82,857.30,305.29,6.05
1,10.00,83,287.77,402.57,5.28
1,10.00,84,863.51,177.56,5.50
1,10.00,85,152.06,119.54,10.46
1,10.00,86,581.12,188.48,10.86
1,10.00,87,475.75,302.32,13.87
1,10.00,88,68.10,515.96,5.06
1,10.00,89,588.16,358.23,18.81
1,10.00,90,118.37,874.31,23.17
1,10.00,91,578.21,137.85,10.40
1,10.00,92,246.27,870.63,9.75
1,10.00,93,216.04,551.50,14.82
1,10.00,94,684.73,259.25,13.88
1,10.00,95,864.55,852.70,20.93
1,10.00,96,536.77,787.45,13.05
1,10.00,97,468.22,562.20,10.47
1,10.00,98,465.77,0.57,20.69
1,10.00,99,451.16,787.01,12.05
1,10.00,100,71.05,429.77,22.47
1,10.00,101,622.81,377.77,12.36
1,10.00,102,66.28,614.13,5.40
1,10.00,103,9.65,779.01,9.88
1,10.00,104,943.00,240.74,18.15
1,10.00,105,582.12,826.58,12.61
1,10.00,106,112.12,794.98,6.71
1,10.00,107,763.70,101.61,7.96
1,10.00,108,207.38,478.99,5.23
1,10.00,109,478.13,959.37,8.40
1,10.00,110,588.36,122.84,16.92
1,10.00,111,144.05,764.87,15.23
1,10.00,112,84.72,586.08,13.31
1,10.00,113,415.90,524.21,23.34
1,10.00,114,430.81,767.82,18.90
1,10.00,115,391.88,13.09,24.07
1,10.00,116,998.85,37.96,15.96
1,10.00,117,825.20,453.20,17.05
1,10.00,118,543.93,540.90,12.48
1,10.00,119,209.82,245.59,21.15
1,10.00,120,748.81,697.54,5.54
1,10.00,121,178.45,20.86,8.88
1,10.00,122,351.24,176.61,10.78
1,10.00,123,655.20,572.84,16.22
1,10.00,124,792.03,669.26,6.37
1,10.00,125,414.37,436.61,7.46
1,10.00,126,646.36,727.77,14.79
1,10.00,127,735.99,224.37,15.67
1,10.00,128,170.69,619.66,13.70
1,10.00,129,352.86,637.31,10.97
1,10.00,130,705.23,91.68,13.05
1,10.00,131,3.29,654.49,11.74
1,10.00,132,331.77,634.05,13.58
1,10.00,133,324.06,401.58,11.00
1,10.00,134,887.29,25.22,8.69
1,10.00,135,515.64,997.15,5.74
1,10.00,136,917.32,172.48,19.43
1,10.00,137,568.18,114.58,8.93
1,10.00,138,510.03,541.28,19.27
1,10.00,139,274.63,836.07,8.09
1,10.00,140,571.58,713.68,23.30
1,10.00,141,130.98,634.04,6.86
1,10.00,142,691.73,867.77,5.64
1,10.00,143,808.95,582.46,20.01
1,10.00,144,876.37,247.06,16.92
1,10.00,145,562.44,554.16,15.35
1,10.00,146,692.93,803.25,14.43
1,10.00,147,461.45,181.77,15.63
1,10.00,148,747.98,592.47,21.49
1,10.00,149,52.88,678.22,19.54
1,10.00,150,211.49,874.11,13.51
1,10.00,151,304.44,597.32,20.13
1,10.00,152,25.14,17.89,13.45
1,10.00,153,621.66,731.92,18.71
1,10.00,154,205.96,363.66,15.30
1,10.00,155,6.23,533.67,16.32
1,10.00,156,706.17,957.61,11.87
1,10.00,157,989.45,970.54,6.44
1,10.00,158,989.87,579.02,22.37
1,10.00,159,234.54,555.44,13.82
1,10.00,160,264.14,343.07,12.55
1,10.00,161,969.59,67.62,10.15
1,10.00,162,257.83,744.40,9.88
1,10.00,163,997.75,918.64,12.30
1,10.00,164,630.98,235.18,18.99
1,10.00,165,17.61,972.86,8.02
1,10.00,166,842.87,580.63,8.38
1,10.00,167,790.51,394.26,14.77
1,10.00,168,188.56,598.57,14.42
1,10.00,169,896.47,980.57,19.15
1,10.00,170,904.07,97.76,16.62
1,10.00,171,37.36,530.39,23.34
1,10.00,172,588.00,178.89,6.58
1,10.00,173,304.09,337.37,11.23
1,10.00,174,453.97,519.09,24.66
1,10.00,175,785.27,9.78,7.25
1,10.00,176,235.39,107.48,13.62
1,10.00,177,65.35,84.62,23.30
1,10.00,178,902.35,840.92,13.53
1,10.00,179,803.33,148.25,21.34
1,10.00,180,691.01,114.21,24.43
1,10.00,181,546.78,196.68,18.33
1,10.00,182,882.38,643.35,18.39
1,10.00,183,991.02,548.15,12.39
1,10.00,184,649.71,139.62,12.84
1,10.00,185,358.18,791.43,20.66
1,10.00,186,174.08,822.33,16.35
1,10.00,187,876.21,750.15,20.90
1,10.00,188,572.49,394.90,21.80
1,10.00,189,871.56,315.94,6.50
1,10.00,190,759.03,253.91,7.74
1,10.00,191,889.17,884.89,13.84
1,10.00,192,159.14,848.98,12.43
1,10.00,193,557.56,65.58,14.07
1,10.00,194,467.79,535.04,6.74
1,10.00,195,212.63,188.43,6.12
1,10.00,196,826.50,571.12,9.13
1,10.00,197,968.55,389.05,5.16
1,10.00,198,370.30,60.74,19.00
1,10.00,199,382.98,740.64,23.09
1,10.00,200,327.31,996.86,23.73
1,10.00,201,243.37,196.21,8.63
1,10.00,202,352.29,636.04,23.90
1,10.00,203,928.28,431.25,24.45
1,10.00,204,711.90,449.14,19.96
1,10.00,205,478.91,398.76,20.56
1,10.00,206,980.74,95.86,15.21
1,10.00,207,883.76,92.70,22.18
1,10.00,208,997.91,950.47,24.77
1,10.00,209,215.22,163.44,15.26
1,10.00,210,309.20,560.81,6.11
1,10.00,211,229.75,515.98,20.25
1,10.00,212,741.98,913.45,6.28
1,10.00,213,928.47,379.26,6.89
1,10.00,214,482.74,854.85,22.20
1,10.00,215,979.75,29.20,22.30
1,10.00,216,684.58,342.27,15.53
1,10.00,217,805.17,973.44,12.34
1,10.00,218,752.58,6.79,7.19
1,10.00,219,847.95,351.88,20.74
1,10.00,220,609.86,59.20,7.04
1,10.00,221,761.23,833.63,15.69
1,10.00,222,832.71,328.68,9.88
1,10.00,223,434.41,412.18,5.83
1,10.00,224,640.86,640.24,20.35
1,10.00,225,616.43,165.93,12.81
1,10.00,226,702.31,830.60,9.67
1,10.00,227,874.30,365.21,9.76
1,10.00,228,444.84,318.40,9.69
1,10.00,229,880.63,16.79,12.57
1,10.00,230,230.37,192.50,14.71
1,10.00,231,64.49,486.50,23.68
1,10.00,232,885.89,105.65,12.19
1,10.00,233,287.68,736.32,12.35
1,10.00,234,994.02,278.43,23.40
1,10.00,235,271.99,377.07,16.47
1,10.00,236,379.89,928.33,23.94
1,10.00,237,99.42,837.99,8.80
1,10.00,238,225.62,253.10,15.87
1,10.00,239,793.14,303.38,16.50
1,10.00,240,773.78,604.37,14.78
1,10.00,241,671.43,71.67,12.51
1,10.00,242,233.09,667.43,9.55
1,10.00,243,483.37,331.14,24.76
1,10.00,244,678.80,262.57,19.06
1,10.00,245,968.87,171.50,5.57
1,10.00,246,429.93,967.28,21.09
1,10.00,247,628.27,691.23,8.29
1,10.00,248,24.27,248.91,22.77
1,10.00,249,695.90,859.77,8.39
1,10.00,250,584.94,551.73,15.04
1,10.00,251,392.81,975.91,6.64
1,10.00,252,707.17,638.34,13.30
1,10.00,253,931.76,796.43,18.34
1,10.00,254,525.71,688.75,5.67
1,10.00,255,88.41,774.74,21.61
1,10.00,256,221.76,118.20,19.99
1,10.00,257,709.99,93.62,23.14
1,10.00,258,823.03,321.33,24.07
1,10.00,259,515.45,156.17,20.96
1,10.00,260,161.92,853.52,5.00
1,10.00,261,345.92,657.80,20.80
1,10.00,262,778.73,387.04,10.45
1,10.00,263,859.14,138.76,17.49
1,10.00,264,43.92,934.21,14.59
1,10.00,265,202.13,920.59,6.46
1,10.00,266,972.26,438.24,10.99
1,10.00,267,271.44,216.69,23.38
1,10.00,268,355.53,899.14,15.62
1,10.00,269,239.23,164.73,20.50
1,10.00,270,491.42,314.70,19.39
1,10.00,271,188.65,380.08,7.62
1,10.00,272,667.24,921.50,17.45
1,10.00,273,970.88,546.28,7.47
1,10.00,274,734.39,941.10,21.88
1,10.00,275,148.75,260.63,6.36
1,10.00,276,13.32,795.58,10.14
1,10.00,277,845.22,810.31,5.51
1,10.00,278,231.59,968.39,16.45
1,10.00,279,489.76,644.81,14.73
1,10.00,280,554.78,142.29,20.72
1,10.00,281,433.17,452.63,21.98
1,10.00,282,85.25,640.70,24.28
1,10.00,283,767.10,831.62,17.50
1,10.00,284,196.77,283.63,5.81
1,10.00,285,985.37,664.57,5.80
1,10.00,286,423.89,914.58,23.82
1,10.00,287,896.21,919.39,15.00
1,10.00,288,345.82,753.55,20.01
1,10.00,289,463.73,730.57,7.09
1,10.00,290,414.57,140.13,22.29
1,10.00,291,915.98,344.44,17.78
1,10.00,292,466.72,296.20,7.81
1,10.00,293,124.36,934.48,18.90
1,10.00,294,590.96,724.92,10.70
1,10.00,295,529.31,84.53,8.41
1,10.00,296,580.06,593.50,22.25
1,10.00,297,875.28,886.35,20.14
1,10.00,298,331.28,494.12,17.91
1,10.00,299,602.55,591.86,24.86
1,20.00,0,338.37,486.32,9.84
1,20.00,1,310.26,6.29,0.00
1,20.00,2,131.67,740.73,6.43
1,20.00,3,637.75,503.43,24.31
1,20.00,4,266.90,808.38,24.03
1,20.00,5,240.44,550.65,18.59
1,20.00,6,614.11,94.06,7.64
1,20.00,7,517.65,811.68,24.14
1,20.00,8,393.44,821.42,11.78
1,20.00,9,340.81,903.35,19.18
1,20.00,10,611.74,731.29,12.24
1,20.00,11,689.58,223.04,0.00
1,20.00,12,543.19,507.52,9.56
1,20.00,13,828.10,541.28,10.27
1,20.00,14,342.91,772.91,0.00
1,20.00,15,669.06,796.92,13.97
1,20.00,16,228.39,757.30,14.99
1,20.00,17,560.59,550.49,0.00
1,20.00,18,646.53,316.17,9.19
1,20.00,19,130.79,381.92,9.98
1,20.00,20,693.39,260.06,13.79
1,20.00,21,951.43,346.36,8.20
1,20.00,22,776.03,474.06,7.54
1,20.00,23,765.29,699.52,21.42
1,20.00,24,488.33,538.83,11.38
1,20.00,25,219.23,805.96,20.59
1,20.00,26,724.88,268.51,17.04
1,20.00,27,645.42,768.03,18.47
1,20.00,28,772.88,776.42,5.42
1,20.00,29,832.63,636.69,20.41
1,20.00,30,398.43,199.94,8.79
1,20.00,31,218.52,222.58,0.00
1,20.00,32,314.24,827.50,13.71
1,20.00,33,386.34,454.53,6.69
1,20.00,34,144.83,511.38,0.00
1,20.00,35,198.81,920.31,7.38
1,20.00,36,72.93,337.04,5.58
1,20.00,37,763.39,282.67,22.90
1,20.00,38,603.22,328.04,11.68
1,20.00,39,240.98,236.17,16.69
1,20.00,40,702.37,562.97,5.75
1,20.00,41,974.91,906.69,0.00
1,20.00,42,109.93,732.03,13.62
1,20.00,43,229.96,200.65,24.12
1,20.00,44,721.98,575.81,20.01
1,20.00,45,222.41,209.97,22.61
1,20.00,46,495.89,677.15,14.88
1,20.00,47,298.46,914.71,22.28
1,20.00,48,263.30,289.89,19.77
1,20.00,49,911.86,764.07,11.70
1,20.00,50,645.62,164.18,22.94
1,20.00,51,766.47,449.02,17.30
1,20.00,52,353.87,512.02,0.00
1,20.00,53,897.98,791.83,17.09
1,20.00,54,436.66,700.37,12.42
1,20.00,55,495.86,653.57,0.00
1,20.00,56,400.76,147.08,0.00
1,20.00,57,412.17,607.44,11.29
1,20.00,58,817.13,109.75,16.85
1,20.00,59,223.92,641.54,8.04
1,20.00,60,198.76,340.96,24.14
1,20.00,61,771.56,596.80,8.85
1,20.00,62,669.43,822.72,6.18
1,20.00,63,193.99,801.51,0.00
1,20.00,64,828.37,75.47,5.50
1,20.00,65,507.16,487.68,24.34
1,20.00,66,361.89,397.87,22.57
1,20.00,67,228.90,409.08,19.24
1,20.00,68,614.13,421.95,10.94
1,20.00,69,865.64,722.64,0.00
1,20.00,70,714.05,222.55,17.14
1,20.00,71,442.98,997.86,0.00
1,20.00,72,787.42,795.06,5.17
1,20.00,73,682.84,271.02,8.08
1,20.00,74,183.28,702.10,9.12
1,20.00,75,544.42,397.28,9.74
1,20.00,76,615.89,855.72,18.00
1,20.00,77,831.87,81.04,0.00
1,20.00,78,745.65,357.66,9.67
1,20.00,79,517.12,641.56,14.53
1,20.00,80,766.93,682.88,8.82
1,20.00,81,201.04,387.56,13.26
1,20.00,82,797.48,296.33,6.05
1,20.00,83,289.45,455.34,5.28
1,20.00,84,809.03,185.15,5.50
1,20.00,85,192.86,215.83,10.46
1,20.00,86,489.16,246.20,10.86
1,20.00,87,588.28,221.17,13.87
1,20.00,88,118.24,522.47,5.06
1,20.00,89,598.02,546.11,18.81
1,20.00,90,245.21,680.39,23.17
1,20.00,91,621.22,232.59,10.40
1,20.00,92,314.07,800.56,9.75
1,20.00,93,67.94,545.35,14.82
1,20.00,94,607.82,374.79,13.88
1,20.00,95,721.44,699.94,20.93
1,20.00,96,663.59,818.11,13.05
1,20.00,97,560.57,512.86,10.47
1,20.00,98,493.50,205.55,20.69
1,20.00,99,466.15,667.40,12.05
1,20.00,100,232.44,586.18,22.47
1,20.00,101,503.65,410.61,12.36
1,20.00,102,104.49,576.03,5.40
1,20.00,103,91.30,723.40,9.88
1,20.00,104,768.00,288.68,18.15
1,20.00,105,459.55,856.21,12.61
1,20.00,106,136.64,732.47,6.71
1,20.00,107,716.55,165.77,7.96
1,20.00,108,250.68,449.68,5.23
1,20.00,109,534.84,897.38,8.40
1,20.00,110,511.48,273.59,16.92
1,20.00,111,295.16,746.09,15.23
1,20.00,112,212.68,549.39,13.31
1,20.00,113,604.53,661.63,23.34
1,20.00,114,336.81,931.82,18.90
1,20.00,115,165.11,93.75,24.07
1,20.00,116,988.86,197.28,15.96
1,20.00,117,656.25,475.88,17.05
1,20.00,118,452.20,456.24,12.48
1,20.00,119,79.98,412.52,21.15
1,20.00,120,697.02,677.82,5.54
1,20.00,121,185.94,109.30,8.88
1,20.00,122,323.00,280.68,10.78
1,20.00,123,577.63,715.25,16.22
1,20.00,124,766.02,611.12,6.37
1,20.00,125,483.73,409.02,7.46
1,20.00,126,538.31,626.79,14.79
1,20.00,127,585.75,179.99,15.67
1,20.00,128,275.13,708.29,13.70
1,20.00,129,339.30,528.46,10.97
1,20.00,130,761.67,209.30,13.05
1,20.00,131,105.72,597.16,11.74
1,20.00,132,437.50,719.29,13.58
1,20.00,133,432.60,383.68,11.00
1,20.00,134,812.13,68.84,8.69
1,20.00,135,546.87,948.99,5.74
1,20.00,136,777.75,307.61,19.43
1,20.00,137,554.33,202.83,8.93
1,20.00,138,355.15,655.87,19.27
1,20.00,139,252.10,758.34,8.09
1,20.00,140,362.72,816.88,23.30
1,20.00,141,160.70,572.24,6.86
1,20.00,142,710.57,920.92,5.64
1,20.00,143,643.26,470.34,20.01
1,20.00,144,714.42,198.12,16.92
1,20.00,145,462.04,438.02,15.35
1,20.00,146,705.35,659.53,14.43
1,20.00,147,379.77,315.03,15.63
1,20.00,148,714.95,380.13,21.49
1,20.00,149,248.25,674.31,19.54
1,20.00,150,105.94,823.79,0.00
1,20.00,151,479.05,697.57,20.13
1,20.00,152,128.80,103.58,13.45
1,20.00,153,438.64,693.02,18.71
1,20.00,154,340.48,436.60,15.30
1,20.00,155,14.55,370.74,16.32
1,20.00,156,717.92,839.50,11.87
1,20.00,157,958.61,913.96,6.44
1,20.00,158,837.18,742.47,22.37
1,20.00,159,157.90,670.41,13.82
1,20.00,160,181.85,248.31,12.55
1,20.00,161,906.41,147.09,10.15
1,20.00,162,352.77,771.94,9.88
1,20.00,163,950.68,805.05,12.30
1,20.00,164,674.43,420.07,18.99
1,20.00,165,84.44,928.46,8.02
1,20.00,166,767.23,544.53,8.38
1,20.00,167,722.83,525.51,14.77
1,20.00,168,104.86,716.04,14.42
1,20.00,169,767.76,838.85,19.15
1,20.00,170,738.04,90.05,16.62
1,20.00,171,102.53,306.28,23.34
1,20.00,172,552.29,234.22,6.58
1,20.00,173,416.41,339.44,11.23
1,20.00,174,402.99,760.32,24.66
1,20.00,175,755.55,75.86,7.25
1,20.00,176,275.91,237.53,13.62
1,20.00,177,289.55,147.97,23.30
1,20.00,178,917.36,706.47,13.53
1,20.00,179,613.36,56.88,0.00
1,20.00,180,866.91,283.70,24.43
1,20.00,181,375.44,131.65,18.33
1,20.00,182,876.21,687.58,0.00
1,20.00,183,921.96,445.29,12.39
1,20.00,184,682.49,263.78,12.84
1,20.00,185,311.47,774.46,0.00
1,20.00,186,205.38,661.87,16.35
1,20.00,187,667.17,749.32,20.90
1,20.00,188,594.11,602.46,0.00
1,20.00,189,807.87,328.91,6.50
1,20.00,190,788.98,274.01,0.00
1,20.00,191,921.45,750.34,13.84
1,20.00,192,144.17,725.56,12.43
1,20.00,193,478.95,182.21,14.07
1,20.00,194,530.26,560.49,6.74
1,20.00,195,183.95,242.53,6.12
1,20.00,196,770.08,499.34,9.13
1,20.00,197,924.15,415.35,5.16
1,20.00,198,317.09,243.18,19.00
1,20.00,199,200.21,599.54,23.09
1,20.00,200,449.85,793.68,23.73
1,20.00,201,225.09,280.56,8.63
1,20.00,202,527.92,473.90,23.90
1,20.00,203,685.18,404.75,24.45
1,20.00,204,529.71,367.65,19.96
1,20.00,205,279.93,347.00,20.56
1,20.00,206,918.45,234.61,15.21
1,20.00,207,798.31,297.38,22.18
1,20.00,208,761.42,876.91,24.77
1,20.00,209,349.47,235.89,15.26
1,20.00,210,370.14,565.44,6.11
1,20.00,211,86.40,372.98,20.25
1,20.00,212,697.55,869.01,6.28
1,20.00,213,879.85,428.08,6.89
1,20.00,214,574.55,652.69,22.20
1,20.00,215,791.01,147.91,22.30
1,20.00,216,549.75,419.40,15.53
1,20.00,217,909.72,907.87,12.34
1,20.00,218,688.48,39.37,7.19
1,20.00,219,667.75,454.47,20.74
1,20.00,220,655.56,112.79,7.04
1,20.00,221,751.42,677.06,15.69
1,20.00,222,742.98,287.33,9.88
1,20.00,223,473.01,455.91,5.83
1,20.00,224,552.06,457.13,20.35
1,20.00,225,599.06,292.84,12.81
1,20.00,226,760.17,753.09,9.67
1,20.00,227,780.93,393.65,9.76
1,20.00,228,532.08,276.14,9.69
1,20.00,229,757.90,43.94,12.57
1,20.00,230,353.80,112.46,14.71
1,20.00,231,269.78,368.51,23.68
1,20.00,232,764.96,121.11,12.19
1,20.00,233,407.83,764.69,12.35
1,20.00,234,800.33,147.12,23.40
1,20.00,235,389.92,262.03,16.47
1,20.00,236,141.03,911.92,23.94
1,20.00,237,182.61,809.41,8.80
1,20.00,238,384.33,256.06,15.87
1,20.00,239,826.11,465.08,16.50
1,20.00,240,687.34,484.42,14.78
1,20.00,241,571.08,146.31,12.51
1,20.00,242,273.80,581.04,9.55
1,20.00,243,728.60,365.17,24.76
1,20.00,244,573.93,421.78,19.06
1,20.00,245,918.92,196.18,5.57
1,20.00,246,634.32,915.31,21.09
1,20.00,247,571.86,630.48,8.29
1,20.00,248,79.82,469.74,22.77
1,20.00,249,630.24,807.51,8.39
1,20.00,250,469.05,455.84,15.04
1,20.00,251,413.73,912.88,6.64
1,20.00,252,716.88,505.66,13.30
1,20.00,253,749.13,813.29,18.34
1,20.00,254,567.28,650.15,5.67
1,20.00,255,80.02,558.83,21.61
1,20.00,256,364.10,258.55,19.99
1,20.00,257,806.37,62.96,0.00
1,20.00,258,590.56,383.65,24.07
1,20.00,259,308.47,122.90,20.96
1,20.00,260,210.46,841.44,5.00
1,20.00,261,523.56,766.00,20.80
1,20.00,262,693.13,446.90,10.45
1,20.00,263,699.13,209.29,17.49
1,20.00,264,120.63,810.11,14.59
1,20.00,265,139.03,906.61,6.46
1,20.00,266,874.60,488.75,10.99
1,20.00,267,436.14,382.63,23.38
1,20.00,268,299.66,753.33,15.62
1,20.00,269,321.33,352.54,20.50
1,20.00,270,608.17,469.45,19.39
1,20.00,271,262.57,361.60,7.62
1,20.00,272,563.78,780.97,17.45
1,20.00,273,972.37,550.66,0.00
1,20.00,274,900.11,798.22,21.88
1,20.00,275,208.81,239.68,6.36
1,20.00,276,113.31,778.96,10.14
1,20.00,277,790.18,813.82,5.51
1,20.00,278,174.64,814.04,16.45
1,20.00,279,540.99,506.69,14.73
1,20.00,280,673.58,208.02,0.00
1,20.00,281,521.47,251.30,21.98
1,20.00,282,286.98,505.53,24.28
1,20.00,283,750.95,657.36,17.50
1,20.00,284,216.60,338.24,5.81
1,20.00,285,927.33,664.10,5.80
1,20.00,286,227.41,779.86,23.82
1,20.00,287,783.45,820.48,15.00
1,20.00,288,540.79,798.40,20.01
1,20.00,289,394.32,716.34,7.09
1,20.00,290,526.35,332.97,22.29
1,20.00,291,780.82,459.98,17.78
1,20.00,292,494.83,369.07,7.81
1,20.00,293,258.37,801.22,18.90
1,20.00,294,571.90,619.67,10.70
1,20.00,295,494.70,161.13,8.41
1,20.00,296,360.49,629.23,22.25
1,20.00,297,673.98,892.10,20.14
1,20.00,298,226.05,524.65,0.00
1,20.00,299,376.16,489.17,24.86
1,30.00,0,287.11,570.31,9.84
1,30.00,1,307.91,19.30,17.85
1,30.00,2,126.56,676.65,6.43
1,30.00,3,450.67,658.73,24.31
1,30.00,4,444.10,646.14,24.03
1,30.00,5,370.58,683.42,18.59
1,30.00,6,669.05,50.24,0.00
1,30.00,7,349.01,638.89,24.14
1,30.00,8,465.59,728.30,11.78
1,30.00,9,315.02,919.51,0.00
1,30.00,10,562.69,843.46,12.24
1,30.00,11,686.12,226.33,9.36
1,30.00,12,450.34,530.37,9.56
1,30.00,13,740.61,594.99,10.27
1,30.00,14,356.14,775.49,12.87
1,30.00,15,665.63,919.28,0.00
1,30.00,16,342.58,660.17,14.99
1,30.00,17,538.78,520.76,12.51
1,30.00,18,619.88,404.09,9.19
1,30.00,19,180.58,454.22,0.00
1,30.00,20,573.23,327.80,13.79
1,30.00,21,966.84,426.88,8.20
1,30.00,22,847.74,450.86,7.54
1,30.00,23,582.34,810.93,21.42
1,30.00,24,439.34,436.15,11.38
1,30.00,25,410.94,730.96,20.59
1,30.00,26,866.05,185.04,0.00
1,30.00,27,804.92,674.98,18.47
1,30.00,28,733.60,739.14,5.42
1,30.00,29,730.75,813.52,20.41
1,30.00,30,320.04,160.08,8.79
1,30.00,31,291.68,248.60,17.65
1,30.00,32,345.93,694.15,13.71
1,30.00,33,410.67,516.83,6.69
1,30.00,34,146.84,494.94,7.69
1,30.00,35,171.47,851.71,7.38
1,30.00,36,126.77,322.45,5.58
1,30.00,37,535.80,308.17,22.90
1,30.00,38,594.39,211.54,11.68
1,30.00,39,129.19,112.30,16.69
1,30.00,40,656.43,528.30,5.75
1,30.00,41,925.01,895.17,12.49
1,30.00,42,129.63,597.31,13.62
1,30.00,43,143.82,312.26,0.00
1,30.00,44,801.63,662.59,0.00
1,30.00,45,428.78,264.66,0.00
1,30.00,46,561.25,780.26,0.00
1,30.00,47,506.45,834.83,22.28
1,30.00,48,460.94,295.83,19.77
1,30.00,49,872.87,653.79,11.70
1,30.00,50,528.55,114.60,0.00
1,30.00,51,596.94,483.43,17.30
1,30.00,52,400.73,554.51,18.64
1,30.00,53,897.45,629.39,0.00
1,30.00,54,312.52,697.43,12.42
1,30.00,55,556.74,597.05,10.07
1,30.00,56,411.74,201.76,13.06
1,30.00,57,429.68,495.94,11.29
1,30.00,58,669.04,190.05,16.85
1,30.00,59,246.66,564.41,8.04
1,30.00,60,323.02,161.36,0.00
1,30.00,61,686.21,620.00,8.85
1,30.00,62,611.07,802.44,6.18
1,30.00,63,218.16,799.70,8.85
1,30.00,64,812.73,128.16,5.50
1,30.00,65,353.85,676.72,24.34
1,30.00,66,424.68,614.69,22.57
1,30.00,67,415.09,457.38,19.24
1,30.00,68,506.47,402.35,10.94
1,30.00,69,866.89,533.79,20.76
1,30.00,70,587.07,337.68,17.14
1,30.00,71,385.27,934.81,14.60
1,30.00,72,747.02,827.28,5.17
1,30.00,73,657.35,347.69,8.08
1,30.00,74,215.99,787.20,9.12
1,30.00,75,600.02,477.31,9.74
1,30.00,76,795.89,852.28,18.00
1,30.00,77,866.61,169.38,13.90
1,30.00,78,657.88,317.11,9.67
1,30.00,79,479.16,501.31,14.53
1,30.00,80,810.40,606.16,8.82
1,30.00,81,258.77,506.90,13.26
1,30.00,82,737.66,287.36,6.05
1,30.00,83,291.12,508.11,5.28
1,30.00,84,754.55,192.74,5.50
1,30.00,85,233.65,312.13,10.46
1,30.00,86,407.88,297.21,0.00
1,30.00,87,700.81,140.03,13.87
1,30.00,88,168.39,528.97,5.06
1,30.00,89,600.57,594.65,0.00
1,30.00,90,372.06,486.47,23.17
1,30.00,91,664.22,327.34,10.40
1,30.00,92,381.87,730.49,9.75
1,30.00,93,26.05,543.61,0.00
1,30.00,94,530.90,490.34,13.88
1,30.00,95,578.54,547.41,0.00
1,30.00,96,790.42,848.76,13.05
1,30.00,97,652.91,463.51,10.47
1,30.00,98,521.24,410.54,20.69
1,30.00,99,468.32,650.07,0.00
1,30.00,100,393.83,742.58,22.47
1,30.00,101,384.48,443.45,12.36
1,30.00,102,142.70,537.94,5.40
1,30.00,103,172.95,667.79,9.88
1,30.00,104,592.99,336.63,18.15
1,30.00,105,336.98,885.84,12.61
1,30.00,106,161.15,669.97,6.71
1,30.00,107,669.41,229.93,7.96
1,30.00,108,293.98,420.37,5.23
1,30.00,109,591.55,835.39,8.40
1,30.00,110,434.61,424.35,16.92
1,30.00,111,446.27,727.31,15.23
1,30.00,112,340.64,512.69,13.31
1,30.00,113,793.16,799.05,23.34
1,30.00,114,326.83,949.23,0.00
1,30.00,115,112.89,112.32,0.00
1,30.00,116,981.36,316.98,0.00
1,30.00,117,487.30,498.55,17.05
1,30.00,118,360.46,371.58,12.48
1,30.00,119,20.97,488.39,0.00
1,30.00,120,645.23,658.09,5.54
1,30.00,121,193.43,197.74,8.88
1,30.00,122,294.77,384.75,10.78
1,30.00,123,500.06,857.67,16.22
1,30.00,124,740.01,552.98,6.37
1,30.00,125,553.08,381.43,7.46
1,30.00,126,430.25,525.81,14.79
1,30.00,127,435.50,135.61,15.67
1,30.00,128,379.57,796.91,13.70
1,30.00,129,325.75,419.61,10.97
1,30.00,130,818.12,326.92,13.05
1,30.00,131,208.15,539.83,11.74
1,30.00,132,543.23,804.54,13.58
1,30.00,133,541.14,365.78,11.00
1,30.00,134,736.97,112.45,8.69
1,30.00,135,578.10,900.84,5.74
1,30.00,136,638.18,442.74,19.43
1,30.00,137,540.49,291.08,8.93
1,30.00,138,200.27,770.46,19.27
1,30.00,139,229.57,680.62,8.09
1,30.00,140,153.85,920.07,23.30
1,30.00,141,190.42,510.43,6.86
1,30.00,142,722.87,955.66,0.00
1,30.00,143,477.56,358.22,20.01
1,30.00,144,552.46,149.19,16.92
1,30.00,145,391.35,356.25,0.00
1,30.00,146,717.77,515.82,14.43
1,30.00,147,298.10,448.29,15.63
1,30.00,148,681.91,167.78,21.49
1,30.00,149,443.63,670.40,19.54
1,30.00,150,112.33,816.96,6.96
1,30.00,151,653.65,797.82,20.13
1,30.00,152,232.46,189.27,13.45
1,30.00,153,255.62,654.13,18.71
1,30.00,154,475.00,509.54,15.30
1,30.00,155,20.97,244.85,0.00
1,30.00,156,729.66,721.39,11.87
1,30.00,157,927.78,857.39,6.44
1,30.00,158,684.48,905.91,22.37
1,30.00,159,101.37,755.22,0.00
1,30.00,160,99.56,153.55,12.55
1,30.00,161,843.23,226.57,10.15
1,30.00,162,447.70,799.49,9.88
1,30.00,163,903.61,691.45,12.30
1,30.00,164,717.89,604.95,18.99
1,30.00,165,151.27,884.06,8.02
1,30.00,166,691.58,508.42,8.38
1,30.00,167,709.19,551.96,0.00
1,30.00,168,21.78,832.65,0.00
1,30.00,169,639.04,697.12,19.15
1,30.00,170,572.01,82.34,16.62
1,30.00,171,167.71,82.17,23.34
1,30.00,172,516.59,289.55,6.58
1,30.00,173,528.73,341.51,11.23
1,30.00,174,352.57,998.91,0.00
1,30.00,175,725.84,141.94,7.25
1,30.00,176,316.43,367.58,13.62
1,30.00,177,513.75,211.33,23.30
1,30.00,178,932.37,572.02,13.53
1,30.00,179,612.90,57.54,6.50
1,30.00,180,901.03,316.57,0.00
1,30.00,181,204.11,66.62,18.33
1,30.00,182,710.29,684.32,21.92
1,30.00,183,852.90,342.42,12.39
1,30.00,184,715.27,387.94,12.84
1,30.00,185,300.02,725.45,6.63
1,30.00,186,236.68,501.42,16.35
1,30.00,187,458.14,748.49,20.90
1,30.00,188,590.77,601.93,7.92
1,30.00,189,744.18,341.88,6.50
1,30.00,190,768.12,297.06,5.82
1,30.00,191,953.73,615.80,13.84
1,30.00,192,129.20,602.14,12.43
1,30.00,193,400.34,298.85,14.07
1,30.00,194,592.72,585.94,6.74
1,30.00,195,155.27,296.64,6.12
1,30.00,196,713.66,427.57,9.13
1,30.00,197,879.75,441.65,5.16
1,30.00,198,263.88,425.61,19.00
1,30.00,199,59.72,491.07,0.00
1,30.00,200,572.39,590.51,23.73
1,30.00,201,206.80,364.90,8.63
1,30.00,202,703.54,311.76,23.90
1,30.00,203,442.07,378.25,24.45
1,30.00,204,415.94,316.77,0.00
1,30.00,205,80.94,295.24,20.56
1,30.00,206,856.15,373.36,15.21
1,30.00,207,712.86,502.07,22.18
1,30.00,208,524.92,803.35,24.77
1,30.00,209,483.72,308.35,15.26
1,30.00,210,431.09,570.08,6.11
1,30.00,211,68.11,354.74,0.00
1,30.00,212,653.12,824.57,6.28
1,30.00,213,831.23,476.91,6.89
1,30.00,214,666.36,450.54,22.20
1,30.00,215,602.27,266.61,22.30
1,30.00,216,414.91,496.53,15.53
1,30.00,217,993.21,855.51,0.00
1,30.00,218,624.37,71.96,7.19
1,30.00,219,544.99,524.37,0.00
1,30.00,220,701.26,166.38,7.04
1,30.00,221,741.62,520.75,0.00
1,30.00,222,653.25,245.97,9.88
1,30.00,223,511.60,499.64,5.83
1,30.00,224,463.27,274.02,20.35
1,30.00,225,582.29,415.37,0.00
1,30.00,226,818.03,675.59,9.67
1,30.00,227,687.56,422.08,9.76
1,30.00,228,619.33,233.88,9.69
1,30.00,229,635.17,71.09,12.57
1,30.00,230,406.80,78.09,0.00
1,30.00,231,475.08,250.53,23.68
1,30.00,232,644.04,136.57,12.19
1,30.00,233,527.98,793.05,12.35
1,30.00,234,646.35,42.74,0.00
1,30.00,235,507.85,146.99,16.47
1,30.00,236,40.91,905.04,0.00
1,30.00,237,265.81,780.83,8.80
1,30.00,238,543.04,259.01,15.87
1,30.00,239,859.08,626.78,16.50
1,30.00,240,600.90,364.47,14.78
1,30.00,241,470.73,220.95,12.51
1,30.00,242,314.51,494.65,9.55
1,30.00,243,973.83,399.20,24.76
1,30.00,244,469.06,580.98,19.06
1,30.00,245,868.98,220.86,5.57
1,30.00,246,838.71,863.34,21.09
1,30.00,247,515.45,569.73,8.29
1,30.00,248,89.97,510.08,0.00
1,30.00,249,564.58,755.25,8.39
1,30.00,250,353.15,359.95,15.04
1,30.00,251,434.65,849.85,6.64
1,30.00,252,726.59,372.99,13.30
1,30.00,253,566.51,830.15,18.34
1,30.00,254,608.85,611.55,5.67
1,30.00,255,71.63,342.92,21.61
1,30.00,256,473.40,366.31,0.00
1,30.00,257,773.42,197.03,24.53
1,30.00,258,358.09,445.98,24.07
1,30.00,259,101.48,89.62,20.96
1,30.00,260,258.99,829.37,5.00
1,30.00,261,701.19,874.20,20.80
1,30.00,262,607.52,506.77,10.45
1,30.00,263,539.11,279.82,17.49
1,30.00,264,150.49,761.79,0.00
1,30.00,265,75.92,892.62,6.46
1,30.00,266,776.94,539.25,10.99
1,30.00,267,470.80,417.56,0.00
1,30.00,268,243.79,607.51,15.62
1,30.00,269,403.42,540.35,20.50
1,30.00,270,724.91,624.20,19.39
1,30.00,271,336.49,343.11,7.62
1,30.00,272,460.31,640.44,17.45
1,30.00,273,901.13,505.11,9.01
1,30.00,274,916.17,784.37,0.00
1,30.00,275,268.88,218.73,6.36
1,30.00,276,213.31,762.34,10.14
1,30.00,277,735.15,817.33,5.51
1,30.00,278,117.70,659.70,16.45
1,30.00,279,592.22,368.57,14.73
1,30.00,280,652.65,195.08,7.14
1,30.00,281,556.09,172.39,0.00
1,30.00,282,488.70,370.36,24.28
1,30.00,283,734.80,483.10,17.50
1,30.00,284,236.43,392.85,5.81
1,30.00,285,869.29,663.63,5.80
1,30.00,286,43.28,653.60,0.00
1,30.00,287,670.70,721.58,15.00
1,30.00,288,646.72,822.76,0.00
1,30.00,289,324.91,702.12,7.09
1,30.00,290,638.13,525.82,22.29
1,30.00,291,645.66,575.52,17.78
1,30.00,292,522.94,441.95,7.81
1,30.00,293,392.38,667.96,18.90
1,30.00,294,552.84,514.42,10.70
1,30.00,295,460.08,237.73,8.41
1,30.00,296,257.34,646.01,0.00
1,30.00,297,530.49,896.20,0.00
1,30.00,298,312.68,516.13,22.42
1,30.00,299,332.87,469.53,0.00
1,40.00,0,235.86,654.30,9.84
1,40.00,1,276.21,194.95,17.85
1,40.00,2,121.44,612.57,6.43
1,40.00,3,263.60,814.04,24.31
1,40.00,4,621.31,483.90,24.03
1,40.00,5,500.71,816.18,18.59
1,40.00,6,662.47,51.04,8.28
1,40.00,7,180.36,466.10,24.14
1,40.00,8,537.75,635.18,11.78
1,40.00,9,296.21,867.94,0.00
1,40.00,10,521.89,936.77,0.00
1,40.00,11,618.29,290.80,9.36
1,40.00,12,357.48,553.22,9.56
1,40.00,13,653.12,648.69,10.27
1,40.00,14,482.43,800.12,12.87
1,40.00,15,654.83,913.75,9.81
1,40.00,16,365.62,640.57,0.00
1,40.00,17,464.79,419.92,12.51
1,40.00,18,593.23,492.01,9.19
1,40.00,19,201.51,467.92,20.80
1,40.00,20,453.08,395.55,13.79
1,40.00,21,982.25,507.40,8.20
1,40.00,22,857.25,447.79,0.00
1,40.00,23,553.78,828.32,0.00
1,40.00,24,436.18,429.53,0.00
1,40.00,25,602.64,655.96,20.59
1,40.00,26,860.54,183.86,14.88
1,40.00,27,948.45,591.24,0.00
1,40.00,28,694.32,701.86,5.42
1,40.00,29,655.79,943.63,0.00
1,40.00,30,241.65,120.22,8.79
1,40.00,31,457.96,307.75,17.65
1,40.00,32,377.62,560.79,13.71
1,40.00,33,435.00,579.13,6.69
1,40.00,34,156.19,418.59,7.69
1,40.00,35,144.13,783.11,7.38
1,40.00,36,180.62,307.86,5.58
1,40.00,37,308.20,333.66,22.90
1,40.00,38,592.21,182.72,0.00
1,40.00,39,33.80,6.62,0.00
1,40.00,40,610.50,493.64,5.75
1,40.00,41,803.33,867.09,12.49
1,40.00,42,149.34,462.58,13.62
1,40.00,43,199.85,316.32,13.52
1,40.00,44,712.92,634.24,22.64
1,40.00,45,435.24,272.37,18.02
1,40.00,46,564.97,752.77,15.43
1,40.00,47,698.19,761.20,0.00
1,40.00,48,658.58,301.77,19.77
1,40.00,49,833.88,543.50,11.70
1,40.00,50,554.34,160.26,11.76
1,40.00,51,531.49,496.71,0.00
1,40.00,52,538.82,679.75,18.64
1,40.00,53,894.88,635.07,12.54
1,40.00,54,188.38,694.48,12.42
1,40.00,55,630.50,528.57,10.07
1,40.00,56,437.46,329.77,13.06
1,40.00,57,447.19,384.44,11.29
1,40.00,58,543.95,257.87,0.00
1,40.00,59,269.39,487.28,8.04
1,40.00,60,321.65,178.50,18.04
1,40.00,61,600.86,643.20,8.85
1,40.00,62,552.71,782.17,6.18
1,40.00,63,306.37,793.10,8.85
1,40.00,64,797.10,180.85,5.50
1,40.00,65,342.21,691.07,0.00
1,40.00,66,487.46,831.50,22.57
1,40.00,67,601.28,505.68,19.24
1,40.00,68,398.80,382.74,10.94
1,40.00,69,868.25,326.17,20.76
1,40.00,70,460.09,452.81,17.14
1,40.00,71,286.69,827.14,14.60
1,40.00,72,706.62,859.51,5.17
1,40.00,73,631.87,424.36,8.08
1,40.00,74,247.04,867.95,0.00
1,40.00,75,655.61,557.34,9.74
1,40.00,76,826.16,851.71,0.00
1,40.00,77,908.74,276.53,0.00
1,40.00,78,570.11,276.57,9.67
1,40.00,79,441.20,361.06,14.53
1,40.00,80,853.88,529.45,8.82
1,40.00,81,316.49,626.24,13.26
1,40.00,82,677.84,278.40,6.05
1,40.00,83,292.80,560.88,5.28
1,40.00,84,700.08,200.34,5.50
1,40.00,85,274.45,408.42,10.46
1,40.00,86,405.20,279.14,15.72
1,40.00,87,813.34,58.88,13.87
1,40.00,88,218.53,535.47,5.06
1,40.00,89,587.63,486.18,14.73
1,40.00,90,498.90,292.56,23.17
1,40.00,91,707.23,422.08,10.40
1,40.00,92,449.67,660.43,9.75
1,40.00,93,139.06,470.47,18.77
1,40.00,94,453.98,605.88,13.88
1,40.00,95,578.84,547.37,20.59
1,40.00,96,884.65,871.54,0.00
1,40.00,97,745.26,414.16,10.47
1,40.00,98,548.98,615.53,20.69
1,40.00,99,536.07,706.78,10.33
1,40.00,100,555.23,898.99,22.47
1,40.00,101,265.32,476.29,12.36
1,40.00,102,180.91,499.84,5.40
1,40.00,103,254.59,612.18,9.88
1,40.00,104,417.99,384.57,18.15
1,40.00,105,252.41,906.28,0.00
1,40.00,106,185.66,607.47,6.71
1,40.00,107,622.26,294.10,7.96
1,40.00,108,337.29,391.06,5.23
1,40.00,109,648.26,773.41,8.40
1,40.00,110,357.73,575.10,16.92
1,40.00,111,597.39,708.53,15.23
1,40.00,112,468.60,476.00,13.31
1,40.00,113,880.65,862.78,0.00
1,40.00,114,378.28,873.92,10.20
1,40.00,115,150.32,174.79,9.46
1,40.00,116,963.25,336.26,10.64
1,40.00,117,318.34,521.23,17.05
1,40.00,118,268.73,286.92,12.48
1,40.00,119,131.26,499.09,20.31
1,40.00,120,593.44,638.37,5.54
1,40.00,121,200.91,286.18,8.88
1,40.00,122,266.53,488.81,10.78
1,40.00,123,490.68,874.89,0.00
1,40.00,124,714.00,494.84,6.37
1,40.00,125,622.44,353.84,7.46
1,40.00,126,322.19,424.83,14.79
1,40.00,127,285.25,91.23,15.67
1,40.00,128,484.01,885.54,13.70
1,40.00,129,312.20,310.76,10.97
1,40.00,130,873.36,442.03,0.00
1,40.00,131,310.57,482.49,11.74
1,40.00,132,648.96,889.78,13.58
1,40.00,133,649.68,347.89,11.00
1,40.00,134,661.81,156.07,8.69
1,40.00,135,609.32,852.68,5.74
1,40.00,136,498.61,577.87,19.43
1,40.00,137,526.64,379.32,8.93
1,40.00,138,111.58,836.07,0.00
1,40.00,139,207.03,602.90,8.09
1,40.00,140,61.35,965.77,0.00
1,40.00,141,220.14,448.63,6.86
1,40.00,142,656.66,924.55,21.11
1,40.00,143,339.46,264.77,0.00
1,40.00,144,390.51,100.26,16.92
1,40.00,145,329.89,343.65,21.20
1,40.00,146,730.20,372.10,14.43
1,40.00,147,216.43,581.55,15.63
1,40.00,148,674.92,122.85,0.00
1,40.00,149,639.01,666.50,19.54
1,40.00,150,159.92,766.13,6.96
1,40.00,151,751.62,854.06,0.00
1,40.00,152,336.12,274.97,13.45
1,40.00,153,151.68,632.04,0.00
1,40.00,154,587.95,570.79,0.00
1,40.00,155,38.77,257.27,9.55
1,40.00,156,741.41,603.27,11.87
1,40.00,157,896.95,800.81,6.44
1,40.00,158,668.68,922.83,0.00
1,40.00,159,116.59,776.22,9.89
1,40.00,160,27.39,70.44,0.00
1,40.00,161,780.05,306.05,10.15
1,40.00,162,542.63,827.03,9.88
1,40.00,163,856.54,577.85,12.30
1,40.00,164,761.34,789.84,18.99
1,40.00,165,218.10,839.66,8.02
1,40.00,166,615.93,472.32,8.38
1,40.00,167,613.02,627.65,15.33
1,40.00,168,22.28,832.74,6.94
1,40.00,169,510.32,555.40,19.15
1,40.00,170,405.97,74.63,16.62
1,40.00,171,183.66,27.31,0.00
1,40.00,172,480.89,344.88,6.58
1,40.00,173,641.06,343.58,11.23
1,40.00,174,353.78,997.47,17.11
1,40.00,175,696.12,208.03,7.25
1,40.00,176,356.95,497.63,13.62
1,40.00,177,737.95,274.69,23.30
1,40.00,178,947.38,437.58,13.53
1,40.00,179,575.67,110.83,6.50
1,40.00,180,750.65,368.69,19.75
1,40.00,181,85.77,21.71,0.00
1,40.00,182,491.15,680.01,21.92
1,40.00,183,790.95,250.13,0.00
1,40.00,184,748.04,512.09,12.84
1,40.00,185,284.94,660.92,6.63
1,40.00,186,267.98,340.96,16.35
1,40.00,187,394.63,748.23,0.00
1,40.00,188,512.51,589.67,7.92
1,40.00,189,680.50,354.84,6.50
1,40.00,190,729.08,340.23,5.82
1,40.00,191,986.01,481.25,13.84
1,40.00,192,114.22,478.71,12.43
1,40.00,193,394.73,307.17,0.00
1,40.00,194,655.18,611.39,6.74
1,40.00,195,126.59,350.75,6.12
1,40.00,196,657.24,355.79,9.13
1,40.00,197,835.35,467.95,5.16
1,40.00,198,210.66,608.05,19.00
1,40.00,199,113.80,498.09,23.58
1,40.00,200,694.93,387.34,23.73
1,40.00,201,188.51,449.25,8.63
1,40.00,202,879.16,149.62,23.90
1,40.00,203,198.96,351.74,24.45
1,40.00,204,447.81,271.23,14.80
1,40.00,205,53.17,288.02,0.00
1,40.00,206,793.86,512.11,15.21
1,40.00,207,627.40,706.75,22.18
1,40.00,208,331.21,743.10,0.00
1,40.00,209,617.97,380.80,15.26
1,40.00,210,492.04,574.71,6.11
1,40.00,211,173.50,349.75,12.09
1,40.00,212,608.69,780.13,6.28
1,40.00,213,782.60,525.74,6.89
1,40.00,214,758.17,248.38,22.20
1,40.00,215,413.53,385.31,22.30
1,40.00,216,280.08,573.66,15.53
1,40.00,217,973.67,829.35,16.21
1,40.00,218,560.27,104.54,7.19
1,40.00,219,542.13,498.83,8.06
1,40.00,220,746.97,219.96,7.04
1,40.00,221,741.53,520.78,5.64
1,40.00,222,563.52,204.62,9.88
1,40.00,223,550.19,543.37,5.83
1,40.00,224,443.80,233.88,0.00
1,40.00,225,587.12,422.12,24.08
1,40.00,226,875.90,598.08,9.67
1,40.00,227,594.19,450.52,9.76
1,40.00,228,706.57,191.62,9.69
1,40.00,229,512.44,98.23,12.57
1,40.00,230,360.29,171.27,18.25
1,40.00,231,680.38,132.54,23.68
1,40.00,232,523.11,152.02,12.19
1,40.00,233,648.13,821.42,12.35
1,40.00,234,663.92,50.21,9.31
1,40.00,235,558.68,97.40,0.00
1,40.00,236,71.58,878.50,6.98
1,40.00,237,349.00,752.25,8.80
1,40.00,238,602.94,260.13,0.00
1,40.00,239,892.04,788.48,16.50
1,40.00,240,514.46,244.52,14.78
1,40.00,241,370.37,295.60,12.51
1,40.00,242,355.22,408.27,9.55
1,40.00,243,993.86,401.98,0.00
1,40.00,244,364.19,740.19,19.06
1,40.00,245,819.03,245.54,5.57
1,40.00,246,953.93,834.04,0.00
1,40.00,247,459.03,508.98,8.29
1,40.00,248,163.58,661.94,20.65
1,40.00,249,498.93,702.99,8.39
1,40.00,250,237.26,264.06,15.04
1,40.00,251,455.57,786.83,6.64
1,40.00,252,736.30,240.32,13.30
1,40.00,253,383.88,847.01,18.34
1,40.00,254,650.42,572.95,5.67
1,40.00,255,63.80,141.38,0.00
1,40.00,256,465.07,347.24,8.97
1,40.00,257,714.90,435.23,24.53
1,40.00,258,125.62,508.30,24.07
1,40.00,259,37.37,79.32,0.00
1,40.00,260,307.53,817.30,5.00
1,40.00,261,712.09,880.84,0.00
1,40.00,262,521.92,566.64,10.45
1,40.00,263,379.10,350.35,17.49
1,40.00,264,180.44,747.04,5.47
1,40.00,265,41.86,885.08,0.00
1,40.00,266,679.29,589.76,10.99
1,40.00,267,351.50,325.50,19.09
1,40.00,268,187.91,461.70,15.62
1,40.00,269,485.51,728.16,20.50
1,40.00,270,841.66,778.95,19.39
1,40.00,271,369.22,334.93,0.00
1,40.00,272,356.85,499.91,17.45
1,40.00,273,825.19,456.55,9.01
1,40.00,274,831.82,723.04,11.55
1,40.00,275,328.94,197.78,6.36
1,40.00,276,313.30,745.73,10.14
1,40.00,277,680.12,820.84,5.51
1,40.00,278,60.75,505.35,16.45
1,40.00,279,643.45,230.45,14.73
1,40.00,280,591.90,157.54,7.14
1,40.00,281,483.76,247.61,17.16
1,40.00,282,690.43,235.20,24.28
1,40.00,283,718.65,308.84,17.50
1,40.00,284,256.27,447.46,5.81
1,40.00,285,811.24,663.17,5.80
1,40.00,286,53.34,645.02,21.04
1,40.00,287,557.95,622.67,15.00
1,40.00,288,564.30,764.60,22.09
1,40.00,289,255.50,687.89,7.09
1,40.00,290,749.90,718.67,22.29
1,40.00,291,510.50,691.07,17.78
1,40.00,292,551.06,514.82,7.81
1,40.00,293,526.39,534.70,18.90
1,40.00,294,533.78,409.16,10.70
1,40.00,295,425.46,314.33,8.41
1,40.00,296,326.22,642.70,13.00
1,40.00,297,515.22,880.37,7.66
1,40.00,298,535.78,494.18,22.42
1,40.00,299,413.10,382.07,0.00
1,50.00,0,184.60,738.30,9.84
1,50.00,1,254.55,314.94,0.00
1,50.00,2,116.33,548.49,6.43
1,50.00,3,113.23,938.86,0.00
1,50.00,4,752.85,363.46,0.00
1,50.00,5,582.61,899.73,0.00
1,50.00,6,580.31,61.09,8.28
1,50.00,7,146.02,430.91,0.00
1,50.00,8,609.90,542.07,11.78
1,50.00,9,337.98,863.82,7.44
1,50.00,10,507.02,909.50,18.48
1,50.00,11,550.46,355.28,9.36
1,50.00,12,264.63,576.06,9.56
1,50.00,13,565.63,702.40,10.27
1,50.00,14,608.72,824.75,12.87
1,50.00,15,567.52,869.06,9.81
1,50.00,16,303.74,529.22,15.96
1,50.00,17,390.81,319.09,12.51
1,50.00,18,566.59,579.93,9.19
1,50.00,19,375.54,581.83,20.80
1,50.00,20,332.92,463.29,13.79
1,50.00,21,989.97,547.74,0.00
1,50.00,22,710.86,390.76,18.11
1,50.00,23,546.78,698.28,15.43
1,50.00,24,469.97,608.10,19.43
1,50.00,25,794.35,580.97,20.59
1,50.00,26,715.09,152.57,14.88
1,50.00,27,932.08,586.70,16.97
1,50.00,28,655.04,664.58,5.42
1,50.00,29,630.63,896.83,20.11
1,50.00,30,216.44,107.41,0.00
1,50.00,31,624.25,366.91,17.65
1,50.00,32,409.32,427.44,13.71
1,50.00,33,459.33,641.42,6.69
1,50.00,34,165.53,342.23,7.69
1,50.00,35,116.79,714.52,7.38
1,50.00,36,234.46,293.26,5.58
1,50.00,37,174.94,348.59,0.00
1,50.00,38,642.82,286.92,15.39
1,50.00,39,44.58,7.13,7.35
1,50.00,40,564.56,458.98,5.75
1,50.00,41,681.65,839.01,12.49
1,50.00,42,169.04,327.86,13.62
1,50.00,43,334.71,326.08,13.52
1,50.00,44,497.23,565.31,22.64
1,50.00,45,551.00,410.48,18.02
1,50.00,46,579.86,642.65,0.00
1,50.00,47,695.86,753.87,9.84
1,50.00,48,856.23,307.71,19.77
1,50.00,49,794.89,433.22,11.70
1,50.00,50,612.19,262.66,11.76
1,50.00,51,456.99,531.89,13.42
1,50.00,52,676.92,804.98,18.64
1,50.00,53,843.09,749.32,12.54
1,50.00,54,64.24,691.53,12.42
1,50.00,55,704.26,460.09,10.07
1,50.00,56,463.17,457.79,13.06
1,50.00,57,464.70,272.93,11.29
1,50.00,58,549.39,276.79,12.68
1,50.00,59,292.13,410.15,8.04
1,50.00,60,307.22,358.29,18.04
1,50.00,61,515.51,666.41,8.85
1,50.00,62,494.35,761.90,6.18
1,50.00,63,394.59,786.51,8.85
1,50.00,64,781.46,233.54,5.50
1,50.00,65,333.99,633.42,6.30
1,50.00,66,513.49,921.37,0.00
1,50.00,67,787.47,553.99,19.24
1,50.00,68,291.13,363.13,10.94
1,50.00,69,869.53,131.87,0.00
1,50.00,70,333.11,567.95,17.14
1,50.00,71,188.12,719.46,14.60
1,50.00,72,666.22,891.74,5.17
1,50.00,73,606.39,501.03,8.08
1,50.00,74,249.82,858.85,18.63
1,50.00,75,663.18,568.23,0.00
1,50.00,76,706.10,740.43,19.68
1,50.00,77,890.08,293.96,14.90
1,50.00,78,482.34,236.02,9.67
1,50.00,79,403.24,220.81,14.53
1,50.00,80,897.35,452.73,8.82
1,50.00,81,374.22,745.59,13.26
1,50.00,82,618.02,269.44,6.05
1,50.00,83,294.48,613.65,5.28
1,50.00,84,645.60,207.93,5.50
1,50.00,85,275.37,410.58,0.00
1,50.00,86,388.76,168.22,0.00
1,50.00,87,888.00,5.04,0.00
1,50.00,88,268.68,541.98,5.06
1,50.00,89,570.19,339.94,14.73
1,50.00,90,592.74,149.11,0.00
1,50.00,91,750.23,516.83,10.40
1,50.00,92,517.47,590.36,9.75
1,50.00,93,296.65,368.47,18.77
1,50.00,94,402.74,682.85,0.00
1,50.00,95,610.13,543.42,0.00
1,50.00,96,875.93,861.08,5.30
1,50.00,97,750.88,411.16,0.00
1,50.00,98,576.71,820.52,20.69
1,50.00,99,615.31,773.10,10.33
1,50.00,100,627.98,969.50,0.00
1,50.00,101,146.16,509.13,12.36
1,50.00,102,219.12,461.75,5.40
1,50.00,103,336.24,556.57,9.88
1,50.00,104,242.99,432.52,18.15
1,50.00,105,234.46,856.77,16.99
1,50.00,106,210.17,544.96,6.71
1,50.00,107,575.12,358.26,7.96
1,50.00,108,380.59,361.75,5.23
1,50.00,109,704.97,711.42,8.40
1,50.00,110,280.86,725.85,16.92
1,50.00,111,748.50,689.74,15.23
1,50.00,112,596.57,439.31,13.31
1,50.00,113,755.70,879.68,23.51
1,50.00,114,435.84,789.66,10.20
1,50.00,115,198.94,255.94,9.46
1,50.00,116,890.42,413.79,10.64
1,50.00,117,149.39,543.90,17.05
1,50.00,118,177.00,202.25,12.48
1,50.00,119,152.56,501.16,0.00
1,50.00,120,541.65,618.64,5.54
1,50.00,121,208.40,374.61,8.88
1,50.00,122,256.39,526.20,0.00
1,50.00,123,436.17,802.79,10.28
1,50.00,124,688.00,436.70,6.37
1,50.00,125,691.79,326.25,7.46
1,50.00,126,214.13,323.85,14.79
1,50.00,127,207.79,68.35,0.00
1,50.00,128,588.45,974.16,13.70
1,50.00,129,298.65,201.91,10.97
1,50.00,130,869.05,441.01,20.69
1,50.00,131,413.00,425.16,11.74
1,50.00,132,710.78,939.62,0.00
1,50.00,133,758.21,329.99,11.00
1,50.00,134,586.66,199.68,8.69
1,50.00,135,640.55,804.53,5.74
1,50.00,136,359.04,713.00,19.43
1,50.00,137,512.79,467.57,8.93
1,50.00,138,153.57,771.04,18.11
1,50.00,139,184.50,525.17,8.09
1,50.00,140,177.73,905.76,23.50
1,50.00,141,249.85,386.82,6.86
1,50.00,142,465.61,834.79,21.11
1,50.00,143,354.39,274.95,10.85
1,50.00,144,250.82,58.05,0.00
1,50.00,145,122.17,301.07,21.20
1,50.00,146,730.35,370.31,0.00
1,50.00,147,134.76,714.81,15.63
1,50.00,148,659.52,240.34,15.03
1,50.00,149,834.39,662.59,19.54
1,50.00,150,207.51,715.29,6.96
1,50.00,151,715.58,822.49,10.92
1,50.00,152,418.57,343.13,0.00
1,50.00,153,110.43,587.94,0.00
1,50.00,154,586.81,553.24,10.97
1,50.00,155,117.05,311.89,9.55
1,50.00,156,753.15,485.16,11.87
1,50.00,157,866.12,744.23,6.44
1,50.00,158,672.79,862.51,6.74
1,50.00,159,174.60,856.26,9.89
1,50.00,160,38.40,90.82,18.83
1,50.00,161,716.87,385.53,10.15
1,50.00,162,637.57,854.57,9.88
1,50.00,163,809.47,464.25,12.30
1,50.00,164,797.37,943.13,0.00
1,50.00,165,284.92,795.26,8.02
1,50.00,166,540.29,436.22,8.38
1,50.00,167,492.57,722.45,15.33
1,50.00,168,90.38,846.09,6.94
1,50.00,169,381.61,413.67,19.15
1,50.00,170,239.94,66.93,16.62
1,50.00,171,225.88,46.04,6.12
1,50.00,172,445.19,400.21,6.58
1,50.00,173,753.38,345.66,11.23
1,50.00,174,463.73,866.38,17.11
1,50.00,175,675.56,253.74,0.00
1,50.00,176,397.47,627.68,13.62
1,50.00,177,951.42,335.01,0.00
1,50.00,178,962.40,303.13,13.53
1,50.00,179,538.43,164.13,6.50
1,50.00,180,564.09,433.35,19.75
1,50.00,181,150.46,23.51,20.93
1,50.00,182,272.01,675.71,21.92
1,50.00,183,789.57,262.04,11.65
1,50.00,184,780.82,636.25,12.84
1,50.00,185,269.86,596.39,6.63
1,50.00,186,299.28,180.51,16.35
1,50.00,187,405.90,803.42,8.09
1,50.00,188,434.25,577.41,7.92
1,50.00,189,616.81,367.81,6.50
1,50.00,190,690.04,383.39,5.82
1,50.00,191,988.80,469.62,0.00
1,50.00,192,104.90,401.90,0.00
1,50.00,193,503.71,367.71,13.42
1,50.00,194,717.64,636.84,6.74
1,50.00,195,97.91,404.86,6.12
1,50.00,196,600.82,284.01,9.13
1,50.00,197,790.95,494.25,5.16
1,50.00,198,199.46,646.48,0.00
1,50.00,199,347.58,528.45,23.58
1,50.00,200,705.93,369.11,0.00
1,50.00,201,170.22,533.60,8.63
1,50.00,202,969.18,66.52,0.00
1,50.00,203,68.71,337.54,0.00
1,50.00,204,521.10,166.50,0.00
1,50.00,205,167.95,389.08,17.77
1,50.00,206,734.59,644.11,0.00
1,50.00,207,620.99,722.10,0.00
1,50.00,208,339.92,727.86,9.70
1,50.00,209,752.22,453.25,15.26
1,50.00,210,552.99,579.34,6.11
1,50.00,211,294.30,344.04,12.09
1,50.00,212,564.26,735.69,6.28
1,50.00,213,733.98,574.56,6.89
1,50.00,214,829.40,91.55,0.00
1,50.00,215,224.80,504.02,22.30
1,50.00,216,145.25,650.79,15.53
1,50.00,217,876.66,699.43,16.21
1,50.00,218,496.17,137.13,7.19
1,50.00,219,533.18,418.71,8.06
1,50.00,220,792.67,273.55,7.04
1,50.00,221,687.36,536.31,5.64
1,50.00,222,473.80,163.27,9.88
1,50.00,223,588.79,587.10,5.83
1,50.00,224,480.87,278.67,7.45
1,50.00,225,727.39,617.85,24.08
1,50.00,226,877.09,596.48,0.00
1,50.00,227,536.19,468.18,0.00
1,50.00,228,715.13,187.47,0.00
1,50.00,229,389.71,125.38,12.57
1,50.00,230,278.77,334.59,18.25
1,50.00,231,690.69,126.61,0.00
1,50.00,232,402.19,167.48,12.19
1,50.00,233,721.62,838.77,0.00
1,50.00,234,749.58,86.65,9.31
1,50.00,235,456.27,108.68,18.11
1,50.00,236,124.39,832.83,6.98
1,50.00,237,432.20,723.67,8.80
1,50.00,238,574.70,278.48,5.41
1,50.00,239,892.36,790.02,0.00
1,50.00,240,428.02,124.57,14.78
1,50.00,241,270.02,370.24,12.51
1,50.00,242,395.93,321.88,9.55
1,50.00,243,841.19,461.11,17.83
1,50.00,244,329.69,792.56,0.00
1,50.00,245,769.09,270.21,5.57
1,50.00,246,911.36,745.61,22.50
1,50.00,247,402.62,448.23,8.29
1,50.00,248,253.65,847.74,20.65
1,50.00,249,433.27,650.74,8.39
1,50.00,250,190.72,225.55,0.00
1,50.00,251,476.49,723.80,6.64
1,50.00,252,746.02,107.64,13.30
1,50.00,253,201.26,863.87,18.34
1,50.00,254,691.99,534.35,5.67
1,50.00,255,72.37,141.60,12.87
1,50.00,256,429.18,265.08,8.97
1,50.00,257,656.38,673.42,24.53
1,50.00,258,56.94,526.71,0.00
1,50.00,259,195.94,142.00,24.70
1,50.00,260,356.06,805.23,5.00
1,50.00,261,694.23,790.14,9.85
1,50.00,262,436.32,626.51,10.45
1,50.00,263,223.47,418.94,0.00
1,50.00,264,200.30,737.26,0.00
1,50.00,265,39.39,855.19,6.51
1,50.00,266,581.63,640.27,10.99
1,50.00,267,200.41,208.91,19.09
1,50.00,268,132.04,315.89,15.62
1,50.00,269,538.89,850.30,0.00
1,50.00,270,958.41,933.71,19.39
1,50.00,271,329.77,400.02,13.66
1,50.00,272,253.39,359.38,17.45
1,50.00,273,749.25,408.00,9.01
1,50.00,274,738.42,655.12,11.55
1,50.00,275,389.01,176.84,6.36
1,50.00,276,413.30,729.11,10.14
1,50.00,277,625.08,824.35,5.51
1,50.00,278,9.55,366.60,0.00
1,50.00,279,682.77,124.46,0.00
1,50.00,280,531.15,120.00,7.14
1,50.00,281,364.81,371.32,17.16
1,50.00,282,876.01,110.85,0.00
1,50.00,283,718.22,304.24,0.00
1,50.00,284,276.10,502.07,5.81
1,50.00,285,753.20,662.70,5.80
1,50.00,286,213.39,508.50,21.04
1,50.00,287,445.19,523.77,15.00
1,50.00,288,383.82,637.25,22.09
1,50.00,289,186.09,673.67,7.09
1,50.00,290,782.05,774.13,0.00
1,50.00,291,476.80,719.87,0.00
1,50.00,292,579.17,587.70,7.81
1,50.00,293,527.62,533.48,0.00
1,50.00,294,514.72,303.91,10.70
1,50.00,295,390.84,390.94,8.41
1,50.00,296,456.12,636.47,13.00
1,50.00,297,462.05,825.27,7.66
1,50.00,298,758.89,472.24,22.42
1,50.00,299,435.54,401.64,21.15
1,60.00,0,133.34,822.29,9.84
1,60.00,1,262.01,353.55,12.41
1,60.00,2,111.21,484.41,6.43
1,60.00,3,119.95,930.74,5.37
1,60.00,4,767.36,352.09,7.15
1,60.00,5,544.30,882.40,11.34
1,60.00,6,498.14,71.13,8.28
1,60.00,7,271.49,524.34,19.65
1,60.00,8,682.06,448.95,11.78
1,60.00,9,349.52,862.69,0.00
1,60.00,10,418.58,747.28,18.48
1,60.00,11,482.63,419.75,9.36
1,60.00,12,238.04,582.61,0.00
1,60.00,13,478.13,756.10,10.27
1,60.00,14,735.02,849.38,12.87
1,60.00,15,480.20,824.37,9.81
1,60.00,16,226.22,389.72,15.96
1,60.00,17,341.24,251.53,0.00
1,60.00,18,554.32,620.41,0.00
1,60.00,19,549.56,695.74,20.80
1,60.00,20,212.76,531.04,13.79
1,60.00,21,896.69,610.19,22.50
1,60.00,22,542.07,325.00,18.11
1,60.00,23,538.48,544.19,15.43
1,60.00,24,472.91,623.64,0.00
1,60.00,25,976.24,509.81,0.00
1,60.00,26,569.64,121.27,14.88
1,60.00,27,768.54,541.34,16.97
1,60.00,28,615.76,627.29,5.42
1,60.00,29,535.41,719.73,20.11
1,60.00,30,262.42,173.93,11.92
1,60.00,31,657.69,378.81,0.00
1,60.00,32,441.01,294.09,13.71
1,60.00,33,483.66,703.72,6.69
1,60.00,34,174.87,265.87,7.69
1,60.00,35,89.44,645.92,7.38
1,60.00,36,288.30,278.67,5.58
1,60.00,37,209.97,368.48,9.72
1,60.00,38,710.07,425.38,15.39
1,60.00,39,117.97,10.64,7.35
1,60.00,40,518.62,424.32,5.75
1,60.00,41,559.97,810.93,12.49
1,60.00,42,188.74,193.13,13.62
1,60.00,43,469.57,335.85,13.52
1,60.00,44,326.81,510.85,0.00
1,60.00,45,602.51,471.93,0.00
1,60.00,46,560.88,606.39,14.61
1,60.00,47,666.05,660.04,9.84
1,60.00,48,981.45,311.47,0.00
1,60.00,49,755.91,322.94,11.70
1,60.00,50,670.03,365.07,11.76
1,60.00,51,345.30,584.64,0.00
1,60.00,52,791.37,908.77,0.00
1,60.00,53,791.30,863.58,12.54
1,60.00,54,23.67,690.57,0.00
1,60.00,55,748.29,419.22,0.00
1,60.00,56,478.68,535.01,0.00
1,60.00,57,482.21,161.43,11.29
1,60.00,58,584.45,398.62,12.68
1,60.00,59,314.87,333.02,8.04
1,60.00,60,292.80,538.09,18.04
1,60.00,61,430.15,689.61,8.85
1,60.00,62,435.99,741.62,6.18
1,60.00,63,482.80,779.91,8.85
1,60.00,64,765.83,286.23,5.50
1,60.00,65,325.09,571.04,6.30
1,60.00,66,495.57,849.40,12.67
1,60.00,67,826.12,564.01,0.00
1,60.00,68,187.70,344.30,0.00
1,60.00,69,862.13,134.80,12.40
1,60.00,70,304.33,594.04,0.00
1,60.00,71,89.55,611.79,14.60
1,60.00,72,625.82,923.96,5.17
1,60.00,73,580.91,577.70,8.08
1,60.00,74,299.15,697.22,0.00
1,60.00,75,577.84,559.75,9.93
1,60.00,76,561.78,606.66,19.68
1,60.00,77,781.18,395.63,14.90
1,60.00,78,394.57,195.47,9.67
1,60.00,79,369.87,97.53,0.00
1,60.00,80,940.83,376.01,8.82
1,60.00,81,431.94,864.93,13.26
1,60.00,82,558.20,260.48,6.05
1,60.00,83,296.15,666.42,5.28
1,60.00,84,591.12,215.52,5.50
1,60.00,85,363.22,541.44,16.12
1,60.00,86,411.61,231.44,23.45
1,60.00,87,843.88,71.89,23.81
1,60.00,88,318.82,548.48,5.06
1,60.00,89,555.08,213.29,0.00
1,60.00,90,579.49,186.26,15.15
1,60.00,91,773.31,567.68,0.00
1,60.00,92,585.27,520.29,9.75
1,60.00,93,454.24,266.48,18.77
1,60.00,94,444.62,691.84,0.00
1,60.00,95,653.70,642.51,12.78
1,60.00,96,842.01,820.39,5.30
1,60.00,97,615.83,301.22,0.00
1,60.00,98,589.30,913.54,0.00
1,60.00,99,694.54,839.42,10.33
1,60.00,100,614.73,897.60,13.31
1,60.00,101,126.79,514.47,0.00
1,60.00,102,257.33,423.66,5.40
1,60.00,103,342.64,552.21,0.00
1,60.00,104,174.12,451.39,0.00
1,60.00,105,176.56,697.07,16.99
1,60.00,106,227.89,499.79,0.00
1,60.00,107,527.97,422.42,7.96
1,60.00,108,423.89,332.44,5.23
1,60.00,109,761.68,649.43,8.40
1,60.00,110,217.22,850.65,0.00
1,60.00,111,876.72,673.81,0.00
1,60.00,112,724.53,402.61,13.31
1,60.00,113,522.69,911.19,23.51
1,60.00,114,493.40,705.40,10.20
1,60.00,115,247.56,337.09,9.46
1,60.00,116,817.59,491.32,10.64
1,60.00,117,51.48,557.04,0.00
1,60.00,118,85.26,117.59,12.48
1,60.00,119,182.84,427.24,0.00
1,60.00,120,489.86,598.91,5.54
1,60.00,121,215.88,463.05,8.88
1,60.00,122,360.84,453.03,19.90
1,60.00,123,374.15,720.78,10.28
1,60.00,124,661.99,378.57,6.37
1,60.00,125,761.14,298.66,7.46
1,60.00,126,106.07,222.87,14.79
1,60.00,127,196.52,115.24,9.96
1,60.00,128,605.87,988.94,0.00
1,60.00,129,288.59,121.10,0.00
1,60.00,130,667.68,393.50,20.69
1,60.00,131,515.43,367.83,11.74
1,60.00,132,671.04,881.88,16.88
1,60.00,133,842.33,316.12,0.00
1,60.00,134,511.50,243.30,8.69
1,60.00,135,671.78,756.37,5.74
1,60.00,136,354.12,717.76,0.00
1,60.00,137,501.59,538.97,0.00
1,60.00,138,251.81,618.88,18.11
1,60.00,139,161.97,447.45,8.09
1,60.00,140,386.60,798.06,23.50
1,60.00,141,279.57,325.02,6.86
1,60.00,142,274.56,745.03,21.11
1,60.00,143,444.08,336.08,10.85
1,60.00,144,256.48,75.38,13.26
1,60.00,145,15.97,279.30,0.00
1,60.00,146,747.68,428.36,0.00
1,60.00,147,60.64,835.74,0.00
1,60.00,148,639.98,389.36,15.03
1,60.00,149,909.56,661.09,0.00
1,60.00,150,255.09,664.46,6.96
1,60.00,151,633.47,750.57,10.92
1,60.00,152,408.30,354.70,7.56
1,60.00,153,111.79,585.92,12.25
1,60.00,154,579.65,443.76,10.97
1,60.00,155,195.32,366.52,9.55
1,60.00,156,764.89,367.05,11.87
1,60.00,157,835.29,687.66,6.44
1,60.00,158,677.37,795.22,6.74
1,60.00,159,223.78,924.13,0.00
1,60.00,160,127.94,256.46,18.83
1,60.00,161,653.69,465.01,10.15
1,60.00,162,732.50,882.12,9.88
1,60.00,163,762.40,350.65,12.30
1,60.00,164,788.38,927.14,10.74
1,60.00,165,351.75,750.86,8.02
1,60.00,166,464.64,400.12,8.38
1,60.00,167,372.13,817.24,15.33
1,60.00,168,100.49,848.07,0.00
1,60.00,169,252.89,271.95,19.15
1,60.00,170,73.91,59.22,16.62
1,60.00,171,281.79,70.83,6.12
1,60.00,172,409.49,455.54,6.58
1,60.00,173,809.83,346.70,0.00
1,60.00,174,573.68,735.29,17.11
1,60.00,175,688.66,228.41,9.25
1,60.00,176,437.98,757.73,13.62
1,60.00,177,944.42,341.15,19.46
1,60.00,178,964.26,286.41,0.00
1,60.00,179,501.20,217.43,6.50
1,60.00,180,377.52,498.01,19.75
1,60.00,181,359.63,29.36,20.93
1,60.00,182,94.73,672.23,0.00
1,60.00,183,776.19,377.79,11.65
1,60.00,184,813.60,760.41,12.84
1,60.00,185,254.78,531.86,6.63
1,60.00,186,313.64,106.90,0.00
1,60.00,187,422.08,882.69,8.09
1,60.00,188,355.99,565.15,7.92
1,60.00,189,553.12,380.78,6.50
1,60.00,190,651.00,426.55,5.82
1,60.00,191,940.76,472.16,5.27
1,60.00,192,179.52,395.98,19.82
1,60.00,193,621.05,432.91,13.42
1,60.00,194,780.10,662.29,6.74
1,60.00,195,91.94,416.11,0.00
1,60.00,196,544.40,212.24,9.13
1,60.00,197,746.55,520.54,5.16
1,60.00,198,178.64,693.14,6.47
1,60.00,199,378.15,532.42,0.00
1,60.00,200,731.21,417.72,6.02
1,60.00,201,151.93,617.94,8.63
1,60.00,202,942.38,118.64,12.03
1,60.00,203,69.64,385.33,10.30
1,60.00,204,520.86,187.85,15.68
1,60.00,205,301.36,506.54,17.77
1,60.00,206,735.99,634.43,20.13
1,60.00,207,441.26,668.44,20.28
1,60.00,208,388.04,643.61,9.70
1,60.00,209,886.47,525.70,15.26
1,60.00,210,613.93,583.97,6.11
1,60.00,211,415.10,338.33,12.09
1,60.00,212,519.83,691.25,6.28
1,60.00,213,685.35,623.39,6.89
1,60.00,214,805.53,104.86,12.19
1,60.00,215,51.00,613.32,0.00
1,60.00,216,140.86,653.29,0.00
1,60.00,217,779.64,569.51,16.21
1,60.00,218,432.06,169.71,7.19
1,60.00,219,524.23,338.59,8.06
1,60.00,220,797.85,279.62,0.00
1,60.00,221,633.18,551.85,5.64
1,60.00,222,384.07,121.91,9.88
1,60.00,223,627.38,630.82,5.83
1,60.00,224,528.34,336.03,7.45
1,60.00,225,867.66,813.59,24.08
1,60.00,226,754.85,579.59,12.60
1,60.00,227,454.07,468.62,21.67
1,60.00,228,564.60,198.39,16.73
1,60.00,229,288.74,147.71,0.00
1,60.00,230,197.26,497.90,18.25
1,60.00,231,862.73,65.16,19.23
1,60.00,232,281.26,182.93,12.19
1,60.00,233,684.09,814.50,11.51
1,60.00,234,835.23,123.09,9.31
1,60.00,235,450.03,109.36,0.00
1,60.00,236,177.19,787.15,6.98
1,60.00,237,515.39,695.08,8.80
1,60.00,238,529.36,307.96,5.41
1,60.00,239,807.91,753.62,9.28
1,60.00,240,347.57,12.93,0.00
1,60.00,241,266.25,373.05,0.00
1,60.00,242,436.64,235.50,9.55
1,60.00,243,674.95,525.50,17.83
1,60.00,244,325.61,730.97,9.20
1,60.00,245,719.14,294.89,5.57
1,60.00,246,813.78,542.90,22.50
1,60.00,247,346.21,387.48,8.29
1,60.00,248,293.11,929.12,0.00
1,60.00,249,367.62,598.48,8.39
1,60.00,250,233.44,203.15,8.06
1,60.00,251,481.14,709.80,0.00
1,60.00,252,749.33,62.41,0.00
1,60.00,253,192.77,864.65,0.00
1,60.00,254,733.56,495.75,5.67
1,60.00,255,201.06,144.84,12.87
1,60.00,256,417.26,237.80,0.00
1,60.00,257,597.86,911.62,24.53
1,60.00,258,149.80,527.29,13.18
1,60.00,259,425.67,232.81,24.70
1,60.00,260,404.60,793.16,5.00
1,60.00,261,675.20,693.51,9.85
1,60.00,262,350.72,686.37,10.45
1,60.00,263,226.59,420.11,12.14
1,60.00,264,224.38,709.90,6.12
1,60.00,265,34.02,790.27,6.51
1,60.00,266,483.97,690.78,10.99
1,60.00,267,121.62,148.11,0.00
1,60.00,268,112.05,263.74,0.00
1,60.00,269,549.36,820.58,9.01
1,60.00,270,996.74,984.52,0.00
1,60.00,271,258.97,516.85,13.66
1,60.00,272,149.93,218.84,17.45
1,60.00,273,673.31,359.44,9.01
1,60.00,274,645.01,587.19,11.55
1,60.00,275,449.07,155.89,6.36
1,60.00,276,420.64,727.89,0.00
1,60.00,277,570.05,827.86,5.51
1,60.00,278,24.71,368.65,15.14
1,60.00,279,667.14,145.38,11.23
1,60.00,280,470.40,82.45,7.14
1,60.00,281,245.86,495.04,17.16
1,60.00,282,869.85,117.20,11.04
1,60.00,283,620.58,385.25,13.03
1,60.00,284,295.93,556.67,5.81
1,60.00,285,695.16,662.23,5.80
1,60.00,286,311.31,424.99,0.00
1,60.00,287,332.44,424.86,15.00
1,60.00,288,203.34,509.89,22.09
1,60.00,289,116.68,659.44,7.09
1,60.00,290,697.66,664.31,19.44
1,60.00,291,421.01,755.89,8.85
1,60.00,292,607.29,660.57,7.81
1,60.00,293,385.59,703.40,22.35
1,60.00,294,495.66,198.66,10.70
1,60.00,295,356.22,467.54,8.41
1,60.00,296,586.02,630.24,13.00
1,60.00,297,408.87,770.18,7.66
1,60.00,298,981.99,450.29,22.42
1,60.00,299,594.97,540.63,21.15
1,70.00,0,85.29,901.01,0.00
1,70.00,1,285.54,475.37,12.41
1,70.00,2,106.09,420.33,6.43
1,70.00,3,154.23,889.37,5.37
1,70.00,4,823.65,307.97,7.15
1,70.00,5,440.96,835.66,11.34
1,70.00,6,415.98,81.18,8.28
1,70.00,7,429.07,641.68,19.65
1,70.00,8,754.22,355.83,11.78
1,70.00,9,249.31,822.98,12.77
1,70.00,10,330.14,585.07,18.48
1,70.00,11,462.69,438.70,0.00
1,70.00,12,250.12,516.08,9.48
1,70.00,13,390.64,809.81,10.27
1,70.00,14,857.91,873.35,0.00
1,70.00,15,392.89,779.68,9.81
1,70.00,16,148.69,250.22,15.96
1,70.00,17,319.32,255.52,6.75
1,70.00,18,645.24,638.05,17.16
1,70.00,19,610.04,735.33,0.00
1,70.00,20,131.15,577.05,0.00
1,70.00,21,709.77,735.35,22.50
1,70.00,22,450.03,289.15,0.00
1,70.00,23,530.18,390.10,15.43
1,70.00,24,594.19,712.49,16.37
1,70.00,25,974.02,505.79,8.96
1,70.00,26,424.20,89.98,14.88
1,70.00,27,604.99,495.98,16.97
1,70.00,28,576.48,590.01,5.42
1,70.00,29,440.18,542.63,20.11
1,70.00,30,330.21,272.00,11.92
1,70.00,31,723.82,463.92,13.49
1,70.00,32,472.70,160.73,13.71
1,70.00,33,507.99,766.02,6.69
1,70.00,34,180.62,218.89,0.00
1,70.00,35,62.10,577.33,7.38
1,70.00,36,342.14,264.08,5.58
1,70.00,37,294.52,416.49,9.72
1,70.00,38,777.32,563.85,15.39
1,70.00,39,191.36,14.15,7.35
1,70.00,40,472.68,389.65,5.75
1,70.00,41,438.30,782.85,12.49
1,70.00,42,202.12,101.67,0.00
1,70.00,43,604.43,345.62,13.52
1,70.00,44,360.97,549.84,24.69
1,70.00,45,575.77,441.61,7.28
1,70.00,46,493.12,476.90,14.61
1,70.00,47,636.24,566.22,9.84
1,70.00,48,939.62,347.38,15.04
1,70.00,49,716.92,212.65,11.70
1,70.00,50,727.87,467.48,11.76
1,70.00,51,346.29,580.60,5.24
1,70.00,52,763.07,882.79,22.43
1,70.00,53,790.96,864.33,0.00
1,70.00,54,14.92,784.76,14.05
1,70.00,55,695.13,483.03,20.60
1,70.00,56,470.82,623.60,22.42
1,70.00,57,485.13,142.85,0.00
1,70.00,58,618.24,516.01,0.00
1,70.00,59,337.61,255.88,8.04
1,70.00,60,290.10,571.72,0.00
1,70.00,61,407.80,695.69,0.00
1,70.00,62,377.63,721.35,6.18
1,70.00,63,571.01,773.32,8.85
1,70.00,64,750.19,338.92,5.50
1,70.00,65,317.06,514.79,0.00
1,70.00,66,464.98,726.48,12.67
1,70.00,67,669.22,591.36,20.10
1,70.00,68,190.43,339.23,14.65
1,70.00,69,746.88,180.51,12.40
1,70.00,70,319.62,404.78,24.55
1,70.00,71,24.90,541.17,0.00
1,70.00,72,586.14,955.62,0.00
1,70.00,73,555.43,654.36,8.08
1,70.00,74,309.16,688.77,14.08
1,70.00,75,574.97,559.46,0.00
1,70.00,76,423.78,478.75,0.00
1,70.00,77,753.98,421.03,0.00
1,70.00,78,306.80,154.93,9.67
1,70.00,79,372.12,108.33,9.11
1,70.00,80,946.11,366.69,0.00
1,70.00,81,463.67,930.54,0.00
1,70.00,82,498.38,251.52,6.05
1,70.00,83,297.83,719.18,5.28
1,70.00,84,536.64,223.11,5.50
1,70.00,85,453.09,675.30,16.12
1,70.00,86,491.30,451.95,23.45
1,70.00,87,712.76,270.59,23.81
1,70.00,88,368.97,554.98,5.06
1,70.00,89,556.19,225.09,8.84
1,70.00,90,563.14,232.08,0.00
1,70.00,91,751.60,550.39,5.99
1,70.00,92,653.07,450.22,9.75
1,70.00,93,597.18,173.96,0.00
1,70.00,94,474.02,668.65,23.55
1,70.00,95,705.15,759.52,12.78
1,70.00,96,808.09,779.69,5.30
1,70.00,97,621.00,283.64,12.84
1,70.00,98,544.22,840.16,15.77
1,70.00,99,733.77,872.26,0.00
1,70.00,100,599.47,814.82,0.00
1,70.00,101,237.71,507.80,13.27
1,70.00,102,295.54,385.56,5.40
1,70.00,103,237.91,732.63,22.64
1,70.00,104,167.05,492.21,6.83
1,70.00,105,118.66,537.37,16.99
1,70.00,106,258.88,487.52,12.02
1,70.00,107,480.83,486.58,7.96
1,70.00,108,467.20,303.13,5.23
1,70.00,109,800.03,607.51,0.00
1,70.00,110,233.82,853.19,9.76
1,70.00,111,884.16,690.47,12.05
1,70.00,112,730.18,400.99,0.00
1,70.00,113,437.57,922.71,0.00
1,70.00,114,550.96,621.14,10.20
1,70.00,115,276.11,384.74,0.00
1,70.00,116,744.77,568.85,10.64
1,70.00,117,110.38,532.79,15.15
1,70.00,118,24.70,61.69,0.00
1,70.00,119,174.20,390.05,12.30
1,70.00,120,438.07,579.19,5.54
1,70.00,121,223.37,551.49,8.88
1,70.00,122,523.84,338.84,19.90
1,70.00,123,326.42,657.65,0.00
1,70.00,124,635.98,320.43,6.37
1,70.00,125,818.05,276.03,0.00
1,70.00,126,90.42,208.24,0.00
1,70.00,127,173.25,212.05,9.96
1,70.00,128,589.09,865.98,14.89
1,70.00,129,337.24,134.88,19.63
1,70.00,130,466.31,346.00,20.69
1,70.00,131,617.85,310.50,11.74
1,70.00,132,575.35,742.83,16.88
1,70.00,133,812.44,297.40,15.68
1,70.00,134,436.34,286.92,8.69
1,70.00,135,703.01,708.21,5.74
1,70.00,136,327.80,500.34,22.70
1,70.00,137,512.60,541.75,5.94
1,70.00,138,350.04,466.72,18.11
1,70.00,139,139.44,369.72,8.09
1,70.00,140,465.72,757.26,0.00
1,70.00,141,309.29,263.21,6.86
1,70.00,142,210.95,715.15,0.00
1,70.00,143,533.76,397.22,10.85
1,70.00,144,297.64,201.45,13.26
1,70.00,145,39.70,291.81,5.49
1,70.00,146,696.39,388.86,9.41
1,70.00,147,76.73,824.64,21.13
1,70.00,148,620.43,538.38,15.03
1,70.00,149,825.30,599.22,16.99
1,70.00,150,302.68,613.62,6.96
1,70.00,151,551.36,678.66,10.92
1,70.00,152,358.13,411.26,7.56
1,70.00,153,180.15,484.26,12.25
1,70.00,154,572.97,341.44,0.00
1,70.00,155,273.60,421.14,9.55
1,70.00,156,776.64,248.94,11.87
1,70.00,157,804.45,631.08,6.44
1,70.00,158,681.95,727.93,6.74
1,70.00,159,234.98,922.43,7.45
1,70.00,160,217.48,422.11,18.83
1,70.00,161,590.51,544.48,10.15
1,70.00,162,827.43,909.66,9.88
1,70.00,163,715.33,237.06,12.30
1,70.00,164,735.74,833.54,10.74
1,70.00,165,418.58,706.46,8.02
1,70.00,166,388.99,364.02,8.38
1,70.00,167,251.68,912.04,15.33
1,70.00,168,112.38,797.54,6.10
1,70.00,169,245.00,263.26,0.00
1,70.00,170,70.18,59.04,0.00
1,70.00,171,337.70,95.63,6.12
1,70.00,172,373.79,510.87,6.58
1,70.00,173,833.15,461.17,23.49
1,70.00,174,629.84,668.33,0.00
1,70.00,175,731.16,146.23,9.25
1,70.00,176,445.35,781.38,0.00
1,70.00,177,798.13,469.51,19.46
1,70.00,178,837.34,322.33,15.06
1,70.00,179,463.96,270.72,6.50
1,70.00,180,190.96,562.67,19.75
1,70.00,181,568.80,35.20,20.93
1,70.00,182,116.75,661.88,12.74
1,70.00,183,762.80,493.55,11.65
1,70.00,184,829.56,820.89,0.00
1,70.00,185,247.80,501.99,0.00
1,70.00,186,378.71,114.01,12.09
1,70.00,187,435.33,947.60,0.00
1,70.00,188,277.73,552.89,7.92
1,70.00,189,489.44,393.75,6.50
1,70.00,190,611.95,469.72,5.82
1,70.00,191,888.18,474.94,5.27
1,70.00,192,370.89,380.78,0.00
1,70.00,193,738.39,498.10,13.42
1,70.00,194,842.57,687.74,6.74
1,70.00,195,93.08,538.76,15.48
1,70.00,196,513.31,172.69,0.00
1,70.00,197,702.15,546.84,5.16
1,70.00,198,173.92,703.71,0.00
1,70.00,199,336.40,416.03,14.22
1,70.00,200,758.98,471.12,6.02
1,70.00,201,139.91,673.38,0.00
1,70.00,202,887.39,225.59,12.03
1,70.00,203,71.67,488.26,10.30
1,70.00,204,519.07,344.69,15.68
1,70.00,205,434.77,624.00,17.77
1,70.00,206,764.83,435.21,20.13
1,70.00,207,434.71,666.49,0.00
1,70.00,208,436.17,559.35,9.70
1,70.00,209,895.54,530.59,0.00
1,70.00,210,644.68,586.31,0.00
1,70.00,211,535.91,332.62,12.09
1,70.00,212,475.40,646.81,6.28
1,70.00,213,642.67,666.25,0.00
1,70.00,214,699.05,164.20,12.19
1,70.00,215,63.81,619.75,18.10
1,70.00,216,349.90,629.92,21.74
1,70.00,217,682.62,439.60,16.21
1,70.00,218,367.96,202.30,7.19
1,70.00,219,515.28,258.47,8.06
1,70.00,220,805.25,369.24,10.14
1,70.00,221,579.01,567.39,5.64
1,70.00,222,294.34,80.56,9.88
1,70.00,223,665.97,674.55,5.83
1,70.00,224,575.82,393.39,7.45
1,70.00,225,948.22,926.01,0.00
1,70.00,226,630.03,562.35,12.60
1,70.00,227,447.50,468.65,0.00
1,70.00,228,397.69,210.49,16.73
1,70.00,229,332.95,147.70,24.94
1,70.00,230,115.75,661.21,18.25
1,70.00,231,892.90,54.38,0.00
1,70.00,232,160.33,198.39,12.19
1,70.00,233,587.44,752.00,11.51
1,70.00,234,847.92,128.48,0.00
1,70.00,235,640.49,116.60,19.74
1,70.00,236,229.99,741.48,6.98
1,70.00,237,598.59,666.50,8.80
1,70.00,238,484.01,337.44,5.41
1,70.00,239,722.65,716.87,9.28
1,70.00,240,343.60,22.67,15.19
1,70.00,241,481.55,416.38,22.82
1,70.00,242,477.35,149.11,9.55
1,70.00,243,508.71,589.89,17.83
1,70.00,244,319.52,639.19,9.20
1,70.00,245,669.20,319.57,5.57
1,70.00,246,716.19,340.19,22.50
1,70.00,247,289.80,326.73,8.29
1,70.00,248,389.39,926.88,17.14
1,70.00,249,301.96,546.22,8.39
1,70.00,250,304.83,165.71,8.06
1,70.00,251,553.74,625.48,14.30
1,70.00,252,769.60,155.61,14.47
1,70.00,253,281.14,778.66,12.93
1,70.00,254,766.31,465.33,0.00
1,70.00,255,329.74,148.08,12.87
1,70.00,256,380.85,337.38,15.87
1,70.00,257,592.32,934.13,0.00
1,70.00,258,281.60,528.10,13.18
1,70.00,259,655.40,323.62,24.70
1,70.00,260,453.13,781.09,5.00
1,70.00,261,656.18,596.89,9.85
1,70.00,262,265.11,746.24,10.45
1,70.00,263,340.30,462.67,12.14
1,70.00,264,264.84,663.93,6.12
1,70.00,265,28.65,725.35,6.51
1,70.00,266,386.31,741.28,10.99
1,70.00,267,181.37,142.36,12.54
1,70.00,268,224.30,218.96,0.00
1,70.00,269,579.28,735.59,9.01
1,70.00,270,913.68,916.68,15.97
1,70.00,271,188.17,633.68,13.66
1,70.00,272,87.26,133.72,0.00
1,70.00,273,597.38,310.89,9.01
1,70.00,274,551.61,519.27,11.55
1,70.00,275,509.14,134.94,6.36
1,70.00,276,291.73,544.51,24.19
1,70.00,277,515.02,831.37,5.51
1,70.00,278,174.70,389.00,15.14
1,70.00,279,599.94,235.35,11.23
1,70.00,280,432.34,58.93,0.00
1,70.00,281,182.96,560.46,0.00
1,70.00,282,793.02,196.41,11.04
1,70.00,283,520.29,468.45,13.03
1,70.00,284,315.77,611.28,5.81
1,70.00,285,656.67,661.92,0.00
1,70.00,286,270.44,456.71,13.33
1,70.00,287,219.68,325.96,15.00
1,70.00,288,104.45,440.12,0.00
1,70.00,289,59.97,647.82,0.00
1,70.00,290,579.19,510.14,19.44
1,70.00,291,346.69,803.88,8.85
1,70.00,292,635.40,733.45,7.81
1,70.00,293,261.01,852.46,0.00
1,70.00,294,485.84,144.41,0.00
1,70.00,295,321.60,544.14,8.41
1,70.00,296,715.92,624.00,13.00
1,70.00,297,355.70,715.08,7.66
1,70.00,298,997.67,448.75,0.00
1,70.00,299,754.39,679.61,21.15
1,80.00,0,95.70,894.45,19.61
1,80.00,1,309.07,597.19,12.41
1,80.00,2,100.98,356.25,6.43
1,80.00,3,188.51,848.00,5.37
1,80.00,4,872.54,269.64,0.00
1,80.00,5,337.63,788.92,11.34
1,80.00,6,333.81,91.23,8.28
1,80.00,7,524.73,712.91,0.00
1,80.00,8,826.37,262.72,11.78
1,80.00,9,152.34,784.54,0.00
1,80.00,10,241.70,422.85,18.48
1,80.00,11,554.75,326.64,20.54
1,80.00,12,267.06,422.85,9.48
1,80.00,13,319.12,853.71,0.00
1,80.00,14,853.89,872.08,15.67
1,80.00,15,341.53,753.39,0.00
1,80.00,16,71.17,110.72,15.96
1,80.00,17,252.89,267.60,6.75
1,80.00,18,813.73,670.74,17.16
1,80.00,19,656.74,700.20,8.96
1,80.00,20,197.47,551.55,22.15
1,80.00,21,522.85,860.51,22.50
1,80.00,22,528.31,359.42,23.13
1,80.00,23,521.88,236.00,15.43
1,80.00,24,726.21,809.21,16.37
1,80.00,25,930.71,427.38,8.96
1,80.00,26,278.75,58.69,14.88
1,80.00,27,441.45,450.62,16.97
1,80.00,28,537.19,552.73,5.42
1,80.00,29,344.96,365.53,20.11
1,80.00,30,397.99,370.06,11.92
1,80.00,31,804.92,568.30,0.00
1,80.00,32,504.40,27.38,13.71
1,80.00,33,532.32,828.32,6.69
1,80.00,34,207.19,289.61,19.64
1,80.00,35,34.76,508.73,7.38
1,80.00,36,395.99,249.48,5.58
1,80.00,37,379.06,464.49,9.72
1,80.00,38,808.94,628.95,0.00
1,80.00,39,264.75,17.66,7.35
1,80.00,40,426.74,354.99,5.75
1,80.00,41,316.62,754.77,12.49
1,80.00,42,209.92,124.58,7.54
1,80.00,43,724.64,354.33,0.00
1,80.00,44,523.70,735.58,24.69
1,80.00,45,527.61,386.99,7.28
1,80.00,46,433.54,363.04,0.00
1,80.00,47,606.44,472.40,9.84
1,80.00,48,825.49,445.37,15.04
1,80.00,49,692.21,142.76,0.00
1,80.00,50,785.71,569.89,11.76
1,80.00,51,358.78,529.75,5.24
1,80.00,52,597.79,731.09,22.43
1,80.00,53,716.00,762.01,12.77
1,80.00,54,8.44,854.57,0.00
1,80.00,55,563.27,641.32,20.60
1,80.00,56,451.02,846.89,22.42
1,80.00,57,414.31,312.53,22.06
1,80.00,58,620.71,519.93,12.72
1,80.00,59,360.34,178.75,8.04
1,80.00,60,297.55,450.86,14.89
1,80.00,61,486.78,801.47,17.89
1,80.00,62,319.27,701.08,6.18
1,80.00,63,659.22,766.72,8.85
1,80.00,64,734.56,391.61,5.50
1,80.00,65,320.95,510.22,6.10
1,80.00,66,434.38,603.56,12.67
1,80.00,67,471.22,625.88,20.10
1,80.00,68,259.82,210.17,14.65
1,80.00,69,631.63,226.23,12.40
1,80.00,70,339.39,160.06,24.55
1,80.00,71,88.03,571.50,20.35
1,80.00,72,585.07,951.89,21.86
1,80.00,73,529.95,731.03,8.08
1,80.00,74,416.73,597.93,14.08
1,80.00,75,391.38,590.43,19.18
1,80.00,76,427.01,481.13,9.16
1,80.00,77,748.48,543.09,16.29
1,80.00,78,219.03,114.38,9.67
1,80.00,79,390.72,197.52,9.11
1,80.00,80,893.09,352.69,6.24
1,80.00,81,508.95,899.54,12.19
1,80.00,82,438.56,242.56,6.05
1,80.00,83,299.50,771.95,5.28
1,80.00,84,482.16,230.71,5.50
1,80.00,85,542.97,809.16,16.12
1,80.00,86,492.19,454.42,0.00
1,80.00,87,597.18,445.72,0.00
1,80.00,88,388.39,557.50,0.00
1,80.00,89,564.42,313.12,8.84
1,80.00,90,499.47,366.59,21.92
1,80.00,91,704.74,513.09,5.99
1,80.00,92,720.87,380.15,9.75
1,80.00,93,589.73,187.34,16.48
1,80.00,94,658.97,522.79,23.55
1,80.00,95,756.60,876.53,12.78
1,80.00,96,774.16,739.00,5.30
1,80.00,97,657.21,160.42,12.84
1,80.00,98,461.67,705.80,15.77
1,80.00,99,617.47,851.75,23.39
1,80.00,100,546.62,810.31,14.43
1,80.00,101,370.16,499.83,13.27
1,80.00,102,333.75,347.47,5.40
1,80.00,103,177.66,836.43,0.00
1,80.00,104,155.40,559.51,6.83
1,80.00,105,117.14,533.19,0.00
1,80.00,106,353.26,450.13,0.00
1,80.00,107,433.68,550.74,7.96
1,80.00,108,510.50,273.82,5.23
1,80.00,109,796.74,576.42,9.66
1,80.00,110,330.26,867.92,9.76
1,80.00,111,933.28,800.49,12.05
1,80.00,112,581.58,453.43,16.49
1,80.00,113,541.27,832.30,21.67
1,80.00,114,608.52,536.89,10.20
1,80.00,115,314.17,388.55,9.27
1,80.00,116,671.94,646.38,10.64
1,80.00,117,250.46,475.12,15.15
1,80.00,118,44.27,68.31,6.08
1,80.00,119,146.36,270.24,12.30
1,80.00,120,386.28,559.46,5.54
1,80.00,121,230.85,639.93,8.88
1,80.00,122,686.85,224.64,19.90
1,80.00,123,345.28,666.00,8.96
1,80.00,124,609.97,262.29,6.37
1,80.00,125,795.12,264.92,14.20
1,80.00,126,138.53,219.61,5.78
1,80.00,127,152.64,297.84,0.00
1,80.00,128,581.72,812.01,0.00
1,80.00,129,526.10,188.36,19.63
1,80.00,130,273.87,300.60,0.00
1,80.00,131,699.27,264.92,0.00
1,80.00,132,479.66,603.79,16.88
1,80.00,133,679.59,214.21,15.68
1,80.00,134,361.18,330.53,8.69
1,80.00,135,734.23,660.06,5.74
1,80.00,136,300.53,274.99,22.70
1,80.00,137,570.22,556.31,5.94
1,80.00,138,448.28,314.56,18.11
1,80.00,139,116.90,292.00,8.09
1,80.00,140,574.55,802.50,18.97
1,80.00,141,323.80,233.04,0.00
1,80.00,142,222.79,655.91,9.06
1,80.00,143,623.44,458.36,10.85
1,80.00,144,338.81,327.52,13.26
1,80.00,145,88.27,317.39,5.49
1,80.00,146,621.86,331.46,9.41
1,80.00,147,250.71,704.69,21.13
1,80.00,148,600.89,687.39,15.03
1,80.00,149,688.36,498.65,16.99
1,80.00,150,350.26,562.79,6.96
1,80.00,151,469.25,606.74,10.92
1,80.00,152,307.96,467.82,7.56
1,80.00,153,248.51,382.60,12.25
1,80.00,154,565.73,353.95,22.11
1,80.00,155,351.88,475.77,9.55
1,80.00,156,788.38,130.83,11.87
1,80.00,157,773.62,574.51,6.44
1,80.00,158,686.53,660.65,6.74
1,80.00,159,308.62,911.23,7.45
1,80.00,160,307.02,587.75,18.83
1,80.00,161,585.03,551.38,0.00
1,80.00,162,845.39,914.87,0.00
1,80.00,163,668.26,123.46,12.30
1,80.00,164,683.11,739.93,10.74
1,80.00,165,485.41,662.06,8.02
1,80.00,166,313.35,327.92,8.38
1,80.00,167,163.35,981.56,0.00
1,80.00,168,126.33,738.20,6.10
1,80.00,169,291.39,277.88,5.18
1,80.00,170,127.14,144.33,10.49
1,80.00,171,393.61,120.42,6.12
1,80.00,172,338.09,566.20,6.58
1,80.00,173,880.03,691.30,23.49
1,80.00,174,700.28,730.41,0.00
1,80.00,175,773.66,64.05,9.25
1,80.00,176,423.67,702.19,10.04
1,80.00,177,651.84,597.86,19.46
1,80.00,178,692.39,363.35,15.06
1,80.00,179,426.72,324.02,6.50
1,80.00,180,104.04,592.80,0.00
1,80.00,181,777.97,41.05,20.93
1,80.00,182,232.02,607.72,12.74
1,80.00,183,756.02,552.22,0.00
1,80.00,184,782.08,811.88,9.42
1,80.00,185,370.22,542.56,24.01
1,80.00,186,498.93,127.14,12.09
1,80.00,187,451.49,919.38,17.97
1,80.00,188,199.47,540.62,7.92
1,80.00,189,425.75,406.72,6.50
1,80.00,190,572.91,512.88,5.82
1,80.00,191,835.60,477.72,5.27
1,80.00,192,369.64,387.37,21.31
1,80.00,193,855.74,563.29,13.42
1,80.00,194,905.03,713.19,6.74
1,80.00,195,94.50,693.59,15.48
1,80.00,196,518.93,274.10,22.63
1,80.00,197,657.75,573.14,5.16
1,80.00,198,335.32,759.90,20.81
1,80.00,199,288.37,282.13,14.22
1,80.00,200,786.76,524.52,6.02
1,80.00,201,171.55,684.49,9.78
1,80.00,202,832.40,332.54,12.03
1,80.00,203,73.69,591.20,10.30
1,80.00,204,517.27,501.53,15.68
1,80.00,205,568.18,741.46,17.77
1,80.00,206,792.21,246.10,0.00
1,80.00,207,619.91,769.76,21.95
1,80.00,208,484.29,475.10,9.70
1,80.00,209,790.93,371.28,20.44
1,80.00,210,684.32,536.69,12.82
1,80.00,211,656.71,326.90,12.09
1,80.00,212,430.98,602.37,6.28
1,80.00,213,621.72,668.36,17.23
1,80.00,214,592.56,223.55,12.19
1,80.00,215,225.56,700.92,18.10
1,80.00,216,510.84,611.92,0.00
1,80.00,217,585.61,309.68,16.21
1,80.00,218,303.86,234.88,7.19
1,80.00,219,506.32,178.35,8.06
1,80.00,220,813.60,470.30,10.14
1,80.00,221,524.84,582.93,5.64
1,80.00,222,253.57,61.77,0.00
1,80.00,223,704.57,718.28,5.83
1,80.00,224,623.29,450.75,7.45
1,80.00,225,924.49,920.54,5.72
1,80.00,226,505.22,545.10,12.60
1,80.00,227,376.71,396.84,10.40
1,80.00,228,230.78,222.59,16.73
1,80.00,229,509.13,147.64,0.00
1,80.00,230,52.22,788.48,0.00
1,80.00,231,847.09,151.17,12.85
1,80.00,232,122.48,203.23,0.00
1,80.00,233,490.79,689.50,11.51
1,80.00,234,724.70,104.63,0.00
1,80.00,235,837.78,124.09,19.74
1,80.00,236,282.79,695.80,6.98
1,80.00,237,681.79,637.92,8.80
1,80.00,238,438.66,366.92,5.41
1,80.00,239,637.40,680.13,9.28
1,80.00,240,286.25,163.28,15.19
1,80.00,241,705.27,461.40,22.82
1,80.00,242,485.47,131.87,0.00
1,80.00,243,431.22,619.91,0.00
1,80.00,244,313.43,547.42,9.20
1,80.00,245,619.25,344.24,5.57
1,80.00,246,618.61,137.49,22.50
1,80.00,247,233.39,265.98,8.29
1,80.00,248,505.95,924.17,0.00
1,80.00,249,236.30,493.97,8.39
1,80.00,250,376.22,128.28,8.06
1,80.00,251,636.51,529.38,0.00
1,80.00,252,800.35,297.02,14.47
1,80.00,253,373.81,688.48,12.93
1,80.00,254,728.36,474.97,18.47
1,80.00,255,458.43,151.32,12.87
1,80.00,256,326.33,486.46,15.87
1,80.00,257,472.91,866.88,15.14
1,80.00,258,413.41,528.92,13.18
1,80.00,259,885.13,414.43,24.70
1,80.00,260,501.67,769.02,5.00
1,80.00,261,637.16,500.27,9.85
1,80.00,262,179.51,806.11,10.45
1,80.00,263,454.01,505.24,12.14
1,80.00,264,305.30,617.95,6.12
1,80.00,265,25.68,689.42,0.00
1,80.00,266,319.95,775.61,0.00
1,80.00,267,306.22,130.33,12.54
1,80.00,268,222.62,235.10,12.65
1,80.00,269,609.21,650.60,9.01
1,80.00,270,790.01,815.68,15.97
1,80.00,271,117.36,750.51,13.66
1,80.00,272,112.62,218.76,22.51
1,80.00,273,521.44,262.33,9.01
1,80.00,274,458.20,451.35,11.55
1,80.00,275,569.20,113.99,6.36
1,80.00,276,152.61,346.60,24.19
1,80.00,277,459.98,834.88,5.51
1,80.00,278,324.69,409.35,15.14
1,80.00,279,532.74,325.32,11.23
1,80.00,280,516.75,58.72,22.60
1,80.00,281,195.76,535.65,5.92
1,80.00,282,716.19,275.63,11.04
1,80.00,283,420.01,551.65,13.03
1,80.00,284,335.60,665.89,5.81
1,80.00,285,610.07,601.94,22.54
1,80.00,286,165.18,538.44,13.33
1,80.00,287,106.93,227.05,15.00
1,80.00,288,105.24,336.38,22.95
1,80.00,289,59.65,664.64,9.20
1,80.00,290,460.72,355.98,19.44
1,80.00,291,272.38,851.87,8.85
1,80.00,292,656.17,787.28,0.00
1,80.00,293,272.91,853.02,9.10
1,80.00,294,480.59,189.84,9.44
1,80.00,295,286.99,620.74,8.41
1,80.00,296,803.48,619.80,0.00
1,80.00,297,302.52,659.98,7.66
1,80.00,298,784.66,489.42,23.33
1,80.00,299,800.74,720.02,0.00
1,90.00,0,261.57,789.80,19.61
1,90.00,1,332.60,719.00,12.41
1,90.00,2,95.86,292.17,6.43
1,90.00,3,222.79,806.63,5.37
1,90.00,4,845.55,273.76,20.79
1,90.00,5,234.29,742.17,11.34
1,90.00,6,270.04,99.02,0.00
1,90.00,7,512.34,693.82,5.79
1,90.00,8,898.53,169.60,11.78
1,90.00,9,173.66,779.14,12.01
1,90.00,10,195.62,338.32,0.00
1,90.00,11,685.14,167.92,20.54
1,90.00,12,283.99,329.62,9.48
1,90.00,13,341.22,858.54,12.39
1,90.00,14,704.46,825.05,15.67
1,90.00,15,401.60,700.37,19.45
1,90.00,16,48.21,69.41,0.00
1,90.00,17,186.47,279.68,6.75
1,90.00,18,870.47,681.74,0.00
1,90.00,19,728.31,646.35,8.96
1,90.00,20,404.20,472.07,22.15
1,90.00,21,490.11,882.44,0.00
1,90.00,22,700.44,513.96,23.13
1,90.00,23,513.58,81.91,15.43
1,90.00,24,815.04,874.29,0.00
1,90.00,25,887.39,348.97,8.96
1,90.00,26,244.52,51.32,0.00
1,90.00,27,277.90,405.26,16.97
1,90.00,28,497.91,515.45,5.42
1,90.00,29,249.73,188.43,20.11
1,90.00,30,465.78,468.13,11.92
1,90.00,31,802.84,570.00,13.32
1,90.00,32,510.19,3.02,0.00
1,90.00,33,556.65,890.62,6.69
1,90.00,34,276.24,473.43,19.64
1,90.00,35,25.24,484.84,0.00
1,90.00,36,449.83,234.89,5.58
1,90.00,37,463.60,512.50,9.72
1,90.00,38,869.80,680.82,15.09
1,90.00,39,338.14,21.17,7.35
1,90.00,40,380.80,320.33,5.75
1,90.00,41,194.94,726.69,12.49
1,90.00,42,234.21,195.92,7.54
1,90.00,43,706.92,371.78,22.89
1,90.00,44,554.22,770.42,0.00
1,90.00,45,479.44,332.36,7.28
1,90.00,46,446.68,370.90,12.67
1,90.00,47,576.63,378.57,9.84
1,90.00,48,711.35,543.37,15.04
1,90.00,49,691.77,186.51,11.95
1,90.00,50,843.55,672.29,11.76
1,90.00,51,371.27,478.90,5.24
1,90.00,52,432.51,579.39,22.43
1,90.00,53,640.54,659.00,12.77
1,90.00,54,69.16,754.48,23.36
1,90.00,55,431.40,799.60,20.60
1,90.00,56,444.87,916.22,0.00
1,90.00,57,366.20,427.80,0.00
1,90.00,58,688.60,627.49,12.72
1,90.00,59,370.04,145.84,0.00
1,90.00,60,306.72,302.21,14.89
1,90.00,61,593.79,944.79,17.89
1,90.00,62,260.91,680.80,6.18
1,90.00,63,747.43,760.13,8.85
1,90.00,64,718.93,444.30,5.50
1,90.00,65,360.50,463.78,6.10
1,90.00,66,403.78,480.64,12.67
1,90.00,67,281.69,658.91,0.00
1,90.00,68,277.45,177.37,0.00
1,90.00,69,516.38,271.94,12.40
1,90.00,70,342.86,117.05,0.00
1,90.00,71,271.47,659.63,20.35
1,90.00,72,525.08,741.66,21.86
1,90.00,73,504.47,807.70,8.08
1,90.00,74,524.31,507.10,14.08
1,90.00,75,202.29,622.32,19.18
1,90.00,76,500.77,535.38,9.16
1,90.00,77,741.16,705.78,16.29
1,90.00,78,131.26,73.83,9.67
1,90.00,79,409.32,286.71,9.11
1,90.00,80,832.72,336.75,6.24
1,90.00,81,609.51,830.69,12.19
1,90.00,82,378.74,233.60,6.05
1,90.00,83,301.18,824.72,5.28
1,90.00,84,427.68,238.30,5.50
1,90.00,85,583.14,869.00,0.00
1,90.00,86,536.56,345.18,11.92
1,90.00,87,579.24,434.27,17.95
1,90.00,88,515.15,642.08,24.87
1,90.00,89,572.40,398.48,0.00
1,90.00,90,405.70,564.71,21.92
1,90.00,91,657.88,475.79,5.99
1,90.00,92,788.67,310.09,9.75
1,90.00,93,509.48,331.26,16.48
1,90.00,94,843.93,376.93,23.55
1,90.00,95,784.86,940.80,0.00
1,90.00,96,740.24,698.30,5.30
1,90.00,97,685.99,62.50,0.00
1,90.00,98,379.13,571.44,15.77
1,90.00,99,608.41,850.15,0.00
1,90.00,100,425.79,800.01,0.00
1,90.00,101,502.60,491.87,13.27
1,90.00,102,371.96,309.37,5.40
1,90.00,103,202.00,769.83,15.09
1,90.00,104,143.74,626.82,6.83
1,90.00,105,181.64,706.54,0.00
1,90.00,106,363.77,445.25,7.45
1,90.00,107,386.53,614.91,7.96
1,90.00,108,553.80,244.51,5.23
1,90.00,109,786.56,480.39,9.66
1,90.00,110,426.71,882.66,9.76
1,90.00,111,948.51,834.59,0.00
1,90.00,112,426.11,508.29,16.49
1,90.00,113,704.66,689.87,21.67
1,90.00,114,666.08,452.63,10.20
1,90.00,115,406.37,397.77,9.27
1,90.00,116,599.11,723.91,10.64
1,90.00,117,390.53,417.44,15.15
1,90.00,118,101.89,87.79,6.08
1,90.00,119,118.53,150.42,12.30
1,90.00,120,334.49,539.74,5.54
1,90.00,121,238.34,728.36,8.88
1,90.00,122,849.85,110.45,19.90
1,90.00,123,427.21,702.28,8.96
1,90.00,124,583.96,204.15,6.37
1,90.00,125,667.33,203.00,14.20
1,90.00,126,194.79,232.91,5.78
1,90.00,127,157.27,301.89,5.41
1,90.00,128,606.00,743.05,11.53
1,90.00,129,714.97,241.84,19.63
1,90.00,130,278.98,292.64,21.30
1,90.00,131,661.13,252.01,19.64
1,90.00,132,413.68,507.90,0.00
1,90.00,133,546.74,131.01,15.68
1,90.00,134,286.03,374.15,8.69
1,90.00,135,765.46,611.90,5.74
1,90.00,136,274.87,63.01,0.00
1,90.00,137,627.85,570.87,5.94
1,90.00,138,457.07,300.94,0.00
1,90.00,139,96.92,223.07,0.00
1,90.00,140,749.73,875.33,18.97
1,90.00,141,343.18,278.80,9.71
1,90.00,142,240.54,567.10,9.06
1,90.00,143,713.12,519.49,10.85
1,90.00,144,379.98,453.59,13.26
1,90.00,145,122.82,335.59,0.00
1,90.00,146,547.34,274.05,9.41
1,90.00,147,385.91,611.46,0.00
1,90.00,148,581.35,836.41,15.03
1,90.00,149,551.41,398.09,16.99
1,90.00,150,397.85,511.96,6.96
1,90.00,151,387.14,534.82,10.92
1,90.00,152,257.79,524.39,7.56
1,90.00,153,316.87,280.94,12.25
1,90.00,154,476.89,507.45,0.00
1,90.00,155,430.15,530.39,9.55
1,90.00,156,794.70,67.28,0.00
1,90.00,157,742.79,517.93,6.44
1,90.00,158,691.11,593.36,6.74
1,90.00,159,382.26,900.03,7.45
1,90.00,160,396.56,753.40,18.83
1,90.00,161,546.34,482.75,8.63
1,90.00,162,830.19,803.33,0.00
1,90.00,163,621.19,9.86,12.30
1,90.00,164,630.47,646.33,10.74
1,90.00,165,552.24,617.66,8.02
1,90.00,166,237.70,291.82,8.38
1,90.00,167,171.07,918.39,23.87
1,90.00,168,140.29,678.86,6.10
1,90.00,169,340.81,293.45,5.18
1,90.00,170,185.41,231.58,10.49
1,90.00,171,449.51,145.22,6.12
1,90.00,172,302.39,621.53,6.58
1,90.00,173,914.68,861.32,0.00
1,90.00,174,696.69,729.77,5.93
1,90.00,175,797.12,18.67,0.00
1,90.00,176,397.17,605.40,10.04
1,90.00,177,505.54,726.21,19.46
1,90.00,178,547.45,404.37,15.06
1,90.00,179,389.49,377.31,6.50
1,90.00,180,140.40,668.73,15.76
1,90.00,181,957.93,46.08,0.00
1,90.00,182,347.30,553.56,12.74
1,90.00,183,726.02,484.44,15.03
1,90.00,184,689.49,794.30,9.42
1,90.00,185,598.11,618.08,24.01
1,90.00,186,619.14,140.27,12.09
1,90.00,187,495.68,842.16,0.00
1,90.00,188,146.60,532.34,0.00
1,90.00,189,362.06,419.69,6.50
1,90.00,190,533.87,556.04,5.82
1,90.00,191,783.01,480.50,5.27
1,90.00,192,329.75,596.74,21.31
1,90.00,193,948.04,614.57,0.00
1,90.00,194,907.38,714.15,0.00
1,90.00,195,95.72,825.51,0.00
1,90.00,196,531.45,500.00,22.63
1,90.00,197,613.35,599.44,5.16
1,90.00,198,531.90,828.33,20.81
1,90.00,199,251.51,179.36,0.00
1,90.00,200,814.53,577.92,6.02
1,90.00,201,263.82,716.90,9.78
1,90.00,202,777.40,439.49,12.03
1,90.00,203,75.71,694.13,10.30
1,90.00,204,515.48,658.37,15.68
1,90.00,205,701.59,858.92,17.77
1,90.00,206,787.06,253.46,17.69
1,90.00,207,811.57,876.64,21.95
1,90.00,208,532.41,390.85,9.70
1,90.00,209,678.76,200.44,20.44
1,90.00,210,764.33,436.53,12.82
1,90.00,211,663.05,326.60,0.00
1,90.00,212,386.55,557.93,6.28
1,90.00,213,450.29,685.65,17.23
1,90.00,214,486.08,282.90,12.19
1,90.00,215,387.31,782.09,18.10
1,90.00,216,518.59,583.43,11.57
1,90.00,217,519.41,221.03,0.00
1,90.00,218,239.75,267.47,7.19
1,90.00,219,497.37,98.23,8.06
1,90.00,220,821.48,565.73,0.00
1,90.00,221,470.66,598.47,5.64
1,90.00,222,190.44,40.19,12.23
1,90.00,223,743.16,762.01,5.83
1,90.00,224,670.77,508.11,7.45
1,90.00,225,868.75,907.70,5.72
1,90.00,226,380.40,527.86,12.60
1,90.00,227,338.89,358.47,0.00
1,90.00,228,132.43,229.72,0.00
1,90.00,229,480.42,164.32,11.31
1,90.00,230,80.87,795.03,13.31
1,90.00,231,792.14,267.30,12.85
1,90.00,232,115.58,272.30,10.10
1,90.00,233,394.13,627.00,11.51
1,90.00,234,722.41,120.52,20.03
1,90.00,235,845.88,124.40,0.00
1,90.00,236,335.59,650.13,6.98
1,90.00,237,689.37,635.32,0.00
1,90.00,238,393.32,396.40,5.41
1,90.00,239,552.14,643.38,9.28
1,90.00,240,228.91,303.89,15.19
1,90.00,241,928.99,506.42,22.82
1,90.00,242,637.36,84.32,19.89
1,90.00,243,457.90,610.10,5.33
1,90.00,244,307.34,455.65,9.20
1,90.00,245,569.31,368.92,5.57
1,90.00,246,617.13,134.43,0.00
1,90.00,247,176.98,205.23,8.29
1,90.00,248,511.47,874.53,15.63
1,90.00,249,170.65,441.71,8.39
1,90.00,250,428.63,100.79,0.00
1,90.00,251,649.73,553.69,24.43
1,90.00,252,831.10,438.43,14.47
1,90.00,253,466.49,598.30,12.93
1,90.00,254,549.38,520.44,18.47
1,90.00,255,587.11,154.56,12.87
1,90.00,256,271.82,635.54,15.87
1,90.00,257,341.04,792.61,15.14
1,90.00,258,545.21,529.73,13.18
1,90.00,259,964.49,445.80,0.00
1,90.00,260,550.21,756.95,5.00
1,90.00,261,618.13,403.65,9.85
1,90.00,262,93.91,865.98,10.45
1,90.00,263,567.72,547.80,12.14
1,90.00,264,345.77,571.98,6.12
1,90.00,265,41.90,580.82,24.59
1,90.00,266,298.63,740.72,12.76
1,90.00,267,366.94,124.48,0.00
1,90.00,268,209.47,360.91,12.65
1,90.00,269,639.14,565.61,9.01
1,90.00,270,666.33,714.67,15.97
1,90.00,271,107.28,767.15,0.00
1,90.00,272,176.96,434.48,22.51
1,90.00,273,445.50,213.78,9.01
1,90.00,274,364.80,383.43,11.55
1,90.00,275,619.12,96.58,0.00
1,90.00,276,64.99,221.95,0.00
1,90.00,277,404.95,838.39,5.51
1,90.00,278,474.69,429.70,15.14
1,90.00,279,465.54,415.29,11.23
1,90.00,280,731.69,58.19,0.00
1,90.00,281,222.93,483.00,5.92
1,90.00,282,639.35,354.84,11.04
1,90.00,283,319.72,634.85,13.03
1,90.00,284,355.43,720.50,5.81
1,90.00,285,471.76,423.92,22.54
1,90.00,286,59.91,620.16,13.33
1,90.00,287,96.62,218.01,0.00
1,90.00,288,106.98,106.94,22.95
1,90.00,289,57.91,756.57,9.20
1,90.00,290,342.25,201.82,19.44
1,90.00,291,198.06,899.86,8.85
1,90.00,292,680.31,727.17,24.79
1,90.00,293,363.80,857.34,9.10
1,90.00,294,474.33,243.94,0.00
1,90.00,295,252.37,697.34,8.41
1,90.00,296,786.71,598.29,8.37
1,90.00,297,249.35,604.88,7.66
1,90.00,298,555.54,533.16,23.33
1,90.00,299,784.07,615.68,14.90
1,100.00,0,345.41,736.90,0.00
1,100.00,1,355.35,836.83,0.00
1,100.00,2,90.74,228.09,6.43
1,100.00,3,257.07,765.26,5.37
1,100.00,4,748.25,288.60,0.00
1,100.00,5,220.39,735.88,0.00
1,100.00,6,267.97,112.37,6.04
1,100.00,7,480.79,645.22,5.79
1,100.00,8,899.70,168.08,0.00
1,100.00,9,290.06,749.64,12.01
1,100.00,10,209.82,360.18,5.44
1,100.00,11,718.16,127.73,0.00
1,100.00,12,300.92,236.39,9.48
1,100.00,13,462.25,884.99,12.39
1,100.00,14,670.67,814.41,0.00
1,100.00,15,547.43,571.64,19.45
1,100.00,16,92.79,83.77,6.65
1,100.00,17,120.04,291.76,6.75
1,100.00,18,798.13,678.48,10.92
1,100.00,19,799.88,592.50,8.96
1,100.00,20,585.84,402.23,0.00
1,100.00,21,323.34,919.04,20.70
1,100.00,22,872.58,668.50,23.13
1,100.00,23,512.76,66.80,0.00
1,100.00,24,802.30,856.63,6.65
1,100.00,25,844.08,270.56,8.96
1,100.00,26,327.47,111.22,13.38
1,100.00,27,114.36,359.89,16.97
1,100.00,28,458.63,478.16,5.42
1,100.00,29,200.05,96.02,0.00
1,100.00,30,533.57,566.19,11.92
1,100.00,31,699.76,654.39,13.32
1,100.00,32,452.93,12.24,7.10
1,100.00,33,573.90,934.79,0.00
1,100.00,34,345.30,657.25,19.64
1,100.00,35,98.11,446.98,12.60
1,100.00,36,503.67,220.30,5.58
1,100.00,37,548.14,560.50,9.72
1,100.00,38,890.12,698.13,0.00
1,100.00,39,411.54,24.68,7.35
1,100.00,40,334.86,285.67,5.75
1,100.00,41,109.74,707.03,0.00
1,100.00,42,258.50,267.27,7.54
1,100.00,43,543.84,532.41,22.89
1,100.00,44,557.35,715.49,6.77
1,100.00,45,431.28,277.74,7.28
1,100.00,46,555.46,435.95,12.67
1,100.00,47,546.82,284.75,9.84
1,100.00,48,597.22,641.36,15.04
1,100.00,49,690.58,305.97,11.95
1,100.00,50,901.39,774.70,11.76
1,100.00,51,383.76,428.04,5.24
1,100.00,52,389.34,539.78,0.00
1,100.00,53,565.09,556.00,12.77
1,100.00,54,190.34,554.75,23.36
1,100.00,55,418.76,814.78,0.00
1,100.00,56,393.45,894.97,8.07
1,100.00,57,439.66,464.17,18.89
1,100.00,58,756.49,735.04,12.72
1,100.00,59,265.20,241.32,24.73
1,100.00,60,315.88,153.55,14.89
1,100.00,61,632.90,997.16,0.00
1,100.00,62,202.55,660.53,6.18
1,100.00,63,835.64,753.53,8.85
1,100.00,64,703.29,496.99,5.50
1,100.00,65,400.04,417.33,6.10
1,100.00,66,373.18,357.72,12.67
1,100.00,67,286.68,656.13,13.37
1,100.00,68,344.67,315.34,20.57
1,100.00,69,401.13,317.65,12.40
1,100.00,70,304.12,266.34,18.71
1,100.00,71,454.92,747.76,20.35
1,100.00,72,509.45,686.86,0.00
1,100.00,73,496.74,830.97,0.00
1,100.00,74,631.88,416.26,14.08
1,100.00,75,52.09,647.65,0.00
1,100.00,76,574.53,589.63,9.16
1,100.00,77,734.48,853.99,0.00
1,100.00,78,66.99,44.14,0.00
1,100.00,79,427.92,375.91,9.11
1,100.00,80,772.36,320.81,6.24
1,100.00,81,710.07,761.84,12.19
1,100.00,82,318.92,224.64,6.05
1,100.00,83,302.69,872.31,0.00
1,100.00,84,373.21,245.89,5.50
1,100.00,85,543.83,800.30,14.31
1,100.00,86,581.43,234.72,11.92
1,100.00,87,427.95,337.59,17.95
1,100.00,88,722.04,780.13,24.87
1,100.00,89,565.52,398.62,22.65
1,100.00,90,311.92,762.82,21.92
1,100.00,91,611.03,438.49,5.99
1,100.00,92,856.47,240.02,9.75
1,100.00,93,429.24,475.18,16.48
1,100.00,94,882.76,346.30,0.00
1,100.00,95,699.04,911.07,20.15
1,100.00,96,706.32,657.61,5.30
1,100.00,97,705.61,81.18,13.20
1,100.00,98,344.57,515.20,0.00
1,100.00,99,490.71,659.57,23.32
1,100.00,100,413.24,805.79,8.66
1,100.00,101,527.22,490.39,0.00
1,100.00,102,410.17,271.28,5.40
1,100.00,103,253.82,628.06,15.09
1,100.00,104,132.09,694.12,6.83
1,100.00,105,185.17,663.62,21.66
1,100.00,106,431.38,413.86,7.45
1,100.00,107,363.27,646.58,0.00
1,100.00,108,597.10,215.20,5.23
1,100.00,109,776.37,384.37,9.66
1,100.00,110,523.16,897.40,9.76
1,100.00,111,916.38,788.92,0.00
1,100.00,112,270.64,563.14,16.49
1,100.00,113,868.04,547.45,21.67
1,100.00,114,723.64,368.37,10.20
1,100.00,115,498.56,407.00,9.27
1,100.00,116,526.28,801.44,10.64
1,100.00,117,525.30,361.95,0.00
1,100.00,118,159.50,107.26,6.08
1,100.00,119,105.01,92.25,0.00
1,100.00,120,282.70,520.01,5.54
1,100.00,121,245.83,816.80,8.88
1,100.00,122,933.63,51.76,0.00
1,100.00,123,509.15,738.57,8.96
1,100.00,124,580.87,197.24,0.00
1,100.00,125,570.04,155.86,0.00
1,100.00,126,251.04,246.20,5.78
1,100.00,127,198.00,337.51,5.41
1,100.00,128,644.28,634.34,11.53
1,100.00,129,903.83,295.33,19.63
1,100.00,130,394.12,113.39,21.30
1,100.00,131,475.11,189.00,19.64
1,100.00,132,371.28,562.67,22.31
1,100.00,133,413.89,47.82,15.68
1,100.00,134,210.87,417.77,8.69
1,100.00,135,796.69,563.75,5.74
1,100.00,136,275.44,69.57,11.10
1,100.00,137,685.47,585.43,5.94
1,100.00,138,390.71,310.07,7.36
1,100.00,139,105.08,235.13,12.88
1,100.00,140,833.14,910.00,0.00
1,100.00,141,381.05,368.20,9.71
1,100.00,142,258.29,478.29,9.06
1,100.00,143,802.81,580.63,10.85
1,100.00,144,421.14,579.66,13.26
1,100.00,145,139.02,398.14,22.37
1,100.00,146,472.82,216.65,9.41
1,100.00,147,402.07,592.24,11.27
1,100.00,148,577.32,867.16,0.00
1,100.00,149,414.46,297.53,16.99
1,100.00,150,445.43,461.12,6.96
1,100.00,151,305.03,462.90,10.92
1,100.00,152,207.61,580.95,7.56
1,100.00,153,334.49,254.74,0.00
1,100.00,154,442.89,499.95,17.59
1,100.00,155,508.43,585.02,9.55
1,100.00,156,727.17,71.48,14.64
1,100.00,157,711.96,461.36,6.44
1,100.00,158,695.70,526.08,6.74
1,100.00,159,455.89,888.84,7.45
1,100.00,160,486.10,919.04,18.83
1,100.00,161,503.98,407.60,8.63
1,100.00,162,869.49,802.81,21.42
1,100.00,163,620.53,8.26,0.00
1,100.00,164,577.84,552.73,10.74
1,100.00,165,619.07,573.26,8.02
1,100.00,166,180.70,264.61,0.00
1,100.00,167,200.01,681.49,23.87
1,100.00,168,154.24,619.52,6.10
1,100.00,169,390.23,309.02,5.18
1,100.00,170,243.69,318.83,10.49
1,100.00,171,505.42,170.01,6.12
1,100.00,172,266.69,676.86,6.58
1,100.00,173,902.48,798.07,24.67
1,100.00,174,638.31,719.41,5.93
1,100.00,175,760.60,69.58,13.99
1,100.00,176,386.22,565.40,0.00
1,100.00,177,359.25,854.57,19.46
1,100.00,178,402.51,445.39,15.06
1,100.00,179,352.25,430.61,6.50
1,100.00,180,208.48,810.91,15.76
1,100.00,181,947.04,55.66,10.39
1,100.00,182,462.57,499.40,12.74
1,100.00,183,665.17,346.98,15.03
1,100.00,184,596.90,776.72,9.42
1,100.00,185,783.71,679.58,0.00
1,100.00,186,739.36,153.40,12.09
1,100.00,187,521.42,880.75,9.19
1,100.00,188,144.22,587.55,17.04
1,100.00,189,298.38,432.66,6.50
1,100.00,190,494.82,599.21,5.82
1,100.00,191,730.43,483.27,5.27
1,100.00,192,292.39,792.89,0.00
1,100.00,193,959.21,633.29,10.21
1,100.00,194,803.61,629.84,13.89
1,100.00,195,120.57,809.69,19.91
1,100.00,196,543.96,725.91,22.63
1,100.00,197,577.45,620.70,0.00
1,100.00,198,658.14,872.27,0.00
1,100.00,199,244.76,200.29,9.46
1,100.00,200,842.30,631.32,6.02
1,100.00,201,356.10,749.31,9.78
1,100.00,202,722.41,546.43,12.03
1,100.00,203,77.73,797.07,10.30
1,100.00,204,513.68,815.21,15.68
1,100.00,205,814.54,958.37,0.00
1,100.00,206,685.62,398.43,17.69
1,100.00,207,895.88,923.66,0.00
1,100.00,208,580.54,306.60,9.70
1,100.00,209,566.58,29.60,20.44
1,100.00,210,844.34,336.38,12.82
1,100.00,211,602.42,363.35,7.48
1,100.00,212,342.12,513.48,6.28
1,100.00,213,278.85,702.93,17.23
1,100.00,214,389.20,336.89,0.00
1,100.00,215,419.59,798.28,0.00
1,100.00,216,548.97,471.78,11.57
1,100.00,217,508.22,243.67,7.95
1,100.00,218,175.65,300.05,7.19
1,100.00,219,488.42,18.11,8.06
1,100.00,220,813.44,572.53,18.86
1,100.00,221,416.49,614.01,5.64
1,100.00,222,118.42,15.57,0.00
1,100.00,223,781.75,805.74,5.83
1,100.00,224,718.24,565.47,7.45
1,100.00,225,813.01,894.86,5.72
1,100.00,226,255.59,510.61,12.60
1,100.00,227,348.48,442.01,17.45
1,100.00,228,166.15,226.60,8.24
1,100.00,229,382.60,221.15,11.31
1,100.00,230,210.64,824.71,13.31
1,100.00,231,737.18,383.43,12.85
1,100.00,232,105.55,372.84,10.10
1,100.00,233,332.65,587.24,0.00
1,100.00,234,693.87,318.81,20.03
1,100.00,235,876.09,318.52,20.49
1,100.00,236,388.39,604.45,6.98
1,100.00,237,637.41,785.49,0.00
1,100.00,238,347.97,425.88,5.41
1,100.00,239,466.88,606.63,9.28
1,100.00,240,171.57,444.50,15.19
1,100.00,241,983.64,517.42,0.00
1,100.00,242,806.04,31.51,0.00
1,100.00,243,507.89,591.72,5.33
1,100.00,244,301.25,363.87,9.20
1,100.00,245,519.36,393.60,5.57
1,100.00,246,714.07,316.42,20.94
1,100.00,247,120.57,144.48,8.29
1,100.00,248,528.73,719.23,15.63
1,100.00,249,168.92,440.34,0.00
1,100.00,250,454.93,100.25,9.90
1,100.00,251,671.83,594.32,0.00
1,100.00,252,861.85,579.84,14.47
1,100.00,253,497.07,568.54,0.00
1,100.00,254,370.41,565.90,18.47
1,100.00,255,715.80,157.80,12.87
1,100.00,256,239.54,723.82,0.00
1,100.00,257,209.16,718.34,15.14
1,100.00,258,677.01,530.55,13.18
1,100.00,259,913.36,450.26,7.84
1,100.00,260,598.74,744.87,5.00
1,100.00,261,599.11,307.02,9.85
1,100.00,262,31.79,909.42,0.00
1,100.00,263,639.06,574.50,0.00
1,100.00,264,386.23,526.01,6.12
1,100.00,265,78.25,337.63,24.59
1,100.00,266,232.13,631.87,12.76
1,100.00,267,365.10,206.92,16.06
1,100.00,268,196.32,486.72,12.65
1,100.00,269,669.07,480.62,9.01
1,100.00,270,542.66,613.66,15.97
1,100.00,271,292.75,721.57,22.27
1,100.00,272,241.31,650.19,22.51
1,100.00,273,369.56,165.22,9.01
1,100.00,274,271.39,315.51,11.55
1,100.00,275,624.81,106.58,6.81
1,100.00,276,97.71,211.36,9.29
1,100.00,277,349.92,841.90,5.51
1,100.00,278,603.33,447.15,0.00
1,100.00,279,398.34,505.26,11.23
1,100.00,280,731.11,61.05,5.99
1,100.00,281,250.10,430.35,5.92
1,100.00,282,562.52,434.06,11.04
1,100.00,283,219.44,718.05,13.03
1,100.00,284,375.26,775.11,5.81
1,100.00,285,341.40,256.11,0.00
1,100.00,286,12.06,657.32,0.00
1,100.00,287,80.77,344.54,14.04
1,100.00,288,106.98,106.42,0.00
1,100.00,289,56.16,848.51,9.20
1,100.00,290,224.23,48.24,0.00
1,100.00,291,166.80,920.04,0.00
1,100.00,292,772.71,497.09,24.79
1,100.00,293,454.69,861.66,9.10
1,100.00,294,466.27,286.10,10.15
1,100.00,295,217.75,773.95,8.41
1,100.00,296,735.27,532.29,8.37
1,100.00,297,196.17,549.79,7.66
1,100.00,298,367.78,569.01,0.00
1,100.00,299,760.58,468.57,14.90
1,110.00,0,385.78,663.66,16.91
1,110.00,1,356.60,828.84,24.66
1,110.00,2,85.63,164.01,6.43
1,110.00,3,291.35,723.89,5.37
1,110.00,4,657.00,334.22,19.37
1,110.00,5,266.37,669.45,9.34
1,110.00,6,258.72,172.03,6.04
1,110.00,7,449.25,596.63,5.79
1,110.00,8,825.47,337.07,18.76
1,110.00,9,406.46,720.14,12.01
1,110.00,10,239.47,405.83,5.44
1,110.00,11,754.53,251.33,17.25
1,110.00,12,317.86,143.16,9.48
1,110.00,13,515.04,896.53,0.00
1,110.00,14,587.45,751.09,13.51
1,110.00,15,693.27,442.90,19.45
1,110.00,16,156.12,104.17,6.65
1,110.00,17,53.62,303.84,6.75
1,110.00,18,689.04,673.56,10.92
1,110.00,19,871.45,538.65,8.96
1,110.00,20,579.74,411.61,9.22
1,110.00,21,208.69,944.20,0.00
1,110.00,22,932.28,722.10,0.00
1,110.00,23,615.46,255.04,23.78
1,110.00,24,763.34,802.68,6.65
1,110.00,25,800.77,192.15,8.96
1,110.00,26,435.95,189.56,13.38
1,110.00,27,5.35,329.66,0.00
1,110.00,28,419.35,440.88,5.42
1,110.00,29,184.54,170.95,16.00
1,110.00,30,549.60,589.39,0.00
1,110.00,31,596.68,738.78,13.32
1,110.00,32,382.88,23.52,7.10
1,110.00,33,583.51,913.97,7.88
1,110.00,34,389.32,774.43,0.00
1,110.00,35,209.91,388.88,12.60
1,110.00,36,557.52,205.70,5.58
1,110.00,37,632.69,608.50,9.72
1,110.00,38,735.33,716.89,18.94
1,110.00,39,484.93,28.19,7.35
1,110.00,40,288.93,251.00,5.75
1,110.00,41,153.57,711.03,14.68
1,110.00,42,282.79,338.62,7.54
1,110.00,43,380.76,693.04,22.89
1,110.00,44,561.20,647.88,6.77
1,110.00,45,383.30,223.33,0.00
1,110.00,46,664.24,501.00,12.67
1,110.00,47,517.02,190.93,9.84
1,110.00,48,529.05,699.89,0.00
1,110.00,49,689.39,425.44,11.95
1,110.00,50,959.23,877.11,11.76
1,110.00,51,396.25,377.19,5.24
1,110.00,52,472.38,547.87,11.29
1,110.00,53,489.63,452.99,12.77
1,110.00,54,311.52,355.03,23.36
1,110.00,55,443.86,752.63,7.41
1,110.00,56,318.88,864.13,8.07
1,110.00,57,608.95,547.99,18.89
1,110.00,58,824.38,842.60,12.72
1,110.00,59,94.85,396.46,0.00
1,110.00,60,318.69,108.02,0.00
1,110.00,61,632.73,960.92,5.71
1,110.00,62,177.55,651.84,0.00
1,110.00,63,889.38,749.51,0.00
1,110.00,64,687.66,549.68,5.50
1,110.00,65,439.59,370.88,6.10
1,110.00,66,344.47,242.39,0.00
1,110.00,67,403.46,591.02,13.37
1,110.00,68,434.80,500.29,20.57
1,110.00,69,285.88,363.37,12.40
1,110.00,70,296.86,294.31,0.00
1,110.00,71,638.37,835.89,20.35
1,110.00,72,675.74,636.94,23.48
1,110.00,73,582.45,694.88,23.09
1,110.00,74,739.46,325.43,14.08
1,110.00,75,87.32,640.32,17.50
1,110.00,76,648.30,643.88,9.16
1,110.00,77,741.69,855.40,8.24
1,110.00,78,121.89,54.01,20.83
1,110.00,79,446.52,465.10,9.11
1,110.00,80,711.99,304.87,6.24
1,110.00,81,728.82,749.00,0.00
1,110.00,82,260.16,215.83,0.00
1,110.00,83,308.27,852.25,21.21
1,110.00,84,318.73,253.48,5.50
1,110.00,85,472.74,676.09,14.31
1,110.00,86,598.06,193.78,0.00
1,110.00,87,276.66,240.92,17.95
1,110.00,88,785.47,822.45,0.00
1,110.00,89,375.75,402.46,0.00
1,110.00,90,242.61,909.25,0.00
1,110.00,91,564.17,401.19,5.99
1,110.00,92,924.27,169.95,9.75
1,110.00,93,348.99,619.10,16.48
1,110.00,94,705.92,266.45,24.56
1,110.00,95,508.62,845.12,20.15
1,110.00,96,672.40,616.91,5.30
1,110.00,97,801.21,172.17,13.20
1,110.00,98,411.14,579.81,15.95
1,110.00,99,368.19,461.19,23.32
1,110.00,100,334.55,842.03,8.66
1,110.00,101,492.31,545.78,8.04
1,110.00,102,448.38,233.18,5.40
1,110.00,103,305.64,486.29,15.09
1,110.00,104,120.43,761.43,6.83
1,110.00,105,202.91,447.71,21.66
1,110.00,106,498.98,382.47,7.45
1,110.00,107,469.39,632.82,21.13
1,110.00,108,640.41,185.89,5.23
1,110.00,109,766.19,288.34,9.66
1,110.00,110,619.60,912.14,9.76
1,110.00,111,904.55,790.81,5.65
1,110.00,112,115.17,618.00,16.49
1,110.00,113,891.32,527.15,0.00
1,110.00,114,738.86,346.09,0.00
1,110.00,115,590.75,416.22,9.27
1,110.00,116,453.45,878.97,10.64
1,110.00,117,520.42,367.93,20.38
1,110.00,118,217.12,126.74,6.08
1,110.00,119,157.22,55.91,12.36
1,110.00,120,230.91,500.29,5.54
1,110.00,121,253.31,905.24,8.88
1,110.00,122,897.35,104.58,13.18
1,110.00,123,591.08,774.85,8.96
1,110.00,124,495.39,143.24,11.48
1,110.00,125,577.34,181.84,11.31
1,110.00,126,307.30,259.50,5.78
1,110.00,127,238.74,373.12,5.41
1,110.00,128,682.57,525.63,11.53
1,110.00,129,991.29,320.09,0.00
1,110.00,130,460.75,9.65,0.00
1,110.00,131,387.56,159.35,0.00
1,110.00,132,234.71,739.13,22.31
1,110.00,133,410.29,45.56,0.00
1,110.00,134,135.71,461.38,8.69
1,110.00,135,827.91,515.59,5.74
1,110.00,136,285.06,180.18,11.10
1,110.00,137,743.10,599.99,5.94
1,110.00,138,317.82,320.11,7.36
1,110.00,139,177.22,341.78,12.88
1,110.00,140,803.64,881.45,7.84
1,110.00,141,418.92,457.60,9.71
1,110.00,142,276.04,389.48,9.06
1,110.00,143,873.59,628.88,0.00
1,110.00,144,452.08,674.39,0.00
1,110.00,145,195.12,614.73,22.37
1,110.00,146,398.30,159.25,9.41
1,110.00,147,474.62,506.00,11.27
1,110.00,148,501.18,691.30,24.14
1,110.00,149,277.51,196.96,16.99
1,110.00,150,493.02,410.29,6.96
1,110.00,151,222.92,390.99,10.92
1,110.00,152,157.44,637.51,7.56
1,110.00,153,371.19,343.65,12.96
1,110.00,154,271.12,462.06,17.59
1,110.00,155,586.71,639.64,9.55
1,110.00,156,581.01,80.56,14.64
1,110.00,157,681.13,404.78,6.44
1,110.00,158,700.28,458.79,6.74
1,110.00,159,529.53,877.64,7.45
1,110.00,160,529.47,999.27,0.00
1,110.00,161,461.62,332.44,8.63
1,110.00,162,885.49,802.60,0.00
1,110.00,163,400.06,97.41,24.12
1,110.00,164,525.20,459.12,10.74
1,110.00,165,685.90,528.86,8.02
1,110.00,166,184.22,298.68,13.90
1,110.00,167,228.95,444.59,23.87
1,110.00,168,168.20,560.18,6.10
1,110.00,169,439.66,324.60,5.18
1,110.00,170,301.96,406.08,10.49
1,110.00,171,506.26,170.38,0.00
1,110.00,172,234.23,727.16,0.00
1,110.00,173,855.79,555.86,24.67
1,110.00,174,582.46,709.49,0.00
1,110.00,175,679.07,183.25,13.99
1,110.00,176,350.35,597.28,8.18
1,110.00,177,353.75,859.40,0.00
1,110.00,178,333.05,465.05,0.00
1,110.00,179,315.02,483.91,6.50
1,110.00,180,232.94,861.99,0.00
1,110.00,181,876.44,117.77,0.00
1,110.00,182,577.84,445.23,12.74
1,110.00,183,604.32,209.52,15.03
1,110.00,184,504.31,759.14,9.42
1,110.00,185,775.36,663.98,9.53
1,110.00,186,859.57,166.54,12.09
1,110.00,187,572.41,957.22,9.19
1,110.00,188,136.89,757.76,17.04
1,110.00,189,234.69,445.63,6.50
1,110.00,190,455.78,642.37,5.82
1,110.00,191,677.85,486.05,5.27
1,110.00,192,287.38,787.56,11.58
1,110.00,193,960.82,635.98,0.00
1,110.00,194,695.79,542.25,13.89
1,110.00,195,288.52,702.71,19.91
1,110.00,196,553.43,896.70,0.00
1,110.00,197,577.07,596.92,12.41
1,110.00,198,630.94,830.10,14.02
1,110.00,199,215.73,290.32,9.46
1,110.00,200,870.08,684.72,6.02
1,110.00,201,448.37,781.73,9.78
1,110.00,202,716.70,557.55,0.00
1,110.00,203,77.82,801.53,0.00
1,110.00,204,511.89,972.05,15.68
1,110.00,205,790.82,938.03,20.38
1,110.00,206,584.18,543.41,17.69
1,110.00,207,772.15,861.49,24.72
1,110.00,208,628.66,222.35,9.70
1,110.00,209,553.97,10.40,0.00
1,110.00,210,861.61,314.76,0.00
1,110.00,211,538.43,402.14,7.48
1,110.00,212,341.49,512.86,0.00
1,110.00,213,107.41,720.22,17.23
1,110.00,214,397.75,345.20,13.23
1,110.00,215,387.52,730.65,9.35
1,110.00,216,579.34,360.13,11.57
1,110.00,217,472.99,314.91,7.95
1,110.00,218,166.39,304.75,0.00
1,110.00,219,486.82,3.83,0.00
1,110.00,220,669.46,694.37,18.86
1,110.00,221,362.32,629.54,5.64
1,110.00,222,124.15,48.96,8.97
1,110.00,223,820.35,849.46,5.83
1,110.00,224,765.71,622.83,7.45
1,110.00,225,757.26,882.01,5.72
1,110.00,226,130.77,493.37,12.60
1,110.00,227,368.38,615.37,17.45
1,110.00,228,248.23,218.99,8.24
1,110.00,229,284.78,277.98,11.31
1,110.00,230,340.42,854.39,13.31
1,110.00,231,682.22,499.56,12.85
1,110.00,232,95.51,473.39,10.10
1,110.00,233,355.02,589.07,6.17
1,110.00,234,665.32,517.10,20.03
1,110.00,235,907.58,520.95,20.49
1,110.00,236,441.20,558.77,6.98
1,110.00,237,635.98,786.09,6.82
1,110.00,238,302.63,455.36,5.41
1,110.00,239,381.63,569.89,9.28
1,110.00,240,114.23,585.11,15.19
1,110.00,241,859.54,510.30,16.45
1,110.00,242,789.72,30.66,14.71
1,110.00,243,557.88,573.34,5.33
1,110.00,244,295.17,272.10,9.20
1,110.00,245,469.42,418.27,5.57
1,110.00,246,812.49,501.21,20.94
1,110.00,247,77.74,98.35,0.00
1,110.00,248,545.99,563.93,15.63
1,110.00,249,290.21,374.07,14.19
1,110.00,250,553.86,98.20,9.90
1,110.00,251,803.08,699.62,20.76
1,110.00,252,892.61,721.25,14.47
1,110.00,253,476.37,455.00,17.22
1,110.00,254,346.41,572.00,0.00
1,110.00,255,844.48,161.04,12.87
1,110.00,256,290.05,705.16,13.20
1,110.00,257,112.28,663.78,0.00
1,110.00,258,808.82,531.36,13.18
1,110.00,259,835.24,457.07,7.84
1,110.00,260,647.28,732.80,5.00
1,110.00,261,589.30,257.23,0.00
1,110.00,262,75.76,895.10,16.85
1,110.00,263,563.53,560.75,20.60
1,110.00,264,426.69,480.04,6.12
1,110.00,265,102.48,175.45,0.00
1,110.00,266,165.62,523.01,12.76
1,110.00,267,361.50,367.43,16.06
1,110.00,268,188.61,560.53,0.00
1,110.00,269,696.20,403.56,0.00
1,110.00,270,418.99,512.66,15.97
1,110.00,271,509.04,668.41,22.27
1,110.00,272,242.93,655.64,0.00
1,110.00,273,293.62,116.67,9.01
1,110.00,274,177.99,247.59,11.55
1,110.00,275,658.50,165.73,6.81
1,110.00,276,186.11,182.77,9.29
1,110.00,277,311.94,844.32,0.00
1,110.00,278,614.32,461.80,12.87
1,110.00,279,331.14,595.23,11.23
1,110.00,280,719.20,119.77,5.99
1,110.00,281,277.27,377.70,5.92
1,110.00,282,485.69,513.27,11.04
1,110.00,283,119.15,801.25,13.03
1,110.00,284,395.10,829.72,5.81
1,110.00,285,350.28,267.15,24.69
1,110.00,286,136.23,673.86,22.97
1,110.00,287,63.33,483.80,14.04
1,110.00,288,134.06,150.57,5.19
1,110.00,289,55.02,909.09,0.00
1,110.00,290,225.09,48.26,22.83
1,110.00,291,276.27,838.90,23.52
1,110.00,292,779.48,480.22,0.00
1,110.00,293,545.58,865.98,9.10
1,110.00,294,447.23,385.77,10.15
1,110.00,295,202.79,807.05,0.00
1,110.00,296,683.82,466.29,8.37
1,110.00,297,143.00,494.69,7.66
1,110.00,298,407.44,562.06,22.31
1,110.00,299,737.08,321.46,14.90
1,120.00,0,467.41,515.57,16.91
1,120.00,1,394.52,585.22,24.66
1,120.00,2,81.43,111.46,0.00
1,120.00,3,325.63,682.52,5.37
1,120.00,4,483.74,420.81,19.37
1,120.00,5,319.51,592.69,9.34
1,120.00,6,249.48,231.68,6.04
1,120.00,7,417.70,548.03,5.79
1,120.00,8,750.01,508.86,18.76
1,120.00,9,522.86,690.64,12.01
1,120.00,10,269.12,451.48,5.44
1,120.00,11,803.24,416.84,17.25
1,120.00,12,332.72,61.32,0.00
1,120.00,13,603.34,835.06,19.08
1,120.00,14,479.92,669.26,13.51
1,120.00,15,715.62,423.17,0.00
1,120.00,16,219.45,124.56,6.65
1,120.00,17,13.68,311.11,0.00
1,120.00,18,579.96,668.65,10.92
1,120.00,19,942.49,485.20,0.00
1,120.00,20,529.51,488.91,9.22
1,120.00,21,245.88,859.32,21.41
1,120.00,22,829.27,731.94,15.84
1,120.00,23,729.33,463.75,23.78
1,120.00,24,724.39,748.72,6.65
1,120.00,25,757.46,113.74,8.96
1,120.00,26,544.43,267.90,13.38
1,120.00,27,28.37,379.96,16.59
1,120.00,28,380.07,403.60,5.42
1,120.00,29,152.11,327.66,16.00
1,120.00,30,574.80,717.19,17.06
1,120.00,31,546.48,779.88,0.00
1,120.00,32,312.82,34.80,7.10
1,120.00,33,616.56,842.41,7.88
1,120.00,34,391.78,848.21,20.36
1,120.00,35,321.71,330.78,12.60
1,120.00,36,611.36,191.11,5.58
1,120.00,37,717.23,656.51,9.72
1,120.00,38,547.28,739.67,18.94
1,120.00,39,558.32,31.70,7.35
1,120.00,40,242.99,216.34,5.75
1,120.00,41,299.77,724.37,14.68
1,120.00,42,307.09,409.96,7.54
1,120.00,43,217.67,853.67,22.89
1,120.00,44,565.05,580.27,6.77
1,120.00,45,383.26,223.71,9.78
1,120.00,46,773.02,566.06,12.67
1,120.00,47,489.86,105.44,0.00
1,120.00,48,528.39,670.25,7.36
1,120.00,49,688.20,544.90,11.95
1,120.00,50,987.46,927.09,0.00
1,120.00,51,408.75,326.34,5.24
1,120.00,52,584.76,558.81,11.29
1,120.00,53,414.17,349.98,12.77
1,120.00,54,359.89,275.30,0.00
1,120.00,55,471.62,683.89,7.41
1,120.00,56,244.32,833.30,8.07
1,120.00,57,778.24,631.81,18.89
1,120.00,58,836.78,862.24,0.00
1,120.00,59,100.61,399.46,9.47
1,120.00,60,289.71,187.40,12.18
1,120.00,61,632.46,903.80,5.71
1,120.00,62,237.65,625.85,11.46
1,120.00,63,899.92,681.30,17.66
1,120.00,64,672.02,602.37,5.50
1,120.00,65,479.13,324.43,6.10
1,120.00,66,339.44,246.88,10.94
1,120.00,67,520.24,525.90,13.37
1,120.00,68,524.93,685.25,20.57
1,120.00,69,170.64,409.08,12.40
1,120.00,70,271.67,403.62,13.27
1,120.00,71,821.82,924.03,20.35
1,120.00,72,890.23,572.55,0.00
1,120.00,73,705.51,499.49,23.09
1,120.00,74,847.03,234.59,14.08
1,120.00,75,258.62,604.63,17.50
1,120.00,76,722.06,698.13,9.16
1,120.00,77,822.60,871.19,8.24
1,120.00,78,326.89,90.87,20.83
1,120.00,79,465.12,554.29,9.11
1,120.00,80,651.63,288.93,6.24
1,120.00,81,699.97,853.84,13.37
1,120.00,82,261.67,217.01,10.73
1,120.00,83,365.11,647.89,21.21
1,120.00,84,264.25,261.07,5.50
1,120.00,85,401.65,551.88,14.31
1,120.00,86,485.31,268.76,21.51
1,120.00,87,162.24,167.81,0.00
1,120.00,88,703.35,747.04,16.08
1,120.00,89,350.29,379.91,20.99
1,120.00,90,235.33,850.58,22.66
1,120.00,91,517.31,363.89,5.99
1,120.00,92,977.29,115.16,0.00
1,120.00,93,279.51,743.73,0.00
1,120.00,94,482.07,165.37,24.56
1,120.00,95,318.21,779.16,20.15
1,120.00,96,638.47,576.21,5.30
1,120.00,97,896.81,263.17,13.20
1,120.00,98,525.63,690.92,15.95
1,120.00,99,245.67,262.80,23.32
1,120.00,100,262.24,875.32,0.00
1,120.00,101,449.42,613.82,8.04
1,120.00,102,486.59,195.09,5.40
1,120.00,103,357.47,344.52,15.09
1,120.00,104,108.78,828.73,6.83
1,120.00,105,220.66,231.80,21.66
1,120.00,106,566.59,351.07,7.45
1,120.00,107,668.71,606.99,0.00
1,120.00,108,683.71,156.58,5.23
1,120.00,109,756.01,192.31,9.66
1,120.00,110,716.05,926.87,9.76
1,120.00,111,848.73,799.71,5.65
1,120.00,112,91.78,626.25,0.00
1,120.00,113,814.87,472.24,10.98
1,120.00,114,716.96,279.95,9.47
1,120.00,115,682.95,425.44,9.27
1,120.00,116,445.32,887.63,0.00
1,120.00,117,392.37,524.78,0.00
1,120.00,118,274.73,146.21,6.08
1,120.00,119,235.59,1.35,0.00
1,120.00,120,179.12,480.56,5.54
1,120.00,121,253.96,912.95,0.00
1,120.00,122,822.70,213.24,13.18
1,120.00,123,673.01,811.13,8.96
1,120.00,124,398.37,81.95,11.48
1,120.00,125,607.92,290.70,11.31
1,120.00,126,363.56,272.79,5.78
1,120.00,127,279.47,408.73,5.41
1,120.00,128,720.85,416.91,11.53
1,120.00,129,959.98,383.32,13.14
1,120.00,130,508.53,78.41,19.88
1,120.00,131,431.44,215.14,13.41
1,120.00,132,192.57,793.56,0.00
1,120.00,133,471.90,169.15,14.19
1,120.00,134,60.55,505.00,8.69
1,120.00,135,859.14,467.43,5.74
1,120.00,136,294.68,290.79,11.10
1,120.00,137,800.73,614.55,5.94
1,120.00,138,244.94,330.14,7.36
1,120.00,139,249.36,448.42,12.88
1,120.00,140,747.33,826.95,7.84
1,120.00,141,456.79,547.00,9.71
1,120.00,142,293.78,300.67,9.06
1,120.00,143,841.47,639.27,16.02
1,120.00,144,447.12,652.81,8.91
1,120.00,145,202.77,644.23,0.00
1,120.00,146,323.77,101.85,9.41
1,120.00,147,547.16,419.75,11.27
1,120.00,148,437.34,543.87,0.00
1,120.00,149,248.09,175.36,0.00
1,120.00,150,535.25,365.18,0.00
1,120.00,151,173.93,348.07,0.00
1,120.00,152,112.37,688.33,0.00
1,120.00,153,420.63,463.41,12.96
1,120.00,154,109.17,426.34,0.00
1,120.00,155,664.99,694.27,9.55
1,120.00,156,434.85,89.64,14.64
1,120.00,157,650.29,348.20,6.44
1,120.00,158,704.86,391.50,6.74
1,120.00,159,603.17,866.45,7.45
1,120.00,160,512.69,900.04,19.52
1,120.00,161,419.25,257.28,8.63
1,120.00,162,741.54,757.35,16.31
1,120.00,163,176.44,187.83,24.12
1,120.00,164,472.57,365.52,10.74
1,120.00,165,752.72,484.46,8.02
1,120.00,166,198.52,436.92,13.90
1,120.00,167,243.39,326.35,0.00
1,120.00,168,182.15,500.84,6.10
1,120.00,169,466.99,333.21,0.00
1,120.00,170,360.24,493.33,10.49
1,120.00,171,322.96,163.18,18.62
1,120.00,172,224.04,737.37,15.88
1,120.00,173,847.05,510.49,0.00
1,120.00,174,577.87,701.42,21.38
1,120.00,175,597.53,296.92,13.99
1,120.00,176,289.23,651.62,8.18
1,120.00,177,520.43,835.00,17.50
1,120.00,178,359.36,468.15,5.09
1,120.00,179,277.78,537.20,6.50
1,120.00,180,303.01,744.29,21.38
1,120.00,181,873.40,127.37,10.61
1,120.00,182,691.53,391.82,0.00
1,120.00,183,584.71,165.22,0.00
1,120.00,184,411.72,741.56,9.42
1,120.00,185,730.37,579.92,9.53
1,120.00,186,889.63,169.82,0.00
1,120.00,187,599.10,997.24,0.00
1,120.00,188,136.00,778.41,0.00
1,120.00,189,171.01,458.60,6.50
1,120.00,190,416.74,685.53,5.82
1,120.00,191,625.27,488.83,5.27
1,120.00,192,207.99,703.21,11.58
1,120.00,193,933.71,708.90,8.03
1,120.00,194,587.97,454.66,13.89
1,120.00,195,456.47,595.73,19.91
1,120.00,196,570.28,886.58,8.06
1,120.00,197,575.09,472.82,12.41
1,120.00,198,554.94,712.23,14.02
1,120.00,199,186.70,380.36,9.46
1,120.00,200,897.85,738.12,6.02
1,120.00,201,540.65,814.14,9.78
1,120.00,202,569.03,447.65,20.54
1,120.00,203,84.77,707.54,9.85
1,120.00,204,511.89,972.06,0.00
1,120.00,205,636.08,805.36,20.38
1,120.00,206,482.73,688.38,17.69
1,120.00,207,551.24,750.50,24.72
1,120.00,208,676.78,138.09,9.70
1,120.00,209,549.75,77.27,7.55
1,120.00,210,820.55,309.57,5.28
1,120.00,211,474.44,440.92,7.48
1,120.00,212,538.55,573.66,20.92
1,120.00,213,42.27,726.78,0.00
1,120.00,214,492.57,437.39,13.23
1,120.00,215,347.47,646.16,9.35
1,120.00,216,581.58,351.89,0.00
1,120.00,217,437.76,386.15,7.95
1,120.00,218,337.02,251.82,20.88
1,120.00,219,392.89,99.23,16.29
1,120.00,220,525.47,816.21,18.86
1,120.00,221,308.15,645.08,5.64
1,120.00,222,139.34,137.40,8.97
1,120.00,223,858.94,893.19,5.83
1,120.00,224,767.46,624.93,0.00
1,120.00,225,701.52,869.17,5.72
1,120.00,226,76.24,485.84,0.00
1,120.00,227,388.28,788.73,17.45
1,120.00,228,330.30,211.39,8.24
1,120.00,229,186.97,334.81,11.31
1,120.00,230,470.20,884.07,13.31
1,120.00,231,627.26,615.69,12.85
1,120.00,232,85.47,573.93,10.10
1,120.00,233,416.50,594.10,6.17
1,120.00,234,636.78,715.40,20.03
1,120.00,235,939.08,723.38,20.49
1,120.00,236,494.00,513.10,6.98
1,120.00,237,573.21,812.84,6.82
1,120.00,238,257.28,484.84,5.41
1,120.00,239,334.39,549.53,0.00
1,120.00,240,94.94,632.42,0.00
1,120.00,241,695.32,500.89,16.45
1,120.00,242,642.81,22.99,14.71
1,120.00,243,607.88,554.96,5.33
1,120.00,244,289.08,180.32,9.20
1,120.00,245,419.47,442.95,5.57
1,120.00,246,910.91,685.99,20.94
1,120.00,247,95.44,123.69,12.83
1,120.00,248,563.26,408.62,15.63
1,120.00,249,414.76,306.02,14.19
1,120.00,250,652.80,96.15,9.90
1,120.00,251,964.98,829.52,20.76
1,120.00,252,906.72,786.16,0.00
1,120.00,253,445.48,285.54,17.22
1,120.00,254,556.84,572.06,24.30
1,120.00,255,899.54,162.43,0.00
1,120.00,256,413.90,659.43,13.20
1,120.00,257,163.26,680.39,20.21
1,120.00,258,940.62,532.18,13.18
1,120.00,259,757.12,463.89,7.84
1,120.00,260,689.61,722.27,0.00
1,120.00,261,554.37,303.38,11.94
1,120.00,262,236.01,842.91,16.85
1,120.00,263,360.87,523.87,20.60
1,120.00,264,467.15,434.07,6.12
1,120.00,265,130.85,248.55,23.54
1,120.00,266,99.11,414.16,12.76
1,120.00,267,357.91,527.94,16.06
1,120.00,268,216.40,559.50,6.73
1,120.00,269,690.94,400.49,6.53
1,120.00,270,295.31,411.65,15.97
1,120.00,271,725.33,615.25,22.27
1,120.00,272,442.01,719.17,21.44
1,120.00,273,264.71,98.18,0.00
1,120.00,274,84.58,179.66,11.55
1,120.00,275,692.19,224.89,6.81
1,120.00,276,274.50,154.17,9.29
1,120.00,277,315.73,808.82,11.52
1,120.00,278,691.55,564.73,12.87
1,120.00,279,326.18,601.88,0.00
1,120.00,280,707.29,178.50,5.99
1,120.00,281,304.45,325.06,5.92
1,120.00,282,408.85,592.49,11.04
1,120.00,283,25.82,878.68,0.00
1,120.00,284,412.53,877.71,0.00
1,120.00,285,505.10,459.49,24.69
1,120.00,286,363.91,704.20,22.97
1,120.00,287,45.89,623.06,14.04
1,120.00,288,161.19,194.82,5.19
1,120.00,289,102.60,909.14,13.95
1,120.00,290,453.35,51.92,22.83
1,120.00,291,465.19,698.86,23.52
1,120.00,292,763.06,657.64,19.23
1,120.00,293,636.47,870.30,9.10
1,120.00,294,428.18,485.45,10.15
1,120.00,295,207.33,683.56,21.76
1,120.00,296,632.38,400.29,8.37
1,120.00,297,111.87,462.43,0.00
1,120.00,298,627.20,523.56,22.31
1,120.00,299,713.59,174.34,14.90
1,130.00,0,549.04,367.48,16.91
1,130.00,1,419.20,426.66,0.00
1,130.00,2,105.12,138.79,20.10
1,130.00,3,359.90,641.15,5.37
1,130.00,4,310.48,507.41,19.37
1,130.00,5,372.64,515.93,9.34
1,130.00,6,240.24,291.34,6.04
1,130.00,7,386.16,499.44,5.79
1,130.00,8,682.40,662.78,0.00
1,130.00,9,639.26,661.14,12.01
1,130.00,10,298.76,497.12,5.44
1,130.00,11,851.94,582.36,17.25
1,130.00,12,339.04,75.77,12.92
1,130.00,13,759.94,726.07,19.08
1,130.00,14,372.38,587.43,13.51
1,130.00,15,568.84,493.56,19.22
1,130.00,16,266.46,139.71,0.00
1,130.00,17,62.08,335.08,13.54
1,130.00,18,470.87,663.73,10.92
1,130.00,19,942.05,484.86,7.69
1,130.00,20,479.28,566.21,9.22
1,130.00,21,315.53,700.34,0.00
1,130.00,22,671.57,747.01,15.84
1,130.00,23,762.04,523.70,0.00
1,130.00,24,685.43,694.77,6.65
1,130.00,25,752.28,104.37,0.00
1,130.00,26,652.91,346.23,13.38
1,130.00,27,97.40,530.81,16.59
1,130.00,28,340.79,366.32,5.42
1,130.00,29,119.67,484.37,16.00
1,130.00,30,585.07,769.30,0.00
1,130.00,31,499.08,736.51,12.53
1,130.00,32,242.77,46.08,7.10
1,130.00,33,649.61,770.86,7.88
1,130.00,34,395.02,945.79,0.00
1,130.00,35,433.51,272.68,12.60
1,130.00,36,665.20,176.52,5.58
1,130.00,37,801.77,704.51,9.72
1,130.00,38,359.22,762.45,18.94
1,130.00,39,570.18,32.27,0.00
1,130.00,40,197.05,181.68,5.75
1,130.00,41,445.97,737.71,14.68
1,130.00,42,331.38,481.31,7.54
1,130.00,43,156.31,914.11,0.00
1,130.00,44,568.91,512.67,6.77
1,130.00,45,371.27,320.78,9.78
1,130.00,46,881.81,631.11,12.67
1,130.00,47,485.45,120.96,18.17
1,130.00,48,526.74,596.65,7.36
1,130.00,49,687.01,664.36,11.95
1,130.00,50,935.07,894.72,12.03
1,130.00,51,421.24,275.48,5.24
1,130.00,52,697.14,569.76,11.29
1,130.00,53,338.71,246.98,12.77
1,130.00,54,418.02,366.71,18.03
1,130.00,55,499.38,615.15,7.41
1,130.00,56,180.74,807.02,0.00
1,130.00,57,947.53,715.63,18.89
1,130.00,58,858.04,698.91,20.15
1,130.00,59,184.58,443.32,9.47
1,130.00,60,247.93,301.82,12.18
1,130.00,61,632.19,846.68,5.71
1,130.00,62,342.80,580.37,11.46
1,130.00,63,926.89,506.79,17.66
1,130.00,64,661.45,638.00,0.00
1,130.00,65,518.68,277.98,6.10
1,130.00,66,257.86,319.75,10.94
1,130.00,67,637.02,460.79,13.37
1,130.00,68,615.05,870.21,20.57
1,130.00,69,55.39,454.79,12.40
1,130.00,70,241.89,532.89,13.27
1,130.00,71,932.85,977.36,0.00
1,130.00,72,884.17,568.94,15.22
1,130.00,73,828.56,304.11,23.09
1,130.00,74,954.61,143.75,14.08
1,130.00,75,429.92,568.94,17.50
1,130.00,76,795.82,752.38,9.16
1,130.00,77,903.50,886.98,8.24
1,130.00,78,531.89,127.73,20.83
1,130.00,79,483.72,643.48,9.11
1,130.00,80,591.26,273.00,6.24
1,130.00,81,668.52,968.10,0.00
1,130.00,82,346.33,282.97,10.73
1,130.00,83,421.52,445.06,0.00
1,130.00,84,209.77,268.67,5.50
1,130.00,85,330.56,427.66,14.31
1,130.00,86,306.17,387.88,21.51
1,130.00,87,152.71,176.55,5.30
1,130.00,88,584.91,638.29,16.08
1,130.00,89,193.16,240.73,20.99
1,130.00,90,207.44,625.68,22.66
1,130.00,91,502.29,351.93,0.00
1,130.00,92,934.21,134.93,21.74
1,130.00,93,271.01,727.10,13.93
1,130.00,94,258.21,64.30,24.56
1,130.00,95,283.65,767.19,0.00
1,130.00,96,604.55,535.52,5.30
1,130.00,97,958.97,322.33,0.00
1,130.00,98,640.13,802.03,15.95
1,130.00,99,170.16,140.54,0.00
1,130.00,100,251.68,860.16,22.77
1,130.00,101,406.54,681.86,8.04
1,130.00,102,492.25,189.45,0.00
1,130.00,103,388.02,260.95,0.00
1,130.00,104,97.12,896.04,6.83
1,130.00,105,238.41,15.88,21.66
1,130.00,106,634.19,319.68,7.45
1,130.00,107,659.83,610.28,19.38
1,130.00,108,727.01,127.27,5.23
1,130.00,109,751.07,145.72,0.00
1,130.00,110,812.49,941.61,9.76
1,130.00,111,792.92,808.61,5.65
1,130.00,112,226.53,601.01,16.14
1,130.00,113,725.71,408.21,10.98
1,130.00,114,687.19,190.03,9.47
1,130.00,115,767.40,433.89,0.00
1,130.00,116,351.28,723.70,21.27
1,130.00,117,393.55,525.19,20.08
1,130.00,118,332.35,165.69,6.08
1,130.00,119,243.69,12.89,6.19
1,130.00,120,127.33,460.83,5.54
1,130.00,121,373.25,937.08,13.33
1,130.00,122,748.06,321.91,13.18
1,130.00,123,754.94,847.41,8.96
1,130.00,124,381.39,71.23,0.00
1,130.00,125,638.50,399.55,11.31
1,130.00,126,419.81,286.09,5.78
1,130.00,127,320.20,444.34,5.41
1,130.00,128,759.13,308.20,11.53
1,130.00,129,901.68,501.08,13.14
1,130.00,130,621.95,241.63,19.88
1,130.00,131,514.34,320.54,13.41
1,130.00,132,222.47,727.96,10.43
1,130.00,133,535.21,296.18,14.19
1,130.00,134,28.08,523.85,0.00
1,130.00,135,890.37,419.28,5.74
1,130.00,136,304.30,401.40,11.10
1,130.00,137,858.35,629.11,5.94
1,130.00,138,172.05,340.17,7.36
1,130.00,139,321.51,555.06,12.88
1,130.00,140,691.02,772.45,7.84
1,130.00,141,494.66,636.39,9.71
1,130.00,142,311.53,211.86,9.06
1,130.00,143,689.08,688.58,16.02
1,130.00,144,427.16,565.97,8.91
1,130.00,145,294.91,557.11,14.68
1,130.00,146,282.32,69.92,0.00
1,130.00,147,619.70,333.50,11.27
1,130.00,148,499.08,578.50,21.16
1,130.00,149,264.93,313.80,17.76
1,130.00,150,526.70,368.17,8.04
1,130.00,151,190.55,385.02,10.05
1,130.00,152,115.49,680.90,7.93
1,130.00,153,470.07,583.17,12.96
1,130.00,154,112.33,421.62,9.94
1,130.00,155,743.26,748.89,9.55
1,130.00,156,288.69,98.72,14.64
1,130.00,157,619.46,291.63,6.44
1,130.00,158,709.44,324.22,6.74
1,130.00,159,676.80,855.25,7.45
1,130.00,160,480.14,707.60,19.52
1,130.00,161,383.25,193.42,0.00
1,130.00,162,585.98,708.45,16.31
1,130.00,163,42.86,241.84,0.00
1,130.00,164,419.93,271.92,10.74
1,130.00,165,764.58,476.59,0.00
1,130.00,166,212.82,575.15,13.90
1,130.00,167,282.09,345.66,8.63
1,130.00,168,196.11,441.50,6.10
1,130.00,169,478.08,362.13,6.93
1,130.00,170,418.51,580.58,10.49
1,130.00,171,146.36,156.24,0.00
1,130.00,172,111.81,849.76,15.88
1,130.00,173,750.62,453.31,13.80
1,130.00,174,472.25,515.50,21.38
1,130.00,175,516.00,410.60,13.99
1,130.00,176,271.28,667.58,0.00
1,130.00,177,693.62,809.64,17.50
1,130.00,178,409.89,474.11,5.09
1,130.00,179,240.54,590.50,6.50
1,130.00,180,412.37,560.58,21.38
1,130.00,181,841.31,228.50,10.61
1,130.00,182,691.36,393.30,10.84
1,130.00,183,665.09,193.43,12.57
1,130.00,184,319.12,723.99,9.42
1,130.00,185,685.38,495.85,9.53
1,130.00,186,861.76,203.17,5.80
1,130.00,187,601.57,940.55,11.91
1,130.00,188,193.26,783.49,6.54
1,130.00,189,107.32,471.57,6.50
1,130.00,190,377.70,728.69,5.82
1,130.00,191,572.69,491.61,5.27
1,130.00,192,128.60,618.86,11.58
1,130.00,193,905.73,784.14,8.03
1,130.00,194,480.15,367.06,13.89
1,130.00,195,624.42,488.75,19.91
1,130.00,196,639.38,845.08,8.06
1,130.00,197,573.11,348.72,12.41
1,130.00,198,478.94,594.35,14.02
1,130.00,199,157.67,470.39,9.46
1,130.00,200,925.62,791.52,6.02
1,130.00,201,632.92,846.55,9.78
1,130.00,202,404.23,325.01,20.54
1,130.00,203,92.05,609.30,9.85
1,130.00,204,386.73,868.98,16.22
1,130.00,205,481.34,672.69,20.38
1,130.00,206,474.53,700.10,0.00
1,130.00,207,330.33,639.51,24.72
1,130.00,208,716.52,68.52,0.00
1,130.00,209,545.00,152.60,7.55
1,130.00,210,768.20,302.95,5.28
1,130.00,211,410.46,479.71,7.48
1,130.00,212,562.14,580.94,0.00
1,130.00,213,87.64,694.73,8.96
1,130.00,214,587.40,529.57,13.23
1,130.00,215,311.95,571.24,0.00
1,130.00,216,701.23,413.29,14.52
1,130.00,217,402.53,457.39,7.95
1,130.00,218,536.44,189.97,20.88
1,130.00,219,278.58,215.32,16.29
1,130.00,220,381.48,938.06,18.86
1,130.00,221,253.97,660.62,5.64
1,130.00,222,154.52,225.84,8.97
1,130.00,223,897.53,936.92,5.83
1,130.00,224,714.66,569.78,7.93
1,130.00,225,645.78,856.33,5.72
1,130.00,226,170.17,472.68,16.84
1,130.00,227,403.28,919.43,0.00
1,130.00,228,412.38,203.78,8.24
1,130.00,229,89.15,391.64,11.31
1,130.00,230,599.98,913.74,13.31
1,130.00,231,572.30,731.82,12.85
1,130.00,232,75.43,674.48,10.10
1,130.00,233,477.97,599.13,6.17
1,130.00,234,608.24,913.69,20.03
1,130.00,235,965.83,895.29,0.00
1,130.00,236,546.80,467.42,6.98
1,130.00,237,510.44,839.58,6.82
1,130.00,238,211.93,514.32,5.41
1,130.00,239,416.71,613.67,23.41
1,130.00,240,167.73,532.81,18.59
1,130.00,241,531.10,491.47,16.45
1,130.00,242,554.18,18.37,0.00
1,130.00,243,657.87,536.58,5.33
1,130.00,244,284.36,109.18,0.00
1,130.00,245,369.53,467.63,5.57
1,130.00,246,913.38,690.62,0.00
1,130.00,247,168.95,228.90,12.83
1,130.00,248,580.52,253.32,15.63
1,130.00,249,539.31,237.97,14.19
1,130.00,250,742.86,94.29,0.00
1,130.00,251,991.97,851.17,0.00
1,130.00,252,787.73,762.21,22.44
1,130.00,253,420.00,145.79,0.00
1,130.00,254,673.96,572.09,0.00
1,130.00,255,898.59,303.80,24.71
1,130.00,256,515.09,622.06,0.00
1,130.00,257,355.38,743.00,20.21
1,130.00,258,991.26,532.49,0.00
1,130.00,259,679.00,470.70,7.84
1,130.00,260,693.06,709.18,10.59
1,130.00,261,482.30,398.59,11.94
1,130.00,262,396.27,790.73,16.85
1,130.00,263,273.94,508.04,0.00
1,130.00,264,507.61,388.10,6.12
1,130.00,265,216.01,467.98,23.54
1,130.00,266,73.44,372.14,0.00
1,130.00,267,354.31,688.45,16.06
1,130.00,268,283.65,557.02,6.73
1,130.00,269,634.61,367.53,6.53
1,130.00,270,171.64,310.65,15.97
1,130.00,271,762.46,606.13,0.00
1,130.00,272,646.26,784.35,21.44
1,130.00,273,215.29,238.18,23.97
1,130.00,274,26.60,137.50,0.00
1,130.00,275,725.88,284.05,6.81
1,130.00,276,362.90,125.57,9.29
1,130.00,277,327.96,694.24,11.52
1,130.00,278,768.79,667.67,12.87
1,130.00,279,465.94,669.91,0.00
1,130.00,280,695.38,237.22,5.99
1,130.00,281,331.62,272.41,5.92
1,130.00,282,332.02,671.70,11.04
1,130.00,283,26.23,874.76,5.68
1,130.00,284,405.16,851.24,22.65
1,130.00,285,659.91,651.82,24.69
1,130.00,286,591.59,734.54,22.97
1,130.00,287,28.44,762.33,14.04
1,130.00,288,188.33,239.07,5.19
1,130.00,289,242.15,909.27,13.95
1,130.00,290,603.78,54.34,0.00
1,130.00,291,654.10,558.82,23.52
1,130.00,292,745.35,849.10,19.23
1,130.00,293,727.26,874.61,0.00
1,130.00,294,409.13,585.12,10.15
1,130.00,295,213.82,506.99,0.00
1,130.00,296,580.94,334.30,8.37
1,130.00,297,70.41,525.68,18.24
1,130.00,298,846.97,485.06,22.31
1,130.00,299,701.23,96.99,0.00
1,140.00,0,630.62,219.46,0.00
1,140.00,1,401.54,484.71,17.38
1,140.00,2,236.74,290.63,20.10
1,140.00,3,394.18,599.78,5.37
1,140.00,4,137.22,594.01,19.37
1,140.00,5,425.78,439.17,9.34
1,140.00,6,230.99,350.99,6.04
1,140.00,7,354.61,450.84,5.79
1,140.00,8,670.72,648.31,17.87
1,140.00,9,681.68,650.39,0.00
1,140.00,10,328.41,542.77,5.44
1,140.00,11,866.82,632.92,0.00
1,140.00,12,390.79,194.13,12.92
1,140.00,13,916.55,617.07,19.08
1,140.00,14,330.42,555.50,0.00
1,140.00,15,395.49,576.68,19.22
1,140.00,16,293.66,181.54,19.36
1,140.00,17,183.43,395.21,13.54
1,140.00,18,361.79,658.81,10.92
1,140.00,19,880.95,438.16,7.69
1,140.00,20,429.05,643.50,9.22
1,140.00,21,297.74,710.58,10.85
1,140.00,22,513.87,762.08,15.84
1,140.00,23,770.61,475.40,0.00
1,140.00,24,646.47,640.81,6.65
1,140.00,25,728.03,229.52,14.48
1,140.00,26,761.39,424.57,13.38
1,140.00,27,166.43,681.67,16.59
1,140.00,28,301.50,329.03,5.42
1,140.00,29,87.24,641.08,16.00
1,140.00,30,517.35,688.95,15.26
1,140.00,31,406.67,651.96,12.53
1,140.00,32,172.72,57.36,7.10
1,140.00,33,682.66,699.30,7.88
1,140.00,34,360.00,945.51,6.73
1,140.00,35,545.31,214.59,12.60
1,140.00,36,719.05,161.92,5.58
1,140.00,37,804.28,705.93,0.00
1,140.00,38,171.16,785.23,18.94
1,140.00,39,599.93,173.70,17.24
1,140.00,40,167.09,159.07,0.00
1,140.00,41,592.17,751.05,14.68
1,140.00,42,355.67,552.65,7.54
1,140.00,43,146.85,788.57,20.18
1,140.00,44,570.65,482.03,0.00
1,140.00,45,359.29,417.85,9.78
1,140.00,46,947.20,670.21,0.00
1,140.00,47,435.77,295.73,18.17
1,140.00,48,525.09,523.06,7.36
1,140.00,49,685.82,783.82,11.95
1,140.00,50,832.72,831.47,12.03
1,140.00,51,433.73,224.63,5.24
1,140.00,52,797.99,579.58,0.00
1,140.00,53,263.25,143.97,12.77
1,140.00,54,422.64,373.98,0.00
1,140.00,55,527.14,546.41,7.41
1,140.00,56,186.38,772.06,24.03
1,140.00,57,966.55,725.04,0.00
1,140.00,58,884.04,499.09,20.15
1,140.00,59,268.54,487.17,9.47
1,140.00,60,206.15,416.25,12.18
1,140.00,61,631.92,789.56,5.71
1,140.00,62,447.96,534.89,11.46
1,140.00,63,953.87,332.27,17.66
1,140.00,64,717.71,652.38,17.93
1,140.00,65,558.22,231.53,6.10
1,140.00,66,176.29,392.62,10.94
1,140.00,67,753.80,395.67,13.37
1,140.00,68,674.06,991.30,0.00
1,140.00,69,28.55,465.44,0.00
1,140.00,70,215.54,647.28,0.00
1,140.00,71,889.94,975.94,10.87
1,140.00,72,753.52,490.96,15.22
1,140.00,73,920.92,157.47,0.00
1,140.00,74,973.64,127.68,0.00
1,140.00,75,601.23,533.26,17.50
1,140.00,76,869.58,806.63,9.16
1,140.00,77,959.19,897.85,0.00
1,140.00,78,736.89,164.59,20.83
1,140.00,79,502.32,732.68,9.11
1,140.00,80,530.90,257.06,6.24
1,140.00,81,654.14,966.48,12.76
1,140.00,82,430.98,348.93,10.73
1,140.00,83,422.08,445.45,9.09
1,140.00,84,155.29,276.26,5.50
1,140.00,85,259.47,303.45,14.31
1,140.00,86,127.02,507.01,21.51
1,140.00,87,122.97,203.80,0.00
1,140.00,88,466.48,529.55,16.08
1,140.00,89,129.99,184.77,0.00
1,140.00,90,179.54,400.78,22.66
1,140.00,91,428.14,416.70,14.49
1,140.00,92,736.63,225.59,21.74
1,140.00,93,207.61,603.04,13.93
1,140.00,94,129.19,6.04,0.00
1,140.00,95,228.00,838.94,11.09
1,140.00,96,570.63,494.82,5.30
1,140.00,97,962.95,371.06,13.98
1,140.00,98,641.56,803.42,0.00
1,140.00,99,188.18,161.23,7.15
1,140.00,100,121.56,673.34,22.77
1,140.00,101,363.65,749.90,8.04
1,140.00,102,451.78,304.38,14.30
1,140.00,103,400.68,294.74,8.79
1,140.00,104,85.46,963.34,6.83
1,140.00,105,239.55,1.97,0.00
1,140.00,106,701.80,288.29,7.45
1,140.00,107,478.07,677.57,19.38
1,140.00,108,770.31,97.96,5.23
1,140.00,109,724.39,267.89,24.29
1,140.00,110,843.31,946.32,0.00
1,140.00,111,737.10,817.51,5.65
1,140.00,112,385.14,571.29,16.14
1,140.00,113,636.55,344.18,10.98
1,140.00,114,658.07,102.08,0.00
1,140.00,115,766.51,453.17,22.98
1,140.00,116,245.41,539.16,21.27
1,140.00,117,572.03,586.85,0.00
1,140.00,118,389.96,185.16,6.08
1,140.00,119,279.27,63.59,6.19
1,140.00,120,75.54,441.11,5.54
1,140.00,121,416.27,945.79,0.00
1,140.00,122,673.42,430.58,13.18
1,140.00,123,836.87,883.70,8.96
1,140.00,124,486.24,237.30,23.81
1,140.00,125,669.08,508.41,11.31
1,140.00,126,476.07,299.38,5.78
1,140.00,127,360.93,479.95,5.41
1,140.00,128,797.42,199.49,11.53
1,140.00,129,843.39,618.84,13.14
1,140.00,130,735.38,404.86,19.88
1,140.00,131,597.24,425.95,13.41
1,140.00,132,265.71,633.10,10.43
1,140.00,133,598.53,423.21,14.19
1,140.00,134,90.60,542.38,11.48
1,140.00,135,921.59,371.12,5.74
1,140.00,136,313.93,512.01,11.10
1,140.00,137,915.98,643.67,5.94
1,140.00,138,153.18,342.77,0.00
1,140.00,139,327.01,563.21,0.00
1,140.00,140,634.71,717.95,7.84
1,140.00,141,532.53,725.79,9.71
1,140.00,142,329.28,123.05,9.06
1,140.00,143,536.69,737.89,16.02
1,140.00,144,407.21,479.14,8.91
1,140.00,145,401.59,456.25,14.68
1,140.00,146,261.25,97.27,7.78
1,140.00,147,692.24,247.25,11.27
1,140.00,148,683.59,682.02,21.16
1,140.00,149,286.37,490.13,17.76
1,140.00,150,450.78,394.73,8.04
1,140.00,151,231.76,476.64,10.05
1,140.00,152,146.19,607.80,7.93
1,140.00,153,476.82,599.51,0.00
1,140.00,154,167.59,339.04,9.94
1,140.00,155,821.54,803.52,9.55
1,140.00,156,235.98,102.00,0.00
1,140.00,157,588.63,235.05,6.44
1,140.00,158,714.02,256.93,6.74
1,140.00,159,750.44,844.06,7.45
1,140.00,160,447.59,515.16,19.52
1,140.00,161,412.45,186.11,20.03
1,140.00,162,430.41,659.55,16.31
1,140.00,163,100.59,285.83,18.03
1,140.00,164,367.30,178.31,10.74
1,140.00,165,709.25,299.56,22.54
1,140.00,166,215.52,601.30,0.00
1,140.00,167,359.35,384.20,8.63
1,140.00,168,210.06,382.16,6.10
1,140.00,169,502.89,426.86,6.93
1,140.00,170,476.78,667.83,10.49
1,140.00,171,157.37,155.64,21.68
1,140.00,172,95.05,866.55,0.00
1,140.00,173,631.96,382.95,13.80
1,140.00,174,366.62,329.59,21.38
1,140.00,175,443.11,512.21,0.00
1,140.00,176,359.07,647.09,12.76
1,140.00,177,787.12,795.96,0.00
1,140.00,178,460.41,480.07,5.09
1,140.00,179,203.31,643.80,6.50
1,140.00,180,521.74,376.87,21.38
1,140.00,181,809.22,329.63,10.61
1,140.00,182,679.44,501.06,10.84
1,140.00,183,783.69,235.04,12.57
1,140.00,184,226.53,706.41,9.42
1,140.00,185,640.40,411.78,9.53
1,140.00,186,824.60,247.64,5.80
1,140.00,187,606.74,821.57,11.91
1,140.00,188,258.42,789.27,6.54
1,140.00,189,96.81,473.71,0.00
1,140.00,190,362.95,745.00,0.00
1,140.00,191,520.11,494.39,5.27
1,140.00,192,126.91,617.07,0.00
1,140.00,193,877.76,859.37,8.03
1,140.00,194,372.34,279.47,13.89
1,140.00,195,792.37,381.77,19.91
1,140.00,196,708.48,803.58,8.06
1,140.00,197,571.12,224.61,12.41
1,140.00,198,402.94,476.48,14.02
1,140.00,199,128.65,560.42,9.46
1,140.00,200,953.40,844.92,6.02
1,140.00,201,725.20,878.97,9.78
1,140.00,202,239.44,202.36,20.54
1,140.00,203,99.32,511.05,9.85
1,140.00,204,376.04,860.18,0.00
1,140.00,205,326.61,540.02,20.38
1,140.00,206,327.02,548.42,23.02
1,140.00,207,129.69,538.69,0.00
1,140.00,208,711.18,75.54,5.07
1,140.00,209,540.24,227.93,7.55
1,140.00,210,752.72,300.99,0.00
1,140.00,211,346.47,518.49,7.48
1,140.00,212,524.60,555.85,5.12
1,140.00,213,160.81,643.04,8.96
1,140.00,214,682.23,621.76,13.23
1,140.00,215,322.31,571.28,9.16
1,140.00,216,754.09,440.43,0.00
1,140.00,217,367.30,528.63,7.95
1,140.00,218,735.85,128.11,20.88
1,140.00,219,164.26,331.42,16.29
1,140.00,220,352.88,962.26,0.00
1,140.00,221,201.06,675.79,0.00
1,140.00,222,169.71,314.29,8.97
1,140.00,223,922.67,965.40,0.00
1,140.00,224,659.85,512.53,7.93
1,140.00,225,590.03,843.49,5.72
1,140.00,226,336.98,449.31,16.84
1,140.00,227,412.01,880.97,16.02
1,140.00,228,494.46,196.17,8.24
1,140.00,229,27.54,427.44,0.00
1,140.00,230,729.76,943.42,13.31
1,140.00,231,541.72,796.44,0.00
1,140.00,232,65.39,775.02,10.10
1,140.00,233,539.45,604.16,6.17
1,140.00,234,597.03,991.53,0.00
1,140.00,235,950.98,886.27,11.52
1,140.00,236,599.60,421.75,6.98
1,140.00,237,447.66,866.32,6.82
1,140.00,238,166.59,543.80,5.41
1,140.00,239,601.34,757.53,23.41
1,140.00,240,277.44,382.71,18.59
1,140.00,241,366.88,482.05,16.45
1,140.00,242,541.25,59.89,10.96
1,140.00,243,707.86,518.20,5.33
1,140.00,244,304.54,134.52,14.41
1,140.00,245,319.58,492.31,5.57
1,140.00,246,756.88,682.87,16.07
1,140.00,247,242.46,334.10,12.83
1,140.00,248,597.78,98.02,15.63
1,140.00,249,663.87,169.92,14.19
1,140.00,250,722.88,103.66,24.62
1,140.00,251,891.39,728.53,19.04
1,140.00,252,567.79,717.95,22.44
1,140.00,253,442.17,146.90,12.66
1,140.00,254,607.62,615.31,15.28
1,140.00,255,898.14,371.74,0.00
1,140.00,256,530.35,606.77,11.80
1,140.00,257,547.50,805.61,20.21
1,140.00,258,902.30,587.49,16.98
1,140.00,259,600.88,477.51,7.84
1,140.00,260,720.07,606.76,10.59
1,140.00,261,410.23,493.81,11.94
1,140.00,262,556.52,738.54,16.85
1,140.00,263,218.84,590.89,17.42
1,140.00,264,548.07,342.12,6.12
1,140.00,265,301.17,687.41,23.54
1,140.00,266,136.19,403.28,11.41
1,140.00,267,351.48,815.09,0.00
1,140.00,268,350.90,554.53,6.73
1,140.00,269,578.29,334.58,6.53
1,140.00,270,111.59,261.60,0.00
1,140.00,271,680.71,603.93,9.87
1,140.00,272,745.12,815.90,0.00
1,140.00,273,135.49,464.22,23.97
1,140.00,274,60.65,152.61,9.82
1,140.00,275,759.57,343.20,6.81
1,140.00,276,385.79,118.17,0.00
1,140.00,277,340.18,579.67,11.52
1,140.00,278,846.02,770.60,12.87
1,140.00,279,466.63,668.88,13.39
1,140.00,280,683.47,295.94,5.99
1,140.00,281,340.33,255.53,0.00
1,140.00,282,255.18,750.92,11.04
1,140.00,283,32.22,818.27,5.68
1,140.00,284,344.43,632.99,22.65
1,140.00,285,814.73,844.16,24.69
1,140.00,286,819.27,764.87,22.97
1,140.00,287,11.00,901.59,14.04
1,140.00,288,215.47,283.31,5.19
1,140.00,289,381.70,909.40,13.95
1,140.00,290,591.03,118.33,19.14
1,140.00,291,843.02,418.78,23.52
1,140.00,292,740.01,906.79,0.00
1,140.00,293,727.07,874.63,16.88
1,140.00,294,398.77,639.33,0.00
1,140.00,295,246.81,478.15,23.32
1,140.00,296,529.50,268.30,8.37
1,140.00,297,51.11,555.13,0.00
1,140.00,298,934.14,469.79,0.00
1,140.00,299,751.47,142.83,14.34
1,150.00,0,630.62,219.57,19.56
1,150.00,1,381.26,551.36,0.00
1,150.00,2,368.36,442.48,20.10
1,150.00,3,428.46,558.41,5.37
1,150.00,4,55.30,634.95,0.00
1,150.00,5,478.91,362.41,9.34
1,150.00,6,221.75,410.64,6.04
1,150.00,7,323.07,402.24,5.79
1,150.00,8,558.49,509.28,17.87
1,150.00,9,684.47,599.33,8.04
1,150.00,10,358.06,588.42,5.44
1,150.00,11,789.79,651.62,11.41
1,150.00,12,442.53,312.49,12.92
1,150.00,13,955.44,590.00,0.00
1,150.00,14,388.50,584.38,10.64
1,150.00,15,293.71,625.49,0.00
1,150.00,16,399.22,343.88,19.36
1,150.00,17,304.78,455.33,13.54
1,150.00,18,252.71,653.89,10.92
1,150.00,19,819.86,391.47,7.69
1,150.00,20,378.82,720.80,9.22
1,150.00,21,233.86,747.35,0.00
1,150.00,22,379.45,774.92,0.00
1,150.00,23,775.77,464.19,17.43
1,150.00,24,607.52,586.85,6.65
1,150.00,25,700.49,371.66,14.48
1,150.00,26,866.68,500.60,0.00
1,150.00,27,235.46,832.52,16.59
1,150.00,28,262.22,291.75,5.42
1,150.00,29,54.81,797.79,16.00
1,150.00,30,419.02,572.28,15.26
1,150.00,31,314.26,567.41,12.53
1,150.00,32,142.81,62.18,0.00
1,150.00,33,715.71,627.74,7.88
1,150.00,34,292.72,944.96,6.73
1,150.00,35,657.11,156.49,12.60
1,150.00,36,772.89,147.33,5.58
1,150.00,37,708.00,756.99,11.23
1,150.00,38,5.65,805.28,0.00
1,150.00,39,635.41,342.39,17.24
1,150.00,40,172.57,226.26,19.38
1,150.00,41,738.37,764.39,14.68
1,150.00,42,379.96,624.00,7.54
1,150.00,43,131.68,587.31,20.18
1,150.00,44,503.62,490.09,12.35
1,150.00,45,347.31,514.92,9.78
1,150.00,46,920.79,691.38,8.49
1,150.00,47,414.37,370.99,0.00
1,150.00,48,523.86,467.97,0.00
1,150.00,49,685.60,805.66,0.00
1,150.00,50,730.36,768.22,12.03
1,150.00,51,446.22,173.78,5.24
1,150.00,52,778.69,581.44,18.89
1,150.00,53,188.75,42.26,0.00
1,150.00,54,573.90,282.34,18.57
1,150.00,55,554.90,477.66,7.41
1,150.00,56,224.66,534.83,24.03
1,150.00,57,859.34,776.21,13.38
1,150.00,58,910.05,299.26,20.15
1,150.00,59,352.51,531.03,9.47
1,150.00,60,164.37,530.67,12.18
1,150.00,61,631.66,732.44,5.71
1,150.00,62,553.11,489.41,11.46
1,150.00,63,968.10,240.21,0.00
1,150.00,64,791.02,671.12,0.00
1,150.00,65,597.77,185.08,6.10
1,150.00,66,155.21,411.45,0.00
1,150.00,67,870.58,330.56,13.37
1,150.00,68,662.81,930.70,17.85
1,150.00,69,144.40,416.31,16.40
1,150.00,70,237.14,638.59,20.22
1,150.00,71,781.26,972.32,10.87
1,150.00,72,693.41,455.08,0.00
1,150.00,73,883.36,159.55,15.08
1,150.00,74,901.25,160.33,9.65
1,150.00,75,772.53,497.57,17.50
1,150.00,76,943.34,860.88,9.16
1,150.00,77,930.14,848.68,18.32
1,150.00,78,941.89,201.45,20.83
1,150.00,79,520.92,821.87,9.11
1,150.00,80,470.53,241.12,6.24
1,150.00,81,527.32,952.20,12.76
1,150.00,82,515.64,414.89,10.73
1,150.00,83,496.77,497.28,9.09
1,150.00,84,100.81,283.85,5.50
1,150.00,85,188.38,179.23,14.31
1,150.00,86,58.01,552.90,0.00
1,150.00,87,152.66,206.05,12.45
1,150.00,88,348.05,420.80,16.08
1,150.00,89,259.98,239.51,23.59
1,150.00,90,151.65,175.88,22.66
1,150.00,91,332.33,500.39,0.00
1,150.00,92,539.05,316.24,21.74
1,150.00,93,144.22,478.98,13.93
1,150.00,94,95.23,43.40,11.92
1,150.00,95,160.01,926.60,11.09
1,150.00,96,536.71,454.13,5.30
1,150.00,97,974.35,510.36,13.98
1,150.00,98,712.56,959.05,17.32
1,150.00,99,235.17,215.16,7.15
1,150.00,100,45.09,563.55,0.00
1,150.00,101,320.77,817.94,8.04
1,150.00,102,404.29,439.28,14.30
1,150.00,103,431.53,377.07,8.79
1,150.00,104,82.43,980.83,0.00
1,150.00,105,315.69,42.55,9.22
1,150.00,106,769.40,256.89,7.45
1,150.00,107,296.32,744.85,19.38
1,150.00,108,813.62,68.65,5.23
1,150.00,109,672.57,505.19,24.29
1,150.00,110,813.87,890.98,9.21
1,150.00,111,681.28,826.41,5.65
1,150.00,112,543.76,541.58,16.14
1,150.00,113,547.39,280.15,10.98
1,150.00,114,657.07,103.20,6.89
1,150.00,115,755.93,682.75,22.98
1,150.00,116,168.12,404.44,0.00
1,150.00,117,569.30,597.71,18.83
1,150.00,118,447.58,204.64,6.08
1,150.00,119,314.85,114.29,6.19
1,150.00,120,23.75,421.38,5.54
1,150.00,121,362.93,833.77,18.50
1,150.00,122,598.77,539.25,13.18
1,150.00,123,882.47,903.89,0.00
1,150.00,124,613.33,438.60,23.81
1,150.00,125,699.66,617.27,11.31
1,150.00,126,532.33,312.68,5.78
1,150.00,127,401.66,515.56,5.41
1,150.00,128,812.50,156.67,0.00
1,150.00,129,785.09,736.60,13.14
1,150.00,130,793.23,488.12,0.00
1,150.00,131,680.15,531.35,13.41
1,150.00,132,308.95,538.23,10.43
1,150.00,133,661.84,550.23,14.19
1,150.00,134,200.69,575.01,11.48
1,150.00,135,952.82,322.97,5.74
1,150.00,136,323.55,622.62,11.10
1,150.00,137,973.61,658.23,5.94
1,150.00,138,164.92,312.81,0.00
1,150.00,139,357.25,467.99,10.82
1,150.00,140,578.41,663.45,7.84
1,150.00,141,570.40,815.19,9.71
1,150.00,142,337.42,82.32,0.00
1,150.00,143,384.30,787.20,16.02
1,150.00,144,387.25,392.30,8.91
1,150.00,145,508.27,355.39,14.68
1,150.00,146,213.78,158.89,7.78
1,150.00,147,764.78,161.01,11.27
1,150.00,148,862.05,782.13,0.00
1,150.00,149,307.82,666.46,17.76
1,150.00,150,374.85,421.29,8.04
1,150.00,151,272.97,568.25,10.05
1,150.00,152,176.89,534.70,7.93
1,150.00,153,402.46,509.70,13.50
1,150.00,154,222.86,256.46,9.94
1,150.00,155,878.41,843.20,0.00
1,150.00,156,379.39,101.44,22.43
1,150.00,157,561.29,184.88,0.00
1,150.00,158,718.61,189.65,6.74
1,150.00,159,824.07,832.86,7.45
1,150.00,160,415.05,322.72,19.52
1,150.00,161,606.78,137.49,20.03
1,150.00,162,274.85,610.65,16.31
1,150.00,163,243.96,395.09,18.03
1,150.00,164,315.37,85.97,0.00
1,150.00,165,648.42,104.92,0.00
1,150.00,166,216.71,505.72,11.79
1,150.00,167,436.61,422.75,8.63
1,150.00,168,222.86,327.76,0.00
1,150.00,169,527.70,491.59,6.93
1,150.00,170,535.06,755.08,10.49
1,150.00,171,373.87,143.86,21.68
1,150.00,172,100.59,744.66,14.34
1,150.00,173,513.30,312.59,13.80
1,150.00,174,320.60,248.59,0.00
1,150.00,175,447.99,508.65,5.69
1,150.00,176,483.35,618.08,12.76
1,150.00,177,721.96,821.20,15.19
1,150.00,178,510.93,486.03,5.09
1,150.00,179,166.07,697.09,6.50
1,150.00,180,631.10,193.16,21.38
1,150.00,181,777.13,430.77,10.61
1,150.00,182,667.52,608.82,10.84
1,150.00,183,902.29,276.65,12.57
1,150.00,184,133.94,688.83,9.42
1,150.00,185,595.41,327.71,9.53
1,150.00,186,787.45,292.11,5.80
1,150.00,187,611.92,702.58,11.91
1,150.00,188,323.57,795.05,6.54
1,150.00,189,26.65,351.24,0.00
1,150.00,190,336.38,627.32,19.39
1,150.00,191,467.53,497.17,5.27
1,150.00,192,139.74,557.69,6.21
1,150.00,193,865.28,892.92,0.00
1,150.00,194,310.80,229.47,0.00
1,150.00,195,800.78,376.41,0.00
1,150.00,196,716.42,798.80,0.00
1,150.00,197,569.14,100.51,12.41
1,150.00,198,326.94,358.61,14.02
1,150.00,199,99.62,650.46,9.46
1,150.00,200,972.25,881.18,0.00
1,150.00,201,817.47,911.38,9.78
1,150.00,202,198.75,172.09,0.00
1,150.00,203,106.59,412.81,9.85
1,150.00,204,237.70,745.94,19.62
1,150.00,205,171.87,407.35,20.38
1,150.00,206,166.53,383.39,23.02
1,150.00,207,131.20,545.97,8.09
1,150.00,208,680.50,115.85,5.07
1,150.00,209,535.48,303.26,7.55
1,150.00,210,749.06,241.37,0.00
1,150.00,211,282.49,557.28,7.48
1,150.00,212,482.03,527.39,5.12
1,150.00,213,233.98,591.35,8.96
1,150.00,214,777.05,713.94,13.23
1,150.00,215,413.87,571.68,9.16
1,150.00,216,767.71,469.08,5.37
1,150.00,217,332.07,599.87,7.95
1,150.00,218,837.84,96.47,0.00
1,150.00,219,49.95,447.51,16.29
1,150.00,220,518.21,903.95,21.88
1,150.00,221,201.86,674.34,7.12
1,150.00,222,184.90,402.73,8.97
1,150.00,223,904.59,962.84,5.24
1,150.00,224,605.04,455.28,7.93
1,150.00,225,534.29,830.64,5.72
1,150.00,226,503.78,425.95,16.84
1,150.00,227,447.47,724.70,16.02
1,150.00,228,532.63,192.64,0.00
1,150.00,229,55.08,438.08,7.98
1,150.00,230,808.29,961.38,0.00
1,150.00,231,448.94,803.54,20.98
1,150.00,232,55.35,875.56,10.10
1,150.00,233,600.93,609.19,6.17
1,150.00,234,572.74,960.54,6.48
1,150.00,235,852.48,826.50,11.52
1,150.00,236,652.40,376.07,6.98
1,150.00,237,384.89,893.06,6.82
1,150.00,238,121.24,573.28,5.41
1,150.00,239,759.50,880.77,0.00
1,150.00,240,387.14,232.60,18.59
1,150.00,241,202.66,472.63,16.45
1,150.00,242,508.65,164.57,10.96
1,150.00,243,757.85,499.82,5.33
1,150.00,244,394.32,247.25,14.41
1,150.00,245,269.64,516.98,5.57
1,150.00,246,615.37,675.87,0.00
1,150.00,247,315.97,439.31,12.83
1,150.00,248,600.84,70.47,0.00
1,150.00,249,700.69,149.80,0.00
1,150.00,250,499.97,208.21,24.62
1,150.00,251,770.68,581.34,19.04
1,150.00,252,543.28,713.01,0.00
1,150.00,253,568.64,153.25,12.66
1,150.00,254,479.59,698.73,15.28
1,150.00,255,845.71,425.03,10.31
1,150.00,256,613.74,523.24,11.80
1,150.00,257,739.62,868.22,20.21
1,150.00,258,757.85,676.79,16.98
1,150.00,259,522.75,484.33,7.84
1,150.00,260,747.07,504.34,10.59
1,150.00,261,400.75,506.34,0.00
1,150.00,262,622.29,717.12,0.00
1,150.00,263,122.36,735.96,17.42
1,150.00,264,588.53,296.15,6.12
1,150.00,265,367.31,857.81,0.00
1,150.00,266,238.37,453.99,11.41
1,150.00,267,357.36,801.70,6.93
1,150.00,268,418.14,552.04,6.73
1,150.00,269,521.96,301.62,6.53
1,150.00,270,165.05,236.44,11.49
1,150.00,271,582.01,601.28,9.87
1,150.00,272,727.17,782.26,7.39
1,150.00,273,79.43,623.03,0.00
1,150.00,274,150.44,192.45,9.82
1,150.00,275,793.25,402.36,6.81
1,150.00,276,532.65,182.26,21.62
1,150.00,277,352.41,465.10,11.52
1,150.00,278,887.56,825.98,0.00
1,150.00,279,512.85,599.87,0.00
1,150.00,280,671.56,354.66,5.99
1,150.00,281,486.12,183.38,23.94
1,150.00,282,254.21,751.92,0.00
1,150.00,283,38.21,761.78,5.68
1,150.00,284,283.70,414.74,22.65
1,150.00,285,855.08,894.30,0.00
1,150.00,286,991.33,787.80,0.00
1,150.00,287,4.55,953.07,0.00
1,150.00,288,242.60,327.56,5.19
1,150.00,289,454.51,909.47,0.00
1,150.00,290,553.60,306.04,19.14
1,150.00,291,879.34,391.86,0.00
1,150.00,292,721.52,801.38,15.32
1,150.00,293,558.90,888.83,16.88
1,150.00,294,491.74,603.05,21.88
1,150.00,295,422.38,324.66,23.32
1,150.00,296,478.06,202.30,8.37
1,150.00,297,127.52,430.09,18.16
1,150.00,298,905.29,546.35,13.56
1,150.00,299,857.40,239.52,14.34
1,160.00,0,621.40,414.92,19.56
1,160.00,1,446.76,575.66,11.66
1,160.00,2,499.98,594.33,20.10
1,160.00,3,462.74,517.04,5.37
1,160.00,4,112.35,679.77,13.76
1,160.00,5,532.05,285.65,9.34
1,160.00,6,212.50,470.30,6.04
1,160.00,7,291.52,353.65,5.79
1,160.00,8,446.26,370.25,17.87
1,160.00,9,688.30,529.16,0.00
1,160.00,10,387.71,634.06,5.44
1,160.00,11,678.87,678.55,11.41
1,160.00,12,494.28,430.85,12.92
1,160.00,13,934.80,509.74,11.03
1,160.00,14,483.75,631.72,10.64
1,160.00,15,308.88,608.92,5.44
1,160.00,16,504.77,506.23,19.36
1,160.00,17,426.13,515.46,13.54
1,160.00,18,143.62,648.97,10.92
1,160.00,19,758.76,344.78,7.69
1,160.00,20,328.58,798.10,9.22
1,160.00,21,312.86,753.77,24.74
1,160.00,22,356.94,776.84,15.31
1,160.00,23,848.67,305.83,17.43
1,160.00,24,568.56,532.90,6.65
1,160.00,25,672.95,513.81,14.48
1,160.00,26,861.09,497.57,21.59
1,160.00,27,276.43,922.04,0.00
1,160.00,28,222.94,254.47,5.42
1,160.00,29,28.75,923.72,0.00
1,160.00,30,383.36,529.97,0.00
1,160.00,31,221.85,482.86,12.53
1,160.00,32,170.64,119.62,11.14
1,160.00,33,748.76,556.18,7.88
1,160.00,34,225.45,944.42,6.73
1,160.00,35,689.09,139.87,0.00
1,160.00,36,826.73,132.74,5.58
1,160.00,37,608.78,809.61,11.23
1,160.00,38,10.78,795.97,8.86
1,160.00,39,670.90,511.08,17.24
1,160.00,40,180.00,317.30,0.00
1,160.00,41,884.57,777.73,14.68
1,160.00,42,404.25,695.34,7.54
1,160.00,43,116.50,386.05,20.18
1,160.00,44,381.03,504.82,12.35
1,160.00,45,335.32,611.99,9.78
1,160.00,46,854.56,744.44,8.49
1,160.00,47,368.97,429.05,12.95
1,160.00,48,534.63,496.99,12.31
1,160.00,49,531.57,710.57,22.15
1,160.00,50,662.26,726.14,0.00
1,160.00,51,458.71,122.92,5.24
1,160.00,52,590.66,599.54,18.89
1,160.00,53,188.89,43.90,13.05
1,160.00,54,732.76,186.10,18.57
1,160.00,55,582.66,408.92,7.41
1,160.00,56,262.94,297.60,24.03
1,160.00,57,738.56,833.85,13.38
1,160.00,58,934.51,111.41,0.00
1,160.00,59,436.48,574.89,9.47
1,160.00,60,122.60,645.10,12.18
1,160.00,61,631.39,675.32,5.71
1,160.00,62,658.26,443.93,11.46
1,160.00,63,852.70,241.17,24.43
1,160.00,64,758.82,655.95,6.16
1,160.00,65,637.31,138.63,6.10
1,160.00,66,262.37,503.78,19.07
1,160.00,67,987.35,265.44,13.37
1,160.00,68,630.24,755.22,17.85
1,160.00,69,295.41,352.27,16.40
1,160.00,70,424.76,563.15,20.22
1,160.00,71,672.58,968.70,10.87
1,160.00,72,594.74,385.20,22.39
1,160.00,73,732.81,167.86,15.08
1,160.00,74,813.30,200.00,9.65
1,160.00,75,885.56,474.03,0.00
1,160.00,76,954.93,869.41,0.00
1,160.00,77,836.96,690.96,18.32
1,160.00,78,979.38,208.19,0.00
1,160.00,79,539.51,911.06,9.11
1,160.00,80,468.30,240.53,0.00
1,160.00,81,400.50,937.92,12.76
1,160.00,82,600.30,480.85,10.73
1,160.00,83,571.47,549.11,9.09
1,160.00,84,86.74,285.81,0.00
1,160.00,85,119.43,58.75,0.00
1,160.00,86,125.34,594.16,12.84
1,160.00,87,276.82,215.45,12.45
1,160.00,88,229.62,312.06,16.08
1,160.00,89,392.34,295.25,0.00
1,160.00,90,132.15,18.63,0.00
1,160.00,91,326.30,475.29,21.12
1,160.00,92,341.47,406.90,21.74
1,160.00,93,80.82,354.92,13.93
1,160.00,94,15.05,131.60,11.92
1,160.00,95,146.16,944.46,0.00
1,160.00,96,502.78,413.43,5.30
1,160.00,97,985.74,649.66,13.98
1,160.00,98,724.37,984.93,0.00
1,160.00,99,282.15,269.09,7.15
1,160.00,100,121.87,600.78,20.69
1,160.00,101,277.88,885.98,8.04
1,160.00,102,356.79,574.19,14.30
1,160.00,103,462.39,459.40,8.79
1,160.00,104,168.96,848.65,21.35
1,160.00,105,397.07,85.92,9.22
1,160.00,106,783.84,250.19,0.00
1,160.00,107,114.56,812.14,19.38
1,160.00,108,856.92,39.34,5.23
1,160.00,109,626.39,716.63,0.00
1,160.00,110,770.62,809.65,9.21
1,160.00,111,625.46,835.31,5.65
1,160.00,112,693.54,513.52,0.00
1,160.00,113,458.23,216.11,10.98
1,160.00,114,610.96,154.46,6.89
1,160.00,115,745.36,912.34,22.98
1,160.00,116,192.20,420.35,10.69
1,160.00,117,543.07,702.08,0.00
1,160.00,118,505.19,224.11,6.08
1,160.00,119,350.43,164.99,6.19
1,160.00,120,11.26,416.63,0.00
1,160.00,121,283.40,666.79,18.50
1,160.00,122,524.13,647.91,13.18
1,160.00,123,805.40,886.09,17.83
1,160.00,124,740.42,639.89,23.81
1,160.00,125,730.24,726.13,11.31
1,160.00,126,588.58,325.97,5.78
1,160.00,127,442.39,551.17,5.41
1,160.00,128,808.79,262.91,17.54
1,160.00,129,726.79,854.36,13.14
1,160.00,130,820.95,483.92,5.72
1,160.00,131,714.08,574.49,0.00
1,160.00,132,324.93,503.19,0.00
1,160.00,133,725.16,677.26,14.19
1,160.00,134,310.78,607.64,11.48
1,160.00,135,961.54,309.51,0.00
1,160.00,136,327.84,671.99,0.00
1,160.00,137,996.05,663.90,0.00
1,160.00,138,226.63,303.21,15.71
1,160.00,139,389.46,366.53,0.00
1,160.00,140,522.10,608.95,7.84
1,160.00,141,577.06,830.92,0.00
1,160.00,142,225.98,121.45,21.82
1,160.00,143,345.81,799.66,0.00
1,160.00,144,367.30,305.46,8.91
1,160.00,145,541.64,323.85,0.00
1,160.00,146,166.30,220.51,7.78
1,160.00,147,815.68,100.49,0.00
1,160.00,148,858.39,780.37,12.37
1,160.00,149,329.26,842.79,17.76
1,160.00,150,298.93,447.85,8.04
1,160.00,151,314.18,659.87,10.05
1,160.00,152,207.59,461.60,7.93
1,160.00,153,316.35,405.70,13.50
1,160.00,154,253.56,210.58,0.00
1,160.00,155,853.56,857.87,10.55
1,160.00,156,603.68,100.57,22.43
1,160.00,157,566.90,180.79,6.14
1,160.00,158,723.19,122.36,6.74
1,160.00,159,897.71,821.67,7.45
1,160.00,160,382.63,131.06,0.00
1,160.00,161,801.12,88.87,20.03
1,160.00,162,208.58,589.82,0.00
1,160.00,163,387.32,504.36,18.03
1,160.00,164,316.31,86.73,9.06
1,160.00,165,643.20,117.39,14.17
1,160.00,166,218.18,387.84,11.79
1,160.00,167,513.88,461.30,8.63
1,160.00,168,226.07,322.60,7.31
1,160.00,169,552.51,556.32,6.93
1,160.00,170,561.61,794.83,0.00
1,160.00,171,590.38,132.09,21.68
1,160.00,172,107.11,601.36,14.34
1,160.00,173,394.64,242.23,13.80
1,160.00,174,334.03,326.49,14.01
1,160.00,175,493.96,475.18,5.69
1,160.00,176,607.64,589.07,12.76
1,160.00,177,667.23,842.41,0.00
1,160.00,178,561.46,491.99,5.09
1,160.00,179,128.84,750.39,6.50
1,160.00,180,697.89,80.96,0.00
1,160.00,181,745.04,531.90,10.61
1,160.00,182,655.60,716.57,10.84
1,160.00,183,924.37,284.40,0.00
1,160.00,184,41.35,671.25,9.42
1,160.00,185,550.42,243.64,9.53
1,160.00,186,750.29,336.58,5.80
1,160.00,187,612.68,685.23,0.00
1,160.00,188,388.73,800.83,6.54
1,160.00,189,82.76,337.92,24.11
1,160.00,190,293.67,438.19,19.39
1,160.00,191,414.94,499.94,5.27
1,160.00,192,152.85,497.02,6.21
1,160.00,193,865.90,855.55,6.75
1,160.00,194,366.00,293.46,19.69
1,160.00,195,848.72,254.53,13.79
1,160.00,196,707.19,751.72,5.42
1,160.00,197,568.50,60.70,0.00
1,160.00,198,250.94,240.74,14.02
1,160.00,199,70.59,740.49,9.46
1,160.00,200,905.86,842.32,23.96
1,160.00,201,909.75,943.79,9.78
1,160.00,202,331.87,172.19,17.68
1,160.00,203,113.86,314.57,9.85
1,160.00,204,86.44,621.03,19.62
1,160.00,205,76.38,325.48,0.00
1,160.00,206,61.29,275.17,0.00
1,160.00,207,147.63,625.23,8.09
1,160.00,208,649.82,156.15,5.07
1,160.00,209,530.73,378.59,7.55
1,160.00,210,695.75,256.14,13.62
1,160.00,211,218.50,596.06,7.48
1,160.00,212,462.98,514.66,0.00
1,160.00,213,307.15,539.67,8.96
1,160.00,214,871.88,806.13,13.23
1,160.00,215,505.42,572.07,9.16
1,160.00,216,790.77,517.58,5.37
1,160.00,217,296.84,671.11,7.95
1,160.00,218,769.81,168.23,20.24
1,160.00,219,9.95,488.14,0.00
1,160.00,220,724.50,831.18,21.88
1,160.00,221,235.87,611.84,7.12
1,160.00,222,191.75,442.62,0.00
1,160.00,223,852.74,955.52,5.24
1,160.00,224,550.24,398.03,7.93
1,160.00,225,478.55,817.80,5.72
1,160.00,226,624.79,409.00,0.00
1,160.00,227,465.02,647.36,0.00
1,160.00,228,551.88,222.23,6.60
1,160.00,229,129.52,466.83,7.98
1,160.00,230,764.13,955.30,0.00
1,160.00,231,239.78,819.56,20.98
1,160.00,232,55.28,876.22,0.00
1,160.00,233,662.40,614.23,6.17
1,160.00,234,532.76,909.53,6.48
1,160.00,235,753.99,766.73,11.52
1,160.00,236,705.20,330.39,6.98
1,160.00,237,322.12,919.81,6.82
1,160.00,238,89.86,593.67,0.00
1,160.00,239,755.46,872.96,6.13
1,160.00,240,397.39,218.58,0.00
1,160.00,241,112.16,467.44,0.00
1,160.00,242,476.06,269.26,10.96
1,160.00,243,807.84,481.44,5.33
1,160.00,244,484.11,359.98,14.41
1,160.00,245,219.69,541.66,5.57
1,160.00,246,635.08,684.93,18.31
1,160.00,247,389.49,544.52,12.83
1,160.00,248,444.76,97.68,19.26
1,160.00,249,563.89,230.73,22.56
1,160.00,250,277.06,312.76,24.62
1,160.00,251,649.98,434.16,19.04
1,160.00,252,454.98,707.23,9.96
1,160.00,253,695.12,159.60,12.66
1,160.00,254,351.55,782.15,15.28
1,160.00,255,773.41,498.52,10.31
1,160.00,256,682.89,453.98,0.00
1,160.00,257,931.74,930.83,20.21
1,160.00,258,613.41,766.09,16.98
1,160.00,259,444.63,491.14,7.84
1,160.00,260,774.08,401.92,10.59
1,160.00,261,421.60,458.43,0.00
1,160.00,262,651.85,721.11,0.00
1,160.00,263,25.87,881.04,17.42
1,160.00,264,628.99,250.18,6.12
1,160.00,265,380.47,811.24,21.66
1,160.00,266,340.56,504.71,11.41
1,160.00,267,385.26,738.28,6.93
1,160.00,268,485.39,549.55,6.73
1,160.00,269,465.63,268.67,6.53
1,160.00,270,268.97,187.52,11.49
1,160.00,271,483.32,598.64,9.87
1,160.00,272,692.36,717.06,7.39
1,160.00,273,94.70,621.76,5.15
1,160.00,274,240.23,232.29,9.82
1,160.00,275,807.59,427.53,0.00
1,160.00,276,697.84,254.35,0.00
1,160.00,277,364.64,350.52,11.52
1,160.00,278,796.19,761.05,24.26
1,160.00,279,481.40,558.50,13.68
1,160.00,280,659.65,413.39,5.99
1,160.00,281,700.71,77.18,23.94
1,160.00,282,417.96,892.62,21.87
1,160.00,283,44.21,705.28,5.68
1,160.00,284,223.98,200.14,0.00
1,160.00,285,878.91,902.03,0.00
1,160.00,286,953.69,785.25,15.44
1,160.00,287,49.62,915.75,9.28
1,160.00,288,269.74,371.81,5.19
1,160.00,289,478.51,881.14,7.76
1,160.00,290,516.18,493.74,19.14
1,160.00,291,829.16,424.20,7.39
1,160.00,292,695.06,650.52,15.32
1,160.00,293,501.39,893.69,0.00
1,160.00,294,695.54,523.51,21.88
1,160.00,295,597.94,171.17,23.32
1,160.00,296,426.62,136.30,8.37
1,160.00,297,156.12,383.27,0.00
1,160.00,298,857.47,673.24,13.56
1,160.00,299,963.34,336.20,14.34
1,170.00,0,612.18,610.26,19.56
1,170.00,1,458.95,580.19,0.00
1,170.00,2,631.60,746.17,20.10
1,170.00,3,497.02,475.67,5.37
1,170.00,4,220.57,764.78,13.76
1,170.00,5,585.18,208.89,9.34
1,170.00,6,203.26,529.95,6.04
1,170.00,7,259.98,305.05,5.79
1,170.00,8,394.11,305.64,0.00
1,170.00,9,673.48,516.78,15.27
1,170.00,10,417.36,679.71,5.44
1,170.00,11,567.95,705.48,11.41
1,170.00,12,513.91,475.76,0.00
1,170.00,13,907.33,402.95,11.03
1,170.00,14,579.01,679.07,10.64
1,170.00,15,345.61,568.80,5.44
1,170.00,16,610.33,668.57,19.36
1,170.00,17,547.48,575.58,13.54
1,170.00,18,107.94,647.36,0.00
1,170.00,19,697.66,298.09,7.69
1,170.00,20,287.04,862.03,0.00
1,170.00,21,559.40,773.80,24.74
1,170.00,22,204.43,789.82,15.31
1,170.00,23,878.88,240.22,0.00
1,170.00,24,529.61,478.94,6.65
1,170.00,25,645.41,655.96,14.48
1,170.00,26,671.28,394.79,21.59
1,170.00,27,327.37,884.31,15.59
1,170.00,28,183.66,217.19,5.42
1,170.00,29,44.14,925.09,7.87
1,170.00,30,460.34,542.14,12.23
1,170.00,31,129.44,398.31,12.53
1,170.00,32,219.21,219.85,11.14
1,170.00,33,781.81,484.63,7.88
1,170.00,34,158.17,943.88,6.73
1,170.00,35,637.16,34.70,0.00
1,170.00,36,880.58,118.14,5.58
1,170.00,37,509.56,862.23,11.23
1,170.00,38,53.61,718.36,8.86
1,170.00,39,706.38,679.77,17.24
1,170.00,40,231.50,287.83,11.22
1,170.00,41,998.91,788.16,0.00
1,170.00,42,428.54,766.69,7.54
1,170.00,43,108.55,280.56,0.00
1,170.00,44,258.43,519.55,12.35
1,170.00,45,323.34,709.06,9.78
1,170.00,46,788.33,797.51,8.49
1,170.00,47,289.23,531.03,12.95
1,170.00,48,577.47,612.38,12.31
1,170.00,49,343.08,594.21,22.15
1,170.00,50,614.36,681.63,19.54
1,170.00,51,463.50,103.45,0.00
1,170.00,52,402.64,617.63,18.89
1,170.00,53,199.91,172.78,0.00
1,170.00,54,829.45,127.52,0.00
1,170.00,55,610.42,340.18,7.41
1,170.00,56,301.22,60.37,24.03
1,170.00,57,617.79,891.49,13.38
1,170.00,58,924.57,111.37,16.59
1,170.00,59,518.25,617.60,0.00
1,170.00,60,80.82,759.52,12.18
1,170.00,61,631.12,618.20,5.71
1,170.00,62,763.41,398.45,11.46
1,170.00,63,608.44,243.22,24.43
1,170.00,64,703.10,629.69,6.16
1,170.00,65,676.86,92.18,6.10
1,170.00,66,406.87,628.29,19.07
1,170.00,67,997.02,260.05,0.00
1,170.00,68,597.67,579.74,17.85
1,170.00,69,446.43,288.23,16.40
1,170.00,70,612.39,487.71,20.22
1,170.00,71,563.90,965.09,10.87
1,170.00,72,412.00,255.78,22.39
1,170.00,73,582.26,176.17,15.08
1,170.00,74,725.35,239.66,9.65
1,170.00,75,850.54,460.49,11.04
1,170.00,76,904.91,796.81,10.46
1,170.00,77,743.78,533.25,18.32
1,170.00,78,886.10,274.21,13.99
1,170.00,79,545.37,939.13,0.00
1,170.00,80,644.43,258.34,18.38
1,170.00,81,354.29,932.72,0.00
1,170.00,82,684.95,546.81,10.73
1,170.00,83,646.16,600.94,9.09
1,170.00,84,108.22,422.63,18.68
1,170.00,85,126.80,58.33,24.61
1,170.00,86,234.85,661.28,12.84
1,170.00,87,400.97,224.86,12.45
1,170.00,88,202.55,287.20,0.00
1,170.00,89,333.65,370.80,24.45
1,170.00,90,151.52,41.19,9.88
1,170.00,91,276.97,269.93,21.12
1,170.00,92,254.96,446.60,0.00
1,170.00,93,30.51,256.47,0.00
1,170.00,94,1.82,146.15,0.00
1,170.00,95,126.74,856.29,11.34
1,170.00,96,468.86,372.74,5.30
1,170.00,97,993.19,740.69,0.00
1,170.00,98,744.64,925.14,7.55
1,170.00,99,329.13,323.02,7.15
1,170.00,100,304.54,689.36,0.00
1,170.00,101,235.00,954.02,8.04
1,170.00,102,309.29,709.09,14.30
1,170.00,103,493.24,541.73,8.79
1,170.00,104,285.86,670.05,21.35
1,170.00,105,478.44,129.30,9.22
1,170.00,106,710.74,269.38,9.61
1,170.00,107,71.79,827.97,0.00
1,170.00,108,892.20,15.46,0.00
1,170.00,109,637.69,706.36,14.01
1,170.00,110,727.36,728.33,9.21
1,170.00,111,569.64,844.21,5.65
1,170.00,112,704.44,520.91,23.65
1,170.00,113,385.35,163.78,0.00
1,170.00,114,564.84,205.72,6.89
1,170.00,115,742.21,980.52,0.00
1,170.00,116,281.42,479.29,10.69
1,170.00,117,502.27,698.76,9.56
1,170.00,118,562.81,243.59,6.08
1,170.00,119,386.01,215.68,6.19
1,170.00,120,155.66,439.52,19.27
1,170.00,121,271.93,642.70,0.00
1,170.00,122,449.48,756.58,13.18
1,170.00,123,631.64,845.95,17.83
1,170.00,124,791.26,720.42,0.00
1,170.00,125,760.82,834.98,11.31
1,170.00,126,644.84,339.27,5.78
1,170.00,127,483.12,586.78,5.41
1,170.00,128,802.67,438.20,17.54
1,170.00,129,720.81,866.44,0.00
1,170.00,130,877.53,475.36,5.72
1,170.00,131,627.63,636.31,17.99
1,170.00,132,414.15,495.45,14.20
1,170.00,133,788.47,804.29,14.19
1,170.00,134,420.87,640.27,11.48
1,170.00,135,951.01,189.82,16.67
1,170.00,136,386.51,685.16,10.86
1,170.00,137,967.45,557.39,18.06
1,170.00,138,381.85,279.08,15.71
1,170.00,139,391.14,369.48,21.43
1,170.00,140,465.79,554.46,7.84
1,170.00,141,547.77,766.21,8.62
1,170.00,142,20.14,193.72,21.82
1,170.00,143,349.13,721.19,10.51
1,170.00,144,347.35,218.63,8.91
1,170.00,145,548.58,372.52,7.15
1,170.00,146,118.83,282.13,7.78
1,170.00,147,800.45,113.80,6.78
1,170.00,148,746.84,726.85,12.37
1,170.00,149,339.52,927.17,0.00
1,170.00,150,230.79,471.68,0.00
1,170.00,151,355.39,751.49,10.05
1,170.00,152,238.29,388.50,7.93
1,170.00,153,230.24,301.71,13.50
1,170.00,154,305.13,262.72,16.50
1,170.00,155,823.31,875.72,0.00
1,170.00,156,827.97,99.70,22.43
1,170.00,157,616.54,144.63,6.14
1,170.00,158,727.77,55.07,6.74
1,170.00,159,971.35,810.47,7.45
1,170.00,160,383.08,131.34,13.14
1,170.00,161,965.13,47.83,0.00
1,170.00,162,300.91,537.38,18.50
1,170.00,163,530.69,613.62,18.03
1,170.00,164,386.45,144.02,9.06
1,170.00,165,588.43,248.08,14.17
1,170.00,166,219.61,273.30,0.00
1,170.00,167,591.14,499.85,8.63
1,170.00,168,264.67,260.52,7.31
1,170.00,169,577.33,621.04,6.93
1,170.00,170,601.17,772.25,8.37
1,170.00,171,806.88,120.32,21.68
1,170.00,172,113.63,458.06,14.34
1,170.00,173,275.98,171.87,13.80
1,170.00,174,357.81,464.55,14.01
1,170.00,175,539.93,441.70,5.69
1,170.00,176,639.37,581.66,0.00
1,170.00,177,645.11,812.01,6.13
1,170.00,178,611.98,497.95,5.09
1,170.00,179,91.60,803.69,6.50
1,170.00,180,662.00,119.75,13.58
1,170.00,181,712.94,633.03,10.61
1,170.00,182,643.68,824.33,10.84
1,170.00,183,935.72,373.46,11.03
1,170.00,184,10.97,665.48,0.00
1,170.00,185,505.43,159.58,9.53
1,170.00,186,713.13,381.05,5.80
1,170.00,187,640.43,632.24,7.00
1,170.00,188,453.89,806.61,6.54
1,170.00,189,317.32,282.27,24.11
1,170.00,190,280.94,381.81,0.00
1,170.00,191,362.36,502.72,5.27
1,170.00,192,165.97,436.35,6.21
1,170.00,193,867.02,788.11,6.75
1,170.00,194,494.60,442.53,19.69
1,170.00,195,861.63,221.72,0.00
1,170.00,196,696.76,698.51,5.42
1,170.00,197,482.32,196.23,23.65
1,170.00,198,191.52,148.58,0.00
1,170.00,199,41.56,830.52,9.46
1,170.00,200,699.06,721.26,23.96
1,170.00,201,981.09,968.85,0.00
1,170.00,202,508.63,172.32,17.68
1,170.00,203,113.99,312.78,0.00
1,170.00,204,5.85,554.48,0.00
1,170.00,205,72.80,413.10,22.90
1,170.00,206,134.51,284.84,21.45
1,170.00,207,164.07,704.49,8.09
1,170.00,208,619.14,196.45,5.07
1,170.00,209,525.97,453.92,7.55
1,170.00,210,564.46,292.52,13.62
1,170.00,211,154.51,634.84,7.48
1,170.00,212,404.54,567.34,14.25
1,170.00,213,339.75,516.63,0.00
1,170.00,214,885.64,819.51,0.00
1,170.00,215,596.97,572.47,9.16
1,170.00,216,813.83,566.08,5.37
1,170.00,217,261.61,742.35,7.95
1,170.00,218,630.56,315.09,20.24
1,170.00,219,82.51,484.06,11.18
1,170.00,220,852.60,785.99,0.00
1,170.00,221,269.88,549.34,7.12
1,170.00,222,296.76,511.01,22.82
1,170.00,223,800.89,948.19,5.24
1,170.00,224,495.43,340.78,7.93
1,170.00,225,422.80,804.96,5.72
1,170.00,226,596.97,431.46,13.02
1,170.00,227,452.13,687.58,8.36
1,170.00,228,587.88,277.54,6.60
1,170.00,229,203.96,495.57,7.98
1,170.00,230,754.18,945.33,9.75
1,170.00,231,116.79,828.98,0.00
1,170.00,232,193.73,873.66,13.94
1,170.00,233,723.88,619.26,6.17
1,170.00,234,492.78,858.51,6.48
1,170.00,235,655.50,706.96,11.52
1,170.00,236,758.01,284.72,6.98
1,170.00,237,266.67,943.43,0.00
1,170.00,238,125.45,594.74,11.56
1,170.00,239,727.28,818.49,6.13
1,170.00,240,458.86,377.32,18.78
1,170.00,241,163.05,410.06,17.09
1,170.00,242,443.46,373.94,10.96
1,170.00,243,857.83,463.06,5.33
1,170.00,244,573.90,472.71,14.41
1,170.00,245,169.75,566.34,5.57
1,170.00,246,801.49,761.44,18.31
1,170.00,247,463.00,649.73,12.83
1,170.00,248,255.03,130.75,19.26
1,170.00,249,369.69,345.61,22.56
1,170.00,250,147.27,373.64,0.00
1,170.00,251,529.27,286.97,19.04
1,170.00,252,355.61,700.72,9.96
1,170.00,253,821.59,165.95,12.66
1,170.00,254,289.50,822.58,0.00
1,170.00,255,701.11,572.02,10.31
1,170.00,256,660.28,480.88,20.56
1,170.00,257,935.68,932.11,0.00
1,170.00,258,509.03,830.62,0.00
1,170.00,259,366.51,497.95,7.84
1,170.00,260,801.09,299.50,10.59
1,170.00,261,460.48,496.28,8.85
1,170.00,262,612.15,710.96,13.56
1,170.00,263,12.46,901.19,0.00
1,170.00,264,669.46,204.21,6.12
1,170.00,265,439.38,602.77,21.66
1,170.00,266,442.74,555.42,11.41
1,170.00,267,413.16,674.86,6.93
1,170.00,268,552.64,547.07,6.73
1,170.00,269,409.30,235.72,6.53
1,170.00,270,372.89,138.61,11.49
1,170.00,271,384.62,595.99,9.87
1,170.00,272,657.55,651.85,7.39
1,170.00,273,146.08,617.50,5.15
1,170.00,274,330.02,272.13,9.82
1,170.00,275,771.48,452.53,7.64
1,170.00,276,666.34,236.65,21.70
1,170.00,277,373.72,265.48,0.00
1,170.00,278,598.44,620.52,24.26
1,170.00,279,398.58,449.58,13.68
1,170.00,280,647.74,472.11,5.99
1,170.00,281,832.08,12.16,0.00
1,170.00,282,513.78,974.95,0.00
1,170.00,283,50.20,648.79,5.68
1,170.00,284,226.02,200.48,12.35
1,170.00,285,821.90,904.18,10.08
1,170.00,286,799.61,774.84,15.44
1,170.00,287,121.11,856.54,9.28
1,170.00,288,296.88,416.06,5.19
1,170.00,289,528.68,821.91,7.76
1,170.00,290,478.76,681.45,19.14
1,170.00,291,767.03,464.24,7.39
1,170.00,292,668.61,499.66,15.32
1,170.00,293,454.53,892.78,7.12
1,170.00,294,769.85,494.51,0.00
1,170.00,295,773.51,17.67,23.32
1,170.00,296,393.76,94.15,0.00
1,170.00,297,273.59,467.73,20.73
1,170.00,298,809.65,800.14,13.56
1,170.00,299,984.55,355.56,0.00
1,180.00,0,609.89,658.79,0.00
1,180.00,1,288.24,527.15,20.12
1,180.00,2,763.22,898.02,20.10
1,180.00,3,516.64,451.98,0.00
1,180.00,4,328.79,849.79,13.76
1,180.00,5,633.35,139.31,0.00
1,180.00,6,194.02,589.60,6.04
1,180.00,7,228.43,256.46,5.79
1,180.00,8,440.48,309.10,8.69
1,180.00,9,556.25,418.86,15.27
1,180.00,10,447.01,725.36,5.44
1,180.00,11,457.03,732.40,11.41
1,180.00,12,552.56,518.05,9.23
1,180.00,13,879.86,296.17,11.03
1,180.00,14,674.26,726.42,10.64
1,180.00,15,382.34,528.68,5.44
1,180.00,16,715.88,830.92,19.36
1,180.00,17,668.83,635.71,13.54
1,180.00,18,165.01,621.48,9.31
1,180.00,19,636.57,251.39,7.69
1,180.00,20,301.01,832.41,18.94
1,180.00,21,805.95,793.82,24.74
1,180.00,22,51.92,802.81,15.31
1,180.00,23,800.74,327.82,20.04
1,180.00,24,490.65,424.99,6.65
1,180.00,25,617.87,798.10,14.48
1,180.00,26,481.46,292.01,21.59
1,180.00,27,452.67,791.51,15.59
1,180.00,28,144.38,179.90,5.42
1,180.00,29,122.51,932.05,7.87
1,180.00,30,581.12,561.23,12.23
1,180.00,31,77.82,351.08,0.00
1,180.00,32,267.78,320.08,11.14
1,180.00,33,814.86,413.07,7.88
1,180.00,34,90.89,943.34,6.73
1,180.00,35,654.76,49.02,9.52
1,180.00,36,934.42,103.55,5.58
1,180.00,37,464.02,886.38,0.00
1,180.00,38,96.43,640.75,8.86
1,180.00,39,737.76,828.98,0.00
1,180.00,40,328.92,232.08,11.22
1,180.00,41,984.70,772.64,9.66
1,180.00,42,436.75,790.81,0.00
1,180.00,43,172.89,289.35,13.65
1,180.00,44,257.19,519.70,0.00
1,180.00,45,313.14,791.66,0.00
1,180.00,46,722.10,850.57,8.49
1,180.00,47,209.49,633.00,12.95
1,180.00,48,620.31,727.77,12.31
1,180.00,49,215.68,515.57,0.00
1,180.00,50,471.21,548.64,19.54
1,180.00,51,517.54,172.54,14.21
1,180.00,52,223.21,634.90,0.00
1,180.00,53,202.02,173.63,24.72
1,180.00,54,818.25,168.61,10.89
1,180.00,55,638.18,271.44,7.41
1,180.00,56,301.54,58.38,0.00
1,180.00,57,571.66,913.50,0.00
1,180.00,58,758.63,110.70,16.59
1,180.00,59,519.64,617.92,5.45
1,180.00,60,39.04,873.95,12.18
1,180.00,61,630.85,561.08,5.71
1,180.00,62,827.30,370.81,0.00
1,180.00,63,396.04,245.00,0.00
1,180.00,64,647.38,603.43,6.16
1,180.00,65,716.41,45.73,6.10
1,180.00,66,551.37,752.80,19.07
1,180.00,67,776.11,297.07,24.42
1,180.00,68,565.10,404.26,17.85
1,180.00,69,597.45,224.19,16.40
1,180.00,70,800.01,412.27,20.22
1,180.00,71,455.23,961.47,10.87
1,180.00,72,355.75,215.94,0.00
1,180.00,73,462.08,182.81,0.00
1,180.00,74,637.40,279.33,9.65
1,180.00,75,747.58,420.71,11.04
1,180.00,76,845.56,710.68,10.46
1,180.00,77,728.29,507.02,0.00
1,180.00,78,771.93,355.01,13.99
1,180.00,79,448.08,808.76,23.74
1,180.00,80,795.47,273.61,0.00
1,180.00,81,412.92,880.19,12.39
1,180.00,82,769.61,612.76,10.73
1,180.00,83,720.86,652.77,9.09
1,180.00,84,137.20,607.13,18.68
1,180.00,85,372.54,44.26,24.61
1,180.00,86,344.37,728.40,12.84
1,180.00,87,525.13,234.26,12.45
1,180.00,88,309.10,355.31,16.39
1,180.00,89,206.36,534.66,0.00
1,180.00,90,215.93,116.16,9.88
1,180.00,91,238.74,110.81,0.00
1,180.00,92,325.71,355.22,20.56
1,180.00,93,48.27,265.54,9.66
1,180.00,94,163.89,137.94,19.43
1,180.00,95,102.35,745.58,11.34
1,180.00,96,434.94,332.04,5.30
1,180.00,97,977.54,689.95,15.32
1,180.00,98,768.89,853.62,7.55
1,180.00,99,376.11,376.95,7.15
1,180.00,100,302.93,685.10,24.08
1,180.00,101,222.16,974.40,0.00
1,180.00,102,261.79,844.00,14.30
1,180.00,103,524.09,624.06,8.79
1,180.00,104,402.76,491.45,21.35
1,180.00,105,559.82,172.67,9.22
1,180.00,106,617.78,293.78,9.61
1,180.00,107,132.46,782.68,9.90
1,180.00,108,868.66,14.89,12.70
1,180.00,109,741.40,612.16,14.01
1,180.00,110,684.11,647.00,9.21
1,180.00,111,513.82,853.11,5.65
1,180.00,112,709.62,524.42,0.00
1,180.00,113,421.02,185.68,22.92
1,180.00,114,518.73,256.97,6.89
1,180.00,115,749.11,940.72,5.75
1,180.00,116,370.63,538.23,10.69
1,180.00,117,407.03,691.03,9.56
1,180.00,118,620.43,263.06,6.08
1,180.00,119,421.59,266.38,6.19
1,180.00,120,345.94,469.70,19.27
1,180.00,121,309.56,590.96,7.48
1,180.00,122,374.84,865.25,13.18
1,180.00,123,457.88,805.81,17.83
1,180.00,124,750.82,732.35,7.03
1,180.00,125,791.40,943.84,11.31
1,180.00,126,701.10,352.56,5.78
1,180.00,127,523.85,622.39,5.41
1,180.00,128,796.55,613.48,17.54
1,180.00,129,579.84,768.45,19.13
1,180.00,130,934.11,466.80,5.72
1,180.00,131,481.28,740.96,17.99
1,180.00,132,555.65,483.18,14.20
1,180.00,133,799.09,825.60,0.00
1,180.00,134,530.96,672.90,11.48
1,180.00,135,940.70,72.66,0.00
1,180.00,136,492.48,708.96,10.86
1,180.00,137,925.55,401.32,0.00
1,180.00,138,537.08,254.95,15.71
1,180.00,139,497.17,555.76,21.43
1,180.00,140,409.48,499.96,7.84
1,180.00,141,512.21,687.68,8.62
1,180.00,142,15.02,195.52,0.00
1,180.00,143,353.57,616.21,10.51
1,180.00,144,327.39,131.79,8.91
1,180.00,145,558.69,443.33,7.15
1,180.00,146,71.35,343.75,7.78
1,180.00,147,749.39,158.44,6.78
1,180.00,148,635.30,673.34,12.37
1,180.00,149,355.71,844.87,16.08
1,180.00,150,235.70,469.87,5.11
1,180.00,151,396.59,843.10,10.05
1,180.00,152,269.00,315.41,7.93
1,180.00,153,144.13,197.71,13.50
1,180.00,154,421.16,380.03,16.50
1,180.00,155,835.59,735.92,21.04
1,180.00,156,912.98,99.37,0.00
1,180.00,157,647.11,122.36,0.00
1,180.00,158,730.03,21.95,0.00
1,180.00,159,973.56,810.14,0.00
1,180.00,160,494.32,201.21,13.14
1,180.00,161,957.12,53.05,6.12
1,180.00,162,461.78,446.02,18.50
1,180.00,163,674.05,722.88,18.03
1,180.00,164,456.58,201.31,9.06
1,180.00,165,533.67,378.77,14.17
1,180.00,166,224.46,276.29,20.11
1,180.00,167,668.40,538.39,8.63
1,180.00,168,303.28,198.45,7.31
1,180.00,169,602.14,685.77,6.93
1,180.00,170,640.51,749.79,0.00
1,180.00,171,862.74,117.28,0.00
1,180.00,172,120.15,314.76,14.34
1,180.00,173,157.32,101.51,13.80
1,180.00,174,381.60,602.61,14.01
1,180.00,175,585.90,408.22,5.69
1,180.00,176,534.44,663.61,17.88
1,180.00,177,609.06,762.47,6.13
1,180.00,178,662.51,503.91,5.09
1,180.00,179,76.15,825.80,0.00
1,180.00,180,569.79,219.39,13.58
1,180.00,181,680.85,734.16,10.61
1,180.00,182,631.88,930.91,0.00
1,180.00,183,949.67,482.90,11.03
1,180.00,184,147.75,645.64,20.57
1,180.00,185,460.45,75.51,9.53
1,180.00,186,675.97,425.52,5.80
1,180.00,187,672.93,570.21,7.00
1,180.00,188,519.05,812.39,6.54
1,180.00,189,373.38,268.97,0.00
1,180.00,190,413.80,298.00,22.38
1,180.00,191,335.22,504.16,0.00
1,180.00,192,179.08,375.67,6.21
1,180.00,193,868.14,720.66,6.75
1,180.00,194,623.20,591.61,19.69
1,180.00,195,792.17,223.64,9.34
1,180.00,196,686.33,645.31,5.42
1,180.00,197,355.43,395.77,23.65
1,180.00,198,210.52,166.88,12.10
1,180.00,199,12.53,920.55,9.46
1,180.00,200,492.25,600.21,23.96
1,180.00,201,960.08,931.16,19.02
1,180.00,202,528.19,172.34,0.00
1,180.00,203,195.67,314.98,8.32
1,180.00,204,91.70,573.01,18.80
1,180.00,205,68.14,527.32,0.00
1,180.00,206,347.19,312.92,21.45
1,180.00,207,179.25,777.73,0.00
1,180.00,208,588.46,236.76,5.07
1,180.00,209,523.47,493.53,0.00
1,180.00,210,433.18,328.91,13.62
1,180.00,211,125.33,652.53,0.00
1,180.00,212,298.74,662.73,14.25
1,180.00,213,384.22,549.77,10.00
1,180.00,214,827.89,739.64,11.53
1,180.00,215,688.53,572.86,9.16
1,180.00,216,836.88,614.58,5.37
1,180.00,217,226.38,813.59,7.95
1,180.00,218,491.32,461.96,20.24
1,180.00,219,194.12,477.79,11.18
1,180.00,220,834.59,799.35,5.92
1,180.00,221,303.89,486.84,7.12
1,180.00,222,488.02,635.57,22.82
1,180.00,223,749.04,940.87,5.24
1,180.00,224,440.62,283.53,7.93
1,180.00,225,367.06,792.12,5.72
1,180.00,226,495.65,513.23,13.02
1,180.00,227,426.61,767.22,8.36
1,180.00,228,623.88,332.85,6.60
1,180.00,229,278.40,524.32,7.98
1,180.00,230,685.30,876.36,9.75
1,180.00,231,154.62,769.89,17.03
1,180.00,232,333.10,871.08,13.94
1,180.00,233,785.36,624.29,6.17
1,180.00,234,452.80,807.49,6.48
1,180.00,235,557.00,647.19,11.52
1,180.00,236,796.58,251.35,0.00
1,180.00,237,280.12,927.45,17.91
1,180.00,238,240.96,598.19,11.56
1,180.00,239,699.10,764.03,6.13
1,180.00,240,526.66,552.43,18.78
1,180.00,241,276.43,282.22,17.09
1,180.00,242,410.86,478.62,10.96
1,180.00,243,883.35,453.68,0.00
1,180.00,244,663.68,585.44,14.41
1,180.00,245,142.67,579.72,0.00
1,180.00,246,967.89,837.94,18.31
1,180.00,247,479.04,672.69,0.00
1,180.00,248,214.27,137.86,0.00
1,180.00,249,358.30,352.35,0.00
1,180.00,250,127.19,424.67,13.13
1,180.00,251,408.56,139.79,19.04
1,180.00,252,294.89,696.74,0.00
1,180.00,253,878.43,168.81,0.00
1,180.00,254,281.96,792.34,6.05
1,180.00,255,628.81,645.51,10.31
1,180.00,256,539.45,624.62,0.00
1,180.00,257,833.84,810.20,16.22
1,180.00,258,547.52,820.06,14.39
1,180.00,259,288.39,504.77,7.84
1,180.00,260,828.09,197.08,10.59
1,180.00,261,523.91,558.03,8.85
1,180.00,262,480.83,677.36,13.56
1,180.00,263,48.54,755.24,17.46
1,180.00,264,687.96,183.18,0.00
1,180.00,265,498.29,394.30,21.66
1,180.00,266,544.93,606.13,11.41
1,180.00,267,441.06,611.44,6.93
1,180.00,268,619.88,544.58,6.73
1,180.00,269,352.97,202.76,6.53
1,180.00,270,476.81,89.70,11.49
1,180.00,271,355.67,595.21,0.00
1,180.00,272,622.74,586.65,7.39
1,180.00,273,197.45,613.23,5.15
1,180.00,274,419.80,311.97,9.82
1,180.00,275,708.63,496.06,7.64
1,180.00,276,477.21,130.34,21.70
1,180.00,277,397.22,271.05,9.37
1,180.00,278,400.68,479.99,24.26
1,180.00,279,315.76,340.67,13.68
1,180.00,280,635.83,530.83,5.99
1,180.00,281,846.78,100.05,22.98
1,180.00,282,591.70,931.99,21.07
1,180.00,283,56.19,592.30,5.68
1,180.00,284,347.77,221.16,12.35
1,180.00,285,721.21,907.98,10.08
1,180.00,286,645.52,764.42,15.44
1,180.00,287,192.59,797.33,9.28
1,180.00,288,324.01,460.31,5.19
1,180.00,289,578.86,762.68,7.76
1,180.00,290,441.34,869.15,19.14
1,180.00,291,704.90,504.27,7.39
1,180.00,292,642.15,348.80,15.32
1,180.00,293,444.05,892.58,0.00
1,180.00,294,801.47,499.45,5.04
1,180.00,295,788.73,4.36,0.00
1,180.00,296,455.75,94.81,17.15
1,180.00,297,441.91,588.75,20.73
1,180.00,298,790.83,850.07,0.00
1,180.00,299,951.49,417.02,8.72
1,190.00,0,519.21,703.94,13.48
1,190.00,1,174.11,491.70,0.00
1,190.00,2,763.41,898.24,0.00
1,190.00,3,485.10,368.03,20.97
1,190.00,4,393.74,900.81,0.00
1,190.00,5,632.07,144.22,5.43
1,190.00,6,184.77,649.26,6.04
1,190.00,7,220.08,243.59,0.00
1,190.00,8,527.10,315.55,8.69
1,190.00,9,439.02,320.95,15.27
1,190.00,10,476.66,771.00,5.44
1,190.00,11,365.54,754.61,0.00
1,190.00,12,614.83,586.21,9.23
1,190.00,13,852.40,189.38,11.03
1,190.00,14,736.23,757.22,0.00
1,190.00,15,419.08,488.55,5.44
1,190.00,16,811.87,978.56,0.00
1,190.00,17,684.15,643.30,0.00
1,190.00,18,249.84,583.01,9.31
1,190.00,19,575.47,204.70,7.69
1,190.00,20,381.79,661.14,18.94
1,190.00,21,976.89,807.71,0.00
1,190.00,22,35.58,804.20,0.00
1,190.00,23,667.34,477.38,20.04
1,190.00,24,451.69,371.03,6.65
1,190.00,25,613.49,820.69,0.00
1,190.00,26,468.80,285.15,0.00
1,190.00,27,577.97,698.71,15.59
1,190.00,28,105.10,142.62,5.42
1,190.00,29,200.88,939.02,7.87
1,190.00,30,701.90,580.32,12.23
1,190.00,31,152.36,380.03,18.12
1,190.00,32,316.34,420.31,11.14
1,190.00,33,847.91,341.51,7.88
1,190.00,34,23.62,942.80,6.73
1,190.00,35,728.62,109.13,9.52
1,190.00,36,988.26,88.96,5.58
1,190.00,37,488.15,937.26,10.41
1,190.00,38,139.26,563.13,8.86
1,190.00,39,736.19,822.17,6.05
1,190.00,40,426.34,176.33,11.22
1,190.00,41,919.47,701.38,9.66
1,190.00,42,466.29,732.43,9.88
1,190.00,43,202.62,293.42,0.00
1,190.00,44,399.11,406.80,0.00
1,190.00,45,342.52,810.72,23.49
1,190.00,46,677.94,885.95,0.00
1,190.00,47,175.98,675.87,0.00
1,190.00,48,651.83,812.69,0.00
1,190.00,49,251.50,557.48,17.01
1,190.00,50,328.06,415.64,19.54
1,190.00,51,605.10,284.48,14.21
1,190.00,52,227.63,628.45,17.10
1,190.00,53,431.08,266.52,24.72
1,190.00,54,789.61,273.63,10.89
1,190.00,55,665.94,202.70,7.41
1,190.00,56,385.22,175.25,14.49
1,190.00,57,682.62,981.12,0.00
1,190.00,58,592.69,110.02,16.59
1,190.00,59,572.77,630.17,5.45
1,190.00,60,30.24,898.05,0.00
1,190.00,61,630.59,503.96,5.71
1,190.00,62,908.30,327.92,23.36
1,190.00,63,388.40,276.05,24.52
1,190.00,64,591.65,577.17,6.16
1,190.00,65,746.08,10.87,0.00
1,190.00,66,695.87,877.31,19.07
1,190.00,67,628.20,321.86,0.00
1,190.00,68,532.53,228.78,17.85
1,190.00,69,729.75,168.08,0.00
1,190.00,70,862.53,387.13,0.00
1,190.00,71,346.55,957.86,10.87
1,190.00,72,317.71,256.94,8.08
1,190.00,73,447.56,209.66,15.13
1,190.00,74,549.45,318.99,9.65
1,190.00,75,644.62,380.93,11.04
1,190.00,76,786.21,624.55,10.46
1,190.00,77,849.85,459.75,0.00
1,190.00,78,657.76,435.81,13.99
1,190.00,79,306.12,618.53,23.74
1,190.00,80,826.47,255.35,20.65
1,190.00,81,505.16,797.53,12.39
1,190.00,82,841.99,669.16,0.00
1,190.00,83,795.56,704.60,9.09
1,190.00,84,166.17,791.62,18.68
1,190.00,85,453.24,39.65,0.00
1,190.00,86,453.88,795.52,12.84
1,190.00,87,649.29,243.67,12.45
1,190.00,88,447.23,443.62,16.39
1,190.00,89,208.07,523.83,7.24
1,190.00,90,280.33,191.13,9.88
1,190.00,91,238.60,135.08,10.78
1,190.00,92,451.55,192.68,20.56
1,190.00,93,134.26,309.45,9.66
1,190.00,94,357.97,128.12,19.43
1,190.00,95,77.96,634.86,11.34
1,190.00,96,401.02,291.35,5.30
1,190.00,97,932.39,543.54,15.32
1,190.00,98,793.14,782.09,7.55
1,190.00,99,423.10,430.89,7.15
1,190.00,100,217.59,459.88,24.08
1,190.00,101,263.03,942.55,7.40
1,190.00,102,227.20,942.24,0.00
1,190.00,103,554.95,706.39,8.79
1,190.00,104,443.65,428.99,0.00
1,190.00,105,641.20,216.05,9.22
1,190.00,106,524.83,318.19,9.61
1,190.00,107,211.79,723.44,9.90
1,190.00,108,741.67,11.81,12.70
1,190.00,109,845.10,517.95,14.01
1,190.00,110,669.09,618.78,0.00
1,190.00,111,458.00,862.01,5.65
1,190.00,112,613.79,492.69,10.37
1,190.00,113,616.37,305.63,22.92
1,190.00,114,472.62,308.23,6.89
1,190.00,115,758.93,884.10,5.75
1,190.00,116,459.84,597.18,10.69
1,190.00,117,311.78,683.29,9.56
1,190.00,118,678.04,282.54,6.08
1,190.00,119,457.17,317.08,6.19
1,190.00,120,536.22,499.87,19.27
1,190.00,121,353.54,530.50,7.48
1,190.00,122,300.20,973.91,13.18
1,190.00,123,284.12,765.67,17.83
1,190.00,124,683.42,752.25,7.03
1,190.00,125,798.97,970.77,0.00
1,190.00,126,757.35,365.86,5.78
1,190.00,127,564.58,658.00,5.41
1,190.00,128,790.43,788.77,17.54
1,190.00,129,422.76,659.28,19.13
1,190.00,130,964.72,462.17,0.00
1,190.00,131,334.93,845.62,17.99
1,190.00,132,622.79,477.36,0.00
1,190.00,133,722.69,701.66,17.49
1,190.00,134,641.05,705.53,11.48
1,190.00,135,934.97,103.56,10.67
1,190.00,136,598.45,732.77,10.86
1,190.00,137,914.05,411.32,14.47
1,190.00,138,692.31,230.82,15.71
1,190.00,139,603.20,742.04,21.43
1,190.00,140,353.18,445.46,7.84
1,190.00,141,476.66,609.16,8.62
1,190.00,142,102.96,266.64,11.60
1,190.00,143,358.01,511.23,10.51
1,190.00,144,307.44,44.95,8.91
1,190.00,145,568.79,514.15,7.15
1,190.00,146,27.11,401.17,0.00
1,190.00,147,698.33,203.08,6.78
1,190.00,148,523.76,619.82,12.37
1,190.00,149,386.75,687.05,16.08
1,190.00,150,283.66,452.19,5.11
1,190.00,151,417.58,889.76,0.00
1,190.00,152,299.70,242.31,7.93
1,190.00,153,58.02,93.72,13.50
1,190.00,154,537.19,497.34,16.50
1,190.00,155,854.00,526.35,21.04
1,190.00,156,862.79,174.42,14.54
1,190.00,157,641.08,145.72,6.28
1,190.00,158,712.25,82.48,12.43
1,190.00,159,891.71,746.15,10.71
1,190.00,160,605.56,271.07,13.14
1,190.00,161,905.80,86.46,6.12
1,190.00,162,622.64,354.66,18.50
1,190.00,163,814.93,830.24,0.00
1,190.00,164,526.72,258.60,9.06
1,190.00,165,478.91,509.46,14.17
1,190.00,166,395.70,381.79,20.11
1,190.00,167,745.66,576.94,8.63
1,190.00,168,341.88,136.37,7.31
1,190.00,169,604.08,690.84,0.00
1,190.00,170,550.95,796.43,22.02
1,190.00,171,841.53,222.89,14.52
1,190.00,172,126.67,171.46,14.34
1,190.00,173,38.66,31.15,13.80
1,190.00,174,405.39,740.67,14.01
1,190.00,175,631.87,374.74,5.69
1,190.00,176,393.55,773.66,17.88
1,190.00,177,573.01,712.92,6.13
1,190.00,178,713.03,509.87,5.09
1,190.00,179,133.30,741.90,17.35
1,190.00,180,477.58,319.03,13.58
1,190.00,181,654.86,816.06,0.00
1,190.00,182,631.19,929.89,11.28
1,190.00,183,954.62,521.75,0.00
1,190.00,184,351.32,616.10,20.57
1,190.00,185,445.62,47.80,0.00
1,190.00,186,638.82,469.99,5.80
1,190.00,187,705.42,508.18,7.00
1,190.00,188,524.55,812.87,0.00
1,190.00,189,396.86,224.01,0.00
1,190.00,190,603.08,178.60,22.38
1,190.00,191,356.53,585.44,17.36
1,190.00,192,192.19,315.00,6.21
1,190.00,193,869.26,653.21,6.75
1,190.00,194,751.80,740.68,19.69
1,190.00,195,698.83,226.23,9.34
1,190.00,196,675.90,592.10,5.42
1,190.00,197,228.54,595.32,23.65
1,190.00,198,297.65,250.78,12.10
1,190.00,199,2.97,950.23,0.00
1,190.00,200,285.45,479.15,23.96
1,190.00,201,867.48,765.02,19.02
1,190.00,202,401.43,335.79,23.26
1,190.00,203,278.85,317.21,8.32
1,190.00,204,275.46,612.69,18.80
1,190.00,205,80.15,519.10,0.00
1,190.00,206,559.86,341.00,21.45
1,190.00,207,185.22,769.14,13.76
1,190.00,208,557.78,277.06,5.07
1,190.00,209,497.32,494.90,5.52
1,190.00,210,301.89,365.29,13.62
1,190.00,211,240.07,580.53,24.90
1,190.00,212,192.94,758.12,14.25
1,190.00,213,464.45,609.52,10.00
1,190.00,214,760.34,646.21,11.53
1,190.00,215,780.08,573.25,9.16
1,190.00,216,859.94,663.08,5.37
1,190.00,217,191.16,884.83,7.95
1,190.00,218,352.07,608.83,20.24
1,190.00,219,305.73,471.52,11.18
1,190.00,220,822.44,808.36,0.00
1,190.00,221,337.90,424.34,7.12
1,190.00,222,679.28,760.14,22.82
1,190.00,223,697.20,933.54,5.24
1,190.00,224,385.81,226.28,7.93
1,190.00,225,311.32,779.27,5.72
1,190.00,226,439.36,558.67,0.00
1,190.00,227,401.09,846.85,8.36
1,190.00,228,659.87,388.16,6.60
1,190.00,229,352.84,553.07,7.98
1,190.00,230,616.42,807.39,9.75
1,190.00,231,246.47,626.48,17.03
1,190.00,232,417.00,869.53,0.00
1,190.00,233,846.83,629.32,6.17
1,190.00,234,412.82,756.47,6.48
1,190.00,235,500.03,612.62,0.00
1,190.00,236,752.89,268.97,17.48
1,190.00,237,395.43,790.43,17.91
1,190.00,238,302.48,600.03,0.00
1,190.00,239,670.92,709.56,6.13
1,190.00,240,594.46,727.53,18.78
1,190.00,241,389.80,154.39,17.09
1,190.00,242,378.26,583.30,10.96
1,190.00,243,827.69,402.08,15.50
1,190.00,244,753.47,698.17,14.41
1,190.00,245,227.47,544.12,20.09
1,190.00,246,973.50,840.52,0.00
1,190.00,247,563.35,679.51,0.00
1,190.00,248,300.36,230.06,16.07
1,190.00,249,408.91,398.45,7.27
1,190.00,250,79.12,546.82,13.13
1,190.00,251,308.06,17.24,0.00
1,190.00,252,344.63,686.02,13.08
1,190.00,253,846.40,242.96,14.67
1,190.00,254,267.33,733.65,6.05
1,190.00,255,624.26,650.14,0.00
1,190.00,256,541.48,615.45,10.82
1,190.00,257,729.87,685.75,16.22
1,190.00,258,686.26,781.98,14.39
1,190.00,259,210.27,511.58,7.84
1,190.00,260,847.07,125.10,0.00
1,190.00,261,587.33,619.78,8.85
1,190.00,262,349.50,643.76,13.56
1,190.00,263,90.45,585.73,17.46
1,190.00,264,733.99,274.54,18.85
1,190.00,265,500.70,385.77,0.00
1,190.00,266,633.78,650.22,0.00
1,190.00,267,441.99,609.32,0.00
1,190.00,268,687.13,542.09,6.73
1,190.00,269,296.64,169.81,6.53
1,190.00,270,526.02,66.54,0.00
1,190.00,271,438.62,483.93,19.64
1,190.00,272,587.93,521.45,7.39
1,190.00,273,248.82,608.97,5.15
1,190.00,274,448.43,324.68,0.00
1,190.00,275,645.79,539.58,7.64
1,190.00,276,353.98,61.08,0.00
1,190.00,277,488.38,292.67,9.37
1,190.00,278,202.92,339.47,24.26
1,190.00,279,244.02,246.32,0.00
1,190.00,280,623.92,589.55,5.99
1,190.00,281,884.70,326.70,22.98
1,190.00,282,776.23,830.24,21.07
1,190.00,283,56.33,590.97,0.00
1,190.00,284,469.52,241.84,12.35
1,190.00,285,620.52,911.78,10.08
1,190.00,286,580.15,760.00,0.00
1,190.00,287,264.08,738.12,9.28
1,190.00,288,351.15,504.56,5.19
1,190.00,289,629.03,703.44,7.76
1,190.00,290,436.13,895.30,0.00
1,190.00,291,642.76,544.31,7.39
1,190.00,292,615.69,197.94,15.32
1,190.00,293,419.61,756.72,16.18
1,190.00,294,842.98,505.94,0.00
1,190.00,295,739.53,139.00,15.70
1,190.00,296,627.27,96.65,17.15
1,190.00,297,610.23,709.78,20.73
1,190.00,298,655.70,781.39,24.99
1,190.00,299,910.17,493.86,8.72
1,200.00,0,398.55,764.01,13.48
1,200.00,1,139.27,406.41,22.69
1,200.00,2,750.95,837.68,6.19
1,200.00,3,429.66,220.51,0.00
1,200.00,4,335.02,920.49,15.49
1,200.00,5,618.36,196.81,5.43
1,200.00,6,183.25,659.08,0.00
1,200.00,7,349.78,296.39,19.05
1,200.00,8,613.73,321.99,8.69
1,200.00,9,321.79,223.03,15.27
1,200.00,10,497.76,803.49,0.00
1,200.00,11,355.66,716.31,22.59
1,200.00,12,677.11,654.37,9.23
1,200.00,13,832.61,112.44,0.00
1,200.00,14,762.46,704.67,16.81
1,200.00,15,455.81,448.43,5.44
1,200.00,16,812.00,965.18,14.76
1,200.00,17,562.36,633.21,0.00
1,200.00,18,334.66,544.55,9.31
1,200.00,19,573.39,203.12,0.00
1,200.00,20,462.57,489.86,18.94
1,200.00,21,940.42,791.91,12.96
1,200.00,22,202.87,749.18,19.72
1,200.00,23,533.93,626.94,20.04
1,200.00,24,412.74,317.07,6.65
1,200.00,25,552.41,795.38,7.86
1,200.00,26,526.11,289.91,6.16
1,200.00,27,703.27,605.91,15.59
1,200.00,28,65.81,105.34,5.42
1,200.00,29,279.25,945.98,7.87
1,200.00,30,822.68,599.41,12.23
1,200.00,31,321.25,445.62,18.12
1,200.00,32,364.91,520.54,11.14
1,200.00,33,880.96,269.95,7.88
1,200.00,34,12.83,942.71,0.00
1,200.00,35,802.48,169.24,9.52
1,200.00,36,992.96,87.68,0.00
1,200.00,37,500.95,964.26,0.00
1,200.00,38,182.09,485.52,8.86
1,200.00,39,722.58,763.18,6.05
1,200.00,40,523.76,120.58,11.22
1,200.00,41,854.24,630.12,9.66
1,200.00,42,475.52,714.17,0.00
1,200.00,43,325.11,210.03,18.99
1,200.00,44,399.32,408.01,7.50
1,200.00,45,539.56,938.56,23.49
1,200.00,46,654.26,841.56,15.10
1,200.00,47,224.88,613.35,13.69
1,200.00,48,665.21,757.40,21.54
1,200.00,49,362.01,686.79,17.01
1,200.00,50,286.65,377.17,0.00
1,200.00,51,692.67,396.43,14.21
1,200.00,52,324.28,487.43,17.10
1,200.00,53,660.14,359.41,24.72
1,200.00,54,760.97,378.64,10.89
1,200.00,55,693.70,133.96,7.41
1,200.00,56,469.60,293.10,14.49
1,200.00,57,685.68,969.98,15.01
1,200.00,58,426.75,109.35,16.59
1,200.00,59,625.90,642.42,5.45
1,200.00,60,104.53,825.66,13.14
1,200.00,61,630.38,461.18,0.00
1,200.00,62,972.22,294.07,0.00
1,200.00,63,329.80,514.13,24.52
1,200.00,64,535.93,550.91,6.16
1,200.00,65,785.32,45.86,21.07
1,200.00,66,767.98,939.44,0.00
1,200.00,67,621.19,343.09,5.79
1,200.00,68,499.97,53.30,17.85
1,200.00,69,718.07,196.50,24.79
1,200.00,70,785.20,350.60,12.83
1,200.00,71,237.87,954.24,10.87
1,200.00,72,262.74,316.16,8.08
1,200.00,73,375.57,342.78,15.13
1,200.00,74,461.50,358.66,9.65
1,200.00,75,541.67,341.15,11.04
1,200.00,76,726.86,538.41,10.46
1,200.00,77,814.82,477.43,17.46
1,200.00,78,543.59,516.60,13.99
1,200.00,79,164.15,428.29,23.74
1,200.00,80,888.72,218.66,0.00
1,200.00,81,597.40,714.88,12.39
1,200.00,82,834.24,655.01,11.12
1,200.00,83,870.25,756.43,9.09
1,200.00,84,195.15,976.12,18.68
1,200.00,85,494.40,87.09,9.35
1,200.00,86,563.40,862.65,12.84
1,200.00,87,773.45,253.07,12.45
1,200.00,88,494.54,473.86,0.00
1,200.00,89,219.38,452.28,7.24
1,200.00,90,344.73,266.11,9.88
1,200.00,91,237.95,242.86,10.78
1,200.00,92,511.60,115.12,0.00
1,200.00,93,220.25,353.36,9.66
1,200.00,94,552.06,118.29,19.43
1,200.00,95,64.06,571.74,0.00
1,200.00,96,367.10,250.65,5.30
1,200.00,97,887.24,397.14,15.32
1,200.00,98,817.40,710.56,7.55
1,200.00,99,470.08,484.82,7.15
1,200.00,100,132.26,234.66,24.08
1,200.00,101,321.37,897.08,7.40
1,200.00,102,266.73,942.55,14.54
1,200.00,103,585.80,788.72,8.79
1,200.00,104,482.14,550.60,19.62
1,200.00,105,722.58,259.42,9.22
1,200.00,106,431.88,342.59,9.61
1,200.00,107,291.13,664.20,9.90
1,200.00,108,614.68,8.73,12.70
1,200.00,109,883.70,482.89,0.00
1,200.00,110,615.00,745.14,21.05
1,200.00,111,402.19,870.91,5.65
1,200.00,112,515.37,460.09,10.37
1,200.00,113,811.71,425.57,22.92
1,200.00,114,426.51,359.49,6.89
1,200.00,115,768.75,827.49,5.75
1,200.00,116,549.05,656.12,10.69
1,200.00,117,219.28,675.78,0.00
1,200.00,118,735.66,302.01,6.08
1,200.00,119,492.74,367.78,6.19
1,200.00,120,726.50,530.04,19.27
1,200.00,121,397.51,470.03,7.48
1,200.00,122,296.01,980.01,0.00
1,200.00,123,128.54,729.73,0.00
1,200.00,124,616.01,772.14,7.03
1,200.00,125,776.53,837.90,17.91
1,200.00,126,813.61,379.15,5.78
1,200.00,127,605.32,693.61,5.41
1,200.00,128,786.89,890.27,0.00
1,200.00,129,335.03,598.30,0.00
1,200.00,130,902.05,429.12,15.44
1,200.00,131,258.94,899.96,0.00
1,200.00,132,550.14,523.29,16.35
1,200.00,133,630.90,552.74,17.49
1,200.00,134,751.13,738.17,11.48
1,200.00,135,915.50,208.45,10.67
1,200.00,136,704.42,756.57,10.86
1,200.00,137,804.89,506.24,14.47
1,200.00,138,847.54,206.68,15.71
1,200.00,139,702.28,916.09,0.00
1,200.00,140,296.87,390.96,7.84
1,200.00,141,441.11,530.64,8.62
1,200.00,142,193.13,339.58,11.60
1,200.00,143,361.92,418.62,0.00
1,200.00,144,303.87,29.42,0.00
1,200.00,145,578.82,584.44,0.00
1,200.00,146,39.23,403.65,18.13
1,200.00,147,647.27,247.73,6.78
1,200.00,148,434.69,577.08,0.00
1,200.00,149,417.79,529.23,16.08
1,200.00,150,331.62,434.51,5.11
1,200.00,151,379.89,815.49,16.97
1,200.00,152,330.40,169.21,7.93
1,200.00,153,12.82,39.13,0.00
1,200.00,154,653.23,614.65,16.50
1,200.00,155,872.42,316.77,21.04
1,200.00,156,781.96,295.28,14.54
1,200.00,157,625.38,206.52,6.28
1,200.00,158,677.24,201.72,12.43
1,200.00,159,807.33,680.19,10.71
1,200.00,160,716.79,340.93,13.14
1,200.00,161,854.48,119.86,6.12
1,200.00,162,736.77,289.84,0.00
1,200.00,163,815.06,828.73,8.72
1,200.00,164,596.86,315.89,9.06
1,200.00,165,424.15,640.15,14.17
1,200.00,166,566.93,487.28,20.11
1,200.00,167,822.92,615.49,8.63
1,200.00,168,350.65,122.26,0.00
1,200.00,169,725.71,785.88,16.75
1,200.00,170,401.71,874.16,0.00
1,200.00,171,812.95,365.23,14.52
1,200.00,172,133.18,28.16,14.34
1,200.00,173,26.55,23.96,0.00
1,200.00,174,423.04,843.07,0.00
1,200.00,175,677.84,341.27,5.69
1,200.00,176,258.41,879.20,0.00
1,200.00,177,536.95,663.38,6.13
1,200.00,178,724.20,511.19,0.00
1,200.00,179,230.96,598.51,17.35
1,200.00,180,385.37,418.66,13.58
1,200.00,181,635.73,796.53,14.38
1,200.00,182,567.39,836.88,11.28
1,200.00,183,894.99,536.43,9.52
1,200.00,184,554.89,586.56,20.57
1,200.00,185,476.31,143.71,15.02
1,200.00,186,601.66,514.46,5.80
1,200.00,187,737.92,446.14,7.00
1,200.00,188,664.18,670.66,21.77
1,200.00,189,445.47,323.68,24.70
1,200.00,190,792.37,59.20,22.38
1,200.00,191,400.57,753.41,17.36
1,200.00,192,205.30,254.33,6.21
1,200.00,193,870.37,585.76,6.75
1,200.00,194,831.98,833.62,0.00
1,200.00,195,605.49,228.82,9.34
1,200.00,196,665.47,538.90,5.42
1,200.00,197,101.65,794.86,23.65
1,200.00,198,384.78,334.69,12.10
1,200.00,199,48.92,921.57,8.08
1,200.00,200,78.65,358.10,23.96
1,200.00,201,774.87,598.87,19.02
1,200.00,202,258.89,519.58,23.26
1,200.00,203,362.04,319.45,8.32
1,200.00,204,313.09,620.81,0.00
1,200.00,205,95.50,493.91,6.85
1,200.00,206,692.56,358.53,0.00
1,200.00,207,263.67,656.13,13.76
1,200.00,208,527.10,317.37,5.07
1,200.00,209,442.19,497.79,5.52
1,200.00,210,266.59,375.07,0.00
1,200.00,211,450.99,448.15,24.90
1,200.00,212,96.37,845.19,0.00
1,200.00,213,544.67,669.28,10.00
1,200.00,214,692.78,552.78,11.53
1,200.00,215,871.63,573.65,9.16
1,200.00,216,882.99,711.58,5.37
1,200.00,217,155.93,956.07,7.95
1,200.00,218,212.83,755.69,20.24
1,200.00,219,417.33,465.25,11.18
1,200.00,220,674.21,832.70,20.18
1,200.00,221,371.91,361.84,7.12
1,200.00,222,870.54,884.71,22.82
1,200.00,223,645.35,926.21,5.24
1,200.00,224,372.08,211.94,0.00
1,200.00,225,255.57,766.43,5.72
1,200.00,226,453.69,481.84,17.58
1,200.00,227,397.96,856.61,0.00
1,200.00,228,695.87,443.47,6.60
1,200.00,229,427.28,581.82,7.98
1,200.00,230,547.54,738.41,9.75
1,200.00,231,338.31,483.06,17.03
1,200.00,232,431.52,828.87,10.85
1,200.00,233,908.31,634.35,6.17
1,200.00,234,372.84,705.45,6.48
1,200.00,235,559.14,681.78,21.59
1,200.00,236,590.80,334.31,17.48
1,200.00,237,510.74,653.42,17.91
1,200.00,238,258.12,547.47,14.72
1,200.00,239,642.73,655.10,6.13
1,200.00,240,656.46,887.66,0.00
1,200.00,241,411.90,129.46,0.00
1,200.00,242,345.67,687.99,10.96
1,200.00,243,714.01,296.68,15.50
1,200.00,244,843.25,810.90,14.41
1,200.00,245,412.73,466.35,20.09
1,200.00,246,758.90,863.02,22.33
1,200.00,247,553.04,686.44,12.29
1,200.00,248,410.01,347.50,16.07
1,200.00,249,462.68,447.42,7.27
1,200.00,250,31.05,668.97,13.13
1,200.00,251,323.47,51.39,22.39
1,200.00,252,472.53,658.44,13.08
1,200.00,253,788.23,377.65,14.67
1,200.00,254,252.70,674.96,6.05
1,200.00,255,754.38,639.86,13.93
1,200.00,256,564.82,509.76,10.82
1,200.00,257,625.90,561.29,16.22
1,200.00,258,787.55,754.18,0.00
1,200.00,259,132.15,518.39,7.84
1,200.00,260,826.18,129.34,7.17
1,200.00,261,636.54,667.70,0.00
1,200.00,262,337.67,640.73,0.00
1,200.00,263,132.35,416.22,17.46
1,200.00,264,818.81,442.92,18.85
1,200.00,265,341.19,505.05,20.77
1,200.00,266,646.66,662.51,13.64
1,200.00,267,362.25,507.06,13.42
1,200.00,268,698.80,541.66,0.00
1,200.00,269,240.31,136.85,6.53
1,200.00,270,597.50,175.04,24.68
1,200.00,271,556.01,326.47,19.64
1,200.00,272,553.12,456.25,7.39
1,200.00,273,300.19,604.70,5.15
1,200.00,274,376.13,473.88,24.34
1,200.00,275,582.94,583.10,7.64
1,200.00,276,320.44,130.25,22.06
1,200.00,277,579.55,314.28,9.37
1,200.00,278,52.35,232.47,0.00
1,200.00,279,260.00,274.74,24.38
1,200.00,280,612.01,648.27,5.99
1,200.00,281,922.62,553.36,22.98
1,200.00,282,960.77,728.49,21.07
1,200.00,283,241.39,517.19,20.40
1,200.00,284,591.27,262.52,12.35
1,200.00,285,519.84,915.57,10.08
1,200.00,286,528.35,777.79,9.51
1,200.00,287,335.57,678.92,9.28
1,200.00,288,378.28,548.81,5.19
1,200.00,289,679.21,644.21,7.76
1,200.00,290,422.45,703.61,22.33
1,200.00,291,580.63,584.34,7.39
1,200.00,292,589.24,47.08,15.32
1,200.00,293,390.96,597.43,16.18
1,200.00,294,836.57,481.53,15.22
1,200.00,295,685.66,286.43,15.70
1,200.00,296,729.17,97.74,0.00
1,200.00,297,704.44,777.52,0.00
1,200.00,298,432.90,668.13,24.99
1,200.00,299,868.85,570.70,8.72
1,210.00,0,322.67,801.79,0.00
1,210.00,1,53.46,196.32,22.69
1,210.00,2,738.48,777.02,6.19
1,210.00,3,480.50,251.05,23.85
1,210.00,4,188.12,969.69,15.49
1,210.00,5,604.66,249.40,5.43
1,210.00,6,351.64,539.92,24.70
1,210.00,7,526.20,368.20,19.05
1,210.00,8,700.35,328.44,8.69
1,210.00,9,299.25,204.20,0.00
1,210.00,10,469.40,813.56,10.44
1,210.00,11,299.25,497.53,22.59
1,210.00,12,739.39,722.53,9.23
1,210.00,13,817.42,114.72,5.50
1,210.00,14,837.52,554.26,16.81
1,210.00,15,492.55,408.31,5.44
1,210.00,16,813.45,817.56,14.76
1,210.00,17,621.03,580.18,22.21
1,210.00,18,419.48,506.08,9.31
1,210.00,19,440.70,356.20,20.97
1,210.00,20,543.35,318.58,18.94
1,210.00,21,821.47,740.39,12.96
1,210.00,22,390.23,687.57,19.72
1,210.00,23,400.53,776.50,20.04
1,210.00,24,373.78,263.12,6.65
1,210.00,25,479.79,765.28,7.86
1,210.00,26,587.52,295.01,6.16
1,210.00,27,828.57,513.10,15.59
1,210.00,28,32.41,73.63,0.00
1,210.00,29,324.67,950.02,0.00
1,210.00,30,927.29,615.94,0.00
1,210.00,31,490.14,511.20,18.12
1,210.00,32,413.48,620.77,11.14
1,210.00,33,894.90,239.78,0.00
1,210.00,34,40.89,888.75,7.25
1,210.00,35,876.34,229.34,9.52
1,210.00,36,869.74,103.95,13.62
1,210.00,37,393.47,829.78,24.15
1,210.00,38,224.91,407.90,8.86
1,210.00,39,708.96,704.19,6.05
1,210.00,40,621.18,64.83,11.22
1,210.00,41,789.01,558.86,9.66
1,210.00,42,524.67,595.43,16.21
1,210.00,43,453.57,122.57,0.00
1,210.00,44,412.55,481.80,7.50
1,210.00,45,596.58,975.54,0.00
1,210.00,46,583.20,708.33,15.10
1,210.00,47,309.25,505.50,13.69
1,210.00,48,715.88,548.07,21.54
1,210.00,49,472.51,816.10,17.01
1,210.00,50,215.53,305.99,14.16
1,210.00,51,771.33,496.98,0.00
1,210.00,52,420.93,346.41,17.10
1,210.00,53,805.53,418.37,0.00
1,210.00,54,732.34,483.66,10.89
1,210.00,55,694.47,132.04,0.00
1,210.00,56,553.98,410.95,14.49
1,210.00,57,725.36,825.25,15.01
1,210.00,58,260.81,108.68,16.59
1,210.00,59,679.02,654.67,5.45
1,210.00,60,198.63,733.96,13.14
1,210.00,61,585.71,432.39,21.18
1,210.00,62,823.46,345.24,22.79
1,210.00,63,281.13,711.84,0.00
1,210.00,64,480.21,524.64,6.16
1,210.00,65,834.75,89.94,0.00
1,210.00,66,682.82,893.26,19.34
1,210.00,67,603.00,398.10,5.79
1,210.00,68,491.15,5.79,0.00
1,210.00,69,623.88,425.79,24.79
1,210.00,70,669.22,295.82,12.83
1,210.00,71,192.44,952.73,0.00
1,210.00,72,207.78,375.39,8.08
1,210.00,73,308.10,467.54,0.00
1,210.00,74,373.56,398.32,9.65
1,210.00,75,438.71,301.37,11.04
1,210.00,76,667.51,452.28,10.46
1,210.00,77,658.92,556.11,17.46
1,210.00,78,429.43,597.40,13.99
1,210.00,79,80.19,315.77,0.00
1,210.00,80,791.26,328.72,22.61
1,210.00,81,689.64,632.23,12.39
1,210.00,82,780.77,557.45,11.12
1,210.00,83,934.22,800.82,0.00
1,210.00,84,196.68,985.85,0.00
1,210.00,85,555.68,157.74,9.35
1,210.00,86,672.91,929.77,12.84
1,210.00,87,799.42,255.04,0.00
1,210.00,88,486.61,586.57,17.18
1,210.00,89,228.91,392.03,0.00
1,210.00,90,409.14,341.08,9.88
1,210.00,91,237.30,350.65,10.78
1,210.00,92,478.40,126.18,6.69
1,210.00,93,306.25,397.28,9.66
1,210.00,94,746.14,108.46,19.43
1,210.00,95,144.68,539.62,20.19
1,210.00,96,333.17,209.96,5.30
1,210.00,97,842.10,250.73,15.32
1,210.00,98,841.65,639.03,7.55
1,210.00,99,517.06,538.75,7.15
1,210.00,100,105.14,163.07,0.00
1,210.00,101,379.71,851.61,7.40
1,210.00,102,412.15,943.71,14.54
1,210.00,103,611.47,857.21,0.00
1,210.00,104,534.96,717.44,0.00
1,210.00,105,802.16,301.84,0.00
1,210.00,106,338.93,366.99,9.61
1,210.00,107,370.46,604.96,9.90
1,210.00,108,487.69,5.66,12.70
1,210.00,109,802.57,516.23,13.97
1,210.00,110,592.41,797.92,0.00
1,210.00,111,346.37,879.81,5.65
1,210.00,112,416.94,427.50,10.37
1,210.00,113,828.26,435.74,0.00
1,210.00,114,380.40,410.75,6.89
1,210.00,115,778.56,770.87,5.75
1,210.00,116,638.27,715.06,10.69
1,210.00,117,220.63,681.11,19.08
1,210.00,118,767.87,312.90,0.00
1,210.00,119,528.32,418.48,6.19
1,210.00,120,866.30,552.21,0.00
1,210.00,121,441.49,409.57,7.48
1,210.00,122,377.87,789.97,21.92
1,210.00,123,126.27,722.15,7.57
1,210.00,124,548.60,792.04,7.03
1,210.00,125,746.72,661.34,17.91
1,210.00,126,869.87,392.45,5.78
1,210.00,127,615.93,702.90,0.00
1,210.00,128,783.95,839.68,12.04
1,210.00,129,350.91,530.58,15.76
1,210.00,130,765.50,357.11,15.44
1,210.00,131,269.86,858.72,8.87
1,210.00,132,411.91,610.67,16.35
1,210.00,133,539.10,403.83,17.49
1,210.00,134,861.22,770.80,11.48
1,210.00,135,896.03,313.34,10.67
1,210.00,136,810.39,780.37,10.86
1,210.00,137,695.73,601.17,14.47
1,210.00,138,977.32,186.51,0.00
1,210.00,139,696.86,910.44,11.93
1,210.00,140,240.56,336.46,7.84
1,210.00,141,405.56,452.11,8.62
1,210.00,142,283.30,412.52,11.60
1,210.00,143,376.90,414.40,13.20
1,210.00,144,368.41,184.71,20.48
1,210.00,145,578.76,584.91,6.27
1,210.00,146,216.82,440.09,18.13
1,210.00,147,596.21,292.37,6.78
1,210.00,148,398.53,581.02,18.05
1,210.00,149,448.83,371.41,16.08
1,210.00,150,379.58,416.83,5.11
1,210.00,151,303.09,664.14,16.97
1,210.00,152,349.00,124.93,0.00
1,210.00,153,60.47,62.50,11.17
1,210.00,154,769.26,731.97,16.50
1,210.00,155,882.16,205.83,0.00
1,210.00,156,742.43,354.38,0.00
1,210.00,157,609.69,267.33,6.28
1,210.00,158,642.24,320.96,12.43
1,210.00,159,722.95,614.22,10.71
1,210.00,160,780.87,381.18,0.00
1,210.00,161,803.16,153.27,6.12
1,210.00,162,745.92,244.39,15.96
1,210.00,163,823.00,741.92,8.72
1,210.00,164,667.00,373.17,9.06
1,210.00,165,369.39,770.83,14.17
1,210.00,166,738.17,592.78,20.11
1,210.00,167,900.18,654.04,8.63
1,210.00,168,403.62,219.95,14.38
1,210.00,169,857.68,888.99,16.75
1,210.00,170,401.19,861.98,5.17
1,210.00,171,784.37,507.56,14.52
1,210.00,172,133.46,22.01,0.00
1,210.00,173,84.02,71.28,8.29
1,210.00,174,429.84,830.04,5.69
1,210.00,175,684.59,336.35,0.00
1,210.00,176,262.29,874.24,15.39
1,210.00,177,500.90,613.84,6.13
1,210.00,178,655.99,610.72,15.49
1,210.00,179,328.63,455.11,17.35
1,210.00,180,293.16,518.30,13.58
1,210.00,181,535.08,693.77,14.38
1,210.00,182,503.59,743.87,11.28
1,210.00,183,802.53,559.17,9.52
1,210.00,184,733.10,560.70,0.00
1,210.00,185,522.09,286.77,15.02
1,210.00,186,564.50,558.93,5.80
1,210.00,187,770.41,384.11,7.00
1,210.00,188,816.70,515.32,21.77
1,210.00,189,553.75,545.68,24.70
1,210.00,190,867.55,11.77,0.00
1,210.00,191,405.45,772.04,0.00
1,210.00,192,215.26,208.28,0.00
1,210.00,193,871.49,518.32,6.75
1,210.00,194,758.86,842.73,19.57
1,210.00,195,512.16,231.41,9.34
1,210.00,196,655.04,485.69,5.42
1,210.00,197,48.24,878.84,0.00
1,210.00,198,471.91,418.59,12.10
1,210.00,199,117.46,878.83,8.08
1,210.00,200,35.31,332.73,0.00
1,210.00,201,682.27,432.73,19.02
1,210.00,202,140.05,672.80,0.00
1,210.00,203,445.22,321.69,8.32
1,210.00,204,162.68,534.70,21.80
1,210.00,205,131.15,435.46,6.85
1,210.00,206,711.58,294.19,17.84
1,210.00,207,342.13,543.12,13.76
1,210.00,208,496.42,357.67,5.07
1,210.00,209,407.00,499.64,0.00
1,210.00,210,273.85,417.32,5.86
1,210.00,211,661.92,315.78,24.90
1,210.00,212,105.90,835.12,15.90
1,210.00,213,624.89,729.04,10.00
1,210.00,214,625.23,459.35,11.53
1,210.00,215,963.18,574.04,9.16
1,210.00,216,906.05,760.08,5.37
1,210.00,217,150.27,967.51,0.00
1,210.00,218,165.51,805.60,0.00
1,210.00,219,528.94,458.98,11.18
1,210.00,220,475.04,865.41,20.18
1,210.00,221,405.93,299.34,7.12
1,210.00,222,977.43,954.32,0.00
1,210.00,223,593.50,918.89,5.24
1,210.00,224,405.25,284.09,10.59
1,210.00,225,199.83,753.59,5.72
1,210.00,226,485.93,308.99,17.58
1,210.00,227,298.94,806.06,12.67
1,210.00,228,731.87,498.78,6.60
1,210.00,229,501.72,610.57,7.98
1,210.00,230,478.67,669.44,9.75
1,210.00,231,430.15,339.65,17.03
1,210.00,232,468.00,726.72,10.85
1,210.00,233,919.93,635.30,0.00
1,210.00,234,332.86,654.43,6.48
1,210.00,235,699.38,845.87,21.59
1,210.00,236,428.72,399.65,17.48
1,210.00,237,626.04,516.40,17.91
1,210.00,238,163.19,434.98,14.72
1,210.00,239,614.55,600.63,6.13
1,210.00,240,655.93,873.92,16.08
1,210.00,241,384.92,166.15,5.66
1,210.00,242,313.07,792.67,10.96
1,210.00,243,600.32,191.28,15.50
1,210.00,244,846.39,814.84,0.00
1,210.00,245,597.98,388.59,20.09
1,210.00,246,536.81,886.31,22.33
1,210.00,247,451.01,754.89,12.29
1,210.00,248,519.66,464.94,16.07
1,210.00,249,516.44,496.39,7.27
1,210.00,250,17.94,702.30,0.00
1,210.00,251,415.53,255.48,22.39
1,210.00,252,600.42,630.86,13.08
1,210.00,253,730.06,512.34,14.67
1,210.00,254,238.07,616.27,6.05
1,210.00,255,887.13,629.37,0.00
1,210.00,256,588.17,404.06,10.82
1,210.00,257,521.92,436.83,16.22
1,210.00,258,771.16,720.20,13.98
1,210.00,259,54.03,525.20,7.84
1,210.00,260,755.86,143.60,7.17
1,210.00,261,655.44,645.32,13.07
1,210.00,262,295.05,492.95,16.90
1,210.00,263,174.26,246.71,17.46
1,210.00,264,903.63,611.29,18.85
1,210.00,265,244.21,577.57,0.00
1,210.00,266,745.33,756.71,13.64
1,210.00,267,279.76,401.26,13.42
1,210.00,268,761.63,355.89,23.73
1,210.00,269,183.99,103.90,6.53
1,210.00,270,601.21,180.67,0.00
1,210.00,271,583.90,289.05,0.00
1,210.00,272,518.31,391.05,7.39
1,210.00,273,351.56,600.44,5.15
1,210.00,274,346.25,535.55,0.00
1,210.00,275,520.10,626.62,7.64
1,210.00,276,224.19,328.76,22.06
1,210.00,277,621.07,324.13,0.00
1,210.00,278,52.52,252.25,8.29
1,210.00,279,379.47,487.28,24.38
1,210.00,280,600.10,707.00,5.99
1,210.00,281,934.41,623.79,0.00
1,210.00,282,976.01,720.09,0.00
1,210.00,283,430.90,441.64,20.40
1,210.00,284,713.02,283.20,12.35
1,210.00,285,419.15,919.37,10.08
1,210.00,286,438.39,808.68,9.51
1,210.00,287,407.05,619.71,9.28
1,210.00,288,405.42,593.06,5.19
1,210.00,289,729.38,584.98,7.76
1,210.00,290,410.85,540.89,0.00
1,210.00,291,518.50,624.38,7.39
1,210.00,292,585.78,27.36,0.00
1,210.00,293,375.27,510.21,0.00
1,210.00,294,797.87,334.31,15.22
1,210.00,295,631.78,433.86,15.70
1,210.00,296,670.30,124.25,15.91
1,210.00,297,626.29,781.95,17.78
1,210.00,298,210.09,554.88,24.99
1,210.00,299,827.53,647.54,8.72
1,220.00,0,326.30,780.97,5.69
1,220.00,1,25.63,128.17,0.00
1,220.00,2,726.00,716.37,6.19
1,220.00,3,684.93,373.90,23.85
1,220.00,4,151.39,982.00,0.00
1,220.00,5,590.95,301.99,5.43
1,220.00,6,553.23,397.25,24.70
1,220.00,7,553.73,379.41,0.00
1,220.00,8,714.43,329.49,0.00
1,220.00,9,361.09,347.21,19.29
1,220.00,10,370.99,848.49,10.44
1,220.00,11,242.83,278.75,22.59
1,220.00,12,801.67,790.68,9.23
1,220.00,13,763.08,122.91,5.50
1,220.00,14,912.58,403.85,16.81
1,220.00,15,529.28,368.18,5.44
1,220.00,16,814.89,669.93,14.76
1,220.00,17,785.81,431.26,22.21
1,220.00,18,504.31,467.61,9.31
1,220.00,19,303.34,514.68,20.97
1,220.00,20,579.81,241.29,0.00
1,220.00,21,702.52,688.87,12.96
1,220.00,22,577.59,625.95,19.72
1,220.00,23,267.13,926.07,20.04
1,220.00,24,334.83,209.16,6.65
1,220.00,25,407.16,735.19,7.86
1,220.00,26,648.93,300.11,6.16
1,220.00,27,953.86,420.30,15.59
1,220.00,28,40.58,86.29,10.08
1,220.00,29,325.38,907.38,10.14
1,220.00,30,899.70,618.60,20.71
1,220.00,31,659.03,576.79,18.12
1,220.00,32,462.05,721.00,11.14
1,220.00,33,900.54,326.15,14.97
1,220.00,34,74.33,824.47,7.25
1,220.00,35,950.20,289.45,9.52
1,220.00,36,734.75,121.77,13.62
1,220.00,37,242.69,641.13,24.15
1,220.00,38,260.34,343.70,0.00
1,220.00,39,695.34,645.20,6.05
1,220.00,40,641.52,53.19,0.00
1,220.00,41,723.78,487.60,9.66
1,220.00,42,586.64,445.68,16.21
1,220.00,43,486.14,116.85,18.18
1,220.00,44,425.77,555.60,7.50
1,220.00,45,588.84,936.46,5.61
1,220.00,46,566.02,676.13,0.00
1,220.00,47,393.62,397.65,13.69
1,220.00,48,766.55,338.74,21.54
1,220.00,49,583.02,945.40,17.01
1,220.00,50,115.45,205.85,14.16
1,220.00,51,758.95,493.22,12.71
1,220.00,52,491.62,243.28,0.00
1,220.00,53,727.65,452.28,23.26
1,220.00,54,703.70,588.68,10.89
1,220.00,55,695.56,115.43,0.00
1,220.00,56,638.36,528.80,14.49
1,220.00,57,765.04,680.51,15.01
1,220.00,58,94.87,108.01,16.59
1,220.00,59,732.15,666.92,5.45
1,220.00,60,292.74,642.26,13.14
1,220.00,61,407.64,317.64,21.18
1,220.00,62,607.97,419.36,22.79
1,220.00,63,276.90,673.63,22.67
1,220.00,64,453.49,512.05,0.00
1,220.00,65,764.45,151.61,13.64
1,220.00,66,512.83,801.09,19.34
1,220.00,67,584.82,453.12,5.79
1,220.00,68,490.71,150.20,19.80
1,220.00,69,529.68,655.07,24.79
1,220.00,70,553.25,241.04,12.83
1,220.00,71,239.54,952.76,8.09
1,220.00,72,152.81,434.61,8.08
1,220.00,73,303.68,476.47,15.85
1,220.00,74,285.61,437.99,9.65
1,220.00,75,335.75,261.59,11.04
1,220.00,76,608.16,366.14,10.46
1,220.00,77,503.01,634.80,17.46
1,220.00,78,315.26,678.20,13.99
1,220.00,79,145.80,281.92,18.07
1,220.00,80,641.34,498.00,22.61
1,220.00,81,781.88,549.58,12.39
1,220.00,82,727.30,459.89,11.12
1,220.00,83,908.25,779.20,23.53
1,220.00,84,406.90,954.05,22.45
1,220.00,85,616.97,228.39,9.35
1,220.00,86,753.09,978.91,0.00
1,220.00,87,770.31,375.72,15.70
1,220.00,88,475.70,741.69,0.00
1,220.00,89,239.60,392.87,6.80
1,220.00,90,473.54,416.05,9.88
1,220.00,91,237.06,389.58,0.00
1,220.00,92,414.90,147.33,6.69
1,220.00,93,392.24,441.19,9.66
1,220.00,94,940.23,98.63,19.43
1,220.00,95,332.23,464.91,20.19
1,220.00,96,326.84,202.36,0.00
1,220.00,97,796.95,104.32,15.32
1,220.00,98,865.90,567.51,7.55
1,220.00,99,564.05,592.68,7.15
1,220.00,100,254.85,152.44,22.00
1,220.00,101,429.92,812.48,0.00
1,220.00,102,528.93,944.64,0.00
1,220.00,103,571.28,862.84,24.14
1,220.00,104,546.21,702.35,17.45
1,220.00,105,800.14,302.62,9.82
1,220.00,106,245.98,391.39,9.61
1,220.00,107,449.80,545.72,9.90
1,220.00,108,360.70,2.58,12.70
1,220.00,109,673.35,569.34,13.97
1,220.00,110,484.85,781.29,0.00
1,220.00,111,290.55,888.71,5.65
1,220.00,112,318.51,394.90,10.37
1,220.00,113,807.18,379.28,6.58
1,220.00,114,334.29,462.01,6.89
1,220.00,115,788.38,714.26,5.75
1,220.00,116,727.48,774.01,10.69
1,220.00,117,267.47,866.11,19.08
1,220.00,118,711.74,333.81,13.59
1,220.00,119,563.90,469.18,6.19
1,220.00,120,831.09,553.93,13.29
1,220.00,121,485.46,349.11,7.48
1,220.00,122,464.60,588.64,21.92
1,220.00,123,104.60,649.60,7.57
1,220.00,124,481.20,811.94,7.03
1,220.00,125,716.91,484.78,17.91
1,220.00,126,910.07,401.95,0.00
1,220.00,127,519.93,642.49,15.34
1,220.00,128,776.97,719.48,12.04
1,220.00,129,371.35,443.37,0.00
1,220.00,130,628.96,285.11,15.44
1,220.00,131,292.55,772.95,8.87
1,220.00,132,273.68,698.06,16.35
1,220.00,133,447.30,254.91,17.49
1,220.00,134,919.68,788.12,0.00
1,220.00,135,876.56,418.22,10.67
1,220.00,136,916.36,804.17,10.86
1,220.00,137,605.25,679.84,0.00
1,220.00,138,970.90,219.95,20.77
1,220.00,139,614.36,824.26,11.93
1,220.00,140,184.25,281.96,7.84
1,220.00,141,370.00,373.59,8.62
1,220.00,142,373.48,485.45,11.60
1,220.00,143,459.83,391.02,0.00
1,220.00,144,447.02,373.83,20.48
1,220.00,145,570.90,647.09,6.27
1,220.00,146,394.40,476.53,18.13
1,220.00,147,545.15,337.01,6.78
1,220.00,148,302.34,591.49,0.00
1,220.00,149,479.87,213.59,16.08
1,220.00,150,427.54,399.15,5.11
1,220.00,151,226.29,512.79,16.97
1,220.00,152,396.93,155.89,14.48
1,220.00,153,160.76,111.68,11.17
1,220.00,154,885.29,849.28,16.50
1,220.00,155,793.36,271.02,23.41
1,220.00,156,654.48,435.18,23.37
1,220.00,157,593.99,328.13,6.28
1,220.00,158,607.23,440.20,12.43
1,220.00,159,638.57,548.26,10.71
1,220.00,160,788.23,457.74,18.14
1,220.00,161,751.84,186.68,6.12
1,220.00,162,753.42,207.16,0.00
1,220.00,163,830.93,655.10,8.72
1,220.00,164,737.14,430.46,9.06
1,220.00,165,357.05,800.28,0.00
1,220.00,166,909.41,698.27,20.11
1,220.00,167,918.77,663.31,0.00
1,220.00,168,472.18,346.38,14.38
1,220.00,169,911.86,931.32,0.00
1,220.00,170,398.97,810.35,5.17
1,220.00,171,780.89,524.92,0.00
1,220.00,172,247.74,144.05,17.47
1,220.00,173,148.03,123.97,8.29
1,220.00,174,456.15,779.59,5.69
1,220.00,175,584.46,501.84,22.67
1,220.00,176,357.01,752.98,15.39
1,220.00,177,464.85,564.29,6.13
1,220.00,178,568.43,738.49,15.49
1,220.00,179,426.29,311.72,17.35
1,220.00,180,200.96,617.94,13.58
1,220.00,181,434.42,591.02,14.38
1,220.00,182,439.80,650.85,11.28
1,220.00,183,710.07,581.92,9.52
1,220.00,184,734.88,538.42,17.93
1,220.00,185,567.87,429.84,15.02
1,220.00,186,527.34,603.40,5.80
1,220.00,187,802.91,322.07,7.00
1,220.00,188,890.56,440.09,0.00
1,220.00,189,662.03,767.68,24.70
1,220.00,190,788.19,135.43,24.37
1,220.00,191,218.87,892.29,24.97
1,220.00,192,232.62,165.13,19.31
1,220.00,193,872.61,450.87,6.75
1,220.00,194,564.69,866.95,19.57
1,220.00,195,418.82,234.00,9.34
1,220.00,196,644.61,432.48,5.42
1,220.00,197,99.23,795.21,16.91
1,220.00,198,559.04,502.50,12.10
1,220.00,199,186.00,836.08,8.08
1,220.00,200,179.96,353.66,18.49
1,220.00,201,593.04,272.65,0.00
1,220.00,202,170.26,688.76,20.54
1,220.00,203,483.92,322.73,0.00
1,220.00,204,15.90,450.66,0.00
1,220.00,205,166.79,377.01,6.85
1,220.00,206,747.33,173.28,0.00
1,220.00,207,420.59,430.11,13.76
1,220.00,208,465.75,397.98,5.07
1,220.00,209,430.75,516.64,8.08
1,220.00,210,283.78,475.10,5.86
1,220.00,211,758.25,255.32,0.00
1,220.00,212,215.23,719.63,15.90
1,220.00,213,705.11,788.80,10.00
1,220.00,214,557.68,365.92,11.53
1,220.00,215,989.46,574.15,0.00
1,220.00,216,929.11,808.58,5.37
1,220.00,217,110.76,871.08,12.42
1,220.00,218,272.19,812.79,16.19
1,220.00,219,640.55,452.71,11.18
1,220.00,220,275.86,898.11,20.18
1,220.00,221,439.94,236.84,7.12
1,220.00,222,975.42,862.20,20.89
1,220.00,223,541.65,911.56,5.24
1,220.00,224,449.51,380.34,10.59
1,220.00,225,146.12,741.22,0.00
1,220.00,226,511.45,172.21,0.00
1,220.00,227,186.08,748.44,12.67
1,220.00,228,767.86,554.09,6.60
1,220.00,229,576.16,639.31,7.98
1,220.00,230,409.79,600.47,9.75
1,220.00,231,440.95,322.78,0.00
1,220.00,232,504.48,624.56,10.85
1,220.00,233,824.21,683.28,13.20
1,220.00,234,292.88,603.42,6.48
1,220.00,235,750.69,905.91,0.00
1,220.00,236,266.64,465.00,17.48
1,220.00,237,741.35,379.39,17.91
1,220.00,238,68.26,322.50,14.72
1,220.00,239,586.37,546.16,6.13
1,220.00,240,649.71,713.19,16.08
1,220.00,241,351.40,211.73,5.66
1,220.00,242,303.24,824.25,0.00
1,220.00,243,486.63,85.88,15.50
1,220.00,244,749.63,847.79,10.59
1,220.00,245,783.23,310.82,20.09
1,220.00,246,314.71,909.59,22.33
1,220.00,247,348.98,823.34,12.29
1,220.00,248,629.32,582.38,16.07
1,220.00,249,570.21,545.37,7.27
1,220.00,250,51.18,686.50,5.06
1,220.00,251,507.60,459.57,22.39
1,220.00,252,648.16,620.56,0.00
1,220.00,253,671.89,647.03,14.67
1,220.00,254,223.44,557.58,6.05
1,220.00,255,884.73,629.36,5.46
1,220.00,256,611.52,298.36,10.82
1,220.00,257,441.06,340.03,0.00
1,220.00,258,710.46,594.31,13.98
1,220.00,259,49.20,525.63,0.00
1,220.00,260,685.55,157.87,7.17
1,220.00,261,698.14,594.74,0.00
1,220.00,262,277.01,430.39,0.00
1,220.00,263,195.74,159.81,0.00
1,220.00,264,988.45,779.66,18.85
1,220.00,265,313.74,503.20,24.42
1,220.00,266,844.01,850.91,13.64
1,220.00,267,197.28,295.46,13.42
1,220.00,268,837.65,131.10,23.73
1,220.00,269,127.66,70.94,6.53
1,220.00,270,633.07,83.50,0.00
1,220.00,271,564.54,325.28,5.39
1,220.00,272,483.50,325.85,7.39
1,220.00,273,402.93,596.17,5.15
1,220.00,274,402.82,391.02,21.60
1,220.00,275,457.25,670.15,7.64
1,220.00,276,167.87,444.90,0.00
1,220.00,277,645.70,389.26,12.79
1,220.00,278,53.22,335.15,8.29
1,220.00,279,498.94,699.82,24.38
1,220.00,280,588.19,765.72,5.99
1,220.00,281,864.18,644.32,10.61
1,220.00,282,800.29,607.51,22.75
1,220.00,283,531.41,401.57,0.00
1,220.00,284,752.15,289.84,0.00
1,220.00,285,318.47,923.17,10.08
1,220.00,286,348.42,839.57,9.51
1,220.00,287,448.58,585.32,0.00
1,220.00,288,432.56,637.31,5.19
1,220.00,289,779.56,525.74,7.76
1,220.00,290,415.78,507.92,12.37
1,220.00,291,456.37,664.42,7.39
1,220.00,292,552.84,156.04,15.28
1,220.00,293,406.91,515.33,7.09
1,220.00,294,759.17,187.09,15.22
1,220.00,295,577.90,581.29,15.70
1,220.00,296,525.24,189.56,15.91
1,220.00,297,500.25,789.09,0.00
1,220.00,298,29.52,463.10,0.00
1,220.00,299,786.20,724.38,8.72
1,230.00,0,336.09,724.88,5.69
1,230.00,1,89.21,119.13,9.51
1,230.00,2,713.52,655.72,6.19
1,230.00,3,889.36,496.75,23.85
1,230.00,4,147.96,818.85,21.76
1,230.00,5,577.25,354.58,5.43
1,230.00,6,754.83,254.58,24.70
1,230.00,7,622.48,282.01,14.13
1,230.00,8,781.81,402.98,11.91
1,230.00,9,437.67,524.28,19.29
1,230.00,10,272.58,883.42,10.44
1,230.00,11,186.42,59.97,22.59
1,230.00,12,863.95,858.84,9.23
1,230.00,13,708.74,131.09,5.50
1,230.00,14,921.56,385.85,0.00
1,230.00,15,566.02,328.06,5.44
1,230.00,16,816.34,522.30,14.76
1,230.00,17,858.21,365.82,0.00
1,230.00,18,589.13,429.15,9.31
1,230.00,19,168.84,669.84,0.00
1,230.00,20,533.22,279.13,10.94
1,230.00,21,583.57,637.35,12.96
1,230.00,22,730.88,575.54,0.00
1,230.00,23,204.92,995.81,0.00
1,230.00,24,303.77,166.15,0.00
1,230.00,25,334.54,705.09,7.86
1,230.00,26,710.34,305.21,6.16
1,230.00,27,977.33,402.92,0.00
1,230.00,28,95.27,170.96,10.08
1,230.00,29,327.06,805.97,10.14
1,230.00,30,693.52,638.45,20.71
1,230.00,31,746.12,610.61,0.00
1,230.00,32,489.05,776.74,0.00
1,230.00,33,903.11,365.49,0.00
1,230.00,34,107.76,760.19,7.25
1,230.00,35,993.24,324.48,0.00
1,230.00,36,599.75,139.59,13.62
1,230.00,37,91.91,452.48,24.15
1,230.00,38,271.18,345.62,6.37
1,230.00,39,681.73,586.21,6.05
1,230.00,40,746.36,53.11,13.25
1,230.00,41,679.24,438.93,0.00
1,230.00,42,648.62,295.94,16.21
1,230.00,43,665.23,85.38,18.18
1,230.00,44,439.00,629.39,7.50
1,230.00,45,577.96,881.47,5.61
1,230.00,46,440.95,643.21,17.05
1,230.00,47,477.98,289.80,13.69
1,230.00,48,797.28,211.77,0.00
1,230.00,49,595.14,959.59,0.00
1,230.00,50,15.38,105.70,14.16
1,230.00,51,637.30,456.30,12.71
1,230.00,52,554.55,255.98,23.90
1,230.00,53,514.42,545.14,23.26
1,230.00,54,675.06,693.69,10.89
1,230.00,55,635.01,205.36,15.07
1,230.00,56,722.74,646.66,14.49
1,230.00,57,804.72,535.78,15.01
1,230.00,58,21.31,107.71,0.00
1,230.00,59,785.28,679.18,5.45
1,230.00,60,386.85,550.56,13.14
1,230.00,61,229.57,202.90,21.18
1,230.00,62,517.59,450.44,0.00
1,230.00,63,251.97,448.28,22.67
1,230.00,64,382.65,425.70,21.46
1,230.00,65,661.94,241.55,13.64
1,230.00,66,379.63,728.86,0.00
1,230.00,67,566.63,508.13,5.79
1,230.00,68,490.10,348.23,19.80
1,230.00,69,449.33,850.64,0.00
1,230.00,70,437.28,186.25,12.83
1,230.00,71,320.45,952.82,8.09
1,230.00,72,97.85,493.83,8.08
1,230.00,73,233.41,618.51,15.85
1,230.00,74,197.66,477.65,9.65
1,230.00,75,300.75,248.07,0.00
1,230.00,76,548.80,280.01,10.46
1,230.00,77,347.11,713.48,17.46
1,230.00,78,201.09,759.00,13.99
1,230.00,79,306.40,199.07,18.07
1,230.00,80,541.08,611.21,0.00
1,230.00,81,874.12,466.93,12.39
1,230.00,82,673.83,362.34,11.12
1,230.00,83,727.42,628.62,23.53
1,230.00,84,572.32,929.03,0.00
1,230.00,85,678.25,299.03,9.35
1,230.00,86,754.34,947.42,11.77
1,230.00,87,733.49,528.33,15.70
1,230.00,88,483.03,721.22,22.86
1,230.00,89,241.71,393.04,0.00
1,230.00,90,537.95,491.02,9.88
1,230.00,91,214.70,543.46,24.34
1,230.00,92,351.39,168.48,6.69
1,230.00,93,478.23,485.10,9.66
1,230.00,94,983.16,96.46,0.00
1,230.00,95,422.98,428.76,0.00
1,230.00,96,381.10,376.50,22.43
1,230.00,97,766.76,6.45,0.00
1,230.00,98,890.16,495.98,7.55
1,230.00,99,611.03,646.61,7.15
1,230.00,100,474.31,136.85,22.00
1,230.00,101,443.17,804.84,10.98
1,230.00,102,563.74,910.47,24.76
1,230.00,103,332.27,896.38,24.14
1,230.00,104,650.50,562.45,17.45
1,230.00,105,708.42,337.79,9.82
1,230.00,106,153.02,415.79,9.61
1,230.00,107,529.13,486.48,9.90
1,230.00,108,270.97,0.40,0.00
1,230.00,109,544.13,622.45,13.97
1,230.00,110,517.78,778.90,16.79
1,230.00,111,234.73,897.61,5.65
1,230.00,112,220.08,362.30,10.37
1,230.00,113,784.16,317.58,6.58
1,230.00,114,288.18,513.27,6.89
1,230.00,115,798.19,657.64,5.75
1,230.00,116,742.85,784.16,0.00
1,230.00,117,290.26,956.12,0.00
1,230.00,118,584.42,381.23,13.59
1,230.00,119,599.48,519.88,6.19
1,230.00,120,698.35,560.42,13.29
1,230.00,121,514.79,308.78,0.00
1,230.00,122,551.33,387.30,21.92
1,230.00,123,82.93,577.05,7.57
1,230.00,124,413.79,831.83,7.03
1,230.00,125,687.09,308.23,17.91
1,230.00,126,889.11,405.09,7.42
1,230.00,127,390.07,560.79,15.34
1,230.00,128,769.99,599.29,12.04
1,230.00,129,380.89,478.60,8.46
1,230.00,130,492.41,213.10,15.44
1,230.00,131,309.80,707.75,0.00
1,230.00,132,135.45,785.45,16.35
1,230.00,133,355.50,105.99,17.49
1,230.00,134,925.32,729.00,12.66
1,230.00,135,857.10,523.11,10.67
1,230.00,136,920.60,805.12,0.00
1,230.00,137,604.15,654.78,14.66
1,230.00,138,931.77,423.98,20.77
1,230.00,139,531.86,738.09,11.93
1,230.00,140,167.42,265.67,0.00
1,230.00,141,334.45,295.07,8.62
1,230.00,142,463.65,558.39,11.60
1,230.00,143,487.53,443.36,17.04
1,230.00,144,525.63,562.95,20.48
1,230.00,145,563.03,709.28,6.27
1,230.00,146,571.99,512.96,18.13
1,230.00,147,494.08,381.65,6.78
1,230.00,148,376.78,575.33,16.41
1,230.00,149,510.90,55.77,16.08
1,230.00,150,475.50,381.47,5.11
1,230.00,151,149.49,361.44,16.97
1,230.00,152,518.52,234.45,14.48
1,230.00,153,261.04,160.87,11.17
1,230.00,154,966.73,931.61,0.00
1,230.00,155,604.67,409.52,23.41
1,230.00,156,532.52,547.23,0.00
1,230.00,157,578.30,388.94,6.28
1,230.00,158,572.22,559.44,12.43
1,230.00,159,554.19,482.29,10.71
1,230.00,160,805.59,638.32,18.14
1,230.00,161,700.52,220.09,6.12
1,230.00,162,701.42,215.45,6.91
1,230.00,163,838.87,568.29,8.72
1,230.00,164,807.28,487.75,9.06
1,230.00,165,404.08,755.70,8.36
1,230.00,166,958.57,728.56,0.00
1,230.00,167,809.32,623.13,15.35
1,230.00,168,540.74,472.82,14.38
1,230.00,169,781.70,934.08,22.09
1,230.00,170,396.74,758.71,5.17
1,230.00,171,645.25,463.17,16.97
1,230.00,172,356.48,260.17,0.00
1,230.00,173,212.04,176.67,8.29
1,230.00,174,482.47,729.15,5.69
1,230.00,175,467.08,695.84,22.67
1,230.00,176,451.74,631.72,15.39
1,230.00,177,428.79,514.75,6.13
1,230.00,178,480.87,866.27,15.49
1,230.00,179,523.96,168.33,17.35
1,230.00,180,108.75,717.58,13.58
1,230.00,181,333.77,488.26,14.38
1,230.00,182,376.00,557.84,11.28
1,230.00,183,617.61,604.67,9.52
1,230.00,184,749.14,359.68,17.93
1,230.00,185,613.65,572.91,15.02
1,230.00,186,490.19,647.88,5.80
1,230.00,187,835.40,260.04,7.00
1,230.00,188,836.84,425.64,10.79
1,230.00,189,746.63,941.14,0.00
1,230.00,190,656.53,340.56,24.37
1,230.00,191,218.76,892.37,0.00
1,230.00,192,277.30,54.04,0.00
1,230.00,193,873.42,402.16,0.00
1,230.00,194,370.51,891.16,19.57
1,230.00,195,325.49,236.59,9.34
1,230.00,196,634.18,379.28,5.42
1,230.00,197,187.28,650.79,16.91
1,230.00,198,646.17,586.40,12.10
1,230.00,199,254.54,793.33,8.08
1,230.00,200,362.96,380.13,18.49
1,230.00,201,591.05,275.42,9.35
1,230.00,202,351.87,784.71,20.54
1,230.00,203,612.93,354.65,24.85
1,230.00,204,57.59,436.79,19.62
1,230.00,205,202.43,318.56,6.85
1,230.00,206,707.36,169.27,13.69
1,230.00,207,499.04,317.11,13.76
1,230.00,208,435.07,438.28,5.07
1,230.00,209,496.41,563.65,8.08
1,230.00,210,293.71,532.89,5.86
1,230.00,211,664.72,261.58,17.25
1,230.00,212,324.55,604.14,15.90
1,230.00,213,785.33,848.56,10.00
1,230.00,214,490.12,272.49,11.53
1,230.00,215,943.05,561.80,6.74
1,230.00,216,937.52,826.28,0.00
1,230.00,217,104.47,855.72,0.00
1,230.00,218,433.77,823.68,16.19
1,230.00,219,655.40,451.87,0.00
1,230.00,220,101.90,926.68,0.00
1,230.00,221,473.95,174.34,7.12
1,230.00,222,970.89,653.38,20.89
1,230.00,223,489.80,904.24,5.24
1,230.00,224,493.76,476.59,10.59
1,230.00,225,148.62,740.53,7.10
1,230.00,226,516.80,184.00,6.20
1,230.00,227,94.32,701.59,0.00
1,230.00,228,803.86,609.40,6.60
1,230.00,229,650.60,668.06,7.98
1,230.00,230,340.91,531.50,9.75
1,230.00,231,374.75,329.33,7.54
1,230.00,232,540.97,522.40,10.85
1,230.00,233,706.17,742.44,13.20
1,230.00,234,252.90,552.40,6.48
1,230.00,235,689.80,905.71,9.60
1,230.00,236,258.20,468.40,0.00
1,230.00,237,812.40,294.96,0.00
1,230.00,238,63.97,317.42,0.00
1,230.00,239,558.18,491.70,6.13
1,230.00,240,643.49,552.47,16.08
1,230.00,241,317.88,257.30,5.66
1,230.00,242,255.31,683.95,21.23
1,230.00,243,438.24,41.02,0.00
1,230.00,244,649.36,881.94,10.59
1,230.00,245,968.49,233.06,20.09
1,230.00,246,297.50,911.39,0.00
1,230.00,247,293.18,860.78,0.00
1,230.00,248,660.79,616.08,0.00
1,230.00,249,623.97,594.34,7.27
1,230.00,250,96.90,664.77,5.06
1,230.00,251,539.56,530.40,0.00
1,230.00,252,601.78,763.48,23.97
1,230.00,253,659.74,675.16,0.00
1,230.00,254,208.82,498.90,6.05
1,230.00,255,830.14,629.06,5.46
1,230.00,256,634.86,192.66,10.82
1,230.00,257,480.35,365.87,21.15
1,230.00,258,649.75,468.41,13.98
1,230.00,259,104.13,519.84,5.89
1,230.00,260,615.23,172.14,7.17
1,230.00,261,729.87,638.81,11.01
1,230.00,262,322.16,450.60,8.05
1,230.00,263,198.67,122.50,0.00
1,230.00,264,992.56,787.81,0.00
1,230.00,265,356.36,457.62,0.00
1,230.00,266,934.09,936.90,0.00
1,230.00,267,114.79,189.67,13.42
1,230.00,268,849.46,96.19,0.00
1,230.00,269,71.33,37.99,6.53
1,230.00,270,637.56,92.13,5.12
1,230.00,271,539.14,372.81,5.39
1,230.00,272,448.69,260.65,7.39
1,230.00,273,454.31,591.91,5.15
1,230.00,274,481.55,189.84,21.60
1,230.00,275,394.40,713.67,7.64
1,230.00,276,167.02,516.25,17.20
1,230.00,277,690.93,508.89,12.79
1,230.00,278,53.92,418.04,8.29
1,230.00,279,618.42,912.37,24.38
1,230.00,280,576.28,824.44,5.99
1,230.00,281,762.30,674.12,10.61
1,230.00,282,608.74,484.80,22.75
1,230.00,283,524.97,458.08,12.11
1,230.00,284,662.52,255.49,14.14
1,230.00,285,217.78,926.97,10.08
1,230.00,286,258.46,870.46,9.51
1,230.00,287,485.15,536.56,14.54
1,230.00,288,459.69,681.55,5.19
1,230.00,289,829.73,466.51,7.76
1,230.00,290,434.10,385.56,12.37
1,230.00,291,394.24,704.45,7.39
1,230.00,292,514.94,304.07,15.28
1,230.00,293,476.85,526.66,7.09
1,230.00,294,735.59,97.41,0.00
1,230.00,295,560.05,630.15,0.00
1,230.00,296,380.19,254.87,15.91
1,230.00,297,482.25,744.75,16.50
1,230.00,298,37.34,469.31,5.27
1,230.00,299,745.86,799.39,0.00
1,240.00,0,345.88,668.80,5.69
1,240.00,1,183.32,105.75,9.51
1,240.00,2,701.04,595.07,6.19
1,240.00,3,899.96,503.13,0.00
1,240.00,4,143.38,601.32,21.76
1,240.00,5,563.54,407.17,5.43
1,240.00,6,956.42,111.91,24.70
1,240.00,7,642.79,253.23,0.00
1,240.00,8,862.28,490.74,11.91
1,240.00,9,514.24,701.34,19.29
1,240.00,10,200.97,908.83,0.00
1,240.00,11,173.34,9.28,0.00
1,240.00,12,879.36,875.71,0.00
1,240.00,13,654.40,139.27,5.50
1,240.00,14,801.67,330.06,15.02
1,240.00,15,602.75,287.93,5.44
1,240.00,16,817.78,374.68,14.76
1,240.00,17,789.95,393.99,13.17
1,240.00,18,673.95,390.68,9.31
1,240.00,19,172.13,668.78,16.58
1,240.00,20,448.32,348.10,10.94
1,240.00,21,464.62,585.83,12.96
1,240.00,22,722.33,582.34,6.00
1,240.00,23,270.75,920.93,18.68
1,240.00,24,322.43,161.23,9.52
1,240.00,25,261.91,675.00,7.86
1,240.00,26,771.75,310.31,6.16
1,240.00,27,921.47,331.55,11.15
1,240.00,28,149.96,255.63,10.08
1,240.00,29,328.74,704.55,10.14
1,240.00,30,487.34,658.30,20.71
1,240.00,31,722.56,616.89,5.03
1,240.00,32,521.93,796.46,8.64
1,240.00,33,834.01,482.00,0.00
1,240.00,34,141.19,695.91,7.25
1,240.00,35,966.07,379.78,14.77
1,240.00,36,464.76,157.41,13.62
1,240.00,37,62.82,416.09,0.00
1,240.00,38,333.87,356.71,6.37
1,240.00,39,668.11,527.23,6.05
1,240.00,40,878.86,53.00,13.25
1,240.00,41,658.23,376.11,20.89
1,240.00,42,669.96,244.37,0.00
1,240.00,43,816.54,58.80,0.00
1,240.00,44,452.22,703.19,7.50
1,240.00,45,568.22,832.28,0.00
1,240.00,46,276.02,599.80,17.05
1,240.00,47,562.35,181.95,13.69
1,240.00,48,763.43,230.21,9.80
1,240.00,49,503.04,915.27,11.48
1,240.00,50,10.14,100.46,0.00
1,240.00,51,515.64,419.38,12.71
1,240.00,52,788.78,303.27,23.90
1,240.00,53,301.20,637.99,23.26
1,240.00,54,646.43,798.71,10.89
1,240.00,55,550.86,330.32,15.07
1,240.00,56,807.12,764.51,14.49
1,240.00,57,832.57,434.21,0.00
1,240.00,58,66.56,116.22,8.27
1,240.00,59,800.19,682.61,0.00
1,240.00,60,480.96,458.86,13.14
1,240.00,61,51.51,88.15,21.18
1,240.00,62,503.24,491.56,7.50
1,240.00,63,227.03,222.93,22.67
1,240.00,64,277.26,297.23,0.00
1,240.00,65,559.43,331.49,13.64
1,240.00,66,365.18,763.02,17.14
1,240.00,67,548.44,563.15,5.79
1,240.00,68,489.49,546.26,19.80
1,240.00,69,457.51,852.89,5.77
1,240.00,70,391.06,164.42,0.00
1,240.00,71,401.37,952.89,8.09
1,240.00,72,42.88,553.06,8.08
1,240.00,73,163.14,760.54,15.85
1,240.00,74,119.76,512.78,0.00
1,240.00,75,417.26,273.11,18.06
1,240.00,76,489.45,193.87,10.46
1,240.00,77,191.20,792.17,17.46
1,240.00,78,149.48,795.52,0.00
1,240.00,79,419.59,140.66,0.00
1,240.00,80,511.01,583.83,12.28
1,240.00,81,885.90,456.38,0.00
1,240.00,82,620.36,264.78,11.12
1,240.00,83,546.59,478.05,23.53
1,240.00,84,524.18,893.67,23.46
1,240.00,85,739.54,369.68,9.35
1,240.00,86,758.99,829.85,11.77
1,240.00,87,696.67,680.95,15.70
1,240.00,88,560.00,505.96,22.86
1,240.00,89,294.47,625.43,24.60
1,240.00,90,602.35,566.00,9.88
1,240.00,91,210.29,573.77,0.00
1,240.00,92,287.89,189.63,6.69
1,240.00,93,564.23,529.01,9.66
1,240.00,94,871.01,155.76,16.29
1,240.00,95,390.19,400.59,8.38
1,240.00,96,447.83,590.63,22.43
1,240.00,97,760.37,24.50,5.78
1,240.00,98,914.41,424.45,7.55
1,240.00,99,658.01,700.54,7.15
1,240.00,100,693.78,121.26,22.00
1,240.00,101,538.27,750.00,10.98
1,240.00,102,740.46,737.02,24.76
1,240.00,103,93.26,929.92,24.14
1,240.00,104,754.79,422.54,17.45
1,240.00,105,616.70,372.96,9.82
1,240.00,106,60.07,440.19,9.61
1,240.00,107,608.47,427.25,9.90
1,240.00,108,326.98,5.59,19.17
1,240.00,109,414.91,675.56,13.97
1,240.00,110,685.22,766.74,16.79
1,240.00,111,178.91,906.51,5.65
1,240.00,112,121.65,329.71,10.37
1,240.00,113,761.13,255.89,6.58
1,240.00,114,242.07,564.53,6.89
1,240.00,115,808.01,601.02,5.75
1,240.00,116,795.39,770.90,6.55
1,240.00,117,213.06,955.84,15.04
1,240.00,118,457.09,428.66,13.59
1,240.00,119,635.06,570.57,6.19
1,240.00,120,565.61,566.91,13.29
1,240.00,121,471.69,334.06,15.00
1,240.00,122,638.07,185.96,21.92
1,240.00,123,61.25,504.50,7.57
1,240.00,124,346.39,851.73,7.03
1,240.00,125,657.28,131.67,17.91
1,240.00,126,815.68,416.10,7.42
1,240.00,127,260.21,479.08,15.34
1,240.00,128,763.01,479.09,12.04
1,240.00,129,403.01,560.24,8.46
1,240.00,130,355.86,141.09,15.44
1,240.00,131,304.04,678.84,12.29
1,240.00,132,107.42,803.17,0.00
1,240.00,133,291.76,2.59,0.00
1,240.00,134,937.33,602.95,12.66
1,240.00,135,837.63,627.99,10.67
1,240.00,136,835.70,887.27,0.00
1,240.00,137,597.71,508.36,14.66
1,240.00,138,892.64,628.00,20.77
1,240.00,139,449.36,651.92,11.93
1,240.00,140,309.19,365.85,24.76
1,240.00,141,330.39,286.08,0.00
1,240.00,142,553.82,631.33,11.60
1,240.00,143,567.25,593.98,17.04
1,240.00,144,604.24,752.08,20.48
1,240.00,145,555.17,771.46,6.27
1,240.00,146,610.81,520.93,0.00
1,240.00,147,443.02,426.29,6.78
1,240.00,148,537.17,540.50,16.41
1,240.00,149,511.08,54.90,0.00
1,240.00,150,523.45,363.79,5.11
1,240.00,151,117.66,298.71,0.00
1,240.00,152,640.10,313.01,14.48
1,240.00,153,361.33,210.05,11.17
1,240.00,154,967.12,916.08,5.21
1,240.00,155,415.98,548.02,23.41
1,240.00,156,528.04,532.39,5.32
1,240.00,157,562.60,449.75,6.28
1,240.00,158,537.21,678.68,12.43
1,240.00,159,509.40,447.29,0.00
1,240.00,160,818.97,777.45,0.00
1,240.00,161,649.19,253.50,6.12
1,240.00,162,633.19,226.33,6.91
1,240.00,163,846.80,481.48,8.72
1,240.00,164,877.41,545.04,9.06
1,240.00,165,464.79,698.16,8.36
1,240.00,166,882.80,782.27,13.03
1,240.00,167,665.18,570.22,15.35
1,240.00,168,609.29,599.25,14.38
1,240.00,169,560.89,938.76,22.09
1,240.00,170,394.52,707.07,5.17
1,240.00,171,490.77,392.85,16.97
1,240.00,172,351.20,276.48,19.17
1,240.00,173,276.05,229.36,8.29
1,240.00,174,508.79,678.70,5.69
1,240.00,175,349.71,889.84,22.67
1,240.00,176,546.47,510.45,15.39
1,240.00,177,392.74,465.20,6.13
1,240.00,178,415.63,961.47,0.00
1,240.00,179,573.07,96.22,0.00
1,240.00,180,47.58,783.67,0.00
1,240.00,181,233.12,385.51,14.38
1,240.00,182,312.20,464.83,11.28
1,240.00,183,525.15,627.42,9.52
1,240.00,184,760.29,219.88,0.00
1,240.00,185,659.43,715.98,15.02
1,240.00,186,453.03,692.35,5.80
1,240.00,187,867.90,198.00,7.00
1,240.00,188,732.69,397.60,10.79
1,240.00,189,722.90,906.55,19.19
1,240.00,190,650.71,349.62,0.00
1,240.00,191,258.74,765.49,13.31
1,240.00,192,338.24,46.44,16.17
1,240.00,193,822.65,449.43,24.97
1,240.00,194,176.34,915.37,19.57
1,240.00,195,232.15,239.17,9.34
1,240.00,196,623.75,326.07,5.42
1,240.00,197,275.33,506.38,16.91
1,240.00,198,733.30,670.30,12.10
1,240.00,199,323.08,750.59,8.08
1,240.00,200,545.96,406.61,18.49
1,240.00,201,536.51,351.38,9.35
1,240.00,202,533.48,880.66,20.54
1,240.00,203,806.42,402.53,0.00
1,240.00,204,243.70,374.85,19.62
1,240.00,205,238.07,260.11,6.85
1,240.00,206,571.12,155.62,13.69
1,240.00,207,577.50,204.10,13.76
1,240.00,208,404.39,478.59,5.07
1,240.00,209,562.07,610.66,8.08
1,240.00,210,303.64,590.67,5.86
1,240.00,211,513.14,271.71,0.00
1,240.00,212,433.87,488.65,15.90
1,240.00,213,865.55,908.32,10.00
1,240.00,214,422.57,179.07,11.53
1,240.00,215,877.95,544.49,6.74
1,240.00,216,882.50,728.71,17.64
1,240.00,217,296.87,799.37,23.14
1,240.00,218,595.35,834.57,16.19
1,240.00,219,698.70,556.38,13.05
1,240.00,220,114.89,901.74,22.21
1,240.00,221,507.96,111.84,7.12
1,240.00,222,966.35,444.56,20.89
1,240.00,223,437.95,896.91,5.24
1,240.00,224,534.24,564.63,0.00
1,240.00,225,217.05,721.77,7.10
1,240.00,226,542.47,240.45,6.20
1,240.00,227,110.02,700.41,8.43
1,240.00,228,834.57,656.60,0.00
1,240.00,229,725.04,696.81,7.98
1,240.00,230,272.04,462.53,9.75
1,240.00,231,299.74,336.75,7.54
1,240.00,232,577.45,420.25,10.85
1,240.00,233,588.12,801.60,13.20
1,240.00,234,212.92,501.38,6.48
1,240.00,235,593.77,905.40,9.60
1,240.00,236,247.31,515.11,5.06
1,240.00,237,730.56,272.22,22.13
1,240.00,238,77.82,223.44,9.95
1,240.00,239,530.00,437.23,6.13
1,240.00,240,637.54,398.80,0.00
1,240.00,241,284.37,302.87,5.66
1,240.00,242,219.05,577.83,0.00
1,240.00,243,457.72,73.16,6.54
1,240.00,244,549.10,916.09,10.59
1,240.00,245,980.56,227.99,0.00
1,240.00,246,309.61,753.16,0.00
1,240.00,247,366.36,788.90,22.64
1,240.00,248,705.93,671.26,10.00
1,240.00,249,677.73,643.31,7.27
1,240.00,250,142.62,643.05,5.06
1,240.00,251,576.20,537.99,5.73
1,240.00,252,527.77,991.51,23.97
1,240.00,253,671.19,629.07,6.00
1,240.00,254,194.19,440.21,6.05
1,240.00,255,775.54,628.76,5.46
1,240.00,256,641.70,161.72,0.00
1,240.00,257,657.07,482.11,21.15
1,240.00,258,589.05,342.51,13.98
1,240.00,259,162.68,513.67,5.89
1,240.00,260,544.92,186.41,7.17
1,240.00,261,794.19,728.12,11.01
1,240.00,262,395.59,483.47,8.05
1,240.00,263,206.64,131.36,23.49
1,240.00,264,790.39,837.70,21.88
1,240.00,265,348.92,337.12,16.22
1,240.00,266,930.14,933.69,5.84
1,240.00,267,50.36,107.04,0.00
1,240.00,268,797.30,142.55,8.26
1,240.00,269,43.10,21.47,0.00
1,240.00,270,661.21,137.56,5.12
1,240.00,271,513.74,420.33,5.39
1,240.00,272,413.88,195.45,7.39
1,240.00,273,505.68,587.64,5.15
1,240.00,274,526.86,74.08,0.00
1,240.00,275,331.56,757.19,7.64
1,240.00,276,164.97,688.20,17.20
1,240.00,277,736.15,628.51,12.79
1,240.00,278,54.62,500.94,8.29
1,240.00,279,658.18,983.10,0.00
1,240.00,280,565.15,879.30,0.00
1,240.00,281,660.42,703.91,10.61
1,240.00,282,417.19,362.09,22.75
1,240.00,283,511.27,578.40,12.11
1,240.00,284,530.45,204.88,14.14
1,240.00,285,181.36,928.34,0.00
1,240.00,286,168.49,901.36,9.51
1,240.00,287,572.42,420.23,14.54
1,240.00,288,486.83,725.80,5.19
1,240.00,289,879.91,407.27,7.76
1,240.00,290,452.41,263.19,12.37
1,240.00,291,353.99,730.39,0.00
1,240.00,292,477.04,452.10,15.28
1,240.00,293,546.80,537.99,7.09
1,240.00,294,690.93,180.02,24.02
1,240.00,295,524.48,662.17,7.16
1,240.00,296,235.14,320.18,15.91
1,240.00,297,420.16,591.87,16.50
1,240.00,298,78.58,502.07,5.27
1,240.00,299,745.31,797.94,6.58
1,250.00,0,355.67,612.71,5.69
1,250.00,1,277.43,92.37,9.51
1,250.00,2,688.57,534.42,6.19
1,250.00,3,808.04,418.85,13.15
1,250.00,4,138.81,383.79,21.76
1,250.00,5,549.84,459.76,5.43
1,250.00,6,970.69,101.81,0.00
1,250.00,7,770.13,185.30,19.23
1,250.00,8,942.75,578.50,11.91
1,250.00,9,553.61,792.39,0.00
1,250.00,10,220.90,891.84,9.61
1,250.00,11,159.59,128.70,15.65
1,250.00,12,730.38,805.82,21.87
1,250.00,13,600.06,147.45,5.50
1,250.00,14,665.47,266.68,15.02
1,250.00,15,639.48,247.81,5.44
1,250.00,16,819.22,227.05,14.76
1,250.00,17,668.20,444.24,13.17
1,250.00,18,758.78,352.21,9.31
1,250.00,19,329.99,618.03,16.58
1,250.00,20,363.42,417.07,10.94
1,250.00,21,361.02,540.96,0.00
1,250.00,22,675.36,619.72,6.00
1,250.00,23,394.10,780.64,18.68
1,250.00,24,414.45,136.98,9.52
1,250.00,25,189.29,644.90,7.86
1,250.00,26,833.16,315.41,6.16
1,250.00,27,852.73,243.72,11.15
1,250.00,28,204.65,340.30,10.08
1,250.00,29,330.43,603.14,10.14
1,250.00,30,281.16,678.15,20.71
1,250.00,31,673.91,629.86,5.03
1,250.00,32,596.00,840.88,8.64
1,250.00,33,826.15,482.30,5.99
1,250.00,34,160.36,659.07,0.00
1,250.00,35,900.97,512.31,14.77
1,250.00,36,329.76,175.23,13.62
1,250.00,37,128.59,431.39,8.37
1,250.00,38,396.57,367.80,6.37
1,250.00,39,654.49,468.24,6.05
1,250.00,40,893.50,52.99,0.00
1,250.00,41,591.99,178.00,20.89
1,250.00,42,644.80,346.60,16.06
1,250.00,43,824.23,91.41,21.60
1,250.00,44,465.45,776.98,7.50
1,250.00,45,569.15,825.52,6.46
1,250.00,46,274.21,599.32,0.00
1,250.00,47,635.82,88.03,0.00
1,250.00,48,677.38,277.08,9.80
1,250.00,49,399.58,865.48,11.48
1,250.00,50,30.22,146.09,0.00
1,250.00,51,393.99,382.46,12.71
1,250.00,52,887.33,323.17,0.00
1,250.00,53,166.48,696.65,0.00
1,250.00,54,642.80,812.00,0.00
1,250.00,55,466.71,455.29,15.07
1,250.00,56,831.71,798.84,0.00
1,250.00,57,843.13,470.57,12.69
1,250.00,58,147.84,131.51,8.27
1,250.00,59,664.31,639.13,19.83
1,250.00,60,575.07,367.16,13.14
1,250.00,61,50.22,87.32,0.00
1,250.00,62,478.53,562.39,7.50
1,250.00,63,208.62,56.52,0.00
1,250.00,64,332.54,294.96,24.53
1,250.00,65,456.92,421.43,13.64
1,250.00,66,357.05,782.25,0.00
1,250.00,67,530.26,618.16,5.79
1,250.00,68,488.89,744.30,19.80
1,250.00,69,513.12,868.15,5.77
1,250.00,70,277.39,172.99,18.95
1,250.00,71,482.29,952.95,8.09
1,250.00,72,40.97,555.12,0.00
1,250.00,73,116.16,855.50,0.00
1,250.00,74,131.57,499.70,15.43
1,250.00,75,593.78,311.05,18.06
1,250.00,76,483.38,185.06,0.00
1,250.00,77,35.29,870.85,17.46
1,250.00,78,141.49,716.66,14.47
1,250.00,79,427.14,199.33,20.04
1,250.00,80,420.22,501.14,12.28
1,250.00,81,817.67,421.88,8.76
1,250.00,82,566.89,167.22,11.12
1,250.00,83,365.76,327.47,23.53
1,250.00,84,335.15,754.79,23.46
1,250.00,85,800.82,440.33,9.35
1,250.00,86,763.64,712.29,11.77
1,250.00,87,690.06,708.34,0.00
1,250.00,88,636.97,290.70,22.86
1,250.00,89,348.93,865.28,24.60
1,250.00,90,666.76,640.97,9.88
1,250.00,91,246.94,615.89,6.39
1,250.00,92,224.39,210.78,6.69
1,250.00,93,650.22,572.93,9.66
1,250.00,94,727.01,231.92,16.29
1,250.00,95,326.65,346.00,8.38
1,250.00,96,514.56,804.76,22.43
1,250.00,97,741.08,78.97,5.78
1,250.00,98,938.66,352.92,7.55
1,250.00,99,705.00,754.47,7.15
1,250.00,100,721.72,119.28,0.00
1,250.00,101,633.38,695.15,10.98
1,250.00,102,790.10,688.30,0.00
1,250.00,103,50.51,935.91,0.00
1,250.00,104,859.08,282.64,17.45
1,250.00,105,524.99,408.14,9.82
1,250.00,106,3.88,454.94,0.00
1,250.00,107,687.81,368.01,9.90
1,250.00,108,517.89,23.29,19.17
1,250.00,109,285.68,728.66,13.97
1,250.00,110,715.99,764.51,0.00
1,250.00,111,151.44,910.89,0.00
1,250.00,112,102.42,323.34,0.00
1,250.00,113,750.39,227.12,0.00
1,250.00,114,195.96,615.78,6.89
1,250.00,115,817.83,544.41,5.75
1,250.00,116,858.86,754.88,6.55
1,250.00,117,110.50,955.48,0.00
1,250.00,118,329.77,476.08,13.59
1,250.00,119,670.64,621.27,6.19
1,250.00,120,432.87,573.40,13.29
1,250.00,121,342.33,409.96,15.00
1,250.00,122,688.18,69.63,0.00
1,250.00,123,39.58,431.95,7.57
1,250.00,124,278.98,871.62,7.03
1,250.00,125,639.89,28.67,0.00
1,250.00,126,742.26,427.11,7.42
1,250.00,127,248.63,471.80,0.00
1,250.00,128,756.03,358.89,12.04
1,250.00,129,425.12,641.87,8.46
1,250.00,130,254.52,87.64,0.00
1,250.00,131,280.01,558.27,12.29
1,250.00,132,182.53,753.55,11.29
1,250.00,133,308.65,32.47,11.23
1,250.00,134,949.35,476.90,12.66
1,250.00,135,818.16,732.88,10.67
1,250.00,136,825.03,862.48,22.95
1,250.00,137,591.27,361.93,14.66
1,250.00,138,853.51,832.03,20.77
1,250.00,139,366.86,565.75,11.93
1,250.00,140,511.39,508.73,24.76
1,250.00,141,394.01,360.66,11.07
1,250.00,142,644.00,704.26,11.60
1,250.00,143,646.97,744.60,17.04
1,250.00,144,682.85,941.20,20.48
1,250.00,145,547.31,833.65,6.27
1,250.00,146,436.70,593.69,24.15
1,250.00,147,391.96,470.93,6.78
1,250.00,148,697.55,505.67,16.41
1,250.00,149,348.96,181.78,0.00
1,250.00,150,571.41,346.11,5.11
1,250.00,151,128.90,332.08,6.01
1,250.00,152,761.69,391.57,14.48
1,250.00,153,461.62,259.24,11.17
1,250.00,154,968.43,864.00,5.21
1,250.00,155,239.03,677.91,0.00
1,250.00,156,512.67,481.49,5.32
1,250.00,157,546.90,510.55,6.28
1,250.00,158,518.50,742.40,0.00
1,250.00,159,436.37,387.66,20.09
1,250.00,160,802.55,764.92,9.00
1,250.00,161,597.87,286.91,6.12
1,250.00,162,564.95,237.20,6.91
1,250.00,163,854.74,394.66,8.72
1,250.00,164,913.20,574.26,0.00
1,250.00,165,525.50,640.62,8.36
1,250.00,166,776.54,857.62,13.03
1,250.00,167,521.04,517.31,15.35
1,250.00,168,668.16,707.82,0.00
1,250.00,169,340.08,943.45,22.09
1,250.00,170,392.30,655.44,5.17
1,250.00,171,336.29,322.53,16.97
1,250.00,172,292.23,458.90,19.17
1,250.00,173,340.06,282.06,8.29
1,250.00,174,535.11,628.26,5.69
1,250.00,175,299.84,972.26,0.00
1,250.00,176,641.20,389.19,15.39
1,250.00,177,356.69,415.66,6.13
1,250.00,178,445.61,940.42,14.37
1,250.00,179,539.06,129.38,9.55
1,250.00,180,130.28,768.57,24.97
1,250.00,181,132.47,282.75,14.38
1,250.00,182,248.40,371.81,11.28
1,250.00,183,480.07,638.51,0.00
1,250.00,184,792.73,203.28,16.73
1,250.00,185,705.20,859.05,15.02
1,250.00,186,415.87,736.82,5.80
1,250.00,187,900.39,135.97,7.00
1,250.00,188,628.54,369.56,10.79
1,250.00,189,614.35,748.31,19.19
1,250.00,190,455.24,447.46,22.87
1,250.00,191,298.75,638.54,13.31
1,250.00,192,451.92,32.27,0.00
1,250.00,193,639.92,619.54,24.97
1,250.00,194,54.94,930.51,0.00
1,250.00,195,138.82,241.76,9.34
1,250.00,196,613.32,272.87,5.42
1,250.00,197,363.38,361.96,16.91
1,250.00,198,820.42,754.21,12.10
1,250.00,199,391.62,707.84,8.08
1,250.00,200,667.58,424.21,0.00
1,250.00,201,481.97,427.34,9.35
1,250.00,202,572.26,901.15,0.00
1,250.00,203,779.35,369.20,21.70
1,250.00,204,429.82,312.92,19.62
1,250.00,205,273.71,201.66,6.85
1,250.00,206,434.87,141.97,13.69
1,250.00,207,655.96,91.09,13.76
1,250.00,208,373.71,518.89,5.07
1,250.00,209,627.72,657.67,8.08
1,250.00,210,313.57,648.45,5.86
1,250.00,211,528.94,272.58,13.23
1,250.00,212,543.19,373.15,15.90
1,250.00,213,945.77,968.08,10.00
1,250.00,214,355.01,85.64,11.53
1,250.00,215,812.85,527.17,6.74
1,250.00,216,795.84,575.05,17.64
1,250.00,217,415.62,764.59,0.00
1,250.00,218,756.93,845.47,16.19
1,250.00,219,748.64,676.91,13.05
1,250.00,220,217.43,704.71,22.21
1,250.00,221,536.99,58.49,0.00
1,250.00,222,961.81,235.74,20.89
1,250.00,223,386.11,889.59,5.24
1,250.00,224,554.85,562.66,24.29
1,250.00,225,285.48,703.01,7.10
1,250.00,226,568.14,296.90,6.20
1,250.00,227,194.08,694.13,8.43
1,250.00,228,826.32,641.47,11.74
1,250.00,229,799.48,725.56,7.98
1,250.00,230,222.86,413.29,0.00
1,250.00,231,224.73,344.16,7.54
1,250.00,232,613.94,318.09,10.85
1,250.00,233,470.08,860.76,13.20
1,250.00,234,172.94,450.36,6.48
1,250.00,235,497.74,905.10,9.60
1,250.00,236,235.82,564.38,5.06
1,250.00,237,517.32,212.97,22.13
1,250.00,238,88.55,150.68,0.00
1,250.00,239,501.82,382.77,6.13
1,250.00,240,630.01,393.40,21.11
1,250.00,241,250.85,348.45,5.66
1,250.00,242,256.54,635.55,14.59
1,250.00,243,491.63,129.11,6.54
1,250.00,244,448.83,950.24,10.59
1,250.00,245,806.12,235.85,18.68
1,250.00,246,323.99,698.03,22.56
1,250.00,247,527.87,630.26,22.64
1,250.00,248,769.25,748.65,10.00
1,250.00,249,729.04,690.04,0.00
1,250.00,250,188.34,621.32,5.06
1,250.00,251,632.33,549.62,5.73
1,250.00,252,526.51,995.39,0.00
1,250.00,253,685.67,570.80,6.00
1,250.00,254,179.56,381.52,6.05
1,250.00,255,720.95,628.46,5.46
1,250.00,256,766.63,90.78,20.31
1,250.00,257,833.80,598.34,21.15
1,250.00,258,528.35,216.62,13.98
1,250.00,259,221.23,507.50,5.89
1,250.00,260,474.60,200.68,7.17
1,250.00,261,858.50,817.43,11.01
1,250.00,262,464.07,514.13,0.00
1,250.00,263,363.73,305.99,23.49
1,250.00,264,577.93,890.12,21.88
1,250.00,265,341.22,212.48,0.00
1,250.00,266,884.78,896.85,5.84
1,250.00,267,58.40,115.68,5.39
1,250.00,268,735.55,197.44,8.26
1,250.00,269,111.97,26.97,13.85
1,250.00,270,684.86,182.99,5.12
1,250.00,271,488.34,467.86,5.39
1,250.00,272,379.07,130.24,7.39
1,250.00,273,557.05,583.38,5.15
1,250.00,274,434.69,51.28,22.36
1,250.00,275,268.71,800.71,7.64
1,250.00,276,162.92,860.15,17.20
1,250.00,277,781.37,748.14,12.79
1,250.00,278,55.32,583.83,8.29
1,250.00,279,564.97,864.58,22.60
1,250.00,280,566.80,868.58,16.47
1,250.00,281,558.54,733.70,10.61
1,250.00,282,225.64,239.38,22.75
1,250.00,283,497.57,698.73,12.11
1,250.00,284,398.38,154.26,14.14
1,250.00,285,201.84,854.40,12.02
1,250.00,286,78.53,932.25,9.51
1,250.00,287,652.84,313.03,0.00
1,250.00,288,513.97,770.05,5.19
1,250.00,289,930.09,348.04,7.76
1,250.00,290,470.73,140.83,12.37
1,250.00,291,336.75,736.78,5.22
1,250.00,292,439.14,600.14,15.28
1,250.00,293,616.74,549.31,7.09
1,250.00,294,576.67,391.35,24.02
1,250.00,295,471.27,710.07,7.16
1,250.00,296,94.38,383.56,0.00
1,250.00,297,358.08,438.98,16.50
1,250.00,298,119.82,534.84,5.27
1,250.00,299,721.94,736.46,6.58
1,260.00,0,365.45,556.62,5.69
1,260.00,1,371.54,78.99,9.51
1,260.00,2,676.09,473.77,6.19
1,260.00,3,711.08,329.96,13.15
1,260.00,4,134.23,166.26,21.76
1,260.00,5,536.14,512.35,5.43
1,260.00,6,855.80,221.87,17.88
1,260.00,7,770.26,185.23,0.00
1,260.00,8,983.65,623.12,0.00
1,260.00,9,486.14,804.94,14.13
1,260.00,10,294.05,829.45,9.61
1,260.00,11,141.69,284.14,15.65
1,260.00,12,532.42,712.94,21.87
1,260.00,13,545.72,155.63,5.50
1,260.00,14,529.28,203.31,15.02
1,260.00,15,676.22,207.69,5.44
1,260.00,16,820.09,138.00,0.00
1,260.00,17,633.57,458.53,0.00
1,260.00,18,843.60,313.75,9.31
1,260.00,19,487.85,567.28,16.58
1,260.00,20,361.07,418.98,0.00
1,260.00,21,368.53,541.99,5.87
1,260.00,22,628.39,657.10,6.00
1,260.00,23,517.45,640.34,18.68
1,260.00,24,506.47,112.72,9.52
1,260.00,25,129.61,620.17,0.00
1,260.00,26,894.57,320.51,6.16
1,260.00,27,784.00,155.90,11.15
1,260.00,28,259.35,424.96,10.08
1,260.00,29,332.11,501.73,10.14
1,260.00,30,115.78,694.07,0.00
1,260.00,31,625.26,642.82,5.03
1,260.00,32,670.07,885.30,8.64
1,260.00,33,766.30,484.60,5.99
1,260.00,34,180.55,649.67,5.22
1,260.00,35,835.87,644.84,14.77
1,260.00,36,194.77,193.05,13.62
1,260.00,37,210.09,450.36,8.37
1,260.00,38,459.27,378.88,6.37
1,260.00,39,640.88,409.25,6.05
1,260.00,40,808.64,118.67,12.06
1,260.00,41,558.56,78.04,0.00
1,260.00,42,632.71,395.74,0.00
1,260.00,43,873.79,301.69,21.60
1,260.00,44,478.67,850.77,7.50
1,260.00,45,577.95,761.52,6.46
1,260.00,46,361.87,596.21,8.87
1,260.00,47,641.33,105.38,14.09
1,260.00,48,591.32,323.95,9.80
1,260.00,49,296.12,815.70,11.48
1,260.00,50,70.49,136.55,8.26
1,260.00,51,272.34,345.54,12.71
1,260.00,52,801.91,287.80,15.96
1,260.00,53,243.34,716.63,21.57
1,260.00,54,666.83,695.41,13.63
1,260.00,55,382.56,580.26,15.07
1,260.00,56,699.01,769.01,19.19
1,260.00,57,878.53,592.48,12.69
1,260.00,58,229.13,146.80,8.27
1,260.00,59,475.41,578.69,19.83
1,260.00,60,669.18,275.46,13.14
1,260.00,61,260.45,218.27,24.95
1,260.00,62,453.82,633.22,7.50
1,260.00,63,221.47,65.01,5.89
1,260.00,64,431.14,290.93,0.00
1,260.00,65,354.41,511.37,13.64
1,260.00,66,525.11,650.33,24.33
1,260.00,67,512.07,673.17,5.79
1,260.00,68,488.28,942.33,19.80
1,260.00,69,568.74,883.41,5.77
1,260.00,70,256.35,174.58,0.00
1,260.00,71,563.21,953.01,8.09
1,260.00,72,134.04,683.06,16.39
1,260.00,73,151.58,844.66,11.17
1,260.00,74,154.57,474.21,0.00
1,260.00,75,770.30,348.99,18.06
1,260.00,76,471.43,231.06,5.29
1,260.00,77,16.47,880.35,0.00
1,260.00,78,135.52,657.77,0.00
1,260.00,79,452.72,398.10,20.04
1,260.00,80,329.44,418.45,12.28
1,260.00,81,739.47,382.33,8.76
1,260.00,82,513.43,69.66,11.12
1,260.00,83,184.93,176.90,23.53
1,260.00,84,146.12,615.91,23.46
1,260.00,85,862.11,510.97,9.35
1,260.00,86,765.98,653.01,0.00
1,260.00,87,587.28,630.10,15.74
1,260.00,88,683.76,159.85,0.00
1,260.00,89,366.20,941.35,0.00
1,260.00,90,731.16,715.94,9.88
1,260.00,91,288.86,664.08,6.39
1,260.00,92,160.89,231.93,6.69
1,260.00,93,736.21,616.84,9.66
1,260.00,94,583.00,308.07,16.29
1,260.00,95,263.11,291.41,8.38
1,260.00,96,523.37,833.04,0.00
1,260.00,97,721.79,133.44,5.78
1,260.00,98,962.92,281.39,7.55
1,260.00,99,751.98,808.40,7.15
1,260.00,100,677.28,109.52,5.21
1,260.00,101,683.20,666.42,0.00
1,260.00,102,763.46,543.67,20.45
1,260.00,103,191.41,789.01,24.79
1,260.00,104,963.37,142.73,17.45
1,260.00,105,433.27,443.31,9.82
1,260.00,106,57.48,425.29,15.49
1,260.00,107,767.14,308.77,9.90
1,260.00,108,708.80,40.98,19.17
1,260.00,109,156.46,781.77,13.97
1,260.00,110,671.37,765.13,5.47
1,260.00,111,178.65,868.71,9.88
1,260.00,112,160.38,230.67,13.58
1,260.00,113,692.61,259.71,12.43
1,260.00,114,185.29,627.64,0.00
1,260.00,115,827.64,487.79,5.75
1,260.00,116,922.33,738.86,6.55
1,260.00,117,123.53,933.28,8.09
1,260.00,118,202.44,523.50,13.59
1,260.00,119,706.22,671.97,6.19
1,260.00,120,300.13,579.88,13.29
1,260.00,121,212.97,485.86,15.00
1,260.00,122,678.26,146.86,18.44
1,260.00,123,34.28,414.21,0.00
1,260.00,124,211.57,891.52,7.03
1,260.00,125,659.61,67.51,10.46
1,260.00,126,668.83,438.11,7.42
1,260.00,127,321.93,313.35,19.17
1,260.00,128,753.99,323.76,0.00
1,260.00,129,447.23,723.51,8.46
1,260.00,130,286.82,120.64,17.91
1,260.00,131,255.97,437.71,12.29
1,260.00,132,276.74,691.32,11.29
1,260.00,133,363.93,130.25,11.23
1,260.00,134,961.37,350.84,12.66
1,260.00,135,798.69,837.77,10.67
1,260.00,136,734.32,651.69,22.95
1,260.00,137,586.56,254.87,0.00
1,260.00,138,823.21,989.98,0.00
1,260.00,139,284.35,479.58,11.93
1,260.00,140,713.58,651.60,24.76
1,260.00,141,465.85,444.87,11.07
1,260.00,142,734.17,777.20,11.60
1,260.00,143,726.69,895.22,17.04
1,260.00,144,698.24,978.23,0.00
1,260.00,145,541.52,879.45,0.00
1,260.00,146,213.89,686.80,24.15
1,260.00,147,340.90,515.58,6.78
1,260.00,148,756.82,492.80,0.00
1,260.00,149,367.49,187.70,14.20
1,260.00,150,619.37,328.43,5.11
1,260.00,151,148.09,389.07,6.01
1,260.00,152,883.28,470.13,14.48
1,260.00,153,561.91,308.42,11.17
1,260.00,154,969.75,811.91,5.21
1,260.00,155,248.99,676.02,16.31
1,260.00,156,497.31,430.60,5.32
1,260.00,157,531.21,571.36,6.28
1,260.00,158,485.18,768.16,9.05
1,260.00,159,280.75,260.62,20.09
1,260.00,160,731.02,710.34,9.00
1,260.00,161,580.69,298.09,0.00
1,260.00,162,496.71,248.07,6.91
1,260.00,163,862.68,307.85,8.72
1,260.00,164,891.35,534.07,9.34
1,260.00,165,586.21,583.07,8.36
1,260.00,166,746.71,878.78,0.00
1,260.00,167,376.90,464.40,15.35
1,260.00,168,664.08,684.93,16.45
1,260.00,169,119.27,948.13,22.09
1,260.00,170,390.08,603.80,5.17
1,260.00,171,181.81,252.21,16.97
1,260.00,172,233.26,641.32,19.17
1,260.00,173,404.06,334.75,8.29
1,260.00,174,561.43,577.81,5.69
1,260.00,175,262.51,864.94,19.75
1,260.00,176,735.93,267.93,15.39
1,260.00,177,320.63,366.11,6.13
1,260.00,178,563.21,857.88,14.37
1,260.00,179,470.65,196.08,9.55
1,260.00,180,375.90,723.71,24.97
1,260.00,181,126.16,276.31,0.00
1,260.00,182,184.61,278.80,11.28
1,260.00,183,543.94,533.79,23.93
1,260.00,184,860.53,168.56,0.00
1,260.00,185,736.96,958.28,0.00
1,260.00,186,378.71,781.29,5.80
1,260.00,187,921.73,95.22,0.00
1,260.00,188,524.38,341.53,10.79
1,260.00,189,505.81,590.07,19.19
1,260.00,190,250.73,549.81,22.87
1,260.00,191,338.76,511.59,13.31
1,260.00,192,477.83,55.17,11.87
1,260.00,193,457.20,789.65,24.97
1,260.00,194,88.54,907.94,10.80
1,260.00,195,45.48,244.35,9.34
1,260.00,196,602.89,219.66,5.42
1,260.00,197,451.43,217.54,16.91
1,260.00,198,907.55,838.11,12.10
1,260.00,199,460.16,665.10,8.08
1,260.00,200,663.70,406.48,5.41
1,260.00,201,427.43,503.30,9.35
1,260.00,202,638.36,807.06,14.62
1,260.00,203,739.84,320.54,0.00
1,260.00,204,615.94,250.99,19.62
1,260.00,205,309.35,143.21,6.85
1,260.00,206,298.63,128.32,13.69
1,260.00,207,714.98,6.07,0.00
1,260.00,208,343.03,559.20,5.07
1,260.00,209,693.38,704.68,8.08
1,260.00,210,323.51,706.24,5.86
1,260.00,211,661.07,279.91,13.23
1,260.00,212,652.51,257.66,15.90
1,260.00,213,962.74,980.72,0.00
1,260.00,214,307.81,20.36,0.00
1,260.00,215,747.75,509.85,6.74
1,260.00,216,709.35,421.68,0.00
1,260.00,217,441.13,762.10,5.51
1,260.00,218,808.46,848.94,0.00
1,260.00,219,798.58,797.44,13.05
1,260.00,220,319.98,507.67,22.21
1,260.00,221,515.13,67.67,16.18
1,260.00,222,957.51,37.85,0.00
1,260.00,223,334.26,882.26,5.24
1,260.00,224,612.28,557.17,0.00
1,260.00,225,353.91,684.25,7.10
1,260.00,226,593.81,353.36,6.20
1,260.00,227,278.13,687.85,8.43
1,260.00,228,770.06,538.37,11.74
1,260.00,229,873.92,754.31,7.98
1,260.00,230,210.98,381.55,11.85
1,260.00,231,149.72,351.58,7.54
1,260.00,232,650.42,215.93,10.85
1,260.00,233,352.04,919.92,13.20
1,260.00,234,132.96,399.34,6.48
1,260.00,235,401.71,904.79,9.60
1,260.00,236,224.33,613.65,5.06
1,260.00,237,304.08,153.72,22.13
1,260.00,238,120.21,176.62,15.70
1,260.00,239,473.64,328.30,6.13
1,260.00,240,458.43,270.33,21.11
1,260.00,241,217.33,394.02,5.66
1,260.00,242,316.89,728.47,0.00
1,260.00,243,525.55,185.06,6.54
1,260.00,244,436.34,954.49,0.00
1,260.00,245,619.51,244.26,18.68
1,260.00,246,380.94,479.76,22.56
1,260.00,247,689.38,471.62,22.64
1,260.00,248,832.57,826.04,10.00
1,260.00,249,724.11,688.32,11.39
1,260.00,250,234.06,599.59,5.06
1,260.00,251,688.45,561.26,5.73
1,260.00,252,546.46,858.59,14.06
1,260.00,253,700.14,512.54,6.00
1,260.00,254,164.93,322.83,6.05
1,260.00,255,666.36,628.16,5.46
1,260.00,256,774.91,86.08,0.00
1,260.00,257,947.96,673.42,0.00
1,260.00,258,467.64,90.72,13.98
1,260.00,259,279.77,501.33,5.89
1,260.00,260,404.29,214.94,7.17
1,260.00,261,897.26,871.27,0.00
1,260.00,262,460.87,518.15,7.61
1,260.00,263,520.83,480.62,23.49
1,260.00,264,416.83,929.87,0.00
1,260.00,265,344.67,239.58,11.88
1,260.00,266,839.42,860.02,5.84
1,260.00,267,95.10,155.13,5.39
1,260.00,268,673.79,252.33,8.26
1,260.00,269,250.06,37.99,13.85
1,260.00,270,708.50,228.42,5.12
1,260.00,271,462.94,515.38,5.39
1,260.00,272,349.40,74.68,0.00
1,260.00,273,608.42,579.11,5.15
1,260.00,274,315.90,21.90,0.00
1,260.00,275,205.87,844.23,7.64
1,260.00,276,161.80,954.39,0.00
1,260.00,277,826.60,867.76,12.79
1,260.00,278,56.02,666.73,8.29
1,260.00,279,425.27,686.94,22.60
1,260.00,280,591.86,705.84,16.47
1,260.00,281,456.66,763.49,10.61
1,260.00,282,41.21,121.23,0.00
1,260.00,283,483.86,819.05,12.11
1,260.00,284,266.31,103.64,14.14
1,260.00,285,233.92,738.57,12.02
1,260.00,286,77.06,932.75,0.00
1,260.00,287,647.17,318.15,9.74
1,260.00,288,541.10,814.30,5.19
1,260.00,289,941.63,334.41,0.00
1,260.00,290,477.61,94.83,0.00
1,260.00,291,287.79,754.93,5.22
1,260.00,292,401.25,748.17,15.28
1,260.00,293,686.69,560.64,7.09
1,260.00,294,482.70,565.13,0.00
1,260.00,295,418.06,757.96,7.16
1,260.00,296,99.58,383.71,17.56
1,260.00,297,295.99,286.09,16.50
1,260.00,298,161.06,567.60,5.27
1,260.00,299,698.58,674.99,6.58
1,270.00,0,375.24,500.54,5.69
1,270.00,1,465.65,65.61,9.51
1,270.00,2,663.61,413.12,6.19
1,270.00,3,614.13,241.07,13.15
1,270.00,4,133.93,151.95,0.00
1,270.00,5,522.43,564.94,5.43
1,270.00,6,732.15,351.09,17.88
1,270.00,7,664.11,277.25,14.06
1,270.00,8,861.67,619.80,24.82
1,270.00,9,422.25,816.82,0.00
1,270.00,10,367.21,767.06,9.61
1,270.00,11,123.78,439.59,15.65
1,270.00,12,334.45,620.07,21.87
1,270.00,13,491.38,163.81,5.50
1,270.00,14,393.09,139.93,15.02
1,270.00,15,712.95,167.56,5.44
1,270.00,16,807.84,223.23,21.70
1,270.00,17,578.42,617.14,23.47
1,270.00,18,855.51,308.34,0.00
1,270.00,19,645.71,516.53,16.58
1,270.00,20,318.79,379.84,5.93
1,270.00,21,426.69,549.96,5.87
1,270.00,22,581.42,694.49,6.00
1,270.00,23,519.01,638.57,0.00
1,270.00,24,598.49,88.47,9.52
1,270.00,25,154.95,634.07,16.22
1,270.00,26,955.98,325.61,6.16
1,270.00,27,715.26,68.08,11.15
1,270.00,28,273.42,446.75,0.00
1,270.00,29,333.80,400.31,10.14
1,270.00,30,154.57,679.17,21.00
1,270.00,31,576.61,655.78,5.03
1,270.00,32,744.14,929.71,8.64
1,270.00,33,706.46,486.89,5.99
1,270.00,34,227.85,627.64,5.22
1,270.00,35,784.44,749.52,0.00
1,270.00,36,59.77,210.88,13.62
1,270.00,37,291.59,469.33,8.37
1,270.00,38,521.97,389.97,6.37
1,270.00,39,630.07,362.42,0.00
1,270.00,40,713.25,192.50,12.06
1,270.00,41,606.91,191.75,24.94
1,270.00,42,510.24,447.32,19.40
1,270.00,43,923.34,511.96,21.60
1,270.00,44,487.13,897.97,0.00
1,270.00,45,586.76,697.51,6.46
1,270.00,46,450.51,593.06,8.87
1,270.00,47,683.99,239.70,14.09
1,270.00,48,505.27,370.82,9.80
1,270.00,49,192.66,765.91,11.48
1,270.00,50,77.38,134.92,0.00
1,270.00,51,150.68,308.62,12.71
1,270.00,52,654.45,226.75,15.96
1,270.00,53,452.09,770.89,21.57
1,270.00,54,694.34,561.94,13.63
1,270.00,55,343.30,638.55,0.00
1,270.00,56,511.77,726.92,19.19
1,270.00,57,913.94,714.38,12.69
1,270.00,58,310.42,162.09,8.27
1,270.00,59,286.52,518.24,19.83
1,270.00,60,732.56,213.70,0.00
1,270.00,61,472.21,350.16,24.95
1,270.00,62,429.11,704.04,7.50
1,270.00,63,270.58,97.44,5.89
1,270.00,64,368.64,394.94,20.30
1,270.00,65,344.73,519.85,0.00
1,270.00,66,716.46,500.13,24.33
1,270.00,67,493.89,728.19,5.79
1,270.00,68,488.21,967.44,0.00
1,270.00,69,624.35,898.68,5.77
1,270.00,70,365.10,312.76,19.79
1,270.00,71,644.13,953.07,8.09
1,270.00,72,230.47,815.62,16.39
1,270.00,73,258.42,811.98,11.17
1,270.00,74,186.14,617.40,18.86
1,270.00,75,905.34,378.01,0.00
1,270.00,76,458.12,282.31,5.29
1,270.00,77,52.99,834.30,6.68
1,270.00,78,165.54,649.43,5.27
1,270.00,79,478.30,596.86,20.04
1,270.00,80,238.65,335.77,12.28
1,270.00,81,661.26,342.79,8.76
1,270.00,82,490.29,27.45,0.00
1,270.00,83,16.94,37.01,0.00
1,270.00,84,61.04,553.40,0.00
1,270.00,85,902.11,557.08,0.00
1,270.00,86,811.58,570.65,18.99
1,270.00,87,462.02,534.74,15.74
1,270.00,88,661.19,234.89,19.98
1,270.00,89,357.11,801.84,20.48
1,270.00,90,795.56,790.92,9.88
1,270.00,91,330.77,712.27,6.39
1,270.00,92,159.92,232.25,0.00
1,270.00,93,822.21,660.75,9.66
1,270.00,94,439.00,384.22,16.29
1,270.00,95,199.57,236.82,8.38
1,270.00,96,629.55,747.80,15.69
1,270.00,97,702.50,187.91,5.78
1,270.00,98,975.44,244.45,0.00
1,270.00,99,759.14,816.63,0.00
1,270.00,100,626.36,98.34,5.21
1,270.00,101,622.92,698.09,0.00
1,270.00,102,726.87,344.98,0.00
1,270.00,103,363.00,610.11,24.79
1,270.00,104,974.87,127.31,0.00
1,270.00,105,341.55,478.48,9.82
1,270.00,106,193.02,350.29,15.49
1,270.00,107,846.48,249.53,9.90
1,270.00,108,899.72,58.67,19.17
1,270.00,109,79.02,813.60,0.00
1,270.00,110,616.71,765.89,5.47
1,270.00,111,232.22,785.67,9.88
1,270.00,112,222.70,131.05,0.00
1,270.00,113,584.33,320.77,12.43
1,270.00,114,218.44,557.97,10.04
1,270.00,115,828.30,483.97,0.00
1,270.00,116,967.31,727.50,0.00
1,270.00,117,164.49,863.47,8.09
1,270.00,118,133.52,549.17,0.00
1,270.00,119,731.95,708.63,0.00
1,270.00,120,284.00,580.67,0.00
1,270.00,121,83.60,561.75,15.00
1,270.00,122,657.14,311.28,0.00
1,270.00,123,122.87,386.14,12.30
1,270.00,124,144.17,911.41,7.03
1,270.00,125,706.96,160.73,10.46
1,270.00,126,595.40,449.12,7.42
1,270.00,127,402.39,139.39,19.17
1,270.00,128,768.58,379.23,8.10
1,270.00,129,469.34,805.15,8.46
1,270.00,130,412.15,248.66,17.91
1,270.00,131,231.94,317.14,12.29
1,270.00,132,370.96,629.08,11.29
1,270.00,133,419.21,228.03,11.23
1,270.00,134,971.50,244.63,0.00
1,270.00,135,789.27,888.56,0.00
1,270.00,136,643.62,440.89,22.95
1,270.00,137,547.62,240.38,15.46
1,270.00,138,788.06,982.69,15.90
1,270.00,139,245.45,438.94,0.00
1,270.00,140,888.65,775.31,0.00
1,270.00,141,537.69,529.08,11.07
1,270.00,142,824.35,850.14,11.60
1,270.00,143,767.28,971.91,0.00
1,270.00,144,705.04,853.64,15.52
1,270.00,145,592.88,882.89,19.54
1,270.00,146,151.16,713.01,0.00
1,270.00,147,289.84,560.22,6.78
1,270.00,148,778.06,468.06,5.17
1,270.00,149,502.74,230.89,14.20
1,270.00,150,667.33,310.75,5.11
1,270.00,151,167.28,446.06,6.01
1,270.00,152,943.15,508.81,0.00
1,270.00,153,570.56,312.67,0.00
1,270.00,154,971.06,759.82,5.21
1,270.00,155,409.19,645.52,16.31
1,270.00,156,481.94,379.70,5.32
1,270.00,157,515.51,632.17,6.28
1,270.00,158,413.61,823.48,9.05
1,270.00,159,125.12,133.58,20.09
1,270.00,160,659.49,655.77,9.00
1,270.00,161,435.90,271.57,22.13
1,270.00,162,466.23,252.93,0.00
1,270.00,163,870.61,221.04,8.72
1,270.00,164,846.76,452.01,9.34
1,270.00,165,646.93,525.53,8.36
1,270.00,166,908.08,941.03,24.05
1,270.00,167,232.77,411.49,15.35
1,270.00,168,635.20,522.95,16.45
1,270.00,169,12.67,950.39,0.00
1,270.00,170,387.85,552.16,5.17
1,270.00,171,149.26,237.40,0.00
1,270.00,172,174.28,823.74,19.17
1,270.00,173,468.07,387.45,8.29
1,270.00,174,587.75,527.37,5.69
1,270.00,175,197.61,678.35,19.75
1,270.00,176,830.65,146.66,15.39
1,270.00,177,286.96,319.84,0.00
1,270.00,178,580.23,845.94,0.00
1,270.00,179,402.23,262.78,9.55
1,270.00,180,621.51,678.86,24.97
1,270.00,181,244.10,225.39,13.70
1,270.00,182,132.41,202.70,0.00
1,270.00,183,614.03,418.88,0.00
1,270.00,184,791.90,89.22,19.27
1,270.00,185,719.97,922.36,12.97
1,270.00,186,341.56,825.76,5.80
1,270.00,187,955.47,73.70,11.66
1,270.00,188,502.23,335.56,0.00
1,270.00,189,397.26,431.82,19.19
1,270.00,190,46.22,652.17,22.87
1,270.00,191,365.74,425.98,0.00
1,270.00,192,566.77,133.76,11.87
1,270.00,193,358.40,881.63,0.00
1,270.00,194,178.18,847.71,10.80
1,270.00,195,7.85,245.40,0.00
1,270.00,196,592.46,166.46,5.42
1,270.00,197,539.48,73.13,16.91
1,270.00,198,911.40,841.82,0.00
1,270.00,199,528.70,622.35,8.08
1,270.00,200,652.12,353.63,5.41
1,270.00,201,372.89,579.26,9.35
1,270.00,202,722.41,687.42,14.62
1,270.00,203,616.64,212.31,23.06
1,270.00,204,791.74,192.49,0.00
1,270.00,205,344.99,84.76,6.85
1,270.00,206,239.04,122.35,0.00
1,270.00,207,678.51,41.50,20.53
1,270.00,208,312.35,599.50,5.07
1,270.00,209,759.04,751.69,8.08
1,270.00,210,333.44,764.02,5.86
1,270.00,211,793.20,287.24,13.23
1,270.00,212,761.84,142.17,15.90
1,270.00,213,838.41,871.52,20.98
1,270.00,214,300.50,56.69,12.30
1,270.00,215,682.65,492.53,6.74
1,270.00,216,709.25,421.70,5.05
1,270.00,217,495.94,756.74,5.51
1,270.00,218,710.89,773.20,18.14
1,270.00,219,848.53,917.97,13.05
1,270.00,220,422.53,310.64,22.21
1,270.00,221,365.95,130.34,16.18
1,270.00,222,954.99,49.58,22.92
1,270.00,223,282.41,874.93,5.24
1,270.00,224,722.03,414.40,23.62
1,270.00,225,422.34,665.49,7.10
1,270.00,226,619.48,409.81,6.20
1,270.00,227,362.18,681.57,8.43
1,270.00,228,713.81,435.28,11.74
1,270.00,229,948.36,783.05,7.98
1,270.00,230,169.43,270.61,11.85
1,270.00,231,132.01,353.33,0.00
1,270.00,232,667.78,167.31,0.00
1,270.00,233,327.80,932.06,0.00
1,270.00,234,92.98,348.32,6.48
1,270.00,235,362.12,904.66,0.00
1,270.00,236,222.64,620.90,0.00
1,270.00,237,90.84,94.47,22.13
1,270.00,238,241.66,276.13,15.70
1,270.00,239,445.45,273.84,6.13
1,270.00,240,286.86,147.27,21.11
1,270.00,241,183.81,439.60,5.66
1,270.00,242,330.30,695.81,14.67
1,270.00,243,559.46,241.01,6.54
1,270.00,244,548.37,861.41,16.64
1,270.00,245,432.90,252.67,18.68
1,270.00,246,437.88,261.49,22.56
1,270.00,247,850.89,312.97,22.64
1,270.00,248,895.89,903.43,10.00
1,270.00,249,616.56,650.72,11.39
1,270.00,250,279.78,577.87,5.06
1,270.00,251,744.58,572.89,5.73
1,270.00,252,566.75,719.43,14.06
1,270.00,253,714.61,454.27,6.00
1,270.00,254,158.63,297.56,0.00
1,270.00,255,611.76,627.86,5.46
1,270.00,256,754.64,197.35,0.00
1,270.00,257,921.69,667.91,7.58
1,270.00,258,426.13,4.62,0.00
1,270.00,259,338.32,495.17,5.89
1,270.00,260,333.97,229.21,7.17
1,270.00,261,827.29,878.62,17.71
1,270.00,262,413.57,577.78,7.61
1,270.00,263,677.92,655.25,23.49
1,270.00,264,468.67,922.27,21.68
1,270.00,265,359.67,357.45,11.88
1,270.00,266,794.06,823.19,5.84
1,270.00,267,131.80,194.59,5.39
1,270.00,268,612.04,307.22,8.26
1,270.00,269,388.14,49.00,13.85
1,270.00,270,732.15,273.85,5.12
1,270.00,271,437.54,562.91,5.39
1,270.00,272,348.52,110.16,24.02
1,270.00,273,659.79,574.85,5.15
1,270.00,274,263.61,109.96,22.62
1,270.00,275,191.32,854.30,0.00
1,270.00,276,175.02,903.08,11.72
1,270.00,277,839.95,903.07,0.00
1,270.00,278,56.72,749.63,8.29
1,270.00,279,381.61,631.44,0.00
1,270.00,280,616.91,543.10,16.47
1,270.00,281,436.53,769.38,0.00
1,270.00,282,43.28,121.57,5.64
1,270.00,283,478.94,862.25,0.00
1,270.00,284,166.42,65.36,0.00
1,270.00,285,261.06,640.57,0.00
1,270.00,286,165.23,850.88,12.23
1,270.00,287,574.92,383.54,9.74
1,270.00,288,568.24,858.55,5.19
1,270.00,289,863.38,358.12,10.62
1,270.00,290,545.84,147.78,13.84
1,270.00,291,238.83,773.08,5.22
1,270.00,292,377.36,841.46,0.00
1,270.00,293,745.27,570.13,0.00
1,270.00,294,477.06,574.71,6.26
1,270.00,295,364.86,805.85,7.16
1,270.00,296,244.15,387.84,0.00
1,270.00,297,233.91,133.21,16.50
1,270.00,298,202.30,600.37,5.27
1,270.00,299,689.96,652.30,0.00
1,280.00,0,385.03,444.45,5.69
1,280.00,1,528.50,56.67,0.00
1,280.00,2,651.13,352.47,6.19
1,280.00,3,564.09,195.19,0.00
1,280.00,4,236.68,113.61,11.74
1,280.00,5,508.73,617.52,5.43
1,280.00,6,608.51,480.30,17.88
1,280.00,7,557.88,369.34,14.06
1,280.00,8,613.58,613.05,24.82
1,280.00,9,397.57,697.29,22.60
1,280.00,10,440.37,704.67,9.61
1,280.00,11,105.88,595.03,15.65
1,280.00,12,324.66,615.47,0.00
1,280.00,13,437.04,171.99,5.50
1,280.00,14,256.90,76.55,15.02
1,280.00,15,749.69,127.44,5.44
1,280.00,16,776.95,438.03,21.70
1,280.00,17,501.36,838.80,23.47
1,280.00,18,696.10,286.68,18.72
1,280.00,19,668.72,509.14,0.00
1,280.00,20,275.31,339.59,5.93
1,280.00,21,484.85,557.93,5.87
1,280.00,22,534.45,731.87,6.00
1,280.00,23,744.61,640.71,22.85
1,280.00,24,690.51,64.21,9.52
1,280.00,25,297.15,712.07,16.22
1,280.00,26,997.03,329.02,0.00
1,280.00,27,704.22,53.97,0.00
1,280.00,28,263.63,511.99,8.88
1,280.00,29,335.48,298.90,10.14
1,280.00,30,350.62,603.86,21.00
1,280.00,31,527.97,668.75,5.03
1,280.00,32,815.80,972.69,0.00
1,280.00,33,646.61,489.19,5.99
1,280.00,34,275.16,605.61,5.22
1,280.00,35,736.73,730.52,24.44
1,280.00,36,41.28,213.32,0.00
1,280.00,37,373.08,488.29,8.37
1,280.00,38,584.67,401.06,6.37
1,280.00,39,657.47,372.00,14.08
1,280.00,40,617.85,266.34,12.06
1,280.00,41,704.51,421.28,24.94
1,280.00,42,437.08,478.14,0.00
1,280.00,43,972.90,722.24,21.60
1,280.00,44,444.24,844.39,19.05
1,280.00,45,595.56,633.50,6.46
1,280.00,46,539.15,589.91,8.87
1,280.00,47,726.65,374.02,14.09
1,280.00,48,419.22,417.69,9.80
1,280.00,49,111.18,726.70,0.00
1,280.00,50,24.00,330.32,22.16
1,280.00,51,29.03,271.69,12.71
1,280.00,52,506.98,165.69,15.96
1,280.00,53,660.83,825.16,21.57
1,280.00,54,721.85,428.47,13.63
1,280.00,55,386.33,524.35,22.87
1,280.00,56,324.52,684.83,19.19
1,280.00,57,949.34,836.29,12.69
1,280.00,58,391.71,177.38,8.27
1,280.00,59,97.62,457.80,19.83
1,280.00,60,733.13,238.30,7.54
1,280.00,61,683.97,482.06,24.95
1,280.00,62,404.40,774.87,7.50
1,280.00,63,319.70,129.88,5.89
1,280.00,64,269.69,559.61,0.00
1,280.00,65,397.12,477.64,7.43
1,280.00,66,829.72,411.23,0.00
1,280.00,67,475.70,783.20,5.79
1,280.00,68,403.65,914.42,11.43
1,280.00,69,675.60,912.75,0.00
1,280.00,70,487.46,468.26,19.79
1,280.00,71,725.05,953.13,8.09
1,280.00,72,324.86,945.38,0.00
1,280.00,73,365.26,779.30,11.17
1,280.00,74,214.46,745.83,0.00
1,280.00,75,887.92,379.91,7.46
1,280.00,76,444.81,333.56,5.29
1,280.00,77,94.53,781.93,6.68
1,280.00,78,216.36,635.31,5.27
1,280.00,79,491.32,698.04,0.00
1,280.00,80,147.86,253.08,12.28
1,280.00,81,583.06,303.24,8.76
1,280.00,82,537.58,100.24,15.30
1,280.00,83,20.33,46.72,14.48
1,280.00,84,138.53,601.04,16.54
1,280.00,85,918.21,477.83,23.29
1,280.00,86,903.54,404.54,18.99
1,280.00,87,336.76,439.38,15.74
1,280.00,88,603.62,426.24,19.98
1,280.00,89,343.79,597.51,20.48
1,280.00,90,859.97,865.89,9.88
1,280.00,91,372.69,760.46,6.39
1,280.00,92,395.40,257.56,24.05
1,280.00,93,901.11,701.04,0.00
1,280.00,94,294.99,460.38,16.29
1,280.00,95,136.03,182.23,8.38
1,280.00,96,751.88,649.58,15.69
1,280.00,97,683.21,242.38,5.78
1,280.00,98,868.34,230.16,22.34
1,280.00,99,803.86,719.04,12.67
1,280.00,100,575.44,87.16,5.21
1,280.00,101,629.15,709.49,7.92
1,280.00,102,726.35,345.84,8.26
1,280.00,103,534.60,431.21,24.79
1,280.00,104,956.68,297.34,19.22
1,280.00,105,249.83,513.66,9.82
1,280.00,106,328.56,275.29,15.49
1,280.00,107,925.81,190.29,9.90
1,280.00,108,921.02,60.65,0.00
1,280.00,109,88.85,781.61,8.35
1,280.00,110,562.04,766.65,5.47
1,280.00,111,285.79,702.62,9.88
1,280.00,112,239.71,132.54,12.65
1,280.00,113,476.05,381.83,12.43
1,280.00,114,261.57,467.33,10.04
1,280.00,115,643.75,448.80,20.15
1,280.00,116,958.82,703.08,8.87
1,280.00,117,205.46,793.65,8.09
1,280.00,118,174.94,579.10,11.14
1,280.00,119,704.76,715.80,10.15
1,280.00,120,328.55,535.51,7.22
1,280.00,121,30.54,592.88,0.00
1,280.00,122,653.92,324.31,13.26
1,280.00,123,157.58,375.13,0.00
1,280.00,124,76.76,931.31,7.03
1,280.00,125,754.31,253.96,10.46
1,280.00,126,521.97,460.13,7.42
1,280.00,127,428.85,82.19,0.00
1,280.00,128,789.19,457.60,8.10
1,280.00,129,491.45,886.78,8.46
1,280.00,130,537.47,376.68,17.91
1,280.00,131,207.90,196.57,12.29
1,280.00,132,465.17,566.84,11.29
1,280.00,133,474.48,325.81,11.23
1,280.00,134,952.90,238.86,12.37
1,280.00,135,830.09,817.73,15.85
1,280.00,136,566.82,262.43,0.00
1,280.00,137,402.78,186.46,15.46
1,280.00,138,632.40,950.43,15.90
1,280.00,139,265.24,477.83,8.26
1,280.00,140,871.20,748.45,23.88
1,280.00,141,609.53,613.29,11.07
1,280.00,142,872.31,888.93,0.00
1,280.00,143,766.27,941.86,6.12
1,280.00,144,713.51,698.72,15.52
1,280.00,145,753.72,893.68,0.00
1,280.00,146,91.41,871.59,23.59
1,280.00,147,238.78,604.86,6.78
1,280.00,148,811.75,428.80,5.17
1,280.00,149,637.99,274.08,14.20
1,280.00,150,689.74,302.49,0.00
1,280.00,151,181.63,488.66,0.00
1,280.00,152,926.15,417.02,18.39
1,280.00,153,454.40,429.56,18.04
1,280.00,154,972.37,707.74,5.21
1,280.00,155,569.39,615.03,16.31
1,280.00,156,466.58,328.80,5.32
1,280.00,157,499.82,692.97,6.28
1,280.00,158,342.04,878.81,9.05
1,280.00,159,56.71,77.73,0.00
1,280.00,160,587.96,601.19,9.00
1,280.00,161,296.70,246.07,0.00
1,280.00,162,413.29,367.02,22.73
1,280.00,163,878.55,134.22,8.72
1,280.00,164,802.16,369.95,9.34
1,280.00,165,667.72,505.82,0.00
1,280.00,166,923.86,947.12,0.00
1,280.00,167,149.54,380.94,0.00
1,280.00,168,606.33,360.97,16.45
1,280.00,169,31.21,832.02,23.16
1,280.00,170,387.39,541.47,0.00
1,280.00,171,160.73,238.78,0.00
1,280.00,172,147.22,907.45,0.00
1,280.00,173,532.08,440.14,8.29
1,280.00,174,614.06,476.92,5.69
1,280.00,175,132.71,491.77,19.75
1,280.00,176,870.78,95.30,0.00
1,280.00,177,282.14,330.50,17.72
1,280.00,178,543.31,752.08,11.79
1,280.00,179,333.82,329.48,9.55
1,280.00,180,806.08,645.15,0.00
1,280.00,181,369.92,171.06,13.70
1,280.00,182,139.62,212.73,6.79
1,280.00,183,683.10,419.01,15.78
1,280.00,184,776.02,70.86,0.00
1,280.00,185,664.54,805.11,12.97
1,280.00,186,304.40,870.23,5.80
1,280.00,187,984.33,55.30,0.00
1,280.00,188,568.05,419.33,13.53
1,280.00,189,288.71,273.58,19.19
1,280.00,190,26.54,662.02,0.00
1,280.00,191,332.66,448.57,12.30
1,280.00,192,622.43,182.95,0.00
1,280.00,193,460.11,859.94,22.64
1,280.00,194,267.83,787.48,10.80
1,280.00,195,54.65,213.45,9.49
1,280.00,196,582.03,113.25,5.42
1,280.00,197,570.52,22.20,0.00
1,280.00,198,683.99,791.76,24.36
1,280.00,199,597.24,579.60,8.08
1,280.00,200,640.54,300.78,5.41
1,280.00,201,318.35,655.22,9.35
1,280.00,202,806.46,567.79,14.62
1,280.00,203,443.39,60.13,23.06
1,280.00,204,788.01,194.39,7.55
1,280.00,205,346.87,81.68,0.00
1,280.00,206,304.38,128.90,11.67
1,280.00,207,531.24,184.55,20.53
1,280.00,208,281.67,639.81,5.07
1,280.00,209,772.38,761.25,0.00
1,280.00,210,343.37,821.81,5.86
1,280.00,211,885.08,292.34,0.00
1,280.00,212,871.16,26.68,15.90
1,280.00,213,680.75,733.04,20.98
1,280.00,214,276.24,177.26,12.30
1,280.00,215,617.55,475.21,6.74
1,280.00,216,660.03,432.95,5.05
1,280.00,217,550.76,751.37,5.51
1,280.00,218,567.64,661.99,18.14
1,280.00,219,868.14,965.30,0.00
1,280.00,220,525.07,113.61,22.21
1,280.00,221,216.76,193.02,16.18
1,280.00,222,906.96,273.69,22.92
1,280.00,223,238.87,868.78,0.00
1,280.00,224,865.97,227.17,23.62
1,280.00,225,490.77,646.73,7.10
1,280.00,226,645.14,466.27,6.20
1,280.00,227,446.24,675.28,8.43
1,280.00,228,700.76,411.36,0.00
1,280.00,229,960.70,787.82,0.00
1,280.00,230,127.89,159.67,11.85
1,280.00,231,274.53,434.26,21.45
1,280.00,232,691.99,216.07,10.39
1,280.00,233,291.32,737.69,24.88
1,280.00,234,84.55,337.57,0.00
1,280.00,235,292.07,915.43,12.06
1,280.00,236,259.53,702.37,10.48
1,280.00,237,3.74,70.27,0.00
1,280.00,238,363.12,375.64,15.70
1,280.00,239,417.27,219.37,6.13
1,280.00,240,115.28,24.20,21.11
1,280.00,241,150.30,485.17,5.66
1,280.00,242,386.02,560.11,14.67
1,280.00,243,593.37,296.96,6.54
1,280.00,244,676.32,755.08,16.64
1,280.00,245,252.56,260.79,0.00
1,280.00,246,494.83,43.22,22.56
1,280.00,247,882.13,282.29,0.00
1,280.00,248,936.16,952.64,0.00
1,280.00,249,509.00,613.11,11.39
1,280.00,250,325.50,556.14,5.06
1,280.00,251,800.70,584.52,5.73
1,280.00,252,587.05,580.27,14.06
1,280.00,253,729.09,396.01,6.00
1,280.00,254,225.63,402.93,21.93
1,280.00,255,557.17,627.56,5.46
1,280.00,256,702.59,223.82,19.37
1,280.00,257,847.52,652.32,7.58
1,280.00,258,389.58,63.25,21.86
1,280.00,259,396.87,489.00,5.89
1,280.00,260,263.66,243.48,7.17
1,280.00,261,651.13,897.13,17.71
1,280.00,262,366.27,637.40,7.61
1,280.00,263,835.02,829.88,23.49
1,280.00,264,683.13,890.81,21.68
1,280.00,265,374.67,475.32,11.88
1,280.00,266,748.69,786.35,5.84
1,280.00,267,168.50,234.05,5.39
1,280.00,268,550.29,362.11,8.26
1,280.00,269,526.23,60.02,13.85
1,280.00,270,755.79,319.27,5.12
1,280.00,271,412.14,610.43,5.39
1,280.00,272,342.52,350.32,24.02
1,280.00,273,711.17,570.58,5.15
1,280.00,274,148.14,304.42,22.62
1,280.00,275,231.02,744.36,15.21
1,280.00,276,204.26,789.53,11.72
1,280.00,277,790.59,827.57,12.80
1,280.00,278,57.42,832.52,8.29
1,280.00,279,422.17,612.90,6.49
1,280.00,280,641.97,380.37,16.47
1,280.00,281,550.94,855.55,17.85
1,280.00,282,98.90,130.66,5.64
1,280.00,283,517.64,751.55,18.29
1,280.00,284,196.35,66.12,12.29
1,280.00,285,269.99,625.27,11.51
1,280.00,286,254.86,767.65,12.23
1,280.00,287,502.67,448.93,9.74
1,280.00,288,595.37,902.80,5.19
1,280.00,289,761.75,388.91,10.62
1,280.00,290,655.18,232.64,13.84
1,280.00,291,189.88,791.23,5.22
1,280.00,292,393.49,826.43,5.96
1,280.00,293,744.05,560.63,5.90
1,280.00,294,445.32,628.61,6.26
1,280.00,295,311.65,853.75,7.16
1,280.00,296,272.26,379.21,16.67
1,280.00,297,227.14,116.53,0.00
1,280.00,298,243.55,633.13,5.27
1,280.00,299,652.66,613.10,8.58
1,290.00,0,394.82,388.36,5.69
1,290.00,1,545.14,128.09,22.07
1,290.00,2,638.65,291.82,6.19
1,290.00,3,611.55,299.96,23.77
1,290.00,4,346.66,72.57,11.74
1,290.00,5,495.02,670.11,5.43
1,290.00,6,484.86,609.51,17.88
1,290.00,7,451.65,461.42,14.06
1,290.00,8,365.49,606.29,24.82
1,290.00,9,351.86,475.96,22.60
1,290.00,10,513.52,642.28,9.61
1,290.00,11,87.98,750.48,15.65
1,290.00,12,414.19,775.01,19.25
1,290.00,13,407.93,176.38,0.00
1,290.00,14,199.09,49.65,0.00
1,290.00,15,786.42,87.32,5.44
1,290.00,16,746.06,652.83,21.70
1,290.00,17,456.18,968.74,0.00
1,290.00,18,510.63,261.47,18.72
1,290.00,19,670.15,594.34,0.00
1,290.00,20,231.83,299.34,5.93
1,290.00,21,505.85,560.81,0.00
1,290.00,22,487.48,769.25,6.00
1,290.00,23,820.15,641.42,0.00
1,290.00,24,782.53,39.96,9.52
1,290.00,25,439.34,790.06,16.22
1,290.00,26,958.91,344.39,12.40
1,290.00,27,741.52,197.31,17.65
1,290.00,28,250.45,599.84,8.88
1,290.00,29,337.16,197.48,10.14
1,290.00,30,546.68,528.54,21.00
1,290.00,31,479.32,681.71,5.03
1,290.00,32,810.77,966.50,24.55
1,290.00,33,586.77,491.48,5.99
1,290.00,34,322.47,583.58,5.22
1,290.00,35,509.63,640.07,24.44
1,290.00,36,102.48,347.40,17.08
1,290.00,37,454.58,507.26,8.37
1,290.00,38,647.37,412.14,6.37
1,290.00,39,790.43,418.48,14.08
1,290.00,40,522.45,340.17,12.06
1,290.00,41,802.11,650.81,24.94
1,290.00,42,452.94,483.24,0.00
1,290.00,43,993.71,810.53,0.00
1,290.00,44,325.23,695.70,19.05
1,290.00,45,604.36,569.49,6.46
1,290.00,46,627.79,586.77,8.87
1,290.00,47,769.31,508.34,14.09
1,290.00,48,333.16,464.57,9.80
1,290.00,49,102.70,690.72,17.40
1,290.00,50,2.76,408.09,0.00
1,290.00,51,17.05,268.06,0.00
1,290.00,52,359.51,104.64,15.96
1,290.00,53,869.57,879.42,21.57
1,290.00,54,749.36,294.99,13.63
1,290.00,55,466.97,310.29,22.87
1,290.00,56,137.28,642.74,19.19
1,290.00,57,974.50,922.90,0.00
1,290.00,58,473.00,192.67,8.27
1,290.00,59,53.38,443.64,0.00
1,290.00,60,734.88,313.64,7.54
1,290.00,61,895.73,613.96,24.95
1,290.00,62,380.84,842.40,0.00
1,290.00,63,368.81,162.32,5.89
1,290.00,64,273.45,554.90,11.21
1,290.00,65,454.97,431.03,7.43
1,290.00,66,846.76,503.72,23.04
1,290.00,67,457.52,838.22,5.79
1,290.00,68,306.81,853.70,11.43
1,290.00,69,667.03,909.67,11.62
1,290.00,70,609.83,623.75,19.79
1,290.00,71,737.76,953.14,0.00
1,290.00,72,323.83,942.47,14.72
1,290.00,73,421.27,762.17,0.00
1,290.00,74,227.49,736.63,5.27
1,290.00,75,813.75,387.98,7.46
1,290.00,76,431.50,384.80,5.29
1,290.00,77,136.07,729.56,6.68
1,290.00,78,267.18,621.20,5.27
1,290.00,79,527.95,632.66,15.26
1,290.00,80,109.90,218.50,0.00
1,290.00,81,504.85,263.69,8.76
1,290.00,82,538.94,102.32,0.00
1,290.00,83,68.08,183.46,14.48
1,290.00,84,279.45,687.66,16.54
1,290.00,85,951.11,315.88,0.00
1,290.00,86,976.78,272.25,0.00
1,290.00,87,296.67,408.86,0.00
1,290.00,88,562.53,562.85,0.00
1,290.00,89,330.48,393.18,20.48
1,290.00,90,894.53,906.12,0.00
1,290.00,91,414.61,808.64,6.39
1,290.00,92,634.52,283.25,24.05
1,290.00,93,893.60,693.84,12.63
1,290.00,94,180.91,520.71,0.00
1,290.00,95,81.61,135.47,0.00
1,290.00,96,874.21,551.37,15.69
1,290.00,97,663.91,296.86,5.78
1,290.00,98,646.86,200.60,22.34
1,290.00,99,856.63,603.89,12.67
1,290.00,100,524.52,75.98,5.21
1,290.00,101,667.11,778.96,7.92
1,290.00,102,683.70,416.53,8.26
1,290.00,103,706.19,252.31,24.79
1,290.00,104,936.25,488.43,19.22
1,290.00,105,208.85,529.37,0.00
1,290.00,106,464.09,200.29,15.49
1,290.00,107,948.39,173.43,0.00
1,290.00,108,726.32,81.82,22.04
1,290.00,109,113.37,701.81,8.35
1,290.00,110,507.38,767.41,5.47
1,290.00,111,339.36,619.57,9.88
1,290.00,112,365.75,143.58,12.65
1,290.00,113,367.78,442.89,12.43
1,290.00,114,304.69,376.70,10.04
1,290.00,115,580.77,436.80,0.00
1,290.00,116,929.71,619.28,8.87
1,290.00,117,246.43,723.84,8.09
1,290.00,118,265.26,644.34,11.14
1,290.00,119,606.58,741.70,10.15
1,290.00,120,379.26,484.10,7.22
1,290.00,121,82.96,612.30,9.48
1,290.00,122,622.08,453.02,13.26
1,290.00,123,331.09,375.24,24.65
1,290.00,124,55.30,937.64,0.00
1,290.00,125,801.66,347.18,10.46
1,290.00,126,448.55,471.14,7.42
1,290.00,127,509.28,194.05,20.53
1,290.00,128,809.81,535.97,8.10
1,290.00,129,499.70,917.25,0.00
1,290.00,130,662.79,504.69,17.91
1,290.00,131,196.91,141.40,0.00
1,290.00,132,559.39,504.61,11.29
1,290.00,133,529.76,423.59,11.23
1,290.00,134,834.74,202.24,12.37
1,290.00,135,909.25,680.42,15.85
1,290.00,136,553.17,269.45,10.01
1,290.00,137,257.94,132.54,15.46
1,290.00,138,476.74,918.16,15.90
1,290.00,139,302.69,551.41,8.26
1,290.00,140,741.13,548.21,23.88
1,290.00,141,681.37,697.50,11.07
1,290.00,142,826.14,862.03,11.42
1,290.00,143,764.23,880.65,6.12
1,290.00,144,721.97,543.80,15.52
1,290.00,145,735.48,862.63,20.56
1,290.00,146,76.99,909.85,0.00
1,290.00,147,232.00,610.78,0.00
1,290.00,148,845.44,389.55,5.17
1,290.00,149,773.24,317.27,14.20
1,290.00,150,667.13,331.13,6.85
1,290.00,151,160.75,430.17,24.59
1,290.00,152,895.37,250.78,0.00
1,290.00,153,327.26,557.50,18.04
1,290.00,154,973.69,655.65,5.21
1,290.00,155,674.90,594.95,0.00
1,290.00,156,451.21,277.90,5.32
1,290.00,157,492.99,719.42,0.00
1,290.00,158,270.48,934.13,9.05
1,290.00,159,80.00,113.91,7.68
1,290.00,160,516.43,546.61,9.00
1,290.00,161,326.20,268.73,10.32
1,290.00,162,317.60,573.24,22.73
1,290.00,163,886.48,47.41,8.72
1,290.00,164,757.57,287.89,9.34
1,290.00,165,686.03,626.52,0.00
1,290.00,166,873.01,859.00,10.94
1,290.00,167,248.35,398.41,23.74
1,290.00,168,577.45,198.99,16.45
1,290.00,169,67.04,603.17,23.16
1,290.00,170,422.17,505.43,6.32
1,290.00,171,190.52,272.50,7.36
1,290.00,172,216.88,898.56,12.98
1,290.00,173,596.09,492.84,8.29
1,290.00,174,640.38,426.48,5.69
1,290.00,175,67.81,305.19,19.75
1,290.00,176,820.53,203.68,20.73
1,290.00,177,209.17,492.01,17.72
1,290.00,178,500.15,642.34,11.79
1,290.00,179,265.41,396.18,9.55
1,290.00,180,776.30,660.87,13.55
1,290.00,181,495.74,116.73,13.70
1,290.00,182,179.23,267.87,6.79
1,290.00,183,840.94,419.30,15.78
1,290.00,184,640.63,15.45,0.00
1,290.00,185,609.11,687.86,12.97
1,290.00,186,267.24,914.70,5.80
1,290.00,187,934.34,69.70,7.36
1,290.00,188,651.67,525.73,13.53
1,290.00,189,180.16,115.34,19.19
1,290.00,190,155.19,726.76,15.94
1,290.00,191,231.12,517.96,12.30
1,290.00,192,647.55,157.52,9.55
1,290.00,193,681.52,812.72,22.64
1,290.00,194,357.47,727.26,10.80
1,290.00,195,133.05,159.94,9.49
1,290.00,196,581.92,112.69,0.00
1,290.00,197,592.36,53.66,5.91
1,290.00,198,446.07,739.38,24.36
1,290.00,199,665.78,536.86,8.08
1,290.00,200,628.96,247.93,5.41
1,290.00,201,263.81,731.18,9.35
1,290.00,202,857.71,494.84,0.00
1,290.00,203,392.80,15.68,0.00
1,290.00,204,720.79,228.67,7.55
1,290.00,205,453.30,100.63,11.41
1,290.00,206,420.53,140.55,11.67
1,290.00,207,383.98,327.61,20.53
1,290.00,208,250.99,680.11,5.07
1,290.00,209,803.27,729.70,5.54
1,290.00,210,343.55,822.83,0.00
1,290.00,211,813.64,276.99,23.99
1,290.00,212,894.84,1.66,0.00
1,290.00,213,523.08,594.56,20.98
1,290.00,214,251.97,297.83,12.30
1,290.00,215,552.45,457.89,6.74
1,290.00,216,610.81,444.20,5.05
1,290.00,217,605.58,746.01,5.51
1,290.00,218,424.39,550.79,18.14
1,290.00,219,856.60,902.24,10.55
1,290.00,220,541.07,82.87,0.00
1,290.00,221,170.16,212.59,0.00
1,290.00,222,858.92,497.79,22.92
1,290.00,223,262.13,859.92,15.54
1,290.00,224,978.42,80.90,0.00
1,290.00,225,559.20,627.97,7.10
1,290.00,226,670.81,522.72,6.20
1,290.00,227,530.29,669.00,8.43
1,290.00,228,553.03,509.64,23.10
1,290.00,229,882.61,751.69,10.31
1,290.00,230,86.34,48.73,11.85
1,290.00,231,461.10,540.19,21.45
1,290.00,232,738.17,309.10,10.39
1,290.00,233,245.41,493.12,24.88
1,290.00,234,161.65,320.41,10.01
1,290.00,235,181.39,932.44,0.00
1,290.00,236,302.77,797.88,10.48
1,290.00,237,124.24,65.05,20.39
1,290.00,238,484.57,475.15,15.70
1,290.00,239,389.09,164.90,6.13
1,290.00,240,86.40,3.49,0.00
1,290.00,241,116.78,530.74,5.66
1,290.00,242,441.74,424.40,14.67
1,290.00,243,627.28,352.90,6.54
1,290.00,244,804.28,648.76,16.64
1,290.00,245,250.47,267.73,21.56
1,290.00,246,503.13,11.39,0.00
1,290.00,247,827.88,268.17,6.95
1,290.00,248,884.33,944.26,14.42
1,290.00,249,401.44,575.50,11.39
1,290.00,250,371.21,534.41,5.06
1,290.00,251,856.83,596.16,5.73
1,290.00,252,607.34,441.12,14.06
1,290.00,253,743.56,337.74,6.00
1,290.00,254,343.32,588.01,21.93
1,290.00,255,502.58,627.26,5.46
1,290.00,256,529.91,311.65,19.37
1,290.00,257,773.34,636.74,7.58
1,290.00,258,273.96,248.73,21.86
1,290.00,259,455.42,482.83,5.89
1,290.00,260,193.34,257.75,7.17
1,290.00,261,474.97,915.64,17.71
1,290.00,262,318.97,697.02,7.61
1,290.00,263,938.95,945.42,0.00
1,290.00,264,725.66,884.57,0.00
1,290.00,265,389.68,593.20,11.88
1,290.00,266,703.33,749.52,5.84
1,290.00,267,205.20,273.50,5.39
1,290.00,268,488.53,417.00,8.26
1,290.00,269,664.31,71.04,13.85
1,290.00,270,779.44,364.70,5.12
1,290.00,271,386.74,657.96,5.39
1,290.00,272,336.53,590.49,24.02
1,290.00,273,762.54,566.32,5.15
1,290.00,274,32.68,498.88,22.62
1,290.00,275,282.67,601.32,15.21
1,290.00,276,233.51,675.99,11.72
1,290.00,277,720.57,720.45,12.80
1,290.00,278,58.12,915.42,8.29
1,290.00,279,481.15,585.94,6.49
1,290.00,280,667.02,217.63,16.47
1,290.00,281,677.86,951.13,0.00
1,290.00,282,154.52,139.76,5.64
1,290.00,283,578.02,578.86,18.29
1,290.00,284,319.17,69.23,12.29
1,290.00,285,327.97,525.85,11.51
1,290.00,286,344.49,684.42,12.23
1,290.00,287,430.42,514.31,9.74
1,290.00,288,622.51,947.05,5.19
1,290.00,289,660.12,419.70,10.62
1,290.00,290,764.52,317.50,13.84
1,290.00,291,140.92,809.38,5.22
1,290.00,292,437.12,785.80,5.96
1,290.00,293,736.48,502.15,5.90
1,290.00,294,413.57,682.51,6.26
1,290.00,295,258.45,901.64,7.16
1,290.00,296,431.62,330.34,16.67
1,290.00,297,299.22,175.37,10.44
1,290.00,298,284.79,665.90,5.27
1,290.00,299,593.55,550.96,8.58
1,300.00,0,404.61,332.28,5.69
1,300.00,1,588.24,313.09,0.00
1,300.00,2,626.18,231.17,6.19
1,300.00,3,709.60,516.45,23.77
1,300.00,4,453.62,32.67,0.00
1,300.00,5,481.32,722.70,5.43
1,300.00,6,361.21,738.73,17.88
1,300.00,7,345.42,553.51,14.06
1,300.00,8,242.92,602.96,0.00
1,300.00,9,306.16,254.63,22.60
1,300.00,10,557.90,604.44,0.00
1,300.00,11,76.50,850.15,0.00
1,300.00,12,498.09,924.49,0.00
1,300.00,13,475.99,265.91,24.23
1,300.00,14,229.31,88.10,8.50
1,300.00,15,823.15,47.19,5.44
1,300.00,16,721.32,824.91,0.00
1,300.00,17,441.21,869.06,24.36
1,300.00,18,325.17,236.26,18.72
1,300.00,19,586.27,508.95,23.38
1,300.00,20,188.35,259.09,5.93
1,300.00,21,553.43,524.39,9.38
1,300.00,22,440.51,806.63,6.00
1,300.00,23,755.16,597.93,11.68
1,300.00,24,874.55,15.70,9.52
1,300.00,25,528.05,838.72,0.00
1,300.00,26,843.89,390.75,12.40
1,300.00,27,785.97,368.08,17.65
1,300.00,28,241.53,659.33,0.00
1,300.00,29,338.85,96.07,10.14
1,300.00,30,742.73,453.23,21.00
1,300.00,31,430.67,694.68,5.03
1,300.00,32,694.65,823.64,0.00
1,300.00,33,526.92,493.78,5.99
1,300.00,34,369.78,561.55,5.22
1,300.00,35,282.53,549.62,24.44
1,300.00,36,173.41,502.78,17.08
1,300.00,37,536.07,526.23,8.37
1,300.00,38,710.07,423.23,6.37
1,300.00,39,923.38,464.96,14.08
1,300.00,40,427.05,414.00,12.06
1,300.00,41,825.53,705.90,0.00
1,300.00,42,567.84,483.07,23.57
1,300.00,43,911.56,846.07,15.43
1,300.00,44,220.14,564.41,0.00
1,300.00,45,613.17,505.48,6.46
1,300.00,46,716.42,583.62,8.87
1,300.00,47,811.97,642.66,14.09
1,300.00,48,256.90,506.10,0.00
1,300.00,49,62.79,521.35,17.40
1,300.00,50,127.72,428.91,19.92
1,300.00,51,75.56,318.69,8.58
1,300.00,52,212.05,43.58,15.96
1,300.00,53,913.66,890.88,0.00
1,300.00,54,776.87,161.52,13.63
1,300.00,55,482.72,268.50,0.00
1,300.00,56,57.69,624.85,0.00
1,300.00,57,949.92,956.28,14.32
1,300.00,58,554.29,207.96,8.27
1,300.00,59,224.35,488.09,23.07
1,300.00,60,736.62,388.99,7.54
1,300.00,61,979.37,666.06,0.00
1,300.00,62,387.26,833.50,23.57
1,300.00,63,417.92,194.76,5.89
1,300.00,64,326.72,488.09,0.00
1,300.00,65,512.82,384.42,7.43
1,300.00,66,888.49,730.35,23.04
1,300.00,67,439.33,893.23,5.79
1,300.00,68,209.97,792.98,11.43
1,300.00,69,557.68,870.47,11.62
1,300.00,70,732.19,779.25,19.79
1,300.00,71,843.03,782.37,23.80
1,300.00,72,274.62,803.69,14.72
1,300.00,73,354.42,672.21,23.56
1,300.00,74,270.52,706.26,5.27
1,300.00,75,739.58,396.05,7.46
1,300.00,76,418.19,436.05,5.29
1,300.00,77,177.61,677.18,6.68
1,300.00,78,318.00,607.08,5.27
1,300.00,79,602.56,499.50,15.26
1,300.00,80,136.61,308.23,16.09
1,300.00,81,426.65,224.14,8.76
1,300.00,82,437.97,279.12,20.70
1,300.00,83,115.83,320.21,14.48
1,300.00,84,420.37,774.29,16.54
1,300.00,85,927.99,316.83,7.97
1,300.00,86,960.48,270.09,8.07
1,300.00,87,306.94,497.37,13.10
1,300.00,88,543.02,564.57,6.85
1,300.00,89,325.93,323.41,0.00
1,300.00,90,803.16,870.73,21.15
1,300.00,91,456.53,856.83,6.39
1,300.00,92,873.64,308.95,24.05
1,300.00,93,802.47,606.44,12.63
1,300.00,94,178.91,477.97,20.59
1,300.00,95,89.17,169.88,24.56
1,300.00,96,953.31,487.87,0.00
1,300.00,97,644.62,351.33,5.78
1,300.00,98,580.80,191.79,0.00
1,300.00,99,909.40,488.73,12.67
1,300.00,100,473.60,64.80,5.21
1,300.00,101,705.07,848.43,7.92
1,300.00,102,641.05,487.21,8.26
1,300.00,103,746.10,210.69,0.00
1,300.00,104,927.06,574.28,0.00
1,300.00,105,313.43,468.91,21.84
1,300.00,106,599.63,125.29,15.49
1,300.00,107,908.33,195.02,6.36
1,300.00,108,507.17,105.66,22.04
1,300.00,109,137.89,622.00,8.35
1,300.00,110,452.71,768.17,5.47
1,300.00,111,392.93,536.52,9.88
1,300.00,112,491.78,154.62,12.65
1,300.00,113,259.50,503.95,12.43
1,300.00,114,347.82,286.06,10.04
1,300.00,115,510.52,356.37,15.66
1,300.00,116,900.59,535.47,8.87
1,300.00,117,287.39,654.03,8.09
1,300.00,118,355.57,709.57,11.14
1,300.00,119,508.41,767.60,10.15
1,300.00,120,429.97,432.69,7.22
1,300.00,121,171.82,645.22,9.48
1,300.00,122,590.23,581.73,13.26
1,300.00,123,577.57,375.39,24.65
1,300.00,124,107.91,918.47,8.22
1,300.00,125,817.46,378.30,0.00
1,300.00,126,375.12,482.14,7.42
1,300.00,127,629.11,360.71,20.53
1,300.00,128,830.42,614.35,8.10
1,300.00,129,606.25,804.89,24.70
1,300.00,130,788.11,632.71,17.91
1,300.00,131,287.55,195.67,19.48
1,300.00,132,653.60,442.37,11.29
1,300.00,133,585.04,521.37,11.23
1,300.00,134,716.58,165.61,12.37
1,300.00,135,988.41,543.11,15.85
1,300.00,136,464.17,315.25,10.01
1,300.00,137,113.09,78.63,15.46
1,300.00,138,321.07,885.89,15.90
1,300.00,139,340.14,625.00,8.26
1,300.00,140,611.05,347.97,23.88
1,300.00,141,688.96,706.40,0.00
1,300.00,142,727.50,804.56,11.42
1,300.00,143,762.19,819.44,6.12
1,300.00,144,724.77,492.62,0.00
1,300.00,145,631.36,685.39,20.56
1,300.00,146,190.70,853.43,15.35
1,300.00,147,283.49,543.68,9.75
1,300.00,148,879.13,350.30,5.17
1,300.00,149,844.61,340.05,0.00
1,300.00,150,624.70,384.90,6.85
1,300.00,151,78.05,198.56,24.59
1,300.00,152,895.17,265.40,18.10
1,300.00,153,313.62,571.23,0.00
1,300.00,154,975.00,603.56,5.21
1,300.00,155,700.88,520.91,22.99
1,300.00,156,435.85,227.00,5.32
1,300.00,157,445.87,602.45,22.32
1,300.00,158,253.05,947.60,0.00
1,300.00,159,121.56,178.48,7.68
1,300.00,160,444.90,492.03,9.00
1,300.00,161,408.08,331.61,10.32
1,300.00,162,247.65,723.99,0.00
1,300.00,163,888.77,22.33,0.00
1,300.00,164,712.97,205.82,9.34
1,300.00,165,682.51,625.80,15.38
1,300.00,166,818.31,764.21,10.94
1,300.00,167,471.69,437.89,0.00
1,300.00,168,549.68,43.19,0.00
1,300.00,169,102.87,374.32,23.16
1,300.00,170,466.04,459.97,6.32
1,300.00,171,239.27,327.70,7.36
1,300.00,172,345.59,882.13,12.98
1,300.00,173,660.10,545.53,8.29
1,300.00,174,666.70,376.03,5.69
1,300.00,175,64.76,296.42,0.00
1,300.00,176,735.35,387.43,0.00
1,300.00,177,136.19,653.52,17.72
1,300.00,178,456.98,532.60,11.79
1,300.00,179,239.82,421.13,0.00
1,300.00,180,656.50,724.11,13.55
1,300.00,181,621.56,62.40,13.70
1,300.00,182,218.85,323.01,6.79
1,300.00,183,855.00,419.32,0.00
1,300.00,184,651.36,39.63,11.82
1,300.00,185,553.67,570.61,12.97
1,300.00,186,230.08,959.17,5.80
1,300.00,187,863.58,90.08,7.36
1,300.00,188,735.29,632.13,13.53
1,300.00,189,152.58,75.13,0.00
1,300.00,190,297.53,798.41,15.94
1,300.00,191,129.57,587.34,12.30
1,300.00,192,686.02,118.58,0.00
1,300.00,193,902.94,765.51,22.64
1,300.00,194,447.12,667.03,10.80
1,300.00,195,211.46,106.42,9.49
1,300.00,196,660.84,153.98,9.00
1,300.00,197,626.09,102.25,5.91
1,300.00,198,314.51,710.42,0.00
1,300.00,199,734.32,494.11,8.08
1,300.00,200,617.38,195.08,5.41
1,300.00,201,209.28,807.15,9.35
1,300.00,202,820.67,560.42,19.30
1,300.00,203,424.26,123.78,15.90
1,300.00,204,653.57,262.95,7.55
1,300.00,205,565.63,120.64,11.41
1,300.00,206,530.14,151.54,0.00
1,300.00,207,236.71,470.66,20.53
1,300.00,208,220.31,720.42,5.07
1,300.00,209,842.03,690.11,5.54
1,300.00,210,360.17,774.49,5.20
1,300.00,211,714.20,255.62,0.00
1,300.00,212,855.63,49.45,7.89
1,300.00,213,365.41,456.08,20.98
1,300.00,214,227.71,418.40,12.30
1,300.00,215,487.35,440.57,6.74
1,300.00,216,561.59,455.45,5.05
1,300.00,217,660.40,740.64,5.51
1,300.00,218,281.13,439.58,18.14
1,300.00,219,837.61,798.42,10.55
1,300.00,220,433.55,139.48,14.40
1,300.00,221,294.50,141.22,0.00
1,300.00,222,810.89,721.90,22.92
1,300.00,223,407.40,804.61,15.54
1,300.00,224,967.26,119.75,18.47
1,300.00,225,627.63,609.21,7.10
1,300.00,226,696.48,579.17,6.20
1,300.00,227,614.34,662.72,8.43
1,300.00,228,377.74,626.25,0.00
1,300.00,229,789.00,708.38,10.31
1,300.00,230,76.46,22.33,0.00
1,300.00,231,647.67,646.12,21.45
1,300.00,232,784.36,402.13,10.39
1,300.00,233,229.31,407.32,0.00
1,300.00,234,259.35,298.67,10.01
1,300.00,235,182.38,928.97,5.05
1,300.00,236,337.70,875.03,0.00
1,300.00,237,327.96,56.22,20.39
1,300.00,238,606.02,574.66,15.70
1,300.00,239,360.90,110.44,6.13
1,300.00,240,215.19,93.40,18.88
1,300.00,241,106.49,544.73,0.00
1,300.00,242,496.39,291.30,0.00
1,300.00,243,661.20,408.85,6.54
1,300.00,244,911.64,559.55,0.00
1,300.00,245,188.17,474.16,21.56
1,300.00,246,528.85,185.15,20.56
1,300.00,247,760.63,250.67,6.95
1,300.00,248,741.94,921.26,14.42
1,300.00,249,293.88,537.90,11.39
1,300.00,250,416.93,512.69,5.06
1,300.00,251,887.09,602.43,0.00
1,300.00,252,612.14,408.19,0.00
1,300.00,253,758.03,279.48,6.00
1,300.00,254,461.01,773.08,21.93
1,300.00,255,447.98,626.96,5.46
1,300.00,256,357.22,399.48,19.37
1,300.00,257,699.16,621.16,7.58
1,300.00,258,158.34,434.21,21.86
1,300.00,259,513.97,476.66,5.89
1,300.00,260,123.03,272.01,7.17
1,300.00,261,380.31,925.59,0.00
1,300.00,262,271.67,756.65,7.61
1,300.00,263,921.51,928.45,7.19
1,300.00,264,615.04,821.14,15.91
1,300.00,265,398.95,666.05,0.00
1,300.00,266,657.97,712.69,5.84
1,300.00,267,241.90,312.96,5.39
1,300.00,268,426.78,471.88,8.26
1,300.00,269,795.97,81.54,0.00
1,300.00,270,803.09,410.13,5.12
1,300.00,271,361.34,705.48,5.39
1,300.00,272,331.89,776.49,0.00
1,300.00,273,813.91,562.05,5.15
1,300.00,274,3.63,547.80,0.00
1,300.00,275,334.32,458.28,15.21
1,300.00,276,262.76,562.45,11.72
1,300.00,277,650.54,613.33,12.80
1,300.00,278,58.72,986.09,0.00
1,300.00,279,481.71,585.68,0.00
1,300.00,280,692.07,54.89,16.47
1,300.00,281,697.87,953.69,18.36
1,300.00,282,193.11,146.07,0.00
1,300.00,283,638.40,406.17,18.29
1,300.00,284,441.98,72.34,12.29
1,300.00,285,385.96,426.43,11.51
1,300.00,286,434.13,601.19,12.23
1,300.00,287,358.18,579.70,9.74
1,300.00,288,632.98,964.12,0.00
1,300.00,289,558.48,450.49,10.62
1,300.00,290,829.98,368.30,0.00
1,300.00,291,91.96,827.53,5.22
1,300.00,292,480.75,745.16,5.96
1,300.00,293,728.92,443.67,5.90
1,300.00,294,381.83,736.41,6.26
1,300.00,295,205.24,949.53,7.16
1,300.00,296,590.98,281.47,16.67
1,300.00,297,380.12,241.41,10.44
1,300.00,298,326.03,698.66,5.27
1,300.00,299,534.44,488.82,8.58
1,310.00,0,414.40,276.19,5.69
1,310.00,1,607.92,338.11,22.82
1,310.00,2,613.70,170.52,6.19
1,310.00,3,749.37,604.25,0.00
1,310.00,4,453.98,38.90,22.63
1,310.00,5,467.61,775.29,5.43
1,310.00,6,237.56,867.94,17.88
1,310.00,7,239.19,645.60,14.06
1,310.00,8,271.98,549.03,12.11
1,310.00,9,281.40,134.73,0.00
1,310.00,10,510.03,556.11,17.29
1,310.00,11,97.45,840.04,6.48
1,310.00,12,495.27,909.19,14.22
1,310.00,13,622.61,458.80,24.23
1,310.00,14,281.82,154.91,8.50
1,310.00,15,844.46,23.92,0.00
1,310.00,16,718.43,785.67,19.78
1,310.00,17,405.04,628.15,24.36
1,310.00,18,139.70,211.05,18.72
1,310.00,19,422.39,342.13,23.38
1,310.00,20,146.66,220.50,0.00
1,310.00,21,627.91,467.38,9.38
1,310.00,22,393.54,844.01,6.00
1,310.00,23,658.09,532.97,11.68
1,310.00,24,875.91,15.35,0.00
1,310.00,25,479.77,783.05,19.59
1,310.00,26,728.87,437.10,12.40
1,310.00,27,830.42,538.86,17.65
1,310.00,28,295.99,655.75,16.91
1,310.00,29,339.92,31.50,0.00
1,310.00,30,781.85,438.20,0.00
1,310.00,31,410.47,700.06,0.00
1,310.00,32,686.53,773.47,20.31
1,310.00,33,467.08,496.08,5.99
1,310.00,34,417.08,539.52,5.22
1,310.00,35,229.52,528.51,0.00
1,310.00,36,244.34,658.15,17.08
1,310.00,37,617.57,545.20,8.37
1,310.00,38,767.41,433.37,0.00
1,310.00,39,990.80,488.53,0.00
1,310.00,40,331.65,487.84,12.06
1,310.00,41,709.27,782.71,18.33
1,310.00,42,803.52,482.74,23.57
1,310.00,43,769.97,907.33,15.43
1,310.00,44,241.83,551.28,21.68
1,310.00,45,621.97,441.47,6.46
1,310.00,46,805.06,580.47,8.87
1,310.00,47,854.63,776.98,14.09
1,310.00,48,266.53,500.39,9.84
1,310.00,49,38.63,418.86,0.00
1,310.00,50,324.16,461.65,19.92
1,310.00,51,140.46,374.86,8.58
1,310.00,52,116.83,4.16,0.00
1,310.00,53,796.71,869.70,15.07
1,310.00,54,787.52,109.84,0.00
1,310.00,55,418.67,384.08,16.42
1,310.00,56,83.39,563.85,11.51
1,310.00,57,944.31,963.91,0.00
1,310.00,58,635.57,223.25,8.27
1,310.00,59,447.62,546.14,23.07
1,310.00,60,738.36,464.34,7.54
1,310.00,61,879.85,752.99,21.84
1,310.00,62,525.23,642.34,23.57
1,310.00,63,467.04,227.20,5.89
1,310.00,64,328.90,507.83,8.36
1,310.00,65,570.66,337.81,7.43
1,310.00,66,919.40,898.24,0.00
1,310.00,67,421.15,948.25,5.79
1,310.00,68,113.14,732.27,11.43
1,310.00,69,448.32,831.26,11.62
1,310.00,70,774.45,832.95,0.00
1,310.00,71,967.91,579.78,23.80
1,310.00,72,225.41,664.91,14.72
1,310.00,73,290.17,585.75,0.00
1,310.00,74,313.55,675.89,5.27
1,310.00,75,665.41,404.13,7.46
1,310.00,76,404.88,487.30,5.29
1,310.00,77,219.15,624.81,6.68
1,310.00,78,368.81,592.97,5.27
1,310.00,79,677.18,366.33,15.26
1,310.00,80,169.90,420.05,0.00
1,310.00,81,348.45,184.60,8.76
1,310.00,82,335.34,458.84,20.70
1,310.00,83,163.58,456.96,14.48
1,310.00,84,561.30,860.92,16.54
1,310.00,85,848.34,320.09,7.97
1,310.00,86,880.46,259.47,8.07
1,310.00,87,322.04,627.54,13.10
1,310.00,88,515.31,567.02,0.00
1,310.00,89,285.97,397.80,12.82
1,310.00,90,605.95,794.34,21.15
1,310.00,91,475.16,878.25,0.00
1,310.00,92,895.93,311.35,0.00
1,310.00,93,711.34,519.03,12.63
1,310.00,94,173.00,351.14,0.00
1,310.00,95,141.89,409.71,24.56
1,310.00,96,935.05,465.08,8.26
1,310.00,97,625.33,405.80,5.78
1,310.00,98,466.99,151.87,17.19
1,310.00,99,955.85,387.38,0.00
1,310.00,100,422.68,53.62,5.21
1,310.00,101,737.21,907.24,0.00
1,310.00,102,598.40,557.90,8.26
1,310.00,103,666.42,335.73,19.32
1,310.00,104,826.89,482.32,24.69
1,310.00,105,483.22,370.76,0.00
1,310.00,106,735.17,50.29,15.49
1,310.00,107,852.34,225.19,6.36
1,310.00,108,288.01,129.49,22.04
1,310.00,109,162.42,542.19,8.35
1,310.00,110,398.05,768.93,5.47
1,310.00,111,446.50,453.48,9.88
1,310.00,112,617.82,165.67,12.65
1,310.00,113,187.41,544.61,0.00
1,310.00,114,390.94,195.43,10.04
1,310.00,115,407.49,238.40,15.66
1,310.00,116,871.47,451.67,8.87
1,310.00,117,328.36,584.22,8.09
1,310.00,118,445.88,774.81,11.14
1,310.00,119,410.24,793.50,10.15
1,310.00,120,480.69,381.27,7.22
1,310.00,121,260.68,678.14,9.48
1,310.00,122,558.39,710.44,13.26
1,310.00,123,744.92,375.50,0.00
1,310.00,124,185.09,890.33,8.22
1,310.00,125,713.54,498.30,23.83
1,310.00,126,354.33,485.26,0.00
1,310.00,127,748.95,527.37,20.53
1,310.00,128,851.04,692.72,8.10
1,310.00,129,776.25,625.63,24.70
1,310.00,130,868.75,715.08,0.00
1,310.00,131,454.66,295.71,19.48
1,310.00,132,747.82,380.14,11.29
1,310.00,133,596.81,542.20,0.00
1,310.00,134,598.42,128.98,12.37
1,310.00,135,992.63,535.79,0.00
1,310.00,136,378.98,359.08,0.00
1,310.00,137,104.66,75.49,0.00
1,310.00,138,165.41,853.63,15.90
1,310.00,139,377.59,698.58,8.26
1,310.00,140,480.98,147.73,23.88
1,310.00,141,650.12,660.37,6.73
1,310.00,142,628.86,747.09,11.42
1,310.00,143,760.15,758.23,6.12
1,310.00,144,636.28,528.75,14.27
1,310.00,145,527.24,508.16,20.56
1,310.00,146,328.24,785.18,15.35
1,310.00,147,342.84,466.31,9.75
1,310.00,148,912.82,311.05,5.17
1,310.00,149,857.88,295.40,9.86
1,310.00,150,582.28,438.66,6.85
1,310.00,151,38.52,87.83,0.00
1,310.00,152,892.68,446.36,18.10
1,310.00,153,400.63,562.70,9.79
1,310.00,154,976.32,551.48,5.21
1,310.00,155,777.00,304.00,22.99
1,310.00,156,420.48,176.10,5.32
1,310.00,157,362.47,395.42,22.32
1,310.00,158,262.10,864.27,11.08
1,310.00,159,163.12,243.05,7.68
1,310.00,160,373.37,437.45,9.00
1,310.00,161,489.96,394.49,10.32
1,310.00,162,271.51,707.96,10.68
1,310.00,163,714.08,47.52,24.82
1,310.00,164,668.38,123.76,9.34
1,310.00,165,531.84,594.91,15.38
1,310.00,166,763.61,669.42,10.94
1,310.00,167,469.97,447.97,22.81
1,310.00,168,547.33,48.95,16.32
1,310.00,169,106.73,349.68,0.00
1,310.00,170,509.90,414.52,6.32
1,310.00,171,288.01,382.89,7.36
1,310.00,172,474.31,865.70,12.98
1,310.00,173,724.10,598.22,8.29
1,310.00,174,693.02,325.59,5.69
1,310.00,175,108.54,370.39,9.02
1,310.00,176,736.23,386.04,7.23
1,310.00,177,63.21,815.03,17.72
1,310.00,178,413.82,422.86,11.79
1,310.00,179,378.44,412.98,22.19
1,310.00,180,536.71,787.34,13.55
1,310.00,181,647.05,51.40,0.00
1,310.00,182,258.46,378.15,6.79
1,310.00,183,745.23,495.86,14.69
1,310.00,184,699.29,147.70,11.82
1,310.00,185,498.24,453.36,12.97
1,310.00,186,208.75,984.70,0.00
1,310.00,187,792.82,110.46,7.36
1,310.00,188,780.44,689.58,0.00
1,310.00,189,242.02,146.82,15.37
1,310.00,190,439.87,870.05,15.94
1,310.00,191,96.93,609.64,0.00
1,310.00,192,657.54,152.57,10.38
1,310.00,193,972.70,750.63,0.00
1,310.00,194,536.76,606.80,10.80
1,310.00,195,289.86,52.90,9.49
1,310.00,196,740.58,195.70,9.00
1,310.00,197,659.82,150.83,5.91
1,310.00,198,351.65,701.78,8.53
1,310.00,199,801.80,452.03,0.00
1,310.00,200,605.80,142.23,5.41
1,310.00,201,191.00,832.60,0.00
1,310.00,202,725.75,728.46,19.30
1,310.00,203,468.70,276.47,15.90
1,310.00,204,586.35,297.23,7.55
1,310.00,205,677.96,140.64,11.41
1,310.00,206,529.13,156.35,8.73
1,310.00,207,89.44,613.72,20.53
1,310.00,208,189.63,760.72,5.07
1,310.00,209,880.79,650.52,5.54
1,310.00,210,377.10,725.28,5.20
1,310.00,211,647.84,312.55,15.18
1,310.00,212,805.58,110.46,7.89
1,310.00,213,207.75,317.60,20.98
1,310.00,214,203.44,538.97,12.30
1,310.00,215,422.25,423.25,6.74
1,310.00,216,512.37,466.70,5.05
1,310.00,217,715.21,735.28,5.51
1,310.00,218,137.88,328.38,18.14
1,310.00,219,818.61,694.60,10.55
1,310.00,220,306.16,206.55,14.40
1,310.00,221,290.79,150.38,18.91
1,310.00,222,762.85,946.01,22.92
1,310.00,223,552.67,749.30,15.54
1,310.00,224,916.25,297.30,18.47
1,310.00,225,696.06,590.45,7.10
1,310.00,226,722.15,635.63,6.20
1,310.00,227,698.40,656.43,8.43
1,310.00,228,365.19,623.09,14.60
1,310.00,229,695.39,665.06,10.31
1,310.00,230,73.47,75.73,7.02
1,310.00,231,793.63,729.00,0.00
1,310.00,232,796.23,426.04,0.00
1,310.00,233,132.28,394.27,15.08
1,310.00,234,357.05,276.93,10.01
1,310.00,235,196.37,880.40,5.05
1,310.00,236,352.27,863.73,9.59
1,310.00,237,531.68,47.38,20.39
1,310.00,238,647.89,608.97,0.00
1,310.00,239,332.72,55.97,6.13
1,310.00,240,370.03,201.50,18.88
1,310.00,241,111.00,463.31,11.76
1,310.00,242,497.90,291.94,8.58
1,310.00,243,695.11,464.80,6.54
1,310.00,244,908.21,547.51,7.78
1,310.00,245,125.87,680.59,21.56
1,310.00,246,558.96,388.56,20.56
1,310.00,247,693.37,233.16,6.95
1,310.00,248,599.56,898.25,14.42
1,310.00,249,219.37,511.85,0.00
1,310.00,250,462.65,490.96,5.06
1,310.00,251,853.96,588.50,7.80
1,310.00,252,630.55,467.65,8.15
1,310.00,253,772.51,221.21,6.00
1,310.00,254,461.22,773.41,0.00
1,310.00,255,393.39,626.66,5.46
1,310.00,256,251.46,453.27,0.00
1,310.00,257,624.99,605.58,7.58
1,310.00,258,85.61,550.89,0.00
1,310.00,259,572.51,470.49,5.89
1,310.00,260,87.90,279.14,0.00
1,310.00,261,423.25,923.73,9.29
1,310.00,262,224.36,816.27,7.61
1,310.00,263,869.96,878.33,7.19
1,310.00,264,477.06,742.02,15.91
1,310.00,265,479.45,671.22,21.12
1,310.00,266,612.61,675.85,5.84
1,310.00,267,278.60,352.42,5.39
1,310.00,268,365.03,526.77,8.26
1,310.00,269,793.92,92.45,23.84
1,310.00,270,826.73,455.56,5.12
1,310.00,271,335.94,753.01,5.39
1,310.00,272,324.24,736.03,18.26
1,310.00,273,865.28,557.79,5.15
1,310.00,274,119.44,614.72,17.87
1,310.00,275,385.97,315.24,15.21
1,310.00,276,292.00,448.90,11.72
1,310.00,277,648.96,610.93,0.00
1,310.00,278,79.18,984.02,13.95
1,310.00,279,406.16,461.87,14.65
1,310.00,280,695.64,31.71,0.00
1,310.00,281,880.01,976.95,18.36
1,310.00,282,168.58,156.31,8.68
1,310.00,283,698.77,233.48,18.29
1,310.00,284,564.80,75.45,12.29
1,310.00,285,443.94,327.01,11.51
1,310.00,286,523.76,517.95,12.23
1,310.00,287,285.93,645.09,9.74
1,310.00,288,621.71,831.15,21.72
1,310.00,289,456.85,481.28,10.62
1,310.00,290,787.77,405.77,14.07
1,310.00,291,43.01,845.68,5.22
1,310.00,292,524.37,704.53,5.96
1,310.00,293,721.35,385.18,5.90
1,310.00,294,350.08,790.31,6.26
1,310.00,295,204.20,950.47,0.00
1,310.00,296,647.34,264.19,0.00
1,310.00,297,461.03,307.44,10.44
1,310.00,298,367.27,731.43,5.27
1,310.00,299,475.33,426.69,8.58
1,320.00,0,424.19,220.10,5.69
1,320.00,1,748.97,517.51,22.82
1,320.00,2,601.22,109.87,6.19
1,320.00,3,619.76,605.80,21.80
1,320.00,4,466.78,257.88,0.00
1,320.00,5,453.91,827.88,5.43
1,320.00,6,197.67,909.63,0.00
1,320.00,7,162.01,712.51,0.00
1,320.00,8,329.43,442.43,12.11
1,320.00,9,342.00,214.00,21.77
1,320.00,10,388.33,433.25,17.29
1,320.00,11,155.86,811.86,6.48
1,320.00,12,469.50,769.30,14.22
1,320.00,13,769.23,651.69,24.23
1,320.00,14,334.32,221.71,8.50
1,320.00,15,777.66,25.63,15.90
1,320.00,16,703.92,588.40,19.78
1,320.00,17,368.87,387.24,24.36
1,320.00,18,32.81,196.52,0.00
1,320.00,19,331.15,249.25,0.00
1,320.00,20,146.31,222.55,5.05
1,320.00,21,702.38,410.38,9.38
1,320.00,22,346.57,881.40,6.00
1,320.00,23,561.01,468.01,11.68
1,320.00,24,858.72,69.56,5.77
1,320.00,25,351.43,635.02,19.59
1,320.00,26,613.86,483.46,12.40
1,320.00,27,874.86,709.63,17.65
1,320.00,28,453.66,645.40,0.00
1,320.00,29,364.35,65.61,11.55
1,320.00,30,736.45,352.00,12.17
1,320.00,31,380.92,618.77,14.79
1,320.00,32,654.10,572.97,20.31
1,320.00,33,407.24,498.37,5.99
1,320.00,34,464.39,517.49,5.22
1,320.00,35,165.56,380.66,21.01
1,320.00,36,315.27,813.53,17.08
1,320.00,37,699.07,564.16,8.37
1,320.00,38,774.87,420.22,17.69
1,320.00,39,955.01,408.94,17.71
1,320.00,40,236.26,561.67,12.06
1,320.00,41,556.30,883.77,18.33
1,320.00,42,938.17,482.56,0.00
1,320.00,43,694.67,939.91,0.00
1,320.00,44,427.34,439.01,21.68
1,320.00,45,630.77,377.46,6.46
1,320.00,46,820.09,579.94,0.00
1,320.00,47,897.29,911.30,14.09
1,320.00,48,351.09,450.17,9.84
1,320.00,49,133.74,423.06,24.11
1,320.00,50,470.50,486.03,0.00
1,320.00,51,205.36,431.02,8.58
1,320.00,52,115.69,28.26,6.81
1,320.00,53,648.45,842.86,15.07
1,320.00,54,734.57,161.35,12.05
1,320.00,55,339.08,527.69,16.42
1,320.00,56,128.10,457.76,11.51
1,320.00,57,936.11,893.96,7.54
1,320.00,58,716.86,238.54,8.27
1,320.00,59,670.89,604.18,23.07
1,320.00,60,738.56,472.88,0.00
1,320.00,61,720.26,892.38,0.00
1,320.00,62,615.95,516.66,0.00
1,320.00,63,516.15,259.64,5.89
1,320.00,64,338.07,590.93,8.36
1,320.00,65,628.51,291.20,7.43
1,320.00,66,975.91,925.43,24.20
1,320.00,67,406.73,991.85,0.00
1,320.00,68,91.75,718.85,0.00
1,320.00,69,338.96,792.05,11.62
1,320.00,70,656.02,799.85,18.78
1,320.00,71,974.86,568.51,0.00
1,320.00,72,176.21,526.14,14.72
1,320.00,73,327.23,577.60,6.99
1,320.00,74,356.58,645.52,5.27
1,320.00,75,591.24,412.20,7.46
1,320.00,76,391.58,538.55,5.29
1,320.00,77,260.69,572.43,6.68
1,320.00,78,419.63,578.85,5.27
1,320.00,79,751.79,233.16,15.26
1,320.00,80,225.01,406.54,20.64
1,320.00,81,270.24,145.05,8.76
1,320.00,82,299.56,521.49,0.00
1,320.00,83,211.33,593.70,14.48
1,320.00,84,702.22,947.54,16.54
1,320.00,85,768.68,323.36,7.97
1,320.00,86,800.45,248.84,8.07
1,320.00,87,322.39,630.55,0.00
1,320.00,88,466.06,519.28,11.55
1,320.00,89,231.53,499.16,0.00
1,320.00,90,408.74,717.95,21.15
1,320.00,91,545.64,801.55,18.75
1,320.00,92,944.40,405.96,11.72
1,320.00,93,620.21,431.63,12.63
1,320.00,94,187.68,444.59,24.67
1,320.00,95,194.62,649.54,24.56
1,320.00,96,883.41,400.59,8.26
1,320.00,97,606.04,460.27,5.78
1,320.00,98,304.81,95.00,17.19
1,320.00,99,940.51,385.11,12.94
1,320.00,100,417.56,52.49,0.00
1,320.00,101,728.66,908.26,5.61
1,320.00,102,555.76,628.59,8.26
1,320.00,103,562.58,498.66,19.32
1,320.00,104,645.01,315.35,24.69
1,320.00,105,495.56,361.35,15.21
1,320.00,106,816.42,5.33,0.00
1,320.00,107,796.34,255.36,6.36
1,320.00,108,68.86,153.32,22.04
1,320.00,109,186.94,462.39,8.35
1,320.00,110,343.38,769.69,5.47
1,320.00,111,500.07,370.43,9.88
1,320.00,112,743.85,176.71,12.65
1,320.00,113,248.33,488.16,24.85
1,320.00,114,410.20,154.95,0.00
1,320.00,115,304.60,120.58,0.00
1,320.00,116,842.36,367.86,8.87
1,320.00,117,369.33,514.40,8.09
1,320.00,118,536.19,840.05,11.14
1,320.00,119,312.06,819.40,10.15
1,320.00,120,531.40,329.86,7.22
1,320.00,121,349.54,711.06,9.48
1,320.00,122,526.54,839.15,13.26
1,320.00,123,730.07,389.20,6.29
1,320.00,124,262.27,862.20,8.22
1,320.00,125,557.53,678.42,23.83
1,320.00,126,331.50,358.88,17.92
1,320.00,127,837.63,650.70,0.00
1,320.00,128,871.65,771.10,8.10
1,320.00,129,946.24,446.38,24.70
1,320.00,130,814.74,666.32,20.40
1,320.00,131,621.77,395.76,19.48
1,320.00,132,842.03,317.90,11.29
1,320.00,133,548.86,513.47,7.10
1,320.00,134,480.26,92.35,12.37
1,320.00,135,888.59,584.75,12.15
1,320.00,136,385.15,358.90,14.41
1,320.00,137,149.61,161.96,10.35
1,320.00,138,113.05,842.77,0.00
1,320.00,139,415.05,772.17,8.26
1,320.00,140,385.11,0.15,0.00
1,320.00,141,606.68,608.90,6.73
1,320.00,142,530.23,689.62,11.42
1,320.00,143,758.11,697.02,6.12
1,320.00,144,504.13,582.69,14.27
1,320.00,145,423.12,330.92,20.56
1,320.00,146,465.78,716.94,15.35
1,320.00,147,402.20,388.95,9.75
1,320.00,148,937.67,282.08,0.00
1,320.00,149,860.61,286.23,0.00
1,320.00,150,539.85,492.42,6.85
1,320.00,151,123.54,115.62,17.14
1,320.00,152,890.20,627.33,18.10
1,320.00,153,498.10,553.13,9.79
1,320.00,154,977.63,499.39,5.21
1,320.00,155,852.29,89.47,0.00
1,320.00,156,405.12,125.20,5.32
1,320.00,157,279.07,188.39,22.32
1,320.00,158,274.07,754.12,11.08
1,320.00,159,204.69,307.62,7.68
1,320.00,160,301.84,382.87,9.00
1,320.00,161,571.84,457.37,10.32
1,320.00,162,360.20,648.38,10.68
1,320.00,163,476.71,81.75,0.00
1,320.00,164,623.79,41.70,9.34
1,320.00,165,381.17,564.02,15.38
1,320.00,166,708.90,574.63,10.94
1,320.00,167,431.54,672.77,22.81
1,320.00,168,485.91,200.11,16.32
1,320.00,169,194.33,302.45,11.15
1,320.00,170,553.76,369.07,6.32
1,320.00,171,336.76,438.09,7.36
1,320.00,172,581.85,851.97,0.00
1,320.00,173,788.11,650.92,8.29
1,320.00,174,719.34,275.14,5.69
1,320.00,175,154.48,448.02,9.02
1,320.00,176,775.00,325.06,7.23
1,320.00,177,53.92,835.59,0.00
1,320.00,178,370.66,313.12,11.79
1,320.00,179,599.91,399.96,22.19
1,320.00,180,416.92,850.58,13.55
1,320.00,181,651.59,142.25,11.41
1,320.00,182,298.07,433.29,6.79
1,320.00,183,624.72,579.89,14.69
1,320.00,184,741.39,242.63,0.00
1,320.00,185,473.75,401.56,0.00
1,320.00,186,207.97,957.76,6.33
1,320.00,187,722.07,130.84,7.36
1,320.00,188,776.11,628.29,13.36
1,320.00,189,361.93,242.93,15.37
1,320.00,190,582.21,941.69,15.94
1,320.00,191,121.43,465.36,21.57
1,320.00,192,590.88,232.16,10.38
1,320.00,193,830.56,723.35,21.13
1,320.00,194,626.41,546.57,10.80
1,320.00,195,323.80,29.74,0.00
1,320.00,196,820.33,237.43,9.00
1,320.00,197,693.55,199.42,5.91
1,320.00,198,434.71,682.46,8.53
1,320.00,199,801.53,454.65,16.86
1,320.00,200,594.22,89.38,5.41
1,320.00,201,268.38,786.14,13.58
1,320.00,202,689.69,792.30,0.00
1,320.00,203,513.13,429.16,15.90
1,320.00,204,519.13,331.51,7.55
1,320.00,205,703.25,145.15,0.00
1,320.00,206,511.25,241.80,8.73
1,320.00,207,45.60,656.31,0.00
1,320.00,208,158.96,801.02,5.07
1,320.00,209,919.55,610.93,5.54
1,320.00,210,394.03,676.07,5.20
1,320.00,211,532.64,411.40,15.18
1,320.00,212,755.52,171.47,7.89
1,320.00,213,90.41,214.53,0.00
1,320.00,214,179.17,659.54,12.30
1,320.00,215,357.15,405.93,6.74
1,320.00,216,463.14,477.95,5.05
1,320.00,217,770.03,729.92,5.51
1,320.00,218,59.82,267.78,0.00
1,320.00,219,799.62,590.78,10.55
1,320.00,220,232.48,245.34,0.00
1,320.00,221,219.76,325.62,18.91
1,320.00,222,753.65,988.98,0.00
1,320.00,223,697.94,693.99,15.54
1,320.00,224,888.44,394.12,0.00
1,320.00,225,764.49,571.69,7.10
1,320.00,226,747.82,692.08,6.20
1,320.00,227,765.06,651.45,0.00
1,320.00,228,223.64,587.39,14.60
1,320.00,229,601.78,621.75,10.31
1,320.00,230,69.54,145.80,7.02
1,320.00,231,783.13,713.51,8.59
1,320.00,232,650.70,398.23,19.94
1,320.00,233,60.93,384.67,0.00
1,320.00,234,454.76,255.18,10.01
1,320.00,235,210.35,831.83,5.05
1,320.00,236,428.06,804.95,9.59
1,320.00,237,735.41,38.55,20.39
1,320.00,238,570.63,574.57,12.91
1,320.00,239,327.81,46.48,0.00
1,320.00,240,524.88,309.61,18.88
1,320.00,241,116.13,370.52,0.00
1,320.00,242,576.92,325.24,8.58
1,320.00,243,729.02,520.75,6.54
1,320.00,244,886.92,472.72,7.78
1,320.00,245,88.49,804.47,0.00
1,320.00,246,589.07,591.98,20.56
1,320.00,247,626.12,215.65,6.95
1,320.00,248,457.18,875.24,14.42
1,320.00,249,243.66,529.64,9.80
1,320.00,250,508.37,469.23,5.06
1,320.00,251,782.08,558.27,7.80
1,320.00,252,654.67,545.55,8.15
1,320.00,253,786.98,162.95,6.00
1,320.00,254,452.73,628.23,14.57
1,320.00,255,338.80,626.36,5.46
1,320.00,256,210.65,456.17,10.56
1,320.00,257,550.81,589.99,7.58
1,320.00,258,148.12,562.65,17.15
1,320.00,259,631.06,464.32,5.89
1,320.00,260,132.68,285.06,9.03
1,320.00,261,516.06,919.71,9.29
1,320.00,262,177.06,875.89,7.61
1,320.00,263,818.41,828.21,7.19
1,320.00,264,339.08,662.90,15.91
1,320.00,265,690.22,684.75,21.12
1,320.00,266,567.25,639.02,5.84
1,320.00,267,315.30,391.87,5.39
1,320.00,268,303.27,581.66,8.26
1,320.00,269,753.63,306.93,0.00
1,320.00,270,850.38,500.99,5.12
1,320.00,271,325.68,772.21,0.00
1,320.00,272,305.25,635.50,0.00
1,320.00,273,913.75,553.76,0.00
1,320.00,274,274.19,704.14,17.87
1,320.00,275,413.96,237.74,0.00
1,320.00,276,321.25,335.36,11.72
1,320.00,277,602.38,607.17,0.00
1,320.00,278,218.00,969.93,13.95
1,320.00,279,329.87,336.85,14.65
1,320.00,280,622.73,67.08,9.45
1,320.00,281,959.42,987.10,0.00
1,320.00,282,88.45,189.74,8.68
1,320.00,283,759.15,60.78,18.29
1,320.00,284,687.61,78.56,12.29
1,320.00,285,501.92,227.59,11.51
1,320.00,286,578.71,466.93,0.00
1,320.00,287,213.68,710.47,9.74
1,320.00,288,603.38,614.68,21.72
1,320.00,289,355.22,512.07,10.62
1,320.00,290,682.55,499.14,14.07
1,320.00,291,16.07,855.66,0.00
1,320.00,292,568.00,663.89,5.96
1,320.00,293,713.78,326.70,5.90
1,320.00,294,318.34,844.21,6.26
1,320.00,295,240.41,735.40,22.24
1,320.00,296,665.81,351.27,13.77
1,320.00,297,541.93,373.48,10.44
1,320.00,298,408.51,764.19,5.27
1,320.00,299,416.22,364.55,8.58
1,330.00,0,433.98,164.02,5.69
1,330.00,1,781.71,559.15,0.00
1,330.00,2,594.52,77.32,0.00
1,330.00,3,401.75,608.42,21.80
1,330.00,4,469.87,259.36,11.21
1,330.00,5,448.65,848.04,0.00
1,330.00,6,178.01,821.58,13.32
1,330.00,7,177.94,647.88,24.34
1,330.00,8,386.87,335.83,12.11
1,330.00,9,474.23,386.95,21.77
1,330.00,10,266.64,310.39,17.29
1,330.00,11,214.27,783.68,6.48
1,330.00,12,443.73,629.41,14.22
1,330.00,13,873.93,789.44,0.00
1,330.00,14,386.83,288.52,8.50
1,330.00,15,618.67,29.70,15.90
1,330.00,16,691.01,412.92,0.00
1,330.00,17,343.44,217.88,0.00
1,330.00,18,80.69,258.59,18.50
1,330.00,19,418.01,217.61,20.86
1,330.00,20,137.90,272.35,5.05
1,330.00,21,727.15,391.42,0.00
1,330.00,22,299.60,918.78,6.00
1,330.00,23,463.94,403.05,11.68
1,330.00,24,841.26,124.60,5.77
1,330.00,25,223.08,487.00,19.59
1,330.00,26,498.84,529.82,12.40
1,330.00,27,919.31,880.41,17.65
1,330.00,28,448.83,639.89,11.12
1,330.00,29,431.61,159.51,11.55
1,330.00,30,679.73,244.31,12.17
1,330.00,31,330.38,479.73,14.79
1,330.00,32,621.66,372.47,20.31
1,330.00,33,347.39,500.67,5.99
1,330.00,34,511.70,495.46,5.22
1,330.00,35,82.13,187.80,21.01
1,330.00,36,371.85,937.46,0.00
1,330.00,37,780.56,583.13,8.37
1,330.00,38,862.24,266.40,17.69
1,330.00,39,882.53,247.75,0.00
1,330.00,40,140.86,635.50,12.06
1,330.00,41,500.59,920.57,0.00
1,330.00,42,867.24,512.49,17.96
1,330.00,43,603.04,903.39,21.07
1,330.00,44,612.84,326.75,21.68
1,330.00,45,639.57,313.45,6.46
1,330.00,46,700.10,493.39,17.81
1,330.00,47,901.88,925.75,0.00
1,330.00,48,435.66,399.95,9.84
1,330.00,49,374.56,433.69,24.11
1,330.00,50,484.39,472.44,7.62
1,330.00,51,270.26,487.19,8.58
1,330.00,52,112.45,96.30,6.81
1,330.00,53,500.20,816.01,15.07
1,330.00,54,648.16,245.39,12.05
1,330.00,55,269.41,653.40,0.00
1,330.00,56,172.80,351.67,11.51
1,330.00,57,927.34,819.07,7.54
1,330.00,58,730.71,241.14,0.00
1,330.00,59,685.54,607.99,0.00
1,330.00,60,563.92,417.53,20.66
1,330.00,61,718.73,891.18,6.50
1,330.00,62,593.64,501.77,7.83
1,330.00,63,565.27,292.08,5.89
1,330.00,64,347.24,674.03,8.36
1,330.00,65,686.36,244.59,7.43
1,330.00,66,997.92,936.03,0.00
1,330.00,67,405.34,974.68,8.30
1,330.00,68,136.82,683.96,7.32
1,330.00,69,255.49,762.12,0.00
1,330.00,70,475.14,749.29,18.78
1,330.00,71,795.28,596.18,19.24
1,330.00,72,127.00,387.36,14.72
1,330.00,73,395.52,562.58,6.99
1,330.00,74,399.61,615.15,5.27
1,330.00,75,517.08,420.27,7.46
1,330.00,76,378.27,589.80,5.29
1,330.00,77,302.23,520.06,6.68
1,330.00,78,470.45,564.74,5.27
1,330.00,79,826.40,100.00,15.26
1,330.00,80,425.45,357.37,20.64
1,330.00,81,192.04,105.50,8.76
1,330.00,82,432.97,599.22,23.70
1,330.00,83,215.75,606.35,0.00
1,330.00,84,757.80,981.71,0.00
1,330.00,85,689.03,326.62,7.97
1,330.00,86,720.43,238.21,8.07
1,330.00,87,468.38,470.69,22.16
1,330.00,88,383.12,438.87,11.55
1,330.00,89,244.40,499.03,12.53
1,330.00,90,211.54,641.56,21.15
1,330.00,91,672.51,663.49,18.75
1,330.00,92,948.60,414.15,0.00
1,330.00,93,529.08,344.23,12.63
1,330.00,94,225.98,688.30,24.67
1,330.00,95,211.91,728.21,0.00
1,330.00,96,831.77,336.10,8.26
1,330.00,97,586.75,514.74,5.78
1,330.00,98,231.61,69.33,0.00
1,330.00,99,812.47,366.20,12.94
1,330.00,100,361.55,136.25,11.20
1,330.00,101,672.96,914.95,5.61
1,330.00,102,513.11,699.27,8.26
1,330.00,103,458.75,661.60,19.32
1,330.00,104,491.18,174.14,0.00
1,330.00,105,616.51,269.12,15.21
1,330.00,106,746.43,8.04,17.49
1,330.00,107,740.34,285.53,6.36
1,330.00,108,7.40,160.01,0.00
1,330.00,109,211.46,382.58,8.35
1,330.00,110,288.71,770.45,5.47
1,330.00,111,521.61,337.03,0.00
1,330.00,112,795.40,181.22,0.00
1,330.00,113,430.64,319.24,24.85
1,330.00,114,340.98,138.53,12.85
1,330.00,115,304.69,120.82,18.99
1,330.00,116,813.24,284.05,8.87
1,330.00,117,410.29,444.59,8.09
1,330.00,118,626.50,905.29,11.14
1,330.00,119,213.89,845.30,10.15
1,330.00,120,582.12,278.45,7.22
1,330.00,121,438.40,743.99,9.48
1,330.00,122,515.67,883.11,0.00
1,330.00,123,683.83,431.86,6.29
1,330.00,124,339.46,834.07,8.22
1,330.00,125,401.53,858.54,23.83
1,330.00,126,299.64,182.57,17.92
1,330.00,127,850.16,590.41,23.69
1,330.00,128,892.27,849.47,8.10
1,330.00,129,999.87,389.83,0.00
1,330.00,130,663.31,529.60,20.40
1,330.00,131,788.88,495.80,19.48
1,330.00,132,845.37,315.70,0.00
1,330.00,133,537.17,506.46,0.00
1,330.00,134,362.09,55.73,12.37
1,330.00,135,778.69,636.47,12.15
1,330.00,136,469.94,356.46,0.00
1,330.00,137,197.33,253.77,10.35
1,330.00,138,166.43,783.44,12.03
1,330.00,139,419.13,780.19,0.00
1,330.00,140,427.63,39.33,21.99
1,330.00,141,563.25,557.43,6.73
1,330.00,142,431.59,632.15,11.42
1,330.00,143,756.06,635.81,6.12
1,330.00,144,371.99,636.63,14.27
1,330.00,145,411.39,310.96,0.00
1,330.00,146,603.31,648.69,15.35
1,330.00,147,461.56,311.58,9.75
1,330.00,148,911.08,272.25,10.81
1,330.00,149,738.91,247.99,14.13
1,330.00,150,497.42,546.19,6.85
1,330.00,151,286.43,168.87,17.14
1,330.00,152,887.72,808.29,18.10
1,330.00,153,595.57,543.57,9.79
1,330.00,154,978.94,447.31,5.21
1,330.00,155,851.14,89.74,10.71
1,330.00,156,404.65,123.65,0.00
1,330.00,157,246.51,107.55,0.00
1,330.00,158,286.03,643.98,11.08
1,330.00,159,246.25,372.19,7.68
1,330.00,160,230.31,328.30,9.00
1,330.00,161,653.73,520.25,10.32
1,330.00,162,448.89,588.79,10.68
1,330.00,163,474.91,85.27,11.73
1,330.00,164,621.46,37.42,0.00
1,330.00,165,230.50,533.13,15.38
1,330.00,166,686.62,536.01,0.00
1,330.00,167,407.44,813.73,0.00
1,330.00,168,424.49,351.27,16.32
1,330.00,169,292.51,249.51,11.15
1,330.00,170,597.63,323.61,6.32
1,330.00,171,385.51,493.28,7.36
1,330.00,172,571.63,843.37,8.12
1,330.00,173,852.12,703.61,8.29
1,330.00,174,745.65,224.70,5.69
1,330.00,175,200.42,525.65,9.02
1,330.00,176,813.77,264.08,7.23
1,330.00,177,98.78,800.40,6.53
1,330.00,178,327.49,203.38,11.79
1,330.00,179,738.86,391.79,0.00
1,330.00,180,297.12,913.82,13.55
1,330.00,181,657.29,256.18,11.41
1,330.00,182,337.69,488.43,6.79
1,330.00,183,504.20,663.92,14.69
1,330.00,184,735.43,244.92,5.26
1,330.00,185,499.62,454.10,10.49
1,330.00,186,206.14,894.50,6.33
1,330.00,187,651.31,151.23,7.36
1,330.00,188,766.72,495.05,13.36
1,330.00,189,481.84,339.04,15.37
1,330.00,190,600.38,950.83,0.00
1,330.00,191,157.54,252.73,21.57
1,330.00,192,524.22,311.75,10.38
1,330.00,193,623.05,683.52,21.13
1,330.00,194,716.05,486.35,10.80
1,330.00,195,290.02,153.04,22.54
1,330.00,196,833.89,244.52,0.00
1,330.00,197,727.28,248.01,5.91
1,330.00,198,517.78,663.14,8.53
1,330.00,199,784.32,622.34,16.86
1,330.00,200,582.64,36.52,5.41
1,330.00,201,384.76,716.26,13.58
1,330.00,202,694.73,712.85,12.84
1,330.00,203,557.57,581.85,15.90
1,330.00,204,451.91,365.80,7.55
1,330.00,205,693.86,259.73,14.84
1,330.00,206,493.36,327.26,8.73
1,330.00,207,175.79,715.46,20.36
1,330.00,208,156.53,804.21,0.00
1,330.00,209,958.31,571.34,5.54
1,330.00,210,410.96,626.86,5.20
1,330.00,211,417.44,510.24,15.18
1,330.00,212,705.46,232.47,7.89
1,330.00,213,128.57,199.66,16.02
1,330.00,214,154.91,780.11,12.30
1,330.00,215,292.05,388.61,6.74
1,330.00,216,413.92,489.20,5.05
1,330.00,217,824.85,724.55,5.51
1,330.00,218,170.65,251.43,24.61
1,330.00,219,780.63,486.96,10.55
1,330.00,220,238.51,301.41,13.38
1,330.00,221,148.73,500.86,18.91
1,330.00,222,814.73,807.42,23.70
1,330.00,223,755.96,671.90,0.00
1,330.00,224,825.85,366.13,15.08
1,330.00,225,832.92,552.93,7.10
1,330.00,226,773.48,748.54,6.20
1,330.00,227,754.74,646.98,5.44
1,330.00,228,82.08,551.69,14.60
1,330.00,229,508.18,578.44,10.31
1,330.00,230,65.61,215.88,7.02
1,330.00,231,734.92,642.39,8.59
1,330.00,232,472.63,364.19,0.00
1,330.00,233,125.25,389.68,12.35
1,330.00,234,552.46,233.44,10.01
1,330.00,235,224.34,783.25,5.05
1,330.00,236,503.85,746.17,9.59
1,330.00,237,754.55,37.72,0.00
1,330.00,238,494.20,540.54,0.00
1,330.00,239,346.57,218.03,20.90
1,330.00,240,679.72,417.71,18.88
1,330.00,241,158.77,398.07,24.17
1,330.00,242,655.95,358.54,8.58
1,330.00,243,762.94,576.70,6.54
1,330.00,244,873.93,427.10,0.00
1,330.00,245,121.55,748.49,16.26
1,330.00,246,619.18,795.40,20.56
1,330.00,247,558.87,198.14,6.95
1,330.00,248,314.80,852.24,14.42
1,330.00,249,322.69,587.54,9.80
1,330.00,250,554.09,447.51,5.06
1,330.00,251,710.20,528.05,7.80
1,330.00,252,678.79,623.44,8.15
1,330.00,253,801.46,104.68,6.00
1,330.00,254,444.23,482.79,14.57
1,330.00,255,284.20,626.06,5.46
1,330.00,256,105.36,463.64,10.56
1,330.00,257,476.64,574.41,7.58
1,330.00,258,316.65,594.35,17.15
1,330.00,259,689.61,458.16,5.89
1,330.00,260,222.18,296.90,9.03
1,330.00,261,608.87,915.70,9.29
1,330.00,262,141.98,920.11,0.00
1,330.00,263,766.86,778.08,7.19
1,330.00,264,201.10,583.78,15.91
1,330.00,265,783.22,690.72,0.00
1,330.00,266,521.89,602.18,5.84
1,330.00,267,352.00,431.33,5.39
1,330.00,268,267.77,613.22,0.00
1,330.00,269,756.00,293.39,16.26
1,330.00,270,874.02,546.42,5.12
1,330.00,271,322.94,647.99,20.85
1,330.00,272,260.39,663.42,12.02
1,330.00,273,901.02,556.17,22.97
1,330.00,274,428.93,793.56,17.87
1,330.00,275,478.43,284.13,17.34
1,330.00,276,350.50,221.82,11.72
1,330.00,277,538.64,540.38,13.05
1,330.00,278,350.26,956.51,0.00
1,330.00,279,253.58,211.84,14.65
1,330.00,280,537.71,108.33,9.45
1,330.00,281,928.85,950.31,8.48
1,330.00,282,70.73,197.14,0.00
1,330.00,283,776.32,11.68,0.00
1,330.00,284,788.35,81.11,0.00
1,330.00,285,513.67,207.45,0.00
1,330.00,286,547.20,438.22,11.02
1,330.00,287,141.43,775.86,9.74
1,330.00,288,585.04,398.21,21.72
1,330.00,289,322.71,521.92,0.00
1,330.00,290,577.33,592.51,14.07
1,330.00,291,44.23,867.94,6.83
1,330.00,292,611.62,623.25,5.96
1,330.00,293,706.22,268.21,5.90
1,330.00,294,291.69,889.46,0.00
1,330.00,295,277.34,516.04,22.24
1,330.00,296,694.39,485.98,13.77
1,330.00,297,622.84,439.52,10.44
1,330.00,298,449.75,796.96,5.27
1,330.00,299,357.11,302.41,8.58
1,340.00,0,442.64,114.35,0.00
1,340.00,1,622.35,495.66,22.34
1,340.00,2,611.40,178.44,22.13
1,340.00,3,282.31,609.86,0.00
1,340.00,4,571.02,307.63,11.21
1,340.00,5,359.76,833.52,14.61
1,340.00,6,148.98,691.59,13.32
1,340.00,7,236.19,411.57,24.34
1,340.00,8,435.56,245.49,0.00
1,340.00,9,556.29,494.28,0.00
1,340.00,10,144.94,187.54,17.29
1,340.00,11,272.67,755.50,6.48
1,340.00,12,424.51,525.06,0.00
1,340.00,13,802.51,789.32,24.99
1,340.00,14,439.34,355.33,8.50
1,340.00,15,459.68,33.77,15.90
1,340.00,16,693.14,406.87,5.81
1,340.00,17,358.68,244.24,10.25
1,340.00,18,193.70,405.11,18.50
1,340.00,19,591.52,154.41,0.00
1,340.00,20,129.83,320.21,0.00
1,340.00,21,632.77,411.06,14.45
1,340.00,22,292.44,924.48,0.00
1,340.00,23,366.87,338.09,11.68
1,340.00,24,823.81,179.63,5.77
1,340.00,25,94.74,338.97,19.59
1,340.00,26,383.83,576.17,12.40
1,340.00,27,938.43,953.91,0.00
1,340.00,28,375.58,556.22,11.12
1,340.00,29,498.88,253.41,11.55
1,340.00,30,623.01,136.62,12.17
1,340.00,31,279.83,340.69,14.79
1,340.00,32,589.22,171.97,20.31
1,340.00,33,287.55,502.96,5.99
1,340.00,34,530.59,486.67,0.00
1,340.00,35,10.31,21.79,0.00
1,340.00,36,391.49,914.13,15.08
1,340.00,37,862.06,602.10,8.37
1,340.00,38,949.61,112.58,17.69
1,340.00,39,882.77,247.79,13.94
1,340.00,40,45.46,709.34,12.06
1,340.00,41,462.38,874.89,9.37
1,340.00,42,701.76,582.33,17.96
1,340.00,43,407.34,825.38,21.07
1,340.00,44,798.35,214.49,21.68
1,340.00,45,640.31,308.08,0.00
1,340.00,46,673.16,473.95,0.00
1,340.00,47,856.94,838.98,10.95
1,340.00,48,520.22,349.73,9.84
1,340.00,49,615.38,444.33,24.11
1,340.00,50,538.86,419.14,7.62
1,340.00,51,335.16,543.35,8.58
1,340.00,52,109.22,164.34,6.81
1,340.00,53,351.94,789.16,15.07
1,340.00,54,561.75,329.44,12.05
1,340.00,55,262.24,627.02,21.94
1,340.00,56,217.51,245.57,11.51
1,340.00,57,918.57,744.17,7.54
1,340.00,58,638.08,335.69,15.95
1,340.00,59,481.31,571.74,22.20
1,340.00,60,366.94,355.10,20.66
1,340.00,61,667.47,851.21,6.50
1,340.00,62,528.51,458.30,7.83
1,340.00,63,614.38,324.52,5.89
1,340.00,64,356.42,757.12,8.36
1,340.00,65,744.21,197.98,7.43
1,340.00,66,973.82,911.17,0.00
1,340.00,67,398.64,891.95,8.30
1,340.00,68,194.67,639.17,7.32
1,340.00,69,268.88,745.72,8.95
1,340.00,70,294.25,698.74,18.78
1,340.00,71,605.12,625.48,19.24
1,340.00,72,77.79,248.58,14.72
1,340.00,73,463.80,547.56,6.99
1,340.00,74,442.64,584.77,5.27
1,340.00,75,442.91,428.34,7.46
1,340.00,76,364.96,641.05,5.29
1,340.00,77,343.77,467.68,6.68
1,340.00,78,521.27,550.62,5.27
1,340.00,79,868.24,25.33,0.00
1,340.00,80,623.93,308.69,0.00
1,340.00,81,113.83,65.95,8.76
1,340.00,82,637.76,718.55,23.70
1,340.00,83,258.06,808.16,22.72
1,340.00,84,724.01,921.41,11.41
1,340.00,85,609.37,329.89,7.97
1,340.00,86,640.42,227.59,8.07
1,340.00,87,617.81,307.07,22.16
1,340.00,88,300.17,358.46,11.55
1,340.00,89,369.73,497.70,12.53
1,340.00,90,176.43,627.96,0.00
1,340.00,91,799.39,525.42,18.75
1,340.00,92,887.64,382.26,0.00
1,340.00,93,437.95,256.83,12.63
1,340.00,94,253.42,862.89,0.00
1,340.00,95,336.93,837.86,24.75
1,340.00,96,780.13,271.62,8.26
1,340.00,97,585.85,517.28,0.00
1,340.00,98,310.69,108.28,16.07
1,340.00,99,684.44,347.30,12.94
1,340.00,100,299.29,229.38,11.20
1,340.00,101,617.27,921.63,5.61
1,340.00,102,470.46,769.96,8.26
1,340.00,103,354.91,824.53,19.32
1,340.00,104,485.77,199.48,16.80
1,340.00,105,737.46,176.89,15.21
1,340.00,106,571.69,14.79,17.49
1,340.00,107,684.34,315.70,6.36
1,340.00,108,87.05,242.13,15.90
1,340.00,109,235.98,302.77,8.35
1,340.00,110,234.05,771.21,5.47
1,340.00,111,564.74,297.67,9.77
1,340.00,112,751.78,211.59,8.99
1,340.00,113,612.96,150.32,24.85
1,340.00,114,215.91,108.85,12.85
1,340.00,115,369.68,299.28,18.99
1,340.00,116,784.13,200.25,8.87
1,340.00,117,451.26,374.78,8.09
1,340.00,118,651.86,923.61,0.00
1,340.00,119,115.71,871.20,10.15
1,340.00,120,632.83,227.04,7.22
1,340.00,121,527.26,776.91,9.48
1,340.00,122,539.18,846.33,6.63
1,340.00,123,637.58,474.53,6.29
1,340.00,124,416.64,805.93,8.22
1,340.00,125,326.68,944.96,0.00
1,340.00,126,294.48,153.99,0.00
1,340.00,127,898.36,358.47,23.69
1,340.00,128,897.23,868.34,0.00
1,340.00,129,865.74,332.73,21.30
1,340.00,130,511.87,392.87,20.40
1,340.00,131,918.24,573.24,0.00
1,340.00,132,751.15,172.02,17.81
1,340.00,133,460.20,683.42,23.88
1,340.00,134,262.17,24.75,0.00
1,340.00,135,673.44,686.00,0.00
1,340.00,136,433.79,428.31,19.56
1,340.00,137,245.06,345.58,10.35
1,340.00,138,246.86,694.04,12.03
1,340.00,139,208.57,779.43,23.63
1,340.00,140,589.37,188.34,21.99
1,340.00,141,519.81,505.97,6.73
1,340.00,142,332.95,574.68,11.42
1,340.00,143,754.02,574.60,6.12
1,340.00,144,239.85,690.58,14.27
1,340.00,145,338.41,229.18,12.35
1,340.00,146,708.84,596.33,0.00
1,340.00,147,520.92,234.21,9.75
1,340.00,148,809.66,234.74,10.81
1,340.00,149,604.14,205.63,14.13
1,340.00,150,455.00,599.95,6.85
1,340.00,151,449.33,222.13,17.14
1,340.00,152,887.61,816.75,0.00
1,340.00,153,693.04,534.01,9.79
1,340.00,154,980.26,395.22,5.21
1,340.00,155,746.84,113.90,10.71
1,340.00,156,176.49,107.24,23.59
1,340.00,157,316.31,95.52,11.62
1,340.00,158,297.99,533.83,11.08
1,340.00,159,287.81,436.76,7.68
1,340.00,160,158.78,273.72,9.00
1,340.00,161,735.61,583.13,10.32
1,340.00,162,537.58,529.21,10.68
1,340.00,163,421.41,189.70,11.73
1,340.00,164,657.00,176.37,15.13
1,340.00,165,79.83,502.24,15.38
1,340.00,166,671.78,544.15,0.00
1,340.00,167,419.91,787.44,7.80
1,340.00,168,419.66,363.16,0.00
1,340.00,169,356.04,215.26,0.00
1,340.00,170,641.49,278.16,6.32
1,340.00,171,434.26,548.47,7.36
1,340.00,172,509.47,791.06,8.12
1,340.00,173,899.73,742.80,0.00
1,340.00,174,771.97,174.25,5.69
1,340.00,175,246.36,603.27,9.02
1,340.00,176,852.54,203.10,7.23
1,340.00,177,150.20,760.08,6.53
1,340.00,178,284.33,93.64,11.79
1,340.00,179,650.88,400.40,23.73
1,340.00,180,214.59,957.39,0.00
1,340.00,181,662.99,370.12,11.41
1,340.00,182,377.30,543.57,6.79
1,340.00,183,383.69,747.95,14.69
1,340.00,184,686.38,263.81,5.26
1,340.00,185,545.96,548.22,10.49
1,340.00,186,204.31,831.23,6.33
1,340.00,187,580.55,171.61,7.36
1,340.00,188,757.32,361.82,13.36
1,340.00,189,601.75,435.14,15.37
1,340.00,190,627.32,815.42,15.83
1,340.00,191,180.50,117.52,0.00
1,340.00,192,457.56,391.34,10.38
1,340.00,193,415.53,643.68,21.13
1,340.00,194,805.70,426.12,10.80
1,340.00,195,230.47,370.43,22.54
1,340.00,196,782.27,321.24,11.14
1,340.00,197,761.01,296.60,5.91
1,340.00,198,600.84,643.81,8.53
1,340.00,199,767.12,790.03,16.86
1,340.00,200,575.57,4.29,0.00
1,340.00,201,501.15,646.37,13.58
1,340.00,202,702.85,584.69,12.84
1,340.00,203,602.00,734.54,15.90
1,340.00,204,384.69,400.08,7.55
1,340.00,205,681.73,407.60,14.84
1,340.00,206,475.48,412.72,8.73
1,340.00,207,361.17,799.68,20.36
1,340.00,208,144.88,682.00,13.33
1,340.00,209,975.33,553.95,0.00
1,340.00,210,427.88,577.65,5.20
1,340.00,211,302.25,609.09,15.18
1,340.00,212,655.41,293.48,7.89
1,340.00,213,277.81,141.51,16.02
1,340.00,214,135.25,877.78,0.00
1,340.00,215,226.95,371.29,6.74
1,340.00,216,364.70,500.45,5.05
1,340.00,217,879.66,719.19,5.51
1,340.00,218,414.15,215.50,24.61
1,340.00,219,761.63,383.14,10.55
1,340.00,220,252.09,427.55,0.00
1,340.00,221,77.70,676.10,18.91
1,340.00,222,890.31,582.80,23.70
1,340.00,223,716.56,644.49,7.99
1,340.00,224,688.19,304.59,15.08
1,340.00,225,868.15,543.27,0.00
1,340.00,226,799.15,804.99,6.20
1,340.00,227,704.81,625.38,5.44
1,340.00,228,9.30,533.34,0.00
1,340.00,229,414.57,535.13,10.31
1,340.00,230,61.68,285.95,7.02
1,340.00,231,686.71,571.27,8.59
1,340.00,232,483.33,381.72,22.60
1,340.00,233,248.35,399.29,12.35
1,340.00,234,650.16,211.70,10.01
1,340.00,235,238.32,734.68,5.05
1,340.00,236,579.64,687.40,9.59
1,340.00,237,756.05,86.52,5.39
1,340.00,238,498.17,585.94,12.95
1,340.00,239,369.28,425.77,20.90
1,340.00,240,834.56,525.82,18.88
1,340.00,241,361.78,529.26,24.17
1,340.00,242,734.97,391.84,8.58
1,340.00,243,796.85,632.65,6.54
1,340.00,244,833.04,479.82,17.11
1,340.00,245,204.21,608.50,16.26
1,340.00,246,638.05,922.91,0.00
1,340.00,247,491.61,180.64,6.95
1,340.00,248,226.76,838.01,0.00
1,340.00,249,401.72,645.44,9.80
1,340.00,250,599.81,425.78,5.06
1,340.00,251,638.32,497.82,7.80
1,340.00,252,702.91,701.34,8.15
1,340.00,253,815.93,46.42,6.00
1,340.00,254,435.74,337.36,14.57
1,340.00,255,229.61,625.77,5.46
1,340.00,256,87.76,464.89,0.00
1,340.00,257,402.46,558.83,7.58
1,340.00,258,485.19,626.06,17.15
1,340.00,259,746.56,452.16,0.00
1,340.00,260,311.68,308.73,9.03
1,340.00,261,701.68,911.69,9.29
1,340.00,262,149.20,884.92,13.91
1,340.00,263,715.31,727.96,7.19
1,340.00,264,63.13,504.66,15.91
1,340.00,265,746.36,713.83,7.79
1,340.00,266,476.53,565.35,5.84
1,340.00,267,388.70,470.78,5.39
1,340.00,268,333.99,565.24,19.24
1,340.00,269,784.03,133.25,16.26
1,340.00,270,897.67,591.84,5.12
1,340.00,271,318.36,439.54,20.85
1,340.00,272,158.35,726.95,12.02
1,340.00,273,675.33,598.85,22.97
1,340.00,274,550.69,863.92,0.00
1,340.00,275,619.15,385.38,17.34
1,340.00,276,363.02,173.19,0.00
1,340.00,277,448.55,445.99,13.05
1,340.00,278,349.88,952.39,8.75
1,340.00,279,177.29,86.83,14.65
1,340.00,280,452.69,149.58,9.45
1,340.00,281,874.64,885.07,8.48
1,340.00,282,102.81,331.98,17.80
1,340.00,283,739.54,136.00,18.12
1,340.00,284,770.87,90.09,10.94
1,340.00,285,416.02,182.77,12.63
1,340.00,286,465.75,364.02,11.02
1,340.00,287,69.18,841.25,9.74
1,340.00,288,575.07,280.41,0.00
1,340.00,289,344.42,569.41,7.68
1,340.00,290,472.11,685.87,14.07
1,340.00,291,106.82,895.24,6.83
1,340.00,292,655.25,582.62,5.96
1,340.00,293,698.65,209.73,5.90
1,340.00,294,300.30,858.63,19.94
1,340.00,295,314.27,296.67,22.24
1,340.00,296,716.43,589.88,0.00
1,340.00,297,703.74,505.56,10.44
1,340.00,298,490.99,829.72,5.27
1,340.00,299,298.00,240.27,8.58
1,350.00,0,439.99,142.04,24.30
1,350.00,1,414.80,412.96,22.34
1,350.00,2,647.82,396.73,22.13
1,350.00,3,277.81,578.01,7.11
1,350.00,4,672.17,355.91,11.21
1,350.00,5,215.60,809.98,14.61
1,350.00,6,119.95,561.59,13.32
1,350.00,7,244.78,376.73,0.00
1,350.00,8,415.78,240.54,13.37
1,350.00,9,526.37,537.17,13.78
1,350.00,10,56.38,98.12,0.00
1,350.00,11,331.08,727.32,6.48
1,350.00,12,464.40,482.04,23.09
1,350.00,13,573.91,788.96,0.00
1,350.00,14,491.84,422.13,8.50
1,350.00,15,300.70,37.84,15.90
1,350.00,16,712.41,352.07,5.81
1,350.00,17,409.99,333.01,10.25
1,350.00,18,306.71,551.63,18.50
1,350.00,19,575.47,171.37,20.37
1,350.00,20,128.97,318.26,5.47
1,350.00,21,491.32,440.49,14.45
1,350.00,22,258.30,759.63,19.86
1,350.00,23,269.79,273.13,11.68
1,350.00,24,806.36,234.66,5.77
1,350.00,25,27.20,261.08,0.00
1,350.00,26,268.81,622.53,12.40
1,350.00,27,905.82,816.28,24.83
1,350.00,28,302.32,472.55,11.12
1,350.00,29,566.14,347.31,11.55
1,350.00,30,572.48,40.70,0.00
1,350.00,31,230.16,204.03,0.00
1,350.00,32,577.90,101.95,0.00
1,350.00,33,227.70,505.26,5.99
1,350.00,34,553.39,457.69,6.14
1,350.00,35,40.97,22.75,22.03
1,350.00,36,488.57,798.79,15.08
1,350.00,37,904.17,611.90,0.00
1,350.00,38,972.92,71.54,0.00
1,350.00,39,986.20,263.22,0.00
1,350.00,40,24.20,725.79,0.00
1,350.00,41,402.29,803.05,9.37
1,350.00,42,536.29,652.16,17.96
1,350.00,43,215.98,749.11,0.00
1,350.00,44,972.95,108.82,0.00
1,350.00,45,742.00,508.05,24.49
1,350.00,46,763.52,544.56,14.10
1,350.00,47,806.59,741.74,10.95
1,350.00,48,604.78,299.52,9.84
1,350.00,49,686.15,447.45,0.00
1,350.00,50,593.33,365.85,7.62
1,350.00,51,400.06,599.52,8.58
1,350.00,52,108.82,172.68,0.00
1,350.00,53,203.69,762.32,15.07
1,350.00,54,475.35,413.49,12.05
1,350.00,55,204.77,415.28,21.94
1,350.00,56,262.21,139.48,11.51
1,350.00,57,909.80,669.28,7.54
1,350.00,58,526.43,449.66,15.95
1,350.00,59,267.27,533.75,0.00
1,350.00,60,231.00,312.02,0.00
1,350.00,61,616.22,811.24,6.50
1,350.00,62,463.38,414.84,7.83
1,350.00,63,663.49,356.96,5.89
1,350.00,64,365.59,840.22,8.36
1,350.00,65,802.06,151.37,7.43
1,350.00,66,885.25,881.97,24.68
1,350.00,67,391.93,809.22,8.30
1,350.00,68,252.52,594.39,7.32
1,350.00,69,325.47,676.40,8.95
1,350.00,70,179.13,666.56,0.00
1,350.00,71,414.95,654.78,19.24
1,350.00,72,28.58,109.80,14.72
1,350.00,73,532.09,532.55,6.99
1,350.00,74,485.67,554.40,5.27
1,350.00,75,423.24,430.48,0.00
1,350.00,76,351.65,692.30,5.29
1,350.00,77,385.31,415.31,6.68
1,350.00,78,572.09,536.51,5.27
1,350.00,79,872.87,66.40,9.41
1,350.00,80,623.57,309.12,5.77
1,350.00,81,35.63,26.41,8.76
1,350.00,82,842.55,837.87,23.70
1,350.00,83,294.79,983.34,0.00
1,350.00,84,668.21,821.85,11.41
1,350.00,85,529.72,333.15,7.97
1,350.00,86,560.40,216.96,8.07
1,350.00,87,757.43,154.19,0.00
1,350.00,88,217.23,278.06,11.55
1,350.00,89,495.05,496.36,12.53
1,350.00,90,329.16,664.26,19.10
1,350.00,91,926.26,387.36,18.75
1,350.00,92,857.09,401.61,6.43
1,350.00,93,346.82,169.43,12.63
1,350.00,94,305.99,836.35,20.77
1,350.00,95,477.82,961.42,0.00
1,350.00,96,728.49,207.13,8.26
1,350.00,97,635.99,529.98,5.43
1,350.00,98,454.81,179.27,16.07
1,350.00,99,556.40,328.39,12.94
1,350.00,100,237.03,322.50,11.20
1,350.00,101,561.57,928.32,5.61
1,350.00,102,427.82,840.64,8.26
1,350.00,103,299.55,911.40,0.00
1,350.00,104,450.74,363.77,16.80
1,350.00,105,777.86,146.08,0.00
1,350.00,106,396.95,21.53,17.49
1,350.00,107,628.34,345.87,6.36
1,350.00,108,197.75,356.26,15.90
1,350.00,109,260.50,222.97,8.35
1,350.00,110,209.76,771.55,0.00
1,350.00,111,636.87,231.83,9.77
1,350.00,112,677.97,262.97,8.99
1,350.00,113,627.63,136.73,0.00
1,350.00,114,155.38,94.48,0.00
1,350.00,115,434.68,477.75,18.99
1,350.00,116,755.01,116.44,8.87
1,350.00,117,492.23,304.97,8.09
1,350.00,118,580.40,767.61,23.86
1,350.00,119,28.30,894.26,0.00
1,350.00,120,683.54,175.63,7.22
1,350.00,121,616.12,809.83,9.48
1,350.00,122,574.87,790.48,6.63
1,350.00,123,591.34,517.20,6.29
1,350.00,124,493.82,777.80,8.22
1,350.00,125,318.15,886.88,11.28
1,350.00,126,376.72,192.94,10.86
1,350.00,127,919.47,256.91,0.00
1,350.00,128,802.01,847.53,12.84
1,350.00,129,669.80,249.32,21.30
1,350.00,130,360.43,256.15,20.40
1,350.00,131,898.07,580.34,9.46
1,350.00,132,738.19,152.28,0.00
1,350.00,133,392.53,839.02,0.00
1,350.00,134,298.00,27.33,23.28
1,350.00,135,673.73,682.22,8.96
1,350.00,136,345.85,603.07,19.56
1,350.00,137,292.78,437.40,10.35
1,350.00,138,327.29,604.64,12.03
1,350.00,139,133.18,779.16,0.00
1,350.00,140,695.08,285.74,0.00
1,350.00,141,476.38,454.50,6.73
1,350.00,142,234.31,517.21,11.42
1,350.00,143,751.98,513.39,6.12
1,350.00,144,107.71,744.52,14.27
1,350.00,145,256.17,137.02,12.35
1,350.00,146,732.69,543.38,24.95
1,350.00,147,545.00,202.84,0.00
1,350.00,148,708.25,197.22,10.81
1,350.00,149,572.12,195.57,0.00
1,350.00,150,412.57,653.72,6.85
1,350.00,151,612.22,275.38,17.14
1,350.00,152,752.79,696.85,18.93
1,350.00,153,790.51,524.45,9.79
1,350.00,154,981.57,343.13,5.21
1,350.00,155,652.62,135.73,0.00
1,350.00,156,16.91,95.76,0.00
1,350.00,157,430.83,75.78,11.62
1,350.00,158,309.96,423.68,11.08
1,350.00,159,329.38,501.34,7.68
1,350.00,160,116.26,241.28,0.00
1,350.00,161,808.17,638.85,0.00
1,350.00,162,626.27,469.63,10.68
1,350.00,163,367.92,294.13,11.73
1,350.00,164,694.51,322.97,15.13
1,350.00,165,5.62,487.02,0.00
1,350.00,166,639.51,544.64,7.09
1,350.00,167,453.36,716.93,7.80
1,350.00,168,512.16,282.99,13.29
1,350.00,169,313.18,274.62,20.75
1,350.00,170,685.36,232.70,6.32
1,350.00,171,483.01,603.67,7.36
1,350.00,172,447.31,738.74,8.12
1,350.00,173,877.24,746.90,8.92
1,350.00,174,798.29,123.81,5.69
1,350.00,175,292.30,680.90,9.02
1,350.00,176,891.30,142.12,7.23
1,350.00,177,201.61,719.75,6.53
1,350.00,178,252.88,13.68,0.00
1,350.00,179,414.75,423.51,23.73
1,350.00,180,205.31,897.75,19.40
1,350.00,181,668.68,484.06,11.41
1,350.00,182,416.91,598.71,6.79
1,350.00,183,263.17,831.98,14.69
1,350.00,184,637.33,282.70,5.26
1,350.00,185,592.30,642.33,10.49
1,350.00,186,202.47,767.97,6.33
1,350.00,187,509.79,191.99,7.36
1,350.00,188,747.93,228.58,13.36
1,350.00,189,721.66,531.25,15.37
1,350.00,190,658.20,660.20,15.83
1,350.00,191,260.17,127.45,22.05
1,350.00,192,390.90,470.92,10.38
1,350.00,193,208.02,603.85,21.13
1,350.00,194,830.95,409.15,0.00
1,350.00,195,182.13,546.88,0.00
1,350.00,196,720.08,413.68,11.14
1,350.00,197,794.74,345.19,5.91
1,350.00,198,683.90,624.49,8.53
1,350.00,199,749.91,957.73,16.86
1,350.00,200,597.34,82.95,20.93
1,350.00,201,617.53,576.49,13.58
1,350.00,202,710.97,456.54,12.84
1,350.00,203,646.43,887.23,15.90
1,350.00,204,374.79,405.13,0.00
1,350.00,205,669.61,555.47,14.84
1,350.00,206,457.59,498.17,8.73
1,350.00,207,407.55,820.75,0.00
1,350.00,208,132.23,549.27,13.33
1,350.00,209,938.64,543.63,6.80
1,350.00,210,444.81,528.44,5.20
1,350.00,211,187.05,707.93,15.18
1,350.00,212,605.35,354.49,7.89
1,350.00,213,338.88,117.71,0.00
1,350.00,214,177.36,861.61,23.75
1,350.00,215,161.85,353.97,6.74
1,350.00,216,315.48,511.70,5.05
1,350.00,217,921.74,715.07,0.00
1,350.00,218,657.66,179.57,24.61
1,350.00,219,742.64,279.33,10.55
1,350.00,220,253.85,419.86,15.33
1,350.00,221,69.75,695.72,0.00
1,350.00,222,965.89,358.18,23.70
1,350.00,223,650.94,598.85,7.99
1,350.00,224,605.51,267.62,0.00
1,350.00,225,853.84,457.10,18.00
1,350.00,226,824.82,861.44,6.20
1,350.00,227,654.89,603.77,5.44
1,350.00,228,58.80,493.52,13.08
1,350.00,229,406.73,531.50,0.00
1,350.00,230,57.75,356.03,7.02
1,350.00,231,638.50,500.14,8.59
1,350.00,232,601.01,574.67,22.60
1,350.00,233,371.44,408.89,12.35
1,350.00,234,747.87,189.96,10.01
1,350.00,235,252.31,686.10,5.05
1,350.00,236,655.43,628.62,9.59
1,350.00,237,757.70,140.38,5.39
1,350.00,238,509.45,714.96,12.95
1,350.00,239,373.06,460.43,0.00
1,350.00,240,878.55,556.53,0.00
1,350.00,241,564.79,660.45,24.17
1,350.00,242,813.99,425.14,8.58
1,350.00,243,830.76,688.60,6.54
1,350.00,244,728.19,615.03,17.11
1,350.00,245,286.88,468.51,16.26
1,350.00,246,653.65,849.70,20.06
1,350.00,247,424.36,163.13,6.95
1,350.00,248,263.04,837.26,9.51
1,350.00,249,480.75,703.35,9.80
1,350.00,250,645.53,404.05,5.06
1,350.00,251,566.44,467.60,7.80
1,350.00,252,727.03,779.23,8.15
1,350.00,253,817.44,40.33,0.00
1,350.00,254,431.59,266.43,0.00
1,350.00,255,175.02,625.47,5.46
1,350.00,256,162.93,479.07,9.19
1,350.00,257,328.28,543.25,7.58
1,350.00,258,653.72,657.76,17.15
1,350.00,259,742.26,447.98,21.98
1,350.00,260,401.17,320.57,9.03
1,350.00,261,794.49,907.67,9.29
1,350.00,262,177.13,748.70,13.91
1,350.00,263,663.76,677.84,7.19
1,350.00,264,37.65,490.05,0.00
1,350.00,265,680.38,755.19,7.79
1,350.00,266,431.17,528.52,5.84
1,350.00,267,425.40,510.24,5.39
1,350.00,268,489.81,452.36,19.24
1,350.00,269,801.54,33.22,0.00
1,350.00,270,907.65,611.03,0.00
1,350.00,271,314.57,267.51,0.00
1,350.00,272,108.94,757.70,0.00
1,350.00,273,449.64,641.53,22.97
1,350.00,274,594.27,868.81,20.58
1,350.00,275,759.86,486.63,17.34
1,350.00,276,332.20,262.41,16.51
1,350.00,277,358.47,351.59,13.05
1,350.00,278,341.88,865.23,8.75
1,350.00,279,129.65,8.78,0.00
1,350.00,280,367.66,190.82,9.45
1,350.00,281,820.43,819.84,8.48
1,350.00,282,103.01,332.85,0.00
1,350.00,283,688.15,309.72,18.12
1,350.00,284,673.59,140.05,10.94
1,350.00,285,293.57,151.83,12.63
1,350.00,286,384.30,289.82,11.02
1,350.00,287,65.52,844.56,0.00
1,350.00,288,489.78,276.90,18.73
1,350.00,289,376.33,639.25,7.68
1,350.00,290,366.89,779.24,14.07
1,350.00,291,169.42,922.54,6.83
1,350.00,292,698.87,541.98,5.96
1,350.00,293,694.89,180.62,0.00
1,350.00,294,349.01,684.32,0.00
1,350.00,295,351.20,77.31,22.24
1,350.00,296,719.66,606.31,7.32
1,350.00,297,707.28,508.45,0.00
1,350.00,298,532.23,862.49,5.27
1,350.00,299,238.89,178.14,8.58
1,360.00,0,416.76,383.90,24.30
1,360.00,1,207.26,330.27,22.34
1,360.00,2,670.19,530.82,0.00
1,360.00,3,267.88,507.58,7.11
1,360.00,4,773.32,404.19,11.21
1,360.00,5,71.44,786.43,14.61
1,360.00,6,116.59,546.51,0.00
1,360.00,7,51.09,352.57,0.00
1,360.00,8,286.05,208.09,13.37
1,360.00,9,447.50,650.20,13.78
1,360.00,10,52.89,135.87,13.93
1,360.00,11,389.49,699.14,6.48
1,360.00,12,621.39,312.69,23.09
1,360.00,13,582.18,770.07,24.23
1,360.00,14,544.35,488.94,8.50
1,360.00,15,141.71,41.91,15.90
1,360.00,16,731.67,297.28,5.81
1,360.00,17,461.30,421.77,10.25
1,360.00,18,419.72,698.15,18.50
1,360.00,19,435.47,319.36,20.37
1,360.00,20,106.88,268.19,5.47
1,360.00,21,349.88,469.92,14.45
1,360.00,22,218.02,565.13,19.86
1,360.00,23,172.72,208.17,11.68
1,360.00,24,788.91,289.69,5.77
1,360.00,25,61.31,300.62,0.00
1,360.00,26,235.55,635.93,0.00
1,360.00,27,848.56,574.68,24.83
1,360.00,28,229.07,388.88,11.12
1,360.00,29,633.40,441.21,11.55
1,360.00,30,568.37,64.68,22.27
1,360.00,31,230.28,205.76,10.03
1,360.00,32,464.18,89.26,17.58
1,360.00,33,167.86,507.55,5.99
1,360.00,34,591.34,409.46,6.14
1,360.00,35,215.64,28.22,0.00
1,360.00,36,585.64,683.45,15.08
1,360.00,37,891.36,696.00,17.60
1,360.00,38,940.11,125.67,8.63
1,360.00,39,959.17,260.77,10.86
1,360.00,40,112.93,628.77,16.92
1,360.00,41,342.19,731.22,9.37
1,360.00,42,370.82,721.99,17.96
1,360.00,43,219.89,751.75,21.22
1,360.00,44,969.01,108.76,6.72
1,360.00,45,852.99,726.33,24.49
1,360.00,46,874.60,631.35,14.10
1,360.00,47,756.24,644.51,10.95
1,360.00,48,689.35,249.30,9.84
1,360.00,49,713.48,412.03,6.34
1,360.00,50,647.80,312.55,7.62
1,360.00,51,464.96,655.68,8.58
1,360.00,52,178.02,380.27,24.94
1,360.00,53,55.43,735.47,15.07
1,360.00,54,388.94,497.53,12.05
1,360.00,55,185.20,343.19,0.00
1,360.00,56,293.50,65.23,0.00
1,360.00,57,901.02,594.38,7.54
1,360.00,58,499.78,476.87,0.00
1,360.00,59,268.01,535.31,8.33
1,360.00,60,278.86,295.73,16.32
1,360.00,61,564.96,771.27,6.50
1,360.00,62,398.25,371.37,7.83
1,360.00,63,668.34,360.16,0.00
1,360.00,64,367.48,857.27,0.00
1,360.00,65,859.90,104.76,7.43
1,360.00,66,650.86,804.70,24.68
1,360.00,67,385.22,726.49,8.30
1,360.00,68,310.37,549.60,7.32
1,360.00,69,382.07,607.09,8.95
1,360.00,70,140.92,637.12,13.27
1,360.00,71,224.79,684.08,19.24
1,360.00,72,25.73,101.78,0.00
1,360.00,73,600.37,517.53,6.99
1,360.00,74,528.70,524.03,5.27
1,360.00,75,485.69,421.55,8.58
1,360.00,76,338.34,743.55,5.29
1,360.00,77,426.85,362.94,6.68
1,360.00,78,622.91,522.39,5.27
1,360.00,79,883.41,159.88,9.41
1,360.00,80,586.70,353.54,5.77
1,360.00,81,10.74,13.82,0.00
1,360.00,82,961.57,907.23,0.00
1,360.00,83,329.56,963.69,18.81
1,360.00,84,612.42,722.29,11.41
1,360.00,85,450.07,336.41,7.97
1,360.00,86,480.39,206.34,8.07
1,360.00,87,760.39,164.34,16.10
1,360.00,88,134.29,197.65,11.55
1,360.00,89,620.37,495.03,12.53
1,360.00,90,514.96,708.41,19.10
1,360.00,91,962.82,347.57,0.00
1,360.00,92,802.73,436.02,6.43
1,360.00,93,288.49,113.48,0.00
1,360.00,94,491.35,742.74,20.77
1,360.00,95,534.07,949.46,23.69
1,360.00,96,676.85,142.64,8.26
1,360.00,97,688.58,543.31,5.43
1,360.00,98,598.93,250.26,16.07
1,360.00,99,428.36,309.48,12.94
1,360.00,100,174.76,415.63,11.20
1,360.00,101,505.87,935.01,5.61
1,360.00,102,388.70,905.48,0.00
1,360.00,103,330.66,874.03,10.42
1,360.00,104,415.70,528.05,16.80
1,360.00,105,797.38,214.82,10.73
1,360.00,106,222.21,28.28,17.49
1,360.00,107,572.35,376.04,6.36
1,360.00,108,308.44,470.39,15.90
1,360.00,109,285.03,143.16,8.35
1,360.00,110,231.05,723.18,9.51
1,360.00,111,709.00,166.00,9.77
1,360.00,112,604.17,314.35,8.99
1,360.00,113,501.92,253.30,18.65
1,360.00,114,249.94,70.32,18.92
1,360.00,115,499.68,656.21,18.99
1,360.00,116,740.81,75.58,0.00
1,360.00,117,511.51,272.10,0.00
1,360.00,118,481.04,550.70,23.86
1,360.00,119,34.64,888.78,7.64
1,360.00,120,734.26,124.22,7.22
1,360.00,121,704.98,842.75,9.48
1,360.00,122,610.57,734.62,6.63
1,360.00,123,545.10,559.87,6.29
1,360.00,124,571.01,749.67,8.22
1,360.00,125,301.75,775.24,11.28
1,360.00,126,474.89,239.44,10.86
1,360.00,127,860.14,212.67,13.17
1,360.00,128,676.60,820.12,12.84
1,360.00,129,473.86,165.91,21.30
1,360.00,130,229.12,137.59,0.00
1,360.00,131,808.81,611.77,9.46
1,360.00,132,691.80,275.83,15.22
1,360.00,133,378.20,809.66,11.29
1,360.00,134,530.23,44.05,23.28
1,360.00,135,680.76,592.87,8.96
1,360.00,136,311.96,670.41,0.00
1,360.00,137,340.50,529.21,10.35
1,360.00,138,407.72,515.24,12.03
1,360.00,139,176.23,719.68,10.78
1,360.00,140,740.16,298.21,13.50
1,360.00,141,432.94,403.03,6.73
1,360.00,142,137.21,460.64,0.00
1,360.00,143,749.94,452.18,6.12
1,360.00,144,63.62,762.52,0.00
1,360.00,145,173.94,44.87,12.35
1,360.00,146,835.15,315.87,24.95
1,360.00,147,495.10,221.61,8.97
1,360.00,148,606.84,159.71,10.81
1,360.00,149,503.43,285.52,14.85
1,360.00,150,370.14,707.48,6.85
1,360.00,151,775.11,328.63,17.14
1,360.00,152,611.37,571.07,18.93
1,360.00,153,836.69,519.92,0.00
1,360.00,154,982.89,291.05,5.21
1,360.00,155,656.46,149.39,14.67
1,360.00,156,75.96,131.77,21.49
1,360.00,157,503.08,63.33,0.00
1,360.00,158,310.73,416.57,0.00
1,360.00,159,370.94,565.91,7.68
1,360.00,160,123.91,268.20,6.90
1,360.00,161,811.54,624.63,12.84
1,360.00,162,714.96,410.05,10.68
1,360.00,163,314.43,398.56,11.73
1,360.00,164,732.01,469.56,15.13
1,360.00,165,58.96,534.10,14.02
1,360.00,166,568.58,545.74,7.09
1,360.00,167,486.81,646.43,7.80
1,360.00,168,612.55,195.98,13.29
1,360.00,169,191.71,442.85,20.75
1,360.00,170,729.22,187.25,6.32
1,360.00,171,531.76,658.86,7.36
1,360.00,172,385.15,686.43,8.12
1,360.00,173,789.48,762.89,8.92
1,360.00,174,824.61,73.36,5.69
1,360.00,175,338.24,758.52,9.02
1,360.00,176,930.07,81.14,7.23
1,360.00,177,253.03,679.43,6.53
1,360.00,178,245.50,49.58,13.50
1,360.00,179,178.62,446.63,23.73
1,360.00,180,175.49,706.06,19.40
1,360.00,181,674.38,597.99,11.41
1,360.00,182,417.58,599.64,0.00
1,360.00,183,142.66,916.01,14.69
1,360.00,184,588.27,301.58,5.26
1,360.00,185,638.64,736.45,10.49
1,360.00,186,200.64,704.71,6.33
1,360.00,187,439.03,212.37,7.36
1,360.00,188,740.73,126.60,0.00
1,360.00,189,796.82,591.50,0.00
1,360.00,190,689.09,504.98,15.83
1,360.00,191,479.01,154.72,22.05
1,360.00,192,324.24,550.51,10.38
1,360.00,193,159.48,594.53,0.00
1,360.00,194,698.06,505.29,22.84
1,360.00,195,197.26,539.94,8.84
1,360.00,196,712.10,425.54,0.00
1,360.00,197,828.47,393.78,5.91
1,360.00,198,720.84,615.90,0.00
1,360.00,199,749.24,964.29,0.00
1,360.00,200,653.16,284.65,20.93
1,360.00,201,733.92,506.61,13.58
1,360.00,202,712.96,425.29,0.00
1,360.00,203,673.46,980.09,0.00
1,360.00,204,234.38,310.19,19.88
1,360.00,205,657.48,703.35,14.84
1,360.00,206,439.71,583.63,8.73
1,360.00,207,349.70,657.45,23.11
1,360.00,208,119.58,416.55,13.33
1,360.00,209,873.22,525.22,6.80
1,360.00,210,461.74,479.23,5.20
1,360.00,211,175.64,717.73,0.00
1,360.00,212,555.29,415.50,7.89
1,360.00,213,365.29,150.66,7.15
1,360.00,214,399.03,776.49,23.75
1,360.00,215,101.81,338.00,0.00
1,360.00,216,315.05,511.80,0.00
1,360.00,217,897.57,706.90,10.98
1,360.00,218,827.81,154.46,0.00
1,360.00,219,738.73,257.94,0.00
1,360.00,220,287.97,270.39,15.33
1,360.00,221,131.43,683.76,7.08
1,360.00,222,978.71,320.09,0.00
1,360.00,223,585.33,553.21,7.99
1,360.00,224,610.33,344.59,19.31
1,360.00,225,840.74,378.22,0.00
1,360.00,226,826.96,866.16,0.00
1,360.00,227,604.97,582.16,5.44
1,360.00,228,160.67,411.55,13.08
1,360.00,229,383.70,715.77,20.27
1,360.00,230,53.82,426.10,7.02
1,360.00,231,590.28,429.02,8.59
1,360.00,232,718.69,767.62,22.60
1,360.00,233,494.54,418.49,12.35
1,360.00,234,845.57,168.22,10.01
1,360.00,235,266.30,637.53,5.05
1,360.00,236,731.22,569.84,9.59
1,360.00,237,759.35,194.25,5.39
1,360.00,238,520.73,843.97,12.95
1,360.00,239,322.91,597.21,17.49
1,360.00,240,818.06,548.46,8.52
1,360.00,241,767.80,791.65,24.17
1,360.00,242,893.02,458.44,8.58
1,360.00,243,864.68,744.55,6.54
1,360.00,244,623.34,750.24,17.11
1,360.00,245,369.55,328.52,16.26
1,360.00,246,695.45,653.53,20.06
1,360.00,247,357.11,145.62,6.95
1,360.00,248,358.08,835.28,9.51
1,360.00,249,511.86,726.14,0.00
1,360.00,250,691.25,382.33,5.06
1,360.00,251,494.56,437.37,7.80
1,360.00,252,751.14,857.13,8.15
1,360.00,253,793.33,231.82,21.55
1,360.00,254,474.38,324.93,14.15
1,360.00,255,120.43,625.17,5.46
1,360.00,256,253.19,496.10,9.19
1,360.00,257,271.50,531.32,0.00
1,360.00,258,822.25,689.46,17.15
1,360.00,259,584.57,294.80,21.98
1,360.00,260,490.67,332.40,9.03
1,360.00,261,887.30,903.66,9.29
1,360.00,262,205.07,612.47,13.91
1,360.00,263,612.21,627.71,7.19
1,360.00,264,117.21,446.26,11.14
1,360.00,265,614.41,796.55,7.79
1,360.00,266,385.81,491.68,5.84
1,360.00,267,462.10,549.70,5.39
1,360.00,268,645.63,339.47,19.24
1,360.00,269,751.38,38.62,13.44
1,360.00,270,817.88,537.37,20.10
1,360.00,271,345.10,292.65,22.63
1,360.00,272,133.70,782.07,6.73
1,360.00,273,320.30,665.98,0.00
1,360.00,274,656.42,875.79,0.00
1,360.00,275,771.19,494.78,0.00
1,360.00,276,278.30,418.43,16.51
1,360.00,277,268.38,257.20,13.05
1,360.00,278,333.88,778.06,8.75
1,360.00,279,153.30,56.46,14.17
1,360.00,280,282.64,232.07,9.45
1,360.00,281,766.22,754.61,8.48
1,360.00,282,255.26,436.94,18.54
1,360.00,283,636.75,483.43,18.12
1,360.00,284,576.31,190.02,10.94
1,360.00,285,171.13,120.89,12.63
1,360.00,286,302.85,215.62,11.02
1,360.00,287,251.66,781.49,20.70
1,360.00,288,347.26,271.04,0.00
1,360.00,289,408.24,709.08,7.68
1,360.00,290,280.03,856.33,0.00
1,360.00,291,232.01,949.84,6.83
1,360.00,292,742.50,501.34,5.96
1,360.00,293,688.64,237.57,11.40
1,360.00,294,354.01,682.45,5.78
1,360.00,295,353.90,61.28,0.00
1,360.00,296,733.78,678.11,7.32
1,360.00,297,760.24,580.30,9.33
1,360.00,298,559.66,884.28,0.00
1,360.00,299,179.78,116.00,8.58
1,370.00,0,393.54,625.76,24.30
1,370.00,1,156.11,309.89,0.00
1,370.00,2,640.59,550.38,9.20
1,370.00,3,257.95,437.14,7.11
1,370.00,4,866.18,448.51,0.00
1,370.00,5,11.30,776.61,0.00
1,370.00,6,313.50,504.03,22.79
1,370.00,7,58.66,356.62,14.83
1,370.00,8,156.33,175.63,13.37
1,370.00,9,368.63,763.24,13.78
1,370.00,10,40.09,274.55,13.93
1,370.00,11,447.89,670.96,6.48
1,370.00,12,778.38,143.35,23.09
1,370.00,13,679.34,548.10,24.23
1,370.00,14,596.86,555.75,8.50
1,370.00,15,63.35,43.92,0.00
1,370.00,16,750.94,242.49,5.81
1,370.00,17,512.61,510.54,10.25
1,370.00,18,500.21,802.50,0.00
1,370.00,19,295.48,467.35,20.37
1,370.00,20,84.80,218.13,5.47
1,370.00,21,208.44,499.34,14.45
1,370.00,22,177.74,370.64,19.86
1,370.00,23,75.64,143.22,11.68
1,370.00,24,771.45,344.72,5.77
1,370.00,25,57.79,332.90,17.67
1,370.00,26,188.94,670.09,8.13
1,370.00,27,791.31,333.07,24.83
1,370.00,28,172.56,324.33,0.00
1,370.00,29,700.66,535.11,11.55
1,370.00,30,530.75,284.15,22.27
1,370.00,31,236.94,305.87,10.03
1,370.00,32,289.45,69.76,17.58
1,370.00,33,108.01,509.85,5.99
1,370.00,34,629.29,361.24,6.14
1,370.00,35,230.15,61.88,17.72
1,370.00,36,682.72,568.12,15.08
1,370.00,37,877.82,784.96,0.00
1,370.00,38,895.38,199.49,8.63
1,370.00,39,850.99,250.98,10.86
1,370.00,40,227.09,503.92,16.92
1,370.00,41,282.10,659.38,9.37
1,370.00,42,205.34,791.83,17.96
1,370.00,43,395.70,870.59,21.22
1,370.00,44,901.83,107.63,6.72
1,370.00,45,947.42,912.03,0.00
1,370.00,46,899.06,650.47,0.00
1,370.00,47,705.89,547.28,10.95
1,370.00,48,773.91,199.08,9.84
1,370.00,49,752.18,361.86,6.34
1,370.00,50,702.27,259.25,7.62
1,370.00,51,529.86,711.85,8.58
1,370.00,52,256.90,616.86,24.94
1,370.00,53,53.08,735.04,0.00
1,370.00,54,302.53,581.58,12.05
1,370.00,55,214.08,432.79,14.27
1,370.00,56,290.02,96.47,10.47
1,370.00,57,892.25,519.48,7.54
1,370.00,58,663.04,391.00,24.23
1,370.00,59,303.55,610.65,8.33
1,370.00,60,433.35,243.18,16.32
1,370.00,61,513.70,731.30,6.50
1,370.00,62,333.12,327.90,7.83
1,370.00,63,716.54,466.94,13.00
1,370.00,64,360.41,741.03,14.65
1,370.00,65,917.75,58.15,7.43
1,370.00,66,416.47,727.43,24.68
1,370.00,67,378.52,643.76,8.30
1,370.00,68,368.22,504.81,7.32
1,370.00,69,438.66,537.77,8.95
1,370.00,70,123.90,624.01,0.00
1,370.00,71,66.17,708.52,0.00
1,370.00,72,235.29,156.16,22.98
1,370.00,73,656.26,505.24,0.00
1,370.00,74,571.74,493.66,5.27
1,370.00,75,553.45,411.86,0.00
1,370.00,76,325.03,794.79,5.29
1,370.00,77,468.39,310.56,6.68
1,370.00,78,673.72,508.28,5.27
1,370.00,79,893.94,253.36,9.41
1,370.00,80,549.84,397.95,5.77
1,370.00,81,57.52,20.21,6.92
1,370.00,82,933.73,887.28,8.18
1,370.00,83,493.37,871.17,18.81
1,370.00,84,557.30,623.93,0.00
1,370.00,85,370.41,339.68,7.97
1,370.00,86,400.38,195.71,8.07
1,370.00,87,805.54,318.90,16.10
1,370.00,88,54.63,120.43,0.00
1,370.00,89,745.69,493.70,12.53
1,370.00,90,700.75,752.57,19.10
1,370.00,91,894.72,412.31,13.20
1,370.00,92,748.37,470.43,6.43
1,370.00,93,347.72,127.51,16.92
1,370.00,94,676.72,649.14,20.77
1,370.00,95,765.77,900.17,23.69
1,370.00,96,625.21,78.15,8.26
1,370.00,97,741.17,556.64,5.43
1,370.00,98,729.32,314.48,0.00
1,370.00,99,300.33,290.57,12.94
1,370.00,100,138.37,470.05,0.00
1,370.00,101,450.17,941.69,5.61
1,370.00,102,393.01,899.40,9.01
1,370.00,103,397.30,793.97,10.42
1,370.00,104,380.67,692.34,16.80
1,370.00,105,821.98,301.41,0.00
1,370.00,106,124.90,32.04,0.00
1,370.00,107,516.35,406.22,6.36
1,370.00,108,419.14,584.52,15.90
1,370.00,109,301.80,88.58,0.00
1,370.00,110,269.37,636.15,9.51
1,370.00,111,741.07,136.73,0.00
1,370.00,112,530.36,365.73,8.99
1,370.00,113,400.27,347.56,0.00
1,370.00,114,433.21,23.48,18.92
1,370.00,115,530.24,740.14,0.00
1,370.00,116,746.73,124.15,9.55
1,370.00,117,455.44,319.16,13.83
1,370.00,118,406.09,387.08,0.00
1,370.00,119,92.50,838.81,7.64
1,370.00,120,784.97,72.80,7.22
1,370.00,121,793.84,875.67,9.48
1,370.00,122,646.26,678.77,6.63
1,370.00,123,498.86,602.53,6.29
1,370.00,124,648.19,721.53,8.22
1,370.00,125,285.35,663.61,11.28
1,370.00,126,573.05,285.93,10.86
1,370.00,127,754.59,133.97,13.17
1,370.00,128,551.19,792.72,12.84
1,370.00,129,416.04,141.30,0.00
1,370.00,130,235.45,160.58,17.95
1,370.00,131,719.55,643.19,9.46
1,370.00,132,638.32,418.27,15.22
1,370.00,133,328.67,708.22,11.29
1,370.00,134,669.93,54.11,0.00
1,370.00,135,687.79,503.51,8.96
1,370.00,136,375.13,585.60,17.20
1,370.00,137,388.23,621.03,10.35
1,370.00,138,488.15,425.83,12.03
1,370.00,139,239.43,632.34,10.78
1,370.00,140,870.31,334.22,13.50
1,370.00,141,389.51,351.56,6.73
1,370.00,142,139.52,460.30,14.96
1,370.00,143,747.90,390.97,6.12
1,370.00,144,121.82,703.78,12.41
1,370.00,145,151.71,19.97,0.00
1,370.00,146,937.61,88.36,24.95
1,370.00,147,411.15,253.20,8.97
1,370.00,148,505.42,122.20,10.81
1,370.00,149,413.32,403.51,14.85
1,370.00,150,327.72,761.24,6.85
1,370.00,151,832.23,347.30,0.00
1,370.00,152,469.95,445.28,18.93
1,370.00,153,792.75,542.16,9.36
1,370.00,154,982.98,287.50,0.00
1,370.00,155,696.16,290.66,14.67
1,370.00,156,259.47,243.69,21.49
1,370.00,157,522.29,142.19,21.99
1,370.00,158,254.98,515.21,12.11
1,370.00,159,412.50,630.48,7.68
1,370.00,160,142.75,334.57,6.90
1,370.00,161,841.12,499.65,12.84
1,370.00,162,803.65,350.46,10.68
1,370.00,163,260.93,502.99,11.73
1,370.00,164,769.51,616.16,15.13
1,370.00,165,164.08,626.87,14.02
1,370.00,166,497.64,546.83,7.09
1,370.00,167,520.26,575.93,7.80
1,370.00,168,707.74,113.48,0.00
1,370.00,169,70.25,611.08,20.75
1,370.00,170,773.09,141.80,6.32
1,370.00,171,580.51,714.06,7.36
1,370.00,172,322.99,634.12,8.12
1,370.00,173,701.72,778.88,8.92
1,370.00,174,850.93,22.92,5.69
1,370.00,175,384.18,836.15,9.02
1,370.00,176,968.84,20.16,7.23
1,370.00,177,304.44,639.10,6.53
1,370.00,178,218.28,181.84,13.50
1,370.00,179,34.29,460.75,0.00
1,370.00,180,165.57,642.28,0.00
1,370.00,181,680.07,711.93,11.41
1,370.00,182,392.12,518.50,8.65
1,370.00,183,96.97,947.86,0.00
1,370.00,184,539.22,320.47,5.26
1,370.00,185,675.83,811.97,0.00
1,370.00,186,198.81,641.44,6.33
1,370.00,187,368.27,232.75,7.36
1,370.00,188,712.97,151.11,15.79
1,370.00,189,769.28,536.53,16.48
1,370.00,190,705.13,424.32,0.00
1,370.00,191,697.84,181.99,22.05
1,370.00,192,257.58,630.10,10.38
1,370.00,193,219.42,575.73,8.20
1,370.00,194,513.04,639.14,22.84
1,370.00,195,277.59,503.09,8.84
1,370.00,196,801.87,342.29,14.04
1,370.00,197,862.20,442.37,5.91
1,370.00,198,674.60,488.42,24.42
1,370.00,199,576.45,913.21,18.75
1,370.00,200,694.04,432.37,0.00
1,370.00,201,850.30,436.72,13.58
1,370.00,202,551.21,448.01,21.60
1,370.00,203,651.24,955.39,8.48
1,370.00,204,196.60,284.65,0.00
1,370.00,205,648.95,807.37,0.00
1,370.00,206,421.82,669.09,8.73
1,370.00,207,272.53,439.64,23.11
1,370.00,208,109.25,308.16,0.00
1,370.00,209,807.79,506.82,6.80
1,370.00,210,478.66,430.02,5.20
1,370.00,211,287.92,846.36,18.95
1,370.00,212,505.24,476.51,7.89
1,370.00,213,409.99,206.44,7.15
1,370.00,214,620.70,691.38,23.75
1,370.00,215,101.77,344.87,8.86
1,370.00,216,262.75,435.92,0.00
1,370.00,217,793.54,671.70,10.98
1,370.00,218,835.22,222.85,22.83
1,370.00,219,792.22,410.04,20.31
1,370.00,220,322.09,120.92,15.33
1,370.00,221,200.89,670.29,7.08
1,370.00,222,925.75,305.45,6.62
1,370.00,223,519.72,507.57,7.99
1,370.00,224,622.42,537.32,19.31
1,370.00,225,747.81,408.68,17.59
1,370.00,226,743.56,900.16,0.00
1,370.00,227,555.05,560.56,5.44
1,370.00,228,197.73,381.73,0.00
1,370.00,229,364.60,868.58,0.00
1,370.00,230,49.90,496.17,7.02
1,370.00,231,542.07,357.89,8.59
1,370.00,232,836.38,960.56,22.60
1,370.00,233,617.63,428.09,12.35
1,370.00,234,861.11,164.76,0.00
1,370.00,235,280.28,588.95,5.05
1,370.00,236,799.97,516.53,0.00
1,370.00,237,761.00,248.11,5.39
1,370.00,238,526.03,904.61,0.00
1,370.00,239,299.55,660.94,0.00
1,370.00,240,733.58,537.19,8.52
1,370.00,241,778.92,798.83,0.00
1,370.00,242,972.04,491.75,8.58
1,370.00,243,876.71,764.40,0.00
1,370.00,244,518.49,885.44,17.11
1,370.00,245,452.21,188.53,16.26
1,370.00,246,706.48,601.80,0.00
1,370.00,247,289.85,128.12,6.95
1,370.00,248,453.11,833.30,9.51
1,370.00,249,545.37,594.24,22.45
1,370.00,250,736.97,360.60,5.06
1,370.00,251,422.68,407.15,7.80
1,370.00,252,755.40,870.88,0.00
1,370.00,253,766.41,445.65,21.55
1,370.00,254,557.90,439.12,14.15
1,370.00,255,65.83,624.87,5.46
1,370.00,256,343.45,513.13,9.19
1,370.00,257,293.27,523.56,9.86
1,370.00,258,979.70,719.08,0.00
1,370.00,259,426.89,141.61,21.98
1,370.00,260,580.17,344.23,9.03
1,370.00,261,904.79,902.90,0.00
1,370.00,262,233.01,476.25,13.91
1,370.00,263,560.66,577.59,7.19
1,370.00,264,214.78,392.55,11.14
1,370.00,265,548.43,837.91,7.79
1,370.00,266,340.44,454.85,5.84
1,370.00,267,498.80,589.15,5.39
1,370.00,268,801.45,226.58,19.24
1,370.00,269,617.76,52.98,13.44
1,370.00,270,662.48,409.87,20.10
1,370.00,271,519.79,436.51,22.63
1,370.00,272,181.68,829.32,6.73
1,370.00,273,385.34,616.02,19.21
1,370.00,274,615.49,771.93,16.04
1,370.00,275,612.37,569.20,19.07
1,370.00,276,224.40,574.45,16.51
1,370.00,277,178.30,162.81,13.05
1,370.00,278,325.88,690.90,8.75
1,370.00,279,216.24,183.39,14.17
1,370.00,280,197.62,273.32,9.45
1,370.00,281,712.02,689.38,8.48
1,370.00,282,408.28,541.55,18.54
1,370.00,283,585.36,657.14,18.12
1,370.00,284,479.03,239.98,10.94
1,370.00,285,166.53,119.73,0.00
1,370.00,286,221.41,141.42,11.02
1,370.00,287,422.93,723.46,0.00
1,370.00,288,386.42,256.59,17.52
1,370.00,289,440.15,778.91,7.68
1,370.00,290,293.04,834.50,14.57
1,370.00,291,294.19,976.96,0.00
1,370.00,292,786.12,460.71,5.96
1,370.00,293,676.21,350.94,11.40
1,370.00,294,408.16,662.18,5.78
1,370.00,295,341.20,149.20,9.58
1,370.00,296,747.90,749.91,7.32
1,370.00,297,815.61,655.43,9.33
1,370.00,298,616.34,833.19,22.78
1,370.00,299,135.42,69.37,0.00
1,380.00,0,376.12,807.19,0.00
1,380.00,1,191.52,289.21,5.44
1,380.00,2,563.86,601.11,9.20
1,380.00,3,248.01,366.71,7.11
1,380.00,4,857.36,436.10,18.60
1,380.00,5,127.19,798.10,20.22
1,380.00,6,536.25,455.98,22.79
1,380.00,7,189.37,426.62,14.83
1,380.00,8,50.56,149.17,0.00
1,380.00,9,356.45,780.70,0.00
1,380.00,10,27.28,413.23,13.93
1,380.00,11,506.30,642.79,6.48
1,380.00,12,825.73,92.27,0.00
1,380.00,13,748.76,389.51,0.00
1,380.00,14,649.36,622.55,8.50
1,380.00,15,113.66,130.97,19.82
1,380.00,16,770.20,187.69,5.81
1,380.00,17,563.92,599.31,10.25
1,380.00,18,477.96,817.69,9.36
1,380.00,19,155.48,615.34,20.37
1,380.00,20,62.71,168.07,5.47
1,380.00,21,116.29,518.52,0.00
1,380.00,22,137.46,176.14,19.86
1,380.00,23,59.96,132.72,0.00
1,380.00,24,754.00,399.75,5.77
1,380.00,25,38.59,508.54,17.67
1,380.00,26,123.36,718.15,8.13
1,380.00,27,773.40,257.50,0.00
1,380.00,28,171.08,280.74,19.08
1,380.00,29,763.57,622.94,0.00
1,380.00,30,525.30,315.95,0.00
1,380.00,31,242.37,387.55,0.00
1,380.00,32,197.18,59.47,0.00
1,380.00,33,67.12,511.42,0.00
1,380.00,34,667.24,313.01,6.14
1,380.00,35,300.30,224.64,17.72
1,380.00,36,768.18,466.58,0.00
1,380.00,37,855.70,856.50,15.32
1,380.00,38,850.65,273.31,8.63
1,380.00,39,742.82,241.20,10.86
1,380.00,40,341.26,379.08,16.92
1,380.00,41,222.01,587.54,9.37
1,380.00,42,163.14,809.64,0.00
1,380.00,43,557.85,980.21,0.00
1,380.00,44,834.65,106.50,6.72
1,380.00,45,921.67,891.42,22.10
1,380.00,46,857.10,582.15,0.00
1,380.00,47,664.74,467.80,0.00
1,380.00,48,858.48,148.86,9.84
1,380.00,49,790.88,311.70,6.34
1,380.00,50,756.74,205.96,7.62
1,380.00,51,594.76,768.01,8.58
1,380.00,52,261.44,630.48,0.00
1,380.00,53,89.06,843.15,11.58
1,380.00,54,216.12,665.63,12.05
1,380.00,55,257.86,568.65,14.27
1,380.00,56,278.45,200.55,10.47
1,380.00,57,883.48,444.59,7.54
1,380.00,58,877.50,278.19,24.23
1,380.00,59,339.08,686.00,8.33
1,380.00,60,587.84,190.62,16.32
1,380.00,61,462.44,691.33,6.50
1,380.00,62,267.99,284.44,7.83
1,380.00,63,770.01,585.42,13.00
1,380.00,64,351.57,595.59,0.00
1,380.00,65,937.43,42.29,0.00
1,380.00,66,182.08,650.17,24.68
1,380.00,67,371.81,561.03,8.30
1,380.00,68,426.07,460.03,7.32
1,380.00,69,495.25,468.46,8.95
1,380.00,70,330.36,659.68,25.00
1,380.00,71,80.26,712.71,8.86
1,380.00,72,457.71,213.88,22.98
1,380.00,73,635.24,545.41,24.99
1,380.00,74,614.77,463.28,5.27
1,380.00,75,592.81,433.48,22.17
1,380.00,76,311.72,846.04,5.29
1,380.00,77,509.93,258.19,6.68
1,380.00,78,724.54,494.16,5.27
1,380.00,79,904.48,346.84,9.41
1,380.00,80,512.98,442.37,5.77
1,380.00,81,126.13,29.58,6.92
1,380.00,82,867.23,839.66,8.18
1,380.00,83,657.18,778.65,18.81
1,380.00,84,556.30,621.69,20.32
1,380.00,85,290.76,342.94,7.97
1,380.00,86,320.36,185.09,8.07
1,380.00,87,850.69,473.47,16.10
1,380.00,88,58.89,120.91,10.84
1,380.00,89,871.01,492.37,12.53
1,380.00,90,886.55,796.73,19.10
1,380.00,91,799.05,503.26,13.20
1,380.00,92,694.02,504.85,6.43
1,380.00,93,512.32,166.51,16.92
1,380.00,94,845.18,564.08,0.00
1,380.00,95,814.04,889.90,0.00
1,380.00,96,595.15,40.62,0.00
1,380.00,97,793.76,569.97,5.43
1,380.00,98,732.85,321.33,8.08
1,380.00,99,172.29,271.67,12.94
1,380.00,100,155.25,485.96,5.58
1,380.00,101,394.47,948.38,5.61
1,380.00,102,445.17,825.88,9.01
1,380.00,103,463.94,713.91,10.42
1,380.00,104,350.35,834.52,0.00
1,380.00,105,798.88,285.19,17.53
1,380.00,106,201.60,54.39,18.03
1,380.00,107,460.35,436.39,6.36
1,380.00,108,529.84,698.65,15.90
1,380.00,109,316.40,138.75,16.53
1,380.00,110,307.68,549.11,9.51
1,380.00,111,780.37,267.71,24.62
1,380.00,112,456.56,417.12,8.99
1,380.00,113,455.70,342.01,21.71
1,380.00,114,516.28,2.26,0.00
1,380.00,115,488.49,730.53,8.09
1,380.00,116,758.27,218.95,9.55
1,380.00,117,349.49,408.10,13.83
1,380.00,118,442.33,421.51,20.35
1,380.00,119,150.35,788.84,7.64
1,380.00,120,835.68,21.39,7.22
1,380.00,121,882.70,908.59,9.48
1,380.00,122,681.96,622.92,6.63
1,380.00,123,452.61,645.20,6.29
1,380.00,124,725.37,693.40,8.22
1,380.00,125,268.94,551.97,11.28
1,380.00,126,635.54,315.52,0.00
1,380.00,127,698.35,92.04,0.00
1,380.00,128,425.78,765.31,12.84
1,380.00,129,472.96,181.33,9.87
1,380.00,130,283.09,333.65,17.95
1,380.00,131,684.92,655.38,0.00
1,380.00,132,584.84,560.72,15.22
1,380.00,133,279.14,606.77,11.29
1,380.00,134,641.40,70.68,8.28
1,380.00,135,694.82,414.16,8.96
1,380.00,136,477.90,447.63,17.20
1,380.00,137,435.95,712.84,10.35
1,380.00,138,497.00,415.99,0.00
1,380.00,139,302.64,545.00,10.78
1,380.00,140,914.73,346.51,0.00
1,380.00,141,346.08,300.10,6.73
1,380.00,142,287.49,438.16,14.96
1,380.00,143,747.50,378.98,0.00
1,380.00,144,209.15,615.64,12.41
1,380.00,145,261.25,163.10,24.70
1,380.00,146,940.26,82.48,0.00
1,380.00,147,327.20,284.80,8.97
1,380.00,148,404.01,84.68,10.81
1,380.00,149,323.22,521.49,14.85
1,380.00,150,285.29,815.01,6.85
1,380.00,151,756.85,268.43,16.80
1,380.00,152,328.52,319.50,18.93
1,380.00,153,709.25,584.44,9.36
1,380.00,154,884.00,328.31,11.49
1,380.00,155,735.86,431.93,14.67
1,380.00,156,442.97,355.61,21.49
1,380.00,157,574.35,355.81,21.99
1,380.00,158,195.38,620.67,12.11
1,380.00,159,427.08,653.13,0.00
1,380.00,160,161.59,400.94,6.90
1,380.00,161,870.70,374.66,12.84
1,380.00,162,892.34,290.88,10.68
1,380.00,163,207.44,607.42,11.73
1,380.00,164,807.01,762.76,15.13
1,380.00,165,269.20,719.64,14.02
1,380.00,166,454.02,547.50,0.00
1,380.00,167,553.71,505.42,7.80
1,380.00,168,711.15,125.62,24.30
1,380.00,169,62.93,621.22,0.00
1,380.00,170,816.52,96.79,0.00
1,380.00,171,629.26,769.25,7.36
1,380.00,172,260.83,581.80,8.12
1,380.00,173,613.96,794.86,8.92
1,380.00,174,850.93,22.92,0.00
1,380.00,175,430.12,913.77,9.02
1,380.00,176,978.82,4.47,0.00
1,380.00,177,355.85,598.78,6.53
1,380.00,178,191.07,314.09,13.50
1,380.00,179,99.48,458.62,16.78
1,380.00,180,314.55,627.81,22.43
1,380.00,181,685.77,825.86,11.41
1,380.00,182,366.22,435.97,8.65
1,380.00,183,146.11,948.47,7.91
1,380.00,184,490.17,339.35,5.26
1,380.00,185,653.44,818.52,11.81
1,380.00,186,196.98,578.18,6.33
1,380.00,187,297.52,253.13,7.36
1,380.00,188,594.62,255.66,15.79
1,380.00,189,695.48,389.21,16.48
1,380.00,190,668.47,451.25,9.47
1,380.00,191,825.16,197.85,0.00
1,380.00,192,190.92,709.68,10.38
1,380.00,193,297.66,551.20,8.20
1,380.00,194,422.79,704.44,0.00
1,380.00,195,357.92,466.24,8.84
1,380.00,196,904.85,246.80,14.04
1,380.00,197,895.94,490.95,5.91
1,380.00,198,591.33,258.88,24.42
1,380.00,199,396.63,860.05,18.75
1,380.00,200,681.04,462.23,12.17
1,380.00,201,851.08,436.26,0.00
1,380.00,202,337.29,478.06,21.60
1,380.00,203,594.55,892.37,8.48
1,380.00,204,258.21,376.74,14.38
1,380.00,205,619.34,786.98,12.13
1,380.00,206,403.94,754.54,8.73
1,380.00,207,195.37,221.84,23.11
1,380.00,208,108.56,319.01,5.93
1,380.00,209,742.37,488.41,6.80
1,380.00,210,495.59,380.80,5.20
1,380.00,211,381.93,954.07,0.00
1,380.00,212,465.47,524.97,0.00
1,380.00,213,454.69,262.21,7.15
1,380.00,214,766.75,635.29,0.00
1,380.00,215,101.28,433.46,8.86
1,380.00,216,273.47,427.79,7.47
1,380.00,217,689.50,636.50,10.98
1,380.00,218,859.80,449.84,22.83
1,380.00,219,859.60,601.59,20.31
1,380.00,220,341.98,33.77,0.00
1,380.00,221,270.36,656.81,7.08
1,380.00,222,861.97,287.83,6.62
1,380.00,223,454.10,461.93,7.99
1,380.00,224,634.51,730.06,19.31
1,380.00,225,580.64,463.49,17.59
1,380.00,226,659.45,914.77,18.66
1,380.00,227,505.13,538.95,5.44
1,380.00,228,207.86,429.59,0.00
1,380.00,229,353.39,815.39,22.64
1,380.00,230,45.97,566.25,7.02
1,380.00,231,508.37,308.19,0.00
1,380.00,232,856.26,993.17,0.00
1,380.00,233,740.73,437.69,12.35
1,380.00,234,827.38,214.90,7.19
1,380.00,235,294.27,540.38,5.05
1,380.00,236,792.02,508.99,11.78
1,380.00,237,762.64,301.97,5.39
1,380.00,238,467.15,891.63,11.38
1,380.00,239,233.83,714.69,13.88
1,380.00,240,649.09,525.93,8.52
1,380.00,241,746.79,734.34,7.62
1,380.00,242,991.02,499.75,0.00
1,380.00,243,764.45,678.87,21.87
1,380.00,244,512.54,893.12,0.00
1,380.00,245,534.88,48.54,16.26
1,380.00,246,761.28,667.03,11.57
1,380.00,247,229.57,112.42,0.00
1,380.00,248,548.15,831.32,9.51
1,380.00,249,600.63,376.68,22.45
1,380.00,250,738.91,359.68,0.00
1,380.00,251,421.38,406.60,0.00
1,380.00,252,820.89,893.67,8.42
1,380.00,253,739.48,659.48,21.55
1,380.00,254,585.25,476.51,0.00
1,380.00,255,55.34,624.81,0.00
1,380.00,256,433.70,530.17,9.19
1,380.00,257,386.15,490.44,9.86
1,380.00,258,976.91,715.27,7.18
1,380.00,259,401.63,117.08,0.00
1,380.00,260,669.66,356.07,9.03
1,380.00,261,846.55,819.77,12.51
1,380.00,262,256.33,362.55,0.00
1,380.00,263,509.11,527.46,7.19
1,380.00,264,312.35,338.84,11.14
1,380.00,265,482.46,879.28,7.79
1,380.00,266,295.08,418.02,5.84
1,380.00,267,535.50,628.61,5.39
1,380.00,268,906.16,150.71,0.00
1,380.00,269,484.14,67.35,13.44
1,380.00,270,507.07,282.37,20.10
1,380.00,271,694.48,580.38,22.63
1,380.00,272,229.67,876.56,6.73
1,380.00,273,447.40,568.36,0.00
1,380.00,274,556.69,622.71,16.04
1,380.00,275,439.65,650.12,19.07
1,380.00,276,170.50,730.48,16.51
1,380.00,277,112.73,94.10,0.00
1,380.00,278,317.88,603.73,8.75
1,380.00,279,279.18,310.32,14.17
1,380.00,280,136.67,302.89,0.00
1,380.00,281,657.81,624.15,8.48
1,380.00,282,561.29,646.17,18.54
1,380.00,283,578.51,680.30,0.00
1,380.00,284,381.75,289.95,10.94
1,380.00,285,163.21,184.98,6.79
1,380.00,286,139.96,67.22,11.02
1,380.00,287,429.60,710.93,11.22
1,380.00,288,550.81,195.95,17.52
1,380.00,289,472.06,848.75,7.68
1,380.00,290,367.61,709.34,14.57
1,380.00,291,294.52,976.17,12.88
1,380.00,292,829.75,420.07,5.96
1,380.00,293,663.78,464.30,11.40
1,380.00,294,462.31,641.90,5.78
1,380.00,295,327.50,244.05,9.58
1,380.00,296,762.01,821.71,7.32
1,380.00,297,870.99,730.56,9.33
1,380.00,298,785.55,680.68,22.78
1,380.00,299,176.20,72.28,0.00
1,390.00,0,358.10,840.26,15.07
1,390.00,1,238.52,261.76,5.44
1,390.00,2,487.14,651.83,9.20
1,390.00,3,238.08,296.27,7.11
1,390.00,4,749.61,284.51,18.60
1,390.00,5,326.03,834.96,20.22
1,390.00,6,759.00,407.93,22.79
1,390.00,7,263.03,466.06,0.00
1,390.00,8,58.02,165.66,9.80
1,390.00,9,303.35,594.62,22.89
1,390.00,10,14.48,551.91,13.93
1,390.00,11,564.71,614.61,6.48
1,390.00,12,845.18,168.05,11.20
1,390.00,13,734.01,400.68,6.48
1,390.00,14,701.87,689.36,8.50
1,390.00,15,212.85,302.62,19.82
1,390.00,16,789.47,132.90,5.81
1,390.00,17,615.23,688.08,10.25
1,390.00,18,400.65,870.48,9.36
1,390.00,19,15.49,763.33,20.37
1,390.00,20,40.63,118.00,5.47
1,390.00,21,102.67,505.98,5.31
1,390.00,22,120.42,93.87,0.00
1,390.00,23,227.18,205.17,21.74
1,390.00,24,736.55,454.79,5.77
1,390.00,25,19.39,684.18,17.67
1,390.00,26,95.90,738.28,0.00
1,390.00,27,735.06,361.78,16.17
1,390.00,28,167.86,185.27,0.00
1,390.00,29,755.32,624.96,13.13
1,390.00,30,342.69,295.17,21.49
1,390.00,31,251.61,375.28,8.34
1,390.00,32,287.07,115.93,22.49
1,390.00,33,89.63,516.26,7.27
1,390.00,34,705.19,264.78,6.14
1,390.00,35,370.46,387.40,17.72
1,390.00,36,774.42,488.60,19.12
1,390.00,37,816.93,981.87,0.00
1,390.00,38,805.91,347.13,8.63
1,390.00,39,634.64,231.41,10.86
1,390.00,40,455.43,254.24,16.92
1,390.00,41,161.91,515.70,9.37
1,390.00,42,141.32,647.25,21.99
1,390.00,43,555.24,977.31,5.02
1,390.00,44,767.47,105.37,6.72
1,390.00,45,749.13,753.35,22.10
1,390.00,46,779.48,601.82,21.25
1,390.00,47,670.54,426.12,23.05
1,390.00,48,892.58,128.61,0.00
1,390.00,49,827.74,263.91,0.00
1,390.00,50,811.21,152.66,7.62
1,390.00,51,659.66,824.18,8.58
1,390.00,52,336.51,779.06,17.66
1,390.00,53,125.63,952.99,11.58
1,390.00,54,152.33,727.68,0.00
1,390.00,55,301.64,704.51,14.27
1,390.00,56,266.87,304.62,10.47
1,390.00,57,874.71,369.69,7.54
1,390.00,58,984.53,221.90,0.00
1,390.00,59,374.62,761.34,8.33
1,390.00,60,728.56,142.75,0.00
1,390.00,61,411.19,651.36,6.50
1,390.00,62,202.86,240.97,7.83
1,390.00,63,823.49,703.89,13.00
1,390.00,64,352.34,596.30,19.02
1,390.00,65,848.84,172.23,23.83
1,390.00,66,100.90,623.40,0.00
1,390.00,67,365.10,478.30,8.30
1,390.00,68,483.92,415.24,7.32
1,390.00,69,508.56,452.15,0.00
1,390.00,70,488.87,687.06,0.00
1,390.00,71,165.16,737.94,8.86
1,390.00,72,680.13,271.60,22.98
1,390.00,73,519.37,766.80,24.99
1,390.00,74,657.80,432.91,5.27
1,390.00,75,787.10,540.20,22.17
1,390.00,76,298.41,897.29,5.29
1,390.00,77,531.35,231.18,0.00
1,390.00,78,765.55,482.77,0.00
1,390.00,79,915.02,440.33,9.41
1,390.00,80,476.12,486.78,5.77
1,390.00,81,194.73,38.96,6.92
1,390.00,82,800.74,792.04,8.18
1,390.00,83,795.90,700.29,0.00
1,390.00,84,473.43,436.11,20.32
1,390.00,85,211.10,346.21,7.97
1,390.00,86,240.35,174.46,8.07
1,390.00,87,895.84,628.04,16.10
1,390.00,88,166.57,133.14,10.84
1,390.00,89,978.22,491.23,0.00
1,390.00,90,996.21,822.79,0.00
1,390.00,91,703.38,594.20,13.20
1,390.00,92,639.66,539.26,6.43
1,390.00,93,676.92,205.50,16.92
1,390.00,94,836.82,545.48,22.35
1,390.00,95,824.00,825.42,8.24
1,390.00,96,603.54,74.96,8.46
1,390.00,97,846.35,583.30,5.43
1,390.00,98,769.91,393.16,8.08
1,390.00,99,110.76,262.58,0.00
1,390.00,100,195.86,524.23,5.58
1,390.00,101,338.78,955.06,5.61
1,390.00,102,497.34,752.36,9.01
1,390.00,103,530.58,633.85,10.42
1,390.00,104,341.58,809.62,19.63
1,390.00,105,655.37,184.46,17.53
1,390.00,106,374.71,104.84,18.03
1,390.00,107,404.35,466.56,6.36
1,390.00,108,640.53,812.78,15.90
1,390.00,109,362.59,297.43,16.53
1,390.00,110,328.67,501.42,0.00
1,390.00,111,851.12,503.49,24.62
1,390.00,112,382.75,468.50,8.99
1,390.00,113,671.75,320.38,21.71
1,390.00,114,519.88,54.72,9.62
1,390.00,115,409.68,712.40,8.09
1,390.00,116,769.82,313.74,9.55
1,390.00,117,243.54,497.03,13.83
1,390.00,118,589.86,561.66,20.35
1,390.00,119,208.21,738.87,7.64
1,390.00,120,849.11,7.78,0.00
1,390.00,121,902.11,915.79,0.00
1,390.00,122,717.65,567.07,6.63
1,390.00,123,406.37,687.87,6.29
1,390.00,124,802.56,665.27,8.22
1,390.00,125,252.54,440.33,11.28
1,390.00,126,573.23,288.18,18.72
1,390.00,127,640.30,155.10,18.35
1,390.00,128,300.37,737.90,12.84
1,390.00,129,553.71,238.12,9.87
1,390.00,130,285.65,342.94,0.00
1,390.00,131,635.80,599.45,12.16
1,390.00,132,531.36,703.16,15.22
1,390.00,133,229.62,505.33,11.29
1,390.00,134,569.80,112.27,8.28
1,390.00,135,701.85,324.80,8.96
1,390.00,136,580.67,309.66,17.20
1,390.00,137,470.47,779.24,0.00
1,390.00,138,349.64,287.86,21.94
1,390.00,139,365.84,457.67,10.78
1,390.00,140,852.32,301.28,11.70
1,390.00,141,302.64,248.63,6.73
1,390.00,142,435.46,416.03,14.96
1,390.00,143,596.56,473.71,22.16
1,390.00,144,296.49,527.50,12.41
1,390.00,145,308.16,224.41,0.00
1,390.00,146,809.49,158.31,15.52
1,390.00,147,243.26,316.39,8.97
1,390.00,148,380.36,75.94,0.00
1,390.00,149,233.12,639.47,14.85
1,390.00,150,242.86,868.77,6.85
1,390.00,151,640.77,146.98,16.80
1,390.00,152,187.10,193.72,18.93
1,390.00,153,625.76,626.71,9.36
1,390.00,154,777.78,372.10,11.49
1,390.00,155,775.56,573.20,14.67
1,390.00,156,626.47,467.52,21.49
1,390.00,157,626.41,569.44,21.99
1,390.00,158,135.79,726.14,12.11
1,390.00,159,380.21,597.57,11.20
1,390.00,160,180.43,467.31,6.90
1,390.00,161,900.28,249.68,12.84
1,390.00,162,936.28,261.36,0.00
1,390.00,163,153.94,711.85,11.73
1,390.00,164,841.79,898.70,0.00
1,390.00,165,374.32,812.41,14.02
1,390.00,166,490.82,504.69,14.67
1,390.00,167,587.16,434.92,7.80
1,390.00,168,765.07,318.01,0.00
1,390.00,169,144.97,606.52,8.87
1,390.00,170,814.87,97.05,16.96
1,390.00,171,678.01,824.45,7.36
1,390.00,172,198.67,529.49,8.12
1,390.00,173,526.20,810.85,8.92
1,390.00,174,780.16,208.52,19.87
1,390.00,175,476.06,991.40,9.02
1,390.00,176,937.05,53.12,8.64
1,390.00,177,407.27,558.46,6.53
1,390.00,178,163.86,446.35,13.50
1,390.00,179,267.19,453.14,16.78
1,390.00,180,537.81,606.13,22.43
1,390.00,181,686.03,831.06,0.00
1,390.00,182,340.33,353.45,8.65
1,390.00,183,225.24,949.47,7.91
1,390.00,184,441.12,358.24,5.26
1,390.00,185,540.14,851.69,11.81
1,390.00,186,195.14,514.92,6.33
1,390.00,187,226.76,273.52,7.36
1,390.00,188,476.26,360.20,15.79
1,390.00,189,621.68,241.90,16.48
1,390.00,190,592.16,507.33,9.47
1,390.00,191,816.96,232.13,8.43
1,390.00,192,144.19,765.47,0.00
1,390.00,193,375.90,526.66,8.20
1,390.00,194,480.95,660.36,14.25
1,390.00,195,394.14,449.62,0.00
1,390.00,196,935.37,218.50,0.00
1,390.00,197,929.67,539.54,5.91
1,390.00,198,512.86,42.56,0.00
1,390.00,199,216.81,806.88,18.75
1,390.00,200,632.49,573.83,12.17
1,390.00,201,857.96,582.68,14.76
1,390.00,202,123.37,508.10,21.60
1,390.00,203,537.86,829.35,8.48
1,390.00,204,338.16,496.25,14.38
1,390.00,205,519.47,718.20,12.13
1,390.00,206,386.05,840.00,8.73
1,390.00,207,191.47,210.84,0.00
1,390.00,208,104.80,378.17,5.93
1,390.00,209,676.95,470.01,6.80
1,390.00,210,512.52,331.59,5.20
1,390.00,211,390.65,936.49,7.99
1,390.00,212,444.85,510.12,12.36
1,390.00,213,499.40,317.99,7.15
1,390.00,214,773.11,617.42,5.56
1,390.00,215,100.79,522.04,8.86
1,390.00,216,332.97,382.64,7.47
1,390.00,217,585.47,601.31,10.98
1,390.00,218,863.80,486.73,0.00
1,390.00,219,926.97,793.14,20.31
1,390.00,220,396.19,109.75,22.38
1,390.00,221,339.82,643.34,7.08
1,390.00,222,798.19,270.21,6.62
1,390.00,223,388.49,416.28,7.99
1,390.00,224,646.60,922.80,19.31
1,390.00,225,413.46,518.30,17.59
1,390.00,226,475.63,946.69,18.66
1,390.00,227,455.20,517.35,5.44
1,390.00,228,258.79,390.52,20.92
1,390.00,229,306.73,593.89,22.64
1,390.00,230,42.04,636.32,7.02
1,390.00,231,520.49,342.31,12.03
1,390.00,232,750.43,844.04,22.00
1,390.00,233,765.31,439.61,0.00
1,390.00,234,787.27,274.53,7.19
1,390.00,235,308.25,491.80,5.05
1,390.00,236,706.57,427.90,11.78
1,390.00,237,764.29,355.84,5.39
1,390.00,238,356.05,867.14,11.38
1,390.00,239,126.43,802.54,13.88
1,390.00,240,604.63,520.00,0.00
1,390.00,241,712.80,666.12,7.62
1,390.00,242,923.49,337.57,23.12
1,390.00,243,590.45,546.30,21.87
1,390.00,244,607.19,786.81,15.09
1,390.00,245,540.99,38.19,0.00
1,390.00,246,834.68,754.38,0.00
1,390.00,247,239.79,129.10,18.88
1,390.00,248,643.18,829.34,9.51
1,390.00,249,655.89,159.12,22.45
1,390.00,250,696.57,392.16,5.57
1,390.00,251,206.04,502.80,24.02
1,390.00,252,887.45,916.83,0.00
1,390.00,253,712.56,873.31,21.55
1,390.00,254,497.01,480.67,0.00
1,390.00,255,185.03,741.47,21.59
1,390.00,256,523.96,547.20,9.19
1,390.00,257,479.03,457.32,9.86
1,390.00,258,934.51,657.32,7.18
1,390.00,259,492.10,173.69,12.71
1,390.00,260,759.16,367.90,9.03
1,390.00,261,774.77,717.33,12.51
1,390.00,262,270.54,392.64,20.12
1,390.00,263,457.56,477.34,7.19
1,390.00,264,409.93,285.13,11.14
1,390.00,265,422.28,917.00,0.00
1,390.00,266,249.72,381.18,5.84
1,390.00,267,572.20,668.06,5.39
1,390.00,268,847.82,179.22,19.80
1,390.00,269,452.74,70.73,0.00
1,390.00,270,374.27,173.41,0.00
1,390.00,271,869.18,724.24,22.63
1,390.00,272,277.66,923.81,6.73
1,390.00,273,408.19,583.51,7.09
1,390.00,274,522.25,535.32,0.00
1,390.00,275,266.93,731.05,19.07
1,390.00,276,116.60,886.50,16.51
1,390.00,277,105.43,153.87,22.13
1,390.00,278,309.88,516.56,8.75
1,390.00,279,342.12,437.26,14.17
1,390.00,280,127.85,365.25,22.25
1,390.00,281,603.60,558.92,8.48
1,390.00,282,673.77,723.07,0.00
1,390.00,283,696.44,854.27,24.25
1,390.00,284,284.46,339.91,10.94
1,390.00,285,159.76,252.78,6.79
1,390.00,286,132.15,60.11,0.00
1,390.00,287,482.35,611.92,11.22
1,390.00,288,693.33,143.36,0.00
1,390.00,289,503.97,918.58,7.68
1,390.00,290,442.18,584.19,14.57
1,390.00,291,344.85,857.62,12.88
1,390.00,292,873.38,379.43,5.96
1,390.00,293,651.34,577.67,11.40
1,390.00,294,516.46,621.62,5.78
1,390.00,295,313.80,338.90,9.58
1,390.00,296,776.13,893.51,7.32
1,390.00,297,926.36,805.69,9.33
1,390.00,298,918.06,561.26,0.00
1,390.00,299,176.37,74.65,6.31
1,400.00,0,321.59,907.30,0.00
1,400.00,1,285.51,234.32,5.44
1,400.00,2,410.41,702.56,9.20
1,400.00,3,228.15,225.84,7.11
1,400.00,4,641.87,132.92,18.60
1,400.00,5,524.86,871.81,20.22
1,400.00,6,981.75,359.88,22.79
1,400.00,7,333.25,423.00,18.87
1,400.00,8,98.39,255.00,9.80
1,400.00,9,240.54,374.52,22.89
1,400.00,10,13.00,567.98,0.00
1,400.00,11,581.14,606.68,0.00
1,400.00,12,873.03,276.57,11.20
1,400.00,13,682.36,439.82,6.48
1,400.00,14,754.38,756.17,8.50
1,400.00,15,312.04,474.27,19.82
1,400.00,16,808.74,78.11,5.81
1,400.00,17,666.54,776.85,10.25
1,400.00,18,347.46,906.80,0.00
1,400.00,19,7.03,772.27,0.00
1,400.00,20,27.12,87.39,0.00
1,400.00,21,63.57,470.01,5.31
1,400.00,22,199.04,207.52,23.95
1,400.00,23,426.62,291.57,21.74
1,400.00,24,719.10,509.82,5.77
1,400.00,25,13.91,734.31,0.00
1,400.00,26,188.83,729.21,16.06
1,400.00,27,679.28,513.52,16.17
1,400.00,28,128.99,283.63,21.18
1,400.00,29,627.83,656.31,13.13
1,400.00,30,129.14,270.87,21.49
1,400.00,31,301.80,308.64,8.34
1,400.00,32,477.55,235.57,22.49
1,400.00,33,160.68,531.56,7.27
1,400.00,34,743.15,216.55,6.14
1,400.00,35,440.61,550.16,17.72
1,400.00,36,826.59,672.56,19.12
1,400.00,37,830.85,955.06,21.07
1,400.00,38,761.18,420.95,8.63
1,400.00,39,526.47,221.62,10.86
1,400.00,40,569.60,129.39,16.92
1,400.00,41,113.27,457.56,0.00
1,400.00,42,112.02,429.27,21.99
1,400.00,43,521.60,940.03,5.02
1,400.00,44,700.30,104.24,6.72
1,400.00,45,576.59,615.28,22.10
1,400.00,46,573.49,654.01,21.25
1,400.00,47,702.33,197.82,23.05
1,400.00,48,862.96,154.00,6.54
1,400.00,49,818.36,264.92,19.94
1,400.00,50,845.78,118.83,0.00
1,400.00,51,706.23,864.48,0.00
1,400.00,52,399.42,903.58,0.00
1,400.00,53,130.47,967.54,0.00
1,400.00,54,205.91,738.84,20.91
1,400.00,55,317.69,754.34,0.00
1,400.00,56,255.29,408.69,10.47
1,400.00,57,865.93,294.80,7.54
1,400.00,58,925.78,251.98,13.18
1,400.00,59,396.12,806.92,0.00
1,400.00,60,729.71,159.56,18.91
1,400.00,61,359.93,611.39,6.50
1,400.00,62,137.73,197.50,7.83
1,400.00,63,876.96,822.36,13.00
1,400.00,64,491.92,725.48,19.02
1,400.00,65,714.57,369.14,23.83
1,400.00,66,260.41,617.91,24.42
1,400.00,67,358.40,395.57,8.30
1,400.00,68,541.77,370.45,7.32
1,400.00,69,550.28,471.22,6.00
1,400.00,70,477.99,660.03,8.17
1,400.00,71,250.07,763.17,8.86
1,400.00,72,902.56,329.32,22.98
1,400.00,73,494.45,814.42,0.00
1,400.00,74,700.83,402.54,5.27
1,400.00,75,896.18,600.11,0.00
1,400.00,76,289.32,932.28,0.00
1,400.00,77,520.97,254.14,5.20
1,400.00,78,755.73,456.98,14.29
1,400.00,79,925.56,533.81,9.41
1,400.00,80,450.00,518.25,0.00
1,400.00,81,263.34,48.33,6.92
1,400.00,82,734.24,744.42,8.18
1,400.00,83,792.05,712.19,8.17
1,400.00,84,402.62,277.51,0.00
1,400.00,85,131.45,349.47,7.97
1,400.00,86,160.33,163.84,8.07
1,400.00,87,900.70,644.67,0.00
1,400.00,88,274.25,145.37,10.84
1,400.00,89,957.51,467.70,21.68
1,400.00,90,970.04,728.80,23.81
1,400.00,91,607.72,685.15,13.20
1,400.00,92,585.30,573.67,6.43
1,400.00,93,744.29,221.47,0.00
1,400.00,94,745.24,341.55,22.35
1,400.00,95,836.57,743.98,8.24
1,400.00,96,623.60,157.14,8.46
1,400.00,97,892.27,594.94,0.00
1,400.00,98,806.97,465.00,8.08
1,400.00,99,148.00,292.96,9.25
1,400.00,100,236.47,562.50,5.58
1,400.00,101,283.08,961.75,5.61
1,400.00,102,549.50,678.85,9.01
1,400.00,103,597.22,553.79,10.42
1,400.00,104,276.40,624.44,19.63
1,400.00,105,511.85,83.72,17.53
1,400.00,106,547.81,155.28,18.03
1,400.00,107,348.35,496.73,6.36
1,400.00,108,751.23,926.91,15.90
1,400.00,109,408.79,456.10,16.53
1,400.00,110,391.47,555.35,18.31
1,400.00,111,911.45,704.55,0.00
1,400.00,112,308.94,519.88,8.99
1,400.00,113,887.79,298.76,21.71
1,400.00,114,526.46,150.68,9.62
1,400.00,115,330.86,694.27,8.09
1,400.00,116,781.36,408.54,9.55
1,400.00,117,137.59,585.97,13.83
1,400.00,118,598.71,570.07,0.00
1,400.00,119,266.06,688.89,7.64
1,400.00,120,808.98,23.21,5.85
1,400.00,121,828.51,917.08,9.42
1,400.00,122,753.35,511.21,6.63
1,400.00,123,397.07,696.45,0.00
1,400.00,124,806.75,663.74,0.00
1,400.00,125,236.14,328.70,11.28
1,400.00,126,505.00,258.23,0.00
1,400.00,127,516.04,290.08,18.35
1,400.00,128,174.96,710.49,12.84
1,400.00,129,634.45,294.91,9.87
1,400.00,130,241.13,543.89,21.75
1,400.00,131,555.55,508.08,12.16
1,400.00,132,478.79,843.17,0.00
1,400.00,133,203.43,451.70,0.00
1,400.00,134,498.21,153.86,8.28
1,400.00,135,703.68,301.63,0.00
1,400.00,136,679.28,177.27,0.00
1,400.00,137,523.83,764.74,19.98
1,400.00,138,184.05,143.87,21.94
1,400.00,139,407.31,400.37,0.00
1,400.00,140,757.56,232.61,11.70
1,400.00,141,259.21,197.16,6.73
1,400.00,142,583.43,393.89,14.96
1,400.00,143,408.84,591.53,22.16
1,400.00,144,383.82,439.36,12.41
1,400.00,145,381.31,219.63,10.66
1,400.00,146,675.25,236.15,15.52
1,400.00,147,159.31,347.98,8.97
1,400.00,148,462.98,228.62,22.64
1,400.00,149,144.75,755.18,0.00
1,400.00,150,200.44,922.53,6.85
1,400.00,151,533.81,35.08,0.00
1,400.00,152,45.68,67.94,18.93
1,400.00,153,542.26,668.98,9.36
1,400.00,154,671.56,415.90,11.49
1,400.00,155,815.26,714.47,14.67
1,400.00,156,670.21,494.20,0.00
1,400.00,157,678.47,783.06,21.99
1,400.00,158,76.19,831.60,12.11
1,400.00,159,308.00,511.99,11.20
1,400.00,160,194.52,516.96,0.00
1,400.00,161,924.91,145.62,0.00
1,400.00,162,841.59,215.84,20.82
1,400.00,163,100.45,816.28,11.73
1,400.00,164,838.51,894.42,7.41
1,400.00,165,479.44,905.18,14.02
1,400.00,166,586.43,393.48,14.67
1,400.00,167,620.61,364.42,7.80
1,400.00,168,753.94,332.83,10.42
1,400.00,169,232.27,590.87,8.87
1,400.00,170,647.35,123.36,16.96
1,400.00,171,726.76,879.64,7.36
1,400.00,172,170.08,505.43,0.00
1,400.00,173,438.44,826.84,8.92
1,400.00,174,766.06,245.49,0.00
1,400.00,175,479.49,997.20,0.00
1,400.00,176,880.80,118.63,8.64
1,400.00,177,458.68,518.13,6.53
1,400.00,178,136.64,578.60,13.50
1,400.00,179,434.89,447.66,16.78
1,400.00,180,761.06,584.44,22.43
1,400.00,181,644.75,924.76,10.73
1,400.00,182,314.43,270.93,8.65
1,400.00,183,304.37,950.46,7.91
1,400.00,184,392.07,377.13,5.26
1,400.00,185,426.84,884.85,11.81
1,400.00,186,193.31,451.66,6.33
1,400.00,187,156.00,293.90,7.36
1,400.00,188,357.90,464.75,15.79
1,400.00,189,602.81,204.24,0.00
1,400.00,190,515.84,563.40,9.47
1,400.00,191,797.36,314.09,8.43
1,400.00,192,113.21,709.25,21.47
1,400.00,193,454.14,502.12,8.20
1,400.00,194,594.51,574.30,14.25
1,400.00,195,424.83,490.62,9.33
1,400.00,196,886.23,298.66,13.36
1,400.00,197,963.40,588.13,5.91
1,400.00,198,516.16,48.81,12.27
1,400.00,199,92.72,770.20,0.00
1,400.00,200,583.93,685.42,12.17
1,400.00,201,862.99,689.81,0.00
1,400.00,202,11.93,523.76,0.00
1,400.00,203,481.17,766.33,8.48
1,400.00,204,418.11,615.76,14.38
1,400.00,205,419.60,649.42,12.13
1,400.00,206,377.57,880.53,0.00
1,400.00,207,353.12,241.46,17.33
1,400.00,208,101.03,437.33,5.93
1,400.00,209,611.52,451.60,6.80
1,400.00,210,515.00,324.39,0.00
1,400.00,211,426.16,864.88,7.99
1,400.00,212,344.55,437.92,12.36
1,400.00,213,544.10,373.77,7.15
1,400.00,214,791.77,565.04,5.56
1,400.00,215,100.75,529.99,0.00
1,400.00,216,392.47,337.48,7.47
1,400.00,217,481.43,566.11,10.98
1,400.00,218,780.97,456.80,10.52
1,400.00,219,932.25,808.15,0.00
1,400.00,220,526.21,291.95,22.38
1,400.00,221,409.29,629.86,7.08
1,400.00,222,734.42,252.59,6.62
1,400.00,223,322.88,370.64,7.99
1,400.00,224,651.16,995.58,0.00
1,400.00,225,246.29,573.11,17.59
1,400.00,226,291.82,978.61,18.66
1,400.00,227,405.28,495.74,5.44
1,400.00,228,424.79,263.18,20.92
1,400.00,229,302.82,575.30,0.00
1,400.00,230,38.11,706.39,7.02
1,400.00,231,560.72,455.65,12.03
1,400.00,232,647.27,698.68,0.00
1,400.00,233,793.55,562.69,15.78
1,400.00,234,747.16,334.16,7.19
1,400.00,235,322.24,443.23,5.05
1,400.00,236,621.12,346.81,11.78
1,400.00,237,765.94,409.70,5.39
1,400.00,238,244.96,842.66,11.38
1,400.00,239,19.80,889.74,0.00
1,400.00,240,577.32,516.39,5.82
1,400.00,241,678.80,597.90,7.62
1,400.00,242,834.61,124.13,23.12
1,400.00,243,416.46,413.74,21.87
1,400.00,244,703.57,678.55,0.00
1,400.00,245,313.05,59.36,24.72
1,400.00,246,833.45,753.56,10.53
1,400.00,247,338.41,290.04,18.88
1,400.00,248,738.22,827.37,9.51
1,400.00,249,655.95,158.90,0.00
1,400.00,250,652.34,426.09,5.57
1,400.00,251,197.39,506.67,0.00
1,400.00,252,855.91,917.63,19.34
1,400.00,253,706.53,921.22,0.00
1,400.00,254,486.30,512.25,24.75
1,400.00,255,296.11,841.39,0.00
1,400.00,256,614.22,564.23,9.19
1,400.00,257,571.91,424.20,9.86
1,400.00,258,892.10,599.36,7.18
1,400.00,259,599.83,241.11,12.71
1,400.00,260,848.66,379.74,9.03
1,400.00,261,703.00,614.89,12.51
1,400.00,262,356.50,574.59,20.12
1,400.00,263,406.01,427.22,7.19
1,400.00,264,507.50,231.41,11.14
1,400.00,265,433.47,901.77,21.53
1,400.00,266,204.36,344.35,5.84
1,400.00,267,608.90,707.52,5.39
1,400.00,268,669.91,266.14,19.80
1,400.00,269,477.11,200.99,17.32
1,400.00,270,383.40,176.70,6.67
1,400.00,271,907.21,755.56,0.00
1,400.00,272,325.65,971.06,6.73
1,400.00,273,342.05,609.08,7.09
1,400.00,274,490.34,490.07,13.36
1,400.00,275,94.21,811.98,19.07
1,400.00,276,95.92,946.36,0.00
1,400.00,277,78.62,373.50,22.13
1,400.00,278,301.88,429.40,8.75
1,400.00,279,405.07,564.19,14.17
1,400.00,280,96.69,585.53,22.25
1,400.00,281,554.38,499.69,0.00
1,400.00,282,616.92,704.84,22.54
1,400.00,283,784.86,984.70,0.00
1,400.00,284,187.18,389.88,10.94
1,400.00,285,156.31,320.57,6.79
1,400.00,286,203.14,102.72,9.16
1,400.00,287,535.10,512.91,11.22
1,400.00,288,683.15,142.98,7.66
1,400.00,289,535.88,988.41,7.68
1,400.00,290,516.76,459.03,14.57
1,400.00,291,395.17,739.07,12.88
1,400.00,292,917.00,338.80,5.96
1,400.00,293,645.33,632.50,0.00
1,400.00,294,570.61,601.35,5.78
1,400.00,295,300.11,433.76,9.58
1,400.00,296,785.24,939.84,0.00
1,400.00,297,926.86,806.36,0.00
1,400.00,298,918.56,557.62,0.00
1,400.00,299,180.77,137.56,6.31
1,410.00,0,322.12,854.75,10.65
1,410.00,1,332.50,206.87,5.44
1,410.00,2,333.68,753.28,9.20
1,410.00,3,218.21,155.40,7.11
1,410.00,4,641.30,132.13,0.00
1,410.00,5,591.35,884.14,0.00
1,410.00,6,991.66,357.74,0.00
1,410.00,7,406.07,378.35,0.00
1,410.00,8,138.77,344.33,9.80
1,410.00,9,183.61,175.02,0.00
1,410.00,10,83.45,542.52,8.47
1,410.00,11,632.27,644.54,8.85
1,410.00,12,900.89,385.09,11.20
1,410.00,13,630.71,478.96,6.48
1,410.00,14,785.06,795.20,0.00
1,410.00,15,411.23,645.92,19.82
1,410.00,16,813.06,65.81,0.00
1,410.00,17,717.85,865.62,10.25
1,410.00,18,393.44,872.82,18.33
1,410.00,19,147.95,842.38,16.75
1,410.00,20,49.58,101.95,6.89
1,410.00,21,34.75,443.49,0.00
1,410.00,22,335.29,404.48,23.95
1,410.00,23,626.06,377.97,21.74
1,410.00,24,701.64,564.85,5.77
1,410.00,25,76.06,711.40,9.27
1,410.00,26,348.72,713.61,16.06
1,410.00,27,623.50,665.26,16.17
1,410.00,28,51.15,480.60,21.18
1,410.00,29,500.34,687.65,13.13
1,410.00,30,105.28,268.15,0.00
1,410.00,31,351.99,242.01,8.34
1,410.00,32,668.02,355.20,22.49
1,410.00,33,231.74,546.85,7.27
1,410.00,34,781.10,168.32,6.14
1,410.00,35,510.77,712.92,17.72
1,410.00,36,834.18,699.34,0.00
1,410.00,37,927.98,768.03,21.07
1,410.00,38,716.44,494.77,8.63
1,410.00,39,418.29,211.83,10.86
1,410.00,40,677.06,11.88,0.00
1,410.00,41,118.61,469.63,6.93
1,410.00,42,88.16,251.67,0.00
1,410.00,43,487.96,902.74,5.02
1,410.00,44,633.12,103.11,6.72
1,410.00,45,404.05,477.21,22.10
1,410.00,46,370.42,705.45,0.00
1,410.00,47,717.04,92.16,0.00
1,410.00,48,813.31,196.57,6.54
1,410.00,49,620.10,286.37,19.94
1,410.00,50,849.24,161.17,11.63
1,410.00,51,692.59,852.25,6.49
1,410.00,52,393.22,886.05,8.85
1,410.00,53,278.77,819.39,24.16
1,410.00,54,410.58,781.49,20.91
1,410.00,55,381.97,772.88,10.56
1,410.00,56,243.71,512.77,10.47
1,410.00,57,857.16,219.90,7.54
1,410.00,58,808.48,312.02,13.18
1,410.00,59,422.34,797.03,7.09
1,410.00,60,742.60,348.19,18.91
1,410.00,61,308.67,571.41,6.50
1,410.00,62,113.48,181.32,0.00
1,410.00,63,880.42,830.03,0.00
1,410.00,64,631.49,854.66,19.02
1,410.00,65,580.31,566.05,23.83
1,410.00,66,504.45,609.51,24.42
1,410.00,67,353.59,336.26,0.00
1,410.00,68,599.62,325.67,7.32
1,410.00,69,604.84,496.16,6.00
1,410.00,70,447.48,584.19,8.17
1,410.00,71,334.97,788.40,8.86
1,410.00,72,954.05,342.68,0.00
1,410.00,73,591.83,908.33,17.24
1,410.00,74,743.86,372.17,5.27
1,410.00,75,871.17,645.68,11.85
1,410.00,76,291.11,914.60,5.60
1,410.00,77,499.54,301.54,5.20
1,410.00,78,706.60,327.83,0.00
1,410.00,79,936.09,627.29,9.41
1,410.00,80,482.91,524.52,11.49
1,410.00,81,331.95,57.70,6.92
1,410.00,82,667.75,696.79,8.18
1,410.00,83,766.85,789.85,8.17
1,410.00,84,409.61,267.30,8.51
1,410.00,85,51.80,352.73,7.97
1,410.00,86,80.32,153.21,8.07
1,410.00,87,682.15,671.31,24.67
1,410.00,88,381.93,157.61,10.84
1,410.00,89,814.30,304.95,21.68
1,410.00,90,906.18,499.44,23.81
1,410.00,91,512.05,776.09,13.20
1,410.00,92,560.42,589.42,0.00
1,410.00,93,652.61,304.02,20.89
1,410.00,94,653.65,137.62,22.35
1,410.00,95,849.14,662.53,8.24
1,410.00,96,643.66,239.31,8.46
1,410.00,97,880.02,591.40,10.07
1,410.00,98,844.04,536.84,8.08
1,410.00,99,219.68,351.45,9.25
1,410.00,100,277.07,600.77,5.58
1,410.00,101,227.38,968.43,5.61
1,410.00,102,601.67,605.33,9.01
1,410.00,103,663.86,473.74,10.42
1,410.00,104,239.65,520.05,0.00
1,410.00,105,464.37,50.39,0.00
1,410.00,106,720.92,205.73,18.03
1,410.00,107,292.36,526.90,6.36
1,410.00,108,804.56,981.90,0.00
1,410.00,109,422.67,503.80,0.00
1,410.00,110,530.35,674.63,18.31
1,410.00,111,891.63,707.12,13.57
1,410.00,112,235.14,571.26,8.99
1,410.00,113,912.21,296.31,0.00
1,410.00,114,533.03,246.64,9.62
1,410.00,115,252.04,676.13,8.09
1,410.00,116,792.91,503.33,9.55
1,410.00,117,51.03,658.63,0.00
1,410.00,118,531.77,718.39,17.31
1,410.00,119,323.92,638.92,7.64
1,410.00,120,754.40,44.20,5.85
1,410.00,121,734.33,918.75,9.42
1,410.00,122,789.04,455.36,6.63
1,410.00,123,237.19,783.50,22.79
1,410.00,124,586.90,587.16,24.62
1,410.00,125,219.74,217.06,11.28
1,410.00,126,438.37,192.74,0.00
1,410.00,127,391.78,425.06,18.35
1,410.00,128,114.63,697.31,0.00
1,410.00,129,715.20,351.71,9.87
1,410.00,130,223.68,622.63,0.00
1,410.00,131,475.29,416.70,12.16
1,410.00,132,479.67,841.50,11.07
1,410.00,133,270.01,522.94,20.69
1,410.00,134,426.61,195.45,8.28
1,410.00,135,746.35,347.18,0.00
1,410.00,136,675.75,177.16,8.74
1,410.00,137,716.60,712.36,19.98
1,410.00,138,22.69,3.56,0.00
1,410.00,139,455.00,396.51,13.91
1,410.00,140,662.81,163.94,11.70
1,410.00,141,215.77,145.69,6.73
1,410.00,142,731.40,371.76,14.96
1,410.00,143,255.33,687.88,0.00
1,410.00,144,471.15,351.22,12.41
1,410.00,145,487.71,212.68,10.66
1,410.00,146,541.01,313.99,15.52
1,410.00,147,127.90,359.80,0.00
1,410.00,148,570.72,427.72,22.64
1,410.00,149,146.03,753.24,12.08
1,410.00,150,158.01,976.30,6.85
1,410.00,151,531.88,51.90,21.52
1,410.00,152,6.83,33.39,0.00
1,410.00,153,458.76,711.25,9.36
1,410.00,154,565.34,459.69,11.49
1,410.00,155,854.96,855.74,14.67
1,410.00,156,600.51,533.47,0.00
1,410.00,157,699.99,871.38,0.00
1,410.00,158,48.77,880.11,0.00
1,410.00,159,235.80,426.41,11.20
1,410.00,160,236.93,532.31,17.90
1,410.00,161,912.64,148.26,7.50
1,410.00,162,653.92,125.62,20.82
1,410.00,163,98.56,819.96,0.00
1,410.00,164,793.40,835.64,7.41
1,410.00,165,549.59,967.10,0.00
1,410.00,166,682.03,282.27,14.67
1,410.00,167,654.06,293.92,7.80
1,410.00,168,691.37,416.11,10.42
1,410.00,169,319.58,575.22,8.87
1,410.00,170,479.82,149.67,16.96
1,410.00,171,775.51,934.83,7.36
1,410.00,172,243.99,463.55,15.73
1,410.00,173,398.26,834.16,0.00
1,410.00,174,684.52,139.35,16.71
1,410.00,175,384.76,897.72,14.85
1,410.00,176,824.55,184.15,8.64
1,410.00,177,467.95,510.86,0.00
1,410.00,178,125.49,632.80,0.00
1,410.00,179,602.60,442.18,16.78
1,410.00,180,899.90,570.96,0.00
1,410.00,181,618.50,984.36,0.00
1,410.00,182,288.54,188.40,8.65
1,410.00,183,383.50,951.45,7.91
1,410.00,184,343.02,396.01,5.26
1,410.00,185,313.55,918.02,11.81
1,410.00,186,191.48,388.39,6.33
1,410.00,187,110.82,306.91,0.00
1,410.00,188,239.54,569.29,15.79
1,410.00,189,551.62,151.15,9.91
1,410.00,190,439.52,619.47,9.47
1,410.00,191,777.76,396.05,8.43
1,410.00,192,9.61,521.21,21.47
1,410.00,193,532.38,477.59,8.20
1,410.00,194,708.07,488.24,14.25
1,410.00,195,480.71,565.29,9.33
1,410.00,196,816.39,412.58,13.36
1,410.00,197,987.40,622.70,0.00
1,410.00,198,573.44,157.27,12.27
1,410.00,199,119.76,749.15,11.06
1,410.00,200,537.12,793.00,0.00
1,410.00,201,839.77,704.18,9.99
1,410.00,202,85.82,539.30,15.76
1,410.00,203,424.47,703.30,8.48
1,410.00,204,498.06,735.26,14.38
1,410.00,205,321.15,581.61,0.00
1,410.00,206,458.35,874.35,15.41
1,410.00,207,523.36,273.71,17.33
1,410.00,208,97.27,496.50,5.93
1,410.00,209,546.10,433.19,6.80
1,410.00,210,349.28,420.69,22.45
1,410.00,211,461.67,793.28,7.99
1,410.00,212,307.68,411.38,0.00
1,410.00,213,588.80,429.54,7.15
1,410.00,214,799.29,543.93,0.00
1,410.00,215,251.85,643.77,20.78
1,410.00,216,410.12,324.09,0.00
1,410.00,217,429.69,548.60,0.00
1,410.00,218,682.07,421.06,10.52
1,410.00,219,779.09,656.91,23.35
1,410.00,220,656.23,474.14,22.38
1,410.00,221,478.75,616.39,7.08
1,410.00,222,670.64,234.96,6.62
1,410.00,223,306.56,359.29,0.00
1,410.00,224,682.54,983.74,5.39
1,410.00,225,79.12,627.92,17.59
1,410.00,226,235.28,988.43,0.00
1,410.00,227,355.36,474.14,5.44
1,410.00,228,590.79,135.83,20.92
1,410.00,229,148.43,554.12,0.00
1,410.00,230,34.18,776.47,7.02
1,410.00,231,600.96,568.99,12.03
1,410.00,232,625.06,703.45,11.96
1,410.00,233,828.83,716.46,15.78
1,410.00,234,707.05,393.79,7.19
1,410.00,235,336.22,394.65,5.05
1,410.00,236,535.67,265.71,11.78
1,410.00,237,767.59,463.56,5.39
1,410.00,238,224.99,838.25,0.00
1,410.00,239,20.67,889.60,12.16
1,410.00,240,519.66,508.77,5.82
1,410.00,241,644.81,529.68,7.62
1,410.00,242,805.06,53.15,0.00
1,410.00,243,242.47,281.18,21.87
1,410.00,244,696.32,672.38,24.10
1,410.00,245,119.28,77.35,0.00
1,410.00,246,745.87,695.04,10.53
1,410.00,247,437.03,450.99,18.88
1,410.00,248,833.26,825.39,9.51
1,410.00,249,530.00,298.07,18.79
1,410.00,250,608.11,460.02,5.57
1,410.00,251,268.55,517.53,7.49
1,410.00,252,662.53,922.56,19.34
1,410.00,253,648.69,813.56,15.75
1,410.00,254,406.80,746.68,24.75
1,410.00,255,271.47,837.21,8.11
1,410.00,256,704.48,581.26,9.19
1,410.00,257,664.79,391.08,9.86
1,410.00,258,849.69,541.41,7.18
1,410.00,259,671.51,285.97,0.00
1,410.00,260,894.80,385.84,0.00
1,410.00,261,631.23,512.45,12.51
1,410.00,262,442.47,756.54,20.12
1,410.00,263,354.46,377.09,7.19
1,410.00,264,605.07,177.70,11.14
1,410.00,265,560.95,728.26,21.53
1,410.00,266,159.00,307.52,5.84
1,410.00,267,645.60,746.98,5.39
1,410.00,268,491.99,353.07,19.80
1,410.00,269,508.97,371.27,17.32
1,410.00,270,446.12,199.27,6.67
1,410.00,271,781.66,798.30,16.95
1,410.00,272,331.91,977.22,0.00
1,410.00,273,275.91,634.64,7.09
1,410.00,274,413.32,380.86,13.36
1,410.00,275,66.41,825.00,0.00
1,410.00,276,121.14,835.18,18.50
1,410.00,277,51.81,593.14,22.13
1,410.00,278,293.88,342.23,8.75
1,410.00,279,468.01,691.12,14.17
1,410.00,280,65.53,805.81,22.25
1,410.00,281,557.98,490.53,10.69
1,410.00,282,402.28,636.00,22.54
1,410.00,283,768.56,948.45,11.35
1,410.00,284,89.90,439.84,10.94
1,410.00,285,153.52,375.39,0.00
1,410.00,286,281.64,149.83,9.16
1,410.00,287,587.85,413.90,11.22
1,410.00,288,606.57,140.07,7.66
1,410.00,289,540.31,998.10,0.00
1,410.00,290,591.33,333.88,14.57
1,410.00,291,445.50,620.51,12.88
1,410.00,292,960.63,298.16,5.96
1,410.00,293,659.50,739.38,20.88
1,410.00,294,603.99,588.85,0.00
1,410.00,295,286.41,528.61,9.58
1,410.00,296,825.54,938.23,11.37
1,410.00,297,865.64,738.90,9.19
1,410.00,298,925.33,509.61,24.38
1,410.00,299,185.18,200.47,6.31
1,420.00,0,323.19,748.30,10.65
1,420.00,1,379.50,179.43,5.44
1,420.00,2,300.08,775.49,0.00
1,420.00,3,210.45,100.39,0.00
1,420.00,4,729.69,271.29,16.57
1,420.00,5,594.71,751.99,19.86
1,420.00,6,916.16,159.07,22.24
1,420.00,7,377.20,384.96,5.41
1,420.00,8,179.15,433.66,9.80
1,420.00,9,179.71,186.69,13.16
1,420.00,10,163.13,513.73,8.47
1,420.00,11,703.42,697.23,8.85
1,420.00,12,928.74,493.61,11.20
1,420.00,13,579.06,518.10,6.48
1,420.00,14,769.08,769.89,7.20
1,420.00,15,510.43,817.57,19.82
1,420.00,16,837.48,202.30,17.88
1,420.00,17,768.53,953.31,0.00
1,420.00,18,540.82,763.91,18.33
1,420.00,19,261.73,898.99,0.00
1,420.00,20,107.40,139.44,6.89
1,420.00,21,47.53,439.62,5.08
1,420.00,22,471.54,601.44,23.95
1,420.00,23,825.50,464.37,21.74
1,420.00,24,684.19,619.88,5.77
1,420.00,25,163.01,679.35,9.27
1,420.00,26,508.61,698.00,16.06
1,420.00,27,567.72,817.00,16.17
1,420.00,28,9.27,586.56,0.00
1,420.00,29,372.85,719.00,13.13
1,420.00,30,96.13,376.34,12.22
1,420.00,31,402.18,175.37,8.34
1,420.00,32,729.75,393.98,0.00
1,420.00,33,302.80,562.15,7.27
1,420.00,34,787.23,160.53,0.00
1,420.00,35,580.92,875.68,17.72
1,420.00,36,685.87,686.36,17.42
1,420.00,37,947.00,731.40,0.00
1,420.00,38,671.71,568.59,8.63
1,420.00,39,389.67,209.24,0.00
1,420.00,40,667.85,22.73,24.22
1,420.00,41,146.62,532.97,6.93
1,420.00,42,111.76,239.35,14.37
1,420.00,43,454.32,865.46,5.02
1,420.00,44,565.94,101.98,6.72
1,420.00,45,231.51,339.14,22.10
1,420.00,46,371.96,704.81,11.74
1,420.00,47,648.47,144.15,16.02
1,420.00,48,763.66,239.13,6.54
1,420.00,49,421.83,307.82,19.94
1,420.00,50,858.71,277.06,11.63
1,420.00,51,644.30,808.96,6.49
1,420.00,52,363.71,802.65,8.85
1,420.00,53,449.71,648.62,24.16
1,420.00,54,615.26,824.15,20.91
1,420.00,55,386.08,774.07,0.00
1,420.00,56,239.38,551.70,0.00
1,420.00,57,850.27,161.05,0.00
1,420.00,58,691.19,372.07,13.18
1,420.00,59,488.73,772.00,7.09
1,420.00,60,755.50,536.83,18.91
1,420.00,61,257.41,531.44,6.50
1,420.00,62,158.59,174.55,7.27
1,420.00,63,780.82,632.75,23.63
1,420.00,64,714.81,931.77,0.00
1,420.00,65,446.05,762.97,23.83
1,420.00,66,625.06,605.35,0.00
1,420.00,67,364.10,354.04,7.30
1,420.00,68,657.46,280.88,7.32
1,420.00,69,659.39,521.10,6.00
1,420.00,70,416.97,508.36,8.17
1,420.00,71,419.87,813.63,8.86
1,420.00,72,888.61,321.70,8.94
1,420.00,73,648.41,962.90,0.00
1,420.00,74,786.89,341.80,5.27
1,420.00,75,814.16,749.59,11.85
1,420.00,76,296.76,858.84,5.60
1,420.00,77,478.11,348.94,5.20
1,420.00,78,706.58,330.91,9.27
1,420.00,79,946.63,720.77,9.41
1,420.00,80,595.78,546.02,11.49
1,420.00,81,373.40,63.36,0.00
1,420.00,82,601.26,649.17,8.18
1,420.00,83,741.66,867.52,8.17
1,420.00,84,457.67,197.13,8.51
1,420.00,85,22.46,353.94,0.00
1,420.00,86,69.78,151.81,0.00
1,420.00,87,437.25,701.16,24.67
1,420.00,88,489.62,169.84,10.84
1,420.00,89,671.09,142.20,21.68
1,420.00,90,884.05,419.98,0.00
1,420.00,91,507.44,780.48,0.00
1,420.00,92,520.61,562.48,8.87
1,420.00,93,497.41,443.79,20.89
1,420.00,94,611.99,44.85,0.00
1,420.00,95,861.71,581.09,8.24
1,420.00,96,663.72,321.49,8.46
1,420.00,97,783.32,563.43,10.07
1,420.00,98,863.03,573.65,0.00
1,420.00,99,291.37,409.95,9.25
1,420.00,100,317.68,639.04,5.58
1,420.00,101,171.68,975.12,5.61
1,420.00,102,653.83,531.81,9.01
1,420.00,103,730.50,393.68,10.42
1,420.00,104,319.61,522.96,18.34
1,420.00,105,544.30,99.23,14.00
1,420.00,106,894.02,256.17,18.03
1,420.00,107,236.36,557.07,6.36
1,420.00,108,801.25,866.84,22.21
1,420.00,109,466.11,540.83,8.16
1,420.00,110,669.24,793.90,18.31
1,420.00,111,757.08,724.63,13.57
1,420.00,112,161.33,622.64,8.99
1,420.00,113,806.00,319.67,12.26
1,420.00,114,539.61,342.60,9.62
1,420.00,115,173.23,658.00,8.09
1,420.00,116,804.45,598.13,9.55
1,420.00,117,54.64,639.99,10.37
1,420.00,118,519.08,746.50,0.00
1,420.00,119,381.77,588.95,7.64
1,420.00,120,699.82,65.19,5.85
1,420.00,121,640.16,920.41,9.42
1,420.00,122,824.74,399.51,6.63
1,420.00,123,75.19,871.70,0.00
1,420.00,124,354.42,506.19,24.62
1,420.00,125,203.33,105.42,11.28
1,420.00,126,436.70,210.22,12.14
1,420.00,127,267.52,560.04,18.35
1,420.00,128,106.32,820.48,23.79
1,420.00,129,795.95,408.50,9.87
1,420.00,130,180.49,505.00,19.92
1,420.00,131,395.04,325.33,12.16
1,420.00,132,531.21,743.57,11.07
1,420.00,133,411.25,674.08,20.69
1,420.00,134,355.02,237.04,8.28
1,420.00,135,708.79,242.50,23.54
1,420.00,136,588.41,174.41,8.74
1,420.00,137,838.54,679.23,0.00
1,420.00,138,24.97,8.76,22.24
1,420.00,139,593.67,385.29,13.91
1,420.00,140,568.05,95.27,11.70
1,420.00,141,172.34,94.23,6.73
1,420.00,142,879.37,349.62,14.96
1,420.00,143,251.95,673.67,8.02
1,420.00,144,536.78,284.99,0.00
1,420.00,145,594.12,205.72,10.66
1,420.00,146,406.77,391.83,15.52
1,420.00,147,103.25,494.59,21.90
1,420.00,148,678.45,626.82,22.64
1,420.00,149,180.31,701.35,0.00
1,420.00,150,142.26,996.26,0.00
1,420.00,151,507.25,265.73,21.52
1,420.00,152,26.52,191.16,21.92
1,420.00,153,375.26,753.52,9.36
1,420.00,154,494.77,488.79,0.00
1,420.00,155,884.15,959.61,0.00
1,420.00,156,560.88,569.28,12.32
1,420.00,157,661.31,878.23,6.70
1,420.00,158,167.50,819.26,24.71
1,420.00,159,176.00,355.54,0.00
1,420.00,160,405.23,593.24,17.90
1,420.00,161,839.31,163.99,7.50
1,420.00,162,540.96,71.32,0.00
1,420.00,163,279.16,858.60,19.14
1,420.00,164,748.29,776.86,7.41
1,420.00,165,547.34,888.28,23.71
1,420.00,166,777.64,171.06,14.67
1,420.00,167,687.51,223.41,7.80
1,420.00,168,673.93,439.33,0.00
1,420.00,169,374.35,565.40,0.00
1,420.00,170,451.54,154.11,0.00
1,420.00,171,817.45,982.32,0.00
1,420.00,172,380.87,386.01,15.73
1,420.00,173,411.37,787.69,8.91
1,420.00,174,660.29,107.80,0.00
1,420.00,175,282.38,790.21,14.85
1,420.00,176,768.30,249.66,8.64
1,420.00,177,530.14,316.95,24.84
1,420.00,178,114.80,574.31,10.08
1,420.00,179,770.31,436.70,16.78
1,420.00,180,850.33,520.19,18.77
1,420.00,181,600.32,966.71,6.45
1,420.00,182,286.80,182.85,0.00
1,420.00,183,395.59,951.60,0.00
1,420.00,184,293.97,414.90,5.26
1,420.00,185,200.25,951.19,11.81
1,420.00,186,189.65,325.13,6.33
1,420.00,187,136.82,377.80,20.89
1,420.00,188,121.18,673.83,15.79
1,420.00,189,482.86,79.82,9.91
1,420.00,190,363.20,675.55,9.47
1,420.00,191,758.16,478.02,8.43
1,420.00,192,2.21,507.78,0.00
1,420.00,193,610.62,453.05,8.20
1,420.00,194,821.63,402.19,14.25
1,420.00,195,536.60,639.96,9.33
1,420.00,196,746.56,526.50,13.36
1,420.00,197,945.10,619.85,14.69
1,420.00,198,630.72,265.74,12.27
1,420.00,199,207.01,681.24,11.06
1,420.00,200,537.33,789.27,10.38
1,420.00,201,754.79,756.79,9.99
1,420.00,202,240.06,571.74,15.76
1,420.00,203,367.78,640.28,8.48
1,420.00,204,578.01,854.77,14.38
1,420.00,205,320.24,584.83,23.64
1,420.00,206,612.00,862.60,15.41
1,420.00,207,693.60,305.96,17.33
1,420.00,208,93.51,555.66,5.93
1,420.00,209,480.68,414.79,6.80
1,420.00,210,155.15,533.51,22.45
1,420.00,211,497.17,721.67,7.99
1,420.00,212,439.77,485.30,23.93
1,420.00,213,633.51,485.32,7.15
1,420.00,214,697.13,604.26,19.88
1,420.00,215,356.90,722.88,0.00
1,420.00,216,523.46,421.61,21.26
1,420.00,217,413.82,573.11,5.81
1,420.00,218,583.18,385.33,10.52
1,420.00,219,668.19,547.40,0.00
1,420.00,220,786.24,656.34,22.38
1,420.00,221,548.21,602.91,7.08
1,420.00,222,606.86,217.34,6.62
1,420.00,223,230.95,370.89,10.18
1,420.00,224,718.96,969.98,0.00
1,420.00,225,53.22,636.41,0.00
1,420.00,226,299.39,945.28,11.16
1,420.00,227,305.44,452.53,5.44
1,420.00,228,738.26,22.69,0.00
1,420.00,229,156.13,560.82,8.10
1,420.00,230,30.26,846.54,7.02
1,420.00,231,608.75,590.94,0.00
1,420.00,232,508.17,728.55,11.96
1,420.00,233,864.11,870.24,15.78
1,420.00,234,666.94,453.41,7.19
1,420.00,235,350.21,346.08,5.05
1,420.00,236,450.23,184.62,11.78
1,420.00,237,769.24,517.43,5.39
1,420.00,238,242.93,962.87,15.35
1,420.00,239,140.75,870.31,12.16
1,420.00,240,462.01,501.15,5.82
1,420.00,241,625.57,491.07,0.00
1,420.00,242,705.37,112.63,17.39
1,420.00,243,78.57,156.31,0.00
1,420.00,244,512.65,516.29,24.10
1,420.00,245,153.54,100.12,19.34
1,420.00,246,658.30,636.52,10.53
1,420.00,247,535.65,611.93,18.88
1,420.00,248,928.29,823.41,9.51
1,420.00,249,403.92,437.37,18.79
1,420.00,250,563.89,493.95,5.57
1,420.00,251,342.63,528.84,7.49
1,420.00,252,610.91,923.87,0.00
1,420.00,253,574.16,674.82,15.75
1,420.00,254,358.56,888.93,0.00
1,420.00,255,191.51,823.67,8.11
1,420.00,256,733.68,586.77,0.00
1,420.00,257,669.30,389.48,0.00
1,420.00,258,807.28,483.45,7.18
1,420.00,259,637.91,287.36,10.05
1,420.00,260,813.51,317.32,21.95
1,420.00,261,559.46,410.01,12.51
1,420.00,262,528.43,938.49,20.12
1,420.00,263,302.91,326.97,7.19
1,420.00,264,702.64,123.99,11.14
1,420.00,265,671.98,577.14,0.00
1,420.00,266,113.64,270.68,5.84
1,420.00,267,682.30,786.43,5.39
1,420.00,268,325.59,434.37,0.00
1,420.00,269,531.60,492.27,0.00
1,420.00,270,508.85,221.85,6.67
1,420.00,271,664.22,838.28,0.00
1,420.00,272,451.77,886.21,17.31
1,420.00,273,209.77,660.21,7.09
1,420.00,274,336.31,271.65,13.36
1,420.00,275,248.65,748.77,23.55
1,420.00,276,162.05,654.78,18.50
1,420.00,277,45.47,645.09,0.00
1,420.00,278,285.88,255.06,8.75
1,420.00,279,490.96,737.41,0.00
1,420.00,280,58.88,852.82,0.00
1,420.00,281,573.80,450.21,0.00
1,420.00,282,231.78,581.32,0.00
1,420.00,283,722.02,844.97,11.35
1,420.00,284,82.70,443.54,0.00
1,420.00,285,172.12,393.77,13.66
1,420.00,286,360.14,196.95,9.16
1,420.00,287,640.60,314.89,11.22
1,420.00,288,587.45,139.34,0.00
1,420.00,289,558.59,871.05,14.90
1,420.00,290,665.90,208.72,14.57
1,420.00,291,457.07,593.26,0.00
1,420.00,292,988.75,271.97,0.00
1,420.00,293,686.95,946.38,20.88
1,420.00,294,637.15,534.93,16.50
1,420.00,295,272.71,623.47,9.58
1,420.00,296,853.60,937.11,0.00
1,420.00,297,803.87,670.84,9.19
1,420.00,298,959.39,268.16,24.38
1,420.00,299,189.58,263.38,6.31
1,430.00,0,324.26,641.85,10.65
1,430.00,1,426.49,151.98,5.44
1,430.00,2,348.21,689.72,17.50
1,430.00,3,219.69,145.34,20.97
1,430.00,4,818.55,411.19,16.57
1,430.00,5,598.60,598.83,0.00
1,430.00,6,856.55,2.23,0.00
1,430.00,7,324.45,397.03,5.41
1,430.00,8,219.52,523.00,9.80
1,430.00,9,137.99,311.46,13.16
1,430.00,10,242.81,484.94,8.47
1,430.00,11,774.56,749.92,8.85
1,430.00,12,942.23,546.17,0.00
1,430.00,13,527.41,557.24,6.48
1,430.00,14,730.64,709.00,7.20
1,430.00,15,513.62,823.09,0.00
1,430.00,16,868.97,378.31,17.88
1,430.00,17,767.04,951.73,17.85
1,430.00,18,685.70,656.84,0.00
1,430.00,19,248.32,886.44,7.61
1,430.00,20,165.22,176.94,6.89
1,430.00,21,96.17,424.92,5.08
1,430.00,22,582.82,762.30,0.00
1,430.00,23,835.61,468.74,0.00
1,430.00,24,666.74,674.91,5.77
1,430.00,25,249.97,647.29,9.27
1,430.00,26,668.50,682.40,16.06
1,430.00,27,556.27,848.14,0.00
1,430.00,28,114.48,589.40,22.78
1,430.00,29,261.64,746.34,0.00
1,430.00,30,85.83,498.12,12.22
1,430.00,31,452.36,108.73,8.34
1,430.00,32,793.08,441.76,11.74
1,430.00,33,373.85,577.44,7.27
1,430.00,34,625.75,142.83,19.37
1,430.00,35,620.41,967.28,0.00
1,430.00,36,512.29,671.18,17.42
1,430.00,37,908.71,690.98,6.92
1,430.00,38,626.97,642.41,8.63
1,430.00,39,441.63,263.62,10.23
1,430.00,40,511.17,207.42,24.22
1,430.00,41,174.64,596.31,6.93
1,430.00,42,239.12,172.81,14.37
1,430.00,43,420.68,828.18,5.02
1,430.00,44,498.76,100.86,6.72
1,430.00,45,101.89,235.41,0.00
1,430.00,46,480.26,659.43,11.74
1,430.00,47,520.82,240.91,16.02
1,430.00,48,714.01,281.69,6.54
1,430.00,49,223.57,329.26,19.94
1,430.00,50,868.18,392.96,11.63
1,430.00,51,596.01,765.67,6.49
1,430.00,52,334.21,719.25,8.85
1,430.00,53,620.64,477.86,24.16
1,430.00,54,687.60,839.22,0.00
1,430.00,55,389.33,842.45,7.13
1,430.00,56,240.68,423.50,20.48
1,430.00,57,847.27,199.41,17.97
1,430.00,58,573.89,432.11,13.18
1,430.00,59,555.11,746.96,7.09
1,430.00,60,768.39,725.46,18.91
1,430.00,61,206.15,491.47,6.50
1,430.00,62,230.48,163.77,7.27
1,430.00,63,674.33,421.82,23.63
1,430.00,64,667.58,907.73,13.15
1,430.00,65,438.75,773.67,0.00
1,430.00,66,579.84,632.07,10.38
1,430.00,67,401.25,416.86,7.30
1,430.00,68,715.31,236.09,7.32
1,430.00,69,713.94,546.04,6.00
1,430.00,70,386.46,432.53,8.17
1,430.00,71,504.78,838.86,8.86
1,430.00,72,803.47,294.40,8.94
1,430.00,73,684.59,883.34,16.07
1,430.00,74,829.92,311.42,5.27
1,430.00,75,772.40,825.69,0.00
1,430.00,76,302.40,803.09,5.60
1,430.00,77,456.67,396.35,5.20
1,430.00,78,706.08,423.61,9.27
1,430.00,79,957.17,814.25,9.41
1,430.00,80,708.64,567.52,11.49
1,430.00,81,362.39,140.49,19.68
1,430.00,82,534.76,601.55,8.18
1,430.00,83,716.47,945.19,8.17
1,430.00,84,505.73,126.96,8.51
1,430.00,85,103.04,349.29,12.78
1,430.00,86,168.52,277.33,18.39
1,430.00,87,192.35,731.02,24.67
1,430.00,88,597.30,182.07,10.84
1,430.00,89,557.09,12.65,0.00
1,430.00,90,863.95,540.52,18.70
1,430.00,91,437.13,652.84,15.31
1,430.00,92,447.19,512.79,8.87
1,430.00,93,342.21,583.55,20.89
1,430.00,94,532.59,113.97,19.31
1,430.00,95,874.29,499.64,8.24
1,430.00,96,683.78,403.66,8.46
1,430.00,97,686.63,535.46,10.07
1,430.00,98,836.11,507.44,14.66
1,430.00,99,363.06,468.44,9.25
1,430.00,100,358.29,677.31,5.58
1,430.00,101,115.99,981.80,5.61
1,430.00,102,706.00,458.29,9.01
1,430.00,103,797.14,313.62,10.42
1,430.00,104,502.88,529.64,18.34
1,430.00,105,663.75,172.21,14.00
1,430.00,106,925.85,265.44,0.00
1,430.00,107,180.36,587.24,6.36
1,430.00,108,794.88,644.82,22.21
1,430.00,109,528.21,593.78,8.16
1,430.00,110,788.22,896.08,0.00
1,430.00,111,622.52,742.14,13.57
1,430.00,112,143.96,634.74,0.00
1,430.00,113,686.27,346.01,12.26
1,430.00,114,546.19,438.56,9.62
1,430.00,115,94.41,639.87,8.09
1,430.00,116,815.99,692.92,9.55
1,430.00,117,74.38,538.14,10.37
1,430.00,118,527.08,833.98,10.69
1,430.00,119,439.63,538.97,7.64
1,430.00,120,645.25,86.18,5.85
1,430.00,121,545.98,922.07,9.42
1,430.00,122,860.44,343.66,6.63
1,430.00,123,69.08,849.87,11.91
1,430.00,124,303.11,488.32,0.00
1,430.00,125,194.49,45.24,0.00
1,430.00,126,425.19,331.10,12.14
1,430.00,127,143.26,695.02,18.35
1,430.00,128,100.91,900.67,0.00
1,430.00,129,876.70,465.29,9.87
1,430.00,130,111.84,318.05,19.92
1,430.00,131,314.78,233.96,12.16
1,430.00,132,582.75,645.63,11.07
1,430.00,133,552.49,825.22,20.69
1,430.00,134,283.42,278.63,8.28
1,430.00,135,686.81,181.25,0.00
1,430.00,136,501.06,171.67,8.74
1,430.00,137,803.07,668.96,10.05
1,430.00,138,114.14,212.45,22.24
1,430.00,139,732.34,374.08,13.91
1,430.00,140,473.29,26.60,11.70
1,430.00,141,128.90,42.76,6.73
1,430.00,142,960.01,337.56,0.00
1,430.00,143,233.38,595.65,8.02
1,430.00,144,550.22,328.18,18.20
1,430.00,145,675.27,200.42,0.00
1,430.00,146,272.53,469.67,15.52
1,430.00,147,63.87,709.97,21.90
1,430.00,148,786.18,825.92,22.64
1,430.00,149,238.89,676.95,13.08
1,430.00,150,239.33,982.98,15.58
1,430.00,151,482.63,479.57,21.52
1,430.00,152,53.66,408.66,21.92
1,430.00,153,291.76,795.79,9.36
1,430.00,154,428.78,456.66,21.87
1,430.00,155,876.19,934.19,10.06
1,430.00,156,469.45,651.90,12.32
1,430.00,157,595.37,889.90,6.70
1,430.00,158,387.38,706.57,24.71
1,430.00,159,202.01,371.22,17.68
1,430.00,160,573.54,654.18,17.90
1,430.00,161,765.98,179.71,7.50
1,430.00,162,555.00,89.60,5.79
1,430.00,163,414.23,887.50,0.00
1,430.00,164,703.19,718.07,7.41
1,430.00,165,540.57,651.30,23.71
1,430.00,166,873.25,59.85,14.67
1,430.00,167,720.96,152.91,7.80
1,430.00,168,788.61,534.74,20.69
1,430.00,169,392.93,496.22,19.23
1,430.00,170,389.14,252.17,13.98
1,430.00,171,812.41,975.83,5.88
1,430.00,172,517.76,308.47,15.73
1,430.00,173,435.56,701.97,8.91
1,430.00,174,667.26,237.34,17.02
1,430.00,175,180.00,682.70,14.85
1,430.00,176,712.05,315.18,8.64
1,430.00,177,531.41,313.00,0.00
1,430.00,178,96.69,475.19,10.08
1,430.00,179,808.40,435.46,0.00
1,430.00,180,719.23,385.90,18.77
1,430.00,181,554.05,921.78,6.45
1,430.00,182,466.47,126.48,20.19
1,430.00,183,439.86,878.78,10.06
1,430.00,184,244.91,433.79,5.26
1,430.00,185,103.63,979.47,0.00
1,430.00,186,187.82,261.87,6.33
1,430.00,187,208.78,573.91,20.89
1,430.00,188,100.70,691.92,0.00
1,430.00,189,426.21,21.07,0.00
1,430.00,190,286.88,731.62,9.47
1,430.00,191,738.55,559.98,8.43
1,430.00,192,79.93,375.60,16.51
1,430.00,193,688.86,428.51,8.20
1,430.00,194,935.18,316.13,14.25
1,430.00,195,592.48,714.62,9.33
1,430.00,196,676.72,640.42,13.36
1,430.00,197,798.48,609.96,14.69
1,430.00,198,688.00,374.21,12.27
1,430.00,199,277.85,626.11,0.00
1,430.00,200,543.00,685.61,10.38
1,430.00,201,669.81,809.40,9.99
1,430.00,202,394.30,604.18,15.76
1,430.00,203,311.09,577.26,8.48
1,430.00,204,611.30,904.52,0.00
1,430.00,205,256.84,808.69,0.00
1,430.00,206,765.66,850.85,15.41
1,430.00,207,722.09,311.35,0.00
1,430.00,208,89.75,614.83,5.93
1,430.00,209,415.25,396.38,6.80
1,430.00,210,3.45,621.67,0.00
1,430.00,211,532.68,650.07,7.99
1,430.00,212,525.46,533.25,0.00
1,430.00,213,678.21,541.10,7.15
1,430.00,214,525.97,705.35,19.88
1,430.00,215,348.06,680.81,11.71
1,430.00,216,684.58,560.26,21.26
1,430.00,217,382.24,621.85,5.81
1,430.00,218,484.28,349.59,10.52
1,430.00,219,658.51,533.60,5.07
1,430.00,220,904.83,822.52,0.00
1,430.00,221,617.68,589.44,7.08
1,430.00,222,543.09,199.72,6.62
1,430.00,223,160.49,381.71,0.00
1,430.00,224,719.35,934.45,12.81
1,430.00,225,179.42,649.07,15.01
1,430.00,226,391.98,882.96,11.16
1,430.00,227,255.52,430.92,5.44
1,430.00,228,727.92,38.43,16.88
1,430.00,229,217.18,614.01,8.10
1,430.00,230,28.48,878.14,0.00
1,430.00,231,540.42,574.04,8.73
1,430.00,232,391.28,753.66,11.96
1,430.00,233,875.07,917.97,0.00
1,430.00,234,626.84,513.04,7.19
1,430.00,235,364.19,297.51,5.05
1,430.00,236,408.55,145.07,0.00
1,430.00,237,770.89,571.29,5.39
1,430.00,238,246.50,987.72,0.00
1,430.00,239,260.82,851.02,12.16
1,430.00,240,404.36,493.54,5.82
1,430.00,241,636.56,531.18,9.59
1,430.00,242,556.02,201.75,17.39
1,430.00,243,78.66,166.85,18.16
1,430.00,244,328.98,360.20,24.10
1,430.00,245,314.56,207.17,19.34
1,430.00,246,570.72,578.00,10.53
1,430.00,247,569.51,667.19,0.00
1,430.00,248,949.68,822.96,0.00
1,430.00,249,314.36,536.34,0.00
1,430.00,250,519.66,527.88,5.57
1,430.00,251,416.72,540.15,7.49
1,430.00,252,634.64,842.82,11.52
1,430.00,253,499.62,536.07,15.75
1,430.00,254,329.19,821.25,18.76
1,430.00,255,117.36,811.11,0.00
1,430.00,256,629.24,465.98,23.61
1,430.00,257,715.83,523.09,14.87
1,430.00,258,764.88,425.50,7.18
1,430.00,259,537.49,291.52,10.05
1,430.00,260,645.67,175.85,21.95
1,430.00,261,487.69,307.57,12.51
1,430.00,262,547.62,979.11,0.00
1,430.00,263,251.36,276.84,7.19
1,430.00,264,729.66,109.12,0.00
1,430.00,265,658.46,561.04,16.29
1,430.00,266,76.70,240.69,0.00
1,430.00,267,719.00,825.89,5.39
1,430.00,268,334.58,437.36,14.65
1,430.00,269,573.70,517.22,16.91
1,430.00,270,571.58,244.42,6.67
1,430.00,271,655.55,816.03,8.91
1,430.00,272,589.60,781.56,17.31
1,430.00,273,143.63,685.77,7.09
1,430.00,274,259.29,162.44,13.36
1,430.00,275,465.87,657.90,23.55
1,430.00,276,193.37,516.63,0.00
1,430.00,277,77.96,499.59,19.53
1,430.00,278,277.88,167.90,8.75
1,430.00,279,392.35,794.92,17.97
1,430.00,280,241.02,885.94,23.53
1,430.00,281,486.92,541.04,21.13
1,430.00,282,262.76,598.70,17.27
1,430.00,283,675.47,741.48,11.35
1,430.00,284,210.54,468.58,14.07
1,430.00,285,269.31,489.76,13.66
1,430.00,286,438.64,244.07,9.16
1,430.00,287,693.34,215.88,11.22
1,430.00,288,531.35,267.31,18.62
1,430.00,289,579.82,723.52,14.90
1,430.00,290,725.48,108.74,0.00
1,430.00,291,531.96,530.98,12.65
1,430.00,292,943.56,252.09,13.89
1,430.00,293,689.44,965.17,0.00
1,430.00,294,723.60,394.39,16.50
1,430.00,295,259.01,718.32,9.58
1,430.00,296,801.29,784.13,21.47
1,430.00,297,742.10,602.78,9.19
1,430.00,298,974.60,160.33,0.00
1,430.00,299,193.99,326.29,6.31
1,440.00,0,325.34,535.40,10.65
1,440.00,1,473.48,124.53,5.44
1,440.00,2,433.82,537.13,17.50
1,440.00,3,261.86,350.71,20.97
1,440.00,4,907.41,551.09,16.57
1,440.00,5,581.78,572.37,13.71
1,440.00,6,853.82,20.54,7.54
1,440.00,7,271.70,409.09,5.41
1,440.00,8,259.90,612.33,9.80
1,440.00,9,96.28,436.22,13.16
1,440.00,10,322.49,456.15,8.47
1,440.00,11,845.71,802.61,8.85
1,440.00,12,854.23,560.80,17.30
1,440.00,13,475.75,596.38,6.48
1,440.00,14,692.20,648.11,7.20
1,440.00,15,639.94,644.29,22.62
1,440.00,16,900.47,554.32,17.88
1,440.00,17,644.15,822.21,17.85
1,440.00,18,683.57,655.61,14.46
1,440.00,19,192.77,834.45,7.61
1,440.00,20,223.04,214.43,6.89
1,440.00,21,144.81,410.21,5.08
1,440.00,22,588.91,745.10,9.95
1,440.00,23,671.42,456.18,17.35
1,440.00,24,649.29,729.94,5.77
1,440.00,25,336.93,615.24,9.27
1,440.00,26,828.39,666.80,16.06
1,440.00,27,479.00,851.28,9.73
1,440.00,28,342.17,595.57,22.78
1,440.00,29,258.58,739.36,5.97
1,440.00,30,75.53,619.91,12.22
1,440.00,31,502.55,42.09,8.34
1,440.00,32,886.77,512.46,11.74
1,440.00,33,444.91,592.74,7.27
1,440.00,34,561.25,135.76,0.00
1,440.00,35,721.46,933.91,24.34
1,440.00,36,338.72,656.00,17.42
1,440.00,37,861.09,640.72,6.92
1,440.00,38,582.24,716.24,8.63
1,440.00,39,512.29,337.56,10.23
1,440.00,40,354.49,392.10,24.22
1,440.00,41,202.65,659.65,6.93
1,440.00,42,366.48,106.28,14.37
1,440.00,43,387.04,790.89,5.02
1,440.00,44,431.59,99.73,6.72
1,440.00,45,122.61,228.75,8.75
1,440.00,46,588.56,614.06,11.74
1,440.00,47,422.97,315.09,0.00
1,440.00,48,664.36,324.25,6.54
1,440.00,49,112.53,341.27,0.00
1,440.00,50,877.65,508.85,11.63
1,440.00,51,547.72,722.38,6.49
1,440.00,52,304.70,635.85,8.85
1,440.00,53,791.58,307.10,24.16
1,440.00,54,719.69,950.45,17.90
1,440.00,55,391.12,879.98,0.00
1,440.00,56,242.22,271.60,0.00
1,440.00,57,833.30,378.52,17.97
1,440.00,58,456.60,492.16,13.18
1,440.00,59,621.50,721.93,7.09
1,440.00,60,770.90,762.23,0.00
1,440.00,61,154.90,451.50,6.50
1,440.00,62,302.37,152.98,7.27
1,440.00,63,567.83,210.89,23.63
1,440.00,64,550.40,848.07,13.15
1,440.00,65,480.66,664.20,12.40
1,440.00,66,490.43,684.88,10.38
1,440.00,67,438.40,479.68,7.30
1,440.00,68,773.16,191.31,7.32
1,440.00,69,768.50,570.98,6.00
1,440.00,70,355.95,356.70,8.17
1,440.00,71,589.68,864.09,8.86
1,440.00,72,718.32,267.09,8.94
1,440.00,73,751.10,737.08,16.07
1,440.00,74,872.95,281.05,5.27
1,440.00,75,761.01,813.51,6.23
1,440.00,76,305.05,776.94,0.00
1,440.00,77,435.24,443.75,5.20
1,440.00,78,705.58,516.31,9.27
1,440.00,79,967.70,907.73,9.41
1,440.00,80,803.05,585.50,0.00
1,440.00,81,334.59,335.35,19.68
1,440.00,82,468.27,553.93,8.18
1,440.00,83,711.89,959.31,0.00
1,440.00,84,542.80,72.84,0.00
1,440.00,85,168.20,345.53,0.00
1,440.00,86,282.26,421.89,18.39
1,440.00,87,106.41,741.49,0.00
1,440.00,88,704.98,194.30,10.84
1,440.00,89,537.40,17.96,10.00
1,440.00,90,833.20,724.95,18.70
1,440.00,91,363.27,518.73,15.31
1,440.00,92,373.77,463.10,8.87
1,440.00,93,187.01,723.32,20.89
1,440.00,94,386.92,240.78,19.31
1,440.00,95,886.86,418.20,8.24
1,440.00,96,703.84,485.84,8.46
1,440.00,97,589.93,507.49,10.07
1,440.00,98,780.89,371.65,14.66
1,440.00,99,434.74,526.93,9.25
1,440.00,100,398.90,715.58,5.58
1,440.00,101,60.29,988.49,5.61
1,440.00,102,758.16,384.77,9.01
1,440.00,103,863.78,233.56,10.42
1,440.00,104,686.16,536.31,18.34
1,440.00,105,783.20,245.20,14.00
1,440.00,106,902.66,202.58,8.21
1,440.00,107,124.36,617.42,6.36
1,440.00,108,788.52,423.24,0.00
1,440.00,109,590.32,646.73,8.16
1,440.00,110,776.67,890.52,8.94
1,440.00,111,487.97,759.65,13.57
1,440.00,112,270.86,532.98,21.27
1,440.00,113,678.89,347.63,0.00
1,440.00,114,552.77,534.52,9.62
1,440.00,115,63.36,632.72,0.00
1,440.00,116,821.14,735.16,0.00
1,440.00,117,94.12,436.30,10.37
1,440.00,118,536.82,940.42,10.69
1,440.00,119,497.49,489.00,7.64
1,440.00,120,590.67,107.17,5.85
1,440.00,121,475.33,923.32,0.00
1,440.00,122,896.13,287.81,6.63
1,440.00,123,36.97,735.22,11.91
1,440.00,124,417.87,629.82,23.38
1,440.00,125,217.41,80.23,9.07
1,440.00,126,413.67,451.97,12.14
1,440.00,127,90.25,752.61,0.00
1,440.00,128,167.12,876.77,10.63
1,440.00,129,925.80,499.82,0.00
1,440.00,130,96.05,275.03,0.00
1,440.00,131,271.22,184.36,0.00
1,440.00,132,634.29,547.70,11.07
1,440.00,133,584.96,859.97,0.00
1,440.00,134,211.82,320.21,8.28
1,440.00,135,616.88,315.75,20.95
1,440.00,136,413.72,168.92,8.74
1,440.00,137,706.55,641.02,10.05
1,440.00,138,194.78,396.65,0.00
1,440.00,139,871.01,362.86,13.91
1,440.00,140,459.53,16.63,0.00
1,440.00,141,112.75,23.62,0.00
1,440.00,142,950.19,415.53,17.27
1,440.00,143,214.80,517.63,8.02
1,440.00,144,604.31,501.96,18.20
1,440.00,145,646.59,232.28,18.06
1,440.00,146,138.29,547.51,15.52
1,440.00,147,32.48,881.66,0.00
1,440.00,148,835.12,916.36,0.00
1,440.00,149,346.76,632.00,0.00
1,440.00,150,393.73,961.88,15.58
1,440.00,151,458.01,693.41,21.52
1,440.00,152,68.28,525.85,0.00
1,440.00,153,279.88,801.81,0.00
1,440.00,154,232.18,360.97,21.87
1,440.00,155,846.14,838.18,10.06
1,440.00,156,378.01,734.51,12.32
1,440.00,157,558.70,896.39,0.00
1,440.00,158,607.26,593.87,24.71
1,440.00,159,353.41,462.43,17.68
1,440.00,160,706.22,702.21,0.00
1,440.00,161,692.65,195.44,7.50
1,440.00,162,590.26,135.51,5.79
1,440.00,163,401.62,852.05,13.51
1,440.00,164,658.08,659.29,7.41
1,440.00,165,533.79,414.32,23.71
1,440.00,166,892.28,37.71,0.00
1,440.00,167,754.09,83.08,0.00
1,440.00,168,935.34,656.82,0.00
1,440.00,169,442.81,310.55,19.23
1,440.00,170,314.06,370.14,13.98
1,440.00,171,776.36,929.43,5.88
1,440.00,172,654.64,230.92,15.73
1,440.00,173,459.75,616.25,8.91
1,440.00,174,676.41,407.32,17.02
1,440.00,175,145.42,646.38,0.00
1,440.00,176,655.80,380.70,8.64
1,440.00,177,600.66,377.30,9.61
1,440.00,178,78.59,376.07,10.08
1,440.00,179,874.74,297.75,19.78
1,440.00,180,588.13,251.61,18.77
1,440.00,181,507.79,876.85,6.45
1,440.00,182,659.10,66.04,20.19
1,440.00,183,492.11,792.82,10.06
1,440.00,184,195.86,452.67,5.26
1,440.00,185,118.28,968.86,12.29
1,440.00,186,185.98,198.60,6.33
1,440.00,187,280.73,770.03,20.89
1,440.00,188,75.77,751.66,7.83
1,440.00,189,400.78,26.58,14.76
1,440.00,190,210.56,787.70,9.47
1,440.00,191,718.95,641.94,8.43
1,440.00,192,163.62,233.25,16.51
1,440.00,193,767.10,403.97,8.20
1,440.00,194,981.27,281.20,0.00
1,440.00,195,648.37,789.29,9.33
1,440.00,196,606.88,754.34,13.36
1,440.00,197,651.87,600.07,14.69
1,440.00,198,745.28,482.68,12.27
1,440.00,199,267.27,614.16,8.48
1,440.00,200,548.67,581.94,10.38
1,440.00,201,584.84,862.02,9.99
1,440.00,202,548.54,636.62,15.76
1,440.00,203,254.39,514.24,8.48
1,440.00,204,632.47,859.81,8.48
1,440.00,205,259.56,808.29,17.67
1,440.00,206,794.22,848.67,0.00
1,440.00,207,683.27,422.10,14.09
1,440.00,208,85.98,673.99,5.93
1,440.00,209,349.83,377.98,6.80
1,440.00,210,12.33,604.16,8.98
1,440.00,211,568.19,578.46,7.99
1,440.00,212,541.14,601.40,11.86
1,440.00,213,722.91,596.87,7.15
1,440.00,214,354.82,806.43,19.88
1,440.00,215,324.00,566.23,11.71
1,440.00,216,825.13,681.20,0.00
1,440.00,217,350.67,670.59,5.81
1,440.00,218,385.39,313.86,10.52
1,440.00,219,629.42,492.13,5.07
1,440.00,220,892.80,811.95,18.22
1,440.00,221,687.14,575.96,7.08
1,440.00,222,479.31,182.10,6.62
1,440.00,223,166.77,411.05,10.01
1,440.00,224,720.75,806.38,12.81
1,440.00,225,328.75,664.05,15.01
1,440.00,226,484.57,820.64,11.16
1,440.00,227,205.59,409.32,5.44
1,440.00,228,635.25,179.49,16.88
1,440.00,229,278.24,667.20,8.10
1,440.00,230,99.82,856.23,13.59
1,440.00,231,455.67,553.08,8.73
1,440.00,232,274.39,778.77,11.96
1,440.00,233,839.71,920.67,5.14
1,440.00,234,602.72,548.89,0.00
1,440.00,235,378.18,248.93,5.05
1,440.00,236,479.11,148.27,13.79
1,440.00,237,772.54,625.15,5.39
1,440.00,238,339.02,954.45,11.75
1,440.00,239,380.89,831.73,12.16
1,440.00,240,346.70,485.92,5.82
1,440.00,241,661.89,623.64,9.59
1,440.00,242,406.67,290.87,17.39
1,440.00,243,80.12,348.47,18.16
1,440.00,244,145.31,204.11,24.10
1,440.00,245,475.58,314.22,19.34
1,440.00,246,483.14,519.48,10.53
1,440.00,247,598.48,535.98,20.46
1,440.00,248,883.31,812.85,8.66
1,440.00,249,371.58,495.56,24.26
1,440.00,250,475.43,561.80,5.57
1,440.00,251,490.80,551.46,7.49
1,440.00,252,667.00,732.25,11.52
1,440.00,253,425.08,397.33,15.75
1,440.00,254,254.48,649.13,18.76
1,440.00,255,117.23,803.23,10.85
1,440.00,256,474.83,287.42,23.61
1,440.00,257,764.74,663.53,14.87
1,440.00,258,722.47,367.55,7.18
1,440.00,259,437.08,295.68,10.05
1,440.00,260,477.83,34.39,21.95
1,440.00,261,415.92,205.14,12.51
1,440.00,262,593.78,860.80,16.35
1,440.00,263,199.82,226.72,7.19
1,440.00,264,721.19,182.70,10.24
1,440.00,265,553.70,436.27,16.29
1,440.00,266,72.49,275.93,19.11
1,440.00,267,755.70,865.35,5.39
1,440.00,268,473.60,483.61,14.65
1,440.00,269,719.14,603.42,16.91
1,440.00,270,587.31,250.09,0.00
1,440.00,271,623.23,733.05,8.91
1,440.00,272,727.43,676.91,17.31
1,440.00,273,132.11,690.22,0.00
1,440.00,274,215.50,100.35,0.00
1,440.00,275,613.57,596.12,0.00
1,440.00,276,186.12,492.47,10.77
1,440.00,277,120.52,309.00,19.53
1,440.00,278,269.88,80.73,8.75
1,440.00,279,237.15,885.44,17.97
1,440.00,280,472.57,928.04,23.53
1,440.00,281,340.89,693.71,21.13
1,440.00,282,413.42,683.21,17.27
1,440.00,283,628.93,637.99,11.35
1,440.00,284,348.62,495.63,14.07
1,440.00,285,366.50,585.75,13.66
1,440.00,286,472.06,264.12,0.00
1,440.00,287,746.09,116.87,11.22
1,440.00,288,456.58,437.87,18.62
1,440.00,289,601.05,575.99,14.90
1,440.00,290,708.11,144.45,19.74
1,440.00,291,629.22,450.11,12.65
1,440.00,292,816.44,196.15,13.89
1,440.00,293,782.80,829.22,18.14
1,440.00,294,810.05,253.84,16.50
1,440.00,295,245.31,813.18,9.58
1,440.00,296,731.82,580.95,21.47
1,440.00,297,680.33,534.72,9.19
1,440.00,298,940.40,185.51,7.67
1,440.00,299,198.40,389.21,6.31
1,450.00,0,326.41,428.95,10.65
1,450.00,1,520.47,97.09,5.44
1,450.00,2,519.44,384.54,17.50
1,450.00,3,304.03,556.09,20.97
1,450.00,4,989.10,679.71,0.00
1,450.00,5,508.23,456.64,13.71
1,450.00,6,842.70,95.08,7.54
1,450.00,7,218.96,421.16,5.41
1,450.00,8,295.41,690.90,0.00
1,450.00,9,76.44,495.55,0.00
1,450.00,10,402.17,427.36,8.47
1,450.00,11,865.79,817.48,0.00
1,450.00,12,683.59,589.18,17.30
1,450.00,13,424.10,635.52,6.48
1,450.00,14,653.76,587.22,7.20
1,450.00,15,730.63,515.91,0.00
1,450.00,16,931.96,730.33,17.88
1,450.00,17,521.26,692.69,17.85
1,450.00,18,558.36,583.29,14.46
1,450.00,19,137.23,782.45,7.61
1,450.00,20,280.87,251.92,6.89
1,450.00,21,193.45,395.50,5.08
1,450.00,22,622.13,651.26,9.95
1,450.00,23,498.47,442.95,17.35
1,450.00,24,633.17,780.77,0.00
1,450.00,25,423.89,583.19,9.27
1,450.00,26,856.35,664.07,0.00
1,450.00,27,381.78,855.24,9.73
1,450.00,28,383.70,596.69,0.00
1,450.00,29,234.59,684.66,5.97
1,450.00,30,65.24,741.70,12.22
1,450.00,31,526.25,10.63,0.00
1,450.00,32,973.58,577.97,0.00
1,450.00,33,515.96,608.03,7.27
1,450.00,34,524.29,214.74,13.11
1,450.00,35,781.65,914.04,0.00
1,450.00,36,196.96,643.60,0.00
1,450.00,37,813.48,590.45,6.92
1,450.00,38,537.51,790.06,8.63
1,450.00,39,582.94,411.50,10.23
1,450.00,40,197.81,576.78,24.22
1,450.00,41,230.66,723.00,6.93
1,450.00,42,493.84,39.74,14.37
1,450.00,43,353.40,753.61,5.02
1,450.00,44,364.41,98.60,6.72
1,450.00,45,205.94,201.99,8.75
1,450.00,46,696.87,568.68,11.74
1,450.00,47,434.09,318.88,5.03
1,450.00,48,627.91,355.50,0.00
1,450.00,49,130.95,354.93,5.21
1,450.00,50,887.12,624.74,11.63
1,450.00,51,499.43,679.09,6.49
1,450.00,52,275.20,552.45,8.85
1,450.00,53,962.51,136.34,24.16
1,450.00,54,723.48,963.58,0.00
1,450.00,55,332.09,795.61,21.75
1,450.00,56,274.84,218.54,24.11
1,450.00,57,819.32,557.63,17.97
1,450.00,58,339.31,552.21,13.18
1,450.00,59,687.88,696.89,7.09
1,450.00,60,618.34,640.83,24.22
1,450.00,61,103.64,411.53,6.50
1,450.00,62,374.25,142.20,7.27
1,450.00,63,505.82,88.07,0.00
1,450.00,64,433.22,788.41,13.15
1,450.00,65,524.99,548.45,12.40
1,450.00,66,401.02,737.70,10.38
1,450.00,67,475.54,542.50,7.30
1,450.00,68,831.01,146.52,7.32
1,450.00,69,823.05,595.92,6.00
1,450.00,70,325.43,280.86,8.17
1,450.00,71,674.58,889.32,8.86
1,450.00,72,633.18,239.79,8.94
1,450.00,73,817.62,590.82,16.07
1,450.00,74,915.98,250.68,5.27
1,450.00,75,718.43,767.99,6.23
1,450.00,76,325.41,657.61,22.80
1,450.00,77,413.81,491.15,5.20
1,450.00,78,705.07,609.02,9.27
1,450.00,79,970.07,928.70,0.00
1,450.00,80,773.17,580.37,18.55
1,450.00,81,306.79,530.21,19.68
1,450.00,82,401.77,506.31,8.18
1,450.00,83,760.60,893.48,10.01
1,450.00,84,561.60,106.82,16.98
1,450.00,85,256.12,349.92,18.00
1,450.00,86,395.99,566.46,18.39
1,450.00,87,154.46,706.28,9.18
1,450.00,88,812.66,206.53,10.84
1,450.00,89,440.89,44.00,10.00
1,450.00,90,802.45,909.37,18.70
1,450.00,91,289.41,384.63,15.31
1,450.00,92,300.35,413.40,8.87
1,450.00,93,98.11,803.38,0.00
1,450.00,94,294.46,321.26,0.00
1,450.00,95,899.43,336.75,8.24
1,450.00,96,723.90,568.01,8.46
1,450.00,97,493.23,479.52,10.07
1,450.00,98,725.66,235.85,14.66
1,450.00,99,506.43,585.42,9.25
1,450.00,100,439.51,753.85,5.58
1,450.00,101,46.58,990.14,0.00
1,450.00,102,775.60,360.19,0.00
1,450.00,103,879.13,215.11,0.00
1,450.00,104,869.43,542.98,18.34
1,450.00,105,902.66,318.18,14.00
1,450.00,106,901.01,198.09,0.00
1,450.00,107,68.36,647.59,6.36
1,450.00,108,788.15,423.45,21.24
1,450.00,109,652.43,699.67,8.16
1,450.00,110,696.06,851.75,8.94
1,450.00,111,353.42,777.16,13.57
1,450.00,112,436.83,399.90,21.27
1,450.00,113,705.98,455.14,11.82
1,450.00,114,559.35,630.48,9.62
1,450.00,115,110.16,622.60,7.90
1,450.00,116,816.21,705.48,5.43
1,450.00,117,113.87,334.45,10.37
1,450.00,118,538.82,962.24,0.00
1,450.00,119,555.34,439.03,7.64
1,450.00,120,536.09,128.16,5.85
1,450.00,121,420.00,901.15,23.86
1,450.00,122,931.83,231.95,6.63
1,450.00,123,10.47,640.60,0.00
1,450.00,124,565.12,811.40,23.38
1,450.00,125,267.14,156.13,9.07
1,450.00,126,402.15,572.85,12.14
1,450.00,127,31.05,858.78,0.00
1,450.00,128,267.11,840.67,10.63
1,450.00,129,910.06,516.84,5.91
1,450.00,130,123.30,305.16,5.28
1,450.00,131,262.99,287.59,22.65
1,450.00,132,685.82,449.77,11.07
1,450.00,133,444.25,745.39,23.56
1,450.00,134,189.90,332.95,0.00
1,450.00,135,520.22,501.66,20.95
1,450.00,136,326.38,166.17,8.74
1,450.00,137,610.03,613.08,10.05
1,450.00,138,192.66,383.96,13.45
1,450.00,139,966.95,355.10,0.00
1,450.00,140,483.36,77.26,7.62
1,450.00,141,228.03,94.65,21.55
1,450.00,142,928.62,586.87,17.27
1,450.00,143,196.23,439.60,8.02
1,450.00,144,658.39,675.74,18.20
1,450.00,145,542.60,347.78,0.00
1,450.00,146,95.71,572.20,0.00
1,450.00,147,77.12,887.59,22.20
1,450.00,148,733.98,901.37,18.74
1,450.00,149,357.62,630.29,10.32
1,450.00,150,548.12,940.77,15.58
1,450.00,151,433.39,907.24,21.52
1,450.00,152,65.42,468.56,12.44
1,450.00,153,236.41,669.95,16.19
1,450.00,154,126.88,309.72,0.00
1,450.00,155,816.09,742.17,10.06
1,450.00,156,339.30,769.49,0.00
1,450.00,157,535.76,837.12,14.32
1,450.00,158,827.14,481.17,24.71
1,450.00,159,504.81,553.64,17.68
1,450.00,160,714.41,691.52,6.37
1,450.00,161,619.32,211.17,7.50
1,450.00,162,625.52,181.43,5.79
1,450.00,163,356.33,724.75,13.51
1,450.00,164,612.97,600.51,7.41
1,450.00,165,531.56,336.02,0.00
1,450.00,166,839.02,102.36,10.46
1,450.00,167,753.50,83.69,8.91
1,450.00,168,927.61,657.07,10.00
1,450.00,169,491.36,129.80,0.00
1,450.00,170,238.99,488.12,13.98
1,450.00,171,740.31,883.03,5.88
1,450.00,172,791.52,153.38,15.73
1,450.00,173,483.94,530.53,8.91
1,450.00,174,685.55,577.31,17.02
1,450.00,175,265.66,672.92,18.59
1,450.00,176,599.55,446.21,8.64
1,450.00,177,671.10,442.69,9.61
1,450.00,178,60.48,276.96,10.08
1,450.00,179,960.58,119.58,19.78
1,450.00,180,515.49,177.21,0.00
1,450.00,181,461.52,831.92,6.45
1,450.00,182,849.73,6.23,0.00
1,450.00,183,544.35,706.87,10.06
1,450.00,184,146.81,471.56,5.26
1,450.00,185,217.75,896.74,12.29
1,450.00,186,184.15,135.34,6.33
1,450.00,187,352.68,966.14,20.89
1,450.00,188,45.62,823.89,7.83
1,450.00,189,256.52,57.85,14.76
1,450.00,190,153.12,829.90,0.00
1,450.00,191,699.35,723.90,8.43
1,450.00,192,247.31,90.90,16.51
1,450.00,193,845.34,379.44,8.20
1,450.00,194,881.24,383.37,24.06
1,450.00,195,695.36,852.07,0.00
1,450.00,196,566.61,820.03,0.00
1,450.00,197,505.25,590.19,14.69
1,450.00,198,802.56,591.14,12.27
1,450.00,199,211.04,550.64,8.48
1,450.00,200,554.35,478.28,10.38
1,450.00,201,515.97,904.65,0.00
1,450.00,202,702.78,669.06,15.76
1,450.00,203,197.70,451.22,8.48
1,450.00,204,668.76,783.19,8.48
1,450.00,205,434.29,782.32,17.67
1,450.00,206,826.81,723.00,15.95
1,450.00,207,636.64,555.09,14.09
1,450.00,208,82.22,733.16,5.93
1,450.00,209,308.55,366.36,0.00
1,450.00,210,52.97,524.04,8.98
1,450.00,211,603.69,506.86,7.99
1,450.00,212,567.73,716.95,11.86
1,450.00,213,767.62,652.65,7.15
1,450.00,214,269.91,856.57,0.00
1,450.00,215,299.94,451.66,11.71
1,450.00,216,813.20,669.02,13.36
1,450.00,217,319.09,719.34,5.81
1,450.00,218,286.49,278.12,10.52
1,450.00,219,600.33,450.66,5.07
1,450.00,220,756.03,691.64,18.22
1,450.00,221,756.61,562.49,7.08
1,450.00,222,415.53,164.48,6.62
1,450.00,223,187.74,508.91,10.01
1,450.00,224,722.16,678.31,12.81
1,450.00,225,478.08,679.03,15.01
1,450.00,226,577.16,758.32,11.16
1,450.00,227,155.67,387.71,5.44
1,450.00,228,542.58,320.55,16.88
1,450.00,229,339.30,720.39,8.10
1,450.00,230,229.74,816.33,13.59
1,450.00,231,370.92,532.12,8.73
1,450.00,232,193.53,796.13,0.00
1,450.00,233,788.44,924.58,5.14
1,450.00,234,505.52,531.73,24.75
1,450.00,235,392.16,200.36,5.05
1,450.00,236,616.83,154.50,13.79
1,450.00,237,774.19,679.01,5.39
1,450.00,238,449.63,914.69,11.75
1,450.00,239,500.96,812.44,12.16
1,450.00,240,289.05,478.30,5.82
1,450.00,241,668.37,647.27,0.00
1,450.00,242,257.32,379.99,17.39
1,450.00,243,81.59,530.09,18.16
1,450.00,244,120.60,183.11,0.00
1,450.00,245,636.61,421.27,19.34
1,450.00,246,395.57,460.96,10.53
1,450.00,247,634.84,371.32,0.00
1,450.00,248,797.68,799.79,8.66
1,450.00,249,569.13,354.75,24.26
1,450.00,250,431.21,595.73,5.57
1,450.00,251,564.89,562.76,7.49
1,450.00,252,699.36,621.69,11.52
1,450.00,253,406.58,362.89,0.00
1,450.00,254,179.76,477.02,18.76
1,450.00,255,115.41,694.74,10.85
1,450.00,256,320.43,108.87,23.61
1,450.00,257,813.64,803.97,14.87
1,450.00,258,680.06,309.59,7.18
1,450.00,259,336.67,299.84,10.05
1,450.00,260,459.17,18.67,0.00
1,450.00,261,344.14,102.70,12.51
1,450.00,262,653.20,708.49,16.35
1,450.00,263,148.27,176.60,7.19
1,450.00,264,709.47,284.46,10.24
1,450.00,265,448.93,311.51,16.29
1,450.00,266,49.82,465.71,19.11
1,450.00,267,775.54,886.68,0.00
1,450.00,268,474.18,483.81,0.00
1,450.00,269,864.59,689.63,16.91
1,450.00,270,441.29,194.95,20.83
1,450.00,271,590.91,650.07,8.91
1,450.00,272,865.26,572.26,17.31
1,450.00,273,116.36,791.86,12.45
1,450.00,274,300.90,152.67,23.21
1,450.00,275,608.71,645.95,15.64
1,450.00,276,155.13,389.29,10.77
1,450.00,277,157.48,143.52,0.00
1,450.00,278,266.96,48.93,0.00
1,450.00,279,128.50,948.80,0.00
1,450.00,280,507.79,934.44,0.00
1,450.00,281,194.86,846.38,21.13
1,450.00,282,564.08,767.72,17.27
1,450.00,283,582.39,534.51,11.35
1,450.00,284,486.69,522.67,14.07
1,450.00,285,463.68,681.74,13.66
1,450.00,286,371.54,315.37,19.64
1,450.00,287,794.29,26.40,0.00
1,450.00,288,381.80,608.44,18.62
1,450.00,289,622.28,428.46,14.90
1,450.00,290,621.80,322.00,19.74
1,450.00,291,726.47,369.24,12.65
1,450.00,292,689.32,140.21,13.89
1,450.00,293,863.37,711.90,0.00
1,450.00,294,896.50,113.29,16.50
1,450.00,295,231.61,908.03,9.58
1,450.00,296,662.35,377.78,21.47
1,450.00,297,618.56,466.65,9.19
1,450.00,298,878.62,231.00,7.67
1,450.00,299,202.80,452.12,6.31
1,460.00,0,327.48,322.50,10.65
1,460.00,1,567.47,69.64,5.44
1,460.00,2,605.05,231.94,17.50
1,460.00,3,322.72,647.10,0.00
1,460.00,4,978.63,684.60,14.34
1,460.00,5,434.68,340.90,13.71
1,460.00,6,831.59,169.62,7.54
1,460.00,7,166.21,433.22,5.41
1,460.00,8,308.58,691.11,10.93
1,460.00,9,108.43,464.86,8.45
1,460.00,10,481.85,398.57,8.47
1,460.00,11,809.21,689.82,19.45
1,460.00,12,512.96,617.55,17.30
1,460.00,13,372.45,674.65,6.48
1,460.00,14,615.32,526.33,7.20
1,460.00,15,716.71,524.92,5.43
1,460.00,16,940.02,775.40,0.00
1,460.00,17,398.38,563.17,17.85
1,460.00,18,433.15,510.96,14.46
1,460.00,19,81.68,730.45,7.61
1,460.00,20,338.69,289.42,6.89
1,460.00,21,242.10,380.79,5.08
1,460.00,22,655.35,557.43,9.95
1,460.00,23,327.60,429.88,0.00
1,460.00,24,645.50,792.28,22.04
1,460.00,25,510.85,551.13,9.27
1,460.00,26,706.16,556.90,22.36
1,460.00,27,284.57,859.19,9.73
1,460.00,28,390.94,402.41,23.78
1,460.00,29,210.60,629.97,5.97
1,460.00,30,54.94,863.49,12.22
1,460.00,31,533.55,43.64,6.40
1,460.00,32,965.35,571.28,14.44
1,460.00,33,587.02,623.32,7.27
1,460.00,34,468.71,333.49,13.11
1,460.00,35,703.78,746.36,25.00
1,460.00,36,195.98,659.80,8.85
1,460.00,37,765.87,540.19,6.92
1,460.00,38,503.91,845.50,0.00
1,460.00,39,653.60,485.45,10.23
1,460.00,40,148.97,634.35,0.00
1,460.00,41,258.67,786.34,6.93
1,460.00,42,543.45,13.83,0.00
1,460.00,43,328.39,725.89,0.00
1,460.00,44,297.23,97.47,6.72
1,460.00,45,289.27,175.23,8.75
1,460.00,46,805.17,523.31,11.74
1,460.00,47,481.71,335.12,5.03
1,460.00,48,612.33,348.32,6.45
1,460.00,49,172.81,385.98,5.21
1,460.00,50,896.59,740.63,11.63
1,460.00,51,451.14,635.80,6.49
1,460.00,52,245.69,469.05,8.85
1,460.00,53,997.32,101.57,0.00
1,460.00,54,526.45,868.90,23.67
1,460.00,55,254.88,685.25,0.00
1,460.00,56,321.43,142.75,0.00
1,460.00,57,810.24,673.95,0.00
1,460.00,58,291.60,576.63,0.00
1,460.00,59,736.43,678.58,0.00
1,460.00,60,428.83,490.03,24.22
1,460.00,61,98.53,407.55,0.00
1,460.00,62,446.14,131.41,7.27
1,460.00,63,509.17,161.03,17.49
1,460.00,64,405.24,774.16,0.00
1,460.00,65,569.31,432.69,12.40
1,460.00,66,311.61,790.51,10.38
1,460.00,67,512.69,605.31,7.30
1,460.00,68,888.86,101.73,7.32
1,460.00,69,877.61,620.85,6.00
1,460.00,70,307.99,237.52,0.00
1,460.00,71,759.49,914.56,8.86
1,460.00,72,548.03,212.49,8.94
1,460.00,73,884.13,444.57,16.07
1,460.00,74,959.01,220.31,5.27
1,460.00,75,675.86,722.48,6.23
1,460.00,76,363.76,432.88,22.80
1,460.00,77,392.38,538.56,5.20
1,460.00,78,704.57,701.72,9.27
1,460.00,79,932.45,877.48,8.19
1,460.00,80,590.34,548.99,18.55
1,460.00,81,278.98,725.07,19.68
1,460.00,82,371.33,484.50,0.00
1,460.00,83,820.14,813.03,10.01
1,460.00,84,643.81,255.43,16.98
1,460.00,85,435.85,358.88,18.00
1,460.00,86,509.72,711.02,18.39
1,460.00,87,228.50,652.02,9.18
1,460.00,88,908.37,217.40,0.00
1,460.00,89,344.37,70.04,10.00
1,460.00,90,791.05,977.72,0.00
1,460.00,91,215.54,250.53,15.31
1,460.00,92,226.94,363.71,8.87
1,460.00,93,145.19,781.77,12.13
1,460.00,94,317.61,309.67,7.09
1,460.00,95,906.51,290.87,0.00
1,460.00,96,743.96,650.19,8.46
1,460.00,97,396.53,451.55,10.07
1,460.00,98,704.54,183.90,0.00
1,460.00,99,578.11,643.91,9.25
1,460.00,100,480.12,792.12,5.58
1,460.00,101,156.67,867.35,21.87
1,460.00,102,734.10,332.62,7.48
1,460.00,103,837.80,289.73,11.09
1,460.00,104,933.75,545.32,0.00
1,460.00,105,916.45,326.61,0.00
1,460.00,106,772.11,160.00,14.27
1,460.00,107,51.62,656.61,0.00
1,460.00,108,604.62,530.40,21.24
1,460.00,109,714.53,752.62,8.16
1,460.00,110,615.46,812.98,8.94
1,460.00,111,218.86,794.67,13.57
1,460.00,112,602.80,266.82,21.27
1,460.00,113,729.73,549.35,0.00
1,460.00,114,565.93,726.44,9.62
1,460.00,115,187.38,605.89,7.90
1,460.00,116,807.33,651.93,5.43
1,460.00,117,133.61,232.60,10.37
1,460.00,118,544.32,832.36,16.35
1,460.00,119,613.20,389.06,7.64
1,460.00,120,481.51,149.14,5.85
1,460.00,121,226.57,823.63,0.00
1,460.00,122,957.49,191.80,0.00
1,460.00,123,18.00,600.56,23.33
1,460.00,124,659.55,927.83,0.00
1,460.00,125,316.87,232.03,9.07
1,460.00,126,390.64,693.73,12.14
1,460.00,127,36.01,852.99,20.85
1,460.00,128,367.10,804.57,10.63
1,460.00,129,869.89,560.26,5.91
1,460.00,130,158.69,344.30,5.28
1,460.00,131,244.97,513.40,22.65
1,460.00,132,737.36,351.84,11.07
1,460.00,133,261.52,596.59,23.56
1,460.00,134,166.17,439.62,15.75
1,460.00,135,423.56,687.56,20.95
1,460.00,136,239.04,163.43,8.74
1,460.00,137,513.51,585.13,10.05
1,460.00,138,172.78,264.88,0.00
1,460.00,139,918.20,363.85,16.07
1,460.00,140,511.23,148.18,7.62
1,460.00,141,301.85,140.14,0.00
1,460.00,142,907.04,758.22,17.27
1,460.00,143,190.81,416.82,0.00
1,460.00,144,705.65,827.58,0.00
1,460.00,145,519.15,339.08,17.91
1,460.00,146,196.10,500.54,18.06
1,460.00,147,297.21,916.87,22.20
1,460.00,148,548.65,873.92,18.74
1,460.00,149,459.53,614.32,10.32
1,460.00,150,702.51,919.67,15.58
1,460.00,151,426.62,965.99,0.00
1,460.00,152,62.28,405.90,0.00
1,460.00,153,185.74,516.20,16.19
1,460.00,154,209.28,343.48,19.17
1,460.00,155,786.04,646.16,10.06
1,460.00,156,322.63,656.25,19.85
1,460.00,157,484.06,703.56,14.32
1,460.00,158,965.04,410.50,0.00
1,460.00,159,656.21,644.85,17.68
1,460.00,160,753.10,640.97,6.37
1,460.00,161,546.00,226.90,7.50
1,460.00,162,660.78,227.34,5.79
1,460.00,163,311.04,597.44,13.51
1,460.00,164,567.86,541.72,7.41
1,460.00,165,650.81,453.51,25.00
1,460.00,166,772.52,183.06,10.46
1,460.00,167,691.51,147.63,8.91
1,460.00,168,827.70,660.25,10.00
1,460.00,169,495.24,134.29,22.35
1,460.00,170,163.91,606.10,13.98
1,460.00,171,704.26,836.62,5.88
1,460.00,172,928.40,75.83,15.73
1,460.00,173,508.13,444.81,8.91
1,460.00,174,693.11,717.83,0.00
1,460.00,175,447.23,712.98,18.59
1,460.00,176,543.30,511.73,8.64
1,460.00,177,701.19,470.63,0.00
1,460.00,178,42.37,177.84,10.08
1,460.00,179,998.14,41.61,0.00
1,460.00,180,478.41,249.73,18.27
1,460.00,181,415.25,786.99,6.45
1,460.00,182,847.22,6.36,24.42
1,460.00,183,596.60,620.91,10.06
1,460.00,184,97.76,490.44,5.26
1,460.00,185,317.23,824.62,12.29
1,460.00,186,182.32,72.08,6.33
1,460.00,187,364.59,998.61,0.00
1,460.00,188,15.48,896.12,7.83
1,460.00,189,248.52,59.58,0.00
1,460.00,190,167.90,832.23,6.05
1,460.00,191,679.75,805.87,8.43
1,460.00,192,270.58,51.34,0.00
1,460.00,193,846.55,379.06,0.00
1,460.00,194,745.37,522.16,0.00
1,460.00,195,686.43,833.04,13.20
1,460.00,196,542.87,766.06,13.93
1,460.00,197,358.64,580.30,14.69
1,460.00,198,859.84,699.61,12.27
1,460.00,199,154.81,487.13,8.48
1,460.00,200,560.02,374.61,10.38
1,460.00,201,519.04,869.24,18.75
1,460.00,202,857.02,701.51,15.76
1,460.00,203,167.20,417.31,0.00
1,460.00,204,705.04,706.57,8.48
1,460.00,205,609.02,756.35,17.67
1,460.00,206,839.85,672.73,0.00
1,460.00,207,590.01,688.09,14.09
1,460.00,208,78.46,792.32,5.93
1,460.00,209,334.62,312.22,16.28
1,460.00,210,93.62,443.92,8.98
1,460.00,211,639.20,435.25,7.99
1,460.00,212,594.33,832.50,11.86
1,460.00,213,803.08,696.89,0.00
1,460.00,214,314.07,800.59,14.15
1,460.00,215,275.88,337.08,11.71
1,460.00,216,719.73,573.56,13.36
1,460.00,217,287.51,768.08,5.81
1,460.00,218,187.59,242.39,10.52
1,460.00,219,571.23,409.20,5.07
1,460.00,220,619.26,571.34,18.22
1,460.00,221,826.07,549.02,7.08
1,460.00,222,351.75,146.86,6.62
1,460.00,223,208.71,606.77,10.01
1,460.00,224,723.56,550.24,12.81
1,460.00,225,603.02,691.56,0.00
1,460.00,226,669.75,695.99,11.16
1,460.00,227,105.75,366.11,5.44
1,460.00,228,449.90,461.61,16.88
1,460.00,229,400.36,773.58,8.10
1,460.00,230,359.66,776.43,13.59
1,460.00,231,286.17,511.16,8.73
1,460.00,232,258.00,781.62,21.44
1,460.00,233,737.17,928.50,5.14
1,460.00,234,261.76,488.68,24.75
1,460.00,235,404.55,157.34,0.00
1,460.00,236,754.55,160.73,13.79
1,460.00,237,774.99,705.02,0.00
1,460.00,238,560.23,874.92,11.75
1,460.00,239,616.71,793.84,0.00
1,460.00,240,231.40,470.68,5.82
1,460.00,241,829.14,615.53,22.01
1,460.00,242,215.73,404.81,0.00
1,460.00,243,81.92,571.18,0.00
1,460.00,244,195.91,283.16,14.47
1,460.00,245,725.03,480.06,0.00
1,460.00,246,307.99,402.44,10.53
1,460.00,247,649.14,369.94,8.17
1,460.00,248,712.05,786.74,8.66
1,460.00,249,766.68,213.94,24.26
1,460.00,250,386.98,629.66,5.57
1,460.00,251,638.97,574.07,7.49
1,460.00,252,705.24,601.58,0.00
1,460.00,253,358.84,324.54,8.15
1,460.00,254,105.05,304.90,18.76
1,460.00,255,113.59,586.25,10.85
1,460.00,256,293.12,77.29,0.00
1,460.00,257,855.85,925.17,0.00
1,460.00,258,637.65,251.64,7.18
1,460.00,259,236.25,304.01,10.05
1,460.00,260,423.27,219.16,22.91
1,460.00,261,296.70,34.98,0.00
1,460.00,262,712.62,556.19,16.35
1,460.00,263,96.72,126.47,7.19
1,460.00,264,697.75,386.21,10.24
1,460.00,265,344.17,186.75,16.29
1,460.00,266,41.82,532.59,0.00
1,460.00,267,729.65,800.96,21.17
1,460.00,268,560.70,316.33,18.93
1,460.00,269,926.59,726.37,0.00
1,460.00,270,349.75,160.38,0.00
1,460.00,271,558.60,567.09,8.91
1,460.00,272,883.23,558.62,0.00
1,460.00,273,112.02,819.87,0.00
1,460.00,274,498.84,273.93,23.21
1,460.00,275,593.52,801.65,15.64
1,460.00,276,124.14,286.11,10.77
1,460.00,277,158.11,158.65,11.50
1,460.00,278,257.34,114.15,10.38
1,460.00,279,123.97,920.39,9.59
1,460.00,280,530.30,739.02,23.20
1,460.00,281,101.45,944.04,0.00
1,460.00,282,643.38,812.21,0.00
1,460.00,283,535.85,431.02,11.35
1,460.00,284,624.76,549.72,14.07
1,460.00,285,493.58,711.27,0.00
1,460.00,286,196.53,404.60,19.64
1,460.00,287,793.21,32.62,7.33
1,460.00,288,307.03,779.00,18.62
1,460.00,289,643.51,280.94,14.90
1,460.00,290,535.48,499.54,19.74
1,460.00,291,823.73,288.36,12.65
1,460.00,292,562.20,84.28,13.89
1,460.00,293,832.69,693.68,16.57
1,460.00,294,959.65,10.62,0.00
1,460.00,295,220.98,981.62,0.00
1,460.00,296,592.88,174.60,21.47
1,460.00,297,556.79,398.59,9.19
1,460.00,298,816.83,276.49,7.67
1,460.00,299,206.13,499.68,0.00
1,470.00,0,328.56,216.05,10.65
1,470.00,1,614.46,42.20,5.44
1,470.00,2,660.58,132.98,0.00
1,470.00,3,385.56,632.54,11.59
1,470.00,4,848.67,745.29,14.34
1,470.00,5,361.13,225.16,13.71
1,470.00,6,820.47,244.16,7.54
1,470.00,7,134.93,440.38,0.00
1,470.00,8,417.92,692.89,10.93
1,470.00,9,169.43,406.35,8.45
1,470.00,10,561.53,369.78,8.47
1,470.00,11,730.39,511.98,19.45
1,470.00,12,342.32,645.93,17.30
1,470.00,13,320.80,713.79,6.48
1,470.00,14,576.88,465.44,7.20
1,470.00,15,671.07,554.42,5.43
1,470.00,16,894.08,761.74,6.44
1,470.00,17,275.49,433.65,17.85
1,470.00,18,307.93,438.64,14.46
1,470.00,19,50.00,700.80,0.00
1,470.00,20,396.51,326.91,6.89
1,470.00,21,290.74,366.08,5.08
1,470.00,22,688.57,463.60,9.95
1,470.00,23,328.98,429.79,11.38
1,470.00,24,796.44,933.27,0.00
1,470.00,25,597.81,519.08,9.27
1,470.00,26,524.13,427.01,22.36
1,470.00,27,187.35,863.15,9.73
1,470.00,28,399.79,164.79,23.78
1,470.00,29,186.62,575.28,5.97
1,470.00,30,47.88,946.91,0.00
1,470.00,31,547.38,106.18,6.40
1,470.00,32,853.27,480.23,14.44
1,470.00,33,658.08,638.62,7.27
1,470.00,34,413.13,452.25,13.11
1,470.00,35,598.49,519.63,25.00
1,470.00,36,190.64,748.17,8.85
1,470.00,37,718.26,489.92,6.92
1,470.00,38,474.18,830.09,13.45
1,470.00,39,724.25,559.39,10.23
1,470.00,40,104.61,473.24,24.28
1,470.00,41,286.68,849.68,6.93
1,470.00,42,685.95,12.10,23.34
1,470.00,43,340.40,705.96,9.07
1,470.00,44,270.93,97.03,0.00
1,470.00,45,372.59,148.48,8.75
1,470.00,46,902.56,482.50,0.00
1,470.00,47,529.33,351.35,5.03
1,470.00,48,553.72,321.30,6.45
1,470.00,49,214.67,417.03,5.21
1,470.00,50,899.84,780.44,0.00
1,470.00,51,402.84,592.51,6.49
1,470.00,52,216.18,385.65,8.85
1,470.00,53,991.00,163.38,7.80
1,470.00,54,313.13,766.39,23.67
1,470.00,55,283.58,664.86,9.25
1,470.00,56,371.10,230.60,15.99
1,470.00,57,766.96,700.01,14.41
1,470.00,58,344.84,529.04,12.04
1,470.00,59,736.35,662.90,5.84
1,470.00,60,239.32,339.24,24.22
1,470.00,61,270.94,384.69,19.32
1,470.00,62,518.02,120.63,7.27
1,470.00,63,517.19,335.71,17.49
1,470.00,64,557.18,828.23,21.19
1,470.00,65,613.63,316.93,12.40
1,470.00,66,222.20,843.33,10.38
1,470.00,67,549.84,668.13,7.30
1,470.00,68,927.36,71.93,0.00
1,470.00,69,911.04,636.14,0.00
1,470.00,70,321.31,328.81,21.54
1,470.00,71,844.39,939.79,8.86
1,470.00,72,462.88,185.18,8.94
1,470.00,73,941.29,318.86,0.00
1,470.00,74,969.12,213.18,0.00
1,470.00,75,633.29,676.96,6.23
1,470.00,76,395.76,245.32,0.00
1,470.00,77,370.94,585.96,5.20
1,470.00,78,704.07,794.42,9.27
1,470.00,79,883.95,811.46,8.19
1,470.00,80,407.51,517.61,18.55
1,470.00,81,258.97,865.28,0.00
1,470.00,82,357.01,509.51,5.32
1,470.00,83,879.68,732.57,10.01
1,470.00,84,726.02,404.03,16.98
1,470.00,85,615.59,367.84,18.00
1,470.00,86,623.46,855.59,18.39
1,470.00,87,302.53,597.77,9.18
1,470.00,88,893.70,216.69,13.22
1,470.00,89,314.71,78.04,0.00
1,470.00,90,745.00,918.20,11.96
1,470.00,91,146.57,125.30,0.00
1,470.00,92,153.52,314.02,8.87
1,470.00,93,255.42,731.18,12.13
1,470.00,94,380.97,277.94,7.09
1,470.00,95,907.86,358.17,15.41
1,470.00,96,764.02,732.36,8.46
1,470.00,97,299.84,423.58,10.07
1,470.00,98,643.06,188.36,9.98
1,470.00,99,649.80,702.41,9.25
1,470.00,100,520.73,830.39,5.58
1,470.00,101,302.68,704.48,21.87
1,470.00,102,671.75,291.21,7.48
1,470.00,103,784.09,386.71,11.09
1,470.00,104,813.00,631.79,22.88
1,470.00,105,839.30,256.39,11.79
1,470.00,106,635.24,119.55,14.27
1,470.00,107,89.86,630.09,6.64
1,470.00,108,421.08,637.35,21.24
1,470.00,109,776.64,805.57,8.16
1,470.00,110,534.86,774.22,8.94
1,470.00,111,84.31,812.18,13.57
1,470.00,112,768.77,133.74,21.27
1,470.00,113,727.58,518.52,17.39
1,470.00,114,571.26,804.21,0.00
1,470.00,115,264.61,589.18,7.90
1,470.00,116,798.44,598.39,5.43
1,470.00,117,153.35,130.76,10.37
1,470.00,118,551.23,668.99,16.35
1,470.00,119,671.05,339.08,7.64
1,470.00,120,426.93,170.13,5.85
1,470.00,121,213.56,801.85,20.01
1,470.00,122,941.98,190.67,5.53
1,470.00,123,61.11,371.29,23.33
1,470.00,124,621.37,915.84,11.16
1,470.00,125,366.60,307.94,9.07
1,470.00,126,379.12,814.60,12.14
1,470.00,127,171.60,694.59,20.85
1,470.00,128,467.09,768.47,10.63
1,470.00,129,829.73,603.67,5.91
1,470.00,130,194.09,383.43,5.28
1,470.00,131,226.96,739.21,22.65
1,470.00,132,788.90,253.91,11.07
1,470.00,133,193.99,541.60,0.00
1,470.00,134,140.04,557.07,0.00
1,470.00,135,351.39,826.37,0.00
1,470.00,136,198.48,162.15,0.00
1,470.00,137,417.00,557.19,10.05
1,470.00,138,175.15,274.92,10.05
1,470.00,139,760.00,392.25,16.07
1,470.00,140,539.10,219.10,7.62
1,470.00,141,289.94,226.50,14.59
1,470.00,142,885.47,929.56,17.27
1,470.00,143,234.18,397.53,6.70
1,470.00,144,688.83,827.12,13.33
1,470.00,145,351.27,276.78,17.91
1,470.00,146,343.13,395.60,18.06
1,470.00,147,517.30,946.14,22.20
1,470.00,148,363.33,846.46,18.74
1,470.00,149,561.45,598.34,10.32
1,470.00,150,847.14,899.89,0.00
1,470.00,151,392.13,932.82,6.60
1,470.00,152,114.74,451.21,13.99
1,470.00,153,163.25,447.98,0.00
1,470.00,154,386.70,416.16,19.17
1,470.00,155,755.99,550.15,10.06
1,470.00,156,293.73,459.85,19.85
1,470.00,157,432.37,570.01,14.32
1,470.00,158,891.55,421.52,19.93
1,470.00,159,807.61,736.06,17.68
1,470.00,160,791.80,590.42,6.37
1,470.00,161,472.67,242.63,7.50
1,470.00,162,696.04,273.26,5.79
1,470.00,163,265.75,470.14,13.51
1,470.00,164,522.76,482.94,7.41
1,470.00,165,828.89,628.96,25.00
1,470.00,166,706.03,263.77,10.46
1,470.00,167,629.53,211.57,8.91
1,470.00,168,727.79,663.44,10.00
1,470.00,169,641.65,303.20,22.35
1,470.00,170,125.30,666.78,0.00
1,470.00,171,668.22,790.22,5.88
1,470.00,172,962.69,56.41,0.00
1,470.00,173,532.31,359.09,8.91
1,470.00,174,665.20,713.25,16.32
1,470.00,175,628.79,753.05,18.59
1,470.00,176,487.05,577.24,8.64
1,470.00,177,709.97,526.96,9.95
1,470.00,178,26.82,92.70,0.00
1,470.00,179,908.09,137.46,23.39
1,470.00,180,395.25,412.38,18.27
1,470.00,181,368.98,742.06,6.45
1,470.00,182,603.32,19.10,24.42
1,470.00,183,648.85,534.96,10.06
1,470.00,184,48.71,509.33,5.26
1,470.00,185,416.71,752.51,12.29
1,470.00,186,180.49,8.81,6.33
1,470.00,187,400.38,868.79,16.14
1,470.00,188,13.37,901.17,0.00
1,470.00,189,460.14,163.23,24.95
1,470.00,190,227.63,841.62,6.05
1,470.00,191,660.15,887.83,8.43
1,470.00,192,378.03,134.45,18.81
1,470.00,193,859.68,314.91,6.65
1,470.00,194,727.17,511.40,10.96
1,470.00,195,656.90,770.11,0.00
1,470.00,196,486.79,638.56,13.93
1,470.00,197,337.19,578.85,0.00
1,470.00,198,917.12,808.08,12.27
1,470.00,199,98.58,423.62,8.48
1,470.00,200,565.70,270.95,10.38
1,470.00,201,535.26,682.40,18.75
1,470.00,202,978.02,726.96,0.00
1,470.00,203,176.13,349.71,14.76
1,470.00,204,741.32,629.95,8.48
1,470.00,205,783.76,730.38,17.67
1,470.00,206,779.53,620.23,11.86
1,470.00,207,543.38,821.09,14.09
1,470.00,208,74.70,851.48,5.93
1,470.00,209,405.24,165.50,16.28
1,470.00,210,134.26,363.81,8.98
1,470.00,211,674.71,363.65,7.99
1,470.00,212,617.17,931.75,0.00
1,470.00,213,822.41,693.27,9.51
1,470.00,214,401.72,689.48,14.15
1,470.00,215,251.82,222.51,11.71
1,470.00,216,626.27,478.10,13.36
1,470.00,217,255.94,816.82,5.81
1,470.00,218,88.70,206.65,10.52
1,470.00,219,542.14,367.73,5.07
1,470.00,220,482.49,451.03,18.22
1,470.00,221,895.53,535.54,7.08
1,470.00,222,287.98,129.23,6.62
1,470.00,223,229.68,704.63,10.01
1,470.00,224,724.96,422.17,12.81
1,470.00,225,637.83,702.68,22.37
1,470.00,226,762.34,633.67,11.16
1,470.00,227,55.83,344.50,5.44
1,470.00,228,411.23,520.47,0.00
1,470.00,229,461.42,826.76,8.10
1,470.00,230,489.58,736.53,13.59
1,470.00,231,201.42,490.20,8.73
1,470.00,232,467.15,734.54,21.44
1,470.00,233,685.90,932.41,5.14
1,470.00,234,82.02,456.95,0.00
1,470.00,235,430.89,148.60,24.26
1,470.00,236,806.95,163.10,0.00
1,470.00,237,715.36,758.10,15.43
1,470.00,238,670.84,835.15,11.75
1,470.00,239,617.56,799.29,15.35
1,470.00,240,211.60,468.07,0.00
1,470.00,241,920.05,597.58,0.00
1,470.00,242,381.70,355.52,24.00
1,470.00,243,113.12,425.81,19.22
1,470.00,244,282.93,398.76,14.47
1,470.00,245,712.41,391.64,19.81
1,470.00,246,220.42,343.92,10.53
1,470.00,247,730.48,362.14,8.17
1,470.00,248,626.41,773.68,8.66
1,470.00,249,833.63,166.22,0.00
1,470.00,250,342.75,663.59,5.57
1,470.00,251,713.06,585.38,7.49
1,470.00,252,667.12,552.52,7.59
1,470.00,253,295.32,273.54,8.15
1,470.00,254,61.99,205.70,0.00
1,470.00,255,111.78,477.76,10.85
1,470.00,256,296.20,131.98,6.65
1,470.00,257,853.77,914.86,7.69
1,470.00,258,595.25,193.68,7.18
1,470.00,259,135.84,308.17,10.05
1,470.00,260,382.89,444.72,22.91
1,470.00,261,332.78,63.87,13.64
1,470.00,262,772.04,403.88,16.35
1,470.00,263,45.17,76.35,7.19
1,470.00,264,686.03,487.97,10.24
1,470.00,265,239.41,61.99,16.29
1,470.00,266,175.47,521.51,20.71
1,470.00,267,629.74,614.33,21.17
1,470.00,268,647.59,148.15,18.93
1,470.00,269,889.20,734.59,6.67
1,470.00,270,411.17,233.22,17.97
1,470.00,271,526.28,484.10,8.91
1,470.00,272,836.91,582.50,5.99
1,470.00,273,151.53,799.80,5.74
1,470.00,274,696.78,395.19,23.21
1,470.00,275,578.33,957.34,15.64
1,470.00,276,98.22,199.80,0.00
1,470.00,277,162.88,273.56,11.50
1,470.00,278,242.20,216.85,10.38
1,470.00,279,108.84,825.74,9.59
1,470.00,280,556.84,508.55,23.20
1,470.00,281,121.78,856.80,24.86
1,470.00,282,667.81,724.04,19.32
1,470.00,283,489.30,327.54,11.35
1,470.00,284,762.84,576.76,14.07
1,470.00,285,466.18,653.30,9.26
1,470.00,286,21.52,493.83,19.64
1,470.00,287,780.66,104.80,7.33
1,470.00,288,232.85,948.22,0.00
1,470.00,289,657.47,183.92,0.00
1,470.00,290,449.16,677.09,19.74
1,470.00,291,893.51,230.34,0.00
1,470.00,292,559.71,83.18,0.00
1,470.00,293,690.25,609.06,16.57
1,470.00,294,935.85,11.55,8.84
1,470.00,295,238.82,976.44,8.29
1,470.00,296,554.40,62.07,0.00
1,470.00,297,495.02,330.53,9.19
1,470.00,298,755.05,321.98,7.67
1,470.00,299,182.62,445.66,24.15
1,480.00,0,329.00,172.00,0.00
1,480.00,1,661.45,14.75,5.44
1,480.00,2,653.20,165.73,9.55
1,480.00,3,498.42,606.39,11.59
1,480.00,4,718.71,805.98,14.34
1,480.00,5,329.83,175.91,0.00
1,480.00,6,809.36,318.70,7.54
1,480.00,7,169.72,430.10,8.91
1,480.00,8,527.25,694.66,10.93
1,480.00,9,230.43,347.83,8.45
1,480.00,10,641.21,340.99,8.47
1,480.00,11,651.58,334.14,19.45
1,480.00,12,338.55,646.56,0.00
1,480.00,13,269.15,752.93,6.48
1,480.00,14,538.44,404.55,7.20
1,480.00,15,625.43,583.93,5.43
1,480.00,16,832.32,743.38,6.44
1,480.00,17,152.60,304.13,17.85
1,480.00,18,216.27,385.70,0.00
1,480.00,19,134.47,703.71,19.67
1,480.00,20,454.33,364.40,6.89
1,480.00,21,339.38,351.37,5.08
1,480.00,22,721.79,369.77,9.95
1,480.00,23,442.52,422.92,11.38
1,480.00,24,795.89,923.05,16.24
1,480.00,25,684.76,487.02,9.27
1,480.00,26,505.96,414.04,0.00
1,480.00,27,127.00,865.61,0.00
1,480.00,28,405.51,11.43,0.00
1,480.00,29,162.63,520.59,5.97
1,480.00,30,75.01,897.36,17.93
1,480.00,31,561.21,168.71,6.40
1,480.00,32,741.18,389.18,14.44
1,480.00,33,729.13,653.91,7.27
1,480.00,34,357.56,571.00,13.11
1,480.00,35,503.62,315.35,0.00
1,480.00,36,187.04,807.84,0.00
1,480.00,37,670.64,439.66,6.92
1,480.00,38,354.78,768.19,13.45
1,480.00,39,738.42,574.21,0.00
1,480.00,40,40.15,239.15,24.28
1,480.00,41,311.50,905.81,0.00
1,480.00,42,862.77,9.95,0.00
1,480.00,43,387.24,628.25,9.07
1,480.00,44,353.22,99.96,13.53
1,480.00,45,455.92,121.72,8.75
1,480.00,46,887.12,490.76,17.37
1,480.00,47,576.95,367.59,5.03
1,480.00,48,495.10,294.28,6.45
1,480.00,49,256.53,448.08,5.21
1,480.00,50,859.70,700.39,13.64
1,480.00,51,354.55,549.21,6.49
1,480.00,52,186.68,302.25,8.85
1,480.00,53,983.06,240.99,7.80
1,480.00,54,164.12,694.78,0.00
1,480.00,55,358.97,611.31,9.25
1,480.00,56,408.99,297.59,0.00
1,480.00,57,643.50,774.35,14.41
1,480.00,58,434.56,448.82,12.04
1,480.00,59,736.04,604.51,5.84
1,480.00,60,203.84,311.01,0.00
1,480.00,61,272.19,384.52,0.00
1,480.00,62,589.91,109.84,7.27
1,480.00,63,525.20,510.38,17.49
1,480.00,64,756.78,899.26,21.19
1,480.00,65,657.95,201.17,12.40
1,480.00,66,163.89,877.77,0.00
1,480.00,67,586.99,730.95,7.30
1,480.00,68,871.66,84.29,17.06
1,480.00,69,918.21,603.70,8.58
1,480.00,70,352.40,541.92,21.54
1,480.00,71,903.80,957.44,0.00
1,480.00,72,377.74,157.88,8.94
1,480.00,73,942.43,331.74,9.20
1,480.00,74,864.71,186.78,14.07
1,480.00,75,590.71,631.45,6.23
1,480.00,76,405.31,251.88,7.00
1,480.00,77,349.51,633.36,5.20
1,480.00,78,703.67,867.21,0.00
1,480.00,79,835.45,745.43,8.19
1,480.00,80,224.68,486.23,18.55
1,480.00,81,244.00,818.89,17.38
1,480.00,82,330.59,555.65,5.32
1,480.00,83,939.21,652.12,10.01
1,480.00,84,808.23,552.63,16.98
1,480.00,85,747.42,374.41,0.00
1,480.00,86,717.52,975.15,0.00
1,480.00,87,376.57,543.51,9.18
1,480.00,88,761.70,210.24,13.22
1,480.00,89,281.10,190.77,16.98
1,480.00,90,671.84,823.64,11.96
1,480.00,91,151.96,130.67,11.48
1,480.00,92,135.72,301.98,0.00
1,480.00,93,365.64,680.59,12.13
1,480.00,94,444.34,246.20,7.09
1,480.00,95,910.94,512.26,15.41
1,480.00,96,784.08,814.54,8.46
1,480.00,97,203.14,395.61,10.07
1,480.00,98,543.49,195.58,9.98
1,480.00,99,697.68,741.48,0.00
1,480.00,100,524.93,834.34,0.00
1,480.00,101,448.69,541.62,21.87
1,480.00,102,609.40,249.81,7.48
1,480.00,103,730.37,483.69,11.09
1,480.00,104,629.08,763.48,0.00
1,480.00,105,752.08,177.01,11.79
1,480.00,106,559.84,97.27,0.00
1,480.00,107,144.41,592.26,6.64
1,480.00,108,237.55,744.30,21.24
1,480.00,109,838.74,858.52,8.16
1,480.00,110,454.25,735.45,8.94
1,480.00,111,36.48,818.41,0.00
1,480.00,112,792.96,114.35,0.00
1,480.00,113,715.47,345.09,17.39
1,480.00,114,580.81,782.70,12.42
1,480.00,115,341.83,572.48,7.90
1,480.00,116,789.56,544.84,5.43
1,480.00,117,172.29,33.04,0.00
1,480.00,118,557.04,531.73,0.00
1,480.00,119,698.26,315.59,0.00
1,480.00,120,372.36,191.12,5.85
1,480.00,121,110.96,630.06,20.01
1,480.00,122,886.82,186.62,5.53
1,480.00,123,104.21,142.01,23.33
1,480.00,124,514.94,882.42,11.16
1,480.00,125,381.93,331.34,0.00
1,480.00,126,377.89,827.47,0.00
1,480.00,127,184.84,679.11,0.00
1,480.00,128,541.28,741.68,0.00
1,480.00,129,789.56,647.09,5.91
1,480.00,130,229.49,422.57,5.28
1,480.00,131,209.09,963.23,0.00
1,480.00,132,840.44,155.98,11.07
1,480.00,133,234.12,656.37,19.29
1,480.00,134,163.27,536.04,13.27
1,480.00,135,375.44,789.45,17.40
1,480.00,136,223.88,194.93,7.74
1,480.00,137,320.48,529.25,10.05
1,480.00,138,198.26,372.77,10.05
1,480.00,139,601.79,420.64,16.07
1,480.00,140,566.97,290.03,7.62
1,480.00,141,270.00,371.00,14.59
1,480.00,142,878.90,981.71,0.00
1,480.00,143,295.43,370.27,6.70
1,480.00,144,555.62,823.49,13.33
1,480.00,145,248.27,238.57,0.00
1,480.00,146,490.16,290.67,18.06
1,480.00,147,737.39,975.42,22.20
1,480.00,148,178.00,819.00,18.74
1,480.00,149,663.36,582.37,10.32
1,480.00,150,836.98,901.41,16.24
1,480.00,151,344.56,887.09,6.60
1,480.00,152,220.59,542.64,13.99
1,480.00,153,248.13,506.88,18.57
1,480.00,154,394.95,419.54,0.00
1,480.00,155,725.93,454.14,10.06
1,480.00,156,264.82,263.44,19.85
1,480.00,157,380.68,436.45,14.32
1,480.00,158,694.46,451.08,19.93
1,480.00,159,845.24,758.73,0.00
1,480.00,160,830.50,539.88,6.37
1,480.00,161,399.34,258.36,7.50
1,480.00,162,731.30,319.17,5.79
1,480.00,163,220.47,342.84,13.51
1,480.00,164,477.65,424.16,7.41
1,480.00,165,875.32,674.70,0.00
1,480.00,166,639.53,344.48,10.46
1,480.00,167,567.55,275.51,8.91
1,480.00,168,627.88,666.63,10.00
1,480.00,169,788.05,472.12,22.35
1,480.00,170,171.09,648.39,10.16
1,480.00,171,632.17,743.81,5.88
1,480.00,172,850.19,109.21,16.58
1,480.00,173,556.50,273.36,8.91
1,480.00,174,504.19,686.83,16.32
1,480.00,175,653.49,758.50,0.00
1,480.00,176,430.80,642.76,8.64
1,480.00,177,725.29,625.32,9.95
1,480.00,178,58.56,103.42,23.76
1,480.00,179,747.96,307.88,23.39
1,480.00,180,312.09,575.03,18.27
1,480.00,181,322.72,697.13,6.45
1,480.00,182,359.41,31.83,24.42
1,480.00,183,701.10,449.00,10.06
1,480.00,184,6.39,525.62,0.00
1,480.00,185,516.19,680.39,12.29
1,480.00,186,180.30,2.27,0.00
1,480.00,187,443.27,713.20,16.14
1,480.00,188,167.15,889.10,16.59
1,480.00,189,684.18,272.96,24.95
1,480.00,190,287.36,851.01,6.05
1,480.00,191,651.17,925.40,0.00
1,480.00,192,526.85,249.56,18.81
1,480.00,193,873.01,249.77,6.65
1,480.00,194,632.82,455.64,10.96
1,480.00,195,575.23,810.47,19.24
1,480.00,196,430.72,511.06,13.93
1,480.00,197,417.93,590.03,9.55
1,480.00,198,974.40,916.55,12.27
1,480.00,199,42.35,360.10,8.48
1,480.00,200,571.37,167.28,10.38
1,480.00,201,551.49,495.56,18.75
1,480.00,202,930.44,718.03,22.47
1,480.00,203,195.46,203.38,14.76
1,480.00,204,746.76,618.47,0.00
1,480.00,205,910.17,711.59,0.00
1,480.00,206,690.06,542.37,11.86
1,480.00,207,509.48,917.78,0.00
1,480.00,208,71.61,900.07,0.00
1,480.00,209,453.73,64.74,0.00
1,480.00,210,174.90,283.69,8.98
1,480.00,211,710.22,292.04,7.99
1,480.00,212,608.52,933.08,6.21
1,480.00,213,915.92,675.74,9.51
1,480.00,214,489.37,578.37,14.15
1,480.00,215,227.76,107.93,11.71
1,480.00,216,532.80,382.64,13.36
1,480.00,217,231.26,854.92,0.00
1,480.00,218,5.60,176.63,0.00
1,480.00,219,513.05,326.26,5.07
1,480.00,220,345.72,330.72,18.22
1,480.00,221,965.00,522.07,7.08
1,480.00,222,224.20,111.61,6.62
1,480.00,223,242.26,763.34,0.00
1,480.00,224,726.36,294.10,12.81
1,480.00,225,746.04,737.26,0.00
1,480.00,226,789.65,615.30,0.00
1,480.00,227,6.55,323.17,0.00
1,480.00,228,376.20,435.40,15.79
1,480.00,229,522.48,879.95,8.10
1,480.00,230,619.49,696.63,13.59
1,480.00,231,162.33,480.54,0.00
1,480.00,232,676.30,687.45,21.44
1,480.00,233,634.63,936.33,5.14
1,480.00,234,132.59,422.18,23.37
1,480.00,235,661.09,72.18,24.26
1,480.00,236,680.64,237.46,23.66
1,480.00,237,674.66,794.34,0.00
1,480.00,238,722.82,816.46,0.00
1,480.00,239,623.65,838.19,0.00
1,480.00,240,264.46,316.21,24.49
1,480.00,241,822.20,528.56,20.68
1,480.00,242,611.74,287.21,24.00
1,480.00,243,153.44,237.93,19.22
1,480.00,244,369.95,514.37,14.47
1,480.00,245,684.42,195.50,19.81
1,480.00,246,132.84,285.40,10.53
1,480.00,247,811.81,354.33,8.17
1,480.00,248,540.78,760.63,8.66
1,480.00,249,758.51,239.32,15.86
1,480.00,250,298.52,697.52,5.57
1,480.00,251,787.14,596.69,7.49
1,480.00,252,620.53,492.56,7.59
1,480.00,253,231.81,222.53,8.15
1,480.00,254,105.25,272.49,18.78
1,480.00,255,109.96,369.27,10.85
1,480.00,256,299.95,198.42,6.65
1,480.00,257,838.56,839.52,7.69
1,480.00,258,590.90,187.75,0.00
1,480.00,259,73.53,310.75,0.00
1,480.00,260,342.51,670.28,22.91
1,480.00,261,439.22,149.10,13.64
1,480.00,262,824.04,270.58,0.00
1,480.00,263,26.14,57.85,0.00
1,480.00,264,674.31,589.73,10.24
1,480.00,265,201.38,16.71,0.00
1,480.00,266,381.85,504.40,20.71
1,480.00,267,529.83,427.70,21.17
1,480.00,268,671.48,101.91,0.00
1,480.00,269,824.04,748.91,6.67
1,480.00,270,527.01,370.57,17.97
1,480.00,271,493.96,401.12,8.91
1,480.00,272,783.64,609.96,5.99
1,480.00,273,202.68,773.81,5.74
1,480.00,274,847.28,487.40,0.00
1,480.00,275,576.36,977.57,0.00
1,480.00,276,127.66,221.23,22.28
1,480.00,277,167.66,388.48,11.50
1,480.00,278,227.05,319.55,10.38
1,480.00,279,93.72,731.08,9.59
1,480.00,280,583.39,278.08,23.20
1,480.00,281,178.23,614.64,24.86
1,480.00,282,719.39,537.87,19.32
1,480.00,283,442.76,224.05,11.35
1,480.00,284,900.91,603.81,14.07
1,480.00,285,426.60,569.58,9.26
1,480.00,286,4.85,502.33,0.00
1,480.00,287,768.12,176.98,7.33
1,480.00,288,233.18,947.76,7.24
1,480.00,289,591.15,223.39,22.54
1,480.00,290,362.84,854.63,19.74
1,480.00,291,881.64,238.24,5.05
1,480.00,292,539.33,172.04,9.30
1,480.00,293,547.81,524.44,16.57
1,480.00,294,847.50,15.00,8.84
1,480.00,295,318.39,953.32,8.29
1,480.00,296,483.02,81.21,16.56
1,480.00,297,433.25,262.47,9.19
1,480.00,298,693.26,367.47,7.67
1,480.00,299,156.50,385.67,0.00
1,490.00,0,416.95,242.09,19.18
1,490.00,1,661.73,14.59,0.00
1,490.00,2,632.21,258.90,9.55
1,490.00,3,611.28,580.23,11.59
1,490.00,4,588.75,866.67,14.34
1,490.00,5,395.23,229.13,14.68
1,490.00,6,807.88,328.61,0.00
1,490.00,7,255.19,404.84,8.91
1,490.00,8,636.59,696.44,10.93
1,490.00,9,291.43,289.31,8.45
1,490.00,10,720.89,312.20,8.47
1,490.00,11,572.76,156.30,19.45
1,490.00,12,447.19,611.54,11.67
1,490.00,13,217.49,792.07,6.48
1,490.00,14,500.00,343.66,7.20
1,490.00,15,579.79,613.43,5.43
1,490.00,16,770.56,725.02,6.44
1,490.00,17,29.72,174.61,17.85
1,490.00,18,237.92,429.06,18.08
1,490.00,19,331.04,710.50,19.67
1,490.00,20,512.15,401.89,6.89
1,490.00,21,388.02,336.66,5.08
1,490.00,22,755.02,275.94,9.95
1,490.00,23,556.07,416.05,11.38
1,490.00,24,787.04,760.92,16.24
1,490.00,25,771.72,454.97,9.27
1,490.00,26,491.47,614.97,22.38
1,490.00,27,192.90,819.72,21.18
1,490.00,28,431.59,71.34,18.43
1,490.00,29,138.64,465.89,5.97
1,490.00,30,161.11,740.09,17.93
1,490.00,31,575.04,231.24,6.40
1,490.00,32,629.10,298.14,14.44
1,490.00,33,733.27,654.80,0.00
1,490.00,34,333.67,622.05,0.00
1,490.00,35,514.24,329.75,18.07
1,490.00,36,235.20,772.86,18.32
1,490.00,37,623.03,389.39,6.92
1,490.00,38,235.37,706.29,13.45
1,490.00,39,660.05,608.26,10.69
1,490.00,40,22.34,174.47,0.00
1,490.00,41,317.96,886.90,17.54
1,490.00,42,851.39,26.15,8.16
1,490.00,43,434.08,550.55,9.07
1,490.00,44,469.39,104.10,0.00
1,490.00,45,539.25,94.96,8.75
1,490.00,46,733.94,572.75,17.37
1,490.00,47,624.57,383.83,5.03
1,490.00,48,436.49,267.27,6.45
1,490.00,49,298.39,479.14,5.21
1,490.00,50,798.55,578.47,13.64
1,490.00,51,319.76,518.02,0.00
1,490.00,52,157.17,218.85,8.85
1,490.00,53,975.12,318.60,7.80
1,490.00,54,158.37,666.93,9.43
1,490.00,55,434.35,557.75,9.25
1,490.00,56,445.33,324.94,8.77
1,490.00,57,520.05,848.70,14.41
1,490.00,58,524.29,368.61,12.04
1,490.00,59,735.73,546.12,5.84
1,490.00,60,210.03,226.97,10.37
1,490.00,61,356.67,429.64,9.64
1,490.00,62,661.79,99.06,7.27
1,490.00,63,533.22,685.05,17.49
1,490.00,64,947.23,967.03,0.00
1,490.00,65,702.28,85.41,12.40
1,490.00,66,185.43,865.72,7.10
1,490.00,67,624.13,793.77,7.30
1,490.00,68,705.15,121.25,17.06
1,490.00,69,936.72,519.89,8.58
1,490.00,70,383.48,755.04,21.54
1,490.00,71,890.67,922.70,12.37
1,490.00,72,292.59,130.58,8.94
1,490.00,73,950.55,423.39,9.20
1,490.00,74,728.27,152.28,14.07
1,490.00,75,548.14,585.93,6.23
1,490.00,76,463.00,291.54,7.00
1,490.00,77,328.08,680.77,5.20
1,490.00,78,651.60,855.51,24.85
1,490.00,79,786.95,679.41,8.19
1,490.00,80,95.53,464.06,0.00
1,490.00,81,190.59,653.45,17.38
1,490.00,82,304.18,601.78,5.32
1,490.00,83,946.88,641.76,0.00
1,490.00,84,890.44,701.24,16.98
1,490.00,85,689.56,368.40,21.83
1,490.00,86,710.78,950.28,14.91
1,490.00,87,450.60,489.26,9.18
1,490.00,88,629.70,203.79,13.22
1,490.00,89,232.58,353.51,16.98
1,490.00,90,598.69,729.08,11.96
1,490.00,91,233.23,211.72,11.48
1,490.00,92,183.25,308.74,6.34
1,490.00,93,475.87,630.00,12.13
1,490.00,94,507.71,214.47,7.09
1,490.00,95,914.02,666.34,15.41
1,490.00,96,804.14,896.71,8.46
1,490.00,97,154.87,381.65,0.00
1,490.00,98,443.92,202.80,9.98
1,490.00,99,624.89,748.50,22.02
1,490.00,100,479.75,828.32,5.08
1,490.00,101,448.95,541.33,0.00
1,490.00,102,547.06,208.40,7.48
1,490.00,103,676.66,580.66,11.09
1,490.00,104,627.37,762.79,16.23
1,490.00,105,664.86,97.62,11.79
1,490.00,106,507.74,127.19,13.38
1,490.00,107,198.96,554.43,6.64
1,490.00,108,58.70,848.52,0.00
1,490.00,109,900.85,911.46,8.16
1,490.00,110,373.65,696.68,8.94
1,490.00,111,161.70,846.23,19.90
1,490.00,112,819.26,262.02,17.56
1,490.00,113,703.71,176.59,0.00
1,490.00,114,631.19,669.23,12.42
1,490.00,115,419.06,555.77,7.90
1,490.00,116,780.67,491.30,5.43
1,490.00,117,172.75,36.65,9.00
1,490.00,118,541.40,509.70,16.90
1,490.00,119,758.43,428.99,24.23
1,490.00,120,333.26,206.15,0.00
1,490.00,121,99.34,610.60,0.00
1,490.00,122,831.66,182.57,5.53
1,490.00,123,118.26,67.27,0.00
1,490.00,124,408.51,849.00,11.16
1,490.00,125,407.39,466.73,19.92
1,490.00,126,474.92,859.65,0.00
1,490.00,127,353.09,685.18,18.66
1,490.00,128,563.07,699.35,18.45
1,490.00,129,749.40,690.51,5.91
1,490.00,130,264.88,461.70,5.28
1,490.00,131,209.77,962.55,12.16
1,490.00,132,846.25,144.94,0.00
1,490.00,133,279.81,787.02,0.00
1,490.00,134,261.64,446.97,13.27
1,490.00,135,470.39,643.69,17.40
1,490.00,136,271.29,256.12,7.74
1,490.00,137,223.96,501.30,10.05
1,490.00,138,221.37,470.63,10.05
1,490.00,139,478.78,442.72,0.00
1,490.00,140,594.84,360.95,7.62
1,490.00,141,250.05,515.50,14.59
1,490.00,142,847.51,846.97,19.89
1,490.00,143,356.68,343.02,6.70
1,490.00,144,475.01,821.29,0.00
1,490.00,145,293.56,266.87,13.82
1,490.00,146,637.19,185.73,18.06
1,490.00,147,760.28,978.46,0.00
1,490.00,148,76.59,803.98,0.00
1,490.00,149,765.28,566.39,10.32
1,490.00,150,676.32,925.39,16.24
1,490.00,151,297.00,841.35,6.60
1,490.00,152,326.44,634.08,13.99
1,490.00,153,400.72,612.77,18.57
1,490.00,154,460.08,226.85,21.33
1,490.00,155,695.88,358.13,10.06
1,490.00,156,240.06,95.20,0.00
1,490.00,157,328.99,302.90,14.32
1,490.00,158,497.37,480.64,19.93
1,490.00,159,765.21,666.19,16.28
1,490.00,160,869.19,489.33,6.37
1,490.00,161,326.01,274.08,7.50
1,490.00,162,766.56,365.09,5.79
1,490.00,163,175.18,215.53,13.51
1,490.00,164,432.54,365.38,7.41
1,490.00,165,866.96,573.67,13.71
1,490.00,166,573.03,425.19,10.46
1,490.00,167,505.56,339.44,8.91
1,490.00,168,527.97,669.81,10.00
1,490.00,169,929.91,635.80,0.00
1,490.00,170,265.38,610.53,10.16
1,490.00,171,596.12,697.41,5.88
1,490.00,172,700.09,179.64,16.58
1,490.00,173,580.69,187.64,8.91
1,490.00,174,418.78,672.82,0.00
1,490.00,175,573.20,727.68,9.95
1,490.00,176,374.55,708.27,8.64
1,490.00,177,740.61,723.69,9.95
1,490.00,178,283.68,179.45,23.76
1,490.00,179,587.82,478.31,23.39
1,490.00,180,228.93,737.68,18.27
1,490.00,181,296.26,671.44,0.00
1,490.00,182,115.51,44.57,24.42
1,490.00,183,753.35,363.04,10.06
1,490.00,184,15.46,537.17,10.69
1,490.00,185,615.67,608.27,12.29
1,490.00,186,271.73,96.06,14.61
1,490.00,187,486.16,557.62,16.14
1,490.00,188,332.50,876.12,16.59
1,490.00,189,908.22,382.69,24.95
1,490.00,190,347.10,860.41,6.05
1,490.00,191,620.56,860.75,13.21
1,490.00,192,675.67,364.67,18.81
1,490.00,193,886.30,184.84,0.00
1,490.00,194,538.47,399.88,10.96
1,490.00,195,447.47,873.62,0.00
1,490.00,196,374.65,383.56,13.93
1,490.00,197,512.51,603.13,9.55
1,490.00,198,978.41,924.13,0.00
1,490.00,199,3.93,316.70,0.00
1,490.00,200,575.69,88.33,0.00
1,490.00,201,567.71,308.72,18.75
1,490.00,202,709.59,676.59,22.47
1,490.00,203,214.79,57.06,14.76
1,490.00,204,814.39,612.41,7.99
1,490.00,205,871.40,697.68,14.90
1,490.00,206,600.59,464.51,11.86
1,490.00,207,537.48,861.78,22.93
1,490.00,208,67.26,867.72,18.25
1,490.00,209,458.48,108.02,13.90
1,490.00,210,215.54,203.57,8.98
1,490.00,211,745.72,220.44,7.99
1,490.00,212,547.19,942.55,6.21
1,490.00,213,967.08,666.16,0.00
1,490.00,214,542.92,510.49,0.00
1,490.00,215,218.74,64.98,0.00
1,490.00,216,439.34,287.18,13.36
1,490.00,217,245.91,852.04,6.84
1,490.00,218,15.13,183.02,7.18
1,490.00,219,483.95,284.79,5.07
1,490.00,220,208.95,210.42,18.22
1,490.00,221,997.83,515.70,0.00
1,490.00,222,209.05,107.43,0.00
1,490.00,223,198.08,674.76,24.74
1,490.00,224,727.76,166.56,0.00
1,490.00,225,700.98,632.49,23.17
1,490.00,226,759.62,542.76,11.13
1,490.00,227,8.20,323.01,12.93
1,490.00,228,316.08,289.40,15.79
1,490.00,229,541.11,896.18,0.00
1,490.00,230,685.84,676.25,0.00
1,490.00,231,232.43,453.57,13.94
1,490.00,232,885.46,640.37,21.44
1,490.00,233,583.37,940.25,5.14
1,490.00,234,292.62,312.13,0.00
1,490.00,235,856.96,7.16,0.00
1,490.00,236,476.74,357.50,23.66
1,490.00,237,654.39,671.08,19.31
1,490.00,238,650.74,749.01,18.62
1,490.00,239,566.83,836.77,7.64
1,490.00,240,279.88,271.90,0.00
1,490.00,241,653.22,409.36,20.68
1,490.00,242,686.18,265.10,0.00
1,490.00,243,193.75,50.05,19.22
1,490.00,244,399.06,553.04,0.00
1,490.00,245,660.13,25.29,0.00
1,490.00,246,47.05,228.07,0.00
1,490.00,247,893.15,346.52,8.17
1,490.00,248,455.15,747.58,8.66
1,490.00,249,644.87,349.89,15.86
1,490.00,250,254.30,731.45,5.57
1,490.00,251,861.23,608.00,7.49
1,490.00,252,575.64,434.80,0.00
1,490.00,253,168.30,171.53,8.15
1,490.00,254,207.36,430.16,18.78
1,490.00,255,108.25,267.02,0.00
1,490.00,256,303.69,264.85,6.65
1,490.00,257,823.34,764.18,7.69
1,490.00,258,657.52,159.88,8.05
1,490.00,259,122.13,379.00,22.08
1,490.00,260,318.89,802.18,0.00
1,490.00,261,545.67,234.33,13.64
1,490.00,262,804.50,270.25,15.67
1,490.00,263,46.82,115.22,9.67
1,490.00,264,662.60,691.49,10.24
1,490.00,265,129.70,16.82,0.00
1,490.00,266,588.23,487.29,20.71
1,490.00,267,429.91,241.06,21.17
1,490.00,268,685.38,268.17,23.01
1,490.00,269,758.89,763.24,6.67
1,490.00,270,642.85,507.92,17.97
1,490.00,271,461.64,318.14,8.91
1,490.00,272,730.37,637.42,5.99
1,490.00,273,253.83,747.82,5.74
1,490.00,274,834.76,484.42,5.37
1,490.00,275,558.91,853.00,14.46
1,490.00,276,307.77,352.37,22.28
1,490.00,277,172.43,503.39,11.50
1,490.00,278,211.91,422.25,10.38
1,490.00,279,78.60,636.42,9.59
1,490.00,280,607.33,70.23,0.00
1,490.00,281,202.90,508.82,0.00
1,490.00,282,770.96,351.70,19.32
1,490.00,283,401.47,132.23,0.00
1,490.00,284,988.68,621.00,0.00
1,490.00,285,387.03,485.86,9.26
1,490.00,286,146.10,345.07,23.36
1,490.00,287,755.57,249.16,7.33
1,490.00,288,275.27,888.86,7.24
1,490.00,289,397.45,338.67,22.54
1,490.00,290,349.11,882.89,0.00
1,490.00,291,839.63,266.19,5.05
1,490.00,292,518.54,262.67,9.30
1,490.00,293,405.38,439.82,16.57
1,490.00,294,759.14,18.46,8.84
1,490.00,295,397.97,930.20,8.29
1,490.00,296,323.02,124.09,16.56
1,490.00,297,371.48,194.41,9.19
1,490.00,298,631.48,412.96,7.67
1,490.00,299,191.54,517.14,18.66
1,500.00,0,566.99,361.64,19.18
1,500.00,1,586.47,188.12,19.03
1,500.00,2,627.10,281.59,0.00
1,500.00,3,724.14,554.08,11.59
1,500.00,4,492.66,911.54,0.00
1,500.00,5,509.08,321.80,14.68
1,500.00,6,704.04,199.01,19.15
1,500.00,7,340.66,379.59,8.91
1,500.00,8,745.92,698.21,10.93
1,500.00,9,352.43,230.79,8.45
1,500.00,10,800.57,283.41,8.47
1,500.00,11,564.50,137.65,0.00
1,500.00,12,558.29,575.73,11.67
1,500.00,13,165.84,831.21,6.48
1,500.00,14,488.04,324.71,0.00
1,500.00,15,534.15,642.93,5.43
1,500.00,16,708.80,706.67,6.44
1,500.00,17,21.27,165.72,0.00
1,500.00,18,318.70,590.86,18.08
1,500.00,19,496.59,716.22,0.00
1,500.00,20,569.97,439.39,6.89
1,500.00,21,436.66,321.96,5.08
1,500.00,22,781.14,202.16,0.00
1,500.00,23,669.62,409.17,11.38
1,500.00,24,778.20,598.79,16.24
1,500.00,25,858.68,422.91,9.27
1,500.00,26,475.37,838.19,22.38
1,500.00,27,345.19,713.70,0.00
1,500.00,28,505.15,240.27,18.43
1,500.00,29,114.65,411.20,5.97
1,500.00,30,247.22,582.82,17.93
1,500.00,31,588.87,293.78,6.40
1,500.00,32,572.96,252.53,0.00
1,500.00,33,704.16,509.63,15.72
1,500.00,34,374.84,631.89,7.42
1,500.00,35,621.48,475.24,18.07
1,500.00,36,383.45,665.18,18.32
1,500.00,37,575.42,339.12,6.92
1,500.00,38,115.97,644.39,13.45
1,500.00,39,562.04,650.85,10.69
1,500.00,40,92.53,165.33,9.78
1,500.00,41,374.65,720.89,17.54
1,500.00,42,804.43,92.93,8.16
1,500.00,43,480.92,472.84,9.07
1,500.00,44,467.22,120.13,11.49
1,500.00,45,622.57,68.20,8.75
1,500.00,46,580.76,654.74,17.37
1,500.00,47,672.19,400.06,5.03
1,500.00,48,377.87,240.25,6.45
1,500.00,49,340.25,510.19,5.21
1,500.00,50,737.41,456.54,13.64
1,500.00,51,332.26,507.15,5.93
1,500.00,52,127.67,135.46,8.85
1,500.00,53,967.19,396.21,7.80
1,500.00,54,139.32,574.53,9.43
1,500.00,55,509.74,504.20,9.25
1,500.00,56,515.39,377.66,8.77
1,500.00,57,396.59,923.04,14.41
1,500.00,58,614.01,288.39,12.04
1,500.00,59,735.41,487.74,5.84
1,500.00,60,215.54,152.24,0.00
1,500.00,61,441.70,475.05,9.64
1,500.00,62,733.68,88.27,7.27
1,500.00,63,533.85,698.83,0.00
1,500.00,64,943.77,966.26,7.74
1,500.00,65,720.77,37.11,0.00
1,500.00,66,247.35,831.07,7.10
1,500.00,67,661.28,856.59,7.30
1,500.00,68,538.64,158.21,17.06
1,500.00,69,954.90,437.60,0.00
1,500.00,70,404.17,896.85,0.00
1,500.00,71,846.95,807.00,12.37
1,500.00,72,207.44,103.27,8.94
1,500.00,73,958.66,515.03,9.20
1,500.00,74,591.84,117.79,14.07
1,500.00,75,505.57,540.42,6.23
1,500.00,76,520.70,331.21,7.00
1,500.00,77,307.00,727.39,0.00
1,500.00,78,409.17,801.04,24.85
1,500.00,79,738.45,613.38,8.19
1,500.00,80,111.13,478.42,7.22
1,500.00,81,137.19,488.02,17.38
1,500.00,82,277.76,647.91,5.32
1,500.00,83,802.90,570.21,18.46
1,500.00,84,951.15,810.97,0.00
1,500.00,85,472.42,345.83,21.83
1,500.00,86,671.75,806.42,14.91
1,500.00,87,524.64,435.00,9.18
1,500.00,88,510.37,197.96,0.00
1,500.00,89,226.57,373.65,0.00
1,500.00,90,525.53,634.52,11.96
1,500.00,91,314.50,292.76,11.48
1,500.00,92,246.00,317.68,6.34
1,500.00,93,586.10,579.40,12.13
1,500.00,94,571.07,182.74,7.09
1,500.00,95,917.10,820.43,15.41
1,500.00,96,822.66,972.55,0.00
1,500.00,97,232.23,408.90,16.38
1,500.00,98,344.35,210.02,9.98
1,500.00,99,405.67,769.65,22.02
1,500.00,100,474.61,827.64,0.00
1,500.00,101,383.94,430.36,12.88
1,500.00,102,484.71,166.99,7.48
1,500.00,103,622.94,677.64,11.09
1,500.00,104,476.93,701.90,16.23
1,500.00,105,652.48,86.35,0.00
1,500.00,106,391.73,193.81,13.38
1,500.00,107,253.50,516.60,6.64
1,500.00,108,63.25,845.88,20.65
1,500.00,109,952.88,955.82,0.00
1,500.00,110,293.05,657.91,8.94
1,500.00,111,355.96,889.40,19.90
1,500.00,112,850.06,434.88,17.56
1,500.00,113,701.30,181.19,18.21
1,500.00,114,681.57,555.76,12.42
1,500.00,115,496.28,539.07,7.90
1,500.00,116,771.79,437.75,5.43
1,500.00,117,184.04,125.89,9.00
1,500.00,118,443.55,371.86,16.90
1,500.00,119,834.67,572.65,0.00
1,500.00,120,337.02,220.83,5.34
1,500.00,121,179.30,672.77,11.42
1,500.00,122,776.51,178.52,5.53
1,500.00,123,210.05,190.35,22.78
1,500.00,124,315.90,819.91,0.00
1,500.00,125,444.19,662.46,19.92
1,500.00,126,556.95,848.50,19.09
1,500.00,127,539.55,691.91,18.66
1,500.00,128,639.84,550.15,0.00
1,500.00,129,709.23,733.93,5.91
1,500.00,130,300.28,500.84,5.28
1,500.00,131,295.17,876.03,12.16
1,500.00,132,799.67,153.25,5.33
1,500.00,133,294.32,778.58,5.95
1,500.00,134,360.01,357.91,13.27
1,500.00,135,565.34,497.94,17.40
1,500.00,136,318.71,317.32,7.74
1,500.00,137,127.44,473.36,10.05
1,500.00,138,244.48,568.49,10.05
1,500.00,139,480.99,455.10,5.65
1,500.00,140,622.71,431.87,7.62
1,500.00,141,230.11,660.00,14.59
1,500.00,142,802.39,653.28,19.89
1,500.00,143,417.93,315.76,6.70
1,500.00,144,419.38,740.27,24.89
1,500.00,145,410.75,340.12,13.82
1,500.00,146,784.22,80.79,18.06
1,500.00,147,569.80,906.85,22.71
1,500.00,148,160.73,757.17,21.26
1,500.00,149,867.19,550.42,10.32
1,500.00,150,515.66,949.37,16.24
1,500.00,151,249.43,795.62,6.60
1,500.00,152,432.30,725.51,13.99
1,500.00,153,553.31,718.66,18.57
1,500.00,154,528.39,24.77,21.33
1,500.00,155,665.83,262.12,10.06
1,500.00,156,243.78,107.96,9.27
1,500.00,157,304.98,240.87,0.00
1,500.00,158,300.28,510.21,19.93
1,500.00,159,658.70,543.05,16.28
1,500.00,160,907.89,438.79,6.37
1,500.00,161,321.05,275.15,0.00
1,500.00,162,801.82,411.00,5.79
1,500.00,163,169.31,199.03,0.00
1,500.00,164,387.43,306.59,7.41
1,500.00,165,855.65,437.02,13.71
1,500.00,166,543.76,460.72,0.00
1,500.00,167,443.58,403.38,8.91
1,500.00,168,428.06,673.00,10.00
1,500.00,169,926.59,630.91,19.03
1,500.00,170,359.67,572.66,10.16
1,500.00,171,560.07,651.00,5.88
1,500.00,172,550.00,250.08,16.58
1,500.00,173,604.88,101.92,8.91
1,500.00,174,502.22,644.01,18.80
1,500.00,175,480.26,692.02,9.95
1,500.00,176,318.30,773.79,8.64
1,500.00,177,755.93,822.05,9.95
1,500.00,178,305.23,186.73,0.00
1,500.00,179,455.20,619.46,0.00
1,500.00,180,147.71,896.52,0.00
1,500.00,181,304.62,649.35,5.51
1,500.00,182,109.15,44.90,0.00
1,500.00,183,805.60,277.09,10.06
1,500.00,184,81.46,621.26,10.69
1,500.00,185,715.15,536.15,12.29
1,500.00,186,373.71,200.66,14.61
1,500.00,187,529.05,402.04,16.14
1,500.00,188,497.85,863.14,16.59
1,500.00,189,995.57,425.48,0.00
1,500.00,190,406.83,869.80,6.05
1,500.00,191,564.04,741.38,13.21
1,500.00,192,824.48,479.78,18.81
1,500.00,193,885.82,185.16,16.92
1,500.00,194,444.11,344.11,10.96
1,500.00,195,417.44,871.83,11.60
1,500.00,196,354.97,338.82,0.00
1,500.00,197,607.09,616.23,9.55
1,500.00,198,837.78,872.51,16.11
1,500.00,199,45.07,357.98,18.41
1,500.00,200,570.12,117.21,12.34
1,500.00,201,578.24,187.41,0.00
1,500.00,202,488.74,635.16,22.47
1,500.00,203,215.63,50.69,0.00
1,500.00,204,893.93,605.29,7.99
1,500.00,205,731.17,647.40,14.90
1,500.00,206,535.45,407.82,0.00
1,500.00,207,640.06,656.69,22.93
1,500.00,208,42.96,686.83,18.25
1,500.00,209,473.62,246.15,13.90
1,500.00,210,256.18,123.45,8.98
1,500.00,211,781.23,148.83,7.99
1,500.00,212,487.01,951.83,0.00
1,500.00,213,923.41,625.35,13.20
1,500.00,214,537.25,553.46,11.14
1,500.00,215,226.18,101.68,5.99
1,500.00,216,424.73,272.26,0.00
1,500.00,217,313.01,838.82,6.84
1,500.00,218,74.75,223.03,7.18
1,500.00,219,454.86,243.32,5.07
1,500.00,220,174.16,179.82,0.00
1,500.00,221,971.01,441.68,14.93
1,500.00,222,392.10,145.87,24.53
1,500.00,223,87.65,453.40,24.74
1,500.00,224,726.94,166.72,20.41
1,500.00,225,609.42,419.64,23.17
1,500.00,226,738.98,492.90,0.00
1,500.00,227,136.88,310.33,12.93
1,500.00,228,259.81,152.73,0.00
1,500.00,229,474.41,927.27,10.59
1,500.00,230,703.94,642.82,7.77
1,500.00,231,362.54,403.52,13.94
1,500.00,232,964.46,622.58,0.00
1,500.00,233,532.10,944.16,5.14
1,500.00,234,281.72,332.15,13.51
1,500.00,235,842.17,24.63,15.35
1,500.00,236,272.84,477.54,23.66
1,500.00,237,643.51,604.90,0.00
1,500.00,238,514.78,621.77,18.62
1,500.00,239,490.41,834.87,7.64
1,500.00,240,424.05,268.21,17.84
1,500.00,241,484.23,290.16,20.68
1,500.00,242,647.77,308.08,8.52
1,500.00,243,204.46,0.15,0.00
1,500.00,244,435.00,533.50,6.15
1,500.00,245,664.13,42.39,13.28
1,500.00,246,50.61,227.90,17.42
1,500.00,247,951.19,340.95,0.00
1,500.00,248,369.51,734.52,8.66
1,500.00,249,531.23,460.47,15.86
1,500.00,250,210.07,765.38,5.57
1,500.00,251,935.31,619.31,7.49
1,500.00,252,577.42,437.81,9.54
1,500.00,253,132.60,142.86,0.00
1,500.00,254,309.47,587.83,18.78
1,500.00,255,116.20,277.74,23.19
1,500.00,256,307.43,331.29,6.65
1,500.00,257,808.13,688.84,7.69
1,500.00,258,731.74,128.83,8.05
1,500.00,259,250.23,558.88,22.08
1,500.00,260,293.53,796.48,6.26
1,500.00,261,558.64,244.72,0.00
1,500.00,262,647.84,267.67,15.67
1,500.00,263,79.58,206.16,9.67
1,500.00,264,655.13,756.30,0.00
1,500.00,265,136.05,21.80,13.90
1,500.00,266,619.29,484.72,0.00
1,500.00,267,388.93,164.50,0.00
1,500.00,268,704.56,497.47,23.01
1,500.00,269,693.73,777.56,6.67
1,500.00,270,758.69,645.28,17.97
1,500.00,271,429.33,235.16,8.91
1,500.00,272,677.10,664.88,5.99
1,500.00,273,304.98,721.83,5.74
1,500.00,274,782.50,472.01,5.37
1,500.00,275,538.85,709.83,14.46
1,500.00,276,487.89,483.50,22.28
1,500.00,277,177.20,618.31,11.50
1,500.00,278,196.77,524.95,10.38
1,500.00,279,63.48,541.76,9.59
1,500.00,280,610.34,85.14,15.50
1,500.00,281,194.39,584.83,13.58
1,500.00,282,822.54,165.52,19.32
1,500.00,283,407.02,147.32,14.27
1,500.00,284,976.24,598.16,7.14
1,500.00,285,347.46,402.14,9.26
1,500.00,286,280.80,195.11,0.00
1,500.00,287,743.02,321.34,7.33
1,500.00,288,317.37,829.95,7.24
1,500.00,289,203.75,453.95,22.54
1,500.00,290,430.65,846.82,10.60
1,500.00,291,797.62,294.13,5.05
1,500.00,292,517.50,267.21,0.00
1,500.00,293,262.94,355.20,16.57
1,500.00,294,670.79,21.91,8.84
1,500.00,295,477.55,907.09,8.29
1,500.00,296,163.02,166.97,16.56
1,500.00,297,357.78,179.31,0.00
1,500.00,298,569.69,458.46,7.67
1,500.00,299,239.60,697.47,18.66
