run,time,node_id,x,y,speed
1,0.00,0,389.63,402.33,0.00
1,0.00,1,296.83,120.89,0.00
1,0.00,2,136.79,804.81,0.00
1,0.00,3,824.83,348.13,0.00
1,0.00,4,89.69,970.62,0.00
1,0.00,5,110.31,417.88,0.00
1,0.00,6,554.37,141.70,0.00
1,0.00,7,686.29,984.46,0.00
1,0.00,8,321.28,914.53,0.00
1,0.00,9,503.29,801.51,0.00
1,0.00,10,660.79,619.12,0.00
1,0.00,11,724.58,56.88,0.00
1,0.00,12,636.04,484.67,0.00
1,0.00,13,915.59,487.57,0.00
1,0.00,14,279.46,715.07,0.00
1,0.00,15,672.96,657.27,0.00
1,0.00,16,114.19,854.42,0.00
1,0.00,17,622.17,407.39,0.00
1,0.00,18,673.17,228.25,0.00
1,0.00,19,74.20,299.73,0.00
1,0.00,20,813.54,192.31,0.00
1,0.00,21,936.02,265.84,0.00
1,0.00,22,704.33,497.26,0.00
1,0.00,23,948.23,588.11,0.00
1,0.00,24,537.32,641.50,0.00
1,0.00,25,27.53,880.95,0.00
1,0.00,26,578.16,355.26,0.00
1,0.00,27,485.92,861.07,0.00
1,0.00,28,812.17,813.71,0.00
1,0.00,29,934.51,459.85,0.00
1,0.00,30,476.82,239.80,0.00
1,0.00,31,252.71,224.06,0.00
1,0.00,32,282.54,960.85,0.00
1,0.00,33,362.01,392.23,0.00
1,0.00,34,81.56,422.21,0.00
1,0.00,35,226.16,988.90,0.00
1,0.00,36,19.09,351.64,0.00
1,0.00,37,990.98,257.18,0.00
1,0.00,38,612.04,444.53,0.00
1,0.00,39,352.78,360.04,0.00
1,0.00,40,748.31,597.63,0.00
1,0.00,41,847.92,949.39,0.00
1,0.00,42,90.22,866.76,0.00
1,0.00,43,377.33,9.72,0.00
1,0.00,44,586.67,428.39,0.00
1,0.00,45,3.85,152.04,0.00
1,0.00,46,416.21,551.45,0.00
1,0.00,47,90.46,994.59,0.00
1,0.00,48,65.65,283.95,0.00
1,0.00,49,950.85,874.35,0.00
1,0.00,50,856.88,253.67,0.00
1,0.00,51,935.99,414.61,0.00
1,0.00,52,397.23,419.62,0.00
1,0.00,53,898.54,962.76,0.00
1,0.00,54,560.79,703.32,0.00
1,0.00,55,466.37,633.56,0.00
1,0.00,56,429.65,108.56,0.00
1,0.00,57,394.66,718.95,0.00
1,0.00,58,965.22,29.46,0.00
1,0.00,59,201.18,718.68,0.00
1,0.00,60,61.41,539.48,0.00
1,0.00,61,856.92,573.59,0.00
1,0.00,62,727.80,842.99,0.00
1,0.00,63,83.57,754.43,0.00
1,0.00,64,844.00,22.78,0.00
1,0.00,65,660.48,298.65,0.00
1,0.00,66,299.10,181.06,0.00
1,0.00,67,42.72,360.77,0.00
1,0.00,68,721.80,441.56,0.00
1,0.00,69,844.61,730.39,0.00
1,0.00,70,841.03,107.42,0.00
1,0.00,71,529.81,949.88,0.00
1,0.00,72,827.82,762.83,0.00
1,0.00,73,708.32,194.35,0.00
1,0.00,74,150.56,617.00,0.00
1,0.00,75,488.83,317.25,0.00
1,0.00,76,435.89,859.16,0.00
1,0.00,77,869.09,25.14,0.00
1,0.00,78,833.42,398.21,0.00
1,0.00,79,555.08,781.81,0.00
1,0.00,80,723.45,759.59,0.00
1,0.00,81,143.32,268.21,0.00
1,0.00,82,857.30,305.29,0.00
1,0.00,83,287.77,402.57,0.00
1,0.00,84,863.51,177.56,0.00
1,0.00,85,152.06,119.54,0.00
1,0.00,86,581.12,188.48,0.00
1,0.00,87,475.75,302.32,0.00
1,0.00,88,68.10,515.96,0.00
1,0.00,89,588.16,358.23,0.00
1,0.00,90,118.37,874.31,0.00
1,0.00,91,578.21,137.85,0.00
1,0.00,92,246.27,870.63,0.00
1,0.00,93,216.04,551.50,0.00
1,0.00,94,684.73,259.25,0.00
1,0.00,95,864.55,852.70,0.00
1,0.00,96,536.77,787.45,0.00
1,0.00,97,468.22,562.20,0.00
1,0.00,98,465.77,0.57,0.00
1,0.00,99,451.16,787.01,0.00
1,0.00,100,71.05,429.77,0.00
1,0.00,101,622.81,377.77,0.00
1,0.00,102,66.28,614.13,0.00
1,0.00,103,9.65,779.01,0.00
1,0.00,104,943.00,240.74,0.00
1,0.00,105,582.12,826.58,0.00
1,0.00,106,112.12,794.98,0.00
1,0.00,107,763.70,101.61,0.00
1,0.00,108,207.38,478.99,0.00
1,0.00,109,478.13,959.37,0.00
1,0.00,110,588.36,122.84,0.00
1,0.00,111,144.05,764.87,0.00
1,0.00,112,84.72,586.08,0.00
1,0.00,113,415.90,524.21,0.00
1,0.00,114,430.81,767.82,0.00
1,0.00,115,391.88,13.09,0.00
1,0.00,116,998.85,37.96,0.00
1,0.00,117,825.20,453.20,0.00
1,0.00,118,543.93,540.90,0.00
1,0.00,119,209.82,245.59,0.00
1,0.00,120,748.81,697.54,0.00
1,0.00,121,178.45,20.86,0.00
1,0.00,122,351.24,176.61,0.00
1,0.00,123,655.20,572.84,0.00
1,0.00,124,792.03,669.26,0.00
1,0.00,125,414.37,436.61,0.00
1,0.00,126,646.36,727.77,0.00
1,0.00,127,735.99,224.37,0.00
1,0.00,128,170.69,619.66,0.00
1,0.00,129,352.86,637.31,0.00
1,0.00,130,705.23,91.68,0.00
1,0.00,131,3.29,654.49,0.00
1,0.00,132,331.77,634.05,0.00
1,0.00,133,324.06,401.58,0.00
1,0.00,134,887.29,25.22,0.00
1,0.00,135,515.64,997.15,0.00
1,0.00,136,917.32,172.48,0.00
1,0.00,137,568.18,114.58,0.00
1,0.00,138,510.03,541.28,0.00
1,0.00,139,274.63,836.07,0.00
1,0.00,140,571.58,713.68,0.00
1,0.00,141,130.98,634.04,0.00
1,0.00,142,691.73,867.77,0.00
1,0.00,143,808.95,582.46,0.00
1,0.00,144,876.37,247.06,0.00
1,0.00,145,562.44,554.16,0.00
1,0.00,146,692.93,803.25,0.00
1,0.00,147,461.45,181.77,0.00
1,0.00,148,747.98,592.47,0.00
1,0.00,149,52.88,678.22,0.00
1,0.00,150,211.49,874.11,0.00
1,0.00,151,304.44,597.32,0.00
1,0.00,152,25.14,17.89,0.00
1,0.00,153,621.66,731.92,0.00
1,0.00,154,205.96,363.66,0.00
1,0.00,155,6.23,533.67,0.00
1,0.00,156,706.17,957.61,0.00
1,0.00,157,989.45,970.54,0.00
1,0.00,158,989.87,579.02,0.00
1,0.00,159,234.54,555.44,0.00
1,0.00,160,264.14,343.07,0.00
1,0.00,161,969.59,67.62,0.00
1,0.00,162,257.83,744.40,0.00
1,0.00,163,997.75,918.64,0.00
1,0.00,164,630.98,235.18,0.00
1,0.00,165,17.61,972.86,0.00
1,0.00,166,842.87,580.63,0.00
1,0.00,167,790.51,394.26,0.00
1,0.00,168,188.56,598.57,0.00
1,0.00,169,896.47,980.57,0.00
1,0.00,170,904.07,97.76,0.00
1,0.00,171,37.36,530.39,0.00
1,0.00,172,588.00,178.89,0.00
1,0.00,173,304.09,337.37,0.00
1,0.00,174,453.97,519.09,0.00
1,0.00,175,785.27,9.78,0.00
1,0.00,176,235.39,107.48,0.00
1,0.00,177,65.35,84.62,0.00
1,0.00,178,902.35,840.92,0.00
1,0.00,179,803.33,148.25,0.00
1,0.00,180,691.01,114.21,0.00
1,0.00,181,546.78,196.68,0.00
1,0.00,182,882.38,643.35,0.00
1,0.00,183,991.02,548.15,0.00
1,0.00,184,649.71,139.62,0.00
1,0.00,185,358.18,791.43,0.00
1,0.00,186,174.08,822.33,0.00
1,0.00,187,876.21,750.15,0.00
1,0.00,188,572.49,394.90,0.00
1,0.00,189,871.56,315.94,0.00
1,0.00,190,759.03,253.91,0.00
1,0.00,191,889.17,884.89,0.00
1,0.00,192,159.14,848.98,0.00
1,0.00,193,557.56,65.58,0.00
1,0.00,194,467.79,535.04,0.00
1,0.00,195,212.63,188.43,0.00
1,0.00,196,826.50,571.12,0.00
1,0.00,197,968.55,389.05,0.00
1,0.00,198,370.30,60.74,0.00
1,0.00,199,382.98,740.64,0.00
1,0.00,200,327.31,996.86,0.00
1,0.00,201,243.37,196.21,0.00
1,0.00,202,352.29,636.04,0.00
1,0.00,203,928.28,431.25,0.00
1,0.00,204,711.90,449.14,0.00
1,0.00,205,478.91,398.76,0.00
1,0.00,206,980.74,95.86,0.00
1,0.00,207,883.76,92.70,0.00
1,0.00,208,997.91,950.47,0.00
1,0.00,209,215.22,163.44,0.00
1,0.00,210,309.20,560.81,0.00
1,0.00,211,229.75,515.98,0.00
1,0.00,212,741.98,913.45,0.00
1,0.00,213,928.47,379.26,0.00
1,0.00,214,482.74,854.85,0.00
1,0.00,215,979.75,29.20,0.00
1,0.00,216,684.58,342.27,0.00
1,0.00,217,805.17,973.44,0.00
1,0.00,218,752.58,6.79,0.00
1,0.00,219,847.95,351.88,0.00
1,0.00,220,609.86,59.20,0.00
1,0.00,221,761.23,833.63,0.00
1,0.00,222,832.71,328.68,0.00
1,0.00,223,434.41,412.18,0.00
1,0.00,224,640.86,640.24,0.00
1,0.00,225,616.43,165.93,0.00
1,0.00,226,702.31,830.60,0.00
1,0.00,227,874.30,365.21,0.00
1,0.00,228,444.84,318.40,0.00
1,0.00,229,880.63,16.79,0.00
1,0.00,230,230.37,192.50,0.00
1,0.00,231,64.49,486.50,0.00
1,0.00,232,885.89,105.65,0.00
1,0.00,233,287.68,736.32,0.00
1,0.00,234,994.02,278.43,0.00
1,0.00,235,271.99,377.07,0.00
1,0.00,236,379.89,928.33,0.00
1,0.00,237,99.42,837.99,0.00
1,0.00,238,225.62,253.10,0.00
1,0.00,239,793.14,303.38,0.00
1,0.00,240,773.78,604.37,0.00
1,0.00,241,671.43,71.67,0.00
1,0.00,242,233.09,667.43,0.00
1,0.00,243,483.37,331.14,0.00
1,0.00,244,678.80,262.57,0.00
1,0.00,245,968.87,171.50,0.00
1,0.00,246,429.93,967.28,0.00
1,0.00,247,628.27,691.23,0.00
1,0.00,248,24.27,248.91,0.00
1,0.00,249,695.90,859.77,0.00
1,0.00,250,584.94,551.73,0.00
1,0.00,251,392.81,975.91,0.00
1,0.00,252,707.17,638.34,0.00
1,0.00,253,931.76,796.43,0.00
1,0.00,254,525.71,688.75,0.00
1,0.00,255,88.41,774.74,0.00
1,0.00,256,221.76,118.20,0.00
1,0.00,257,709.99,93.62,0.00
1,0.00,258,823.03,321.33,0.00
1,0.00,259,515.45,156.17,0.00
1,0.00,260,161.92,853.52,0.00
1,0.00,261,345.92,657.80,0.00
1,0.00,262,778.73,387.04,0.00
1,0.00,263,859.14,138.76,0.00
1,0.00,264,43.92,934.21,0.00
1,0.00,265,202.13,920.59,0.00
1,0.00,266,972.26,438.24,0.00
1,0.00,267,271.44,216.69,0.00
1,0.00,268,355.53,899.14,0.00
1,0.00,269,239.23,164.73,0.00
1,0.00,270,491.42,314.70,0.00
1,0.00,271,188.65,380.08,0.00
1,0.00,272,667.24,921.50,0.00
1,0.00,273,970.88,546.28,0.00
1,0.00,274,734.39,941.10,0.00
1,0.00,275,148.75,260.63,0.00
1,0.00,276,13.32,795.58,0.00
1,0.00,277,845.22,810.31,0.00
1,0.00,278,231.59,968.39,0.00
1,0.00,279,489.76,644.81,0.00
1,0.00,280,554.78,142.29,0.00
1,0.00,281,433.17,452.63,0.00
1,0.00,282,85.25,640.70,0.00
1,0.00,283,767.10,831.62,0.00
1,0.00,284,196.77,283.63,0.00
1,0.00,285,985.37,664.57,0.00
1,0.00,286,423.89,914.58,0.00
1,0.00,287,896.21,919.39,0.00
1,0.00,288,345.82,753.55,0.00
1,0.00,289,463.73,730.57,0.00
1,0.00,290,414.57,140.13,0.00
1,0.00,291,915.98,344.44,0.00
1,0.00,292,466.72,296.20,0.00
1,0.00,293,124.36,934.48,0.00
1,0.00,294,590.96,724.92,0.00
1,0.00,295,529.31,84.53,0.00
1,0.00,296,580.06,593.50,0.00
1,0.00,297,875.28,886.35,0.00
1,0.00,298,331.28,494.12,0.00
1,0.00,299,602.55,591.86,0.00
1,0.00,300,847.05,500.20,0.00
1,0.00,301,384.05,243.27,0.00
1,0.00,302,395.53,196.15,0.00
1,0.00,303,424.95,733.63,0.00
1,0.00,304,703.75,768.59,0.00
1,0.00,305,340.07,655.26,0.00
1,0.00,306,47.43,958.72,0.00
1,0.00,307,690.08,154.29,0.00
1,0.00,308,500.22,201.80,0.00
1,0.00,309,73.04,24.94,0.00
1,0.00,310,808.93,806.08,0.00
1,0.00,311,14.01,514.60,0.00
1,0.00,312,100.41,573.86,0.00
1,0.00,313,390.34,561.08,0.00
1,0.00,314,479.22,320.39,0.00
1,0.00,315,663.56,812.00,0.00
1,0.00,316,753.28,439.22,0.00
1,0.00,317,623.80,51.39,0.00
1,0.00,318,291.96,430.52,0.00
1,0.00,319,740.06,586.60,0.00
1,0.00,320,554.05,490.33,0.00
1,0.00,321,346.47,936.10,0.00
1,0.00,322,47.81,323.11,0.00
1,0.00,323,944.87,659.45,0.00
1,0.00,324,332.86,41.78,0.00
1,0.00,325,185.12,54.17,0.00
1,0.00,326,562.68,799.81,0.00
1,0.00,327,241.56,813.27,0.00
1,0.00,328,185.29,480.82,0.00
1,0.00,329,93.76,168.82,0.00
1,0.00,330,560.09,519.69,0.00
1,0.00,331,113.20,114.34,0.00
1,0.00,332,790.11,168.14,0.00
1,0.00,333,83.86,964.13,0.00
1,0.00,334,806.75,426.16,0.00
1,0.00,335,825.53,929.26,0.00
1,0.00,336,525.61,330.53,0.00
1,0.00,337,778.61,883.15,0.00
1,0.00,338,27.41,354.24,0.00
1,0.00,339,218.25,216.68,0.00
1,0.00,340,549.06,18.24,0.00
1,0.00,341,367.94,671.72,0.00
1,0.00,342,509.93,924.35,0.00
1,0.00,343,49.05,523.52,0.00
1,0.00,344,759.56,204.59,0.00
1,0.00,345,399.83,734.73,0.00
1,0.00,346,138.30,457.01,0.00
1,0.00,347,641.89,446.38,0.00
1,0.00,348,197.12,779.31,0.00
1,0.00,349,417.90,93.46,0.00
1,0.00,350,431.53,685.44,0.00
1,0.00,351,650.15,10.37,0.00
1,0.00,352,520.68,621.73,0.00
1,0.00,353,367.58,27.83,0.00
1,0.00,354,25.20,445.33,0.00
1,0.00,355,568.16,389.06,0.00
1,0.00,356,655.31,83.71,0.00
1,0.00,357,704.81,213.31,0.00
1,0.00,358,108.50,115.32,0.00
1,0.00,359,248.95,877.29,0.00
1,0.00,360,672.65,709.97,0.00
1,0.00,361,103.89,381.00,0.00
1,0.00,362,670.17,534.79,0.00
1,0.00,363,306.35,491.31,0.00
1,0.00,364,798.56,620.70,0.00
1,0.00,365,382.97,148.51,0.00
1,0.00,366,626.59,279.18,0.00
1,0.00,367,746.45,731.05,0.00
1,0.00,368,50.78,237.17,0.00
1,0.00,369,711.20,283.11,0.00
1,0.00,370,714.26,253.14,0.00
1,0.00,371,335.21,265.24,0.00
1,0.00,372,990.64,220.68,0.00
1,0.00,373,266.04,334.49,0.00
1,0.00,374,191.95,664.30,0.00
1,0.00,375,283.85,698.67,0.00
1,0.00,376,967.17,543.27,0.00
1,0.00,377,219.36,138.69,0.00
1,0.00,378,723.49,514.95,0.00
1,0.00,379,830.47,863.77,0.00
1,0.00,380,396.14,969.91,0.00
1,0.00,381,854.30,337.57,0.00
1,0.00,382,235.63,537.26,0.00
1,0.00,383,419.89,16.28,0.00
1,0.00,384,729.12,506.81,0.00
1,0.00,385,593.12,307.73,0.00
1,0.00,386,273.79,324.87,0.00
1,0.00,387,864.65,478.97,0.00
1,0.00,388,592.49,505.85,0.00
1,0.00,389,550.22,322.10,0.00
1,0.00,390,798.08,196.84,0.00
1,0.00,391,831.18,95.69,0.00
1,0.00,392,286.78,863.55,0.00
1,0.00,393,241.56,990.68,0.00
1,0.00,394,164.79,950.88,0.00
1,0.00,395,495.35,303.56,0.00
1,0.00,396,806.82,580.33,0.00
1,0.00,397,757.79,376.07,0.00
1,0.00,398,292.54,707.31,0.00
1,0.00,399,287.94,907.35,0.00
1,10.00,0,389.63,402.33,9.84
1,10.00,1,296.83,120.89,12.46
1,10.00,2,136.79,804.81,6.43
1,10.00,3,824.83,348.13,24.31
1,10.00,4,89.69,970.62,24.03
1,10.00,5,110.31,417.88,18.59
1,10.00,6,554.37,141.70,7.64
1,10.00,7,686.29,984.46,24.14
1,10.00,8,321.28,914.53,11.78
1,10.00,9,503.29,801.51,19.18
1,10.00,10,660.79,619.12,12.24
1,10.00,11,724.58,56.88,17.90
1,10.00,12,636.04,484.67,9.56
1,10.00,13,915.59,487.57,10.27
1,10.00,14,279.46,715.07,9.59
1,10.00,15,672.96,657.27,13.97
1,10.00,16,114.19,854.42,14.99
1,10.00,17,622.17,407.39,22.09
1,10.00,18,673.17,228.25,9.19
1,10.00,19,74.20,299.73,9.98
1,10.00,20,813.54,192.31,13.79
1,10.00,21,936.02,265.84,8.20
1,10.00,22,704.33,497.26,7.54
1,10.00,23,948.23,588.11,21.42
1,10.00,24,537.32,641.50,11.38
1,10.00,25,27.53,880.95,20.59
1,10.00,26,578.16,355.26,17.04
1,10.00,27,485.92,861.07,18.47
1,10.00,28,812.17,813.71,5.42
1,10.00,29,934.51,459.85,20.41
1,10.00,30,476.82,239.80,8.79
1,10.00,31,252.71,224.06,6.11
1,10.00,32,282.54,960.85,13.71
1,10.00,33,362.01,392.23,6.69
1,10.00,34,81.56,422.21,13.93
1,10.00,35,226.16,988.90,7.38
1,10.00,36,19.09,351.64,5.58
1,10.00,37,990.98,257.18,22.90
1,10.00,38,612.04,444.53,11.68
1,10.00,39,352.78,360.04,16.69
1,10.00,40,748.31,597.63,5.75
1,10.00,41,847.92,949.39,22.71
1,10.00,42,90.22,866.76,13.62
1,10.00,43,377.33,9.72,24.12
1,10.00,44,586.67,428.39,20.01
1,10.00,45,3.85,152.04,22.61
1,10.00,46,416.21,551.45,14.88
1,10.00,47,90.46,994.59,22.28
1,10.00,48,65.65,283.95,19.77
1,10.00,49,950.85,874.35,11.70
1,10.00,50,856.88,253.67,22.94
1,10.00,51,935.99,414.61,17.30
1,10.00,52,397.23,419.62,15.45
1,10.00,53,898.54,962.76,17.09
1,10.00,54,560.79,703.32,12.42
1,10.00,55,466.37,633.56,20.41
1,10.00,56,429.65,108.56,8.41
1,10.00,57,394.66,718.95,11.29
1,10.00,58,965.22,29.46,16.85
1,10.00,59,201.18,718.68,8.04
1,10.00,60,61.41,539.48,24.14
1,10.00,61,856.92,573.59,8.85
1,10.00,62,727.80,842.99,6.18
1,10.00,63,83.57,754.43,16.53
1,10.00,64,844.00,22.78,5.50
1,10.00,65,660.48,298.65,24.34
1,10.00,66,299.10,181.06,22.57
1,10.00,67,42.72,360.77,19.24
1,10.00,68,721.80,441.56,10.94
1,10.00,69,844.61,730.39,24.78
1,10.00,70,841.03,107.42,17.14
1,10.00,71,529.81,949.88,23.93
1,10.00,72,827.82,762.83,5.17
1,10.00,73,708.32,194.35,8.08
1,10.00,74,150.56,617.00,9.12
1,10.00,75,488.83,317.25,9.74
1,10.00,76,435.89,859.16,18.00
1,10.00,77,869.09,25.14,21.19
1,10.00,78,833.42,398.21,9.67
1,10.00,79,555.08,781.81,14.53
1,10.00,80,723.45,759.59,8.82
1,10.00,81,143.32,268.21,13.26
1,10.00,82,857.30,305.29,6.05
1,10.00,83,287.77,402.57,5.28
1,10.00,84,863.51,177.56,5.50
1,10.00,85,152.06,119.54,10.46
1,10.00,86,581.12,188.48,10.86
1,10.00,87,475.75,302.32,13.87
1,10.00,88,68.10,515.96,5.06
1,10.00,89,588.16,358.23,18.81
1,10.00,90,118.37,874.31,23.17
1,10.00,91,578.21,137.85,10.40
1,10.00,92,246.27,870.63,9.75
1,10.00,93,216.04,551.50,14.82
1,10.00,94,684.73,259.25,13.88
1,10.00,95,864.55,852.70,20.93
1,10.00,96,536.77,787.45,13.05
1,10.00,97,468.22,562.20,10.47
1,10.00,98,465.77,0.57,20.69
1,10.00,99,451.16,787.01,12.05
1,10.00,100,71.05,429.77,22.47
1,10.00,101,622.81,377.77,12.36
1,10.00,102,66.28,614.13,5.40
1,10.00,103,9.65,779.01,9.88
1,10.00,104,943.00,240.74,18.15
1,10.00,105,582.12,826.58,12.61
1,10.00,106,112.12,794.98,6.71
1,10.00,107,763.70,101.61,7.96
1,10.00,108,207.38,478.99,5.23
1,10.00,109,478.13,959.37,8.40
1,10.00,110,588.36,122.84,16.92
1,10.00,111,144.05,764.87,15.23
1,10.00,112,84.72,586.08,13.31
1,10.00,113,415.90,524.21,23.34
1,10.00,114,430.81,767.82,18.90
1,10.00,115,391.88,13.09,24.07
1,10.00,116,998.85,37.96,15.96
1,10.00,117,825.20,453.20,17.05
1,10.00,118,543.93,540.90,12.48
1,10.00,119,209.82,245.59,21.15
1,10.00,120,748.81,697.54,5.54
1,10.00,121,178.45,20.86,8.88
1,10.00,122,351.24,176.61,10.78
1,10.00,123,655.20,572.84,16.22
1,10.00,124,792.03,669.26,6.37
1,10.00,125,414.37,436.61,7.46
1,10.00,126,646.36,727.77,14.79
1,10.00,127,735.99,224.37,15.67
1,10.00,128,170.69,619.66,13.70
1,10.00,129,352.86,637.31,10.97
1,10.00,130,705.23,91.68,13.05
1,10.00,131,3.29,654.49,11.74
1,10.00,132,331.77,634.05,13.58
1,10.00,133,324.06,401.58,11.00
1,10.00,134,887.29,25.22,8.69
1,10.00,135,515.64,997.15,5.74
1,10.00,136,917.32,172.48,19.43
1,10.00,137,568.18,114.58,8.93
1,10.00,138,510.03,541.28,19.27
1,10.00,139,274.63,836.07,8.09
1,10.00,140,571.58,713.68,23.30
1,10.00,141,130.98,634.04,6.86
1,10.00,142,691.73,867.77,5.64
1,10.00,143,808.95,582.46,20.01
1,10.00,144,876.37,247.06,16.92
1,10.00,145,562.44,554.16,15.35
1,10.00,146,692.93,803.25,14.43
1,10.00,147,461.45,181.77,15.63
1,10.00,148,747.98,592.47,21.49
1,10.00,149,52.88,678.22,19.54
1,10.00,150,211.49,874.11,13.51
1,10.00,151,304.44,597.32,20.13
1,10.00,152,25.14,17.89,13.45
1,10.00,153,621.66,731.92,18.71
1,10.00,154,205.96,363.66,15.30
1,10.00,155,6.23,533.67,16.32
1,10.00,156,706.17,957.61,11.87
1,10.00,157,989.45,970.54,6.44
1,10.00,158,989.87,579.02,22.37
1,10.00,159,234.54,555.44,13.82
1,10.00,160,264.14,343.07,12.55
1,10.00,161,969.59,67.62,10.15
1,10.00,162,257.83,744.40,9.88
1,10.00,163,997.75,918.64,12.30
1,10.00,164,630.98,235.18,18.99
1,10.00,165,17.61,972.86,8.02
1,10.00,166,842.87,580.63,8.38
1,10.00,167,790.51,394.26,14.77
1,10.00,168,188.56,598.57,14.42
1,10.00,169,896.47,980.57,19.15
1,10.00,170,904.07,97.76,16.62
1,10.00,171,37.36,530.39,23.34
1,10.00,172,588.00,178.89,6.58
1,10.00,173,304.09,337.37,11.23
1,10.00,174,453.97,519.09,24.66
1,10.00,175,785.27,9.78,7.25
1,10.00,176,235.39,107.48,13.62
1,10.00,177,65.35,84.62,23.30
1,10.00,178,902.35,840.92,13.53
1,10.00,179,803.33,148.25,21.34
1,10.00,180,691.01,114.21,24.43
1,10.00,181,546.78,196.68,18.33
1,10.00,182,882.38,643.35,18.39
1,10.00,183,991.02,548.15,12.39
1,10.00,184,649.71,139.62,12.84
1,10.00,185,358.18,791.43,20.66
1,10.00,186,174.08,822.33,16.35
1,10.00,187,876.21,750.15,20.90
1,10.00,188,572.49,394.90,21.80
1,10.00,189,871.56,315.94,6.50
1,10.00,190,759.03,253.91,7.74
1,10.00,191,889.17,884.89,13.84
1,10.00,192,159.14,848.98,12.43
1,10.00,193,557.56,65.58,14.07
1,10.00,194,467.79,535.04,6.74
1,10.00,195,212.63,188.43,6.12
1,10.00,196,826.50,571.12,9.13
1,10.00,197,968.55,389.05,5.16
1,10.00,198,370.30,60.74,19.00
1,10.00,199,382.98,740.64,23.09
1,10.00,200,327.31,996.86,23.73
1,10.00,201,243.37,196.21,8.63
1,10.00,202,352.29,636.04,23.90
1,10.00,203,928.28,431.25,24.45
1,10.00,204,711.90,449.14,19.96
1,10.00,205,478.91,398.76,20.56
1,10.00,206,980.74,95.86,15.21
1,10.00,207,883.76,92.70,22.18
1,10.00,208,997.91,950.47,24.77
1,10.00,209,215.22,163.44,15.26
1,10.00,210,309.20,560.81,6.11
1,10.00,211,229.75,515.98,20.25
1,10.00,212,741.98,913.45,6.28
1,10.00,213,928.47,379.26,6.89
1,10.00,214,482.74,854.85,22.20
1,10.00,215,979.75,29.20,22.30
1,10.00,216,684.58,342.27,15.53
1,10.00,217,805.17,973.44,12.34
1,10.00,218,752.58,6.79,7.19
1,10.00,219,847.95,351.88,20.74
1,10.00,220,609.86,59.20,7.04
1,10.00,221,761.23,833.63,15.69
1,10.00,222,832.71,328.68,9.88
1,10.00,223,434.41,412.18,5.83
1,10.00,224,640.86,640.24,20.35
1,10.00,225,616.43,165.93,12.81
1,10.00,226,702.31,830.60,9.67
1,10.00,227,874.30,365.21,9.76
1,10.00,228,444.84,318.40,9.69
1,10.00,229,880.63,16.79,12.57
1,10.00,230,230.37,192.50,14.71
1,10.00,231,64.49,486.50,23.68
1,10.00,232,885.89,105.65,12.19
1,10.00,233,287.68,736.32,12.35
1,10.00,234,994.02,278.43,23.40
1,10.00,235,271.99,377.07,16.47
1,10.00,236,379.89,928.33,23.94
1,10.00,237,99.42,837.99,8.80
1,10.00,238,225.62,253.10,15.87
1,10.00,239,793.14,303.38,16.50
1,10.00,240,773.78,604.37,14.78
1,10.00,241,671.43,71.67,12.51
1,10.00,242,233.09,667.43,9.55
1,10.00,243,483.37,331.14,24.76
1,10.00,244,678.80,262.57,19.06
1,10.00,245,968.87,171.50,5.57
1,10.00,246,429.93,967.28,21.09
1,10.00,247,628.27,691.23,8.29
1,10.00,248,24.27,248.91,22.77
1,10.00,249,695.90,859.77,8.39
1,10.00,250,584.94,551.73,15.04
1,10.00,251,392.81,975.91,6.64
1,10.00,252,707.17,638.34,13.30
1,10.00,253,931.76,796.43,18.34
1,10.00,254,525.71,688.75,5.67
1,10.00,255,88.41,774.74,21.61
1,10.00,256,221.76,118.20,19.99
1,10.00,257,709.99,93.62,23.14
1,10.00,258,823.03,321.33,24.07
1,10.00,259,515.45,156.17,20.96
1,10.00,260,161.92,853.52,5.00
1,10.00,261,345.92,657.80,20.80
1,10.00,262,778.73,387.04,10.45
1,10.00,263,859.14,138.76,17.49
1,10.00,264,43.92,934.21,14.59
1,10.00,265,202.13,920.59,6.46
1,10.00,266,972.26,438.24,10.99
1,10.00,267,271.44,216.69,23.38
1,10.00,268,355.53,899.14,15.62
1,10.00,269,239.23,164.73,20.50
1,10.00,270,491.42,314.70,19.39
1,10.00,271,188.65,380.08,7.62
1,10.00,272,667.24,921.50,17.45
1,10.00,273,970.88,546.28,7.47
1,10.00,274,734.39,941.10,21.88
1,10.00,275,148.75,260.63,6.36
1,10.00,276,13.32,795.58,10.14
1,10.00,277,845.22,810.31,5.51
1,10.00,278,231.59,968.39,16.45
1,10.00,279,489.76,644.81,14.73
1,10.00,280,554.78,142.29,20.72
1,10.00,281,433.17,452.63,21.98
1,10.00,282,85.25,640.70,24.28
1,10.00,283,767.10,831.62,17.50
1,10.00,284,196.77,283.63,5.81
1,10.00,285,985.37,664.57,5.80
1,10.00,286,423.89,914.58,23.82
1,10.00,287,896.21,919.39,15.00
1,10.00,288,345.82,753.55,20.01
1,10.00,289,463.73,730.57,7.09
1,10.00,290,414.57,140.13,22.29
1,10.00,291,915.98,344.44,17.78
1,10.00,292,466.72,296.20,7.81
1,10.00,293,124.36,934.48,18.90
1,10.00,294,590.96,724.92,10.70
1,10.00,295,529.31,84.53,8.41
1,10.00,296,580.06,593.50,22.25
1,10.00,297,875.28,886.35,20.14
1,10.00,298,331.28,494.12,17.91
1,10.00,299,602.55,591.86,24.86
1,10.00,300,847.05,500.20,14.59
1,10.00,301,384.05,243.27,20.84
1,10.00,302,395.53,196.15,14.66
1,10.00,303,424.95,733.63,11.35
1,10.00,304,703.75,768.59,23.89
1,10.00,305,340.07,655.26,6.97
1,10.00,306,47.43,958.72,20.41
1,10.00,307,690.08,154.29,8.24
1,10.00,308,500.22,201.80,20.37
1,10.00,309,73.04,24.94,5.33
1,10.00,310,808.93,806.08,24.94
1,10.00,311,14.01,514.60,11.05
1,10.00,312,100.41,573.86,19.45
1,10.00,313,390.34,561.08,14.09
1,10.00,314,479.22,320.39,23.82
1,10.00,315,663.56,812.00,22.06
1,10.00,316,753.28,439.22,6.17
1,10.00,317,623.80,51.39,16.51
1,10.00,318,291.96,430.52,18.29
1,10.00,319,740.06,586.60,16.58
1,10.00,320,554.05,490.33,13.42
1,10.00,321,346.47,936.10,15.57
1,10.00,322,47.81,323.11,18.95
1,10.00,323,944.87,659.45,5.25
1,10.00,324,332.86,41.78,6.63
1,10.00,325,185.12,54.17,13.06
1,10.00,326,562.68,799.81,21.99
1,10.00,327,241.56,813.27,15.05
1,10.00,328,185.29,480.82,12.11
1,10.00,329,93.76,168.82,20.27
1,10.00,330,560.09,519.69,22.69
1,10.00,331,113.20,114.34,19.57
1,10.00,332,790.11,168.14,22.66
1,10.00,333,83.86,964.13,12.00
1,10.00,334,806.75,426.16,21.49
1,10.00,335,825.53,929.26,16.33
1,10.00,336,525.61,330.53,23.19
1,10.00,337,778.61,883.15,19.21
1,10.00,338,27.41,354.24,16.65
1,10.00,339,218.25,216.68,19.64
1,10.00,340,549.06,18.24,21.03
1,10.00,341,367.94,671.72,18.08
1,10.00,342,509.93,924.35,20.81
1,10.00,343,49.05,523.52,7.22
1,10.00,344,759.56,204.59,14.65
1,10.00,345,399.83,734.73,20.81
1,10.00,346,138.30,457.01,24.30
1,10.00,347,641.89,446.38,19.51
1,10.00,348,197.12,779.31,6.76
1,10.00,349,417.90,93.46,7.54
1,10.00,350,431.53,685.44,18.47
1,10.00,351,650.15,10.37,24.30
1,10.00,352,520.68,621.73,18.46
1,10.00,353,367.58,27.83,13.19
1,10.00,354,25.20,445.33,12.00
1,10.00,355,568.16,389.06,24.06
1,10.00,356,655.31,83.71,24.13
1,10.00,357,704.81,213.31,22.42
1,10.00,358,108.50,115.32,9.03
1,10.00,359,248.95,877.29,23.94
1,10.00,360,672.65,709.97,10.28
1,10.00,361,103.89,381.00,13.73
1,10.00,362,670.17,534.79,21.08
1,10.00,363,306.35,491.31,10.80
1,10.00,364,798.56,620.70,17.76
1,10.00,365,382.97,148.51,9.36
1,10.00,366,626.59,279.18,15.07
1,10.00,367,746.45,731.05,16.16
1,10.00,368,50.78,237.17,6.61
1,10.00,369,711.20,283.11,14.00
1,10.00,370,714.26,253.14,14.48
1,10.00,371,335.21,265.24,9.13
1,10.00,372,990.64,220.68,15.87
1,10.00,373,266.04,334.49,9.24
1,10.00,374,191.95,664.30,13.87
1,10.00,375,283.85,698.67,6.19
1,10.00,376,967.17,543.27,10.85
1,10.00,377,219.36,138.69,5.28
1,10.00,378,723.49,514.95,17.12
1,10.00,379,830.47,863.77,12.63
1,10.00,380,396.14,969.91,21.72
1,10.00,381,854.30,337.57,16.06
1,10.00,382,235.63,537.26,9.64
1,10.00,383,419.89,16.28,21.50
1,10.00,384,729.12,506.81,18.05
1,10.00,385,593.12,307.73,17.28
1,10.00,386,273.79,324.87,11.82
1,10.00,387,864.65,478.97,19.87
1,10.00,388,592.49,505.85,24.21
1,10.00,389,550.22,322.10,5.33
1,10.00,390,798.08,196.84,18.73
1,10.00,391,831.18,95.69,23.84
1,10.00,392,286.78,863.55,20.01
1,10.00,393,241.56,990.68,22.72
1,10.00,394,164.79,950.88,23.27
1,10.00,395,495.35,303.56,23.11
1,10.00,396,806.82,580.33,20.99
1,10.00,397,757.79,376.07,7.51
1,10.00,398,292.54,707.31,20.03
1,10.00,399,287.94,907.35,20.39
1,20.00,0,486.92,417.05,9.84
1,20.00,1,264.31,241.18,12.46
1,20.00,2,185.16,762.47,6.43
1,20.00,3,613.45,468.27,24.31
1,20.00,4,314.53,885.94,24.03
1,20.00,5,274.05,505.92,18.59
1,20.00,6,578.63,214.15,7.64
1,20.00,7,570.13,772.80,24.14
1,20.00,8,203.53,911.17,11.78
1,20.00,9,428.81,624.82,19.18
1,20.00,10,638.70,498.70,12.24
1,20.00,11,747.78,234.32,17.90
1,20.00,12,548.12,522.26,9.56
1,20.00,13,846.24,563.26,10.27
1,20.00,14,196.35,762.92,9.59
1,20.00,15,599.59,538.39,13.97
1,20.00,16,225.69,754.21,14.99
1,20.00,17,403.01,379.67,22.09
1,20.00,18,594.58,275.83,9.19
1,20.00,19,170.41,273.27,9.98
1,20.00,20,818.06,330.17,13.79
1,20.00,21,897.16,338.03,8.20
1,20.00,22,646.41,449.03,7.54
1,20.00,23,776.52,716.15,21.42
1,20.00,24,476.62,545.29,11.38
1,20.00,25,209.71,785.12,20.59
1,20.00,26,748.44,363.01,17.04
1,20.00,27,600.81,716.51,18.47
1,20.00,28,759.95,828.08,5.42
1,20.00,29,937.54,255.79,20.41
1,20.00,30,399.72,197.51,8.79
1,20.00,31,276.82,280.20,6.11
1,20.00,32,400.49,965.47,0.00
1,20.00,33,428.68,397.52,6.69
1,20.00,34,213.39,467.25,13.93
1,20.00,35,263.49,925.19,7.38
1,20.00,36,59.19,312.86,5.58
1,20.00,37,771.60,322.90,22.90
1,20.00,38,622.59,357.72,0.00
1,20.00,39,430.46,507.71,16.69
1,20.00,40,802.75,616.29,5.75
1,20.00,41,830.22,722.95,22.71
1,20.00,42,211.90,805.65,13.62
1,20.00,43,420.62,246.99,24.12
1,20.00,44,434.78,298.12,20.01
1,20.00,45,228.00,181.74,22.61
1,20.00,46,564.15,535.29,14.88
1,20.00,47,309.18,952.08,22.28
1,20.00,48,91.81,351.04,0.00
1,20.00,49,855.09,807.17,11.70
1,20.00,50,952.77,384.36,0.00
1,20.00,51,777.69,344.87,17.30
1,20.00,52,249.49,374.50,15.45
1,20.00,53,727.86,972.13,17.09
1,20.00,54,466.99,621.95,12.42
1,20.00,55,530.61,439.87,20.41
1,20.00,56,486.94,170.06,8.41
1,20.00,57,501.48,682.49,11.29
1,20.00,58,797.43,14.44,16.85
1,20.00,59,275.36,687.63,8.04
1,20.00,60,289.98,461.80,24.14
1,20.00,61,803.62,503.01,8.85
1,20.00,62,683.01,800.44,6.18
1,20.00,63,191.19,628.90,16.53
1,20.00,64,844.44,77.74,5.50
1,20.00,65,461.35,438.60,24.34
1,20.00,66,452.39,346.76,22.57
1,20.00,67,234.28,343.38,19.24
1,20.00,68,612.37,440.56,10.94
1,20.00,69,690.91,536.01,24.78
1,20.00,70,718.10,226.86,17.14
1,20.00,71,606.53,723.17,23.93
1,20.00,72,840.58,792.09,0.00
1,20.00,73,628.25,183.55,8.08
1,20.00,74,234.04,580.36,9.12
1,20.00,75,584.45,298.48,9.74
1,20.00,76,513.63,696.77,18.00
1,20.00,77,857.10,236.73,21.19
1,20.00,78,786.45,313.70,9.67
1,20.00,79,657.47,678.72,14.53
1,20.00,80,657.38,701.20,8.82
1,20.00,81,236.75,210.06,0.00
1,20.00,82,798.93,321.16,6.05
1,20.00,83,331.47,432.20,5.28
1,20.00,84,813.00,199.33,5.50
1,20.00,85,250.59,154.59,10.46
1,20.00,86,521.63,149.50,0.00
1,20.00,87,555.86,415.59,13.87
1,20.00,88,77.74,466.33,5.06
1,20.00,89,400.37,346.83,18.81
1,20.00,90,338.35,801.50,23.17
1,20.00,91,529.08,229.56,10.40
1,20.00,92,297.90,787.92,9.75
1,20.00,93,164.69,412.44,14.82
1,20.00,94,760.68,375.43,13.88
1,20.00,95,729.49,692.77,20.93
1,20.00,96,442.10,697.66,13.05
1,20.00,97,554.10,622.11,10.47
1,20.00,98,422.88,202.93,20.69
1,20.00,99,355.69,713.41,12.05
1,20.00,100,55.10,653.95,22.47
1,20.00,101,533.28,463.00,12.36
1,20.00,102,118.57,600.80,5.40
1,20.00,103,105.25,803.93,9.88
1,20.00,104,817.44,371.73,18.15
1,20.00,105,497.95,732.69,12.61
1,20.00,106,119.70,728.27,6.71
1,20.00,107,711.47,161.71,7.96
1,20.00,108,259.51,474.97,5.23
1,20.00,109,438.18,885.46,8.40
1,20.00,110,431.43,59.53,16.92
1,20.00,111,216.22,630.79,15.23
1,20.00,112,188.31,669.69,13.31
1,20.00,113,528.51,728.63,23.34
1,20.00,114,535.02,610.10,18.90
1,20.00,115,501.51,227.37,24.07
1,20.00,116,839.22,38.78,15.96
1,20.00,117,855.55,285.46,17.05
1,20.00,118,616.12,439.06,12.48
1,20.00,119,144.43,446.71,21.15
1,20.00,120,708.30,735.37,5.54
1,20.00,121,232.31,91.41,8.88
1,20.00,122,447.81,128.64,10.78
1,20.00,123,672.62,734.07,16.22
1,20.00,124,731.41,688.81,6.37
1,20.00,125,355.78,482.84,7.46
1,20.00,126,520.17,650.64,14.79
1,20.00,127,681.61,371.29,15.67
1,20.00,128,299.17,667.14,13.70
1,20.00,129,451.83,684.60,10.97
1,20.00,130,617.54,188.28,13.05
1,20.00,131,75.99,562.33,11.74
1,20.00,132,291.43,504.37,13.58
1,20.00,133,330.88,511.37,11.00
1,20.00,134,800.59,31.05,8.69
1,20.00,135,568.97,975.93,5.74
1,20.00,136,754.23,278.02,19.43
1,20.00,137,487.35,152.60,8.93
1,20.00,138,515.37,348.69,19.27
1,20.00,139,321.28,769.94,8.09
1,20.00,140,352.26,635.14,23.30
1,20.00,141,174.29,580.87,6.86
1,20.00,142,667.11,817.04,5.64
1,20.00,143,692.80,419.57,20.01
1,20.00,144,721.49,315.14,16.92
1,20.00,145,432.36,472.62,15.35
1,20.00,146,606.49,687.77,14.43
1,20.00,147,614.18,214.97,15.63
1,20.00,148,889.22,481.43,0.00
1,20.00,149,149.88,508.57,19.54
1,20.00,150,341.32,836.79,13.51
1,20.00,151,494.89,532.00,20.13
1,20.00,152,109.03,123.01,13.45
1,20.00,153,759.88,858.04,18.71
1,20.00,154,282.42,496.21,15.30
1,20.00,155,164.13,574.75,16.32
1,20.00,156,677.88,842.34,11.87
1,20.00,157,939.82,929.45,6.44
1,20.00,158,767.05,598.49,22.37
1,20.00,159,201.90,689.70,13.82
1,20.00,160,352.51,418.41,0.00
1,20.00,161,929.60,160.94,10.15
1,20.00,162,322.00,669.21,9.88
1,20.00,163,905.45,837.40,12.30
1,20.00,164,563.18,412.59,18.99
1,20.00,165,70.48,912.51,8.02
1,20.00,166,792.68,513.50,8.38
1,20.00,167,651.27,443.45,14.77
1,20.00,168,228.44,459.96,14.42
1,20.00,169,855.99,793.45,19.15
1,20.00,170,810.81,235.34,16.62
1,20.00,171,265.29,580.58,23.34
1,20.00,172,603.53,242.88,6.58
1,20.00,173,366.34,430.89,11.23
1,20.00,174,262.92,363.24,24.66
1,20.00,175,742.49,68.25,7.25
1,20.00,176,352.48,104.87,0.00
1,20.00,177,248.96,228.02,23.30
1,20.00,178,771.41,806.91,13.53
1,20.00,179,957.05,260.51,0.00
1,20.00,180,507.56,72.39,0.00
1,20.00,181,462.43,263.68,0.00
1,20.00,182,709.73,580.06,18.39
1,20.00,183,976.35,671.18,12.39
1,20.00,184,600.04,258.04,12.84
1,20.00,185,538.27,690.22,20.66
1,20.00,186,246.32,675.68,16.35
1,20.00,187,683.98,668.02,20.90
1,20.00,188,383.63,503.79,21.80
1,20.00,189,850.79,254.35,6.50
1,20.00,190,685.45,229.85,7.74
1,20.00,191,855.46,750.70,13.84
1,20.00,192,281.67,827.91,12.43
1,20.00,193,611.17,195.61,14.07
1,20.00,194,508.22,589.03,6.74
1,20.00,195,216.40,249.55,6.12
1,20.00,196,802.04,483.16,9.13
1,20.00,197,928.43,421.51,5.16
1,20.00,198,482.14,214.38,19.00
1,20.00,199,239.96,559.37,23.09
1,20.00,200,265.11,767.89,23.73
1,20.00,201,235.38,282.15,8.63
1,20.00,202,533.06,792.41,23.90
1,20.00,203,723.46,564.87,24.45
1,20.00,204,565.02,584.27,19.96
1,20.00,205,592.05,570.44,20.56
1,20.00,206,833.73,134.86,15.21
1,20.00,207,773.30,285.04,22.18
1,20.00,208,900.58,722.72,24.77
1,20.00,209,329.83,264.13,15.26
1,20.00,210,360.97,528.32,6.11
1,20.00,211,408.99,421.81,20.25
1,20.00,212,804.37,905.93,6.28
1,20.00,213,863.52,356.24,6.89
1,20.00,214,577.54,654.08,22.20
1,20.00,215,799.18,160.00,22.30
1,20.00,216,548.71,417.55,15.53
1,20.00,217,712.81,891.60,12.34
1,20.00,218,754.44,78.67,7.19
1,20.00,219,641.01,364.94,20.74
1,20.00,220,595.59,128.18,7.04
1,20.00,221,713.55,684.17,15.69
1,20.00,222,743.43,371.00,9.88
1,20.00,223,491.90,402.34,5.83
1,20.00,224,717.38,568.06,0.00
1,20.00,225,511.78,239.79,12.81
1,20.00,226,627.87,768.84,9.67
1,20.00,227,776.78,360.98,9.76
1,20.00,228,464.25,413.38,9.69
1,20.00,229,789.94,103.83,12.57
1,20.00,230,222.45,339.40,14.71
1,20.00,231,293.78,427.42,23.68
1,20.00,232,877.87,227.30,12.19
1,20.00,233,209.28,640.96,12.35
1,20.00,234,820.82,197.82,0.00
1,20.00,235,150.64,488.50,16.47
1,20.00,236,618.99,940.87,23.94
1,20.00,237,157.88,772.26,8.80
1,20.00,238,313.12,385.55,15.87
1,20.00,239,628.12,303.97,16.50
1,20.00,240,695.68,478.83,14.78
1,20.00,241,572.22,147.83,12.51
1,20.00,242,190.15,582.13,9.55
1,20.00,243,341.97,534.37,24.76
1,20.00,244,683.31,216.92,0.00
1,20.00,245,963.13,226.92,5.57
1,20.00,246,394.79,759.33,21.09
1,20.00,247,601.50,612.77,8.29
1,20.00,248,251.17,229.64,22.77
1,20.00,249,650.67,789.09,8.39
1,20.00,250,480.19,443.78,15.04
1,20.00,251,454.64,951.68,6.64
1,20.00,252,786.64,531.66,13.30
1,20.00,253,779.99,693.46,18.34
1,20.00,254,484.96,728.21,5.67
1,20.00,255,198.59,627.33,0.00
1,20.00,256,233.49,317.75,19.99
1,20.00,257,538.55,248.99,23.14
1,20.00,258,950.89,256.83,0.00
1,20.00,259,344.59,277.64,20.96
1,20.00,260,196.33,817.22,5.00
1,20.00,261,291.04,457.18,20.80
1,20.00,262,698.56,454.01,10.45
1,20.00,263,703.53,218.55,17.49
1,20.00,264,182.77,889.41,14.59
1,20.00,265,222.90,859.38,6.46
1,20.00,266,863.16,451.85,10.99
1,20.00,267,283.08,450.20,23.38
1,20.00,268,458.38,781.64,15.62
1,20.00,269,322.39,352.07,20.50
1,20.00,270,609.79,166.58,0.00
1,20.00,271,260.42,354.51,7.62
1,20.00,272,620.92,753.25,17.45
1,20.00,273,896.69,537.34,7.47
1,20.00,274,543.37,834.41,21.88
1,20.00,275,205.12,290.10,6.36
1,20.00,276,106.29,755.19,10.14
1,20.00,277,879.55,853.46,5.51
1,20.00,278,187.41,809.92,16.45
1,20.00,279,436.94,782.33,14.73
1,20.00,280,428.38,306.41,20.72
1,20.00,281,293.79,622.64,21.98
1,20.00,282,326.63,667.10,24.28
1,20.00,283,613.27,748.17,17.50
1,20.00,284,209.61,226.97,5.81
1,20.00,285,928.54,676.39,5.80
1,20.00,286,537.10,704.97,23.82
1,20.00,287,792.01,811.51,15.00
1,20.00,288,446.88,580.88,20.01
1,20.00,289,497.68,668.38,7.09
1,20.00,290,446.31,360.76,22.29
1,20.00,291,858.90,512.85,17.78
1,20.00,292,532.93,337.63,7.81
1,20.00,293,269.75,813.75,18.90
1,20.00,294,549.51,626.32,10.70
1,20.00,295,519.03,167.96,8.41
1,20.00,296,696.47,783.07,22.25
1,20.00,297,786.47,705.60,20.14
1,20.00,298,501.26,550.62,17.91
1,20.00,299,677.56,828.87,24.86
1,20.00,300,725.57,581.06,14.59
1,20.00,301,550.15,369.15,20.84
1,20.00,302,509.49,288.34,14.66
1,20.00,303,518.48,669.41,11.35
1,20.00,304,651.69,617.84,0.00
1,20.00,305,321.55,588.06,6.97
1,20.00,306,191.28,813.93,20.41
1,20.00,307,709.38,234.36,8.24
1,20.00,308,537.70,12.61,0.00
1,20.00,309,104.16,68.22,5.33
1,20.00,310,627.77,634.71,24.94
1,20.00,311,118.27,551.11,11.05
1,20.00,312,287.72,626.10,19.45
1,20.00,313,474.48,448.06,14.09
1,20.00,314,439.77,555.30,23.82
1,20.00,315,530.53,798.27,0.00
1,20.00,316,766.69,499.41,6.17
1,20.00,317,458.95,42.27,16.51
1,20.00,318,122.00,498.18,18.29
1,20.00,319,582.68,638.69,16.58
1,20.00,320,559.56,624.43,13.42
1,20.00,321,194.61,970.39,15.57
1,20.00,322,234.48,290.35,18.95
1,20.00,323,904.22,692.61,5.25
1,20.00,324,345.18,106.95,6.63
1,20.00,325,315.61,49.93,13.06
1,20.00,326,353.94,868.97,21.99
1,20.00,327,317.56,683.33,15.05
1,20.00,328,305.41,495.99,12.11
1,20.00,329,282.52,94.89,20.27
1,20.00,330,690.03,705.66,22.69
1,20.00,331,254.23,250.01,19.57
1,20.00,332,573.52,234.74,22.66
1,20.00,333,173.47,884.35,12.00
1,20.00,334,868.59,632.00,21.49
1,20.00,335,675.54,864.56,16.33
1,20.00,336,362.04,494.95,23.19
1,20.00,337,907.13,809.97,0.00
1,20.00,338,192.30,377.29,16.65
1,20.00,339,393.33,305.69,19.64
1,20.00,340,341.52,52.43,21.03
1,20.00,341,530.89,593.35,18.08
1,20.00,342,303.17,901.09,20.81
1,20.00,343,94.12,467.11,7.22
1,20.00,344,613.73,191.07,14.65
1,20.00,345,310.76,825.64,0.00
1,20.00,346,356.74,563.48,24.30
1,20.00,347,449.71,480.12,19.51
1,20.00,348,249.52,736.54,6.76
1,20.00,349,393.89,164.93,7.54
1,20.00,350,612.16,723.96,18.47
1,20.00,351,442.28,136.22,24.30
1,20.00,352,499.84,438.28,18.46
1,20.00,353,387.92,158.18,13.19
1,20.00,354,129.83,386.63,12.00
1,20.00,355,422.05,580.16,24.06
1,20.00,356,442.01,196.58,24.13
1,20.00,357,493.80,137.47,22.42
1,20.00,358,110.29,205.57,9.03
1,20.00,359,457.13,759.08,23.94
1,20.00,360,601.47,635.81,10.28
1,20.00,361,165.11,503.86,13.73
1,20.00,362,862.54,448.51,21.08
1,20.00,363,403.38,443.78,10.80
1,20.00,364,720.58,780.24,17.76
1,20.00,365,428.03,230.52,9.36
1,20.00,366,482.63,323.86,15.07
1,20.00,367,906.54,709.08,16.16
1,20.00,368,49.23,303.22,6.61
1,20.00,369,688.98,304.32,0.00
1,20.00,370,793.14,374.54,14.48
1,20.00,371,423.41,241.66,9.13
1,20.00,372,854.85,302.80,15.87
1,20.00,373,257.98,426.57,9.24
1,20.00,374,321.65,669.03,0.00
1,20.00,375,340.44,673.59,6.19
1,20.00,376,880.02,478.64,10.85
1,20.00,377,211.00,190.87,5.28
1,20.00,378,603.20,393.20,17.12
1,20.00,379,704.41,872.16,12.63
1,20.00,380,311.04,807.97,0.00
1,20.00,381,725.85,241.12,16.06
1,20.00,382,318.94,585.75,9.64
1,20.00,383,363.68,223.78,21.50
1,20.00,384,552.55,469.22,18.05
1,20.00,385,552.36,475.69,17.28
1,20.00,386,337.23,424.60,11.82
1,20.00,387,678.04,547.23,19.87
1,20.00,388,402.39,655.75,24.21
1,20.00,389,534.87,373.16,5.33
1,20.00,390,621.75,260.00,18.73
1,20.00,391,689.59,287.49,23.84
1,20.00,392,337.85,670.12,20.01
1,20.00,393,401.34,829.22,22.72
1,20.00,394,321.24,778.66,23.27
1,20.00,395,565.25,523.88,23.11
1,20.00,396,625.72,474.27,20.99
1,20.00,397,683.05,368.76,7.51
1,20.00,398,269.29,508.35,20.03
1,20.00,399,393.46,732.85,20.39
1,30.00,0,508.95,420.39,0.00
1,30.00,1,231.79,361.48,12.46
1,30.00,2,233.53,720.13,6.43
1,30.00,3,404.33,587.13,0.00
1,30.00,4,539.37,801.27,24.03
1,30.00,5,437.79,593.96,18.59
1,30.00,6,602.88,286.61,7.64
1,30.00,7,537.41,713.18,0.00
1,30.00,8,85.77,907.80,11.78
1,30.00,9,427.60,621.96,0.00
1,30.00,10,616.61,378.29,12.24
1,30.00,11,770.98,411.76,17.90
1,30.00,12,460.19,559.85,9.56
1,30.00,13,776.88,638.95,10.27
1,30.00,14,113.24,810.77,9.59
1,30.00,15,526.22,419.51,13.97
1,30.00,16,337.19,654.00,14.99
1,30.00,17,205.86,354.73,0.00
1,30.00,18,515.99,323.40,9.19
1,30.00,19,266.63,246.80,9.98
1,30.00,20,819.73,381.42,0.00
1,30.00,21,858.31,410.22,8.20
1,30.00,22,588.50,400.81,7.54
1,30.00,23,604.81,844.20,21.42
1,30.00,24,415.92,449.07,11.38
1,30.00,25,391.89,689.28,20.59
1,30.00,26,890.87,369.49,0.00
1,30.00,27,715.70,571.94,18.47
1,30.00,28,707.73,842.45,5.42
1,30.00,29,938.64,181.87,0.00
1,30.00,30,322.61,155.21,8.79
1,30.00,31,300.93,336.33,6.11
1,30.00,32,398.66,955.79,7.10
1,30.00,33,495.35,402.82,6.69
1,30.00,34,345.22,512.30,13.93
1,30.00,35,300.83,861.48,7.38
1,30.00,36,99.30,274.08,5.58
1,30.00,37,552.21,388.62,22.90
1,30.00,38,656.24,338.59,15.39
1,30.00,39,508.15,655.38,16.69
1,30.00,40,857.19,634.95,5.75
1,30.00,41,828.07,695.36,0.00
1,30.00,42,333.57,744.54,13.62
1,30.00,43,451.71,417.39,0.00
1,30.00,44,311.48,192.37,0.00
1,30.00,45,452.15,211.45,22.61
1,30.00,46,712.09,519.12,14.88
1,30.00,47,527.89,909.58,22.28
1,30.00,48,187.45,349.78,15.04
1,30.00,49,759.34,739.98,11.70
1,30.00,50,921.08,370.67,11.76
1,30.00,51,619.39,275.12,17.30
1,30.00,52,194.72,357.77,0.00
1,30.00,53,557.18,981.49,17.09
1,30.00,54,373.19,540.58,12.42
1,30.00,55,594.84,246.18,20.41
1,30.00,56,544.24,231.56,8.41
1,30.00,57,608.30,646.03,11.29
1,30.00,58,662.71,2.37,0.00
1,30.00,59,349.54,656.59,8.04
1,30.00,60,518.55,384.13,24.14
1,30.00,61,750.32,432.42,8.85
1,30.00,62,638.22,757.88,6.18
1,30.00,63,298.80,503.36,16.53
1,30.00,64,844.89,132.70,5.50
1,30.00,65,262.22,578.56,24.34
1,30.00,66,605.67,512.45,22.57
1,30.00,67,425.84,325.99,19.24
1,30.00,68,502.93,439.56,10.94
1,30.00,69,537.21,341.64,24.78
1,30.00,70,595.17,346.31,17.14
1,30.00,71,683.25,496.46,23.93
1,30.00,72,768.61,749.63,21.86
1,30.00,73,548.18,172.75,8.08
1,30.00,74,317.53,543.72,9.12
1,30.00,75,604.28,294.59,0.00
1,30.00,76,591.38,534.39,18.00
1,30.00,77,845.12,448.32,21.19
1,30.00,78,739.48,229.19,9.67
1,30.00,79,759.86,575.63,14.53
1,30.00,80,591.30,642.81,8.82
1,30.00,81,225.70,192.55,12.19
1,30.00,82,740.56,337.03,6.05
1,30.00,83,375.16,461.83,5.28
1,30.00,84,762.48,221.10,5.50
1,30.00,85,349.12,189.64,10.46
1,30.00,86,485.76,190.16,15.72
1,30.00,87,628.97,518.97,0.00
1,30.00,88,87.38,416.69,5.06
1,30.00,89,255.31,338.02,0.00
1,30.00,90,558.34,728.70,23.17
1,30.00,91,479.95,321.28,10.40
1,30.00,92,349.52,705.21,9.75
1,30.00,93,113.35,273.39,14.82
1,30.00,94,836.64,491.61,13.88
1,30.00,95,594.43,532.85,20.93
1,30.00,96,347.44,607.86,13.05
1,30.00,97,639.97,682.01,10.47
1,30.00,98,379.99,405.29,20.69
1,30.00,99,263.69,642.48,0.00
1,30.00,100,39.15,878.13,22.47
1,30.00,101,443.76,548.22,12.36
1,30.00,102,170.85,587.47,5.40
1,30.00,103,200.84,828.84,9.88
1,30.00,104,769.48,421.77,0.00
1,30.00,105,413.77,638.80,12.61
1,30.00,106,127.27,661.56,6.71
1,30.00,107,659.25,221.81,7.96
1,30.00,108,311.65,470.96,5.23
1,30.00,109,398.23,811.56,8.40
1,30.00,110,346.05,25.09,0.00
1,30.00,111,288.39,496.70,15.23
1,30.00,112,282.14,745.42,0.00
1,30.00,113,641.11,933.04,23.34
1,30.00,114,639.22,452.39,18.90
1,30.00,115,611.14,441.65,24.07
1,30.00,116,679.59,39.61,15.96
1,30.00,117,880.38,148.19,0.00
1,30.00,118,688.30,337.22,12.48
1,30.00,119,108.59,556.94,0.00
1,30.00,120,691.81,750.77,0.00
1,30.00,121,286.16,161.96,8.88
1,30.00,122,544.37,80.66,10.78
1,30.00,123,687.84,874.86,0.00
1,30.00,124,670.80,708.36,6.37
1,30.00,125,297.18,529.08,7.46
1,30.00,126,393.98,573.51,14.79
1,30.00,127,627.23,518.21,15.67
1,30.00,128,427.66,714.61,13.70
1,30.00,129,550.80,731.89,10.97
1,30.00,130,529.85,284.87,13.05
1,30.00,131,148.68,470.16,11.74
1,30.00,132,251.09,374.68,13.58
1,30.00,133,337.71,621.16,11.00
1,30.00,134,713.88,36.89,8.69
1,30.00,135,622.30,954.71,5.74
1,30.00,136,591.13,383.57,19.43
1,30.00,137,406.51,190.62,8.93
1,30.00,138,520.71,156.10,19.27
1,30.00,139,367.92,703.81,8.09
1,30.00,140,202.15,581.38,0.00
1,30.00,141,197.67,552.17,0.00
1,30.00,142,642.48,766.30,5.64
1,30.00,143,576.65,256.67,20.01
1,30.00,144,566.61,383.22,16.92
1,30.00,145,302.29,391.09,15.35
1,30.00,146,520.05,572.28,14.43
1,30.00,147,766.91,248.17,15.63
1,30.00,148,865.83,473.67,15.03
1,30.00,149,246.87,338.93,19.54
1,30.00,150,471.14,799.47,13.51
1,30.00,151,685.33,466.68,20.13
1,30.00,152,192.92,228.14,13.45
1,30.00,153,876.55,964.50,0.00
1,30.00,154,358.87,628.77,15.30
1,30.00,155,320.39,615.40,0.00
1,30.00,156,649.58,727.07,11.87
1,30.00,157,890.19,888.36,6.44
1,30.00,158,544.22,617.95,22.37
1,30.00,159,169.26,823.97,13.82
1,30.00,160,340.56,410.99,18.83
1,30.00,161,889.60,254.26,10.15
1,30.00,162,386.16,594.02,9.88
1,30.00,163,813.15,756.15,12.30
1,30.00,164,495.37,590.00,18.99
1,30.00,165,123.34,852.16,8.02
1,30.00,166,742.48,446.37,8.38
1,30.00,167,512.04,492.64,14.77
1,30.00,168,268.32,321.34,14.42
1,30.00,169,815.51,606.33,19.15
1,30.00,170,717.55,372.92,16.62
1,30.00,171,493.23,630.77,23.34
1,30.00,172,619.07,306.87,6.58
1,30.00,173,428.58,524.41,11.23
1,30.00,174,150.38,271.43,0.00
1,30.00,175,699.70,126.73,7.25
1,30.00,176,341.68,113.88,10.04
1,30.00,177,281.17,253.18,0.00
1,30.00,178,640.47,772.91,13.53
1,30.00,179,950.11,259.46,6.50
1,30.00,180,547.16,94.53,19.75
1,30.00,181,422.42,340.09,20.93
1,30.00,182,598.58,539.31,0.00
1,30.00,183,961.68,794.20,12.39
1,30.00,184,550.37,376.45,12.84
1,30.00,185,718.36,589.02,20.66
1,30.00,186,318.56,529.03,16.35
1,30.00,187,491.75,585.89,20.90
1,30.00,188,303.70,549.87,0.00
1,30.00,189,846.92,242.88,0.00
1,30.00,190,611.87,205.79,7.74
1,30.00,191,821.75,616.50,13.84
1,30.00,192,404.20,806.84,12.43
1,30.00,193,664.78,325.65,14.07
1,30.00,194,548.65,643.02,6.74
1,30.00,195,220.17,310.67,6.12
1,30.00,196,777.57,395.20,9.13
1,30.00,197,888.32,453.98,5.16
1,30.00,198,593.98,368.03,19.00
1,30.00,199,96.94,378.10,23.09
1,30.00,200,202.92,538.92,23.73
1,30.00,201,227.39,368.08,8.63
1,30.00,202,681.07,920.45,0.00
1,30.00,203,518.64,698.48,24.45
1,30.00,204,418.15,719.40,19.96
1,30.00,205,705.18,742.13,20.56
1,30.00,206,686.73,173.85,15.21
1,30.00,207,662.83,477.38,22.18
1,30.00,208,803.25,494.98,24.77
1,30.00,209,444.44,364.81,15.26
1,30.00,210,412.74,495.83,6.11
1,30.00,211,588.23,327.63,20.25
1,30.00,212,829.71,902.88,0.00
1,30.00,213,798.57,333.23,6.89
1,30.00,214,672.34,453.31,22.20
1,30.00,215,618.61,290.80,22.30
1,30.00,216,412.83,492.83,15.53
1,30.00,217,620.45,809.76,12.34
1,30.00,218,756.29,150.56,7.19
1,30.00,219,434.07,378.00,20.74
1,30.00,220,581.33,197.15,7.04
1,30.00,221,665.87,534.71,15.69
1,30.00,222,654.16,413.32,9.88
1,30.00,223,549.39,392.50,5.83
1,30.00,224,723.15,603.57,7.45
1,30.00,225,407.12,313.65,12.81
1,30.00,226,577.85,727.36,0.00
1,30.00,227,679.27,356.74,9.76
1,30.00,228,483.67,508.35,9.69
1,30.00,229,699.25,190.87,12.57
1,30.00,230,214.53,486.30,14.71
1,30.00,231,523.08,368.35,23.68
1,30.00,232,869.84,348.94,12.19
1,30.00,233,130.87,545.61,12.35
1,30.00,234,804.01,200.89,9.31
1,30.00,235,29.29,599.92,16.47
1,30.00,236,858.09,953.41,23.94
1,30.00,237,216.34,706.53,8.80
1,30.00,238,400.61,518.00,15.87
1,30.00,239,463.09,304.57,16.50
1,30.00,240,638.62,387.10,0.00
1,30.00,241,473.02,223.98,12.51
1,30.00,242,147.21,496.83,9.55
1,30.00,243,255.91,658.07,0.00
1,30.00,244,622.39,251.08,9.20
1,30.00,245,957.38,282.33,5.57
1,30.00,246,359.65,551.39,21.09
1,30.00,247,574.74,534.30,8.29
1,30.00,248,478.06,210.37,22.77
1,30.00,249,605.44,718.40,8.39
1,30.00,250,375.44,335.82,15.04
1,30.00,251,516.47,927.45,6.64
1,30.00,252,866.12,424.98,13.30
1,30.00,253,628.22,590.50,18.34
1,30.00,254,444.20,767.67,5.67
1,30.00,255,216.37,620.39,12.87
1,30.00,256,245.22,517.31,19.99
1,30.00,257,367.12,404.36,23.14
1,30.00,258,913.57,218.66,13.18
1,30.00,259,173.72,399.12,20.96
1,30.00,260,230.74,780.92,5.00
1,30.00,261,288.19,446.76,0.00
1,30.00,262,618.39,520.97,10.45
1,30.00,263,547.93,298.34,17.49
1,30.00,264,321.61,844.61,14.59
1,30.00,265,243.68,798.17,6.46
1,30.00,266,754.06,465.46,10.99
1,30.00,267,294.72,683.70,23.38
1,30.00,268,561.23,664.14,15.62
1,30.00,269,405.55,539.41,20.50
1,30.00,270,611.17,169.79,15.97
1,30.00,271,332.20,328.94,7.62
1,30.00,272,574.60,585.00,17.45
1,30.00,273,822.50,528.39,7.47
1,30.00,274,352.34,727.71,21.88
1,30.00,275,261.50,319.57,6.36
1,30.00,276,199.26,714.80,10.14
1,30.00,277,913.88,896.62,5.51
1,30.00,278,143.22,651.44,16.45
1,30.00,279,403.02,870.65,0.00
1,30.00,280,301.98,470.53,20.72
1,30.00,281,154.40,792.64,21.98
1,30.00,282,568.02,693.51,24.28
1,30.00,283,459.44,664.72,17.50
1,30.00,284,222.46,170.31,5.81
1,30.00,285,871.72,688.21,5.80
1,30.00,286,650.31,495.35,23.82
1,30.00,287,687.80,703.63,15.00
1,30.00,288,547.95,408.22,20.01
1,30.00,289,531.63,606.20,7.09
1,30.00,290,478.05,581.38,22.29
1,30.00,291,801.82,681.25,17.78
1,30.00,292,599.14,379.07,7.81
1,30.00,293,415.15,693.01,18.90
1,30.00,294,508.06,527.71,10.70
1,30.00,295,508.75,251.39,8.41
1,30.00,296,698.69,786.68,0.00
1,30.00,297,704.47,538.70,0.00
1,30.00,298,671.23,607.11,17.91
1,30.00,299,702.92,908.99,0.00
1,30.00,300,604.09,661.93,14.59
1,30.00,301,716.25,495.02,20.84
1,30.00,302,623.45,380.53,14.66
1,30.00,303,612.02,605.18,11.35
1,30.00,304,589.01,641.38,20.14
1,30.00,305,303.04,520.85,6.97
1,30.00,306,335.12,669.15,20.41
1,30.00,307,728.68,314.43,8.24
1,30.00,308,538.48,16.87,8.12
1,30.00,309,135.28,111.50,5.33
1,30.00,310,446.61,463.33,24.94
1,30.00,311,222.53,587.62,11.05
1,30.00,312,475.02,678.34,19.45
1,30.00,313,558.63,335.04,14.09
1,30.00,314,400.32,790.21,23.82
1,30.00,315,553.34,709.67,23.24
1,30.00,316,780.11,559.61,6.17
1,30.00,317,294.09,33.14,16.51
1,30.00,318,8.81,543.24,0.00
1,30.00,319,425.30,690.78,16.58
1,30.00,320,565.07,758.52,13.42
1,30.00,321,96.41,992.56,0.00
1,30.00,322,421.15,257.58,18.95
1,30.00,323,863.56,725.77,5.25
1,30.00,324,357.51,172.12,6.63
1,30.00,325,446.09,45.69,13.06
1,30.00,326,309.15,883.81,0.00
1,30.00,327,393.56,553.38,15.05
1,30.00,328,425.52,511.16,12.11
1,30.00,329,471.28,20.95,20.27
1,30.00,330,785.49,842.29,0.00
1,30.00,331,395.26,385.69,19.57
1,30.00,332,356.93,301.34,22.66
1,30.00,333,263.07,804.57,12.00
1,30.00,334,930.44,837.84,21.49
1,30.00,335,525.55,799.86,16.33
1,30.00,336,309.85,547.40,0.00
1,30.00,337,880.23,818.14,12.23
1,30.00,338,357.19,400.33,16.65
1,30.00,339,568.41,394.69,19.64
1,30.00,340,182.93,78.56,0.00
1,30.00,341,693.83,514.97,18.08
1,30.00,342,124.77,881.02,0.00
1,30.00,343,139.18,410.70,7.22
1,30.00,344,467.91,177.56,14.65
1,30.00,345,319.80,781.68,11.55
1,30.00,346,575.19,669.96,24.30
1,30.00,347,321.81,502.57,0.00
1,30.00,348,301.91,693.76,6.76
1,30.00,349,369.88,236.40,7.54
1,30.00,350,792.80,762.48,18.47
1,30.00,351,234.41,262.07,24.30
1,30.00,352,486.01,316.67,0.00
1,30.00,353,408.27,288.52,13.19
1,30.00,354,234.47,327.93,12.00
1,30.00,355,275.94,771.26,24.06
1,30.00,356,228.70,309.45,24.13
1,30.00,357,282.79,61.63,22.42
1,30.00,358,112.08,295.83,9.03
1,30.00,359,604.00,675.69,0.00
1,30.00,360,530.29,561.66,10.28
1,30.00,361,226.32,626.73,13.73
1,30.00,362,916.93,424.12,0.00
1,30.00,363,500.41,396.24,10.80
1,30.00,364,642.61,939.78,17.76
1,30.00,365,473.09,312.52,9.36
1,30.00,366,338.67,368.54,15.07
1,30.00,367,918.20,707.48,0.00
1,30.00,368,47.67,369.27,6.61
1,30.00,369,516.98,341.99,22.56
1,30.00,370,872.03,495.94,14.48
1,30.00,371,511.60,218.07,9.13
1,30.00,372,719.05,384.93,15.87
1,30.00,373,249.93,518.65,9.24
1,30.00,374,318.35,657.42,18.78
1,30.00,375,397.02,648.50,6.19
1,30.00,376,792.87,414.00,10.85
1,30.00,377,202.63,243.05,5.28
1,30.00,378,482.91,271.46,17.12
1,30.00,379,578.35,880.55,12.63
1,30.00,380,301.35,793.38,11.10
1,30.00,381,648.86,183.31,0.00
1,30.00,382,402.26,634.24,9.64
1,30.00,383,307.46,431.27,21.50
1,30.00,384,375.99,431.63,18.05
1,30.00,385,511.61,643.64,17.28
1,30.00,386,400.66,524.33,11.82
1,30.00,387,491.44,615.49,19.87
1,30.00,388,212.29,805.65,24.21
1,30.00,389,519.52,424.22,5.33
1,30.00,390,445.42,323.17,18.73
1,30.00,391,548.01,479.29,23.84
1,30.00,392,388.92,476.69,20.01
1,30.00,393,561.11,667.76,22.72
1,30.00,394,477.68,606.45,23.27
1,30.00,395,635.15,744.19,23.11
1,30.00,396,444.62,368.22,20.99
1,30.00,397,608.31,361.44,7.51
1,30.00,398,246.04,309.38,20.03
1,30.00,399,498.97,558.34,20.39
1,40.00,0,530.29,388.74,0.00
1,40.00,1,199.27,481.77,12.46
1,40.00,2,281.90,677.79,6.43
1,40.00,3,404.53,586.59,5.37
1,40.00,4,740.31,725.60,0.00
1,40.00,5,601.54,681.99,18.59
1,40.00,6,627.14,359.06,7.64
1,40.00,7,676.27,687.97,19.65
1,40.00,8,53.44,906.88,0.00
1,40.00,9,536.10,459.86,19.83
1,40.00,10,594.51,257.87,12.24
1,40.00,11,789.25,551.46,0.00
1,40.00,12,372.27,597.44,9.56
1,40.00,13,707.52,714.64,10.27
1,40.00,14,30.12,858.62,9.59
1,40.00,15,452.85,300.63,13.97
1,40.00,16,448.68,553.79,14.99
1,40.00,17,204.13,367.18,12.51
1,40.00,18,437.40,370.98,9.19
1,40.00,19,362.84,220.33,9.98
1,40.00,20,828.79,520.27,22.15
1,40.00,21,819.45,482.40,8.20
1,40.00,22,530.58,352.58,7.54
1,40.00,23,440.12,967.02,0.00
1,40.00,24,355.21,352.85,11.38
1,40.00,25,574.08,593.44,20.59
1,40.00,26,866.55,369.66,14.88
1,40.00,27,752.90,525.13,0.00
1,40.00,28,655.52,856.82,5.42
1,40.00,29,856.15,280.05,20.11
1,40.00,30,245.51,112.92,8.79
1,40.00,31,325.04,392.47,6.11
1,40.00,32,385.49,886.07,7.10
1,40.00,33,562.02,408.11,6.69
1,40.00,34,477.05,557.34,13.93
1,40.00,35,338.17,797.77,7.38
1,40.00,36,139.40,235.31,5.58
1,40.00,37,431.24,424.85,0.00
1,40.00,38,790.07,262.54,15.39
1,40.00,39,585.83,803.05,16.69
1,40.00,40,911.63,653.61,5.75
1,40.00,41,789.91,592.55,12.49
1,40.00,42,455.25,683.43,13.62
1,40.00,43,480.16,442.75,13.52
1,40.00,44,336.70,226.72,22.64
1,40.00,45,676.30,241.15,22.61
1,40.00,46,860.04,502.96,14.88
1,40.00,47,746.60,867.08,22.28
1,40.00,48,337.87,347.79,15.04
1,40.00,49,663.59,672.80,11.70
1,40.00,50,813.12,324.02,11.76
1,40.00,51,461.09,205.38,17.30
1,40.00,52,310.64,375.85,18.64
1,40.00,53,386.51,990.85,17.09
1,40.00,54,279.39,459.22,12.42
1,40.00,55,659.07,52.49,20.41
1,40.00,56,601.54,293.06,8.41
1,40.00,57,715.12,609.57,11.29
1,40.00,58,660.24,27.23,12.68
1,40.00,59,423.72,625.54,8.04
1,40.00,60,747.12,306.45,24.14
1,40.00,61,697.02,361.83,8.85
1,40.00,62,593.43,715.33,6.18
1,40.00,63,406.42,377.82,16.53
1,40.00,64,845.33,187.66,5.50
1,40.00,65,260.41,579.83,0.00
1,40.00,66,758.95,678.14,22.57
1,40.00,67,617.41,308.60,19.24
1,40.00,68,393.50,438.56,10.94
1,40.00,69,387.85,152.74,0.00
1,40.00,70,472.24,465.75,17.14
1,40.00,71,756.94,278.68,0.00
1,40.00,72,580.32,638.53,21.86
1,40.00,73,468.12,161.95,8.08
1,40.00,74,401.01,507.08,9.12
1,40.00,75,588.43,371.67,9.93
1,40.00,76,592.70,531.65,0.00
1,40.00,77,838.32,568.30,0.00
1,40.00,78,716.84,188.46,0.00
1,40.00,79,862.26,472.54,14.53
1,40.00,80,525.23,584.42,8.82
1,40.00,81,203.31,157.07,0.00
1,40.00,82,682.19,352.90,6.05
1,40.00,83,418.86,491.46,5.28
1,40.00,84,711.97,242.87,5.50
1,40.00,85,447.65,224.69,10.46
1,40.00,86,381.76,308.04,15.72
1,40.00,87,611.07,529.55,23.81
1,40.00,88,90.09,402.72,0.00
1,40.00,89,256.61,371.51,14.73
1,40.00,90,778.32,655.90,23.17
1,40.00,91,430.81,413.00,10.40
1,40.00,92,401.15,622.50,9.75
1,40.00,93,62.01,134.34,14.82
1,40.00,94,912.35,607.41,0.00
1,40.00,95,459.37,372.92,20.93
1,40.00,96,252.78,518.07,13.05
1,40.00,97,725.85,741.92,10.47
1,40.00,98,337.10,607.65,20.69
1,40.00,99,266.99,640.71,10.33
1,40.00,100,37.78,897.32,0.00
1,40.00,101,354.23,633.45,12.36
1,40.00,102,223.13,574.14,5.40
1,40.00,103,296.44,853.75,9.88
1,40.00,104,729.55,435.48,6.83
1,40.00,105,329.59,544.91,12.61
1,40.00,106,134.85,594.85,6.71
1,40.00,107,607.02,281.91,7.96
1,40.00,108,363.78,466.95,5.23
1,40.00,109,358.28,737.65,8.40
1,40.00,110,377.90,56.15,9.76
1,40.00,111,360.57,362.62,15.23
1,40.00,112,294.49,736.01,16.49
1,40.00,113,652.28,953.31,0.00
1,40.00,114,641.29,449.26,0.00
1,40.00,115,720.76,655.93,24.07
1,40.00,116,519.96,40.43,15.96
1,40.00,117,858.17,164.45,15.15
1,40.00,118,750.28,249.78,0.00
1,40.00,119,190.63,598.15,20.31
1,40.00,120,771.94,669.37,19.27
1,40.00,121,340.01,232.51,8.88
1,40.00,122,640.94,32.69,10.78
1,40.00,123,679.05,865.24,10.28
1,40.00,124,610.18,727.91,6.37
1,40.00,125,238.58,575.32,7.46
1,40.00,126,267.79,496.38,14.79
1,40.00,127,572.85,665.13,15.67
1,40.00,128,556.14,762.09,13.70
1,40.00,129,649.76,779.19,10.97
1,40.00,130,442.17,381.47,13.05
1,40.00,131,221.37,378.00,11.74
1,40.00,132,210.75,245.00,13.58
1,40.00,133,344.53,730.95,11.00
1,40.00,134,627.18,42.72,8.69
1,40.00,135,675.63,933.49,5.74
1,40.00,136,543.44,414.43,0.00
1,40.00,137,325.68,228.64,8.93
1,40.00,138,524.82,7.79,0.00
1,40.00,139,414.57,637.69,8.09
1,40.00,140,256.82,631.51,23.50
1,40.00,141,229.28,583.76,9.71
1,40.00,142,617.85,715.57,5.64
1,40.00,143,460.49,93.77,20.01
1,40.00,144,411.73,451.31,16.92
1,40.00,145,172.22,309.56,15.35
1,40.00,146,433.60,456.80,14.43
1,40.00,147,838.58,263.75,0.00
1,40.00,148,723.17,426.38,15.03
1,40.00,149,343.87,169.29,19.54
1,40.00,150,600.97,762.15,13.51
1,40.00,151,875.78,401.36,20.13
1,40.00,152,276.81,333.26,13.45
1,40.00,153,859.95,948.82,14.65
1,40.00,154,435.33,761.32,15.30
1,40.00,155,320.95,614.59,9.55
1,40.00,156,621.28,611.79,11.87
1,40.00,157,840.56,847.27,6.44
1,40.00,158,321.39,637.42,22.37
1,40.00,159,155.58,880.24,0.00
1,40.00,160,206.63,327.84,0.00
1,40.00,161,849.60,347.58,10.15
1,40.00,162,450.33,518.82,9.88
1,40.00,163,720.85,674.90,12.30
1,40.00,164,427.57,767.40,18.99
1,40.00,165,176.21,791.80,8.02
1,40.00,166,692.29,379.24,8.38
1,40.00,167,372.81,541.83,14.77
1,40.00,168,301.35,206.55,0.00
1,40.00,169,775.02,419.20,19.15
1,40.00,170,624.29,510.50,16.62
1,40.00,171,641.21,663.35,0.00
1,40.00,172,634.61,370.85,6.58
1,40.00,173,490.83,617.93,11.23
1,40.00,174,175.47,337.11,17.11
1,40.00,175,656.92,185.21,7.25
1,40.00,176,264.59,178.14,10.04
1,40.00,177,395.73,365.56,19.46
1,40.00,178,509.53,738.91,13.53
1,40.00,179,885.83,249.71,6.50
1,40.00,180,719.50,190.89,19.75
1,40.00,181,341.09,495.40,0.00
1,40.00,182,525.74,567.40,21.92
1,40.00,183,956.26,839.63,0.00
1,40.00,184,500.70,494.87,12.84
1,40.00,185,730.27,582.32,0.00
1,40.00,186,390.80,382.37,16.35
1,40.00,187,299.52,503.76,20.90
1,40.00,188,346.52,565.79,7.92
1,40.00,189,711.93,380.53,23.69
1,40.00,190,538.29,181.73,7.74
1,40.00,191,788.04,482.30,13.84
1,40.00,192,526.73,785.77,12.43
1,40.00,193,718.39,455.68,14.07
1,40.00,194,589.08,697.00,6.74
1,40.00,195,223.94,371.80,6.12
1,40.00,196,753.10,307.25,9.13
1,40.00,197,848.21,486.44,5.16
1,40.00,198,705.81,521.68,19.00
1,40.00,199,78.96,355.31,0.00
1,40.00,200,140.72,309.95,23.73
1,40.00,201,219.40,454.02,8.63
1,40.00,202,695.73,904.31,12.03
1,40.00,203,349.41,808.88,0.00
1,40.00,204,271.27,854.53,19.96
1,40.00,205,818.31,913.81,20.56
1,40.00,206,539.72,212.85,15.21
1,40.00,207,552.36,669.71,22.18
1,40.00,208,705.92,267.23,24.77
1,40.00,209,559.05,465.49,15.26
1,40.00,210,464.52,463.34,6.11
1,40.00,211,767.47,233.46,20.25
1,40.00,212,708.15,877.35,20.92
1,40.00,213,733.62,310.21,6.89
1,40.00,214,752.42,283.72,0.00
1,40.00,215,438.04,421.59,22.30
1,40.00,216,276.96,568.11,15.53
1,40.00,217,528.08,727.93,12.34
1,40.00,218,758.14,222.45,7.19
1,40.00,219,228.79,390.96,0.00
1,40.00,220,567.07,266.12,7.04
1,40.00,221,656.05,503.94,0.00
1,40.00,222,564.88,455.65,9.88
1,40.00,223,606.87,382.66,5.83
1,40.00,224,735.11,677.06,7.45
1,40.00,225,302.47,387.50,12.81
1,40.00,226,555.15,692.79,12.60
1,40.00,227,581.76,352.51,9.76
1,40.00,228,503.08,603.33,9.69
1,40.00,229,608.57,277.90,12.57
1,40.00,230,206.61,633.19,14.71
1,40.00,231,620.00,343.38,0.00
1,40.00,232,861.82,470.59,12.19
1,40.00,233,115.29,526.67,0.00
1,40.00,234,712.44,217.61,9.31
1,40.00,235,11.88,615.91,0.00
1,40.00,236,971.61,959.36,0.00
1,40.00,237,274.80,640.80,8.80
1,40.00,238,488.11,650.44,15.87
1,40.00,239,298.06,305.16,16.50
1,40.00,240,669.11,414.37,15.19
1,40.00,241,373.81,300.14,12.51
1,40.00,242,121.52,445.79,0.00
1,40.00,243,220.49,597.97,17.83
1,40.00,244,542.17,296.06,9.20
1,40.00,245,951.64,337.74,5.57
1,40.00,246,324.50,343.44,21.09
1,40.00,247,547.97,455.84,8.29
1,40.00,248,704.96,191.10,22.77
1,40.00,249,571.27,665.01,0.00
1,40.00,250,270.69,227.87,15.04
1,40.00,251,574.03,904.89,0.00
1,40.00,252,945.59,318.30,13.30
1,40.00,253,476.45,487.53,18.34
1,40.00,254,403.45,807.13,5.67
1,40.00,255,336.28,573.57,12.87
1,40.00,256,256.78,713.95,0.00
1,40.00,257,195.68,559.74,23.14
1,40.00,258,821.43,124.41,13.18
1,40.00,259,77.21,467.73,0.00
1,40.00,260,265.14,744.62,5.00
1,40.00,261,209.36,496.79,9.85
1,40.00,262,538.22,587.94,10.45
1,40.00,263,423.16,362.31,0.00
1,40.00,264,460.46,799.82,14.59
1,40.00,265,264.45,736.96,6.46
1,40.00,266,644.96,479.06,10.99
1,40.00,267,306.36,917.21,23.38
1,40.00,268,664.08,546.64,15.62
1,40.00,269,488.72,726.75,20.50
1,40.00,270,674.17,316.51,15.97
1,40.00,271,403.98,303.37,7.62
1,40.00,272,528.27,416.75,17.45
1,40.00,273,748.31,519.44,7.47
1,40.00,274,161.31,621.02,21.88
1,40.00,275,317.87,349.05,6.36
1,40.00,276,292.23,674.41,10.14
1,40.00,277,921.06,905.64,0.00
1,40.00,278,99.03,492.97,16.45
1,40.00,279,388.13,833.33,11.23
1,40.00,280,175.58,634.64,20.72
1,40.00,281,26.79,948.30,0.00
1,40.00,282,809.40,719.92,24.28
1,40.00,283,339.90,599.87,0.00
1,40.00,284,222.72,169.17,0.00
1,40.00,285,814.89,700.03,5.80
1,40.00,286,654.10,488.32,0.00
1,40.00,287,583.60,595.76,15.00
1,40.00,288,648.37,236.66,0.00
1,40.00,289,565.59,544.01,7.09
1,40.00,290,501.63,745.32,0.00
1,40.00,291,744.74,849.66,17.78
1,40.00,292,665.36,420.50,7.81
1,40.00,293,448.20,665.57,0.00
1,40.00,294,466.61,429.10,10.70
1,40.00,295,498.47,334.82,8.41
1,40.00,296,743.05,667.08,13.00
1,40.00,297,703.93,532.85,7.66
1,40.00,298,841.20,663.61,17.91
1,40.00,299,730.94,794.76,17.77
1,40.00,300,507.04,726.53,0.00
1,40.00,301,854.30,599.63,0.00
1,40.00,302,737.41,472.73,14.66
1,40.00,303,705.55,540.95,11.35
1,40.00,304,400.46,712.18,20.14
1,40.00,305,288.52,468.20,0.00
1,40.00,306,478.97,524.37,20.41
1,40.00,307,747.98,394.50,8.24
1,40.00,308,553.08,96.73,8.12
1,40.00,309,166.40,154.78,5.33
1,40.00,310,265.45,291.95,24.94
1,40.00,311,326.79,624.12,11.05
1,40.00,312,662.33,730.58,19.45
1,40.00,313,642.78,222.02,14.09
1,40.00,314,382.30,897.51,0.00
1,40.00,315,611.29,484.63,23.24
1,40.00,316,793.52,619.80,6.17
1,40.00,317,129.24,24.02,16.51
1,40.00,318,65.25,561.20,17.74
1,40.00,319,267.92,742.88,16.58
1,40.00,320,566.69,798.06,0.00
1,40.00,321,138.91,925.45,22.48
1,40.00,322,607.82,224.82,18.95
1,40.00,323,822.91,758.93,5.25
1,40.00,324,369.84,237.29,6.63
1,40.00,325,576.58,41.46,13.06
1,40.00,326,339.93,834.95,7.35
1,40.00,327,442.02,470.52,0.00
1,40.00,328,545.64,526.33,12.11
1,40.00,329,491.28,13.12,0.00
1,40.00,330,819.28,838.42,12.82
1,40.00,331,536.29,521.36,19.57
1,40.00,332,147.32,365.79,0.00
1,40.00,333,318.64,755.10,0.00
1,40.00,334,976.34,990.61,0.00
1,40.00,335,375.56,735.16,16.33
1,40.00,336,368.29,571.06,9.26
1,40.00,337,763.21,853.70,12.23
1,40.00,338,487.94,418.60,0.00
1,40.00,339,743.48,483.70,19.64
1,40.00,340,173.40,99.69,9.82
1,40.00,341,786.58,470.36,0.00
1,40.00,342,126.33,850.24,22.46
1,40.00,343,184.24,354.29,7.22
1,40.00,344,322.08,164.05,14.65
1,40.00,345,343.07,668.51,11.55
1,40.00,346,605.02,684.50,0.00
1,40.00,347,371.53,456.10,20.34
1,40.00,348,354.31,650.99,6.76
1,40.00,349,345.86,307.87,7.54
1,40.00,350,854.43,775.63,0.00
1,40.00,351,110.93,336.82,0.00
1,40.00,352,494.69,287.27,0.00
1,40.00,353,428.61,418.87,13.19
1,40.00,354,339.10,269.23,12.00
1,40.00,355,264.90,785.69,0.00
1,40.00,356,192.83,328.43,0.00
1,40.00,357,259.94,53.42,0.00
1,40.00,358,113.86,386.08,9.03
1,40.00,359,587.14,676.86,5.74
1,40.00,360,459.12,487.50,10.28
1,40.00,361,275.55,725.54,0.00
1,40.00,362,845.92,474.42,12.13
1,40.00,363,597.45,348.71,10.80
1,40.00,364,640.35,944.40,0.00
1,40.00,365,518.15,394.53,9.36
1,40.00,366,194.71,413.22,15.07
1,40.00,367,869.73,608.10,11.93
1,40.00,368,46.11,435.32,6.61
1,40.00,369,296.65,390.25,22.56
1,40.00,370,922.38,573.44,0.00
1,40.00,371,599.79,194.49,9.13
1,40.00,372,583.26,467.05,15.87
1,40.00,373,241.87,610.73,9.24
1,40.00,374,267.07,476.76,18.78
1,40.00,375,453.60,623.41,6.19
1,40.00,376,705.72,349.36,10.85
1,40.00,377,194.27,295.23,5.28
1,40.00,378,362.62,149.71,17.12
1,40.00,379,452.30,888.93,12.63
1,40.00,380,239.92,700.94,11.10
1,40.00,381,692.68,109.58,21.41
1,40.00,382,485.57,682.73,9.64
1,40.00,383,251.25,638.76,21.50
1,40.00,384,199.43,394.03,18.05
1,40.00,385,471.07,810.69,0.00
1,40.00,386,464.10,624.06,11.82
1,40.00,387,304.83,683.76,19.87
1,40.00,388,49.35,934.15,0.00
1,40.00,389,504.17,475.28,5.33
1,40.00,390,269.09,386.34,18.73
1,40.00,391,406.42,671.09,23.84
1,40.00,392,437.44,292.92,0.00
1,40.00,393,720.88,506.30,22.72
1,40.00,394,634.12,434.24,23.27
1,40.00,395,705.05,964.51,23.11
1,40.00,396,354.19,315.26,0.00
1,40.00,397,533.56,354.13,7.51
1,40.00,398,229.60,168.65,0.00
1,40.00,399,604.49,383.84,20.39
1,50.00,0,608.64,447.43,16.91
1,50.00,1,166.75,602.07,12.46
1,50.00,2,330.27,635.45,6.43
1,50.00,3,422.66,536.01,5.37
1,50.00,4,733.17,722.98,7.15
1,50.00,5,686.93,727.90,0.00
1,50.00,6,651.39,431.51,7.64
1,50.00,7,869.57,652.89,19.65
1,50.00,8,180.67,858.53,18.76
1,50.00,9,646.37,295.09,19.83
1,50.00,10,572.42,137.46,12.24
1,50.00,11,774.36,538.26,9.36
1,50.00,12,284.35,635.04,9.56
1,50.00,13,638.16,790.32,10.27
1,50.00,14,6.17,872.40,0.00
1,50.00,15,379.49,181.75,13.97
1,50.00,16,560.18,453.58,14.99
1,50.00,17,186.95,491.06,12.51
1,50.00,18,375.93,408.19,0.00
1,50.00,19,459.06,193.87,9.98
1,50.00,20,843.21,741.28,22.15
1,50.00,21,780.60,554.59,8.20
1,50.00,22,472.67,304.35,7.54
1,50.00,23,445.62,963.94,15.43
1,50.00,24,294.51,256.63,11.38
1,50.00,25,756.26,497.61,20.59
1,50.00,26,717.78,370.71,14.88
1,50.00,27,800.42,420.67,16.97
1,50.00,28,603.30,871.19,5.42
1,50.00,29,726.81,434.00,20.11
1,50.00,30,235.00,107.16,0.00
1,50.00,31,349.14,448.61,6.11
1,50.00,32,372.31,816.35,7.10
1,50.00,33,628.69,413.41,6.69
1,50.00,34,608.88,602.38,13.93
1,50.00,35,375.50,734.06,7.38
1,50.00,36,179.51,196.53,5.58
1,50.00,37,461.04,456.70,9.72
1,50.00,38,867.90,218.31,0.00
1,50.00,39,593.90,818.39,0.00
1,50.00,40,933.91,661.24,0.00
1,50.00,41,746.46,475.48,12.49
1,50.00,42,576.92,622.32,13.62
1,50.00,43,581.07,532.75,13.52
1,50.00,44,470.71,409.25,22.64
1,50.00,45,782.13,255.18,0.00
1,50.00,46,946.10,493.55,0.00
1,50.00,47,965.32,824.58,22.28
1,50.00,48,488.29,345.81,15.04
1,50.00,49,567.83,605.61,11.70
1,50.00,50,705.15,277.37,11.76
1,50.00,51,302.79,135.64,17.30
1,50.00,52,479.97,402.26,0.00
1,50.00,53,256.59,997.97,0.00
1,50.00,54,186.90,378.99,0.00
1,50.00,55,664.73,35.43,0.00
1,50.00,56,658.83,354.57,8.41
1,50.00,57,717.43,608.79,0.00
1,50.00,58,647.75,153.39,12.68
1,50.00,59,497.90,594.50,8.04
1,50.00,60,951.17,237.10,0.00
1,50.00,61,643.71,291.25,8.85
1,50.00,62,548.64,672.77,6.18
1,50.00,63,514.03,252.29,16.53
1,50.00,64,845.77,242.62,5.50
1,50.00,65,215.95,535.99,6.30
1,50.00,66,791.08,712.87,0.00
1,50.00,67,739.02,297.56,0.00
1,50.00,68,284.07,437.56,10.94
1,50.00,69,391.28,157.47,20.76
1,50.00,70,349.31,585.20,17.14
1,50.00,71,758.56,284.20,14.60
1,50.00,72,566.59,630.43,0.00
1,50.00,73,388.05,151.15,8.08
1,50.00,74,484.50,470.44,9.12
1,50.00,75,568.44,468.91,9.93
1,50.00,76,465.02,386.31,19.68
1,50.00,77,790.94,531.22,13.90
1,50.00,78,631.88,254.96,20.83
1,50.00,79,937.94,396.34,0.00
1,50.00,80,459.15,526.03,8.82
1,50.00,81,287.65,180.97,13.37
1,50.00,82,623.83,368.78,6.05
1,50.00,83,462.56,521.09,5.28
1,50.00,84,661.46,264.64,5.50
1,50.00,85,496.09,241.93,0.00
1,50.00,86,318.67,379.55,0.00
1,50.00,87,406.15,650.72,23.81
1,50.00,88,239.58,500.65,24.87
1,50.00,89,262.33,518.68,14.73
1,50.00,90,991.40,585.38,0.00
1,50.00,91,381.68,504.72,10.40
1,50.00,92,452.78,539.79,9.75
1,50.00,93,60.78,131.01,0.00
1,50.00,94,911.60,607.16,24.51
1,50.00,95,324.31,212.99,20.93
1,50.00,96,158.11,428.27,13.05
1,50.00,97,747.43,756.97,0.00
1,50.00,98,294.21,810.01,20.69
1,50.00,99,358.14,592.04,10.33
1,50.00,100,127.10,814.62,13.31
1,50.00,101,264.70,718.67,12.36
1,50.00,102,275.42,560.82,5.40
1,50.00,103,392.03,878.66,9.88
1,50.00,104,664.95,457.68,6.83
1,50.00,105,245.42,451.02,12.61
1,50.00,106,142.42,528.14,6.71
1,50.00,107,554.80,342.01,7.96
1,50.00,108,415.92,462.94,5.23
1,50.00,109,318.32,663.74,8.40
1,50.00,110,447.74,124.28,9.76
1,50.00,111,432.74,228.53,15.23
1,50.00,112,425.63,636.10,16.49
1,50.00,113,638.79,741.91,23.51
1,50.00,114,700.86,529.61,10.20
1,50.00,115,829.29,868.07,0.00
1,50.00,116,360.33,41.26,15.96
1,50.00,117,735.93,253.91,15.15
1,50.00,118,741.87,247.99,6.08
1,50.00,119,372.15,689.34,20.31
1,50.00,120,907.10,532.08,19.27
1,50.00,121,393.86,303.06,8.88
1,50.00,122,651.77,27.31,0.00
1,50.00,123,609.71,789.32,10.28
1,50.00,124,549.57,747.47,6.37
1,50.00,125,231.79,580.68,0.00
1,50.00,126,141.60,419.25,14.79
1,50.00,127,518.47,812.06,15.67
1,50.00,128,620.07,785.71,0.00
1,50.00,129,729.21,817.15,0.00
1,50.00,130,417.92,408.18,0.00
1,50.00,131,294.06,285.84,11.74
1,50.00,132,184.51,160.62,0.00
1,50.00,133,351.35,840.74,11.00
1,50.00,134,540.48,48.56,8.69
1,50.00,135,728.95,912.27,5.74
1,50.00,136,653.60,531.33,22.70
1,50.00,137,244.85,266.66,8.93
1,50.00,138,524.97,49.43,18.11
1,50.00,139,461.22,571.56,8.09
1,50.00,140,430.02,790.35,23.50
1,50.00,141,297.97,652.38,9.71
1,50.00,142,593.22,664.84,5.64
1,50.00,143,401.04,10.40,0.00
1,50.00,144,256.84,519.39,16.92
1,50.00,145,42.15,228.02,15.35
1,50.00,146,347.16,341.31,14.43
1,50.00,147,730.65,294.22,21.13
1,50.00,148,580.51,379.09,15.03
1,50.00,149,372.50,119.21,0.00
1,50.00,150,730.79,724.84,13.51
1,50.00,151,890.68,396.24,0.00
1,50.00,152,360.70,438.38,13.45
1,50.00,153,800.01,892.20,0.00
1,50.00,154,511.79,893.87,15.30
1,50.00,155,375.21,536.06,9.55
1,50.00,156,592.98,496.52,11.87
1,50.00,157,790.93,806.18,6.44
1,50.00,158,98.57,656.89,22.37
1,50.00,159,167.49,824.06,9.89
1,50.00,160,181.48,347.26,19.52
1,50.00,161,809.61,440.90,10.15
1,50.00,162,514.49,443.63,9.88
1,50.00,163,628.55,593.66,12.30
1,50.00,164,403.83,829.52,0.00
1,50.00,165,229.08,731.45,8.02
1,50.00,166,642.09,312.11,8.38
1,50.00,167,233.58,591.01,14.77
1,50.00,168,313.18,205.05,6.94
1,50.00,169,734.54,232.08,19.15
1,50.00,170,531.03,648.08,16.62
1,50.00,171,633.78,643.23,6.12
1,50.00,172,636.28,377.72,0.00
1,50.00,173,553.07,711.45,11.23
1,50.00,174,236.54,496.94,17.11
1,50.00,175,614.14,243.69,7.25
1,50.00,176,187.51,242.40,10.04
1,50.00,177,534.66,501.84,19.46
1,50.00,178,378.59,704.90,13.53
1,50.00,179,821.55,239.96,6.50
1,50.00,180,796.05,233.69,0.00
1,50.00,181,337.44,511.85,10.39
1,50.00,182,331.41,642.36,0.00
1,50.00,183,884.73,856.54,11.65
1,50.00,184,451.03,613.28,12.84
1,50.00,185,743.76,642.72,6.63
1,50.00,186,463.04,235.72,16.35
1,50.00,187,107.29,421.64,20.90
1,50.00,188,420.77,593.38,7.92
1,50.00,189,546.04,549.69,23.69
1,50.00,190,464.72,157.66,7.74
1,50.00,191,763.72,385.48,0.00
1,50.00,192,649.26,764.70,12.43
1,50.00,193,772.00,585.72,14.07
1,50.00,194,629.51,750.99,6.74
1,50.00,195,227.71,432.92,6.12
1,50.00,196,731.46,229.42,0.00
1,50.00,197,808.09,518.91,5.16
1,50.00,198,762.03,598.92,0.00
1,50.00,199,108.66,559.27,23.58
1,50.00,200,95.28,142.67,0.00
1,50.00,201,211.41,539.95,8.63
1,50.00,202,776.60,815.31,12.03
1,50.00,203,364.01,798.55,10.30
1,50.00,204,124.39,989.66,19.96
1,50.00,205,839.97,946.69,0.00
1,50.00,206,494.51,224.84,0.00
1,50.00,207,441.89,862.05,22.18
1,50.00,208,630.24,90.15,0.00
1,50.00,209,673.65,566.18,15.26
1,50.00,210,516.29,430.85,6.11
1,50.00,211,946.71,139.29,20.25
1,50.00,212,503.45,834.36,20.92
1,50.00,213,668.67,287.20,6.89
1,50.00,214,753.78,302.60,12.19
1,50.00,215,292.64,526.92,0.00
1,50.00,216,180.40,621.60,0.00
1,50.00,217,435.72,646.09,12.34
1,50.00,218,759.99,294.33,7.19
1,50.00,219,229.18,391.47,8.06
1,50.00,220,552.81,335.09,7.04
1,50.00,221,674.27,544.82,5.64
1,50.00,222,475.60,497.97,9.88
1,50.00,223,664.36,372.82,5.83
1,50.00,224,747.06,750.55,7.45
1,50.00,225,197.81,461.36,12.81
1,50.00,226,485.99,587.47,12.60
1,50.00,227,484.25,348.28,9.76
1,50.00,228,522.50,698.30,9.69
1,50.00,229,517.88,364.94,12.57
1,50.00,230,198.69,780.09,14.71
1,50.00,231,589.53,242.76,0.00
1,50.00,232,853.80,592.23,12.19
1,50.00,233,93.66,616.33,11.51
1,50.00,234,620.86,234.33,9.31
1,50.00,235,154.79,676.13,18.11
1,50.00,236,941.10,939.02,6.98
1,50.00,237,333.27,575.07,8.80
1,50.00,238,575.60,782.89,15.87
1,50.00,239,273.83,305.25,0.00
1,50.00,240,782.30,515.59,15.19
1,50.00,241,274.61,376.30,12.51
1,50.00,242,201.39,445.59,19.89
1,50.00,243,168.12,509.09,0.00
1,50.00,244,461.94,341.04,9.20
1,50.00,245,945.90,393.15,5.57
1,50.00,246,301.06,204.75,0.00
1,50.00,247,521.21,377.38,8.29
1,50.00,248,746.86,187.54,0.00
1,50.00,249,541.23,682.39,14.19
1,50.00,250,165.94,119.92,15.04
1,50.00,251,577.18,895.51,14.30
1,50.00,252,989.09,259.91,0.00
1,50.00,253,324.69,384.56,18.34
1,50.00,254,362.70,846.59,5.67
1,50.00,255,456.19,526.75,12.87
1,50.00,256,256.89,712.65,8.97
1,50.00,257,36.62,703.90,0.00
1,50.00,258,789.22,91.47,0.00
1,50.00,259,157.76,396.54,24.70
1,50.00,260,299.55,708.32,5.00
1,50.00,261,194.31,506.35,0.00
1,50.00,262,458.05,654.91,10.45
1,50.00,263,413.45,384.33,12.14
1,50.00,264,599.31,755.02,14.59
1,50.00,265,285.22,675.76,6.46
1,50.00,266,535.86,492.67,10.99
1,50.00,267,308.36,957.32,0.00
1,50.00,268,766.92,429.14,15.62
1,50.00,269,529.65,818.96,0.00
1,50.00,270,737.16,463.24,15.97
1,50.00,271,475.75,277.80,7.62
1,50.00,272,522.05,394.16,0.00
1,50.00,273,678.34,511.00,0.00
1,50.00,274,4.89,533.66,0.00
1,50.00,275,374.25,378.52,6.36
1,50.00,276,385.20,634.02,10.14
1,50.00,277,845.68,956.84,11.52
1,50.00,278,54.85,334.50,16.45
1,50.00,279,346.54,729.02,11.23
1,50.00,280,143.79,675.93,0.00
1,50.00,281,38.84,940.26,17.16
1,50.00,282,832.78,722.48,0.00
1,50.00,283,350.90,572.99,13.03
1,50.00,284,303.77,375.82,22.65
1,50.00,285,758.06,711.85,5.80
1,50.00,286,451.04,478.24,21.04
1,50.00,287,479.40,487.88,15.00
1,50.00,288,648.74,238.03,22.09
1,50.00,289,599.54,481.83,7.09
1,50.00,290,544.05,718.93,19.44
1,50.00,291,742.23,857.06,0.00
1,50.00,292,731.57,461.94,7.81
1,50.00,293,295.93,747.08,22.35
1,50.00,294,425.16,330.49,10.70
1,50.00,295,488.19,418.25,8.41
1,50.00,296,788.27,545.14,13.00
1,50.00,297,696.88,456.61,7.66
1,50.00,298,981.87,710.37,0.00
1,50.00,299,773.28,622.20,17.77
1,50.00,300,537.78,704.14,18.91
1,50.00,301,841.33,623.95,16.32
1,50.00,302,851.37,564.92,14.66
1,50.00,303,768.06,498.03,0.00
1,50.00,304,356.69,728.61,0.00
1,50.00,305,301.38,483.81,9.34
1,50.00,306,622.81,379.58,20.41
1,50.00,307,767.29,474.57,8.24
1,50.00,308,567.68,176.59,8.12
1,50.00,309,197.51,198.06,5.33
1,50.00,310,156.45,188.84,0.00
1,50.00,311,431.05,660.63,11.05
1,50.00,312,849.64,782.82,19.45
1,50.00,313,726.93,109.01,14.09
1,50.00,314,386.74,870.37,5.06
1,50.00,315,669.24,259.58,23.24
1,50.00,316,806.93,679.99,6.17
1,50.00,317,7.88,17.30,0.00
1,50.00,318,234.26,614.96,17.74
1,50.00,319,265.87,743.56,0.00
1,50.00,320,559.00,747.53,7.25
1,50.00,321,259.20,735.51,22.48
1,50.00,322,794.49,192.06,18.95
1,50.00,323,782.26,792.09,5.25
1,50.00,324,382.16,302.46,6.63
1,50.00,325,707.07,37.22,13.06
1,50.00,326,379.11,772.76,7.35
1,50.00,327,416.35,421.68,15.23
1,50.00,328,665.76,541.50,12.11
1,50.00,329,279.08,19.52,23.74
1,50.00,330,946.63,823.86,12.82
1,50.00,331,677.32,657.03,19.57
1,50.00,332,149.37,369.31,12.65
1,50.00,333,315.83,697.51,15.18
1,50.00,334,951.43,972.74,11.89
1,50.00,335,225.57,670.47,16.33
1,50.00,336,454.12,605.80,9.26
1,50.00,337,646.19,889.26,12.23
1,50.00,338,508.97,421.35,10.24
1,50.00,339,918.56,572.71,19.64
1,50.00,340,133.01,189.24,9.82
1,50.00,341,802.64,385.35,20.08
1,50.00,342,137.74,625.92,22.46
1,50.00,343,229.30,297.88,7.22
1,50.00,344,273.21,159.52,0.00
1,50.00,345,366.34,555.34,11.55
1,50.00,346,541.98,617.52,10.65
1,50.00,347,520.16,317.19,20.34
1,50.00,348,406.70,608.21,6.76
1,50.00,349,321.85,379.33,7.54
1,50.00,350,834.39,706.14,10.98
1,50.00,351,102.85,271.07,16.32
1,50.00,352,512.44,298.18,14.69
1,50.00,353,448.96,549.22,13.19
1,50.00,354,426.76,220.05,0.00
1,50.00,355,265.98,692.21,10.11
1,50.00,356,109.25,200.87,18.33
1,50.00,357,215.69,139.35,10.84
1,50.00,358,115.65,476.34,9.03
1,50.00,359,529.87,680.87,5.74
1,50.00,360,387.94,413.34,10.28
1,50.00,361,293.11,696.79,17.21
1,50.00,362,746.91,544.55,12.13
1,50.00,363,694.48,301.17,10.80
1,50.00,364,599.84,898.85,6.28
1,50.00,365,563.22,476.54,9.36
1,50.00,366,50.75,457.90,15.07
1,50.00,367,817.46,500.91,11.93
1,50.00,368,44.56,501.37,6.61
1,50.00,369,76.31,438.51,22.56
1,50.00,370,880.60,508.39,21.38
1,50.00,371,687.99,170.90,9.13
1,50.00,372,499.33,517.81,0.00
1,50.00,373,233.82,702.81,9.24
1,50.00,374,215.78,296.11,18.78
1,50.00,375,510.18,598.32,6.19
1,50.00,376,618.57,284.72,10.85
1,50.00,377,194.22,295.56,0.00
1,50.00,378,283.79,69.92,0.00
1,50.00,379,326.24,897.32,12.63
1,50.00,380,178.48,608.49,11.10
1,50.00,381,726.69,52.35,0.00
1,50.00,382,568.88,731.22,9.64
1,50.00,383,202.88,817.29,0.00
1,50.00,384,39.35,359.95,0.00
1,50.00,385,471.94,811.61,23.51
1,50.00,386,527.54,723.79,11.82
1,50.00,387,155.14,738.51,0.00
1,50.00,388,51.96,921.19,9.25
1,50.00,389,488.82,526.34,5.33
1,50.00,390,92.76,449.51,18.73
1,50.00,391,299.14,816.41,0.00
1,50.00,392,436.13,304.72,23.76
1,50.00,393,827.18,398.88,0.00
1,50.00,394,702.92,358.51,0.00
1,50.00,395,706.43,968.84,0.00
1,50.00,396,315.28,360.64,11.94
1,50.00,397,458.82,346.82,7.51
1,50.00,398,257.09,203.55,15.18
1,50.00,399,710.00,209.33,20.39
1,60.00,0,743.98,548.82,16.91
1,60.00,1,134.24,722.36,12.46
1,60.00,2,378.64,593.11,6.43
1,60.00,3,437.90,493.50,0.00
1,60.00,4,666.02,698.34,7.15
1,60.00,5,635.32,744.70,11.34
1,60.00,6,675.65,503.96,7.64
1,60.00,7,962.57,636.01,0.00
1,60.00,8,356.07,791.89,18.76
1,60.00,9,671.81,257.08,0.00
1,60.00,10,556.09,48.43,0.00
1,60.00,11,704.32,476.20,9.36
1,60.00,12,270.97,640.76,0.00
1,60.00,13,618.96,811.27,0.00
1,60.00,14,50.04,791.99,12.87
1,60.00,15,306.12,62.87,13.97
1,60.00,16,671.67,353.37,14.99
1,60.00,17,169.77,614.94,12.51
1,60.00,18,410.18,423.19,17.16
1,60.00,19,555.27,167.40,9.98
1,60.00,20,852.77,887.86,0.00
1,60.00,21,741.74,626.78,8.20
1,60.00,22,414.75,256.12,7.54
1,60.00,23,580.38,888.75,15.43
1,60.00,24,250.72,187.22,0.00
1,60.00,25,935.35,403.40,0.00
1,60.00,26,569.02,371.76,14.88
1,60.00,27,870.69,266.18,16.97
1,60.00,28,591.69,874.39,0.00
1,60.00,29,610.02,573.02,0.00
1,60.00,30,147.29,161.09,11.92
1,60.00,31,373.25,504.74,6.11
1,60.00,32,359.14,746.63,7.10
1,60.00,33,695.36,418.70,6.69
1,60.00,34,740.72,647.42,13.93
1,60.00,35,412.84,670.35,7.38
1,60.00,36,219.61,157.75,5.58
1,60.00,37,527.47,527.68,9.72
1,60.00,38,827.22,266.63,15.09
1,60.00,39,528.47,811.09,7.35
1,60.00,40,939.14,546.90,19.38
1,60.00,41,703.01,358.41,12.49
1,60.00,42,698.59,561.21,13.62
1,60.00,43,681.99,622.74,13.52
1,60.00,44,604.72,591.77,22.64
1,60.00,45,713.35,320.89,18.02
1,60.00,46,885.71,470.74,15.43
1,60.00,47,997.07,818.41,0.00
1,60.00,48,638.71,343.82,15.04
1,60.00,49,472.08,538.42,11.70
1,60.00,50,688.90,270.35,0.00
1,60.00,51,144.48,65.90,17.30
1,60.00,52,476.86,420.10,22.43
1,60.00,53,259.54,968.16,12.54
1,60.00,54,188.81,379.45,14.05
1,60.00,55,601.50,101.96,10.07
1,60.00,56,716.13,416.07,8.41
1,60.00,57,572.67,448.66,22.06
1,60.00,58,635.26,279.54,12.68
1,60.00,59,572.08,563.45,8.04
1,60.00,60,939.00,252.14,18.04
1,60.00,61,590.41,220.66,8.85
1,60.00,62,503.85,630.22,6.18
1,60.00,63,528.95,234.89,0.00
1,60.00,64,846.21,297.57,5.50
1,60.00,65,171.08,491.75,6.30
1,60.00,66,690.99,715.34,12.67
1,60.00,67,665.63,298.07,20.10
1,60.00,68,174.64,436.56,10.94
1,60.00,69,513.23,325.52,20.76
1,60.00,70,226.37,704.64,17.14
1,60.00,71,799.66,424.27,14.60
1,60.00,72,655.81,829.01,23.48
1,60.00,73,307.98,140.35,8.08
1,60.00,74,567.98,433.80,9.12
1,60.00,75,548.45,566.15,9.93
1,60.00,76,335.15,238.47,19.68
1,60.00,77,681.50,445.59,13.90
1,60.00,78,467.86,383.33,20.83
1,60.00,79,914.61,400.89,9.11
1,60.00,80,393.08,467.64,8.82
1,60.00,81,416.25,217.41,13.37
1,60.00,82,565.46,384.65,6.05
1,60.00,83,506.26,550.72,5.28
1,60.00,84,610.94,286.41,5.50
1,60.00,85,423.96,280.85,16.12
1,60.00,86,392.09,435.35,23.45
1,60.00,87,201.24,771.88,23.81
1,60.00,88,447.63,636.95,24.87
1,60.00,89,266.16,617.40,0.00
1,60.00,90,989.93,580.85,15.15
1,60.00,91,332.55,596.43,10.40
1,60.00,92,504.41,457.08,9.75
1,60.00,93,197.82,252.61,18.77
1,60.00,94,679.45,528.70,24.51
1,60.00,95,297.65,181.42,0.00
1,60.00,96,63.45,338.48,13.05
1,60.00,97,594.23,814.60,21.86
1,60.00,98,262.15,961.25,0.00
1,60.00,99,449.28,543.36,10.33
1,60.00,100,224.78,724.18,13.31
1,60.00,101,192.51,787.40,0.00
1,60.00,102,327.70,547.49,5.40
1,60.00,103,487.62,903.58,9.88
1,60.00,104,600.35,479.88,6.83
1,60.00,105,166.59,363.09,0.00
1,60.00,106,150.00,461.43,6.71
1,60.00,107,502.57,402.11,7.96
1,60.00,108,468.05,458.92,5.23
1,60.00,109,278.37,589.83,8.40
1,60.00,110,517.58,192.40,9.76
1,60.00,111,453.82,189.37,0.00
1,60.00,112,556.76,536.18,16.49
1,60.00,113,623.82,507.25,23.51
1,60.00,114,761.63,611.58,10.20
1,60.00,115,828.63,867.39,9.46
1,60.00,116,200.69,42.08,15.96
1,60.00,117,613.69,343.38,15.15
1,60.00,118,682.38,235.33,6.08
1,60.00,119,399.92,703.29,0.00
1,60.00,120,907.95,531.21,0.00
1,60.00,121,447.71,373.61,8.88
1,60.00,122,538.07,162.58,19.90
1,60.00,123,540.37,713.41,10.28
1,60.00,124,488.95,767.02,6.37
1,60.00,125,338.27,647.15,14.20
1,60.00,126,106.44,397.76,0.00
1,60.00,127,498.95,864.80,0.00
1,60.00,128,576.76,724.67,14.89
1,60.00,129,750.30,784.67,19.63
1,60.00,130,283.04,343.26,20.69
1,60.00,131,366.76,193.68,11.74
1,60.00,132,220.27,207.51,16.88
1,60.00,133,358.17,950.53,11.00
1,60.00,134,453.78,54.39,8.69
1,60.00,135,782.28,891.05,5.74
1,60.00,136,809.29,696.52,22.70
1,60.00,137,170.82,301.47,0.00
1,60.00,138,525.64,230.55,18.11
1,60.00,139,507.87,505.43,8.09
1,60.00,140,603.23,949.19,23.50
1,60.00,141,366.65,721.00,9.71
1,60.00,142,568.60,614.11,5.64
1,60.00,143,437.62,48.74,10.85
1,60.00,144,188.29,549.53,0.00
1,60.00,145,30.32,220.61,0.00
1,60.00,146,260.72,225.83,14.43
1,60.00,147,527.27,351.63,21.13
1,60.00,148,437.85,331.79,15.03
1,60.00,149,271.58,54.74,16.99
1,60.00,150,780.43,710.57,0.00
1,60.00,151,796.34,361.27,10.92
1,60.00,152,423.57,517.17,0.00
1,60.00,153,815.55,840.95,12.25
1,60.00,154,568.59,992.34,0.00
1,60.00,155,429.46,457.53,9.55
1,60.00,156,564.68,381.25,11.87
1,60.00,157,741.30,765.09,6.44
1,60.00,158,54.89,660.70,0.00
1,60.00,159,187.99,727.36,9.89
1,60.00,160,29.39,464.67,0.00
1,60.00,161,771.10,530.74,0.00
1,60.00,162,578.65,368.44,9.88
1,60.00,163,536.26,512.41,12.30
1,60.00,164,372.54,767.14,10.74
1,60.00,165,281.95,671.10,8.02
1,60.00,166,591.90,244.99,8.38
1,60.00,167,94.34,640.20,14.77
1,60.00,168,382.03,196.34,6.94
1,60.00,169,717.02,151.08,0.00
1,60.00,170,471.25,736.27,0.00
1,60.00,171,612.57,585.87,6.12
1,60.00,172,645.57,450.69,0.00
1,60.00,173,605.60,790.36,0.00
1,60.00,174,297.61,656.76,17.11
1,60.00,175,571.36,302.17,7.25
1,60.00,176,110.42,306.66,10.04
1,60.00,177,673.60,638.13,19.46
1,60.00,178,280.60,679.46,0.00
1,60.00,179,757.27,230.21,6.50
1,60.00,180,722.68,281.58,15.76
1,60.00,181,314.96,613.27,10.39
1,60.00,182,336.43,638.50,12.74
1,60.00,183,771.33,883.36,11.65
1,60.00,184,401.36,731.69,12.84
1,60.00,185,758.20,707.39,6.63
1,60.00,186,472.92,215.68,0.00
1,60.00,187,9.54,379.87,0.00
1,60.00,188,495.03,620.97,7.92
1,60.00,189,380.15,718.84,23.69
1,60.00,190,391.14,133.60,7.74
1,60.00,191,749.14,383.83,5.27
1,60.00,192,703.05,755.45,0.00
1,60.00,193,825.61,715.76,14.07
1,60.00,194,661.89,794.23,0.00
1,60.00,195,231.48,494.05,6.12
1,60.00,196,723.82,254.35,22.63
1,60.00,197,767.98,551.37,5.16
1,60.00,198,768.64,630.42,6.47
1,60.00,199,112.53,585.89,0.00
1,60.00,200,101.65,157.58,6.02
1,60.00,201,203.42,625.89,8.63
1,60.00,202,845.59,739.38,0.00
1,60.00,203,448.04,739.06,10.30
1,60.00,204,118.16,995.39,0.00
1,60.00,205,854.89,803.75,17.77
1,60.00,206,601.63,135.65,20.13
1,60.00,207,368.35,990.08,0.00
1,60.00,208,612.49,102.43,9.70
1,60.00,209,736.11,621.04,0.00
1,60.00,210,568.06,398.36,6.11
1,60.00,211,983.70,119.86,0.00
1,60.00,212,298.74,791.37,20.92
1,60.00,213,603.72,264.18,6.89
1,60.00,214,762.56,424.19,12.19
1,60.00,215,309.43,495.94,18.10
1,60.00,216,155.90,563.66,21.74
1,60.00,217,343.35,564.25,12.34
1,60.00,218,761.85,366.22,7.19
1,60.00,219,277.98,455.64,8.06
1,60.00,220,538.54,404.06,7.04
1,60.00,221,697.22,596.29,5.64
1,60.00,222,386.33,540.29,9.88
1,60.00,223,681.72,369.85,0.00
1,60.00,224,759.01,824.04,7.45
1,60.00,225,93.16,535.22,12.81
1,60.00,226,416.82,482.16,12.60
1,60.00,227,386.73,344.05,9.76
1,60.00,228,541.91,793.28,9.69
1,60.00,229,427.20,451.98,12.57
1,60.00,230,190.76,926.99,14.71
1,60.00,231,586.03,240.90,12.85
1,60.00,232,845.78,713.88,12.19
1,60.00,233,66.66,728.22,11.51
1,60.00,234,529.29,251.05,9.31
1,60.00,235,321.66,746.44,18.11
1,60.00,236,883.01,900.29,6.98
1,60.00,237,391.73,509.34,8.80
1,60.00,238,609.42,834.08,0.00
1,60.00,239,344.05,341.91,9.28
1,60.00,240,881.04,603.88,0.00
1,60.00,241,266.26,382.71,0.00
1,60.00,242,400.24,445.11,19.89
1,60.00,243,160.35,530.15,5.33
1,60.00,244,381.72,386.03,9.20
1,60.00,245,940.15,448.56,5.57
1,60.00,246,340.38,268.52,22.50
1,60.00,247,494.45,298.91,8.29
1,60.00,248,595.53,261.28,20.65
1,60.00,249,418.40,753.51,14.19
1,60.00,250,85.81,37.34,0.00
1,60.00,251,622.71,759.92,14.30
1,60.00,252,930.52,289.26,14.47
1,60.00,253,172.92,281.59,18.34
1,60.00,254,322.85,885.17,0.00
1,60.00,255,576.10,479.93,12.87
1,60.00,256,264.26,623.30,8.97
1,60.00,257,52.72,696.54,24.53
1,60.00,258,737.12,188.87,16.98
1,60.00,259,342.85,232.96,24.70
1,60.00,260,333.96,672.03,5.00
1,60.00,261,277.98,556.99,11.94
1,60.00,262,377.88,721.88,10.45
1,60.00,263,364.46,495.42,12.14
1,60.00,264,648.15,739.26,0.00
1,60.00,265,306.00,614.55,6.46
1,60.00,266,426.76,506.28,10.99
1,60.00,267,462.37,921.68,19.09
1,60.00,268,869.77,311.65,15.62
1,60.00,269,567.61,844.51,9.01
1,60.00,270,800.16,609.97,15.97
1,60.00,271,547.53,252.22,7.62
1,60.00,272,384.61,532.33,22.51
1,60.00,273,673.82,513.44,9.01
1,60.00,274,25.33,529.17,11.55
1,60.00,275,430.62,407.99,6.36
1,60.00,276,478.18,593.63,10.14
1,60.00,277,792.93,992.67,0.00
1,60.00,278,17.11,199.17,0.00
1,60.00,279,304.94,624.72,11.23
1,60.00,280,189.74,703.22,7.14
1,60.00,281,181.64,845.07,17.16
1,60.00,282,788.98,632.95,11.04
1,60.00,283,400.24,452.38,13.03
1,60.00,284,367.03,537.09,0.00
1,60.00,285,701.23,723.67,5.80
1,60.00,286,240.94,467.81,21.04
1,60.00,287,385.28,390.44,0.00
1,60.00,288,706.09,451.34,22.09
1,60.00,289,633.50,419.64,7.09
1,60.00,290,709.13,616.22,19.44
1,60.00,291,673.67,807.54,8.85
1,60.00,292,797.79,503.37,7.81
1,60.00,293,148.92,825.78,0.00
1,60.00,294,383.71,231.89,10.70
1,60.00,295,477.90,501.68,8.41
1,60.00,296,833.49,423.21,13.00
1,60.00,297,689.83,380.36,7.66
1,60.00,298,961.25,677.67,22.42
1,60.00,299,815.61,449.64,17.77
1,60.00,300,690.61,592.81,18.91
1,60.00,301,764.53,767.90,16.32
1,60.00,302,965.33,657.12,14.66
1,60.00,303,710.95,473.09,18.78
1,60.00,304,454.00,671.46,14.70
1,60.00,305,360.77,555.93,9.34
1,60.00,306,702.08,299.80,0.00
1,60.00,307,786.59,554.64,8.24
1,60.00,308,567.87,177.64,0.00
1,60.00,309,228.63,241.34,5.33
1,60.00,310,243.74,189.49,21.92
1,60.00,311,535.31,697.14,11.05
1,60.00,312,908.21,799.16,0.00
1,60.00,313,757.31,68.19,0.00
1,60.00,314,394.91,820.41,5.06
1,60.00,315,670.49,254.73,0.00
1,60.00,316,820.34,740.18,6.17
1,60.00,317,24.61,29.20,7.78
1,60.00,318,403.27,668.72,17.74
1,60.00,319,155.49,892.03,18.75
1,60.00,320,548.09,675.87,7.25
1,60.00,321,379.49,545.58,22.48
1,60.00,322,817.77,187.98,0.00
1,60.00,323,741.60,825.25,5.25
1,60.00,324,394.49,367.63,6.63
1,60.00,325,802.38,34.13,0.00
1,60.00,326,418.30,710.56,7.35
1,60.00,327,345.50,286.89,15.23
1,60.00,328,785.87,556.67,12.11
1,60.00,329,83.73,25.41,0.00
1,60.00,330,971.98,820.96,0.00
1,60.00,331,818.35,792.70,19.57
1,60.00,332,213.20,478.48,12.65
1,60.00,333,308.42,545.92,15.18
1,60.00,334,854.80,903.43,11.89
1,60.00,335,197.00,658.14,0.00
1,60.00,336,539.95,640.54,9.26
1,60.00,337,529.16,924.82,12.23
1,60.00,338,610.53,434.64,10.24
1,60.00,339,965.70,596.68,0.00
1,60.00,340,92.61,278.79,9.82
1,60.00,341,839.91,188.02,20.08
1,60.00,342,149.14,401.59,22.46
1,60.00,343,274.37,241.47,7.22
1,60.00,344,121.06,209.33,24.08
1,60.00,345,389.61,442.17,11.55
1,60.00,346,468.97,539.95,10.65
1,60.00,347,668.80,178.28,20.34
1,60.00,348,459.09,565.44,6.76
1,60.00,349,297.84,450.80,7.54
1,60.00,350,803.98,600.66,10.98
1,60.00,351,84.69,123.32,0.00
1,60.00,352,637.62,375.11,14.69
1,60.00,353,469.30,679.56,13.19
1,60.00,354,420.34,247.03,17.08
1,60.00,355,267.15,591.10,10.11
1,60.00,356,28.27,77.28,0.00
1,60.00,357,166.07,235.71,10.84
1,60.00,358,117.44,566.60,9.03
1,60.00,359,472.59,684.87,5.74
1,60.00,360,316.76,339.19,10.28
1,60.00,361,382.79,549.89,17.21
1,60.00,362,647.91,614.68,12.13
1,60.00,363,791.51,253.64,10.80
1,60.00,364,558.12,851.94,6.28
1,60.00,365,608.28,558.54,9.36
1,60.00,366,45.20,459.62,0.00
1,60.00,367,765.18,393.72,11.93
1,60.00,368,43.00,567.42,6.61
1,60.00,369,20.90,450.65,0.00
1,60.00,370,765.04,328.51,21.38
1,60.00,371,776.18,147.32,9.13
1,60.00,372,502.21,437.92,20.93
1,60.00,373,225.76,794.89,9.24
1,60.00,374,164.49,115.46,18.78
1,60.00,375,566.76,573.23,6.19
1,60.00,376,531.42,220.08,10.85
1,60.00,377,382.62,330.22,19.28
1,60.00,378,288.59,94.28,7.20
1,60.00,379,255.96,902.00,0.00
1,60.00,380,117.05,516.05,11.10
1,60.00,381,716.96,86.02,5.09
1,60.00,382,652.19,779.71,9.64
1,60.00,383,186.61,798.65,17.73
1,60.00,384,56.05,358.38,17.96
1,60.00,385,570.19,915.41,0.00
1,60.00,386,531.42,729.90,0.00
1,60.00,387,166.46,745.92,6.84
1,60.00,388,70.23,830.51,9.25
1,60.00,389,473.47,577.40,5.33
1,60.00,390,44.46,466.81,0.00
1,60.00,391,302.49,797.13,8.07
1,60.00,392,409.88,540.87,23.76
1,60.00,393,888.19,348.18,23.70
1,60.00,394,655.61,431.69,15.55
1,60.00,395,666.98,767.80,20.90
1,60.00,396,237.57,451.26,11.94
1,60.00,397,384.08,339.51,7.51
1,60.00,398,351.00,322.75,15.18
1,60.00,399,792.97,72.12,0.00
1,70.00,0,879.31,650.21,16.91
1,70.00,1,112.71,801.99,0.00
1,70.00,2,427.01,550.77,6.43
1,70.00,3,470.29,501.90,20.97
1,70.00,4,598.88,673.71,7.15
1,70.00,5,527.47,779.81,11.34
1,70.00,6,699.90,576.42,7.64
1,70.00,7,947.35,610.09,5.79
1,70.00,8,531.47,725.24,18.76
1,70.00,9,702.90,305.10,7.44
1,70.00,10,568.87,94.86,18.48
1,70.00,11,634.28,414.13,9.36
1,70.00,12,237.24,567.85,9.48
1,70.00,13,541.66,765.96,12.39
1,70.00,14,111.65,679.03,12.87
1,70.00,15,281.28,22.62,0.00
1,70.00,16,783.17,253.16,14.99
1,70.00,17,152.59,738.82,12.51
1,70.00,18,567.39,492.03,17.16
1,70.00,19,651.48,140.93,9.98
1,70.00,20,855.78,856.97,9.22
1,70.00,21,702.89,698.97,8.20
1,70.00,22,369.36,218.32,0.00
1,70.00,23,715.14,813.56,15.43
1,70.00,24,256.73,241.02,19.43
1,70.00,25,935.47,401.88,8.96
1,70.00,26,420.25,372.81,14.88
1,70.00,27,886.05,232.42,0.00
1,70.00,28,542.16,813.63,10.08
1,70.00,29,601.41,560.09,16.00
1,70.00,30,70.30,208.43,0.00
1,70.00,31,397.36,560.88,6.11
1,70.00,32,345.97,676.91,7.10
1,70.00,33,762.04,423.99,6.69
1,70.00,34,872.55,692.46,13.93
1,70.00,35,450.18,606.64,7.38
1,70.00,36,259.72,118.98,5.58
1,70.00,37,593.90,598.67,9.72
1,70.00,38,730.02,382.09,15.09
1,70.00,39,455.44,802.95,7.35
1,70.00,40,947.99,353.34,19.38
1,70.00,41,700.92,352.77,0.00
1,70.00,42,820.27,500.10,13.62
1,70.00,43,782.90,712.74,13.52
1,70.00,44,636.63,635.24,0.00
1,70.00,45,583.06,445.39,18.02
1,70.00,46,741.33,416.20,15.43
1,70.00,47,913.25,825.83,9.84
1,70.00,48,789.13,341.83,15.04
1,70.00,49,376.33,471.24,11.70
1,70.00,50,604.25,213.07,12.03
1,70.00,51,128.10,58.68,0.00
1,70.00,52,438.28,641.10,22.43
1,70.00,53,271.90,843.33,12.54
1,70.00,54,249.37,394.05,0.00
1,70.00,55,532.16,174.91,10.07
1,70.00,56,732.74,433.91,0.00
1,70.00,57,424.71,284.99,22.06
1,70.00,58,622.77,405.70,12.68
1,70.00,59,646.26,532.41,8.04
1,70.00,60,825.50,392.33,18.04
1,70.00,61,537.11,150.07,8.85
1,70.00,62,459.06,587.66,6.18
1,70.00,63,558.94,304.93,8.85
1,70.00,64,846.65,352.53,5.50
1,70.00,65,126.21,447.51,6.30
1,70.00,66,655.47,716.21,0.00
1,70.00,67,464.65,299.46,20.10
1,70.00,68,99.82,435.88,0.00
1,70.00,69,635.18,493.56,20.76
1,70.00,70,103.44,824.09,17.14
1,70.00,71,840.76,564.35,14.60
1,70.00,72,666.02,851.75,0.00
1,70.00,73,227.92,129.55,8.08
1,70.00,74,647.01,399.12,0.00
1,70.00,75,528.46,663.39,9.93
1,70.00,76,306.66,206.04,0.00
1,70.00,77,572.07,359.97,13.90
1,70.00,78,335.16,487.19,0.00
1,70.00,79,825.18,418.33,9.11
1,70.00,80,327.01,409.25,8.82
1,70.00,81,544.85,253.85,13.37
1,70.00,82,507.09,400.52,6.05
1,70.00,83,549.95,580.35,5.28
1,70.00,84,560.43,308.18,5.50
1,70.00,85,282.06,357.40,16.12
1,70.00,86,578.76,577.24,23.45
1,70.00,87,104.58,829.03,0.00
1,70.00,88,573.96,719.71,0.00
1,70.00,89,266.57,588.29,8.84
1,70.00,90,943.08,436.75,15.15
1,70.00,91,283.42,688.15,10.40
1,70.00,92,556.03,374.37,9.75
1,70.00,93,338.23,377.20,18.77
1,70.00,94,607.86,504.50,0.00
1,70.00,95,420.07,292.37,20.59
1,70.00,96,3.60,281.70,0.00
1,70.00,97,396.23,889.08,0.00
1,70.00,98,289.19,932.00,15.77
1,70.00,99,520.22,505.48,0.00
1,70.00,100,322.45,633.74,13.31
1,70.00,101,217.92,791.13,13.27
1,70.00,102,379.98,534.16,5.40
1,70.00,103,583.22,928.49,9.88
1,70.00,104,535.76,502.08,6.83
1,70.00,105,175.10,369.74,16.99
1,70.00,106,157.57,394.72,6.71
1,70.00,107,450.35,462.21,7.96
1,70.00,108,520.19,454.91,5.23
1,70.00,109,238.42,515.92,8.40
1,70.00,110,587.43,260.52,9.76
1,70.00,111,516.87,131.94,12.05
1,70.00,112,687.90,436.27,16.49
1,70.00,113,608.85,272.59,23.51
1,70.00,114,822.40,693.55,10.20
1,70.00,115,762.83,799.42,9.46
1,70.00,116,47.13,42.88,0.00
1,70.00,117,491.45,432.84,15.15
1,70.00,118,622.90,222.67,6.08
1,70.00,119,373.36,590.57,13.67
1,70.00,120,778.05,507.46,13.29
1,70.00,121,501.56,444.16,8.88
1,70.00,122,410.02,314.93,19.90
1,70.00,123,471.03,637.49,10.28
1,70.00,124,472.48,772.33,0.00
1,70.00,125,458.72,722.34,14.20
1,70.00,126,86.91,395.47,0.00
1,70.00,127,435.14,866.05,9.96
1,70.00,128,492.48,605.88,0.00
1,70.00,129,857.19,620.04,19.63
1,70.00,130,96.61,253.53,20.69
1,70.00,131,439.45,101.52,11.74
1,70.00,132,322.62,341.72,16.88
1,70.00,133,360.87,993.95,0.00
1,70.00,134,402.94,57.82,0.00
1,70.00,135,835.61,869.83,5.74
1,70.00,136,907.50,800.73,0.00
1,70.00,137,171.23,306.46,5.94
1,70.00,138,526.30,411.66,18.11
1,70.00,139,554.51,439.31,8.09
1,70.00,140,657.80,999.24,0.00
1,70.00,141,435.33,789.62,9.71
1,70.00,142,543.97,563.38,5.64
1,70.00,143,512.54,127.27,10.85
1,70.00,144,252.35,586.40,13.26
1,70.00,145,219.40,183.14,21.20
1,70.00,146,174.28,110.35,14.43
1,70.00,147,323.90,409.04,21.13
1,70.00,148,295.19,284.50,15.03
1,70.00,149,193.04,4.57,0.00
1,70.00,150,762.98,671.26,6.96
1,70.00,151,693.99,323.33,10.92
1,70.00,152,421.32,535.98,7.56
1,70.00,153,851.09,723.71,12.25
1,70.00,154,569.36,964.15,10.97
1,70.00,155,483.72,378.99,9.55
1,70.00,156,536.38,265.98,11.87
1,70.00,157,691.67,723.99,6.44
1,70.00,158,94.93,697.26,6.74
1,70.00,159,208.49,630.65,9.89
1,70.00,160,30.43,462.92,13.14
1,70.00,161,772.40,533.69,8.63
1,70.00,162,642.82,293.25,9.88
1,70.00,163,443.96,431.16,12.30
1,70.00,164,324.41,671.14,10.74
1,70.00,165,334.81,610.74,8.02
1,70.00,166,554.66,195.19,0.00
1,70.00,167,64.72,650.67,0.00
1,70.00,168,450.87,187.62,6.94
1,70.00,169,725.61,179.18,5.18
1,70.00,170,504.62,718.79,10.49
1,70.00,171,591.36,528.50,6.12
1,70.00,172,600.95,493.19,14.34
1,70.00,173,641.06,781.02,23.49
1,70.00,174,306.80,680.81,0.00
1,70.00,175,528.57,360.65,7.25
1,70.00,176,52.96,354.55,0.00
1,70.00,177,812.53,774.41,19.46
1,70.00,178,295.90,644.78,15.06
1,70.00,179,692.99,220.46,6.50
1,70.00,180,590.68,367.73,15.76
1,70.00,181,292.47,714.70,10.39
1,70.00,182,437.35,560.80,12.74
1,70.00,183,657.93,910.17,11.65
1,70.00,184,351.68,850.11,12.84
1,70.00,185,772.65,772.07,6.63
1,70.00,186,498.52,316.89,12.09
1,70.00,187,48.54,372.10,8.09
1,70.00,188,569.28,648.56,7.92
1,70.00,189,365.29,734.00,0.00
1,70.00,190,317.56,109.54,7.74
1,70.00,191,696.82,377.92,5.27
1,70.00,192,671.77,648.74,19.82
1,70.00,193,879.22,845.79,14.07
1,70.00,194,636.50,783.24,13.89
1,70.00,195,235.25,555.17,6.12
1,70.00,196,657.55,470.67,22.63
1,70.00,197,727.86,583.83,5.16
1,70.00,198,781.92,693.76,6.47
1,70.00,199,210.81,664.77,14.22
1,70.00,200,125.28,212.94,6.02
1,70.00,201,195.43,711.83,8.63
1,70.00,202,821.54,757.60,20.54
1,70.00,203,532.07,679.57,10.30
1,70.00,204,226.41,903.93,14.80
1,70.00,205,864.20,714.46,0.00
1,70.00,206,737.20,22.77,0.00
1,70.00,207,383.68,924.04,20.28
1,70.00,208,532.70,157.63,9.70
1,70.00,209,673.70,552.07,20.44
1,70.00,210,619.84,365.87,6.11
1,70.00,211,985.57,75.16,0.00
1,70.00,212,94.04,748.38,20.92
1,70.00,213,538.77,241.17,6.89
1,70.00,214,771.34,545.78,12.19
1,70.00,215,395.66,336.82,18.10
1,70.00,216,71.26,363.41,21.74
1,70.00,217,250.99,482.41,12.34
1,70.00,218,763.70,438.11,7.19
1,70.00,219,326.79,519.81,8.06
1,70.00,220,524.28,473.03,7.04
1,70.00,221,720.17,647.77,5.64
1,70.00,222,297.05,582.61,9.88
1,70.00,223,694.20,335.50,5.24
1,70.00,224,770.97,897.54,7.45
1,70.00,225,20.66,586.38,0.00
1,70.00,226,350.43,381.08,0.00
1,70.00,227,289.22,339.81,9.76
1,70.00,228,561.33,888.25,9.69
1,70.00,229,336.51,539.01,12.57
1,70.00,230,187.31,991.04,0.00
1,70.00,231,472.62,180.54,12.85
1,70.00,232,837.76,835.52,12.19
1,70.00,233,39.66,840.11,11.51
1,70.00,234,437.72,267.77,9.31
1,70.00,235,488.52,816.75,18.11
1,70.00,236,824.92,861.57,6.98
1,70.00,237,450.19,443.61,8.80
1,70.00,238,587.45,809.21,5.41
1,70.00,239,426.34,384.89,9.28
1,70.00,240,861.37,590.58,18.59
1,70.00,241,210.97,584.27,22.82
1,70.00,242,599.10,444.63,19.89
1,70.00,243,141.93,580.12,5.33
1,70.00,244,301.49,431.01,9.20
1,70.00,245,934.41,503.98,5.57
1,70.00,246,458.44,460.03,22.50
1,70.00,247,467.68,220.45,8.29
1,70.00,248,409.92,351.73,20.65
1,70.00,249,295.57,824.63,14.19
1,70.00,250,90.51,55.68,8.06
1,70.00,251,668.24,624.33,14.30
1,70.00,252,801.14,354.08,14.47
1,70.00,253,93.52,227.72,0.00
1,70.00,254,325.68,882.15,18.47
1,70.00,255,696.01,433.12,12.87
1,70.00,256,270.41,548.81,0.00
1,70.00,257,275.81,594.59,24.53
1,70.00,258,657.03,338.62,16.98
1,70.00,259,527.95,69.37,24.70
1,70.00,260,368.37,635.73,5.00
1,70.00,261,380.14,618.82,11.94
1,70.00,262,297.71,788.84,10.45
1,70.00,263,315.48,606.51,12.14
1,70.00,264,627.75,710.28,5.47
1,70.00,265,326.77,553.34,6.46
1,70.00,266,317.66,519.89,10.99
1,70.00,267,648.32,878.66,19.09
1,70.00,268,946.57,223.90,0.00
1,70.00,269,611.19,873.84,0.00
1,70.00,270,863.16,756.69,15.97
1,70.00,271,619.30,226.65,7.62
1,70.00,272,225.85,691.91,22.51
1,70.00,273,594.49,556.22,9.01
1,70.00,274,138.13,504.40,11.55
1,70.00,275,487.00,437.46,6.36
1,70.00,276,571.15,553.24,10.14
1,70.00,277,824.61,965.33,9.37
1,70.00,278,36.23,210.27,15.14
1,70.00,279,263.34,520.41,11.23
1,70.00,280,251.14,739.69,7.14
1,70.00,281,324.44,749.87,17.16
1,70.00,282,740.49,533.82,11.04
1,70.00,283,449.57,331.78,13.03
1,70.00,284,391.13,520.87,12.35
1,70.00,285,644.40,735.49,5.80
1,70.00,286,30.83,457.38,21.04
1,70.00,287,391.82,402.35,14.04
1,70.00,288,763.44,664.65,22.09
1,70.00,289,667.45,357.46,7.09
1,70.00,290,747.33,592.46,0.00
1,70.00,291,601.96,755.73,8.85
1,70.00,292,814.23,513.66,0.00
1,70.00,293,169.11,814.53,9.10
1,70.00,294,342.26,133.28,10.70
1,70.00,295,467.62,585.11,8.41
1,70.00,296,878.72,301.28,13.00
1,70.00,297,682.78,304.12,7.66
1,70.00,298,841.65,488.06,22.42
1,70.00,299,848.42,315.89,0.00
1,70.00,300,705.97,581.63,0.00
1,70.00,301,687.72,911.84,16.32
1,70.00,302,998.36,683.84,0.00
1,70.00,303,538.80,397.91,18.78
1,70.00,304,580.73,597.02,14.70
1,70.00,305,420.15,628.06,9.34
1,70.00,306,757.30,359.57,18.13
1,70.00,307,805.89,634.72,8.24
1,70.00,308,604.48,358.29,18.68
1,70.00,309,259.75,284.63,5.33
1,70.00,310,462.90,191.13,21.92
1,70.00,311,639.57,733.65,11.05
1,70.00,312,796.21,805.36,16.32
1,70.00,313,641.12,136.75,21.12
1,70.00,314,403.09,770.45,5.06
1,70.00,315,473.29,270.91,20.22
1,70.00,316,832.66,795.48,0.00
1,70.00,317,88.00,74.30,7.78
1,70.00,318,572.28,722.48,17.74
1,70.00,319,153.14,895.20,0.00
1,70.00,320,537.18,604.21,7.25
1,70.00,321,499.79,355.64,22.48
1,70.00,322,909.64,61.79,17.83
1,70.00,323,700.95,858.41,5.25
1,70.00,324,406.82,432.80,6.63
1,70.00,325,801.78,62.07,10.37
1,70.00,326,457.48,648.36,7.35
1,70.00,327,274.66,152.10,15.23
1,70.00,328,905.99,571.84,12.11
1,70.00,329,121.05,36.13,21.94
1,70.00,330,927.38,740.96,11.44
1,70.00,331,959.38,928.37,19.57
1,70.00,332,277.04,587.65,12.65
1,70.00,333,301.01,394.33,15.18
1,70.00,334,838.13,891.47,0.00
1,70.00,335,334.02,683.34,17.21
1,70.00,336,622.45,673.94,0.00
1,70.00,337,412.14,960.38,12.23
1,70.00,338,712.09,447.92,10.24
1,70.00,339,866.57,619.05,13.91
1,70.00,340,67.33,334.84,0.00
1,70.00,341,859.80,82.70,0.00
1,70.00,342,160.55,177.27,22.46
1,70.00,343,288.80,223.39,0.00
1,70.00,344,25.76,240.52,0.00
1,70.00,345,412.88,329.01,11.55
1,70.00,346,395.95,462.37,10.65
1,70.00,347,805.61,50.43,0.00
1,70.00,348,511.49,522.66,6.76
1,70.00,349,273.83,522.27,7.54
1,70.00,350,773.56,495.19,10.98
1,70.00,351,96.48,131.54,16.39
1,70.00,352,762.79,452.04,14.69
1,70.00,353,489.65,809.91,13.19
1,70.00,354,380.83,413.24,17.08
1,70.00,355,268.32,489.98,10.11
1,70.00,356,38.07,78.75,5.11
1,70.00,357,116.46,332.07,10.84
1,70.00,358,119.22,656.85,9.03
1,70.00,359,415.32,688.88,5.74
1,70.00,360,245.59,265.03,10.28
1,70.00,361,449.85,440.05,0.00
1,70.00,362,548.90,684.81,12.13
1,70.00,363,832.14,233.73,0.00
1,70.00,364,516.40,805.03,6.28
1,70.00,365,653.34,640.55,9.36
1,70.00,366,80.56,371.38,9.89
1,70.00,367,712.91,286.53,11.93
1,70.00,368,41.44,633.47,6.61
1,70.00,369,60.94,491.79,7.67
1,70.00,370,649.49,148.63,21.38
1,70.00,371,864.37,123.73,9.13
1,70.00,372,503.48,402.88,0.00
1,70.00,373,225.43,798.64,0.00
1,70.00,374,148.51,59.17,0.00
1,70.00,375,623.34,548.15,6.19
1,70.00,376,444.27,155.44,10.85
1,70.00,377,572.22,365.11,19.28
1,70.00,378,302.52,164.95,7.20
1,70.00,379,214.14,818.46,21.11
1,70.00,380,55.62,423.60,11.10
1,70.00,381,702.85,134.87,5.09
1,70.00,382,735.51,828.20,9.64
1,70.00,383,85.94,683.38,0.00
1,70.00,384,234.85,341.52,17.96
1,70.00,385,582.69,879.78,9.63
1,70.00,386,406.95,532.28,24.88
1,70.00,387,223.69,783.36,6.84
1,70.00,388,88.50,739.83,9.25
1,70.00,389,458.12,628.46,5.33
1,70.00,390,174.73,342.69,24.78
1,70.00,391,316.29,717.57,8.07
1,70.00,392,383.63,777.01,23.76
1,70.00,393,986.39,266.57,0.00
1,70.00,394,571.18,562.31,15.55
1,70.00,395,643.45,647.90,0.00
1,70.00,396,159.86,541.89,11.94
1,70.00,397,309.33,332.20,7.51
1,70.00,398,444.92,441.96,15.18
1,70.00,399,777.75,118.79,22.97
1,80.00,0,973.25,720.58,0.00
1,80.00,1,164.70,771.35,17.85
1,80.00,2,475.38,508.43,6.43
1,80.00,3,673.32,554.52,20.97
1,80.00,4,531.73,649.08,7.15
1,80.00,5,419.63,814.91,11.34
1,80.00,6,724.16,648.87,7.64
1,80.00,7,918.00,560.14,5.79
1,80.00,8,680.51,668.61,0.00
1,80.00,9,743.32,367.52,7.44
1,80.00,10,617.92,272.99,18.48
1,80.00,11,564.24,352.07,9.36
1,80.00,12,197.46,481.85,9.48
1,80.00,13,434.78,703.32,12.39
1,80.00,14,173.27,566.07,12.87
1,80.00,15,295.76,85.86,9.81
1,80.00,16,872.28,173.06,0.00
1,80.00,17,135.41,862.71,12.51
1,80.00,18,724.61,560.87,17.16
1,80.00,19,720.23,122.02,0.00
1,80.00,20,864.74,765.22,9.22
1,80.00,21,664.04,771.15,8.20
1,80.00,22,403.88,236.82,18.11
1,80.00,23,805.40,763.19,0.00
1,80.00,24,278.28,434.09,19.43
1,80.00,25,942.19,312.56,8.96
1,80.00,26,305.00,373.62,0.00
1,80.00,27,785.88,314.72,16.59
1,80.00,28,478.48,735.51,10.08
1,80.00,29,512.71,426.89,16.00
1,80.00,30,93.96,174.60,17.06
1,80.00,31,421.47,617.02,6.11
1,80.00,32,332.80,607.18,7.10
1,80.00,33,828.71,429.29,6.69
1,80.00,34,992.28,733.37,0.00
1,80.00,35,487.51,542.93,7.38
1,80.00,36,294.77,85.08,0.00
1,80.00,37,660.33,669.65,9.72
1,80.00,38,632.81,497.54,15.09
1,80.00,39,382.42,794.81,7.35
1,80.00,40,955.18,196.16,0.00
1,80.00,41,636.35,228.85,14.68
1,80.00,42,862.49,478.90,0.00
1,80.00,43,847.58,770.42,0.00
1,80.00,44,688.48,454.39,24.69
1,80.00,45,474.70,548.92,0.00
1,80.00,46,596.94,361.66,15.43
1,80.00,47,815.19,834.50,9.84
1,80.00,48,939.55,339.85,15.04
1,80.00,49,280.58,404.05,11.70
1,80.00,50,585.15,200.15,0.00
1,80.00,51,248.37,61.95,13.42
1,80.00,52,410.20,802.03,0.00
1,80.00,53,284.26,718.50,12.54
1,80.00,54,365.33,335.18,23.36
1,80.00,55,462.82,247.86,10.07
1,80.00,56,652.22,479.84,13.06
1,80.00,57,276.74,121.32,22.06
1,80.00,58,610.28,531.85,12.68
1,80.00,59,720.44,501.36,8.04
1,80.00,60,782.06,445.99,0.00
1,80.00,61,483.81,79.48,8.85
1,80.00,62,414.27,545.11,6.18
1,80.00,63,593.76,386.25,8.85
1,80.00,64,847.09,407.49,5.50
1,80.00,65,81.33,403.27,6.30
1,80.00,66,683.08,642.51,10.94
1,80.00,67,464.31,299.46,0.00
1,80.00,68,138.46,461.48,14.65
1,80.00,69,757.13,661.61,20.76
1,80.00,70,60.81,865.52,0.00
1,80.00,71,847.79,588.32,0.00
1,80.00,72,532.32,826.83,15.22
1,80.00,73,147.85,118.74,8.08
1,80.00,74,645.06,408.88,18.63
1,80.00,75,508.46,760.63,9.93
1,80.00,76,241.00,234.30,9.16
1,80.00,77,462.63,274.34,13.90
1,80.00,78,308.55,484.89,13.99
1,80.00,79,735.75,435.76,9.11
1,80.00,80,260.93,350.86,8.82
1,80.00,81,633.47,278.97,0.00
1,80.00,82,448.72,416.39,6.05
1,80.00,83,593.65,609.98,5.28
1,80.00,84,509.92,329.95,5.50
1,80.00,85,140.17,433.96,16.12
1,80.00,86,765.43,719.12,23.45
1,80.00,87,197.73,811.15,17.95
1,80.00,88,551.70,660.61,16.08
1,80.00,89,267.81,499.88,8.84
1,80.00,90,896.23,292.64,15.15
1,80.00,91,271.16,711.03,0.00
1,80.00,92,607.66,291.66,9.75
1,80.00,93,478.64,501.79,18.77
1,80.00,94,553.88,350.80,23.55
1,80.00,95,572.60,430.61,20.59
1,80.00,96,18.25,268.86,5.30
1,80.00,97,392.25,890.27,12.84
1,80.00,98,396.21,816.19,15.77
1,80.00,99,487.75,465.04,23.39
1,80.00,100,420.13,543.30,13.31
1,80.00,101,349.20,810.41,13.27
1,80.00,102,432.27,520.83,5.40
1,80.00,103,678.81,953.40,9.88
1,80.00,104,471.16,524.27,6.83
1,80.00,105,308.97,474.32,16.99
1,80.00,106,165.15,328.01,6.71
1,80.00,107,398.12,522.31,7.96
1,80.00,108,572.33,450.90,5.23
1,80.00,109,198.47,442.01,8.40
1,80.00,110,657.27,328.65,9.76
1,80.00,111,605.95,50.80,12.05
1,80.00,112,819.03,336.35,16.49
1,80.00,113,597.99,102.42,0.00
1,80.00,114,850.32,731.21,0.00
1,80.00,115,697.03,731.45,9.46
1,80.00,116,49.27,46.31,10.64
1,80.00,117,369.21,522.31,15.15
1,80.00,118,563.41,210.01,6.08
1,80.00,119,342.00,457.50,13.67
1,80.00,120,647.32,483.56,13.29
1,80.00,121,507.55,452.00,0.00
1,80.00,122,316.43,426.28,0.00
1,80.00,123,401.69,561.57,10.28
1,80.00,124,395.90,738.88,11.48
1,80.00,125,579.18,797.53,14.20
1,80.00,126,115.20,394.62,7.42
1,80.00,127,406.00,866.63,0.00
1,80.00,128,494.32,607.64,11.53
1,80.00,129,874.87,592.81,0.00
1,80.00,130,83.46,247.20,0.00
1,80.00,131,472.06,60.17,0.00
1,80.00,132,424.97,475.94,16.88
1,80.00,133,305.85,916.78,15.68
1,80.00,134,418.93,102.53,11.48
1,80.00,135,888.94,848.61,5.74
1,80.00,136,876.60,773.80,11.10
1,80.00,137,176.14,365.69,5.94
1,80.00,138,526.96,592.77,18.11
1,80.00,139,601.16,373.18,8.09
1,80.00,140,604.09,880.92,18.97
1,80.00,141,438.07,792.35,0.00
1,80.00,142,519.34,512.65,5.64
1,80.00,143,587.47,205.80,10.85
1,80.00,144,367.28,652.57,13.26
1,80.00,145,427.39,141.93,21.20
1,80.00,146,145.39,71.76,0.00
1,80.00,147,260.86,426.84,0.00
1,80.00,148,152.53,237.21,15.03
1,80.00,149,244.88,65.76,17.76
1,80.00,150,734.73,607.62,6.96
1,80.00,151,591.65,285.39,10.92
1,80.00,152,412.34,611.05,7.56
1,80.00,153,886.63,606.47,12.25
1,80.00,154,572.33,854.48,10.97
1,80.00,155,537.98,300.46,9.55
1,80.00,156,511.44,164.37,0.00
1,80.00,157,642.04,682.90,6.44
1,80.00,158,144.74,742.73,6.74
1,80.00,159,228.99,533.94,9.89
1,80.00,160,62.20,409.73,0.00
1,80.00,161,807.00,612.71,8.63
1,80.00,162,706.98,218.05,9.88
1,80.00,163,351.66,349.92,12.30
1,80.00,164,276.27,575.15,10.74
1,80.00,165,363.33,578.19,0.00
1,80.00,166,548.25,230.50,13.90
1,80.00,167,81.59,531.18,15.33
1,80.00,168,519.71,178.91,6.94
1,80.00,169,740.77,228.74,5.18
1,80.00,170,597.55,670.09,10.49
1,80.00,171,570.16,471.14,6.12
1,80.00,172,497.09,592.13,14.34
1,80.00,173,868.17,721.21,23.49
1,80.00,174,493.10,689.43,21.95
1,80.00,175,485.79,419.12,7.25
1,80.00,176,59.31,374.39,8.18
1,80.00,177,951.46,910.69,19.46
1,80.00,178,356.73,506.97,15.06
1,80.00,179,628.71,210.71,6.50
1,80.00,180,458.67,453.89,15.76
1,80.00,181,269.98,816.12,10.39
1,80.00,182,538.26,483.09,12.74
1,80.00,183,580.31,928.53,0.00
1,80.00,184,316.53,933.91,0.00
1,80.00,185,787.09,836.75,6.63
1,80.00,186,502.75,333.60,0.00
1,80.00,187,127.88,356.28,8.09
1,80.00,188,643.53,676.15,7.92
1,80.00,189,581.88,769.49,24.11
1,80.00,190,243.98,85.48,7.74
1,80.00,191,644.50,372.01,5.27
1,80.00,192,616.00,458.53,19.82
1,80.00,193,932.83,975.83,14.07
1,80.00,194,509.00,728.10,13.89
1,80.00,195,239.01,616.29,6.12
1,80.00,196,609.01,629.11,0.00
1,80.00,197,687.75,616.30,5.16
1,80.00,198,795.20,757.10,6.47
1,80.00,199,321.75,753.80,14.22
1,80.00,200,148.91,268.30,6.02
1,80.00,201,189.08,780.16,0.00
1,80.00,202,657.78,881.63,20.54
1,80.00,203,616.09,620.08,10.30
1,80.00,204,339.45,808.42,14.80
1,80.00,205,763.99,726.06,20.38
1,80.00,206,726.23,41.69,17.69
1,80.00,207,429.51,726.51,20.28
1,80.00,208,452.90,212.83,9.70
1,80.00,209,536.58,400.52,20.44
1,80.00,210,671.61,333.38,6.11
1,80.00,211,982.76,106.74,7.48
1,80.00,212,9.12,730.55,0.00
1,80.00,213,473.81,218.15,6.89
1,80.00,214,775.82,607.95,0.00
1,80.00,215,470.09,199.48,0.00
1,80.00,216,25.33,254.76,0.00
1,80.00,217,181.45,420.80,0.00
1,80.00,218,765.55,509.99,7.19
1,80.00,219,375.59,583.97,8.06
1,80.00,220,510.02,542.00,7.04
1,80.00,221,743.11,699.24,5.64
1,80.00,222,244.13,607.70,0.00
1,80.00,223,712.07,286.28,5.24
1,80.00,224,781.60,962.89,0.00
1,80.00,225,60.41,523.98,24.08
1,80.00,226,356.51,378.07,16.84
1,80.00,227,191.71,335.58,9.76
1,80.00,228,580.74,983.23,9.69
1,80.00,229,301.29,572.81,0.00
1,80.00,230,270.44,930.31,18.25
1,80.00,231,359.20,120.18,12.85
1,80.00,232,829.74,957.17,12.19
1,80.00,233,25.36,899.34,0.00
1,80.00,234,346.15,284.49,9.31
1,80.00,235,655.38,887.06,18.11
1,80.00,236,766.82,822.85,6.98
1,80.00,237,506.39,380.42,0.00
1,80.00,238,551.65,768.67,5.41
1,80.00,239,508.63,427.86,9.28
1,80.00,240,707.34,486.45,18.59
1,80.00,241,199.59,625.73,0.00
1,80.00,242,797.95,444.14,19.89
1,80.00,243,123.50,630.09,5.33
1,80.00,244,221.27,476.00,9.20
1,80.00,245,928.67,559.39,5.57
1,80.00,246,515.53,552.63,0.00
1,80.00,247,440.92,141.99,8.29
1,80.00,248,224.30,442.18,20.65
1,80.00,249,188.99,886.34,0.00
1,80.00,250,110.51,133.77,8.06
1,80.00,251,713.78,488.74,14.30
1,80.00,252,671.75,418.90,14.47
1,80.00,253,147.78,198.43,12.93
1,80.00,254,452.00,747.46,18.47
1,80.00,255,815.92,386.30,12.87
1,80.00,256,296.70,546.47,15.87
1,80.00,257,498.89,492.64,24.53
1,80.00,258,576.93,488.37,16.98
1,80.00,259,597.24,8.13,0.00
1,80.00,260,402.78,599.43,5.00
1,80.00,261,482.30,680.65,11.94
1,80.00,262,269.69,812.25,0.00
1,80.00,263,266.49,717.60,12.14
1,80.00,264,596.28,665.58,5.47
1,80.00,265,347.54,492.13,6.46
1,80.00,266,208.56,533.50,10.99
1,80.00,267,834.26,835.63,19.09
1,80.00,268,910.29,271.10,23.51
1,80.00,269,584.16,877.00,6.53
1,80.00,270,899.86,842.16,0.00
1,80.00,271,691.08,201.08,7.62
1,80.00,272,67.09,851.50,22.51
1,80.00,273,515.16,599.01,9.01
1,80.00,274,250.93,479.63,11.55
1,80.00,275,543.37,466.93,6.36
1,80.00,276,664.12,512.85,10.14
1,80.00,277,834.40,956.89,0.00
1,80.00,278,167.14,286.26,15.14
1,80.00,279,221.74,416.10,11.23
1,80.00,280,312.54,776.16,7.14
1,80.00,281,467.25,654.67,17.16
1,80.00,282,692.00,434.69,11.04
1,80.00,283,498.90,211.17,13.03
1,80.00,284,493.59,451.92,12.35
1,80.00,285,587.57,747.31,5.80
1,80.00,286,16.95,456.69,0.00
1,80.00,287,459.37,525.37,14.04
1,80.00,288,820.79,877.97,22.09
1,80.00,289,701.41,295.27,7.09
1,80.00,290,921.97,575.50,22.83
1,80.00,291,530.25,703.93,8.85
1,80.00,292,633.04,557.22,24.79
1,80.00,293,248.61,770.26,9.10
1,80.00,294,339.05,125.64,0.00
1,80.00,295,457.34,668.54,8.41
1,80.00,296,923.94,179.35,13.00
1,80.00,297,680.58,280.25,0.00
1,80.00,298,722.05,298.44,22.42
1,80.00,299,801.07,311.32,21.15
1,80.00,300,611.11,603.08,10.81
1,80.00,301,656.49,970.38,0.00
1,80.00,302,833.26,696.71,23.32
1,80.00,303,366.66,322.73,18.78
1,80.00,304,663.48,548.42,0.00
1,80.00,305,479.54,700.18,9.34
1,80.00,306,794.01,399.31,0.00
1,80.00,307,822.16,702.20,0.00
1,80.00,308,641.58,541.34,18.68
1,80.00,309,290.87,327.91,5.33
1,80.00,310,673.93,192.71,0.00
1,80.00,311,743.83,770.15,11.05
1,80.00,312,633.27,814.38,16.32
1,80.00,313,459.24,244.05,21.12
1,80.00,314,411.26,720.49,5.06
1,80.00,315,271.74,287.46,20.22
1,80.00,316,826.55,800.64,9.85
1,80.00,317,151.40,119.41,7.78
1,80.00,318,671.87,754.17,0.00
1,80.00,319,136.78,784.04,11.48
1,80.00,320,526.28,532.55,7.25
1,80.00,321,595.52,204.50,0.00
1,80.00,322,950.28,5.98,0.00
1,80.00,323,660.30,891.57,5.25
1,80.00,324,419.14,497.98,6.63
1,80.00,325,799.57,165.75,10.37
1,80.00,326,496.67,586.17,7.35
1,80.00,327,271.94,146.93,0.00
1,80.00,328,942.70,576.48,0.00
1,80.00,329,331.95,96.70,21.94
1,80.00,330,871.69,641.08,11.44
1,80.00,331,981.55,949.70,0.00
1,80.00,332,340.87,696.81,12.65
1,80.00,333,293.61,242.73,15.18
1,80.00,334,726.96,847.40,14.45
1,80.00,335,503.28,714.47,17.21
1,80.00,336,618.17,672.41,11.73
1,80.00,337,295.12,995.93,12.23
1,80.00,338,813.65,461.21,10.24
1,80.00,339,730.91,649.66,13.91
1,80.00,340,115.17,389.67,19.45
1,80.00,341,853.30,129.02,10.03
1,80.00,342,165.52,79.58,0.00
1,80.00,343,322.25,262.33,7.55
1,80.00,344,97.01,344.43,21.59
1,80.00,345,427.47,258.05,0.00
1,80.00,346,322.94,384.80,10.65
1,80.00,347,800.30,69.05,24.32
1,80.00,348,563.88,479.89,6.76
1,80.00,349,249.82,593.73,7.54
1,80.00,350,743.15,389.71,10.98
1,80.00,351,230.89,225.29,16.39
1,80.00,352,887.97,528.97,14.69
1,80.00,353,503.25,897.09,0.00
1,80.00,354,347.34,554.15,0.00
1,80.00,355,269.49,388.86,10.11
1,80.00,356,88.59,86.33,5.11
1,80.00,357,72.09,418.23,0.00
1,80.00,358,121.01,747.11,9.03
1,80.00,359,358.05,692.88,5.74
1,80.00,360,174.41,190.87,10.28
1,80.00,361,406.28,430.15,17.71
1,80.00,362,454.41,751.74,0.00
1,80.00,363,706.78,288.46,23.53
1,80.00,364,474.68,758.12,6.28
1,80.00,365,698.40,722.55,9.36
1,80.00,366,117.33,279.60,9.89
1,80.00,367,680.25,219.57,0.00
1,80.00,368,39.88,699.52,6.61
1,80.00,369,114.44,546.76,7.67
1,80.00,370,586.25,50.19,0.00
1,80.00,371,942.50,102.84,0.00
1,80.00,372,539.41,469.82,9.13
1,80.00,373,328.52,652.51,18.64
1,80.00,374,246.70,63.11,14.27
1,80.00,375,679.92,523.06,6.19
1,80.00,376,357.12,90.81,10.85
1,80.00,377,761.83,400.00,19.28
1,80.00,378,316.44,235.63,7.20
1,80.00,379,119.62,629.68,21.11
1,80.00,380,39.23,398.94,0.00
1,80.00,381,688.74,183.73,5.09
1,80.00,382,777.23,852.48,0.00
1,80.00,383,97.91,689.87,9.96
1,80.00,384,413.64,324.65,17.96
1,80.00,385,614.56,788.89,9.63
1,80.00,386,274.36,321.77,24.88
1,80.00,387,280.92,820.80,6.84
1,80.00,388,106.78,649.16,9.25
1,80.00,389,443.26,677.90,0.00
1,80.00,390,354.13,171.76,24.78
1,80.00,391,326.12,660.87,0.00
1,80.00,392,359.01,998.41,0.00
1,80.00,393,958.75,288.06,7.59
1,80.00,394,486.75,692.93,15.55
1,80.00,395,590.98,660.19,12.98
1,80.00,396,82.14,632.51,11.94
1,80.00,397,307.10,331.98,0.00
1,80.00,398,538.83,561.16,15.18
1,80.00,399,706.52,337.20,22.97
1,90.00,0,928.93,680.38,19.56
1,90.00,1,318.47,680.73,17.85
1,90.00,2,523.75,466.09,6.43
1,90.00,3,876.36,607.15,20.97
1,90.00,4,464.58,624.45,7.15
1,90.00,5,311.78,850.02,11.34
1,90.00,6,748.41,721.32,7.64
1,90.00,7,888.66,510.18,5.79
1,90.00,8,663.41,647.91,17.87
1,90.00,9,783.74,429.94,7.44
1,90.00,10,666.96,451.12,18.48
1,90.00,11,494.20,290.00,9.36
1,90.00,12,157.67,395.86,9.48
1,90.00,13,327.90,640.67,12.39
1,90.00,14,234.89,453.11,12.87
1,90.00,15,317.67,181.47,9.81
1,90.00,16,844.69,189.35,15.96
1,90.00,17,122.12,958.56,0.00
1,90.00,18,881.83,629.71,17.16
1,90.00,19,742.05,177.24,20.80
1,90.00,20,873.69,673.47,9.22
1,90.00,21,625.18,843.34,8.20
1,90.00,22,563.54,322.39,18.11
1,90.00,23,751.98,705.68,23.78
1,90.00,24,299.83,627.16,19.43
1,90.00,25,947.76,238.63,0.00
1,90.00,26,332.29,386.45,13.38
1,90.00,27,657.70,420.04,16.59
1,90.00,28,414.79,657.38,10.08
1,90.00,29,424.01,293.69,16.00
1,90.00,30,185.92,43.12,0.00
1,90.00,31,445.58,673.15,6.11
1,90.00,32,323.07,555.70,0.00
1,90.00,33,895.38,434.58,6.69
1,90.00,34,986.88,728.82,7.69
1,90.00,35,524.85,479.22,7.38
1,90.00,36,305.64,98.33,13.62
1,90.00,37,726.76,740.64,9.72
1,90.00,38,535.96,612.58,0.00
1,90.00,39,309.40,786.67,7.35
1,90.00,40,934.70,201.20,11.22
1,90.00,41,568.51,98.65,14.68
1,90.00,42,875.29,431.38,7.54
1,90.00,43,843.32,688.32,22.89
1,90.00,44,756.53,217.01,24.69
1,90.00,45,484.11,541.06,7.28
1,90.00,46,452.55,307.12,15.43
1,90.00,47,717.13,843.18,9.84
1,90.00,48,944.45,339.78,0.00
1,90.00,49,184.82,336.87,11.70
1,90.00,50,711.93,105.96,19.54
1,90.00,51,330.77,64.19,0.00
1,90.00,52,391.57,777.63,11.29
1,90.00,53,294.26,617.58,0.00
1,90.00,54,500.04,266.79,0.00
1,90.00,55,393.47,320.82,10.07
1,90.00,56,538.80,544.54,13.06
1,90.00,57,229.47,69.03,0.00
1,90.00,58,603.62,599.12,0.00
1,90.00,59,794.62,470.32,8.04
1,90.00,60,802.47,535.63,14.89
1,90.00,61,463.43,52.49,0.00
1,90.00,62,369.48,502.55,6.18
1,90.00,63,628.57,467.57,8.85
1,90.00,64,847.54,462.45,5.50
1,90.00,65,36.46,359.03,6.30
1,90.00,66,721.45,540.08,10.94
1,90.00,67,535.22,186.37,13.37
1,90.00,68,260.61,542.43,14.65
1,90.00,69,879.07,829.65,20.76
1,90.00,70,177.11,755.11,24.55
1,90.00,71,702.89,501.96,20.35
1,90.00,72,382.74,798.95,15.22
1,90.00,73,67.79,107.94,8.08
1,90.00,74,608.62,591.60,18.63
1,90.00,75,503.37,785.40,0.00
1,90.00,76,201.21,251.42,0.00
1,90.00,77,455.92,269.09,0.00
1,90.00,78,169.20,472.84,13.99
1,90.00,79,646.32,453.19,9.11
1,90.00,80,194.86,292.47,8.82
1,90.00,81,599.49,299.46,12.76
1,90.00,82,390.35,432.27,6.05
1,90.00,83,637.35,639.61,5.28
1,90.00,84,459.40,351.72,5.50
1,90.00,85,64.06,475.02,0.00
1,90.00,86,952.10,861.00,23.45
1,90.00,87,374.06,777.31,17.95
1,90.00,88,495.03,510.14,16.08
1,90.00,89,269.04,411.47,8.84
1,90.00,90,849.38,148.53,15.15
1,90.00,91,307.88,685.10,5.99
1,90.00,92,623.41,266.42,0.00
1,90.00,93,619.04,626.38,18.77
1,90.00,94,541.60,315.85,0.00
1,90.00,95,725.14,568.84,20.59
1,90.00,96,58.08,233.93,5.30
1,90.00,97,269.19,927.01,12.84
1,90.00,98,503.23,700.37,15.77
1,90.00,99,341.33,282.67,23.39
1,90.00,100,517.80,452.86,13.31
1,90.00,101,480.48,829.70,13.27
1,90.00,102,484.55,507.50,5.40
1,90.00,103,768.37,976.74,0.00
1,90.00,104,406.56,546.47,6.83
1,90.00,105,442.83,578.89,16.99
1,90.00,106,172.72,261.30,6.71
1,90.00,107,345.89,582.41,7.96
1,90.00,108,624.46,446.89,5.23
1,90.00,109,158.51,368.11,8.40
1,90.00,110,727.11,396.77,9.76
1,90.00,111,656.18,5.04,0.00
1,90.00,112,950.17,236.44,16.49
1,90.00,113,646.54,136.93,21.67
1,90.00,114,859.84,680.89,9.47
1,90.00,115,631.23,663.48,9.46
1,90.00,116,105.52,136.59,10.64
1,90.00,117,246.97,611.77,15.15
1,90.00,118,503.92,197.35,6.08
1,90.00,119,310.64,324.42,13.67
1,90.00,120,516.58,459.65,13.29
1,90.00,121,471.53,564.91,13.33
1,90.00,122,342.61,450.23,13.18
1,90.00,123,332.34,485.66,10.28
1,90.00,124,290.74,692.95,11.48
1,90.00,125,666.59,852.10,0.00
1,90.00,126,189.41,392.37,7.42
1,90.00,127,438.04,845.70,5.41
1,90.00,128,577.60,687.32,11.53
1,90.00,129,886.25,483.73,13.14
1,90.00,130,241.82,366.06,21.30
1,90.00,131,550.77,134.53,19.64
1,90.00,132,527.33,610.16,16.88
1,90.00,133,214.86,789.14,15.68
1,90.00,134,457.60,210.64,11.48
1,90.00,135,891.32,847.67,0.00
1,90.00,136,792.91,700.84,11.10
1,90.00,137,181.05,424.93,5.94
1,90.00,138,527.63,773.89,18.11
1,90.00,139,647.81,307.05,8.09
1,90.00,140,525.67,708.17,18.97
1,90.00,141,386.59,727.54,8.62
1,90.00,142,494.71,461.91,5.64
1,90.00,143,662.39,284.33,10.85
1,90.00,144,482.22,718.73,13.26
1,90.00,145,635.38,100.71,21.20
1,90.00,146,207.72,191.29,20.24
1,90.00,147,324.39,381.99,11.27
1,90.00,148,45.36,201.68,0.00
1,90.00,149,359.69,201.30,17.76
1,90.00,150,706.48,543.97,6.96
1,90.00,151,489.30,247.44,10.92
1,90.00,152,403.35,686.12,7.56
1,90.00,153,922.17,489.23,12.25
1,90.00,154,575.30,744.80,10.97
1,90.00,155,592.23,221.93,9.55
1,90.00,156,501.19,178.37,14.64
1,90.00,157,592.42,641.81,6.44
1,90.00,158,194.55,788.20,6.74
1,90.00,159,249.49,437.23,9.89
1,90.00,160,157.78,402.57,18.14
1,90.00,161,841.61,691.74,8.63
1,90.00,162,771.15,142.86,9.88
1,90.00,163,259.36,268.67,12.30
1,90.00,164,228.14,479.16,10.74
1,90.00,165,466.94,571.38,22.54
1,90.00,166,523.43,367.24,13.90
1,90.00,167,103.01,379.41,15.33
1,90.00,168,588.56,170.19,6.94
1,90.00,169,755.93,278.29,5.18
1,90.00,170,690.48,621.39,10.49
1,90.00,171,548.95,413.77,6.12
1,90.00,172,393.22,691.07,14.34
1,90.00,173,906.67,711.07,0.00
1,90.00,174,584.88,693.67,0.00
1,90.00,175,446.59,472.71,0.00
1,90.00,176,84.24,452.28,8.18
1,90.00,177,964.08,923.07,0.00
1,90.00,178,417.55,369.16,15.06
1,90.00,179,564.43,200.95,6.50
1,90.00,180,360.60,517.90,0.00
1,90.00,181,256.78,875.68,0.00
1,90.00,182,639.18,405.39,12.74
1,90.00,183,545.90,895.90,15.03
1,90.00,184,294.98,916.75,9.42
1,90.00,185,801.54,901.43,6.63
1,90.00,186,550.10,318.52,5.80
1,90.00,187,207.22,340.45,8.09
1,90.00,188,717.79,703.74,7.92
1,90.00,189,819.78,808.47,24.11
1,90.00,190,220.33,77.74,0.00
1,90.00,191,592.18,366.10,5.27
1,90.00,192,560.24,268.33,19.82
1,90.00,193,938.30,989.10,0.00
1,90.00,194,474.77,713.29,0.00
1,90.00,195,242.78,677.42,6.12
1,90.00,196,589.19,620.60,8.06
1,90.00,197,647.64,648.76,5.16
1,90.00,198,808.48,820.44,6.47
1,90.00,199,432.69,842.84,14.22
1,90.00,200,172.55,323.66,6.02
1,90.00,201,204.84,792.53,9.78
1,90.00,202,622.41,908.42,0.00
1,90.00,203,700.12,560.59,10.30
1,90.00,204,452.49,712.91,14.80
1,90.00,205,561.52,749.50,20.38
1,90.00,206,637.47,194.76,17.69
1,90.00,207,475.34,528.98,20.28
1,90.00,208,373.11,268.03,9.70
1,90.00,209,399.45,248.97,20.44
1,90.00,210,723.38,300.90,6.11
1,90.00,211,976.14,181.27,7.48
1,90.00,212,17.77,701.87,5.12
1,90.00,213,408.86,195.14,6.89
1,90.00,214,713.63,625.53,13.23
1,90.00,215,472.37,212.06,9.35
1,90.00,216,77.21,265.27,11.57
1,90.00,217,214.04,444.09,16.21
1,90.00,218,767.40,581.88,7.19
1,90.00,219,424.40,648.14,8.06
1,90.00,220,495.76,610.97,7.04
1,90.00,221,766.06,750.72,5.64
1,90.00,222,226.11,561.28,12.23
1,90.00,223,729.94,237.06,5.24
1,90.00,224,782.46,954.16,7.93
1,90.00,225,189.78,320.88,24.08
1,90.00,226,507.45,303.32,16.84
1,90.00,227,94.20,331.35,9.76
1,90.00,228,582.74,992.99,0.00
1,90.00,229,441.08,511.75,24.94
1,90.00,230,417.83,822.65,18.25
1,90.00,231,270.62,73.04,0.00
1,90.00,232,829.72,957.43,0.00
1,90.00,233,33.75,871.55,6.17
1,90.00,234,314.54,290.27,0.00
1,90.00,235,707.49,909.01,0.00
1,90.00,236,761.43,819.25,0.00
1,90.00,237,506.46,387.37,17.93
1,90.00,238,515.84,728.13,5.41
1,90.00,239,590.93,470.84,9.28
1,90.00,240,553.32,382.31,18.59
1,90.00,241,331.39,647.01,16.45
1,90.00,242,858.61,443.99,0.00
1,90.00,243,105.07,680.07,5.33
1,90.00,244,141.04,520.98,9.20
1,90.00,245,922.92,614.80,5.57
1,90.00,246,454.14,463.63,20.94
1,90.00,247,414.15,63.52,8.29
1,90.00,248,38.68,532.63,20.65
1,90.00,249,176.01,859.47,22.56
1,90.00,250,130.51,211.87,8.06
1,90.00,251,759.31,353.15,14.30
1,90.00,252,542.37,483.72,14.47
1,90.00,253,261.57,136.99,12.93
1,90.00,254,578.32,612.76,18.47
1,90.00,255,935.83,339.48,12.87
1,90.00,256,454.81,532.43,15.87
1,90.00,257,721.98,390.69,24.53
1,90.00,258,496.83,638.11,16.98
1,90.00,259,596.14,57.18,7.84
1,90.00,260,437.18,563.13,5.00
1,90.00,261,584.45,742.49,11.94
1,90.00,262,303.54,707.97,16.85
1,90.00,263,217.50,828.70,12.14
1,90.00,264,564.80,620.87,5.47
1,90.00,265,368.32,430.92,6.46
1,90.00,266,141.04,541.92,0.00
1,90.00,267,923.14,815.07,0.00
1,90.00,268,766.99,457.52,23.51
1,90.00,269,519.35,884.59,6.53
1,90.00,270,889.69,795.31,11.49
1,90.00,271,762.86,175.51,7.62
1,90.00,272,53.22,865.44,0.00
1,90.00,273,435.83,641.80,9.01
1,90.00,274,363.73,454.85,11.55
1,90.00,275,599.75,496.40,6.36
1,90.00,276,757.09,472.46,10.14
1,90.00,277,837.86,846.70,12.79
1,90.00,278,298.05,362.25,15.14
1,90.00,279,186.32,327.26,0.00
1,90.00,280,373.94,812.63,7.14
1,90.00,281,610.05,559.47,17.16
1,90.00,282,646.30,341.27,0.00
1,90.00,283,548.24,90.57,13.03
1,90.00,284,596.04,382.96,12.35
1,90.00,285,530.74,759.13,5.80
1,90.00,286,78.71,348.64,13.33
1,90.00,287,526.93,648.40,14.04
1,90.00,288,833.74,926.11,0.00
1,90.00,289,735.36,233.09,7.09
1,90.00,290,979.65,569.91,0.00
1,90.00,291,458.54,652.13,8.85
1,90.00,292,391.97,615.18,24.79
1,90.00,293,328.11,725.99,9.10
1,90.00,294,408.42,178.22,9.44
1,90.00,295,447.06,751.97,8.41
1,90.00,296,968.47,59.28,0.00
1,90.00,297,723.93,397.83,18.24
1,90.00,298,708.87,277.54,0.00
1,90.00,299,590.55,291.00,21.15
1,90.00,300,505.65,626.93,10.81
1,90.00,301,619.14,854.00,20.60
1,90.00,302,600.76,714.83,23.32
1,90.00,303,194.52,247.55,18.78
1,90.00,304,619.69,510.97,16.61
1,90.00,305,538.93,772.31,9.34
1,90.00,306,720.02,494.56,17.19
1,90.00,307,821.85,681.44,13.20
1,90.00,308,667.66,670.01,0.00
1,90.00,309,321.99,371.19,5.33
1,90.00,310,674.36,201.71,24.32
1,90.00,311,760.07,775.84,0.00
1,90.00,312,470.32,823.40,16.32
1,90.00,313,435.69,257.95,0.00
1,90.00,314,419.43,670.53,5.06
1,90.00,315,70.19,304.01,20.22
1,90.00,316,751.32,864.15,9.85
1,90.00,317,214.80,164.51,7.78
1,90.00,318,587.13,806.88,24.30
1,90.00,319,120.07,670.49,11.48
1,90.00,320,515.37,460.89,7.25
1,90.00,321,582.75,220.26,9.93
1,90.00,322,861.15,119.87,23.60
1,90.00,323,647.05,902.38,0.00
1,90.00,324,431.47,563.15,6.63
1,90.00,325,797.36,269.42,10.37
1,90.00,326,535.85,523.97,7.35
1,90.00,327,312.92,222.73,8.96
1,90.00,328,861.92,583.82,11.68
1,90.00,329,542.84,157.28,21.94
1,90.00,330,816.01,541.20,11.44
1,90.00,331,928.50,878.23,10.56
1,90.00,332,404.70,805.98,12.65
1,90.00,333,291.07,190.74,0.00
1,90.00,334,592.62,794.15,14.45
1,90.00,335,672.53,745.59,17.21
1,90.00,336,507.77,632.78,11.73
1,90.00,337,293.91,996.30,0.00
1,90.00,338,915.21,474.49,10.24
1,90.00,339,595.25,680.27,13.91
1,90.00,340,243.04,536.22,19.45
1,90.00,341,839.34,228.35,10.03
1,90.00,342,252.92,104.65,16.11
1,90.00,343,371.47,319.62,7.55
1,90.00,344,219.10,522.50,21.59
1,90.00,345,350.55,287.77,22.11
1,90.00,346,315.86,377.28,0.00
1,90.00,347,733.69,302.99,24.32
1,90.00,348,616.28,437.11,6.76
1,90.00,349,225.81,665.20,7.54
1,90.00,350,723.38,321.13,0.00
1,90.00,351,365.30,319.03,16.39
1,90.00,352,985.28,588.78,0.00
1,90.00,353,474.18,850.68,16.54
1,90.00,354,370.58,558.06,15.49
1,90.00,355,270.66,287.74,10.11
1,90.00,356,139.11,93.91,5.11
1,90.00,357,86.05,415.80,13.39
1,90.00,358,122.80,837.36,9.03
1,90.00,359,300.78,696.89,5.74
1,90.00,360,151.97,167.49,0.00
1,90.00,361,233.57,390.90,17.71
1,90.00,362,457.18,748.33,9.65
1,90.00,363,491.10,382.61,23.53
1,90.00,364,432.96,711.22,6.28
1,90.00,365,743.46,804.56,9.36
1,90.00,366,154.11,187.82,9.89
1,90.00,367,633.48,193.88,14.22
1,90.00,368,38.33,765.57,6.61
1,90.00,369,167.93,601.73,7.67
1,90.00,370,615.52,155.40,24.12
1,90.00,371,939.22,114.32,10.46
1,90.00,372,582.57,550.25,9.13
1,90.00,373,435.98,500.19,18.64
1,90.00,374,389.33,68.83,14.27
1,90.00,375,736.50,497.97,6.19
1,90.00,376,269.97,26.17,10.85
1,90.00,377,951.43,434.88,19.28
1,90.00,378,330.37,306.30,7.20
1,90.00,379,90.82,572.16,0.00
1,90.00,380,153.11,465.77,18.01
1,90.00,381,674.63,232.58,5.09
1,90.00,382,765.27,826.35,5.76
1,90.00,383,185.46,737.33,9.96
1,90.00,384,580.10,308.95,0.00
1,90.00,385,646.43,698.00,9.63
1,90.00,386,169.58,155.39,0.00
1,90.00,387,338.15,858.24,6.84
1,90.00,388,125.05,558.48,9.25
1,90.00,389,444.43,679.81,7.05
1,90.00,390,514.29,19.17,0.00
1,90.00,391,317.08,627.54,12.02
1,90.00,392,362.96,993.75,9.79
1,90.00,393,898.81,334.64,7.59
1,90.00,394,402.31,823.55,15.55
1,90.00,395,464.64,689.78,12.98
1,90.00,396,71.95,644.41,0.00
1,90.00,397,230.41,526.62,21.57
1,90.00,398,632.74,680.37,15.18
1,90.00,399,635.30,555.61,22.97
1,100.00,0,784.09,548.99,19.56
1,100.00,1,472.25,590.11,17.85
1,100.00,2,572.12,423.75,6.43
1,100.00,3,993.32,637.46,0.00
1,100.00,4,397.44,599.82,7.15
1,100.00,5,203.94,885.12,11.34
1,100.00,6,772.67,793.77,7.64
1,100.00,7,859.31,460.23,5.79
1,100.00,8,549.61,510.16,17.87
1,100.00,9,824.16,492.36,7.44
1,100.00,10,716.00,629.25,18.48
1,100.00,11,424.16,227.94,9.36
1,100.00,12,117.89,309.86,9.48
1,100.00,13,221.01,578.03,12.39
1,100.00,14,284.53,362.11,0.00
1,100.00,15,339.57,277.08,9.81
1,100.00,16,707.25,270.46,15.96
1,100.00,17,137.39,958.86,6.75
1,100.00,18,989.53,676.87,0.00
1,100.00,19,818.48,370.67,20.80
1,100.00,20,882.64,581.72,9.22
1,100.00,21,586.33,915.53,8.20
1,100.00,22,723.20,407.95,18.11
1,100.00,23,590.16,531.49,23.78
1,100.00,24,312.03,736.52,0.00
1,100.00,25,923.06,234.99,14.48
1,100.00,26,453.38,443.39,13.38
1,100.00,27,529.51,525.35,16.59
1,100.00,28,351.10,579.26,10.08
1,100.00,29,385.09,235.24,0.00
1,100.00,30,189.51,51.47,15.26
1,100.00,31,469.69,729.29,6.11
1,100.00,32,340.87,578.77,11.14
1,100.00,33,962.05,439.88,6.69
1,100.00,34,928.08,679.21,7.69
1,100.00,35,562.19,415.51,7.38
1,100.00,36,392.00,203.61,13.62
1,100.00,37,793.19,811.62,9.72
1,100.00,38,536.63,612.72,18.94
1,100.00,39,236.37,778.53,7.35
1,100.00,40,825.72,228.07,11.22
1,100.00,41,517.63,1.01,0.00
1,100.00,42,894.90,358.61,7.54
1,100.00,43,831.46,459.72,22.89
1,100.00,44,791.29,95.73,0.00
1,100.00,45,539.97,494.33,7.28
1,100.00,46,334.08,262.37,0.00
1,100.00,47,619.07,851.85,9.84
1,100.00,48,876.11,359.79,7.36
1,100.00,49,89.07,269.68,11.70
1,100.00,50,822.47,23.83,0.00
1,100.00,51,325.28,83.62,5.24
1,100.00,52,323.04,687.89,11.29
1,100.00,53,318.58,620.24,12.77
1,100.00,54,510.13,329.68,18.03
1,100.00,55,358.97,357.12,0.00
1,100.00,56,425.39,609.24,13.06
1,100.00,57,357.85,62.28,18.89
1,100.00,58,648.07,559.76,12.72
1,100.00,59,868.79,439.27,8.04
1,100.00,60,835.52,680.86,14.89
1,100.00,61,452.00,162.36,17.89
1,100.00,62,324.69,460.00,6.18
1,100.00,63,663.39,548.89,8.85
1,100.00,64,847.98,517.41,5.50
1,100.00,65,31.98,354.61,0.00
1,100.00,66,759.82,437.65,10.94
1,100.00,67,606.26,73.10,13.37
1,100.00,68,382.75,623.37,14.65
1,100.00,69,952.59,930.96,0.00
1,100.00,70,273.60,663.51,0.00
1,100.00,71,528.06,397.77,20.35
1,100.00,72,307.24,784.88,0.00
1,100.00,73,38.27,103.96,0.00
1,100.00,74,572.18,774.32,18.63
1,100.00,75,571.19,659.61,19.18
1,100.00,76,247.44,281.43,10.46
1,100.00,77,517.88,394.46,14.90
1,100.00,78,62.47,463.61,0.00
1,100.00,79,556.89,470.63,9.11
1,100.00,80,128.78,234.08,8.82
1,100.00,81,490.22,365.38,12.76
1,100.00,82,331.99,448.14,6.05
1,100.00,83,681.04,669.24,5.28
1,100.00,84,408.89,373.49,5.50
1,100.00,85,130.40,473.31,14.31
1,100.00,86,986.81,887.38,0.00
1,100.00,87,458.10,761.18,0.00
1,100.00,88,439.10,361.60,0.00
1,100.00,89,270.28,323.06,8.84
1,100.00,90,846.42,139.45,0.00
1,100.00,91,356.81,650.55,5.99
1,100.00,92,676.54,407.82,21.74
1,100.00,93,759.45,750.97,18.77
1,100.00,94,372.24,434.83,24.56
1,100.00,95,862.28,693.14,0.00
1,100.00,96,97.91,199.00,5.30
1,100.00,97,202.60,946.89,0.00
1,100.00,98,610.25,584.56,15.77
1,100.00,99,199.20,105.65,0.00
1,100.00,100,615.48,362.43,13.31
1,100.00,101,611.76,848.98,13.27
1,100.00,102,536.84,494.18,5.40
1,100.00,103,772.45,963.04,22.64
1,100.00,104,341.96,568.67,6.83
1,100.00,105,576.70,683.46,16.99
1,100.00,106,180.30,194.59,6.71
1,100.00,107,293.67,642.51,7.96
1,100.00,108,676.60,442.87,5.23
1,100.00,109,141.29,336.24,0.00
1,100.00,110,796.95,464.90,9.76
1,100.00,111,659.11,55.88,11.68
1,100.00,112,969.71,221.54,0.00
1,100.00,113,823.19,262.53,21.67
1,100.00,114,877.46,587.83,9.47
1,100.00,115,565.42,595.51,9.46
1,100.00,116,161.78,226.87,10.64
1,100.00,117,209.11,639.48,0.00
1,100.00,118,444.44,184.69,6.08
1,100.00,119,279.28,191.35,13.67
1,100.00,120,385.85,435.75,13.29
1,100.00,121,431.01,691.94,13.33
1,100.00,122,439.88,539.22,13.18
1,100.00,123,263.00,409.74,10.28
1,100.00,124,201.22,653.85,0.00
1,100.00,125,659.62,821.88,11.31
1,100.00,126,263.63,390.12,7.42
1,100.00,127,483.33,816.11,5.41
1,100.00,128,603.99,712.57,0.00
1,100.00,129,899.90,353.04,13.14
1,100.00,130,412.22,493.94,21.30
1,100.00,131,693.53,269.40,19.64
1,100.00,132,629.68,744.38,16.88
1,100.00,133,147.80,695.08,0.00
1,100.00,134,496.27,318.76,11.48
1,100.00,135,742.98,789.60,16.67
1,100.00,136,709.22,627.87,11.10
1,100.00,137,185.97,484.16,5.94
1,100.00,138,527.91,851.81,0.00
1,100.00,139,694.45,240.93,8.09
1,100.00,140,447.25,535.43,18.97
1,100.00,141,332.99,660.04,8.62
1,100.00,142,474.49,420.25,0.00
1,100.00,143,737.31,362.86,10.85
1,100.00,144,597.16,784.90,13.26
1,100.00,145,843.37,59.50,21.20
1,100.00,146,301.33,370.79,20.24
1,100.00,147,378.67,343.67,0.00
1,100.00,148,57.53,260.48,24.14
1,100.00,149,474.50,336.84,17.76
1,100.00,150,678.23,480.33,6.96
1,100.00,151,386.96,209.50,10.92
1,100.00,152,394.37,761.19,7.56
1,100.00,153,957.71,371.99,12.25
1,100.00,154,575.45,739.33,0.00
1,100.00,155,646.49,143.39,9.55
1,100.00,156,414.72,296.55,14.64
1,100.00,157,542.79,600.72,6.44
1,100.00,158,244.35,833.67,6.74
1,100.00,159,269.99,340.53,9.89
1,100.00,160,338.69,389.04,18.14
1,100.00,161,876.21,770.77,8.63
1,100.00,162,835.31,67.67,9.88
1,100.00,163,167.06,187.42,12.30
1,100.00,164,180.00,383.16,10.74
1,100.00,165,691.90,556.61,22.54
1,100.00,166,506.44,460.80,0.00
1,100.00,167,122.90,238.57,0.00
1,100.00,168,657.40,161.48,6.94
1,100.00,169,771.09,327.84,5.18
1,100.00,170,783.42,572.70,10.49
1,100.00,171,527.74,356.41,6.12
1,100.00,172,292.85,786.68,0.00
1,100.00,173,775.77,553.50,24.67
1,100.00,174,556.32,712.99,5.93
1,100.00,175,443.03,479.59,9.25
1,100.00,176,109.18,530.18,8.18
1,100.00,177,805.40,910.95,17.50
1,100.00,178,478.37,231.35,15.06
1,100.00,179,500.15,191.20,6.50
1,100.00,180,404.13,551.45,21.38
1,100.00,181,255.57,831.91,10.61
1,100.00,182,740.09,327.69,12.74
1,100.00,183,440.79,796.23,0.00
1,100.00,184,221.25,858.05,9.42
1,100.00,185,815.98,966.10,6.63
1,100.00,186,605.32,300.94,5.80
1,100.00,187,286.56,324.63,8.09
1,100.00,188,792.04,731.33,7.92
1,100.00,189,974.57,833.84,0.00
1,100.00,190,233.69,114.91,5.82
1,100.00,191,539.86,360.20,5.27
1,100.00,192,505.94,83.10,0.00
1,100.00,193,817.82,985.40,13.42
1,100.00,194,447.71,571.83,19.69
1,100.00,195,246.55,738.54,6.12
1,100.00,196,515.14,588.77,8.06
1,100.00,197,607.52,681.22,5.16
1,100.00,198,821.31,881.63,0.00
1,100.00,199,475.34,877.07,0.00
1,100.00,200,196.18,379.02,6.02
1,100.00,201,281.77,852.91,9.78
1,100.00,202,518.29,816.96,17.68
1,100.00,203,748.77,526.14,0.00
1,100.00,204,565.52,617.40,14.80
1,100.00,205,359.05,772.94,20.38
1,100.00,206,548.70,347.82,17.69
1,100.00,207,503.91,405.87,0.00
1,100.00,208,293.31,323.23,9.70
1,100.00,209,289.40,127.34,0.00
1,100.00,210,775.16,268.41,6.11
1,100.00,211,969.52,255.80,7.48
1,100.00,212,32.56,652.85,5.12
1,100.00,213,343.91,172.12,6.89
1,100.00,214,586.37,661.52,13.23
1,100.00,215,489.07,304.07,9.35
1,100.00,216,190.62,288.23,11.57
1,100.00,217,345.96,538.37,16.21
1,100.00,218,769.26,653.76,7.19
1,100.00,219,473.20,712.31,8.06
1,100.00,220,489.93,639.16,0.00
1,100.00,221,789.00,802.19,5.64
1,100.00,222,181.85,447.30,12.23
1,100.00,223,747.82,187.84,5.24
1,100.00,224,790.28,875.29,7.93
1,100.00,225,195.03,312.63,0.00
1,100.00,226,658.39,228.57,16.84
1,100.00,227,64.98,330.08,0.00
1,100.00,228,477.13,886.26,16.73
1,100.00,229,529.42,473.17,0.00
1,100.00,230,565.22,714.98,18.25
1,100.00,231,300.88,107.60,20.98
1,100.00,232,730.78,938.01,10.10
1,100.00,233,51.56,812.50,6.17
1,100.00,234,389.23,366.16,16.26
1,100.00,235,837.29,869.16,19.74
1,100.00,236,640.82,716.37,17.48
1,100.00,237,508.15,566.69,17.93
1,100.00,238,480.04,687.59,5.41
1,100.00,239,673.22,513.81,9.28
1,100.00,240,399.30,278.18,18.59
1,100.00,241,368.94,653.07,0.00
1,100.00,242,778.36,380.67,14.71
1,100.00,243,86.65,730.04,5.33
1,100.00,244,77.89,556.39,0.00
1,100.00,245,917.18,670.21,5.57
1,100.00,246,335.26,291.30,20.94
1,100.00,247,395.42,8.61,0.00
1,100.00,248,23.82,539.87,0.00
1,100.00,249,77.85,656.30,22.56
1,100.00,250,150.51,289.96,8.06
1,100.00,251,763.80,339.76,0.00
1,100.00,252,412.98,548.54,14.47
1,100.00,253,375.36,75.56,12.93
1,100.00,254,704.63,478.06,18.47
1,100.00,255,992.42,317.39,0.00
1,100.00,256,612.93,518.38,15.87
1,100.00,257,745.70,379.86,0.00
1,100.00,258,416.73,787.86,16.98
1,100.00,259,595.34,92.21,0.00
1,100.00,260,471.59,526.84,5.00
1,100.00,261,686.61,804.32,11.94
1,100.00,262,355.56,547.66,16.85
1,100.00,263,168.51,939.79,12.14
1,100.00,264,533.33,576.17,5.47
1,100.00,265,389.09,369.71,6.46
1,100.00,266,138.04,590.45,12.76
1,100.00,267,863.56,787.92,12.54
1,100.00,268,623.69,643.94,23.51
1,100.00,269,454.53,892.17,6.53
1,100.00,270,865.33,683.06,11.49
1,100.00,271,834.63,149.94,7.62
1,100.00,272,115.65,680.00,21.44
1,100.00,273,356.49,684.58,9.01
1,100.00,274,476.53,430.08,11.55
1,100.00,275,656.12,525.87,6.36
1,100.00,276,850.06,432.07,10.14
1,100.00,277,841.87,718.88,12.79
1,100.00,278,428.96,438.24,15.14
1,100.00,279,205.23,343.83,16.95
1,100.00,280,435.34,849.10,7.14
1,100.00,281,677.11,514.77,0.00
1,100.00,282,638.74,351.37,21.87
1,100.00,283,564.94,49.73,0.00
1,100.00,284,698.49,314.01,12.35
1,100.00,285,473.91,770.95,5.80
1,100.00,286,132.71,254.17,0.00
1,100.00,287,545.50,682.22,0.00
1,100.00,288,723.02,787.17,22.95
1,100.00,289,736.12,231.69,0.00
1,100.00,290,854.52,501.07,19.14
1,100.00,291,386.83,600.33,8.85
1,100.00,292,242.93,651.01,0.00
1,100.00,293,407.61,681.72,9.10
1,100.00,294,483.63,235.23,9.44
1,100.00,295,436.78,835.40,8.41
1,100.00,296,967.37,59.94,8.37
1,100.00,297,787.04,568.97,18.24
1,100.00,298,516.57,199.47,23.33
1,100.00,299,380.02,270.69,21.15
1,100.00,300,400.19,650.78,10.81
1,100.00,301,556.18,657.85,20.60
1,100.00,302,368.26,732.95,23.32
1,100.00,303,193.90,247.28,0.00
1,100.00,304,493.50,403.03,16.61
1,100.00,305,598.32,844.43,9.34
1,100.00,306,614.55,630.32,17.19
1,100.00,307,819.86,549.41,13.20
1,100.00,308,650.40,669.44,5.81
1,100.00,309,330.52,383.05,0.00
1,100.00,310,685.84,444.61,24.32
1,100.00,311,634.72,692.36,17.84
1,100.00,312,414.12,826.51,0.00
1,100.00,313,236.96,331.52,24.34
1,100.00,314,427.60,620.57,5.06
1,100.00,315,34.47,306.94,0.00
1,100.00,316,676.08,927.67,9.85
1,100.00,317,278.20,209.61,7.78
1,100.00,318,531.35,841.58,0.00
1,100.00,319,103.36,556.94,11.48
1,100.00,320,504.46,389.23,7.25
1,100.00,321,520.21,297.44,9.93
1,100.00,322,715.71,305.71,23.60
1,100.00,323,705.11,963.47,0.00
1,100.00,324,443.80,628.32,6.63
1,100.00,325,795.15,373.09,10.37
1,100.00,326,575.04,461.77,7.35
1,100.00,327,355.53,301.55,8.96
1,100.00,328,745.57,594.39,11.68
1,100.00,329,753.74,217.86,21.94
1,100.00,330,760.33,441.32,11.44
1,100.00,331,865.54,793.43,10.56
1,100.00,332,456.34,894.30,0.00
1,100.00,333,306.98,259.81,10.79
1,100.00,334,458.27,740.89,14.45
1,100.00,335,745.14,758.95,0.00
1,100.00,336,498.36,629.41,0.00
1,100.00,337,397.24,934.66,0.00
1,100.00,338,955.31,479.74,0.00
1,100.00,339,554.54,689.45,0.00
1,100.00,340,370.90,682.78,19.45
1,100.00,341,825.38,327.68,10.03
1,100.00,342,407.74,149.06,16.11
1,100.00,343,420.69,376.91,7.55
1,100.00,344,341.20,700.57,21.59
1,100.00,345,214.85,340.19,0.00
1,100.00,346,270.44,446.24,9.14
1,100.00,347,731.85,309.46,0.00
1,100.00,348,668.67,394.33,6.76
1,100.00,349,201.79,736.67,7.54
1,100.00,350,714.45,343.59,6.91
1,100.00,351,499.71,412.77,16.39
1,100.00,352,948.91,624.68,22.96
1,100.00,353,386.37,710.52,16.54
1,100.00,354,523.29,583.74,15.49
1,100.00,355,271.22,239.76,0.00
1,100.00,356,189.62,101.49,5.11
1,100.00,357,217.92,392.79,13.39
1,100.00,358,124.58,927.62,9.03
1,100.00,359,243.51,700.89,5.74
1,100.00,360,160.10,204.13,5.48
1,100.00,361,60.87,351.66,17.71
1,100.00,362,517.94,673.39,9.65
1,100.00,363,275.41,476.76,23.53
1,100.00,364,391.24,664.31,6.28
1,100.00,365,788.53,886.56,9.36
1,100.00,366,190.88,96.05,9.89
1,100.00,367,508.87,125.43,14.22
1,100.00,368,36.77,831.62,6.61
1,100.00,369,221.43,656.70,7.67
1,100.00,370,680.17,387.78,24.12
1,100.00,371,910.46,214.90,10.46
1,100.00,372,625.73,630.67,9.13
1,100.00,373,543.44,347.86,18.64
1,100.00,374,531.96,74.55,14.27
1,100.00,375,793.08,472.88,6.19
1,100.00,376,244.12,6.99,0.00
1,100.00,377,953.19,435.21,0.00
1,100.00,378,344.29,376.98,7.20
1,100.00,379,220.05,610.15,19.37
1,100.00,380,308.44,556.92,18.01
1,100.00,381,660.52,281.43,5.09
1,100.00,382,741.32,773.99,5.76
1,100.00,383,273.02,784.80,9.96
1,100.00,384,581.49,322.33,19.50
1,100.00,385,678.30,607.12,9.63
1,100.00,386,183.27,170.96,9.89
1,100.00,387,395.38,895.68,6.84
1,100.00,388,143.32,467.80,9.25
1,100.00,389,481.18,739.98,7.05
1,100.00,390,505.08,37.07,18.76
1,100.00,391,285.59,511.50,12.02
1,100.00,392,426.25,919.02,9.79
1,100.00,393,838.87,381.22,7.59
1,100.00,394,349.63,905.05,0.00
1,100.00,395,338.30,719.37,12.98
1,100.00,396,112.25,612.96,5.88
1,100.00,397,151.35,727.27,21.57
1,100.00,398,726.65,799.57,15.18
1,100.00,399,603.75,652.35,0.00
1,110.00,0,639.24,417.59,19.56
1,110.00,1,626.02,499.48,17.85
1,110.00,2,597.79,401.28,0.00
1,110.00,3,893.57,653.95,23.85
1,110.00,4,330.29,575.18,7.15
1,110.00,5,96.09,920.23,11.34
1,110.00,6,796.92,866.22,7.64
1,110.00,7,829.97,410.27,5.79
1,110.00,8,435.81,372.41,17.87
1,110.00,9,864.58,554.79,7.44
1,110.00,10,752.16,760.56,0.00
1,110.00,11,354.12,165.87,9.36
1,110.00,12,78.10,223.86,9.48
1,110.00,13,114.13,515.38,12.39
1,110.00,14,254.81,355.46,15.67
1,110.00,15,361.47,372.69,9.81
1,110.00,16,569.81,351.58,15.96
1,110.00,17,204.90,960.19,6.75
1,110.00,18,968.61,649.57,10.92
1,110.00,19,894.90,564.11,20.80
1,110.00,20,891.60,489.97,9.22
1,110.00,21,580.54,926.28,0.00
1,110.00,22,856.74,479.52,0.00
1,110.00,23,428.34,357.30,23.78
1,110.00,24,370.09,695.72,16.37
1,110.00,25,779.82,213.85,14.48
1,110.00,26,574.46,500.34,13.38
1,110.00,27,401.33,630.67,16.59
1,110.00,28,287.41,501.13,10.08
1,110.00,29,426.00,251.85,7.87
1,110.00,30,249.79,191.64,15.26
1,110.00,31,493.80,785.43,6.11
1,110.00,32,408.92,666.94,11.14
1,110.00,33,987.92,441.93,0.00
1,110.00,34,869.29,629.60,7.69
1,110.00,35,599.52,351.80,7.38
1,110.00,36,478.35,308.89,13.62
1,110.00,37,859.62,882.60,9.72
1,110.00,38,722.18,650.89,18.94
1,110.00,39,163.35,770.39,7.35
1,110.00,40,716.74,254.94,11.22
1,110.00,41,506.34,22.35,9.66
1,110.00,42,914.50,285.83,7.54
1,110.00,43,830.34,438.04,0.00
1,110.00,44,761.48,110.17,6.77
1,110.00,45,595.83,447.61,7.28
1,110.00,46,321.41,285.34,14.61
1,110.00,47,521.01,860.53,9.84
1,110.00,48,805.46,380.48,7.36
1,110.00,49,14.86,217.61,0.00
1,110.00,50,797.05,57.02,14.16
1,110.00,51,311.06,134.02,5.24
1,110.00,52,254.51,598.15,11.29
1,110.00,53,445.52,634.08,12.77
1,110.00,54,538.67,507.69,18.03
1,110.00,55,312.97,449.85,20.60
1,110.00,56,311.98,673.94,13.06
1,110.00,57,546.49,52.36,18.89
1,110.00,58,743.30,475.45,12.72
1,110.00,59,942.97,408.23,8.04
1,110.00,60,868.58,826.08,14.89
1,110.00,61,433.48,340.26,17.89
1,110.00,62,279.90,417.44,6.18
1,110.00,63,683.85,596.67,0.00
1,110.00,64,848.42,572.37,5.50
1,110.00,65,83.67,336.08,6.10
1,110.00,66,798.19,335.22,10.94
1,110.00,67,643.64,13.49,0.00
1,110.00,68,504.90,704.32,14.65
1,110.00,69,903.36,930.28,12.40
1,110.00,70,355.48,688.90,18.71
1,110.00,71,434.90,342.25,0.00
1,110.00,72,417.96,791.29,22.39
1,110.00,73,153.99,192.63,23.09
1,110.00,74,535.73,957.05,18.63
1,110.00,75,610.02,587.60,0.00
1,110.00,76,335.18,338.37,10.46
1,110.00,77,583.89,528.02,14.90
1,110.00,78,92.53,479.21,14.47
1,110.00,79,467.47,488.06,9.11
1,110.00,80,62.71,175.69,8.82
1,110.00,81,444.39,393.02,0.00
1,110.00,82,273.62,464.01,6.05
1,110.00,83,724.74,698.86,5.28
1,110.00,84,358.38,395.26,5.50
1,110.00,85,273.47,469.62,14.31
1,110.00,86,928.58,965.04,11.92
1,110.00,87,441.76,738.75,5.30
1,110.00,88,439.12,363.70,16.39
1,110.00,89,271.52,234.65,8.84
1,110.00,90,641.10,135.25,21.92
1,110.00,91,405.73,616.01,5.99
1,110.00,92,732.52,556.86,0.00
1,110.00,93,873.45,852.13,0.00
1,110.00,94,264.95,510.20,0.00
1,110.00,95,849.43,694.21,12.78
1,110.00,96,137.75,164.07,5.30
1,110.00,97,242.74,901.53,13.20
1,110.00,98,717.27,468.74,15.77
1,110.00,99,205.54,108.22,23.32
1,110.00,100,647.70,332.59,0.00
1,110.00,101,743.03,868.26,13.27
1,110.00,102,589.12,480.85,5.40
1,110.00,103,837.07,746.10,22.64
1,110.00,104,277.36,590.86,6.83
1,110.00,105,704.35,783.18,0.00
1,110.00,106,187.87,127.88,6.71
1,110.00,107,241.44,702.61,7.96
1,110.00,108,728.73,438.86,5.23
1,110.00,109,187.07,366.61,9.66
1,110.00,110,866.80,533.02,9.76
1,110.00,111,665.84,172.47,11.68
1,110.00,112,837.43,258.40,16.14
1,110.00,113,921.42,332.38,0.00
1,110.00,114,895.07,494.77,9.47
1,110.00,115,499.62,527.53,9.46
1,110.00,116,218.03,317.15,10.64
1,110.00,117,308.17,539.63,20.38
1,110.00,118,384.95,172.03,6.08
1,110.00,119,255.86,91.96,0.00
1,110.00,120,255.12,411.84,13.29
1,110.00,121,390.49,818.96,13.33
1,110.00,122,537.15,628.21,13.18
1,110.00,123,193.66,333.82,10.28
1,110.00,124,189.17,620.54,23.81
1,110.00,125,634.19,711.71,11.31
1,110.00,126,337.84,387.87,7.42
1,110.00,127,528.63,786.53,5.41
1,110.00,128,508.02,640.84,17.54
1,110.00,129,913.54,222.35,13.14
1,110.00,130,461.03,530.57,0.00
1,110.00,131,836.29,404.27,19.64
1,110.00,132,703.81,841.59,0.00
1,110.00,133,128.90,662.88,14.19
1,110.00,134,534.94,426.88,11.48
1,110.00,135,587.72,728.82,16.67
1,110.00,136,625.54,554.91,11.10
1,110.00,137,190.88,543.40,5.94
1,110.00,138,560.52,825.46,7.36
1,110.00,139,703.96,227.46,0.00
1,110.00,140,376.57,379.73,0.00
1,110.00,141,279.38,592.54,8.62
1,110.00,142,442.38,400.47,21.11
1,110.00,143,812.23,441.40,10.85
1,110.00,144,712.09,851.06,13.26
1,110.00,145,951.24,38.12,0.00
1,110.00,146,394.94,550.29,20.24
1,110.00,147,404.94,334.46,6.78
1,110.00,148,106.47,496.91,24.14
1,110.00,149,589.31,472.37,17.76
1,110.00,150,649.97,416.69,6.96
1,110.00,151,284.61,171.56,10.92
1,110.00,152,385.39,836.27,7.56
1,110.00,153,984.78,282.68,0.00
1,110.00,154,688.35,916.51,22.11
1,110.00,155,700.74,64.86,9.55
1,110.00,156,328.24,414.73,14.64
1,110.00,157,493.16,559.63,6.44
1,110.00,158,284.44,870.27,0.00
1,110.00,159,290.49,243.82,9.89
1,110.00,160,519.60,375.51,18.14
1,110.00,161,910.82,849.80,8.63
1,110.00,162,845.67,55.53,0.00
1,110.00,163,102.14,130.27,0.00
1,110.00,164,131.86,287.17,10.74
1,110.00,165,718.77,554.85,0.00
1,110.00,166,469.81,467.44,11.79
1,110.00,167,116.91,254.69,23.87
1,110.00,168,726.24,152.76,6.94
1,110.00,169,786.25,377.39,5.18
1,110.00,170,876.35,524.00,10.49
1,110.00,171,506.53,299.05,6.12
1,110.00,172,295.20,792.06,17.47
1,110.00,173,618.14,363.77,24.67
1,110.00,174,507.21,746.21,5.93
1,110.00,175,414.67,534.50,0.00
1,110.00,176,134.11,608.07,8.18
1,110.00,177,775.56,908.67,0.00
1,110.00,178,509.15,161.62,0.00
1,110.00,179,435.87,181.45,6.50
1,110.00,180,573.47,681.97,21.38
1,110.00,181,252.64,725.85,10.61
1,110.00,182,841.01,249.99,12.74
1,110.00,183,444.50,798.92,12.57
1,110.00,184,207.79,847.34,0.00
1,110.00,185,823.39,999.27,0.00
1,110.00,186,660.54,283.36,5.80
1,110.00,187,365.90,308.81,8.09
1,110.00,188,828.04,744.71,0.00
1,110.00,189,950.77,782.29,16.25
1,110.00,190,253.37,169.69,5.82
1,110.00,191,487.53,354.29,5.27
1,110.00,192,508.00,88.29,21.31
1,110.00,193,683.65,981.28,13.42
1,110.00,194,410.73,378.46,19.69
1,110.00,195,250.32,799.67,6.12
1,110.00,196,441.09,556.94,8.06
1,110.00,197,567.41,713.69,5.16
1,110.00,198,816.90,876.07,20.81
1,110.00,199,522.43,842.81,9.46
1,110.00,200,219.81,434.38,6.02
1,110.00,201,358.71,913.30,9.78
1,110.00,202,385.48,700.32,17.68
1,110.00,203,755.93,566.99,9.85
1,110.00,204,678.56,521.89,14.80
1,110.00,205,258.89,784.54,0.00
1,110.00,206,459.94,500.89,17.69
1,110.00,207,520.46,469.95,0.00
1,110.00,208,292.44,323.83,0.00
1,110.00,209,300.31,137.48,7.55
1,110.00,210,826.93,235.92,6.11
1,110.00,211,962.90,330.33,7.48
1,110.00,212,47.36,603.84,5.12
1,110.00,213,278.96,149.11,6.89
1,110.00,214,459.11,697.50,13.23
1,110.00,215,505.76,396.07,9.35
1,110.00,216,304.03,311.20,11.57
1,110.00,217,477.88,632.65,16.21
1,110.00,218,771.11,725.65,7.19
1,110.00,219,522.01,776.47,8.06
1,110.00,220,448.38,682.40,10.14
1,110.00,221,811.95,853.67,5.64
1,110.00,222,137.59,333.31,12.23
1,110.00,223,752.37,175.30,0.00
1,110.00,224,798.10,796.42,7.93
1,110.00,225,235.57,349.63,5.72
1,110.00,226,809.33,153.82,16.84
1,110.00,227,135.75,464.37,21.67
1,110.00,228,359.43,767.30,16.73
1,110.00,229,493.76,413.63,11.31
1,110.00,230,712.61,607.32,18.25
1,110.00,231,439.08,265.43,20.98
1,110.00,232,631.63,918.55,10.10
1,110.00,233,69.37,753.44,6.17
1,110.00,234,503.29,482.06,16.26
1,110.00,235,915.48,845.14,0.00
1,110.00,236,507.86,602.95,17.48
1,110.00,237,509.29,687.97,0.00
1,110.00,238,444.23,647.05,5.41
1,110.00,239,755.51,556.79,9.28
1,110.00,240,245.28,174.05,18.59
1,110.00,241,417.27,775.21,17.09
1,110.00,242,662.87,289.55,14.71
1,110.00,243,68.22,780.02,5.33
1,110.00,244,107.33,564.96,14.41
1,110.00,245,911.44,725.62,5.57
1,110.00,246,216.38,118.96,20.94
1,110.00,247,360.24,24.31,12.83
1,110.00,248,157.75,456.71,17.14
1,110.00,249,15.87,528.01,0.00
1,110.00,250,161.95,334.62,0.00
1,110.00,251,669.48,538.71,24.43
1,110.00,252,283.60,613.36,14.47
1,110.00,253,391.99,66.58,0.00
1,110.00,254,830.95,343.36,18.47
1,110.00,255,861.94,316.41,24.71
1,110.00,256,771.04,504.34,15.87
1,110.00,257,676.85,496.29,15.14
1,110.00,258,401.44,816.45,0.00
1,110.00,259,587.35,123.78,5.89
1,110.00,260,506.00,490.54,5.00
1,110.00,261,788.77,866.15,11.94
1,110.00,262,370.44,501.82,0.00
1,110.00,263,161.01,956.80,0.00
1,110.00,264,501.86,531.47,5.47
1,110.00,265,409.86,308.50,6.46
1,110.00,266,130.17,717.77,12.76
1,110.00,267,749.42,735.92,12.54
1,110.00,268,480.39,830.36,23.51
1,110.00,269,389.71,899.76,6.53
1,110.00,270,840.97,570.82,11.49
1,110.00,271,906.41,124.37,7.62
1,110.00,272,148.40,582.71,0.00
1,110.00,273,277.16,727.37,9.01
1,110.00,274,589.33,405.31,11.55
1,110.00,275,712.50,555.35,6.36
1,110.00,276,915.03,403.84,0.00
1,110.00,277,845.88,591.05,12.79
1,110.00,278,537.51,501.26,0.00
1,110.00,279,332.78,455.51,16.95
1,110.00,280,496.74,885.57,7.14
1,110.00,281,651.21,532.57,5.92
1,110.00,282,507.71,526.43,21.87
1,110.00,283,580.26,84.05,5.68
1,110.00,284,800.94,245.05,12.35
1,110.00,285,417.08,782.77,5.80
1,110.00,286,122.97,295.18,22.97
1,110.00,287,589.70,732.97,9.28
1,110.00,288,580.02,607.73,22.95
1,110.00,289,716.69,319.45,9.20
1,110.00,290,686.82,408.82,19.14
1,110.00,291,315.12,548.52,8.85
1,110.00,292,294.89,599.17,19.23
1,110.00,293,487.10,637.45,9.10
1,110.00,294,558.83,292.23,9.44
1,110.00,295,431.71,876.48,0.00
1,110.00,296,895.56,102.88,8.37
1,110.00,297,850.15,740.11,18.24
1,110.00,298,300.45,111.72,23.33
1,110.00,299,263.47,259.44,0.00
1,110.00,300,376.79,656.07,0.00
1,110.00,301,493.22,461.69,20.60
1,110.00,302,308.28,737.62,0.00
1,110.00,303,299.42,335.26,13.79
1,110.00,304,367.30,295.10,16.61
1,110.00,305,626.16,878.25,0.00
1,110.00,306,509.08,766.09,17.19
1,110.00,307,817.88,417.38,13.20
1,110.00,308,592.28,667.53,5.81
1,110.00,309,356.87,411.56,5.35
1,110.00,310,697.32,687.51,24.32
1,110.00,311,486.23,593.47,17.84
1,110.00,312,490.03,800.06,12.27
1,110.00,313,23.05,410.72,0.00
1,110.00,314,435.77,570.61,5.06
1,110.00,315,136.69,439.00,20.30
1,110.00,316,671.79,931.29,0.00
1,110.00,317,341.59,254.72,7.78
1,110.00,318,654.83,790.79,18.30
1,110.00,319,86.65,443.40,11.48
1,110.00,320,493.55,317.57,7.25
1,110.00,321,457.68,374.62,9.93
1,110.00,322,570.27,491.55,23.60
1,110.00,323,711.82,943.75,6.88
1,110.00,324,456.12,693.49,6.63
1,110.00,325,792.93,476.76,10.37
1,110.00,326,614.22,399.58,7.35
1,110.00,327,398.15,380.37,8.96
1,110.00,328,629.22,604.95,11.68
1,110.00,329,964.64,278.43,21.94
1,110.00,330,704.64,341.44,11.44
1,110.00,331,802.59,708.62,10.56
1,110.00,332,478.09,882.32,13.00
1,110.00,333,331.20,364.93,10.79
1,110.00,334,323.92,687.63,14.45
1,110.00,335,708.52,692.63,13.27
1,110.00,336,363.36,517.60,19.16
1,110.00,337,397.93,928.93,9.60
1,110.00,338,934.94,528.70,0.00
1,110.00,339,581.13,652.52,6.50
1,110.00,340,478.98,806.64,0.00
1,110.00,341,811.42,427.02,10.03
1,110.00,342,562.56,193.48,16.11
1,110.00,343,469.90,434.20,7.55
1,110.00,344,463.29,878.63,21.59
1,110.00,345,249.13,333.78,10.20
1,110.00,346,220.13,522.61,9.14
1,110.00,347,662.05,329.35,7.46
1,110.00,348,721.07,351.56,6.76
1,110.00,349,177.78,808.13,7.54
1,110.00,350,688.93,407.79,6.91
1,110.00,351,634.12,506.52,16.39
1,110.00,352,785.52,785.98,22.96
1,110.00,353,298.57,570.35,16.54
1,110.00,354,569.92,591.58,0.00
1,110.00,355,247.14,253.09,5.24
1,110.00,356,240.14,109.07,5.11
1,110.00,357,349.78,369.77,13.39
1,110.00,358,125.75,986.55,0.00
1,110.00,359,186.24,704.90,5.74
1,110.00,360,171.97,257.64,5.48
1,110.00,361,59.13,351.26,0.00
1,110.00,362,578.70,598.45,9.65
1,110.00,363,232.16,495.64,0.00
1,110.00,364,349.52,617.40,6.28
1,110.00,365,827.37,957.26,0.00
1,110.00,366,198.71,76.51,0.00
1,110.00,367,481.70,110.51,0.00
1,110.00,368,36.16,857.60,0.00
1,110.00,369,274.92,711.67,7.67
1,110.00,370,744.82,620.16,24.12
1,110.00,371,881.70,315.49,10.46
1,110.00,372,668.89,711.09,9.13
1,110.00,373,650.90,195.53,18.64
1,110.00,374,674.59,80.27,14.27
1,110.00,375,849.67,447.80,6.19
1,110.00,376,266.53,35.12,5.11
1,110.00,377,927.44,292.47,14.64
1,110.00,378,358.22,447.65,7.20
1,110.00,379,331.32,642.86,0.00
1,110.00,380,463.77,648.06,18.01
1,110.00,381,646.41,330.29,5.09
1,110.00,382,725.20,738.75,0.00
1,110.00,383,360.57,832.26,9.96
1,110.00,384,601.63,516.30,19.50
1,110.00,385,709.62,517.80,0.00
1,110.00,386,248.57,245.21,9.89
1,110.00,387,452.61,933.12,6.84
1,110.00,388,161.59,377.12,9.25
1,110.00,389,517.93,800.14,7.05
1,110.00,390,419.25,203.94,18.76
1,110.00,391,254.10,395.46,12.02
1,110.00,392,489.53,844.30,9.79
1,110.00,393,778.94,427.81,7.59
1,110.00,394,335.48,813.20,24.71
1,110.00,395,211.96,748.96,12.98
1,110.00,396,158.65,576.77,5.88
1,110.00,397,112.46,825.97,0.00
1,110.00,398,820.57,918.78,15.18
1,110.00,399,558.29,622.34,9.78
1,120.00,0,494.39,286.20,19.56
1,120.00,1,765.98,417.00,0.00
1,120.00,2,660.16,472.05,20.10
1,120.00,3,658.26,692.85,23.85
1,120.00,4,263.15,550.55,7.15
1,120.00,5,57.87,932.67,0.00
1,120.00,6,806.28,894.18,0.00
1,120.00,7,800.63,360.32,5.79
1,120.00,8,322.01,234.66,17.87
1,120.00,9,905.00,617.21,7.44
1,120.00,10,756.14,746.82,5.44
1,120.00,11,284.08,103.81,9.36
1,120.00,12,41.63,145.02,0.00
1,120.00,13,62.03,484.84,0.00
1,120.00,14,186.12,340.08,0.00
1,120.00,15,383.37,468.30,9.81
1,120.00,16,432.37,432.70,15.96
1,120.00,17,272.40,961.51,6.75
1,120.00,18,902.20,562.90,10.92
1,120.00,19,971.33,757.55,20.80
1,120.00,20,900.55,398.23,9.22
1,120.00,21,393.32,886.30,22.50
1,120.00,22,847.30,516.17,23.13
1,120.00,23,287.21,205.38,0.00
1,120.00,24,503.99,601.60,16.37
1,120.00,25,636.59,192.71,14.48
1,120.00,26,695.55,557.28,13.38
1,120.00,27,372.16,654.63,0.00
1,120.00,28,251.32,456.87,0.00
1,120.00,29,498.90,281.44,7.87
1,120.00,30,310.07,331.80,15.26
1,120.00,31,515.49,835.93,0.00
1,120.00,32,476.96,755.11,11.14
1,120.00,33,948.24,469.37,7.88
1,120.00,34,810.50,579.99,7.69
1,120.00,35,636.86,288.09,7.38
1,120.00,36,564.71,414.17,13.62
1,120.00,37,926.05,953.59,9.72
1,120.00,38,907.73,689.06,18.94
1,120.00,39,90.33,762.25,7.35
1,120.00,40,662.08,268.41,0.00
1,120.00,41,461.16,107.74,9.66
1,120.00,42,922.54,255.99,0.00
1,120.00,43,765.67,608.91,20.18
1,120.00,44,700.54,139.69,6.77
1,120.00,45,651.69,400.89,7.28
1,120.00,46,250.81,413.30,14.61
1,120.00,47,458.65,866.05,0.00
1,120.00,48,734.82,401.16,7.36
1,120.00,49,21.52,243.65,11.95
1,120.00,50,710.97,169.42,14.16
1,120.00,51,296.83,184.41,5.24
1,120.00,52,185.98,508.41,11.29
1,120.00,53,572.45,647.92,12.77
1,120.00,54,567.22,685.70,18.03
1,120.00,55,221.42,634.40,20.60
1,120.00,56,198.56,738.64,13.06
1,120.00,57,713.90,43.55,0.00
1,120.00,58,838.54,391.14,12.72
1,120.00,59,984.55,390.83,0.00
1,120.00,60,886.58,905.19,0.00
1,120.00,61,414.97,518.16,17.89
1,120.00,62,235.11,374.89,6.18
1,120.00,63,621.01,633.46,17.66
1,120.00,64,848.86,627.33,5.50
1,120.00,65,141.09,315.49,6.10
1,120.00,66,836.56,232.79,10.94
1,120.00,67,689.71,119.63,24.42
1,120.00,68,627.05,785.26,14.65
1,120.00,69,860.79,929.70,0.00
1,120.00,70,534.20,744.32,18.71
1,120.00,71,386.14,328.01,10.87
1,120.00,72,582.16,800.79,0.00
1,120.00,73,337.27,333.07,23.09
1,120.00,74,527.31,999.27,0.00
1,120.00,75,704.91,620.18,17.50
1,120.00,76,422.92,395.32,10.46
1,120.00,77,647.28,656.30,0.00
1,120.00,78,220.94,545.82,14.47
1,120.00,79,378.04,505.49,9.11
1,120.00,80,44.86,159.92,0.00
1,120.00,81,500.47,348.00,12.39
1,120.00,82,215.25,479.88,6.05
1,120.00,83,768.44,728.49,5.28
1,120.00,84,307.86,417.03,5.50
1,120.00,85,416.54,465.94,14.31
1,120.00,86,927.97,965.86,0.00
1,120.00,87,410.54,695.89,5.30
1,120.00,88,440.76,491.15,0.00
1,120.00,89,272.38,172.58,0.00
1,120.00,90,590.10,134.20,0.00
1,120.00,91,454.65,581.46,5.99
1,120.00,92,757.90,508.04,20.56
1,120.00,93,847.53,835.16,16.48
1,120.00,94,305.33,472.03,11.92
1,120.00,95,722.06,704.86,12.78
1,120.00,96,177.58,129.13,5.30
1,120.00,97,330.19,802.68,13.20
1,120.00,98,740.15,443.99,0.00
1,120.00,99,421.59,195.91,23.32
1,120.00,100,707.31,408.72,14.43
1,120.00,101,874.31,887.54,13.27
1,120.00,102,621.60,472.57,0.00
1,120.00,103,901.69,529.16,22.64
1,120.00,104,212.76,613.06,6.83
1,120.00,105,698.27,792.45,23.86
1,120.00,106,195.45,61.17,6.71
1,120.00,107,189.22,762.71,7.96
1,120.00,108,780.87,434.85,5.23
1,120.00,109,267.54,419.98,9.66
1,120.00,110,896.22,561.72,0.00
1,120.00,111,672.56,289.05,11.68
1,120.00,112,681.98,301.71,16.14
1,120.00,113,873.88,321.69,10.98
1,120.00,114,912.69,401.70,9.47
1,120.00,115,433.82,459.56,9.46
1,120.00,116,274.28,407.43,10.64
1,120.00,117,451.67,394.97,20.38
1,120.00,118,345.82,163.71,0.00
1,120.00,119,270.78,119.28,12.30
1,120.00,120,124.39,387.94,13.29
1,120.00,121,351.03,942.66,0.00
1,120.00,122,634.41,717.20,13.18
1,120.00,123,124.32,257.90,10.28
1,120.00,124,108.17,396.69,23.81
1,120.00,125,608.77,601.53,11.31
1,120.00,126,412.05,385.63,7.42
1,120.00,127,573.93,756.94,5.41
1,120.00,128,367.53,535.83,17.54
1,120.00,129,917.62,183.30,0.00
1,120.00,130,364.03,427.10,19.88
1,120.00,131,877.39,443.10,0.00
1,120.00,132,691.65,781.28,22.31
1,120.00,133,57.08,540.46,14.19
1,120.00,134,573.61,534.99,11.48
1,120.00,135,432.45,668.05,16.67
1,120.00,136,592.83,526.40,0.00
1,120.00,137,191.89,555.63,0.00
1,120.00,138,617.75,779.23,7.36
1,120.00,139,601.47,230.09,12.88
1,120.00,140,371.50,385.58,7.84
1,120.00,141,225.77,525.05,8.62
1,120.00,142,262.65,289.76,21.11
1,120.00,143,874.99,507.18,0.00
1,120.00,144,827.03,917.22,13.26
1,120.00,145,930.20,54.11,5.49
1,120.00,146,488.54,729.80,20.24
1,120.00,147,468.95,312.03,6.78
1,120.00,148,155.42,733.33,24.14
1,120.00,149,605.77,491.81,0.00
1,120.00,150,621.72,353.05,6.96
1,120.00,151,182.27,133.62,10.92
1,120.00,152,381.12,871.96,0.00
1,120.00,153,978.42,312.87,12.96
1,120.00,154,703.56,940.38,0.00
1,120.00,155,713.64,46.20,0.00
1,120.00,156,241.77,532.91,14.64
1,120.00,157,443.53,518.54,6.44
1,120.00,158,294.46,848.18,12.43
1,120.00,159,310.99,147.11,9.89
1,120.00,160,601.89,369.35,0.00
1,120.00,161,945.42,928.83,8.63
1,120.00,162,733.33,155.63,17.94
1,120.00,163,133.26,194.68,24.12
1,120.00,164,94.34,212.34,0.00
1,120.00,165,722.55,430.13,14.17
1,120.00,166,353.82,488.48,11.79
1,120.00,167,33.88,478.44,23.87
1,120.00,168,778.12,146.19,0.00
1,120.00,169,801.41,426.94,5.18
1,120.00,170,935.49,493.01,0.00
1,120.00,171,485.33,241.68,6.12
1,120.00,172,328.40,868.00,0.00
1,120.00,173,460.52,174.03,24.67
1,120.00,174,458.09,779.43,5.93
1,120.00,175,378.35,563.43,13.99
1,120.00,176,159.04,685.97,8.18
1,120.00,177,782.76,782.98,15.19
1,120.00,178,512.28,186.55,5.09
1,120.00,179,371.59,171.70,6.50
1,120.00,180,742.81,812.49,21.38
1,120.00,181,249.71,619.79,10.61
1,120.00,182,870.12,227.58,0.00
1,120.00,183,546.31,872.62,12.57
1,120.00,184,327.93,739.66,0.00
1,120.00,185,851.37,948.70,0.00
1,120.00,186,715.76,265.78,5.80
1,120.00,187,445.24,292.99,8.09
1,120.00,188,764.00,684.69,17.04
1,120.00,189,882.66,634.73,16.25
1,120.00,190,273.04,224.46,5.82
1,120.00,191,435.21,348.38,5.27
1,120.00,192,586.78,286.33,21.31
1,120.00,193,549.47,977.16,13.42
1,120.00,194,373.75,185.08,19.69
1,120.00,195,252.66,837.50,0.00
1,120.00,196,367.04,525.12,8.06
1,120.00,197,554.19,724.39,0.00
1,120.00,198,687.67,712.89,20.81
1,120.00,199,598.92,787.15,9.46
1,120.00,200,243.44,489.74,6.02
1,120.00,201,432.98,971.59,0.00
1,120.00,202,252.67,583.67,17.68
1,120.00,203,772.92,664.03,9.85
1,120.00,204,791.60,426.38,14.80
1,120.00,205,303.71,677.84,22.90
1,120.00,206,447.66,522.07,0.00
1,120.00,207,534.54,457.83,24.72
1,120.00,208,339.28,341.62,5.07
1,120.00,209,355.59,188.88,7.55
1,120.00,210,878.70,203.43,6.11
1,120.00,211,956.28,404.86,7.48
1,120.00,212,62.15,554.82,5.12
1,120.00,213,214.01,126.10,6.89
1,120.00,214,331.85,733.48,13.23
1,120.00,215,522.46,488.07,9.35
1,120.00,216,417.44,334.17,11.57
1,120.00,217,609.80,726.93,16.21
1,120.00,218,772.96,797.54,7.19
1,120.00,219,570.81,840.64,8.06
1,120.00,220,378.11,755.52,10.14
1,120.00,221,834.89,905.14,5.64
1,120.00,222,93.33,219.33,12.23
1,120.00,223,659.46,244.47,15.54
1,120.00,224,805.92,717.55,7.93
1,120.00,225,277.82,388.19,5.72
1,120.00,226,919.63,99.19,0.00
1,120.00,227,236.78,656.12,21.67
1,120.00,228,241.73,648.34,16.73
1,120.00,229,435.64,316.57,11.31
1,120.00,230,860.00,499.65,18.25
1,120.00,231,577.27,423.25,20.98
1,120.00,232,532.48,899.09,10.10
1,120.00,233,87.18,694.39,6.17
1,120.00,234,617.34,597.96,16.26
1,120.00,235,844.01,748.75,20.49
1,120.00,236,374.90,489.54,17.48
1,120.00,237,489.92,677.36,6.82
1,120.00,238,408.43,606.51,5.41
1,120.00,239,837.80,599.77,9.28
1,120.00,240,202.93,145.41,0.00
1,120.00,241,480.13,934.09,17.09
1,120.00,242,547.39,198.43,14.71
1,120.00,243,49.80,829.99,5.33
1,120.00,244,245.70,605.25,14.41
1,120.00,245,907.83,760.41,0.00
1,120.00,246,181.96,69.05,0.00
1,120.00,247,243.04,76.62,12.83
1,120.00,248,303.34,366.31,17.14
1,120.00,249,40.98,537.40,7.27
1,120.00,250,201.74,349.12,9.90
1,120.00,251,564.83,759.45,24.43
1,120.00,252,154.21,678.18,14.47
1,120.00,253,429.47,208.79,17.22
1,120.00,254,948.73,217.76,0.00
1,120.00,255,614.86,314.55,24.71
1,120.00,256,929.15,490.29,15.87
1,120.00,257,599.82,626.57,15.14
1,120.00,258,389.45,700.67,14.39
1,120.00,259,572.90,180.85,5.89
1,120.00,260,540.41,454.24,5.00
1,120.00,261,890.93,927.99,11.94
1,120.00,262,426.40,550.46,10.38
1,120.00,263,292.76,842.47,20.60
1,120.00,264,470.38,486.76,5.47
1,120.00,265,430.52,247.64,0.00
1,120.00,266,128.95,737.47,0.00
1,120.00,267,635.28,683.92,12.54
1,120.00,268,419.70,909.31,0.00
1,120.00,269,324.89,907.34,6.53
1,120.00,270,816.62,458.57,11.49
1,120.00,271,961.63,104.69,0.00
1,120.00,272,174.93,554.78,7.39
1,120.00,273,212.73,762.12,0.00
1,120.00,274,702.13,380.54,11.55
1,120.00,275,768.87,584.82,6.36
1,120.00,276,845.03,424.00,24.19
1,120.00,277,849.90,463.23,12.79
1,120.00,278,517.35,492.52,12.87
1,120.00,279,460.32,567.19,16.95
1,120.00,280,558.14,922.03,7.14
1,120.00,281,602.38,566.13,5.92
1,120.00,282,388.02,686.33,0.00
1,120.00,283,603.41,135.92,5.68
1,120.00,284,856.08,207.94,0.00
1,120.00,285,360.25,794.59,5.80
1,120.00,286,69.88,518.66,22.97
1,120.00,287,641.47,792.40,0.00
1,120.00,288,437.02,428.29,22.95
1,120.00,289,696.80,409.22,9.20
1,120.00,290,519.12,316.57,19.14
1,120.00,291,243.41,496.72,8.85
1,120.00,292,431.02,463.38,19.23
1,120.00,293,566.60,593.18,9.10
1,120.00,294,634.04,349.24,9.44
1,120.00,295,378.37,779.77,21.76
1,120.00,296,823.74,145.83,8.37
1,120.00,297,913.26,911.25,18.24
1,120.00,298,84.33,23.97,23.33
1,120.00,299,307.28,309.48,14.90
1,120.00,300,288.74,715.62,13.66
1,120.00,301,430.27,265.54,20.60
1,120.00,302,287.50,847.78,15.11
1,120.00,303,405.32,423.56,13.79
1,120.00,304,241.11,187.17,16.61
1,120.00,305,518.88,843.36,21.24
1,120.00,306,403.61,901.86,17.19
1,120.00,307,815.90,285.35,13.20
1,120.00,308,534.17,665.62,5.81
1,120.00,309,393.18,450.82,5.35
1,120.00,310,708.54,925.06,0.00
1,120.00,311,337.75,494.59,17.84
1,120.00,312,605.89,759.69,12.27
1,120.00,313,37.62,411.47,23.17
1,120.00,314,443.95,520.65,5.06
1,120.00,315,228.05,557.04,0.00
1,120.00,316,588.62,724.24,23.66
1,120.00,317,404.99,299.82,7.78
1,120.00,318,824.08,721.17,18.30
1,120.00,319,69.95,329.85,11.48
1,120.00,320,483.35,250.54,0.00
1,120.00,321,395.14,451.80,9.93
1,120.00,322,424.83,677.39,23.60
1,120.00,323,733.98,878.61,6.88
1,120.00,324,468.45,758.66,6.63
1,120.00,325,790.72,580.44,10.37
1,120.00,326,653.41,337.38,7.35
1,120.00,327,440.76,459.18,8.96
1,120.00,328,512.87,615.52,11.68
1,120.00,329,992.00,286.29,0.00
1,120.00,330,701.88,336.49,0.00
1,120.00,331,739.64,623.81,10.56
1,120.00,332,592.00,819.60,13.00
1,120.00,333,355.41,470.06,10.79
1,120.00,334,249.69,658.20,0.00
1,120.00,335,644.39,576.48,13.27
1,120.00,336,215.79,395.37,19.16
1,120.00,337,409.33,833.60,9.60
1,120.00,338,912.60,526.79,5.78
1,120.00,339,619.12,599.75,6.50
1,120.00,340,468.57,783.31,16.50
1,120.00,341,797.47,526.35,10.03
1,120.00,342,717.38,237.89,16.11
1,120.00,343,519.12,491.49,7.55
1,120.00,344,495.82,926.08,0.00
1,120.00,345,349.37,315.02,10.20
1,120.00,346,169.83,598.97,9.14
1,120.00,347,646.21,333.87,0.00
1,120.00,348,773.46,308.78,6.76
1,120.00,349,173.04,822.26,0.00
1,120.00,350,663.41,471.99,6.91
1,120.00,351,656.02,521.79,0.00
1,120.00,352,622.13,947.28,22.96
1,120.00,353,210.76,430.19,16.54
1,120.00,354,643.83,630.15,0.00
1,120.00,355,201.31,278.47,5.24
1,120.00,356,290.65,116.66,5.11
1,120.00,357,481.65,346.76,13.39
1,120.00,358,184.48,934.95,22.52
1,120.00,359,139.99,708.13,0.00
1,120.00,360,183.85,311.16,5.48
1,120.00,361,73.12,566.61,21.80
1,120.00,362,639.45,523.52,9.65
1,120.00,363,164.41,458.47,9.67
1,120.00,364,307.79,570.50,6.28
1,120.00,365,817.54,947.53,10.03
1,120.00,366,263.65,256.21,24.27
1,120.00,367,492.43,165.53,7.17
1,120.00,368,92.52,847.66,9.43
1,120.00,369,328.42,766.64,7.67
1,120.00,370,763.55,687.47,0.00
1,120.00,371,855.78,406.14,0.00
1,120.00,372,712.05,791.51,9.13
1,120.00,373,758.36,43.20,18.64
1,120.00,374,817.22,85.99,14.27
1,120.00,375,906.25,422.71,6.19
1,120.00,376,298.40,75.12,5.11
1,120.00,377,905.36,170.11,0.00
1,120.00,378,368.65,500.56,0.00
1,120.00,379,308.06,693.92,13.98
1,120.00,380,619.10,739.21,18.01
1,120.00,381,632.30,379.14,5.09
1,120.00,382,694.41,729.80,9.81
1,120.00,383,448.12,879.72,9.96
1,120.00,384,621.77,710.27,19.50
1,120.00,385,708.56,516.91,8.02
1,120.00,386,313.87,319.46,9.89
1,120.00,387,491.36,958.46,0.00
1,120.00,388,179.86,286.44,9.25
1,120.00,389,550.05,852.71,0.00
1,120.00,390,333.43,370.82,18.76
1,120.00,391,222.61,279.43,12.02
1,120.00,392,552.81,769.57,9.79
1,120.00,393,719.00,474.39,7.59
1,120.00,394,297.85,568.93,24.71
1,120.00,395,100.58,775.05,0.00
1,120.00,396,205.04,540.57,5.88
1,120.00,397,153.71,787.23,11.14
1,120.00,398,841.16,944.91,0.00
1,120.00,399,476.67,568.47,9.78
1,130.00,0,461.18,256.07,0.00
1,130.00,1,755.74,412.59,12.41
1,130.00,2,793.03,622.81,20.10
1,130.00,3,422.94,731.75,23.85
1,130.00,4,196.00,525.92,7.15
1,130.00,5,109.74,901.98,9.34
1,130.00,6,787.44,846.97,8.28
1,130.00,7,771.28,310.36,5.79
1,130.00,8,294.54,201.41,0.00
1,130.00,9,945.42,679.63,7.44
1,130.00,10,771.31,694.55,5.44
1,130.00,11,272.97,93.96,0.00
1,130.00,12,43.59,155.59,12.92
1,130.00,13,152.89,521.00,19.08
1,130.00,14,260.18,332.82,13.51
1,130.00,15,405.27,563.91,9.81
1,130.00,16,318.78,499.75,0.00
1,130.00,17,339.90,962.84,6.75
1,130.00,18,835.78,476.22,10.92
1,130.00,19,977.81,773.95,0.00
1,130.00,20,909.51,306.48,9.22
1,130.00,21,173.33,839.31,22.50
1,130.00,22,789.65,740.20,23.13
1,130.00,23,285.68,215.03,7.64
1,130.00,24,637.89,507.49,16.37
1,130.00,25,493.35,171.56,14.48
1,130.00,26,792.30,602.77,0.00
1,130.00,27,479.82,600.64,15.59
1,130.00,28,280.90,481.50,8.88
1,130.00,29,571.80,311.03,7.87
1,130.00,30,370.34,471.97,15.26
1,130.00,31,501.79,824.72,17.65
1,130.00,32,536.66,832.46,0.00
1,130.00,33,883.42,514.22,7.88
1,130.00,34,751.70,530.38,7.69
1,130.00,35,674.20,224.38,7.38
1,130.00,36,651.06,519.45,13.62
1,130.00,37,967.37,997.74,0.00
1,130.00,38,921.77,691.95,0.00
1,130.00,39,49.17,757.66,0.00
1,130.00,40,652.96,202.99,13.25
1,130.00,41,415.98,193.13,9.66
1,130.00,42,866.34,240.46,9.88
1,130.00,43,694.22,797.68,20.18
1,130.00,44,639.59,169.20,6.77
1,130.00,45,707.56,354.17,7.28
1,130.00,46,180.20,541.27,14.61
1,130.00,47,471.95,801.24,18.17
1,130.00,48,664.17,421.84,7.36
1,130.00,49,43.57,329.88,0.00
1,130.00,50,624.88,281.82,14.16
1,130.00,51,293.16,197.43,0.00
1,130.00,52,117.45,418.67,11.29
1,130.00,53,683.51,660.03,0.00
1,130.00,54,577.01,746.74,0.00
1,130.00,55,132.05,814.55,0.00
1,130.00,56,85.15,803.34,13.06
1,130.00,57,718.62,57.86,13.38
1,130.00,58,933.77,306.82,12.72
1,130.00,59,882.83,429.16,24.73
1,130.00,60,852.89,861.14,12.18
1,130.00,61,414.34,524.15,0.00
1,130.00,62,190.32,332.33,6.18
1,130.00,63,468.62,722.68,17.66
1,130.00,64,849.30,682.29,5.50
1,130.00,65,198.52,294.90,6.10
1,130.00,66,840.05,223.47,0.00
1,130.00,67,786.95,343.65,24.42
1,130.00,68,747.23,864.90,0.00
1,130.00,69,804.24,838.03,16.40
1,130.00,70,712.93,799.74,18.71
1,130.00,71,281.76,297.54,10.87
1,130.00,72,574.09,820.67,8.08
1,130.00,73,520.55,473.51,23.09
1,130.00,74,487.19,898.72,14.08
1,130.00,75,777.57,645.12,0.00
1,130.00,76,510.67,452.27,10.46
1,130.00,77,641.62,653.22,16.29
1,130.00,78,349.35,612.43,14.47
1,130.00,79,357.81,509.43,0.00
1,130.00,80,67.12,199.68,6.24
1,130.00,81,597.05,270.47,12.39
1,130.00,82,156.88,495.76,6.05
1,130.00,83,812.14,758.12,5.28
1,130.00,84,257.35,438.80,5.50
1,130.00,85,559.61,462.25,14.31
1,130.00,86,800.17,795.10,21.51
1,130.00,87,379.32,653.03,5.30
1,130.00,88,406.93,473.34,17.18
1,130.00,89,339.06,162.11,22.65
1,130.00,90,463.11,252.99,22.66
1,130.00,91,503.58,546.92,5.99
1,130.00,92,852.71,325.64,20.56
1,130.00,93,709.66,744.91,16.48
1,130.00,94,391.94,390.14,11.92
1,130.00,95,594.68,715.51,12.78
1,130.00,96,216.02,95.43,0.00
1,130.00,97,417.64,703.83,13.20
1,130.00,98,646.38,527.31,15.95
1,130.00,99,637.64,283.60,23.32
1,130.00,100,796.27,522.31,14.43
1,130.00,101,924.30,894.89,0.00
1,130.00,102,617.26,526.56,14.30
1,130.00,103,948.22,372.95,0.00
1,130.00,104,152.07,633.91,0.00
1,130.00,105,589.20,958.96,0.00
1,130.00,106,198.48,34.51,0.00
1,130.00,107,136.99,822.81,7.96
1,130.00,108,833.00,430.84,5.23
1,130.00,109,348.01,473.36,9.66
1,130.00,110,908.22,509.78,9.21
1,130.00,111,679.28,405.64,11.68
1,130.00,112,526.53,345.01,16.14
1,130.00,113,766.78,297.61,10.98
1,130.00,114,930.30,308.64,9.47
1,130.00,115,433.47,459.20,0.00
1,130.00,116,330.53,497.71,10.64
1,130.00,117,595.16,250.32,20.38
1,130.00,118,309.31,192.48,13.59
1,130.00,119,329.72,227.25,12.30
1,130.00,120,14.43,367.83,0.00
1,130.00,121,351.20,937.81,18.50
1,130.00,122,645.97,727.77,0.00
1,130.00,123,54.98,181.99,10.28
1,130.00,124,42.32,214.74,0.00
1,130.00,125,583.34,491.35,11.31
1,130.00,126,486.27,383.38,7.42
1,130.00,127,619.22,727.35,5.41
1,130.00,128,227.05,430.82,17.54
1,130.00,129,906.57,316.99,19.13
1,130.00,130,267.88,324.54,0.00
1,130.00,131,800.11,387.02,13.41
1,130.00,132,647.56,562.54,22.31
1,130.00,133,3.97,449.94,0.00
1,130.00,134,612.28,643.11,11.48
1,130.00,135,277.18,607.27,16.67
1,130.00,136,527.39,516.62,10.86
1,130.00,137,302.88,464.96,18.06
1,130.00,138,674.98,732.99,7.36
1,130.00,139,472.76,233.39,12.88
1,130.00,140,362.55,395.93,0.00
1,130.00,141,190.01,480.03,0.00
1,130.00,142,90.90,183.97,0.00
1,130.00,143,849.32,511.31,16.02
1,130.00,144,886.74,951.60,0.00
1,130.00,145,886.48,87.32,5.49
1,130.00,146,582.15,909.30,20.24
1,130.00,147,532.96,289.60,6.78
1,130.00,148,199.21,944.83,0.00
1,130.00,149,691.72,599.49,16.08
1,130.00,150,593.47,289.40,6.96
1,130.00,151,79.92,95.67,10.92
1,130.00,152,367.96,832.50,7.93
1,130.00,153,951.71,439.66,12.96
1,130.00,154,598.38,828.75,17.59
1,130.00,155,741.59,121.62,10.55
1,130.00,156,155.29,651.10,14.64
1,130.00,157,393.90,477.45,6.44
1,130.00,158,345.80,735.01,12.43
1,130.00,159,322.48,92.90,0.00
1,130.00,160,553.27,362.82,9.00
1,130.00,161,948.54,935.96,0.00
1,130.00,162,599.36,275.01,17.94
1,130.00,163,238.21,411.86,24.12
1,130.00,164,113.24,218.81,9.06
1,130.00,165,726.84,288.50,14.17
1,130.00,166,237.82,509.51,11.79
1,130.00,167,9.06,545.32,0.00
1,130.00,168,770.31,159.03,6.10
1,130.00,169,816.57,476.49,5.18
1,130.00,170,938.91,462.77,8.37
1,130.00,171,475.95,216.31,0.00
1,130.00,172,429.15,869.17,19.17
1,130.00,173,421.21,126.73,0.00
1,130.00,174,408.98,812.66,5.93
1,130.00,175,268.93,650.59,13.99
1,130.00,176,163.13,698.73,0.00
1,130.00,177,791.45,631.38,15.19
1,130.00,178,518.63,237.03,5.09
1,130.00,179,307.31,161.95,6.50
1,130.00,180,912.14,943.01,21.38
1,130.00,181,246.78,513.73,10.61
1,130.00,182,816.85,283.38,10.84
1,130.00,183,634.53,936.48,0.00
1,130.00,184,328.36,733.73,17.93
1,130.00,185,853.94,925.34,9.53
1,130.00,186,770.98,248.20,5.80
1,130.00,187,524.58,277.16,8.09
1,130.00,188,639.68,568.20,17.04
1,130.00,189,814.54,487.17,16.25
1,130.00,190,292.72,279.23,5.82
1,130.00,191,382.89,342.47,5.27
1,130.00,192,662.57,476.85,0.00
1,130.00,193,415.30,973.04,13.42
1,130.00,194,342.00,19.06,0.00
1,130.00,195,307.48,859.28,15.48
1,130.00,196,292.98,493.29,8.06
1,130.00,197,479.90,686.88,12.41
1,130.00,198,558.44,549.72,20.81
1,130.00,199,675.41,731.49,9.46
1,130.00,200,267.07,545.09,6.02
1,130.00,201,427.07,968.69,19.02
1,130.00,202,119.87,467.03,17.68
1,130.00,203,789.91,761.06,9.85
1,130.00,204,846.75,379.79,0.00
1,130.00,205,315.10,650.73,0.00
1,130.00,206,614.53,414.86,23.02
1,130.00,207,721.92,296.55,24.72
1,130.00,208,386.63,359.61,5.07
1,130.00,209,410.87,240.27,7.55
1,130.00,210,930.48,170.94,6.11
1,130.00,211,949.66,479.39,7.48
1,130.00,212,76.94,505.80,5.12
1,130.00,213,149.06,103.08,6.89
1,130.00,214,209.14,768.18,0.00
1,130.00,215,524.04,496.76,0.00
1,130.00,216,429.57,336.62,0.00
1,130.00,217,702.03,792.84,0.00
1,130.00,218,774.81,869.42,7.19
1,130.00,219,617.69,902.27,0.00
1,130.00,220,307.85,828.63,10.14
1,130.00,221,844.20,926.01,0.00
1,130.00,222,49.07,105.35,12.23
1,130.00,223,534.77,337.29,15.54
1,130.00,224,813.74,638.68,7.93
1,130.00,225,320.07,426.75,5.72
1,130.00,226,919.68,134.24,13.02
1,130.00,227,337.82,847.86,21.67
1,130.00,228,124.02,529.38,16.73
1,130.00,229,377.53,219.51,11.31
1,130.00,230,927.59,450.27,0.00
1,130.00,231,696.95,559.93,0.00
1,130.00,232,433.33,879.63,10.10
1,130.00,233,104.99,635.33,6.17
1,130.00,234,731.40,713.87,16.26
1,130.00,235,722.01,584.18,20.49
1,130.00,236,241.95,376.12,17.48
1,130.00,237,430.08,644.58,6.82
1,130.00,238,372.63,565.97,5.41
1,130.00,239,920.10,642.74,9.28
1,130.00,240,337.92,163.09,18.78
1,130.00,241,481.47,937.48,0.00
1,130.00,242,492.64,155.22,0.00
1,130.00,243,31.37,879.96,5.33
1,130.00,244,384.07,645.54,14.41
1,130.00,245,873.89,693.76,20.09
1,130.00,246,226.09,174.36,16.07
1,130.00,247,125.84,128.94,12.83
1,130.00,248,448.92,275.91,17.14
1,130.00,249,109.09,562.88,7.27
1,130.00,250,294.71,383.01,9.90
1,130.00,251,510.16,874.75,0.00
1,130.00,252,142.61,683.99,0.00
1,130.00,253,473.37,375.36,17.22
1,130.00,254,937.82,230.01,24.30
1,130.00,255,367.77,312.69,24.71
1,130.00,256,946.72,488.73,0.00
1,130.00,257,522.79,756.85,15.14
1,130.00,258,376.92,579.60,0.00
1,130.00,259,558.45,237.92,5.89
1,130.00,260,574.82,417.94,5.00
1,130.00,261,979.89,981.83,0.00
1,130.00,262,442.09,564.10,0.00
1,130.00,263,448.33,707.47,20.60
1,130.00,264,438.91,442.06,5.47
1,130.00,265,430.73,247.93,6.51
1,130.00,266,217.88,700.17,11.41
1,130.00,267,521.15,631.91,12.54
1,130.00,268,379.34,848.57,12.65
1,130.00,269,260.07,914.93,6.53
1,130.00,270,792.26,346.33,11.49
1,130.00,271,934.68,121.03,13.66
1,130.00,272,196.07,532.53,0.00
1,130.00,273,240.65,726.80,23.97
1,130.00,274,814.94,355.77,11.55
1,130.00,275,825.24,614.29,6.36
1,130.00,276,612.56,490.95,24.19
1,130.00,277,853.91,335.40,12.79
1,130.00,278,399.25,441.40,12.87
1,130.00,279,587.87,678.88,16.95
1,130.00,280,595.82,944.41,0.00
1,130.00,281,553.55,599.68,5.92
1,130.00,282,404.76,679.05,21.07
1,130.00,283,626.56,187.80,5.68
1,130.00,284,790.76,208.67,14.14
1,130.00,285,303.43,806.41,5.80
1,130.00,286,60.29,559.02,0.00
1,130.00,287,630.45,773.43,14.54
1,130.00,288,391.99,371.77,0.00
1,130.00,289,676.92,499.00,9.20
1,130.00,290,351.42,224.31,19.14
1,130.00,291,182.49,452.71,0.00
1,130.00,292,567.14,327.59,19.23
1,130.00,293,611.03,568.45,0.00
1,130.00,294,709.24,406.24,9.44
1,130.00,295,273.29,589.24,21.76
1,130.00,296,751.93,188.78,8.37
1,130.00,297,929.39,955.00,0.00
1,130.00,298,64.12,15.77,0.00
1,130.00,299,405.40,421.58,14.90
1,130.00,300,175.58,792.15,13.66
1,130.00,301,394.71,154.75,0.00
1,130.00,302,272.04,929.75,0.00
1,130.00,303,511.21,511.86,13.79
1,130.00,304,123.93,86.95,0.00
1,130.00,305,316.88,777.67,21.24
1,130.00,306,395.15,912.75,0.00
1,130.00,307,813.91,153.32,13.20
1,130.00,308,476.06,663.71,5.81
1,130.00,309,429.48,490.09,5.35
1,130.00,310,705.32,920.80,24.23
1,130.00,311,189.27,395.70,17.84
1,130.00,312,721.76,719.31,12.27
1,130.00,313,269.06,423.34,23.17
1,130.00,314,452.12,470.69,5.06
1,130.00,315,250.91,564.08,9.04
1,130.00,316,500.43,504.66,23.66
1,130.00,317,468.39,344.92,7.78
1,130.00,318,830.30,718.61,0.00
1,130.00,319,53.24,216.30,11.48
1,130.00,320,478.53,255.85,11.10
1,130.00,321,332.61,528.99,9.93
1,130.00,322,279.39,863.23,23.60
1,130.00,323,756.14,813.46,6.88
1,130.00,324,480.77,823.83,6.63
1,130.00,325,788.51,684.11,10.37
1,130.00,326,692.59,275.18,7.35
1,130.00,327,483.38,538.00,8.96
1,130.00,328,396.52,626.09,11.68
1,130.00,329,949.96,469.19,21.56
1,130.00,330,782.17,471.45,16.52
1,130.00,331,676.68,539.01,10.56
1,130.00,332,705.91,756.87,13.00
1,130.00,333,379.63,575.19,10.79
1,130.00,334,246.78,609.20,10.97
1,130.00,335,580.27,460.34,13.27
1,130.00,336,68.21,273.15,19.16
1,130.00,337,420.74,738.27,9.60
1,130.00,338,855.01,521.89,5.78
1,130.00,339,654.51,550.59,0.00
1,130.00,340,401.39,632.65,16.50
1,130.00,341,783.51,625.69,10.03
1,130.00,342,872.20,282.30,16.11
1,130.00,343,568.34,548.78,7.55
1,130.00,344,393.56,925.53,13.94
1,130.00,345,449.61,296.25,10.20
1,130.00,346,119.52,675.34,9.14
1,130.00,347,551.11,235.11,17.59
1,130.00,348,825.86,266.01,6.76
1,130.00,349,259.94,796.82,11.28
1,130.00,350,637.89,536.19,6.91
1,130.00,351,670.97,465.14,0.00
1,130.00,352,595.81,973.25,0.00
1,130.00,353,122.96,290.02,16.54
1,130.00,354,629.35,639.30,8.89
1,130.00,355,155.48,303.84,5.24
1,130.00,356,341.17,124.24,5.11
1,130.00,357,613.51,323.75,13.39
1,130.00,358,353.69,786.28,22.52
1,130.00,359,159.91,715.41,11.02
1,130.00,360,195.73,364.67,5.48
1,130.00,361,87.25,784.16,21.80
1,130.00,362,700.21,448.58,9.65
1,130.00,363,90.42,417.87,0.00
1,130.00,364,266.07,523.59,6.28
1,130.00,365,746.25,876.96,10.03
1,130.00,366,346.15,484.50,24.27
1,130.00,367,506.15,235.90,7.17
1,130.00,368,185.40,831.29,9.43
1,130.00,369,350.89,789.73,0.00
1,130.00,370,596.87,651.94,23.99
1,130.00,371,845.36,420.21,17.74
1,130.00,372,744.45,851.88,0.00
1,130.00,373,770.59,25.86,0.00
1,130.00,374,847.16,87.19,0.00
1,130.00,375,949.18,403.67,0.00
1,130.00,376,330.26,115.11,5.11
1,130.00,377,890.37,171.93,10.02
1,130.00,378,371.55,538.54,15.15
1,130.00,379,250.10,821.17,13.98
1,130.00,380,774.42,830.36,18.01
1,130.00,381,618.19,427.99,5.09
1,130.00,382,600.22,702.42,9.81
1,130.00,383,535.68,927.19,9.96
1,130.00,384,632.58,814.31,0.00
1,130.00,385,646.86,465.68,8.02
1,130.00,386,379.17,393.71,9.89
1,130.00,387,423.71,945.63,21.32
1,130.00,388,198.13,195.76,9.25
1,130.00,389,538.40,849.09,9.66
1,130.00,390,247.61,537.69,18.76
1,130.00,391,212.45,241.99,0.00
1,130.00,392,616.09,694.85,9.79
1,130.00,393,659.06,520.97,7.59
1,130.00,394,260.23,324.67,24.71
1,130.00,395,112.17,774.55,9.80
1,130.00,396,251.44,504.38,5.88
1,130.00,397,234.90,710.99,11.14
1,130.00,398,839.31,888.74,7.20
1,130.00,399,395.06,514.61,9.78
1,140.00,0,506.52,162.60,13.48
1,140.00,1,641.81,363.47,12.41
1,140.00,2,922.36,769.54,0.00
1,140.00,3,187.63,770.65,23.85
1,140.00,4,170.92,516.72,0.00
1,140.00,5,190.09,854.45,9.34
1,140.00,6,756.77,770.08,8.28
1,140.00,7,741.94,260.41,5.79
1,140.00,8,291.39,267.23,8.69
1,140.00,9,959.21,700.93,0.00
1,140.00,10,786.47,642.27,5.44
1,140.00,11,414.69,192.88,20.54
1,140.00,12,67.20,282.59,12.92
1,140.00,13,330.17,591.54,19.08
1,140.00,14,394.66,319.64,13.51
1,140.00,15,427.18,659.52,9.81
1,140.00,16,329.50,495.48,6.65
1,140.00,17,407.40,964.17,6.75
1,140.00,18,769.36,389.55,10.92
1,140.00,19,898.02,792.73,8.96
1,140.00,20,916.72,232.57,0.00
1,140.00,21,173.20,839.28,0.00
1,140.00,22,755.27,873.82,0.00
1,140.00,23,273.72,290.51,7.64
1,140.00,24,771.79,413.37,16.37
1,140.00,25,350.11,150.42,14.48
1,140.00,26,752.97,584.45,21.59
1,140.00,27,619.20,530.75,15.59
1,140.00,28,349.16,538.35,8.88
1,140.00,29,644.71,340.62,7.87
1,140.00,30,430.62,612.14,15.26
1,140.00,31,365.22,712.91,17.65
1,140.00,32,540.93,822.75,8.64
1,140.00,33,818.60,559.06,7.88
1,140.00,34,692.91,480.77,7.69
1,140.00,35,711.53,160.67,7.38
1,140.00,36,737.42,624.73,13.62
1,140.00,37,956.81,956.62,11.23
1,140.00,38,867.56,630.51,8.86
1,140.00,39,102.70,704.80,17.24
1,140.00,40,634.65,71.76,13.25
1,140.00,41,370.80,278.53,9.66
1,140.00,42,771.05,214.15,9.88
1,140.00,43,622.77,986.44,20.18
1,140.00,44,578.65,198.72,6.77
1,140.00,45,763.42,307.44,7.28
1,140.00,46,109.60,669.23,14.61
1,140.00,47,481.02,757.06,0.00
1,140.00,48,593.52,442.53,7.36
1,140.00,49,67.08,278.53,22.15
1,140.00,50,538.80,394.22,14.16
1,140.00,51,390.85,157.83,14.21
1,140.00,52,48.93,328.92,11.29
1,140.00,53,669.14,652.30,13.05
1,140.00,54,685.47,690.76,18.57
1,140.00,55,133.22,813.23,7.41
1,140.00,56,70.76,811.55,0.00
1,140.00,57,760.54,184.95,13.38
1,140.00,58,977.03,268.52,0.00
1,140.00,59,651.37,516.38,24.73
1,140.00,60,778.88,764.39,12.18
1,140.00,61,366.60,551.85,5.71
1,140.00,62,145.53,289.78,6.18
1,140.00,63,316.23,811.90,17.66
1,140.00,64,849.60,718.89,0.00
1,140.00,65,255.94,274.31,6.10
1,140.00,66,669.25,253.26,19.07
1,140.00,67,840.21,466.35,0.00
1,140.00,68,744.99,862.45,20.57
1,140.00,69,718.13,698.41,16.40
1,140.00,70,891.66,855.16,18.71
1,140.00,71,177.38,267.07,10.87
1,140.00,72,543.69,895.53,8.08
1,140.00,73,703.84,613.96,23.09
1,140.00,74,435.01,767.95,14.08
1,140.00,75,716.66,633.96,11.04
1,140.00,76,598.41,509.21,10.46
1,140.00,77,498.50,575.50,16.29
1,140.00,78,477.77,679.05,14.47
1,140.00,79,185.85,574.02,23.74
1,140.00,80,97.61,254.16,6.24
1,140.00,81,693.64,192.93,12.39
1,140.00,82,103.68,510.22,0.00
1,140.00,83,855.83,787.75,5.28
1,140.00,84,206.84,460.57,5.50
1,140.00,85,702.68,458.56,14.31
1,140.00,86,671.27,622.85,21.51
1,140.00,87,348.09,610.16,5.30
1,140.00,88,254.87,393.27,17.18
1,140.00,89,419.35,149.50,0.00
1,140.00,90,297.60,407.80,22.66
1,140.00,91,511.79,541.12,0.00
1,140.00,92,929.57,177.77,0.00
1,140.00,93,571.79,654.66,16.48
1,140.00,94,478.55,308.25,11.92
1,140.00,95,471.75,725.79,0.00
1,140.00,96,214.70,103.19,22.43
1,140.00,97,505.10,604.98,13.20
1,140.00,98,527.11,633.28,15.95
1,140.00,99,853.69,371.30,23.32
1,140.00,100,885.22,635.90,14.43
1,140.00,101,874.79,900.29,8.04
1,140.00,102,605.80,669.12,14.30
1,140.00,103,911.35,393.60,15.09
1,140.00,104,163.70,639.57,21.35
1,140.00,105,624.33,951.42,21.66
1,140.00,106,153.10,90.63,12.02
1,140.00,107,107.48,856.77,0.00
1,140.00,108,885.14,426.82,5.23
1,140.00,109,428.49,526.73,9.66
1,140.00,110,928.96,420.03,9.21
1,140.00,111,686.00,522.22,11.68
1,140.00,112,371.08,388.32,16.14
1,140.00,113,659.68,273.54,10.98
1,140.00,114,947.92,215.57,9.47
1,140.00,115,341.63,451.53,9.27
1,140.00,116,386.79,587.99,10.64
1,140.00,117,732.45,111.93,0.00
1,140.00,118,202.59,276.57,13.59
1,140.00,119,388.65,335.21,12.30
1,140.00,120,14.30,379.31,7.22
1,140.00,121,357.60,752.97,18.50
1,140.00,122,477.36,633.47,21.92
1,140.00,123,26.96,151.31,0.00
1,140.00,124,55.19,212.02,7.03
1,140.00,125,557.92,381.18,11.31
1,140.00,126,560.48,381.13,7.42
1,140.00,127,664.52,697.77,5.41
1,140.00,128,160.34,380.96,0.00
1,140.00,129,890.82,507.63,19.13
1,140.00,130,280.43,335.63,5.72
1,140.00,131,691.57,308.26,13.41
1,140.00,132,603.46,343.81,22.31
1,140.00,133,48.39,460.17,17.49
1,140.00,134,650.95,751.23,11.48
1,140.00,135,121.92,546.49,16.67
1,140.00,136,419.98,500.57,10.86
1,140.00,137,442.76,350.69,18.06
1,140.00,138,732.21,686.75,7.36
1,140.00,139,344.05,236.70,12.88
1,140.00,140,360.19,600.27,24.76
1,140.00,141,226.34,486.33,11.07
1,140.00,142,93.34,187.16,9.06
1,140.00,143,735.34,529.63,0.00
1,140.00,144,862.88,916.05,8.91
1,140.00,145,842.77,120.54,5.49
1,140.00,146,615.92,974.07,0.00
1,140.00,147,596.96,267.16,6.78
1,140.00,148,209.09,924.84,21.16
1,140.00,149,763.61,689.57,0.00
1,140.00,150,565.22,225.76,6.96
1,140.00,151,20.28,73.56,0.00
1,140.00,152,342.88,757.29,7.93
1,140.00,153,925.00,566.44,12.96
1,140.00,154,477.76,700.72,17.59
1,140.00,155,778.25,220.56,10.55
1,140.00,156,143.31,667.48,0.00
1,140.00,157,344.27,436.36,6.44
1,140.00,158,397.14,621.84,12.43
1,140.00,159,348.96,112.14,7.45
1,140.00,160,471.74,351.86,0.00
1,140.00,161,792.88,841.14,20.03
1,140.00,162,465.39,394.39,17.94
1,140.00,163,343.16,629.04,24.12
1,140.00,164,198.91,248.15,9.06
1,140.00,165,731.13,146.87,14.17
1,140.00,166,121.83,530.55,11.79
1,140.00,167,69.13,552.88,8.63
1,140.00,168,738.63,211.11,6.10
1,140.00,169,831.73,526.04,5.18
1,140.00,170,948.32,379.63,8.37
1,140.00,171,372.12,218.07,18.62
1,140.00,172,620.85,871.39,19.17
1,140.00,173,320.33,103.37,13.80
1,140.00,174,383.50,829.89,0.00
1,140.00,175,159.51,737.75,13.99
1,140.00,176,254.69,643.91,12.76
1,140.00,177,800.14,479.78,15.19
1,140.00,178,524.98,287.51,5.09
1,140.00,179,243.03,152.20,6.50
1,140.00,180,935.27,960.83,0.00
1,140.00,181,243.85,407.67,10.61
1,140.00,182,741.99,361.79,10.84
1,140.00,183,625.32,924.99,11.03
1,140.00,184,341.36,554.89,17.93
1,140.00,185,864.36,830.57,9.53
1,140.00,186,826.20,230.62,5.80
1,140.00,187,603.91,261.34,8.09
1,140.00,188,515.37,451.70,17.04
1,140.00,189,746.42,339.61,16.25
1,140.00,190,312.40,334.01,5.82
1,140.00,191,330.57,336.56,5.27
1,140.00,192,659.56,480.06,11.58
1,140.00,193,281.12,968.91,13.42
1,140.00,194,338.94,46.57,19.57
1,140.00,195,451.38,916.45,15.48
1,140.00,196,218.93,461.46,8.06
1,140.00,197,369.11,630.94,12.41
1,140.00,198,429.22,386.55,20.81
1,140.00,199,751.90,675.84,9.46
1,140.00,200,290.70,600.45,6.02
1,140.00,201,256.27,884.98,19.02
1,140.00,202,72.08,425.06,0.00
1,140.00,203,806.90,858.10,9.85
1,140.00,204,783.69,429.56,15.68
1,140.00,205,496.40,659.58,20.83
1,140.00,206,808.21,290.42,23.02
1,140.00,207,859.48,178.15,0.00
1,140.00,208,408.85,368.04,0.00
1,140.00,209,466.15,291.67,7.55
1,140.00,210,979.63,140.10,0.00
1,140.00,211,945.86,522.19,0.00
1,140.00,212,91.74,456.79,5.12
1,140.00,213,84.11,80.07,6.89
1,140.00,214,212.89,766.45,11.53
1,140.00,215,492.67,478.51,0.00
1,140.00,216,527.62,251.78,14.52
1,140.00,217,693.36,770.55,7.95
1,140.00,218,776.67,941.31,7.19
1,140.00,219,616.66,895.92,16.29
1,140.00,220,237.58,901.75,10.14
1,140.00,221,817.15,893.49,7.12
1,140.00,222,23.40,39.25,0.00
1,140.00,223,410.09,430.11,15.54
1,140.00,224,821.56,559.81,7.93
1,140.00,225,362.33,465.31,5.72
1,140.00,226,919.83,264.45,13.02
1,140.00,227,380.96,929.73,0.00
1,140.00,228,90.56,495.56,0.00
1,140.00,229,319.41,122.46,11.31
1,140.00,230,857.40,466.63,13.31
1,140.00,231,674.76,554.61,17.03
1,140.00,232,334.17,860.17,10.10
1,140.00,233,122.80,576.28,6.17
1,140.00,234,845.46,829.77,16.26
1,140.00,235,600.00,419.60,20.49
1,140.00,236,108.99,262.71,17.48
1,140.00,237,370.24,611.80,6.82
1,140.00,238,336.82,525.43,5.41
1,140.00,239,996.67,682.73,0.00
1,140.00,240,524.10,187.47,18.78
1,140.00,241,431.37,913.92,5.66
1,140.00,242,540.96,123.78,10.96
1,140.00,243,26.74,892.52,0.00
1,140.00,244,522.44,685.83,14.41
1,140.00,245,782.71,514.73,20.09
1,140.00,246,288.22,322.58,16.07
1,140.00,247,27.77,172.71,0.00
1,140.00,248,594.51,185.51,17.14
1,140.00,249,177.21,588.36,7.27
1,140.00,250,387.68,416.89,9.90
1,140.00,251,487.29,778.28,20.76
1,140.00,252,344.11,717.30,22.44
1,140.00,253,517.26,541.92,17.22
1,140.00,254,776.15,411.47,24.30
1,140.00,255,159.41,311.12,0.00
1,140.00,256,830.71,506.48,13.20
1,140.00,257,445.76,887.14,15.14
1,140.00,258,398.43,578.99,13.98
1,140.00,259,544.00,294.99,5.89
1,140.00,260,609.22,381.64,5.00
1,140.00,261,973.78,956.13,20.46
1,140.00,262,537.82,615.00,13.56
1,140.00,263,603.91,572.46,20.60
1,140.00,264,407.44,397.36,5.47
1,140.00,265,469.08,300.59,6.51
1,140.00,266,323.08,656.05,11.41
1,140.00,267,407.01,579.91,12.54
1,140.00,268,309.32,743.22,12.65
1,140.00,269,205.01,921.37,0.00
1,140.00,270,767.90,234.08,11.49
1,140.00,271,817.87,191.87,13.66
1,140.00,272,333.79,560.23,24.02
1,140.00,273,389.30,538.75,23.97
1,140.00,274,816.82,355.35,0.00
1,140.00,275,850.14,627.30,0.00
1,140.00,276,508.17,521.01,0.00
1,140.00,277,854.51,316.52,0.00
1,140.00,278,281.16,390.27,12.87
1,140.00,279,694.93,772.63,0.00
1,140.00,280,628.93,863.63,22.60
1,140.00,281,504.73,633.24,5.92
1,140.00,282,597.99,595.01,21.07
1,140.00,283,649.72,239.68,5.68
1,140.00,284,649.34,210.23,14.14
1,140.00,285,246.60,818.23,5.80
1,140.00,286,114.12,444.49,15.44
1,140.00,287,588.87,701.87,0.00
1,140.00,288,409.90,402.49,5.19
1,140.00,289,657.03,588.78,9.20
1,140.00,290,183.73,132.06,19.14
1,140.00,291,213.14,470.39,23.52
1,140.00,292,703.27,191.80,19.23
1,140.00,293,656.52,627.39,16.88
1,140.00,294,784.45,463.25,9.44
1,140.00,295,168.20,398.72,21.76
1,140.00,296,680.11,231.73,8.37
1,140.00,297,927.28,819.84,18.16
1,140.00,298,158.19,194.80,22.31
1,140.00,299,503.53,533.67,14.90
1,140.00,300,139.87,816.29,0.00
1,140.00,301,428.29,219.32,16.72
1,140.00,302,273.94,828.95,22.51
1,140.00,303,561.40,553.70,0.00
1,140.00,304,126.92,91.28,7.37
1,140.00,305,140.63,720.35,0.00
1,140.00,306,526.83,760.16,21.91
1,140.00,307,811.99,25.01,0.00
1,140.00,308,417.95,661.80,5.81
1,140.00,309,465.79,529.36,5.35
1,140.00,310,559.35,727.41,24.23
1,140.00,311,53.55,305.31,0.00
1,140.00,312,837.62,678.94,12.27
1,140.00,313,500.51,435.21,23.17
1,140.00,314,460.29,420.73,5.06
1,140.00,315,337.29,590.71,9.04
1,140.00,316,412.24,285.08,23.66
1,140.00,317,531.79,390.03,7.78
1,140.00,318,804.22,677.76,5.03
1,140.00,319,36.65,103.57,0.00
1,140.00,320,404.00,338.10,11.10
1,140.00,321,315.00,550.71,0.00
1,140.00,322,198.86,966.13,0.00
1,140.00,323,778.30,748.31,6.88
1,140.00,324,493.10,889.00,6.63
1,140.00,325,786.30,787.78,10.37
1,140.00,326,731.78,212.98,7.35
1,140.00,327,525.99,616.82,8.96
1,140.00,328,280.17,636.66,11.68
1,140.00,329,901.65,679.34,21.56
1,140.00,330,832.22,555.59,0.00
1,140.00,331,613.73,454.20,10.56
1,140.00,332,819.82,694.15,13.00
1,140.00,333,403.85,680.31,10.79
1,140.00,334,240.29,499.67,10.97
1,140.00,335,516.14,344.19,13.27
1,140.00,336,28.47,240.24,0.00
1,140.00,337,432.14,642.94,9.60
1,140.00,338,797.41,516.99,5.78
1,140.00,339,664.35,547.11,15.26
1,140.00,340,334.21,481.98,16.50
1,140.00,341,770.64,717.30,0.00
1,140.00,342,921.30,296.38,0.00
1,140.00,343,617.55,606.07,7.55
1,140.00,344,254.14,924.77,13.94
1,140.00,345,539.13,279.50,0.00
1,140.00,346,69.22,751.71,9.14
1,140.00,347,429.06,108.38,17.59
1,140.00,348,878.25,223.23,6.76
1,140.00,349,368.24,765.13,11.28
1,140.00,350,612.36,600.40,6.91
1,140.00,351,616.04,501.27,23.37
1,140.00,352,516.03,923.15,11.23
1,140.00,353,35.15,149.86,16.54
1,140.00,354,554.16,686.78,8.89
1,140.00,355,109.65,329.22,5.24
1,140.00,356,391.69,131.82,5.11
1,140.00,357,745.38,300.73,13.39
1,140.00,358,522.90,637.62,22.52
1,140.00,359,263.43,753.21,11.02
1,140.00,360,207.61,418.19,5.48
1,140.00,361,98.94,964.16,0.00
1,140.00,362,760.97,373.64,9.65
1,140.00,363,115.39,411.18,20.36
1,140.00,364,253.83,509.83,0.00
1,140.00,365,674.95,806.40,10.03
1,140.00,366,428.64,712.79,24.27
1,140.00,367,519.88,306.26,7.17
1,140.00,368,278.29,814.92,9.43
1,140.00,369,351.43,679.25,19.05
1,140.00,370,362.24,601.92,23.99
1,140.00,371,739.77,562.75,17.74
1,140.00,372,728.82,871.99,10.21
1,140.00,373,790.25,78.96,6.39
1,140.00,374,888.97,226.50,18.41
1,140.00,375,910.33,415.62,16.86
1,140.00,376,362.13,155.10,5.11
1,140.00,377,790.87,184.00,10.02
1,140.00,378,383.09,689.59,15.15
1,140.00,379,192.14,948.41,13.98
1,140.00,380,912.21,911.22,0.00
1,140.00,381,604.08,476.85,5.09
1,140.00,382,506.02,675.04,9.81
1,140.00,383,614.59,969.97,0.00
1,140.00,384,732.00,832.58,21.81
1,140.00,385,585.15,414.45,8.02
1,140.00,386,444.47,467.96,9.89
1,140.00,387,214.27,905.89,21.32
1,140.00,388,216.41,105.08,9.25
1,140.00,389,446.14,820.47,9.66
1,140.00,390,161.79,704.56,18.76
1,140.00,391,245.25,275.07,6.88
1,140.00,392,679.37,620.12,9.79
1,140.00,393,599.12,567.56,7.59
1,140.00,394,222.60,80.41,24.71
1,140.00,395,210.04,770.36,9.80
1,140.00,396,297.83,468.18,5.88
1,140.00,397,316.09,634.75,11.14
1,140.00,398,836.93,816.80,7.20
1,140.00,399,313.45,460.74,9.78
1,150.00,0,561.53,49.18,0.00
1,150.00,1,527.87,314.36,12.41
1,150.00,2,922.39,767.89,6.19
1,150.00,3,20.07,798.35,0.00
1,150.00,4,296.13,552.65,20.79
1,150.00,5,270.44,806.92,9.34
1,150.00,6,726.09,693.20,8.28
1,150.00,7,712.59,210.45,5.79
1,150.00,8,287.23,353.99,8.69
1,150.00,9,885.43,660.54,12.77
1,150.00,10,801.63,590.00,5.44
1,150.00,11,583.13,310.45,20.54
1,150.00,12,90.81,409.59,12.92
1,150.00,13,507.45,662.09,19.08
1,150.00,14,529.15,306.46,13.51
1,150.00,15,441.80,723.36,0.00
1,150.00,16,391.34,470.93,6.65
1,150.00,17,474.90,965.50,6.75
1,150.00,18,702.95,302.87,10.92
1,150.00,19,810.84,813.25,8.96
1,150.00,20,891.13,259.07,18.94
1,150.00,21,340.15,717.12,20.70
1,150.00,22,783.77,816.59,15.84
1,150.00,23,273.67,290.85,0.00
1,150.00,24,905.69,319.26,16.37
1,150.00,25,206.87,129.28,14.48
1,150.00,26,557.31,493.27,21.59
1,150.00,27,758.58,460.85,15.59
1,150.00,28,417.41,595.20,8.88
1,150.00,29,717.61,370.21,7.87
1,150.00,30,445.88,647.64,0.00
1,150.00,31,228.65,601.11,17.65
1,150.00,32,575.69,743.69,8.64
1,150.00,33,753.77,603.90,7.88
1,150.00,34,634.12,431.16,7.69
1,150.00,35,748.87,96.96,7.38
1,150.00,36,823.77,730.01,13.62
1,150.00,37,928.89,847.84,11.23
1,150.00,38,808.91,564.04,8.86
1,150.00,39,225.36,583.69,17.24
1,150.00,40,631.60,49.94,0.00
1,150.00,41,325.61,363.92,9.66
1,150.00,42,675.77,187.83,9.88
1,150.00,43,618.79,996.95,0.00
1,150.00,44,541.83,216.55,0.00
1,150.00,45,819.28,260.72,7.28
1,150.00,46,78.05,726.41,0.00
1,150.00,47,450.44,664.67,12.95
1,150.00,48,522.88,463.21,7.36
1,150.00,49,140.49,118.21,0.00
1,150.00,50,452.72,506.62,14.16
1,150.00,51,522.57,104.44,14.21
1,150.00,52,30.11,304.29,0.00
1,150.00,53,554.16,590.47,13.05
1,150.00,54,850.52,605.57,18.57
1,150.00,55,182.38,757.74,7.41
1,150.00,56,265.87,795.92,22.42
1,150.00,57,802.46,312.04,13.38
1,150.00,58,874.81,309.04,20.15
1,150.00,59,552.02,553.82,0.00
1,150.00,60,704.87,667.64,12.18
1,150.00,61,317.19,580.50,5.71
1,150.00,62,100.75,247.22,6.18
1,150.00,63,163.84,901.12,17.66
1,150.00,64,893.86,678.52,17.93
1,150.00,65,313.36,253.72,6.10
1,150.00,66,481.35,286.04,19.07
1,150.00,67,821.47,484.67,5.79
1,150.00,68,606.37,710.41,20.57
1,150.00,69,632.01,558.80,16.40
1,150.00,70,960.05,876.37,0.00
1,150.00,71,118.41,249.86,0.00
1,150.00,72,524.13,943.70,0.00
1,150.00,73,887.12,754.40,23.09
1,150.00,74,382.84,637.18,14.08
1,150.00,75,608.09,614.06,11.04
1,150.00,76,686.15,566.16,10.46
1,150.00,77,355.38,497.78,16.29
1,150.00,78,606.18,745.66,14.47
1,150.00,79,87.16,611.09,0.00
1,150.00,80,128.11,308.64,6.24
1,150.00,81,790.22,115.40,12.39
1,150.00,82,104.77,500.79,10.73
1,150.00,83,884.25,807.02,0.00
1,150.00,84,156.32,482.34,5.50
1,150.00,85,823.69,455.45,0.00
1,150.00,86,542.36,450.61,21.51
1,150.00,87,316.87,567.30,5.30
1,150.00,88,102.82,313.20,17.18
1,150.00,89,323.43,243.92,20.99
1,150.00,90,145.09,550.45,0.00
1,150.00,91,506.31,661.59,14.49
1,150.00,92,917.22,180.60,6.69
1,150.00,93,433.92,564.41,16.48
1,150.00,94,565.16,226.36,11.92
1,150.00,95,467.64,720.07,20.15
1,150.00,96,177.15,324.31,22.43
1,150.00,97,592.55,506.13,13.20
1,150.00,98,409.91,737.42,0.00
1,150.00,99,962.63,415.52,0.00
1,150.00,100,961.15,732.85,0.00
1,150.00,101,794.84,909.02,8.04
1,150.00,102,594.35,811.69,14.30
1,150.00,103,779.65,467.34,15.09
1,150.00,104,355.66,732.92,21.35
1,150.00,105,836.15,905.99,21.66
1,150.00,106,77.52,184.09,12.02
1,150.00,107,193.20,823.67,21.13
1,150.00,108,895.38,426.04,0.00
1,150.00,109,508.96,580.11,9.66
1,150.00,110,949.70,330.28,9.21
1,150.00,111,692.72,638.81,11.68
1,150.00,112,290.20,410.85,0.00
1,150.00,113,552.59,249.47,10.98
1,150.00,114,965.53,122.51,9.47
1,150.00,115,249.30,443.82,9.27
1,150.00,116,425.58,650.25,0.00
1,150.00,117,735.69,119.98,20.08
1,150.00,118,95.87,360.66,13.59
1,150.00,119,447.59,443.17,12.30
1,150.00,120,13.48,451.52,7.22
1,150.00,121,364.01,568.12,18.50
1,150.00,122,286.04,526.45,21.92
1,150.00,123,79.59,160.25,8.96
1,150.00,124,123.96,197.52,7.03
1,150.00,125,532.49,271.00,11.31
1,150.00,126,634.69,378.89,7.42
1,150.00,127,709.82,668.18,5.41
1,150.00,128,148.30,443.04,12.04
1,150.00,129,875.07,698.27,19.13
1,150.00,130,323.32,373.51,5.72
1,150.00,131,583.04,229.50,13.41
1,150.00,132,559.37,125.08,22.31
1,150.00,133,218.87,499.41,17.49
1,150.00,134,689.62,859.34,11.48
1,150.00,135,110.21,541.91,0.00
1,150.00,136,312.56,484.52,10.86
1,150.00,137,582.64,236.41,18.06
1,150.00,138,789.44,640.51,7.36
1,150.00,139,244.60,239.25,0.00
1,150.00,140,357.32,847.84,24.76
1,150.00,141,335.40,505.26,11.07
1,150.00,142,148.42,259.05,9.06
1,150.00,143,727.14,501.46,10.51
1,150.00,144,813.23,842.07,8.91
1,150.00,145,799.06,153.75,5.49
1,150.00,146,556.40,965.53,9.41
1,150.00,147,660.97,244.73,6.78
1,150.00,148,302.86,735.19,21.16
1,150.00,149,815.49,733.62,24.01
1,150.00,150,553.53,199.44,0.00
1,150.00,151,55.99,95.50,10.05
1,150.00,152,317.80,682.07,7.93
1,150.00,153,923.73,572.47,0.00
1,150.00,154,357.13,572.70,17.59
1,150.00,155,814.91,319.49,10.55
1,150.00,156,334.97,691.82,22.43
1,150.00,157,294.64,395.27,6.44
1,150.00,158,448.48,508.67,12.43
1,150.00,159,409.22,155.92,7.45
1,150.00,160,466.91,348.45,6.90
1,150.00,161,654.00,756.55,0.00
1,150.00,162,331.42,513.77,17.94
1,150.00,163,386.03,717.73,0.00
1,150.00,164,284.59,277.49,9.06
1,150.00,165,731.65,129.77,0.00
1,150.00,166,5.83,551.58,11.79
1,150.00,167,154.79,563.68,8.63
1,150.00,168,706.95,263.19,6.10
1,150.00,169,846.89,575.59,5.18
1,150.00,170,957.74,296.49,8.37
1,150.00,171,185.93,221.24,18.62
1,150.00,172,694.23,872.24,0.00
1,150.00,173,185.93,72.26,13.80
1,150.00,174,339.98,736.65,21.38
1,150.00,175,140.94,752.54,0.00
1,150.00,176,364.18,578.34,12.76
1,150.00,177,808.83,328.17,15.19
1,150.00,178,531.33,337.98,5.09
1,150.00,179,206.93,146.73,0.00
1,150.00,180,824.93,921.28,13.58
1,150.00,181,240.92,301.61,10.61
1,150.00,182,667.13,440.21,10.84
1,150.00,183,556.35,838.88,11.03
1,150.00,184,350.06,435.14,0.00
1,150.00,185,874.78,735.79,9.53
1,150.00,186,881.42,213.05,5.80
1,150.00,187,680.70,246.03,0.00
1,150.00,188,391.06,335.21,17.04
1,150.00,189,678.31,192.05,16.25
1,150.00,190,332.08,388.78,5.82
1,150.00,191,278.24,330.65,5.27
1,150.00,192,580.22,564.45,11.58
1,150.00,193,172.45,965.58,0.00
1,150.00,194,317.31,241.04,19.57
1,150.00,195,459.51,919.67,0.00
1,150.00,196,144.88,429.64,8.06
1,150.00,197,317.92,605.10,0.00
1,150.00,198,299.99,223.37,20.81
1,150.00,199,797.82,642.42,0.00
1,150.00,200,314.34,655.81,6.02
1,150.00,201,85.48,801.26,19.02
1,150.00,202,76.13,411.04,0.00
1,150.00,203,819.75,931.50,0.00
1,150.00,204,660.57,526.74,15.68
1,150.00,205,704.40,669.74,20.83
1,150.00,206,968.93,187.16,0.00
1,150.00,207,858.51,199.65,8.09
1,150.00,208,469.83,332.12,13.33
1,150.00,209,500.32,323.44,0.00
1,150.00,210,973.46,142.14,12.82
1,150.00,211,858.78,461.74,24.90
1,150.00,212,106.53,407.77,5.12
1,150.00,213,52.57,68.89,0.00
1,150.00,214,317.58,718.17,11.53
1,150.00,215,484.86,511.90,6.74
1,150.00,216,633.19,160.42,0.00
1,150.00,217,664.57,696.48,7.95
1,150.00,218,776.73,943.73,0.00
1,150.00,219,590.65,735.08,16.29
1,150.00,220,194.18,946.92,0.00
1,150.00,221,771.66,838.77,7.12
1,150.00,222,56.97,56.43,8.97
1,150.00,223,361.53,466.26,0.00
1,150.00,224,829.38,480.94,7.93
1,150.00,225,404.58,503.87,5.72
1,150.00,226,919.99,394.65,13.02
1,150.00,227,367.37,871.71,10.40
1,150.00,228,137.12,531.80,8.24
1,150.00,229,276.78,51.27,0.00
1,150.00,230,727.74,496.84,13.31
1,150.00,231,509.15,514.89,17.03
1,150.00,232,235.02,840.71,10.10
1,150.00,233,140.62,517.22,6.17
1,150.00,234,932.82,918.54,0.00
1,150.00,235,501.03,286.11,0.00
1,150.00,236,12.20,180.14,0.00
1,150.00,237,310.40,579.02,6.82
1,150.00,238,301.02,484.89,5.41
1,150.00,239,981.49,676.90,23.41
1,150.00,240,637.20,202.27,0.00
1,150.00,241,380.18,889.84,5.66
1,150.00,242,632.86,63.97,10.96
1,150.00,243,75.05,786.96,15.50
1,150.00,244,660.81,726.12,14.41
1,150.00,245,691.52,335.70,20.09
1,150.00,246,309.01,372.18,0.00
1,150.00,247,36.54,191.00,12.43
1,150.00,248,706.66,115.88,0.00
1,150.00,249,245.33,613.84,7.27
1,150.00,250,480.66,450.77,9.90
1,150.00,251,439.40,576.31,20.76
1,150.00,252,565.46,753.88,22.44
1,150.00,253,561.16,708.48,17.22
1,150.00,254,651.97,550.85,0.00
1,150.00,255,175.20,307.73,10.31
1,150.00,256,714.14,524.31,0.00
1,150.00,257,422.18,927.02,0.00
1,150.00,258,538.13,574.98,13.98
1,150.00,259,529.55,352.06,5.89
1,150.00,260,643.63,345.35,5.00
1,150.00,261,926.46,757.06,20.46
1,150.00,262,657.51,678.63,13.56
1,150.00,263,759.49,437.46,20.60
1,150.00,264,375.96,352.65,5.47
1,150.00,265,482.87,319.52,0.00
1,150.00,266,392.62,626.89,0.00
1,150.00,267,400.31,576.86,0.00
1,150.00,268,239.31,637.87,12.65
1,150.00,269,188.65,908.45,13.85
1,150.00,270,764.93,220.42,0.00
1,150.00,271,701.07,262.70,13.66
1,150.00,272,569.31,607.61,24.02
1,150.00,273,537.96,350.69,23.97
1,150.00,274,733.55,306.41,9.82
1,150.00,275,812.64,621.07,6.81
1,150.00,276,558.99,527.16,9.29
1,150.00,277,894.39,215.00,12.80
1,150.00,278,216.95,362.47,0.00
1,150.00,279,673.62,769.82,13.39
1,150.00,280,714.65,654.54,22.60
1,150.00,281,455.90,666.80,5.92
1,150.00,282,791.23,510.97,21.07
1,150.00,283,672.87,291.55,5.68
1,150.00,284,507.91,211.80,14.14
1,150.00,285,189.77,830.05,5.80
1,150.00,286,179.81,304.72,15.44
1,150.00,287,577.22,661.53,9.74
1,150.00,288,436.06,447.32,5.19
1,150.00,289,637.15,678.55,9.20
1,150.00,290,24.10,44.25,0.00
1,150.00,291,416.83,587.90,23.52
1,150.00,292,829.99,65.38,0.00
1,150.00,293,759.64,760.99,16.88
1,150.00,294,859.65,520.25,9.44
1,150.00,295,63.12,208.19,21.76
1,150.00,296,608.30,274.68,8.37
1,150.00,297,924.44,638.27,18.16
1,150.00,298,219.00,310.55,0.00
1,150.00,299,601.66,645.76,14.90
1,150.00,300,138.79,701.23,16.81
1,150.00,301,505.44,367.67,16.72
1,150.00,302,278.18,603.87,22.51
1,150.00,303,567.48,581.80,5.46
1,150.00,304,168.81,151.87,7.37
1,150.00,305,141.27,712.95,5.82
1,150.00,306,669.98,594.28,21.91
1,150.00,307,806.88,25.69,18.28
1,150.00,308,359.84,659.89,5.81
1,150.00,309,502.09,568.63,5.35
1,150.00,310,413.38,534.01,24.23
1,150.00,311,56.64,309.37,5.93
1,150.00,312,875.96,665.58,0.00
1,150.00,313,520.72,436.25,0.00
1,150.00,314,468.46,370.77,5.06
1,150.00,315,423.68,617.33,9.04
1,150.00,316,354.18,140.53,0.00
1,150.00,317,565.89,414.29,0.00
1,150.00,318,777.14,635.36,5.03
1,150.00,319,37.46,103.68,11.56
1,150.00,320,329.47,420.34,11.10
1,150.00,321,381.27,654.10,17.09
1,150.00,322,258.59,887.20,22.18
1,150.00,323,800.47,683.17,6.88
1,150.00,324,505.43,954.17,6.63
1,150.00,325,784.08,891.45,10.37
1,150.00,326,770.96,150.79,7.35
1,150.00,327,568.61,695.64,8.96
1,150.00,328,163.82,647.23,11.68
1,150.00,329,853.34,889.50,21.56
1,150.00,330,822.87,504.08,12.85
1,150.00,331,550.78,369.39,10.56
1,150.00,332,933.73,631.43,13.00
1,150.00,333,428.07,785.44,10.79
1,150.00,334,233.80,390.14,10.97
1,150.00,335,474.86,269.43,0.00
1,150.00,336,153.71,186.02,18.68
1,150.00,337,443.55,547.61,9.60
1,150.00,338,739.81,512.09,5.78
1,150.00,339,791.36,502.24,0.00
1,150.00,340,272.40,343.37,0.00
1,150.00,341,767.68,709.84,10.31
1,150.00,342,876.22,279.31,7.06
1,150.00,343,666.77,663.36,7.55
1,150.00,344,114.73,924.02,13.94
1,150.00,345,516.68,277.15,21.12
1,150.00,346,53.86,775.03,0.00
1,150.00,347,413.56,92.28,0.00
1,150.00,348,930.64,180.46,6.76
1,150.00,349,476.55,733.43,11.28
1,150.00,350,586.84,664.60,6.91
1,150.00,351,491.06,583.49,0.00
1,150.00,352,420.94,863.43,11.23
1,150.00,353,1.55,96.21,0.00
1,150.00,354,478.96,734.26,8.89
1,150.00,355,63.82,354.59,5.24
1,150.00,356,442.20,139.40,5.11
1,150.00,357,877.25,277.72,13.39
1,150.00,358,692.11,488.95,22.52
1,150.00,359,366.94,791.01,11.02
1,150.00,360,219.48,471.70,5.48
1,150.00,361,105.42,926.81,21.96
1,150.00,362,805.60,318.60,0.00
1,150.00,363,312.02,358.50,20.36
1,150.00,364,286.34,350.93,22.95
1,150.00,365,603.66,735.83,10.03
1,150.00,366,476.87,846.24,0.00
1,150.00,367,533.60,376.63,7.17
1,150.00,368,371.18,798.55,9.43
1,150.00,369,352.36,488.74,19.05
1,150.00,370,235.86,574.98,0.00
1,150.00,371,634.17,705.29,17.74
1,150.00,372,728.11,872.91,0.00
1,150.00,373,791.98,83.63,0.00
1,150.00,374,902.18,270.51,0.00
1,150.00,375,749.21,465.16,16.86
1,150.00,376,394.00,195.10,5.11
1,150.00,377,691.37,196.08,10.02
1,150.00,378,383.36,693.06,0.00
1,150.00,379,179.54,976.08,0.00
1,150.00,380,903.11,889.53,20.83
1,150.00,381,589.97,525.70,5.09
1,150.00,382,434.03,654.11,0.00
1,150.00,383,615.63,962.15,7.99
1,150.00,384,910.78,865.42,0.00
1,150.00,385,523.45,363.21,8.02
1,150.00,386,509.77,542.21,9.89
1,150.00,387,206.25,904.37,0.00
1,150.00,388,218.03,97.03,0.00
1,150.00,389,353.89,791.85,9.66
1,150.00,390,75.96,871.43,18.76
1,150.00,391,293.67,323.91,6.88
1,150.00,392,742.65,545.40,9.79
1,150.00,393,539.19,614.14,7.59
1,150.00,394,214.33,26.73,0.00
1,150.00,395,307.91,766.17,9.80
1,150.00,396,344.23,431.99,5.88
1,150.00,397,397.28,558.51,11.14
1,150.00,398,834.56,744.85,7.20
1,150.00,399,231.84,406.87,9.78
1,160.00,0,561.87,52.86,5.69
1,160.00,1,434.22,273.99,0.00
1,160.00,2,923.58,705.98,6.19
1,160.00,3,54.31,782.17,13.15
1,160.00,4,496.01,610.01,20.79
1,160.00,5,350.79,759.38,9.34
1,160.00,6,695.42,616.32,8.28
1,160.00,7,683.25,160.49,5.79
1,160.00,8,283.08,440.75,8.69
1,160.00,9,773.42,599.22,12.77
1,160.00,10,816.80,537.72,5.44
1,160.00,11,716.19,403.34,0.00
1,160.00,12,94.77,430.88,0.00
1,160.00,13,684.73,732.63,19.08
1,160.00,14,663.63,293.28,13.51
1,160.00,15,410.26,666.93,19.45
1,160.00,16,453.18,446.37,6.65
1,160.00,17,542.40,966.82,6.75
1,160.00,18,701.35,300.78,0.00
1,160.00,19,723.66,833.77,8.96
1,160.00,20,838.33,313.73,0.00
1,160.00,21,507.20,594.90,20.70
1,160.00,22,854.41,674.79,15.84
1,160.00,23,370.86,434.62,17.43
1,160.00,24,994.74,256.67,0.00
1,160.00,25,116.11,115.88,0.00
1,160.00,26,361.66,402.10,21.59
1,160.00,27,897.96,390.96,15.59
1,160.00,28,485.66,652.05,8.88
1,160.00,29,790.51,399.80,7.87
1,160.00,30,531.78,678.61,12.23
1,160.00,31,143.43,531.34,0.00
1,160.00,32,610.45,664.63,8.64
1,160.00,33,688.95,648.74,7.88
1,160.00,34,575.32,381.55,7.69
1,160.00,35,757.05,82.99,0.00
1,160.00,36,910.13,835.29,13.62
1,160.00,37,900.97,739.06,11.23
1,160.00,38,750.26,497.57,8.86
1,160.00,39,348.02,462.57,17.24
1,160.00,40,547.75,105.48,12.06
1,160.00,41,280.43,449.31,9.66
1,160.00,42,580.49,161.52,9.88
1,160.00,43,706.86,902.86,13.65
1,160.00,44,577.18,250.32,12.35
1,160.00,45,875.14,214.00,7.28
1,160.00,46,145.42,745.80,12.67
1,160.00,47,409.76,541.78,12.95
1,160.00,48,452.23,483.90,7.36
1,160.00,49,173.03,130.25,17.01
1,160.00,50,376.52,606.11,0.00
1,160.00,51,654.28,51.05,14.21
1,160.00,52,159.43,349.63,18.89
1,160.00,53,439.18,528.65,13.05
1,160.00,54,900.22,579.92,0.00
1,160.00,55,231.54,702.24,7.41
1,160.00,56,489.31,778.02,22.42
1,160.00,57,844.39,439.13,13.38
1,160.00,58,687.49,383.30,20.15
1,160.00,59,521.34,509.29,9.47
1,160.00,60,630.86,570.89,12.18
1,160.00,61,267.78,609.16,5.71
1,160.00,62,55.96,204.66,6.18
1,160.00,63,127.11,922.62,0.00
1,160.00,64,986.05,594.44,0.00
1,160.00,65,370.79,233.13,6.10
1,160.00,66,293.44,318.82,19.07
1,160.00,67,780.04,525.18,5.79
1,160.00,68,467.75,558.37,20.57
1,160.00,69,545.89,419.19,16.40
1,160.00,70,953.89,794.71,13.27
1,160.00,71,152.35,259.24,8.09
1,160.00,72,468.19,926.76,16.39
1,160.00,73,943.73,797.77,0.00
1,160.00,74,330.66,506.41,14.08
1,160.00,75,499.53,594.17,11.04
1,160.00,76,773.90,623.11,10.46
1,160.00,77,212.26,420.06,16.29
1,160.00,78,734.59,812.27,14.47
1,160.00,79,98.90,511.34,18.07
1,160.00,80,158.61,363.11,6.24
1,160.00,81,886.80,37.86,12.39
1,160.00,82,117.07,394.18,10.73
1,160.00,83,868.64,734.54,21.21
1,160.00,84,105.81,504.11,5.50
1,160.00,85,835.11,419.25,24.61
1,160.00,86,413.46,278.37,21.51
1,160.00,87,285.65,524.44,5.30
1,160.00,88,62.25,291.84,0.00
1,160.00,89,231.28,334.63,0.00
1,160.00,90,152.78,551.56,9.88
1,160.00,91,499.73,806.37,14.49
1,160.00,92,851.98,195.56,6.69
1,160.00,93,296.05,474.16,16.48
1,160.00,94,606.54,187.23,0.00
1,160.00,95,350.03,556.44,20.15
1,160.00,96,139.61,545.43,22.43
1,160.00,97,680.01,407.28,13.20
1,160.00,98,411.31,734.77,17.32
1,160.00,99,929.52,428.19,7.15
1,160.00,100,960.34,720.19,8.66
1,160.00,101,714.89,917.75,8.04
1,160.00,102,589.00,878.20,0.00
1,160.00,103,647.94,541.08,15.09
1,160.00,104,547.62,826.27,21.35
1,160.00,105,929.97,885.86,0.00
1,160.00,106,23.66,250.69,0.00
1,160.00,107,390.32,747.54,21.13
1,160.00,108,813.69,487.25,12.70
1,160.00,109,589.43,633.48,9.66
1,160.00,110,970.44,240.53,9.21
1,160.00,111,699.45,755.40,11.68
1,160.00,112,308.17,522.88,23.65
1,160.00,113,445.49,225.39,10.98
1,160.00,114,980.06,45.76,0.00
1,160.00,115,156.97,436.11,9.27
1,160.00,116,383.82,599.13,21.27
1,160.00,117,758.71,177.35,0.00
1,160.00,118,54.59,393.19,0.00
1,160.00,119,479.03,500.76,0.00
1,160.00,120,12.67,523.73,7.22
1,160.00,121,370.41,383.28,18.50
1,160.00,122,94.71,419.44,21.92
1,160.00,123,167.93,175.27,8.96
1,160.00,124,192.73,183.02,7.03
1,160.00,125,507.07,160.83,11.31
1,160.00,126,708.91,376.64,7.42
1,160.00,127,744.58,645.48,0.00
1,160.00,128,127.03,552.69,0.00
1,160.00,129,860.72,871.86,0.00
1,160.00,130,366.21,411.39,5.72
1,160.00,131,474.50,150.75,13.41
1,160.00,132,535.21,5.27,0.00
1,160.00,133,389.34,538.66,17.49
1,160.00,134,712.15,922.33,0.00
1,160.00,135,203.26,509.19,10.67
1,160.00,136,205.14,468.47,10.86
1,160.00,137,655.57,176.83,0.00
1,160.00,138,846.67,594.28,7.36
1,160.00,139,267.17,249.00,10.82
1,160.00,140,356.46,921.46,0.00
1,160.00,141,444.46,524.18,11.07
1,160.00,142,203.50,330.94,9.06
1,160.00,143,697.78,400.57,10.51
1,160.00,144,763.57,768.09,8.91
1,160.00,145,755.35,186.96,5.49
1,160.00,146,463.29,952.17,9.41
1,160.00,147,724.98,222.30,6.78
1,160.00,148,396.63,545.53,21.16
1,160.00,149,825.53,742.15,0.00
1,160.00,150,578.42,239.50,8.04
1,160.00,151,141.58,148.10,10.05
1,160.00,152,292.73,606.86,7.93
1,160.00,153,879.43,664.70,0.00
1,160.00,154,236.51,444.67,17.59
1,160.00,155,851.57,418.43,10.55
1,160.00,156,557.48,720.08,22.43
1,160.00,157,245.02,354.18,6.44
1,160.00,158,499.82,395.50,12.43
1,160.00,159,469.48,199.70,7.45
1,160.00,160,410.54,308.68,6.90
1,160.00,161,659.15,746.24,6.12
1,160.00,162,197.45,633.15,17.94
1,160.00,163,393.75,824.09,18.03
1,160.00,164,370.27,306.82,9.06
1,160.00,165,805.14,126.75,8.36
1,160.00,166,2.57,552.18,0.00
1,160.00,167,240.46,574.47,8.63
1,160.00,168,675.27,315.27,6.10
1,160.00,169,862.05,625.14,5.18
1,160.00,170,967.15,213.34,8.37
1,160.00,171,146.25,221.91,0.00
1,160.00,172,618.49,846.22,12.98
1,160.00,173,152.72,64.58,0.00
1,160.00,174,249.55,542.89,21.38
1,160.00,175,138.53,705.38,5.69
1,160.00,176,473.68,512.77,12.76
1,160.00,177,817.52,176.57,15.19
1,160.00,178,537.68,388.46,5.09
1,160.00,179,227.51,219.97,17.35
1,160.00,180,697.13,875.47,13.58
1,160.00,181,237.98,195.55,10.61
1,160.00,182,592.27,518.63,10.84
1,160.00,183,487.37,752.78,11.03
1,160.00,184,372.14,384.49,16.73
1,160.00,185,885.20,641.01,9.53
1,160.00,186,890.03,210.30,0.00
1,160.00,187,683.88,250.86,17.97
1,160.00,188,266.74,218.71,17.04
1,160.00,189,634.74,97.66,0.00
1,160.00,190,351.76,443.55,5.82
1,160.00,191,225.92,324.74,5.27
1,160.00,192,500.88,648.84,11.58
1,160.00,193,180.55,947.94,10.21
1,160.00,194,295.68,435.52,19.57
1,160.00,195,486.26,733.71,19.91
1,160.00,196,116.57,417.47,0.00
1,160.00,197,368.48,488.35,23.65
1,160.00,198,289.60,210.25,0.00
1,160.00,199,770.37,625.44,8.08
1,160.00,200,337.97,711.17,6.02
1,160.00,201,73.61,795.45,0.00
1,160.00,202,129.81,305.27,20.54
1,160.00,203,812.58,912.55,8.32
1,160.00,204,537.45,623.91,15.68
1,160.00,205,912.41,679.89,20.83
1,160.00,206,932.82,181.93,21.45
1,160.00,207,854.88,280.52,8.09
1,160.00,208,584.69,264.44,13.33
1,160.00,209,493.27,343.31,5.52
1,160.00,210,851.75,182.39,12.82
1,160.00,211,654.21,319.73,24.90
1,160.00,212,121.32,358.76,5.12
1,160.00,213,114.68,132.13,17.23
1,160.00,214,422.28,669.89,11.53
1,160.00,215,469.52,577.49,6.74
1,160.00,216,633.12,158.36,5.37
1,160.00,217,635.77,622.40,7.95
1,160.00,218,786.99,742.22,20.88
1,160.00,219,564.65,574.24,16.29
1,160.00,220,235.60,887.89,18.86
1,160.00,221,726.17,784.06,7.12
1,160.00,222,136.86,97.30,8.97
1,160.00,223,399.42,497.02,7.99
1,160.00,224,837.20,402.07,7.93
1,160.00,225,446.83,542.43,5.72
1,160.00,226,920.14,524.85,13.02
1,160.00,227,343.66,770.45,10.40
1,160.00,228,202.16,582.44,8.24
1,160.00,229,283.18,71.56,7.98
1,160.00,230,598.09,527.06,13.31
1,160.00,231,343.55,475.18,17.03
1,160.00,232,135.87,821.25,10.10
1,160.00,233,158.43,458.17,6.17
1,160.00,234,895.81,889.74,20.03
1,160.00,235,504.29,307.62,11.52
1,160.00,236,16.93,193.07,5.06
1,160.00,237,250.56,546.24,6.82
1,160.00,238,265.21,444.35,5.41
1,160.00,239,763.01,592.96,23.41
1,160.00,240,575.15,190.63,16.08
1,160.00,241,362.36,881.47,0.00
1,160.00,242,724.75,4.17,10.96
1,160.00,243,139.57,645.99,15.50
1,160.00,244,715.05,741.92,0.00
1,160.00,245,646.96,248.20,0.00
1,160.00,246,419.10,319.94,18.31
1,160.00,247,90.26,303.07,12.43
1,160.00,248,678.31,137.88,15.63
1,160.00,249,313.44,639.31,7.27
1,160.00,250,573.63,484.66,9.90
1,160.00,251,391.51,374.34,20.76
1,160.00,252,786.81,790.47,22.44
1,160.00,253,593.96,832.94,0.00
1,160.00,254,650.92,515.44,15.28
1,160.00,255,276.00,286.08,10.31
1,160.00,256,712.61,536.81,11.80
1,160.00,257,342.89,811.38,20.21
1,160.00,258,677.84,570.98,13.98
1,160.00,259,515.10,409.13,5.89
1,160.00,260,678.04,309.05,5.00
1,160.00,261,884.06,578.65,0.00
1,160.00,262,777.20,742.27,13.56
1,160.00,263,915.07,302.45,20.60
1,160.00,264,361.17,331.63,0.00
1,160.00,265,391.84,448.02,24.59
1,160.00,266,423.26,661.51,13.64
1,160.00,267,443.23,431.95,16.06
1,160.00,268,169.29,532.53,12.65
1,160.00,269,79.92,822.62,13.85
1,160.00,270,549.76,194.46,24.68
1,160.00,271,584.26,333.54,13.66
1,160.00,272,804.83,655.00,24.02
1,160.00,273,686.62,162.64,23.97
1,160.00,274,648.87,256.63,9.82
1,160.00,275,745.49,609.92,6.81
1,160.00,276,651.22,538.34,9.29
1,160.00,277,941.19,95.89,12.80
1,160.00,278,209.07,472.89,24.26
1,160.00,279,540.83,752.35,13.39
1,160.00,280,800.37,445.46,22.60
1,160.00,281,407.07,700.36,5.92
1,160.00,282,897.16,464.90,0.00
1,160.00,283,696.03,343.43,5.68
1,160.00,284,366.48,213.36,14.14
1,160.00,285,132.94,841.87,5.80
1,160.00,286,245.50,164.95,15.44
1,160.00,287,550.16,567.92,9.74
1,160.00,288,462.21,492.16,5.19
1,160.00,289,624.92,733.76,0.00
1,160.00,290,32.66,50.73,22.33
1,160.00,291,620.53,705.41,23.52
1,160.00,292,819.54,67.02,15.32
1,160.00,293,862.76,894.59,16.88
1,160.00,294,934.86,577.25,9.44
1,160.00,295,42.38,170.59,0.00
1,160.00,296,536.48,317.63,8.37
1,160.00,297,921.60,456.70,18.16
1,160.00,298,211.70,366.21,13.56
1,160.00,299,699.78,757.86,14.90
1,160.00,300,137.22,533.14,16.81
1,160.00,301,582.60,516.03,16.72
1,160.00,302,282.36,381.48,0.00
1,160.00,303,579.05,635.21,5.46
1,160.00,304,210.70,212.47,7.37
1,160.00,305,146.23,654.93,5.82
1,160.00,306,813.14,428.39,21.91
1,160.00,307,625.67,49.72,18.28
1,160.00,308,301.72,657.98,5.81
1,160.00,309,538.40,607.90,5.35
1,160.00,310,267.41,340.62,24.23
1,160.00,311,92.59,356.56,5.93
1,160.00,312,846.50,688.46,5.57
1,160.00,313,455.99,371.75,10.01
1,160.00,314,476.63,320.81,5.06
1,160.00,315,510.06,643.95,9.04
1,160.00,316,346.27,159.79,6.09
1,160.00,317,515.13,506.87,22.85
1,160.00,318,750.07,592.95,5.03
1,160.00,319,151.88,120.07,11.56
1,160.00,320,254.94,502.59,11.10
1,160.00,321,473.49,798.00,17.09
1,160.00,322,392.44,710.35,22.18
1,160.00,323,822.63,618.02,6.88
1,160.00,324,508.09,968.22,0.00
1,160.00,325,782.02,987.97,0.00
1,160.00,326,810.15,88.59,7.35
1,160.00,327,611.22,774.46,8.96
1,160.00,328,103.60,652.70,0.00
1,160.00,329,834.89,969.77,0.00
1,160.00,330,799.92,377.64,12.85
1,160.00,331,487.83,284.59,10.56
1,160.00,332,940.53,627.68,0.00
1,160.00,333,442.79,849.35,0.00
1,160.00,334,227.30,280.62,10.97
1,160.00,335,516.93,312.83,16.97
1,160.00,336,325.10,111.82,18.68
1,160.00,337,454.95,452.27,9.60
1,160.00,338,682.22,507.19,5.78
1,160.00,339,768.80,502.89,19.23
1,160.00,340,274.18,349.79,8.33
1,160.00,341,729.64,614.03,10.31
1,160.00,342,810.21,254.32,7.06
1,160.00,343,715.99,720.65,7.55
1,160.00,344,34.83,923.59,0.00
1,160.00,345,332.34,257.92,0.00
1,160.00,346,154.66,760.77,14.66
1,160.00,347,413.06,171.98,9.13
1,160.00,348,980.75,139.55,0.00
1,160.00,349,584.85,701.74,11.28
1,160.00,350,561.32,728.80,6.91
1,160.00,351,426.88,538.52,21.77
1,160.00,352,325.84,803.72,11.23
1,160.00,353,137.35,127.39,22.57
1,160.00,354,403.77,781.74,8.89
1,160.00,355,17.99,379.97,5.24
1,160.00,356,492.72,146.98,5.11
1,160.00,357,937.43,267.22,0.00
1,160.00,358,858.40,342.86,0.00
1,160.00,359,470.46,828.82,11.02
1,160.00,360,231.36,525.22,5.48
1,160.00,361,142.93,710.40,21.96
1,160.00,362,756.17,342.86,20.74
1,160.00,363,508.66,305.83,20.36
1,160.00,364,332.35,126.07,22.95
1,160.00,365,532.37,665.26,10.03
1,160.00,366,394.81,886.40,21.99
1,160.00,367,547.32,447.00,7.17
1,160.00,368,464.06,782.18,9.43
1,160.00,369,353.29,298.23,19.05
1,160.00,370,305.22,517.24,19.56
1,160.00,371,573.88,786.67,0.00
1,160.00,372,680.85,828.59,6.55
1,160.00,373,639.40,192.79,20.35
1,160.00,374,799.65,271.67,13.66
1,160.00,375,588.09,514.70,16.86
1,160.00,376,425.86,235.09,5.11
1,160.00,377,591.87,208.15,10.02
1,160.00,378,341.29,608.79,9.64
1,160.00,379,204.58,935.20,6.13
1,160.00,380,822.47,697.45,20.83
1,160.00,381,575.86,574.56,5.09
1,160.00,382,444.95,647.77,5.36
1,160.00,383,626.16,882.97,7.99
1,160.00,384,881.56,842.83,22.19
1,160.00,385,461.75,311.98,8.02
1,160.00,386,575.07,616.46,9.89
1,160.00,387,181.81,718.03,19.54
1,160.00,388,232.12,156.53,6.71
1,160.00,389,261.63,763.22,9.66
1,160.00,390,43.59,934.38,0.00
1,160.00,391,342.09,372.74,6.88
1,160.00,392,805.93,470.67,9.79
1,160.00,393,479.25,660.72,7.59
1,160.00,394,174.46,204.12,23.30
1,160.00,395,405.79,761.97,9.80
1,160.00,396,390.62,395.79,5.88
1,160.00,397,478.47,482.27,11.14
1,160.00,398,832.18,672.90,7.20
1,160.00,399,150.50,353.19,0.00
1,170.00,0,567.04,109.55,5.69
1,170.00,1,463.60,306.59,24.66
1,170.00,2,924.78,644.07,6.19
1,170.00,3,173.24,725.98,13.15
1,170.00,4,515.73,615.67,0.00
1,170.00,5,431.13,711.85,9.34
1,170.00,6,664.74,539.43,8.28
1,170.00,7,666.00,131.14,0.00
1,170.00,8,278.92,527.51,8.69
1,170.00,9,661.42,537.91,12.77
1,170.00,10,831.96,485.44,5.44
1,170.00,11,689.02,427.31,17.25
1,170.00,12,142.57,491.05,9.23
1,170.00,13,862.00,803.18,19.08
1,170.00,14,798.12,280.10,13.51
1,170.00,15,315.33,497.13,19.45
1,170.00,16,515.02,421.81,6.65
1,170.00,17,609.91,968.15,6.75
1,170.00,18,636.36,364.33,9.31
1,170.00,19,636.48,854.29,8.96
1,170.00,20,854.04,250.16,10.94
1,170.00,21,674.25,472.67,20.70
1,170.00,22,925.04,532.99,15.84
1,170.00,23,468.49,579.05,17.43
1,170.00,24,977.57,270.89,6.65
1,170.00,25,138.97,133.41,7.86
1,170.00,26,327.10,386.00,0.00
1,170.00,27,906.33,386.77,0.00
1,170.00,28,553.92,708.90,8.88
1,170.00,29,863.41,429.39,7.87
1,170.00,30,646.81,720.08,12.23
1,170.00,31,193.98,535.54,13.49
1,170.00,32,645.21,585.57,8.64
1,170.00,33,624.13,693.58,7.88
1,170.00,34,516.53,331.94,7.69
1,170.00,35,771.00,180.38,12.60
1,170.00,36,930.46,860.07,0.00
1,170.00,37,873.05,630.28,11.23
1,170.00,38,691.61,431.10,8.86
1,170.00,39,470.69,341.46,17.24
1,170.00,40,447.18,172.10,12.06
1,170.00,41,235.25,534.70,9.66
1,170.00,42,526.95,146.73,0.00
1,170.00,43,800.12,803.22,13.65
1,170.00,44,645.33,315.44,0.00
1,170.00,45,881.24,208.90,0.00
1,170.00,46,267.23,780.84,12.67
1,170.00,47,369.08,418.88,12.95
1,170.00,48,381.59,504.58,7.36
1,170.00,49,332.56,189.25,17.01
1,170.00,50,385.82,614.95,11.17
1,170.00,51,731.85,19.61,0.00
1,170.00,52,337.69,412.12,18.89
1,170.00,53,324.21,466.82,13.05
1,170.00,54,829.64,608.32,10.89
1,170.00,55,280.70,646.75,7.41
1,170.00,56,712.76,760.12,22.42
1,170.00,57,886.31,566.22,13.38
1,170.00,58,500.16,457.56,20.15
1,170.00,59,467.59,431.29,9.47
1,170.00,60,556.85,474.14,12.18
1,170.00,61,228.45,631.97,0.00
1,170.00,62,23.00,173.36,0.00
1,170.00,63,312.16,934.03,24.43
1,170.00,64,973.07,607.93,6.16
1,170.00,65,428.21,212.54,6.10
1,170.00,66,201.01,334.94,0.00
1,170.00,67,738.61,565.68,5.79
1,170.00,68,329.13,406.33,20.57
1,170.00,69,459.78,279.58,16.40
1,170.00,70,943.91,662.42,13.27
1,170.00,71,230.35,280.80,8.09
1,170.00,72,311.31,879.25,16.39
1,170.00,73,930.62,694.39,15.08
1,170.00,74,279.13,377.25,0.00
1,170.00,75,390.96,574.27,11.04
1,170.00,76,861.64,680.05,10.46
1,170.00,77,125.47,372.94,0.00
1,170.00,78,863.00,878.89,14.47
1,170.00,79,119.40,337.24,0.00
1,170.00,80,189.10,417.59,6.24
1,170.00,81,916.63,13.92,0.00
1,170.00,82,129.36,287.56,10.73
1,170.00,83,823.97,527.18,21.21
1,170.00,84,69.96,519.56,0.00
1,170.00,85,886.02,257.87,0.00
1,170.00,86,284.56,106.13,21.51
1,170.00,87,254.43,481.58,5.30
1,170.00,88,205.08,379.58,22.86
1,170.00,89,240.94,424.70,23.59
1,170.00,90,250.59,565.73,9.88
1,170.00,91,493.14,951.15,14.49
1,170.00,92,786.74,210.52,6.69
1,170.00,93,158.18,383.91,16.48
1,170.00,94,676.62,135.96,0.00
1,170.00,95,249.37,416.41,0.00
1,170.00,96,121.50,652.05,0.00
1,170.00,97,767.46,308.43,13.20
1,170.00,98,491.87,581.42,17.32
1,170.00,99,862.72,453.76,7.15
1,170.00,100,954.83,633.73,8.66
1,170.00,101,634.94,926.47,8.04
1,170.00,102,564.95,804.45,14.54
1,170.00,103,516.24,614.82,15.09
1,170.00,104,739.58,919.63,21.35
1,170.00,105,898.38,845.35,9.22
1,170.00,106,44.49,245.64,7.45
1,170.00,107,587.44,671.42,21.13
1,170.00,108,712.04,563.42,12.70
1,170.00,109,669.91,686.86,9.66
1,170.00,110,991.18,150.79,9.21
1,170.00,111,706.17,871.98,11.68
1,170.00,112,345.61,756.38,23.65
1,170.00,113,338.39,201.32,10.98
1,170.00,114,967.98,46.19,6.89
1,170.00,115,122.03,433.19,0.00
1,170.00,116,249.23,434.37,21.27
1,170.00,117,783.99,305.17,18.83
1,170.00,118,107.65,350.16,11.14
1,170.00,119,494.49,445.18,12.36
1,170.00,120,11.86,595.94,7.22
1,170.00,121,376.81,198.44,18.50
1,170.00,122,68.97,405.04,0.00
1,170.00,123,256.27,190.29,8.96
1,170.00,124,261.49,168.52,7.03
1,170.00,125,492.60,98.15,0.00
1,170.00,126,783.12,374.39,7.42
1,170.00,127,723.93,674.58,15.34
1,170.00,128,132.43,550.43,8.10
1,170.00,129,851.60,861.13,15.76
1,170.00,130,409.10,449.27,5.72
1,170.00,131,365.97,71.99,13.41
1,170.00,132,552.73,49.04,10.43
1,170.00,133,559.82,577.90,17.49
1,170.00,134,707.51,869.67,12.66
1,170.00,135,303.90,473.80,10.67
1,170.00,136,97.73,452.41,10.86
1,170.00,137,656.57,246.06,14.47
1,170.00,138,903.90,548.04,7.36
1,170.00,139,366.47,291.88,10.82
1,170.00,140,287.14,768.68,23.88
1,170.00,141,553.52,543.10,11.07
1,170.00,142,258.58,402.83,9.06
1,170.00,143,668.42,299.68,10.51
1,170.00,144,713.91,694.11,8.91
1,170.00,145,711.64,220.18,5.49
1,170.00,146,370.18,938.81,9.41
1,170.00,147,788.99,199.87,6.78
1,170.00,148,459.93,417.51,0.00
1,170.00,149,728.13,649.84,14.20
1,170.00,150,620.86,307.83,8.04
1,170.00,151,227.17,200.69,10.05
1,170.00,152,283.44,579.00,0.00
1,170.00,153,857.69,664.79,11.17
1,170.00,154,201.72,407.75,0.00
1,170.00,155,888.23,517.37,10.55
1,170.00,156,779.98,748.34,22.43
1,170.00,157,195.39,313.09,6.44
1,170.00,158,551.16,282.32,12.43
1,170.00,159,529.74,243.48,7.45
1,170.00,160,373.34,282.43,0.00
1,170.00,161,686.51,691.45,6.12
1,170.00,162,83.64,734.57,0.00
1,170.00,163,399.20,898.99,0.00
1,170.00,164,455.95,336.16,9.06
1,170.00,165,888.72,123.31,8.36
1,170.00,166,146.52,684.42,20.11
1,170.00,167,326.13,585.26,8.63
1,170.00,168,643.59,367.34,6.10
1,170.00,169,877.21,674.69,5.18
1,170.00,170,976.57,130.20,8.37
1,170.00,171,212.70,379.06,21.68
1,170.00,172,495.77,804.06,12.98
1,170.00,173,178.76,121.31,8.29
1,170.00,174,159.12,349.13,21.38
1,170.00,175,135.62,648.59,5.69
1,170.00,176,583.18,447.20,12.76
1,170.00,177,823.13,78.72,0.00
1,170.00,178,544.03,438.94,5.09
1,170.00,179,274.44,387.00,17.35
1,170.00,180,569.33,829.66,13.58
1,170.00,181,235.05,89.49,10.61
1,170.00,182,517.41,597.05,10.84
1,170.00,183,418.40,666.67,11.03
1,170.00,184,438.97,231.17,16.73
1,170.00,185,895.62,546.24,9.53
1,170.00,186,841.73,233.12,6.33
1,170.00,187,782.56,400.98,17.97
1,170.00,188,222.01,176.79,0.00
1,170.00,189,652.07,184.96,24.70
1,170.00,190,366.86,485.58,0.00
1,170.00,191,173.60,318.83,5.27
1,170.00,192,421.54,733.24,11.58
1,170.00,193,223.19,855.14,10.21
1,170.00,194,282.39,554.95,0.00
1,170.00,195,514.60,536.61,19.91
1,170.00,196,145.55,400.68,5.42
1,170.00,197,462.46,271.35,23.65
1,170.00,198,258.44,335.41,14.02
1,170.00,199,701.67,582.94,8.08
1,170.00,200,339.53,714.84,0.00
1,170.00,201,95.24,711.16,9.35
1,170.00,202,222.76,122.10,20.54
1,170.00,203,783.14,834.72,8.32
1,170.00,204,414.33,721.09,15.68
1,170.00,205,939.13,681.20,0.00
1,170.00,206,720.51,151.16,21.45
1,170.00,207,851.25,361.39,8.09
1,170.00,208,699.56,196.76,13.33
1,170.00,209,474.84,395.35,5.52
1,170.00,210,730.04,222.63,12.82
1,170.00,211,449.65,177.72,24.90
1,170.00,212,136.11,309.74,5.12
1,170.00,213,235.42,255.06,17.23
1,170.00,214,526.98,621.61,11.53
1,170.00,215,454.17,643.09,6.74
1,170.00,216,631.30,104.69,5.37
1,170.00,217,606.98,548.33,7.95
1,170.00,218,797.61,533.70,20.88
1,170.00,219,538.64,413.40,16.29
1,170.00,220,343.95,733.48,18.86
1,170.00,221,680.68,729.34,7.12
1,170.00,222,216.75,138.17,8.97
1,170.00,223,461.47,547.39,7.99
1,170.00,224,837.26,401.47,0.00
1,170.00,225,489.09,580.99,5.72
1,170.00,226,920.30,655.06,13.02
1,170.00,227,319.95,669.20,10.40
1,170.00,228,267.20,633.08,8.24
1,170.00,229,307.19,147.66,7.98
1,170.00,230,468.43,557.27,13.31
1,170.00,231,177.94,435.47,17.03
1,170.00,232,91.30,812.50,0.00
1,170.00,233,176.24,399.12,6.17
1,170.00,234,737.73,766.67,20.03
1,170.00,235,521.54,421.53,11.52
1,170.00,236,34.31,240.58,5.06
1,170.00,237,190.72,513.45,6.82
1,170.00,238,229.41,403.81,5.41
1,170.00,239,544.52,509.02,23.41
1,170.00,240,417.06,160.96,16.08
1,170.00,241,362.57,804.76,11.76
1,170.00,242,727.71,2.24,0.00
1,170.00,243,204.08,505.02,15.50
1,170.00,244,659.81,708.81,10.59
1,170.00,245,737.83,277.59,18.68
1,170.00,246,584.56,241.42,18.31
1,170.00,247,143.98,415.15,12.43
1,170.00,248,554.88,233.70,15.63
1,170.00,249,381.56,664.79,7.27
1,170.00,250,581.15,487.40,0.00
1,170.00,251,371.47,289.81,0.00
1,170.00,252,897.51,808.76,0.00
1,170.00,253,568.56,813.47,12.66
1,170.00,254,646.40,362.69,15.28
1,170.00,255,376.80,264.43,10.31
1,170.00,256,698.28,653.98,11.80
1,170.00,257,281.50,721.86,0.00
1,170.00,258,817.55,566.97,13.98
1,170.00,259,500.64,466.21,5.89
1,170.00,260,712.45,272.75,5.00
1,170.00,261,876.80,584.30,8.85
1,170.00,262,896.89,805.90,13.56
1,170.00,263,916.66,301.07,0.00
1,170.00,264,328.72,331.36,6.12
1,170.00,265,366.25,484.14,0.00
1,170.00,266,513.66,763.68,13.64
1,170.00,267,488.82,278.00,16.06
1,170.00,268,99.28,427.18,12.65
1,170.00,269,66.64,812.14,0.00
1,170.00,270,304.77,164.89,24.68
1,170.00,271,467.45,404.37,13.66
1,170.00,272,897.32,673.60,0.00
1,170.00,273,797.09,22.88,0.00
1,170.00,274,564.18,206.85,9.82
1,170.00,275,719.33,605.57,0.00
1,170.00,276,655.27,538.83,0.00
1,170.00,277,942.70,92.06,0.00
1,170.00,278,208.78,477.05,0.00
1,170.00,279,507.25,747.92,0.00
1,170.00,280,886.08,236.37,22.60
1,170.00,281,358.24,733.92,5.92
1,170.00,282,795.82,447.69,22.75
1,170.00,283,719.18,395.31,5.68
1,170.00,284,225.05,214.93,14.14
1,170.00,285,76.11,853.69,5.80
1,170.00,286,311.19,25.17,15.44
1,170.00,287,523.09,474.31,9.74
1,170.00,288,488.37,536.99,5.19
1,170.00,289,587.13,695.57,13.95
1,170.00,290,210.66,185.55,22.33
1,170.00,291,824.22,822.92,23.52
1,170.00,292,668.22,90.70,15.32
1,170.00,293,908.75,954.18,0.00
1,170.00,294,990.44,619.39,0.00
1,170.00,295,229.50,175.19,23.32
1,170.00,296,464.67,360.58,8.37
1,170.00,297,919.00,290.59,0.00
1,170.00,298,194.08,500.67,13.56
1,170.00,299,797.91,869.95,14.90
1,170.00,300,136.18,422.25,0.00
1,170.00,301,659.75,664.38,16.72
1,170.00,302,284.32,380.08,20.20
1,170.00,303,590.61,688.62,5.46
1,170.00,304,252.59,273.07,7.37
1,170.00,305,151.19,596.90,5.82
1,170.00,306,941.01,280.22,0.00
1,170.00,307,444.45,73.75,18.28
1,170.00,308,243.61,656.07,5.81
1,170.00,309,574.70,647.17,5.35
1,170.00,310,256.51,326.18,0.00
1,170.00,311,128.53,403.76,5.93
1,170.00,312,802.47,722.65,5.57
1,170.00,313,385.07,301.09,10.01
1,170.00,314,484.81,270.85,5.06
1,170.00,315,596.45,670.57,9.04
1,170.00,316,323.12,216.16,6.09
1,170.00,317,405.29,707.22,22.85
1,170.00,318,722.99,550.54,5.03
1,170.00,319,216.55,129.33,0.00
1,170.00,320,180.42,584.84,11.10
1,170.00,321,548.78,915.49,0.00
1,170.00,322,526.28,533.50,22.18
1,170.00,323,844.79,552.88,6.88
1,170.00,324,503.50,897.82,8.99
1,170.00,325,776.44,987.20,8.17
1,170.00,326,848.04,28.45,0.00
1,170.00,327,653.84,853.28,8.96
1,170.00,328,125.27,668.06,5.51
1,170.00,329,759.30,922.87,14.39
1,170.00,330,776.96,251.20,12.85
1,170.00,331,485.16,280.99,0.00
1,170.00,332,900.97,558.08,8.51
1,170.00,333,422.78,806.30,12.11
1,170.00,334,220.81,171.09,10.97
1,170.00,335,635.01,434.64,16.97
1,170.00,336,358.50,97.36,0.00
1,170.00,337,466.35,356.94,9.60
1,170.00,338,624.62,502.29,5.78
1,170.00,339,576.60,508.38,19.23
1,170.00,340,296.40,430.04,8.33
1,170.00,341,722.95,597.16,0.00
1,170.00,342,744.20,229.32,7.06
1,170.00,343,765.20,777.94,7.55
1,170.00,344,32.33,829.12,22.14
1,170.00,345,341.18,265.65,9.59
1,170.00,346,299.77,740.24,14.66
1,170.00,347,412.48,263.28,9.13
1,170.00,348,973.44,141.84,17.54
1,170.00,349,693.15,670.04,11.28
1,170.00,350,535.80,793.00,6.91
1,170.00,351,262.09,423.06,0.00
1,170.00,352,230.75,744.00,11.23
1,170.00,353,357.37,177.91,22.57
1,170.00,354,328.58,829.22,8.89
1,170.00,355,4.98,387.17,0.00
1,170.00,356,543.24,154.56,5.11
1,170.00,357,877.96,326.49,15.45
1,170.00,358,857.85,341.69,7.46
1,170.00,359,573.97,866.62,11.02
1,170.00,360,243.24,578.73,5.48
1,170.00,361,180.45,493.99,21.96
1,170.00,362,570.03,434.23,20.74
1,170.00,363,705.29,253.15,20.36
1,170.00,364,339.74,89.97,0.00
1,170.00,365,461.07,594.69,10.03
1,170.00,366,197.27,983.06,21.99
1,170.00,367,561.05,517.37,7.17
1,170.00,368,556.95,765.81,9.43
1,170.00,369,354.23,107.72,19.05
1,170.00,370,455.55,392.09,19.56
1,170.00,371,622.63,811.54,12.75
1,170.00,372,633.05,783.76,6.55
1,170.00,373,473.93,311.17,20.35
1,170.00,374,663.01,273.22,13.66
1,170.00,375,426.97,564.25,16.86
1,170.00,376,457.73,275.09,5.11
1,170.00,377,492.38,220.22,10.02
1,170.00,378,298.23,522.53,9.64
1,170.00,379,236.58,882.95,6.13
1,170.00,380,741.84,505.38,20.83
1,170.00,381,561.75,623.41,5.09
1,170.00,382,491.26,620.88,5.36
1,170.00,383,628.08,868.50,0.00
1,170.00,384,706.04,707.12,22.19
1,170.00,385,400.05,260.75,8.02
1,170.00,386,629.48,678.32,0.00
1,170.00,387,156.40,524.28,19.54
1,170.00,388,247.59,221.83,6.71
1,170.00,389,169.37,734.60,9.66
1,170.00,390,86.88,897.15,9.17
1,170.00,391,390.52,421.58,6.88
1,170.00,392,869.21,395.95,9.79
1,170.00,393,419.31,707.31,7.59
1,170.00,394,123.35,431.47,23.30
1,170.00,395,503.66,757.78,9.80
1,170.00,396,437.02,359.60,5.88
1,170.00,397,559.66,406.03,11.14
1,170.00,398,829.81,600.96,7.20
1,170.00,399,150.60,353.59,12.46
1,180.00,0,572.22,166.25,5.69
1,180.00,1,628.63,489.77,24.66
1,180.00,2,925.98,582.16,6.19
1,180.00,3,292.17,669.80,13.15
1,180.00,4,368.39,709.31,19.37
1,180.00,5,489.01,677.61,0.00
1,180.00,6,634.07,462.55,8.28
1,180.00,7,697.76,202.98,19.05
1,180.00,8,274.76,614.27,8.69
1,180.00,9,549.41,476.59,12.77
1,180.00,10,847.12,433.17,5.44
1,180.00,11,559.67,541.49,17.25
1,180.00,12,200.00,563.35,9.23
1,180.00,13,912.11,823.12,0.00
1,180.00,14,818.14,278.13,0.00
1,180.00,15,220.40,327.34,19.45
1,180.00,16,576.85,397.25,6.65
1,180.00,17,665.68,969.25,0.00
1,180.00,18,569.77,429.45,9.31
1,180.00,19,549.29,874.81,8.96
1,180.00,20,880.28,143.97,10.94
1,180.00,21,841.31,350.44,20.70
1,180.00,22,932.37,518.29,0.00
1,180.00,23,566.12,723.48,17.43
1,180.00,24,926.31,313.33,6.65
1,180.00,25,201.36,181.23,7.86
1,180.00,26,289.89,351.51,6.16
1,180.00,27,821.56,448.45,11.15
1,180.00,28,564.25,717.51,0.00
1,180.00,29,936.31,458.98,7.87
1,180.00,30,761.84,761.56,12.23
1,180.00,31,328.42,546.72,13.49
1,180.00,32,679.97,506.51,8.64
1,180.00,33,559.30,738.42,7.88
1,180.00,34,457.73,282.33,7.69
1,180.00,35,788.87,305.10,12.60
1,180.00,36,917.10,730.17,17.08
1,180.00,37,845.12,521.49,11.23
1,180.00,38,632.96,364.63,8.86
1,180.00,39,593.35,220.34,17.24
1,180.00,40,346.62,238.72,12.06
1,180.00,41,190.07,620.09,9.66
1,180.00,42,539.84,216.55,16.21
1,180.00,43,893.37,703.58,13.65
1,180.00,44,622.20,277.92,18.63
1,180.00,45,918.72,130.24,9.78
1,180.00,46,388.09,815.61,0.00
1,180.00,47,348.16,355.67,0.00
1,180.00,48,310.94,525.26,7.36
1,180.00,49,492.09,248.26,17.01
1,180.00,50,466.82,691.86,11.17
1,180.00,51,702.44,62.81,12.71
1,180.00,52,515.94,474.62,18.89
1,180.00,53,209.23,404.99,13.05
1,180.00,54,728.66,648.96,10.89
1,180.00,55,329.86,591.25,7.41
1,180.00,56,936.20,742.22,22.42
1,180.00,57,928.23,693.30,13.38
1,180.00,58,312.83,531.82,20.15
1,180.00,59,413.84,353.28,9.47
1,180.00,60,482.84,377.39,12.18
1,180.00,61,254.33,597.37,21.18
1,180.00,62,45.08,194.08,11.46
1,180.00,63,444.79,942.21,0.00
1,180.00,64,930.36,652.32,6.16
1,180.00,65,485.63,191.95,6.10
1,180.00,66,282.66,389.60,19.34
1,180.00,67,697.18,606.19,5.79
1,180.00,68,190.51,254.29,20.57
1,180.00,69,421.75,217.92,0.00
1,180.00,70,933.94,530.14,13.27
1,180.00,71,308.34,302.35,8.09
1,180.00,72,154.43,831.73,16.39
1,180.00,73,911.65,544.81,15.08
1,180.00,74,280.30,377.04,9.65
1,180.00,75,343.68,565.61,0.00
1,180.00,76,916.64,715.75,0.00
1,180.00,77,144.22,399.41,8.24
1,180.00,78,948.24,923.11,0.00
1,180.00,79,124.51,340.39,20.04
1,180.00,80,219.60,472.07,6.24
1,180.00,81,876.25,59.06,8.76
1,180.00,82,141.66,180.95,10.73
1,180.00,83,779.31,319.83,21.21
1,180.00,84,124.14,518.17,18.68
1,180.00,85,857.88,249.99,9.35
1,180.00,86,262.12,76.15,0.00
1,180.00,87,223.21,438.72,5.30
1,180.00,88,399.86,499.24,22.86
1,180.00,89,266.10,659.24,23.59
1,180.00,90,348.41,579.90,9.88
1,180.00,91,491.13,995.23,0.00
1,180.00,92,721.51,225.47,6.69
1,180.00,93,20.32,293.66,16.48
1,180.00,94,666.01,142.14,16.29
1,180.00,95,257.85,429.97,11.09
1,180.00,96,201.22,667.71,15.69
1,180.00,97,813.21,256.73,0.00
1,180.00,98,572.44,428.08,17.32
1,180.00,99,795.92,479.33,7.15
1,180.00,100,949.32,547.27,8.66
1,180.00,101,554.98,935.20,8.04
1,180.00,102,519.87,666.19,14.54
1,180.00,103,400.98,679.36,0.00
1,180.00,104,867.68,981.92,0.00
1,180.00,105,841.67,772.64,9.22
1,180.00,106,116.94,228.10,7.45
1,180.00,107,784.56,595.29,21.13
1,180.00,108,610.38,639.60,12.70
1,180.00,109,750.38,740.23,9.66
1,180.00,110,998.60,118.69,0.00
1,180.00,111,711.95,972.18,0.00
1,180.00,112,355.75,819.66,0.00
1,180.00,113,231.29,177.24,10.98
1,180.00,114,899.07,48.66,6.89
1,180.00,115,255.68,483.66,22.98
1,180.00,116,114.64,269.60,21.27
1,180.00,117,816.59,469.94,0.00
1,180.00,118,194.18,279.99,11.14
1,180.00,119,527.61,326.07,12.36
1,180.00,120,11.26,649.23,0.00
1,180.00,121,379.55,119.59,0.00
1,180.00,122,228.28,414.96,18.44
1,180.00,123,344.61,205.30,8.96
1,180.00,124,330.26,154.02,7.03
1,180.00,125,502.81,174.66,17.91
1,180.00,126,857.33,372.14,7.42
1,180.00,127,635.17,799.72,15.34
1,180.00,128,207.18,519.10,8.10
1,180.00,129,749.59,741.04,15.76
1,180.00,130,451.98,487.15,5.72
1,180.00,131,290.71,17.38,0.00
1,180.00,132,591.47,145.83,10.43
1,180.00,133,730.30,617.15,17.49
1,180.00,134,696.41,743.53,12.66
1,180.00,135,404.53,438.41,10.67
1,180.00,136,54.88,446.01,0.00
1,180.00,137,658.67,390.70,14.47
1,180.00,138,907.54,545.10,0.00
1,180.00,139,465.77,334.77,10.82
1,180.00,140,188.46,551.25,23.88
1,180.00,141,662.58,562.02,11.07
1,180.00,142,313.66,474.72,9.06
1,180.00,143,639.07,198.79,10.51
1,180.00,144,664.26,620.13,8.91
1,180.00,145,667.93,253.39,5.49
1,180.00,146,277.06,925.45,9.41
1,180.00,147,852.99,177.43,6.78
1,180.00,148,438.19,451.32,12.37
1,180.00,149,625.08,552.17,14.20
1,180.00,150,663.31,376.15,8.04
1,180.00,151,312.76,253.29,10.05
1,180.00,152,263.90,489.97,14.48
1,180.00,153,745.99,665.25,11.17
1,180.00,154,142.68,368.84,9.94
1,180.00,155,924.90,616.30,10.55
1,180.00,156,849.72,757.20,0.00
1,180.00,157,145.76,272.00,6.44
1,180.00,158,602.50,169.15,12.43
1,180.00,159,590.00,287.25,7.45
1,180.00,160,433.19,293.67,17.90
1,180.00,161,713.87,636.66,6.12
1,180.00,162,115.81,736.56,21.42
1,180.00,163,437.62,865.68,8.72
1,180.00,164,541.62,365.50,9.06
1,180.00,165,972.29,119.87,8.36
1,180.00,166,294.63,820.49,20.11
1,180.00,167,411.79,596.06,8.63
1,180.00,168,611.90,419.42,6.10
1,180.00,169,879.37,681.77,0.00
1,180.00,170,979.91,100.65,0.00
1,180.00,171,297.14,578.77,21.68
1,180.00,172,373.05,761.90,12.98
1,180.00,173,213.34,196.67,8.29
1,180.00,174,68.69,155.37,21.38
1,180.00,175,132.71,591.80,5.69
1,180.00,176,692.68,381.64,12.76
1,180.00,177,821.71,100.39,6.13
1,180.00,178,550.38,489.41,5.09
1,180.00,179,321.36,554.03,17.35
1,180.00,180,441.54,783.86,13.58
1,180.00,181,233.04,16.59,0.00
1,180.00,182,512.16,602.55,0.00
1,180.00,183,349.42,580.56,11.03
1,180.00,184,493.07,107.04,0.00
1,180.00,185,906.04,451.46,9.53
1,180.00,186,784.50,260.15,6.33
1,180.00,187,869.58,533.35,0.00
1,180.00,188,213.40,217.78,6.54
1,180.00,189,700.18,427.22,24.70
1,180.00,190,411.17,494.06,19.39
1,180.00,191,121.28,312.92,5.27
1,180.00,192,417.23,737.82,0.00
1,180.00,193,265.83,762.34,10.21
1,180.00,194,272.86,595.52,10.80
1,180.00,195,529.70,431.64,0.00
1,180.00,196,192.47,373.50,5.42
1,180.00,197,486.52,215.79,0.00
1,180.00,198,224.56,471.50,14.02
1,180.00,199,632.98,540.44,8.08
1,180.00,200,194.02,544.85,23.96
1,180.00,201,118.47,620.58,9.35
1,180.00,202,237.68,92.69,0.00
1,180.00,203,753.70,756.88,8.32
1,180.00,204,360.78,763.35,0.00
1,180.00,205,892.81,643.60,6.85
1,180.00,206,508.21,120.39,21.45
1,180.00,207,847.62,442.25,8.09
1,180.00,208,794.51,140.83,0.00
1,180.00,209,456.40,447.38,5.52
1,180.00,210,608.34,262.88,12.82
1,180.00,211,245.09,35.71,24.90
1,180.00,212,150.91,260.73,5.12
1,180.00,213,356.16,378.00,17.23
1,180.00,214,631.67,573.32,11.53
1,180.00,215,438.83,708.68,6.74
1,180.00,216,629.48,51.02,5.37
1,180.00,217,578.18,474.25,7.95
1,180.00,218,808.23,325.18,20.88
1,180.00,219,512.63,252.56,16.29
1,180.00,220,452.29,579.08,18.86
1,180.00,221,635.19,674.63,7.12
1,180.00,222,296.64,179.04,8.97
1,180.00,223,495.79,575.25,0.00
1,180.00,224,785.88,493.19,10.59
1,180.00,225,531.34,619.55,5.72
1,180.00,226,920.45,785.26,13.02
1,180.00,227,317.13,657.15,0.00
1,180.00,228,332.25,683.71,8.24
1,180.00,229,310.47,158.05,0.00
1,180.00,230,338.78,587.48,13.31
1,180.00,231,163.93,432.11,0.00
1,180.00,232,160.13,778.57,13.94
1,180.00,233,185.98,366.81,0.00
1,180.00,234,579.65,643.61,20.03
1,180.00,235,538.79,535.44,11.52
1,180.00,236,51.69,288.10,5.06
1,180.00,237,130.88,480.67,6.82
1,180.00,238,193.61,363.27,5.41
1,180.00,239,396.84,452.28,0.00
1,180.00,240,258.98,131.29,16.08
1,180.00,241,362.90,687.11,11.76
1,180.00,242,578.27,143.26,21.23
1,180.00,243,245.73,414.01,0.00
1,180.00,244,568.95,654.36,10.59
1,180.00,245,843.71,311.84,0.00
1,180.00,246,750.02,162.90,18.31
1,180.00,247,197.70,527.22,12.43
1,180.00,248,435.64,326.27,0.00
1,180.00,249,449.67,690.27,7.27
1,180.00,250,663.69,698.09,24.62
1,180.00,251,452.36,365.36,19.04
1,180.00,252,854.80,783.20,9.96
1,180.00,253,468.06,736.43,12.66
1,180.00,254,641.87,209.95,15.28
1,180.00,255,477.60,242.79,10.31
1,180.00,256,683.95,771.14,11.80
1,180.00,257,356.47,718.29,16.22
1,180.00,258,857.37,565.83,0.00
1,180.00,259,486.19,523.28,5.89
1,180.00,260,746.85,236.45,5.00
1,180.00,261,806.91,638.63,8.85
1,180.00,262,986.14,853.36,0.00
1,180.00,263,747.72,266.50,17.42
1,180.00,264,267.48,330.83,6.12
1,180.00,265,284.89,309.55,0.00
1,180.00,266,604.07,865.84,13.64
1,180.00,267,534.40,124.06,16.06
1,180.00,268,82.75,402.30,0.00
1,180.00,269,172.48,631.62,23.84
1,180.00,270,209.67,153.42,0.00
1,180.00,271,350.64,475.20,13.66
1,180.00,272,801.04,618.63,18.26
1,180.00,273,784.01,24.94,5.15
1,180.00,274,479.50,157.07,9.82
1,180.00,275,749.08,569.62,7.64
1,180.00,276,787.75,380.11,21.62
1,180.00,277,800.44,180.63,17.31
1,180.00,278,161.33,410.82,8.29
1,180.00,279,496.84,646.23,13.68
1,180.00,280,894.79,215.14,0.00
1,180.00,281,309.42,767.47,5.92
1,180.00,282,571.55,409.61,22.75
1,180.00,283,729.99,419.53,0.00
1,180.00,284,185.15,215.37,0.00
1,180.00,285,19.28,865.51,5.80
1,180.00,286,321.97,2.24,0.00
1,180.00,287,496.03,380.70,9.74
1,180.00,288,514.52,581.83,5.19
1,180.00,289,488.99,596.37,13.95
1,180.00,290,388.67,320.37,22.33
1,180.00,291,880.16,855.19,0.00
1,180.00,292,516.90,114.37,15.32
1,180.00,293,883.68,923.70,7.12
1,180.00,294,983.30,644.88,10.15
1,180.00,295,462.63,180.93,23.32
1,180.00,296,392.85,403.52,8.37
1,180.00,297,907.33,303.85,20.73
1,180.00,298,176.46,635.13,13.56
1,180.00,299,896.04,982.05,14.90
1,180.00,300,161.13,438.57,8.76
1,180.00,301,714.91,770.44,0.00
1,180.00,302,448.88,262.90,20.20
1,180.00,303,602.18,742.02,5.46
1,180.00,304,294.48,333.66,7.37
1,180.00,305,156.15,538.88,5.82
1,180.00,306,935.50,284.19,6.36
1,180.00,307,263.24,97.78,18.28
1,180.00,308,185.50,654.16,5.81
1,180.00,309,611.01,686.44,5.35
1,180.00,310,400.62,410.21,0.00
1,180.00,311,164.48,450.96,5.93
1,180.00,312,758.45,756.84,5.57
1,180.00,313,314.14,230.43,10.01
1,180.00,314,492.98,220.89,5.06
1,180.00,315,682.84,697.20,9.04
1,180.00,316,299.98,272.52,6.09
1,180.00,317,402.87,711.62,0.00
1,180.00,318,695.91,508.13,5.03
1,180.00,319,235.31,173.57,11.05
1,180.00,320,105.89,667.08,11.10
1,180.00,321,528.69,901.53,13.33
1,180.00,322,660.12,356.64,22.18
1,180.00,323,845.64,550.39,0.00
1,180.00,324,497.65,808.08,8.99
1,180.00,325,695.48,976.03,8.17
1,180.00,326,847.90,36.42,24.12
1,180.00,327,667.91,879.31,0.00
1,180.00,328,170.19,699.89,5.51
1,180.00,329,636.99,846.98,14.39
1,180.00,330,754.01,124.76,12.85
1,180.00,331,293.33,162.97,23.52
1,180.00,332,858.91,484.05,8.51
1,180.00,333,371.74,696.48,12.11
1,180.00,334,214.32,61.56,10.97
1,180.00,335,753.10,556.45,16.97
1,180.00,336,394.39,261.47,20.87
1,180.00,337,469.65,329.41,0.00
1,180.00,338,567.03,497.39,5.78
1,180.00,339,384.39,513.87,19.23
1,180.00,340,318.62,510.29,8.33
1,180.00,341,661.42,543.66,9.90
1,180.00,342,678.19,204.33,7.06
1,180.00,343,814.42,835.23,7.55
1,180.00,344,26.48,607.81,22.14
1,180.00,345,413.34,328.73,9.59
1,180.00,346,444.88,719.71,14.66
1,180.00,347,411.90,354.58,9.13
1,180.00,348,806.09,194.40,17.54
1,180.00,349,801.45,638.34,11.28
1,180.00,350,535.23,794.44,0.00
1,180.00,351,263.78,431.24,11.04
1,180.00,352,183.13,714.10,0.00
1,180.00,353,577.38,228.43,22.57
1,180.00,354,253.38,876.70,8.89
1,180.00,355,115.16,278.34,21.63
1,180.00,356,593.75,162.15,5.11
1,180.00,357,768.57,435.52,15.45
1,180.00,358,825.96,274.24,7.46
1,180.00,359,677.49,904.43,11.02
1,180.00,360,255.11,632.25,5.48
1,180.00,361,217.97,277.58,21.96
1,180.00,362,383.89,525.60,20.74
1,180.00,363,901.92,200.47,20.36
1,180.00,364,420.95,91.20,9.68
1,180.00,365,389.78,524.13,10.03
1,180.00,366,170.69,996.07,0.00
1,180.00,367,574.77,587.74,7.17
1,180.00,368,649.84,749.44,9.43
1,180.00,369,354.26,100.83,0.00
1,180.00,370,605.87,266.94,19.56
1,180.00,371,736.22,869.48,12.75
1,180.00,372,585.25,738.94,6.55
1,180.00,373,308.47,429.55,20.35
1,180.00,374,526.38,274.77,13.66
1,180.00,375,265.85,613.79,16.86
1,180.00,376,489.59,315.08,5.11
1,180.00,377,417.29,229.33,0.00
1,180.00,378,255.17,436.28,9.64
1,180.00,379,268.59,830.71,6.13
1,180.00,380,661.20,313.30,20.83
1,180.00,381,547.64,672.26,5.09
1,180.00,382,537.58,593.99,5.36
1,180.00,383,577.74,871.18,6.17
1,180.00,384,530.52,571.40,22.19
1,180.00,385,338.35,209.51,8.02
1,180.00,386,622.10,648.15,18.62
1,180.00,387,138.53,387.99,0.00
1,180.00,388,263.06,287.13,6.71
1,180.00,389,158.90,731.35,0.00
1,180.00,390,156.38,837.39,9.17
1,180.00,391,391.49,422.56,0.00
1,180.00,392,878.77,384.66,0.00
1,180.00,393,359.37,753.89,7.59
1,180.00,394,98.04,544.09,0.00
1,180.00,395,514.29,757.33,0.00
1,180.00,396,483.41,323.40,5.88
1,180.00,397,640.85,329.80,11.14
1,180.00,398,827.43,529.01,7.20
1,180.00,399,181.19,474.33,12.46
1,190.00,0,577.39,222.95,5.69
1,190.00,1,793.67,672.94,24.66
1,190.00,2,927.03,527.77,0.00
1,190.00,3,411.10,613.61,13.15
1,190.00,4,204.92,813.20,19.37
1,190.00,5,475.04,683.62,5.43
1,190.00,6,603.39,385.67,8.28
1,190.00,7,774.75,377.21,19.05
1,190.00,8,270.61,701.04,8.69
1,190.00,9,437.41,415.28,12.77
1,190.00,10,862.28,380.89,5.44
1,190.00,11,430.32,655.66,17.25
1,190.00,12,257.42,635.64,9.23
1,190.00,13,851.06,772.82,11.03
1,190.00,14,727.70,274.00,10.64
1,190.00,15,125.48,157.54,19.45
1,190.00,16,638.69,372.69,6.65
1,190.00,17,644.39,959.26,13.54
1,190.00,18,503.18,494.57,9.31
1,190.00,19,462.11,895.33,8.96
1,190.00,20,895.16,83.75,0.00
1,190.00,21,943.91,275.37,0.00
1,190.00,22,934.15,655.47,15.31
1,190.00,23,599.46,772.79,0.00
1,190.00,24,875.05,355.77,6.65
1,190.00,25,263.75,229.06,7.86
1,190.00,26,244.69,309.62,6.16
1,190.00,27,731.39,514.07,11.15
1,190.00,28,425.58,680.45,16.91
1,190.00,29,973.43,474.04,0.00
1,190.00,30,876.87,803.03,12.23
1,190.00,31,462.87,557.90,13.49
1,190.00,32,714.73,427.44,8.64
1,190.00,33,494.48,783.26,7.88
1,190.00,34,398.94,232.72,7.69
1,190.00,35,806.73,429.82,12.60
1,190.00,36,899.63,560.27,17.08
1,190.00,37,817.20,412.71,11.23
1,190.00,38,585.76,311.13,0.00
1,190.00,39,697.85,117.17,0.00
1,190.00,40,246.05,305.34,12.06
1,190.00,41,144.89,705.48,9.66
1,190.00,42,569.27,375.92,16.21
1,190.00,43,895.92,700.87,0.00
1,190.00,44,524.42,119.36,18.63
1,190.00,45,960.79,41.94,9.78
1,190.00,46,388.55,815.13,8.49
1,190.00,47,413.24,369.32,13.69
1,190.00,48,303.97,527.30,0.00
1,190.00,49,645.40,304.96,0.00
1,190.00,50,521.27,743.57,0.00
1,190.00,51,630.89,167.90,12.71
1,190.00,52,694.20,537.12,18.89
1,190.00,53,132.87,363.93,0.00
1,190.00,54,627.68,689.60,10.89
1,190.00,55,379.01,535.76,7.41
1,190.00,56,940.87,741.85,0.00
1,190.00,57,958.31,784.47,0.00
1,190.00,58,166.83,589.70,0.00
1,190.00,59,360.09,275.27,9.47
1,190.00,60,475.95,368.38,0.00
1,190.00,61,381.22,427.74,21.18
1,190.00,62,128.60,272.49,11.46
1,190.00,63,337.51,973.69,24.52
1,190.00,64,921.70,661.32,0.00
1,190.00,65,543.06,171.35,6.10
1,190.00,66,443.35,497.17,19.34
1,190.00,67,655.74,646.69,5.79
1,190.00,68,103.18,158.50,0.00
1,190.00,69,560.16,218.31,24.79
1,190.00,70,923.96,397.85,13.27
1,190.00,71,386.34,323.90,8.09
1,190.00,72,29.23,793.81,0.00
1,190.00,73,894.18,407.07,0.00
1,190.00,74,346.77,365.24,0.00
1,190.00,75,432.25,515.15,18.06
1,190.00,76,905.54,699.41,5.29
1,190.00,77,191.87,466.68,8.24
1,190.00,78,930.54,922.13,5.27
1,190.00,79,295.19,445.42,20.04
1,190.00,80,250.10,526.55,6.24
1,190.00,81,817.82,124.38,8.76
1,190.00,82,147.98,126.13,0.00
1,190.00,83,734.64,112.47,21.21
1,190.00,84,310.84,513.37,18.68
1,190.00,85,767.82,224.77,9.35
1,190.00,86,287.58,179.14,12.84
1,190.00,87,191.99,395.86,5.30
1,190.00,88,594.65,618.91,22.86
1,190.00,89,286.46,849.04,0.00
1,190.00,90,446.22,594.08,9.88
1,190.00,91,442.21,866.75,0.00
1,190.00,92,656.27,240.43,6.69
1,190.00,93,19.16,292.90,0.00
1,190.00,94,530.57,221.03,0.00
1,190.00,95,316.62,524.06,11.09
1,190.00,96,355.16,697.95,15.69
1,190.00,97,775.86,201.51,13.98
1,190.00,98,653.00,274.73,17.32
1,190.00,99,729.12,504.90,7.15
1,190.00,100,943.82,460.81,8.66
1,190.00,101,475.03,943.93,8.04
1,190.00,102,474.79,527.93,14.54
1,190.00,103,409.01,686.84,8.79
1,190.00,104,826.11,931.61,19.62
1,190.00,105,784.95,699.92,9.22
1,190.00,106,189.38,210.56,7.45
1,190.00,107,810.31,585.34,0.00
1,190.00,108,508.73,715.77,12.70
1,190.00,109,830.85,793.61,9.66
1,190.00,110,997.44,253.91,21.05
1,190.00,111,714.44,964.63,5.65
1,190.00,112,312.60,881.72,10.37
1,190.00,113,187.98,167.51,0.00
1,190.00,114,830.17,51.13,6.89
1,190.00,115,470.69,564.85,22.98
1,190.00,116,75.04,221.12,0.00
1,190.00,117,806.39,471.41,9.56
1,190.00,118,280.71,209.81,11.14
1,190.00,119,556.54,222.02,0.00
1,190.00,120,11.91,664.54,5.85
1,190.00,121,398.72,157.94,7.48
1,190.00,122,412.36,426.42,18.44
1,190.00,123,432.95,220.32,8.96
1,190.00,124,399.03,139.52,7.03
1,190.00,125,526.49,352.14,17.91
1,190.00,126,874.52,371.62,0.00
1,190.00,127,579.20,878.62,0.00
1,190.00,128,281.92,487.77,8.10
1,190.00,129,647.58,620.96,15.76
1,190.00,130,494.87,525.03,5.72
1,190.00,131,325.26,60.37,17.99
1,190.00,132,630.21,242.62,10.43
1,190.00,133,900.78,656.40,17.49
1,190.00,134,685.31,617.40,12.66
1,190.00,135,505.17,403.02,10.67
1,190.00,136,133.00,414.33,14.02
1,190.00,137,660.76,535.35,14.47
1,190.00,138,845.70,482.90,9.37
1,190.00,139,565.06,377.65,10.82
1,190.00,140,89.79,333.81,23.88
1,190.00,141,769.09,580.50,0.00
1,190.00,142,368.74,546.61,9.06
1,190.00,143,609.71,97.91,10.51
1,190.00,144,614.60,546.15,8.91
1,190.00,145,624.22,286.60,5.49
1,190.00,146,183.95,912.08,9.41
1,190.00,147,917.00,155.00,6.78
1,190.00,148,371.28,555.38,12.37
1,190.00,149,522.04,454.50,14.20
1,190.00,150,705.75,444.48,8.04
1,190.00,151,398.35,305.88,10.05
1,190.00,152,232.88,348.58,14.48
1,190.00,153,634.29,665.70,11.17
1,190.00,154,59.72,314.16,9.94
1,190.00,155,928.02,624.74,0.00
1,190.00,156,804.34,846.12,14.54
1,190.00,157,96.13,230.91,6.44
1,190.00,158,605.64,162.23,0.00
1,190.00,159,650.25,331.03,7.45
1,190.00,160,609.11,326.68,17.90
1,190.00,161,741.23,581.88,6.12
1,190.00,162,329.62,749.81,21.42
1,190.00,163,503.50,808.58,8.72
1,190.00,164,627.30,394.83,9.06
1,190.00,165,995.77,118.90,0.00
1,190.00,166,301.69,826.98,0.00
1,190.00,167,497.46,606.85,8.63
1,190.00,168,580.22,471.50,6.10
1,190.00,169,838.82,638.35,6.93
1,190.00,170,993.07,241.97,22.02
1,190.00,171,330.55,657.81,0.00
1,190.00,172,267.70,725.70,0.00
1,190.00,173,247.92,272.02,8.29
1,190.00,174,16.22,42.95,0.00
1,190.00,175,129.81,535.00,5.69
1,190.00,176,800.75,316.92,0.00
1,190.00,177,817.71,161.54,6.13
1,190.00,178,556.73,539.89,5.09
1,190.00,179,368.29,721.06,17.35
1,190.00,180,313.74,738.05,13.58
1,190.00,181,268.90,43.74,14.38
1,190.00,182,448.21,685.68,11.28
1,190.00,183,280.45,494.46,11.03
1,190.00,184,511.35,138.86,19.27
1,190.00,185,916.46,356.68,9.53
1,190.00,186,727.28,287.18,6.33
1,190.00,187,859.31,536.89,9.19
1,190.00,188,199.95,281.79,6.54
1,190.00,189,743.45,645.14,0.00
1,190.00,190,601.60,530.51,19.39
1,190.00,191,68.96,307.01,5.27
1,190.00,192,445.26,686.25,6.21
1,190.00,193,308.46,669.53,10.21
1,190.00,194,248.14,700.65,10.80
1,190.00,195,574.16,478.30,13.79
1,190.00,196,239.38,346.32,5.42
1,190.00,197,360.73,219.03,16.91
1,190.00,198,220.90,486.18,0.00
1,190.00,199,564.28,497.94,8.08
1,190.00,200,126.54,466.02,0.00
1,190.00,201,141.71,530.00,9.35
1,190.00,202,356.19,124.60,14.62
1,190.00,203,724.26,679.05,8.32
1,190.00,204,411.37,686.94,16.22
1,190.00,205,839.65,600.46,6.85
1,190.00,206,295.90,89.62,21.45
1,190.00,207,843.99,523.12,8.09
1,190.00,208,784.78,144.17,5.93
1,190.00,209,437.96,499.42,5.52
1,190.00,210,486.63,303.13,12.82
1,190.00,211,243.91,34.89,0.00
1,190.00,212,165.70,211.71,5.12
1,190.00,213,476.89,500.93,17.23
1,190.00,214,736.37,525.04,11.53
1,190.00,215,423.49,774.27,6.74
1,190.00,216,629.05,38.37,0.00
1,190.00,217,549.39,400.18,7.95
1,190.00,218,818.85,116.66,20.88
1,190.00,219,486.63,91.72,16.29
1,190.00,220,560.64,424.68,18.86
1,190.00,221,589.70,619.92,7.12
1,190.00,222,376.53,219.91,8.97
1,190.00,223,453.07,590.97,10.18
1,190.00,224,734.11,585.62,10.59
1,190.00,225,573.59,658.11,5.72
1,190.00,226,920.61,915.46,13.02
1,190.00,227,213.08,770.33,17.45
1,190.00,228,368.27,711.75,0.00
1,190.00,229,380.16,213.49,10.31
1,190.00,230,209.12,617.70,13.31
1,190.00,231,135.54,495.00,7.54
1,190.00,232,285.15,716.94,13.94
1,190.00,233,244.41,354.05,13.20
1,190.00,234,421.56,520.55,20.03
1,190.00,235,556.04,649.35,11.52
1,190.00,236,69.07,335.61,5.06
1,190.00,237,71.04,447.89,6.82
1,190.00,238,157.80,322.73,5.41
1,190.00,239,399.33,432.56,6.13
1,190.00,240,203.28,120.83,0.00
1,190.00,241,363.23,569.47,11.76
1,190.00,242,423.87,288.96,21.23
1,190.00,243,263.44,428.98,6.54
1,190.00,244,478.10,599.92,10.59
1,190.00,245,762.96,279.00,21.56
1,190.00,246,915.49,84.38,18.31
1,190.00,247,251.43,639.29,12.43
1,190.00,248,438.64,320.46,19.26
1,190.00,249,517.79,715.75,7.27
1,190.00,250,751.36,921.90,0.00
1,190.00,251,591.47,495.29,19.04
1,190.00,252,769.35,732.05,9.96
1,190.00,253,367.56,659.39,12.66
1,190.00,254,641.43,195.18,0.00
1,190.00,255,578.40,221.14,10.31
1,190.00,256,669.62,888.31,11.80
1,190.00,257,518.46,710.57,16.22
1,190.00,258,701.11,566.42,21.86
1,190.00,259,471.74,580.35,5.89
1,190.00,260,778.62,202.95,0.00
1,190.00,261,737.03,692.96,8.85
1,190.00,262,944.41,863.71,16.90
1,190.00,263,577.03,231.57,17.42
1,190.00,264,206.24,330.31,6.12
1,190.00,265,284.91,309.89,21.66
1,190.00,266,694.47,968.01,13.64
1,190.00,267,547.69,79.18,0.00
1,190.00,268,77.02,351.22,6.73
1,190.00,269,293.05,425.98,23.84
1,190.00,270,191.38,231.24,13.07
1,190.00,271,233.83,546.04,13.66
1,190.00,272,642.51,528.11,18.26
1,190.00,273,733.09,32.96,5.15
1,190.00,274,394.81,107.29,9.82
1,190.00,275,797.81,510.72,7.64
1,190.00,276,926.31,214.09,21.62
1,190.00,277,653.46,272.15,17.31
1,190.00,278,113.06,343.43,8.29
1,190.00,279,482.91,510.12,13.68
1,190.00,280,880.79,267.12,5.99
1,190.00,281,260.59,801.03,5.92
1,190.00,282,347.28,371.52,22.75
1,190.00,283,726.33,310.81,20.40
1,190.00,284,245.05,280.10,12.29
1,190.00,285,17.59,865.87,0.00
1,190.00,286,314.51,81.40,9.51
1,190.00,287,468.97,287.09,9.74
1,190.00,288,531.86,611.55,0.00
1,190.00,289,390.84,497.17,13.95
1,190.00,290,566.67,455.18,22.33
1,190.00,291,826.55,855.32,7.39
1,190.00,292,365.58,138.05,15.32
1,190.00,293,838.43,868.69,7.12
1,190.00,294,955.90,742.59,10.15
1,190.00,295,695.76,186.66,23.32
1,190.00,296,321.04,446.47,8.37
1,190.00,297,870.65,345.49,0.00
1,190.00,298,158.84,769.58,13.56
1,190.00,299,911.74,999.99,0.00
1,190.00,300,234.46,486.55,8.76
1,190.00,301,731.42,787.65,8.37
1,190.00,302,613.44,145.72,20.20
1,190.00,303,608.45,770.97,0.00
1,190.00,304,336.37,394.26,7.37
1,190.00,305,161.12,480.86,5.82
1,190.00,306,883.91,321.41,6.36
1,190.00,307,82.03,121.81,18.28
1,190.00,308,127.39,652.25,5.81
1,190.00,309,647.31,725.71,5.35
1,190.00,310,441.08,382.20,19.86
1,190.00,311,168.24,455.89,0.00
1,190.00,312,714.42,791.03,5.57
1,190.00,313,255.66,172.15,0.00
1,190.00,314,501.15,170.93,5.06
1,190.00,315,769.22,723.82,9.04
1,190.00,316,276.83,328.89,6.09
1,190.00,317,327.97,656.20,9.53
1,190.00,318,668.84,465.73,5.03
1,190.00,319,267.45,249.38,0.00
1,190.00,320,92.40,681.97,0.00
1,190.00,321,419.20,825.44,13.33
1,190.00,322,793.96,179.79,22.18
1,190.00,323,814.90,492.52,6.81
1,190.00,324,491.80,718.33,8.99
1,190.00,325,614.53,964.86,8.17
1,190.00,326,843.90,277.60,24.12
1,190.00,327,794.81,954.16,22.00
1,190.00,328,215.12,731.72,5.51
1,190.00,329,514.69,771.10,14.39
1,190.00,330,747.86,90.88,0.00
1,190.00,331,130.40,62.72,0.00
1,190.00,332,816.85,410.03,8.51
1,190.00,333,320.70,586.67,12.11
1,190.00,334,210.82,2.60,0.00
1,190.00,335,864.04,670.90,0.00
1,190.00,336,438.97,465.30,20.87
1,190.00,337,515.84,334.10,6.53
1,190.00,338,509.43,492.49,5.78
1,190.00,339,231.84,518.23,0.00
1,190.00,340,340.84,590.54,8.33
1,190.00,341,586.73,478.72,9.90
1,190.00,342,656.39,196.07,0.00
1,190.00,343,831.22,854.78,0.00
1,190.00,344,21.43,417.03,0.00
1,190.00,345,485.51,391.82,9.59
1,190.00,346,589.99,699.19,14.66
1,190.00,347,411.32,445.88,9.13
1,190.00,348,638.73,246.96,17.54
1,190.00,349,815.23,634.31,0.00
1,190.00,350,579.67,563.99,24.01
1,190.00,351,286.21,539.31,11.04
1,190.00,352,285.50,645.83,24.64
1,190.00,353,767.92,272.18,0.00
1,190.00,354,178.19,924.18,8.89
1,190.00,355,158.01,236.01,0.00
1,190.00,356,621.08,166.25,0.00
1,190.00,357,659.17,544.55,15.45
1,190.00,358,794.06,206.78,7.46
1,190.00,359,710.25,916.39,0.00
1,190.00,360,266.99,685.76,5.48
1,190.00,361,229.73,209.72,0.00
1,190.00,362,374.30,530.31,0.00
1,190.00,363,952.22,187.00,0.00
1,190.00,364,517.70,92.67,9.68
1,190.00,365,318.49,453.56,10.03
1,190.00,366,223.55,923.04,10.42
1,190.00,367,588.50,658.10,7.17
1,190.00,368,650.82,749.27,0.00
1,190.00,369,304.10,151.07,7.37
1,190.00,370,707.96,181.96,0.00
1,190.00,371,849.82,927.42,12.75
1,190.00,372,537.45,694.11,6.55
1,190.00,373,143.01,547.93,20.35
1,190.00,374,389.75,276.33,13.66
1,190.00,375,248.13,619.24,0.00
1,190.00,376,521.46,355.08,5.11
1,190.00,377,434.90,246.58,10.05
1,190.00,378,212.12,350.03,9.64
1,190.00,379,300.59,778.46,6.13
1,190.00,380,580.56,121.23,20.83
1,190.00,381,533.53,721.12,5.09
1,190.00,382,583.90,567.10,5.36
1,190.00,383,516.14,874.46,6.17
1,190.00,384,355.00,435.69,22.19
1,190.00,385,276.65,158.28,8.02
1,190.00,386,605.47,580.06,0.00
1,190.00,387,198.08,366.17,21.38
1,190.00,388,278.52,352.44,6.71
1,190.00,389,242.44,762.43,10.05
1,190.00,390,225.89,777.62,9.17
1,190.00,391,559.26,286.69,22.03
1,190.00,392,751.35,262.97,20.75
1,190.00,393,299.43,800.47,7.59
1,190.00,394,166.91,485.35,17.94
1,190.00,395,464.99,767.73,5.65
1,190.00,396,529.81,287.21,5.88
1,190.00,397,722.04,253.56,11.14
1,190.00,398,825.06,457.06,7.20
1,190.00,399,211.78,595.07,12.46
1,200.00,0,582.57,279.65,5.69
1,200.00,1,795.36,674.82,0.00
1,200.00,2,903.75,541.12,22.13
1,200.00,3,525.49,559.57,0.00
1,200.00,4,198.44,817.32,0.00
1,200.00,5,425.12,705.10,5.43
1,200.00,6,572.72,308.78,8.28
1,200.00,7,851.75,551.43,19.05
1,200.00,8,266.45,787.80,8.69
1,200.00,9,325.41,353.96,12.77
1,200.00,10,877.45,328.62,5.44
1,200.00,11,300.97,769.84,17.25
1,200.00,12,314.85,707.93,9.23
1,200.00,13,765.96,702.71,11.03
1,200.00,14,621.44,269.14,10.64
1,200.00,15,99.71,111.45,0.00
1,200.00,16,697.95,349.16,0.00
1,200.00,17,571.43,925.03,0.00
1,200.00,18,436.59,559.68,9.31
1,200.00,19,374.93,915.85,8.96
1,200.00,20,880.87,105.05,5.93
1,200.00,21,935.19,357.49,21.41
1,200.00,22,936.14,808.52,15.31
1,200.00,23,468.89,753.50,20.04
1,200.00,24,823.79,398.21,6.65
1,200.00,25,326.14,276.88,7.86
1,200.00,26,199.50,267.73,6.16
1,200.00,27,641.21,579.68,11.15
1,200.00,28,262.18,636.78,16.91
1,200.00,29,948.75,430.81,10.14
1,200.00,30,963.54,834.28,0.00
1,200.00,31,597.32,569.08,13.49
1,200.00,32,749.50,348.38,8.64
1,200.00,33,429.66,828.10,7.88
1,200.00,34,340.15,183.11,7.69
1,200.00,35,824.59,554.54,12.60
1,200.00,36,882.15,390.37,17.08
1,200.00,37,801.65,352.12,0.00
1,200.00,38,592.07,321.82,6.37
1,200.00,39,690.49,122.29,6.05
1,200.00,40,166.94,357.74,0.00
1,200.00,41,99.71,790.87,9.66
1,200.00,42,598.70,535.28,16.21
1,200.00,43,918.86,517.53,18.99
1,200.00,44,460.43,15.61,0.00
1,200.00,45,976.89,8.16,0.00
1,200.00,46,447.15,753.75,8.49
1,200.00,47,547.25,397.42,13.69
1,200.00,48,203.05,481.22,12.31
1,200.00,49,643.35,308.94,11.48
1,200.00,50,521.44,716.51,8.26
1,200.00,51,559.35,272.99,12.71
1,200.00,52,872.45,599.61,18.89
1,200.00,53,141.06,446.53,24.72
1,200.00,54,526.70,730.24,10.89
1,200.00,55,428.17,480.27,7.41
1,200.00,56,871.06,704.86,8.07
1,200.00,57,951.39,716.95,24.01
1,200.00,58,203.42,588.64,16.59
1,200.00,59,306.34,197.27,9.47
1,200.00,60,426.01,476.58,13.14
1,200.00,61,508.10,258.11,21.18
1,200.00,62,212.13,350.90,11.46
1,200.00,63,286.75,988.58,0.00
1,200.00,64,802.75,538.38,21.46
1,200.00,65,600.48,150.76,6.10
1,200.00,66,549.99,568.56,0.00
1,200.00,67,614.31,687.20,5.79
1,200.00,68,134.66,216.55,17.85
1,200.00,69,808.04,219.00,24.79
1,200.00,70,913.98,265.57,13.27
1,200.00,71,464.33,345.46,8.09
1,200.00,72,37.80,765.35,14.72
1,200.00,73,882.33,408.78,15.13
1,200.00,74,358.05,410.16,15.43
1,200.00,75,589.12,425.76,18.06
1,200.00,76,875.78,655.62,5.29
1,200.00,77,239.52,533.95,8.24
1,200.00,78,877.88,919.21,5.27
1,200.00,79,465.86,550.46,20.04
1,200.00,80,280.60,581.03,6.24
1,200.00,81,759.40,189.70,8.76
1,200.00,82,201.60,132.92,11.12
1,200.00,83,722.81,57.56,0.00
1,200.00,84,497.53,508.56,18.68
1,200.00,85,677.76,199.55,9.35
1,200.00,86,318.40,303.83,12.84
1,200.00,87,160.77,352.99,5.30
1,200.00,88,759.13,719.96,0.00
1,200.00,89,300.25,804.49,24.45
1,200.00,90,544.04,608.25,9.88
1,200.00,91,437.92,864.58,10.78
1,200.00,92,591.03,255.39,6.69
1,200.00,93,24.72,154.87,13.93
1,200.00,94,533.63,228.19,20.59
1,200.00,95,375.39,618.15,11.09
1,200.00,96,509.09,728.19,15.69
1,200.00,97,697.56,85.74,13.98
1,200.00,98,733.57,121.38,17.32
1,200.00,99,662.32,530.47,7.15
1,200.00,100,938.31,374.35,8.66
1,200.00,101,395.08,952.66,8.04
1,200.00,102,429.71,389.66,14.54
1,200.00,103,473.38,746.73,8.79
1,200.00,104,701.17,780.38,19.62
1,200.00,105,728.24,627.21,9.22
1,200.00,106,261.83,193.03,7.45
1,200.00,107,652.11,643.33,19.38
1,200.00,108,407.08,791.94,12.70
1,200.00,109,910.22,846.25,0.00
1,200.00,110,995.63,464.41,21.05
1,200.00,111,732.15,910.96,5.65
1,200.00,112,270.70,941.97,0.00
1,200.00,113,309.90,228.95,22.92
1,200.00,114,761.27,53.60,6.89
1,200.00,115,685.70,646.04,22.98
1,200.00,116,148.26,239.34,10.69
1,200.00,117,711.80,484.97,9.56
1,200.00,118,296.31,197.16,0.00
1,200.00,119,557.97,229.72,6.19
1,200.00,120,14.40,722.96,5.85
1,200.00,121,432.15,224.81,7.48
1,200.00,122,596.44,437.88,18.44
1,200.00,123,521.29,235.33,8.96
1,200.00,124,467.80,125.01,7.03
1,200.00,125,550.17,529.63,17.91
1,200.00,126,761.08,449.62,17.92
1,200.00,127,587.54,808.29,19.17
1,200.00,128,356.66,456.44,8.10
1,200.00,129,545.57,500.88,15.76
1,200.00,130,537.76,562.91,5.72
1,200.00,131,437.95,200.62,17.99
1,200.00,132,668.95,339.41,10.43
1,200.00,133,923.23,661.56,0.00
1,200.00,134,674.21,491.26,12.66
1,200.00,135,605.81,367.63,10.67
1,200.00,136,262.96,361.62,14.02
1,200.00,137,660.83,540.11,0.00
1,200.00,138,779.67,416.47,9.37
1,200.00,139,664.36,420.54,10.82
1,200.00,140,88.06,329.99,0.00
1,200.00,141,767.91,579.45,6.73
1,200.00,142,423.82,618.50,9.06
1,200.00,143,587.89,22.93,0.00
1,200.00,144,582.11,497.74,0.00
1,200.00,145,580.51,319.82,5.49
1,200.00,146,124.03,903.49,0.00
1,200.00,147,981.01,132.57,6.78
1,200.00,148,304.37,659.44,12.37
1,200.00,149,418.99,356.83,14.20
1,200.00,150,748.19,512.81,8.04
1,200.00,151,483.94,358.48,10.05
1,200.00,152,201.86,207.18,14.48
1,200.00,153,522.60,666.15,11.17
1,200.00,154,56.50,312.04,0.00
1,200.00,155,805.25,553.59,0.00
1,200.00,156,738.26,975.64,14.54
1,200.00,157,46.50,189.82,6.44
1,200.00,158,657.61,229.40,9.05
1,200.00,159,710.51,374.81,7.45
1,200.00,160,613.24,327.46,0.00
1,200.00,161,768.59,527.09,6.12
1,200.00,162,543.43,763.06,21.42
1,200.00,163,569.37,751.48,8.72
1,200.00,164,712.98,424.17,9.06
1,200.00,165,874.95,186.48,19.25
1,200.00,166,213.24,913.97,13.03
1,200.00,167,583.13,617.64,8.63
1,200.00,168,548.54,523.58,6.10
1,200.00,169,791.50,587.69,6.93
1,200.00,170,998.61,301.57,0.00
1,200.00,171,379.63,585.11,14.52
1,200.00,172,267.53,714.21,8.12
1,200.00,173,281.41,345.00,0.00
1,200.00,174,48.18,92.33,14.01
1,200.00,175,126.90,478.21,5.69
1,200.00,176,800.45,319.23,17.88
1,200.00,177,813.72,222.68,6.13
1,200.00,178,563.08,590.37,5.09
1,200.00,179,375.47,746.65,0.00
1,200.00,180,311.96,737.41,0.00
1,200.00,181,383.57,130.56,14.38
1,200.00,182,379.43,775.07,11.28
1,200.00,183,211.47,408.35,11.03
1,200.00,184,607.35,305.89,19.27
1,200.00,185,926.88,261.90,9.53
1,200.00,186,670.05,314.22,6.33
1,200.00,187,772.42,566.83,9.19
1,200.00,188,186.50,345.81,6.54
1,200.00,189,724.16,645.46,19.19
1,200.00,190,792.03,566.95,19.39
1,200.00,191,24.19,301.95,0.00
1,200.00,192,474.90,631.71,6.21
1,200.00,193,319.16,646.25,0.00
1,200.00,194,223.43,805.79,10.80
1,200.00,195,669.28,578.11,13.79
1,200.00,196,286.29,319.14,5.42
1,200.00,197,229.72,222.40,0.00
1,200.00,198,307.11,551.09,12.10
1,200.00,199,495.59,455.44,8.08
1,200.00,200,174.95,559.00,18.49
1,200.00,201,164.95,439.42,9.35
1,200.00,202,497.37,162.61,14.62
1,200.00,203,722.08,673.27,0.00
1,200.00,204,500.88,551.72,16.22
1,200.00,205,786.49,557.32,6.85
1,200.00,206,83.60,58.85,21.45
1,200.00,207,840.36,603.99,8.09
1,200.00,208,728.71,163.41,5.93
1,200.00,209,419.52,551.45,5.52
1,200.00,210,364.93,343.38,12.82
1,200.00,211,244.54,206.44,17.25
1,200.00,212,180.49,162.70,5.12
1,200.00,213,597.05,623.26,0.00
1,200.00,214,841.06,476.76,11.53
1,200.00,215,408.14,839.87,6.74
1,200.00,216,521.54,119.70,17.64
1,200.00,217,520.60,326.10,7.95
1,200.00,218,823.35,28.28,0.00
1,200.00,219,481.06,57.31,0.00
1,200.00,220,668.98,270.28,18.86
1,200.00,221,544.21,565.20,7.12
1,200.00,222,388.75,226.16,0.00
1,200.00,223,362.93,624.14,0.00
1,200.00,224,682.34,678.04,10.59
1,200.00,225,615.85,696.67,5.72
1,200.00,226,920.68,971.57,0.00
1,200.00,227,146.71,842.52,0.00
1,200.00,228,396.19,721.10,6.60
1,200.00,229,460.89,277.69,10.31
1,200.00,230,191.68,621.76,0.00
1,200.00,231,104.53,563.70,7.54
1,200.00,232,410.17,655.31,13.94
1,200.00,233,373.41,325.88,13.20
1,200.00,234,263.48,397.49,20.03
1,200.00,235,573.29,763.26,11.52
1,200.00,236,86.45,383.13,5.06
1,200.00,237,51.51,437.19,0.00
1,200.00,238,151.94,316.10,0.00
1,200.00,239,406.99,371.72,6.13
1,200.00,240,252.05,248.59,21.11
1,200.00,241,363.55,451.82,11.76
1,200.00,242,393.50,317.62,0.00
1,200.00,243,313.40,471.22,6.54
1,200.00,244,396.97,551.30,0.00
1,200.00,245,563.22,197.77,21.56
1,200.00,246,971.17,57.96,0.00
1,200.00,247,305.15,751.36,12.43
1,200.00,248,527.09,149.38,19.26
1,200.00,249,535.87,722.51,0.00
1,200.00,250,753.47,919.61,13.13
1,200.00,251,730.57,625.22,19.04
1,200.00,252,683.90,680.90,9.96
1,200.00,253,267.06,582.35,12.66
1,200.00,254,686.17,226.55,6.05
1,200.00,255,679.20,199.49,10.31
1,200.00,256,662.31,948.07,0.00
1,200.00,257,680.45,702.85,16.22
1,200.00,258,482.55,567.24,21.86
1,200.00,259,457.29,637.42,5.89
1,200.00,260,773.42,209.22,10.59
1,200.00,261,667.14,747.29,8.85
1,200.00,262,780.35,904.40,16.90
1,200.00,263,538.23,223.63,0.00
1,200.00,264,145.00,329.79,6.12
1,200.00,265,300.34,525.98,21.66
1,200.00,266,719.93,996.79,0.00
1,200.00,267,562.13,126.09,6.93
1,200.00,268,69.53,284.34,6.73
1,200.00,269,385.85,267.69,0.00
1,200.00,270,186.47,252.15,0.00
1,200.00,271,125.81,611.54,0.00
1,200.00,272,483.98,437.59,18.26
1,200.00,273,682.17,40.98,5.15
1,200.00,274,310.13,57.51,9.82
1,200.00,275,846.54,451.82,7.64
1,200.00,276,948.02,188.08,0.00
1,200.00,277,506.48,363.67,17.31
1,200.00,278,64.78,276.04,8.29
1,200.00,279,468.98,374.00,13.68
1,200.00,280,865.21,324.98,5.99
1,200.00,281,211.76,834.59,5.92
1,200.00,282,189.56,344.73,0.00
1,200.00,283,719.48,106.90,20.40
1,200.00,284,328.48,370.28,12.29
1,200.00,285,198.10,742.35,22.54
1,200.00,286,305.58,176.10,9.51
1,200.00,287,441.91,193.48,9.74
1,200.00,288,579.76,556.15,21.72
1,200.00,289,292.69,397.97,13.95
1,200.00,290,744.67,590.00,22.33
1,200.00,291,752.64,855.50,7.39
1,200.00,292,214.26,161.73,15.32
1,200.00,293,793.17,813.67,7.12
1,200.00,294,928.51,840.30,10.15
1,200.00,295,809.83,189.46,0.00
1,200.00,296,278.57,471.87,0.00
1,200.00,297,757.96,280.27,17.78
1,200.00,298,141.21,904.04,13.56
1,200.00,299,827.52,913.85,14.34
1,200.00,300,307.79,534.53,8.76
1,200.00,301,789.36,848.03,8.37
1,200.00,302,755.18,44.78,0.00
1,200.00,303,659.27,763.89,11.20
1,200.00,304,378.26,454.85,7.37
1,200.00,305,166.08,422.84,5.82
1,200.00,306,832.32,358.63,6.36
1,200.00,307,72.71,123.05,0.00
1,200.00,308,69.27,650.34,5.81
1,200.00,309,683.62,764.98,5.35
1,200.00,310,604.34,269.17,19.86
1,200.00,311,270.49,608.51,20.52
1,200.00,312,670.39,825.22,5.57
1,200.00,313,236.60,175.50,11.04
1,200.00,314,509.14,122.06,0.00
1,200.00,315,855.61,750.44,9.04
1,200.00,316,253.68,385.26,6.09
1,200.00,317,251.39,599.53,9.53
1,200.00,318,641.76,423.32,5.03
1,200.00,319,284.35,255.85,7.10
1,200.00,320,260.46,735.48,21.54
1,200.00,321,309.70,749.36,13.33
1,200.00,322,825.52,138.09,0.00
1,200.00,323,782.95,432.35,6.81
1,200.00,324,485.95,628.59,8.99
1,200.00,325,533.57,953.69,8.17
1,200.00,326,841.08,448.11,0.00
1,200.00,327,817.33,967.44,0.00
1,200.00,328,260.05,763.56,5.51
1,200.00,329,392.39,695.21,14.39
1,200.00,330,581.74,64.07,22.98
1,200.00,331,138.81,94.35,17.54
1,200.00,332,774.79,336.01,8.51
1,200.00,333,269.66,476.85,12.11
1,200.00,334,305.96,9.55,20.66
1,200.00,335,860.19,672.60,6.96
1,200.00,336,483.54,669.14,20.87
1,200.00,337,580.79,340.70,6.53
1,200.00,338,451.84,487.58,5.78
1,200.00,339,278.11,536.68,24.14
1,200.00,340,363.06,670.80,8.33
1,200.00,341,512.05,413.78,9.90
1,200.00,342,615.25,191.02,6.19
1,200.00,343,727.72,885.14,16.37
1,200.00,344,49.29,399.02,24.04
1,200.00,345,557.67,454.90,9.59
1,200.00,346,735.11,678.66,14.66
1,200.00,347,410.75,537.17,9.13
1,200.00,348,471.37,299.52,17.54
1,200.00,349,696.91,567.96,15.54
1,200.00,350,603.68,439.49,0.00
1,200.00,351,308.64,647.39,11.04
1,200.00,352,490.51,509.09,24.64
1,200.00,353,755.24,298.35,21.70
1,200.00,354,156.44,937.91,0.00
1,200.00,355,242.71,360.92,20.92
1,200.00,356,608.01,276.97,24.29
1,200.00,357,549.78,653.58,15.45
1,200.00,358,776.60,169.84,0.00
1,200.00,359,661.46,775.35,21.84
1,200.00,360,271.24,704.91,0.00
1,200.00,361,304.09,329.47,20.54
1,200.00,362,332.29,622.75,10.71
1,200.00,363,831.11,300.13,22.27
1,200.00,364,614.45,94.14,9.68
1,200.00,365,247.19,382.99,10.03
1,200.00,366,284.63,838.67,10.42
1,200.00,367,602.22,728.47,7.17
1,200.00,368,622.09,697.46,5.99
1,200.00,369,252.06,203.19,7.37
1,200.00,370,656.23,148.38,19.22
1,200.00,371,867.61,936.49,0.00
1,200.00,372,489.65,649.28,6.55
1,200.00,373,79.84,593.13,0.00
1,200.00,374,310.04,277.23,0.00
1,200.00,375,414.09,483.84,24.07
1,200.00,376,553.33,395.07,5.11
1,200.00,377,506.65,316.89,10.05
1,200.00,378,169.06,263.77,9.64
1,200.00,379,332.59,726.22,6.13
1,200.00,380,554.21,58.45,0.00
1,200.00,381,522.65,758.79,0.00
1,200.00,382,630.22,540.21,5.36
1,200.00,383,454.55,877.74,6.17
1,200.00,384,326.93,413.98,0.00
1,200.00,385,214.94,107.05,8.02
1,200.00,386,673.11,525.65,13.92
1,200.00,387,398.85,292.60,21.38
1,200.00,388,293.99,417.74,6.71
1,200.00,389,274.36,774.31,0.00
1,200.00,390,295.39,717.85,9.17
1,200.00,391,730.48,148.03,22.03
1,200.00,392,601.27,119.62,20.75
1,200.00,393,239.50,847.06,7.59
1,200.00,394,303.38,368.97,17.94
1,200.00,395,409.69,779.40,5.65
1,200.00,396,576.20,251.01,5.88
1,200.00,397,759.96,217.95,0.00
1,200.00,398,822.69,385.12,7.20
1,200.00,399,242.37,715.81,12.46
1,210.00,0,587.74,336.35,5.69
1,210.00,1,875.71,522.76,17.38
1,210.00,2,711.79,651.27,22.13
1,210.00,3,517.87,554.66,23.77
1,210.00,4,274.88,709.50,13.76
1,210.00,5,375.20,726.58,5.43
1,210.00,6,564.83,289.01,0.00
1,210.00,7,928.74,725.65,19.05
1,210.00,8,262.30,874.56,8.69
1,210.00,9,233.93,303.88,0.00
1,210.00,10,892.61,276.34,5.44
1,210.00,11,171.62,884.01,17.25
1,210.00,12,372.28,780.22,9.23
1,210.00,13,680.85,632.60,11.03
1,210.00,14,515.18,264.29,10.64
1,210.00,15,226.94,170.05,19.22
1,210.00,16,702.22,356.01,19.36
1,210.00,17,500.41,861.03,23.61
1,210.00,18,370.00,624.80,9.31
1,210.00,19,287.75,936.37,8.96
1,210.00,20,847.84,154.24,5.93
1,210.00,21,912.58,570.37,21.41
1,210.00,22,937.94,947.16,0.00
1,210.00,23,270.63,724.21,20.04
1,210.00,24,772.52,440.65,6.65
1,210.00,25,388.53,324.71,7.86
1,210.00,26,154.31,225.84,6.16
1,210.00,27,551.04,645.30,11.15
1,210.00,28,98.77,593.10,16.91
1,210.00,29,898.45,342.73,10.14
1,210.00,30,914.48,820.05,20.71
1,210.00,31,699.72,577.60,0.00
1,210.00,32,784.26,269.32,8.64
1,210.00,33,364.84,872.94,7.88
1,210.00,34,281.35,133.50,7.69
1,210.00,35,842.45,679.26,12.60
1,210.00,36,864.68,220.46,17.08
1,210.00,37,776.29,313.61,10.41
1,210.00,38,624.45,376.65,6.37
1,210.00,39,640.80,156.88,6.05
1,210.00,40,201.14,346.16,16.92
1,210.00,41,54.53,876.26,9.66
1,210.00,42,628.14,694.65,16.21
1,210.00,43,942.45,329.06,18.99
1,210.00,44,474.49,37.37,7.50
1,210.00,45,861.26,95.67,23.49
1,210.00,46,505.75,692.36,8.49
1,210.00,47,681.27,425.52,13.69
1,210.00,48,91.08,430.10,12.31
1,210.00,49,590.94,411.10,11.48
1,210.00,50,521.96,633.95,8.26
1,210.00,51,487.80,378.08,12.71
1,210.00,52,927.14,618.78,0.00
1,210.00,53,165.47,692.50,24.72
1,210.00,54,425.72,770.88,10.89
1,210.00,55,477.33,424.77,7.41
1,210.00,56,799.76,667.08,8.07
1,210.00,57,926.94,478.09,24.01
1,210.00,58,365.69,583.96,0.00
1,210.00,59,283.16,163.62,0.00
1,210.00,60,370.94,595.88,13.14
1,210.00,61,578.98,163.36,0.00
1,210.00,62,295.66,429.31,11.46
1,210.00,63,411.60,861.98,22.67
1,210.00,64,714.13,446.78,0.00
1,210.00,65,657.90,130.17,6.10
1,210.00,66,569.96,514.47,17.14
1,210.00,67,572.88,727.70,5.79
1,210.00,68,219.73,373.44,17.85
1,210.00,69,943.66,219.37,0.00
1,210.00,70,904.00,133.29,13.27
1,210.00,71,542.33,367.01,8.09
1,210.00,72,80.27,624.37,14.72
1,210.00,73,732.54,430.46,15.13
1,210.00,74,388.52,531.45,0.00
1,210.00,75,746.00,336.38,18.06
1,210.00,76,846.02,611.83,5.29
1,210.00,77,287.16,601.22,8.24
1,210.00,78,825.22,916.29,5.27
1,210.00,79,636.54,655.50,20.04
1,210.00,80,311.09,635.51,6.24
1,210.00,81,700.97,255.01,8.76
1,210.00,82,311.97,146.90,11.12
1,210.00,83,732.18,123.75,9.09
1,210.00,84,684.23,503.76,18.68
1,210.00,85,587.70,174.33,9.35
1,210.00,86,349.22,428.53,12.84
1,210.00,87,129.55,310.13,5.30
1,210.00,88,769.69,690.72,19.98
1,210.00,89,369.66,580.39,0.00
1,210.00,90,641.86,622.42,9.88
1,210.00,91,341.77,815.87,10.78
1,210.00,92,525.79,270.35,6.69
1,210.00,93,26.07,121.50,0.00
1,210.00,94,614.61,417.52,20.59
1,210.00,95,434.16,712.25,11.09
1,210.00,96,663.03,758.43,15.69
1,210.00,97,671.67,47.47,0.00
1,210.00,98,777.58,37.60,0.00
1,210.00,99,595.52,556.04,7.15
1,210.00,100,932.80,287.89,8.66
1,210.00,101,315.13,961.38,8.04
1,210.00,102,384.63,251.40,14.54
1,210.00,103,537.74,806.62,8.79
1,210.00,104,576.24,629.16,19.62
1,210.00,105,671.53,554.49,9.22
1,210.00,106,334.28,175.49,7.45
1,210.00,107,470.14,710.04,19.38
1,210.00,108,305.42,868.12,12.70
1,210.00,109,906.94,846.93,24.29
1,210.00,110,993.82,674.90,21.05
1,210.00,111,749.87,857.28,5.65
1,210.00,112,289.13,906.81,13.58
1,210.00,113,514.60,332.11,22.92
1,210.00,114,692.37,56.07,6.89
1,210.00,115,758.66,673.59,0.00
1,210.00,116,252.02,265.17,10.69
1,210.00,117,617.20,498.53,9.56
1,210.00,118,421.50,347.42,23.86
1,210.00,119,569.25,290.63,6.19
1,210.00,120,16.89,781.38,5.85
1,210.00,121,465.58,291.68,7.48
1,210.00,122,718.49,445.48,0.00
1,210.00,123,609.63,250.35,8.96
1,210.00,124,536.57,110.51,7.03
1,210.00,125,573.85,707.11,17.91
1,210.00,126,613.45,551.12,17.92
1,210.00,127,602.35,683.34,0.00
1,210.00,128,431.40,425.11,8.10
1,210.00,129,487.23,432.20,0.00
1,210.00,130,580.65,600.79,5.72
1,210.00,131,550.65,340.87,17.99
1,210.00,132,707.69,436.20,10.43
1,210.00,133,913.80,564.49,11.23
1,210.00,134,663.11,365.12,12.66
1,210.00,135,706.44,332.24,10.67
1,210.00,136,392.92,308.92,14.02
1,210.00,137,541.22,464.04,14.66
1,210.00,138,713.64,350.05,9.37
1,210.00,139,763.66,463.42,10.82
1,210.00,140,303.64,315.68,21.99
1,210.00,141,717.55,534.73,6.73
1,210.00,142,478.74,690.18,0.00
1,210.00,143,570.15,51.83,13.20
1,210.00,144,627.64,443.51,20.48
1,210.00,145,536.80,353.03,5.49
1,210.00,146,125.65,875.81,7.78
1,210.00,147,984.93,131.19,0.00
1,210.00,148,237.45,763.51,12.37
1,210.00,149,316.36,259.56,0.00
1,210.00,150,790.63,581.13,8.04
1,210.00,151,569.53,411.07,10.05
1,210.00,152,177.86,97.81,0.00
1,210.00,153,410.90,666.61,11.17
1,210.00,154,200.95,377.56,16.50
1,210.00,155,793.55,498.60,23.41
1,210.00,156,727.37,996.98,0.00
1,210.00,157,45.62,189.09,0.00
1,210.00,158,712.96,300.94,9.05
1,210.00,159,770.77,418.59,7.45
1,210.00,160,574.24,375.87,6.37
1,210.00,161,795.95,472.31,6.12
1,210.00,162,570.41,764.73,0.00
1,210.00,163,635.24,694.38,8.72
1,210.00,164,798.66,453.51,9.06
1,210.00,165,706.94,280.46,19.25
1,210.00,166,150.46,975.72,0.00
1,210.00,167,668.79,628.44,8.63
1,210.00,168,516.86,575.66,6.10
1,210.00,169,744.18,537.03,6.93
1,210.00,170,967.67,280.16,5.17
1,210.00,171,460.86,464.78,14.52
1,210.00,172,266.36,632.97,8.12
1,210.00,173,282.72,347.49,8.92
1,210.00,174,124.30,209.94,14.01
1,210.00,175,123.99,421.42,5.69
1,210.00,176,777.45,496.53,17.88
1,210.00,177,809.72,283.82,6.13
1,210.00,178,568.52,633.66,0.00
1,210.00,179,315.74,692.08,9.55
1,210.00,180,558.15,739.13,24.97
1,210.00,181,484.45,206.94,0.00
1,210.00,182,374.72,781.20,0.00
1,210.00,183,145.57,326.08,0.00
1,210.00,184,703.35,472.93,19.27
1,210.00,185,937.30,167.13,9.53
1,210.00,186,612.83,341.25,6.33
1,210.00,187,685.53,596.77,9.19
1,210.00,188,173.05,409.83,6.54
1,210.00,189,532.29,648.64,19.19
1,210.00,190,982.46,603.40,19.39
1,210.00,191,45.52,315.18,17.36
1,210.00,192,504.54,577.17,6.21
1,210.00,193,373.18,672.67,8.03
1,210.00,194,211.35,857.16,0.00
1,210.00,195,711.55,622.46,0.00
1,210.00,196,333.21,291.96,5.42
1,210.00,197,235.34,234.48,5.91
1,210.00,198,403.75,623.84,12.10
1,210.00,199,426.89,412.95,8.08
1,210.00,200,260.34,723.01,18.49
1,210.00,201,188.18,348.84,9.35
1,210.00,202,638.56,200.62,14.62
1,210.00,203,599.10,478.87,24.85
1,210.00,204,571.33,445.29,0.00
1,210.00,205,733.34,514.18,6.85
1,210.00,206,39.63,52.47,0.00
1,210.00,207,836.73,684.86,8.09
1,210.00,208,672.63,182.66,5.93
1,210.00,209,401.08,603.49,5.52
1,210.00,210,243.22,383.63,12.82
1,210.00,211,244.75,263.17,0.00
1,210.00,212,195.29,113.68,5.12
1,210.00,213,596.70,623.53,8.96
1,210.00,214,945.76,428.48,11.53
1,210.00,215,392.80,905.46,6.74
1,210.00,216,380.86,226.14,17.64
1,210.00,217,491.80,252.03,7.95
1,210.00,218,713.48,67.35,20.24
1,210.00,219,534.21,127.28,11.18
1,210.00,220,777.33,115.88,18.86
1,210.00,221,498.72,510.49,7.12
1,210.00,222,504.29,381.17,22.82
1,210.00,223,364.86,629.47,10.01
1,210.00,224,630.57,770.47,10.59
1,210.00,225,658.10,735.23,5.72
1,210.00,226,820.62,972.65,17.58
1,210.00,227,170.29,776.40,16.02
1,210.00,228,458.77,742.05,6.60
1,210.00,229,541.61,341.90,10.31
1,210.00,230,205.40,775.23,17.80
1,210.00,231,73.51,632.40,7.54
1,210.00,232,535.19,593.68,13.94
1,210.00,233,502.41,297.71,13.20
1,210.00,234,248.36,385.72,0.00
1,210.00,235,590.54,877.18,11.52
1,210.00,236,103.84,430.64,5.06
1,210.00,237,51.88,557.83,17.91
1,210.00,238,188.40,405.59,11.56
1,210.00,239,414.65,310.87,6.13
1,210.00,240,327.35,445.86,21.11
1,210.00,241,363.88,334.18,11.76
1,210.00,242,376.77,433.62,14.59
1,210.00,243,363.37,513.46,6.54
1,210.00,244,414.77,551.90,16.64
1,210.00,245,503.72,173.57,0.00
1,210.00,246,837.07,120.97,22.33
1,210.00,247,358.87,863.43,12.43
1,210.00,248,577.57,51.77,0.00
1,210.00,249,459.39,756.52,11.39
1,210.00,250,842.31,822.97,13.13
1,210.00,251,869.68,755.15,19.04
1,210.00,252,598.45,629.75,9.96
1,210.00,253,166.56,505.30,12.66
1,210.00,254,735.70,261.26,6.05
1,210.00,255,780.00,177.85,10.31
1,210.00,256,647.49,848.44,20.56
1,210.00,257,745.74,699.74,0.00
1,210.00,258,352.23,567.73,0.00
1,210.00,259,448.62,671.67,0.00
1,210.00,260,705.87,290.80,10.59
1,210.00,261,597.25,801.62,8.85
1,210.00,262,616.28,945.10,16.90
1,210.00,263,478.51,344.61,17.46
1,210.00,264,105.25,329.45,0.00
1,210.00,265,300.52,528.51,0.00
1,210.00,266,691.68,965.75,5.84
1,210.00,267,582.50,192.32,6.93
1,210.00,268,62.05,217.47,6.73
1,210.00,269,420.54,253.63,16.26
1,210.00,270,169.71,291.53,5.12
1,210.00,271,130.43,595.44,22.27
1,210.00,272,325.45,347.07,18.26
1,210.00,273,631.25,49.00,5.15
1,210.00,274,257.70,26.70,0.00
1,210.00,275,895.28,392.93,7.64
1,210.00,276,765.37,198.81,21.70
1,210.00,277,359.50,455.19,17.31
1,210.00,278,64.23,275.27,0.00
1,210.00,279,458.11,267.79,0.00
1,210.00,280,849.63,382.83,5.99
1,210.00,281,162.94,868.15,5.92
1,210.00,282,186.75,328.25,5.64
1,210.00,283,719.18,98.16,0.00
1,210.00,284,357.27,401.39,0.00
1,210.00,285,384.15,615.05,22.54
1,210.00,286,296.65,270.80,9.51
1,210.00,287,430.62,154.41,0.00
1,210.00,288,721.86,391.82,21.72
1,210.00,289,194.54,298.77,13.95
1,210.00,290,746.16,591.13,0.00
1,210.00,291,678.72,855.68,7.39
1,210.00,292,67.19,184.75,0.00
1,210.00,293,747.92,758.66,7.12
1,210.00,294,901.11,938.01,10.15
1,210.00,295,783.84,265.29,15.70
1,210.00,296,348.67,471.58,17.15
1,210.00,297,604.07,191.20,17.78
1,210.00,298,139.00,920.93,0.00
1,210.00,299,727.25,811.29,14.34
1,210.00,300,381.12,582.50,8.76
1,210.00,301,846.02,907.08,0.00
1,210.00,302,758.36,62.83,13.22
1,210.00,303,770.23,748.44,11.20
1,210.00,304,420.15,515.45,7.37
1,210.00,305,171.04,364.82,5.82
1,210.00,306,780.73,395.85,6.36
1,210.00,307,110.00,158.70,5.44
1,210.00,308,12.09,648.46,0.00
1,210.00,309,719.93,804.24,5.35
1,210.00,310,631.61,250.29,0.00
1,210.00,311,384.68,778.97,20.52
1,210.00,312,626.36,859.41,5.57
1,210.00,313,227.74,177.06,0.00
1,210.00,314,506.58,125.41,19.37
1,210.00,315,884.61,759.38,0.00
1,210.00,316,230.54,441.63,6.09
1,210.00,317,248.32,597.27,0.00
1,210.00,318,614.68,380.91,5.03
1,210.00,319,350.61,281.24,7.10
1,210.00,320,465.67,800.82,21.54
1,210.00,321,212.75,681.99,0.00
1,210.00,322,826.66,274.48,17.85
1,210.00,323,751.00,372.19,6.81
1,210.00,324,480.10,538.84,8.99
1,210.00,325,452.62,942.52,8.17
1,210.00,326,797.07,485.19,19.64
1,210.00,327,837.74,836.00,15.10
1,210.00,328,304.97,795.39,5.51
1,210.00,329,270.09,619.33,14.39
1,210.00,330,354.83,27.45,22.98
1,210.00,331,183.91,263.87,17.54
1,210.00,332,732.73,261.99,8.51
1,210.00,333,218.62,367.04,12.11
1,210.00,334,512.03,24.58,20.66
1,210.00,335,796.59,700.84,6.96
1,210.00,336,528.12,872.97,20.87
1,210.00,337,645.74,347.29,6.53
1,210.00,338,394.24,482.68,5.78
1,210.00,339,502.37,626.11,24.14
1,210.00,340,385.28,751.05,8.33
1,210.00,341,437.37,348.84,9.90
1,210.00,342,553.82,183.48,6.19
1,210.00,343,654.33,906.66,0.00
1,210.00,344,251.21,268.47,24.04
1,210.00,345,629.83,517.99,9.59
1,210.00,346,880.22,658.13,14.66
1,210.00,347,410.32,604.82,0.00
1,210.00,348,304.01,352.08,17.54
1,210.00,349,561.34,491.93,15.54
1,210.00,350,621.60,481.85,9.75
1,210.00,351,331.07,755.46,11.04
1,210.00,352,695.53,372.36,24.64
1,210.00,353,660.61,493.66,21.70
1,210.00,354,236.71,871.66,14.64
1,210.00,355,360.10,534.05,20.92
1,210.00,356,579.52,518.20,24.29
1,210.00,357,492.35,710.82,0.00
1,210.00,358,794.26,231.02,14.07
1,210.00,359,590.07,568.98,21.84
1,210.00,360,235.51,768.09,11.30
1,210.00,361,412.42,503.93,20.54
1,210.00,362,288.00,720.21,10.71
1,210.00,363,668.38,452.16,22.27
1,210.00,364,711.19,95.61,9.68
1,210.00,365,175.90,312.42,10.03
1,210.00,366,345.70,754.30,10.42
1,210.00,367,615.94,798.84,7.17
1,210.00,368,593.04,645.09,5.99
1,210.00,369,200.03,255.31,7.37
1,210.00,370,573.04,94.37,0.00
1,210.00,371,832.77,880.39,7.83
1,210.00,372,441.85,604.46,6.55
1,210.00,373,148.56,514.20,16.93
1,210.00,374,303.13,334.31,13.80
1,210.00,375,600.56,331.71,24.07
1,210.00,376,585.19,435.06,5.11
1,210.00,377,517.27,327.30,0.00
1,210.00,378,126.00,177.52,9.64
1,210.00,379,364.60,673.97,6.13
1,210.00,380,486.63,89.00,11.02
1,210.00,381,529.63,737.03,9.98
1,210.00,382,676.54,513.32,5.36
1,210.00,383,392.95,881.02,6.17
1,210.00,384,357.44,482.42,8.92
1,210.00,385,207.30,100.70,0.00
1,210.00,386,772.31,445.87,0.00
1,210.00,387,599.62,219.04,21.38
1,210.00,388,309.46,483.04,6.71
1,210.00,389,387.99,757.26,17.38
1,210.00,390,364.89,658.08,9.17
1,210.00,391,849.00,52.05,0.00
1,210.00,392,549.40,70.08,0.00
1,210.00,393,179.56,893.64,7.59
1,210.00,394,378.25,305.11,0.00
1,210.00,395,354.39,791.07,5.65
1,210.00,396,604.27,229.12,0.00
1,210.00,397,766.49,261.34,8.23
1,210.00,398,820.61,322.29,0.00
1,210.00,399,257.24,774.47,0.00
1,220.00,0,592.92,393.05,5.69
1,220.00,1,956.89,369.12,17.38
1,220.00,2,519.84,761.41,22.13
1,220.00,3,317.95,426.13,23.77
1,220.00,4,354.47,597.24,13.76
1,220.00,5,325.28,748.07,5.43
1,220.00,6,520.47,295.58,6.04
1,220.00,7,939.19,749.29,0.00
1,220.00,8,261.32,895.06,0.00
1,220.00,9,227.20,324.84,12.01
1,220.00,10,907.77,224.07,5.44
1,220.00,11,64.63,978.44,0.00
1,220.00,12,429.70,852.52,9.23
1,220.00,13,595.75,562.49,11.03
1,220.00,14,513.69,264.22,0.00
1,220.00,15,401.55,250.47,19.22
1,220.00,16,804.53,520.42,19.36
1,220.00,17,325.04,702.97,23.61
1,220.00,18,340.76,653.40,0.00
1,220.00,19,258.80,943.19,0.00
1,220.00,20,814.81,203.43,5.93
1,220.00,21,889.96,783.26,21.41
1,220.00,22,919.52,949.42,19.72
1,220.00,23,72.37,694.93,20.04
1,220.00,24,721.26,483.09,6.65
1,220.00,25,450.92,372.53,7.86
1,220.00,26,121.29,195.23,0.00
1,220.00,27,460.86,710.92,11.15
1,220.00,28,83.00,588.89,0.00
1,220.00,29,848.16,254.65,10.14
1,220.00,30,715.55,762.34,20.71
1,220.00,31,709.39,547.35,13.32
1,220.00,32,819.02,190.26,8.64
1,220.00,33,300.01,917.79,7.88
1,220.00,34,251.04,107.92,0.00
1,220.00,35,860.32,803.98,12.60
1,220.00,36,851.89,96.10,0.00
1,220.00,37,719.05,226.70,10.41
1,220.00,38,656.83,431.47,6.37
1,220.00,39,591.12,191.48,6.05
1,220.00,40,361.37,291.89,16.92
1,220.00,41,9.35,961.66,9.66
1,220.00,42,657.57,854.02,16.21
1,220.00,43,964.19,155.31,0.00
1,220.00,44,515.16,100.35,7.50
1,220.00,45,673.98,237.41,23.49
1,220.00,46,564.35,630.98,8.49
1,220.00,47,815.28,453.61,13.69
1,220.00,48,75.96,423.20,0.00
1,220.00,49,538.53,513.25,11.48
1,220.00,50,522.49,551.40,8.26
1,220.00,51,416.26,483.17,12.71
1,220.00,52,918.66,500.57,17.10
1,220.00,53,189.49,934.51,0.00
1,220.00,54,324.75,811.52,10.89
1,220.00,55,526.49,369.28,7.41
1,220.00,56,728.46,629.30,8.07
1,220.00,57,925.46,463.67,0.00
1,220.00,58,366.85,585.33,8.27
1,220.00,59,300.73,189.16,5.45
1,220.00,60,315.87,715.18,13.14
1,220.00,61,565.86,272.71,24.95
1,220.00,62,379.19,507.73,11.46
1,220.00,63,570.80,700.55,22.67
1,220.00,64,698.89,545.20,24.53
1,220.00,65,715.32,109.58,6.10
1,220.00,66,629.34,353.66,17.14
1,220.00,67,531.45,768.21,5.79
1,220.00,68,304.81,530.34,17.85
1,220.00,69,917.88,215.23,5.77
1,220.00,70,894.14,2.49,0.00
1,220.00,71,620.32,388.57,8.09
1,220.00,72,122.75,483.38,14.72
1,220.00,73,582.76,452.14,15.13
1,220.00,74,389.29,495.74,18.86
1,220.00,75,858.39,272.34,0.00
1,220.00,76,816.25,568.04,5.29
1,220.00,77,334.81,668.49,8.24
1,220.00,78,772.56,913.38,5.27
1,220.00,79,807.21,760.53,20.04
1,220.00,80,341.59,689.99,6.24
1,220.00,81,642.55,320.33,8.76
1,220.00,82,422.33,160.87,11.12
1,220.00,83,744.92,213.77,9.09
1,220.00,84,870.93,498.96,18.68
1,220.00,85,497.64,149.10,9.35
1,220.00,86,380.04,553.22,12.84
1,220.00,87,98.33,267.27,5.30
1,220.00,88,837.52,502.76,19.98
1,220.00,89,369.55,577.45,7.24
1,220.00,90,643.90,622.72,0.00
1,220.00,91,245.61,767.16,10.78
1,220.00,92,460.55,285.31,6.69
1,220.00,93,62.92,184.98,9.66
1,220.00,94,695.59,606.86,20.59
1,220.00,95,492.93,806.34,11.09
1,220.00,96,702.00,766.08,0.00
1,220.00,97,591.02,110.84,15.32
1,220.00,98,759.03,66.41,7.55
1,220.00,99,528.73,581.61,7.15
1,220.00,100,927.30,201.43,8.66
1,220.00,101,310.13,961.93,0.00
1,220.00,102,339.55,113.14,14.54
1,220.00,103,548.57,816.69,0.00
1,220.00,104,451.30,477.93,19.62
1,220.00,105,614.81,481.78,9.22
1,220.00,106,406.72,157.95,7.45
1,220.00,107,288.17,776.74,19.38
1,220.00,108,207.01,941.86,0.00
1,220.00,109,669.24,896.91,24.29
1,220.00,110,993.55,706.69,0.00
1,220.00,111,767.58,803.61,5.65
1,220.00,112,352.21,786.50,13.58
1,220.00,113,719.31,435.28,22.92
1,220.00,114,623.46,58.54,6.89
1,220.00,115,729.91,648.79,5.75
1,220.00,116,355.79,290.99,10.69
1,220.00,117,522.61,512.09,9.56
1,220.00,118,569.73,525.34,0.00
1,220.00,119,580.52,351.53,6.19
1,220.00,120,19.38,839.80,5.85
1,220.00,121,499.01,358.56,7.48
1,220.00,122,739.21,485.07,13.26
1,220.00,123,697.97,265.37,8.96
1,220.00,124,605.34,96.01,7.03
1,220.00,125,585.61,795.20,0.00
1,220.00,126,465.81,652.61,17.92
1,220.00,127,613.15,613.66,20.53
1,220.00,128,506.14,393.79,8.10
1,220.00,129,468.18,463.00,8.46
1,220.00,130,623.54,638.67,5.72
1,220.00,131,663.34,481.12,17.99
1,220.00,132,713.15,449.84,0.00
1,220.00,133,908.53,510.28,0.00
1,220.00,134,652.01,238.98,12.66
1,220.00,135,807.08,296.86,10.67
1,220.00,136,522.89,256.21,14.02
1,220.00,137,417.55,385.39,14.66
1,220.00,138,647.61,283.62,9.37
1,220.00,139,862.95,506.31,10.82
1,220.00,140,523.08,301.12,21.99
1,220.00,141,667.19,490.02,6.73
1,220.00,142,478.28,690.64,21.82
1,220.00,143,501.05,164.35,13.20
1,220.00,144,633.78,436.20,0.00
1,220.00,145,493.09,386.24,5.49
1,220.00,146,130.19,798.15,7.78
1,220.00,147,929.15,203.76,9.75
1,220.00,148,170.54,867.57,12.37
1,220.00,149,316.22,259.93,9.86
1,220.00,150,830.12,644.70,0.00
1,220.00,151,655.12,463.66,10.05
1,220.00,152,172.96,139.16,18.39
1,220.00,153,299.20,667.06,11.17
1,220.00,154,351.21,445.71,16.50
1,220.00,155,744.88,269.65,23.41
1,220.00,156,705.99,802.94,23.37
1,220.00,157,105.11,179.04,6.14
1,220.00,158,768.32,372.49,9.05
1,220.00,159,831.03,462.37,7.45
1,220.00,160,534.31,425.44,6.37
1,220.00,161,823.31,417.52,6.12
1,220.00,162,665.24,658.38,16.31
1,220.00,163,701.11,637.28,8.72
1,220.00,164,810.05,457.41,0.00
1,220.00,165,538.92,374.44,19.25
1,220.00,166,205.32,920.40,24.05
1,220.00,167,706.59,633.20,0.00
1,220.00,168,485.18,627.74,6.10
1,220.00,169,696.87,486.37,6.93
1,220.00,170,925.16,250.75,5.17
1,220.00,171,467.33,455.20,0.00
1,220.00,172,265.19,551.74,8.12
1,220.00,173,324.17,426.47,8.92
1,220.00,174,200.43,327.55,14.01
1,220.00,175,121.09,364.62,5.69
1,220.00,176,762.42,612.33,0.00
1,220.00,177,805.72,344.97,6.13
1,220.00,178,555.83,651.68,15.49
1,220.00,179,245.20,627.63,9.55
1,220.00,180,807.83,740.88,24.97
1,220.00,181,494.38,220.11,13.70
1,220.00,182,402.93,724.60,6.79
1,220.00,183,149.81,325.82,9.52
1,220.00,184,799.35,639.97,19.27
1,220.00,185,947.72,72.35,9.53
1,220.00,186,555.60,368.28,6.33
1,220.00,187,598.64,626.72,9.19
1,220.00,188,159.59,473.84,6.54
1,220.00,189,340.43,651.83,19.19
1,220.00,190,989.70,604.79,0.00
1,220.00,191,193.09,406.70,17.36
1,220.00,192,534.18,522.64,6.21
1,220.00,193,445.29,707.93,8.03
1,220.00,194,184.36,743.56,22.84
1,220.00,195,692.12,574.36,9.34
1,220.00,196,380.12,264.78,5.42
1,220.00,197,260.29,288.11,5.91
1,220.00,198,500.39,696.59,12.10
1,220.00,199,358.20,370.45,8.08
1,220.00,200,345.73,887.01,18.49
1,220.00,201,209.43,266.02,0.00
1,220.00,202,772.72,236.75,0.00
1,220.00,203,537.54,381.56,0.00
1,220.00,204,547.53,479.60,19.62
1,220.00,205,680.18,471.04,6.85
1,220.00,206,74.73,189.52,17.84
1,220.00,207,833.10,765.73,8.09
1,220.00,208,616.56,201.91,5.93
1,220.00,209,382.64,655.52,5.52
1,220.00,210,121.51,423.88,12.82
1,220.00,211,292.79,337.88,13.23
1,220.00,212,210.08,64.67,5.12
1,220.00,213,526.21,678.82,8.96
1,220.00,214,956.18,423.67,0.00
1,220.00,215,390.65,914.62,0.00
1,220.00,216,240.18,332.58,17.64
1,220.00,217,463.01,177.95,7.95
1,220.00,218,522.79,135.15,20.24
1,220.00,219,601.83,216.30,11.18
1,220.00,220,809.03,70.70,0.00
1,220.00,221,453.23,455.77,7.12
1,220.00,222,640.70,564.17,22.82
1,220.00,223,398.92,723.58,10.01
1,220.00,224,593.69,836.31,0.00
1,220.00,225,700.35,773.79,5.72
1,220.00,226,644.80,974.54,17.58
1,220.00,227,224.11,625.47,16.02
1,220.00,228,521.35,763.00,6.60
1,220.00,229,622.33,406.11,10.31
1,220.00,230,214.85,880.92,0.00
1,220.00,231,42.50,701.11,7.54
1,220.00,232,660.21,532.05,13.94
1,220.00,233,631.41,269.53,13.20
1,220.00,234,202.00,349.85,6.48
1,220.00,235,605.29,974.58,0.00
1,220.00,236,121.22,478.16,5.06
1,220.00,237,52.20,663.49,0.00
1,220.00,238,232.00,512.61,11.56
1,220.00,239,422.32,250.03,6.13
1,220.00,240,402.65,643.12,21.11
1,220.00,241,364.21,216.53,11.76
1,220.00,242,375.72,440.84,0.00
1,220.00,243,413.33,555.69,6.54
1,220.00,244,581.04,557.51,16.64
1,220.00,245,489.82,286.86,16.26
1,220.00,246,634.96,215.95,22.33
1,220.00,247,397.27,943.55,0.00
1,220.00,248,605.18,115.00,16.07
1,220.00,249,355.27,802.81,11.39
1,220.00,250,909.37,750.02,0.00
1,220.00,251,878.10,763.02,0.00
1,220.00,252,513.00,578.61,9.96
1,220.00,253,66.06,428.26,12.66
1,220.00,254,782.24,293.88,0.00
1,220.00,255,794.75,174.68,0.00
1,220.00,256,617.23,645.06,20.56
1,220.00,257,658.57,608.39,21.15
1,220.00,258,413.82,599.36,17.15
1,220.00,259,390.45,605.79,21.98
1,220.00,260,648.72,359.81,0.00
1,220.00,261,559.52,830.95,0.00
1,220.00,262,452.22,985.79,16.90
1,220.00,263,401.23,501.19,17.46
1,220.00,264,134.53,388.76,18.85
1,220.00,265,504.84,509.15,20.77
1,220.00,266,652.35,922.53,5.84
1,220.00,267,602.87,258.54,6.93
1,220.00,268,54.56,150.60,6.73
1,220.00,269,571.21,192.57,16.26
1,220.00,270,149.65,338.65,5.12
1,220.00,271,191.81,381.33,22.27
1,220.00,272,307.85,337.03,0.00
1,220.00,273,580.33,57.02,5.15
1,220.00,274,311.65,102.11,24.34
1,220.00,275,932.76,347.62,0.00
1,220.00,276,548.78,211.54,21.70
1,220.00,277,212.52,546.71,17.31
1,220.00,278,146.22,386.21,13.95
1,220.00,279,502.99,238.54,24.38
1,220.00,280,834.05,440.69,5.99
1,220.00,281,114.11,901.71,5.92
1,220.00,282,177.25,272.70,5.64
1,220.00,283,720.93,214.05,12.11
1,220.00,284,424.19,426.95,10.94
1,220.00,285,570.21,487.75,22.54
1,220.00,286,290.88,331.93,0.00
1,220.00,287,551.15,149.63,20.70
1,220.00,288,863.95,227.49,21.72
1,220.00,289,96.39,199.57,13.95
1,220.00,290,682.11,695.78,12.37
1,220.00,291,604.81,855.86,7.39
1,220.00,292,69.35,188.45,15.28
1,220.00,293,702.66,703.64,7.12
1,220.00,294,894.52,961.53,0.00
1,220.00,295,732.94,413.77,15.70
1,220.00,296,520.20,470.86,17.15
1,220.00,297,578.40,176.35,0.00
1,220.00,298,322.60,802.39,24.99
1,220.00,299,626.99,708.74,14.34
1,220.00,300,454.45,630.48,8.76
1,220.00,301,843.11,905.73,14.56
1,220.00,302,781.25,193.04,13.22
1,220.00,303,787.15,746.08,0.00
1,220.00,304,462.04,576.05,7.37
1,220.00,305,175.01,318.45,0.00
1,220.00,306,729.14,433.07,6.36
1,220.00,307,149.30,196.28,5.44
1,220.00,308,13.48,648.47,8.65
1,220.00,309,756.23,843.51,5.35
1,220.00,310,585.10,243.95,5.64
1,220.00,311,457.70,887.96,0.00
1,220.00,312,582.33,893.60,5.57
1,220.00,313,373.59,166.71,15.92
1,220.00,314,388.72,279.18,19.37
1,220.00,315,807.69,664.66,18.37
1,220.00,316,221.39,463.91,0.00
1,220.00,317,291.90,568.08,5.46
1,220.00,318,603.68,363.68,0.00
1,220.00,319,416.88,306.62,7.10
1,220.00,320,670.88,866.15,21.54
1,220.00,321,240.05,675.99,24.40
1,220.00,322,828.15,452.97,17.85
1,220.00,323,719.05,312.02,6.81
1,220.00,324,477.91,505.31,0.00
1,220.00,325,371.66,931.35,8.17
1,220.00,326,646.88,611.71,19.64
1,220.00,327,860.90,686.83,15.10
1,220.00,328,349.90,827.22,5.51
1,220.00,329,184.86,566.45,0.00
1,220.00,330,341.26,25.27,0.00
1,220.00,331,229.00,433.38,17.54
1,220.00,332,690.66,187.96,8.51
1,220.00,333,167.58,257.22,12.11
1,220.00,334,568.89,28.73,0.00
1,220.00,335,732.99,729.07,6.96
1,220.00,336,543.27,942.25,0.00
1,220.00,337,653.56,348.09,0.00
1,220.00,338,336.65,477.78,5.78
1,220.00,339,726.62,715.54,24.14
1,220.00,340,407.50,831.30,8.33
1,220.00,341,406.45,321.95,0.00
1,220.00,342,492.39,175.94,6.19
1,220.00,343,716.78,902.89,11.74
1,220.00,344,453.13,137.92,24.04
1,220.00,345,702.00,581.08,9.59
1,220.00,346,936.79,650.13,0.00
1,220.00,347,445.77,558.08,22.65
1,220.00,348,253.18,368.04,0.00
1,220.00,349,425.77,415.91,15.54
1,220.00,350,659.57,571.66,9.75
1,220.00,351,353.49,863.53,11.04
1,220.00,352,862.01,261.33,0.00
1,220.00,353,565.99,688.98,21.70
1,220.00,354,349.62,778.46,14.64
1,220.00,355,477.50,707.18,20.92
1,220.00,356,555.69,719.90,0.00
1,220.00,357,535.90,717.17,9.27
1,220.00,358,833.28,366.23,14.07
1,220.00,359,518.68,362.61,21.84
1,220.00,360,179.87,866.47,11.30
1,220.00,361,520.76,678.38,20.54
1,220.00,362,243.71,817.68,10.71
1,220.00,363,584.29,530.72,0.00
1,220.00,364,711.35,95.62,0.00
1,220.00,365,104.61,241.86,10.03
1,220.00,366,406.78,669.92,10.42
1,220.00,367,629.67,869.21,7.17
1,220.00,368,564.00,592.72,5.99
1,220.00,369,147.99,307.44,7.37
1,220.00,370,549.77,203.56,23.07
1,220.00,371,791.46,813.88,7.83
1,220.00,372,394.05,559.63,6.55
1,220.00,373,259.72,386.54,16.93
1,220.00,374,286.56,471.31,13.80
1,220.00,375,764.45,198.00,0.00
1,220.00,376,602.68,457.01,0.00
1,220.00,377,487.77,458.30,15.76
1,220.00,378,119.97,165.45,0.00
1,220.00,379,396.60,621.73,6.13
1,220.00,380,386.25,134.38,11.02
1,220.00,381,560.13,641.95,9.98
1,220.00,382,722.86,486.43,5.36
1,220.00,383,331.35,884.30,6.17
1,220.00,384,393.76,563.89,8.92
1,220.00,385,414.60,110.89,23.69
1,220.00,386,774.35,450.88,6.32
1,220.00,387,652.32,199.72,0.00
1,220.00,388,324.92,548.34,6.71
1,220.00,389,559.82,731.47,17.38
1,220.00,390,434.40,598.32,9.17
1,220.00,391,864.96,91.91,13.95
1,220.00,392,543.05,177.18,16.39
1,220.00,393,132.54,930.18,0.00
1,220.00,394,425.12,399.15,23.28
1,220.00,395,299.10,802.74,5.65
1,220.00,396,619.77,243.81,5.41
1,220.00,397,778.74,342.74,8.23
1,220.00,398,808.32,328.12,10.73
1,220.00,399,297.88,731.21,11.55
1,230.00,0,598.09,449.75,5.69
1,230.00,1,989.46,307.47,0.00
1,230.00,2,327.89,871.55,22.13
1,230.00,3,294.69,411.17,0.00
1,230.00,4,434.07,484.98,13.76
1,230.00,5,275.36,769.55,5.43
1,230.00,6,460.76,304.43,6.04
1,230.00,7,817.24,743.06,14.13
1,230.00,8,195.73,832.08,11.91
1,230.00,9,190.48,439.17,12.01
1,230.00,10,907.93,223.52,0.00
1,230.00,11,65.72,958.74,11.41
1,230.00,12,441.20,866.99,0.00
1,230.00,13,510.65,492.38,11.03
1,230.00,14,591.70,410.44,16.81
1,230.00,15,576.17,330.90,19.22
1,230.00,16,906.85,684.82,19.36
1,230.00,17,201.20,591.37,0.00
1,230.00,18,435.38,698.84,18.72
1,230.00,19,293.38,905.21,7.69
1,230.00,20,781.79,252.63,5.93
1,230.00,21,875.32,921.15,0.00
1,230.00,22,801.98,963.81,0.00
1,230.00,23,0.43,684.30,0.00
1,230.00,24,670.00,525.52,6.65
1,230.00,25,513.31,420.36,7.86
1,230.00,26,131.11,163.30,12.40
1,230.00,27,370.69,776.54,11.15
1,230.00,28,171.10,637.18,11.12
1,230.00,29,797.86,166.57,10.14
1,230.00,30,516.62,704.63,20.71
1,230.00,31,749.93,420.46,13.32
1,230.00,32,853.78,111.20,8.64
1,230.00,33,251.71,951.20,0.00
1,230.00,34,304.06,186.89,19.64
1,230.00,35,873.58,896.59,0.00
1,230.00,36,838.77,134.32,15.08
1,230.00,37,661.81,139.78,10.41
1,230.00,38,689.21,486.30,6.37
1,230.00,39,541.44,226.07,6.05
1,230.00,40,521.61,237.63,16.92
1,230.00,41,0.78,977.84,0.00
1,230.00,42,670.98,926.62,0.00
1,230.00,43,953.43,164.59,18.18
1,230.00,44,555.83,163.33,7.50
1,230.00,45,486.69,379.15,23.49
1,230.00,46,622.95,569.60,8.49
1,230.00,47,829.35,456.57,0.00
1,230.00,48,146.14,595.75,21.54
1,230.00,49,486.12,615.41,11.48
1,230.00,50,523.01,468.85,8.26
1,230.00,51,344.71,588.26,12.71
1,230.00,52,906.43,330.05,17.10
1,230.00,53,190.63,930.95,23.26
1,230.00,54,241.57,844.99,0.00
1,230.00,55,532.50,362.49,0.00
1,230.00,56,657.16,591.52,8.07
1,230.00,57,871.04,333.58,15.01
1,230.00,58,420.02,648.69,8.27
1,230.00,59,331.64,234.08,5.45
1,230.00,60,294.02,762.52,0.00
1,230.00,61,546.33,435.43,0.00
1,230.00,62,462.71,586.14,11.46
1,230.00,63,708.69,560.73,0.00
1,230.00,64,661.37,787.59,24.53
1,230.00,65,772.75,88.99,6.10
1,230.00,66,677.60,222.96,0.00
1,230.00,67,490.01,808.71,5.79
1,230.00,68,389.89,687.23,17.85
1,230.00,69,860.94,206.07,5.77
1,230.00,70,893.10,4.52,20.22
1,230.00,71,682.49,405.75,0.00
1,230.00,72,165.22,342.40,14.72
1,230.00,73,432.97,473.82,15.13
1,230.00,74,393.36,307.19,18.86
1,230.00,75,839.13,281.08,7.46
1,230.00,76,786.49,524.24,5.29
1,230.00,77,382.46,735.76,8.24
1,230.00,78,719.90,910.46,5.27
1,230.00,79,911.27,824.57,0.00
1,230.00,80,372.09,744.46,6.24
1,230.00,81,584.12,385.65,8.76
1,230.00,82,532.70,174.84,11.12
1,230.00,83,757.65,303.79,9.09
1,230.00,84,944.17,497.08,0.00
1,230.00,85,407.58,123.88,9.35
1,230.00,86,410.86,677.92,12.84
1,230.00,87,67.10,224.41,5.30
1,230.00,88,905.36,314.79,19.98
1,230.00,89,367.01,505.06,7.24
1,230.00,90,652.86,415.85,21.15
1,230.00,91,149.46,718.45,10.78
1,230.00,92,395.31,300.26,6.69
1,230.00,93,111.40,268.49,9.66
1,230.00,94,751.11,736.66,0.00
1,230.00,95,551.70,900.43,11.09
1,230.00,96,672.93,711.65,8.26
1,230.00,97,470.55,205.49,15.32
1,230.00,98,718.15,129.91,7.55
1,230.00,99,461.93,607.18,7.15
1,230.00,100,923.04,134.64,0.00
1,230.00,101,308.45,892.61,7.40
1,230.00,102,308.52,17.95,0.00
1,230.00,103,441.21,647.04,24.14
1,230.00,104,326.36,326.70,19.62
1,230.00,105,558.10,409.06,9.22
1,230.00,106,479.17,140.41,7.45
1,230.00,107,133.94,833.28,0.00
1,230.00,108,211.38,937.60,19.17
1,230.00,109,653.28,900.26,0.00
1,230.00,110,820.57,686.68,20.51
1,230.00,111,785.30,749.93,5.65
1,230.00,112,415.28,666.18,13.58
1,230.00,113,924.01,538.44,22.92
1,230.00,114,554.56,61.01,6.89
1,230.00,115,686.41,611.26,5.75
1,230.00,116,420.74,307.15,0.00
1,230.00,117,428.02,525.65,9.56
1,230.00,118,575.10,527.96,20.35
1,230.00,119,591.80,412.43,6.19
1,230.00,120,21.88,898.22,5.85
1,230.00,121,532.44,425.43,7.48
1,230.00,122,800.67,602.55,13.26
1,230.00,123,786.30,280.38,8.96
1,230.00,124,674.10,81.51,7.03
1,230.00,125,614.70,839.10,10.46
1,230.00,126,318.18,754.11,17.92
1,230.00,127,644.59,410.81,20.53
1,230.00,128,580.88,362.46,8.10
1,230.00,129,423.68,534.92,8.46
1,230.00,130,663.76,674.20,0.00
1,230.00,131,766.15,609.06,0.00
1,230.00,132,789.42,545.08,14.20
1,230.00,133,872.96,501.71,7.10
1,230.00,134,640.91,112.85,12.66
1,230.00,135,907.72,261.47,10.67
1,230.00,136,652.85,203.50,14.02
1,230.00,137,293.87,306.73,14.66
1,230.00,138,581.58,217.20,9.37
1,230.00,139,900.08,522.34,0.00
1,230.00,140,742.51,286.55,21.99
1,230.00,141,616.83,445.30,6.73
1,230.00,142,325.82,846.68,21.82
1,230.00,143,431.95,276.87,13.20
1,230.00,144,487.17,416.56,15.52
1,230.00,145,449.38,419.46,5.49
1,230.00,146,134.74,720.50,7.78
1,230.00,147,869.71,281.07,9.75
1,230.00,148,108.59,963.91,0.00
1,230.00,149,282.81,352.72,9.86
1,230.00,150,827.44,642.34,5.11
1,230.00,151,740.71,516.26,10.05
1,230.00,152,151.33,321.81,18.39
1,230.00,153,216.14,667.40,0.00
1,230.00,154,501.48,513.87,16.50
1,230.00,155,704.93,81.75,0.00
1,230.00,156,680.40,570.61,23.37
1,230.00,157,165.66,168.82,6.14
1,230.00,158,823.68,444.03,9.05
1,230.00,159,831.82,462.94,0.00
1,230.00,160,494.37,475.01,6.37
1,230.00,161,850.67,362.74,6.12
1,230.00,162,773.77,536.67,16.31
1,230.00,163,766.99,580.18,8.72
1,230.00,164,770.14,527.87,9.34
1,230.00,165,409.66,446.75,0.00
1,230.00,166,374.63,749.64,24.05
1,230.00,167,713.63,547.68,15.35
1,230.00,168,453.49,679.82,6.10
1,230.00,169,649.55,435.71,6.93
1,230.00,170,882.66,221.34,5.17
1,230.00,171,578.69,564.75,16.97
1,230.00,172,264.45,500.57,0.00
1,230.00,173,365.63,505.46,8.92
1,230.00,174,276.55,445.16,14.01
1,230.00,175,118.18,307.83,5.69
1,230.00,176,782.28,562.80,15.39
1,230.00,177,801.72,406.11,6.13
1,230.00,178,466.63,778.31,15.49
1,230.00,179,174.65,563.19,9.55
1,230.00,180,969.88,742.01,0.00
1,230.00,181,576.93,329.51,13.70
1,230.00,182,433.21,663.84,6.79
1,230.00,183,244.84,319.88,9.52
1,230.00,184,895.35,807.01,19.27
1,230.00,185,954.37,11.92,0.00
1,230.00,186,498.37,395.32,6.33
1,230.00,187,549.62,643.61,0.00
1,230.00,188,146.14,537.86,6.54
1,230.00,189,196.48,654.22,0.00
1,230.00,190,842.66,762.04,22.38
1,230.00,191,340.67,498.22,17.36
1,230.00,192,563.82,468.10,6.21
1,230.00,193,517.39,743.19,8.03
1,230.00,194,131.58,521.38,22.84
1,230.00,195,657.16,487.78,9.34
1,230.00,196,427.03,237.60,5.42
1,230.00,197,285.24,341.74,5.91
1,230.00,198,597.02,769.34,12.10
1,230.00,199,289.50,327.95,8.08
1,230.00,200,397.39,986.23,0.00
1,230.00,201,215.20,276.13,13.58
1,230.00,202,766.37,243.93,19.30
1,230.00,203,462.83,292.23,21.70
1,230.00,204,438.86,636.25,0.00
1,230.00,205,627.02,427.90,6.85
1,230.00,206,118.99,362.37,17.84
1,230.00,207,829.47,846.60,8.09
1,230.00,208,560.49,221.15,5.93
1,230.00,209,364.20,707.56,5.52
1,230.00,210,59.72,444.32,0.00
1,230.00,211,364.36,449.19,13.23
1,230.00,212,224.52,16.81,0.00
1,230.00,213,455.72,734.10,8.96
1,230.00,214,845.64,416.92,12.30
1,230.00,215,382.33,838.87,8.86
1,230.00,216,99.50,439.02,17.64
1,230.00,217,434.21,103.87,7.95
1,230.00,218,332.11,202.96,20.24
1,230.00,219,669.45,305.31,11.18
1,230.00,220,694.86,175.16,21.88
1,230.00,221,407.74,401.06,7.12
1,230.00,222,777.11,747.18,22.82
1,230.00,223,432.99,817.69,10.01
1,230.00,224,575.15,768.94,24.29
1,230.00,225,742.61,812.35,5.72
1,230.00,226,468.97,976.44,17.58
1,230.00,227,277.92,474.54,16.02
1,230.00,228,583.93,783.95,6.60
1,230.00,229,703.05,470.31,10.31
1,230.00,230,240.96,851.45,9.75
1,230.00,231,18.87,753.46,0.00
1,230.00,232,785.23,470.42,13.94
1,230.00,233,706.30,253.18,0.00
1,230.00,234,150.73,310.19,6.48
1,230.00,235,636.58,975.02,21.59
1,230.00,236,138.60,525.67,5.06
1,230.00,237,118.06,601.07,22.13
1,230.00,238,275.60,619.62,11.56
1,230.00,239,429.24,195.04,0.00
1,230.00,240,435.31,728.69,0.00
1,230.00,241,364.53,98.88,11.76
1,230.00,242,305.20,320.63,14.67
1,230.00,243,463.29,597.93,6.54
1,230.00,244,655.02,560.00,0.00
1,230.00,245,470.02,448.23,16.26
1,230.00,246,432.85,310.92,22.33
1,230.00,247,421.74,918.48,12.29
1,230.00,248,669.48,262.24,16.07
1,230.00,249,251.16,849.10,11.39
1,230.00,250,900.51,741.33,5.06
1,230.00,251,707.72,639.67,22.39
1,230.00,252,427.55,527.46,9.96
1,230.00,253,38.26,406.95,0.00
1,230.00,254,769.62,289.78,21.93
1,230.00,255,785.39,231.25,0.00
1,230.00,256,586.97,441.68,20.56
1,230.00,257,512.53,455.36,21.15
1,230.00,258,566.36,677.72,17.15
1,230.00,259,341.13,549.92,0.00
1,230.00,260,656.70,352.17,7.17
1,230.00,261,500.23,820.96,13.07
1,230.00,262,441.80,988.37,0.00
1,230.00,263,323.95,657.77,17.46
1,230.00,264,217.98,557.82,18.85
1,230.00,265,662.87,494.17,0.00
1,230.00,266,613.02,879.32,5.84
1,230.00,267,620.74,316.64,0.00
1,230.00,268,47.07,83.72,6.73
1,230.00,269,721.88,131.52,16.26
1,230.00,270,129.60,385.77,5.12
1,230.00,271,253.20,167.23,22.27
1,230.00,272,398.92,392.93,12.02
1,230.00,273,529.41,65.05,5.15
1,230.00,274,453.27,300.06,24.34
1,230.00,275,898.49,355.22,15.21
1,230.00,276,332.19,224.26,21.70
1,230.00,277,192.97,558.89,0.00
1,230.00,278,229.14,498.42,13.95
1,230.00,279,636.15,151.76,0.00
1,230.00,280,818.47,498.55,5.99
1,230.00,281,72.54,930.28,0.00
1,230.00,282,167.76,217.15,5.64
1,230.00,283,722.76,335.14,12.11
1,230.00,284,526.35,465.96,10.94
1,230.00,285,756.26,360.44,22.54
1,230.00,286,333.66,339.02,12.23
1,230.00,287,758.02,141.42,20.70
1,230.00,288,987.59,84.51,0.00
1,230.00,289,29.96,132.43,0.00
1,230.00,290,617.53,801.31,12.37
1,230.00,291,530.90,856.04,7.39
1,230.00,292,146.34,320.45,15.28
1,230.00,293,657.41,648.63,7.12
1,230.00,294,880.16,796.04,21.88
1,230.00,295,701.79,504.64,0.00
1,230.00,296,691.73,470.14,17.15
1,230.00,297,453.75,234.35,16.50
1,230.00,298,532.58,666.82,24.99
1,230.00,299,526.72,606.18,14.34
1,230.00,300,527.77,678.46,8.76
1,230.00,301,710.96,844.72,14.56
1,230.00,302,804.15,323.24,13.22
1,230.00,303,732.40,631.55,14.98
1,230.00,304,503.93,636.64,7.37
1,230.00,305,203.39,345.92,19.65
1,230.00,306,677.56,470.29,6.36
1,230.00,307,188.60,233.87,5.44
1,230.00,308,99.98,649.26,8.65
1,230.00,309,774.61,863.39,0.00
1,230.00,310,529.26,236.35,5.64
1,230.00,311,504.10,859.24,15.13
1,230.00,312,538.31,927.79,5.57
1,230.00,313,532.40,155.44,15.92
1,230.00,314,270.87,432.96,19.37
1,230.00,315,712.37,547.28,0.00
1,230.00,316,298.57,428.41,14.05
1,230.00,317,337.30,537.68,5.46
1,230.00,318,568.05,344.68,6.80
1,230.00,319,483.14,332.00,7.10
1,230.00,320,876.09,931.49,21.54
1,230.00,321,478.31,623.56,24.40
1,230.00,322,829.63,631.45,17.85
1,230.00,323,687.10,251.86,6.81
1,230.00,324,383.92,499.21,15.04
1,230.00,325,290.71,920.18,8.17
1,230.00,326,496.70,738.24,19.64
1,230.00,327,884.06,537.66,15.10
1,230.00,328,394.83,859.06,5.51
1,230.00,329,201.45,576.15,6.34
1,230.00,330,391.02,105.38,10.03
1,230.00,331,274.09,602.89,17.54
1,230.00,332,648.60,113.94,8.51
1,230.00,333,138.40,194.45,0.00
1,230.00,334,551.28,158.57,18.10
1,230.00,335,669.38,757.30,6.96
1,230.00,336,553.88,926.12,0.00
1,230.00,337,637.93,452.06,11.95
1,230.00,338,279.05,472.88,5.78
1,230.00,339,950.87,804.97,24.14
1,230.00,340,429.72,911.55,8.33
1,230.00,341,526.83,264.35,22.77
1,230.00,342,430.97,168.40,6.19
1,230.00,343,833.96,895.81,11.74
1,230.00,344,577.79,57.33,0.00
1,230.00,345,774.16,644.16,9.59
1,230.00,346,908.44,692.15,8.31
1,230.00,347,582.63,377.65,22.65
1,230.00,348,314.48,518.15,23.29
1,230.00,349,290.20,339.89,15.54
1,230.00,350,697.54,661.46,9.75
1,230.00,351,373.57,960.26,0.00
1,230.00,352,841.51,282.98,15.86
1,230.00,353,518.05,787.91,0.00
1,230.00,354,462.53,685.26,14.64
1,230.00,355,502.32,743.78,0.00
1,230.00,356,538.71,738.07,15.18
1,230.00,357,627.59,730.54,9.27
1,230.00,358,872.31,501.45,14.07
1,230.00,359,506.80,328.26,0.00
1,230.00,360,147.43,923.82,0.00
1,230.00,361,541.17,711.25,0.00
1,230.00,362,229.96,847.95,0.00
1,230.00,363,505.06,477.88,19.71
1,230.00,364,709.27,154.15,5.87
1,230.00,365,33.31,171.29,10.03
1,230.00,366,467.85,585.55,10.42
1,230.00,367,643.39,939.58,7.17
1,230.00,368,534.96,540.35,5.99
1,230.00,369,95.95,359.56,7.37
1,230.00,370,501.69,429.18,23.07
1,230.00,371,789.83,811.25,0.00
1,230.00,372,390.14,555.96,0.00
1,230.00,373,370.88,258.88,16.93
1,230.00,374,269.98,608.31,13.80
1,230.00,375,787.84,179.18,24.79
1,230.00,376,676.89,443.13,16.73
1,230.00,377,471.52,530.45,0.00
1,230.00,378,207.18,115.00,11.71
1,230.00,379,428.60,569.49,6.13
1,230.00,380,310.79,168.49,0.00
1,230.00,381,590.63,546.88,9.98
1,230.00,382,769.18,459.54,5.36
1,230.00,383,269.75,887.57,6.17
1,230.00,384,430.07,645.35,8.92
1,230.00,385,651.24,122.52,23.69
1,230.00,386,798.26,509.41,6.32
1,230.00,387,655.61,276.23,10.38
1,230.00,388,340.39,613.64,6.71
1,230.00,389,673.24,714.45,0.00
1,230.00,390,445.96,588.37,0.00
1,230.00,391,916.82,221.45,13.95
1,230.00,392,533.34,340.82,16.39
1,230.00,393,152.06,929.19,9.06
1,230.00,394,528.95,607.49,23.28
1,230.00,395,243.80,814.41,5.65
1,230.00,396,658.99,281.01,5.41
1,230.00,397,790.99,424.14,8.23
1,230.00,398,711.33,374.12,10.73
1,230.00,399,376.95,647.07,11.55
1,240.00,0,603.27,506.45,5.69
1,240.00,1,919.78,303.00,11.66
1,240.00,2,143.06,977.60,0.00
1,240.00,3,396.35,574.83,21.80
1,240.00,4,513.66,372.72,13.76
1,240.00,5,225.44,791.03,5.43
1,240.00,6,401.05,313.28,6.04
1,240.00,7,676.15,735.86,14.13
1,240.00,8,109.86,749.60,11.91
1,240.00,9,153.76,553.50,12.01
1,240.00,10,878.87,322.68,10.44
1,240.00,11,72.03,844.78,11.41
1,240.00,12,536.80,720.53,21.87
1,240.00,13,425.55,422.27,11.03
1,240.00,14,670.84,558.74,16.81
1,240.00,15,672.82,375.41,0.00
1,240.00,16,948.68,752.04,0.00
1,240.00,17,252.21,632.09,22.21
1,240.00,18,512.57,735.92,0.00
1,240.00,19,345.14,848.35,7.69
1,240.00,20,748.76,301.82,5.93
1,240.00,21,837.89,913.47,10.85
1,240.00,22,777.99,963.96,6.00
1,240.00,23,101.52,621.46,18.68
1,240.00,24,618.74,567.96,6.65
1,240.00,25,575.71,468.18,7.86
1,240.00,26,161.60,64.17,0.00
1,240.00,27,309.84,820.82,0.00
1,240.00,28,268.62,690.64,11.12
1,240.00,29,747.57,78.49,10.14
1,240.00,30,317.69,646.92,20.71
1,240.00,31,790.48,293.56,13.32
1,240.00,32,874.42,64.24,0.00
1,240.00,33,274.44,920.58,14.97
1,240.00,34,413.52,349.91,19.64
1,240.00,35,867.23,833.43,24.66
1,240.00,36,789.80,276.90,15.08
1,240.00,37,628.11,88.60,0.00
1,240.00,38,721.59,541.12,6.37
1,240.00,39,491.75,260.66,6.05
1,240.00,40,681.85,183.36,16.92
1,240.00,41,109.00,847.66,20.89
1,240.00,42,595.51,882.49,16.06
1,240.00,43,815.67,283.27,18.18
1,240.00,44,596.51,226.31,7.50
1,240.00,45,299.41,520.89,23.49
1,240.00,46,681.55,508.21,8.49
1,240.00,47,703.82,444.32,14.09
1,240.00,48,227.29,795.26,21.54
1,240.00,49,433.70,717.56,11.48
1,240.00,50,523.53,386.30,8.26
1,240.00,51,273.16,693.35,12.71
1,240.00,52,896.83,196.16,0.00
1,240.00,53,261.67,709.50,23.26
1,240.00,54,233.18,822.47,13.63
1,240.00,55,567.21,408.76,6.59
1,240.00,56,585.86,553.74,8.07
1,240.00,57,813.12,195.13,15.01
1,240.00,58,473.20,712.04,8.27
1,240.00,59,362.54,279.00,5.45
1,240.00,60,322.74,727.28,7.54
1,240.00,61,500.24,494.52,21.84
1,240.00,62,478.18,600.66,0.00
1,240.00,63,700.94,559.30,5.89
1,240.00,64,633.41,968.24,0.00
1,240.00,65,830.17,68.40,6.10
1,240.00,66,693.05,265.80,24.33
1,240.00,67,457.35,840.65,0.00
1,240.00,68,474.96,844.13,17.85
1,240.00,69,804.00,196.91,5.77
1,240.00,70,800.89,184.50,20.22
1,240.00,71,650.51,369.59,23.80
1,240.00,72,198.35,232.42,0.00
1,240.00,73,369.85,482.96,0.00
1,240.00,74,397.44,118.64,18.86
1,240.00,75,771.19,311.90,7.46
1,240.00,76,756.73,480.45,5.29
1,240.00,77,430.10,803.03,8.24
1,240.00,78,667.23,907.54,5.27
1,240.00,79,880.40,773.60,15.26
1,240.00,80,402.58,798.94,6.24
1,240.00,81,525.69,450.97,8.76
1,240.00,82,643.07,188.82,11.12
1,240.00,83,770.39,393.81,9.09
1,240.00,84,889.84,622.18,22.45
1,240.00,85,317.52,98.66,9.35
1,240.00,86,441.68,802.61,12.84
1,240.00,87,56.19,209.43,0.00
1,240.00,88,936.24,229.23,0.00
1,240.00,89,366.02,476.86,0.00
1,240.00,90,662.02,204.56,21.15
1,240.00,91,147.55,717.48,0.00
1,240.00,92,330.08,315.22,6.69
1,240.00,93,159.87,351.99,9.66
1,240.00,94,737.57,660.26,24.67
1,240.00,95,555.84,907.06,0.00
1,240.00,96,634.02,638.78,8.26
1,240.00,97,350.07,300.15,15.32
1,240.00,98,677.26,193.42,7.55
1,240.00,99,395.13,632.75,7.15
1,240.00,100,915.84,185.91,22.77
1,240.00,101,306.65,818.67,7.40
1,240.00,102,345.47,85.68,24.76
1,240.00,103,428.99,627.74,0.00
1,240.00,104,201.42,175.47,19.62
1,240.00,105,501.39,336.34,9.22
1,240.00,106,551.61,122.87,7.45
1,240.00,107,148.44,829.08,9.90
1,240.00,108,348.71,803.79,19.17
1,240.00,109,695.66,776.63,14.01
1,240.00,110,616.83,663.11,20.51
1,240.00,111,803.01,696.25,5.65
1,240.00,112,416.27,664.30,0.00
1,240.00,113,929.08,540.99,0.00
1,240.00,114,485.66,63.48,6.89
1,240.00,115,642.90,573.72,5.75
1,240.00,116,419.27,331.59,6.55
1,240.00,117,333.43,539.21,9.56
1,240.00,118,757.94,617.27,20.35
1,240.00,119,603.08,473.33,6.19
1,240.00,120,24.37,956.65,5.85
1,240.00,121,565.87,492.30,7.48
1,240.00,122,846.16,689.48,0.00
1,240.00,123,874.64,295.40,8.96
1,240.00,124,742.87,67.01,7.03
1,240.00,125,638.87,875.58,0.00
1,240.00,126,298.94,767.34,0.00
1,240.00,127,676.03,207.96,20.53
1,240.00,128,626.82,343.20,0.00
1,240.00,129,379.18,606.85,8.46
1,240.00,130,657.83,666.66,15.44
1,240.00,131,759.65,613.36,8.87
1,240.00,132,878.20,655.94,14.20
1,240.00,133,803.91,485.05,7.10
1,240.00,134,633.96,33.97,0.00
1,240.00,135,931.03,253.27,0.00
1,240.00,136,782.81,150.79,14.02
1,240.00,137,181.73,235.42,0.00
1,240.00,138,515.54,150.77,9.37
1,240.00,139,852.44,647.80,21.43
1,240.00,140,899.89,276.11,0.00
1,240.00,141,566.47,400.58,6.73
1,240.00,142,300.57,872.52,0.00
1,240.00,143,362.85,389.39,13.20
1,240.00,144,334.23,396.08,0.00
1,240.00,145,405.67,452.67,5.49
1,240.00,146,139.28,642.84,7.78
1,240.00,147,810.28,358.38,9.75
1,240.00,148,120.43,957.64,18.05
1,240.00,149,249.40,445.50,9.86
1,240.00,150,789.08,608.56,5.11
1,240.00,151,826.30,568.85,10.05
1,240.00,152,129.70,504.45,18.39
1,240.00,153,261.85,660.36,18.04
1,240.00,154,651.75,582.02,16.50
1,240.00,155,686.85,104.72,16.31
1,240.00,156,654.81,338.28,23.37
1,240.00,157,226.22,158.59,6.14
1,240.00,158,835.74,459.62,0.00
1,240.00,159,893.76,548.59,10.71
1,240.00,160,454.44,524.58,6.37
1,240.00,161,854.69,354.70,0.00
1,240.00,162,882.29,414.96,16.31
1,240.00,163,825.93,529.08,0.00
1,240.00,164,724.11,609.14,9.34
1,240.00,165,421.47,480.20,15.38
1,240.00,166,543.95,578.89,24.05
1,240.00,167,726.24,394.66,15.35
1,240.00,168,440.43,701.30,0.00
1,240.00,169,602.23,385.06,6.93
1,240.00,170,840.16,191.94,5.17
1,240.00,171,699.69,683.77,16.97
1,240.00,172,318.79,479.62,15.73
1,240.00,173,386.87,545.94,0.00
1,240.00,174,352.67,562.77,14.01
1,240.00,175,115.27,251.04,5.69
1,240.00,176,839.56,419.98,15.39
1,240.00,177,797.72,467.25,6.13
1,240.00,178,377.43,904.95,15.49
1,240.00,179,104.11,498.75,9.55
1,240.00,180,923.43,752.07,13.55
1,240.00,181,659.47,438.91,13.70
1,240.00,182,463.50,603.07,6.79
1,240.00,183,339.87,313.95,9.52
1,240.00,184,983.93,961.15,0.00
1,240.00,185,918.78,53.12,15.02
1,240.00,186,441.15,422.35,6.33
1,240.00,187,589.43,610.28,11.91
1,240.00,188,134.73,592.19,0.00
1,240.00,189,229.21,634.18,15.37
1,240.00,190,729.28,883.31,0.00
1,240.00,191,488.24,589.74,17.36
1,240.00,192,593.46,413.56,6.21
1,240.00,193,517.45,743.21,0.00
1,240.00,194,78.80,299.20,22.84
1,240.00,195,622.19,401.20,9.34
1,240.00,196,473.94,210.42,5.42
1,240.00,197,310.20,395.37,5.91
1,240.00,198,633.57,796.85,0.00
1,240.00,199,220.81,285.45,8.08
1,240.00,200,418.74,985.11,5.41
1,240.00,201,282.52,394.01,13.58
1,240.00,202,638.47,388.45,19.30
1,240.00,203,323.61,125.76,21.70
1,240.00,204,435.23,640.09,18.80
1,240.00,205,573.87,384.76,6.85
1,240.00,206,163.25,535.22,17.84
1,240.00,207,825.84,927.46,8.09
1,240.00,208,504.42,240.40,5.93
1,240.00,209,345.77,759.60,5.52
1,240.00,210,73.56,466.30,5.28
1,240.00,211,413.85,526.17,0.00
1,240.00,212,224.02,20.12,14.25
1,240.00,213,385.23,789.38,8.96
1,240.00,214,722.88,409.42,12.30
1,240.00,215,372.64,750.82,8.86
1,240.00,216,97.26,440.70,0.00
1,240.00,217,433.08,100.95,0.00
1,240.00,218,150.72,267.46,0.00
1,240.00,219,737.07,394.33,11.18
1,240.00,220,533.46,322.81,21.88
1,240.00,221,362.25,346.35,7.12
1,240.00,222,913.52,930.18,22.82
1,240.00,223,467.05,911.80,10.01
1,240.00,224,510.68,534.73,24.29
1,240.00,225,751.39,820.37,0.00
1,240.00,226,293.15,978.33,17.58
1,240.00,227,331.74,323.61,16.02
1,240.00,228,646.51,804.90,6.60
1,240.00,229,779.97,531.50,0.00
1,240.00,230,305.60,778.50,9.75
1,240.00,231,69.50,760.10,21.45
1,240.00,232,814.96,455.77,0.00
1,240.00,233,723.92,347.28,0.00
1,240.00,234,145.08,305.83,0.00
1,240.00,235,852.41,978.03,21.59
1,240.00,236,155.98,573.18,5.06
1,240.00,237,278.70,448.83,22.13
1,240.00,238,319.20,726.64,11.56
1,240.00,239,449.33,194.03,20.90
1,240.00,240,538.70,755.98,18.88
1,240.00,241,364.58,82.20,0.00
1,240.00,242,241.12,211.40,0.00
1,240.00,243,513.26,640.17,6.54
1,240.00,244,653.69,516.86,7.78
1,240.00,245,450.22,609.59,16.26
1,240.00,246,230.74,405.90,22.33
1,240.00,247,507.56,830.56,12.29
1,240.00,248,733.79,409.49,16.07
1,240.00,249,160.48,889.41,0.00
1,240.00,250,864.39,705.87,5.06
1,240.00,251,668.89,611.57,0.00
1,240.00,252,342.10,476.31,9.96
1,240.00,253,126.76,465.52,14.67
1,240.00,254,561.02,222.02,21.93
1,240.00,255,804.00,246.61,5.46
1,240.00,256,556.72,238.31,20.56
1,240.00,257,366.50,302.33,21.15
1,240.00,258,718.91,756.07,17.15
1,240.00,259,335.66,633.74,12.71
1,240.00,260,708.53,302.56,7.17
1,240.00,261,371.37,799.24,13.07
1,240.00,262,463.01,916.07,8.05
1,240.00,263,246.67,814.35,17.46
1,240.00,264,301.44,726.87,18.85
1,240.00,265,679.80,549.17,24.42
1,240.00,266,573.69,836.11,5.84
1,240.00,267,605.31,322.35,13.42
1,240.00,268,40.08,21.32,0.00
1,240.00,269,837.71,84.58,0.00
1,240.00,270,109.54,432.90,5.12
1,240.00,271,264.16,128.98,0.00
1,240.00,272,501.36,455.82,12.02
1,240.00,273,478.49,73.07,5.15
1,240.00,274,594.89,498.02,24.34
1,240.00,275,750.02,388.13,15.21
1,240.00,276,229.98,230.27,0.00
1,240.00,277,299.58,521.05,13.05
1,240.00,278,312.07,610.64,13.95
1,240.00,279,577.42,204.12,22.60
1,240.00,280,802.89,556.40,5.99
1,240.00,281,75.47,894.81,23.94
1,240.00,282,158.27,161.59,5.64
1,240.00,283,724.59,456.23,12.11
1,240.00,284,548.23,474.32,0.00
1,240.00,285,942.31,233.14,22.54
1,240.00,286,454.33,359.04,12.23
1,240.00,287,950.57,133.79,0.00
1,240.00,288,973.47,104.32,18.73
1,240.00,289,48.77,149.03,7.76
1,240.00,290,552.94,906.84,12.37
1,240.00,291,456.98,856.22,7.39
1,240.00,292,223.33,452.44,15.28
1,240.00,293,612.16,593.62,7.12
1,240.00,294,861.24,578.09,21.88
1,240.00,295,683.19,484.00,7.16
1,240.00,296,798.90,469.70,0.00
1,240.00,297,304.14,303.96,16.50
1,240.00,298,742.55,531.25,24.99
1,240.00,299,426.45,503.63,14.34
1,240.00,300,601.10,726.43,8.76
1,240.00,301,578.81,783.71,14.56
1,240.00,302,827.05,453.45,13.22
1,240.00,303,667.79,496.41,14.98
1,240.00,304,519.47,659.11,0.00
1,240.00,305,344.63,482.60,19.65
1,240.00,306,625.97,507.51,6.36
1,240.00,307,227.90,271.45,5.44
1,240.00,308,186.48,650.04,8.65
1,240.00,309,717.31,825.91,13.87
1,240.00,310,473.41,228.74,5.64
1,240.00,311,632.79,779.58,15.13
1,240.00,312,519.08,942.72,0.00
1,240.00,313,622.07,149.08,0.00
1,240.00,314,215.07,505.77,0.00
1,240.00,315,678.69,526.99,22.26
1,240.00,316,426.23,369.69,14.05
1,240.00,317,382.70,507.28,5.46
1,240.00,318,508.03,312.68,6.80
1,240.00,319,549.41,357.39,7.10
1,240.00,320,957.34,957.36,0.00
1,240.00,321,716.56,571.14,24.40
1,240.00,322,830.72,761.73,0.00
1,240.00,323,655.15,191.69,6.81
1,240.00,324,233.87,489.48,15.04
1,240.00,325,209.75,909.01,8.17
1,240.00,326,369.87,845.08,0.00
1,240.00,327,907.22,388.49,15.10
1,240.00,328,439.75,890.89,5.51
1,240.00,329,256.19,608.13,6.34
1,240.00,330,443.94,190.59,10.03
1,240.00,331,319.18,772.40,17.54
1,240.00,332,617.89,59.89,0.00
1,240.00,333,242.59,187.10,24.38
1,240.00,334,526.95,337.90,18.10
1,240.00,335,605.78,785.53,6.96
1,240.00,336,515.22,856.37,13.79
1,240.00,337,635.60,467.58,0.00
1,240.00,338,221.46,467.98,5.78
1,240.00,339,954.90,806.58,0.00
1,240.00,340,440.62,950.91,0.00
1,240.00,341,732.25,166.07,22.77
1,240.00,342,369.54,160.86,6.19
1,240.00,343,925.13,890.31,0.00
1,240.00,344,578.15,86.38,7.59
1,240.00,345,846.33,707.25,9.59
1,240.00,346,861.98,761.02,8.31
1,240.00,347,719.48,197.22,22.65
1,240.00,348,402.52,733.71,23.29
1,240.00,349,154.64,263.86,15.54
1,240.00,350,706.38,682.37,0.00
1,240.00,351,369.42,953.24,7.76
1,240.00,352,732.48,398.13,15.86
1,240.00,353,488.63,774.96,6.51
1,240.00,354,575.44,592.05,14.64
1,240.00,355,631.28,784.75,17.16
1,240.00,356,450.52,832.37,0.00
1,240.00,357,719.27,743.90,9.27
1,240.00,358,911.33,636.66,14.07
1,240.00,359,422.13,460.80,18.87
1,240.00,360,203.24,867.14,19.07
1,240.00,361,401.26,790.60,19.82
1,240.00,362,336.32,860.57,15.54
1,240.00,363,341.12,368.54,19.71
1,240.00,364,707.20,212.77,5.87
1,240.00,365,4.66,142.93,0.00
1,240.00,366,528.93,501.17,10.42
1,240.00,367,647.77,962.00,0.00
1,240.00,368,505.91,487.99,5.99
1,240.00,369,43.91,411.68,7.37
1,240.00,370,453.61,654.80,23.07
1,240.00,371,612.15,735.68,20.10
1,240.00,372,400.54,467.77,0.00
1,240.00,373,482.04,131.22,16.93
1,240.00,374,253.41,745.32,13.80
1,240.00,375,933.54,61.95,0.00
1,240.00,376,725.92,433.95,0.00
1,240.00,377,433.24,525.42,7.28
1,240.00,378,308.57,56.33,11.71
1,240.00,379,432.68,562.83,0.00
1,240.00,380,337.93,211.94,20.63
1,240.00,381,621.12,451.80,9.98
1,240.00,382,815.49,432.65,5.36
1,240.00,383,250.66,888.59,0.00
1,240.00,384,466.39,726.82,8.92
1,240.00,385,759.17,127.83,0.00
1,240.00,386,822.16,567.93,6.32
1,240.00,387,660.07,379.96,10.38
1,240.00,388,355.86,678.94,6.71
1,240.00,389,741.49,705.01,20.27
1,240.00,390,509.17,528.17,10.47
1,240.00,391,919.71,228.67,0.00
1,240.00,392,523.63,504.46,16.39
1,240.00,393,242.59,924.62,9.06
1,240.00,394,632.78,815.84,23.28
1,240.00,395,188.50,826.08,5.65
1,240.00,396,698.21,318.22,5.41
1,240.00,397,803.24,505.55,8.23
1,240.00,398,614.34,420.12,10.73
1,240.00,399,456.01,562.92,11.55
1,250.00,0,608.44,563.15,5.69
1,250.00,1,803.40,295.52,11.66
1,250.00,2,144.99,974.78,9.20
1,250.00,3,511.39,760.04,21.80
1,250.00,4,586.19,270.42,0.00
1,250.00,5,175.52,812.51,5.43
1,250.00,6,341.33,322.13,6.04
1,250.00,7,535.06,728.65,14.13
1,250.00,8,99.78,739.93,0.00
1,250.00,9,117.04,667.83,12.01
1,250.00,10,849.49,422.89,10.44
1,250.00,11,78.33,730.81,11.41
1,250.00,12,651.03,545.52,0.00
1,250.00,13,347.51,357.97,0.00
1,250.00,14,749.97,707.05,16.81
1,250.00,15,674.72,399.62,5.44
1,250.00,16,918.39,670.19,14.76
1,250.00,17,425.79,770.65,22.21
1,250.00,18,469.68,645.15,18.50
1,250.00,19,396.91,791.49,7.69
1,250.00,20,715.73,351.01,5.93
1,250.00,21,731.64,891.65,10.85
1,250.00,22,717.96,964.33,6.00
1,250.00,23,260.17,522.83,18.68
1,250.00,24,567.48,610.40,6.65
1,250.00,25,638.10,516.01,7.86
1,250.00,26,159.09,77.23,8.13
1,250.00,27,340.57,772.36,17.65
1,250.00,28,302.76,709.36,0.00
1,250.00,29,717.79,26.35,0.00
1,250.00,30,204.28,614.02,0.00
1,250.00,31,816.80,211.20,0.00
1,250.00,32,830.31,153.68,24.55
1,250.00,33,363.66,800.43,14.97
1,250.00,34,522.98,512.93,19.64
1,250.00,35,842.54,588.12,24.66
1,250.00,36,740.84,419.48,15.08
1,250.00,37,553.87,154.57,24.15
1,250.00,38,753.97,595.95,6.37
1,250.00,39,442.07,295.25,6.05
1,250.00,40,842.08,129.10,16.92
1,250.00,41,242.52,687.02,20.89
1,250.00,42,456.90,801.45,16.06
1,250.00,43,677.91,401.95,18.18
1,250.00,44,637.18,289.29,7.50
1,250.00,45,112.12,662.64,23.49
1,250.00,46,740.15,446.83,8.49
1,250.00,47,563.55,430.63,14.09
1,250.00,48,273.66,909.25,0.00
1,250.00,49,381.29,819.72,11.48
1,250.00,50,524.06,303.75,8.26
1,250.00,51,201.62,798.44,12.71
1,250.00,52,848.56,213.64,23.90
1,250.00,53,332.70,488.05,23.26
1,250.00,54,185.61,694.77,13.63
1,250.00,55,606.76,461.46,6.59
1,250.00,56,554.99,537.38,0.00
1,250.00,57,761.92,72.74,0.00
1,250.00,58,526.38,775.40,8.27
1,250.00,59,393.44,323.92,5.45
1,250.00,60,370.36,668.86,7.54
1,250.00,61,365.89,666.73,21.84
1,250.00,62,660.03,544.47,23.36
1,250.00,63,643.06,548.59,5.89
1,250.00,64,616.65,919.32,20.30
1,250.00,65,845.17,63.02,0.00
1,250.00,66,775.58,494.64,24.33
1,250.00,67,462.90,823.99,8.30
1,250.00,68,516.78,921.25,0.00
1,250.00,69,747.06,187.75,5.77
1,250.00,70,771.81,241.25,0.00
1,250.00,71,492.81,191.34,23.80
1,250.00,72,158.26,234.31,0.00
1,250.00,73,320.88,405.46,15.85
1,250.00,74,397.82,101.03,0.00
1,250.00,75,703.25,342.73,7.46
1,250.00,76,726.97,436.66,5.29
1,250.00,77,477.75,870.30,8.24
1,250.00,78,614.57,904.63,5.27
1,250.00,79,801.31,643.05,15.26
1,250.00,80,433.08,853.42,6.24
1,250.00,81,467.27,516.29,8.76
1,250.00,82,753.44,202.79,11.12
1,250.00,83,783.13,483.83,9.09
1,250.00,84,800.42,828.06,22.45
1,250.00,85,227.46,73.44,9.35
1,250.00,86,445.55,818.27,0.00
1,250.00,87,118.59,261.05,12.45
1,250.00,88,900.97,241.38,6.85
1,250.00,89,343.25,442.16,6.80
1,250.00,90,669.37,34.78,0.00
1,250.00,91,369.42,629.75,24.34
1,250.00,92,264.84,330.18,6.69
1,250.00,93,208.35,435.50,9.66
1,250.00,94,719.38,557.59,0.00
1,250.00,95,661.10,902.11,11.34
1,250.00,96,595.10,565.90,8.26
1,250.00,97,330.35,315.64,0.00
1,250.00,98,636.38,256.92,7.55
1,250.00,99,328.33,658.32,7.15
1,250.00,100,884.18,411.37,22.77
1,250.00,101,304.86,744.72,7.40
1,250.00,102,464.06,303.06,24.76
1,250.00,103,652.88,643.38,24.79
1,250.00,104,76.48,24.25,19.62
1,250.00,105,444.67,263.63,9.22
1,250.00,106,624.06,105.33,7.45
1,250.00,107,243.56,801.57,9.90
1,250.00,108,486.03,669.99,19.17
1,250.00,109,741.08,644.09,14.01
1,250.00,110,556.94,656.18,0.00
1,250.00,111,820.72,642.58,5.65
1,250.00,112,304.42,609.52,12.65
1,250.00,113,898.97,597.72,6.58
1,250.00,114,416.76,65.94,6.89
1,250.00,115,599.40,536.18,5.75
1,250.00,116,415.35,396.94,6.55
1,250.00,117,238.84,552.77,9.56
1,250.00,118,912.39,692.72,0.00
1,250.00,119,614.36,534.23,6.19
1,250.00,120,25.76,989.21,0.00
1,250.00,121,599.30,559.17,7.48
1,250.00,122,830.46,682.34,6.63
1,250.00,123,919.50,303.02,0.00
1,250.00,124,811.64,52.51,7.03
1,250.00,125,671.68,740.97,23.83
1,250.00,126,207.95,741.96,10.86
1,250.00,127,697.03,72.46,0.00
1,250.00,128,673.48,326.79,12.84
1,250.00,129,334.68,678.77,8.46
1,250.00,130,562.39,545.33,15.44
1,250.00,131,685.68,662.34,8.87
1,250.00,132,966.98,766.80,14.20
1,250.00,133,734.85,468.40,7.10
1,250.00,134,587.62,34.82,12.37
1,250.00,135,811.31,230.92,15.85
1,250.00,136,868.01,116.24,0.00
1,250.00,137,195.19,240.59,15.46
1,250.00,138,449.51,84.35,9.37
1,250.00,139,782.68,831.50,0.00
1,250.00,140,909.05,313.18,13.50
1,250.00,141,516.12,355.87,6.73
1,250.00,142,344.11,887.48,0.00
1,250.00,143,293.75,501.92,13.20
1,250.00,144,334.86,396.52,14.27
1,250.00,145,361.95,485.88,5.49
1,250.00,146,143.83,565.18,7.78
1,250.00,147,750.85,435.69,9.75
1,250.00,148,279.95,873.11,18.05
1,250.00,149,215.99,538.29,9.86
1,250.00,150,750.72,574.78,5.11
1,250.00,151,911.89,621.45,10.05
1,250.00,152,127.37,524.10,0.00
1,250.00,153,397.13,639.54,0.00
1,250.00,154,802.02,650.17,16.50
1,250.00,155,585.99,232.86,16.31
1,250.00,156,636.91,175.80,0.00
1,250.00,157,286.77,148.37,6.14
1,250.00,158,851.24,374.37,11.08
1,250.00,159,956.53,635.37,10.71
1,250.00,160,414.50,574.15,6.37
1,250.00,161,695.49,456.16,22.13
1,250.00,162,901.79,393.10,0.00
1,250.00,163,800.90,536.42,24.82
1,250.00,164,678.09,690.41,9.34
1,250.00,165,472.68,625.23,15.38
1,250.00,166,713.26,408.14,24.05
1,250.00,167,736.48,270.28,0.00
1,250.00,168,419.77,663.64,7.31
1,250.00,169,554.92,334.40,6.93
1,250.00,170,797.65,162.53,5.17
1,250.00,171,820.69,802.80,16.97
1,250.00,172,465.57,423.00,15.73
1,250.00,173,377.13,503.62,8.91
1,250.00,174,374.37,596.29,0.00
1,250.00,175,112.36,194.24,5.69
1,250.00,176,896.84,277.16,15.39
1,250.00,177,793.72,528.40,6.13
1,250.00,178,336.60,962.91,0.00
1,250.00,179,33.57,434.30,9.55
1,250.00,180,791.04,780.75,13.55
1,250.00,181,742.02,548.31,13.70
1,250.00,182,493.78,542.31,6.79
1,250.00,183,434.91,308.01,9.52
1,250.00,184,967.44,955.68,22.50
1,250.00,185,820.60,166.81,15.02
1,250.00,186,383.92,449.38,6.33
1,250.00,187,680.74,533.82,11.91
1,250.00,188,144.20,560.64,21.77
1,250.00,189,360.28,553.96,15.37
1,250.00,190,751.51,824.42,24.37
1,250.00,191,635.81,681.26,17.36
1,250.00,192,623.10,359.02,6.21
1,250.00,193,508.80,676.36,6.75
1,250.00,194,54.44,196.66,0.00
1,250.00,195,587.22,314.63,9.34
1,250.00,196,479.46,207.22,0.00
1,250.00,197,335.15,448.99,5.91
1,250.00,198,647.62,646.01,24.36
1,250.00,199,152.12,242.95,8.08
1,250.00,200,472.77,982.28,5.41
1,250.00,201,349.84,511.89,13.58
1,250.00,202,510.57,532.97,19.30
1,250.00,203,247.18,34.37,0.00
1,250.00,204,306.09,776.71,18.80
1,250.00,205,520.71,341.62,6.85
1,250.00,206,207.52,708.07,17.84
1,250.00,207,823.50,979.76,0.00
1,250.00,208,448.34,259.65,5.93
1,250.00,209,341.40,771.92,0.00
1,250.00,210,101.67,510.95,5.28
1,250.00,211,457.47,466.38,23.99
1,250.00,212,202.71,160.97,14.25
1,250.00,213,314.74,844.67,8.96
1,250.00,214,600.12,401.92,12.30
1,250.00,215,362.96,662.76,8.86
1,250.00,216,86.38,392.22,5.05
1,250.00,217,476.94,211.84,12.42
1,250.00,218,155.65,273.62,16.19
1,250.00,219,804.69,483.34,11.18
1,250.00,220,372.06,470.47,21.88
1,250.00,221,316.76,291.63,7.12
1,250.00,222,954.77,985.51,0.00
1,250.00,223,488.66,971.49,0.00
1,250.00,224,446.21,300.52,24.29
1,250.00,225,720.31,773.53,7.10
1,250.00,226,258.68,978.70,0.00
1,250.00,227,335.55,312.94,0.00
1,250.00,228,709.08,825.85,6.60
1,250.00,229,774.41,523.73,20.27
1,250.00,230,370.24,705.54,9.75
1,250.00,231,282.22,787.98,21.45
1,250.00,232,732.29,456.56,10.85
1,250.00,233,724.39,352.50,15.08
1,250.00,234,145.01,227.20,0.00
1,250.00,235,918.89,978.96,0.00
1,250.00,236,173.36,620.70,5.06
1,250.00,237,439.34,296.59,22.13
1,250.00,238,362.80,833.66,11.56
1,250.00,239,658.04,183.57,20.90
1,250.00,240,721.29,804.18,18.88
1,250.00,241,525.96,212.51,24.17
1,250.00,242,241.06,199.68,8.58
1,250.00,243,563.22,682.40,6.54
1,250.00,244,651.30,439.13,7.78
1,250.00,245,430.42,770.96,16.26
1,250.00,246,163.46,437.52,0.00
1,250.00,247,593.38,742.64,12.29
1,250.00,248,798.09,556.73,16.07
1,250.00,249,167.41,878.84,9.80
1,250.00,250,828.27,670.40,5.06
1,250.00,251,647.01,650.95,5.73
1,250.00,252,256.65,425.16,9.96
1,250.00,253,249.10,546.50,14.67
1,250.00,254,507.52,204.64,0.00
1,250.00,255,846.11,281.36,5.46
1,250.00,256,526.46,34.93,20.56
1,250.00,257,220.47,149.31,21.15
1,250.00,258,751.20,772.66,0.00
1,250.00,259,331.12,703.33,0.00
1,250.00,260,760.36,252.94,7.17
1,250.00,261,261.73,780.77,0.00
1,250.00,262,485.65,838.87,8.05
1,250.00,263,240.66,826.52,0.00
1,250.00,264,321.88,768.29,0.00
1,250.00,265,751.62,782.57,24.42
1,250.00,266,534.36,792.89,5.84
1,250.00,267,479.50,368.93,13.42
1,250.00,268,53.44,29.91,23.73
1,250.00,269,816.49,107.29,13.44
1,250.00,270,89.49,480.02,5.12
1,250.00,271,310.85,195.28,9.87
1,250.00,272,603.80,518.71,12.02
1,250.00,273,427.57,81.09,5.15
1,250.00,274,736.51,695.97,24.34
1,250.00,275,703.43,398.45,0.00
1,250.00,276,277.86,336.49,22.06
1,250.00,277,422.55,477.41,13.05
1,250.00,278,334.20,640.58,0.00
1,250.00,279,408.75,354.52,22.60
1,250.00,280,787.31,614.26,5.99
1,250.00,281,95.19,656.20,23.94
1,250.00,282,150.10,113.79,0.00
1,250.00,283,726.42,577.32,12.11
1,250.00,284,573.12,582.05,14.07
1,250.00,285,951.88,226.59,0.00
1,250.00,286,575.00,379.06,12.23
1,250.00,287,944.03,137.98,11.22
1,250.00,288,864.79,256.81,18.73
1,250.00,289,106.98,200.39,7.76
1,250.00,290,547.11,916.38,0.00
1,250.00,291,383.07,856.40,7.39
1,250.00,292,300.31,584.44,15.28
1,250.00,293,566.90,538.60,7.12
1,250.00,294,842.32,360.14,21.88
1,250.00,295,635.26,430.83,7.16
1,250.00,296,854.40,447.73,15.91
1,250.00,297,236.32,335.52,0.00
1,250.00,298,952.53,395.68,24.99
1,250.00,299,326.18,401.07,14.34
1,250.00,300,674.43,774.41,8.76
1,250.00,301,446.66,722.69,14.56
1,250.00,302,849.94,583.65,13.22
1,250.00,303,603.19,361.28,14.98
1,250.00,304,429.66,587.46,18.26
1,250.00,305,438.47,573.41,0.00
1,250.00,306,574.38,544.73,6.36
1,250.00,307,234.06,277.34,0.00
1,250.00,308,272.98,650.83,8.65
1,250.00,309,601.25,750.00,13.87
1,250.00,310,417.57,221.13,5.64
1,250.00,311,710.05,731.75,0.00
1,250.00,312,490.40,821.84,22.06
1,250.00,313,581.74,244.03,23.70
1,250.00,314,273.11,474.17,12.55
1,250.00,315,488.06,412.14,22.26
1,250.00,316,553.89,310.97,14.05
1,250.00,317,428.10,476.88,5.46
1,250.00,318,448.01,280.68,6.80
1,250.00,319,615.67,382.77,7.10
1,250.00,320,919.45,960.11,6.29
1,250.00,321,819.12,548.57,0.00
1,250.00,322,789.04,795.77,19.92
1,250.00,323,625.39,135.64,0.00
1,250.00,324,152.13,484.18,0.00
1,250.00,325,181.42,905.10,0.00
1,250.00,326,339.93,837.40,19.88
1,250.00,327,930.37,239.31,15.10
1,250.00,328,442.26,892.67,0.00
1,250.00,329,310.93,640.11,6.34
1,250.00,330,496.85,275.80,10.03
1,250.00,331,330.10,813.45,0.00
1,250.00,332,613.65,81.84,8.29
1,250.00,333,485.82,169.95,24.38
1,250.00,334,502.62,517.23,18.10
1,250.00,335,542.18,813.76,6.96
1,250.00,336,448.36,735.74,13.79
1,250.00,337,587.99,494.62,6.30
1,250.00,338,209.22,466.94,0.00
1,250.00,339,736.00,730.66,23.59
1,250.00,340,460.02,872.78,15.80
1,250.00,341,748.78,158.15,0.00
1,250.00,342,308.11,153.32,6.19
1,250.00,343,900.12,870.83,14.28
1,250.00,344,579.08,162.31,7.59
1,250.00,345,918.49,770.34,9.59
1,250.00,346,831.01,806.91,0.00
1,250.00,347,837.23,41.98,0.00
1,250.00,348,473.69,907.99,0.00
1,250.00,349,65.88,214.09,0.00
1,250.00,350,621.37,540.22,21.59
1,250.00,351,329.90,886.44,7.76
1,250.00,352,623.44,513.28,15.86
1,250.00,353,429.01,748.74,6.51
1,250.00,354,688.35,498.85,14.64
1,250.00,355,753.42,823.55,0.00
1,250.00,356,445.68,819.30,9.33
1,250.00,357,785.77,753.60,0.00
1,250.00,358,924.56,682.48,0.00
1,250.00,359,320.56,619.81,18.87
1,250.00,360,337.06,731.25,19.07
1,250.00,361,228.86,888.37,19.82
1,250.00,362,490.60,878.88,15.54
1,250.00,363,177.17,259.19,19.71
1,250.00,364,705.12,271.39,5.87
1,250.00,365,121.12,213.16,22.74
1,250.00,366,590.01,416.80,10.42
1,250.00,367,641.77,813.08,21.87
1,250.00,368,476.87,435.62,5.99
1,250.00,369,9.49,446.16,0.00
1,250.00,370,405.52,880.43,23.07
1,250.00,371,427.16,657.01,20.10
1,250.00,372,491.49,434.34,22.23
1,250.00,373,521.32,86.10,0.00
1,250.00,374,242.87,832.44,0.00
1,250.00,375,895.38,86.18,18.40
1,250.00,376,585.86,391.26,20.86
1,250.00,377,361.10,515.94,7.28
1,250.00,378,351.26,31.64,0.00
1,250.00,379,521.21,589.67,10.60
1,250.00,380,447.17,386.91,20.63
1,250.00,381,651.62,356.72,9.98
1,250.00,382,861.81,405.76,5.36
1,250.00,383,185.71,856.82,10.48
1,250.00,384,482.48,762.90,0.00
1,250.00,385,751.91,176.75,9.09
1,250.00,386,846.06,626.45,6.32
1,250.00,387,664.53,483.69,10.38
1,250.00,388,356.28,680.72,0.00
1,250.00,389,832.58,692.41,0.00
1,250.00,390,584.99,455.96,10.47
1,250.00,391,851.92,257.56,7.80
1,250.00,392,514.74,654.46,0.00
1,250.00,393,333.12,920.05,9.06
1,250.00,394,717.65,986.12,0.00
1,250.00,395,151.21,833.95,0.00
1,250.00,396,737.44,355.42,5.41
1,250.00,397,815.49,586.95,8.23
1,250.00,398,517.34,466.12,10.73
1,250.00,399,535.07,478.77,11.55
1,260.00,0,613.62,619.85,5.69
1,260.00,1,687.02,288.05,11.66
1,260.00,2,196.93,898.87,9.20
1,260.00,3,626.43,945.24,21.80
1,260.00,4,598.66,276.20,15.49
1,260.00,5,125.60,833.99,5.43
1,260.00,6,281.62,330.98,6.04
1,260.00,7,393.97,721.45,14.13
1,260.00,8,281.16,617.09,24.82
1,260.00,9,80.33,782.16,12.01
1,260.00,10,820.12,523.10,10.44
1,260.00,11,84.63,616.85,11.41
1,260.00,12,659.31,543.49,19.25
1,260.00,13,349.83,354.05,5.50
1,260.00,14,829.11,855.35,16.81
1,260.00,15,679.00,453.86,5.44
1,260.00,16,867.16,531.73,14.76
1,260.00,17,523.12,848.35,0.00
1,260.00,18,390.62,477.86,18.50
1,260.00,19,448.68,734.63,7.69
1,260.00,20,682.71,400.21,5.93
1,260.00,21,625.39,869.84,10.85
1,260.00,22,657.94,964.70,6.00
1,260.00,23,418.82,424.20,18.68
1,260.00,24,516.22,652.84,6.65
1,260.00,25,700.49,563.83,7.86
1,260.00,26,143.79,157.08,8.13
1,260.00,27,435.07,623.34,17.65
1,260.00,28,375.99,609.30,19.08
1,260.00,29,724.29,73.03,11.55
1,260.00,30,121.16,649.27,21.00
1,260.00,31,786.52,243.05,12.53
1,260.00,32,721.70,373.90,24.55
1,260.00,33,452.87,680.27,14.97
1,260.00,34,580.69,598.87,0.00
1,260.00,35,817.86,342.80,24.66
1,260.00,36,691.88,562.06,15.08
1,260.00,37,373.34,314.98,24.15
1,260.00,38,786.35,650.77,6.37
1,260.00,39,392.39,329.84,6.05
1,260.00,40,872.76,118.71,0.00
1,260.00,41,376.05,526.39,20.89
1,260.00,42,318.30,720.40,16.06
1,260.00,43,540.15,520.62,18.18
1,260.00,44,677.85,352.26,7.50
1,260.00,45,17.03,734.61,0.00
1,260.00,46,798.75,385.45,8.49
1,260.00,47,520.67,426.45,0.00
1,260.00,48,266.21,867.92,9.80
1,260.00,49,328.88,921.87,11.48
1,260.00,50,524.56,224.89,0.00
1,260.00,51,192.55,811.76,0.00
1,260.00,52,623.87,294.98,23.90
1,260.00,53,403.73,266.60,23.26
1,260.00,54,152.18,605.04,0.00
1,260.00,55,646.31,514.17,6.59
1,260.00,56,633.61,426.12,24.03
1,260.00,57,754.89,85.69,12.69
1,260.00,58,577.42,836.20,0.00
1,260.00,59,424.35,368.83,5.45
1,260.00,60,417.98,610.44,7.54
1,260.00,61,231.54,838.95,21.84
1,260.00,62,857.49,483.46,0.00
1,260.00,63,585.18,537.88,5.89
1,260.00,64,550.82,727.26,20.30
1,260.00,65,808.49,214.31,21.07
1,260.00,66,858.10,723.47,24.33
1,260.00,67,489.16,745.25,8.30
1,260.00,68,443.96,851.72,19.80
1,260.00,69,690.13,178.60,5.77
1,260.00,70,697.81,193.98,12.83
1,260.00,71,425.22,114.94,0.00
1,260.00,72,162.25,234.99,8.94
1,260.00,73,266.72,319.74,0.00
1,260.00,74,403.14,148.49,5.27
1,260.00,75,635.30,373.55,7.46
1,260.00,76,697.21,392.87,5.29
1,260.00,77,512.20,918.93,0.00
1,260.00,78,561.91,901.71,5.27
1,260.00,79,722.22,512.49,15.26
1,260.00,80,463.58,907.90,6.24
1,260.00,81,408.84,581.60,8.76
1,260.00,82,785.58,206.86,0.00
1,260.00,83,786.35,506.56,0.00
1,260.00,84,739.83,967.59,0.00
1,260.00,85,137.41,48.22,9.35
1,260.00,86,345.15,840.75,11.77
1,260.00,87,214.52,340.43,12.45
1,260.00,88,836.24,263.68,6.85
1,260.00,89,305.95,385.32,6.80
1,260.00,90,633.24,24.68,19.10
1,260.00,91,495.91,579.74,0.00
1,260.00,92,233.48,337.37,0.00
1,260.00,93,256.83,519.00,9.66
1,260.00,94,699.07,439.43,20.77
1,260.00,95,774.35,896.78,11.34
1,260.00,96,556.19,493.03,8.26
1,260.00,97,378.13,322.93,5.78
1,260.00,98,595.49,320.43,7.55
1,260.00,99,298.46,669.75,0.00
1,260.00,100,852.52,636.83,22.77
1,260.00,101,303.27,679.21,0.00
1,260.00,102,582.64,520.43,24.76
1,260.00,103,900.17,660.65,24.79
1,260.00,104,66.79,12.52,0.00
1,260.00,105,439.14,256.53,0.00
1,260.00,106,696.50,87.79,7.45
1,260.00,107,338.67,774.07,9.90
1,260.00,108,623.35,536.18,19.17
1,260.00,109,783.72,519.68,0.00
1,260.00,110,672.79,631.08,16.79
1,260.00,111,838.44,588.90,5.65
1,260.00,112,190.81,553.86,12.65
1,260.00,113,868.11,655.88,6.58
1,260.00,114,347.86,68.41,6.89
1,260.00,115,555.89,498.65,5.75
1,260.00,116,411.43,462.28,6.55
1,260.00,117,144.24,566.33,9.56
1,260.00,118,904.87,666.91,17.31
1,260.00,119,625.63,595.14,6.19
1,260.00,120,42.73,972.77,5.34
1,260.00,121,632.73,626.05,7.48
1,260.00,122,770.13,654.90,6.63
1,260.00,123,881.44,382.13,17.83
1,260.00,124,880.41,38.00,7.03
1,260.00,125,728.10,509.46,23.83
1,260.00,126,103.33,712.78,10.86
1,260.00,127,618.85,81.06,23.69
1,260.00,128,794.58,284.20,12.84
1,260.00,129,290.18,750.70,8.46
1,260.00,130,466.96,423.99,15.44
1,260.00,131,611.70,711.32,8.87
1,260.00,132,984.99,789.29,0.00
1,260.00,133,665.80,451.75,7.10
1,260.00,134,463.93,37.07,12.37
1,260.00,135,655.50,201.84,15.85
1,260.00,136,877.80,194.67,22.95
1,260.00,137,339.44,296.07,15.46
1,260.00,138,435.70,70.46,0.00
1,260.00,139,775.76,824.38,11.93
1,260.00,140,936.03,422.31,0.00
1,260.00,141,465.76,311.15,6.73
1,260.00,142,320.80,843.33,11.42
1,260.00,143,224.65,614.44,13.20
1,260.00,144,452.45,477.42,14.27
1,260.00,145,318.24,519.10,5.49
1,260.00,146,148.37,487.53,7.78
1,260.00,147,691.41,513.01,9.75
1,260.00,148,439.48,788.57,18.05
1,260.00,149,184.68,625.25,0.00
1,260.00,150,712.36,540.99,5.11
1,260.00,151,960.99,651.62,0.00
1,260.00,152,244.64,635.16,18.10
1,260.00,153,405.87,617.60,9.79
1,260.00,154,952.28,718.33,16.50
1,260.00,155,584.47,234.78,0.00
1,260.00,156,643.22,190.48,5.32
1,260.00,157,347.32,138.14,6.14
1,260.00,158,871.07,265.36,11.08
1,260.00,159,973.61,658.99,0.00
1,260.00,160,374.56,623.73,6.37
1,260.00,161,508.90,575.07,22.13
1,260.00,162,863.23,246.31,18.50
1,260.00,163,562.72,606.19,24.82
1,260.00,164,632.06,771.67,9.34
1,260.00,165,523.89,770.26,15.38
1,260.00,166,882.57,237.39,24.05
1,260.00,167,739.94,225.97,23.74
1,260.00,168,384.61,599.55,7.31
1,260.00,169,507.60,283.74,6.93
1,260.00,170,755.15,133.12,5.17
1,260.00,171,941.69,921.83,16.97
1,260.00,172,612.35,366.39,15.73
1,260.00,173,357.15,416.82,8.91
1,260.00,174,397.18,562.61,5.69
1,260.00,175,109.46,137.45,5.69
1,260.00,176,911.53,240.55,0.00
1,260.00,177,789.72,589.54,6.13
1,260.00,178,413.82,952.56,14.37
1,260.00,179,20.53,422.39,0.00
1,260.00,180,658.64,809.43,13.55
1,260.00,181,794.37,617.69,0.00
1,260.00,182,524.07,481.54,6.79
1,260.00,183,529.94,302.08,9.52
1,260.00,184,753.93,884.85,22.50
1,260.00,185,722.42,280.50,15.02
1,260.00,186,326.70,476.41,6.33
1,260.00,187,772.05,457.36,11.91
1,260.00,188,206.81,352.15,21.77
1,260.00,189,491.35,473.74,15.37
1,260.00,190,837.59,596.38,24.37
1,260.00,191,687.75,713.47,0.00
1,260.00,192,652.74,304.48,6.21
1,260.00,193,500.14,609.46,6.75
1,260.00,194,109.02,250.56,14.25
1,260.00,195,552.26,228.05,9.34
1,260.00,196,540.60,257.91,9.00
1,260.00,197,360.10,502.62,5.91
1,260.00,198,670.22,403.44,24.36
1,260.00,199,103.95,213.15,0.00
1,260.00,200,526.80,979.45,5.41
1,260.00,201,417.16,629.78,13.58
1,260.00,202,382.67,677.50,19.30
1,260.00,203,342.68,75.52,23.06
1,260.00,204,230.22,856.96,0.00
1,260.00,205,467.55,298.47,6.85
1,260.00,206,251.78,880.92,17.84
1,260.00,207,811.97,932.55,13.76
1,260.00,208,392.27,278.89,5.93
1,260.00,209,367.89,716.28,8.08
1,260.00,210,129.79,555.60,5.28
1,260.00,211,598.87,272.57,23.99
1,260.00,212,181.40,301.82,14.25
1,260.00,213,244.25,899.95,8.96
1,260.00,214,477.37,394.42,12.30
1,260.00,215,353.28,574.71,8.86
1,260.00,216,75.33,342.95,5.05
1,260.00,217,522.61,327.30,12.42
1,260.00,218,256.88,400.03,16.19
1,260.00,219,861.54,558.18,0.00
1,260.00,220,210.66,618.13,21.88
1,260.00,221,271.27,236.92,7.12
1,260.00,222,855.14,879.18,20.89
1,260.00,223,403.09,942.12,24.74
1,260.00,224,441.84,284.63,0.00
1,260.00,225,681.08,714.41,7.10
1,260.00,226,298.12,948.20,6.20
1,260.00,227,413.19,309.78,8.36
1,260.00,228,771.66,846.80,6.60
1,260.00,229,656.45,358.93,20.27
1,260.00,230,434.88,632.58,9.75
1,260.00,231,494.95,815.87,21.45
1,260.00,232,623.82,457.60,10.85
1,260.00,233,737.87,502.69,15.08
1,260.00,234,144.73,234.70,7.19
1,260.00,235,865.77,939.02,9.60
1,260.00,236,190.75,668.21,5.06
1,260.00,237,589.21,154.56,0.00
1,260.00,238,377.12,868.80,0.00
1,260.00,239,866.75,173.12,20.90
1,260.00,240,826.12,831.85,0.00
1,260.00,241,714.01,364.36,24.17
1,260.00,242,240.60,113.93,8.58
1,260.00,243,574.49,691.93,0.00
1,260.00,244,648.92,361.41,7.78
1,260.00,245,413.09,912.15,0.00
1,260.00,246,309.61,497.57,23.69
1,260.00,247,679.21,654.72,12.29
1,260.00,248,862.40,703.97,16.07
1,260.00,249,221.08,796.88,9.80
1,260.00,250,792.15,634.94,5.06
1,260.00,251,619.17,701.05,5.73
1,260.00,252,171.20,374.02,9.96
1,260.00,253,371.44,627.47,14.67
1,260.00,254,445.74,293.61,14.57
1,260.00,255,888.21,316.11,5.46
1,260.00,256,524.98,24.99,0.00
1,260.00,257,130.16,54.68,0.00
1,260.00,258,695.17,764.60,7.18
1,260.00,259,363.33,735.26,10.05
1,260.00,260,812.19,203.33,7.17
1,260.00,261,277.70,776.96,11.01
1,260.00,262,508.29,761.66,8.05
1,260.00,263,317.04,806.09,8.57
1,260.00,264,484.11,799.54,21.88
1,260.00,265,795.11,923.91,0.00
1,260.00,266,495.03,749.68,5.84
1,260.00,267,353.69,415.50,13.42
1,260.00,268,253.10,158.17,23.73
1,260.00,269,724.74,205.49,13.44
1,260.00,270,69.43,527.15,5.12
1,260.00,271,367.70,276.00,9.87
1,260.00,272,706.24,581.60,12.02
1,260.00,273,376.65,89.11,5.15
1,260.00,274,870.29,882.97,0.00
1,260.00,275,634.49,495.40,17.34
1,260.00,276,368.51,537.62,22.06
1,260.00,277,545.51,433.77,13.05
1,260.00,278,388.21,675.25,8.75
1,260.00,279,240.07,504.91,22.60
1,260.00,280,771.73,672.12,5.99
1,260.00,281,114.91,417.60,23.94
1,260.00,282,154.95,124.89,8.68
1,260.00,283,727.76,665.78,0.00
1,260.00,284,604.78,719.14,14.07
1,260.00,285,768.91,80.41,24.69
1,260.00,286,695.66,399.07,12.23
1,260.00,287,849.56,198.49,11.22
1,260.00,288,756.11,409.30,18.73
1,260.00,289,165.19,251.75,7.76
1,260.00,290,450.38,835.79,13.84
1,260.00,291,309.16,856.58,7.39
1,260.00,292,377.30,716.43,15.28
1,260.00,293,521.65,483.59,7.12
1,260.00,294,835.13,277.27,0.00
1,260.00,295,587.33,377.66,7.16
1,260.00,296,962.91,404.77,0.00
1,260.00,297,290.42,317.28,10.44
1,260.00,298,984.84,374.82,0.00
1,260.00,299,244.10,317.12,0.00
1,260.00,300,747.76,822.39,8.76
1,260.00,301,314.51,661.68,14.56
1,260.00,302,853.56,604.22,0.00
1,260.00,303,538.59,226.14,14.98
1,260.00,304,286.93,473.58,18.26
1,260.00,305,433.35,628.54,16.50
1,260.00,306,522.79,581.95,6.36
1,260.00,307,284.32,222.46,8.82
1,260.00,308,359.48,651.62,8.65
1,260.00,309,485.19,674.10,13.87
1,260.00,310,361.73,213.52,5.64
1,260.00,311,660.19,675.25,18.86
1,260.00,312,439.49,607.23,22.06
1,260.00,313,489.07,462.14,23.70
1,260.00,314,383.33,414.16,12.55
1,260.00,315,297.43,297.29,22.26
1,260.00,316,681.54,252.25,14.05
1,260.00,317,473.50,446.48,5.46
1,260.00,318,387.98,248.67,6.80
1,260.00,319,653.24,397.16,0.00
1,260.00,320,856.73,964.66,6.29
1,260.00,321,700.72,491.65,23.07
1,260.00,322,656.72,903.85,0.00
1,260.00,323,624.52,140.97,7.90
1,260.00,324,192.80,568.55,20.57
1,260.00,325,203.63,789.43,18.12
1,260.00,326,150.83,788.87,0.00
1,260.00,327,947.68,127.84,0.00
1,260.00,328,389.44,802.81,0.00
1,260.00,329,332.69,652.83,0.00
1,260.00,330,549.77,361.00,10.03
1,260.00,331,220.73,693.43,21.43
1,260.00,332,597.95,163.22,8.29
1,260.00,333,520.95,167.47,0.00
1,260.00,334,478.29,696.56,18.10
1,260.00,335,478.58,841.99,6.96
1,260.00,336,381.51,615.12,13.79
1,260.00,337,533.19,525.75,6.30
1,260.00,338,330.97,316.95,24.53
1,260.00,339,513.10,653.35,23.59
1,260.00,340,498.10,719.47,15.80
1,260.00,341,647.34,187.05,11.47
1,260.00,342,246.68,145.78,6.19
1,260.00,343,787.47,783.10,14.28
1,260.00,344,580.01,238.23,7.59
1,260.00,345,934.14,784.01,0.00
1,260.00,346,816.62,746.16,18.71
1,260.00,347,846.85,33.45,9.21
1,260.00,348,463.12,882.52,14.39
1,260.00,349,102.08,232.23,11.72
1,260.00,350,510.56,354.94,21.59
1,260.00,351,290.39,819.64,7.76
1,260.00,352,591.01,547.53,0.00
1,260.00,353,369.38,722.51,6.51
1,260.00,354,801.26,405.65,14.64
1,260.00,355,717.08,832.43,14.78
1,260.00,356,413.31,731.76,9.33
1,260.00,357,777.78,723.22,11.44
1,260.00,358,921.29,630.24,7.92
1,260.00,359,218.98,778.82,18.87
1,260.00,360,470.88,595.35,19.07
1,260.00,361,178.58,916.89,0.00
1,260.00,362,644.88,897.20,15.54
1,260.00,363,122.15,222.50,0.00
1,260.00,364,703.04,330.01,5.87
1,260.00,365,315.81,330.58,22.74
1,260.00,366,651.08,332.43,10.42
1,260.00,367,632.97,594.53,21.87
1,260.00,368,458.91,403.24,0.00
1,260.00,369,29.95,496.06,15.93
1,260.00,370,383.34,984.54,0.00
1,260.00,371,258.24,585.17,0.00
1,260.00,372,700.18,357.65,22.23
1,260.00,373,572.05,232.85,24.01
1,260.00,374,257.75,744.66,24.46
1,260.00,375,740.07,184.78,18.40
1,260.00,376,386.31,330.43,20.86
1,260.00,377,288.97,506.46,7.28
1,260.00,378,411.58,116.04,17.92
1,260.00,379,622.66,620.41,10.60
1,260.00,380,486.04,449.17,0.00
1,260.00,381,682.12,261.64,9.98
1,260.00,382,908.13,378.87,5.36
1,260.00,383,91.58,810.78,10.48
1,260.00,384,428.04,740.86,10.54
1,260.00,385,738.58,266.70,9.09
1,260.00,386,869.97,684.98,6.32
1,260.00,387,669.00,587.42,10.38
1,260.00,388,477.37,721.05,13.12
1,260.00,389,828.51,563.40,23.63
1,260.00,390,660.81,383.74,10.47
1,260.00,391,780.11,288.16,7.80
1,260.00,392,519.27,656.81,6.13
1,260.00,393,423.66,915.48,9.06
1,260.00,394,717.03,975.46,5.85
1,260.00,395,149.29,768.07,20.24
1,260.00,396,776.66,392.62,5.41
1,260.00,397,827.75,668.35,8.23
1,260.00,398,420.35,512.11,10.73
1,260.00,399,614.14,394.62,11.55
1,270.00,0,618.79,676.54,5.69
1,270.00,1,621.80,283.86,0.00
1,270.00,2,248.88,822.96,9.20
1,270.00,3,638.40,964.51,0.00
1,270.00,4,739.21,341.37,15.49
1,270.00,5,104.10,843.24,0.00
1,270.00,6,221.91,339.82,6.04
1,270.00,7,252.88,714.24,14.13
1,270.00,8,486.65,477.92,24.82
1,270.00,9,53.38,866.07,0.00
1,270.00,10,790.74,623.31,10.44
1,270.00,11,90.93,502.88,11.41
1,270.00,12,846.23,497.63,19.25
1,270.00,13,377.84,306.77,5.50
1,270.00,14,891.96,973.15,0.00
1,270.00,15,683.28,508.09,5.44
1,270.00,16,815.92,393.27,14.76
1,270.00,17,510.82,791.83,13.17
1,270.00,18,311.56,310.56,18.50
1,270.00,19,500.45,677.77,7.69
1,270.00,20,649.68,449.40,5.93
1,270.00,21,519.14,848.02,10.85
1,270.00,22,597.91,965.07,6.00
1,270.00,23,577.47,325.57,18.68
1,270.00,24,464.96,695.28,6.65
1,270.00,25,762.88,611.66,7.86
1,270.00,26,128.48,236.92,8.13
1,270.00,27,529.58,474.31,17.65
1,270.00,28,473.88,475.56,0.00
1,270.00,29,740.21,187.43,11.55
1,270.00,30,19.03,692.59,0.00
1,270.00,31,700.24,333.84,12.53
1,270.00,32,613.09,594.13,24.55
1,270.00,33,542.09,560.12,14.97
1,270.00,34,484.47,602.09,20.36
1,270.00,35,793.18,97.49,24.66
1,270.00,36,651.07,680.90,0.00
1,270.00,37,192.81,475.39,24.15
1,270.00,38,786.58,651.17,0.00
1,270.00,39,342.71,364.44,6.05
1,270.00,40,741.65,264.16,24.22
1,270.00,41,380.03,521.61,0.00
1,270.00,42,305.14,712.71,0.00
1,270.00,43,464.69,585.63,0.00
1,270.00,44,718.53,415.24,7.50
1,270.00,45,44.43,737.91,5.61
1,270.00,46,857.35,324.06,8.49
1,270.00,47,477.12,364.13,10.95
1,270.00,48,248.84,771.48,9.80
1,270.00,49,320.32,938.56,0.00
1,270.00,50,529.85,233.28,22.16
1,270.00,51,267.32,806.49,8.58
1,270.00,52,399.19,376.33,23.90
1,270.00,53,409.52,248.56,0.00
1,270.00,54,188.02,605.56,12.05
1,270.00,55,685.86,566.88,6.59
1,270.00,56,680.23,360.14,0.00
1,270.00,57,694.33,197.26,12.69
1,270.00,58,572.64,831.93,15.95
1,270.00,59,455.25,413.75,5.45
1,270.00,60,465.60,552.02,7.54
1,270.00,61,174.71,911.80,0.00
1,270.00,62,855.68,509.65,22.79
1,270.00,63,527.30,527.17,5.89
1,270.00,64,524.64,650.86,0.00
1,270.00,65,758.84,419.09,21.07
1,270.00,66,940.63,952.31,24.33
1,270.00,67,515.41,666.51,8.30
1,270.00,68,300.74,714.95,19.80
1,270.00,69,633.19,169.44,5.77
1,270.00,70,589.72,124.93,12.83
1,270.00,71,434.51,224.49,19.24
1,270.00,72,250.40,250.00,8.94
1,270.00,73,244.12,286.44,11.17
1,270.00,74,409.00,200.83,5.27
1,270.00,75,567.36,404.37,7.46
1,270.00,76,667.44,349.07,5.29
1,270.00,77,554.49,890.87,18.32
1,270.00,78,509.25,898.79,5.27
1,270.00,79,643.13,381.93,15.26
1,270.00,80,464.14,908.91,0.00
1,270.00,81,350.42,646.92,8.76
1,270.00,82,703.75,278.02,15.30
1,270.00,83,638.92,410.63,23.53
1,270.00,84,787.35,908.80,23.46
1,270.00,85,71.48,29.75,0.00
1,270.00,86,230.34,866.45,11.77
1,270.00,87,310.46,419.80,12.45
1,270.00,88,771.51,285.97,6.85
1,270.00,89,268.65,328.48,6.80
1,270.00,90,562.36,4.88,0.00
1,270.00,91,515.89,559.86,6.39
1,270.00,92,216.65,461.13,24.05
1,270.00,93,305.30,602.51,9.66
1,270.00,94,663.90,234.77,20.77
1,270.00,95,882.35,891.70,0.00
1,270.00,96,517.27,420.15,8.26
1,270.00,97,435.25,331.64,5.78
1,270.00,98,554.60,383.93,7.55
1,270.00,99,329.59,732.49,12.67
1,270.00,100,824.88,833.69,0.00
1,270.00,101,293.53,671.36,10.98
1,270.00,102,701.23,737.81,24.76
1,270.00,103,957.93,664.69,0.00
1,270.00,104,70.56,173.44,17.45
1,270.00,105,354.87,229.03,9.82
1,270.00,106,768.95,70.25,7.45
1,270.00,107,433.78,746.56,9.90
1,270.00,108,760.67,402.38,19.17
1,270.00,109,775.43,517.53,13.97
1,270.00,110,758.38,612.54,0.00
1,270.00,111,856.15,535.23,5.65
1,270.00,112,77.19,498.21,12.65
1,270.00,113,837.24,714.05,6.58
1,270.00,114,278.95,70.88,6.89
1,270.00,115,512.39,461.11,5.75
1,270.00,116,407.51,527.63,6.55
1,270.00,117,69.74,577.01,0.00
1,270.00,118,856.44,500.71,17.31
1,270.00,119,636.91,656.04,6.19
1,270.00,120,81.09,935.62,5.34
1,270.00,121,666.16,692.92,7.48
1,270.00,122,709.79,627.46,6.63
1,270.00,123,804.13,542.84,17.83
1,270.00,124,919.80,29.70,0.00
1,270.00,125,784.52,277.94,23.83
1,270.00,126,24.58,690.81,0.00
1,270.00,127,383.37,106.94,23.69
1,270.00,128,915.68,241.61,12.84
1,270.00,129,245.69,822.62,8.46
1,270.00,130,371.52,302.66,15.44
1,270.00,131,537.73,760.30,8.87
1,270.00,132,855.64,773.08,16.35
1,270.00,133,626.90,442.37,0.00
1,270.00,134,340.24,39.33,12.37
1,270.00,135,499.70,172.76,15.85
1,270.00,136,906.21,422.39,22.95
1,270.00,137,483.69,351.55,15.46
1,270.00,138,458.01,192.68,15.71
1,270.00,139,692.68,738.77,11.93
1,270.00,140,919.68,433.13,11.70
1,270.00,141,415.40,266.43,6.73
1,270.00,142,267.50,742.38,11.42
1,270.00,143,155.56,726.96,13.20
1,270.00,144,570.03,558.33,14.27
1,270.00,145,274.53,552.31,5.49
1,270.00,146,152.92,409.87,7.78
1,270.00,147,631.98,590.32,9.75
1,270.00,148,529.11,741.08,0.00
1,270.00,149,192.93,628.50,14.13
1,270.00,150,674.00,507.21,5.11
1,270.00,151,923.29,589.84,16.97
1,270.00,152,350.45,735.36,0.00
1,270.00,153,442.10,526.61,9.79
1,270.00,154,965.44,724.29,0.00
1,270.00,155,367.28,298.80,22.99
1,270.00,156,664.22,239.33,5.32
1,270.00,157,407.87,127.91,6.14
1,270.00,158,890.89,156.36,11.08
1,270.00,159,847.31,585.32,20.09
1,270.00,160,334.63,673.30,6.37
1,270.00,161,322.31,693.99,22.13
1,270.00,162,837.29,147.56,0.00
1,270.00,163,338.32,671.94,0.00
1,270.00,164,587.28,850.74,0.00
1,270.00,165,550.03,844.29,0.00
1,270.00,166,916.21,203.46,0.00
1,270.00,167,747.80,125.43,0.00
1,270.00,168,349.45,535.47,7.31
1,270.00,169,460.28,233.08,6.93
1,270.00,170,712.65,103.72,5.17
1,270.00,171,959.41,939.26,0.00
1,270.00,172,759.13,309.78,15.73
1,270.00,173,338.02,333.67,0.00
1,270.00,174,429.09,515.51,5.69
1,270.00,175,106.55,80.66,5.69
1,270.00,176,786.34,330.44,20.73
1,270.00,177,787.82,618.52,0.00
1,270.00,178,556.22,933.46,14.37
1,270.00,179,199.62,447.48,22.19
1,270.00,180,526.25,838.11,13.55
1,270.00,181,753.56,626.44,11.41
1,270.00,182,554.36,420.78,6.79
1,270.00,183,624.97,296.14,9.52
1,270.00,184,540.42,814.02,22.50
1,270.00,185,624.24,394.18,15.02
1,270.00,186,269.47,503.45,6.33
1,270.00,187,863.36,380.90,11.91
1,270.00,188,265.92,155.28,0.00
1,270.00,189,622.42,393.52,15.37
1,270.00,190,923.68,368.34,24.37
1,270.00,191,652.91,555.46,24.97
1,270.00,192,682.38,249.95,6.21
1,270.00,193,491.49,542.56,6.75
1,270.00,194,210.40,350.68,14.25
1,270.00,195,517.29,141.47,9.34
1,270.00,196,609.89,315.36,9.00
1,270.00,197,385.05,556.25,5.91
1,270.00,198,692.81,160.88,24.36
1,270.00,199,145.59,184.81,16.86
1,270.00,200,529.80,979.29,0.00
1,270.00,201,484.49,747.66,13.58
1,270.00,202,324.34,743.41,0.00
1,270.00,203,554.45,166.77,23.06
1,270.00,204,234.12,767.13,21.80
1,270.00,205,414.40,255.33,6.85
1,270.00,206,274.85,971.01,0.00
1,270.00,207,779.33,798.91,13.76
1,270.00,208,336.20,298.14,5.93
1,270.00,209,402.61,643.37,8.08
1,270.00,210,157.90,600.26,5.28
1,270.00,211,740.28,78.76,23.99
1,270.00,212,160.09,442.68,14.25
1,270.00,213,211.83,925.38,0.00
1,270.00,214,354.61,386.92,12.30
1,270.00,215,343.60,486.65,8.86
1,270.00,216,64.27,293.69,5.05
1,270.00,217,568.28,442.75,12.42
1,270.00,218,358.11,526.44,16.19
1,270.00,219,840.80,556.94,13.05
1,270.00,220,166.96,658.11,0.00
1,270.00,221,225.77,182.21,7.12
1,270.00,222,712.32,726.76,20.89
1,270.00,223,169.11,861.82,24.74
1,270.00,224,507.96,494.60,23.62
1,270.00,225,641.85,655.28,7.10
1,270.00,226,347.17,910.26,6.20
1,270.00,227,496.75,306.37,8.36
1,270.00,228,834.24,867.75,6.60
1,270.00,229,538.50,194.13,20.27
1,270.00,230,499.52,559.62,9.75
1,270.00,231,707.67,843.75,21.45
1,270.00,232,525.54,458.54,0.00
1,270.00,233,751.36,652.89,15.08
1,270.00,234,142.09,306.51,7.19
1,270.00,235,789.01,881.31,9.60
1,270.00,236,208.13,715.73,5.06
1,270.00,237,601.90,149.48,20.39
1,270.00,238,298.68,808.64,14.72
1,270.00,239,938.66,169.51,0.00
1,270.00,240,796.00,811.58,8.52
1,270.00,241,745.87,390.09,0.00
1,270.00,242,240.17,34.51,0.00
1,270.00,243,441.15,587.43,21.87
1,270.00,244,646.53,283.68,7.78
1,270.00,245,424.63,883.49,24.72
1,270.00,246,528.72,587.59,23.69
1,270.00,247,756.34,575.70,0.00
1,270.00,248,926.70,851.22,16.07
1,270.00,249,274.76,714.92,9.80
1,270.00,250,756.03,599.48,5.06
1,270.00,251,591.32,751.15,5.73
1,270.00,252,85.76,322.87,9.96
1,270.00,253,493.79,708.45,14.67
1,270.00,254,362.64,413.27,14.57
1,270.00,255,930.32,350.86,5.46
1,270.00,256,611.69,80.50,10.82
1,270.00,257,159.08,54.73,7.58
1,270.00,258,624.09,754.39,7.18
1,270.00,259,434.71,806.01,10.05
1,270.00,260,864.02,153.72,7.17
1,270.00,261,384.76,751.45,11.01
1,270.00,262,530.94,684.46,8.05
1,270.00,263,399.86,783.94,8.57
1,270.00,264,699.00,840.94,21.88
1,270.00,265,759.23,870.96,16.22
1,270.00,266,480.13,733.31,0.00
1,270.00,267,325.53,425.93,0.00
1,270.00,268,452.75,286.43,23.73
1,270.00,269,632.98,303.69,13.44
1,270.00,270,49.37,574.27,5.12
1,270.00,271,424.55,356.73,9.87
1,270.00,272,808.68,644.49,12.02
1,270.00,273,325.73,97.13,5.15
1,270.00,274,861.40,874.97,21.60
1,270.00,275,534.04,636.69,17.34
1,270.00,276,459.16,738.74,22.06
1,270.00,277,609.06,411.22,0.00
1,270.00,278,461.87,722.53,8.75
1,270.00,279,93.17,635.90,0.00
1,270.00,280,756.15,729.97,5.99
1,270.00,281,125.38,290.86,0.00
1,270.00,282,189.71,204.45,8.68
1,270.00,283,758.98,703.92,18.29
1,270.00,284,613.99,759.01,0.00
1,270.00,285,706.88,30.86,0.00
1,270.00,286,784.63,413.83,0.00
1,270.00,287,755.10,258.99,11.22
1,270.00,288,647.43,561.79,18.73
1,270.00,289,223.40,303.11,7.76
1,270.00,290,344.05,747.20,13.84
1,270.00,291,246.53,856.74,0.00
1,270.00,292,390.90,739.74,0.00
1,270.00,293,476.39,428.58,7.12
1,270.00,294,812.61,255.65,5.04
1,270.00,295,539.40,324.48,7.16
1,270.00,296,916.31,408.78,17.56
1,270.00,297,389.39,283.93,10.44
1,270.00,298,985.16,419.38,5.27
1,270.00,299,258.20,324.30,8.72
1,270.00,300,821.09,870.36,8.76
1,270.00,301,182.35,600.67,14.56
1,270.00,302,832.38,544.31,7.55
1,270.00,303,473.98,91.01,14.98
1,270.00,304,254.72,447.88,0.00
1,270.00,305,418.06,792.83,16.50
1,270.00,306,501.00,597.67,0.00
1,270.00,307,343.91,157.37,8.82
1,270.00,308,445.99,652.40,8.65
1,270.00,309,397.63,616.82,0.00
1,270.00,310,305.89,205.91,5.64
1,270.00,311,535.40,533.84,18.86
1,270.00,312,388.58,392.62,22.06
1,270.00,313,403.13,664.42,0.00
1,270.00,314,493.55,354.16,12.55
1,270.00,315,175.34,223.73,0.00
1,270.00,316,714.79,236.96,0.00
1,270.00,317,518.90,416.08,5.46
1,270.00,318,327.96,216.67,6.80
1,270.00,319,705.91,317.28,22.09
1,270.00,320,794.01,969.21,6.29
1,270.00,321,492.82,391.69,23.07
1,270.00,322,651.52,881.79,15.92
1,270.00,323,611.87,218.97,7.90
1,270.00,324,282.09,753.83,20.57
1,270.00,325,237.80,611.49,18.12
1,270.00,326,151.43,787.77,7.01
1,270.00,327,946.54,161.08,13.16
1,270.00,328,497.60,803.35,23.12
1,270.00,329,253.02,685.85,14.32
1,270.00,330,602.69,446.21,10.03
1,270.00,331,85.65,545.20,0.00
1,270.00,332,582.24,244.60,8.29
1,270.00,333,419.84,31.27,0.00
1,270.00,334,453.96,875.89,18.10
1,270.00,335,414.98,870.22,6.96
1,270.00,336,314.65,494.49,13.79
1,270.00,337,478.39,556.88,6.30
1,270.00,338,485.55,126.52,24.53
1,270.00,339,336.57,592.13,0.00
1,270.00,340,536.18,566.15,15.80
1,270.00,341,537.01,218.48,11.47
1,270.00,342,185.25,138.23,6.19
1,270.00,343,674.82,695.37,14.28
1,270.00,344,580.95,314.15,7.59
1,270.00,345,894.20,616.89,21.94
1,270.00,346,773.47,564.07,18.71
1,270.00,347,867.11,15.47,0.00
1,270.00,348,407.98,749.61,14.39
1,270.00,349,206.89,284.74,11.72
1,270.00,350,399.76,169.66,21.59
1,270.00,351,250.87,752.83,7.76
1,270.00,352,509.55,606.90,0.00
1,270.00,353,315.69,698.90,0.00
1,270.00,354,803.00,404.22,0.00
1,270.00,355,573.55,867.49,14.78
1,270.00,356,380.94,644.22,9.33
1,270.00,357,748.66,612.61,11.44
1,270.00,358,916.35,551.23,7.92
1,270.00,359,171.44,853.23,0.00
1,270.00,360,604.70,459.45,19.07
1,270.00,361,240.15,755.10,24.44
1,270.00,362,655.07,898.40,0.00
1,270.00,363,229.77,333.52,23.27
1,270.00,364,700.96,388.64,5.87
1,270.00,365,510.51,448.00,22.74
1,270.00,366,712.16,248.05,10.42
1,270.00,367,624.16,375.98,21.87
1,270.00,368,515.33,366.48,17.64
1,270.00,369,90.37,643.45,15.93
1,270.00,370,330.68,984.87,9.78
1,270.00,371,266.04,575.49,14.31
1,270.00,372,700.84,357.40,0.00
1,270.00,373,650.50,459.80,24.01
1,270.00,374,298.64,503.51,24.46
1,270.00,375,584.76,283.37,18.40
1,270.00,376,186.75,269.60,20.86
1,270.00,377,216.83,496.98,7.28
1,270.00,378,515.75,261.79,17.92
1,270.00,379,724.11,651.16,10.60
1,270.00,380,636.38,492.53,24.29
1,270.00,381,688.64,241.32,0.00
1,270.00,382,954.45,351.99,5.36
1,270.00,383,65.68,798.12,0.00
1,270.00,384,330.32,701.29,10.54
1,270.00,385,725.25,356.64,9.09
1,270.00,386,893.87,743.50,6.32
1,270.00,387,673.46,691.15,10.38
1,270.00,388,601.85,762.51,13.12
1,270.00,389,828.18,553.00,0.00
1,270.00,390,736.63,311.53,10.47
1,270.00,391,708.31,318.75,7.80
1,270.00,392,573.71,684.99,6.13
1,270.00,393,514.19,910.91,9.06
1,270.00,394,713.64,917.09,5.85
1,270.00,395,143.39,565.78,20.24
1,270.00,396,815.89,429.82,5.41
1,270.00,397,833.75,708.25,0.00
1,270.00,398,323.36,558.11,10.73
1,270.00,399,693.20,310.48,11.55
1,280.00,0,619.47,684.01,0.00
1,280.00,1,533.46,279.52,20.12
1,280.00,2,300.82,747.05,9.20
1,280.00,3,593.91,918.88,7.11
1,280.00,4,879.75,406.54,15.49
1,280.00,5,173.23,797.03,14.61
1,280.00,6,162.19,348.67,6.04
1,280.00,7,111.78,707.04,14.13
1,280.00,8,681.47,345.98,0.00
1,280.00,9,71.77,855.14,8.04
1,280.00,10,761.36,723.52,10.44
1,280.00,11,97.23,388.92,11.41
1,280.00,12,958.42,470.10,0.00
1,280.00,13,405.84,259.49,5.50
1,280.00,14,893.31,942.29,15.02
1,280.00,15,687.55,562.32,5.44
1,280.00,16,804.15,361.46,0.00
1,280.00,17,482.80,663.13,13.17
1,280.00,18,252.40,185.37,0.00
1,280.00,19,552.22,620.91,7.69
1,280.00,20,616.65,498.59,5.93
1,280.00,21,441.34,832.05,0.00
1,280.00,22,537.88,965.44,6.00
1,280.00,23,593.84,315.40,0.00
1,280.00,24,413.70,737.72,6.65
1,280.00,25,825.27,659.48,7.86
1,280.00,26,113.17,316.77,8.13
1,280.00,27,624.08,325.28,17.65
1,280.00,28,470.51,503.18,21.18
1,280.00,29,756.13,301.83,11.55
1,280.00,30,65.17,658.40,12.17
1,280.00,31,613.95,424.63,12.53
1,280.00,32,539.82,742.68,0.00
1,280.00,33,631.30,439.97,14.97
1,280.00,34,280.95,608.88,20.36
1,280.00,35,791.69,82.64,0.00
1,280.00,36,639.61,651.18,19.12
1,280.00,37,167.86,497.56,0.00
1,280.00,38,611.70,635.18,17.69
1,280.00,39,293.02,399.03,6.05
1,280.00,40,579.48,444.04,24.22
1,280.00,41,225.75,513.27,0.00
1,280.00,42,438.99,599.00,19.40
1,280.00,43,442.84,490.39,21.60
1,280.00,44,759.20,478.22,7.50
1,280.00,45,100.09,744.63,5.61
1,280.00,46,908.94,270.02,0.00
1,280.00,47,414.40,274.38,10.95
1,280.00,48,231.46,675.04,9.80
1,280.00,49,407.44,821.92,17.40
1,280.00,50,648.02,420.70,22.16
1,280.00,51,352.94,800.46,8.58
1,280.00,52,174.51,457.67,23.90
1,280.00,53,498.70,425.46,21.57
1,280.00,54,308.55,607.31,12.05
1,280.00,55,725.41,619.58,6.59
1,280.00,56,591.92,321.93,14.49
1,280.00,57,633.78,308.82,12.69
1,280.00,58,453.71,725.57,15.95
1,280.00,59,479.35,448.78,0.00
1,280.00,60,513.21,493.60,7.54
1,280.00,61,195.70,880.72,6.50
1,280.00,62,841.81,710.48,0.00
1,280.00,63,469.43,516.46,5.89
1,280.00,64,519.20,583.60,11.21
1,280.00,65,709.19,623.87,21.07
1,280.00,66,954.54,990.88,0.00
1,280.00,67,541.67,587.77,8.30
1,280.00,68,157.52,578.19,19.80
1,280.00,69,576.25,160.28,5.77
1,280.00,70,528.20,85.63,0.00
1,280.00,71,450.76,416.21,19.24
1,280.00,72,338.55,265.01,8.94
1,280.00,73,181.38,193.99,11.17
1,280.00,74,414.87,253.17,5.27
1,280.00,75,499.42,435.20,7.46
1,280.00,76,637.68,305.28,5.29
1,280.00,77,707.15,789.62,18.32
1,280.00,78,484.26,897.41,0.00
1,280.00,79,564.05,251.37,15.26
1,280.00,80,397.24,741.34,18.38
1,280.00,81,291.99,712.24,8.76
1,280.00,82,588.30,378.41,15.30
1,280.00,83,441.68,282.29,23.53
1,280.00,84,934.83,726.40,23.46
1,280.00,85,132.95,40.41,23.29
1,280.00,86,133.23,888.19,0.00
1,280.00,87,406.39,499.17,12.45
1,280.00,88,706.78,308.27,6.85
1,280.00,89,231.35,271.64,6.80
1,280.00,90,578.15,150.35,23.81
1,280.00,91,561.16,514.81,6.39
1,280.00,92,184.24,699.44,24.05
1,280.00,93,353.78,686.01,9.66
1,280.00,94,654.70,181.21,0.00
1,280.00,95,891.29,894.44,20.19
1,280.00,96,501.51,390.64,0.00
1,280.00,97,492.38,340.35,5.78
1,280.00,98,513.72,447.44,7.55
1,280.00,99,345.45,764.45,0.00
1,280.00,100,798.82,830.53,20.69
1,280.00,101,208.05,602.46,10.98
1,280.00,102,800.90,920.51,0.00
1,280.00,103,814.41,701.17,19.32
1,280.00,104,74.63,347.89,17.45
1,280.00,105,261.49,198.56,9.82
1,280.00,106,841.40,52.71,7.45
1,280.00,107,528.90,719.05,9.90
1,280.00,108,897.99,268.57,19.17
1,280.00,109,640.21,482.42,13.97
1,280.00,110,733.73,603.82,5.47
1,280.00,111,873.87,481.55,5.65
1,280.00,112,40.90,480.43,0.00
1,280.00,113,806.37,772.22,6.58
1,280.00,114,210.05,73.35,6.89
1,280.00,115,468.89,423.57,5.75
1,280.00,116,403.58,592.98,6.55
1,280.00,117,63.75,536.91,19.08
1,280.00,118,808.02,334.50,17.31
1,280.00,119,648.19,716.94,6.19
1,280.00,120,119.45,898.46,5.34
1,280.00,121,671.38,703.36,0.00
1,280.00,122,649.45,600.02,6.63
1,280.00,123,726.82,703.55,17.83
1,280.00,124,885.20,35.64,8.22
1,280.00,125,840.94,46.43,23.83
1,280.00,126,47.84,650.77,18.72
1,280.00,127,201.18,126.96,0.00
1,280.00,128,973.15,221.39,0.00
1,280.00,129,201.19,894.55,8.46
1,280.00,130,305.95,219.29,0.00
1,280.00,131,463.76,809.28,8.87
1,280.00,132,693.37,752.75,16.35
1,280.00,133,594.50,541.49,23.88
1,280.00,134,216.56,41.58,12.37
1,280.00,135,343.90,143.68,15.85
1,280.00,136,934.62,650.11,22.95
1,280.00,137,627.94,407.04,15.46
1,280.00,138,486.21,347.22,15.71
1,280.00,139,609.59,653.16,11.93
1,280.00,140,822.09,497.71,11.70
1,280.00,141,365.04,221.72,6.73
1,280.00,142,214.19,641.43,11.42
1,280.00,143,94.24,826.81,0.00
1,280.00,144,687.61,639.23,14.27
1,280.00,145,230.82,585.52,5.49
1,280.00,146,157.46,332.22,7.78
1,280.00,147,572.55,667.63,9.75
1,280.00,148,482.76,686.10,16.41
1,280.00,149,324.37,680.29,14.13
1,280.00,150,635.65,473.43,5.11
1,280.00,151,902.14,555.20,0.00
1,280.00,152,385.85,725.03,18.93
1,280.00,153,449.15,508.91,0.00
1,280.00,154,918.24,718.53,5.21
1,280.00,155,146.79,363.80,22.99
1,280.00,156,685.21,288.18,5.32
1,280.00,157,468.43,117.69,6.14
1,280.00,158,904.77,80.01,0.00
1,280.00,159,673.79,484.09,20.09
1,280.00,160,313.23,699.86,0.00
1,280.00,161,217.93,760.52,0.00
1,280.00,162,803.81,210.75,15.96
1,280.00,163,332.43,675.30,11.73
1,280.00,164,585.13,847.26,15.13
1,280.00,165,577.88,781.56,14.02
1,280.00,166,896.45,288.89,10.94
1,280.00,167,626.10,174.43,22.81
1,280.00,168,314.29,471.38,7.31
1,280.00,169,412.97,182.42,6.93
1,280.00,170,670.14,74.31,5.17
1,280.00,171,949.42,884.86,6.48
1,280.00,172,905.92,253.17,15.73
1,280.00,173,337.16,327.68,14.41
1,280.00,174,460.99,468.40,5.69
1,280.00,175,105.89,67.76,0.00
1,280.00,176,618.00,451.33,20.73
1,280.00,177,700.19,586.68,17.72
1,280.00,178,652.32,920.57,0.00
1,280.00,179,419.34,478.25,22.19
1,280.00,180,393.86,866.79,13.55
1,280.00,181,642.01,650.34,11.41
1,280.00,182,584.64,360.01,6.79
1,280.00,183,720.00,290.21,9.52
1,280.00,184,326.91,743.19,22.50
1,280.00,185,526.06,507.87,15.02
1,280.00,186,212.24,530.48,6.33
1,280.00,187,866.81,378.02,0.00
1,280.00,188,271.38,157.82,10.79
1,280.00,189,753.49,313.30,15.37
1,280.00,190,972.79,238.26,0.00
1,280.00,191,599.16,311.66,24.97
1,280.00,192,712.03,195.41,6.21
1,280.00,193,482.84,475.66,6.75
1,280.00,194,311.78,450.80,14.25
1,280.00,195,491.17,76.79,0.00
1,280.00,196,679.17,372.81,9.00
1,280.00,197,410.00,609.88,5.91
1,280.00,198,703.20,49.44,0.00
1,280.00,199,228.82,128.15,0.00
1,280.00,200,671.08,841.06,20.93
1,280.00,201,515.90,802.66,0.00
1,280.00,202,376.65,697.12,12.84
1,280.00,203,766.22,258.02,23.06
1,280.00,204,243.58,549.39,21.80
1,280.00,205,361.24,212.19,6.85
1,280.00,206,327.85,932.44,13.69
1,280.00,207,746.70,665.26,13.76
1,280.00,208,280.12,317.39,5.93
1,280.00,209,437.32,570.46,8.08
1,280.00,210,165.71,612.66,0.00
1,280.00,211,742.29,76.00,0.00
1,280.00,212,138.78,583.53,14.25
1,280.00,213,243.78,881.82,10.00
1,280.00,214,276.92,382.17,0.00
1,280.00,215,333.92,398.60,8.86
1,280.00,216,53.22,244.42,5.05
1,280.00,217,613.95,558.20,12.42
1,280.00,218,459.34,652.84,16.19
1,280.00,219,710.57,549.11,13.05
1,280.00,220,180.16,617.05,5.92
1,280.00,221,180.28,127.49,7.12
1,280.00,222,569.51,574.35,20.89
1,280.00,223,155.14,857.02,0.00
1,280.00,224,568.32,686.26,0.00
1,280.00,225,602.62,596.16,7.10
1,280.00,226,396.23,872.32,6.20
1,280.00,227,580.30,302.96,8.36
1,280.00,228,896.82,888.70,6.60
1,280.00,229,420.54,29.33,20.27
1,280.00,230,564.16,486.66,9.75
1,280.00,231,912.34,870.58,0.00
1,280.00,232,518.39,451.90,10.39
1,280.00,233,759.12,739.34,0.00
1,280.00,234,139.45,378.33,7.19
1,280.00,235,712.25,823.60,9.60
1,280.00,236,225.51,763.24,5.06
1,280.00,237,791.22,73.71,20.39
1,280.00,238,181.88,719.07,14.72
1,280.00,239,830.34,206.98,17.49
1,280.00,240,725.29,764.00,8.52
1,280.00,241,772.29,332.56,7.62
1,280.00,242,252.75,46.04,23.12
1,280.00,243,268.99,452.50,21.87
1,280.00,244,644.14,205.96,7.78
1,280.00,245,516.89,654.16,24.72
1,280.00,246,683.03,650.99,0.00
1,280.00,247,755.40,552.81,22.64
1,280.00,248,988.59,992.94,0.00
1,280.00,249,328.44,632.96,9.80
1,280.00,250,719.91,564.02,5.06
1,280.00,251,563.48,801.25,5.73
1,280.00,252,75.08,316.48,0.00
1,280.00,253,616.13,789.42,14.67
1,280.00,254,279.54,532.92,14.57
1,280.00,255,953.09,369.66,0.00
1,280.00,256,702.85,138.86,10.82
1,280.00,257,234.88,54.88,7.58
1,280.00,258,553.01,744.17,7.18
1,280.00,259,506.08,876.75,10.05
1,280.00,260,915.85,104.11,7.17
1,280.00,261,491.82,725.93,11.01
1,280.00,262,553.58,607.26,8.05
1,280.00,263,482.68,761.78,8.57
1,280.00,264,806.07,861.57,0.00
1,280.00,265,668.25,736.72,16.22
1,280.00,266,386.19,660.70,19.11
1,280.00,267,324.70,467.74,5.39
1,280.00,268,652.40,414.70,23.73
1,280.00,269,541.23,401.88,13.44
1,280.00,270,29.65,620.61,0.00
1,280.00,271,481.39,437.45,9.87
1,280.00,272,911.11,707.37,12.02
1,280.00,273,274.81,105.15,5.15
1,280.00,274,729.68,756.50,0.00
1,280.00,275,489.06,699.96,0.00
1,280.00,276,536.84,911.10,0.00
1,280.00,277,669.00,322.69,22.13
1,280.00,278,530.57,766.64,0.00
1,280.00,279,100.59,632.02,6.49
1,280.00,280,740.57,787.83,5.99
1,280.00,281,161.52,392.36,22.98
1,280.00,282,224.48,284.00,8.68
1,280.00,283,771.76,719.53,0.00
1,280.00,284,664.52,756.15,7.14
1,280.00,285,618.58,73.92,14.48
1,280.00,286,773.04,440.35,11.02
1,280.00,287,660.63,319.50,11.22
1,280.00,288,538.75,714.28,18.73
1,280.00,289,263.73,338.69,0.00
1,280.00,290,237.71,658.61,13.84
1,280.00,291,245.52,848.83,5.22
1,280.00,292,393.77,690.73,5.96
1,280.00,293,431.14,373.56,7.12
1,280.00,294,776.27,220.77,5.04
1,280.00,295,491.47,271.31,7.16
1,280.00,296,741.35,423.86,17.56
1,280.00,297,488.35,250.57,10.44
1,280.00,298,985.53,472.05,5.27
1,280.00,299,335.93,363.92,8.72
1,280.00,300,894.42,918.34,8.76
1,280.00,301,156.05,588.53,0.00
1,280.00,302,807.23,473.16,7.55
1,280.00,303,462.96,67.95,0.00
1,280.00,304,226.44,528.90,0.00
1,280.00,305,409.98,879.68,0.00
1,280.00,306,488.58,460.33,23.87
1,280.00,307,403.50,92.29,8.82
1,280.00,308,532.49,653.19,8.65
1,280.00,309,387.46,638.93,9.91
1,280.00,310,250.05,198.30,5.64
1,280.00,311,492.59,485.33,0.00
1,280.00,312,337.67,178.01,22.06
1,280.00,313,404.88,646.52,24.75
1,280.00,314,603.77,294.15,12.55
1,280.00,315,192.43,235.82,5.82
1,280.00,316,689.71,312.85,10.81
1,280.00,317,564.29,385.68,5.46
1,280.00,318,267.94,184.67,6.80
1,280.00,319,827.53,132.82,22.09
1,280.00,320,731.29,973.76,6.29
1,280.00,321,284.93,291.74,23.07
1,280.00,322,614.99,726.80,15.92
1,280.00,323,599.22,296.96,7.90
1,280.00,324,354.18,903.40,0.00
1,280.00,325,271.96,433.55,18.12
1,280.00,326,184.93,726.18,7.01
1,280.00,327,942.03,292.61,13.16
1,280.00,328,728.83,804.49,23.12
1,280.00,329,120.78,740.66,14.32
1,280.00,330,655.61,531.42,10.03
1,280.00,331,92.93,543.12,11.82
1,280.00,332,566.54,325.98,8.29
1,280.00,333,389.88,32.37,24.42
1,280.00,334,437.36,998.20,0.00
1,280.00,335,351.38,898.46,6.96
1,280.00,336,247.80,373.86,13.79
1,280.00,337,423.59,588.01,6.30
1,280.00,338,495.37,114.42,0.00
1,280.00,339,359.30,581.29,12.10
1,280.00,340,574.26,412.84,15.80
1,280.00,341,426.69,249.90,11.47
1,280.00,342,149.74,133.88,0.00
1,280.00,343,562.17,607.64,14.28
1,280.00,344,581.88,390.08,7.59
1,280.00,345,843.21,403.50,21.94
1,280.00,346,730.32,381.98,18.71
1,280.00,347,767.14,15.36,14.16
1,280.00,348,352.84,616.69,14.39
1,280.00,349,311.71,337.26,11.72
1,280.00,350,395.34,162.27,0.00
1,280.00,351,236.59,728.68,0.00
1,280.00,352,553.70,579.29,22.92
1,280.00,353,326.43,679.80,22.02
1,280.00,354,742.19,401.48,6.18
1,280.00,355,430.02,902.55,14.78
1,280.00,356,348.56,556.68,9.33
1,280.00,357,719.54,501.99,11.44
1,280.00,358,911.40,472.22,7.92
1,280.00,359,226.71,849.93,10.41
1,280.00,360,735.87,326.24,0.00
1,280.00,361,327.08,526.68,24.44
1,280.00,362,564.32,805.00,13.94
1,280.00,363,391.74,500.62,23.27
1,280.00,364,698.89,447.26,5.87
1,280.00,365,624.60,516.81,0.00
1,280.00,366,745.40,202.13,0.00
1,280.00,367,615.36,157.43,21.87
1,280.00,368,663.11,270.18,17.64
1,280.00,369,115.50,704.76,0.00
1,280.00,370,232.92,985.50,9.78
1,280.00,371,355.84,464.04,14.31
1,280.00,372,836.32,447.67,16.33
1,280.00,373,728.95,686.75,24.01
1,280.00,374,309.77,437.84,0.00
1,280.00,375,429.45,381.97,18.40
1,280.00,376,8.74,215.33,0.00
1,280.00,377,157.53,489.19,0.00
1,280.00,378,608.13,391.03,0.00
1,280.00,379,825.56,681.91,10.60
1,280.00,380,761.51,528.62,0.00
1,280.00,381,614.97,403.83,22.69
1,280.00,382,959.27,349.19,0.00
1,280.00,383,161.99,774.96,13.67
1,280.00,384,232.60,661.72,10.54
1,280.00,385,711.91,446.58,9.09
1,280.00,386,917.78,802.03,6.32
1,280.00,387,675.54,739.56,0.00
1,280.00,388,726.33,803.96,13.12
1,280.00,389,771.41,484.45,9.31
1,280.00,390,764.02,285.44,0.00
1,280.00,391,636.51,349.35,7.80
1,280.00,392,628.15,713.17,6.13
1,280.00,393,604.72,906.34,9.06
1,280.00,394,710.24,858.72,5.85
1,280.00,395,137.48,363.50,20.24
1,280.00,396,855.11,467.03,5.41
1,280.00,397,833.64,654.84,10.48
1,280.00,398,226.37,604.11,10.73
1,280.00,399,700.79,302.40,0.00
1,290.00,0,505.89,506.20,24.30
1,290.00,1,471.99,276.50,0.00
1,290.00,2,352.76,671.14,9.20
1,290.00,3,544.25,867.95,7.11
1,290.00,4,985.79,455.71,0.00
1,290.00,5,294.67,715.86,14.61
1,290.00,6,102.48,357.52,6.04
1,290.00,7,97.15,706.29,0.00
1,290.00,8,677.78,351.06,12.11
1,290.00,9,140.93,814.04,8.04
1,290.00,10,731.99,823.72,0.00
1,290.00,11,103.53,274.95,11.41
1,290.00,12,903.77,485.79,14.22
1,290.00,13,433.85,212.21,5.50
1,290.00,14,899.88,792.21,15.02
1,290.00,15,691.35,610.44,0.00
1,290.00,16,645.75,414.83,21.70
1,290.00,17,454.78,534.44,13.17
1,290.00,18,266.64,204.14,9.36
1,290.00,19,603.98,564.05,7.69
1,290.00,20,583.63,547.79,5.93
1,290.00,21,500.87,861.03,24.74
1,290.00,22,478.47,965.81,0.00
1,290.00,23,404.12,237.92,22.85
1,290.00,24,362.44,780.16,6.65
1,290.00,25,887.66,707.31,7.86
1,290.00,26,97.87,396.62,8.13
1,290.00,27,718.59,176.26,17.65
1,290.00,28,444.83,713.41,21.18
1,290.00,29,772.05,416.23,11.55
1,290.00,30,162.97,585.95,12.17
1,290.00,31,527.66,515.43,12.53
1,290.00,32,605.92,742.83,20.31
1,290.00,33,720.51,319.81,14.97
1,290.00,34,77.44,615.68,20.36
1,290.00,35,803.49,171.31,9.52
1,290.00,36,570.84,472.76,19.12
1,290.00,37,109.45,455.26,8.37
1,290.00,38,435.53,619.07,17.69
1,290.00,39,243.34,433.62,6.05
1,290.00,40,491.26,541.91,0.00
1,290.00,41,289.95,509.41,18.33
1,290.00,42,586.88,473.37,19.40
1,290.00,43,394.51,279.83,21.60
1,290.00,44,799.87,541.20,7.50
1,290.00,45,155.74,751.35,5.61
1,290.00,46,911.76,287.87,15.10
1,290.00,47,351.68,184.63,10.95
1,290.00,48,214.09,578.60,9.80
1,290.00,49,511.57,682.51,17.40
1,290.00,50,696.67,497.84,0.00
1,290.00,51,438.55,794.43,8.58
1,290.00,52,106.92,482.14,0.00
1,290.00,53,595.79,618.06,21.57
1,290.00,54,429.07,609.06,12.05
1,290.00,55,764.96,672.29,6.59
1,290.00,56,458.90,264.38,14.49
1,290.00,57,573.22,420.39,12.69
1,290.00,58,334.78,619.22,15.95
1,290.00,59,466.72,490.59,19.83
1,290.00,60,560.83,435.18,7.54
1,290.00,61,232.08,826.85,6.50
1,290.00,62,833.70,713.77,7.50
1,290.00,63,411.55,505.75,5.89
1,290.00,64,510.17,471.91,11.21
1,290.00,65,659.54,828.65,21.07
1,290.00,66,876.90,815.71,23.04
1,290.00,67,567.92,509.03,8.30
1,290.00,68,25.44,452.07,0.00
1,290.00,69,519.31,151.12,5.77
1,290.00,70,503.43,163.43,18.95
1,290.00,71,452.68,438.86,0.00
1,290.00,72,426.69,280.03,8.94
1,290.00,73,180.99,193.42,0.00
1,290.00,74,420.73,305.51,5.27
1,290.00,75,431.48,466.02,7.46
1,290.00,76,607.92,261.49,5.29
1,290.00,77,769.34,748.37,0.00
1,290.00,78,482.10,822.34,14.29
1,290.00,79,486.65,123.60,0.00
1,290.00,80,341.49,601.67,0.00
1,290.00,81,249.61,759.63,0.00
1,290.00,82,472.85,478.80,15.30
1,290.00,83,244.45,153.95,23.53
1,290.00,84,994.37,652.75,0.00
1,290.00,85,238.62,58.73,0.00
1,290.00,86,155.45,869.11,18.99
1,290.00,87,502.32,578.55,12.45
1,290.00,88,642.05,330.57,6.85
1,290.00,89,197.44,219.98,0.00
1,290.00,90,603.86,387.05,23.81
1,290.00,91,606.43,469.76,6.39
1,290.00,92,151.83,937.75,24.05
1,290.00,93,355.30,688.63,0.00
1,290.00,94,601.59,337.47,22.35
1,290.00,95,967.46,917.81,0.00
1,290.00,96,461.76,421.51,8.46
1,290.00,97,549.50,349.06,5.78
1,290.00,98,472.83,510.94,7.55
1,290.00,99,433.41,794.55,12.94
1,290.00,100,593.40,805.61,20.69
1,290.00,101,122.58,533.57,10.98
1,290.00,102,818.63,893.13,20.45
1,290.00,103,627.16,748.77,19.32
1,290.00,104,78.71,522.34,17.45
1,290.00,105,223.03,186.01,0.00
1,290.00,106,913.84,35.17,7.45
1,290.00,107,624.01,691.55,9.90
1,290.00,108,982.36,186.35,0.00
1,290.00,109,504.98,447.31,13.97
1,290.00,110,682.19,585.58,5.47
1,290.00,111,891.58,427.87,5.65
1,290.00,112,90.23,516.67,8.99
1,290.00,113,775.50,830.38,6.58
1,290.00,114,200.74,73.68,0.00
1,290.00,115,425.38,386.03,5.75
1,290.00,116,402.60,609.31,0.00
1,290.00,117,35.51,348.17,19.08
1,290.00,118,762.19,177.21,0.00
1,290.00,119,659.46,777.84,6.19
1,290.00,120,157.81,861.31,5.34
1,290.00,121,577.84,618.10,15.00
1,290.00,122,589.11,572.58,6.63
1,290.00,123,649.51,864.25,17.83
1,290.00,124,804.24,49.54,8.22
1,290.00,125,848.77,14.28,0.00
1,290.00,126,141.86,488.85,18.72
1,290.00,127,230.37,132.89,13.17
1,290.00,128,914.37,331.67,23.79
1,290.00,129,171.76,942.12,0.00
1,290.00,130,360.94,208.40,17.91
1,290.00,131,389.78,858.26,8.87
1,290.00,132,531.10,732.41,16.35
1,290.00,133,536.96,717.46,0.00
1,290.00,134,207.68,41.74,0.00
1,290.00,135,188.09,114.60,15.85
1,290.00,136,962.32,872.17,0.00
1,290.00,137,772.19,462.52,15.46
1,290.00,138,514.42,501.76,15.71
1,290.00,139,526.51,567.55,11.93
1,290.00,140,724.50,562.29,11.70
1,290.00,141,314.68,177.00,6.73
1,290.00,142,160.89,540.48,11.42
1,290.00,143,111.35,818.13,17.04
1,290.00,144,747.01,680.11,0.00
1,290.00,145,187.11,618.74,5.49
1,290.00,146,162.01,254.56,7.78
1,290.00,147,513.12,744.94,9.75
1,290.00,148,429.23,622.61,0.00
1,290.00,149,455.80,732.07,14.13
1,290.00,150,597.29,439.65,5.11
1,290.00,151,912.31,510.59,6.01
1,290.00,152,531.62,682.50,0.00
1,290.00,153,394.21,560.54,9.36
1,290.00,154,866.53,712.20,5.21
1,290.00,155,53.35,391.34,0.00
1,290.00,156,706.20,337.03,5.32
1,290.00,157,528.98,107.46,6.14
1,290.00,158,876.43,102.67,12.11
1,290.00,159,500.26,382.86,20.09
1,290.00,160,399.07,703.49,18.51
1,290.00,161,234.52,718.17,10.32
1,290.00,162,729.09,351.75,15.96
1,290.00,163,230.55,733.52,11.73
1,290.00,164,505.51,718.59,15.13
1,290.00,165,634.78,653.42,14.02
1,290.00,166,871.78,395.52,10.94
1,290.00,167,414.54,259.60,22.81
1,290.00,168,279.14,407.29,7.31
1,290.00,169,365.65,131.76,6.93
1,290.00,170,647.21,58.44,0.00
1,290.00,171,937.72,821.13,6.48
1,290.00,172,937.08,241.14,0.00
1,290.00,173,316.77,185.06,14.41
1,290.00,174,492.90,421.29,5.69
1,290.00,175,230.70,190.82,22.67
1,290.00,176,449.66,572.22,20.73
1,290.00,177,533.60,526.18,17.72
1,290.00,178,624.08,894.64,11.79
1,290.00,179,639.05,509.03,22.19
1,290.00,180,261.47,895.47,13.55
1,290.00,181,530.47,674.25,11.41
1,290.00,182,614.93,299.25,6.79
1,290.00,183,815.03,284.27,9.52
1,290.00,184,169.56,691.00,0.00
1,290.00,185,427.88,621.56,15.02
1,290.00,186,155.02,557.51,6.33
1,290.00,187,808.58,344.09,7.00
1,290.00,188,369.20,203.25,10.79
1,290.00,189,782.48,295.55,0.00
1,290.00,190,914.56,159.14,22.87
1,290.00,191,596.68,300.41,0.00
1,290.00,192,741.67,140.87,6.21
1,290.00,193,474.18,408.77,6.75
1,290.00,194,340.79,479.44,0.00
1,290.00,195,490.67,100.78,9.49
1,290.00,196,748.46,430.25,9.00
1,290.00,197,434.95,663.51,5.91
1,290.00,198,665.87,76.49,8.53
1,290.00,199,286.56,176.83,18.75
1,290.00,200,820.67,694.70,20.93
1,290.00,201,481.94,731.65,14.76
1,290.00,202,472.81,612.02,12.84
1,290.00,203,929.54,328.39,0.00
1,290.00,204,247.24,464.87,0.00
1,290.00,205,308.08,169.05,6.85
1,290.00,206,438.56,851.86,13.69
1,290.00,207,714.06,531.62,13.76
1,290.00,208,224.05,336.63,5.93
1,290.00,209,472.04,497.56,8.08
1,290.00,210,308.66,635.15,20.03
1,290.00,211,782.80,220.05,15.18
1,290.00,212,117.47,724.38,14.25
1,290.00,213,302.95,801.16,10.00
1,290.00,214,363.38,370.95,23.75
1,290.00,215,324.24,310.54,8.86
1,290.00,216,42.16,195.16,5.05
1,290.00,217,659.62,673.65,12.42
1,290.00,218,560.57,779.25,16.19
1,290.00,219,580.33,541.28,13.05
1,290.00,220,198.26,560.73,5.92
1,290.00,221,134.79,72.78,7.12
1,290.00,222,426.70,421.93,20.89
1,290.00,223,258.04,816.11,11.78
1,290.00,224,552.36,663.80,18.47
1,290.00,225,563.39,537.03,7.10
1,290.00,226,445.28,834.37,6.20
1,290.00,227,663.86,299.55,8.36
1,290.00,228,900.49,889.93,0.00
1,290.00,229,401.69,3.00,0.00
1,290.00,230,628.79,413.70,9.75
1,290.00,231,909.14,869.96,8.59
1,290.00,232,442.23,381.28,10.39
1,290.00,233,716.78,708.45,12.35
1,290.00,234,136.81,450.14,7.19
1,290.00,235,635.50,765.89,9.60
1,290.00,236,242.89,810.76,5.06
1,290.00,237,924.80,20.25,0.00
1,290.00,238,65.09,629.50,14.72
1,290.00,239,665.08,264.14,17.49
1,290.00,240,654.57,716.41,8.52
1,290.00,241,804.10,263.30,7.62
1,290.00,242,423.22,202.25,23.12
1,290.00,243,96.83,317.57,21.87
1,290.00,244,641.76,128.23,7.78
1,290.00,245,609.14,424.83,24.72
1,290.00,246,663.56,587.18,22.56
1,290.00,247,746.12,326.61,22.64
1,290.00,248,986.44,989.87,10.00
1,290.00,249,382.11,551.01,9.80
1,290.00,250,683.79,528.55,5.06
1,290.00,251,535.63,851.35,5.73
1,290.00,252,102.05,427.76,13.08
1,290.00,253,738.47,870.40,14.67
1,290.00,254,262.28,557.76,0.00
1,290.00,255,904.49,456.06,21.59
1,290.00,256,794.02,197.22,10.82
1,290.00,257,310.67,55.02,7.58
1,290.00,258,481.93,733.95,7.18
1,290.00,259,577.46,947.50,10.05
1,290.00,260,953.35,68.22,0.00
1,290.00,261,598.88,700.42,11.01
1,290.00,262,576.22,530.05,8.05
1,290.00,263,565.50,739.63,8.57
1,290.00,264,733.16,780.89,21.68
1,290.00,265,577.28,602.48,16.22
1,290.00,266,234.97,543.81,19.11
1,290.00,267,323.62,521.62,5.39
1,290.00,268,655.44,416.65,0.00
1,290.00,269,449.48,500.08,13.44
1,290.00,270,32.54,622.32,20.10
1,290.00,271,538.24,518.17,9.87
1,290.00,272,958.23,736.30,0.00
1,290.00,273,223.89,113.17,5.15
1,290.00,274,705.18,724.58,22.36
1,290.00,275,405.23,636.21,19.07
1,290.00,276,523.36,890.52,17.20
1,290.00,277,793.04,139.47,22.13
1,290.00,278,527.19,760.51,10.38
1,290.00,279,158.05,601.97,6.49
1,290.00,280,724.99,845.69,5.99
1,290.00,281,238.61,608.85,22.98
1,290.00,282,259.24,363.56,8.68
1,290.00,283,671.92,593.00,18.12
1,290.00,284,735.79,752.11,7.14
1,290.00,285,488.44,137.39,14.48
1,290.00,286,728.93,541.32,11.02
1,290.00,287,566.16,380.01,11.22
1,290.00,288,448.71,840.63,0.00
1,290.00,289,285.11,363.33,10.62
1,290.00,290,131.38,570.03,13.84
1,290.00,291,238.91,797.03,5.22
1,290.00,292,397.25,631.21,5.96
1,290.00,293,387.72,320.77,0.00
1,290.00,294,739.93,185.89,5.04
1,290.00,295,443.54,218.14,7.16
1,290.00,296,566.38,438.94,17.56
1,290.00,297,587.32,217.21,10.44
1,290.00,298,985.90,524.73,5.27
1,290.00,299,413.67,403.53,8.72
1,290.00,300,917.69,933.57,0.00
1,290.00,301,226.22,538.16,10.78
1,290.00,302,782.08,402.01,7.55
1,290.00,303,483.06,119.73,6.70
1,290.00,304,238.90,537.96,7.59
1,290.00,305,390.76,819.35,13.43
1,290.00,306,467.08,222.59,23.87
1,290.00,307,463.09,27.20,8.82
1,290.00,308,561.52,653.45,0.00
1,290.00,309,346.04,728.99,9.91
1,290.00,310,194.21,190.70,5.64
1,290.00,311,570.56,566.10,17.09
1,290.00,312,329.04,141.66,0.00
1,290.00,313,428.87,400.16,24.75
1,290.00,314,658.81,264.19,0.00
1,290.00,315,239.95,269.43,5.82
1,290.00,316,655.79,415.47,10.81
1,290.00,317,609.69,355.28,5.46
1,290.00,318,222.66,160.52,0.00
1,290.00,319,843.10,109.21,0.00
1,290.00,320,668.57,978.31,6.29
1,290.00,321,77.04,191.79,23.07
1,290.00,322,578.47,571.82,15.92
1,290.00,323,586.58,374.96,7.90
1,290.00,324,345.52,862.71,21.58
1,290.00,325,306.13,255.61,18.12
1,290.00,326,218.43,664.58,7.01
1,290.00,327,937.52,424.15,13.16
1,290.00,328,955.93,805.61,0.00
1,290.00,329,51.79,769.26,0.00
1,290.00,330,708.52,616.63,10.03
1,290.00,331,206.59,510.63,11.82
1,290.00,332,550.83,407.37,8.29
1,290.00,333,145.84,41.35,24.42
1,290.00,334,407.68,951.66,17.36
1,290.00,335,287.77,926.69,6.96
1,290.00,336,211.22,307.87,0.00
1,290.00,337,368.79,619.14,6.30
1,290.00,338,475.91,189.13,8.25
1,290.00,339,468.57,529.23,12.10
1,290.00,340,612.33,259.53,15.80
1,290.00,341,316.36,281.33,11.47
1,290.00,342,192.09,209.03,20.44
1,290.00,343,449.52,519.91,14.28
1,290.00,344,582.82,466.00,7.59
1,290.00,345,792.22,190.10,21.94
1,290.00,346,687.17,199.89,18.71
1,290.00,347,625.54,15.19,14.16
1,290.00,348,316.76,529.72,0.00
1,290.00,349,416.52,389.78,11.72
1,290.00,350,507.55,254.80,15.15
1,290.00,351,256.67,630.58,15.68
1,290.00,352,683.59,498.07,0.00
1,290.00,353,434.33,487.87,22.02
1,290.00,354,680.44,398.69,6.18
1,290.00,355,286.48,937.61,14.78
1,290.00,356,316.19,469.15,9.33
1,290.00,357,690.42,391.38,11.44
1,290.00,358,908.19,420.90,0.00
1,290.00,359,330.60,843.73,10.41
1,290.00,360,734.12,326.91,9.46
1,290.00,361,414.01,298.27,24.44
1,290.00,362,467.17,705.00,13.94
1,290.00,363,553.72,667.72,23.27
1,290.00,364,696.81,505.88,5.87
1,290.00,365,572.01,515.19,12.71
1,290.00,366,668.84,166.68,18.51
1,290.00,367,614.56,137.50,0.00
1,290.00,368,718.36,234.18,0.00
1,290.00,369,226.79,618.12,24.15
1,290.00,370,135.16,986.13,9.78
1,290.00,371,443.96,354.68,0.00
1,290.00,372,949.84,523.30,0.00
1,290.00,373,794.17,875.41,0.00
1,290.00,374,163.20,464.32,0.00
1,290.00,375,274.13,480.57,18.40
1,290.00,376,19.60,215.78,10.06
1,290.00,377,192.86,490.60,19.87
1,290.00,378,608.21,398.26,6.38
1,290.00,379,898.40,703.99,0.00
1,290.00,380,687.64,476.16,19.53
1,290.00,381,521.28,610.52,22.69
1,290.00,382,910.54,159.17,21.90
1,290.00,383,294.87,743.02,13.67
1,290.00,384,134.89,622.15,10.54
1,290.00,385,698.58,536.53,9.09
1,290.00,386,941.68,860.55,6.32
1,290.00,387,690.32,637.08,19.42
1,290.00,388,850.82,845.42,13.12
1,290.00,389,712.03,412.74,9.31
1,290.00,390,631.84,241.82,21.79
1,290.00,391,564.70,379.94,7.80
1,290.00,392,682.58,741.35,6.13
1,290.00,393,695.25,901.77,9.06
1,290.00,394,706.85,800.34,5.85
1,290.00,395,131.58,161.22,20.24
1,290.00,396,894.34,504.23,5.41
1,290.00,397,833.44,550.08,10.48
1,290.00,398,129.38,650.11,10.73
1,290.00,399,635.72,346.73,8.71
1,300.00,0,375.09,301.44,24.30
1,300.00,1,366.54,393.52,22.69
1,300.00,2,404.70,595.23,9.20
1,300.00,3,494.59,817.02,7.11
1,300.00,4,940.28,483.70,21.76
1,300.00,5,416.10,634.68,14.61
1,300.00,6,42.77,366.37,6.04
1,300.00,7,268.27,686.01,19.23
1,300.00,8,606.66,449.07,12.11
1,300.00,9,210.09,772.95,8.04
1,300.00,10,731.98,823.72,9.61
1,300.00,11,104.99,248.57,0.00
1,300.00,12,767.05,525.03,14.22
1,300.00,13,461.85,164.93,5.50
1,300.00,14,906.45,642.14,15.02
1,300.00,15,693.83,592.71,15.90
1,300.00,16,440.10,484.11,21.70
1,300.00,17,426.76,405.74,13.17
1,300.00,18,323.20,278.74,9.36
1,300.00,19,655.75,507.19,7.69
1,300.00,20,550.60,596.98,5.93
1,300.00,21,723.28,969.30,24.74
1,300.00,22,479.55,964.06,19.86
1,300.00,23,192.58,151.53,22.85
1,300.00,24,311.18,822.60,6.65
1,300.00,25,896.85,714.35,0.00
1,300.00,26,82.56,476.47,8.13
1,300.00,27,813.09,27.23,17.65
1,300.00,28,433.17,808.96,0.00
1,300.00,29,787.97,530.64,11.55
1,300.00,30,260.77,513.50,12.17
1,300.00,31,485.35,559.95,0.00
1,300.00,32,809.02,743.30,20.31
1,300.00,33,809.73,199.66,14.97
1,300.00,34,12.62,617.84,0.00
1,300.00,35,816.06,265.71,9.52
1,300.00,36,502.06,294.34,19.12
1,300.00,37,41.68,406.19,8.37
1,300.00,38,259.37,602.96,17.69
1,300.00,39,193.66,468.21,6.05
1,300.00,40,404.59,610.79,24.28
1,300.00,41,472.96,498.42,18.33
1,300.00,42,734.77,347.73,19.40
1,300.00,43,376.93,203.20,0.00
1,300.00,44,840.54,604.18,7.50
1,300.00,45,211.40,758.07,5.61
1,300.00,46,935.27,437.03,15.10
1,300.00,47,301.88,113.36,0.00
1,300.00,48,196.72,482.16,9.80
1,300.00,49,615.71,543.09,17.40
1,300.00,50,712.25,381.71,19.92
1,300.00,51,514.49,789.08,0.00
1,300.00,52,9.47,505.03,0.00
1,300.00,53,667.47,760.25,0.00
1,300.00,54,549.60,610.81,12.05
1,300.00,55,804.51,725.00,6.59
1,300.00,56,360.30,221.72,0.00
1,300.00,57,512.66,531.96,12.69
1,300.00,58,242.00,536.25,0.00
1,300.00,59,409.34,680.44,19.83
1,300.00,60,608.45,376.76,7.54
1,300.00,61,268.45,772.98,6.50
1,300.00,62,764.21,742.01,7.50
1,300.00,63,353.67,495.04,5.89
1,300.00,64,501.14,360.22,11.21
1,300.00,65,638.74,914.45,0.00
1,300.00,66,807.83,659.88,0.00
1,300.00,67,594.18,430.29,8.30
1,300.00,68,33.05,456.67,11.43
1,300.00,69,462.38,141.96,5.77
1,300.00,70,445.93,344.01,18.95
1,300.00,71,507.98,494.01,8.86
1,300.00,72,514.84,295.04,8.94
1,300.00,73,278.84,406.11,23.56
1,300.00,74,426.60,357.86,5.27
1,300.00,75,372.08,492.97,0.00
1,300.00,76,578.16,217.70,5.29
1,300.00,77,647.83,785.06,21.42
1,300.00,78,477.97,679.48,14.29
1,300.00,79,488.66,123.59,9.41
1,300.00,80,353.80,566.16,20.65
1,300.00,81,237.63,744.86,6.92
1,300.00,82,357.40,579.18,15.30
1,300.00,83,176.10,109.48,0.00
1,300.00,84,900.25,623.25,16.54
1,300.00,85,195.91,53.69,7.97
1,300.00,86,299.49,745.41,18.99
1,300.00,87,598.26,657.92,12.45
1,300.00,88,603.24,343.93,0.00
1,300.00,89,188.93,199.26,24.60
1,300.00,90,629.57,623.75,23.81
1,300.00,91,651.71,424.71,6.39
1,300.00,92,147.22,971.62,0.00
1,300.00,93,443.70,773.16,12.63
1,300.00,94,529.66,549.13,22.35
1,300.00,95,955.25,868.59,8.38
1,300.00,96,394.96,473.40,8.46
1,300.00,97,606.63,357.77,5.78
1,300.00,98,431.94,574.44,7.55
1,300.00,99,555.86,836.46,12.94
1,300.00,100,387.98,780.69,20.69
1,300.00,101,110.03,523.46,0.00
1,300.00,102,921.80,733.83,0.00
1,300.00,103,439.90,796.37,19.32
1,300.00,104,82.79,696.79,17.45
1,300.00,105,286.06,297.94,21.84
1,300.00,106,981.94,18.68,0.00
1,300.00,107,719.13,664.04,9.90
1,300.00,108,966.01,269.75,22.04
1,300.00,109,369.75,412.21,13.97
1,300.00,110,630.65,567.34,5.47
1,300.00,111,909.30,374.20,5.65
1,300.00,112,162.70,569.91,8.99
1,300.00,113,750.75,877.02,0.00
1,300.00,114,286.82,84.86,10.04
1,300.00,115,381.88,348.50,5.75
1,300.00,116,430.76,549.02,8.87
1,300.00,117,18.10,231.74,0.00
1,300.00,118,756.89,179.40,10.69
1,300.00,119,670.74,838.74,6.19
1,300.00,120,196.16,824.16,5.34
1,300.00,121,466.98,517.08,15.00
1,300.00,122,528.77,545.14,6.63
1,300.00,123,614.89,936.21,0.00
1,300.00,124,723.27,63.44,8.22
1,300.00,125,841.08,111.14,11.28
1,300.00,126,235.88,326.94,18.72
1,300.00,127,359.40,159.07,13.17
1,300.00,128,872.00,411.16,0.00
1,300.00,129,134.86,961.86,0.00
1,300.00,130,536.67,173.57,17.91
1,300.00,131,373.66,868.93,0.00
1,300.00,132,422.96,718.86,0.00
1,300.00,133,553.99,698.67,11.29
1,300.00,134,272.03,248.05,23.28
1,300.00,135,118.83,101.67,0.00
1,300.00,136,960.30,870.72,10.01
1,300.00,137,916.44,518.00,15.46
1,300.00,138,542.62,656.30,15.71
1,300.00,139,443.42,481.94,11.93
1,300.00,140,626.91,626.87,11.70
1,300.00,141,264.33,132.29,6.73
1,300.00,142,107.59,439.53,11.42
1,300.00,143,263.34,741.04,17.04
1,300.00,144,724.40,623.03,12.41
1,300.00,145,143.40,651.95,5.49
1,300.00,146,166.55,176.90,7.78
1,300.00,147,476.95,791.98,0.00
1,300.00,148,434.52,597.61,5.17
1,300.00,149,587.24,783.85,14.13
1,300.00,150,558.93,405.87,5.11
1,300.00,151,925.67,451.95,6.01
1,300.00,152,505.19,716.85,21.92
1,300.00,153,326.00,624.62,9.36
1,300.00,154,814.81,705.88,5.21
1,300.00,155,102.86,428.14,10.71
1,300.00,156,727.19,385.88,5.32
1,300.00,157,589.53,97.23,6.14
1,300.00,158,781.83,178.33,12.11
1,300.00,159,326.73,281.64,20.09
1,300.00,160,584.00,711.30,18.51
1,300.00,161,272.19,622.05,10.32
1,300.00,162,654.38,492.75,15.96
1,300.00,163,128.68,791.74,11.73
1,300.00,164,425.88,589.91,15.13
1,300.00,165,691.67,525.28,14.02
1,300.00,166,847.11,502.14,10.94
1,300.00,167,202.98,344.78,22.81
1,300.00,168,243.98,343.20,7.31
1,300.00,169,352.95,118.16,0.00
1,300.00,170,634.84,84.77,6.32
1,300.00,171,926.02,757.40,6.48
1,300.00,172,808.95,266.35,16.58
1,300.00,173,296.38,42.45,14.41
1,300.00,174,524.81,374.18,5.69
1,300.00,175,392.16,350.01,22.67
1,300.00,176,281.31,693.11,20.73
1,300.00,177,484.75,508.43,0.00
1,300.00,178,537.23,814.87,11.79
1,300.00,179,858.77,539.80,22.19
1,300.00,180,149.78,919.67,0.00
1,300.00,181,495.73,681.70,0.00
1,300.00,182,638.06,252.84,0.00
1,300.00,183,840.27,282.70,0.00
1,300.00,184,193.12,670.69,11.82
1,300.00,185,329.69,735.24,15.02
1,300.00,186,134.53,567.19,0.00
1,300.00,187,748.07,308.84,7.00
1,300.00,188,467.03,248.69,10.79
1,300.00,189,718.62,406.87,16.48
1,300.00,190,814.87,23.68,0.00
1,300.00,191,547.54,417.48,13.31
1,300.00,192,771.31,86.33,6.21
1,300.00,193,465.53,341.87,6.75
1,300.00,194,480.86,379.98,24.06
1,300.00,195,488.73,195.69,9.49
1,300.00,196,817.75,487.70,9.00
1,300.00,197,459.90,717.14,5.91
1,300.00,198,596.81,126.53,8.53
1,300.00,199,429.93,297.70,18.75
1,300.00,200,962.61,555.83,0.00
1,300.00,201,418.29,598.52,14.76
1,300.00,202,568.98,526.92,12.84
1,300.00,203,894.80,339.21,15.90
1,300.00,204,287.47,504.58,0.00
1,300.00,205,254.93,125.91,6.85
1,300.00,206,549.27,771.29,13.69
1,300.00,207,681.43,397.97,13.76
1,300.00,208,167.98,355.88,5.93
1,300.00,209,506.75,424.65,8.08
1,300.00,210,506.56,666.29,20.03
1,300.00,211,823.90,366.17,15.18
1,300.00,212,116.71,729.42,0.00
1,300.00,213,362.11,720.50,10.00
1,300.00,214,598.86,340.41,23.75
1,300.00,215,314.56,222.48,8.86
1,300.00,216,39.51,183.32,0.00
1,300.00,217,668.95,697.24,0.00
1,300.00,218,661.80,905.66,16.19
1,300.00,219,450.10,533.45,13.05
1,300.00,220,216.36,504.42,5.92
1,300.00,221,89.30,18.06,7.12
1,300.00,222,283.89,269.52,20.89
1,300.00,223,367.47,772.60,11.78
1,300.00,224,445.32,513.24,18.47
1,300.00,225,524.17,477.91,7.10
1,300.00,226,456.83,825.44,0.00
1,300.00,227,747.41,296.15,8.36
1,300.00,228,815.24,819.54,11.74
1,300.00,229,465.85,182.04,22.64
1,300.00,230,693.43,340.74,9.75
1,300.00,231,824.80,853.51,8.59
1,300.00,232,366.07,310.65,10.39
1,300.00,233,617.03,635.69,12.35
1,300.00,234,134.17,521.95,7.19
1,300.00,235,558.74,708.18,9.60
1,300.00,236,250.58,831.76,0.00
1,300.00,237,916.49,33.77,5.39
1,300.00,238,28.46,601.40,0.00
1,300.00,239,499.82,321.31,17.49
1,300.00,240,583.86,668.83,8.52
1,300.00,241,835.91,194.04,7.62
1,300.00,242,593.69,358.45,23.12
1,300.00,243,26.09,262.13,0.00
1,300.00,244,640.53,88.47,0.00
1,300.00,245,701.40,195.49,24.72
1,300.00,246,597.73,371.43,22.56
1,300.00,247,738.65,144.60,0.00
1,300.00,248,929.07,907.98,10.00
1,300.00,249,435.79,469.05,9.80
1,300.00,250,647.67,493.09,5.06
1,300.00,251,531.22,859.29,0.00
1,300.00,252,132.87,554.91,13.08
1,300.00,253,860.81,951.37,14.67
1,300.00,254,350.07,627.46,14.15
1,300.00,255,798.62,644.25,21.59
1,300.00,256,885.18,255.58,10.82
1,300.00,257,386.47,55.17,7.58
1,300.00,258,410.84,723.73,7.18
1,300.00,259,594.07,963.97,0.00
1,300.00,260,928.39,68.99,9.03
1,300.00,261,681.64,680.70,0.00
1,300.00,262,598.87,452.85,8.05
1,300.00,263,648.32,717.48,8.57
1,300.00,264,587.83,620.07,21.68
1,300.00,265,486.31,468.25,16.22
1,300.00,266,83.75,426.93,19.11
1,300.00,267,322.55,575.49,5.39
1,300.00,268,579.84,446.74,8.26
1,300.00,269,357.72,598.28,13.44
1,300.00,270,205.34,725.01,20.10
1,300.00,271,595.08,598.90,9.87
1,300.00,272,922.60,729.03,6.73
1,300.00,273,172.97,121.19,5.15
1,300.00,274,569.01,547.16,22.36
1,300.00,275,253.40,520.75,19.07
1,300.00,276,429.13,746.68,17.20
1,300.00,277,874.25,19.51,0.00
1,300.00,278,477.06,669.61,10.38
1,300.00,279,215.52,571.91,6.49
1,300.00,280,709.41,903.54,5.99
1,300.00,281,315.70,825.33,22.98
1,300.00,282,294.01,443.12,8.68
1,300.00,283,621.13,528.64,0.00
1,300.00,284,807.05,748.07,7.14
1,300.00,285,358.30,200.86,14.48
1,300.00,286,684.82,642.28,11.02
1,300.00,287,471.70,440.52,11.22
1,300.00,288,478.39,845.21,17.52
1,300.00,289,354.71,443.54,10.62
1,300.00,290,51.44,503.43,0.00
1,300.00,291,232.31,745.24,5.22
1,300.00,292,400.74,571.70,5.96
1,300.00,293,391.91,325.80,16.18
1,300.00,294,703.59,151.00,5.04
1,300.00,295,395.61,164.97,7.16
1,300.00,296,391.42,454.02,17.56
1,300.00,297,686.29,183.86,10.44
1,300.00,298,986.27,577.40,5.27
1,300.00,299,491.40,443.15,8.72
1,300.00,300,822.24,845.88,18.99
1,300.00,301,313.82,475.28,10.78
1,300.00,302,756.93,330.86,7.55
1,300.00,303,507.29,182.16,6.70
1,300.00,304,300.30,582.60,7.59
1,300.00,305,349.97,691.36,13.43
1,300.00,306,461.72,163.41,0.00
1,300.00,307,486.26,1.90,0.00
1,300.00,308,488.21,528.45,21.81
1,300.00,309,304.61,819.04,9.91
1,300.00,310,147.11,184.28,0.00
1,300.00,311,676.04,675.37,0.00
1,300.00,312,511.50,217.13,23.77
1,300.00,313,452.86,153.80,24.75
1,300.00,314,656.94,293.64,5.89
1,300.00,315,287.48,303.05,5.82
1,300.00,316,621.87,518.09,10.81
1,300.00,317,655.09,324.88,5.46
1,300.00,318,218.80,207.88,19.36
1,300.00,319,761.44,106.24,0.00
1,300.00,320,605.85,982.86,6.29
1,300.00,321,63.52,185.29,0.00
1,300.00,322,541.94,416.83,15.92
1,300.00,323,573.93,452.95,7.90
1,300.00,324,300.62,651.68,21.58
1,300.00,325,316.10,203.69,0.00
1,300.00,326,251.93,602.99,7.01
1,300.00,327,933.00,555.69,13.16
1,300.00,328,955.55,804.68,5.64
1,300.00,329,57.38,736.11,7.03
1,300.00,330,761.44,701.83,10.03
1,300.00,331,308.06,481.62,0.00
1,300.00,332,535.13,488.75,8.29
1,300.00,333,128.89,41.97,0.00
1,300.00,334,314.34,805.28,17.36
1,300.00,335,224.17,954.92,6.96
1,300.00,336,225.77,412.74,23.38
1,300.00,337,313.99,650.27,6.30
1,300.00,338,455.12,268.92,8.25
1,300.00,339,577.84,477.16,12.10
1,300.00,340,638.90,152.57,0.00
1,300.00,341,256.95,298.25,0.00
1,300.00,342,292.44,387.15,20.44
1,300.00,343,336.87,432.18,14.28
1,300.00,344,583.75,541.92,7.59
1,300.00,345,777.46,128.32,0.00
1,300.00,346,644.03,17.80,18.71
1,300.00,347,483.95,15.03,14.16
1,300.00,348,330.78,505.39,8.12
1,300.00,349,521.34,442.29,11.72
1,300.00,350,580.06,314.60,0.00
1,300.00,351,288.13,476.94,15.68
1,300.00,352,656.17,477.87,10.27
1,300.00,353,542.24,295.95,22.02
1,300.00,354,618.69,395.91,6.18
1,300.00,355,145.52,972.04,0.00
1,300.00,356,297.62,418.95,0.00
1,300.00,357,678.20,344.97,0.00
1,300.00,358,876.66,466.19,15.74
1,300.00,359,434.50,837.53,10.41
1,300.00,360,645.72,360.57,9.46
1,300.00,361,473.85,141.04,0.00
1,300.00,362,370.01,604.99,13.94
1,300.00,363,672.04,789.79,0.00
1,300.00,364,694.73,564.50,5.87
1,300.00,365,444.99,511.30,12.71
1,300.00,366,573.38,122.47,0.00
1,300.00,367,499.10,328.53,24.56
1,300.00,368,672.84,299.41,12.70
1,300.00,369,417.35,469.78,24.15
1,300.00,370,108.04,986.31,0.00
1,300.00,371,444.86,356.08,8.82
1,300.00,372,932.97,524.93,10.29
1,300.00,373,774.46,851.32,18.45
1,300.00,374,154.61,473.05,10.35
1,300.00,375,118.82,579.17,18.40
1,300.00,376,120.16,219.96,10.06
1,300.00,377,391.42,498.54,19.87
1,300.00,378,608.87,462.03,6.38
1,300.00,379,875.47,684.04,10.78
1,300.00,380,528.38,363.05,19.53
1,300.00,381,427.59,817.20,22.69
1,300.00,382,876.23,25.41,0.00
1,300.00,383,427.75,711.08,13.67
1,300.00,384,66.28,594.37,0.00
1,300.00,385,685.24,626.47,9.09
1,300.00,386,949.63,880.02,0.00
1,300.00,387,718.03,444.90,19.42
1,300.00,388,975.30,886.88,13.12
1,300.00,389,652.65,341.04,9.31
1,300.00,390,538.49,211.02,0.00
1,300.00,391,492.90,410.54,7.80
1,300.00,392,737.02,769.53,6.13
1,300.00,393,785.78,897.20,9.06
1,300.00,394,703.46,741.97,5.85
1,300.00,395,128.27,47.76,0.00
1,300.00,396,905.58,514.89,0.00
1,300.00,397,833.23,445.33,10.48
1,300.00,398,70.16,678.20,0.00
1,300.00,399,563.73,395.76,8.71
1,310.00,0,257.38,117.19,0.00
1,310.00,1,335.95,427.47,0.00
1,310.00,2,456.64,519.32,9.20
1,310.00,3,444.93,766.09,7.11
1,310.00,4,754.96,597.71,21.76
1,310.00,5,427.09,627.34,0.00
1,310.00,6,7.19,371.64,0.00
1,310.00,7,459.18,663.38,19.23
1,310.00,8,535.54,547.07,12.11
1,310.00,9,279.25,731.85,8.04
1,310.00,10,636.05,830.14,9.61
1,310.00,11,255.43,161.88,22.59
1,310.00,12,630.32,564.27,14.22
1,310.00,13,489.86,117.65,5.50
1,310.00,14,907.80,611.13,0.00
1,310.00,15,715.92,435.21,15.90
1,310.00,16,234.45,553.40,21.70
1,310.00,17,398.74,277.05,13.17
1,310.00,18,379.76,353.34,9.36
1,310.00,19,707.52,450.33,7.69
1,310.00,20,517.58,646.17,5.93
1,310.00,21,757.21,985.82,0.00
1,310.00,22,583.80,795.00,19.86
1,310.00,23,19.68,80.92,0.00
1,310.00,24,259.92,865.04,6.65
1,310.00,25,821.80,598.21,16.22
1,310.00,26,67.25,556.31,8.13
1,310.00,27,814.14,25.57,0.00
1,310.00,28,549.94,851.43,22.78
1,310.00,29,803.90,645.04,11.55
1,310.00,30,358.57,441.04,12.17
1,310.00,31,471.51,468.66,18.12
1,310.00,32,854.56,743.40,0.00
1,310.00,33,863.25,127.57,0.00
1,310.00,34,55.39,601.29,6.73
1,310.00,35,828.62,360.10,9.52
1,310.00,36,433.28,115.92,19.12
1,310.00,37,16.59,388.01,0.00
1,310.00,38,83.20,586.86,17.69
1,310.00,39,143.97,502.80,6.05
1,310.00,40,214.50,761.85,24.28
1,310.00,41,655.97,487.43,18.33
1,310.00,42,882.66,222.10,19.40
1,310.00,43,466.52,163.16,15.43
1,310.00,44,881.22,667.16,7.50
1,310.00,45,267.06,764.78,5.61
1,310.00,46,958.78,586.19,15.10
1,310.00,47,349.28,115.88,23.05
1,310.00,48,179.34,385.73,9.80
1,310.00,49,619.43,538.12,0.00
1,310.00,50,738.74,184.33,19.92
1,310.00,51,510.34,795.13,6.49
1,310.00,52,13.51,507.82,6.81
1,310.00,53,631.04,775.33,15.07
1,310.00,54,670.13,612.56,12.05
1,310.00,55,844.06,777.71,6.59
1,310.00,56,369.46,270.55,19.19
1,310.00,57,452.11,643.53,12.69
1,310.00,58,290.04,513.20,24.23
1,310.00,59,379.70,778.52,0.00
1,310.00,60,656.06,318.34,7.54
1,310.00,61,304.83,719.11,6.50
1,310.00,62,694.71,770.25,7.50
1,310.00,63,295.79,484.34,5.89
1,310.00,64,492.11,248.53,11.21
1,310.00,65,560.99,899.20,13.64
1,310.00,66,831.05,601.33,24.20
1,310.00,67,620.43,351.56,8.30
1,310.00,68,130.85,515.83,11.43
1,310.00,69,405.44,132.81,5.77
1,310.00,70,388.43,524.60,18.95
1,310.00,71,570.70,556.56,8.86
1,310.00,72,602.99,310.05,8.94
1,310.00,73,377.31,620.12,23.56
1,310.00,74,432.46,410.20,5.27
1,310.00,75,382.60,490.61,8.58
1,310.00,76,548.39,173.90,5.29
1,310.00,77,442.81,846.96,21.42
1,310.00,78,476.48,627.59,0.00
1,310.00,79,582.73,123.00,9.41
1,310.00,80,421.51,371.03,20.65
1,310.00,81,194.02,691.08,6.92
1,310.00,82,241.95,679.57,15.30
1,310.00,83,216.73,24.46,0.00
1,310.00,84,742.41,573.77,16.54
1,310.00,85,116.74,44.34,7.97
1,310.00,86,443.54,621.70,18.99
1,310.00,87,694.19,737.29,12.45
1,310.00,88,562.08,365.07,11.55
1,310.00,89,114.92,19.14,0.00
1,310.00,90,651.26,823.51,0.00
1,310.00,91,696.98,379.66,6.39
1,310.00,92,201.10,886.71,11.72
1,310.00,93,523.38,849.35,0.00
1,310.00,94,468.49,729.13,0.00
1,310.00,95,935.09,787.28,8.38
1,310.00,96,328.16,525.29,8.46
1,310.00,97,663.75,366.49,5.78
1,310.00,98,391.06,637.95,7.55
1,310.00,99,581.50,845.24,0.00
1,310.00,100,182.56,755.77,20.69
1,310.00,101,270.75,429.42,21.82
1,310.00,102,915.87,733.51,8.26
1,310.00,103,252.65,843.97,19.32
1,310.00,104,83.33,719.79,0.00
1,310.00,105,393.23,488.24,21.84
1,310.00,106,982.04,24.45,9.61
1,310.00,107,814.24,636.53,9.90
1,310.00,108,923.90,484.50,0.00
1,310.00,109,234.53,377.10,13.97
1,310.00,110,579.12,549.10,5.47
1,310.00,111,927.01,320.52,5.65
1,310.00,112,235.18,623.15,8.99
1,310.00,113,763.46,855.92,12.43
1,310.00,114,386.35,97.79,10.04
1,310.00,115,338.37,310.96,5.75
1,310.00,116,468.30,468.63,8.87
1,310.00,117,70.03,256.65,15.04
1,310.00,118,658.10,220.23,10.69
1,310.00,119,682.02,899.64,6.19
1,310.00,120,234.52,787.00,5.34
1,310.00,121,356.13,416.05,15.00
1,310.00,122,468.44,517.70,6.63
1,310.00,123,608.70,894.85,7.57
1,310.00,124,642.30,77.33,8.22
1,310.00,125,832.15,223.63,11.28
1,310.00,126,329.90,165.03,18.72
1,310.00,127,488.43,185.25,13.17
1,310.00,128,807.18,423.88,10.63
1,310.00,129,149.58,928.97,21.30
1,310.00,130,549.33,171.06,0.00
1,310.00,131,326.41,952.67,12.29
1,310.00,132,430.94,682.05,11.29
1,310.00,133,629.79,615.01,11.29
1,310.00,134,341.37,470.32,23.28
1,310.00,135,183.05,122.39,12.15
1,310.00,136,879.07,812.23,10.01
1,310.00,137,971.63,539.23,0.00
1,310.00,138,570.83,810.84,15.71
1,310.00,139,360.34,396.33,11.93
1,310.00,140,529.32,691.45,11.70
1,310.00,141,262.45,130.62,0.00
1,310.00,142,54.28,338.58,11.42
1,310.00,143,415.32,663.96,17.04
1,310.00,144,678.69,507.68,12.41
1,310.00,145,99.69,685.16,5.49
1,310.00,146,167.11,167.34,0.00
1,310.00,147,504.51,770.23,8.97
1,310.00,148,445.22,547.00,5.17
1,310.00,149,718.67,835.63,14.13
1,310.00,150,520.57,372.09,5.11
1,310.00,151,939.03,393.32,6.01
1,310.00,152,371.52,890.56,21.92
1,310.00,153,257.80,688.71,9.36
1,310.00,154,763.09,699.56,5.21
1,310.00,155,188.80,491.99,10.71
1,310.00,156,748.18,434.73,5.32
1,310.00,157,617.89,92.44,0.00
1,310.00,158,687.22,253.99,12.11
1,310.00,159,178.17,194.98,0.00
1,310.00,160,585.49,711.36,0.00
1,310.00,161,309.85,525.93,10.32
1,310.00,162,615.68,565.77,0.00
1,310.00,163,60.02,830.98,0.00
1,310.00,164,346.26,461.24,15.13
1,310.00,165,748.57,397.14,14.02
1,310.00,166,822.44,608.77,10.94
1,310.00,167,178.56,354.61,0.00
1,310.00,168,208.82,279.12,7.31
1,310.00,169,471.09,150.54,16.75
1,310.00,170,607.96,141.93,6.32
1,310.00,171,914.32,693.67,6.48
1,310.00,172,646.27,298.35,16.58
1,310.00,173,290.35,0.28,0.00
1,310.00,174,556.72,327.07,5.69
1,310.00,175,396.82,354.61,0.00
1,310.00,176,112.97,814.00,20.73
1,310.00,177,450.54,539.45,6.53
1,310.00,178,450.38,735.11,11.79
1,310.00,179,925.64,549.17,0.00
1,310.00,180,123.94,903.79,19.40
1,310.00,181,565.43,706.18,10.73
1,310.00,182,623.41,267.09,8.65
1,310.00,183,686.26,367.37,23.93
1,310.00,184,282.65,593.49,11.82
1,310.00,185,231.51,848.93,15.02
1,310.00,186,129.98,660.86,14.61
1,310.00,187,687.56,273.58,7.00
1,310.00,188,564.85,294.12,10.79
1,310.00,189,636.63,549.79,16.48
1,310.00,190,776.15,40.35,15.94
1,310.00,191,496.03,540.22,13.31
1,310.00,192,790.59,50.86,0.00
1,310.00,193,459.54,295.55,0.00
1,310.00,194,677.08,240.66,24.06
1,310.00,195,486.79,290.60,9.49
1,310.00,196,823.66,492.60,0.00
1,310.00,197,484.86,770.77,5.91
1,310.00,198,527.75,176.57,8.53
1,310.00,199,573.30,418.56,18.75
1,310.00,200,956.55,557.30,12.17
1,310.00,201,354.64,465.39,14.76
1,310.00,202,665.14,441.82,12.84
1,310.00,203,742.97,386.49,15.90
1,310.00,204,311.42,499.77,7.55
1,310.00,205,201.77,82.77,6.85
1,310.00,206,558.27,764.74,0.00
1,310.00,207,671.45,357.13,0.00
1,310.00,208,111.91,375.13,5.93
1,310.00,209,541.46,351.74,8.08
1,310.00,210,623.12,684.63,0.00
1,310.00,211,865.00,512.29,15.18
1,310.00,212,54.21,861.57,0.00
1,310.00,213,421.28,639.84,10.00
1,310.00,214,695.77,327.84,0.00
1,310.00,215,312.34,202.29,0.00
1,310.00,216,125.59,189.35,11.36
1,310.00,217,509.04,788.54,23.14
1,310.00,218,690.56,941.57,0.00
1,310.00,219,365.08,528.34,0.00
1,310.00,220,234.46,448.11,5.92
1,310.00,221,83.66,11.28,0.00
1,310.00,222,187.30,166.43,0.00
1,310.00,223,476.90,729.09,11.78
1,310.00,224,338.29,362.67,18.47
1,310.00,225,484.94,418.79,7.10
1,310.00,226,505.75,683.58,19.63
1,310.00,227,777.71,294.91,0.00
1,310.00,228,724.68,744.76,11.74
1,310.00,229,542.21,395.14,22.64
1,310.00,230,758.07,267.79,9.75
1,310.00,231,740.47,837.07,8.59
1,310.00,232,289.91,240.02,10.39
1,310.00,233,517.28,562.93,12.35
1,310.00,234,131.53,593.77,7.19
1,310.00,235,481.98,650.48,9.60
1,310.00,236,238.29,774.56,10.48
1,310.00,237,888.30,79.70,5.39
1,310.00,238,25.78,533.17,9.95
1,310.00,239,350.25,373.04,0.00
1,310.00,240,513.14,621.25,8.52
1,310.00,241,867.72,124.77,7.62
1,310.00,242,764.15,514.65,23.12
1,310.00,243,131.20,282.16,18.16
1,310.00,244,622.64,170.09,17.11
1,310.00,245,732.91,117.17,0.00
1,310.00,246,531.90,155.67,22.56
1,310.00,247,727.30,137.15,6.95
1,310.00,248,871.69,826.09,10.00
1,310.00,249,489.47,387.09,9.80
1,310.00,250,611.55,457.63,5.06
1,310.00,251,530.50,793.67,7.80
1,310.00,252,163.69,682.07,13.08
1,310.00,253,916.08,987.95,0.00
1,310.00,254,460.87,715.43,14.15
1,310.00,255,692.75,832.45,21.59
1,310.00,256,895.87,262.42,0.00
1,310.00,257,462.26,55.32,7.58
1,310.00,258,339.76,713.51,7.18
1,310.00,259,465.10,854.08,22.08
1,310.00,260,838.16,71.81,9.03
1,310.00,261,643.07,692.05,17.71
1,310.00,262,621.51,375.64,8.05
1,310.00,263,731.14,695.33,8.57
1,310.00,264,442.50,459.26,21.68
1,310.00,265,395.34,334.01,16.22
1,310.00,266,19.47,377.25,0.00
1,310.00,267,321.48,629.37,5.39
1,310.00,268,503.08,477.29,8.26
1,310.00,269,265.97,696.48,13.44
1,310.00,270,253.25,753.48,0.00
1,310.00,271,651.93,679.62,9.87
1,310.00,272,856.62,715.56,6.73
1,310.00,273,122.05,129.21,5.15
1,310.00,274,532.69,499.84,0.00
1,310.00,275,123.25,421.77,0.00
1,310.00,276,334.89,602.84,17.20
1,310.00,277,876.04,86.92,19.53
1,310.00,278,426.93,578.70,10.38
1,310.00,279,272.99,541.86,6.49
1,310.00,280,693.83,961.40,5.99
1,310.00,281,343.73,904.04,0.00
1,310.00,282,328.77,522.67,8.68
1,310.00,283,748.82,492.37,24.25
1,310.00,284,878.32,744.03,7.14
1,310.00,285,356.05,201.95,0.00
1,310.00,286,661.67,695.28,0.00
1,310.00,287,377.23,501.03,11.22
1,310.00,288,651.56,871.91,17.52
1,310.00,289,424.31,523.74,10.62
1,310.00,290,86.27,500.96,14.07
1,310.00,291,225.70,693.45,5.22
1,310.00,292,404.23,512.18,5.96
1,310.00,293,495.53,450.13,16.18
1,310.00,294,682.43,130.69,0.00
1,310.00,295,347.68,111.79,7.16
1,310.00,296,216.46,469.10,17.56
1,310.00,297,785.25,150.50,10.44
1,310.00,298,986.65,630.07,5.27
1,310.00,299,569.13,482.76,8.72
1,310.00,300,682.40,717.41,18.99
1,310.00,301,401.43,412.40,10.78
1,310.00,302,731.78,259.71,7.55
1,310.00,303,531.52,244.58,6.70
1,310.00,304,361.69,627.23,7.59
1,310.00,305,309.18,563.38,13.43
1,310.00,306,493.28,279.16,15.97
1,310.00,307,503.73,62.07,10.25
1,310.00,308,384.33,351.31,0.00
1,310.00,309,263.19,909.10,9.91
1,310.00,310,157.27,181.74,6.68
1,310.00,311,657.43,677.62,16.84
1,310.00,312,677.14,285.65,0.00
1,310.00,313,454.80,133.86,0.00
1,310.00,314,653.19,352.46,5.89
1,310.00,315,335.01,336.66,5.82
1,310.00,316,587.95,620.71,10.81
1,310.00,317,686.05,304.15,0.00
1,310.00,318,203.10,400.85,19.36
1,310.00,319,747.51,134.48,0.00
1,310.00,320,543.13,987.41,6.29
1,310.00,321,144.56,234.40,10.13
1,310.00,322,505.41,261.84,15.92
1,310.00,323,561.28,530.95,7.90
1,310.00,324,255.71,440.65,21.58
1,310.00,325,234.57,348.44,23.46
1,310.00,326,261.30,585.78,0.00
1,310.00,327,928.49,687.23,13.16
1,310.00,328,934.65,752.27,5.64
1,310.00,329,69.06,666.79,7.03
1,310.00,330,814.36,787.04,10.03
1,310.00,331,316.76,484.94,8.68
1,310.00,332,519.42,570.13,8.29
1,310.00,333,176.11,180.90,0.00
1,310.00,334,220.99,658.90,17.36
1,310.00,335,192.66,968.91,0.00
1,310.00,336,257.89,644.29,23.38
1,310.00,337,259.19,681.40,6.30
1,310.00,338,434.33,348.71,8.25
1,310.00,339,687.11,425.10,12.10
1,310.00,340,594.07,133.23,16.15
1,310.00,341,302.86,347.45,14.58
1,310.00,342,392.80,565.27,20.44
1,310.00,343,224.22,344.45,14.28
1,310.00,344,584.68,617.84,7.59
1,310.00,345,720.00,231.77,16.66
1,310.00,346,640.24,1.80,0.00
1,310.00,347,342.35,14.86,14.16
1,310.00,348,371.34,434.99,8.12
1,310.00,349,626.15,494.81,11.72
1,310.00,350,518.07,315.25,16.33
1,310.00,351,293.91,448.72,0.00
1,310.00,352,573.52,416.98,10.27
1,310.00,353,650.14,104.03,22.02
1,310.00,354,556.93,393.12,6.18
1,310.00,355,147.64,968.50,22.98
1,310.00,356,356.14,340.37,22.97
1,310.00,357,715.37,446.87,18.69
1,310.00,358,786.74,595.36,15.74
1,310.00,359,538.39,831.33,10.41
1,310.00,360,557.33,394.24,9.46
1,310.00,361,494.17,186.54,15.99
1,310.00,362,272.86,504.99,13.94
1,310.00,363,633.57,735.36,24.73
1,310.00,364,692.65,623.13,5.87
1,310.00,365,317.96,507.41,12.71
1,310.00,366,632.20,209.76,24.38
1,310.00,367,372.07,538.72,24.56
1,310.00,368,600.13,403.58,12.70
1,310.00,369,596.29,330.48,0.00
1,310.00,370,131.92,854.58,18.53
1,310.00,371,492.54,430.29,8.82
1,310.00,372,830.59,534.81,10.29
1,310.00,373,657.67,708.55,18.45
1,310.00,374,82.01,546.81,10.35
1,310.00,375,52.56,621.23,0.00
1,310.00,376,220.72,224.15,10.06
1,310.00,377,589.98,506.48,19.87
1,310.00,378,609.53,525.80,6.38
1,310.00,379,794.18,613.29,10.78
1,310.00,380,369.12,249.95,19.53
1,310.00,381,401.84,874.01,0.00
1,310.00,382,856.31,67.85,12.70
1,310.00,383,560.63,679.14,13.67
1,310.00,384,88.55,589.20,7.67
1,310.00,385,671.91,716.42,9.09
1,310.00,386,876.61,808.94,15.27
1,310.00,387,728.28,373.83,0.00
1,310.00,388,976.40,887.25,0.00
1,310.00,389,593.27,269.33,9.31
1,310.00,390,513.62,328.67,21.91
1,310.00,391,421.10,441.14,7.80
1,310.00,392,753.47,778.05,0.00
1,310.00,393,876.31,892.63,9.06
1,310.00,394,700.07,683.60,5.85
1,310.00,395,164.93,106.58,15.79
1,310.00,396,791.05,507.96,16.08
1,310.00,397,833.02,340.57,10.48
1,310.00,398,139.23,647.94,19.36
1,310.00,399,491.75,444.79,8.71
1,320.00,0,272.23,114.49,15.07
1,320.00,1,407.31,401.55,9.51
1,320.00,2,508.58,443.41,9.20
1,320.00,3,395.27,715.17,7.11
1,320.00,4,569.64,711.72,21.76
1,320.00,5,444.50,444.24,20.22
1,320.00,6,44.50,464.24,24.70
1,320.00,7,529.21,655.07,0.00
1,320.00,8,464.42,645.08,12.11
1,320.00,9,348.41,690.75,8.04
1,320.00,10,540.12,836.57,9.61
1,320.00,11,420.46,66.78,0.00
1,320.00,12,493.60,603.51,14.22
1,320.00,13,494.87,109.20,0.00
1,320.00,14,879.58,672.36,8.50
1,320.00,15,738.00,277.71,15.90
1,320.00,16,118.03,592.62,0.00
1,320.00,17,395.34,261.42,0.00
1,320.00,18,436.32,427.93,9.36
1,320.00,19,759.29,393.47,7.69
1,320.00,20,484.55,695.37,5.93
1,320.00,21,647.36,985.71,12.96
1,320.00,22,688.06,625.94,19.86
1,320.00,23,41.00,81.84,11.68
1,320.00,24,208.65,907.48,6.65
1,320.00,25,733.78,461.99,16.22
1,320.00,26,51.95,636.16,8.13
1,320.00,27,786.24,269.50,24.83
1,320.00,28,763.99,929.27,22.78
1,320.00,29,819.82,759.44,11.55
1,320.00,30,456.37,368.59,12.17
1,320.00,31,466.33,434.51,0.00
1,320.00,32,913.28,866.52,17.58
1,320.00,33,815.51,203.33,22.39
1,320.00,34,118.13,577.02,6.73
1,320.00,35,841.19,454.49,9.52
1,320.00,36,391.89,8.56,0.00
1,320.00,37,125.14,410.50,17.60
1,320.00,38,59.08,584.65,0.00
1,320.00,39,123.37,517.15,0.00
1,320.00,40,170.35,796.94,0.00
1,320.00,41,838.99,476.44,18.33
1,320.00,42,944.87,169.26,0.00
1,320.00,43,607.38,100.21,15.43
1,320.00,44,881.66,667.85,0.00
1,320.00,45,322.71,771.50,5.61
1,320.00,46,982.29,735.36,15.10
1,320.00,47,520.73,124.97,0.00
1,320.00,48,161.97,289.29,9.80
1,320.00,49,717.00,327.14,24.11
1,320.00,50,751.50,89.27,0.00
1,320.00,51,473.68,848.63,6.49
1,320.00,52,69.57,546.51,6.81
1,320.00,53,491.82,832.95,15.07
1,320.00,54,790.66,614.31,12.05
1,320.00,55,875.17,819.17,0.00
1,320.00,56,404.85,459.18,19.19
1,320.00,57,394.50,749.66,0.00
1,320.00,58,508.51,408.36,24.23
1,320.00,59,489.74,760.52,23.07
1,320.00,60,703.68,259.93,7.54
1,320.00,61,341.20,665.24,6.50
1,320.00,62,654.47,786.60,0.00
1,320.00,63,237.92,473.63,5.89
1,320.00,64,483.44,141.22,0.00
1,320.00,65,427.16,872.95,13.64
1,320.00,66,899.15,429.60,0.00
1,320.00,67,632.43,315.56,0.00
1,320.00,68,228.65,574.99,11.43
1,320.00,69,388.46,130.08,0.00
1,320.00,70,339.33,678.80,0.00
1,320.00,71,633.42,619.10,8.86
1,320.00,72,691.14,325.06,8.94
1,320.00,73,439.37,755.01,0.00
1,320.00,74,438.33,462.54,5.27
1,320.00,75,466.37,471.86,8.58
1,320.00,76,525.72,140.55,0.00
1,320.00,77,336.54,879.04,0.00
1,320.00,78,467.84,569.20,9.27
1,320.00,79,676.81,122.42,9.41
1,320.00,80,489.21,175.90,20.65
1,320.00,81,150.41,637.29,6.92
1,320.00,82,126.50,779.96,15.30
1,320.00,83,217.25,24.88,22.72
1,320.00,84,584.56,524.30,16.54
1,320.00,85,86.74,40.79,0.00
1,320.00,86,494.82,577.65,0.00
1,320.00,87,790.13,816.67,12.45
1,320.00,88,459.32,417.85,11.55
1,320.00,89,117.12,61.72,20.48
1,320.00,90,652.14,794.35,18.70
1,320.00,91,742.25,334.61,6.39
1,320.00,92,263.92,787.73,11.72
1,320.00,93,506.72,835.82,16.92
1,320.00,94,451.18,706.00,19.31
1,320.00,95,914.93,705.98,8.38
1,320.00,96,261.36,577.19,8.46
1,320.00,97,720.88,375.20,5.78
1,320.00,98,364.03,679.93,0.00
1,320.00,99,651.34,823.48,9.25
1,320.00,100,71.81,742.34,0.00
1,320.00,101,459.11,319.21,21.82
1,320.00,102,833.43,729.12,8.26
1,320.00,103,119.82,877.73,0.00
1,320.00,104,223.83,629.84,19.22
1,320.00,105,500.40,678.54,21.84
1,320.00,106,983.78,120.54,9.61
1,320.00,107,894.48,613.32,0.00
1,320.00,108,922.98,485.21,15.90
1,320.00,109,137.51,351.91,0.00
1,320.00,110,527.58,530.87,5.47
1,320.00,111,944.73,266.85,5.65
1,320.00,112,307.66,676.39,8.99
1,320.00,113,827.62,749.45,12.43
1,320.00,114,485.89,110.72,10.04
1,320.00,115,294.87,273.42,5.75
1,320.00,116,505.84,388.25,8.87
1,320.00,117,205.60,321.69,15.04
1,320.00,118,559.32,261.05,10.69
1,320.00,119,683.20,906.04,0.00
1,320.00,120,272.88,749.85,5.34
1,320.00,121,245.27,315.02,15.00
1,320.00,122,408.10,490.26,6.63
1,320.00,123,597.50,819.97,7.57
1,320.00,124,561.34,91.23,8.22
1,320.00,125,831.15,236.27,0.00
1,320.00,126,334.48,157.15,0.00
1,320.00,127,617.46,211.44,13.17
1,320.00,128,702.86,444.36,10.63
1,320.00,129,236.59,734.60,21.30
1,320.00,130,713.76,264.91,20.40
1,320.00,131,314.28,974.17,0.00
1,320.00,132,454.88,571.70,11.29
1,320.00,133,705.59,531.36,11.29
1,320.00,134,410.70,692.59,23.28
1,320.00,135,298.64,159.68,12.15
1,320.00,136,797.84,753.75,10.01
1,320.00,137,920.26,577.20,10.35
1,320.00,138,575.11,834.30,0.00
1,320.00,139,277.25,310.72,11.93
1,320.00,140,475.56,727.03,0.00
1,320.00,141,462.72,184.91,21.55
1,320.00,142,21.06,275.67,0.00
1,320.00,143,514.43,613.69,0.00
1,320.00,144,632.98,392.32,12.41
1,320.00,145,55.98,718.38,5.49
1,320.00,146,190.22,324.63,18.13
1,320.00,147,574.91,714.65,8.97
1,320.00,148,455.91,496.39,5.17
1,320.00,149,850.11,887.41,14.13
1,320.00,150,482.21,338.30,5.11
1,320.00,151,952.39,334.69,6.01
1,320.00,152,325.13,950.85,0.00
1,320.00,153,189.60,752.80,9.36
1,320.00,154,711.37,693.24,5.21
1,320.00,155,274.74,555.85,10.71
1,320.00,156,759.35,460.73,0.00
1,320.00,157,591.28,112.60,6.28
1,320.00,158,592.62,329.64,12.11
1,320.00,159,177.90,183.93,7.68
1,320.00,160,343.70,662.86,24.86
1,320.00,161,347.51,429.80,10.32
1,320.00,162,590.22,587.25,6.91
1,320.00,163,78.46,771.35,19.14
1,320.00,164,266.64,332.56,15.13
1,320.00,165,805.46,269.01,14.02
1,320.00,166,797.77,715.39,10.94
1,320.00,167,227.00,403.79,7.80
1,320.00,168,173.66,215.03,7.31
1,320.00,169,632.61,194.82,16.75
1,320.00,170,581.09,199.10,6.32
1,320.00,171,902.62,629.94,6.48
1,320.00,172,483.59,330.35,16.58
1,320.00,173,351.80,29.16,9.64
1,320.00,174,588.62,279.96,5.69
1,320.00,175,205.58,369.77,19.75
1,320.00,176,33.25,871.24,0.00
1,320.00,177,402.13,583.33,6.53
1,320.00,178,363.53,655.34,11.79
1,320.00,179,793.25,450.63,23.73
1,320.00,180,104.95,892.13,0.00
1,320.00,181,666.65,741.73,10.73
1,320.00,182,561.40,327.39,8.65
1,320.00,183,476.55,482.66,23.93
1,320.00,184,372.19,516.29,11.82
1,320.00,185,189.42,897.67,0.00
1,320.00,186,122.89,806.78,14.61
1,320.00,187,627.05,238.33,7.00
1,320.00,188,662.68,339.55,10.79
1,320.00,189,554.63,692.71,16.48
1,320.00,190,740.86,55.55,0.00
1,320.00,191,444.51,662.95,13.31
1,320.00,192,763.35,112.59,19.31
1,320.00,193,453.89,372.13,24.97
1,320.00,194,873.29,101.34,24.06
1,320.00,195,484.84,385.51,9.49
1,320.00,196,722.09,500.83,11.14
1,320.00,197,509.81,824.39,5.91
1,320.00,198,458.69,226.60,8.53
1,320.00,199,621.46,459.16,0.00
1,320.00,200,838.28,585.95,12.17
1,320.00,201,290.98,332.26,14.76
1,320.00,202,761.31,356.73,12.84
1,320.00,203,591.14,433.77,15.90
1,320.00,204,385.40,484.93,7.55
1,320.00,205,181.17,66.05,0.00
1,320.00,206,558.05,804.88,0.00
1,320.00,207,577.85,464.68,20.53
1,320.00,208,55.83,394.37,5.93
1,320.00,209,576.18,278.83,8.08
1,320.00,210,585.85,726.41,13.62
1,320.00,211,883.70,578.78,0.00
1,320.00,212,57.65,860.70,7.89
1,320.00,213,467.08,577.40,0.00
1,320.00,214,707.63,297.34,5.56
1,320.00,215,366.97,352.84,20.78
1,320.00,216,238.90,197.29,11.36
1,320.00,217,308.90,902.79,0.00
1,320.00,218,678.64,812.27,18.14
1,320.00,219,394.21,506.10,10.55
1,320.00,220,252.56,391.79,5.92
1,320.00,221,197.82,95.31,16.18
1,320.00,222,205.43,238.35,22.92
1,320.00,223,586.34,685.58,11.78
1,320.00,224,231.25,212.10,18.47
1,320.00,225,445.71,359.66,7.10
1,320.00,226,569.73,498.04,19.63
1,320.00,227,721.46,352.86,12.67
1,320.00,228,634.12,669.99,11.74
1,320.00,229,618.57,608.23,22.64
1,320.00,230,822.71,194.83,9.75
1,320.00,231,656.13,820.62,8.59
1,320.00,232,213.75,169.40,10.39
1,320.00,233,417.53,490.17,12.35
1,320.00,234,128.90,665.58,7.19
1,320.00,235,405.22,592.77,9.60
1,320.00,236,216.27,672.05,10.48
1,320.00,237,860.10,125.62,5.39
1,320.00,238,22.48,449.00,0.00
1,320.00,239,362.22,367.54,13.88
1,320.00,240,452.91,580.72,0.00
1,320.00,241,899.54,55.51,7.62
1,320.00,242,934.62,670.86,23.12
1,320.00,243,309.62,316.16,18.16
1,320.00,244,586.01,337.22,17.11
1,320.00,245,821.52,208.60,19.34
1,320.00,246,499.02,47.91,0.00
1,320.00,247,669.22,98.99,6.95
1,320.00,248,814.31,744.20,10.00
1,320.00,249,503.53,365.62,0.00
1,320.00,250,585.50,432.05,0.00
1,320.00,251,529.64,715.70,7.80
1,320.00,252,194.50,809.22,13.08
1,320.00,253,906.54,956.45,6.00
1,320.00,254,571.66,803.40,14.15
1,320.00,255,604.01,990.21,0.00
1,320.00,256,953.43,264.90,0.00
1,320.00,257,538.06,55.46,7.58
1,320.00,258,268.68,703.29,7.18
1,320.00,259,297.01,710.86,22.08
1,320.00,260,747.93,74.62,9.03
1,320.00,261,473.15,742.06,17.71
1,320.00,262,644.15,298.44,8.05
1,320.00,263,813.96,673.18,8.57
1,320.00,264,297.18,298.44,21.68
1,320.00,265,304.36,199.77,16.22
1,320.00,266,28.83,258.55,20.71
1,320.00,267,320.40,683.24,5.39
1,320.00,268,426.31,507.84,8.26
1,320.00,269,174.22,794.67,13.44
1,320.00,270,288.11,720.21,6.67
1,320.00,271,698.83,746.24,0.00
1,320.00,272,790.64,702.09,6.73
1,320.00,273,106.51,131.66,0.00
1,320.00,274,461.75,349.95,22.62
1,320.00,275,143.57,448.52,23.55
1,320.00,276,240.65,459.00,17.20
1,320.00,277,881.24,282.13,19.53
1,320.00,278,376.81,487.80,10.38
1,320.00,279,330.46,511.81,6.49
1,320.00,280,684.51,996.02,0.00
1,320.00,281,397.52,863.16,10.61
1,320.00,282,363.54,602.23,8.68
1,320.00,283,982.09,426.11,24.25
1,320.00,284,914.68,741.97,0.00
1,320.00,285,363.39,300.70,10.08
1,320.00,286,619.11,704.27,9.16
1,320.00,287,282.77,561.54,11.22
1,320.00,288,824.72,898.61,17.52
1,320.00,289,493.90,603.95,10.62
1,320.00,290,226.59,491.01,14.07
1,320.00,291,219.09,641.66,5.22
1,320.00,292,407.71,452.66,5.96
1,320.00,293,599.14,574.46,16.18
1,320.00,294,641.18,174.88,0.00
1,320.00,295,325.52,87.21,0.00
1,320.00,296,75.82,481.22,0.00
1,320.00,297,884.22,117.15,10.44
1,320.00,298,987.02,682.74,5.27
1,320.00,299,646.87,522.38,8.72
1,320.00,300,542.56,588.95,18.99
1,320.00,301,489.03,349.52,10.78
1,320.00,302,706.63,188.56,7.55
1,320.00,303,555.75,307.01,6.70
1,320.00,304,423.08,671.86,7.59
1,320.00,305,268.40,435.39,13.43
1,320.00,306,506.40,327.28,0.00
1,320.00,307,532.31,160.49,10.25
1,320.00,308,395.75,352.46,19.61
1,320.00,309,262.20,911.25,0.00
1,320.00,310,222.09,165.51,6.68
1,320.00,311,490.21,697.85,16.84
1,320.00,312,694.41,310.70,12.37
1,320.00,313,537.25,293.88,19.59
1,320.00,314,649.44,411.28,5.89
1,320.00,315,382.54,370.28,5.82
1,320.00,316,583.19,635.13,0.00
1,320.00,317,727.59,364.72,23.09
1,320.00,318,187.41,593.81,19.36
1,320.00,319,735.90,146.13,7.59
1,320.00,320,487.54,991.45,0.00
1,320.00,321,231.23,286.92,10.13
1,320.00,322,468.88,106.86,15.92
1,320.00,323,548.63,608.94,7.90
1,320.00,324,248.90,408.62,0.00
1,320.00,325,119.45,552.82,23.46
1,320.00,326,411.72,672.13,24.07
1,320.00,327,923.98,818.77,13.16
1,320.00,328,913.75,699.87,5.64
1,320.00,329,80.75,597.48,7.03
1,320.00,330,867.28,872.25,10.03
1,320.00,331,397.87,515.96,8.68
1,320.00,332,503.72,651.51,8.29
1,320.00,333,180.33,185.40,24.23
1,320.00,334,127.64,512.52,17.36
1,320.00,335,244.75,903.88,16.52
1,320.00,336,288.24,863.08,0.00
1,320.00,337,204.39,712.53,6.30
1,320.00,338,413.54,428.50,8.25
1,320.00,339,796.38,373.03,12.10
1,320.00,340,466.51,78.22,0.00
1,320.00,341,402.34,454.05,14.58
1,320.00,342,493.15,743.38,20.44
1,320.00,343,169.88,302.13,0.00
1,320.00,344,585.62,693.77,7.59
1,320.00,345,639.13,377.40,16.66
1,320.00,346,535.25,62.98,13.32
1,320.00,347,336.66,14.85,0.00
1,320.00,348,411.90,364.60,8.12
1,320.00,349,708.18,535.91,0.00
1,320.00,350,354.76,316.98,16.33
1,320.00,351,437.08,359.93,20.64
1,320.00,352,490.87,356.09,10.27
1,320.00,353,688.46,35.87,0.00
1,320.00,354,495.18,390.34,6.18
1,320.00,355,265.93,771.48,22.98
1,320.00,356,493.29,156.17,22.97
1,320.00,357,779.38,622.41,18.69
1,320.00,358,786.07,596.33,0.00
1,320.00,359,642.28,825.12,10.41
1,320.00,360,468.93,427.90,9.46
1,320.00,361,559.37,332.54,15.99
1,320.00,362,209.46,439.74,0.00
1,320.00,363,490.86,533.42,24.73
1,320.00,364,690.58,681.75,5.87
1,320.00,365,190.94,503.52,12.71
1,320.00,366,768.44,411.97,24.38
1,320.00,367,271.30,705.45,0.00
1,320.00,368,527.43,507.76,12.70
1,320.00,369,582.55,325.62,23.92
1,320.00,370,164.97,672.28,18.53
1,320.00,371,540.23,504.51,8.82
1,320.00,372,822.81,535.56,0.00
1,320.00,373,540.88,565.79,18.45
1,320.00,374,9.41,620.56,10.35
1,320.00,375,125.98,651.70,13.86
1,320.00,376,321.27,228.33,10.06
1,320.00,377,788.54,514.42,19.87
1,320.00,378,610.18,589.58,6.38
1,320.00,379,712.88,542.55,10.78
1,320.00,380,362.26,245.07,0.00
1,320.00,381,438.81,708.44,23.39
1,320.00,382,802.36,182.80,12.70
1,320.00,383,660.30,655.18,0.00
1,320.00,384,163.30,571.84,7.67
1,320.00,385,669.23,734.47,0.00
1,320.00,386,767.17,702.41,15.27
1,320.00,387,657.74,433.27,14.64
1,320.00,388,747.73,795.26,24.87
1,320.00,389,533.88,197.62,9.31
1,320.00,390,468.32,543.02,21.91
1,320.00,391,381.45,458.03,0.00
1,320.00,392,740.21,633.69,20.77
1,320.00,393,966.84,888.06,9.06
1,320.00,394,696.68,625.23,5.85
1,320.00,395,248.41,240.56,15.79
1,320.00,396,630.52,498.24,16.08
1,320.00,397,832.81,235.81,10.48
1,320.00,398,316.57,570.26,19.36
1,320.00,399,419.77,493.82,8.71
1,330.00,0,420.54,87.56,15.07
1,330.00,1,496.65,369.10,9.51
1,330.00,2,560.53,367.50,9.20
1,330.00,3,345.61,664.24,7.11
1,330.00,4,384.33,825.73,21.76
1,330.00,5,463.64,242.93,20.22
1,330.00,6,136.79,693.32,24.70
1,330.00,7,535.08,566.25,14.06
1,330.00,8,393.30,743.08,12.11
1,330.00,9,417.57,649.66,8.04
1,330.00,10,444.18,842.99,9.61
1,330.00,11,408.61,88.30,15.65
1,330.00,12,476.16,608.52,0.00
1,330.00,13,673.74,196.38,24.23
1,330.00,14,844.00,749.52,8.50
1,330.00,15,753.07,170.24,0.00
1,330.00,16,203.36,601.90,19.78
1,330.00,17,595.83,213.30,23.47
1,330.00,18,492.88,502.53,9.36
1,330.00,19,811.06,336.61,7.69
1,330.00,20,451.52,744.56,5.93
1,330.00,21,517.73,985.59,12.96
1,330.00,22,792.31,456.87,19.86
1,330.00,23,157.69,86.87,11.68
1,330.00,24,157.39,949.92,6.65
1,330.00,25,645.76,325.78,16.22
1,330.00,26,36.64,716.01,8.13
1,330.00,27,765.05,454.75,0.00
1,330.00,28,872.40,968.70,0.00
1,330.00,29,832.19,848.34,0.00
1,330.00,30,554.17,296.13,12.17
1,330.00,31,479.44,473.09,5.03
1,330.00,32,945.15,933.36,0.00
1,330.00,33,696.16,392.72,22.39
1,330.00,34,180.88,552.74,6.73
1,330.00,35,853.76,548.89,9.52
1,330.00,36,368.12,73.74,17.42
1,330.00,37,297.51,446.20,17.60
1,330.00,38,117.62,538.58,8.63
1,330.00,39,205.72,520.65,14.08
1,330.00,40,244.05,782.52,9.78
1,330.00,41,951.93,469.66,0.00
1,330.00,42,854.08,147.35,16.12
1,330.00,43,673.93,70.47,0.00
1,330.00,44,693.60,657.28,19.05
1,330.00,45,378.37,778.22,5.61
1,330.00,46,999.35,843.64,0.00
1,330.00,47,537.47,162.25,16.02
1,330.00,48,156.62,259.60,0.00
1,330.00,49,751.54,252.45,0.00
1,330.00,50,719.09,111.86,7.62
1,330.00,51,437.02,902.13,6.49
1,330.00,52,125.63,585.20,6.81
1,330.00,53,352.61,890.57,15.07
1,330.00,54,829.12,614.87,0.00
1,330.00,55,874.59,848.96,0.00
1,330.00,56,440.23,647.81,19.19
1,330.00,57,395.60,742.77,14.32
1,330.00,58,675.45,328.26,0.00
1,330.00,59,512.55,756.79,0.00
1,330.00,60,751.30,201.51,7.54
1,330.00,61,377.58,611.37,6.50
1,330.00,62,617.10,878.53,23.57
1,330.00,63,180.04,462.92,5.89
1,330.00,64,481.43,143.81,8.36
1,330.00,65,293.34,846.70,13.64
1,330.00,66,893.93,414.78,6.64
1,330.00,67,653.29,281.88,7.30
1,330.00,68,326.44,634.16,11.43
1,330.00,69,417.20,206.38,11.62
1,330.00,70,361.76,660.57,19.79
1,330.00,71,696.14,681.64,8.86
1,330.00,72,779.28,340.07,8.94
1,330.00,73,464.08,747.43,6.99
1,330.00,74,444.19,514.88,5.27
1,330.00,75,527.83,458.10,0.00
1,330.00,76,521.86,153.33,5.60
1,330.00,77,380.42,807.28,17.46
1,330.00,78,454.28,477.49,9.27
1,330.00,79,770.88,121.83,9.41
1,330.00,80,507.01,124.60,0.00
1,330.00,81,106.80,583.51,6.92
1,330.00,82,101.14,802.01,0.00
1,330.00,83,393.61,168.14,22.72
1,330.00,84,426.72,474.82,16.54
1,330.00,85,156.81,78.05,12.78
1,330.00,86,484.14,526.78,8.07
1,330.00,87,886.06,896.04,12.45
1,330.00,88,356.56,470.62,11.55
1,330.00,89,127.71,266.20,20.48
1,330.00,90,657.76,607.46,18.70
1,330.00,91,787.53,289.55,6.39
1,330.00,92,326.73,688.75,11.72
1,330.00,93,375.41,729.18,16.92
1,330.00,94,373.78,602.64,0.00
1,330.00,95,894.77,624.67,8.38
1,330.00,96,194.56,629.08,8.46
1,330.00,97,733.41,377.11,0.00
1,330.00,98,408.99,618.99,22.34
1,330.00,99,723.27,801.07,0.00
1,330.00,100,165.19,802.36,24.08
1,330.00,101,647.47,209.00,21.82
1,330.00,102,750.99,724.73,8.26
1,330.00,103,125.88,848.07,10.42
1,330.00,104,385.69,526.22,19.22
1,330.00,105,526.69,725.23,0.00
1,330.00,106,985.52,216.63,9.61
1,330.00,107,887.03,606.74,6.36
1,330.00,108,796.90,582.08,15.90
1,330.00,109,149.09,331.36,8.35
1,330.00,110,476.04,512.63,5.47
1,330.00,111,959.42,222.32,0.00
1,330.00,112,380.13,729.63,8.99
1,330.00,113,863.07,690.62,0.00
1,330.00,114,585.42,123.64,10.04
1,330.00,115,251.36,235.88,5.75
1,330.00,116,543.38,307.86,8.87
1,330.00,117,341.17,386.72,15.04
1,330.00,118,482.47,292.80,0.00
1,330.00,119,675.72,815.47,10.15
1,330.00,120,311.24,712.70,5.34
1,330.00,121,172.64,248.83,0.00
1,330.00,122,347.76,462.81,6.63
1,330.00,123,586.29,745.08,7.57
1,330.00,124,480.37,105.13,8.22
1,330.00,125,754.80,261.94,9.07
1,330.00,126,264.41,338.41,20.43
1,330.00,127,746.49,237.62,13.17
1,330.00,128,604.78,463.62,0.00
1,330.00,129,323.61,540.23,21.30
1,330.00,130,890.96,366.04,20.40
1,330.00,131,428.20,868.10,19.48
1,330.00,132,478.81,461.35,11.29
1,330.00,133,742.09,491.08,0.00
1,330.00,134,458.53,845.92,0.00
1,330.00,135,414.23,196.97,12.15
1,330.00,136,716.61,695.27,10.01
1,330.00,137,837.04,638.71,10.35
1,330.00,138,402.65,798.16,20.77
1,330.00,139,194.17,225.11,11.93
1,330.00,140,508.08,737.66,7.62
1,330.00,141,670.74,241.31,21.55
1,330.00,142,75.78,262.16,14.96
1,330.00,143,530.20,599.36,6.12
1,330.00,144,587.27,276.97,12.41
1,330.00,145,38.11,731.95,0.00
1,330.00,146,216.58,503.99,18.13
1,330.00,147,645.31,659.07,8.97
1,330.00,148,466.61,445.78,5.17
1,330.00,149,902.50,908.05,0.00
1,330.00,150,443.85,304.52,5.11
1,330.00,151,965.75,276.06,6.01
1,330.00,152,267.92,893.21,12.44
1,330.00,153,121.39,816.88,9.36
1,330.00,154,659.66,686.92,5.21
1,330.00,155,360.67,619.71,10.71
1,330.00,156,776.93,351.78,23.59
1,330.00,157,541.21,150.51,6.28
1,330.00,158,498.02,405.30,12.11
1,330.00,159,176.39,123.88,0.00
1,330.00,160,99.95,613.96,24.86
1,330.00,161,385.18,333.68,10.32
1,330.00,162,537.40,631.80,6.91
1,330.00,163,127.88,611.55,0.00
1,330.00,164,187.02,203.88,15.13
1,330.00,165,845.26,179.38,0.00
1,330.00,166,773.11,822.02,10.94
1,330.00,167,281.77,459.38,7.80
1,330.00,168,138.50,150.94,7.31
1,330.00,169,794.13,239.10,16.75
1,330.00,170,554.22,256.26,6.32
1,330.00,171,890.92,566.21,6.48
1,330.00,172,320.91,362.36,16.58
1,330.00,173,439.06,70.16,9.64
1,330.00,174,620.53,232.85,5.69
1,330.00,175,8.65,385.38,19.75
1,330.00,176,71.28,870.11,7.23
1,330.00,177,353.72,627.22,6.53
1,330.00,178,276.67,575.57,11.79
1,330.00,179,602.93,308.96,23.73
1,330.00,180,212.85,725.47,22.43
1,330.00,181,767.87,777.29,10.73
1,330.00,182,499.40,387.70,8.65
1,330.00,183,266.83,597.95,23.93
1,330.00,184,440.31,457.55,0.00
1,330.00,185,253.34,860.20,12.97
1,330.00,186,117.38,920.14,0.00
1,330.00,187,566.55,203.07,7.00
1,330.00,188,760.50,384.99,10.79
1,330.00,189,482.06,819.21,0.00
1,330.00,190,620.94,48.86,15.83
1,330.00,191,434.82,686.04,0.00
1,330.00,192,685.42,289.24,19.31
1,330.00,193,435.52,621.11,24.97
1,330.00,194,955.35,43.08,0.00
1,330.00,195,482.90,480.42,9.49
1,330.00,196,611.04,509.83,11.14
1,330.00,197,534.76,878.02,5.91
1,330.00,198,389.63,276.64,8.53
1,330.00,199,654.62,393.65,11.06
1,330.00,200,720.00,614.60,12.17
1,330.00,201,227.33,199.13,14.76
1,330.00,202,857.47,271.63,12.84
1,330.00,203,481.18,468.02,0.00
1,330.00,204,459.38,470.09,7.55
1,330.00,205,197.69,133.96,11.41
1,330.00,206,537.53,759.08,8.73
1,330.00,207,443.07,619.55,20.53
1,330.00,208,15.86,408.10,0.00
1,330.00,209,610.89,205.92,8.08
1,330.00,210,495.15,828.06,13.62
1,330.00,211,804.67,512.30,18.95
1,330.00,212,134.12,841.21,7.89
1,330.00,213,422.19,562.20,20.98
1,330.00,214,727.78,245.51,5.56
1,330.00,215,437.86,548.16,20.78
1,330.00,216,352.21,205.22,11.36
1,330.00,217,309.13,902.75,5.51
1,330.00,218,676.67,790.87,0.00
1,330.00,219,478.10,442.06,10.55
1,330.00,220,270.66,335.48,5.92
1,330.00,221,328.14,191.23,16.18
1,330.00,222,261.47,460.59,22.92
1,330.00,223,695.77,642.07,11.78
1,330.00,224,133.50,74.59,0.00
1,330.00,225,406.48,300.54,7.10
1,330.00,226,633.71,312.50,19.63
1,330.00,227,633.20,443.77,12.67
1,330.00,228,543.55,595.21,11.74
1,330.00,229,694.93,821.33,22.64
1,330.00,230,826.30,190.77,0.00
1,330.00,231,571.79,804.18,8.59
1,330.00,232,137.59,98.77,10.39
1,330.00,233,320.20,419.18,0.00
1,330.00,234,126.26,737.39,7.19
1,330.00,235,328.47,535.06,9.60
1,330.00,236,194.26,569.54,10.48
1,330.00,237,831.91,171.54,5.39
1,330.00,238,46.34,452.14,15.70
1,330.00,239,488.30,309.59,13.88
1,330.00,240,461.42,582.06,5.82
1,330.00,241,901.53,51.17,0.00
1,330.00,242,970.94,704.14,0.00
1,330.00,243,488.03,350.16,18.16
1,330.00,244,549.38,504.35,17.11
1,330.00,245,956.08,347.46,19.34
1,330.00,246,546.99,138.98,20.56
1,330.00,247,611.14,60.83,6.95
1,330.00,248,756.94,662.30,10.00
1,330.00,249,372.02,466.38,22.45
1,330.00,250,593.81,418.93,5.57
1,330.00,251,528.78,637.73,7.80
1,330.00,252,205.24,853.52,0.00
1,330.00,253,889.14,898.99,6.00
1,330.00,254,682.46,891.36,14.15
1,330.00,255,593.37,982.53,8.11
1,330.00,256,857.89,305.94,17.36
1,330.00,257,613.85,55.61,7.58
1,330.00,258,197.60,693.07,7.18
1,330.00,259,211.96,638.40,0.00
1,330.00,260,657.70,77.43,9.03
1,330.00,261,303.23,792.08,17.71
1,330.00,262,666.79,221.24,8.05
1,330.00,263,855.79,661.99,0.00
1,330.00,264,162.38,149.28,0.00
1,330.00,265,240.51,105.55,0.00
1,330.00,266,42.54,84.72,0.00
1,330.00,267,319.33,737.12,5.39
1,330.00,268,349.55,538.40,8.26
1,330.00,269,96.16,878.22,0.00
1,330.00,270,336.33,674.17,6.67
1,330.00,271,712.60,714.78,19.64
1,330.00,272,724.65,688.63,6.73
1,330.00,273,96.25,290.95,22.97
1,330.00,274,432.81,288.81,0.00
1,330.00,275,286.00,636.02,23.55
1,330.00,276,234.10,449.00,0.00
1,330.00,277,886.43,477.34,19.53
1,330.00,278,326.68,396.90,10.38
1,330.00,279,387.93,481.76,6.49
1,330.00,280,636.20,950.86,16.47
1,330.00,281,482.03,798.94,10.61
1,330.00,282,398.30,681.78,8.68
1,330.00,283,991.12,423.55,0.00
1,330.00,284,884.55,752.70,6.53
1,330.00,285,370.85,401.18,10.08
1,330.00,286,529.53,723.19,9.16
1,330.00,287,188.30,622.05,11.22
1,330.00,288,995.31,924.92,0.00
1,330.00,289,563.50,684.16,10.62
1,330.00,290,366.91,481.07,14.07
1,330.00,291,212.48,589.86,5.22
1,330.00,292,411.20,393.14,5.96
1,330.00,293,702.76,698.78,16.18
1,330.00,294,637.70,178.32,24.02
1,330.00,295,334.98,206.46,22.24
1,330.00,296,105.26,467.01,16.67
1,330.00,297,949.70,95.08,0.00
1,330.00,298,987.39,735.41,5.27
1,330.00,299,724.60,561.99,8.72
1,330.00,300,402.72,460.49,18.99
1,330.00,301,576.63,286.64,10.78
1,330.00,302,689.61,140.40,0.00
1,330.00,303,579.99,369.44,6.70
1,330.00,304,484.47,716.49,7.59
1,330.00,305,227.61,307.41,13.43
1,330.00,306,514.38,479.33,22.14
1,330.00,307,560.89,258.92,10.25
1,330.00,308,590.82,372.26,19.61
1,330.00,309,375.08,914.81,11.57
1,330.00,310,286.91,149.28,6.68
1,330.00,311,322.99,718.09,16.84
1,330.00,312,764.61,412.57,12.37
1,330.00,313,626.96,467.98,19.59
1,330.00,314,645.70,470.11,5.89
1,330.00,315,430.07,403.90,5.82
1,330.00,316,526.93,588.84,8.48
1,330.00,317,858.18,555.10,23.09
1,330.00,318,180.84,674.53,0.00
1,330.00,319,682.35,199.85,7.59
1,330.00,320,495.59,977.51,14.16
1,330.00,321,317.90,339.44,10.13
1,330.00,322,464.92,90.04,0.00
1,330.00,323,535.98,686.94,7.90
1,330.00,324,244.96,570.63,19.10
1,330.00,325,47.83,679.97,0.00
1,330.00,326,620.51,792.00,24.07
1,330.00,327,922.22,870.21,0.00
1,330.00,328,892.84,647.47,5.64
1,330.00,329,92.43,528.17,7.03
1,330.00,330,877.18,888.19,0.00
1,330.00,331,478.98,546.98,8.68
1,330.00,332,488.02,732.89,8.29
1,330.00,333,346.13,362.14,24.23
1,330.00,334,34.29,366.14,17.36
1,330.00,335,348.01,774.99,16.52
1,330.00,336,292.46,859.01,10.63
1,330.00,337,149.59,743.66,6.30
1,330.00,338,392.75,508.28,8.25
1,330.00,339,905.65,320.97,12.10
1,330.00,340,477.06,87.96,10.28
1,330.00,341,501.83,560.66,14.58
1,330.00,342,529.50,807.90,0.00
1,330.00,343,203.59,347.24,10.88
1,330.00,344,586.55,769.69,7.59
1,330.00,345,558.26,523.02,16.66
1,330.00,346,420.16,130.05,13.32
1,330.00,347,397.64,114.07,12.13
1,330.00,348,452.46,294.20,8.12
1,330.00,349,693.09,545.28,8.17
1,330.00,350,191.45,318.70,16.33
1,330.00,351,553.38,287.81,0.00
1,330.00,352,408.23,295.20,10.27
1,330.00,353,645.29,110.46,13.37
1,330.00,354,433.43,387.55,6.18
1,330.00,355,384.22,574.45,22.98
1,330.00,356,535.37,99.66,0.00
1,330.00,357,825.17,747.97,0.00
1,330.00,358,706.13,633.44,8.88
1,330.00,359,718.55,820.57,0.00
1,330.00,360,380.53,461.57,9.46
1,330.00,361,624.57,478.53,15.99
1,330.00,362,215.26,418.80,6.25
1,330.00,363,348.14,331.47,24.73
1,330.00,364,690.28,690.18,0.00
1,330.00,365,63.92,499.63,12.71
1,330.00,366,840.53,518.95,0.00
1,330.00,367,302.25,678.59,19.82
1,330.00,368,454.73,611.94,12.70
1,330.00,369,357.03,245.87,23.92
1,330.00,370,198.02,489.97,18.53
1,330.00,371,587.91,578.72,8.82
1,330.00,372,718.55,548.07,11.36
1,330.00,373,424.08,423.02,18.45
1,330.00,374,3.27,626.80,0.00
1,330.00,375,254.03,704.85,13.86
1,330.00,376,421.83,232.51,10.06
1,330.00,377,927.99,520.00,0.00
1,330.00,378,610.84,653.35,6.38
1,330.00,379,631.59,471.80,10.78
1,330.00,380,441.83,209.03,9.13
1,330.00,381,489.80,480.11,23.39
1,330.00,382,748.42,297.74,12.70
1,330.00,383,702.21,631.72,19.21
1,330.00,384,238.05,554.49,7.67
1,330.00,385,821.49,655.23,21.47
1,330.00,386,657.74,595.88,15.27
1,330.00,387,545.81,527.58,14.64
1,330.00,388,517.04,702.45,24.87
1,330.00,389,474.50,125.92,9.31
1,330.00,390,448.76,635.62,0.00
1,330.00,391,343.76,533.36,18.81
1,330.00,392,721.22,426.82,20.77
1,330.00,393,997.23,886.53,0.00
1,330.00,394,693.28,566.86,5.85
1,330.00,395,331.90,374.53,15.79
1,330.00,396,469.99,488.52,16.08
1,330.00,397,832.60,131.06,10.48
1,330.00,398,493.92,492.57,19.36
1,330.00,399,347.79,542.85,8.71
1,340.00,0,568.84,60.63,15.07
1,340.00,1,586.00,336.64,9.51
1,340.00,2,612.47,291.59,9.20
1,340.00,3,295.95,613.31,7.11
1,340.00,4,228.62,921.52,0.00
1,340.00,5,471.23,163.12,0.00
1,340.00,6,216.99,892.40,0.00
1,340.00,7,544.34,425.97,14.06
1,340.00,8,322.18,841.08,12.11
1,340.00,9,486.73,608.56,8.04
1,340.00,10,348.25,849.41,9.61
1,340.00,11,333.14,225.38,15.65
1,340.00,12,582.40,437.35,23.09
1,340.00,13,891.53,302.53,24.23
1,340.00,14,842.77,752.21,0.00
1,340.00,15,693.65,191.10,19.82
1,340.00,16,391.88,622.39,0.00
1,340.00,17,824.02,158.54,23.47
1,340.00,18,549.44,577.13,9.36
1,340.00,19,862.82,279.75,7.69
1,340.00,20,418.50,793.75,5.93
1,340.00,21,388.10,985.47,12.96
1,340.00,22,896.57,287.81,19.86
1,340.00,23,274.39,91.91,11.68
1,340.00,24,106.13,992.36,6.65
1,340.00,25,557.74,189.57,16.22
1,340.00,26,21.33,795.86,8.13
1,340.00,27,802.88,468.54,16.17
1,340.00,28,854.89,852.65,23.78
1,340.00,29,803.58,842.14,13.13
1,340.00,30,645.46,228.50,0.00
1,340.00,31,495.64,520.75,5.03
1,340.00,32,835.41,863.32,22.49
1,340.00,33,576.81,582.11,22.39
1,340.00,34,243.63,528.47,6.73
1,340.00,35,866.32,643.28,9.52
1,340.00,36,308.41,237.43,17.42
1,340.00,37,469.89,481.90,17.60
1,340.00,38,185.45,485.19,8.63
1,340.00,39,346.43,526.63,14.08
1,340.00,40,340.04,763.74,9.78
1,340.00,41,939.71,435.94,9.37
1,340.00,42,697.38,109.53,16.12
1,340.00,43,563.24,80.30,21.07
1,340.00,44,503.45,646.60,19.05
1,340.00,45,434.03,784.94,5.61
1,340.00,46,957.99,821.89,17.05
1,340.00,47,603.10,308.36,16.02
1,340.00,48,204.13,308.35,9.84
1,340.00,49,752.19,294.18,6.34
1,340.00,50,656.57,155.44,7.62
1,340.00,51,400.36,955.63,6.49
1,340.00,52,181.70,623.89,6.81
1,340.00,53,213.40,948.18,15.07
1,340.00,54,686.81,618.07,20.91
1,340.00,55,871.17,848.00,22.87
1,340.00,56,475.62,836.43,19.19
1,340.00,57,418.18,601.39,14.32
1,340.00,58,688.33,356.54,13.18
1,340.00,59,312.82,757.28,22.20
1,340.00,60,798.91,143.09,7.54
1,340.00,61,413.95,557.50,6.50
1,340.00,62,601.98,915.73,0.00
1,340.00,63,145.00,456.44,0.00
1,340.00,64,430.36,210.00,8.36
1,340.00,65,180.72,824.60,0.00
1,340.00,66,871.82,352.13,6.64
1,340.00,67,691.70,219.82,7.30
1,340.00,68,424.24,693.32,11.43
1,340.00,69,458.14,315.10,11.62
1,340.00,70,515.29,535.76,19.79
1,340.00,71,758.86,744.18,8.86
1,340.00,72,784.28,340.93,0.00
1,340.00,73,530.92,726.92,6.99
1,340.00,74,450.06,567.23,5.27
1,340.00,75,483.76,418.86,22.17
1,340.00,76,505.65,206.97,5.60
1,340.00,77,443.68,703.81,0.00
1,340.00,78,440.71,385.78,9.27
1,340.00,79,864.95,121.25,9.41
1,340.00,80,452.97,282.27,22.61
1,340.00,81,63.19,529.72,6.92
1,340.00,82,259.01,836.14,20.70
1,340.00,83,569.97,311.41,22.72
1,340.00,84,332.54,445.30,0.00
1,340.00,85,269.63,138.02,12.78
1,340.00,86,467.56,447.79,8.07
1,340.00,87,982.00,975.41,12.45
1,340.00,88,253.80,523.39,11.55
1,340.00,89,138.29,470.69,20.48
1,340.00,90,662.51,449.80,0.00
1,340.00,91,832.80,244.50,6.39
1,340.00,92,389.54,589.76,11.72
1,340.00,93,244.10,622.55,16.92
1,340.00,94,357.08,619.15,7.09
1,340.00,95,874.61,543.36,8.38
1,340.00,96,127.75,680.97,8.46
1,340.00,97,693.08,390.02,5.43
1,340.00,98,541.64,439.18,22.34
1,340.00,99,697.80,769.08,22.02
1,340.00,100,367.78,932.59,24.08
1,340.00,101,801.62,118.82,0.00
1,340.00,102,668.56,720.34,8.26
1,340.00,103,146.73,746.02,10.42
1,340.00,104,547.54,422.60,19.22
1,340.00,105,523.32,610.49,15.21
1,340.00,106,987.26,312.71,9.61
1,340.00,107,839.36,564.62,6.36
1,340.00,108,670.82,678.95,15.90
1,340.00,109,190.09,258.63,8.35
1,340.00,110,424.50,494.39,5.47
1,340.00,111,943.56,216.61,9.88
1,340.00,112,415.15,755.36,0.00
1,340.00,113,830.38,584.33,24.85
1,340.00,114,680.01,135.93,0.00
1,340.00,115,207.86,198.35,5.75
1,340.00,116,570.20,250.44,0.00
1,340.00,117,465.70,446.46,0.00
1,340.00,118,514.33,310.24,16.35
1,340.00,119,667.37,714.28,10.15
1,340.00,120,349.60,675.54,5.34
1,340.00,121,202.86,261.26,9.48
1,340.00,122,316.52,448.61,0.00
1,340.00,123,575.08,670.20,7.57
1,340.00,124,399.40,119.03,8.22
1,340.00,125,668.79,290.87,9.07
1,340.00,126,190.76,528.96,20.43
1,340.00,127,875.51,263.80,13.17
1,340.00,128,611.51,472.35,18.45
1,340.00,129,409.77,347.76,0.00
1,340.00,130,942.86,395.66,0.00
1,340.00,131,487.61,812.79,0.00
1,340.00,132,502.74,351.01,11.29
1,340.00,133,739.42,598.32,20.69
1,340.00,134,481.55,857.30,8.28
1,340.00,135,431.76,202.62,0.00
1,340.00,136,635.38,636.79,10.01
1,340.00,137,753.83,700.21,10.35
1,340.00,138,199.33,755.55,20.77
1,340.00,139,111.08,139.50,11.93
1,340.00,140,580.51,761.34,7.62
1,340.00,141,878.77,297.70,21.55
1,340.00,142,221.04,226.31,14.96
1,340.00,143,575.52,558.17,6.12
1,340.00,144,541.56,161.62,12.41
1,340.00,145,115.77,624.86,22.37
1,340.00,146,229.56,592.29,0.00
1,340.00,147,715.71,603.50,8.97
1,340.00,148,477.31,395.17,5.17
1,340.00,149,817.97,879.29,14.85
1,340.00,150,405.49,270.74,5.11
1,340.00,151,966.93,270.86,0.00
1,340.00,152,232.96,858.00,0.00
1,340.00,153,53.19,880.97,9.36
1,340.00,154,639.87,684.50,0.00
1,340.00,155,446.61,683.56,10.71
1,340.00,156,807.71,161.06,0.00
1,340.00,157,491.15,188.42,6.28
1,340.00,158,403.41,480.95,12.11
1,340.00,159,179.07,148.12,11.20
1,340.00,160,72.67,608.48,0.00
1,340.00,161,422.84,237.56,10.32
1,340.00,162,484.58,676.35,6.91
1,340.00,163,120.45,626.90,13.51
1,340.00,164,107.40,75.21,15.13
1,340.00,165,810.42,241.53,23.71
1,340.00,166,748.44,928.64,10.94
1,340.00,167,336.54,514.97,7.80
1,340.00,168,135.91,146.21,0.00
1,340.00,169,808.16,242.95,0.00
1,340.00,170,527.34,313.43,6.32
1,340.00,171,879.22,502.48,6.48
1,340.00,172,158.23,394.36,16.58
1,340.00,173,526.32,111.16,9.64
1,340.00,174,651.01,187.85,0.00
1,340.00,175,7.96,385.44,0.00
1,340.00,176,143.51,867.96,7.23
1,340.00,177,305.31,671.10,6.53
1,340.00,178,221.09,524.52,0.00
1,340.00,179,412.61,167.30,23.73
1,340.00,180,334.76,537.18,22.43
1,340.00,181,869.09,812.84,10.73
1,340.00,182,437.40,448.00,8.65
1,340.00,183,63.96,709.48,0.00
1,340.00,184,428.74,462.44,5.26
1,340.00,185,365.23,794.62,12.97
1,340.00,186,143.33,924.67,11.81
1,340.00,187,506.04,167.82,7.00
1,340.00,188,858.33,430.42,10.79
1,340.00,189,470.98,816.62,9.91
1,340.00,190,462.92,40.05,15.83
1,340.00,191,528.76,652.18,12.30
1,340.00,192,607.48,465.89,19.31
1,340.00,193,420.83,820.38,0.00
1,340.00,194,936.73,104.06,10.96
1,340.00,195,480.96,575.33,9.49
1,340.00,196,499.99,518.82,11.14
1,340.00,197,559.71,931.65,5.91
1,340.00,198,320.57,326.68,8.53
1,340.00,199,704.55,295.00,11.06
1,340.00,200,601.72,643.25,12.17
1,340.00,201,211.41,165.83,0.00
1,340.00,202,953.63,186.53,12.84
1,340.00,203,492.52,488.46,8.48
1,340.00,204,533.36,455.25,7.55
1,340.00,205,224.65,244.82,11.41
1,340.00,206,501.83,679.41,8.73
1,340.00,207,308.28,774.43,20.53
1,340.00,208,67.34,398.43,18.25
1,340.00,209,645.61,133.01,8.08
1,340.00,210,404.45,929.71,13.62
1,340.00,211,659.64,390.29,18.95
1,340.00,212,210.59,821.72,7.89
1,340.00,213,258.38,506.77,0.00
1,340.00,214,747.93,193.69,5.56
1,340.00,215,508.74,743.49,20.78
1,340.00,216,465.53,213.16,11.36
1,340.00,217,363.25,892.53,5.51
1,340.00,218,459.77,796.34,24.61
1,340.00,219,561.99,378.01,10.55
1,340.00,220,288.77,279.17,5.92
1,340.00,221,458.46,287.16,16.18
1,340.00,222,317.52,682.83,22.92
1,340.00,223,805.20,598.56,11.78
1,340.00,224,145.93,78.65,15.08
1,340.00,225,367.25,241.42,7.10
1,340.00,226,661.35,232.36,0.00
1,340.00,227,544.94,534.69,12.67
1,340.00,228,452.99,520.43,11.74
1,340.00,229,757.39,995.62,0.00
1,340.00,230,775.36,290.38,11.85
1,340.00,231,527.86,795.61,0.00
1,340.00,232,61.43,28.15,10.39
1,340.00,233,323.08,421.72,15.78
1,340.00,234,123.62,809.20,7.19
1,340.00,235,251.71,477.35,9.60
1,340.00,236,172.24,467.03,10.48
1,340.00,237,803.71,217.47,5.39
1,340.00,238,202.02,472.58,15.70
1,340.00,239,614.37,251.63,13.88
1,340.00,240,518.87,591.09,5.82
1,340.00,241,826.82,101.09,9.59
1,340.00,242,962.88,567.52,17.39
1,340.00,243,666.45,384.16,18.16
1,340.00,244,512.75,671.48,17.11
1,340.00,245,969.31,361.12,0.00
1,340.00,246,642.84,320.91,20.56
1,340.00,247,553.06,22.67,6.95
1,340.00,248,699.56,580.41,10.00
1,340.00,249,193.83,602.89,22.45
1,340.00,250,623.66,371.85,5.57
1,340.00,251,527.93,559.76,7.80
1,340.00,252,216.12,697.67,23.97
1,340.00,253,871.73,841.54,6.00
1,340.00,254,722.30,923.00,0.00
1,340.00,255,527.62,935.05,8.11
1,340.00,256,698.43,374.44,17.36
1,340.00,257,689.65,55.75,7.58
1,340.00,258,126.52,682.85,7.18
1,340.00,259,327.60,596.03,24.93
1,340.00,260,567.46,80.24,9.03
1,340.00,261,233.13,812.71,0.00
1,340.00,262,689.44,144.03,8.05
1,340.00,263,754.58,645.33,0.00
1,340.00,264,170.86,157.10,15.91
1,340.00,265,269.09,126.47,11.88
1,340.00,266,66.97,83.68,15.48
1,340.00,267,318.25,790.99,5.39
1,340.00,268,272.78,568.95,8.26
1,340.00,269,120.04,868.30,17.32
1,340.00,270,384.55,628.14,6.67
1,340.00,271,791.34,534.85,19.64
1,340.00,272,658.67,675.16,6.73
1,340.00,273,81.49,520.17,22.97
1,340.00,274,471.08,408.09,17.87
1,340.00,275,361.92,735.98,0.00
1,340.00,276,341.78,431.44,11.72
1,340.00,277,891.34,661.85,0.00
1,340.00,278,276.55,305.99,10.38
1,340.00,279,445.40,451.71,6.49
1,340.00,280,515.91,838.42,16.47
1,340.00,281,566.55,734.72,10.61
1,340.00,282,433.07,761.34,8.68
1,340.00,283,893.02,375.87,11.35
1,340.00,284,823.01,774.62,6.53
1,340.00,285,378.31,501.66,10.08
1,340.00,286,439.95,742.12,9.16
1,340.00,287,118.64,666.67,0.00
1,340.00,288,994.17,925.08,7.66
1,340.00,289,633.10,764.36,10.62
1,340.00,290,507.23,471.12,14.07
1,340.00,291,205.88,538.07,5.22
1,340.00,292,414.69,333.63,5.96
1,340.00,293,806.38,823.11,16.18
1,340.00,294,466.78,347.16,24.02
1,340.00,295,352.58,428.21,22.24
1,340.00,296,255.36,394.52,16.67
1,340.00,297,925.83,115.74,9.33
1,340.00,298,987.39,735.68,0.00
1,340.00,299,802.34,601.61,8.72
1,340.00,300,262.89,332.03,18.99
1,340.00,301,627.89,249.85,0.00
1,340.00,302,688.61,163.16,7.05
1,340.00,303,604.22,431.87,6.70
1,340.00,304,545.86,761.12,7.59
1,340.00,305,225.08,299.47,0.00
1,340.00,306,525.98,700.42,22.14
1,340.00,307,589.48,357.35,10.25
1,340.00,308,785.89,392.05,19.61
1,340.00,309,490.72,918.45,11.57
1,340.00,310,351.73,133.06,6.68
1,340.00,311,155.77,738.32,16.84
1,340.00,312,834.81,514.45,12.37
1,340.00,313,716.66,642.08,19.59
1,340.00,314,641.95,528.93,5.89
1,340.00,315,477.59,437.51,5.82
1,340.00,316,461.47,534.98,8.48
1,340.00,317,965.49,711.55,0.00
1,340.00,318,283.21,741.61,21.04
1,340.00,319,628.80,253.57,7.59
1,340.00,320,566.44,854.87,14.16
1,340.00,321,404.58,391.96,10.13
1,340.00,322,322.57,251.49,24.14
1,340.00,323,529.31,728.06,0.00
1,340.00,324,240.33,761.61,19.10
1,340.00,325,80.70,663.34,9.75
1,340.00,326,829.30,911.86,24.07
1,340.00,327,881.88,794.45,14.09
1,340.00,328,871.94,595.06,5.64
1,340.00,329,104.12,458.85,7.03
1,340.00,330,760.73,921.98,14.92
1,340.00,331,560.09,578.00,8.68
1,340.00,332,472.31,814.27,8.29
1,340.00,333,511.93,538.88,24.23
1,340.00,334,25.16,351.82,0.00
1,340.00,335,451.27,646.10,16.52
1,340.00,336,369.03,785.30,10.63
1,340.00,337,94.78,774.79,6.30
1,340.00,338,371.96,588.07,8.25
1,340.00,339,967.04,291.71,0.00
1,340.00,340,552.61,157.69,10.28
1,340.00,341,601.31,667.26,14.58
1,340.00,342,434.55,751.72,17.30
1,340.00,343,268.71,434.39,10.88
1,340.00,344,587.49,845.61,7.59
1,340.00,345,477.38,668.64,16.66
1,340.00,346,305.06,197.12,13.32
1,340.00,347,461.18,217.44,12.13
1,340.00,348,493.02,223.81,8.12
1,340.00,349,623.72,588.38,8.17
1,340.00,350,127.61,319.37,0.00
1,340.00,351,523.18,279.83,9.27
1,340.00,352,325.58,234.32,10.27
1,340.00,353,578.34,226.13,13.37
1,340.00,354,371.68,384.77,6.18
1,340.00,355,502.50,377.43,22.98
1,340.00,356,606.76,180.71,15.58
1,340.00,357,819.36,678.19,24.59
1,340.00,358,625.59,670.84,8.88
1,340.00,359,706.53,792.66,11.43
1,340.00,360,292.13,495.23,9.46
1,340.00,361,636.62,505.52,0.00
1,340.00,362,231.95,358.57,6.25
1,340.00,363,282.34,238.36,0.00
1,340.00,364,630.72,618.77,10.86
1,340.00,365,15.35,498.14,0.00
1,340.00,366,819.17,615.73,21.05
1,340.00,367,451.95,548.69,19.82
1,340.00,368,382.02,716.12,12.70
1,340.00,369,181.06,183.64,0.00
1,340.00,370,231.07,307.67,18.53
1,340.00,371,635.60,652.94,8.82
1,340.00,372,605.72,561.60,11.36
1,340.00,373,307.29,280.26,18.45
1,340.00,374,157.43,697.78,18.54
1,340.00,375,313.47,729.53,0.00
1,340.00,376,522.39,236.69,10.06
1,340.00,377,864.29,507.59,21.80
1,340.00,378,611.50,717.13,6.38
1,340.00,379,550.29,401.05,10.78
1,340.00,380,524.98,171.37,9.13
1,340.00,381,515.49,365.10,0.00
1,340.00,382,694.48,412.69,12.70
1,340.00,383,869.85,537.86,19.21
1,340.00,384,312.80,537.13,7.67
1,340.00,385,971.94,576.94,0.00
1,340.00,386,548.30,489.35,15.27
1,340.00,387,433.88,621.88,14.64
1,340.00,388,286.34,609.64,24.87
1,340.00,389,415.12,54.21,9.31
1,340.00,390,462.32,663.37,0.00
1,340.00,391,259.58,701.57,18.81
1,340.00,392,721.04,424.92,0.00
1,340.00,393,994.12,853.23,5.03
1,340.00,394,689.89,508.49,5.85
1,340.00,395,415.39,508.50,15.79
1,340.00,396,309.45,478.80,16.08
1,340.00,397,832.50,77.15,0.00
1,340.00,398,671.26,414.89,19.36
1,340.00,399,275.81,591.88,8.71
1,350.00,0,671.83,41.93,0.00
1,350.00,1,606.76,329.10,0.00
1,350.00,2,649.83,236.98,0.00
1,350.00,3,246.29,562.38,7.11
1,350.00,4,235.65,904.13,11.74
1,350.00,5,539.74,261.48,19.86
1,350.00,6,216.55,868.98,17.88
1,350.00,7,548.79,358.60,0.00
1,350.00,8,279.03,900.53,0.00
1,350.00,9,555.89,567.47,8.04
1,350.00,10,252.32,855.83,9.61
1,350.00,11,257.68,362.45,15.65
1,350.00,12,704.18,241.15,23.09
1,350.00,13,932.61,322.55,0.00
1,350.00,14,779.56,781.11,7.20
1,350.00,15,506.59,256.75,19.82
1,350.00,16,393.40,620.53,5.81
1,350.00,17,824.37,158.46,0.00
1,350.00,18,606.00,651.72,9.36
1,350.00,19,914.59,222.89,7.69
1,350.00,20,395.36,828.22,0.00
1,350.00,21,369.59,985.45,0.00
1,350.00,22,918.33,252.52,0.00
1,350.00,23,391.08,96.94,11.68
1,350.00,24,102.55,995.33,0.00
1,350.00,25,469.72,53.35,16.22
1,350.00,26,9.92,855.38,0.00
1,350.00,27,954.77,523.90,16.17
1,350.00,28,819.43,617.52,23.78
1,350.00,29,675.27,814.34,13.13
1,350.00,30,649.11,242.86,22.27
1,350.00,31,511.84,568.42,5.03
1,350.00,32,645.81,742.30,22.49
1,350.00,33,548.27,627.41,0.00
1,350.00,34,306.37,504.19,6.73
1,350.00,35,875.96,715.67,0.00
1,350.00,36,248.70,401.12,17.42
1,350.00,37,642.27,517.60,17.60
1,350.00,38,253.28,431.81,8.63
1,350.00,39,487.15,532.61,14.08
1,350.00,40,436.04,744.96,9.78
1,350.00,41,907.78,347.90,9.37
1,350.00,42,546.40,73.09,0.00
1,350.00,43,353.39,98.93,21.07
1,350.00,44,406.56,641.16,0.00
1,350.00,45,489.68,791.65,5.61
1,350.00,46,807.04,742.52,17.05
1,350.00,47,668.74,454.47,16.02
1,350.00,48,272.78,378.78,9.84
1,350.00,49,753.18,357.53,6.34
1,350.00,50,638.96,167.72,0.00
1,350.00,51,389.30,971.77,0.00
1,350.00,52,237.76,662.58,6.81
1,350.00,53,158.20,971.03,0.00
1,350.00,54,477.79,622.79,20.91
1,350.00,55,650.96,786.11,22.87
1,350.00,56,498.54,958.64,0.00
1,350.00,57,440.76,460.01,14.32
1,350.00,58,742.94,476.46,13.18
1,350.00,59,279.33,757.36,0.00
1,350.00,60,828.61,106.65,0.00
1,350.00,61,421.48,546.35,0.00
1,350.00,62,613.19,851.73,7.83
1,350.00,63,192.31,476.23,13.00
1,350.00,64,379.29,276.19,8.36
1,350.00,65,191.65,820.26,7.43
1,350.00,66,853.72,300.83,0.00
1,350.00,67,730.11,157.77,7.30
1,350.00,68,522.04,752.48,11.43
1,350.00,69,499.08,423.82,11.62
1,350.00,70,668.83,410.94,19.79
1,350.00,71,821.58,806.72,8.86
1,350.00,72,708.22,398.23,10.10
1,350.00,73,597.76,706.41,6.99
1,350.00,74,455.92,619.57,5.27
1,350.00,75,318.20,271.45,22.17
1,350.00,76,489.44,260.61,5.60
1,350.00,77,456.38,719.81,6.68
1,350.00,78,427.15,294.07,9.27
1,350.00,79,915.44,120.93,0.00
1,350.00,80,388.35,470.78,0.00
1,350.00,81,19.58,475.94,6.92
1,350.00,82,461.30,879.88,20.70
1,350.00,83,726.58,438.64,0.00
1,350.00,84,378.42,449.06,11.41
1,350.00,85,382.45,198.00,12.78
1,350.00,86,450.97,368.79,8.07
1,350.00,87,997.98,988.64,0.00
1,350.00,88,151.04,576.17,11.55
1,350.00,89,148.88,675.18,20.48
1,350.00,90,643.95,452.06,11.96
1,350.00,91,878.07,199.45,6.39
1,350.00,92,452.35,490.78,11.72
1,350.00,93,112.79,515.91,16.92
1,350.00,94,306.67,668.97,7.09
1,350.00,95,854.45,462.05,8.38
1,350.00,96,60.95,732.86,8.46
1,350.00,97,641.42,406.56,5.43
1,350.00,98,674.30,259.38,22.34
1,350.00,99,560.64,596.77,22.02
1,350.00,100,387.46,945.24,0.00
1,350.00,101,805.52,132.66,7.92
1,350.00,102,586.12,715.94,8.26
1,350.00,103,167.58,643.96,10.42
1,350.00,104,642.28,361.95,0.00
1,350.00,105,518.84,458.45,15.21
1,350.00,106,989.00,408.80,9.61
1,350.00,107,791.69,522.51,6.36
1,350.00,108,544.75,775.82,15.90
1,350.00,109,231.09,185.90,8.35
1,350.00,110,372.96,476.15,5.47
1,350.00,111,850.59,183.10,9.88
1,350.00,112,337.88,677.17,21.27
1,350.00,113,780.93,423.50,0.00
1,350.00,114,676.40,141.20,12.85
1,350.00,115,164.35,160.81,5.75
1,350.00,116,560.95,276.11,9.55
1,350.00,117,465.10,453.02,8.09
1,350.00,118,657.77,388.74,16.35
1,350.00,119,659.01,613.09,10.15
1,350.00,120,387.96,638.39,5.34
1,350.00,121,290.50,297.31,9.48
1,350.00,122,299.18,428.34,5.53
1,350.00,123,563.88,595.32,7.57
1,350.00,124,318.44,132.93,8.22
1,350.00,125,582.78,319.79,9.07
1,350.00,126,175.45,568.57,0.00
1,350.00,127,960.41,281.03,0.00
1,350.00,128,724.18,618.49,18.45
1,350.00,129,410.50,348.38,9.87
1,350.00,130,839.72,469.64,17.95
1,350.00,131,529.74,777.13,9.46
1,350.00,132,506.06,335.69,0.00
1,350.00,133,734.50,796.63,0.00
1,350.00,134,545.57,888.96,0.00
1,350.00,135,496.99,241.70,8.96
1,350.00,136,579.07,596.25,0.00
1,350.00,137,670.62,761.72,10.35
1,350.00,138,183.98,752.33,0.00
1,350.00,139,70.82,98.01,0.00
1,350.00,140,652.94,785.01,7.62
1,350.00,141,944.04,315.40,0.00
1,350.00,142,366.29,190.45,14.96
1,350.00,143,620.84,516.98,6.12
1,350.00,144,496.42,47.70,0.00
1,350.00,145,247.11,443.74,22.37
1,350.00,146,228.75,714.89,24.15
1,350.00,147,786.11,547.92,8.97
1,350.00,148,488.00,344.56,5.17
1,350.00,149,677.43,831.48,14.85
1,350.00,150,367.13,236.96,5.11
1,350.00,151,744.57,299.02,24.59
1,350.00,152,311.00,889.26,13.99
1,350.00,153,19.88,912.27,0.00
1,350.00,154,659.63,616.37,11.49
1,350.00,155,516.27,735.32,0.00
1,350.00,156,768.80,160.38,21.49
1,350.00,157,441.09,226.34,6.28
1,350.00,158,308.81,556.61,12.11
1,350.00,159,191.36,259.41,11.20
1,350.00,160,264.90,580.33,21.88
1,350.00,161,429.44,220.73,0.00
1,350.00,162,431.76,720.89,6.91
1,350.00,163,67.27,736.76,0.00
1,350.00,164,87.05,42.32,0.00
1,350.00,165,694.51,448.34,23.71
1,350.00,166,735.46,984.73,0.00
1,350.00,167,391.30,570.56,7.80
1,350.00,168,268.02,129.11,14.38
1,350.00,169,819.53,444.30,22.09
1,350.00,170,500.47,370.60,6.32
1,350.00,171,867.52,438.75,6.48
1,350.00,172,46.77,416.28,0.00
1,350.00,173,613.57,152.16,9.64
1,350.00,174,643.02,183.98,19.87
1,350.00,175,93.08,414.33,9.02
1,350.00,176,215.73,865.80,7.23
1,350.00,177,256.90,714.99,6.53
1,350.00,178,265.92,543.31,13.50
1,350.00,179,304.73,87.01,0.00
1,350.00,180,456.66,348.89,22.43
1,350.00,181,888.04,819.50,0.00
1,350.00,182,375.40,508.30,8.65
1,350.00,183,68.95,708.24,15.78
1,350.00,184,380.32,482.90,5.26
1,350.00,185,477.12,729.03,12.97
1,350.00,186,259.67,944.97,11.81
1,350.00,187,471.74,147.83,0.00
1,350.00,188,956.15,475.85,10.79
1,350.00,189,374.50,794.11,9.91
1,350.00,190,396.76,36.36,0.00
1,350.00,191,644.47,610.48,12.30
1,350.00,192,529.55,642.54,19.31
1,350.00,193,459.73,797.39,22.64
1,350.00,194,904.74,208.89,10.96
1,350.00,195,479.02,670.24,9.49
1,350.00,196,388.93,527.82,11.14
1,350.00,197,572.61,959.37,0.00
1,350.00,198,251.52,376.72,8.53
1,350.00,199,754.48,196.35,11.06
1,350.00,200,562.60,652.73,0.00
1,350.00,201,238.44,235.73,9.99
1,350.00,202,981.62,161.77,0.00
1,350.00,203,533.63,562.59,8.48
1,350.00,204,607.35,440.40,7.55
1,350.00,205,251.62,355.69,11.41
1,350.00,206,466.12,599.73,8.73
1,350.00,207,216.97,879.35,0.00
1,350.00,208,246.72,364.74,18.25
1,350.00,209,652.97,117.54,0.00
1,350.00,210,399.59,935.15,0.00
1,350.00,211,514.61,268.28,18.95
1,350.00,212,231.54,816.37,0.00
1,350.00,213,274.03,483.34,16.02
1,350.00,214,768.08,141.86,5.56
1,350.00,215,511.59,751.32,0.00
1,350.00,216,578.84,221.10,11.36
1,350.00,217,417.38,882.31,5.51
1,350.00,218,327.42,799.68,0.00
1,350.00,219,645.88,313.97,10.55
1,350.00,220,306.87,222.85,5.92
1,350.00,221,461.62,289.49,0.00
1,350.00,222,333.26,745.27,0.00
1,350.00,223,914.63,555.05,11.78
1,350.00,224,289.24,125.53,15.08
1,350.00,225,328.02,182.29,7.10
1,350.00,226,729.91,313.18,18.66
1,350.00,227,456.68,625.61,12.67
1,350.00,228,362.42,445.65,11.74
1,350.00,229,767.83,961.26,19.72
1,350.00,230,721.42,395.85,11.85
1,350.00,231,533.49,738.27,12.03
1,350.00,232,54.75,21.95,0.00
1,350.00,233,441.38,526.11,15.78
1,350.00,234,120.98,881.02,7.19
1,350.00,235,174.95,419.64,9.60
1,350.00,236,150.22,364.52,10.48
1,350.00,237,775.52,263.39,5.39
1,350.00,238,337.81,490.42,0.00
1,350.00,239,740.45,193.68,13.88
1,350.00,240,576.32,600.13,5.82
1,350.00,241,747.12,154.35,9.59
1,350.00,242,952.64,393.90,17.39
1,350.00,243,844.87,418.15,18.16
1,350.00,244,476.12,838.61,17.11
1,350.00,245,910.96,192.28,19.81
1,350.00,246,738.68,502.85,20.56
1,350.00,247,531.09,8.24,0.00
1,350.00,248,642.18,498.52,10.00
1,350.00,249,137.55,646.01,0.00
1,350.00,250,653.50,324.77,5.57
1,350.00,251,527.07,481.78,7.80
1,350.00,252,222.25,609.83,0.00
1,350.00,253,854.33,784.08,6.00
1,350.00,254,617.11,922.64,16.43
1,350.00,255,461.87,887.57,8.11
1,350.00,256,538.97,442.94,17.36
1,350.00,257,765.44,55.90,7.58
1,350.00,258,59.24,673.18,0.00
1,350.00,259,561.68,510.27,24.93
1,350.00,260,529.14,81.44,0.00
1,350.00,261,253.03,761.90,9.29
1,350.00,262,703.77,95.15,0.00
1,350.00,263,755.86,649.31,7.19
1,350.00,264,287.80,264.90,15.91
1,350.00,265,364.99,196.64,11.88
1,350.00,266,221.63,77.12,15.48
1,350.00,267,317.18,844.87,5.39
1,350.00,268,196.02,599.50,8.26
1,350.00,269,280.02,801.87,17.32
1,350.00,270,432.77,582.11,6.67
1,350.00,271,870.08,354.92,19.64
1,350.00,272,592.69,661.69,6.73
1,350.00,273,66.72,749.39,22.97
1,350.00,274,525.68,578.26,17.87
1,350.00,275,288.88,736.88,15.64
1,350.00,276,457.50,412.58,11.72
1,350.00,277,885.28,663.56,11.50
1,350.00,278,266.03,286.91,0.00
1,350.00,279,502.87,421.66,6.49
1,350.00,280,395.62,725.98,16.47
1,350.00,281,651.07,670.50,10.61
1,350.00,282,457.67,817.65,0.00
1,350.00,283,790.96,326.27,11.35
1,350.00,284,761.48,796.53,6.53
1,350.00,285,385.77,602.14,10.08
1,350.00,286,350.37,761.05,9.16
1,350.00,287,137.87,666.00,7.33
1,350.00,288,918.36,936.31,7.66
1,350.00,289,702.70,844.57,10.62
1,350.00,290,647.55,461.18,14.07
1,350.00,291,199.27,486.28,5.22
1,350.00,292,418.17,274.11,5.96
1,350.00,293,910.00,947.44,16.18
1,350.00,294,295.87,515.99,24.02
1,350.00,295,370.17,649.96,22.24
1,350.00,296,405.46,322.03,16.67
1,350.00,297,855.25,176.81,9.33
1,350.00,298,784.69,634.27,22.78
1,350.00,299,852.46,627.15,0.00
1,350.00,300,237.84,309.02,0.00
1,350.00,301,653.98,326.56,19.53
1,350.00,302,685.54,233.62,7.05
1,350.00,303,628.45,494.30,6.70
1,350.00,304,607.25,805.76,7.59
1,350.00,305,193.79,357.33,7.01
1,350.00,306,533.05,835.21,0.00
1,350.00,307,618.06,455.77,10.25
1,350.00,308,968.32,410.56,0.00
1,350.00,309,606.37,922.10,11.57
1,350.00,310,416.55,116.83,6.68
1,350.00,311,61.81,749.69,0.00
1,350.00,312,860.40,551.58,0.00
1,350.00,313,806.37,816.18,19.59
1,350.00,314,638.21,587.75,5.89
1,350.00,315,525.12,471.13,5.82
1,350.00,316,396.01,481.13,8.48
1,350.00,317,937.84,725.61,17.40
1,350.00,318,459.20,856.92,21.04
1,350.00,319,575.25,307.30,7.59
1,350.00,320,637.28,732.24,14.16
1,350.00,321,491.25,444.48,10.13
1,350.00,322,162.89,432.60,24.14
1,350.00,323,522.13,699.13,6.31
1,350.00,324,237.02,897.91,0.00
1,350.00,325,167.67,619.34,9.75
1,350.00,326,921.12,964.57,0.00
1,350.00,327,815.65,670.04,14.09
1,350.00,328,851.03,542.66,5.64
1,350.00,329,115.80,389.54,7.03
1,350.00,330,703.45,938.59,0.00
1,350.00,331,641.20,609.02,8.68
1,350.00,332,456.61,895.65,8.29
1,350.00,333,523.38,551.08,0.00
1,350.00,334,79.80,412.28,9.03
1,350.00,335,554.53,517.21,16.52
1,350.00,336,445.59,711.59,10.63
1,350.00,337,39.98,805.92,6.30
1,350.00,338,351.17,667.86,8.25
1,350.00,339,931.04,282.46,8.49
1,350.00,340,628.16,227.41,10.28
1,350.00,341,684.79,756.72,0.00
1,350.00,342,285.67,663.63,17.30
1,350.00,343,305.48,483.60,0.00
1,350.00,344,588.42,921.54,7.59
1,350.00,345,396.51,814.26,16.66
1,350.00,346,189.96,264.19,13.32
1,350.00,347,524.72,320.81,12.13
1,350.00,348,533.58,153.41,8.12
1,350.00,349,554.35,631.48,8.17
1,350.00,350,207.86,413.82,20.35
1,350.00,351,433.56,256.14,9.27
1,350.00,352,242.93,173.43,10.27
1,350.00,353,511.39,341.81,13.37
1,350.00,354,330.76,382.93,0.00
1,350.00,355,620.79,180.40,22.98
1,350.00,356,709.74,297.65,15.58
1,350.00,357,798.95,433.14,24.59
1,350.00,358,545.06,708.24,8.88
1,350.00,359,661.35,687.69,11.43
1,350.00,360,203.74,528.89,9.46
1,350.00,361,729.17,564.93,13.49
1,350.00,362,248.64,298.33,6.25
1,350.00,363,326.44,269.05,9.97
1,350.00,364,561.16,535.35,10.86
1,350.00,365,81.99,504.44,10.84
1,350.00,366,783.31,778.19,0.00
1,350.00,367,601.65,418.78,19.82
1,350.00,368,309.32,820.29,12.70
1,350.00,369,218.87,201.56,19.05
1,350.00,370,250.44,200.78,0.00
1,350.00,371,683.28,727.15,8.82
1,350.00,372,492.90,575.14,11.36
1,350.00,373,190.50,137.49,18.45
1,350.00,374,325.84,775.31,18.54
1,350.00,375,344.79,737.14,6.02
1,350.00,376,622.95,240.88,10.06
1,350.00,377,650.31,465.90,21.80
1,350.00,378,612.16,780.90,6.38
1,350.00,379,469.00,330.31,10.78
1,350.00,380,608.14,133.71,9.13
1,350.00,381,564.32,324.76,12.76
1,350.00,382,640.53,527.63,12.70
1,350.00,383,896.42,522.98,0.00
1,350.00,384,387.55,519.77,7.67
1,350.00,385,923.06,574.72,23.28
1,350.00,386,438.87,382.82,15.27
1,350.00,387,321.95,716.19,14.64
1,350.00,388,140.49,550.97,0.00
1,350.00,389,411.16,49.43,0.00
1,350.00,390,522.64,715.12,21.30
1,350.00,391,175.41,869.78,18.81
1,350.00,392,581.80,401.52,14.25
1,350.00,393,989.43,803.11,5.03
1,350.00,394,686.50,450.12,5.85
1,350.00,395,498.88,642.47,15.79
1,350.00,396,148.92,469.08,16.08
1,350.00,397,819.84,102.46,5.83
1,350.00,398,848.61,337.21,19.36
1,350.00,399,203.82,640.91,8.71
1,360.00,0,682.52,72.66,10.65
1,360.00,1,773.19,297.29,22.07
1,360.00,2,600.86,233.34,17.50
1,360.00,3,222.29,537.76,0.00
1,360.00,4,279.68,795.31,11.74
1,360.00,5,653.26,424.45,19.86
1,360.00,6,213.18,690.17,17.88
1,360.00,7,598.73,474.84,24.34
1,360.00,8,314.99,862.15,13.37
1,360.00,9,625.05,526.37,8.04
1,360.00,10,194.73,859.69,0.00
1,360.00,11,182.21,499.52,15.65
1,360.00,12,783.56,113.25,0.00
1,360.00,13,743.09,394.58,24.99
1,360.00,14,714.07,811.05,7.20
1,360.00,15,432.90,282.61,0.00
1,360.00,16,430.26,575.65,5.81
1,360.00,17,659.28,51.90,0.00
1,360.00,18,662.56,726.32,9.36
1,360.00,19,957.10,176.20,0.00
1,360.00,20,397.09,813.19,5.05
1,360.00,21,419.36,977.97,5.87
1,360.00,22,743.18,324.86,23.95
1,360.00,23,507.78,101.98,11.68
1,360.00,24,132.66,912.09,9.52
1,360.00,25,464.35,45.05,0.00
1,360.00,26,43.22,831.65,16.06
1,360.00,27,980.92,533.43,0.00
1,360.00,28,783.96,382.39,23.78
1,360.00,29,546.97,786.54,13.13
1,360.00,30,704.01,458.66,22.27
1,360.00,31,528.04,616.09,5.03
1,360.00,32,493.18,644.88,0.00
1,360.00,33,558.37,582.97,5.99
1,360.00,34,369.12,479.91,6.73
1,360.00,35,841.56,717.09,14.77
1,360.00,36,204.15,523.25,0.00
1,360.00,37,657.52,520.76,0.00
1,360.00,38,321.11,378.43,8.63
1,360.00,39,603.51,537.55,0.00
1,360.00,40,532.03,726.18,9.78
1,360.00,41,875.85,259.85,9.37
1,360.00,42,552.53,79.14,23.57
1,360.00,43,143.54,117.56,21.07
1,360.00,44,305.18,609.04,21.68
1,360.00,45,545.34,798.37,5.61
1,360.00,46,656.09,663.14,17.05
1,360.00,47,734.37,600.59,16.02
1,360.00,48,341.42,449.22,9.84
1,360.00,49,754.18,420.88,6.34
1,360.00,50,630.79,250.84,11.63
1,360.00,51,411.06,936.54,5.93
1,360.00,52,293.82,701.27,6.81
1,360.00,53,197.20,913.05,11.58
1,360.00,54,268.77,627.50,20.91
1,360.00,55,430.76,724.21,22.87
1,360.00,56,534.29,939.53,11.51
1,360.00,57,463.33,318.64,14.32
1,360.00,58,797.56,596.38,13.18
1,360.00,59,323.19,701.86,8.33
1,360.00,60,750.87,108.18,20.66
1,360.00,61,546.38,457.66,19.32
1,360.00,62,626.70,774.60,7.83
1,360.00,63,312.23,526.39,13.00
1,360.00,64,343.57,322.47,0.00
1,360.00,65,260.70,792.83,7.43
1,360.00,66,814.26,279.84,24.68
1,360.00,67,768.52,95.72,7.30
1,360.00,68,619.83,811.64,11.43
1,360.00,69,519.68,478.53,0.00
1,360.00,70,822.37,286.13,19.79
1,360.00,71,859.24,844.28,0.00
1,360.00,72,627.58,458.98,10.10
1,360.00,73,664.60,685.90,6.99
1,360.00,74,460.25,658.16,0.00
1,360.00,75,152.64,124.04,22.17
1,360.00,76,473.23,314.26,5.60
1,360.00,77,497.95,772.16,6.68
1,360.00,78,413.59,202.37,9.27
1,360.00,79,903.15,156.84,8.19
1,360.00,80,399.60,480.04,12.28
1,360.00,81,13.50,468.45,0.00
1,360.00,82,663.59,923.61,20.70
1,360.00,83,707.05,446.52,18.81
1,360.00,84,492.16,458.40,11.41
1,360.00,85,495.28,257.98,12.78
1,360.00,86,434.39,289.80,8.07
1,360.00,87,956.51,864.57,15.70
1,360.00,88,64.11,620.81,0.00
1,360.00,89,155.48,802.65,0.00
1,360.00,90,525.28,466.54,11.96
1,360.00,91,878.82,198.71,0.00
1,360.00,92,515.16,391.80,11.72
1,360.00,93,90.43,497.76,0.00
1,360.00,94,256.27,718.78,7.09
1,360.00,95,834.29,380.74,8.38
1,360.00,96,11.75,771.08,0.00
1,360.00,97,589.75,423.10,5.43
1,360.00,98,806.95,79.57,22.34
1,360.00,99,423.47,424.46,22.02
1,360.00,100,344.82,751.22,22.00
1,360.00,101,827.02,208.85,7.92
1,360.00,102,503.68,711.55,8.26
1,360.00,103,188.44,541.91,10.42
1,360.00,104,612.58,459.92,24.69
1,360.00,105,514.37,306.41,15.21
1,360.00,106,990.73,504.88,9.61
1,360.00,107,744.02,480.39,6.36
1,360.00,108,418.67,872.69,15.90
1,360.00,109,272.09,113.18,8.35
1,360.00,110,321.42,457.91,5.47
1,360.00,111,757.62,149.60,9.88
1,360.00,112,188.34,525.85,21.27
1,360.00,113,803.34,479.40,18.65
1,360.00,114,603.69,247.20,12.85
1,360.00,115,120.85,123.27,5.75
1,360.00,116,528.59,365.96,9.55
1,360.00,117,457.74,533.63,8.09
1,360.00,118,773.92,452.30,0.00
1,360.00,119,650.65,511.90,10.15
1,360.00,120,426.32,601.23,5.34
1,360.00,121,378.14,333.36,9.48
1,360.00,122,263.22,386.32,5.53
1,360.00,123,552.67,520.44,7.57
1,360.00,124,246.79,145.23,0.00
1,360.00,125,496.77,348.72,9.07
1,360.00,126,265.93,601.19,12.14
1,360.00,127,913.86,323.13,18.35
1,360.00,128,836.84,764.63,18.45
1,360.00,129,485.56,412.50,9.87
1,360.00,130,693.85,574.25,17.95
1,360.00,131,601.96,715.98,9.46
1,360.00,132,555.55,480.90,17.81
1,360.00,133,726.80,790.76,23.56
1,360.00,134,532.75,871.51,15.75
1,360.00,135,573.87,287.77,8.96
1,360.00,136,543.62,622.62,14.41
1,360.00,137,587.40,823.23,10.35
1,360.00,138,330.89,756.96,15.90
1,360.00,139,87.52,137.15,8.26
1,360.00,140,725.37,808.69,7.62
1,360.00,141,847.09,290.51,14.59
1,360.00,142,385.33,185.76,0.00
1,360.00,143,666.16,475.78,6.12
1,360.00,144,498.62,48.30,18.20
1,360.00,145,378.45,262.61,22.37
1,360.00,146,227.91,843.36,0.00
1,360.00,147,834.68,509.57,0.00
1,360.00,148,498.70,293.95,5.17
1,360.00,149,536.89,783.66,14.85
1,360.00,150,328.77,203.18,5.11
1,360.00,151,678.09,307.44,0.00
1,360.00,152,440.84,941.28,13.99
1,360.00,153,90.72,869.34,16.19
1,360.00,154,691.62,506.03,11.49
1,360.00,155,534.08,713.98,14.67
1,360.00,156,553.89,156.67,21.49
1,360.00,157,391.02,264.25,6.28
1,360.00,158,214.20,632.27,12.11
1,360.00,159,203.65,370.70,11.20
1,360.00,160,481.37,548.62,21.88
1,360.00,161,535.34,217.69,12.84
1,360.00,162,378.94,765.44,6.91
1,360.00,163,82.25,734.61,15.65
1,360.00,164,117.48,88.31,7.41
1,360.00,165,578.59,655.15,23.71
1,360.00,166,769.13,937.16,12.30
1,360.00,167,446.07,626.15,7.80
1,360.00,168,410.65,110.65,14.38
1,360.00,169,824.83,538.04,0.00
1,360.00,170,473.59,427.76,6.32
1,360.00,171,855.82,375.02,6.48
1,360.00,172,99.80,407.81,17.05
1,360.00,173,700.83,193.17,9.64
1,360.00,174,486.21,108.21,0.00
1,360.00,175,178.49,443.32,9.02
1,360.00,176,287.96,863.65,7.23
1,360.00,177,208.49,758.88,6.53
1,360.00,178,390.45,595.50,13.50
1,360.00,179,285.71,157.16,16.78
1,360.00,180,578.56,160.60,22.43
1,360.00,181,890.50,767.14,6.45
1,360.00,182,313.40,568.61,8.65
1,360.00,183,222.12,670.11,15.78
1,360.00,184,331.90,503.36,5.26
1,360.00,185,589.01,663.45,12.97
1,360.00,186,376.01,965.28,11.81
1,360.00,187,426.45,125.47,11.66
1,360.00,188,956.67,476.09,0.00
1,360.00,189,364.13,791.69,0.00
1,360.00,190,373.62,86.31,9.47
1,360.00,191,682.33,596.84,0.00
1,360.00,192,466.60,785.22,0.00
1,360.00,193,591.35,719.60,0.00
1,360.00,194,872.74,313.71,10.96
1,360.00,195,477.07,765.15,9.49
1,360.00,196,277.88,536.81,11.14
1,360.00,197,525.72,906.04,14.69
1,360.00,198,182.46,426.76,8.53
1,360.00,199,804.42,97.70,11.06
1,360.00,200,577.59,584.88,10.38
1,360.00,201,274.49,328.95,9.99
1,360.00,202,919.17,301.60,21.60
1,360.00,203,574.74,636.73,8.48
1,360.00,204,681.33,425.56,7.55
1,360.00,205,258.54,384.11,0.00
1,360.00,206,430.42,520.06,8.73
1,360.00,207,233.58,815.82,20.36
1,360.00,208,426.10,331.06,18.25
1,360.00,209,644.85,160.43,5.54
1,360.00,210,440.61,897.77,5.86
1,360.00,211,399.67,171.58,0.00
1,360.00,212,152.58,858.98,12.36
1,360.00,213,362.97,350.14,16.02
1,360.00,214,788.23,90.04,5.56
1,360.00,215,452.68,655.61,11.71
1,360.00,216,692.15,229.04,11.36
1,360.00,217,471.50,872.09,5.51
1,360.00,218,394.25,718.01,22.83
1,360.00,219,729.77,249.93,10.55
1,360.00,220,324.27,168.72,0.00
1,360.00,221,670.28,359.78,22.57
1,360.00,222,480.72,659.85,23.70
1,360.00,223,986.58,526.44,0.00
1,360.00,224,432.55,172.41,15.08
1,360.00,225,288.79,123.17,7.10
1,360.00,226,772.67,363.57,0.00
1,360.00,227,368.41,716.53,12.67
1,360.00,228,271.86,370.88,11.74
1,360.00,229,825.15,772.54,19.72
1,360.00,230,667.48,501.32,11.85
1,360.00,231,545.24,618.58,12.03
1,360.00,232,214.60,108.79,19.94
1,360.00,233,559.68,630.49,15.78
1,360.00,234,119.79,913.38,0.00
1,360.00,235,98.19,361.93,9.60
1,360.00,236,128.21,262.01,10.48
1,360.00,237,747.32,309.31,5.39
1,360.00,238,324.35,480.92,12.91
1,360.00,239,866.52,135.73,13.88
1,360.00,240,633.76,609.16,5.82
1,360.00,241,667.42,207.61,9.59
1,360.00,242,942.40,220.28,17.39
1,360.00,243,978.02,443.53,0.00
1,360.00,244,446.09,975.65,0.00
1,360.00,245,882.98,111.34,0.00
1,360.00,246,834.52,684.78,20.56
1,360.00,247,552.14,123.71,18.88
1,360.00,248,594.77,430.85,0.00
1,360.00,249,102.01,769.54,18.79
1,360.00,250,683.35,277.69,5.57
1,360.00,251,526.76,453.95,0.00
1,360.00,252,301.82,570.02,14.06
1,360.00,253,836.93,726.62,6.00
1,360.00,254,452.85,922.09,16.43
1,360.00,255,396.12,840.09,8.11
1,360.00,256,379.51,511.44,17.36
1,360.00,257,808.83,55.98,0.00
1,360.00,258,60.16,677.39,8.05
1,360.00,259,795.76,424.51,24.93
1,360.00,260,402.87,80.70,21.95
1,360.00,261,286.90,675.40,9.29
1,360.00,262,731.50,91.82,7.61
1,360.00,263,777.95,717.74,7.19
1,360.00,264,344.69,317.34,0.00
1,360.00,265,460.88,266.81,11.88
1,360.00,266,376.29,70.56,15.48
1,360.00,267,316.11,898.74,5.39
1,360.00,268,155.75,615.53,0.00
1,360.00,269,440.01,735.44,17.32
1,360.00,270,480.99,536.07,6.67
1,360.00,271,948.83,174.99,19.64
1,360.00,272,526.70,648.23,6.73
1,360.00,273,59.09,867.88,0.00
1,360.00,274,556.08,673.01,0.00
1,360.00,275,132.46,738.80,15.64
1,360.00,276,573.22,393.71,11.72
1,360.00,277,774.54,694.61,11.50
1,360.00,278,209.32,264.90,7.70
1,360.00,279,560.34,391.61,6.49
1,360.00,280,275.34,613.55,16.47
1,360.00,281,735.58,606.28,10.61
1,360.00,282,478.35,769.94,17.80
1,360.00,283,688.90,276.67,11.35
1,360.00,284,699.94,818.45,6.53
1,360.00,285,389.68,654.73,0.00
1,360.00,286,276.31,776.69,0.00
1,360.00,287,211.09,663.46,7.33
1,360.00,288,842.55,947.54,7.66
1,360.00,289,772.30,924.78,10.62
1,360.00,290,683.02,458.66,0.00
1,360.00,291,192.66,434.48,5.22
1,360.00,292,421.66,214.59,5.96
1,360.00,293,933.44,975.56,0.00
1,360.00,294,124.95,684.82,24.02
1,360.00,295,387.77,871.72,22.24
1,360.00,296,555.56,249.55,16.67
1,360.00,297,784.68,237.89,9.33
1,360.00,298,580.97,532.34,22.78
1,360.00,299,837.17,609.49,6.58
1,360.00,300,294.63,314.81,6.95
1,360.00,301,716.88,511.45,19.53
1,360.00,302,682.46,304.08,7.05
1,360.00,303,652.68,556.73,6.70
1,360.00,304,656.22,841.35,0.00
1,360.00,305,160.44,419.03,7.01
1,360.00,306,508.60,815.33,8.07
1,360.00,307,646.65,554.20,10.25
1,360.00,308,957.07,414.34,18.31
1,360.00,309,722.01,925.75,11.57
1,360.00,310,481.37,100.60,6.68
1,360.00,311,78.94,643.05,24.66
1,360.00,312,775.95,516.47,14.39
1,360.00,313,885.57,969.88,0.00
1,360.00,314,634.46,646.58,5.89
1,360.00,315,572.65,504.74,5.82
1,360.00,316,330.55,427.27,8.48
1,360.00,317,782.72,804.48,17.40
1,360.00,318,635.19,972.24,21.04
1,360.00,319,521.70,361.02,7.59
1,360.00,320,654.32,702.74,0.00
1,360.00,321,561.95,487.32,0.00
1,360.00,322,69.42,538.61,0.00
1,360.00,323,506.94,637.94,6.31
1,360.00,324,249.08,887.80,5.50
1,360.00,325,254.64,575.34,9.75
1,360.00,326,819.72,919.42,19.81
1,360.00,327,783.14,608.99,0.00
1,360.00,328,830.13,490.25,5.64
1,360.00,329,127.48,320.23,7.03
1,360.00,330,619.25,881.75,16.93
1,360.00,331,714.97,637.23,0.00
1,360.00,332,450.65,926.52,0.00
1,360.00,333,431.84,688.55,0.00
1,360.00,334,140.36,479.30,9.03
1,360.00,335,657.79,388.33,16.52
1,360.00,336,512.73,646.94,0.00
1,360.00,337,12.42,821.58,0.00
1,360.00,338,337.99,718.45,0.00
1,360.00,339,848.85,261.33,8.49
1,360.00,340,703.71,297.14,10.28
1,360.00,341,691.17,731.59,16.13
1,360.00,342,136.79,575.55,17.30
1,360.00,343,370.28,449.50,16.82
1,360.00,344,588.79,951.49,0.00
1,360.00,345,370.90,860.38,0.00
1,360.00,346,74.87,331.26,13.32
1,360.00,347,588.26,424.18,12.13
1,360.00,348,574.14,83.02,8.12
1,360.00,349,484.98,674.58,8.17
1,360.00,350,339.61,568.88,20.35
1,360.00,351,343.93,232.45,9.27
1,360.00,352,200.48,142.15,0.00
1,360.00,353,444.44,457.48,13.37
1,360.00,354,395.83,352.14,21.33
1,360.00,355,685.99,71.80,0.00
1,360.00,356,720.08,309.39,0.00
1,360.00,357,778.54,188.09,24.59
1,360.00,358,464.52,745.63,8.88
1,360.00,359,616.18,582.73,11.43
1,360.00,360,115.34,562.56,9.46
1,360.00,361,842.71,637.80,13.49
1,360.00,362,265.33,238.10,6.25
1,360.00,363,408.27,325.98,9.97
1,360.00,364,491.60,451.93,10.86
1,360.00,365,189.90,514.63,10.84
1,360.00,366,788.04,790.02,6.08
1,360.00,367,751.35,288.88,19.82
1,360.00,368,236.61,924.47,12.70
1,360.00,369,391.01,283.10,19.05
1,360.00,370,317.79,254.40,20.81
1,360.00,371,730.97,801.37,8.82
1,360.00,372,468.44,578.07,0.00
1,360.00,373,102.79,30.27,0.00
1,360.00,374,489.26,850.55,0.00
1,360.00,375,403.26,751.33,6.02
1,360.00,376,723.51,245.06,10.06
1,360.00,377,436.33,424.20,21.80
1,360.00,378,612.44,808.39,0.00
1,360.00,379,387.70,259.56,10.78
1,360.00,380,691.30,96.05,9.13
1,360.00,381,662.71,243.49,12.76
1,360.00,382,586.59,642.58,12.70
1,360.00,383,768.96,499.00,15.41
1,360.00,384,462.30,502.41,7.67
1,360.00,385,690.47,564.19,23.28
1,360.00,386,369.09,314.89,0.00
1,360.00,387,210.02,810.50,14.64
1,360.00,388,215.86,593.18,23.49
1,360.00,389,440.18,182.34,14.58
1,360.00,390,684.29,853.81,21.30
1,360.00,391,155.46,909.65,0.00
1,360.00,392,441.26,377.90,14.25
1,360.00,393,984.75,752.99,5.03
1,360.00,394,683.11,391.75,5.85
1,360.00,395,582.37,776.45,15.79
1,360.00,396,15.32,461.00,0.00
1,360.00,397,793.76,154.61,5.83
1,360.00,398,860.41,332.04,0.00
1,360.00,399,131.84,689.95,8.71
1,370.00,0,717.51,173.20,10.65
1,370.00,1,970.95,259.49,0.00
1,370.00,2,426.37,220.38,17.50
1,370.00,3,330.58,535.53,20.97
1,370.00,4,323.71,686.48,11.74
1,370.00,5,766.78,587.43,19.86
1,370.00,6,209.82,511.36,17.88
1,370.00,7,694.82,698.46,24.34
1,370.00,8,406.42,764.56,13.37
1,370.00,9,694.21,485.27,8.04
1,370.00,10,242.79,810.01,17.29
1,370.00,11,116.05,619.69,0.00
1,370.00,12,745.66,104.07,11.20
1,370.00,13,509.53,483.34,24.99
1,370.00,14,648.58,841.00,7.20
1,370.00,15,319.69,205.30,22.62
1,370.00,16,467.13,530.77,5.81
1,370.00,17,653.99,70.85,10.25
1,370.00,18,719.12,800.92,9.36
1,370.00,19,949.29,212.90,20.97
1,370.00,20,402.87,763.02,5.05
1,370.00,21,477.41,969.24,5.87
1,370.00,22,521.82,416.29,23.95
1,370.00,23,624.47,107.02,11.68
1,370.00,24,165.03,822.60,9.52
1,370.00,25,601.48,134.42,0.00
1,370.00,26,174.05,738.43,16.06
1,370.00,27,904.14,509.05,9.73
1,370.00,28,748.50,147.26,23.78
1,370.00,29,418.66,758.73,13.13
1,370.00,30,758.92,674.45,22.27
1,370.00,31,544.24,663.75,5.03
1,370.00,32,479.32,626.67,11.74
1,370.00,33,571.65,524.58,5.99
1,370.00,34,431.87,455.64,6.73
1,370.00,35,694.03,723.19,14.77
1,370.00,36,198.34,501.54,8.85
1,370.00,37,734.35,404.16,15.32
1,370.00,38,388.94,325.04,8.63
1,370.00,39,580.47,557.76,17.71
1,370.00,40,628.03,707.40,9.78
1,370.00,41,843.93,171.80,9.37
1,370.00,42,617.79,143.61,0.00
1,370.00,43,142.40,117.66,0.00
1,370.00,44,208.04,578.27,0.00
1,370.00,45,549.25,798.84,0.00
1,370.00,46,505.14,583.77,17.05
1,370.00,47,800.00,746.70,16.02
1,370.00,48,410.07,519.65,9.84
1,370.00,49,755.17,484.23,6.34
1,370.00,50,619.40,366.56,11.63
1,370.00,51,442.21,886.08,5.93
1,370.00,52,349.88,739.96,6.81
1,370.00,53,261.83,816.99,11.58
1,370.00,54,65.53,632.08,0.00
1,370.00,55,210.55,662.31,22.87
1,370.00,56,635.82,885.25,11.51
1,370.00,57,485.91,177.26,14.32
1,370.00,58,852.17,716.30,13.18
1,370.00,59,374.84,636.50,8.33
1,370.00,60,544.27,112.23,20.66
1,370.00,61,703.87,345.82,19.32
1,370.00,62,640.21,697.48,7.83
1,370.00,63,432.14,576.55,13.00
1,370.00,64,386.18,333.74,14.65
1,370.00,65,329.74,765.41,7.43
1,370.00,66,596.35,163.96,24.68
1,370.00,67,774.48,86.10,0.00
1,370.00,68,717.63,870.80,11.43
1,370.00,69,479.97,458.53,8.95
1,370.00,70,891.52,229.91,0.00
1,370.00,71,860.36,794.87,12.37
1,370.00,72,546.94,519.73,10.10
1,370.00,73,719.92,668.93,0.00
1,370.00,74,496.43,665.71,14.07
1,370.00,75,75.92,55.72,0.00
1,370.00,76,457.01,367.90,5.60
1,370.00,77,539.52,824.51,6.68
1,370.00,78,400.03,110.66,9.27
1,370.00,79,876.62,234.35,8.19
1,370.00,80,494.44,558.05,12.28
1,370.00,81,181.35,491.41,19.68
1,370.00,82,865.88,967.35,20.70
1,370.00,83,532.59,516.92,18.81
1,370.00,84,605.91,467.74,11.41
1,370.00,85,535.12,279.16,0.00
1,370.00,86,417.80,210.80,8.07
1,370.00,87,906.74,715.67,15.70
1,370.00,88,77.29,631.07,10.84
1,370.00,89,201.95,789.53,12.82
1,370.00,90,406.60,481.02,11.96
1,370.00,91,748.66,198.05,0.00
1,370.00,92,577.97,292.82,11.72
1,370.00,93,253.59,556.17,20.89
1,370.00,94,225.35,749.34,0.00
1,370.00,95,814.13,299.43,8.38
1,370.00,96,42.88,733.65,18.47
1,370.00,97,558.25,433.18,0.00
1,370.00,98,836.25,39.87,0.00
1,370.00,99,286.30,252.15,22.02
1,370.00,100,297.59,536.33,22.00
1,370.00,101,848.51,285.04,7.92
1,370.00,102,421.24,707.16,8.26
1,370.00,103,209.29,439.85,10.42
1,370.00,104,540.95,696.20,24.69
1,370.00,105,509.90,154.37,15.21
1,370.00,106,992.47,600.97,9.61
1,370.00,107,696.36,438.28,6.36
1,370.00,108,410.34,879.09,0.00
1,370.00,109,313.09,40.45,8.35
1,370.00,110,269.88,439.68,5.47
1,370.00,111,664.65,116.09,9.88
1,370.00,112,38.81,374.54,21.27
1,370.00,113,872.71,652.47,18.65
1,370.00,114,530.98,353.20,12.85
1,370.00,115,77.34,85.74,5.75
1,370.00,116,496.23,455.80,9.55
1,370.00,117,450.38,614.24,8.09
1,370.00,118,746.99,434.71,16.90
1,370.00,119,642.30,410.71,10.15
1,370.00,120,464.67,564.08,5.34
1,370.00,121,465.77,369.41,9.48
1,370.00,122,227.26,344.30,5.53
1,370.00,123,541.47,445.55,7.57
1,370.00,124,260.73,169.91,24.62
1,370.00,125,437.50,368.65,0.00
1,370.00,126,349.56,631.34,0.00
1,370.00,127,777.79,446.19,18.35
1,370.00,128,949.50,910.77,18.45
1,370.00,129,560.62,476.62,9.87
1,370.00,130,547.99,678.86,17.95
1,370.00,131,674.19,654.83,9.46
1,370.00,132,613.00,649.50,17.81
1,370.00,133,539.49,647.79,23.56
1,370.00,134,439.51,744.57,15.75
1,370.00,135,650.76,333.84,8.96
1,370.00,136,428.02,708.59,14.41
1,370.00,137,504.19,884.73,10.35
1,370.00,138,489.78,761.95,15.90
1,370.00,139,119.94,213.08,8.26
1,370.00,140,797.80,832.36,7.62
1,370.00,141,705.80,254.26,14.59
1,370.00,142,414.60,332.94,17.27
1,370.00,143,711.48,434.59,6.12
1,370.00,144,625.45,82.73,0.00
1,370.00,145,509.79,81.49,22.37
1,370.00,146,328.82,798.62,23.59
1,370.00,147,783.87,554.58,21.90
1,370.00,148,509.40,243.34,5.17
1,370.00,149,396.35,735.85,14.85
1,370.00,150,290.41,169.40,5.11
1,370.00,151,670.36,431.88,17.14
1,370.00,152,502.21,965.86,0.00
1,370.00,153,193.15,807.26,0.00
1,370.00,154,723.62,395.68,11.49
1,370.00,155,628.10,601.31,14.67
1,370.00,156,338.98,152.95,21.49
1,370.00,157,340.96,302.16,6.28
1,370.00,158,119.60,707.92,12.11
1,370.00,159,214.09,465.26,0.00
1,370.00,160,697.85,516.91,21.88
1,370.00,161,663.73,214.01,12.84
1,370.00,162,326.12,809.99,6.91
1,370.00,163,237.15,712.29,15.65
1,370.00,164,158.36,150.11,7.41
1,370.00,165,549.75,706.62,0.00
1,370.00,166,840.17,836.80,12.30
1,370.00,167,500.83,681.74,7.80
1,370.00,168,553.28,92.19,14.38
1,370.00,169,877.05,415.55,23.16
1,370.00,170,446.72,484.93,6.32
1,370.00,171,844.12,311.29,6.48
1,370.00,172,268.19,380.90,17.05
1,370.00,173,771.90,226.56,0.00
1,370.00,174,505.25,100.31,16.71
1,370.00,175,263.91,472.31,9.02
1,370.00,176,360.19,861.50,7.23
1,370.00,177,160.08,802.76,6.53
1,370.00,178,514.98,647.69,13.50
1,370.00,179,241.80,319.11,16.78
1,370.00,180,663.35,29.64,0.00
1,370.00,181,893.53,702.71,6.45
1,370.00,182,251.40,628.91,8.65
1,370.00,183,375.29,631.98,15.78
1,370.00,184,283.49,523.82,5.26
1,370.00,185,700.90,597.87,12.97
1,370.00,186,492.36,985.58,11.81
1,370.00,187,321.91,73.84,11.66
1,370.00,188,843.29,548.64,13.53
1,370.00,189,490.38,829.39,14.76
1,370.00,190,333.81,172.24,9.47
1,370.00,191,565.57,682.97,21.57
1,370.00,192,496.05,775.30,16.17
1,370.00,193,523.15,712.18,21.13
1,370.00,194,840.74,418.53,10.96
1,370.00,195,475.97,819.16,0.00
1,370.00,196,166.83,545.81,11.14
1,370.00,197,428.69,795.69,14.69
1,370.00,198,113.40,476.80,8.53
1,370.00,199,841.76,23.91,0.00
1,370.00,200,599.99,483.50,10.38
1,370.00,201,310.54,422.17,9.99
1,370.00,202,831.07,498.84,21.60
1,370.00,203,615.85,710.86,8.48
1,370.00,204,703.75,421.06,0.00
1,370.00,205,330.88,382.98,0.00
1,370.00,206,394.72,440.39,8.73
1,370.00,207,285.11,618.83,20.36
1,370.00,208,605.47,297.37,18.25
1,370.00,209,634.53,214.87,5.54
1,370.00,210,483.94,858.28,5.86
1,370.00,211,390.75,185.56,7.99
1,370.00,212,58.82,909.58,0.00
1,370.00,213,415.89,270.86,0.00
1,370.00,214,808.39,38.21,5.56
1,370.00,215,391.31,555.91,11.71
1,370.00,216,759.27,233.74,0.00
1,370.00,217,525.62,861.87,5.51
1,370.00,218,538.83,541.30,22.83
1,370.00,219,813.67,185.89,10.55
1,370.00,220,328.36,175.40,20.18
1,370.00,221,749.44,386.44,0.00
1,370.00,222,685.80,541.06,23.70
1,370.00,223,933.38,514.98,15.89
1,370.00,224,575.86,219.30,15.08
1,370.00,225,249.56,64.05,7.10
1,370.00,226,751.08,432.34,11.16
1,370.00,227,298.62,788.42,0.00
1,370.00,228,181.30,296.10,11.74
1,370.00,229,882.47,583.83,19.72
1,370.00,230,613.54,606.80,11.85
1,370.00,231,557.00,498.89,12.03
1,370.00,232,389.83,203.98,19.94
1,370.00,233,563.58,633.94,0.00
1,370.00,234,200.27,803.78,24.75
1,370.00,235,21.43,304.22,9.60
1,370.00,236,106.19,159.50,10.48
1,370.00,237,719.13,355.24,5.39
1,370.00,238,218.88,406.49,12.91
1,370.00,239,946.23,99.09,0.00
1,370.00,240,691.21,618.19,5.82
1,370.00,241,587.71,260.87,9.59
1,370.00,242,937.16,131.45,0.00
1,370.00,243,938.69,472.34,19.22
1,370.00,244,427.87,955.50,15.09
1,370.00,245,850.08,179.15,13.28
1,370.00,246,930.36,866.72,20.56
1,370.00,247,585.98,309.40,18.88
1,370.00,248,577.29,448.80,14.42
1,370.00,249,50.07,950.11,18.79
1,370.00,250,688.47,269.60,0.00
1,370.00,251,459.78,593.11,24.02
1,370.00,252,427.59,507.09,14.06
1,370.00,253,819.52,669.16,6.00
1,370.00,254,288.60,921.54,16.43
1,370.00,255,330.36,792.62,8.11
1,370.00,256,220.04,579.94,17.36
1,370.00,257,787.11,92.13,9.86
1,370.00,258,77.29,756.00,8.05
1,370.00,259,882.12,392.87,0.00
1,370.00,260,374.41,80.53,0.00
1,370.00,261,320.77,588.90,9.29
1,370.00,262,807.06,82.73,7.61
1,370.00,263,800.03,786.16,7.19
1,370.00,264,390.32,351.84,11.14
1,370.00,265,556.77,336.99,11.88
1,370.00,266,530.95,64.01,15.48
1,370.00,267,315.03,952.62,5.39
1,370.00,268,215.94,684.43,19.24
1,370.00,269,600.00,669.00,17.32
1,370.00,270,529.21,490.04,6.67
1,370.00,271,956.31,157.88,0.00
1,370.00,272,460.72,634.76,6.73
1,370.00,273,85.72,778.98,19.21
1,370.00,274,504.72,748.37,20.58
1,370.00,275,62.00,739.67,0.00
1,370.00,276,593.31,390.44,0.00
1,370.00,277,663.79,725.67,11.50
1,370.00,278,137.55,237.05,7.70
1,370.00,279,617.80,361.55,6.49
1,370.00,280,155.05,501.11,16.47
1,370.00,281,820.10,542.05,10.61
1,370.00,282,549.10,606.62,17.80
1,370.00,283,654.55,259.98,0.00
1,370.00,284,638.40,840.36,6.53
1,370.00,285,348.44,694.49,12.02
1,370.00,286,306.50,792.42,19.64
1,370.00,287,284.31,660.91,7.33
1,370.00,288,766.74,958.76,7.66
1,370.00,289,828.66,989.73,0.00
1,370.00,290,583.62,414.28,14.57
1,370.00,291,186.05,382.69,5.22
1,370.00,292,422.04,208.03,0.00
1,370.00,293,930.87,920.79,7.09
1,370.00,294,13.16,795.26,0.00
1,370.00,295,396.96,987.53,0.00
1,370.00,296,602.60,226.83,0.00
1,370.00,297,714.10,298.96,9.33
1,370.00,298,377.25,430.42,22.78
1,370.00,299,794.13,559.76,6.58
1,370.00,300,363.82,321.87,6.95
1,370.00,301,779.78,696.33,19.53
1,370.00,302,679.39,374.54,7.05
1,370.00,303,676.91,619.16,6.70
1,370.00,304,659.04,815.84,12.68
1,370.00,305,127.08,480.73,7.01
1,370.00,306,445.98,764.44,8.07
1,370.00,307,675.23,652.63,10.25
1,370.00,308,783.45,472.62,18.31
1,370.00,309,837.65,929.39,11.57
1,370.00,310,546.19,84.38,6.68
1,370.00,311,118.05,399.59,24.66
1,370.00,312,643.04,461.21,14.39
1,370.00,313,888.91,953.55,14.23
1,370.00,314,630.72,705.40,5.89
1,370.00,315,620.18,538.36,5.82
1,370.00,316,322.55,420.69,0.00
1,370.00,317,627.60,883.36,17.40
1,370.00,318,668.36,993.98,0.00
1,370.00,319,468.15,414.74,7.59
1,370.00,320,572.86,721.77,11.02
1,370.00,321,543.66,473.88,12.32
1,370.00,322,83.01,572.86,8.89
1,370.00,323,491.74,576.74,6.31
1,370.00,324,291.23,852.48,5.50
1,370.00,325,341.60,531.35,9.75
1,370.00,326,717.02,873.68,0.00
1,370.00,327,724.13,602.12,11.67
1,370.00,328,809.22,437.85,5.64
1,370.00,329,139.17,250.92,7.03
1,370.00,330,478.94,787.02,16.93
1,370.00,331,706.03,647.72,15.22
1,370.00,332,430.69,876.25,8.72
1,370.00,333,434.73,691.41,16.31
1,370.00,334,200.92,546.32,9.03
1,370.00,335,761.05,259.44,16.52
1,370.00,336,524.46,653.54,10.94
1,370.00,337,51.08,774.35,12.28
1,370.00,338,359.88,706.94,6.76
1,370.00,339,766.67,240.20,8.49
1,370.00,340,779.25,366.86,10.28
1,370.00,341,730.83,575.28,16.13
1,370.00,342,131.71,572.55,0.00
1,370.00,343,494.94,383.88,0.00
1,370.00,344,601.67,920.64,5.52
1,370.00,345,415.57,726.35,20.68
1,370.00,346,49.86,345.83,0.00
1,370.00,347,651.80,527.55,12.13
1,370.00,348,601.17,36.11,0.00
1,370.00,349,415.61,717.68,8.17
1,370.00,350,471.36,723.94,20.35
1,370.00,351,254.31,208.76,9.27
1,370.00,352,284.64,179.20,18.90
1,370.00,353,377.49,573.16,13.37
1,370.00,354,588.66,260.92,21.33
1,370.00,355,705.49,110.82,9.72
1,370.00,356,739.52,393.84,9.63
1,370.00,357,774.07,134.44,0.00
1,370.00,358,383.98,783.03,8.88
1,370.00,359,571.00,477.77,11.43
1,370.00,360,113.14,563.40,0.00
1,370.00,361,956.25,710.68,13.49
1,370.00,362,282.02,177.86,6.25
1,370.00,363,490.09,382.92,9.97
1,370.00,364,422.03,368.51,10.86
1,370.00,365,297.80,524.83,10.84
1,370.00,366,810.62,846.48,6.08
1,370.00,367,808.95,238.89,0.00
1,370.00,368,217.21,952.27,0.00
1,370.00,369,563.14,364.64,19.05
1,370.00,370,480.59,384.02,20.81
1,370.00,371,778.65,875.58,8.82
1,370.00,372,527.83,582.82,7.61
1,370.00,373,141.29,75.97,24.00
1,370.00,374,493.44,848.47,15.76
1,370.00,375,461.73,765.53,6.02
1,370.00,376,824.07,249.24,10.06
1,370.00,377,360.31,409.39,0.00
1,370.00,378,607.01,688.07,21.17
1,370.00,379,306.41,188.82,10.78
1,370.00,380,774.45,58.38,9.13
1,370.00,381,761.10,162.21,12.76
1,370.00,382,553.96,712.12,0.00
1,370.00,383,617.51,470.49,15.41
1,370.00,384,537.05,485.05,7.67
1,370.00,385,457.89,553.66,23.28
1,370.00,386,402.24,359.79,15.40
1,370.00,387,107.58,896.81,0.00
1,370.00,388,420.79,707.96,23.49
1,370.00,389,471.28,324.73,14.58
1,370.00,390,722.26,886.39,0.00
1,370.00,391,209.58,744.21,22.81
1,370.00,392,300.73,354.29,14.25
1,370.00,393,980.07,702.87,5.03
1,370.00,394,679.71,333.38,5.85
1,370.00,395,665.85,910.42,15.79
1,370.00,396,38.56,458.81,13.91
1,370.00,397,767.68,206.76,5.83
1,370.00,398,709.84,367.38,16.57
1,370.00,399,59.86,738.98,8.71
1,380.00,0,752.50,273.74,10.65
1,380.00,1,953.99,270.20,22.82
1,380.00,2,251.88,207.41,17.50
1,380.00,3,511.94,531.79,0.00
1,380.00,4,367.73,577.66,11.74
1,380.00,5,880.30,750.40,19.86
1,380.00,6,206.45,332.55,17.88
1,380.00,7,713.69,742.38,0.00
1,380.00,8,497.84,666.98,13.37
1,380.00,9,763.37,444.18,8.04
1,380.00,10,363.02,685.72,17.29
1,380.00,11,123.43,616.63,6.48
1,380.00,12,636.78,77.68,11.20
1,380.00,13,275.97,572.11,24.99
1,380.00,14,583.09,870.94,7.20
1,380.00,15,132.90,77.72,22.62
1,380.00,16,503.99,485.88,5.81
1,380.00,17,626.38,169.60,10.25
1,380.00,18,775.68,875.52,9.36
1,380.00,19,905.63,418.02,20.97
1,380.00,20,408.66,712.85,5.05
1,380.00,21,535.46,960.52,5.87
1,380.00,22,300.47,507.72,23.95
1,380.00,23,741.17,112.05,11.68
1,380.00,24,197.40,733.11,9.52
1,380.00,25,584.90,142.96,18.01
1,380.00,26,304.89,645.21,16.06
1,380.00,27,811.41,479.60,9.73
1,380.00,28,748.45,146.93,0.00
1,380.00,29,290.35,730.93,13.13
1,380.00,30,770.83,721.30,0.00
1,380.00,31,560.44,711.42,5.03
1,380.00,32,408.23,533.27,11.74
1,380.00,33,584.92,466.18,5.99
1,380.00,34,494.61,431.36,6.73
1,380.00,35,546.50,729.30,14.77
1,380.00,36,175.45,416.01,8.85
1,380.00,37,818.64,276.25,15.32
1,380.00,38,456.77,271.66,8.63
1,380.00,39,447.35,674.48,17.71
1,380.00,40,724.02,688.62,9.78
1,380.00,41,812.00,83.75,9.37
1,380.00,42,579.74,246.49,17.96
1,380.00,43,189.92,204.68,0.00
1,380.00,44,235.45,555.53,6.72
1,380.00,45,541.42,739.28,6.46
1,380.00,46,354.19,504.39,17.05
1,380.00,47,865.63,892.81,16.02
1,380.00,48,410.37,519.96,0.00
1,380.00,49,755.58,510.44,0.00
1,380.00,50,608.02,482.28,11.63
1,380.00,51,473.37,835.62,5.93
1,380.00,52,405.94,778.65,6.81
1,380.00,53,326.45,720.93,11.58
1,380.00,54,66.58,636.92,17.90
1,380.00,55,40.28,614.45,0.00
1,380.00,56,737.35,830.97,11.51
1,380.00,57,491.72,140.87,0.00
1,380.00,58,858.90,731.08,0.00
1,380.00,59,426.49,571.15,8.33
1,380.00,60,467.30,113.75,0.00
1,380.00,61,861.36,233.99,19.32
1,380.00,62,653.71,620.35,7.83
1,380.00,63,552.05,626.72,13.00
1,380.00,64,527.84,371.20,14.65
1,380.00,65,380.67,745.17,0.00
1,380.00,66,576.60,153.46,0.00
1,380.00,67,722.72,120.00,7.32
1,380.00,68,815.43,929.96,11.43
1,380.00,69,400.04,418.30,8.95
1,380.00,70,814.75,298.91,18.78
1,380.00,71,863.16,671.23,12.37
1,380.00,72,466.31,580.48,10.10
1,380.00,73,683.75,692.29,24.99
1,380.00,74,634.19,694.44,14.07
1,380.00,75,77.87,119.29,11.85
1,380.00,76,440.80,421.54,5.60
1,380.00,77,581.10,876.86,6.68
1,380.00,78,398.75,102.03,0.00
1,380.00,79,850.08,311.85,8.19
1,380.00,80,589.27,636.06,12.28
1,380.00,81,376.36,518.08,19.68
1,380.00,82,950.94,985.74,0.00
1,380.00,83,358.13,587.32,18.81
1,380.00,84,719.65,477.08,11.41
1,380.00,85,648.20,251.55,18.00
1,380.00,86,401.22,131.81,8.07
1,380.00,87,856.97,566.78,15.70
1,380.00,88,162.80,697.64,10.84
1,380.00,89,325.37,754.69,12.82
1,380.00,90,313.28,492.41,0.00
1,380.00,91,751.84,236.11,13.20
1,380.00,92,585.14,281.51,0.00
1,380.00,93,450.23,626.57,20.89
1,380.00,94,266.15,741.42,10.75
1,380.00,95,807.60,273.09,0.00
1,380.00,96,160.97,591.61,18.47
1,380.00,97,530.02,405.84,10.07
1,380.00,98,780.98,161.85,17.19
1,380.00,99,248.79,205.03,0.00
1,380.00,100,250.36,321.44,22.00
1,380.00,101,870.00,361.23,7.92
1,380.00,102,338.81,702.77,8.26
1,380.00,103,230.15,337.80,10.42
1,380.00,104,522.22,757.97,0.00
1,380.00,105,508.29,99.87,0.00
1,380.00,106,994.21,697.06,9.61
1,380.00,107,648.69,396.16,6.36
1,380.00,108,467.67,679.73,22.21
1,380.00,109,317.98,31.77,0.00
1,380.00,110,218.34,421.44,5.47
1,380.00,111,571.67,82.58,9.88
1,380.00,112,13.46,348.90,0.00
1,380.00,113,942.08,825.54,18.65
1,380.00,114,458.27,459.20,12.85
1,380.00,115,57.41,68.54,0.00
1,380.00,116,463.87,545.65,9.55
1,380.00,117,443.03,694.85,8.09
1,380.00,118,605.48,342.24,16.90
1,380.00,119,633.94,309.53,10.15
1,380.00,120,503.03,526.93,5.34
1,380.00,121,553.41,405.46,9.48
1,380.00,122,191.31,302.28,5.53
1,380.00,123,530.26,370.67,7.57
1,380.00,124,381.73,384.31,24.62
1,380.00,125,498.01,381.71,19.92
1,380.00,126,402.96,657.66,22.22
1,380.00,127,641.71,569.25,18.35
1,380.00,128,978.75,948.71,0.00
1,380.00,129,635.68,540.75,9.87
1,380.00,130,402.12,783.48,17.95
1,380.00,131,746.41,593.69,9.46
1,380.00,132,670.46,818.11,17.81
1,380.00,133,352.17,504.81,23.56
1,380.00,134,346.27,617.63,15.75
1,380.00,135,666.07,343.01,0.00
1,380.00,136,312.43,794.56,14.41
1,380.00,137,448.14,926.16,0.00
1,380.00,138,648.67,766.95,15.90
1,380.00,139,152.35,289.02,8.26
1,380.00,140,870.23,856.04,7.62
1,380.00,141,564.52,218.00,14.59
1,380.00,142,448.27,502.32,17.27
1,380.00,143,756.80,393.40,6.12
1,380.00,144,605.37,113.84,13.33
1,380.00,145,565.61,4.51,0.00
1,380.00,146,544.45,703.01,23.59
1,380.00,147,619.96,699.75,21.90
1,380.00,148,520.09,192.73,5.17
1,380.00,149,347.29,719.16,0.00
1,380.00,150,286.01,165.52,0.00
1,380.00,151,659.74,602.93,17.14
1,380.00,152,516.25,885.63,15.45
1,380.00,153,226.55,772.35,18.57
1,380.00,154,755.62,285.33,11.49
1,380.00,155,722.12,488.65,14.67
1,380.00,156,124.08,149.24,21.49
1,380.00,157,290.89,340.07,6.28
1,380.00,158,24.99,783.58,12.11
1,380.00,159,239.22,456.58,17.68
1,380.00,160,736.22,511.29,0.00
1,380.00,161,792.11,210.33,12.84
1,380.00,162,273.30,854.54,6.91
1,380.00,163,392.06,689.97,15.65
1,380.00,164,199.25,211.90,7.41
1,380.00,165,572.14,520.18,25.00
1,380.00,166,891.64,764.10,0.00
1,380.00,167,555.60,737.33,7.80
1,380.00,168,695.92,73.72,14.38
1,380.00,169,909.97,338.33,0.00
1,380.00,170,419.85,542.09,6.32
1,380.00,171,833.10,251.25,0.00
1,380.00,172,436.59,353.99,17.05
1,380.00,173,769.13,243.69,9.35
1,380.00,174,654.18,38.49,0.00
1,380.00,175,349.32,501.30,9.02
1,380.00,176,432.42,859.34,7.23
1,380.00,177,111.67,846.65,6.53
1,380.00,178,636.66,698.69,0.00
1,380.00,179,197.89,481.06,16.78
1,380.00,180,609.36,48.35,18.77
1,380.00,181,896.56,638.29,6.45
1,380.00,182,189.40,689.21,8.65
1,380.00,183,528.45,593.85,15.78
1,380.00,184,235.07,544.28,5.26
1,380.00,185,812.79,532.28,12.97
1,380.00,186,528.11,991.82,0.00
1,380.00,187,217.36,22.21,11.66
1,380.00,188,729.30,621.58,13.53
1,380.00,189,631.82,871.62,14.76
1,380.00,190,294.00,258.17,9.47
1,380.00,191,392.42,810.71,0.00
1,380.00,192,649.26,723.68,16.17
1,380.00,193,313.08,689.33,21.13
1,380.00,194,808.74,523.35,10.96
1,380.00,195,568.27,788.90,22.54
1,380.00,196,86.42,552.32,0.00
1,380.00,197,331.66,685.33,14.69
1,380.00,198,74.66,504.88,0.00
1,380.00,199,831.65,42.75,8.48
1,380.00,200,622.39,382.13,10.38
1,380.00,201,346.59,515.39,9.99
1,380.00,202,742.98,696.08,21.60
1,380.00,203,656.96,784.99,8.48
1,380.00,204,616.20,528.43,19.88
1,380.00,205,357.43,399.08,12.13
1,380.00,206,359.02,360.71,8.73
1,380.00,207,325.68,463.69,0.00
1,380.00,208,764.07,267.59,0.00
1,380.00,209,624.21,269.31,5.54
1,380.00,210,527.27,818.78,5.86
1,380.00,211,347.74,252.93,7.99
1,380.00,212,84.31,888.61,23.93
1,380.00,213,394.99,290.88,7.15
1,380.00,214,813.70,24.53,0.00
1,380.00,215,329.94,456.21,11.71
1,380.00,216,779.69,256.33,7.47
1,380.00,217,579.74,851.65,5.51
1,380.00,218,683.41,364.59,22.83
1,380.00,219,897.56,121.84,10.55
1,380.00,220,433.75,347.55,20.18
1,380.00,221,639.98,433.37,18.91
1,380.00,222,770.42,492.04,0.00
1,380.00,223,778.05,481.53,15.89
1,380.00,224,719.17,266.18,15.08
1,380.00,225,211.15,6.15,0.00
1,380.00,226,717.65,538.82,11.16
1,380.00,227,305.03,771.99,8.43
1,380.00,228,90.73,221.32,11.74
1,380.00,229,939.80,395.12,19.72
1,380.00,230,559.60,712.27,11.85
1,380.00,231,568.76,379.19,12.03
1,380.00,232,565.05,299.16,19.94
1,380.00,233,518.78,655.51,5.14
1,380.00,234,346.77,604.26,24.75
1,380.00,235,4.94,291.82,0.00
1,380.00,236,85.13,61.43,0.00
1,380.00,237,690.93,401.16,5.39
1,380.00,238,113.42,332.07,12.91
1,380.00,239,940.55,143.45,12.16
1,380.00,240,748.66,627.23,5.82
1,380.00,241,508.01,314.13,9.59
1,380.00,242,825.48,166.95,24.00
1,380.00,243,783.69,585.90,19.22
1,380.00,244,326.66,843.56,15.09
1,380.00,245,815.31,250.80,0.00
1,380.00,246,944.95,894.41,0.00
1,380.00,247,619.83,495.10,18.88
1,380.00,248,476.65,552.11,14.42
1,380.00,249,40.87,982.10,0.00
1,380.00,250,652.59,436.87,20.65
1,380.00,251,382.55,753.54,0.00
1,380.00,252,553.35,444.17,14.06
1,380.00,253,802.12,611.70,6.00
1,380.00,254,124.34,920.98,16.43
1,380.00,255,264.61,745.14,8.11
1,380.00,256,60.58,648.43,17.36
1,380.00,257,736.35,176.67,9.86
1,380.00,258,94.43,834.61,8.05
1,380.00,259,792.42,369.04,14.71
1,380.00,260,275.28,9.38,0.00
1,380.00,261,354.64,502.40,9.29
1,380.00,262,882.62,73.65,7.61
1,380.00,263,822.12,854.59,7.19
1,380.00,264,479.16,419.01,11.14
1,380.00,265,652.66,407.16,11.88
1,380.00,266,685.61,57.45,15.48
1,380.00,267,314.39,984.92,0.00
1,380.00,268,340.01,826.44,0.00
1,380.00,269,759.99,602.57,17.32
1,380.00,270,577.43,444.00,6.67
1,380.00,271,919.21,189.52,5.39
1,380.00,272,394.74,621.29,6.73
1,380.00,273,140.84,594.96,19.21
1,380.00,274,451.83,825.96,0.00
1,380.00,275,140.03,724.78,14.46
1,380.00,276,464.05,434.06,16.51
1,380.00,277,553.05,756.73,11.50
1,380.00,278,65.79,209.19,7.70
1,380.00,279,675.27,331.50,6.49
1,380.00,280,34.77,388.67,16.47
1,380.00,281,857.03,513.99,0.00
1,380.00,282,619.85,443.30,17.80
1,380.00,283,572.89,212.13,14.27
1,380.00,284,576.86,862.28,6.53
1,380.00,285,261.90,777.90,12.02
1,380.00,286,415.32,849.14,0.00
1,380.00,287,357.53,658.37,7.33
1,380.00,288,703.36,968.15,0.00
1,380.00,289,815.98,982.47,7.68
1,380.00,290,450.59,354.88,14.57
1,380.00,291,180.78,341.33,0.00
1,380.00,292,529.36,146.75,13.89
1,380.00,293,927.55,850.01,7.09
1,380.00,294,15.51,773.75,6.26
1,380.00,295,432.86,959.11,9.58
1,380.00,296,668.58,294.56,13.77
1,380.00,297,643.53,360.03,9.33
1,380.00,298,273.34,378.43,0.00
1,380.00,299,751.10,510.04,6.58
1,380.00,300,433.00,328.93,6.95
1,380.00,301,842.68,881.21,19.53
1,380.00,302,676.31,444.99,7.05
1,380.00,303,697.35,671.80,0.00
1,380.00,304,673.00,689.78,12.68
1,380.00,305,93.73,542.43,7.01
1,380.00,306,383.35,713.54,8.07
1,380.00,307,703.81,751.05,10.25
1,380.00,308,609.82,530.90,18.31
1,380.00,309,953.30,933.04,11.57
1,380.00,310,611.01,68.15,6.68
1,380.00,311,130.28,323.46,0.00
1,380.00,312,510.14,405.96,14.39
1,380.00,313,917.41,814.12,14.23
1,380.00,314,626.97,764.22,5.89
1,380.00,315,622.50,540.00,0.00
1,380.00,316,288.59,346.37,9.31
1,380.00,317,615.44,889.54,0.00
1,380.00,318,582.04,853.95,20.27
1,380.00,319,414.60,468.46,7.59
1,380.00,320,465.60,746.83,11.02
1,380.00,321,444.39,400.94,12.32
1,380.00,322,115.81,655.46,8.89
1,380.00,323,476.55,515.55,6.31
1,380.00,324,333.37,817.17,5.50
1,380.00,325,428.57,487.35,9.75
1,380.00,326,711.11,821.39,12.17
1,380.00,327,608.24,588.63,11.67
1,380.00,328,788.32,385.44,5.64
1,380.00,329,150.85,181.60,7.03
1,380.00,330,338.63,692.30,16.93
1,380.00,331,607.28,763.49,15.22
1,380.00,332,398.53,795.25,8.72
1,380.00,333,550.58,806.21,16.31
1,380.00,334,261.49,613.34,9.03
1,380.00,335,864.31,130.55,16.52
1,380.00,336,619.78,707.15,10.94
1,380.00,337,128.85,679.35,12.28
1,380.00,338,419.69,675.51,6.76
1,380.00,339,684.48,219.07,8.49
1,380.00,340,844.84,427.39,0.00
1,380.00,341,770.49,418.98,16.13
1,380.00,342,131.78,435.95,0.00
1,380.00,343,480.39,393.02,10.58
1,380.00,344,622.93,869.69,5.52
1,380.00,345,480.95,530.20,20.68
1,380.00,346,55.16,444.75,12.66
1,380.00,347,715.33,630.92,12.13
1,380.00,348,603.44,82.08,13.79
1,380.00,349,346.24,760.78,8.17
1,380.00,350,478.04,731.80,0.00
1,380.00,351,164.68,185.08,9.27
1,380.00,352,457.66,255.36,18.90
1,380.00,353,310.54,688.83,13.37
1,380.00,354,781.49,169.70,21.33
1,380.00,355,748.95,197.78,9.72
1,380.00,356,761.14,487.71,9.63
1,380.00,357,689.75,307.84,24.69
1,380.00,358,320.04,812.72,0.00
1,380.00,359,525.82,372.80,11.43
1,380.00,360,245.37,649.30,16.17
1,380.00,361,993.42,734.54,0.00
1,380.00,362,298.71,117.63,6.25
1,380.00,363,571.92,439.85,9.97
1,380.00,364,352.47,285.09,10.86
1,380.00,365,405.70,535.02,10.84
1,380.00,366,833.20,902.93,6.08
1,380.00,367,767.82,282.03,9.69
1,380.00,368,296.13,819.55,21.06
1,380.00,369,735.28,446.19,19.05
1,380.00,370,498.80,398.52,0.00
1,380.00,371,781.00,879.23,0.00
1,380.00,372,603.65,588.88,7.61
1,380.00,373,295.93,259.50,24.00
1,380.00,374,632.22,779.50,0.00
1,380.00,375,520.19,779.73,6.02
1,380.00,376,912.90,252.93,0.00
1,380.00,377,462.69,374.35,16.78
1,380.00,378,597.46,476.56,21.17
1,380.00,379,288.69,173.40,0.00
1,380.00,380,857.61,20.72,9.13
1,380.00,381,859.50,80.93,12.76
1,380.00,382,530.85,699.56,6.66
1,380.00,383,466.06,441.99,15.41
1,380.00,384,611.80,467.69,7.67
1,380.00,385,273.58,545.31,0.00
1,380.00,386,493.71,483.68,15.40
1,380.00,387,113.15,890.16,10.22
1,380.00,388,625.73,822.73,23.49
1,380.00,389,502.38,467.13,14.58
1,380.00,390,771.42,824.53,10.33
1,380.00,391,272.36,552.29,0.00
1,380.00,392,252.70,346.22,0.00
1,380.00,393,975.39,652.75,5.03
1,380.00,394,677.59,296.76,0.00
1,380.00,395,697.54,961.27,0.00
1,380.00,396,177.07,445.75,13.91
1,380.00,397,741.60,258.91,5.83
1,380.00,398,548.55,405.25,16.57
1,380.00,399,50.33,745.47,0.00
1,390.00,0,787.49,374.28,10.65
1,390.00,1,761.02,392.03,22.82
1,390.00,2,77.39,194.44,17.50
1,390.00,3,519.09,545.68,11.59
1,390.00,4,392.24,517.08,0.00
1,390.00,5,916.51,802.38,0.00
1,390.00,6,204.91,250.78,0.00
1,390.00,7,572.49,720.15,0.00
1,390.00,8,544.59,617.08,0.00
1,390.00,9,788.33,429.34,0.00
1,390.00,10,483.26,561.44,17.29
1,390.00,11,183.33,591.78,6.48
1,390.00,12,527.89,51.29,11.20
1,390.00,13,271.42,573.84,0.00
1,390.00,14,517.61,900.89,7.20
1,390.00,15,68.52,33.75,0.00
1,390.00,16,540.85,441.00,5.81
1,390.00,17,598.77,268.34,10.25
1,390.00,18,817.32,930.44,0.00
1,390.00,19,861.97,623.15,20.97
1,390.00,20,414.44,662.68,5.05
1,390.00,21,593.51,951.79,5.87
1,390.00,22,288.74,512.57,0.00
1,390.00,23,857.87,117.09,11.68
1,390.00,24,229.77,643.63,9.52
1,390.00,25,424.82,225.45,18.01
1,390.00,26,435.72,551.98,16.06
1,390.00,27,718.68,450.15,9.73
1,390.00,28,740.97,330.76,18.43
1,390.00,29,162.05,703.13,13.13
1,390.00,30,629.11,812.02,21.49
1,390.00,31,576.64,759.09,5.03
1,390.00,32,353.11,460.85,0.00
1,390.00,33,598.19,407.78,5.99
1,390.00,34,557.36,407.09,6.73
1,390.00,35,398.97,735.40,14.77
1,390.00,36,152.56,330.48,8.85
1,390.00,37,831.71,256.41,0.00
1,390.00,38,524.60,218.27,8.63
1,390.00,39,314.22,791.21,17.71
1,390.00,40,820.02,669.84,9.78
1,390.00,41,787.07,14.99,0.00
1,390.00,42,517.45,414.95,17.96
1,390.00,43,215.71,210.71,5.02
1,390.00,44,287.16,512.63,6.72
1,390.00,45,533.01,675.22,6.46
1,390.00,46,203.24,425.02,17.05
1,390.00,47,883.94,933.56,0.00
1,390.00,48,466.92,552.21,6.54
1,390.00,49,642.62,480.32,19.94
1,390.00,50,596.64,598.00,11.63
1,390.00,51,504.53,785.16,5.93
1,390.00,52,462.00,817.34,6.81
1,390.00,53,391.07,624.88,11.58
1,390.00,54,104.48,811.91,17.90
1,390.00,55,76.69,622.20,16.42
1,390.00,56,838.88,776.70,11.51
1,390.00,57,441.66,165.96,7.54
1,390.00,58,794.30,647.65,12.04
1,390.00,59,478.14,505.79,8.33
1,390.00,60,414.19,201.28,16.32
1,390.00,61,999.97,135.56,0.00
1,390.00,62,667.22,543.22,7.83
1,390.00,63,671.97,676.88,13.00
1,390.00,64,669.49,408.66,14.65
1,390.00,65,425.68,701.80,23.83
1,390.00,66,699.19,338.61,24.42
1,390.00,67,661.47,160.12,7.32
1,390.00,68,901.82,982.22,0.00
1,390.00,69,380.67,408.54,0.00
1,390.00,70,675.06,424.47,18.78
1,390.00,71,865.97,547.58,12.37
1,390.00,72,385.67,641.23,10.10
1,390.00,73,473.86,827.86,24.99
1,390.00,74,771.96,723.17,14.07
1,390.00,75,81.51,237.75,11.85
1,390.00,76,424.59,475.18,5.60
1,390.00,77,622.67,929.21,6.68
1,390.00,78,622.81,123.55,24.85
1,390.00,79,823.54,389.36,8.19
1,390.00,80,684.11,714.07,12.28
1,390.00,81,571.38,544.76,19.68
1,390.00,82,929.51,850.06,23.70
1,390.00,83,331.39,598.11,0.00
1,390.00,84,833.40,486.42,11.41
1,390.00,85,823.03,208.88,18.00
1,390.00,86,384.63,52.82,8.07
1,390.00,87,807.20,417.88,15.70
1,390.00,88,228.40,748.70,0.00
1,390.00,89,448.78,719.84,12.82
1,390.00,90,307.08,502.87,5.69
1,390.00,91,762.84,367.65,13.20
1,390.00,92,433.77,205.15,19.14
1,390.00,93,646.86,696.96,20.89
1,390.00,94,371.67,720.96,10.75
1,390.00,95,641.80,265.01,24.56
1,390.00,96,279.07,449.58,18.47
1,390.00,97,457.70,335.81,10.07
1,390.00,98,710.04,318.40,17.19
1,390.00,99,356.94,273.80,17.64
1,390.00,100,212.09,147.29,0.00
1,390.00,101,891.50,437.42,7.92
1,390.00,102,256.37,698.38,8.26
1,390.00,103,251.00,235.74,10.42
1,390.00,104,500.74,635.77,16.80
1,390.00,105,555.21,150.23,10.73
1,390.00,106,995.95,793.14,9.61
1,390.00,107,601.02,354.04,6.36
1,390.00,108,529.05,466.27,22.21
1,390.00,109,276.37,171.23,16.53
1,390.00,110,166.80,403.20,5.47
1,390.00,111,510.19,60.42,0.00
1,390.00,112,156.62,321.15,17.56
1,390.00,113,995.35,958.44,0.00
1,390.00,114,385.56,565.20,12.85
1,390.00,115,141.94,137.66,20.15
1,390.00,116,431.51,635.49,9.55
1,390.00,117,435.67,775.46,8.09
1,390.00,118,463.97,249.77,16.90
1,390.00,119,625.58,208.34,10.15
1,390.00,120,541.39,489.77,5.34
1,390.00,121,641.05,441.51,9.48
1,390.00,122,155.35,260.26,5.53
1,390.00,123,519.05,295.79,7.57
1,390.00,124,502.74,598.70,24.62
1,390.00,125,643.06,413.03,0.00
1,390.00,126,528.55,719.57,0.00
1,390.00,127,505.64,692.31,18.35
1,390.00,128,966.40,802.80,19.78
1,390.00,129,710.74,604.87,9.87
1,390.00,130,340.73,827.51,0.00
1,390.00,131,806.30,542.98,0.00
1,390.00,132,727.92,986.71,17.81
1,390.00,133,304.58,468.48,0.00
1,390.00,134,253.02,490.69,15.75
1,390.00,135,491.84,276.99,23.26
1,390.00,136,255.04,837.25,0.00
1,390.00,137,491.75,877.66,19.98
1,390.00,138,807.57,771.95,15.90
1,390.00,139,184.76,364.96,8.26
1,390.00,140,942.66,879.71,7.62
1,390.00,141,423.23,181.74,14.59
1,390.00,142,470.45,613.84,0.00
1,390.00,143,802.13,352.21,6.12
1,390.00,144,533.10,225.81,13.33
1,390.00,145,595.16,83.58,14.68
1,390.00,146,601.06,677.91,0.00
1,390.00,147,588.78,727.37,0.00
1,390.00,148,530.79,142.13,5.17
1,390.00,149,277.24,683.45,12.08
1,390.00,150,322.19,116.86,6.85
1,390.00,151,649.11,773.98,17.14
1,390.00,152,542.89,733.48,15.45
1,390.00,153,354.95,638.15,18.57
1,390.00,154,787.62,174.98,11.49
1,390.00,155,816.14,375.98,14.67
1,390.00,156,110.51,149.01,0.00
1,390.00,157,240.83,377.99,6.28
1,390.00,158,11.90,794.05,0.00
1,390.00,159,406.29,398.87,17.68
1,390.00,160,796.54,630.50,0.00
1,390.00,161,840.60,208.94,0.00
1,390.00,162,220.48,899.08,6.91
1,390.00,163,546.97,667.66,15.65
1,390.00,164,240.13,273.70,7.41
1,390.00,165,601.96,271.97,25.00
1,390.00,166,890.83,744.57,7.09
1,390.00,167,610.36,792.92,7.80
1,390.00,168,838.55,55.26,14.38
1,390.00,169,888.66,406.18,11.15
1,390.00,170,392.97,599.26,6.32
1,390.00,171,836.94,249.39,7.36
1,390.00,172,604.98,327.08,17.05
1,390.00,173,754.17,335.99,9.35
1,390.00,174,649.80,42.59,17.02
1,390.00,175,434.74,530.29,9.02
1,390.00,176,504.65,857.19,7.23
1,390.00,177,78.23,876.97,0.00
1,390.00,178,635.36,696.79,10.08
1,390.00,179,172.46,574.85,0.00
1,390.00,180,432.03,109.79,18.77
1,390.00,181,899.58,573.87,6.45
1,390.00,182,127.40,749.52,8.65
1,390.00,183,681.62,555.72,15.78
1,390.00,184,186.66,564.74,5.26
1,390.00,185,849.04,511.04,0.00
1,390.00,186,503.99,918.08,11.20
1,390.00,187,191.81,9.59,0.00
1,390.00,188,615.31,694.51,13.53
1,390.00,189,773.27,913.86,14.76
1,390.00,190,254.19,344.10,9.47
1,390.00,191,391.92,810.65,22.05
1,390.00,192,802.46,672.07,16.17
1,390.00,193,170.36,673.81,0.00
1,390.00,194,796.41,563.74,0.00
1,390.00,195,782.46,718.69,22.54
1,390.00,196,74.11,515.57,14.04
1,390.00,197,234.62,574.98,14.69
1,390.00,198,167.78,451.77,24.42
1,390.00,199,791.54,117.50,8.48
1,390.00,200,644.79,280.75,10.38
1,390.00,201,382.64,608.60,9.99
1,390.00,202,654.88,893.32,21.60
1,390.00,203,658.10,787.03,0.00
1,390.00,204,490.59,682.47,19.88
1,390.00,205,461.12,461.94,12.13
1,390.00,206,323.31,281.04,8.73
1,390.00,207,337.85,416.13,23.11
1,390.00,208,753.25,292.88,23.73
1,390.00,209,613.90,323.75,5.54
1,390.00,210,570.61,779.29,5.86
1,390.00,211,304.72,320.29,7.99
1,390.00,212,269.15,736.55,23.93
1,390.00,213,343.37,340.32,7.15
1,390.00,214,778.41,166.53,19.88
1,390.00,215,268.58,356.50,11.71
1,390.00,216,793.85,272.01,0.00
1,390.00,217,633.87,841.43,5.51
1,390.00,218,828.00,187.89,22.83
1,390.00,219,981.45,57.80,10.55
1,390.00,220,539.14,519.69,20.18
1,390.00,221,572.08,462.48,0.00
1,390.00,222,785.62,456.28,6.62
1,390.00,223,622.71,448.08,15.89
1,390.00,224,777.05,285.11,0.00
1,390.00,225,211.07,9.90,18.00
1,390.00,226,684.23,645.31,11.16
1,390.00,227,335.66,693.47,8.43
1,390.00,228,25.16,167.18,0.00
1,390.00,229,947.63,369.33,0.00
1,390.00,230,505.66,817.74,11.85
1,390.00,231,580.51,259.50,12.03
1,390.00,232,740.28,394.35,19.94
1,390.00,233,472.45,677.81,5.14
1,390.00,234,493.28,404.74,24.75
1,390.00,235,81.08,348.10,12.06
1,390.00,236,89.22,62.17,9.59
1,390.00,237,662.74,447.09,5.39
1,390.00,238,72.64,303.29,0.00
1,390.00,239,925.11,264.08,12.16
1,390.00,240,806.11,636.26,5.82
1,390.00,241,428.31,367.39,9.59
1,390.00,242,596.79,239.65,24.00
1,390.00,243,628.68,699.47,19.22
1,390.00,244,225.45,731.63,15.09
1,390.00,245,811.06,327.03,19.08
1,390.00,246,783.99,839.55,20.06
1,390.00,247,653.67,680.79,18.88
1,390.00,248,376.01,655.42,14.42
1,390.00,249,220.45,894.95,24.26
1,390.00,250,609.27,638.82,20.65
1,390.00,251,399.42,763.10,7.49
1,390.00,252,679.12,381.24,14.06
1,390.00,253,784.72,554.24,6.00
1,390.00,254,116.62,920.96,0.00
1,390.00,255,198.86,697.66,8.11
1,390.00,256,5.58,672.06,0.00
1,390.00,257,685.58,261.20,9.86
1,390.00,258,109.58,904.12,0.00
1,390.00,259,650.29,331.27,14.71
1,390.00,260,271.48,17.39,0.00
1,390.00,261,388.51,415.90,9.29
1,390.00,262,958.19,64.56,7.61
1,390.00,263,844.20,923.01,7.19
1,390.00,264,568.01,486.18,11.14
1,390.00,265,691.70,435.74,0.00
1,390.00,266,840.27,50.89,15.48
1,390.00,267,285.10,905.38,21.17
1,390.00,268,342.39,823.29,19.80
1,390.00,269,919.98,536.14,17.32
1,390.00,270,625.65,397.97,6.67
1,390.00,271,878.21,224.49,5.39
1,390.00,272,328.76,607.82,6.73
1,390.00,273,195.97,410.93,19.21
1,390.00,274,513.68,764.50,16.04
1,390.00,275,282.04,697.69,14.46
1,390.00,276,307.64,486.84,16.51
1,390.00,277,442.31,787.79,11.50
1,390.00,278,56.44,205.57,0.00
1,390.00,279,732.74,301.45,6.49
1,390.00,280,12.53,367.88,0.00
1,390.00,281,802.47,429.61,17.85
1,390.00,282,690.60,279.98,17.80
1,390.00,283,449.79,140.00,14.27
1,390.00,284,515.32,884.19,6.53
1,390.00,285,175.37,861.31,12.02
1,390.00,286,380.66,768.59,23.36
1,390.00,287,430.75,655.82,7.33
1,390.00,288,681.93,946.40,18.62
1,390.00,289,749.34,944.34,7.68
1,390.00,290,398.09,331.44,0.00
1,390.00,291,176.75,354.48,6.83
1,390.00,292,649.96,77.88,13.89
1,390.00,293,924.23,779.23,7.09
1,390.00,294,22.33,711.57,6.26
1,390.00,295,508.00,899.62,9.58
1,390.00,296,764.68,393.19,13.77
1,390.00,297,572.95,421.11,9.33
1,390.00,298,359.24,428.50,20.29
1,390.00,299,708.06,460.31,6.58
1,390.00,300,502.19,335.99,6.95
1,390.00,301,882.02,996.86,0.00
1,390.00,302,673.23,515.45,7.05
1,390.00,303,682.18,651.54,16.14
1,390.00,304,686.95,563.72,12.68
1,390.00,305,60.37,604.12,7.01
1,390.00,306,320.73,662.64,8.07
1,390.00,307,732.40,849.48,10.25
1,390.00,308,436.19,589.18,18.31
1,390.00,309,973.46,933.67,0.00
1,390.00,310,675.83,51.92,6.68
1,390.00,311,150.34,381.78,8.97
1,390.00,312,377.23,350.70,14.39
1,390.00,313,945.91,674.68,14.23
1,390.00,314,623.22,823.04,5.89
1,390.00,315,488.42,488.02,15.12
1,390.00,316,249.89,261.70,9.31
1,390.00,317,595.45,783.30,11.73
1,390.00,318,475.67,681.41,20.27
1,390.00,319,361.06,522.19,7.59
1,390.00,320,358.34,771.89,11.02
1,390.00,321,345.11,328.01,12.32
1,390.00,322,148.61,738.06,8.89
1,390.00,323,461.36,454.35,6.31
1,390.00,324,375.51,781.85,5.50
1,390.00,325,515.54,443.35,9.75
1,390.00,326,697.46,700.48,12.17
1,390.00,327,492.35,575.15,11.67
1,390.00,328,767.41,333.04,5.64
1,390.00,329,162.54,112.29,7.03
1,390.00,330,198.33,597.57,16.93
1,390.00,331,508.53,879.26,15.22
1,390.00,332,366.38,714.25,8.72
1,390.00,333,615.15,870.20,0.00
1,390.00,334,322.05,680.36,9.03
1,390.00,335,944.27,30.74,0.00
1,390.00,336,715.09,760.75,10.94
1,390.00,337,206.62,584.34,12.28
1,390.00,338,479.49,644.08,6.76
1,390.00,339,602.30,197.94,8.49
1,390.00,340,833.74,434.07,9.82
1,390.00,341,810.14,262.68,16.13
1,390.00,342,160.00,453.14,20.80
1,390.00,343,390.85,449.35,10.58
1,390.00,344,644.19,818.73,5.52
1,390.00,345,502.29,466.16,0.00
1,390.00,346,61.94,571.12,12.66
1,390.00,347,778.87,734.29,12.13
1,390.00,348,610.25,219.86,13.79
1,390.00,349,280.54,801.59,0.00
1,390.00,350,511.02,666.47,7.71
1,390.00,351,117.98,172.73,0.00
1,390.00,352,630.69,331.52,18.90
1,390.00,353,243.59,804.51,13.37
1,390.00,354,915.67,106.22,0.00
1,390.00,355,792.41,284.73,9.72
1,390.00,356,782.75,581.59,9.63
1,390.00,357,581.79,529.83,24.69
1,390.00,358,322.15,771.72,19.93
1,390.00,359,480.64,267.84,11.43
1,390.00,360,380.97,737.39,16.17
1,390.00,361,962.29,716.12,5.38
1,390.00,362,315.40,57.39,6.25
1,390.00,363,653.75,496.79,9.97
1,390.00,364,282.90,201.66,10.86
1,390.00,365,513.61,545.21,10.84
1,390.00,366,853.30,953.19,0.00
1,390.00,367,700.94,352.16,9.69
1,390.00,368,403.77,638.52,21.06
1,390.00,369,787.35,470.86,0.00
1,390.00,370,556.65,415.45,6.79
1,390.00,371,627.75,734.16,22.20
1,390.00,372,679.48,594.94,7.61
1,390.00,373,450.56,443.02,24.00
1,390.00,374,630.82,779.25,8.72
1,390.00,375,578.66,793.93,6.02
1,390.00,376,900.27,276.91,23.23
1,390.00,377,621.48,320.01,16.78
1,390.00,378,587.90,265.06,21.17
1,390.00,379,288.06,131.21,5.40
1,390.00,380,864.94,17.40,0.00
1,390.00,381,886.87,58.32,0.00
1,390.00,382,472.37,667.76,6.66
1,390.00,383,314.61,413.48,15.41
1,390.00,384,649.53,458.93,0.00
1,390.00,385,308.38,520.73,20.53
1,390.00,386,540.96,547.67,0.00
1,390.00,387,178.85,811.82,10.22
1,390.00,388,830.66,937.51,23.49
1,390.00,389,533.47,609.53,14.58
1,390.00,390,835.67,743.68,10.33
1,390.00,391,272.48,574.06,18.94
1,390.00,392,324.72,415.99,15.23
1,390.00,393,970.71,602.63,5.03
1,390.00,394,620.43,283.88,15.72
1,390.00,395,648.96,960.99,7.83
1,390.00,396,315.58,432.69,13.91
1,390.00,397,715.52,311.06,5.83
1,390.00,398,387.26,443.12,16.57
1,390.00,399,263.69,716.14,24.82
1,400.00,0,822.48,474.82,10.65
1,400.00,1,568.05,513.86,22.82
1,400.00,2,50.92,192.48,0.00
1,400.00,3,572.13,648.67,11.59
1,400.00,4,319.44,586.09,22.63
1,400.00,5,914.24,709.02,13.71
1,400.00,6,194.76,322.36,13.32
1,400.00,7,581.93,688.68,14.83
1,400.00,8,568.69,575.68,9.80
1,400.00,9,768.88,333.70,15.27
1,400.00,10,603.49,437.15,17.29
1,400.00,11,243.23,566.94,6.48
1,400.00,12,522.53,49.99,0.00
1,400.00,13,303.36,514.31,0.00
1,400.00,14,492.78,912.24,0.00
1,400.00,15,102.81,43.39,5.43
1,400.00,16,577.72,396.11,5.81
1,400.00,17,593.62,286.76,0.00
1,400.00,18,815.71,882.12,18.33
1,400.00,19,849.31,682.61,0.00
1,400.00,20,420.22,612.51,5.05
1,400.00,21,651.57,943.06,5.87
1,400.00,22,382.99,511.11,9.95
1,400.00,23,908.56,119.28,0.00
1,400.00,24,262.14,554.14,9.52
1,400.00,25,264.73,307.94,18.01
1,400.00,26,566.56,458.76,16.06
1,400.00,27,625.94,420.71,9.73
1,400.00,28,733.49,514.86,18.43
1,400.00,29,106.23,691.04,0.00
1,400.00,30,538.65,869.93,0.00
1,400.00,31,592.84,806.76,5.03
1,400.00,32,382.03,475.56,14.44
1,400.00,33,611.47,349.38,5.99
1,400.00,34,620.11,382.81,6.73
1,400.00,35,251.44,741.51,14.77
1,400.00,36,129.67,244.96,8.85
1,400.00,37,658.92,213.37,21.07
1,400.00,38,592.43,164.89,8.63
1,400.00,39,181.10,907.93,17.71
1,400.00,40,916.01,651.06,9.78
1,400.00,41,773.13,20.99,6.93
1,400.00,42,455.15,583.41,17.96
1,400.00,43,264.60,222.16,5.02
1,400.00,44,338.86,469.72,6.72
1,400.00,45,524.59,611.16,6.46
1,400.00,46,60.23,349.81,0.00
1,400.00,47,847.74,931.11,5.03
1,400.00,48,523.73,584.61,6.54
1,400.00,49,449.94,428.94,19.94
1,400.00,50,585.25,713.72,11.63
1,400.00,51,535.69,734.70,5.93
1,400.00,52,518.07,856.03,6.81
1,400.00,53,455.69,528.82,11.58
1,400.00,54,138.99,971.23,0.00
1,400.00,55,237.28,656.39,16.42
1,400.00,56,863.54,763.52,0.00
1,400.00,57,374.25,199.76,7.54
1,400.00,58,720.61,552.50,12.04
1,400.00,59,529.79,440.43,8.33
1,400.00,60,329.54,340.78,16.32
1,400.00,61,988.95,139.01,9.64
1,400.00,62,680.73,466.09,7.83
1,400.00,63,757.28,712.57,0.00
1,400.00,64,740.11,427.33,0.00
1,400.00,65,511.20,619.38,0.00
1,400.00,66,833.98,542.22,24.42
1,400.00,67,600.22,200.24,7.32
1,400.00,68,898.19,974.49,7.32
1,400.00,69,417.82,434.71,6.00
1,400.00,70,535.38,550.02,18.78
1,400.00,71,868.77,423.93,12.37
1,400.00,72,305.03,701.98,10.10
1,400.00,73,263.96,963.43,24.99
1,400.00,74,905.36,750.99,0.00
1,400.00,75,85.15,356.22,11.85
1,400.00,76,408.38,528.83,5.60
1,400.00,77,664.24,981.56,6.68
1,400.00,78,870.14,147.30,24.85
1,400.00,79,797.01,466.87,8.19
1,400.00,80,778.94,792.09,12.28
1,400.00,81,766.39,571.44,19.68
1,400.00,82,892.55,615.94,23.70
1,400.00,83,394.96,570.90,8.17
1,400.00,84,947.15,495.76,11.41
1,400.00,85,939.63,180.42,0.00
1,400.00,86,374.60,5.04,0.00
1,400.00,87,757.43,268.99,15.70
1,400.00,88,259.12,746.63,13.22
1,400.00,89,572.19,685.00,12.82
1,400.00,90,278.06,551.86,5.69
1,400.00,91,771.10,466.54,0.00
1,400.00,92,262.88,118.95,19.14
1,400.00,93,731.52,727.27,0.00
1,400.00,94,477.19,700.49,10.75
1,400.00,95,396.54,253.07,24.56
1,400.00,96,397.16,307.54,18.47
1,400.00,97,385.39,265.79,10.07
1,400.00,98,639.11,474.94,17.19
1,400.00,99,505.82,368.47,17.64
1,400.00,100,217.77,155.37,5.21
1,400.00,101,912.99,513.61,7.92
1,400.00,102,173.93,693.98,8.26
1,400.00,103,256.60,208.33,0.00
1,400.00,104,476.25,496.47,0.00
1,400.00,105,628.35,228.71,10.73
1,400.00,106,997.69,889.23,9.61
1,400.00,107,553.35,311.93,6.36
1,400.00,108,590.43,252.80,22.21
1,400.00,109,229.12,329.60,16.53
1,400.00,110,115.26,384.96,5.47
1,400.00,111,541.90,51.04,9.77
1,400.00,112,328.99,287.74,17.56
1,400.00,113,964.65,918.45,21.71
1,400.00,114,312.85,671.20,12.85
1,400.00,115,297.90,265.20,20.15
1,400.00,116,399.15,725.34,9.55
1,400.00,117,428.31,856.07,8.09
1,400.00,118,322.46,157.31,16.90
1,400.00,119,619.05,129.27,0.00
1,400.00,120,579.75,452.62,5.34
1,400.00,121,682.98,458.76,0.00
1,400.00,122,119.39,218.24,5.53
1,400.00,123,507.85,220.90,7.57
1,400.00,124,565.45,709.80,0.00
1,400.00,125,631.62,425.20,6.55
1,400.00,126,596.31,699.60,19.09
1,400.00,127,425.22,765.04,0.00
1,400.00,128,949.72,605.74,19.78
1,400.00,129,785.80,668.99,9.87
1,400.00,130,433.83,742.67,21.75
1,400.00,131,821.79,529.15,12.16
1,400.00,132,731.62,997.56,0.00
1,400.00,133,412.20,373.04,19.29
1,400.00,134,225.41,453.09,0.00
1,400.00,135,473.32,269.97,0.00
1,400.00,136,316.76,760.49,19.56
1,400.00,137,602.01,755.05,0.00
1,400.00,138,918.40,775.44,0.00
1,400.00,139,217.17,440.90,8.26
1,400.00,140,965.68,887.24,0.00
1,400.00,141,360.80,165.72,0.00
1,400.00,142,407.39,588.56,19.89
1,400.00,143,847.45,311.01,6.12
1,400.00,144,460.84,337.78,13.33
1,400.00,145,646.56,221.10,14.68
1,400.00,146,659.06,580.67,15.35
1,400.00,147,462.01,599.89,22.20
1,400.00,148,541.49,91.52,5.17
1,400.00,149,190.66,639.31,0.00
1,400.00,150,342.78,89.18,0.00
1,400.00,151,648.33,786.53,0.00
1,400.00,152,569.53,581.34,15.45
1,400.00,153,483.35,503.94,18.57
1,400.00,154,819.62,64.63,11.49
1,400.00,155,910.16,263.31,14.67
1,400.00,156,261.87,320.02,24.38
1,400.00,157,190.76,415.90,6.28
1,400.00,158,206.28,707.24,24.71
1,400.00,159,573.35,341.17,17.68
1,400.00,160,794.84,618.07,5.22
1,400.00,161,801.97,235.12,7.50
1,400.00,162,167.66,943.63,6.91
1,400.00,163,701.87,645.34,15.65
1,400.00,164,281.02,335.50,7.41
1,400.00,165,607.47,226.12,0.00
1,400.00,166,887.92,673.69,7.09
1,400.00,167,665.13,848.51,7.80
1,400.00,168,870.15,51.17,0.00
1,400.00,169,855.23,512.59,11.15
1,400.00,170,366.10,656.42,6.32
1,400.00,171,903.21,217.29,7.36
1,400.00,172,773.38,300.17,17.05
1,400.00,173,739.22,428.30,9.35
1,400.00,174,525.65,159.07,17.02
1,400.00,175,520.15,559.28,9.02
1,400.00,176,576.88,855.03,7.23
1,400.00,177,102.30,804.05,24.84
1,400.00,178,578.46,613.64,10.08
1,400.00,179,239.75,525.84,19.78
1,400.00,180,336.99,142.72,0.00
1,400.00,181,901.50,533.00,0.00
1,400.00,182,121.22,755.52,0.00
1,400.00,183,786.60,529.59,0.00
1,400.00,184,138.24,585.19,5.26
1,400.00,185,786.54,477.52,10.49
1,400.00,186,469.18,811.64,11.20
1,400.00,187,196.63,65.02,7.36
1,400.00,188,501.32,767.45,13.53
1,400.00,189,908.29,954.18,0.00
1,400.00,190,214.39,430.03,9.47
1,400.00,191,255.44,792.44,0.00
1,400.00,192,812.53,668.67,0.00
1,400.00,193,189.09,655.36,8.20
1,400.00,194,798.85,494.57,11.26
1,400.00,195,937.09,668.00,0.00
1,400.00,196,29.48,382.41,14.04
1,400.00,197,160.31,490.46,0.00
1,400.00,198,379.88,330.79,24.42
1,400.00,199,751.43,192.25,8.48
1,400.00,200,667.18,179.38,10.38
1,400.00,201,418.69,701.82,9.99
1,400.00,202,615.07,982.46,0.00
1,400.00,203,691.69,647.49,14.76
1,400.00,204,364.98,836.51,19.88
1,400.00,205,564.81,524.81,12.13
1,400.00,206,287.61,201.36,8.73
1,400.00,207,395.12,192.27,23.11
1,400.00,208,710.89,391.95,0.00
1,400.00,209,603.58,378.18,5.54
1,400.00,210,613.94,739.79,5.86
1,400.00,211,261.71,387.65,7.99
1,400.00,212,453.99,584.49,23.93
1,400.00,213,308.55,373.66,0.00
1,400.00,214,730.45,359.43,19.88
1,400.00,215,207.21,256.80,11.71
1,400.00,216,685.40,379.13,21.26
1,400.00,217,687.99,831.21,5.51
1,400.00,218,848.48,162.86,0.00
1,400.00,219,998.52,44.77,0.00
1,400.00,220,644.52,691.83,20.18
1,400.00,221,585.10,421.38,7.08
1,400.00,222,811.51,395.38,6.62
1,400.00,223,467.38,414.63,15.89
1,400.00,224,663.48,303.92,19.31
1,400.00,225,206.98,189.91,18.00
1,400.00,226,650.80,751.80,11.16
1,400.00,227,366.29,614.94,8.43
1,400.00,228,77.59,203.45,23.10
1,400.00,229,923.69,435.01,8.10
1,400.00,230,493.91,840.71,0.00
1,400.00,231,591.72,145.40,0.00
1,400.00,232,915.50,489.54,19.94
1,400.00,233,426.13,700.12,5.14
1,400.00,234,550.79,326.42,0.00
1,400.00,235,178.04,419.77,12.06
1,400.00,236,183.58,79.34,9.59
1,400.00,237,634.54,493.01,5.39
1,400.00,238,151.16,291.37,12.95
1,400.00,239,909.67,384.71,12.16
1,400.00,240,811.01,637.03,0.00
1,400.00,241,348.60,420.65,9.59
1,400.00,242,368.09,312.35,24.00
1,400.00,243,591.08,727.01,0.00
1,400.00,244,165.49,665.30,0.00
1,400.00,245,800.43,517.54,19.08
1,400.00,246,594.14,774.84,20.06
1,400.00,247,687.52,866.49,18.88
1,400.00,248,275.38,758.74,14.42
1,400.00,249,438.70,789.03,24.26
1,400.00,250,584.82,752.78,0.00
1,400.00,251,464.63,800.03,7.49
1,400.00,252,724.76,358.40,0.00
1,400.00,253,767.31,496.79,6.00
1,400.00,254,349.07,880.69,24.75
1,400.00,255,133.11,650.18,8.11
1,400.00,256,13.61,545.41,19.37
1,400.00,257,634.81,345.73,9.86
1,400.00,258,113.36,899.68,5.03
1,400.00,259,508.16,293.50,14.71
1,400.00,260,278.08,26.59,5.77
1,400.00,261,422.38,329.40,9.29
1,400.00,262,989.31,60.82,0.00
1,400.00,263,856.65,961.56,0.00
1,400.00,264,656.85,553.35,11.14
1,400.00,265,760.06,540.63,21.12
1,400.00,266,851.27,50.42,0.00
1,400.00,267,211.95,706.72,21.17
1,400.00,268,461.72,665.27,19.80
1,400.00,269,980.83,510.87,0.00
1,400.00,270,673.87,351.94,6.67
1,400.00,271,837.21,259.46,5.39
1,400.00,272,262.77,594.36,6.73
1,400.00,273,214.70,348.40,0.00
1,400.00,274,627.45,651.45,16.04
1,400.00,275,424.04,670.60,14.46
1,400.00,276,277.51,497.00,0.00
1,400.00,277,402.66,798.91,0.00
1,400.00,278,66.74,277.11,8.31
1,400.00,279,790.21,271.40,6.49
1,400.00,280,89.31,361.69,9.45
1,400.00,281,720.22,302.39,0.00
1,400.00,282,735.82,175.59,0.00
1,400.00,283,326.70,67.87,14.27
1,400.00,284,453.79,906.11,6.53
1,400.00,285,134.03,901.15,0.00
1,400.00,286,290.04,557.96,0.00
1,400.00,287,503.96,653.28,7.33
1,400.00,288,551.20,813.77,18.62
1,400.00,289,682.71,906.21,7.68
1,400.00,290,299.82,399.44,19.74
1,400.00,291,156.74,419.77,6.83
1,400.00,292,711.26,42.88,0.00
1,400.00,293,920.91,708.46,7.09
1,400.00,294,29.15,649.39,6.26
1,400.00,295,583.14,840.14,9.58
1,400.00,296,860.78,491.83,13.77
1,400.00,297,502.37,482.18,9.33
1,400.00,298,534.56,530.68,20.29
1,400.00,299,665.02,410.59,6.58
1,400.00,300,571.37,343.06,6.95
1,400.00,301,870.28,911.99,22.88
1,400.00,302,670.16,585.91,7.05
1,400.00,303,585.45,522.30,16.14
1,400.00,304,700.90,437.65,12.68
1,400.00,305,27.01,665.82,7.01
1,400.00,306,258.11,611.74,8.07
1,400.00,307,760.98,947.91,10.25
1,400.00,308,332.93,623.84,0.00
1,400.00,309,851.24,853.59,17.70
1,400.00,310,740.65,35.70,6.68
1,400.00,311,179.53,466.62,8.97
1,400.00,312,244.33,295.45,14.39
1,400.00,313,965.53,578.73,0.00
1,400.00,314,619.48,881.87,5.89
1,400.00,315,347.44,433.36,15.12
1,400.00,316,211.19,177.02,9.31
1,400.00,317,573.76,668.02,11.73
1,400.00,318,369.31,508.86,20.27
1,400.00,319,307.51,575.91,7.59
1,400.00,320,251.08,796.95,11.02
1,400.00,321,245.83,255.07,12.32
1,400.00,322,155.63,755.74,0.00
1,400.00,323,446.16,393.16,6.31
1,400.00,324,417.66,746.53,5.50
1,400.00,325,602.51,399.35,9.75
1,400.00,326,683.81,579.58,12.17
1,400.00,327,428.04,567.67,0.00
1,400.00,328,746.51,280.63,5.64
1,400.00,329,166.46,89.01,0.00
1,400.00,330,64.75,507.39,0.00
1,400.00,331,409.81,994.99,0.00
1,400.00,332,334.22,633.25,8.72
1,400.00,333,588.42,785.88,19.99
1,400.00,334,382.61,747.38,9.03
1,400.00,335,909.63,56.89,19.24
1,400.00,336,810.41,814.36,10.94
1,400.00,337,284.38,489.33,12.28
1,400.00,338,539.30,612.65,6.76
1,400.00,339,520.11,176.81,8.49
1,400.00,340,749.57,484.65,9.82
1,400.00,341,849.80,106.37,16.13
1,400.00,342,337.66,561.38,20.80
1,400.00,343,301.31,505.67,10.58
1,400.00,344,665.46,767.78,5.52
1,400.00,345,608.13,414.23,17.50
1,400.00,346,65.16,631.21,0.00
1,400.00,347,842.41,837.66,12.13
1,400.00,348,617.06,357.64,13.79
1,400.00,349,288.63,800.58,15.39
1,400.00,350,545.77,597.66,7.71
1,400.00,351,158.73,194.03,9.60
1,400.00,352,633.80,332.89,0.00
1,400.00,353,187.10,902.10,0.00
1,400.00,354,895.72,142.87,13.72
1,400.00,355,835.88,371.68,9.72
1,400.00,356,796.57,641.60,0.00
1,400.00,357,473.83,751.83,24.69
1,400.00,358,324.69,722.30,0.00
1,400.00,359,435.46,162.88,11.43
1,400.00,360,516.58,825.49,16.17
1,400.00,361,916.01,688.75,5.38
1,400.00,362,318.16,47.42,0.00
1,400.00,363,735.57,553.72,9.97
1,400.00,364,269.03,185.03,0.00
1,400.00,365,621.51,555.41,10.84
1,400.00,366,854.74,944.79,7.76
1,400.00,367,634.07,422.28,9.69
1,400.00,368,511.40,457.49,21.06
1,400.00,369,719.58,384.84,15.70
1,400.00,370,621.77,434.52,6.79
1,400.00,371,466.57,581.57,22.20
1,400.00,372,755.31,601.00,7.61
1,400.00,373,605.20,626.55,24.00
1,400.00,374,544.88,764.26,8.72
1,400.00,375,588.36,796.29,0.00
1,400.00,376,792.03,482.45,23.23
1,400.00,377,780.28,265.67,16.78
1,400.00,378,579.39,76.55,0.00
1,400.00,379,287.39,86.19,0.00
1,400.00,380,727.90,199.23,24.97
1,400.00,381,715.37,70.63,23.82
1,400.00,382,413.89,635.96,6.66
1,400.00,383,163.15,384.98,15.41
1,400.00,384,587.87,469.74,12.64
1,400.00,385,476.05,402.30,20.53
1,400.00,386,552.17,517.88,6.59
1,400.00,387,244.54,733.49,10.22
1,400.00,388,888.12,969.69,0.00
1,400.00,389,564.57,751.93,14.58
1,400.00,390,899.91,662.82,10.33
1,400.00,391,273.55,763.47,18.94
1,400.00,392,434.15,521.98,15.23
1,400.00,393,966.02,552.51,5.03
1,400.00,394,467.06,249.29,15.72
1,400.00,395,570.67,960.55,7.83
1,400.00,396,454.09,419.64,13.91
1,400.00,397,689.44,363.21,5.83
1,400.00,398,225.96,480.98,16.57
1,400.00,399,472.56,687.42,0.00
1,410.00,0,843.71,535.83,0.00
1,410.00,1,375.07,635.69,22.82
1,410.00,2,106.36,251.56,9.55
1,410.00,3,625.16,751.67,11.59
1,410.00,4,223.41,677.13,0.00
1,410.00,5,910.90,571.93,13.71
1,410.00,6,176.05,454.24,13.32
1,410.00,7,624.53,546.66,14.83
1,410.00,8,618.01,490.95,9.80
1,410.00,9,762.05,300.07,0.00
1,410.00,10,723.72,312.87,17.29
1,410.00,11,303.13,542.09,6.48
1,410.00,12,495.68,212.26,17.30
1,410.00,13,336.68,545.25,6.48
1,410.00,14,579.61,913.31,13.99
1,410.00,15,155.13,58.09,5.43
1,410.00,16,614.58,351.23,5.81
1,410.00,17,678.03,404.95,17.85
1,410.00,18,809.61,698.96,18.33
1,410.00,19,732.01,672.36,16.58
1,410.00,20,426.01,562.34,5.05
1,410.00,21,709.62,934.34,5.87
1,410.00,22,482.52,509.58,9.95
1,410.00,23,811.64,194.91,21.74
1,410.00,24,294.51,464.65,9.52
1,410.00,25,166.53,358.54,0.00
1,410.00,26,697.39,365.54,16.06
1,410.00,27,533.21,391.26,9.73
1,410.00,28,726.08,697.04,0.00
1,410.00,29,139.01,699.03,5.97
1,410.00,30,553.32,810.57,12.22
1,410.00,31,609.04,854.42,5.03
1,410.00,32,510.73,541.05,14.44
1,410.00,33,624.74,290.98,5.99
1,410.00,34,682.85,358.53,6.73
1,410.00,35,193.32,743.91,0.00
1,410.00,36,106.78,159.43,8.85
1,410.00,37,454.43,162.43,21.07
1,410.00,38,632.66,133.23,0.00
1,410.00,39,138.97,944.87,0.00
1,410.00,40,995.46,635.52,0.00
1,410.00,41,709.52,48.37,6.93
1,410.00,42,392.86,751.86,17.96
1,410.00,43,313.49,233.60,5.02
1,410.00,44,390.56,426.82,6.72
1,410.00,45,516.18,547.10,6.46
1,410.00,46,64.88,349.51,8.87
1,410.00,47,797.54,927.70,5.03
1,410.00,48,580.54,617.00,6.54
1,410.00,49,257.25,377.56,19.94
1,410.00,50,573.87,829.44,11.63
1,410.00,51,566.85,684.23,5.93
1,410.00,52,574.13,894.72,6.81
1,410.00,53,520.31,432.76,11.58
1,410.00,54,156.85,959.82,23.67
1,410.00,55,397.88,690.57,16.42
1,410.00,56,786.11,780.56,10.47
1,410.00,57,306.84,233.55,7.54
1,410.00,58,646.92,457.34,12.04
1,410.00,59,533.44,435.82,0.00
1,410.00,60,244.88,480.29,16.32
1,410.00,61,896.96,167.84,9.64
1,410.00,62,691.69,403.50,0.00
1,410.00,63,699.78,675.92,23.63
1,410.00,64,739.11,522.70,19.02
1,410.00,65,450.21,631.46,12.40
1,410.00,66,865.28,589.50,0.00
1,410.00,67,538.97,240.36,7.32
1,410.00,68,867.15,908.24,7.32
1,410.00,69,466.86,469.25,6.00
1,410.00,70,395.69,675.57,18.78
1,410.00,71,868.94,416.56,0.00
1,410.00,72,288.15,714.70,0.00
1,410.00,73,218.35,992.89,0.00
1,410.00,74,905.39,746.81,13.22
1,410.00,75,88.79,474.68,11.85
1,410.00,76,392.17,582.47,5.60
1,410.00,77,665.51,983.16,0.00
1,410.00,78,893.70,149.57,0.00
1,410.00,79,770.47,544.38,8.19
1,410.00,80,873.78,870.10,12.28
1,410.00,81,961.41,598.11,19.68
1,410.00,82,863.37,431.16,0.00
1,410.00,83,470.02,538.77,8.17
1,410.00,84,958.71,496.71,0.00
1,410.00,85,870.74,203.69,21.83
1,410.00,86,359.99,76.26,18.39
1,410.00,87,707.66,120.09,15.70
1,410.00,88,390.98,737.75,13.22
1,410.00,89,695.60,650.16,12.82
1,410.00,90,249.04,600.84,5.69
1,410.00,91,761.05,503.18,15.31
1,410.00,92,148.14,61.06,0.00
1,410.00,93,667.49,701.36,12.13
1,410.00,94,582.70,680.02,10.75
1,410.00,95,311.25,248.91,0.00
1,410.00,96,506.64,175.87,0.00
1,410.00,97,313.07,195.77,10.07
1,410.00,98,568.18,631.49,17.19
1,410.00,99,535.14,387.12,0.00
1,410.00,100,247.77,198.01,5.21
1,410.00,101,934.49,589.80,7.92
1,410.00,102,91.49,689.59,8.26
1,410.00,103,310.29,269.09,11.09
1,410.00,104,448.30,509.93,19.63
1,410.00,105,635.38,236.25,0.00
1,410.00,106,998.27,921.53,0.00
1,410.00,107,505.68,269.81,6.36
1,410.00,108,648.32,51.52,0.00
1,410.00,109,216.62,371.51,0.00
1,410.00,110,63.72,366.73,5.47
1,410.00,111,635.55,23.35,9.77
1,410.00,112,501.37,254.33,17.56
1,410.00,113,832.44,746.22,21.71
1,410.00,114,240.14,777.20,12.85
1,410.00,115,453.87,392.74,20.15
1,410.00,116,391.42,746.81,0.00
1,410.00,117,420.95,936.68,8.09
1,410.00,118,312.55,150.83,0.00
1,410.00,119,602.48,131.43,7.64
1,410.00,120,618.11,415.47,5.34
1,410.00,121,633.97,462.06,9.42
1,410.00,122,117.29,215.78,0.00
1,410.00,123,502.74,186.79,0.00
1,410.00,124,605.40,604.50,23.38
1,410.00,125,586.76,472.94,6.55
1,410.00,126,779.47,645.63,19.09
1,410.00,127,465.88,848.26,22.65
1,410.00,128,933.04,408.69,19.78
1,410.00,129,860.86,733.11,9.87
1,410.00,130,594.59,596.17,21.75
1,410.00,131,912.51,448.15,12.16
1,410.00,132,765.95,859.39,15.22
1,410.00,133,556.48,245.08,19.29
1,410.00,134,306.17,500.00,13.27
1,410.00,135,681.57,324.85,23.54
1,410.00,136,437.68,610.11,0.00
1,410.00,137,596.71,738.34,10.05
1,410.00,138,921.50,739.19,12.03
1,410.00,139,249.59,516.84,8.26
1,410.00,140,963.81,833.02,7.95
1,410.00,141,445.29,236.18,19.71
1,410.00,142,222.79,514.57,19.89
1,410.00,143,891.33,271.13,0.00
1,410.00,144,388.57,449.74,13.33
1,410.00,145,697.96,358.62,14.68
1,410.00,146,737.72,448.81,15.35
1,410.00,147,452.62,590.45,0.00
1,410.00,148,544.09,79.20,0.00
1,410.00,149,211.52,654.10,13.08
1,410.00,150,405.03,135.06,15.58
1,410.00,151,570.96,651.45,16.80
1,410.00,152,596.16,429.19,15.45
1,410.00,153,611.75,369.74,18.57
1,410.00,154,832.22,21.18,0.00
1,410.00,155,915.74,256.63,0.00
1,410.00,156,423.43,502.55,24.38
1,410.00,157,140.70,453.81,6.28
1,410.00,158,431.89,606.49,24.71
1,410.00,159,740.42,283.47,17.68
1,410.00,160,787.75,566.36,5.22
1,410.00,161,739.89,277.19,7.50
1,410.00,162,150.12,958.42,0.00
1,410.00,163,724.62,642.06,0.00
1,410.00,164,321.90,397.29,7.41
1,410.00,165,671.38,317.85,13.71
1,410.00,166,885.01,602.81,7.09
1,410.00,167,719.90,904.10,7.80
1,410.00,168,800.37,158.57,16.45
1,410.00,169,821.81,619.01,11.15
1,410.00,170,339.22,713.59,6.32
1,410.00,171,969.49,185.19,7.36
1,410.00,172,794.39,296.82,0.00
1,410.00,173,724.26,520.61,9.35
1,410.00,174,401.50,275.54,17.02
1,410.00,175,605.57,588.27,9.02
1,410.00,176,649.11,852.88,7.23
1,410.00,177,180.17,568.15,24.84
1,410.00,178,521.55,530.49,10.08
1,410.00,179,399.63,409.42,19.78
1,410.00,180,392.81,206.53,18.27
1,410.00,181,882.16,538.67,5.51
1,410.00,182,283.47,673.59,20.19
1,410.00,183,782.97,483.50,14.69
1,410.00,184,89.82,605.65,5.26
1,410.00,185,694.09,427.93,10.49
1,410.00,186,434.36,705.19,11.20
1,410.00,187,203.00,138.38,7.36
1,410.00,188,387.33,840.38,13.53
1,410.00,189,914.61,944.77,24.95
1,410.00,190,174.58,515.96,9.47
1,410.00,191,279.27,771.61,8.43
1,410.00,192,701.77,663.45,11.87
1,410.00,193,243.10,602.18,0.00
1,410.00,194,801.15,429.08,0.00
1,410.00,195,936.26,692.56,8.84
1,410.00,196,22.05,360.23,0.00
1,410.00,197,182.65,489.34,9.55
1,410.00,198,591.99,209.81,24.42
1,410.00,199,711.32,266.99,8.48
1,410.00,200,681.86,112.94,0.00
1,410.00,201,454.74,795.04,9.99
1,410.00,202,571.16,908.07,15.76
1,410.00,203,726.24,503.99,14.76
1,410.00,204,275.44,946.32,0.00
1,410.00,205,668.51,587.67,12.13
1,410.00,206,251.91,121.69,8.73
1,410.00,207,435.27,35.30,0.00
1,410.00,208,676.82,320.12,14.56
1,410.00,209,593.26,432.62,5.54
1,410.00,210,657.27,700.29,5.86
1,410.00,211,218.70,455.02,7.99
1,410.00,212,506.75,541.08,0.00
1,410.00,213,291.99,399.84,9.51
1,410.00,214,682.50,552.33,19.88
1,410.00,215,145.84,157.10,11.71
1,410.00,216,534.18,528.51,21.26
1,410.00,217,742.11,820.99,5.51
1,410.00,218,858.65,252.55,10.52
1,410.00,219,838.34,67.19,20.31
1,410.00,220,749.91,863.98,20.18
1,410.00,221,606.46,353.92,7.08
1,410.00,222,837.39,334.49,6.62
1,410.00,223,425.35,405.58,0.00
1,410.00,224,472.96,335.48,19.31
1,410.00,225,202.88,369.91,18.00
1,410.00,226,617.37,858.29,11.16
1,410.00,227,396.92,536.42,8.43
1,410.00,228,267.58,334.87,23.10
1,410.00,229,895.96,511.09,8.10
1,410.00,230,443.31,819.40,7.02
1,410.00,231,592.39,149.42,8.73
1,410.00,232,948.15,507.28,0.00
1,410.00,233,379.80,722.43,5.14
1,410.00,234,675.73,393.76,23.37
1,410.00,235,275.01,491.44,12.06
1,410.00,236,277.94,96.51,9.59
1,410.00,237,606.35,538.93,5.39
1,410.00,238,279.21,271.92,12.95
1,410.00,239,894.23,505.33,12.16
1,410.00,240,598.95,564.81,24.49
1,410.00,241,268.90,473.91,9.59
1,410.00,242,139.39,385.05,24.00
1,410.00,243,464.47,841.73,22.56
1,410.00,244,234.17,595.08,24.10
1,410.00,245,790.41,697.02,0.00
1,410.00,246,404.30,710.13,20.06
1,410.00,247,702.64,949.48,0.00
1,410.00,248,174.74,862.05,14.42
1,410.00,249,572.84,723.94,0.00
1,410.00,250,507.97,751.19,17.64
1,410.00,251,529.84,836.97,7.49
1,410.00,252,730.93,409.98,8.15
1,410.00,253,750.90,442.59,0.00
1,410.00,254,592.97,838.45,24.75
1,410.00,255,67.36,602.70,8.11
1,410.00,256,24.29,377.14,0.00
1,410.00,257,584.04,430.27,9.86
1,410.00,258,146.01,861.41,5.03
1,410.00,259,366.03,255.73,14.71
1,410.00,260,311.72,73.45,5.77
1,410.00,261,456.26,242.89,9.29
1,410.00,262,910.37,82.19,13.91
1,410.00,263,828.30,930.30,9.67
1,410.00,264,724.60,604.56,0.00
1,410.00,265,875.36,717.58,21.12
1,410.00,266,788.58,196.07,17.07
1,410.00,267,138.81,508.07,21.17
1,410.00,268,581.05,507.26,19.80
1,410.00,269,876.49,520.27,16.91
1,410.00,270,722.09,305.90,6.67
1,410.00,271,796.21,294.42,5.39
1,410.00,272,196.79,580.89,6.73
1,410.00,273,239.61,388.04,7.09
1,410.00,274,741.22,538.40,16.04
1,410.00,275,566.05,643.51,14.46
1,410.00,276,413.96,557.72,18.50
1,410.00,277,544.78,734.53,24.30
1,410.00,278,78.58,359.36,8.31
1,410.00,279,810.47,260.81,0.00
1,410.00,280,183.50,354.10,9.45
1,410.00,281,694.14,292.81,18.36
1,410.00,282,802.33,182.63,18.54
1,410.00,283,266.61,32.66,0.00
1,410.00,284,392.25,928.02,6.53
1,410.00,285,192.00,885.24,11.51
1,410.00,286,292.07,557.17,11.74
1,410.00,287,577.18,650.73,7.33
1,410.00,288,420.46,681.13,18.62
1,410.00,289,616.07,868.07,7.68
1,410.00,290,143.94,507.30,0.00
1,410.00,291,136.73,485.06,6.83
1,410.00,292,667.20,55.10,9.30
1,410.00,293,919.76,683.74,0.00
1,410.00,294,35.97,587.20,6.26
1,410.00,295,658.28,780.65,9.58
1,410.00,296,912.19,544.60,0.00
1,410.00,297,431.80,543.26,9.33
1,410.00,298,709.87,632.87,20.29
1,410.00,299,621.98,360.86,6.58
1,410.00,300,640.56,350.12,6.95
1,410.00,301,838.91,685.39,22.88
1,410.00,302,667.08,656.37,7.05
1,410.00,303,488.71,393.05,16.14
1,410.00,304,714.86,311.59,12.68
1,410.00,305,23.32,672.66,0.00
1,410.00,306,195.48,560.84,8.07
1,410.00,307,774.66,994.99,0.00
1,410.00,308,289.00,586.62,14.21
1,410.00,309,703.20,756.60,17.70
1,410.00,310,793.30,22.52,0.00
1,410.00,311,208.71,551.47,8.97
1,410.00,312,111.42,240.20,14.39
1,410.00,313,919.59,560.61,15.84
1,410.00,314,615.73,940.69,5.89
1,410.00,315,206.45,378.69,15.12
1,410.00,316,172.50,92.35,9.31
1,410.00,317,552.07,552.74,11.73
1,410.00,318,262.94,336.32,20.27
1,410.00,319,253.96,629.63,7.59
1,410.00,320,143.81,822.01,11.02
1,410.00,321,182.74,208.72,0.00
1,410.00,322,287.97,633.70,22.91
1,410.00,323,430.97,331.96,6.31
1,410.00,324,459.80,711.22,5.50
1,410.00,325,689.48,355.35,9.75
1,410.00,326,670.16,458.68,12.17
1,410.00,327,333.18,615.66,23.89
1,410.00,328,725.60,228.23,5.64
1,410.00,329,196.29,230.27,21.74
1,410.00,330,69.05,513.19,15.05
1,410.00,331,409.79,994.91,19.89
1,410.00,332,302.06,552.25,8.72
1,410.00,333,528.01,595.37,19.99
1,410.00,334,443.18,814.40,9.03
1,410.00,335,756.09,172.77,19.24
1,410.00,336,897.87,863.55,0.00
1,410.00,337,341.86,419.12,0.00
1,410.00,338,599.11,581.22,6.76
1,410.00,339,437.93,155.67,8.49
1,410.00,340,665.39,535.24,9.82
1,410.00,341,851.31,100.42,0.00
1,410.00,342,515.32,669.61,20.80
1,410.00,343,211.77,561.99,10.58
1,410.00,344,686.72,716.83,5.52
1,410.00,345,765.28,337.13,17.50
1,410.00,346,93.36,568.46,13.12
1,410.00,347,893.87,921.39,0.00
1,410.00,348,621.61,449.60,0.00
1,410.00,349,441.30,781.56,15.39
1,410.00,350,580.51,528.84,7.71
1,410.00,351,243.82,238.52,9.60
1,410.00,352,553.49,244.39,12.17
1,410.00,353,184.30,866.33,22.97
1,410.00,354,830.11,263.35,13.72
1,410.00,355,879.34,458.64,9.72
1,410.00,356,759.92,598.21,15.75
1,410.00,357,373.41,958.32,0.00
1,410.00,358,362.39,691.83,6.45
1,410.00,359,390.28,57.91,11.43
1,410.00,360,570.80,860.71,0.00
1,410.00,361,869.72,661.37,5.38
1,410.00,362,416.56,119.27,14.60
1,410.00,363,817.40,610.65,9.97
1,410.00,364,122.11,213.92,18.70
1,410.00,365,729.42,565.60,10.84
1,410.00,366,867.94,868.28,7.76
1,410.00,367,567.20,492.40,9.69
1,410.00,368,619.04,276.46,21.06
1,410.00,369,622.41,261.50,15.70
1,410.00,370,686.90,453.58,6.79
1,410.00,371,344.15,465.69,0.00
1,410.00,372,831.14,607.06,7.61
1,410.00,373,645.47,674.35,0.00
1,410.00,374,458.95,749.27,8.72
1,410.00,375,662.23,618.72,23.06
1,410.00,376,683.79,687.99,23.23
1,410.00,377,785.81,263.77,0.00
1,410.00,378,573.67,77.36,5.32
1,410.00,379,297.66,103.01,11.91
1,410.00,380,577.61,398.64,24.97
1,410.00,381,477.79,87.68,23.82
1,410.00,382,355.40,604.16,6.66
1,410.00,383,23.77,358.75,0.00
1,410.00,384,463.39,491.57,12.64
1,410.00,385,643.72,283.87,20.53
1,410.00,386,575.34,456.24,6.59
1,410.00,387,310.23,655.15,10.22
1,410.00,388,840.16,972.37,6.67
1,410.00,389,586.85,853.97,0.00
1,410.00,390,964.16,581.97,10.33
1,410.00,391,274.19,878.27,0.00
1,410.00,392,543.57,627.98,15.23
1,410.00,393,961.34,502.39,5.03
1,410.00,394,313.68,214.71,15.72
1,410.00,395,492.38,960.10,7.83
1,410.00,396,592.60,406.58,13.91
1,410.00,397,663.36,415.35,5.83
1,410.00,398,177.59,492.34,0.00
1,410.00,399,484.17,664.56,17.02
1,420.00,0,796.78,476.78,19.18
1,420.00,1,182.10,757.52,22.82
1,420.00,2,171.70,321.21,9.55
1,420.00,3,676.05,850.49,0.00
1,420.00,4,182.63,654.72,11.21
1,420.00,5,907.57,434.84,13.71
1,420.00,6,157.34,586.11,13.32
1,420.00,7,667.12,404.65,14.83
1,420.00,8,667.33,406.23,9.80
1,420.00,9,668.76,416.99,19.29
1,420.00,10,843.96,188.58,17.29
1,420.00,11,363.03,517.24,6.48
1,420.00,12,467.43,382.92,17.30
1,420.00,13,384.17,589.35,6.48
1,420.00,14,719.47,915.03,13.99
1,420.00,15,207.45,72.79,5.43
1,420.00,16,651.44,306.35,5.81
1,420.00,17,781.79,550.24,17.85
1,420.00,18,805.15,564.93,0.00
1,420.00,19,566.82,657.94,16.58
1,420.00,20,431.79,512.17,5.05
1,420.00,21,767.67,925.61,5.87
1,420.00,22,582.04,508.04,9.95
1,420.00,23,640.29,328.62,21.74
1,420.00,24,326.88,375.16,9.52
1,420.00,25,232.31,340.18,17.67
1,420.00,26,828.23,272.31,16.06
1,420.00,27,440.47,361.81,9.73
1,420.00,28,724.42,695.77,20.05
1,420.00,29,197.03,713.16,5.97
1,420.00,30,582.64,691.92,12.22
1,420.00,31,625.24,902.09,5.03
1,420.00,32,558.98,565.60,0.00
1,420.00,33,638.02,232.58,5.99
1,420.00,34,745.60,334.26,6.73
1,420.00,35,305.64,647.29,24.44
1,420.00,36,105.91,156.20,0.00
1,420.00,37,249.94,111.49,21.07
1,420.00,38,681.84,157.25,13.45
1,420.00,39,136.38,849.60,13.94
1,420.00,40,992.86,645.68,6.09
1,420.00,41,645.90,75.76,6.93
1,420.00,42,338.30,899.40,0.00
1,420.00,43,362.39,245.05,5.02
1,420.00,44,395.39,422.81,0.00
1,420.00,45,507.76,483.04,6.46
1,420.00,46,153.39,343.73,8.87
1,420.00,47,751.97,924.61,0.00
1,420.00,48,614.59,636.42,0.00
1,420.00,49,67.61,326.99,0.00
1,420.00,50,570.60,862.72,0.00
1,420.00,51,598.01,633.77,5.93
1,420.00,52,619.05,925.72,0.00
1,420.00,53,584.93,336.70,11.58
1,420.00,54,356.29,832.39,23.67
1,420.00,55,558.47,724.76,16.42
1,420.00,56,683.84,803.07,10.47
1,420.00,57,239.43,267.34,7.54
1,420.00,58,633.22,439.64,0.00
1,420.00,59,533.98,369.88,7.09
1,420.00,60,160.23,619.80,16.32
1,420.00,61,804.97,196.67,9.64
1,420.00,62,694.85,390.17,7.27
1,420.00,63,500.52,548.91,23.63
1,420.00,64,738.46,584.00,0.00
1,420.00,65,328.62,655.56,12.40
1,420.00,66,785.65,585.61,10.38
1,420.00,67,477.72,280.48,7.32
1,420.00,68,836.11,841.99,7.32
1,420.00,69,515.90,503.80,6.00
1,420.00,70,291.53,769.18,0.00
1,420.00,71,734.37,448.12,14.70
1,420.00,72,291.36,652.18,7.92
1,420.00,73,314.47,898.22,17.24
1,420.00,74,906.28,614.60,13.22
1,420.00,75,92.42,593.15,11.85
1,420.00,76,375.96,636.11,5.60
1,420.00,77,637.14,941.48,5.20
1,420.00,78,832.84,110.40,8.00
1,420.00,79,743.94,621.88,8.19
1,420.00,80,968.61,948.11,12.28
1,420.00,81,961.84,598.17,0.00
1,420.00,82,858.07,414.76,8.18
1,420.00,83,545.08,506.63,8.17
1,420.00,84,902.14,323.11,20.32
1,420.00,85,722.39,253.81,0.00
1,420.00,86,323.03,256.44,18.39
1,420.00,87,700.28,98.01,0.00
1,420.00,88,522.83,728.88,13.22
1,420.00,89,800.18,620.63,0.00
1,420.00,90,220.02,649.82,5.69
1,420.00,91,720.57,650.84,15.31
1,420.00,92,167.94,68.44,6.43
1,420.00,93,555.07,655.87,12.13
1,420.00,94,688.22,659.55,10.75
1,420.00,95,430.97,357.19,24.75
1,420.00,96,512.16,180.74,10.08
1,420.00,97,240.76,125.74,10.07
1,420.00,98,497.24,788.04,17.19
1,420.00,99,603.80,357.95,9.29
1,420.00,100,277.77,240.65,5.21
1,420.00,101,941.25,613.77,0.00
1,420.00,102,13.12,685.42,0.00
1,420.00,103,383.70,352.16,11.09
1,420.00,104,271.44,595.13,19.63
1,420.00,105,615.02,393.44,17.53
1,420.00,106,980.50,820.26,15.49
1,420.00,107,475.92,243.52,0.00
1,420.00,108,643.78,62.76,21.24
1,420.00,109,235.27,351.45,0.00
1,420.00,110,27.99,354.08,0.00
1,420.00,111,698.23,4.82,0.00
1,420.00,112,673.74,220.93,17.56
1,420.00,113,700.22,573.99,21.71
1,420.00,114,167.43,883.20,12.85
1,420.00,115,504.60,434.23,0.00
1,420.00,116,369.74,711.65,5.43
1,420.00,117,415.67,994.60,0.00
1,420.00,118,163.64,101.18,16.88
1,420.00,119,526.68,141.34,7.64
1,420.00,120,656.47,378.31,5.34
1,420.00,121,539.99,468.38,9.42
1,420.00,122,232.65,359.35,19.56
1,420.00,123,448.86,147.01,12.30
1,420.00,124,688.33,385.91,23.38
1,420.00,125,541.89,520.68,6.55
1,420.00,126,962.24,591.77,0.00
1,420.00,127,490.75,899.16,0.00
1,420.00,128,924.43,307.03,0.00
1,420.00,129,935.92,797.23,9.87
1,420.00,130,755.35,449.67,21.75
1,420.00,131,965.74,400.62,0.00
1,420.00,132,789.14,766.10,0.00
1,420.00,133,700.77,117.12,19.29
1,420.00,134,420.92,566.65,13.27
1,420.00,135,870.17,374.55,0.00
1,420.00,136,439.04,608.19,17.20
1,420.00,137,566.30,642.56,10.05
1,420.00,138,931.74,619.37,12.03
1,420.00,139,282.00,592.78,8.26
1,420.00,140,961.07,753.55,7.95
1,420.00,141,596.65,362.40,19.71
1,420.00,142,137.72,480.47,0.00
1,420.00,143,887.92,277.32,22.16
1,420.00,144,316.30,561.71,13.33
1,420.00,145,748.73,494.47,0.00
1,420.00,146,816.38,316.95,15.35
1,420.00,147,476.11,378.23,22.71
1,420.00,148,621.07,51.46,10.81
1,420.00,149,318.24,729.73,13.08
1,420.00,150,530.47,227.51,15.58
1,420.00,151,487.45,505.67,16.80
1,420.00,152,622.77,277.22,0.00
1,420.00,153,740.15,235.53,18.57
1,420.00,154,775.82,141.12,21.87
1,420.00,155,821.80,245.14,10.06
1,420.00,156,584.98,685.08,24.38
1,420.00,157,90.64,491.72,6.28
1,420.00,158,657.49,505.74,24.71
1,420.00,159,907.49,225.76,17.68
1,420.00,160,780.66,514.65,5.22
1,420.00,161,677.81,319.27,7.50
1,420.00,162,237.26,834.06,22.73
1,420.00,163,684.19,602.01,6.67
1,420.00,164,362.78,459.09,7.41
1,420.00,165,749.76,430.37,13.71
1,420.00,166,882.10,531.93,7.09
1,420.00,167,774.66,959.68,7.80
1,420.00,168,710.73,296.55,16.45
1,420.00,169,788.38,725.42,11.15
1,420.00,170,312.35,770.75,6.32
1,420.00,171,996.37,172.16,0.00
1,420.00,172,816.96,334.93,5.06
1,420.00,173,709.30,612.92,9.35
1,420.00,174,277.35,392.02,17.02
1,420.00,175,690.99,617.26,9.02
1,420.00,176,721.33,850.73,7.23
1,420.00,177,258.05,332.24,24.84
1,420.00,178,464.65,447.34,10.08
1,420.00,179,559.50,292.99,19.78
1,420.00,180,513.08,344.02,18.27
1,420.00,181,829.24,554.18,5.51
1,420.00,182,463.68,582.59,20.19
1,420.00,183,771.44,337.04,14.69
1,420.00,184,56.40,619.78,0.00
1,420.00,185,601.64,378.35,10.49
1,420.00,186,399.55,598.75,11.20
1,420.00,187,209.38,211.73,7.36
1,420.00,188,273.34,913.32,13.53
1,420.00,189,979.08,848.85,0.00
1,420.00,190,134.77,601.89,9.47
1,420.00,191,342.71,716.13,8.43
1,420.00,192,583.21,657.87,11.87
1,420.00,193,245.51,606.59,6.65
1,420.00,194,790.55,524.30,22.92
1,420.00,195,933.25,780.89,8.84
1,420.00,196,97.58,442.05,13.36
1,420.00,197,278.01,484.52,9.55
1,420.00,198,642.17,181.19,0.00
1,420.00,199,701.11,286.02,0.00
1,420.00,200,687.98,155.02,12.34
1,420.00,201,490.79,888.26,9.99
1,420.00,202,491.05,772.34,15.76
1,420.00,203,751.27,400.02,0.00
1,420.00,204,274.06,905.06,14.38
1,420.00,205,744.81,633.93,0.00
1,420.00,206,238.71,92.23,0.00
1,420.00,207,487.04,34.89,17.33
1,420.00,208,614.43,188.58,14.56
1,420.00,209,584.45,479.10,0.00
1,420.00,210,700.61,660.80,5.86
1,420.00,211,178.38,518.15,0.00
1,420.00,212,518.88,457.23,11.86
1,420.00,213,241.13,480.23,9.51
1,420.00,214,681.46,556.52,0.00
1,420.00,215,86.05,59.95,0.00
1,420.00,216,382.95,677.89,21.26
1,420.00,217,796.23,810.77,5.51
1,420.00,218,870.51,357.03,10.52
1,420.00,219,637.24,95.34,20.31
1,420.00,220,792.28,933.18,0.00
1,420.00,221,627.82,286.47,7.08
1,420.00,222,863.27,273.59,6.62
1,420.00,223,350.32,465.26,13.14
1,420.00,224,282.44,367.04,19.31
1,420.00,225,198.79,549.91,18.00
1,420.00,226,606.50,892.94,0.00
1,420.00,227,427.55,457.89,8.43
1,420.00,228,457.57,466.30,23.10
1,420.00,229,868.23,587.17,8.10
1,420.00,230,416.87,808.28,0.00
1,420.00,231,606.76,235.53,8.73
1,420.00,232,803.97,393.12,22.60
1,420.00,233,333.47,744.73,5.14
1,420.00,234,818.82,470.90,0.00
1,420.00,235,371.98,563.12,12.06
1,420.00,236,359.23,111.30,0.00
1,420.00,237,578.15,584.86,5.39
1,420.00,238,407.25,252.48,12.95
1,420.00,239,878.79,625.96,12.16
1,420.00,240,367.12,485.86,24.49
1,420.00,241,189.20,527.17,9.59
1,420.00,242,30.08,419.80,0.00
1,420.00,243,385.35,913.41,0.00
1,420.00,244,402.71,422.77,24.10
1,420.00,245,782.24,698.33,14.30
1,420.00,246,214.45,645.42,20.06
1,420.00,247,679.85,838.63,20.46
1,420.00,248,135.20,902.64,0.00
1,420.00,249,514.82,743.11,15.86
1,420.00,250,331.58,747.56,17.64
1,420.00,251,595.05,873.90,7.49
1,420.00,252,740.62,490.95,8.15
1,420.00,253,739.07,439.43,21.55
1,420.00,254,836.87,796.20,24.75
1,420.00,255,7.03,559.15,0.00
1,420.00,256,24.47,390.83,10.56
1,420.00,257,533.27,514.80,9.86
1,420.00,258,178.65,823.14,5.03
1,420.00,259,223.89,217.96,14.71
1,420.00,260,345.36,120.32,5.77
1,420.00,261,457.24,240.38,0.00
1,420.00,262,776.14,118.52,13.91
1,420.00,263,763.37,858.69,9.67
1,420.00,264,700.70,609.12,10.24
1,420.00,265,969.38,861.86,0.00
1,420.00,266,721.11,352.87,17.07
1,420.00,267,65.66,309.41,21.17
1,420.00,268,700.38,349.24,19.80
1,420.00,269,708.10,535.43,16.91
1,420.00,270,770.31,259.87,6.67
1,420.00,271,755.21,329.39,5.39
1,420.00,272,130.81,567.42,6.73
1,420.00,273,277.34,448.08,7.09
1,420.00,274,824.05,456.09,0.00
1,420.00,275,708.05,616.42,14.46
1,420.00,276,582.95,632.92,18.50
1,420.00,277,766.14,634.26,24.30
1,420.00,278,90.41,441.61,8.31
1,420.00,279,755.83,338.32,14.65
1,420.00,280,277.69,346.50,9.45
1,420.00,281,521.78,229.49,18.36
1,420.00,282,971.92,200.57,0.00
1,420.00,283,266.46,68.15,6.93
1,420.00,284,330.71,949.94,6.53
1,420.00,285,302.99,854.79,11.51
1,420.00,286,401.50,514.75,11.74
1,420.00,287,650.40,648.19,7.33
1,420.00,288,289.73,548.50,18.62
1,420.00,289,549.43,829.94,7.68
1,420.00,290,147.95,506.00,10.60
1,420.00,291,116.72,550.35,6.83
1,420.00,292,577.59,79.96,9.30
1,420.00,293,903.15,649.14,5.90
1,420.00,294,42.78,525.02,6.26
1,420.00,295,733.43,721.17,9.58
1,420.00,296,887.60,521.06,7.32
1,420.00,297,361.22,604.33,9.33
1,420.00,298,809.35,690.85,0.00
1,420.00,299,578.94,311.13,6.58
1,420.00,300,709.74,357.18,6.95
1,420.00,301,807.54,458.78,22.88
1,420.00,302,664.00,726.83,7.05
1,420.00,303,391.98,263.81,16.14
1,420.00,304,716.61,295.75,0.00
1,420.00,305,73.29,684.25,5.77
1,420.00,306,132.86,509.94,8.07
1,420.00,307,772.70,866.47,24.64
1,420.00,308,180.60,494.78,14.21
1,420.00,309,555.16,659.60,17.70
1,420.00,310,797.37,48.65,14.09
1,420.00,311,237.90,636.32,8.97
1,420.00,312,59.51,218.61,0.00
1,420.00,313,772.26,502.49,15.84
1,420.00,314,612.56,990.60,0.00
1,420.00,315,138.32,352.28,0.00
1,420.00,316,143.17,28.17,0.00
1,420.00,317,541.95,498.96,0.00
1,420.00,318,259.80,331.21,0.00
1,420.00,319,200.41,683.35,7.59
1,420.00,320,36.55,847.08,11.02
1,420.00,321,237.81,273.79,23.39
1,420.00,322,456.36,478.41,22.91
1,420.00,323,415.78,270.77,6.31
1,420.00,324,501.95,675.90,5.50
1,420.00,325,776.45,311.35,9.75
1,420.00,326,656.51,337.78,12.17
1,420.00,327,120.03,723.50,23.89
1,420.00,328,708.40,185.11,0.00
1,420.00,329,225.25,367.39,0.00
1,420.00,330,158.77,634.08,15.05
1,420.00,331,341.97,807.90,19.89
1,420.00,332,269.90,471.24,8.72
1,420.00,333,467.61,404.86,19.99
1,420.00,334,460.11,833.14,0.00
1,420.00,335,702.10,213.51,0.00
1,420.00,336,893.80,852.98,13.75
1,420.00,337,331.15,405.82,6.54
1,420.00,338,658.91,549.79,6.76
1,420.00,339,366.33,137.27,0.00
1,420.00,340,581.22,585.83,9.82
1,420.00,341,836.32,208.80,11.37
1,420.00,342,692.98,777.84,20.80
1,420.00,343,128.17,614.58,0.00
1,420.00,344,707.99,665.88,5.52
1,420.00,345,903.34,269.39,0.00
1,420.00,346,147.13,448.81,13.12
1,420.00,347,856.64,922.58,19.61
1,420.00,348,659.37,419.21,14.57
1,420.00,349,593.97,762.53,15.39
1,420.00,350,615.26,460.02,7.71
1,420.00,351,328.91,283.00,9.60
1,420.00,352,478.48,161.72,0.00
1,420.00,353,170.76,693.07,0.00
1,420.00,354,764.51,383.84,13.72
1,420.00,355,886.07,472.12,0.00
1,420.00,356,658.32,477.92,15.75
1,420.00,357,381.21,949.06,17.33
1,420.00,358,412.55,651.29,6.45
1,420.00,359,380.19,34.47,0.00
1,420.00,360,526.18,779.80,15.39
1,420.00,361,823.44,634.00,5.38
1,420.00,362,534.49,205.38,14.60
1,420.00,363,899.23,667.59,9.97
1,420.00,364,67.69,224.61,0.00
1,420.00,365,837.32,575.79,10.84
1,420.00,366,881.14,791.77,7.76
1,420.00,367,500.33,562.53,9.69
1,420.00,368,726.68,95.43,21.06
1,420.00,369,597.05,229.31,0.00
1,420.00,370,752.03,472.64,6.79
1,420.00,371,358.81,463.08,6.19
1,420.00,372,906.96,613.12,7.61
1,420.00,373,586.58,535.34,20.41
1,420.00,374,373.01,734.27,8.72
1,420.00,375,750.79,405.81,23.06
1,420.00,376,645.29,761.11,0.00
1,420.00,377,731.17,166.84,11.53
1,420.00,378,521.03,84.82,5.32
1,420.00,379,359.70,204.65,11.91
1,420.00,380,427.33,598.05,24.97
1,420.00,381,240.20,104.73,23.82
1,420.00,382,296.92,572.36,6.66
1,420.00,383,33.85,357.62,12.72
1,420.00,384,338.91,513.40,12.64
1,420.00,385,703.94,241.33,0.00
1,420.00,386,598.52,394.60,6.59
1,420.00,387,375.92,576.81,10.22
1,420.00,388,773.52,976.10,6.67
1,420.00,389,594.42,812.18,14.99
1,420.00,390,966.41,579.14,0.00
1,420.00,391,241.81,792.75,23.21
1,420.00,392,652.99,733.97,15.23
1,420.00,393,956.66,452.27,5.03
1,420.00,394,160.31,180.13,15.72
1,420.00,395,414.09,959.66,7.83
1,420.00,396,704.32,396.05,0.00
1,420.00,397,637.28,467.50,5.83
1,420.00,398,223.49,469.02,7.35
1,420.00,399,561.22,512.82,17.02
1,430.00,0,677.42,326.60,19.18
1,430.00,1,105.56,805.85,0.00
1,430.00,2,237.05,390.86,9.55
1,430.00,3,676.65,842.25,20.34
1,430.00,4,84.40,600.74,11.21
1,430.00,5,904.23,297.75,13.71
1,430.00,6,141.18,699.95,0.00
1,430.00,7,709.72,262.63,14.83
1,430.00,8,716.65,321.50,9.80
1,430.00,9,548.44,567.78,19.29
1,430.00,10,894.02,136.83,0.00
1,430.00,11,422.93,492.39,6.48
1,430.00,12,439.19,553.57,17.30
1,430.00,13,431.66,633.45,6.48
1,430.00,14,798.30,916.00,0.00
1,430.00,15,231.48,79.54,0.00
1,430.00,16,688.31,261.46,5.81
1,430.00,17,858.50,657.66,0.00
1,430.00,18,777.66,537.57,14.46
1,430.00,19,401.63,643.51,16.58
1,430.00,20,437.58,462.00,5.05
1,430.00,21,825.72,916.89,5.87
1,430.00,22,681.57,506.51,9.95
1,430.00,23,468.93,462.33,21.74
1,430.00,24,359.25,285.67,9.52
1,430.00,25,402.49,292.68,17.67
1,430.00,26,949.99,185.55,0.00
1,430.00,27,347.74,332.36,9.73
1,430.00,28,565.25,573.85,20.05
1,430.00,29,255.06,727.30,5.97
1,430.00,30,611.97,573.26,12.22
1,430.00,31,641.44,949.76,5.03
1,430.00,32,526.12,425.80,22.97
1,430.00,33,651.29,174.18,5.99
1,430.00,34,768.13,325.54,0.00
1,430.00,35,490.95,487.87,24.44
1,430.00,36,280.99,176.99,18.32
1,430.00,37,112.60,77.28,0.00
1,430.00,38,802.69,216.27,13.45
1,430.00,39,132.58,710.23,13.94
1,430.00,40,977.76,704.67,6.09
1,430.00,41,582.29,103.14,6.93
1,430.00,42,364.22,890.78,21.99
1,430.00,43,411.28,256.49,5.02
1,430.00,44,464.89,321.74,13.53
1,430.00,45,499.35,418.97,6.46
1,430.00,46,241.89,337.94,8.87
1,430.00,47,750.29,913.50,12.20
1,430.00,48,604.34,612.70,6.45
1,430.00,49,68.10,327.66,5.21
1,430.00,50,617.18,777.44,13.64
1,430.00,51,629.17,583.31,5.93
1,430.00,52,639.54,880.58,24.94
1,430.00,53,649.55,240.64,11.58
1,430.00,54,421.23,790.89,0.00
1,430.00,55,719.06,758.95,16.42
1,430.00,56,581.57,825.58,10.47
1,430.00,57,172.02,301.14,7.54
1,430.00,58,780.89,409.36,18.52
1,430.00,59,534.57,298.93,7.09
1,430.00,60,131.16,667.71,0.00
1,430.00,61,712.98,225.49,9.64
1,430.00,62,711.60,319.43,7.27
1,430.00,63,463.58,525.37,0.00
1,430.00,64,651.02,601.19,13.15
1,430.00,65,207.03,679.65,12.40
1,430.00,66,681.93,580.55,10.38
1,430.00,67,416.47,320.60,7.32
1,430.00,68,805.07,775.74,7.32
1,430.00,69,564.94,538.34,6.00
1,430.00,70,315.50,745.42,13.27
1,430.00,71,591.28,481.68,14.70
1,430.00,72,295.41,573.12,7.92
1,430.00,73,437.28,777.28,17.24
1,430.00,74,907.18,482.39,13.22
1,430.00,75,96.06,711.61,11.85
1,430.00,76,359.74,689.75,5.60
1,430.00,77,607.86,898.47,5.20
1,430.00,78,828.09,107.34,0.00
1,430.00,79,717.40,699.39,8.19
1,430.00,80,982.96,959.92,0.00
1,430.00,81,794.46,643.68,17.38
1,430.00,82,832.92,336.93,8.18
1,430.00,83,620.15,474.50,8.17
1,430.00,84,852.23,169.98,0.00
1,430.00,85,681.71,208.66,21.50
1,430.00,86,286.07,436.63,18.39
1,430.00,87,566.22,100.33,15.74
1,430.00,88,654.69,720.00,13.22
1,430.00,89,784.63,609.50,12.53
1,430.00,90,191.00,698.81,5.69
1,430.00,91,687.78,770.45,0.00
1,430.00,92,228.22,90.91,6.43
1,430.00,93,442.64,610.38,12.13
1,430.00,94,793.73,639.08,10.75
1,430.00,95,614.51,523.18,24.75
1,430.00,96,587.73,247.49,10.08
1,430.00,97,168.44,55.72,10.07
1,430.00,98,426.31,944.59,17.19
1,430.00,99,689.30,321.62,9.29
1,430.00,100,307.77,283.29,5.21
1,430.00,101,907.79,594.81,5.61
1,430.00,102,17.57,685.50,9.01
1,430.00,103,457.10,435.23,11.09
1,430.00,104,193.92,632.48,0.00
1,430.00,105,592.49,567.33,17.53
1,430.00,106,953.72,667.69,15.49
1,430.00,107,497.30,256.38,6.64
1,430.00,108,564.29,259.74,21.24
1,430.00,109,253.24,396.73,12.19
1,430.00,110,56.48,360.34,9.51
1,430.00,111,667.64,80.30,24.62
1,430.00,112,846.12,187.52,17.56
1,430.00,113,568.00,401.77,21.71
1,430.00,114,144.78,916.22,0.00
1,430.00,115,610.24,437.23,15.66
1,430.00,116,341.25,665.45,5.43
1,430.00,117,399.35,959.24,13.83
1,430.00,118,30.19,56.68,0.00
1,430.00,119,450.87,151.24,7.64
1,430.00,120,694.82,341.16,5.34
1,430.00,121,446.01,474.71,9.42
1,430.00,122,355.18,511.85,19.56
1,430.00,123,366.75,86.39,0.00
1,430.00,124,758.25,201.60,0.00
1,430.00,125,497.02,568.42,6.55
1,430.00,126,962.17,591.60,8.54
1,430.00,127,630.17,828.41,20.85
1,430.00,128,871.74,400.03,22.08
1,430.00,129,989.12,842.68,0.00
1,430.00,130,908.99,309.66,0.00
1,430.00,131,914.08,322.57,22.65
1,430.00,132,753.31,746.70,11.07
1,430.00,133,708.93,109.88,0.00
1,430.00,134,535.67,633.30,13.27
1,430.00,135,837.36,389.21,20.95
1,430.00,136,538.39,467.74,17.20
1,430.00,137,535.90,546.79,10.05
1,430.00,138,941.99,499.56,12.03
1,430.00,139,314.41,668.72,8.26
1,430.00,140,958.34,674.08,7.95
1,430.00,141,748.02,488.63,19.71
1,430.00,142,211.26,404.12,0.00
1,430.00,143,781.14,471.52,22.16
1,430.00,144,273.76,627.62,0.00
1,430.00,145,749.25,495.16,7.15
1,430.00,146,895.04,185.09,15.35
1,430.00,147,495.15,206.20,0.00
1,430.00,148,697.09,24.06,0.00
1,430.00,149,424.96,805.36,13.08
1,430.00,150,655.91,319.97,15.58
1,430.00,151,478.14,489.41,0.00
1,430.00,152,622.64,277.06,18.72
1,430.00,153,863.57,106.54,0.00
1,430.00,154,682.77,338.98,21.87
1,430.00,155,721.95,232.93,10.06
1,430.00,156,725.97,844.38,0.00
1,430.00,157,85.11,495.91,0.00
1,430.00,158,871.64,410.11,0.00
1,430.00,159,925.14,219.67,0.00
1,430.00,160,773.58,462.94,5.22
1,430.00,161,615.73,361.34,7.50
1,430.00,162,367.72,647.87,22.73
1,430.00,163,636.81,555.05,6.67
1,430.00,164,403.67,520.88,7.41
1,430.00,165,758.15,442.40,0.00
1,430.00,166,879.19,461.05,7.09
1,430.00,167,796.72,982.07,0.00
1,430.00,168,621.09,434.52,16.45
1,430.00,169,754.96,831.84,11.15
1,430.00,170,285.47,827.92,6.32
1,430.00,171,993.40,206.96,5.88
1,430.00,172,842.74,378.48,5.06
1,430.00,173,694.35,705.22,9.35
1,430.00,174,153.20,508.49,17.02
1,430.00,175,702.95,621.32,0.00
1,430.00,176,793.56,848.57,7.23
1,430.00,177,283.41,255.42,0.00
1,430.00,178,407.74,364.19,10.08
1,430.00,179,719.37,176.57,19.78
1,430.00,180,633.36,481.51,18.27
1,430.00,181,776.31,569.69,5.51
1,430.00,182,643.89,491.58,20.19
1,430.00,183,759.90,190.58,14.69
1,430.00,184,75.29,592.58,10.69
1,430.00,185,509.20,328.77,10.49
1,430.00,186,364.74,492.31,11.20
1,430.00,187,215.76,285.09,7.36
1,430.00,188,169.43,979.81,0.00
1,430.00,189,944.37,803.30,10.67
1,430.00,190,94.96,687.83,9.47
1,430.00,191,406.15,660.66,8.43
1,430.00,192,464.65,652.28,11.87
1,430.00,193,277.45,664.92,6.65
1,430.00,194,765.17,752.08,22.92
1,430.00,195,931.30,838.19,0.00
1,430.00,196,188.22,540.24,13.36
1,430.00,197,373.37,479.71,9.55
1,430.00,198,602.72,266.11,12.27
1,430.00,199,738.42,418.06,18.41
1,430.00,200,705.72,277.11,12.34
1,430.00,201,523.93,973.96,0.00
1,430.00,202,410.93,636.60,15.76
1,430.00,203,753.80,423.04,8.41
1,430.00,204,269.24,761.36,14.38
1,430.00,205,691.56,666.54,23.64
1,430.00,206,335.84,92.25,15.41
1,430.00,207,660.31,33.53,17.33
1,430.00,208,564.18,82.65,0.00
1,430.00,209,575.86,484.09,6.80
1,430.00,210,743.94,621.30,5.86
1,430.00,211,183.53,524.47,12.98
1,430.00,212,535.86,339.88,11.86
1,430.00,213,190.26,560.62,9.51
1,430.00,214,752.50,437.68,14.15
1,430.00,215,86.44,61.44,5.99
1,430.00,216,358.44,702.10,0.00
1,430.00,217,850.36,800.55,5.51
1,430.00,218,882.37,461.51,10.52
1,430.00,219,436.14,123.49,20.31
1,430.00,220,660.89,913.74,22.21
1,430.00,221,649.18,219.01,7.08
1,430.00,222,889.15,212.70,6.62
1,430.00,223,247.46,547.07,13.14
1,430.00,224,91.92,398.59,19.31
1,430.00,225,196.95,630.84,0.00
1,430.00,226,560.01,833.95,11.13
1,430.00,227,458.18,379.37,8.43
1,430.00,228,484.43,484.88,0.00
1,430.00,229,840.50,663.25,8.10
1,430.00,230,468.51,746.69,13.59
1,430.00,231,621.13,321.64,8.73
1,430.00,232,632.78,257.57,0.00
1,430.00,233,287.14,767.04,5.14
1,430.00,234,823.41,430.05,13.51
1,430.00,235,439.56,613.08,0.00
1,430.00,236,369.17,124.23,11.78
1,430.00,237,549.96,630.78,5.39
1,430.00,238,535.29,233.04,12.95
1,430.00,239,863.35,746.58,12.16
1,430.00,240,359.81,483.36,0.00
1,430.00,241,109.49,580.43,9.59
1,430.00,242,72.89,431.89,8.52
1,430.00,243,411.02,875.63,8.67
1,430.00,244,542.25,280.10,0.00
1,430.00,245,641.00,720.90,14.30
1,430.00,246,185.88,635.69,0.00
1,430.00,247,638.65,638.20,20.46
1,430.00,248,131.60,845.04,9.51
1,430.00,249,368.32,791.53,0.00
1,430.00,250,175.85,744.34,0.00
1,430.00,251,660.26,910.84,7.49
1,430.00,252,750.31,571.92,8.15
1,430.00,253,530.89,383.69,21.55
1,430.00,254,862.81,791.71,0.00
1,430.00,255,8.13,568.04,10.85
1,430.00,256,25.87,496.38,10.56
1,430.00,257,482.50,599.33,9.86
1,430.00,258,211.30,784.86,5.03
1,430.00,259,207.55,213.62,0.00
1,430.00,260,379.00,167.19,5.77
1,430.00,261,375.59,330.27,12.51
1,430.00,262,641.91,154.85,13.91
1,430.00,263,698.44,787.08,9.67
1,430.00,264,600.08,628.28,10.24
1,430.00,265,966.73,847.73,7.79
1,430.00,266,653.63,509.66,17.07
1,430.00,267,16.08,174.77,0.00
1,430.00,268,819.71,191.22,19.80
1,430.00,269,539.71,550.59,16.91
1,430.00,270,818.53,213.83,6.67
1,430.00,271,714.21,364.36,5.39
1,430.00,272,64.82,553.96,6.73
1,430.00,273,315.08,508.11,7.09
1,430.00,274,791.73,472.70,13.36
1,430.00,275,775.05,603.64,0.00
1,430.00,276,751.95,708.13,18.50
1,430.00,277,793.30,621.95,0.00
1,430.00,278,102.25,523.86,8.31
1,430.00,279,671.45,458.02,14.65
1,430.00,280,371.89,338.91,9.45
1,430.00,281,490.31,217.93,0.00
1,430.00,282,955.50,208.04,22.54
1,430.00,283,266.16,137.47,6.93
1,430.00,284,276.42,969.27,0.00
1,430.00,285,413.98,824.33,11.51
1,430.00,286,510.93,472.33,11.74
1,430.00,287,723.62,645.65,7.33
1,430.00,288,159.00,415.87,18.62
1,430.00,289,482.79,791.80,7.68
1,430.00,290,248.80,473.21,10.60
1,430.00,291,96.71,615.64,6.83
1,430.00,292,487.99,104.81,9.30
1,430.00,293,877.62,595.98,5.90
1,430.00,294,49.60,462.84,6.26
1,430.00,295,808.57,661.68,9.58
1,430.00,296,834.74,470.47,7.32
1,430.00,297,290.65,665.41,9.33
1,430.00,298,753.62,601.30,24.38
1,430.00,299,535.91,261.41,6.58
1,430.00,300,778.92,364.24,6.95
1,430.00,301,776.17,232.18,22.88
1,430.00,302,660.93,797.28,7.05
1,430.00,303,295.24,134.57,16.14
1,430.00,304,666.76,173.24,15.13
1,430.00,305,129.49,697.28,5.77
1,430.00,306,78.71,465.93,0.00
1,430.00,307,768.95,620.08,24.64
1,430.00,308,72.20,402.93,14.21
1,430.00,309,407.13,562.61,17.70
1,430.00,310,819.03,187.92,14.09
1,430.00,311,258.62,696.57,0.00
1,430.00,312,174.57,204.44,19.03
1,430.00,313,624.93,444.38,15.84
1,430.00,314,622.62,963.42,19.13
1,430.00,315,206.31,320.97,14.49
1,430.00,316,196.54,34.88,22.24
1,430.00,317,571.69,581.05,16.37
1,430.00,318,328.14,451.50,14.26
1,430.00,319,146.86,737.07,7.59
1,430.00,320,18.66,851.26,0.00
1,430.00,321,388.88,452.30,23.39
1,430.00,322,624.75,323.12,22.91
1,430.00,323,404.50,225.32,0.00
1,430.00,324,502.24,675.65,0.00
1,430.00,325,782.05,308.52,0.00
1,430.00,326,642.86,216.88,12.17
1,430.00,327,60.22,753.76,0.00
1,430.00,328,739.66,157.72,23.44
1,430.00,329,286.63,427.49,24.17
1,430.00,330,248.49,754.96,15.05
1,430.00,331,274.16,620.88,19.89
1,430.00,332,237.75,390.24,8.72
1,430.00,333,407.20,214.34,19.99
1,430.00,334,326.41,807.41,18.90
1,430.00,335,693.84,254.28,6.42
1,430.00,336,844.29,724.67,13.75
1,430.00,337,290.07,354.88,6.54
1,430.00,338,718.72,518.36,6.76
1,430.00,339,370.05,168.50,24.40
1,430.00,340,497.04,636.42,9.82
1,430.00,341,820.73,321.47,11.37
1,430.00,342,870.64,886.07,20.80
1,430.00,343,137.82,607.81,17.77
1,430.00,344,729.25,614.92,5.52
1,430.00,345,875.49,275.00,23.39
1,430.00,346,200.90,329.16,13.12
1,430.00,347,660.65,928.87,19.61
1,430.00,348,772.90,327.85,14.57
1,430.00,349,682.05,751.56,0.00
1,430.00,350,650.01,391.21,7.71
1,430.00,351,414.00,327.48,9.60
1,430.00,352,485.96,170.04,13.53
1,430.00,353,202.42,667.31,16.78
1,430.00,354,698.90,504.32,13.72
1,430.00,355,858.51,382.68,11.08
1,430.00,356,556.73,357.62,15.75
1,430.00,357,492.88,816.50,17.33
1,430.00,358,462.70,610.76,6.45
1,430.00,359,329.90,83.59,9.05
1,430.00,360,451.85,644.99,15.39
1,430.00,361,777.16,606.62,5.38
1,430.00,362,652.42,291.49,14.60
1,430.00,363,902.04,669.55,0.00
1,430.00,364,118.09,267.90,9.44
1,430.00,365,945.23,585.98,10.84
1,430.00,366,894.34,715.26,7.76
1,430.00,367,433.46,632.65,9.69
1,430.00,368,768.50,25.09,0.00
1,430.00,369,734.24,136.75,22.39
1,430.00,370,764.34,476.25,0.00
1,430.00,371,419.74,452.23,6.19
1,430.00,372,920.30,614.18,0.00
1,430.00,373,506.95,347.38,20.41
1,430.00,374,287.08,719.28,8.72
1,430.00,375,839.35,192.91,23.06
1,430.00,376,606.84,680.22,13.90
1,430.00,377,681.70,79.04,0.00
1,430.00,378,468.40,92.29,5.32
1,430.00,379,421.75,306.29,11.91
1,430.00,380,377.14,664.65,0.00
1,430.00,381,147.59,111.38,0.00
1,430.00,382,238.43,540.56,6.66
1,430.00,383,160.29,343.49,12.72
1,430.00,384,214.44,535.23,12.64
1,430.00,385,628.90,338.78,19.19
1,430.00,386,621.70,332.96,6.59
1,430.00,387,441.61,498.48,10.22
1,430.00,388,706.88,979.83,6.67
1,430.00,389,621.12,664.69,14.99
1,430.00,390,775.14,572.40,19.83
1,430.00,391,159.60,575.67,23.21
1,430.00,392,762.42,839.97,15.23
1,430.00,393,951.98,402.15,5.03
1,430.00,394,141.03,175.78,0.00
1,430.00,395,339.91,959.24,0.00
1,430.00,396,741.75,402.24,19.62
1,430.00,397,611.20,519.65,5.83
1,430.00,398,289.04,435.72,7.35
1,430.00,399,638.27,361.07,17.02
1,440.00,0,558.06,176.41,19.18
1,440.00,1,171.01,688.02,22.34
1,440.00,2,302.40,460.50,9.55
1,440.00,3,691.47,639.36,20.34
1,440.00,4,14.70,562.44,0.00
1,440.00,5,900.90,160.66,13.71
1,440.00,6,161.77,676.53,22.79
1,440.00,7,744.65,146.17,0.00
1,440.00,8,765.97,236.78,9.80
1,440.00,9,428.12,718.57,19.29
1,440.00,10,876.48,216.20,13.93
1,440.00,11,482.83,467.55,6.48
1,440.00,12,410.94,724.23,17.30
1,440.00,13,479.14,677.55,6.48
1,440.00,14,714.34,849.65,24.52
1,440.00,15,278.29,171.84,19.14
1,440.00,16,725.17,216.58,5.81
1,440.00,17,845.50,673.01,7.72
1,440.00,18,717.79,478.00,0.00
1,440.00,19,287.00,633.50,0.00
1,440.00,20,443.36,411.83,5.05
1,440.00,21,883.77,908.16,5.87
1,440.00,22,781.09,504.97,9.95
1,440.00,23,331.96,569.21,0.00
1,440.00,24,391.62,196.19,9.52
1,440.00,25,572.67,245.18,17.67
1,440.00,26,946.14,200.57,22.36
1,440.00,27,276.65,309.79,0.00
1,440.00,28,406.09,451.94,20.05
1,440.00,29,313.08,741.44,5.97
1,440.00,30,641.29,454.61,12.22
1,440.00,31,644.30,958.18,0.00
1,440.00,32,473.55,202.15,22.97
1,440.00,33,664.56,115.78,5.99
1,440.00,34,724.18,310.52,7.25
1,440.00,35,676.26,328.45,24.44
1,440.00,36,462.95,198.60,18.32
1,440.00,37,118.41,99.27,6.92
1,440.00,38,923.54,275.29,13.45
1,440.00,39,128.79,570.86,13.94
1,440.00,40,962.66,763.65,6.09
1,440.00,41,518.67,130.53,6.93
1,440.00,42,572.93,821.41,21.99
1,440.00,43,460.18,267.94,5.02
1,440.00,44,541.54,210.26,13.53
1,440.00,45,490.93,354.91,6.46
1,440.00,46,330.40,332.16,8.87
1,440.00,47,732.09,792.85,12.20
1,440.00,48,578.74,553.45,6.45
1,440.00,49,98.64,369.89,5.21
1,440.00,50,682.56,657.73,13.64
1,440.00,51,660.33,532.85,5.93
1,440.00,52,742.63,653.49,24.94
1,440.00,53,714.17,144.58,11.58
1,440.00,54,436.36,729.10,9.43
1,440.00,55,847.98,786.39,0.00
1,440.00,56,479.30,848.08,10.47
1,440.00,57,104.61,334.93,7.54
1,440.00,58,847.44,395.71,0.00
1,440.00,59,535.15,227.99,7.09
1,440.00,60,201.82,565.65,18.91
1,440.00,61,621.00,254.32,9.64
1,440.00,62,728.35,248.70,7.27
1,440.00,63,349.64,610.84,17.49
1,440.00,64,522.00,626.55,13.15
1,440.00,65,100.28,700.80,0.00
1,440.00,66,578.21,575.48,10.38
1,440.00,67,355.22,360.72,7.32
1,440.00,68,774.03,709.50,7.32
1,440.00,69,613.98,572.88,6.00
1,440.00,70,409.71,652.00,13.27
1,440.00,71,545.72,492.36,0.00
1,440.00,72,299.46,494.05,7.92
1,440.00,73,560.09,656.33,17.24
1,440.00,74,908.07,350.17,13.22
1,440.00,75,99.70,830.07,11.85
1,440.00,76,343.53,743.40,5.60
1,440.00,77,578.59,855.47,5.20
1,440.00,78,646.78,77.47,19.77
1,440.00,79,690.87,776.90,8.19
1,440.00,80,848.71,934.94,16.09
1,440.00,81,626.71,689.30,17.38
1,440.00,82,807.76,259.11,8.18
1,440.00,83,695.21,442.36,8.17
1,440.00,84,840.06,182.77,8.51
1,440.00,85,562.24,76.04,0.00
1,440.00,86,274.73,491.91,0.00
1,440.00,87,408.82,103.05,15.74
1,440.00,88,786.55,711.12,13.22
1,440.00,89,682.72,536.54,12.53
1,440.00,90,161.98,747.79,5.69
1,440.00,91,675.05,752.76,11.48
1,440.00,92,288.51,113.38,6.43
1,440.00,93,407.98,596.35,0.00
1,440.00,94,899.25,618.62,10.75
1,440.00,95,798.05,689.17,24.75
1,440.00,96,663.30,314.25,10.08
1,440.00,97,122.09,10.84,0.00
1,440.00,98,425.30,946.81,0.00
1,440.00,99,774.80,285.29,9.29
1,440.00,100,337.77,325.92,5.21
1,440.00,101,858.98,567.16,5.61
1,440.00,102,107.70,687.26,9.01
1,440.00,103,530.51,518.31,11.09
1,440.00,104,203.27,735.06,18.34
1,440.00,105,569.97,741.21,17.53
1,440.00,106,926.94,515.11,15.49
1,440.00,107,554.19,290.59,6.64
1,440.00,108,497.37,425.55,0.00
1,440.00,109,298.20,510.03,12.19
1,440.00,110,149.36,380.75,9.51
1,440.00,111,575.17,308.45,24.62
1,440.00,112,851.67,186.44,0.00
1,440.00,113,559.57,390.79,0.00
1,440.00,114,235.94,904.40,0.00
1,440.00,115,766.81,441.68,15.66
1,440.00,116,312.76,619.25,5.43
1,440.00,117,341.38,833.64,13.83
1,440.00,118,30.69,68.62,7.17
1,440.00,119,375.07,161.14,7.64
1,440.00,120,733.18,304.00,5.34
1,440.00,121,352.04,481.03,9.42
1,440.00,122,403.50,571.99,0.00
1,440.00,123,382.14,125.44,24.65
1,440.00,124,742.64,209.48,11.16
1,440.00,125,452.16,616.16,6.55
1,440.00,126,929.72,512.59,8.54
1,440.00,127,736.58,774.41,0.00
1,440.00,128,762.91,592.14,22.08
1,440.00,129,980.45,827.79,5.91
1,440.00,130,901.35,305.24,19.92
1,440.00,131,794.87,142.47,0.00
1,440.00,132,656.00,693.99,11.07
1,440.00,133,702.04,165.55,5.95
1,440.00,134,650.42,699.95,13.27
1,440.00,135,646.07,474.71,20.95
1,440.00,136,637.75,327.30,17.20
1,440.00,137,505.50,451.02,10.05
1,440.00,138,952.24,379.74,12.03
1,440.00,139,346.83,744.65,8.26
1,440.00,140,955.60,594.61,7.95
1,440.00,141,749.72,490.05,0.00
1,440.00,142,224.27,416.67,21.83
1,440.00,143,674.35,665.72,22.16
1,440.00,144,261.35,729.24,24.89
1,440.00,145,792.31,552.29,7.15
1,440.00,146,948.49,95.49,0.00
1,440.00,147,468.77,249.96,21.48
1,440.00,148,660.57,68.08,22.64
1,440.00,149,494.22,854.45,0.00
1,440.00,150,781.35,412.42,15.58
1,440.00,151,440.28,676.87,21.52
1,440.00,152,499.16,136.36,18.72
1,440.00,153,859.16,110.26,14.86
1,440.00,154,589.73,536.85,21.87
1,440.00,155,622.09,220.72,10.06
1,440.00,156,739.20,835.94,12.32
1,440.00,157,269.88,568.69,22.32
1,440.00,158,870.08,420.11,19.93
1,440.00,159,822.64,323.08,16.28
1,440.00,160,766.49,411.23,5.22
1,440.00,161,553.64,403.42,7.50
1,440.00,162,440.81,543.57,0.00
1,440.00,163,589.42,508.10,6.67
1,440.00,164,444.55,582.68,7.41
1,440.00,165,663.23,352.69,14.62
1,440.00,166,876.28,390.17,7.09
1,440.00,167,802.46,929.19,8.91
1,440.00,168,561.30,526.54,0.00
1,440.00,169,722.35,935.64,0.00
1,440.00,170,261.03,879.91,0.00
1,440.00,171,988.41,265.51,5.88
1,440.00,172,868.53,422.03,5.06
1,440.00,173,679.39,797.53,9.35
1,440.00,174,29.05,624.97,17.02
1,440.00,175,599.19,546.93,14.85
1,440.00,176,823.49,847.68,0.00
1,440.00,177,329.96,300.51,9.61
1,440.00,178,350.84,281.04,10.08
1,440.00,179,792.94,123.00,0.00
1,440.00,180,753.63,619.00,18.27
1,440.00,181,723.39,585.21,5.51
1,440.00,182,811.80,406.79,0.00
1,440.00,183,748.37,44.11,14.69
1,440.00,184,136.27,504.77,10.69
1,440.00,185,416.75,279.18,10.49
1,440.00,186,329.92,385.86,11.20
1,440.00,187,217.54,305.56,0.00
1,440.00,188,181.03,977.61,13.36
1,440.00,189,879.70,718.42,10.67
1,440.00,190,55.15,773.76,9.47
1,440.00,191,469.59,605.18,8.43
1,440.00,192,346.10,646.69,11.87
1,440.00,193,309.38,723.25,6.65
1,440.00,194,756.28,831.94,0.00
1,440.00,195,898.55,838.32,9.33
1,440.00,196,278.85,638.42,13.36
1,440.00,197,468.73,474.89,9.55
1,440.00,198,551.04,377.36,12.27
1,440.00,199,788.47,595.18,18.41
1,440.00,200,723.46,399.20,12.34
1,440.00,201,523.16,958.87,18.75
1,440.00,202,330.81,500.87,15.76
1,440.00,203,762.98,506.60,8.41
1,440.00,204,264.43,617.65,14.38
1,440.00,205,490.01,790.00,23.64
1,440.00,206,476.01,92.27,0.00
1,440.00,207,787.88,32.53,0.00
1,440.00,208,533.01,97.66,17.78
1,440.00,209,517.08,518.21,6.80
1,440.00,210,787.27,581.81,5.86
1,440.00,211,265.47,625.20,12.98
1,440.00,212,544.50,280.17,0.00
1,440.00,213,139.39,641.02,9.51
1,440.00,214,825.12,316.21,14.15
1,440.00,215,101.78,119.36,5.99
1,440.00,216,462.22,744.08,13.36
1,440.00,217,873.99,796.09,0.00
1,440.00,218,894.23,566.00,10.52
1,440.00,219,235.05,151.64,20.31
1,440.00,220,565.24,899.59,0.00
1,440.00,221,651.44,211.88,0.00
1,440.00,222,915.04,151.80,6.62
1,440.00,223,182.96,598.36,0.00
1,440.00,224,47.53,405.95,0.00
1,440.00,225,293.50,638.28,17.59
1,440.00,226,491.10,746.49,11.13
1,440.00,227,488.81,300.84,8.43
1,440.00,228,609.32,474.21,14.60
1,440.00,229,815.40,732.11,0.00
1,440.00,230,555.83,642.55,13.59
1,440.00,231,635.50,407.75,8.73
1,440.00,232,626.98,262.24,22.00
1,440.00,233,240.82,789.35,5.14
1,440.00,234,838.48,295.82,13.51
1,440.00,235,428.72,602.26,5.05
1,440.00,236,440.96,217.64,11.78
1,440.00,237,521.76,676.70,5.39
1,440.00,238,663.33,213.60,12.95
1,440.00,239,847.91,867.21,12.16
1,440.00,240,520.61,478.65,0.00
1,440.00,241,29.79,633.69,9.59
1,440.00,242,154.89,455.06,8.52
1,440.00,243,459.75,803.89,8.67
1,440.00,244,531.57,302.59,14.47
1,440.00,245,499.77,743.48,14.30
1,440.00,246,267.58,581.05,11.57
1,440.00,247,606.06,479.70,0.00
1,440.00,248,125.67,750.17,9.51
1,440.00,249,369.20,787.86,14.01
1,440.00,250,176.33,717.74,22.72
1,440.00,251,725.47,947.77,7.49
1,440.00,252,759.99,652.88,8.15
1,440.00,253,322.70,327.95,21.55
1,440.00,254,703.19,843.08,18.76
1,440.00,255,21.42,675.72,10.85
1,440.00,256,27.27,601.93,10.56
1,440.00,257,431.73,683.87,9.86
1,440.00,258,243.94,746.59,5.03
1,440.00,259,262.25,200.26,6.36
1,440.00,260,412.64,214.06,5.77
1,440.00,261,291.49,422.85,12.51
1,440.00,262,613.79,162.46,0.00
1,440.00,263,633.51,715.47,9.67
1,440.00,264,499.46,647.44,10.24
1,440.00,265,952.39,771.19,7.79
1,440.00,266,647.58,523.70,0.00
1,440.00,267,55.99,221.50,19.07
1,440.00,268,931.24,43.53,0.00
1,440.00,269,371.32,565.75,16.91
1,440.00,270,861.30,173.01,0.00
1,440.00,271,673.21,399.33,5.39
1,440.00,272,62.83,553.55,0.00
1,440.00,273,352.81,568.15,7.09
1,440.00,274,672.87,533.79,13.36
1,440.00,275,776.59,573.53,5.71
1,440.00,276,920.95,783.33,18.50
1,440.00,277,819.03,525.94,11.33
1,440.00,278,114.08,606.11,8.31
1,440.00,279,587.07,577.72,14.65
1,440.00,280,402.20,336.47,0.00
1,440.00,281,523.73,278.67,8.48
1,440.00,282,750.34,301.43,22.54
1,440.00,283,265.86,206.80,6.93
1,440.00,284,276.05,956.47,10.87
1,440.00,285,485.88,804.60,0.00
1,440.00,286,573.63,448.03,0.00
1,440.00,287,796.84,643.10,7.33
1,440.00,288,129.13,385.56,0.00
1,440.00,289,416.15,753.67,7.68
1,440.00,290,307.11,454.25,0.00
1,440.00,291,76.71,680.93,6.83
1,440.00,292,398.38,129.67,9.30
1,440.00,293,852.10,542.82,5.90
1,440.00,294,56.42,400.66,6.26
1,440.00,295,883.71,602.19,9.58
1,440.00,296,781.88,419.87,7.32
1,440.00,297,220.07,726.48,9.33
1,440.00,298,624.78,394.28,24.38
1,440.00,299,492.87,211.68,6.58
1,440.00,300,820.90,368.52,0.00
1,440.00,301,766.87,164.97,0.00
1,440.00,302,657.85,867.74,7.05
1,440.00,303,287.04,123.61,0.00
1,440.00,304,613.07,41.33,0.00
1,440.00,305,185.69,710.31,5.77
1,440.00,306,78.46,477.16,8.30
1,440.00,307,765.21,373.69,24.64
1,440.00,308,47.33,381.87,0.00
1,440.00,309,312.63,500.69,0.00
1,440.00,310,840.69,327.18,14.09
1,440.00,311,206.74,655.28,22.88
1,440.00,312,363.40,181.20,19.03
1,440.00,313,522.63,404.03,0.00
1,440.00,314,689.02,784.06,19.13
1,440.00,315,337.90,260.39,14.49
1,440.00,316,417.17,62.63,22.24
1,440.00,317,627.44,734.94,16.37
1,440.00,318,398.56,575.45,14.26
1,440.00,319,120.06,763.96,0.00
1,440.00,320,161.81,713.64,23.83
1,440.00,321,458.64,534.73,0.00
1,440.00,322,793.14,167.83,22.91
1,440.00,323,392.26,181.40,17.72
1,440.00,324,559.02,440.64,24.35
1,440.00,325,650.86,296.25,14.08
1,440.00,326,629.21,95.97,12.17
1,440.00,327,167.57,834.29,18.65
1,440.00,328,896.88,19.87,0.00
1,440.00,329,391.56,530.21,0.00
1,440.00,330,338.21,875.85,15.05
1,440.00,331,206.34,433.87,19.89
1,440.00,332,205.59,309.24,8.72
1,440.00,333,362.57,73.59,0.00
1,440.00,334,140.81,771.69,18.90
1,440.00,335,681.09,317.16,6.42
1,440.00,336,794.79,596.35,13.75
1,440.00,337,248.99,303.94,6.54
1,440.00,338,778.53,486.93,6.76
1,440.00,339,398.89,410.83,24.40
1,440.00,340,412.87,687.01,9.82
1,440.00,341,805.14,434.14,11.37
1,440.00,342,923.14,918.06,0.00
1,440.00,343,283.38,505.84,17.77
1,440.00,344,750.51,563.97,5.52
1,440.00,345,646.19,321.23,23.39
1,440.00,346,254.67,209.51,13.12
1,440.00,347,464.66,935.16,19.61
1,440.00,348,886.43,236.49,14.57
1,440.00,349,650.69,717.05,11.02
1,440.00,350,684.75,322.39,7.71
1,440.00,351,499.09,371.96,9.60
1,440.00,352,576.47,270.66,13.53
1,440.00,353,332.55,561.43,16.78
1,440.00,354,633.30,624.81,13.72
1,440.00,355,825.89,276.83,11.08
1,440.00,356,455.13,237.33,15.75
1,440.00,357,604.55,683.94,17.33
1,440.00,358,512.86,570.22,6.45
1,440.00,359,265.16,146.83,9.05
1,440.00,360,377.52,510.18,15.39
1,440.00,361,730.87,579.24,5.38
1,440.00,362,770.35,377.60,14.60
1,440.00,363,701.74,744.46,22.15
1,440.00,364,189.75,329.43,9.44
1,440.00,365,978.95,589.17,0.00
1,440.00,366,907.54,638.75,7.76
1,440.00,367,366.59,702.77,9.69
1,440.00,368,733.65,32.21,5.82
1,440.00,369,888.24,32.86,0.00
1,440.00,370,670.69,492.42,11.72
1,440.00,371,480.68,441.38,6.19
1,440.00,372,860.63,629.83,7.49
1,440.00,373,427.32,159.41,20.41
1,440.00,374,201.14,704.29,8.72
1,440.00,375,840.09,191.13,0.00
1,440.00,376,547.16,554.66,13.90
1,440.00,377,690.50,106.01,22.55
1,440.00,378,415.76,99.75,5.32
1,440.00,379,483.79,407.92,11.91
1,440.00,380,393.43,619.96,7.14
1,440.00,381,261.81,188.09,22.55
1,440.00,382,179.95,508.76,6.66
1,440.00,383,219.02,336.92,0.00
1,440.00,384,89.96,557.06,12.64
1,440.00,385,511.80,490.85,19.19
1,440.00,386,644.88,271.33,6.59
1,440.00,387,507.30,420.14,10.22
1,440.00,388,640.24,983.56,6.67
1,440.00,389,647.82,517.21,14.99
1,440.00,390,576.93,565.42,19.83
1,440.00,391,77.40,358.58,23.21
1,440.00,392,871.84,945.96,15.23
1,440.00,393,947.29,352.03,5.03
1,440.00,394,180.63,285.04,13.29
1,440.00,395,346.94,951.23,20.29
1,440.00,396,935.30,434.23,19.62
1,440.00,397,585.12,571.80,5.83
1,440.00,398,354.60,402.41,7.35
1,440.00,399,715.33,209.32,17.02
1,450.00,0,482.87,81.81,0.00
1,450.00,1,279.49,492.71,22.34
1,450.00,2,367.74,530.15,9.55
1,450.00,3,706.29,436.46,20.34
1,450.00,4,24.70,615.51,18.60
1,450.00,5,899.08,86.02,0.00
1,450.00,6,312.21,505.37,22.79
1,450.00,7,747.34,180.03,18.87
1,450.00,8,815.29,152.05,9.80
1,450.00,9,307.80,869.37,19.29
1,450.00,10,846.42,352.19,13.93
1,450.00,11,542.73,442.70,6.48
1,450.00,12,382.69,894.89,17.30
1,450.00,13,526.63,721.65,6.48
1,450.00,14,521.93,697.58,24.52
1,450.00,15,364.86,342.53,19.14
1,450.00,16,762.03,171.69,5.81
1,450.00,17,795.62,731.90,7.72
1,450.00,18,677.42,414.53,18.08
1,450.00,19,259.43,562.49,24.89
1,450.00,20,449.14,361.66,5.05
1,450.00,21,941.83,899.43,5.87
1,450.00,22,880.62,503.44,9.95
1,450.00,23,324.71,603.25,17.35
1,450.00,24,422.70,110.24,0.00
1,450.00,25,592.03,239.77,0.00
1,450.00,26,890.61,417.19,22.36
1,450.00,27,325.10,319.51,21.18
1,450.00,28,246.92,330.02,20.05
1,450.00,29,371.11,755.58,5.97
1,450.00,30,670.61,335.95,12.22
1,450.00,31,680.17,841.76,14.79
1,450.00,32,432.56,27.79,0.00
1,450.00,33,677.84,57.39,5.99
1,450.00,34,655.62,287.07,7.25
1,450.00,35,861.58,169.04,24.44
1,450.00,36,644.90,220.21,18.32
1,450.00,37,136.09,166.21,6.92
1,450.00,38,953.04,289.70,0.00
1,450.00,39,124.99,431.49,13.94
1,450.00,40,947.56,822.64,6.09
1,450.00,41,455.06,157.92,6.93
1,450.00,42,781.65,752.03,21.99
1,450.00,43,509.07,279.38,5.02
1,450.00,44,618.19,98.77,13.53
1,450.00,45,482.52,290.85,6.46
1,450.00,46,418.90,326.37,8.87
1,450.00,47,713.89,672.19,12.20
1,450.00,48,553.14,494.20,6.45
1,450.00,49,129.18,412.12,5.21
1,450.00,50,747.94,538.03,13.64
1,450.00,51,691.49,482.39,5.93
1,450.00,52,787.28,555.13,0.00
1,450.00,53,737.05,110.56,0.00
1,450.00,54,458.80,637.46,9.43
1,450.00,55,823.26,750.87,21.94
1,450.00,56,377.04,870.59,10.47
1,450.00,57,66.44,354.06,0.00
1,450.00,58,747.33,340.90,18.03
1,450.00,59,535.74,157.04,7.09
1,450.00,60,309.45,410.21,18.91
1,450.00,61,529.01,283.14,9.64
1,450.00,62,734.72,221.81,0.00
1,450.00,63,209.76,715.77,17.49
1,450.00,64,392.97,651.92,13.15
1,450.00,65,103.46,687.08,11.53
1,450.00,66,474.49,570.42,10.38
1,450.00,67,293.97,400.84,7.32
1,450.00,68,742.99,643.25,7.32
1,450.00,69,663.02,607.42,6.00
1,450.00,70,503.92,558.58,13.27
1,450.00,71,556.37,410.13,12.17
1,450.00,72,303.52,414.99,7.92
1,450.00,73,682.90,535.38,17.24
1,450.00,74,908.53,282.17,0.00
1,450.00,75,100.54,857.37,0.00
1,450.00,76,342.48,746.88,0.00
1,450.00,77,554.26,819.74,0.00
1,450.00,78,451.68,45.33,19.77
1,450.00,79,664.33,854.40,8.19
1,450.00,80,690.52,905.50,16.09
1,450.00,81,519.38,718.48,0.00
1,450.00,82,782.60,181.29,8.18
1,450.00,83,770.28,410.23,8.17
1,450.00,84,781.42,244.38,8.51
1,450.00,85,552.35,110.35,21.04
1,450.00,86,326.73,581.20,14.91
1,450.00,87,251.41,105.78,15.74
1,450.00,88,879.87,704.84,0.00
1,450.00,89,580.81,463.59,12.53
1,450.00,90,132.96,796.78,5.69
1,450.00,91,608.04,659.58,11.48
1,450.00,92,348.79,135.85,6.43
1,450.00,93,417.75,721.85,18.20
1,450.00,94,931.14,612.43,0.00
1,450.00,95,876.41,760.04,0.00
1,450.00,96,738.87,381.01,10.08
1,450.00,97,154.81,59.69,16.38
1,450.00,98,281.35,880.77,16.07
1,450.00,99,860.30,248.97,9.29
1,450.00,100,367.76,368.56,5.21
1,450.00,101,810.17,539.51,5.61
1,450.00,102,197.83,689.01,9.01
1,450.00,103,603.91,601.38,11.09
1,450.00,104,217.28,888.70,0.00
1,450.00,105,553.36,869.49,0.00
1,450.00,106,900.16,362.54,15.49
1,450.00,107,611.07,324.81,6.64
1,450.00,108,465.51,432.81,20.65
1,450.00,109,343.17,623.33,12.19
1,450.00,110,242.24,401.16,9.51
1,450.00,111,482.70,536.60,24.62
1,450.00,112,851.06,246.27,6.18
1,450.00,113,597.26,499.20,12.26
1,450.00,114,231.64,885.41,9.62
1,450.00,115,849.53,444.04,0.00
1,450.00,116,284.27,573.05,5.43
1,450.00,117,283.42,708.05,13.83
1,450.00,118,33.69,140.30,7.17
1,450.00,119,299.26,171.05,7.64
1,450.00,120,771.54,266.85,5.34
1,450.00,121,280.07,485.87,0.00
1,450.00,122,448.24,535.42,9.54
1,450.00,123,472.50,354.76,24.65
1,450.00,124,643.05,259.75,11.16
1,450.00,125,407.29,663.90,6.55
1,450.00,126,897.27,433.59,8.54
1,450.00,127,680.78,831.46,18.66
1,450.00,128,654.08,784.24,22.08
1,450.00,129,950.68,776.68,5.91
1,450.00,130,843.69,271.82,0.00
1,450.00,131,790.52,146.09,12.16
1,450.00,132,558.69,641.28,11.07
1,450.00,133,694.74,224.57,5.95
1,450.00,134,713.55,736.62,0.00
1,450.00,135,519.66,531.21,0.00
1,450.00,136,659.40,296.70,0.00
1,450.00,137,475.10,355.24,10.05
1,450.00,138,962.48,259.92,12.03
1,450.00,139,379.24,820.59,8.26
1,450.00,140,952.87,515.14,7.95
1,450.00,141,622.39,597.22,16.83
1,450.00,142,381.40,568.23,21.83
1,450.00,143,567.56,859.93,22.16
1,450.00,144,250.37,819.07,0.00
1,450.00,145,835.36,609.42,7.15
1,450.00,146,892.22,152.31,24.95
1,450.00,147,357.87,433.92,21.48
1,450.00,148,516.04,242.31,22.64
1,450.00,149,512.31,823.10,10.32
1,450.00,150,906.79,504.87,15.58
1,450.00,151,409.17,830.88,0.00
1,450.00,152,467.77,100.60,0.00
1,450.00,153,745.57,206.06,14.86
1,450.00,154,496.68,734.71,21.87
1,450.00,155,522.23,208.50,10.06
1,450.00,156,819.88,784.43,0.00
1,450.00,157,359.12,603.85,0.00
1,450.00,158,839.48,617.05,19.93
1,450.00,159,708.03,438.71,16.28
1,450.00,160,759.40,359.52,5.22
1,450.00,161,491.56,445.49,7.50
1,450.00,162,421.54,500.71,10.68
1,450.00,163,542.03,461.14,6.67
1,450.00,164,485.44,644.47,7.41
1,450.00,165,556.94,252.23,14.62
1,450.00,166,875.86,380.02,0.00
1,450.00,167,812.08,840.67,8.91
1,450.00,168,566.33,580.65,16.32
1,450.00,169,724.63,931.08,20.75
1,450.00,170,274.91,873.31,16.96
1,450.00,171,983.41,324.06,5.88
1,450.00,172,894.31,465.57,5.06
1,450.00,173,664.44,889.84,9.35
1,450.00,174,15.14,638.01,0.00
1,450.00,175,478.53,460.42,14.85
1,450.00,176,780.93,820.35,8.64
1,450.00,177,399.00,367.38,9.61
1,450.00,178,293.93,197.89,10.08
1,450.00,179,819.33,246.45,23.39
1,450.00,180,764.90,631.88,0.00
1,450.00,181,670.47,600.72,5.51
1,450.00,182,827.15,400.29,24.42
1,450.00,183,746.06,14.79,0.00
1,450.00,184,197.24,416.96,10.69
1,450.00,185,389.33,264.48,0.00
1,450.00,186,295.11,279.42,11.20
1,450.00,187,314.06,421.19,20.89
1,450.00,188,312.27,952.80,13.36
1,450.00,189,815.05,633.58,0.00
1,450.00,190,26.68,835.21,0.00
1,450.00,191,533.03,549.71,8.43
1,450.00,192,227.54,641.11,11.87
1,450.00,193,341.31,781.58,6.65
1,450.00,194,717.71,721.21,18.06
1,450.00,195,805.28,838.67,9.33
1,450.00,196,369.49,736.61,13.36
1,450.00,197,517.84,472.41,0.00
1,450.00,198,499.37,488.61,12.27
1,450.00,199,838.52,772.31,18.41
1,450.00,200,741.20,521.29,12.34
1,450.00,201,513.62,771.57,18.75
1,450.00,202,250.70,365.14,15.76
1,450.00,203,772.17,590.15,8.41
1,450.00,204,259.61,473.95,14.38
1,450.00,205,288.46,913.45,23.64
1,450.00,206,461.96,88.98,15.95
1,450.00,207,794.75,69.06,14.09
1,450.00,208,372.84,174.81,17.78
1,450.00,209,458.31,552.33,6.80
1,450.00,210,830.61,542.31,5.86
1,450.00,211,347.41,725.93,12.98
1,450.00,212,524.38,303.06,6.21
1,450.00,213,88.53,721.41,9.51
1,450.00,214,897.73,194.75,14.15
1,450.00,215,117.11,177.27,5.99
1,450.00,216,586.07,794.17,13.36
1,450.00,217,836.06,747.22,10.98
1,450.00,218,906.09,670.48,10.52
1,450.00,219,37.45,179.30,0.00
1,450.00,220,583.96,820.47,14.40
1,450.00,221,721.23,325.72,14.93
1,450.00,222,940.92,90.91,6.62
1,450.00,223,193.71,622.01,6.96
1,450.00,224,88.39,412.14,5.39
1,450.00,225,468.91,651.80,17.59
1,450.00,226,422.19,659.03,11.13
1,450.00,227,519.44,222.32,8.43
1,450.00,228,754.77,461.79,14.60
1,450.00,229,807.31,726.15,10.59
1,450.00,230,643.15,538.41,13.59
1,450.00,231,649.88,493.86,8.73
1,450.00,232,455.57,400.23,22.00
1,450.00,233,194.49,811.65,5.14
1,450.00,234,853.54,161.58,13.51
1,450.00,235,392.92,566.57,5.05
1,450.00,236,512.75,311.04,11.78
1,450.00,237,493.57,722.63,5.39
1,450.00,238,791.37,194.16,12.95
1,450.00,239,833.14,982.59,0.00
1,450.00,240,518.59,475.85,5.17
1,450.00,241,29.32,634.01,0.00
1,450.00,242,236.89,478.22,8.52
1,450.00,243,508.49,732.15,8.67
1,450.00,244,469.50,433.29,14.47
1,450.00,245,358.53,766.05,14.30
1,450.00,246,363.77,516.74,11.57
1,450.00,247,617.40,466.91,8.17
1,450.00,248,120.00,659.49,0.00
1,450.00,249,401.96,651.63,14.01
1,450.00,250,180.43,490.53,22.72
1,450.00,251,790.68,984.71,7.49
1,450.00,252,769.68,733.85,8.15
1,450.00,253,160.06,284.41,0.00
1,450.00,254,524.58,900.56,18.76
1,450.00,255,34.70,783.41,10.85
1,450.00,256,28.67,707.48,10.56
1,450.00,257,408.72,722.18,0.00
1,450.00,258,276.59,708.31,5.03
1,450.00,259,324.06,185.16,6.36
1,450.00,260,446.28,260.92,5.77
1,450.00,261,207.39,515.44,12.51
1,450.00,262,594.08,27.60,0.00
1,450.00,263,568.58,643.86,9.67
1,450.00,264,398.84,666.61,10.24
1,450.00,265,938.04,694.66,7.79
1,450.00,266,650.10,716.51,21.18
1,450.00,267,179.82,366.50,19.07
1,450.00,268,924.58,50.40,14.65
1,450.00,269,202.93,580.91,16.91
1,450.00,270,870.61,194.65,20.83
1,450.00,271,632.21,434.29,5.39
1,450.00,272,214.93,482.64,17.31
1,450.00,273,390.54,628.19,7.09
1,450.00,274,554.02,594.88,13.36
1,450.00,275,779.52,516.52,5.71
1,450.00,276,960.74,801.04,0.00
1,450.00,277,848.36,416.50,11.33
1,450.00,278,125.92,688.36,8.31
1,450.00,279,502.70,697.43,14.65
1,450.00,280,301.67,223.96,22.25
1,450.00,281,564.62,352.98,8.48
1,450.00,282,545.18,394.81,22.54
1,450.00,283,265.56,276.13,6.93
1,450.00,284,272.96,847.79,10.87
1,450.00,285,494.81,761.02,12.63
1,450.00,286,539.50,393.93,14.98
1,450.00,287,870.06,640.56,7.33
1,450.00,288,184.81,390.03,7.24
1,450.00,289,349.51,715.53,7.68
1,450.00,290,267.79,540.26,22.43
1,450.00,291,56.70,746.23,6.83
1,450.00,292,381.65,134.31,0.00
1,450.00,293,826.58,489.65,5.90
1,450.00,294,63.23,338.48,6.26
1,450.00,295,958.86,542.71,9.58
1,450.00,296,729.01,369.27,7.32
1,450.00,297,149.50,787.56,9.33
1,450.00,298,501.29,195.85,0.00
1,450.00,299,449.83,161.96,6.58
1,450.00,300,759.56,418.21,20.07
1,450.00,301,687.87,241.80,15.67
1,450.00,302,656.89,889.67,0.00
1,450.00,303,166.43,271.84,20.88
1,450.00,304,611.41,51.54,17.68
1,450.00,305,241.89,723.34,5.77
1,450.00,306,76.62,560.10,8.30
1,450.00,307,761.46,127.30,24.64
1,450.00,308,209.61,328.57,22.16
1,450.00,309,366.11,526.12,16.37
1,450.00,310,862.35,466.44,14.09
1,450.00,311,161.33,619.15,0.00
1,450.00,312,552.23,157.95,19.03
1,450.00,313,550.27,433.42,13.20
1,450.00,314,755.42,604.70,19.13
1,450.00,315,469.49,199.81,14.49
1,450.00,316,621.17,88.28,0.00
1,450.00,317,683.19,888.83,16.37
1,450.00,318,468.99,699.40,14.26
1,450.00,319,177.98,773.93,11.77
1,450.00,320,333.62,548.46,23.83
1,450.00,321,439.52,513.43,5.32
1,450.00,322,845.70,119.35,0.00
1,450.00,323,358.87,61.63,0.00
1,450.00,324,616.20,203.98,24.35
1,450.00,325,510.64,283.13,14.08
1,450.00,326,626.01,67.58,0.00
1,450.00,327,293.02,928.39,0.00
1,450.00,328,885.61,28.61,13.19
1,450.00,329,395.45,437.93,23.53
1,450.00,330,401.13,960.62,0.00
1,450.00,331,138.53,246.85,19.89
1,450.00,332,173.43,228.24,8.72
1,450.00,333,357.99,124.61,19.61
1,450.00,334,96.38,763.14,0.00
1,450.00,335,668.33,380.04,6.42
1,450.00,336,745.29,468.04,13.75
1,450.00,337,207.91,252.99,6.54
1,450.00,338,838.33,455.50,6.76
1,450.00,339,427.74,653.15,24.40
1,450.00,340,328.69,737.60,9.82
1,450.00,341,789.55,546.81,11.37
1,450.00,342,802.29,845.00,20.04
1,450.00,343,428.94,403.86,17.77
1,450.00,344,771.78,513.02,5.52
1,450.00,345,416.89,367.46,23.39
1,450.00,346,308.45,89.86,13.12
1,450.00,347,268.68,941.44,19.61
1,450.00,348,941.68,192.02,0.00
1,450.00,349,576.56,635.48,11.02
1,450.00,350,719.50,253.57,7.71
1,450.00,351,584.18,416.44,9.60
1,450.00,352,666.98,371.29,13.53
1,450.00,353,462.68,455.55,16.78
1,450.00,354,567.69,745.29,13.72
1,450.00,355,825.47,275.46,0.00
1,450.00,356,353.53,117.04,15.75
1,450.00,357,667.81,608.84,0.00
1,450.00,358,563.02,529.69,6.45
1,450.00,359,202.08,208.43,0.00
1,450.00,360,303.18,375.37,15.39
1,450.00,361,684.59,551.87,5.38
1,450.00,362,844.24,431.56,0.00
1,450.00,363,494.31,822.05,22.15
1,450.00,364,261.40,390.97,9.44
1,450.00,365,855.18,614.76,18.38
1,450.00,366,920.74,562.24,7.76
1,450.00,367,299.72,772.90,9.69
1,450.00,368,676.65,43.86,5.82
1,450.00,369,868.30,54.23,17.15
1,450.00,370,638.31,498.01,0.00
1,450.00,371,541.61,430.53,6.19
1,450.00,372,788.22,648.81,7.49
1,450.00,373,386.42,62.88,0.00
1,450.00,374,115.20,689.29,8.72
1,450.00,375,782.97,254.05,8.57
1,450.00,376,542.27,544.36,0.00
1,450.00,377,760.51,320.32,22.55
1,450.00,378,363.13,107.22,5.32
1,450.00,379,545.84,509.56,11.91
1,450.00,380,417.90,552.87,7.14
1,450.00,381,449.00,313.82,22.55
1,450.00,382,121.47,476.96,6.66
1,450.00,383,343.17,319.60,23.41
1,450.00,384,41.01,565.64,0.00
1,450.00,385,401.51,634.08,0.00
1,450.00,386,668.06,209.69,6.59
1,450.00,387,544.44,375.85,0.00
1,450.00,388,573.59,987.29,6.67
1,450.00,389,670.56,391.56,0.00
1,450.00,390,378.72,558.44,19.83
1,450.00,391,43.51,269.11,0.00
1,450.00,392,885.50,959.20,0.00
1,450.00,393,942.61,301.91,5.03
1,450.00,394,225.91,410.01,13.29
1,450.00,395,480.80,798.79,20.29
1,450.00,396,976.32,441.01,0.00
1,450.00,397,559.04,623.95,5.83
1,450.00,398,420.16,369.11,7.35
1,450.00,399,762.29,116.84,0.00
1,460.00,0,430.36,85.48,14.22
1,460.00,1,387.97,297.41,22.34
1,460.00,2,433.09,599.80,9.55
1,460.00,3,721.11,233.56,20.34
1,460.00,4,59.13,798.28,18.60
1,460.00,5,850.97,132.47,14.68
1,460.00,6,462.65,334.22,22.79
1,460.00,7,762.28,368.18,18.87
1,460.00,8,855.16,83.55,0.00
1,460.00,9,297.17,882.68,0.00
1,460.00,10,816.36,488.18,13.93
1,460.00,11,602.63,417.85,6.48
1,460.00,12,366.33,993.74,0.00
1,460.00,13,574.12,765.74,6.48
1,460.00,14,339.53,553.43,0.00
1,460.00,15,451.44,513.22,19.14
1,460.00,16,798.90,126.81,5.81
1,460.00,17,745.73,790.78,7.72
1,460.00,18,580.35,261.94,18.08
1,460.00,19,221.66,465.20,0.00
1,460.00,20,454.93,311.49,5.05
1,460.00,21,977.32,894.10,0.00
1,460.00,22,944.27,502.46,0.00
1,460.00,23,288.60,772.91,17.35
1,460.00,24,424.97,109.95,5.77
1,460.00,25,549.71,310.16,9.27
1,460.00,26,835.07,633.80,22.36
1,460.00,27,532.71,361.17,21.18
1,460.00,28,151.11,256.64,0.00
1,460.00,29,389.89,760.15,0.00
1,460.00,30,699.93,217.30,12.22
1,460.00,31,723.72,700.37,14.79
1,460.00,32,428.04,55.16,12.58
1,460.00,33,689.86,4.50,0.00
1,460.00,34,587.07,263.63,7.25
1,460.00,35,906.78,130.15,0.00
1,460.00,36,755.95,233.40,0.00
1,460.00,37,153.77,233.15,6.92
1,460.00,38,796.26,393.93,24.90
1,460.00,39,123.22,366.37,0.00
1,460.00,40,934.25,874.63,0.00
1,460.00,41,391.44,185.30,6.93
1,460.00,42,983.87,684.81,0.00
1,460.00,43,557.97,290.82,5.02
1,460.00,44,672.64,19.59,0.00
1,460.00,45,474.10,226.79,6.46
1,460.00,46,507.41,320.59,8.87
1,460.00,47,695.69,551.54,12.20
1,460.00,48,527.54,434.95,6.45
1,460.00,49,159.73,454.35,5.21
1,460.00,50,813.31,418.32,13.64
1,460.00,51,722.65,431.93,5.93
1,460.00,52,746.25,463.80,17.66
1,460.00,53,624.41,218.57,24.16
1,460.00,54,477.71,560.24,0.00
1,460.00,55,697.92,570.80,21.94
1,460.00,56,274.77,893.10,10.47
1,460.00,57,69.64,431.94,17.97
1,460.00,58,589.21,254.34,18.03
1,460.00,59,535.94,132.34,0.00
1,460.00,60,392.77,289.88,0.00
1,460.00,61,437.02,311.97,9.64
1,460.00,62,672.46,155.57,14.67
1,460.00,63,69.88,820.69,17.49
1,460.00,64,310.60,668.11,0.00
1,460.00,65,129.45,574.71,11.53
1,460.00,66,370.77,565.36,10.38
1,460.00,67,232.72,440.96,7.32
1,460.00,68,714.30,582.03,0.00
1,460.00,69,669.29,611.84,0.00
1,460.00,70,525.11,537.56,0.00
1,460.00,71,572.00,289.48,12.17
1,460.00,72,303.55,414.29,0.00
1,460.00,73,805.70,414.44,17.24
1,460.00,74,821.18,362.45,24.43
1,460.00,75,115.80,811.90,6.23
1,460.00,76,162.68,861.42,22.80
1,460.00,77,580.76,831.76,17.20
1,460.00,78,394.62,35.93,0.00
1,460.00,79,637.79,931.91,8.19
1,460.00,80,532.32,876.07,16.09
1,460.00,81,494.39,716.86,6.95
1,460.00,82,757.45,103.47,8.18
1,460.00,83,845.34,378.10,8.17
1,460.00,84,722.79,305.99,8.51
1,460.00,85,494.09,312.51,21.04
1,460.00,86,365.07,647.03,0.00
1,460.00,87,94.01,108.50,15.74
1,460.00,88,862.79,700.02,6.07
1,460.00,89,478.90,390.63,12.53
1,460.00,90,103.93,845.76,5.69
1,460.00,91,541.02,566.40,11.48
1,460.00,92,409.08,158.31,6.43
1,460.00,93,431.30,895.95,0.00
1,460.00,94,933.34,567.54,6.44
1,460.00,95,856.03,625.82,23.69
1,460.00,96,814.44,447.77,10.08
1,460.00,97,245.98,195.76,16.38
1,460.00,98,135.33,813.77,16.07
1,460.00,99,945.80,212.64,9.29
1,460.00,100,397.76,411.20,5.21
1,460.00,101,761.37,511.85,5.61
1,460.00,102,287.96,690.76,9.01
1,460.00,103,677.32,684.45,11.09
1,460.00,104,252.74,880.85,22.88
1,460.00,105,575.72,840.38,14.00
1,460.00,106,873.39,209.97,15.49
1,460.00,107,667.96,359.02,6.64
1,460.00,108,264.20,478.68,20.65
1,460.00,109,388.13,736.63,12.19
1,460.00,110,335.13,421.57,9.51
1,460.00,111,409.43,717.39,0.00
1,460.00,112,850.44,308.09,6.18
1,460.00,113,635.11,608.06,0.00
1,460.00,114,210.43,791.59,9.62
1,460.00,115,761.49,427.57,18.99
1,460.00,116,255.78,526.85,5.43
1,460.00,117,225.45,582.45,13.83
1,460.00,118,36.70,211.98,7.17
1,460.00,119,238.28,179.01,0.00
1,460.00,120,782.91,255.84,0.00
1,460.00,121,273.09,430.41,23.86
1,460.00,122,522.11,475.06,9.54
1,460.00,123,537.80,520.51,0.00
1,460.00,124,562.15,300.59,0.00
1,460.00,125,362.42,711.64,6.55
1,460.00,126,864.82,354.59,8.54
1,460.00,127,630.29,883.08,0.00
1,460.00,128,546.29,974.53,0.00
1,460.00,129,920.91,725.57,5.91
1,460.00,130,811.64,286.15,5.28
1,460.00,131,697.08,223.87,12.16
1,460.00,132,461.38,588.58,11.07
1,460.00,133,691.86,247.80,0.00
1,460.00,134,636.23,703.93,18.66
1,460.00,135,575.46,512.05,17.40
1,460.00,136,642.76,363.00,8.74
1,460.00,137,444.70,259.47,10.05
1,460.00,138,964.73,233.67,0.00
1,460.00,139,411.65,896.53,8.26
1,460.00,140,950.13,435.68,7.95
1,460.00,141,493.60,705.60,16.83
1,460.00,142,538.53,719.80,21.83
1,460.00,143,558.13,877.07,0.00
1,460.00,144,290.73,788.08,8.00
1,460.00,145,878.41,666.55,7.15
1,460.00,146,716.64,329.60,24.95
1,460.00,147,246.97,617.88,21.48
1,460.00,148,371.50,416.54,22.64
1,460.00,149,563.87,733.74,10.32
1,460.00,150,958.01,542.62,0.00
1,460.00,151,398.60,816.54,6.60
1,460.00,152,524.18,79.17,8.09
1,460.00,153,631.98,301.86,14.86
1,460.00,154,435.87,864.03,0.00
1,460.00,155,422.37,196.29,10.06
1,460.00,156,841.48,745.74,19.85
1,460.00,157,321.48,658.40,11.62
1,460.00,158,808.88,813.98,19.93
1,460.00,159,593.42,554.35,16.28
1,460.00,160,753.96,319.86,0.00
1,460.00,161,429.48,487.57,7.50
1,460.00,162,377.72,403.26,10.68
1,460.00,163,494.64,414.19,6.67
1,460.00,164,526.32,706.27,7.41
1,460.00,165,547.46,243.27,0.00
1,460.00,166,750.21,382.16,14.67
1,460.00,167,821.70,752.14,8.91
1,460.00,168,581.43,743.11,16.32
1,460.00,169,817.50,745.53,20.75
1,460.00,170,428.05,800.49,16.96
1,460.00,171,978.42,382.61,5.88
1,460.00,172,920.10,509.12,5.06
1,460.00,173,650.40,976.48,0.00
1,460.00,174,158.95,655.70,16.32
1,460.00,175,357.88,373.91,14.85
1,460.00,176,708.27,773.70,8.64
1,460.00,177,468.03,434.24,9.61
1,460.00,178,237.03,114.74,10.08
1,460.00,179,868.21,475.14,23.39
1,460.00,180,670.42,662.99,10.97
1,460.00,181,617.55,616.23,5.51
1,460.00,182,898.24,370.15,0.00
1,460.00,183,734.74,77.07,7.91
1,460.00,184,258.21,329.16,10.69
1,460.00,185,310.58,238.11,11.81
1,460.00,186,260.30,172.98,11.20
1,460.00,187,447.92,581.56,20.89
1,460.00,188,443.51,927.99,13.36
1,460.00,189,814.99,633.62,24.31
1,460.00,190,30.63,818.45,6.05
1,460.00,191,596.47,494.24,8.43
1,460.00,192,108.98,635.52,11.87
1,460.00,193,373.24,839.91,6.65
1,460.00,194,658.32,550.68,18.06
1,460.00,195,712.02,839.03,9.33
1,460.00,196,460.12,834.79,13.36
1,460.00,197,551.17,482.76,7.20
1,460.00,198,447.69,599.85,12.27
1,460.00,199,838.78,773.23,0.00
1,460.00,200,758.94,643.38,12.34
1,460.00,201,504.07,584.27,18.75
1,460.00,202,170.58,229.40,15.76
1,460.00,203,781.36,673.71,8.41
1,460.00,204,254.80,330.24,14.38
1,460.00,205,178.65,980.71,0.00
1,460.00,206,306.70,52.60,15.95
1,460.00,207,820.79,207.57,14.09
1,460.00,208,212.67,251.95,17.78
1,460.00,209,399.53,586.45,6.80
1,460.00,210,873.94,502.82,5.86
1,460.00,211,429.35,826.67,12.98
1,460.00,212,483.41,349.67,6.21
1,460.00,213,37.66,801.80,9.51
1,460.00,214,905.36,181.99,0.00
1,460.00,215,132.44,235.19,5.99
1,460.00,216,709.92,844.26,13.36
1,460.00,217,768.72,660.46,10.98
1,460.00,218,917.95,774.96,10.52
1,460.00,219,41.12,181.07,23.35
1,460.00,220,617.09,680.37,14.40
1,460.00,221,799.26,452.98,14.93
1,460.00,222,948.35,73.43,0.00
1,460.00,223,222.51,685.42,6.96
1,460.00,224,141.67,420.21,5.39
1,460.00,225,644.32,665.32,17.59
1,460.00,226,353.28,571.58,11.13
1,460.00,227,550.07,143.79,8.43
1,460.00,228,850.79,453.59,0.00
1,460.00,229,722.02,663.36,10.59
1,460.00,230,730.48,434.26,13.59
1,460.00,231,664.25,579.98,8.73
1,460.00,232,284.17,538.22,22.00
1,460.00,233,148.16,833.96,5.14
1,460.00,234,855.46,144.47,0.00
1,460.00,235,357.13,530.88,5.05
1,460.00,236,584.53,404.45,11.78
1,460.00,237,465.37,768.55,5.39
1,460.00,238,919.41,174.72,12.95
1,460.00,239,827.58,978.92,15.35
1,460.00,240,488.25,433.95,5.17
1,460.00,241,246.86,610.28,22.01
1,460.00,242,318.90,501.39,8.52
1,460.00,243,557.22,660.41,8.67
1,460.00,244,407.43,563.99,14.47
1,460.00,245,217.30,788.63,14.30
1,460.00,246,459.95,452.42,11.57
1,460.00,247,671.59,405.75,8.17
1,460.00,248,122.38,656.50,8.66
1,460.00,249,434.72,515.39,14.01
1,460.00,250,184.52,263.32,22.72
1,460.00,251,804.91,992.77,0.00
1,460.00,252,779.36,814.82,8.15
1,460.00,253,193.91,290.88,15.75
1,460.00,254,349.36,956.94,0.00
1,460.00,255,47.99,891.10,10.85
1,460.00,256,30.07,813.03,10.56
1,460.00,257,368.70,651.41,14.87
1,460.00,258,309.23,670.04,5.03
1,460.00,259,385.88,170.06,6.36
1,460.00,260,479.92,307.79,5.77
1,460.00,261,202.57,520.75,0.00
1,460.00,262,598.18,45.65,16.35
1,460.00,263,503.66,572.25,9.67
1,460.00,264,298.22,685.77,10.24
1,460.00,265,923.70,618.12,7.79
1,460.00,266,652.22,878.47,0.00
1,460.00,267,303.66,511.51,19.07
1,460.00,268,822.64,155.63,14.65
1,460.00,269,95.46,590.59,0.00
1,460.00,270,952.89,386.05,20.83
1,460.00,271,591.21,469.26,5.39
1,460.00,272,371.78,409.52,17.31
1,460.00,273,428.28,688.22,7.09
1,460.00,274,466.32,639.96,0.00
1,460.00,275,782.44,459.51,5.71
1,460.00,276,893.56,848.71,10.77
1,460.00,277,877.69,307.06,11.33
1,460.00,278,137.76,770.61,8.31
1,460.00,279,418.32,817.13,14.65
1,460.00,280,285.30,205.64,0.00
1,460.00,281,605.50,427.29,8.48
1,460.00,282,488.06,420.81,0.00
1,460.00,283,265.27,345.45,6.93
1,460.00,284,269.87,739.10,10.87
1,460.00,285,520.17,637.29,12.63
1,460.00,286,459.60,267.25,14.98
1,460.00,287,888.76,639.91,0.00
1,460.00,288,256.97,395.82,7.24
1,460.00,289,282.87,677.40,7.68
1,460.00,290,196.42,696.38,0.00
1,460.00,291,36.69,811.52,6.83
1,460.00,292,370.03,203.36,8.61
1,460.00,293,801.05,436.49,5.90
1,460.00,294,64.18,329.81,0.00
1,460.00,295,970.01,533.88,0.00
1,460.00,296,676.15,318.67,7.32
1,460.00,297,113.17,818.99,0.00
1,460.00,298,500.57,198.95,7.67
1,460.00,299,430.00,139.04,0.00
1,460.00,300,720.80,449.61,0.00
1,460.00,301,575.55,351.02,15.67
1,460.00,302,640.53,830.97,8.85
1,460.00,303,118.22,331.10,0.00
1,460.00,304,583.12,226.07,17.68
1,460.00,305,298.09,736.37,5.77
1,460.00,306,74.78,643.05,8.30
1,460.00,307,760.12,39.16,0.00
1,460.00,308,420.18,259.40,22.16
1,460.00,309,514.00,596.41,16.37
1,460.00,310,876.51,557.45,0.00
1,460.00,311,339.94,579.27,24.52
1,460.00,312,723.86,136.82,0.00
1,460.00,313,640.70,529.60,13.20
1,460.00,314,821.82,425.33,19.13
1,460.00,315,474.06,197.70,0.00
1,460.00,316,624.25,96.41,11.54
1,460.00,317,708.39,958.38,0.00
1,460.00,318,532.74,811.60,0.00
1,460.00,319,293.96,793.89,11.77
1,460.00,320,505.43,383.28,23.83
1,460.00,321,404.00,473.84,5.32
1,460.00,322,790.46,195.54,13.68
1,460.00,323,298.67,78.13,20.93
1,460.00,324,663.44,8.47,0.00
1,460.00,325,370.42,270.01,14.08
1,460.00,326,700.95,82.38,9.98
1,460.00,327,270.54,932.63,14.37
1,460.00,328,781.33,109.40,13.19
1,460.00,329,405.38,202.83,23.53
1,460.00,330,413.19,940.70,7.80
1,460.00,331,92.78,120.68,0.00
1,460.00,332,160.04,194.51,0.00
1,460.00,333,340.45,319.95,19.61
1,460.00,334,174.84,762.67,10.32
1,460.00,335,655.58,442.92,6.42
1,460.00,336,695.79,339.73,13.75
1,460.00,337,166.83,202.05,6.54
1,460.00,338,898.14,424.06,6.76
1,460.00,339,456.58,895.48,24.40
1,460.00,340,282.26,765.51,0.00
1,460.00,341,773.95,659.48,11.37
1,460.00,342,650.29,753.10,0.00
1,460.00,343,574.50,301.89,17.77
1,460.00,344,793.04,462.07,5.52
1,460.00,345,187.60,413.69,23.39
1,460.00,346,318.39,67.73,0.00
1,460.00,347,142.92,945.48,0.00
1,460.00,348,830.39,239.45,23.57
1,460.00,349,502.44,553.91,11.02
1,460.00,350,741.53,209.95,0.00
1,460.00,351,635.84,443.45,0.00
1,460.00,352,757.49,471.92,13.53
1,460.00,353,592.81,349.66,16.78
1,460.00,354,527.70,818.74,0.00
1,460.00,355,656.54,268.30,17.13
1,460.00,356,292.27,44.50,0.00
1,460.00,357,698.59,573.43,10.82
1,460.00,358,613.18,489.15,6.45
1,460.00,359,206.33,208.43,16.45
1,460.00,360,228.85,240.55,15.39
1,460.00,361,638.31,524.49,5.38
1,460.00,362,820.45,444.71,7.28
1,460.00,363,286.88,899.63,22.15
1,460.00,364,333.05,452.50,9.44
1,460.00,365,675.15,651.97,18.38
1,460.00,366,933.94,485.73,7.76
1,460.00,367,232.85,843.02,9.69
1,460.00,368,619.66,55.50,5.82
1,460.00,369,751.33,179.62,17.15
1,460.00,370,594.97,511.34,6.30
1,460.00,371,602.54,419.68,6.19
1,460.00,372,715.80,667.79,7.49
1,460.00,373,317.86,61.80,14.10
1,460.00,374,56.35,679.02,0.00
1,460.00,375,725.37,317.50,8.57
1,460.00,376,542.64,729.76,20.19
1,460.00,377,830.51,534.63,22.55
1,460.00,378,347.97,109.37,0.00
1,460.00,379,607.88,611.20,11.91
1,460.00,380,442.36,485.78,7.14
1,460.00,381,636.18,439.55,22.55
1,460.00,382,117.18,474.63,0.00
1,460.00,383,575.01,287.25,23.41
1,460.00,384,136.16,518.37,17.51
1,460.00,385,404.46,628.67,10.59
1,460.00,386,691.23,148.05,6.59
1,460.00,387,586.95,411.44,12.75
1,460.00,388,567.21,987.65,0.00
1,460.00,389,680.13,378.79,10.78
1,460.00,390,279.56,554.95,0.00
1,460.00,391,87.01,323.09,11.79
1,460.00,392,815.16,878.83,12.20
1,460.00,393,937.93,251.79,5.03
1,460.00,394,271.20,534.98,13.29
1,460.00,395,614.67,646.35,20.29
1,460.00,396,894.41,432.23,10.45
1,460.00,397,532.96,676.10,5.83
1,460.00,398,485.72,335.81,7.35
1,460.00,399,747.03,143.73,7.92
1,470.00,0,288.48,95.40,14.22
1,470.00,1,496.46,102.11,22.34
1,470.00,2,494.90,665.69,0.00
1,470.00,3,730.44,105.87,0.00
1,470.00,4,74.50,879.87,0.00
1,470.00,5,745.37,234.43,14.68
1,470.00,6,613.09,163.06,22.79
1,470.00,7,777.23,556.34,18.87
1,470.00,8,843.00,100.60,10.93
1,470.00,9,339.50,761.03,14.13
1,470.00,10,786.30,624.16,13.93
1,470.00,11,662.53,393.00,6.48
1,470.00,12,415.45,993.74,11.67
1,470.00,13,621.61,809.84,6.48
1,470.00,14,332.71,556.11,14.09
1,470.00,15,538.01,683.91,19.14
1,470.00,16,818.11,103.41,0.00
1,470.00,17,695.85,849.66,7.72
1,470.00,18,483.29,109.35,18.08
1,470.00,19,263.67,336.05,23.38
1,470.00,20,460.71,261.32,5.05
1,470.00,21,974.33,857.78,9.38
1,470.00,22,885.18,471.23,18.54
1,470.00,23,284.55,791.92,0.00
1,470.00,24,482.23,102.58,5.77
1,470.00,25,501.96,389.59,9.27
1,470.00,26,779.54,850.42,22.36
1,470.00,27,616.92,378.06,0.00
1,470.00,28,182.13,287.57,11.00
1,470.00,29,416.18,674.22,13.29
1,470.00,30,728.01,103.70,0.00
1,470.00,31,767.28,558.98,14.79
1,470.00,32,407.52,179.32,12.58
1,470.00,33,687.09,10.78,7.27
1,470.00,34,518.51,240.19,7.25
1,470.00,35,845.71,276.82,21.01
1,470.00,36,759.28,264.99,8.15
1,470.00,37,171.44,300.09,6.92
1,470.00,38,588.87,531.81,24.90
1,470.00,39,143.82,420.44,10.86
1,470.00,40,910.62,865.00,21.50
1,470.00,41,327.83,212.69,6.93
1,470.00,42,979.51,683.86,14.37
1,470.00,43,606.86,302.27,5.02
1,470.00,44,652.26,45.93,11.49
1,470.00,45,465.69,162.73,6.46
1,470.00,46,595.91,314.81,8.87
1,470.00,47,677.49,430.88,12.20
1,470.00,48,516.61,409.67,0.00
1,470.00,49,190.27,496.58,5.21
1,470.00,50,878.69,298.61,13.64
1,470.00,51,753.81,381.47,5.93
1,470.00,52,673.88,302.67,17.66
1,470.00,53,450.02,385.80,24.16
1,470.00,54,484.93,543.30,11.71
1,470.00,55,572.59,390.73,21.94
1,470.00,56,172.50,915.61,10.47
1,470.00,57,77.00,611.45,17.97
1,470.00,58,431.09,167.77,18.03
1,470.00,59,544.63,169.40,5.84
1,470.00,60,412.49,340.91,24.22
1,470.00,61,345.03,340.80,9.64
1,470.00,62,572.01,48.71,14.67
1,470.00,63,33.28,848.15,0.00
1,470.00,64,379.84,635.32,21.19
1,470.00,65,155.44,462.33,11.53
1,470.00,66,267.04,560.30,10.38
1,470.00,67,171.47,481.08,7.32
1,470.00,68,702.06,586.25,17.06
1,470.00,69,596.42,629.02,8.58
1,470.00,70,403.00,387.15,25.00
1,470.00,71,587.63,168.84,12.17
1,470.00,72,285.22,532.02,12.02
1,470.00,73,915.46,306.34,0.00
1,470.00,74,641.34,527.75,24.43
1,470.00,75,135.64,752.82,6.23
1,470.00,76,39.83,939.68,0.00
1,470.00,77,737.41,902.81,17.20
1,470.00,78,367.20,198.24,23.26
1,470.00,79,622.85,975.57,0.00
1,470.00,80,374.13,846.63,16.09
1,470.00,81,425.02,712.35,6.95
1,470.00,82,744.04,61.98,0.00
1,470.00,83,920.40,345.96,8.17
1,470.00,84,664.15,367.60,8.51
1,470.00,85,435.82,514.67,21.04
1,470.00,86,377.15,537.88,22.47
1,470.00,87,53.59,109.20,0.00
1,470.00,88,804.34,683.53,6.07
1,470.00,89,376.99,317.68,12.53
1,470.00,90,74.91,894.74,5.69
1,470.00,91,474.00,473.22,11.48
1,470.00,92,469.36,180.78,6.43
1,470.00,93,430.11,892.04,10.09
1,470.00,94,936.50,503.20,6.44
1,470.00,95,820.46,391.62,23.69
1,470.00,96,890.01,514.53,10.08
1,470.00,97,336.26,330.51,0.00
1,470.00,98,35.69,768.06,0.00
1,470.00,99,998.32,190.32,0.00
1,470.00,100,427.76,453.84,5.21
1,470.00,101,712.56,484.20,5.61
1,470.00,102,378.09,692.52,9.01
1,470.00,103,750.72,767.53,11.09
1,470.00,104,476.15,831.40,22.88
1,470.00,105,660.99,729.36,14.00
1,470.00,106,848.73,69.49,0.00
1,470.00,107,724.84,393.24,6.64
1,470.00,108,199.36,493.45,0.00
1,470.00,109,433.09,849.93,12.19
1,470.00,110,428.01,441.98,9.51
1,470.00,111,418.76,690.81,13.57
1,470.00,112,849.81,369.90,6.18
1,470.00,113,635.76,601.01,11.82
1,470.00,114,189.22,697.77,9.62
1,470.00,115,574.79,392.65,18.99
1,470.00,116,227.29,480.65,5.43
1,470.00,117,198.67,524.43,0.00
1,470.00,118,39.70,283.66,7.17
1,470.00,119,264.12,218.72,24.23
1,470.00,120,760.61,366.61,16.06
1,470.00,121,243.28,193.63,23.86
1,470.00,122,595.97,414.69,9.54
1,470.00,123,554.66,516.04,6.29
1,470.00,124,536.84,307.33,13.96
1,470.00,125,359.00,715.29,0.00
1,470.00,126,832.37,275.59,8.54
1,470.00,127,635.10,793.69,14.61
1,470.00,128,548.24,973.25,24.69
1,470.00,129,891.14,674.46,5.91
1,470.00,130,763.46,307.68,5.28
1,470.00,131,603.64,301.65,12.16
1,470.00,132,364.07,535.87,11.07
1,470.00,133,721.93,390.96,24.13
1,470.00,134,464.36,631.26,18.66
1,470.00,135,736.15,456.86,0.00
1,470.00,136,621.49,447.76,8.74
1,470.00,137,414.30,163.70,10.05
1,470.00,138,939.04,403.10,21.94
1,470.00,139,413.10,899.92,0.00
1,470.00,140,947.39,356.21,7.95
1,470.00,141,364.82,813.98,16.83
1,470.00,142,695.67,871.37,21.83
1,470.00,143,557.01,803.96,8.02
1,470.00,144,354.15,739.39,8.00
1,470.00,145,921.46,723.68,7.15
1,470.00,146,541.07,506.89,24.95
1,470.00,147,136.08,801.84,21.48
1,470.00,148,226.96,590.77,22.64
1,470.00,149,615.42,644.39,10.32
1,470.00,150,872.17,585.84,16.24
1,470.00,151,359.43,763.43,6.60
1,470.00,152,599.82,50.44,8.09
1,470.00,153,518.38,397.66,14.86
1,470.00,154,461.01,802.54,19.17
1,470.00,155,322.51,184.08,10.06
1,470.00,156,889.89,659.09,0.00
1,470.00,157,255.49,754.05,11.62
1,470.00,158,801.15,863.72,0.00
1,470.00,159,478.82,669.98,16.28
1,470.00,160,750.41,345.04,10.92
1,470.00,161,367.40,529.64,7.50
1,470.00,162,333.90,305.82,10.68
1,470.00,163,447.25,367.24,6.67
1,470.00,164,567.20,768.06,7.41
1,470.00,165,413.69,318.68,16.86
1,470.00,166,603.58,384.65,14.67
1,470.00,167,831.32,663.61,8.91
1,470.00,168,587.28,806.07,0.00
1,470.00,169,892.33,596.02,0.00
1,470.00,170,581.20,727.67,16.96
1,470.00,171,974.65,426.74,0.00
1,470.00,172,936.90,537.50,0.00
1,470.00,173,645.48,971.63,11.25
1,470.00,174,164.84,656.42,0.00
1,470.00,175,237.23,287.40,14.85
1,470.00,176,635.61,727.04,8.64
1,470.00,177,537.07,501.10,9.61
1,470.00,178,180.13,31.59,10.08
1,470.00,179,896.64,608.14,0.00
1,470.00,180,566.19,697.30,10.97
1,470.00,181,564.63,631.74,5.51
1,470.00,182,794.07,362.26,15.28
1,470.00,183,720.58,154.93,7.91
1,470.00,184,319.19,241.35,10.69
1,470.00,185,201.20,201.47,0.00
1,470.00,186,252.62,149.50,0.00
1,470.00,187,581.79,741.93,20.89
1,470.00,188,574.75,903.18,13.36
1,470.00,189,627.89,788.81,24.31
1,470.00,190,44.48,759.59,6.05
1,470.00,191,659.91,438.76,8.43
1,470.00,192,64.33,633.41,0.00
1,470.00,193,395.59,880.73,0.00
1,470.00,194,598.93,380.16,18.06
1,470.00,195,618.75,839.39,9.33
1,470.00,196,550.76,932.98,13.36
1,470.00,197,619.90,504.11,7.20
1,470.00,198,396.02,711.10,12.27
1,470.00,199,768.55,761.00,7.17
1,470.00,200,776.68,765.47,12.34
1,470.00,201,494.53,396.97,18.75
1,470.00,202,129.40,159.63,0.00
1,470.00,203,790.54,757.26,8.41
1,470.00,204,249.98,186.54,14.38
1,470.00,205,225.26,915.20,17.67
1,470.00,206,183.65,23.77,0.00
1,470.00,207,846.83,346.08,14.09
1,470.00,208,178.60,268.36,0.00
1,470.00,209,399.14,586.68,0.00
1,470.00,210,917.27,463.32,5.86
1,470.00,211,437.92,837.21,0.00
1,470.00,212,442.44,396.28,6.21
1,470.00,213,9.15,846.86,0.00
1,470.00,214,816.73,227.66,11.14
1,470.00,215,147.77,293.11,5.99
1,470.00,216,833.77,894.36,13.36
1,470.00,217,701.38,573.70,10.98
1,470.00,218,929.81,879.45,10.52
1,470.00,219,241.58,277.82,0.00
1,470.00,220,650.23,540.26,14.40
1,470.00,221,828.82,501.20,0.00
1,470.00,222,861.83,225.45,24.53
1,470.00,223,251.31,748.82,6.96
1,470.00,224,194.95,428.28,5.39
1,470.00,225,819.73,678.84,17.59
1,470.00,226,284.38,484.12,11.13
1,470.00,227,565.02,105.49,0.00
1,470.00,228,849.73,498.02,13.08
1,470.00,229,636.73,600.57,10.59
1,470.00,230,757.91,401.54,0.00
1,470.00,231,678.62,666.09,8.73
1,470.00,232,153.64,643.29,0.00
1,470.00,233,101.83,856.27,5.14
1,470.00,234,856.56,315.31,19.58
1,470.00,235,321.33,495.19,5.05
1,470.00,236,656.32,497.85,11.78
1,470.00,237,437.18,814.47,5.39
1,470.00,238,960.04,168.55,0.00
1,470.00,239,699.55,894.25,15.35
1,470.00,240,457.91,392.06,5.17
1,470.00,241,465.69,586.41,22.01
1,470.00,242,400.90,524.56,8.52
1,470.00,243,605.95,588.67,8.67
1,470.00,244,345.36,694.70,14.47
1,470.00,245,172.14,795.85,0.00
1,470.00,246,556.14,388.11,11.57
1,470.00,247,725.78,344.60,8.17
1,470.00,248,176.32,588.72,8.66
1,470.00,249,467.48,379.15,14.01
1,470.00,250,186.95,128.60,0.00
1,470.00,251,786.40,902.94,11.73
1,470.00,252,789.05,895.78,8.15
1,470.00,253,348.62,320.42,15.75
1,470.00,254,347.83,953.71,18.78
1,470.00,255,53.03,931.94,0.00
1,470.00,256,31.46,918.58,10.56
1,470.00,257,295.49,521.97,14.87
1,470.00,258,341.88,631.76,5.03
1,470.00,259,447.69,154.97,6.36
1,470.00,260,513.56,354.66,5.77
1,470.00,261,269.75,411.16,13.64
1,470.00,262,634.44,205.07,16.35
1,470.00,263,438.73,500.64,9.67
1,470.00,264,197.60,704.93,10.24
1,470.00,265,909.35,541.59,7.79
1,470.00,266,664.43,846.90,14.39
1,470.00,267,427.49,656.51,19.07
1,470.00,268,720.70,260.86,14.65
1,470.00,269,107.14,569.47,6.67
1,470.00,270,957.39,396.51,0.00
1,470.00,271,550.21,504.23,5.39
1,470.00,272,528.63,336.40,17.31
1,470.00,273,466.01,748.26,7.09
1,470.00,274,438.36,585.92,23.21
1,470.00,275,785.36,402.51,5.71
1,470.00,276,805.71,911.06,10.77
1,470.00,277,878.69,303.32,0.00
1,470.00,278,149.59,852.86,8.31
1,470.00,279,333.94,936.83,14.65
1,470.00,280,291.62,414.90,23.53
1,470.00,281,646.39,501.60,8.48
1,470.00,282,391.41,499.52,17.27
1,470.00,283,264.97,414.78,6.93
1,470.00,284,266.78,630.41,10.87
1,470.00,285,545.54,513.57,12.63
1,470.00,286,379.70,140.58,14.98
1,470.00,287,845.43,604.46,7.52
1,470.00,288,329.14,401.61,7.24
1,470.00,289,216.34,639.32,0.00
1,470.00,290,205.40,651.23,19.63
1,470.00,291,22.91,856.49,0.00
1,470.00,292,355.74,288.26,8.61
1,470.00,293,775.53,383.33,5.90
1,470.00,294,235.67,323.65,19.94
1,470.00,295,910.53,495.91,8.29
1,470.00,296,623.28,268.08,7.32
1,470.00,297,115.65,774.45,9.19
1,470.00,298,483.22,273.69,7.67
1,470.00,299,413.33,182.17,8.58
1,470.00,300,642.74,422.50,11.00
1,470.00,301,463.23,460.24,15.67
1,470.00,302,616.79,745.77,8.85
1,470.00,303,198.04,416.64,18.45
1,470.00,304,554.82,400.60,17.68
1,470.00,305,354.29,749.40,5.77
1,470.00,306,72.95,725.99,8.30
1,470.00,307,642.08,74.72,19.19
1,470.00,308,630.76,190.24,22.16
1,470.00,309,661.88,666.70,16.37
1,470.00,310,865.29,506.54,15.04
1,470.00,311,579.24,525.85,24.52
1,470.00,312,731.48,156.37,23.03
1,470.00,313,731.13,625.77,13.20
1,470.00,314,888.22,245.97,19.13
1,470.00,315,408.15,192.25,6.85
1,470.00,316,665.14,204.34,11.54
1,470.00,317,712.86,889.45,12.61
1,470.00,318,536.49,807.34,5.99
1,470.00,319,409.93,813.85,11.77
1,470.00,320,677.24,218.11,23.83
1,470.00,321,368.48,434.26,5.32
1,470.00,322,710.14,306.31,13.68
1,470.00,323,96.83,133.48,20.93
1,470.00,324,650.08,8.83,7.69
1,470.00,325,230.20,256.89,14.08
1,470.00,326,798.90,101.71,9.98
1,470.00,327,129.35,959.22,14.37
1,470.00,328,677.05,190.18,13.19
1,470.00,329,408.95,118.21,0.00
1,470.00,330,453.56,874.01,7.80
1,470.00,331,113.43,139.96,8.68
1,470.00,332,203.98,233.62,10.08
1,470.00,333,326.47,475.67,0.00
1,470.00,334,278.00,762.05,10.32
1,470.00,335,642.83,505.80,6.42
1,470.00,336,651.17,224.06,0.00
1,470.00,337,125.75,151.10,6.54
1,470.00,338,920.63,412.25,0.00
1,470.00,339,465.83,973.25,0.00
1,470.00,340,277.92,710.89,12.22
1,470.00,341,758.36,772.15,11.37
1,470.00,342,645.69,749.64,5.06
1,470.00,343,720.06,199.91,17.77
1,470.00,344,814.31,411.11,5.52
1,470.00,345,141.15,423.05,0.00
1,470.00,346,277.71,130.94,9.22
1,470.00,347,184.32,876.10,22.54
1,470.00,348,613.55,331.85,23.57
1,470.00,349,428.31,472.34,11.02
1,470.00,350,687.55,270.36,22.13
1,470.00,351,572.25,413.94,17.84
1,470.00,352,808.37,528.48,0.00
1,470.00,353,722.94,243.78,16.78
1,470.00,354,524.57,791.94,6.91
1,470.00,355,536.28,263.20,0.00
1,470.00,356,352.57,122.89,24.91
1,470.00,357,769.60,491.74,10.82
1,470.00,358,663.34,448.62,6.45
1,470.00,359,370.80,208.48,16.45
1,470.00,360,154.51,105.74,15.39
1,470.00,361,592.02,497.11,5.38
1,470.00,362,756.74,479.92,7.28
1,470.00,363,104.77,967.74,0.00
1,470.00,364,404.71,514.03,9.44
1,470.00,365,495.12,689.19,18.38
1,470.00,366,947.14,409.22,7.76
1,470.00,367,213.45,863.37,0.00
1,470.00,368,562.66,67.15,5.82
1,470.00,369,634.36,305.01,17.15
1,470.00,370,534.75,529.86,6.30
1,470.00,371,605.61,419.14,0.00
1,470.00,372,643.39,686.77,7.49
1,470.00,373,176.92,59.60,14.10
1,470.00,374,87.72,748.74,24.26
1,470.00,375,667.78,380.95,8.57
1,470.00,376,543.00,913.02,0.00
1,470.00,377,900.52,748.94,22.55
1,470.00,378,391.76,187.87,12.62
1,470.00,379,669.93,712.84,11.91
1,470.00,380,466.83,418.69,7.14
1,470.00,381,823.37,565.28,22.55
1,470.00,382,115.98,685.14,22.72
1,470.00,383,714.32,267.81,0.00
1,470.00,384,292.99,440.46,17.51
1,470.00,385,455.21,535.68,10.59
1,470.00,386,714.41,86.42,6.59
1,470.00,387,684.76,493.31,12.75
1,470.00,388,504.16,819.06,19.91
1,470.00,389,744.74,292.49,10.78
1,470.00,390,263.07,492.96,12.84
1,470.00,391,161.01,414.92,11.79
1,470.00,392,734.79,787.00,12.20
1,470.00,393,937.80,250.46,0.00
1,470.00,394,316.49,659.94,13.29
1,470.00,395,713.58,533.72,0.00
1,470.00,396,790.47,421.08,10.45
1,470.00,397,506.88,728.25,5.83
1,470.00,398,551.28,302.50,7.35
1,470.00,399,707.95,212.58,7.92
1,480.00,0,146.61,105.32,14.22
1,480.00,1,503.43,89.54,0.00
1,480.00,2,501.72,656.85,20.65
1,480.00,3,663.62,165.91,24.23
1,480.00,4,150.89,829.07,16.57
1,480.00,5,639.76,336.39,14.68
1,480.00,6,644.38,127.46,0.00
1,480.00,7,792.17,744.50,18.87
1,480.00,8,779.51,189.63,10.93
1,480.00,9,385.93,627.60,14.13
1,480.00,10,756.25,760.15,13.93
1,480.00,11,722.43,368.16,6.48
1,480.00,12,532.18,993.72,11.67
1,480.00,13,669.10,853.94,6.48
1,480.00,14,201.63,607.67,14.09
1,480.00,15,624.59,854.60,19.14
1,480.00,16,813.11,188.85,17.88
1,480.00,17,645.97,908.55,7.72
1,480.00,18,450.82,58.31,0.00
1,480.00,19,336.00,113.67,23.38
1,480.00,20,466.49,211.15,5.05
1,480.00,21,966.61,764.32,9.38
1,480.00,22,721.25,384.60,18.54
1,480.00,23,381.92,818.74,11.38
1,480.00,24,539.49,95.21,5.77
1,480.00,25,454.20,469.01,9.27
1,480.00,26,757.27,937.28,0.00
1,480.00,27,599.49,429.74,9.17
1,480.00,28,260.03,365.26,11.00
1,480.00,29,455.07,547.15,13.29
1,480.00,30,724.20,110.31,17.93
1,480.00,31,776.91,527.70,0.00
1,480.00,32,387.00,303.48,12.58
1,480.00,33,657.81,77.31,7.27
1,480.00,34,449.96,216.75,7.25
1,480.00,35,764.92,470.81,21.01
1,480.00,36,767.83,346.05,8.15
1,480.00,37,179.67,331.26,0.00
1,480.00,38,381.48,669.70,24.90
1,480.00,39,182.50,521.94,10.86
1,480.00,40,711.48,783.89,21.50
1,480.00,41,264.21,240.07,6.93
1,480.00,42,839.09,653.37,14.37
1,480.00,43,627.92,307.20,0.00
1,480.00,44,581.94,136.81,11.49
1,480.00,45,457.27,98.67,6.46
1,480.00,46,684.42,309.02,8.87
1,480.00,47,663.03,334.99,0.00
1,480.00,48,610.68,363.56,18.27
1,480.00,49,220.81,538.81,5.21
1,480.00,50,889.22,279.35,0.00
1,480.00,51,758.43,373.99,0.00
1,480.00,52,601.51,141.54,17.66
1,480.00,53,275.62,553.02,24.16
1,480.00,54,530.80,435.60,11.71
1,480.00,55,447.25,210.66,21.94
1,480.00,56,131.46,924.64,0.00
1,480.00,57,84.36,790.95,17.97
1,480.00,58,272.97,81.20,18.03
1,480.00,59,557.95,226.25,5.84
1,480.00,60,499.79,566.81,24.22
1,480.00,61,253.04,369.62,9.64
1,480.00,62,539.57,14.20,0.00
1,480.00,63,70.45,711.47,19.18
1,480.00,64,547.75,555.79,0.00
1,480.00,65,181.43,349.96,11.53
1,480.00,66,163.32,555.24,10.38
1,480.00,67,110.22,521.20,7.32
1,480.00,68,540.83,641.88,17.06
1,480.00,69,512.88,648.73,8.58
1,480.00,70,245.43,193.07,25.00
1,480.00,71,601.74,59.88,0.00
1,480.00,72,266.73,650.79,12.02
1,480.00,73,898.41,305.67,16.07
1,480.00,74,461.50,693.04,24.43
1,480.00,75,155.47,693.74,6.23
1,480.00,76,63.01,929.57,7.00
1,480.00,77,894.05,973.85,17.20
1,480.00,78,328.44,427.63,23.26
1,480.00,79,610.10,909.87,15.32
1,480.00,80,215.93,817.19,16.09
1,480.00,81,355.64,707.85,6.95
1,480.00,82,723.75,76.29,5.32
1,480.00,83,931.70,341.13,0.00
1,480.00,84,605.52,429.21,8.51
1,480.00,85,377.56,716.83,21.04
1,480.00,86,401.87,314.59,22.47
1,480.00,87,149.05,128.55,13.10
1,480.00,88,745.89,667.04,6.07
1,480.00,89,275.09,244.73,12.53
1,480.00,90,45.89,943.73,5.69
1,480.00,91,406.99,380.04,11.48
1,480.00,92,529.65,203.25,6.43
1,480.00,93,400.63,795.49,10.09
1,480.00,94,939.66,438.87,6.44
1,480.00,95,792.34,206.40,0.00
1,480.00,96,956.22,573.01,0.00
1,480.00,97,335.81,331.93,15.36
1,480.00,98,57.29,754.18,8.08
1,480.00,99,967.01,220.35,11.25
1,480.00,100,457.76,496.47,5.21
1,480.00,101,663.75,456.55,5.61
1,480.00,102,448.55,693.89,0.00
1,480.00,103,824.13,850.60,11.09
1,480.00,104,699.56,781.95,22.88
1,480.00,105,746.26,618.34,14.00
1,480.00,106,844.68,82.74,17.49
1,480.00,107,781.73,427.45,6.64
1,480.00,108,214.20,452.35,6.45
1,480.00,109,462.17,923.19,0.00
1,480.00,110,520.90,462.39,9.51
1,480.00,111,463.70,562.78,13.57
1,480.00,112,849.18,431.72,6.18
1,480.00,113,646.60,483.36,11.82
1,480.00,114,168.01,603.95,9.62
1,480.00,115,388.10,357.73,18.99
1,480.00,116,198.81,434.45,5.43
1,480.00,117,223.94,474.66,10.37
1,480.00,118,42.70,355.34,7.17
1,480.00,119,396.33,421.79,24.23
1,480.00,120,728.91,524.03,16.06
1,480.00,121,223.77,38.62,0.00
1,480.00,122,669.84,354.32,9.54
1,480.00,123,615.48,499.90,6.29
1,480.00,124,401.91,343.31,13.96
1,480.00,125,305.69,556.00,18.19
1,480.00,126,799.92,196.59,8.54
1,480.00,127,642.95,647.85,14.61
1,480.00,128,754.76,837.98,24.69
1,480.00,129,861.38,623.35,5.91
1,480.00,130,715.29,329.21,5.28
1,480.00,131,510.21,379.42,12.16
1,480.00,132,266.77,483.16,11.07
1,480.00,133,771.52,627.07,24.13
1,480.00,134,311.13,566.47,0.00
1,480.00,135,735.97,458.93,8.94
1,480.00,136,600.23,532.51,8.74
1,480.00,137,385.20,72.02,0.00
1,480.00,138,906.14,620.05,21.94
1,480.00,139,533.37,708.84,23.63
1,480.00,140,944.66,276.74,7.95
1,480.00,141,256.18,905.41,0.00
1,480.00,142,720.03,894.86,0.00
1,480.00,143,555.78,723.77,8.02
1,480.00,144,417.56,690.70,8.00
1,480.00,145,964.51,780.81,7.15
1,480.00,146,365.49,684.18,24.95
1,480.00,147,29.19,979.15,0.00
1,480.00,148,105.82,736.80,0.00
1,480.00,149,666.98,555.04,10.32
1,480.00,150,727.08,658.89,16.24
1,480.00,151,320.27,710.33,6.60
1,480.00,152,630.26,38.88,0.00
1,480.00,153,404.79,493.46,14.86
1,480.00,154,533.58,625.07,19.17
1,480.00,155,296.62,180.91,0.00
1,480.00,156,898.67,613.55,9.27
1,480.00,157,189.51,849.71,11.62
1,480.00,158,755.97,698.70,22.89
1,480.00,159,364.21,785.61,16.28
1,480.00,160,735.17,453.20,10.92
1,480.00,161,305.32,571.71,7.50
1,480.00,162,290.09,208.37,10.68
1,480.00,163,399.86,320.28,6.67
1,480.00,164,608.09,829.86,7.41
1,480.00,165,374.61,340.71,0.00
1,480.00,166,467.13,386.97,0.00
1,480.00,167,840.94,575.08,8.91
1,480.00,168,668.02,795.98,13.29
1,480.00,169,878.01,586.44,8.87
1,480.00,170,734.35,654.85,16.96
1,480.00,171,977.28,455.69,11.81
1,480.00,172,874.88,499.61,20.86
1,480.00,173,565.40,892.60,11.25
1,480.00,174,314.47,554.31,18.80
1,480.00,175,116.57,200.89,14.85
1,480.00,176,562.95,680.38,8.64
1,480.00,177,606.10,567.97,9.61
1,480.00,178,161.12,3.82,0.00
1,480.00,179,892.18,584.13,5.84
1,480.00,180,461.95,731.62,10.97
1,480.00,181,511.71,647.25,5.51
1,480.00,182,641.74,350.70,15.28
1,480.00,183,706.42,232.79,7.91
1,480.00,184,380.16,153.55,10.69
1,480.00,185,203.54,203.02,12.29
1,480.00,186,334.65,272.98,19.02
1,480.00,187,715.65,902.29,20.89
1,480.00,188,705.99,878.37,13.36
1,480.00,189,440.78,944.01,24.31
1,480.00,190,58.34,700.73,6.05
1,480.00,191,723.35,383.29,8.43
1,480.00,192,64.29,573.86,9.55
1,480.00,193,346.88,895.13,16.92
1,480.00,194,539.54,209.63,18.06
1,480.00,195,525.49,839.74,9.33
1,480.00,196,602.62,989.16,0.00
1,480.00,197,688.63,525.46,7.20
1,480.00,198,344.34,822.35,12.27
1,480.00,199,697.95,748.71,7.17
1,480.00,200,793.56,881.61,0.00
1,480.00,201,484.98,209.67,18.75
1,480.00,202,96.54,129.26,0.00
1,480.00,203,791.33,764.37,0.00
1,480.00,204,246.00,67.80,0.00
1,480.00,205,327.68,771.27,17.67
1,480.00,206,181.62,48.29,11.86
1,480.00,207,864.49,439.99,0.00
1,480.00,208,244.82,361.55,14.52
1,480.00,209,446.78,741.24,16.28
1,480.00,210,951.93,431.73,0.00
1,480.00,211,491.27,766.54,9.89
1,480.00,212,401.47,442.89,6.21
1,480.00,213,51.35,807.06,13.20
1,480.00,214,717.71,278.69,11.14
1,480.00,215,163.10,351.02,5.99
1,480.00,216,906.18,923.65,0.00
1,480.00,217,634.04,486.94,10.98
1,480.00,218,938.56,956.54,0.00
1,480.00,219,243.89,277.26,5.07
1,480.00,220,683.36,400.16,14.40
1,480.00,221,903.63,569.16,16.27
1,480.00,222,740.49,438.64,24.53
1,480.00,223,261.43,771.11,0.00
1,480.00,224,248.23,436.35,5.39
1,480.00,225,982.99,691.43,0.00
1,480.00,226,215.47,396.66,11.13
1,480.00,227,537.80,111.44,5.44
1,480.00,228,846.64,628.73,13.08
1,480.00,229,551.45,537.79,10.59
1,480.00,230,708.42,381.82,7.77
1,480.00,231,692.99,752.20,8.73
1,480.00,232,181.28,636.27,11.96
1,480.00,233,55.51,878.57,5.14
1,480.00,234,857.82,511.11,19.58
1,480.00,235,285.54,459.50,5.05
1,480.00,236,664.54,508.55,0.00
1,480.00,237,408.98,860.40,5.39
1,480.00,238,897.03,213.94,11.38
1,480.00,239,571.52,809.58,15.35
1,480.00,240,427.56,350.16,5.17
1,480.00,241,665.68,564.59,0.00
1,480.00,242,482.91,547.73,8.52
1,480.00,243,654.69,516.94,8.67
1,480.00,244,290.88,809.41,0.00
1,480.00,245,239.10,677.82,19.95
1,480.00,246,652.32,323.79,11.57
1,480.00,247,779.97,283.45,8.17
1,480.00,248,230.27,520.95,8.66
1,480.00,249,484.83,306.98,0.00
1,480.00,250,246.08,181.65,19.51
1,480.00,251,762.72,788.05,11.73
1,480.00,252,794.45,940.99,0.00
1,480.00,253,503.32,349.97,15.75
1,480.00,254,267.23,784.04,18.78
1,480.00,255,196.93,936.35,23.19
1,480.00,256,31.60,928.77,0.00
1,480.00,257,222.29,392.53,14.87
1,480.00,258,374.52,593.49,5.03
1,480.00,259,509.50,139.87,6.36
1,480.00,260,547.20,401.53,5.77
1,480.00,261,341.03,294.91,13.64
1,480.00,262,670.69,364.48,16.35
1,480.00,263,373.80,429.03,9.67
1,480.00,264,96.98,724.09,10.24
1,480.00,265,895.01,465.05,7.79
1,480.00,266,716.34,712.71,14.39
1,480.00,267,551.33,801.51,19.07
1,480.00,268,618.76,366.10,14.65
1,480.00,269,139.44,511.10,6.67
1,480.00,270,829.70,284.50,17.97
1,480.00,271,509.21,539.19,5.39
1,480.00,272,685.48,263.28,17.31
1,480.00,273,503.74,808.29,7.09
1,480.00,274,331.69,379.75,23.21
1,480.00,275,788.28,345.50,5.71
1,480.00,276,783.14,927.08,0.00
1,480.00,277,804.67,188.75,14.12
1,480.00,278,161.43,935.12,8.31
1,480.00,279,296.81,989.50,0.00
1,480.00,280,296.42,573.63,0.00
1,480.00,281,687.27,575.92,8.48
1,480.00,282,257.45,608.59,17.27
1,480.00,283,264.67,484.11,6.93
1,480.00,284,263.68,521.72,10.87
1,480.00,285,570.90,389.85,12.63
1,480.00,286,299.80,13.90,14.98
1,480.00,287,787.24,556.84,7.52
1,480.00,288,401.30,407.39,7.24
1,480.00,289,216.25,639.10,14.90
1,480.00,290,243.66,458.74,19.63
1,480.00,291,52.01,828.94,12.88
1,480.00,292,341.46,373.16,8.61
1,480.00,293,750.01,330.17,5.90
1,480.00,294,328.32,320.32,0.00
1,480.00,295,840.68,451.33,8.29
1,480.00,296,570.42,217.48,7.32
1,480.00,297,120.75,682.68,9.19
1,480.00,298,465.87,348.43,7.67
1,480.00,299,382.41,262.17,8.58
1,480.00,300,538.87,386.43,11.00
1,480.00,301,350.92,569.47,15.67
1,480.00,302,593.04,660.56,8.85
1,480.00,303,323.93,551.55,18.45
1,480.00,304,526.53,575.12,17.68
1,480.00,305,410.49,762.43,5.77
1,480.00,306,71.46,792.86,0.00
1,480.00,307,458.30,130.07,19.19
1,480.00,308,841.33,121.07,22.16
1,480.00,309,809.77,737.00,16.37
1,480.00,310,832.91,359.64,15.04
1,480.00,311,784.99,479.92,0.00
1,480.00,312,815.21,370.87,23.03
1,480.00,313,821.56,721.94,13.20
1,480.00,314,934.23,121.68,0.00
1,480.00,315,339.86,186.60,6.85
1,480.00,316,679.35,241.86,0.00
1,480.00,317,721.02,763.66,12.61
1,480.00,318,576.01,762.34,5.99
1,480.00,319,525.90,833.81,11.77
1,480.00,320,747.68,150.38,0.00
1,480.00,321,332.96,394.67,5.32
1,480.00,322,629.83,417.07,13.68
1,480.00,323,88.48,135.77,0.00
1,480.00,324,573.21,10.92,7.69
1,480.00,325,146.97,249.11,0.00
1,480.00,326,896.84,121.05,9.98
1,480.00,327,42.35,975.60,0.00
1,480.00,328,572.77,270.97,13.19
1,480.00,329,373.17,249.08,21.20
1,480.00,330,493.93,807.32,7.80
1,480.00,331,176.92,199.21,8.68
1,480.00,332,279.26,300.64,10.08
1,480.00,333,300.70,494.27,15.67
1,480.00,334,381.16,761.42,10.32
1,480.00,335,630.08,568.68,6.42
1,480.00,336,646.22,235.40,12.55
1,480.00,337,84.67,100.16,6.54
1,480.00,338,873.52,456.82,10.39
1,480.00,339,432.98,914.54,9.91
1,480.00,340,268.23,589.09,12.22
1,480.00,341,742.77,884.82,11.37
1,480.00,342,605.25,719.22,5.06
1,480.00,343,865.62,97.93,17.77
1,480.00,344,835.57,360.16,5.52
1,480.00,345,224.84,494.44,13.79
1,480.00,346,227.80,208.48,9.22
1,480.00,347,299.83,682.52,22.54
1,480.00,348,396.71,424.26,23.57
1,480.00,349,354.18,390.77,11.02
1,480.00,350,540.09,435.41,22.13
1,480.00,351,410.44,338.85,17.84
1,480.00,352,749.73,537.77,13.56
1,480.00,353,804.75,177.22,0.00
1,480.00,354,516.55,723.27,6.91
1,480.00,355,539.81,287.11,8.13
1,480.00,356,504.46,320.35,24.91
1,480.00,357,812.85,441.98,0.00
1,480.00,358,710.72,410.32,0.00
1,480.00,359,535.27,208.54,16.45
1,480.00,360,103.16,12.62,0.00
1,480.00,361,554.79,475.09,0.00
1,480.00,362,693.03,515.14,7.28
1,480.00,363,107.61,941.74,21.42
1,480.00,364,476.36,575.57,9.44
1,480.00,365,439.06,700.78,0.00
1,480.00,366,960.34,332.71,7.76
1,480.00,367,235.94,800.58,9.40
1,480.00,368,505.66,78.79,5.82
1,480.00,369,517.39,430.39,17.15
1,480.00,370,474.53,548.38,6.30
1,480.00,371,657.92,320.22,11.78
1,480.00,372,570.97,705.75,7.49
1,480.00,373,156.18,59.27,0.00
1,480.00,374,187.29,970.01,24.26
1,480.00,375,610.18,444.40,8.57
1,480.00,376,550.62,903.35,13.31
1,480.00,377,949.51,898.93,0.00
1,480.00,378,453.25,298.11,12.62
1,480.00,379,731.97,814.48,11.91
1,480.00,380,491.29,351.60,7.14
1,480.00,381,882.99,605.33,0.00
1,480.00,382,115.41,785.61,0.00
1,480.00,383,638.92,245.03,19.73
1,480.00,384,449.81,362.56,17.51
1,480.00,385,505.97,442.70,10.59
1,480.00,386,737.59,24.78,6.59
1,480.00,387,782.57,575.18,12.75
1,480.00,388,434.43,632.61,19.91
1,480.00,389,809.35,206.20,10.78
1,480.00,390,230.06,368.91,12.84
1,480.00,391,235.01,506.74,11.79
1,480.00,392,654.41,695.17,12.20
1,480.00,393,865.34,358.64,13.37
1,480.00,394,361.77,784.91,13.29
1,480.00,395,745.84,567.47,17.88
1,480.00,396,686.54,409.94,10.45
1,480.00,397,480.80,780.40,5.83
1,480.00,398,616.84,269.20,7.35
1,480.00,399,668.88,281.43,7.92
1,490.00,0,138.09,105.92,0.00
1,490.00,1,533.81,130.41,5.44
1,490.00,2,627.78,493.34,20.65
1,490.00,3,483.35,327.89,24.23
1,490.00,4,288.90,737.30,16.57
1,490.00,5,534.15,438.35,14.68
1,490.00,6,707.12,213.09,0.00
1,490.00,7,797.49,811.52,0.00
1,490.00,8,716.01,278.65,10.93
1,490.00,9,432.37,494.16,14.13
1,490.00,10,726.19,896.14,13.93
1,490.00,11,782.33,343.31,6.48
1,490.00,12,563.07,993.71,0.00
1,490.00,13,716.59,898.04,6.48
1,490.00,14,70.56,659.23,14.09
1,490.00,15,676.93,957.79,0.00
1,490.00,16,802.67,367.35,17.88
1,490.00,17,637.81,918.17,0.00
1,490.00,18,573.04,93.37,19.10
1,490.00,19,348.56,75.07,0.00
1,490.00,20,472.28,160.98,5.05
1,490.00,21,958.88,670.85,9.38
1,490.00,22,557.32,297.96,18.54
1,490.00,23,491.60,848.95,11.38
1,490.00,24,596.75,87.85,5.77
1,490.00,25,406.44,548.44,9.27
1,490.00,26,655.14,850.44,22.38
1,490.00,27,570.18,516.67,9.17
1,490.00,28,337.94,442.94,11.00
1,490.00,29,493.95,420.09,13.29
1,490.00,30,634.77,265.71,17.93
1,490.00,31,706.55,561.70,10.03
1,490.00,32,366.48,427.64,12.58
1,490.00,33,628.52,143.83,7.27
1,490.00,34,414.28,204.55,0.00
1,490.00,35,684.14,664.80,21.01
1,490.00,36,776.38,427.11,8.15
1,490.00,37,251.13,306.58,14.15
1,490.00,38,320.24,710.41,0.00
1,490.00,39,221.18,623.44,10.86
1,490.00,40,512.34,702.79,21.50
1,490.00,41,200.60,267.46,6.93
1,490.00,42,698.67,622.87,14.37
1,490.00,43,589.34,341.54,9.07
1,490.00,44,511.62,227.69,11.49
1,490.00,45,448.86,34.61,6.46
1,490.00,46,760.96,304.02,0.00
1,490.00,47,668.71,313.63,10.77
1,490.00,48,774.78,283.12,18.27
1,490.00,49,251.36,581.04,5.21
1,490.00,50,765.97,382.90,19.18
1,490.00,51,615.90,527.95,24.63
1,490.00,52,554.84,37.66,0.00
1,490.00,53,147.96,675.44,0.00
1,490.00,54,576.67,327.91,11.71
1,490.00,55,382.57,117.73,0.00
1,490.00,56,126.80,994.17,0.00
1,490.00,57,85.28,813.38,0.00
1,490.00,58,256.23,72.04,0.00
1,490.00,59,571.28,283.10,5.84
1,490.00,60,507.50,586.77,0.00
1,490.00,61,244.19,372.40,0.00
1,490.00,62,494.96,81.23,11.89
1,490.00,63,120.80,526.35,19.18
1,490.00,64,538.32,557.09,7.74
1,490.00,65,207.42,237.59,11.53
1,490.00,66,149.19,554.55,0.00
1,490.00,67,104.85,524.72,0.00
1,490.00,68,379.59,697.50,17.06
1,490.00,69,429.34,668.43,8.58
1,490.00,70,125.93,45.88,0.00
1,490.00,71,604.95,66.23,7.35
1,490.00,72,263.75,669.95,0.00
1,490.00,73,737.86,299.32,16.07
1,490.00,74,281.66,858.34,24.43
1,490.00,75,175.31,634.66,6.23
1,490.00,76,127.18,901.59,7.00
1,490.00,77,935.70,992.74,0.00
1,490.00,78,289.68,657.03,23.26
1,490.00,79,580.91,759.45,15.32
1,490.00,80,57.73,787.76,16.09
1,490.00,81,286.26,703.34,6.95
1,490.00,82,680.31,106.92,5.32
1,490.00,83,921.01,256.78,10.01
1,490.00,84,546.88,490.82,8.51
1,490.00,85,319.29,918.99,21.04
1,490.00,86,418.30,166.15,0.00
1,490.00,87,277.48,154.58,13.10
1,490.00,88,687.43,650.55,6.07
1,490.00,89,247.66,225.09,0.00
1,490.00,90,39.58,954.38,0.00
1,490.00,91,339.97,286.86,11.48
1,490.00,92,589.93,225.71,6.43
1,490.00,93,371.15,698.95,10.09
1,490.00,94,942.82,374.53,6.44
1,490.00,95,775.18,208.05,8.24
1,490.00,96,933.37,562.74,20.23
1,490.00,97,289.26,478.35,15.36
1,490.00,98,125.30,710.49,8.08
1,490.00,99,885.84,298.20,11.25
1,490.00,100,487.76,539.11,5.21
1,490.00,101,636.97,441.38,0.00
1,490.00,102,460.47,682.73,7.48
1,490.00,103,892.58,928.07,0.00
1,490.00,104,834.54,752.07,0.00
1,490.00,105,831.53,507.32,14.00
1,490.00,106,793.57,249.98,17.49
1,490.00,107,838.62,461.67,6.64
1,490.00,108,236.09,391.72,6.45
1,490.00,109,456.07,879.96,12.35
1,490.00,110,613.78,482.79,9.51
1,490.00,111,508.64,434.75,13.57
1,490.00,112,848.56,493.53,6.18
1,490.00,113,657.44,365.70,11.82
1,490.00,114,146.80,510.14,9.62
1,490.00,115,249.67,331.84,0.00
1,490.00,116,170.32,388.25,5.43
1,490.00,117,270.91,382.16,10.37
1,490.00,118,45.70,427.02,7.17
1,490.00,119,528.53,624.87,24.23
1,490.00,120,697.22,681.44,16.06
1,490.00,121,278.85,80.34,20.01
1,490.00,122,743.71,293.95,9.54
1,490.00,123,676.29,483.76,6.29
1,490.00,124,266.98,379.28,13.96
1,490.00,125,247.97,383.54,18.19
1,490.00,126,767.47,117.59,8.54
1,490.00,127,650.81,502.01,14.61
1,490.00,128,895.04,746.09,0.00
1,490.00,129,831.61,572.24,5.91
1,490.00,130,667.11,350.74,5.28
1,490.00,131,416.77,457.20,12.16
1,490.00,132,266.76,483.16,0.00
1,490.00,133,821.11,863.18,24.13
1,490.00,134,292.07,573.83,18.84
1,490.00,135,727.90,547.94,8.94
1,490.00,136,578.96,617.27,8.74
1,490.00,137,390.14,78.60,19.24
1,490.00,138,901.26,652.26,0.00
1,490.00,139,659.26,508.84,23.63
1,490.00,140,943.26,236.21,0.00
1,490.00,141,277.35,892.00,16.02
1,490.00,142,757.15,761.77,16.35
1,490.00,143,554.55,643.58,8.02
1,490.00,144,480.98,642.01,8.00
1,490.00,145,967.74,785.09,0.00
1,490.00,146,189.92,861.47,24.95
1,490.00,147,29.21,975.53,10.05
1,490.00,148,122.23,711.29,18.74
1,490.00,149,718.53,465.69,10.32
1,490.00,150,581.99,731.93,16.24
1,490.00,151,281.11,657.22,6.60
1,490.00,152,508.51,67.73,20.94
1,490.00,153,291.20,589.26,14.86
1,490.00,154,606.14,447.60,19.17
1,490.00,155,271.58,339.78,21.71
1,490.00,156,916.23,522.49,9.27
1,490.00,157,142.60,917.71,0.00
1,490.00,158,695.53,477.93,22.89
1,490.00,159,285.72,864.80,0.00
1,490.00,160,719.93,561.36,10.92
1,490.00,161,243.24,613.79,7.50
1,490.00,162,246.27,110.92,10.68
1,490.00,163,352.47,273.33,6.67
1,490.00,164,648.97,891.65,7.41
1,490.00,165,361.02,387.30,6.61
1,490.00,166,468.70,379.87,10.46
1,490.00,167,850.56,486.55,8.91
1,490.00,168,799.85,779.50,13.29
1,490.00,169,804.28,537.14,8.87
1,490.00,170,823.72,612.35,0.00
1,490.00,171,978.33,467.31,0.00
1,490.00,172,711.04,399.52,0.00
1,490.00,173,485.31,813.57,11.25
1,490.00,174,469.75,448.33,18.80
1,490.00,175,86.80,179.55,0.00
1,490.00,176,490.29,633.72,8.64
1,490.00,177,675.14,634.83,9.61
1,490.00,178,182.28,160.63,23.76
1,490.00,179,881.53,526.76,5.84
1,490.00,180,357.72,765.94,10.97
1,490.00,181,458.78,662.77,5.51
1,490.00,182,489.41,339.15,15.28
1,490.00,183,692.27,310.65,7.91
1,490.00,184,441.14,65.74,10.69
1,490.00,185,306.19,270.54,12.29
1,490.00,186,439.88,431.39,19.02
1,490.00,187,780.61,980.11,0.00
1,490.00,188,837.23,853.56,13.36
1,490.00,189,401.72,976.40,0.00
1,490.00,190,72.20,641.87,6.05
1,490.00,191,786.79,327.81,8.43
1,490.00,192,64.23,478.32,9.55
1,490.00,193,184.60,943.12,16.92
1,490.00,194,493.94,78.72,0.00
1,490.00,195,432.22,840.10,9.33
1,490.00,196,620.58,932.34,13.93
1,490.00,197,757.36,546.81,7.20
1,490.00,198,292.67,933.59,12.27
1,490.00,199,627.35,736.41,7.17
1,490.00,200,784.57,885.62,20.20
1,490.00,201,482.72,165.33,0.00
1,490.00,202,136.63,158.39,17.28
1,490.00,203,815.64,672.09,10.43
1,490.00,204,260.15,71.87,8.48
1,490.00,205,430.10,627.34,17.67
1,490.00,206,171.80,166.49,11.86
1,490.00,207,803.16,481.11,22.93
1,490.00,208,328.91,479.91,14.52
1,490.00,209,494.75,896.85,16.28
1,490.00,210,949.84,421.53,5.20
1,490.00,211,550.84,687.60,9.89
1,490.00,212,360.50,489.50,6.21
1,490.00,213,147.34,716.49,13.20
1,490.00,214,618.68,329.71,11.14
1,490.00,215,178.43,408.94,5.99
1,490.00,216,867.77,881.43,13.74
1,490.00,217,566.70,400.18,10.98
1,490.00,218,919.75,956.02,7.18
1,490.00,219,293.13,265.37,5.07
1,490.00,220,716.50,260.06,14.40
1,490.00,221,974.96,633.94,0.00
1,490.00,222,619.15,651.84,24.53
1,490.00,223,240.58,732.06,6.83
1,490.00,224,301.51,444.42,5.39
1,490.00,225,972.68,692.66,15.01
1,490.00,226,212.55,392.96,0.00
1,490.00,227,497.20,120.32,0.00
1,490.00,228,843.54,759.45,13.08
1,490.00,229,466.16,475.00,10.59
1,490.00,230,636.26,353.07,7.77
1,490.00,231,695.64,768.07,0.00
1,490.00,232,297.15,606.81,11.96
1,490.00,233,43.93,884.15,0.00
1,490.00,234,859.08,706.91,19.58
1,490.00,235,249.74,423.81,5.05
1,490.00,236,594.88,408.32,13.79
1,490.00,237,380.79,906.32,5.39
1,490.00,238,804.73,280.44,11.38
1,490.00,239,443.48,724.91,15.35
1,490.00,240,397.22,308.26,5.17
1,490.00,241,652.92,577.02,20.68
1,490.00,242,564.91,570.89,8.52
1,490.00,243,703.42,445.20,8.67
1,490.00,244,288.28,816.47,6.15
1,490.00,245,337.54,504.32,19.95
1,490.00,246,689.54,298.90,0.00
1,490.00,247,830.92,225.95,0.00
1,490.00,248,284.22,453.17,8.66
1,490.00,249,391.87,321.52,20.01
1,490.00,250,391.33,311.98,19.51
1,490.00,251,739.05,673.15,11.73
1,490.00,252,790.28,904.04,8.42
1,490.00,253,658.02,379.52,15.75
1,490.00,254,186.63,614.36,18.78
1,490.00,255,428.72,943.45,23.19
1,490.00,256,108.53,897.65,9.19
1,490.00,257,167.81,296.21,0.00
1,490.00,258,407.17,555.21,5.03
1,490.00,259,571.31,124.77,6.36
1,490.00,260,580.84,448.39,5.77
1,490.00,261,412.30,178.66,13.64
1,490.00,262,706.94,523.90,16.35
1,490.00,263,308.87,357.42,9.67
1,490.00,264,29.55,736.94,0.00
1,490.00,265,880.67,388.52,7.79
1,490.00,266,768.26,578.52,14.39
1,490.00,267,675.16,946.51,19.07
1,490.00,268,516.82,471.33,14.65
1,490.00,269,171.74,452.72,6.67
1,490.00,270,694.63,166.01,17.97
1,490.00,271,468.21,574.16,5.39
1,490.00,272,842.33,190.16,17.31
1,490.00,273,541.47,868.33,7.09
1,490.00,274,225.02,173.58,23.21
1,490.00,275,791.20,288.49,5.71
1,490.00,276,895.18,805.20,22.28
1,490.00,277,772.59,139.09,0.00
1,490.00,278,163.10,946.77,0.00
1,490.00,279,315.83,912.47,14.17
1,490.00,280,368.30,550.67,23.20
1,490.00,281,718.93,633.46,0.00
1,490.00,282,256.82,609.11,0.00
1,490.00,283,264.37,553.43,6.93
1,490.00,284,263.28,507.63,0.00
1,490.00,285,596.26,266.12,12.63
1,490.00,286,295.22,6.64,0.00
1,490.00,287,729.05,509.23,7.52
1,490.00,288,473.47,413.18,7.24
1,490.00,289,161.86,500.33,14.90
1,490.00,290,281.92,266.25,19.63
1,490.00,291,145.55,740.40,12.88
1,490.00,292,327.17,458.06,8.61
1,490.00,293,724.48,277.01,5.90
1,490.00,294,323.48,350.87,5.78
1,490.00,295,770.83,406.75,8.29
1,490.00,296,517.56,166.88,7.32
1,490.00,297,125.85,590.90,9.19
1,490.00,298,448.52,423.17,7.67
1,490.00,299,351.49,342.16,8.58
1,490.00,300,434.99,350.36,11.00
1,490.00,301,238.60,678.69,15.67
1,490.00,302,569.30,575.36,8.85
1,490.00,303,449.82,686.45,18.45
1,490.00,304,516.42,637.46,0.00
1,490.00,305,466.69,775.46,5.77
1,490.00,306,80.86,782.23,7.32
1,490.00,307,274.53,185.42,19.19
1,490.00,308,906.97,99.51,0.00
1,490.00,309,957.65,807.29,16.37
1,490.00,310,800.54,212.74,15.04
1,490.00,311,769.54,496.70,16.27
1,490.00,312,828.50,404.92,0.00
1,490.00,313,911.99,818.11,13.20
1,490.00,314,909.11,160.97,15.19
1,490.00,315,271.58,180.95,6.85
1,490.00,316,611.93,351.04,19.67
1,490.00,317,729.17,637.88,12.61
1,490.00,318,615.54,717.35,5.99
1,490.00,319,641.88,853.77,11.77
1,490.00,320,789.91,214.44,13.00
1,490.00,321,297.44,355.08,5.32
1,490.00,322,594.16,466.27,0.00
1,490.00,323,236.66,171.27,15.89
1,490.00,324,496.33,13.00,7.69
1,490.00,325,171.31,272.10,8.24
1,490.00,326,994.79,140.39,9.98
1,490.00,327,74.03,944.83,11.51
1,490.00,328,468.49,351.76,13.19
1,490.00,329,317.27,453.57,21.20
1,490.00,330,534.30,740.63,7.80
1,490.00,331,240.42,258.46,8.68
1,490.00,332,354.54,367.65,10.08
1,490.00,333,173.65,586.00,15.67
1,490.00,334,484.32,760.80,10.32
1,490.00,335,617.33,631.57,6.42
1,490.00,336,596.09,350.45,12.55
1,490.00,337,60.51,70.19,0.00
1,490.00,338,798.01,528.25,10.39
1,490.00,339,384.59,828.07,9.91
1,490.00,340,263.25,526.45,0.00
1,490.00,341,738.67,914.49,0.00
1,490.00,342,564.82,688.81,5.06
1,490.00,343,984.76,14.47,0.00
1,490.00,344,856.83,309.21,5.52
1,490.00,345,329.78,583.96,13.79
1,490.00,346,177.88,286.02,9.22
1,490.00,347,415.34,488.94,22.54
1,490.00,348,179.87,516.66,23.57
1,490.00,349,280.05,309.20,11.02
1,490.00,350,392.62,600.45,22.13
1,490.00,351,406.81,337.17,0.00
1,490.00,352,615.82,558.99,13.56
1,490.00,353,794.00,197.61,6.21
1,490.00,354,508.54,654.60,6.91
1,490.00,355,551.68,367.49,8.13
1,490.00,356,622.70,474.05,0.00
1,490.00,357,825.23,421.03,6.23
1,490.00,358,713.29,419.48,17.18
1,490.00,359,699.74,208.59,16.45
1,490.00,360,146.96,28.47,15.06
1,490.00,361,565.81,470.53,6.09
1,490.00,362,629.33,550.35,7.28
1,490.00,363,130.90,728.77,21.42
1,490.00,364,548.02,637.10,9.44
1,490.00,365,488.14,690.25,7.29
1,490.00,366,973.54,256.20,7.76
1,490.00,367,267.64,712.11,9.40
1,490.00,368,448.67,90.44,5.82
1,490.00,369,513.06,435.04,0.00
1,490.00,370,414.31,566.90,6.30
1,490.00,371,713.00,216.06,11.78
1,490.00,372,498.56,724.73,7.49
1,490.00,373,200.93,56.23,5.26
1,490.00,374,191.03,978.33,0.00
1,490.00,375,552.59,507.85,8.57
1,490.00,376,633.00,798.81,13.31
1,490.00,377,933.76,873.11,10.08
1,490.00,378,514.74,408.36,12.62
1,490.00,379,768.46,874.24,0.00
1,490.00,380,491.89,349.97,0.00
1,490.00,381,839.02,666.48,11.05
1,490.00,382,232.77,742.32,22.43
1,490.00,383,589.09,229.98,0.00
1,490.00,384,606.63,284.65,17.51
1,490.00,385,556.72,349.71,10.59
1,490.00,386,741.78,13.63,0.00
1,490.00,387,880.37,657.05,12.75
1,490.00,388,364.70,446.16,19.91
1,490.00,389,827.77,181.59,0.00
1,490.00,390,197.05,244.87,12.84
1,490.00,391,309.00,598.56,11.79
1,490.00,392,574.04,603.34,12.20
1,490.00,393,790.90,469.76,13.37
1,490.00,394,407.06,909.88,13.29
1,490.00,395,869.39,696.72,17.88
1,490.00,396,582.61,398.79,10.45
1,490.00,397,455.09,831.82,0.00
1,490.00,398,682.40,235.89,7.35
1,490.00,399,629.80,350.29,7.92
1,500.00,0,168.88,208.91,11.44
1,500.00,1,566.28,174.08,5.44
1,500.00,2,746.34,339.57,0.00
1,500.00,3,303.08,489.86,24.23
1,500.00,4,383.20,674.60,0.00
1,500.00,5,433.49,535.54,0.00
1,500.00,6,683.50,215.32,7.54
1,500.00,7,774.37,837.58,5.41
1,500.00,8,652.52,367.68,10.93
1,500.00,9,478.80,360.73,14.13
1,500.00,10,708.74,975.07,0.00
1,500.00,11,842.23,318.46,6.48
1,500.00,12,522.73,835.85,22.16
1,500.00,13,764.07,942.14,6.48
1,500.00,14,40.48,671.06,0.00
1,500.00,15,667.88,871.21,22.02
1,500.00,16,792.22,545.85,17.88
1,500.00,17,819.69,976.09,22.82
1,500.00,18,756.67,146.04,19.10
1,500.00,19,491.16,171.89,20.86
1,500.00,20,474.25,143.85,0.00
1,500.00,21,951.16,577.39,9.38
1,500.00,22,545.56,291.75,0.00
1,500.00,23,601.09,879.11,0.00
1,500.00,24,654.01,80.48,5.77
1,500.00,25,358.69,627.86,9.27
1,500.00,26,484.64,705.48,22.38
1,500.00,27,540.87,603.60,9.17
1,500.00,28,415.84,520.63,11.00
1,500.00,29,532.83,293.02,13.29
1,500.00,30,545.34,421.12,17.93
1,500.00,31,616.21,605.34,10.03
1,500.00,32,345.96,551.80,12.58
1,500.00,33,599.23,210.35,7.27
1,500.00,34,427.73,183.44,5.22
1,500.00,35,623.17,811.22,0.00
1,500.00,36,784.93,508.17,8.15
1,500.00,37,384.85,260.38,14.15
1,500.00,38,381.16,768.13,11.91
1,500.00,39,259.86,724.94,10.86
1,500.00,40,313.20,621.68,21.50
1,500.00,41,161.96,284.09,0.00
1,500.00,42,558.25,592.38,14.37
1,500.00,43,521.57,401.87,9.07
1,500.00,44,441.29,318.58,11.49
1,500.00,45,447.63,25.24,0.00
1,500.00,46,741.48,318.15,17.81
1,500.00,47,696.39,209.56,10.77
1,500.00,48,938.87,202.69,18.27
1,500.00,49,281.90,623.28,5.21
1,500.00,50,619.09,506.31,19.18
1,500.00,51,448.59,708.68,24.63
1,500.00,52,564.36,67.62,8.85
1,500.00,53,147.99,696.34,7.80
1,500.00,54,622.54,220.21,11.71
1,500.00,55,424.33,172.75,14.27
1,500.00,56,182.00,965.22,24.11
1,500.00,57,169.41,719.43,14.41
1,500.00,58,294.36,143.42,9.05
1,500.00,59,584.61,339.94,5.84
1,500.00,60,436.08,648.67,10.37
1,500.00,61,304.27,378.65,6.68
1,500.00,62,429.07,180.24,11.89
1,500.00,63,132.14,484.65,0.00
1,500.00,64,461.69,567.65,7.74
1,500.00,65,233.41,125.22,11.53
1,500.00,66,207.22,534.82,7.10
1,500.00,67,107.93,414.36,12.10
1,500.00,68,218.36,753.13,17.06
1,500.00,69,345.80,688.14,8.58
1,500.00,70,145.64,47.05,8.17
1,500.00,71,638.08,131.83,7.35
1,500.00,72,375.20,547.41,19.75
1,500.00,73,577.31,292.97,16.07
1,500.00,74,131.50,996.35,0.00
1,500.00,75,195.14,575.57,6.23
1,500.00,76,191.36,873.60,7.00
1,500.00,77,906.02,945.33,7.62
1,500.00,78,265.87,797.92,0.00
1,500.00,79,551.73,609.04,15.32
1,500.00,80,16.92,780.16,0.00
1,500.00,81,284.73,703.24,0.00
1,500.00,82,636.86,137.56,5.32
1,500.00,83,910.40,173.07,0.00
1,500.00,84,488.25,552.43,8.51
1,500.00,85,309.08,954.40,0.00
1,500.00,86,447.68,223.19,19.14
1,500.00,87,405.92,180.62,13.10
1,500.00,88,628.98,634.06,6.07
1,500.00,89,180.46,368.57,21.68
1,500.00,90,127.50,864.02,16.11
1,500.00,91,272.96,193.68,11.48
1,500.00,92,650.21,248.18,6.43
1,500.00,93,341.67,602.40,10.09
1,500.00,94,945.97,310.20,6.44
1,500.00,95,693.15,215.92,8.24
1,500.00,96,894.42,545.22,0.00
1,500.00,97,245.44,616.19,0.00
1,500.00,98,193.31,666.80,8.08
1,500.00,99,804.67,376.06,11.25
1,500.00,100,517.75,581.75,5.21
1,500.00,101,616.32,537.91,21.87
1,500.00,102,515.12,631.59,7.48
1,500.00,103,881.07,918.16,22.49
1,500.00,104,869.53,805.93,16.23
1,500.00,105,916.79,396.30,14.00
1,500.00,106,742.45,417.22,17.49
1,500.00,107,893.15,494.47,0.00
1,500.00,108,257.98,331.09,6.45
1,500.00,109,438.84,757.62,12.35
1,500.00,110,641.42,488.87,0.00
1,500.00,111,553.57,306.72,13.57
1,500.00,112,847.93,555.35,6.18
1,500.00,113,668.29,248.04,11.82
1,500.00,114,125.59,416.32,9.62
1,500.00,115,255.48,351.92,8.09
1,500.00,116,141.83,342.05,5.43
1,500.00,117,317.88,289.65,10.37
1,500.00,118,48.71,498.70,7.17
1,500.00,119,646.23,805.66,0.00
1,500.00,120,689.58,719.41,0.00
1,500.00,121,438.35,201.16,20.01
1,500.00,122,817.58,233.58,9.54
1,500.00,123,737.11,467.62,6.29
1,500.00,124,260.81,380.93,0.00
1,500.00,125,190.25,211.08,18.19
1,500.00,126,744.45,61.56,0.00
1,500.00,127,658.66,356.17,14.61
1,500.00,128,853.11,730.57,13.94
1,500.00,129,801.84,521.13,5.91
1,500.00,130,618.94,372.27,5.28
1,500.00,131,332.15,527.63,0.00
1,500.00,132,222.73,513.22,5.33
1,500.00,133,840.99,957.85,0.00
1,500.00,134,116.36,641.70,18.84
1,500.00,135,719.84,636.96,8.94
1,500.00,136,557.69,702.03,8.74
1,500.00,137,479.64,197.75,0.00
1,500.00,138,717.09,608.31,22.24
1,500.00,139,785.15,308.83,23.63
1,500.00,140,868.31,252.54,15.66
1,500.00,141,412.65,806.29,16.02
1,500.00,142,763.74,738.17,0.00
1,500.00,143,553.31,563.38,8.02
1,500.00,144,544.40,593.32,8.00
1,500.00,145,914.00,763.29,6.27
1,500.00,146,162.23,889.43,0.00
1,500.00,147,29.87,875.04,10.05
1,500.00,148,223.60,553.74,18.74
1,500.00,149,770.09,376.33,10.32
1,500.00,150,436.91,804.98,16.24
1,500.00,151,241.94,604.11,6.60
1,500.00,152,459.08,79.45,0.00
1,500.00,153,177.60,685.05,14.86
1,500.00,154,678.70,270.12,19.17
1,500.00,155,237.77,554.24,21.71
1,500.00,156,922.85,488.15,0.00
1,500.00,157,129.20,855.56,21.99
1,500.00,158,635.08,257.16,22.89
1,500.00,159,357.29,871.40,22.80
1,500.00,160,704.68,669.52,10.92
1,500.00,161,181.16,655.86,7.50
1,500.00,162,215.76,43.07,0.00
1,500.00,163,331.17,252.23,0.00
1,500.00,164,654.74,900.37,0.00
1,500.00,165,342.50,450.76,6.61
1,500.00,166,491.20,277.74,10.46
1,500.00,167,860.18,398.02,8.91
1,500.00,168,857.15,772.34,0.00
1,500.00,169,730.55,487.83,8.87
1,500.00,170,769.31,591.61,13.98
1,500.00,171,865.91,477.90,12.53
1,500.00,172,710.16,386.08,16.90
1,500.00,173,405.23,734.54,11.25
1,500.00,174,625.03,342.35,18.80
1,500.00,175,98.21,39.96,18.59
1,500.00,176,417.63,587.06,8.64
1,500.00,177,744.17,701.69,9.61
1,500.00,178,214.05,396.11,23.76
1,500.00,179,870.88,469.39,5.84
1,500.00,180,253.48,800.25,10.97
1,500.00,181,405.86,678.28,5.51
1,500.00,182,337.09,327.60,15.28
1,500.00,183,678.11,388.50,7.91
1,500.00,184,484.08,3.91,0.00
1,500.00,185,408.84,338.06,12.29
1,500.00,186,545.11,589.79,19.02
1,500.00,187,721.56,921.67,16.14
1,500.00,188,968.47,828.75,13.36
1,500.00,189,363.82,813.19,21.18
1,500.00,190,86.05,583.01,6.05
1,500.00,191,850.23,272.34,8.43
1,500.00,192,64.16,382.78,9.55
1,500.00,193,72.85,976.16,0.00
1,500.00,194,487.92,128.39,21.54
1,500.00,195,372.95,840.32,0.00
1,500.00,196,662.55,799.53,13.93
1,500.00,197,826.09,568.16,7.20
1,500.00,198,273.11,975.70,0.00
1,500.00,199,556.76,724.12,7.17
1,500.00,200,649.98,945.58,0.00
1,500.00,201,589.81,165.46,14.03
1,500.00,202,276.40,259.95,17.28
1,500.00,203,842.21,571.21,10.43
1,500.00,204,341.63,95.30,8.48
1,500.00,205,532.52,483.41,17.67
1,500.00,206,161.98,284.68,11.86
1,500.00,207,612.71,608.83,22.93
1,500.00,208,378.60,549.84,0.00
1,500.00,209,498.76,909.86,0.00
1,500.00,210,939.41,370.54,5.20
1,500.00,211,610.42,608.66,9.89
1,500.00,212,319.54,536.10,6.21
1,500.00,213,243.34,625.92,13.20
1,500.00,214,519.66,380.74,11.14
1,500.00,215,193.76,466.86,5.99
1,500.00,216,775.29,779.77,13.74
1,500.00,217,499.35,313.42,10.98
1,500.00,218,847.98,954.04,7.18
1,500.00,219,342.37,253.48,5.07
1,500.00,220,722.29,235.57,0.00
1,500.00,221,916.89,694.08,20.50
1,500.00,222,497.81,865.04,24.53
1,500.00,223,208.41,671.84,6.83
1,500.00,224,354.79,452.49,5.39
1,500.00,225,823.65,710.41,15.01
1,500.00,226,124.14,508.43,15.19
1,500.00,227,515.67,144.62,12.93
1,500.00,228,842.76,792.29,0.00
1,500.00,229,380.88,412.21,10.59
1,500.00,230,564.10,324.31,7.77
1,500.00,231,677.75,655.79,13.94
1,500.00,232,413.02,577.35,11.96
1,500.00,233,158.19,768.35,21.69
1,500.00,234,859.51,773.02,0.00
1,500.00,235,213.95,388.12,5.05
1,500.00,236,516.20,295.11,13.79
1,500.00,237,380.65,906.55,0.00
1,500.00,238,712.43,346.94,11.38
1,500.00,239,315.45,640.25,15.35
1,500.00,240,366.88,266.36,5.17
1,500.00,241,504.83,721.36,20.68
1,500.00,242,646.92,594.06,8.52
1,500.00,243,752.15,373.46,8.67
1,500.00,244,267.00,874.14,6.15
1,500.00,245,435.98,330.81,19.95
1,500.00,246,630.44,324.91,10.53
1,500.00,247,830.36,240.03,23.59
1,500.00,248,301.02,432.06,0.00
1,500.00,249,308.70,334.53,0.00
1,500.00,250,536.57,442.30,19.51
1,500.00,251,715.37,558.25,11.73
1,500.00,252,780.82,820.36,8.42
1,500.00,253,812.73,409.07,15.75
1,500.00,254,146.47,529.81,0.00
1,500.00,255,660.52,950.55,23.19
1,500.00,256,193.68,863.21,9.19
1,500.00,257,183.27,308.37,7.69
1,500.00,258,439.82,516.94,5.03
1,500.00,259,633.13,109.67,6.36
1,500.00,260,614.48,495.26,5.77
1,500.00,261,483.58,62.41,13.64
1,500.00,262,728.71,619.64,0.00
1,500.00,263,243.94,285.81,9.67
1,500.00,264,93.34,729.29,19.47
1,500.00,265,867.21,316.73,0.00
1,500.00,266,820.17,444.33,14.39
1,500.00,267,699.85,975.42,0.00
1,500.00,268,414.89,576.56,14.65
1,500.00,269,204.05,394.35,6.67
1,500.00,270,676.18,149.83,0.00
1,500.00,271,427.20,609.13,5.39
1,500.00,272,921.87,153.08,0.00
1,500.00,273,578.14,926.66,0.00
1,500.00,274,198.74,122.80,0.00
1,500.00,275,792.31,266.80,0.00
1,500.00,276,997.84,693.52,0.00
1,500.00,277,690.90,123.71,14.30
1,500.00,278,161.33,788.74,18.41
1,500.00,279,349.80,774.92,14.17
1,500.00,280,569.97,486.27,0.00
1,500.00,281,715.97,609.51,10.69
1,500.00,282,215.37,796.86,19.32
1,500.00,283,264.08,622.76,6.93
1,500.00,284,445.89,618.36,24.54
1,500.00,285,621.63,142.40,12.63
1,500.00,286,419.75,107.52,17.00
1,500.00,287,670.86,461.62,7.52
1,500.00,288,545.63,418.97,7.24
1,500.00,289,107.47,361.57,14.90
1,500.00,290,293.72,206.87,0.00
1,500.00,291,239.08,651.87,12.88
1,500.00,292,312.88,542.96,8.61
1,500.00,293,698.96,223.84,5.90
1,500.00,294,314.43,407.98,5.78
1,500.00,295,700.98,362.17,8.29
1,500.00,296,464.69,116.29,7.32
1,500.00,297,130.96,499.13,9.19
1,500.00,298,431.17,497.91,7.67
1,500.00,299,320.56,422.15,8.58
1,500.00,300,331.12,314.29,11.00
1,500.00,301,126.28,787.91,15.67
1,500.00,302,545.55,490.15,8.85
1,500.00,303,575.71,821.36,18.45
1,500.00,304,545.95,578.61,10.24
1,500.00,305,522.89,788.49,5.77
1,500.00,306,129.34,727.36,7.32
1,500.00,307,90.75,240.77,19.19
1,500.00,308,809.47,78.14,14.50
1,500.00,309,993.44,824.31,0.00
1,500.00,310,799.00,205.73,0.00
1,500.00,311,659.39,616.39,16.27
1,500.00,312,702.03,449.64,15.95
1,500.00,313,954.15,862.94,0.00
1,500.00,314,827.30,288.92,15.19
1,500.00,315,203.29,175.30,6.85
1,500.00,316,533.90,477.40,0.00
1,500.00,317,730.29,620.56,0.00
1,500.00,318,655.07,672.35,5.99
1,500.00,319,757.85,873.73,11.77
1,500.00,320,861.48,323.01,13.00
1,500.00,321,261.92,315.50,5.32
1,500.00,322,459.85,436.71,24.74
1,500.00,323,391.23,208.30,15.89
1,500.00,324,419.46,15.09,7.69
1,500.00,325,231.20,328.66,8.24
1,500.00,326,997.40,140.91,0.00
1,500.00,327,156.57,864.67,11.51
1,500.00,328,364.21,432.55,13.19
1,500.00,329,271.43,621.21,0.00
1,500.00,330,574.67,673.95,7.80
1,500.00,331,303.91,317.71,8.68
1,500.00,332,429.82,434.67,10.08
1,500.00,333,46.60,677.73,15.67
1,500.00,334,587.48,760.18,10.32
1,500.00,335,604.58,694.45,6.42
1,500.00,336,545.95,465.49,12.55
1,500.00,337,51.41,40.46,0.00
1,500.00,338,722.51,599.68,10.39
1,500.00,339,336.21,741.61,9.91
1,500.00,340,302.77,598.99,17.01
1,500.00,341,833.80,924.29,12.98
1,500.00,342,524.38,658.39,5.06
1,500.00,343,968.45,17.70,9.16
1,500.00,344,878.10,258.26,5.52
1,500.00,345,434.73,673.48,13.79
1,500.00,346,127.97,363.56,9.22
1,500.00,347,530.85,295.35,22.54
1,500.00,348,113.62,544.89,0.00
1,500.00,349,205.92,227.63,11.02
1,500.00,350,245.16,765.49,22.13
1,500.00,351,343.02,364.99,7.12
1,500.00,352,481.91,580.21,13.56
1,500.00,353,765.05,252.52,6.21
1,500.00,354,500.52,585.93,6.91
1,500.00,355,563.54,447.88,8.13
1,500.00,356,595.54,448.48,16.83
1,500.00,357,856.90,367.42,6.23
1,500.00,358,759.63,584.93,17.18
1,500.00,359,864.22,208.64,16.45
1,500.00,360,288.59,79.74,15.06
1,500.00,361,622.11,447.22,6.09
1,500.00,362,565.62,585.56,7.28
1,500.00,363,154.19,515.80,21.42
1,500.00,364,590.67,673.73,0.00
1,500.00,365,559.40,674.96,7.29
1,500.00,366,986.74,179.70,7.76
1,500.00,367,299.34,623.63,9.40
1,500.00,368,391.67,102.08,5.82
1,500.00,369,538.21,596.58,16.98
1,500.00,370,354.10,585.43,6.30
1,500.00,371,768.08,111.90,11.78
1,500.00,372,426.14,743.72,7.49
1,500.00,373,253.39,52.67,5.26
1,500.00,374,221.81,848.74,13.84
1,500.00,375,494.99,571.30,8.57
1,500.00,376,715.38,694.27,13.31
1,500.00,377,881.29,787.08,10.08
1,500.00,378,576.23,518.60,12.62
1,500.00,379,718.21,835.13,15.45
1,500.00,380,417.74,346.74,7.61
1,500.00,381,774.50,756.21,11.05
1,500.00,382,443.19,664.70,22.43
1,500.00,383,573.38,269.98,5.84
1,500.00,384,763.46,206.75,17.51
1,500.00,385,607.47,256.72,10.59
1,500.00,386,577.10,98.35,22.61
1,500.00,387,943.55,709.93,0.00
1,500.00,388,314.93,313.07,0.00
1,500.00,389,734.41,310.28,22.24
1,500.00,390,185.22,200.43,0.00
1,500.00,391,383.00,690.39,11.79
1,500.00,392,493.66,511.51,12.20
1,500.00,393,716.46,580.88,13.37
1,500.00,394,428.56,969.21,0.00
1,500.00,395,906.81,735.86,0.00
1,500.00,396,478.68,387.65,10.45
1,500.00,397,454.07,831.41,7.87
1,500.00,398,747.95,202.59,7.35
1,500.00,399,590.73,419.14,7.92
