run,time,node_id,x,y,speed
1,0.00,0,389.63,402.33,0.00
1,0.00,1,296.83,120.89,0.00
1,0.00,2,136.79,804.81,0.00
1,0.00,3,824.83,348.13,0.00
1,0.00,4,89.69,970.62,0.00
1,0.00,5,110.31,417.88,0.00
1,0.00,6,554.37,141.70,0.00
1,0.00,7,686.29,984.46,0.00
1,0.00,8,321.28,914.53,0.00
1,0.00,9,503.29,801.51,0.00
1,0.00,10,660.79,619.12,0.00
1,0.00,11,724.58,56.88,0.00
1,0.00,12,636.04,484.67,0.00
1,0.00,13,915.59,487.57,0.00
1,0.00,14,279.46,715.07,0.00
1,0.00,15,672.96,657.27,0.00
1,0.00,16,114.19,854.42,0.00
1,0.00,17,622.17,407.39,0.00
1,0.00,18,673.17,228.25,0.00
1,0.00,19,74.20,299.73,0.00
1,0.00,20,813.54,192.31,0.00
1,0.00,21,936.02,265.84,0.00
1,0.00,22,704.33,497.26,0.00
1,0.00,23,948.23,588.11,0.00
1,0.00,24,537.32,641.50,0.00
1,0.00,25,27.53,880.95,0.00
1,0.00,26,578.16,355.26,0.00
1,0.00,27,485.92,861.07,0.00
1,0.00,28,812.17,813.71,0.00
1,0.00,29,934.51,459.85,0.00
1,0.00,30,476.82,239.80,0.00
1,0.00,31,252.71,224.06,0.00
1,0.00,32,282.54,960.85,0.00
1,0.00,33,362.01,392.23,0.00
1,0.00,34,81.56,422.21,0.00
1,0.00,35,226.16,988.90,0.00
1,0.00,36,19.09,351.64,0.00
1,0.00,37,990.98,257.18,0.00
1,0.00,38,612.04,444.53,0.00
1,0.00,39,352.78,360.04,0.00
1,0.00,40,748.31,597.63,0.00
1,0.00,41,847.92,949.39,0.00
1,0.00,42,90.22,866.76,0.00
1,0.00,43,377.33,9.72,0.00
1,0.00,44,586.67,428.39,0.00
1,0.00,45,3.85,152.04,0.00
1,0.00,46,416.21,551.45,0.00
1,0.00,47,90.46,994.59,0.00
1,0.00,48,65.65,283.95,0.00
1,0.00,49,950.85,874.35,0.00
1,0.00,50,856.88,253.67,0.00
1,0.00,51,935.99,414.61,0.00
1,0.00,52,397.23,419.62,0.00
1,0.00,53,898.54,962.76,0.00
1,0.00,54,560.79,703.32,0.00
1,0.00,55,466.37,633.56,0.00
1,0.00,56,429.65,108.56,0.00
1,0.00,57,394.66,718.95,0.00
1,0.00,58,965.22,29.46,0.00
1,0.00,59,201.18,718.68,0.00
1,0.00,60,61.41,539.48,0.00
1,0.00,61,856.92,573.59,0.00
1,0.00,62,727.80,842.99,0.00
1,0.00,63,83.57,754.43,0.00
1,0.00,64,844.00,22.78,0.00
1,0.00,65,660.48,298.65,0.00
1,0.00,66,299.10,181.06,0.00
1,0.00,67,42.72,360.77,0.00
1,0.00,68,721.80,441.56,0.00
1,0.00,69,844.61,730.39,0.00
1,0.00,70,841.03,107.42,0.00
1,0.00,71,529.81,949.88,0.00
1,0.00,72,827.82,762.83,0.00
1,0.00,73,708.32,194.35,0.00
1,0.00,74,150.56,617.00,0.00
1,0.00,75,488.83,317.25,0.00
1,0.00,76,435.89,859.16,0.00
1,0.00,77,869.09,25.14,0.00
1,0.00,78,833.42,398.21,0.00
1,0.00,79,555.08,781.81,0.00
1,0.00,80,723.45,759.59,0.00
1,0.00,81,143.32,268.21,0.00
1,0.00,82,857.30,305.29,0.00
1,0.00,83,287.77,402.57,0.00
1,0.00,84,863.51,177.56,0.00
1,0.00,85,152.06,119.54,0.00
1,0.00,86,581.12,188.48,0.00
1,0.00,87,475.75,302.32,0.00
1,0.00,88,68.10,515.96,0.00
1,0.00,89,588.16,358.23,0.00
1,0.00,90,118.37,874.31,0.00
1,0.00,91,578.21,137.85,0.00
1,0.00,92,246.27,870.63,0.00
1,0.00,93,216.04,551.50,0.00
1,0.00,94,684.73,259.25,0.00
1,0.00,95,864.55,852.70,0.00
1,0.00,96,536.77,787.45,0.00
1,0.00,97,468.22,562.20,0.00
1,0.00,98,465.77,0.57,0.00
1,0.00,99,451.16,787.01,0.00
1,0.00,100,71.05,429.77,0.00
1,0.00,101,622.81,377.77,0.00
1,0.00,102,66.28,614.13,0.00
1,0.00,103,9.65,779.01,0.00
1,0.00,104,943.00,240.74,0.00
1,0.00,105,582.12,826.58,0.00
1,0.00,106,112.12,794.98,0.00
1,0.00,107,763.70,101.61,0.00
1,0.00,108,207.38,478.99,0.00
1,0.00,109,478.13,959.37,0.00
1,0.00,110,588.36,122.84,0.00
1,0.00,111,144.05,764.87,0.00
1,0.00,112,84.72,586.08,0.00
1,0.00,113,415.90,524.21,0.00
1,0.00,114,430.81,767.82,0.00
1,0.00,115,391.88,13.09,0.00
1,0.00,116,998.85,37.96,0.00
1,0.00,117,825.20,453.20,0.00
1,0.00,118,543.93,540.90,0.00
1,0.00,119,209.82,245.59,0.00
1,0.00,120,748.81,697.54,0.00
1,0.00,121,178.45,20.86,0.00
1,0.00,122,351.24,176.61,0.00
1,0.00,123,655.20,572.84,0.00
1,0.00,124,792.03,669.26,0.00
1,0.00,125,414.37,436.61,0.00
1,0.00,126,646.36,727.77,0.00
1,0.00,127,735.99,224.37,0.00
1,0.00,128,170.69,619.66,0.00
1,0.00,129,352.86,637.31,0.00
1,0.00,130,705.23,91.68,0.00
1,0.00,131,3.29,654.49,0.00
1,0.00,132,331.77,634.05,0.00
1,0.00,133,324.06,401.58,0.00
1,0.00,134,887.29,25.22,0.00
1,0.00,135,515.64,997.15,0.00
1,0.00,136,917.32,172.48,0.00
1,0.00,137,568.18,114.58,0.00
1,0.00,138,510.03,541.28,0.00
1,0.00,139,274.63,836.07,0.00
1,0.00,140,571.58,713.68,0.00
1,0.00,141,130.98,634.04,0.00
1,0.00,142,691.73,867.77,0.00
1,0.00,143,808.95,582.46,0.00
1,0.00,144,876.37,247.06,0.00
1,0.00,145,562.44,554.16,0.00
1,0.00,146,692.93,803.25,0.00
1,0.00,147,461.45,181.77,0.00
1,0.00,148,747.98,592.47,0.00
1,0.00,149,52.88,678.22,0.00
1,0.00,150,211.49,874.11,0.00
1,0.00,151,304.44,597.32,0.00
1,0.00,152,25.14,17.89,0.00
1,0.00,153,621.66,731.92,0.00
1,0.00,154,205.96,363.66,0.00
1,0.00,155,6.23,533.67,0.00
1,0.00,156,706.17,957.61,0.00
1,0.00,157,989.45,970.54,0.00
1,0.00,158,989.87,579.02,0.00
1,0.00,159,234.54,555.44,0.00
1,0.00,160,264.14,343.07,0.00
1,0.00,161,969.59,67.62,0.00
1,0.00,162,257.83,744.40,0.00
1,0.00,163,997.75,918.64,0.00
1,0.00,164,630.98,235.18,0.00
1,0.00,165,17.61,972.86,0.00
1,0.00,166,842.87,580.63,0.00
1,0.00,167,790.51,394.26,0.00
1,0.00,168,188.56,598.57,0.00
1,0.00,169,896.47,980.57,0.00
1,0.00,170,904.07,97.76,0.00
1,0.00,171,37.36,530.39,0.00
1,0.00,172,588.00,178.89,0.00
1,0.00,173,304.09,337.37,0.00
1,0.00,174,453.97,519.09,0.00
1,0.00,175,785.27,9.78,0.00
1,0.00,176,235.39,107.48,0.00
1,0.00,177,65.35,84.62,0.00
1,0.00,178,902.35,840.92,0.00
1,0.00,179,803.33,148.25,0.00
1,0.00,180,691.01,114.21,0.00
1,0.00,181,546.78,196.68,0.00
1,0.00,182,882.38,643.35,0.00
1,0.00,183,991.02,548.15,0.00
1,0.00,184,649.71,139.62,0.00
1,0.00,185,358.18,791.43,0.00
1,0.00,186,174.08,822.33,0.00
1,0.00,187,876.21,750.15,0.00
1,0.00,188,572.49,394.90,0.00
1,0.00,189,871.56,315.94,0.00
1,0.00,190,759.03,253.91,0.00
1,0.00,191,889.17,884.89,0.00
1,0.00,192,159.14,848.98,0.00
1,0.00,193,557.56,65.58,0.00
1,0.00,194,467.79,535.04,0.00
1,0.00,195,212.63,188.43,0.00
1,0.00,196,826.50,571.12,0.00
1,0.00,197,968.55,389.05,0.00
1,0.00,198,370.30,60.74,0.00
1,0.00,199,382.98,740.64,0.00
1,10.00,0,389.63,402.33,9.84
1,10.00,1,296.83,120.89,12.46
1,10.00,2,136.79,804.81,6.43
1,10.00,3,824.83,348.13,24.31
1,10.00,4,89.69,970.62,24.03
1,10.00,5,110.31,417.88,18.59
1,10.00,6,554.37,141.70,7.64
1,10.00,7,686.29,984.46,24.14
1,10.00,8,321.28,914.53,11.78
1,10.00,9,503.29,801.51,19.18
1,10.00,10,660.79,619.12,12.24
1,10.00,11,724.58,56.88,17.90
1,10.00,12,636.04,484.67,9.56
1,10.00,13,915.59,487.57,10.27
1,10.00,14,279.46,715.07,9.59
1,10.00,15,672.96,657.27,13.97
1,10.00,16,114.19,854.42,14.99
1,10.00,17,622.17,407.39,22.09
1,10.00,18,673.17,228.25,9.19
1,10.00,19,74.20,299.73,9.98
1,10.00,20,813.54,192.31,13.79
1,10.00,21,936.02,265.84,8.20
1,10.00,22,704.33,497.26,7.54
1,10.00,23,948.23,588.11,21.42
1,10.00,24,537.32,641.50,11.38
1,10.00,25,27.53,880.95,20.59
1,10.00,26,578.16,355.26,17.04
1,10.00,27,485.92,861.07,18.47
1,10.00,28,812.17,813.71,5.42
1,10.00,29,934.51,459.85,20.41
1,10.00,30,476.82,239.80,8.79
1,10.00,31,252.71,224.06,6.11
1,10.00,32,282.54,960.85,13.71
1,10.00,33,362.01,392.23,6.69
1,10.00,34,81.56,422.21,13.93
1,10.00,35,226.16,988.90,7.38
1,10.00,36,19.09,351.64,5.58
1,10.00,37,990.98,257.18,22.90
1,10.00,38,612.04,444.53,11.68
1,10.00,39,352.78,360.04,16.69
1,10.00,40,748.31,597.63,5.75
1,10.00,41,847.92,949.39,22.71
1,10.00,42,90.22,866.76,13.62
1,10.00,43,377.33,9.72,24.12
1,10.00,44,586.67,428.39,20.01
1,10.00,45,3.85,152.04,22.61
1,10.00,46,416.21,551.45,14.88
1,10.00,47,90.46,994.59,22.28
1,10.00,48,65.65,283.95,19.77
1,10.00,49,950.85,874.35,11.70
1,10.00,50,856.88,253.67,22.94
1,10.00,51,935.99,414.61,17.30
1,10.00,52,397.23,419.62,15.45
1,10.00,53,898.54,962.76,17.09
1,10.00,54,560.79,703.32,12.42
1,10.00,55,466.37,633.56,20.41
1,10.00,56,429.65,108.56,8.41
1,10.00,57,394.66,718.95,11.29
1,10.00,58,965.22,29.46,16.85
1,10.00,59,201.18,718.68,8.04
1,10.00,60,61.41,539.48,24.14
1,10.00,61,856.92,573.59,8.85
1,10.00,62,727.80,842.99,6.18
1,10.00,63,83.57,754.43,16.53
1,10.00,64,844.00,22.78,5.50
1,10.00,65,660.48,298.65,24.34
1,10.00,66,299.10,181.06,22.57
1,10.00,67,42.72,360.77,19.24
1,10.00,68,721.80,441.56,10.94
1,10.00,69,844.61,730.39,24.78
1,10.00,70,841.03,107.42,17.14
1,10.00,71,529.81,949.88,23.93
1,10.00,72,827.82,762.83,5.17
1,10.00,73,708.32,194.35,8.08
1,10.00,74,150.56,617.00,9.12
1,10.00,75,488.83,317.25,9.74
1,10.00,76,435.89,859.16,18.00
1,10.00,77,869.09,25.14,21.19
1,10.00,78,833.42,398.21,9.67
1,10.00,79,555.08,781.81,14.53
1,10.00,80,723.45,759.59,8.82
1,10.00,81,143.32,268.21,13.26
1,10.00,82,857.30,305.29,6.05
1,10.00,83,287.77,402.57,5.28
1,10.00,84,863.51,177.56,5.50
1,10.00,85,152.06,119.54,10.46
1,10.00,86,581.12,188.48,10.86
1,10.00,87,475.75,302.32,13.87
1,10.00,88,68.10,515.96,5.06
1,10.00,89,588.16,358.23,18.81
1,10.00,90,118.37,874.31,23.17
1,10.00,91,578.21,137.85,10.40
1,10.00,92,246.27,870.63,9.75
1,10.00,93,216.04,551.50,14.82
1,10.00,94,684.73,259.25,13.88
1,10.00,95,864.55,852.70,20.93
1,10.00,96,536.77,787.45,13.05
1,10.00,97,468.22,562.20,10.47
1,10.00,98,465.77,0.57,20.69
1,10.00,99,451.16,787.01,12.05
1,10.00,100,71.05,429.77,22.47
1,10.00,101,622.81,377.77,12.36
1,10.00,102,66.28,614.13,5.40
1,10.00,103,9.65,779.01,9.88
1,10.00,104,943.00,240.74,18.15
1,10.00,105,582.12,826.58,12.61
1,10.00,106,112.12,794.98,6.71
1,10.00,107,763.70,101.61,7.96
1,10.00,108,207.38,478.99,5.23
1,10.00,109,478.13,959.37,8.40
1,10.00,110,588.36,122.84,16.92
1,10.00,111,144.05,764.87,15.23
1,10.00,112,84.72,586.08,13.31
1,10.00,113,415.90,524.21,23.34
1,10.00,114,430.81,767.82,18.90
1,10.00,115,391.88,13.09,24.07
1,10.00,116,998.85,37.96,15.96
1,10.00,117,825.20,453.20,17.05
1,10.00,118,543.93,540.90,12.48
1,10.00,119,209.82,245.59,21.15
1,10.00,120,748.81,697.54,5.54
1,10.00,121,178.45,20.86,8.88
1,10.00,122,351.24,176.61,10.78
1,10.00,123,655.20,572.84,16.22
1,10.00,124,792.03,669.26,6.37
1,10.00,125,414.37,436.61,7.46
1,10.00,126,646.36,727.77,14.79
1,10.00,127,735.99,224.37,15.67
1,10.00,128,170.69,619.66,13.70
1,10.00,129,352.86,637.31,10.97
1,10.00,130,705.23,91.68,13.05
1,10.00,131,3.29,654.49,11.74
1,10.00,132,331.77,634.05,13.58
1,10.00,133,324.06,401.58,11.00
1,10.00,134,887.29,25.22,8.69
1,10.00,135,515.64,997.15,5.74
1,10.00,136,917.32,172.48,19.43
1,10.00,137,568.18,114.58,8.93
1,10.00,138,510.03,541.28,19.27
1,10.00,139,274.63,836.07,8.09
1,10.00,140,571.58,713.68,23.30
1,10.00,141,130.98,634.04,6.86
1,10.00,142,691.73,867.77,5.64
1,10.00,143,808.95,582.46,20.01
1,10.00,144,876.37,247.06,16.92
1,10.00,145,562.44,554.16,15.35
1,10.00,146,692.93,803.25,14.43
1,10.00,147,461.45,181.77,15.63
1,10.00,148,747.98,592.47,21.49
1,10.00,149,52.88,678.22,19.54
1,10.00,150,211.49,874.11,13.51
1,10.00,151,304.44,597.32,20.13
1,10.00,152,25.14,17.89,13.45
1,10.00,153,621.66,731.92,18.71
1,10.00,154,205.96,363.66,15.30
1,10.00,155,6.23,533.67,16.32
1,10.00,156,706.17,957.61,11.87
1,10.00,157,989.45,970.54,6.44
1,10.00,158,989.87,579.02,22.37
1,10.00,159,234.54,555.44,13.82
1,10.00,160,264.14,343.07,12.55
1,10.00,161,969.59,67.62,10.15
1,10.00,162,257.83,744.40,9.88
1,10.00,163,997.75,918.64,12.30
1,10.00,164,630.98,235.18,18.99
1,10.00,165,17.61,972.86,8.02
1,10.00,166,842.87,580.63,8.38
1,10.00,167,790.51,394.26,14.77
1,10.00,168,188.56,598.57,14.42
1,10.00,169,896.47,980.57,19.15
1,10.00,170,904.07,97.76,16.62
1,10.00,171,37.36,530.39,23.34
1,10.00,172,588.00,178.89,6.58
1,10.00,173,304.09,337.37,11.23
1,10.00,174,453.97,519.09,24.66
1,10.00,175,785.27,9.78,7.25
1,10.00,176,235.39,107.48,13.62
1,10.00,177,65.35,84.62,23.30
1,10.00,178,902.35,840.92,13.53
1,10.00,179,803.33,148.25,21.34
1,10.00,180,691.01,114.21,24.43
1,10.00,181,546.78,196.68,18.33
1,10.00,182,882.38,643.35,18.39
1,10.00,183,991.02,548.15,12.39
1,10.00,184,649.71,139.62,12.84
1,10.00,185,358.18,791.43,20.66
1,10.00,186,174.08,822.33,16.35
1,10.00,187,876.21,750.15,20.90
1,10.00,188,572.49,394.90,21.80
1,10.00,189,871.56,315.94,6.50
1,10.00,190,759.03,253.91,7.74
1,10.00,191,889.17,884.89,13.84
1,10.00,192,159.14,848.98,12.43
1,10.00,193,557.56,65.58,14.07
1,10.00,194,467.79,535.04,6.74
1,10.00,195,212.63,188.43,6.12
1,10.00,196,826.50,571.12,9.13
1,10.00,197,968.55,389.05,5.16
1,10.00,198,370.30,60.74,19.00
1,10.00,199,382.98,740.64,23.09
1,20.00,0,354.55,494.26,9.84
1,20.00,1,322.60,242.81,12.46
1,20.00,2,148.45,741.60,6.43
1,20.00,3,734.96,422.94,0.00
1,20.00,4,329.41,954.57,24.03
1,20.00,5,253.26,536.74,18.59
1,20.00,6,607.69,196.43,7.64
1,20.00,7,464.26,889.60,24.14
1,20.00,8,384.80,815.33,11.78
1,20.00,9,381.42,653.46,19.18
1,20.00,10,782.23,634.59,12.24
1,20.00,11,722.57,235.82,17.90
1,20.00,12,687.60,565.19,9.56
1,20.00,13,813.09,493.17,10.27
1,20.00,14,371.66,741.45,9.59
1,20.00,15,551.06,589.03,13.97
1,20.00,16,216.41,744.77,14.99
1,20.00,17,609.75,627.95,22.09
1,20.00,18,589.96,267.18,9.19
1,20.00,19,156.60,356.01,9.98
1,20.00,20,675.61,193.90,13.79
1,20.00,21,857.13,288.16,8.20
1,20.00,22,694.32,571.96,7.54
1,20.00,23,754.37,497.00,21.42
1,20.00,24,502.98,533.04,11.38
1,20.00,25,213.59,792.88,20.59
1,20.00,26,617.00,521.22,17.04
1,20.00,27,626.73,741.61,18.47
1,20.00,28,762.52,792.07,5.42
1,20.00,29,730.90,446.04,20.41
1,20.00,30,529.65,310.11,8.79
1,20.00,31,254.77,163.00,6.11
1,20.00,32,402.13,893.87,13.71
1,20.00,33,354.90,458.73,6.69
1,20.00,34,215.01,382.24,13.93
1,20.00,35,199.81,919.92,7.38
1,20.00,36,32.44,405.80,5.58
1,20.00,37,768.42,203.22,22.90
1,20.00,38,504.33,399.27,11.68
1,20.00,39,496.47,444.86,16.69
1,20.00,40,697.98,569.73,5.75
1,20.00,41,873.78,723.74,22.71
1,20.00,42,169.23,755.86,13.62
1,20.00,43,542.53,185.45,24.12
1,20.00,44,454.61,578.72,20.01
1,20.00,45,186.05,285.94,22.61
1,20.00,46,531.84,457.76,14.88
1,20.00,47,200.26,800.71,22.28
1,20.00,48,221.02,161.64,19.77
1,20.00,49,834.21,883.22,11.70
1,20.00,50,628.13,236.00,22.94
1,20.00,51,844.04,561.13,17.30
1,20.00,52,251.63,471.25,15.45
1,20.00,53,814.32,814.02,17.09
1,20.00,54,469.27,619.39,12.42
1,20.00,55,594.23,474.52,20.41
1,20.00,56,478.99,176.61,8.41
1,20.00,57,497.20,671.76,11.29
1,20.00,58,819.08,113.24,16.85
1,20.00,59,217.48,639.93,8.04
1,20.00,60,300.61,572.06,24.14
1,20.00,61,771.95,598.19,8.85
1,20.00,62,741.82,782.82,6.18
1,20.00,63,248.60,764.67,16.53
1,20.00,64,823.56,73.80,5.50
1,20.00,65,486.35,468.71,24.34
1,20.00,66,452.92,196.57,0.00
1,20.00,67,235.05,358.40,19.24
1,20.00,68,613.66,458.36,10.94
1,20.00,69,598.69,760.87,24.78
1,20.00,70,684.81,177.96,17.14
1,20.00,71,730.58,998.70,0.00
1,20.00,72,776.22,760.06,5.17
1,20.00,73,693.98,273.86,8.08
1,20.00,74,174.43,529.01,9.12
1,20.00,75,410.88,258.77,9.74
1,20.00,76,533.80,708.07,18.00
1,20.00,77,847.77,236.00,21.19
1,20.00,78,746.38,356.13,9.67
1,20.00,79,687.06,721.04,14.53
1,20.00,80,659.89,698.48,8.82
1,20.00,81,262.07,327.16,13.26
1,20.00,82,870.58,364.30,6.05
1,20.00,83,276.76,454.21,5.28
1,20.00,84,846.16,125.37,5.50
1,20.00,85,123.86,220.25,10.46
1,20.00,86,573.36,296.78,10.86
1,20.00,87,613.58,318.15,13.87
1,20.00,88,114.26,536.59,5.06
1,20.00,89,456.49,492.62,18.81
1,20.00,90,107.82,642.83,23.17
1,20.00,91,656.41,206.49,10.40
1,20.00,92,278.32,778.55,9.75
1,20.00,93,357.25,596.55,14.82
1,20.00,94,566.85,332.53,13.88
1,20.00,95,949.82,661.53,20.93
1,20.00,96,667.08,781.02,13.05
1,20.00,97,516.55,469.32,10.47
1,20.00,98,523.25,199.27,20.69
1,20.00,99,545.93,712.52,12.05
1,20.00,100,277.66,341.34,22.47
1,20.00,101,521.45,307.03,12.36
1,20.00,102,115.76,635.65,5.40
1,20.00,103,108.42,777.17,9.88
1,20.00,104,868.85,110.44,0.00
1,20.00,105,458.36,850.75,12.61
1,20.00,106,176.89,777.28,6.71
1,20.00,107,692.15,136.55,7.96
1,20.00,108,198.41,427.47,5.23
1,20.00,109,469.38,875.81,8.40
1,20.00,110,430.94,184.92,16.92
1,20.00,111,179.09,616.68,15.23
1,20.00,112,212.76,549.67,13.31
1,20.00,113,589.80,679.85,23.34
1,20.00,114,292.18,639.31,18.90
1,20.00,115,602.54,129.53,24.07
1,20.00,116,918.36,175.81,15.96
1,20.00,117,745.41,603.84,17.05
1,20.00,118,490.87,427.91,12.48
1,20.00,119,180.40,455.02,21.15
1,20.00,120,712.47,655.70,5.54
1,20.00,121,162.69,108.21,8.88
1,20.00,122,431.28,248.87,10.78
1,20.00,123,787.48,666.65,16.22
1,20.00,124,754.32,617.93,6.37
1,20.00,125,420.76,362.24,7.46
1,20.00,126,652.10,579.98,14.79
1,20.00,127,586.52,177.45,15.67
1,20.00,128,172.54,756.62,13.70
1,20.00,129,461.93,648.87,10.97
1,20.00,130,614.53,185.45,13.05
1,20.00,131,120.17,643.62,11.74
1,20.00,132,232.01,690.12,0.00
1,20.00,133,400.88,480.32,11.00
1,20.00,134,914.82,107.64,8.69
1,20.00,135,506.90,957.75,0.00
1,20.00,136,766.08,294.40,19.43
1,20.00,137,516.14,187.18,8.93
1,20.00,138,648.96,407.79,19.27
1,20.00,139,346.01,874.20,8.09
1,20.00,140,431.40,527.61,23.30
1,20.00,141,199.24,627.45,6.86
1,20.00,142,663.78,818.79,5.64
1,20.00,143,609.01,575.50,20.01
1,20.00,144,737.43,343.59,16.92
1,20.00,145,544.98,401.64,15.35
1,20.00,146,618.28,679.82,14.43
1,20.00,147,346.69,287.89,15.63
1,20.00,148,533.08,592.83,21.49
1,20.00,149,84.98,870.98,19.54
1,20.00,150,321.71,796.01,13.51
1,20.00,151,243.62,405.39,20.13
1,20.00,152,145.43,78.05,13.45
1,20.00,153,677.14,553.22,18.71
1,20.00,154,313.10,472.92,15.30
1,20.00,155,64.53,686.05,16.32
1,20.00,156,667.66,995.73,0.00
1,20.00,157,929.86,946.02,6.44
1,20.00,158,857.73,759.49,22.37
1,20.00,159,359.50,614.41,13.82
1,20.00,160,374.81,283.87,12.55
1,20.00,161,938.80,164.36,10.15
1,20.00,162,350.37,779.17,9.88
1,20.00,163,910.06,832.44,12.30
1,20.00,164,745.85,386.43,18.99
1,20.00,165,60.14,904.83,8.02
1,20.00,166,788.01,517.26,8.38
1,20.00,167,827.46,251.30,14.77
1,20.00,168,325.80,554.18,14.42
1,20.00,169,841.88,797.07,19.15
1,20.00,170,756.58,174.41,16.62
1,20.00,171,92.36,303.57,23.34
1,20.00,172,577.25,243.85,6.58
1,20.00,173,413.14,364.35,11.23
1,20.00,174,466.60,620.05,0.00
1,20.00,175,713.30,18.16,7.25
1,20.00,176,330.36,179.29,0.00
1,20.00,177,252.55,223.31,23.30
1,20.00,178,772.86,880.09,13.53
1,20.00,179,590.30,160.86,21.34
1,20.00,180,565.72,323.91,24.43
1,20.00,181,465.17,33.12,0.00
1,20.00,182,748.86,516.91,18.39
1,20.00,183,942.49,434.16,12.39
1,20.00,184,688.25,262.11,12.84
1,20.00,185,518.59,793.28,0.00
1,20.00,186,320.29,749.21,16.35
1,20.00,187,801.87,554.77,20.90
1,20.00,188,598.37,611.36,21.80
1,20.00,189,836.53,370.69,6.50
1,20.00,190,726.06,323.95,7.74
1,20.00,191,751.89,902.21,13.84
1,20.00,192,255.41,770.30,12.43
1,20.00,193,468.10,71.28,0.00
1,20.00,194,418.32,580.89,6.74
1,20.00,195,258.84,228.61,6.12
1,20.00,196,738.12,548.23,9.13
1,20.00,197,918.18,377.82,5.16
1,20.00,198,483.16,213.64,19.00
1,20.00,199,611.74,771.92,23.09
1,30.00,0,319.47,586.19,9.84
1,30.00,1,348.37,364.73,12.46
1,30.00,2,160.11,678.38,6.43
1,30.00,3,759.34,409.40,5.37
1,30.00,4,569.13,938.53,24.03
1,30.00,5,396.21,655.59,18.59
1,30.00,6,661.01,251.15,7.64
1,30.00,7,242.24,794.73,24.14
1,30.00,8,448.33,716.12,11.78
1,30.00,9,259.56,505.42,19.18
1,30.00,10,818.92,639.26,0.00
1,30.00,11,720.57,414.76,17.90
1,30.00,12,739.17,645.72,9.56
1,30.00,13,710.58,498.78,10.27
1,30.00,14,463.87,767.83,9.59
1,30.00,15,487.40,553.40,0.00
1,30.00,16,318.63,635.11,14.99
1,30.00,17,599.14,816.19,0.00
1,30.00,18,506.75,306.11,9.19
1,30.00,19,239.01,412.29,9.98
1,30.00,20,606.89,194.69,0.00
1,30.00,21,778.25,310.48,8.20
1,30.00,22,684.32,646.66,7.54
1,30.00,23,681.21,462.62,0.00
1,30.00,24,468.64,424.58,11.38
1,30.00,25,399.65,704.81,20.59
1,30.00,26,655.84,687.19,17.04
1,30.00,27,767.55,622.16,18.47
1,30.00,28,712.87,770.43,5.42
1,30.00,29,527.28,432.23,20.41
1,30.00,30,582.48,380.41,8.79
1,30.00,31,255.63,137.63,0.00
1,30.00,32,521.72,826.89,13.71
1,30.00,33,347.80,525.23,6.69
1,30.00,34,348.47,342.26,13.93
1,30.00,35,173.46,850.94,7.38
1,30.00,36,45.79,459.96,5.58
1,30.00,37,545.85,149.26,22.90
1,30.00,38,396.63,354.00,11.68
1,30.00,39,640.16,529.68,16.69
1,30.00,40,647.64,541.83,5.75
1,30.00,41,899.65,498.09,22.71
1,30.00,42,175.50,747.06,0.00
1,30.00,43,578.86,224.09,0.00
1,30.00,44,322.55,729.05,20.01
1,30.00,45,368.24,419.84,22.61
1,30.00,46,647.47,364.07,14.88
1,30.00,47,310.05,606.84,22.28
1,30.00,48,376.38,39.33,19.77
1,30.00,49,717.57,892.09,11.70
1,30.00,50,568.23,231.37,0.00
1,30.00,51,817.33,603.67,0.00
1,30.00,52,106.04,522.88,15.45
1,30.00,53,730.11,665.27,17.09
1,30.00,54,377.75,535.47,12.42
1,30.00,55,722.09,315.48,20.41
1,30.00,56,528.33,244.66,8.41
1,30.00,57,599.73,624.58,11.29
1,30.00,58,672.94,197.03,16.85
1,30.00,59,233.77,561.19,8.04
1,30.00,60,539.81,604.64,24.14
1,30.00,61,686.99,622.78,8.85
1,30.00,62,755.85,722.65,6.18
1,30.00,63,406.44,774.46,0.00
1,30.00,64,803.13,124.82,5.50
1,30.00,65,312.22,638.77,24.34
1,30.00,66,434.32,231.88,12.67
1,30.00,67,427.39,356.02,19.24
1,30.00,68,505.52,475.15,10.94
1,30.00,69,352.77,791.36,24.78
1,30.00,70,528.60,248.50,17.14
1,30.00,71,745.49,985.44,14.60
1,30.00,72,724.61,757.29,5.17
1,30.00,73,679.64,353.37,8.08
1,30.00,74,198.30,441.02,9.12
1,30.00,75,332.93,200.30,9.74
1,30.00,76,631.71,556.99,18.00
1,30.00,77,826.46,446.85,21.19
1,30.00,78,659.33,314.05,9.67
1,30.00,79,819.04,660.27,14.53
1,30.00,80,596.32,637.37,8.82
1,30.00,81,380.81,386.10,13.26
1,30.00,82,883.85,423.31,6.05
1,30.00,83,265.76,505.84,5.28
1,30.00,84,828.80,73.17,5.50
1,30.00,85,95.67,320.96,10.46
1,30.00,86,565.60,405.07,10.86
1,30.00,87,751.41,333.98,13.87
1,30.00,88,160.43,557.21,5.06
1,30.00,89,324.83,627.00,18.81
1,30.00,90,97.27,411.35,23.17
1,30.00,91,734.60,275.13,10.40
1,30.00,92,310.36,686.46,9.75
1,30.00,93,498.46,641.61,14.82
1,30.00,94,448.96,405.80,13.88
1,30.00,95,991.58,567.92,0.00
1,30.00,96,797.40,774.58,13.05
1,30.00,97,564.88,376.44,10.47
1,30.00,98,580.74,397.98,20.69
1,30.00,99,640.71,638.04,12.05
1,30.00,100,484.28,252.91,22.47
1,30.00,101,420.08,236.29,12.36
1,30.00,102,165.23,657.18,5.40
1,30.00,103,187.66,775.70,0.00
1,30.00,104,863.34,120.96,6.83
1,30.00,105,334.60,874.92,12.61
1,30.00,106,241.65,759.58,6.71
1,30.00,107,620.61,171.49,7.96
1,30.00,108,189.44,375.96,5.23
1,30.00,109,460.64,792.25,8.40
1,30.00,110,382.93,203.85,0.00
1,30.00,111,214.13,468.50,15.23
1,30.00,112,340.81,513.27,13.31
1,30.00,113,763.70,835.49,23.34
1,30.00,114,153.55,510.80,18.90
1,30.00,115,813.20,245.97,24.07
1,30.00,116,837.87,313.67,15.96
1,30.00,117,665.62,754.49,17.05
1,30.00,118,437.82,314.91,12.48
1,30.00,119,150.98,664.45,21.15
1,30.00,120,676.14,613.85,5.54
1,30.00,121,146.92,195.55,8.88
1,30.00,122,511.32,321.12,10.78
1,30.00,123,919.76,760.45,16.22
1,30.00,124,716.61,566.60,6.37
1,30.00,125,427.14,287.87,7.46
1,30.00,126,657.83,432.20,14.79
1,30.00,127,437.05,130.54,15.67
1,30.00,128,173.28,811.08,0.00
1,30.00,129,571.01,660.44,10.97
1,30.00,130,523.82,279.22,13.05
1,30.00,131,124.44,643.22,0.00
1,30.00,132,220.17,666.33,16.88
1,30.00,133,477.70,559.05,11.00
1,30.00,134,942.36,190.05,8.69
1,30.00,135,510.79,908.41,16.67
1,30.00,136,614.83,416.32,19.43
1,30.00,137,474.32,245.52,0.00
1,30.00,138,787.89,274.30,19.27
1,30.00,139,374.29,889.31,0.00
1,30.00,140,291.21,341.55,23.30
1,30.00,141,267.50,620.85,6.86
1,30.00,142,635.82,769.82,5.64
1,30.00,143,409.06,568.54,20.01
1,30.00,144,598.49,440.13,16.92
1,30.00,145,527.53,249.12,15.35
1,30.00,146,543.62,556.39,14.43
1,30.00,147,231.94,394.00,15.63
1,30.00,148,350.53,593.12,0.00
1,30.00,149,96.94,942.78,0.00
1,30.00,150,431.93,717.91,13.51
1,30.00,151,182.79,213.47,20.13
1,30.00,152,192.11,101.39,0.00
1,30.00,153,732.61,374.53,18.71
1,30.00,154,341.82,502.20,0.00
1,30.00,155,122.84,838.43,16.32
1,30.00,156,698.20,922.24,14.64
1,30.00,157,870.27,921.51,6.44
1,30.00,158,783.90,860.31,0.00
1,30.00,159,484.46,673.38,13.82
1,30.00,160,485.48,224.68,12.55
1,30.00,161,908.01,261.11,10.15
1,30.00,162,442.90,813.93,9.88
1,30.00,163,822.37,746.24,12.30
1,30.00,164,860.72,537.67,18.99
1,30.00,165,102.66,836.79,8.02
1,30.00,166,733.14,453.89,8.38
1,30.00,167,864.42,108.33,14.77
1,30.00,168,463.04,509.78,14.42
1,30.00,169,787.28,613.57,19.15
1,30.00,170,609.10,251.05,16.62
1,30.00,171,147.37,76.75,23.34
1,30.00,172,566.51,308.82,6.58
1,30.00,173,522.20,391.33,11.23
1,30.00,174,476.63,520.06,17.11
1,30.00,175,641.33,26.54,7.25
1,30.00,176,338.60,188.87,10.04
1,30.00,177,439.75,362.00,23.30
1,30.00,178,643.38,919.26,13.53
1,30.00,179,377.26,173.47,21.34
1,30.00,180,524.53,392.86,0.00
1,30.00,181,465.17,33.66,20.93
1,30.00,182,615.35,390.48,18.39
1,30.00,183,893.95,320.16,12.39
1,30.00,184,726.78,384.61,12.84
1,30.00,185,510.34,780.98,6.63
1,30.00,186,466.51,676.10,16.35
1,30.00,187,727.52,359.40,20.90
1,30.00,188,608.52,696.21,0.00
1,30.00,189,801.51,425.44,6.50
1,30.00,190,693.08,393.99,7.74
1,30.00,191,614.61,919.53,13.84
1,30.00,192,351.67,691.62,12.43
1,30.00,193,515.43,82.66,13.42
1,30.00,194,368.85,626.74,6.74
1,30.00,195,295.69,260.66,0.00
1,30.00,196,649.74,525.34,9.13
1,30.00,197,867.81,366.59,5.16
1,30.00,198,596.02,366.54,19.00
1,30.00,199,785.20,795.65,0.00
1,40.00,0,284.40,678.13,9.84
1,40.00,1,374.15,486.64,12.46
1,40.00,2,171.78,615.16,6.43
1,40.00,3,806.31,383.32,5.37
1,40.00,4,808.85,922.49,24.03
1,40.00,5,539.17,774.45,18.59
1,40.00,6,714.33,305.88,7.64
1,40.00,7,197.11,775.45,0.00
1,40.00,8,511.85,616.91,11.78
1,40.00,9,137.69,357.37,19.18
1,40.00,10,791.04,765.16,18.48
1,40.00,11,718.57,593.70,17.90
1,40.00,12,790.73,726.24,9.56
1,40.00,13,608.07,504.38,10.27
1,40.00,14,556.07,794.21,9.59
1,40.00,15,526.99,578.46,9.81
1,40.00,16,420.86,525.46,14.99
1,40.00,17,603.53,798.39,12.51
1,40.00,18,423.53,345.04,9.19
1,40.00,19,321.41,468.57,9.98
1,40.00,20,500.40,162.92,22.15
1,40.00,21,699.37,332.80,8.20
1,40.00,22,674.32,721.36,7.54
1,40.00,23,644.36,373.89,15.43
1,40.00,24,434.30,316.13,11.38
1,40.00,25,585.71,616.74,20.59
1,40.00,26,694.68,853.15,17.04
1,40.00,27,908.36,502.70,18.47
1,40.00,28,663.23,748.79,5.42
1,40.00,29,323.67,418.42,20.41
1,40.00,30,612.00,419.71,0.00
1,40.00,31,309.06,225.90,17.65
1,40.00,32,641.30,759.91,13.71
1,40.00,33,340.70,591.74,6.69
1,40.00,34,481.92,302.28,13.93
1,40.00,35,147.11,781.95,7.38
1,40.00,36,59.14,514.13,5.58
1,40.00,37,323.28,95.29,22.90
1,40.00,38,288.92,308.74,11.68
1,40.00,39,749.69,594.34,0.00
1,40.00,40,597.31,513.94,5.75
1,40.00,41,925.51,272.45,22.71
1,40.00,42,220.00,800.29,7.54
1,40.00,43,623.34,319.73,13.52
1,40.00,44,190.49,879.38,20.01
1,40.00,45,550.44,553.74,22.61
1,40.00,46,701.94,319.93,0.00
1,40.00,47,419.84,412.96,22.28
1,40.00,48,424.65,1.32,0.00
1,40.00,49,600.94,900.96,11.70
1,40.00,50,544.57,314.89,11.76
1,40.00,51,861.97,519.56,13.42
1,40.00,52,90.82,528.28,0.00
1,40.00,53,711.30,632.05,0.00
1,40.00,54,286.23,451.55,12.42
1,40.00,55,792.23,228.24,0.00
1,40.00,56,577.66,312.71,8.41
1,40.00,57,702.26,577.40,11.29
1,40.00,58,526.79,280.82,16.85
1,40.00,59,250.06,482.44,8.04
1,40.00,60,779.01,637.22,24.14
1,40.00,61,602.03,647.38,8.85
1,40.00,62,769.87,662.48,6.18
1,40.00,63,406.03,770.62,8.85
1,40.00,64,782.69,175.84,5.50
1,40.00,65,138.09,808.83,24.34
1,40.00,66,375.30,343.96,12.67
1,40.00,67,619.73,353.64,19.24
1,40.00,68,397.38,491.95,10.94
1,40.00,69,118.14,820.45,0.00
1,40.00,70,372.39,319.05,17.14
1,40.00,71,854.56,888.42,14.60
1,40.00,72,673.01,754.52,5.17
1,40.00,73,665.30,432.88,8.08
1,40.00,74,222.17,353.03,9.12
1,40.00,75,254.98,141.82,9.74
1,40.00,76,729.62,405.91,18.00
1,40.00,77,810.43,605.40,0.00
1,40.00,78,572.28,271.98,9.67
1,40.00,79,951.02,599.50,14.53
1,40.00,80,532.76,576.26,8.82
1,40.00,81,499.56,445.05,13.26
1,40.00,82,897.13,482.32,6.05
1,40.00,83,254.75,557.48,5.28
1,40.00,84,819.01,43.72,0.00
1,40.00,85,67.47,421.66,10.46
1,40.00,86,562.85,443.35,0.00
1,40.00,87,889.24,349.81,13.87
1,40.00,88,206.60,577.83,5.06
1,40.00,89,193.17,761.39,18.81
1,40.00,90,86.73,179.87,23.17
1,40.00,91,812.80,343.77,10.40
1,40.00,92,342.41,594.38,9.75
1,40.00,93,639.67,686.67,14.82
1,40.00,94,331.07,479.07,13.88
1,40.00,95,888.09,585.99,20.59
1,40.00,96,911.89,768.92,0.00
1,40.00,97,613.21,283.55,10.47
1,40.00,98,611.58,504.59,0.00
1,40.00,99,735.48,563.55,12.05
1,40.00,100,690.90,164.48,22.47
1,40.00,101,318.72,165.55,12.36
1,40.00,102,214.71,678.71,5.40
1,40.00,103,232.39,777.24,22.64
1,40.00,104,831.61,181.45,6.83
1,40.00,105,210.83,899.08,12.61
1,40.00,106,253.18,756.43,0.00
1,40.00,107,549.06,206.42,7.96
1,40.00,108,189.08,373.89,0.00
1,40.00,109,451.89,708.70,8.40
1,40.00,110,414.46,263.89,9.76
1,40.00,111,249.18,320.31,15.23
1,40.00,112,373.73,503.91,0.00
1,40.00,113,886.60,945.49,0.00
1,40.00,114,62.03,425.96,0.00
1,40.00,115,851.55,267.16,0.00
1,40.00,116,793.26,390.07,0.00
1,40.00,117,592.33,892.84,0.00
1,40.00,118,384.76,201.92,12.48
1,40.00,119,121.56,873.88,21.15
1,40.00,120,639.80,572.01,5.54
1,40.00,121,131.15,282.89,8.88
1,40.00,122,591.37,393.37,10.78
1,40.00,123,993.20,812.53,0.00
1,40.00,124,678.90,515.27,6.37
1,40.00,125,432.14,229.65,0.00
1,40.00,126,663.57,284.41,14.79
1,40.00,127,287.57,83.62,15.67
1,40.00,128,133.67,891.58,14.89
1,40.00,129,680.09,672.00,10.97
1,40.00,130,433.12,372.99,13.05
1,40.00,131,283.24,540.33,19.64
1,40.00,132,144.98,515.22,16.88
1,40.00,133,554.52,637.79,11.00
1,40.00,134,969.90,272.47,8.69
1,40.00,135,523.89,742.18,16.67
1,40.00,136,463.58,538.24,19.43
1,40.00,137,477.55,256.74,5.94
1,40.00,138,843.39,220.97,0.00
1,40.00,139,436.80,843.11,12.88
1,40.00,140,172.15,183.51,0.00
1,40.00,141,335.76,614.26,6.86
1,40.00,142,607.86,720.84,5.64
1,40.00,143,209.11,561.57,20.01
1,40.00,144,459.55,536.67,16.92
1,40.00,145,510.07,96.60,15.35
1,40.00,146,468.97,432.95,14.43
1,40.00,147,117.19,500.12,15.63
1,40.00,148,359.91,572.54,15.03
1,40.00,149,193.52,897.60,16.99
1,40.00,150,542.14,639.81,13.51
1,40.00,151,124.93,30.89,0.00
1,40.00,152,196.16,147.48,7.56
1,40.00,153,754.64,303.57,0.00
1,40.00,154,400.10,446.95,10.97
1,40.00,155,153.16,917.68,0.00
1,40.00,156,754.41,787.01,14.64
1,40.00,157,810.69,896.99,6.44
1,40.00,158,754.96,867.27,6.74
1,40.00,159,609.41,732.35,13.82
1,40.00,160,596.15,165.48,12.55
1,40.00,161,877.22,357.86,10.15
1,40.00,162,535.43,848.70,9.88
1,40.00,163,734.68,660.04,12.30
1,40.00,164,908.15,600.12,0.00
1,40.00,165,145.19,768.75,8.02
1,40.00,166,678.28,390.52,8.38
1,40.00,167,881.21,43.39,0.00
1,40.00,168,600.27,465.39,14.42
1,40.00,169,732.68,430.07,19.15
1,40.00,170,461.62,327.70,16.62
1,40.00,171,149.79,66.77,0.00
1,40.00,172,555.76,373.78,6.58
1,40.00,173,631.25,418.30,11.23
1,40.00,174,493.71,349.82,17.11
1,40.00,175,594.47,32.00,0.00
1,40.00,176,404.02,264.97,10.04
1,40.00,177,626.95,500.69,23.30
1,40.00,178,513.89,958.43,13.53
1,40.00,179,164.23,186.07,21.34
1,40.00,180,644.24,336.00,19.75
1,40.00,181,467.22,242.90,20.93
1,40.00,182,481.84,264.04,18.39
1,40.00,183,860.31,241.13,0.00
1,40.00,184,765.32,507.10,12.84
1,40.00,185,473.40,725.96,6.63
1,40.00,186,612.73,602.98,16.35
1,40.00,187,664.44,193.64,0.00
1,40.00,188,614.90,648.47,7.92
1,40.00,189,766.49,480.19,6.50
1,40.00,190,660.11,464.03,7.74
1,40.00,191,477.34,936.85,13.84
1,40.00,192,447.93,612.94,12.43
1,40.00,193,645.95,114.03,13.42
1,40.00,194,319.39,672.58,6.74
1,40.00,195,277.64,286.31,15.48
1,40.00,196,561.36,502.45,9.13
1,40.00,197,817.44,355.37,5.16
1,40.00,198,708.88,519.44,19.00
1,40.00,199,756.55,746.40,23.58
1,50.00,0,249.32,770.06,9.84
1,50.00,1,399.92,608.56,12.46
1,50.00,2,183.44,551.94,6.43
1,50.00,3,853.28,357.24,5.37
1,50.00,4,980.34,911.02,0.00
1,50.00,5,682.12,893.31,18.59
1,50.00,6,767.64,360.60,7.64
1,50.00,7,334.66,700.73,19.65
1,50.00,8,575.37,517.70,11.78
1,50.00,9,67.15,271.68,0.00
1,50.00,10,751.09,945.55,18.48
1,50.00,11,716.56,772.64,17.90
1,50.00,12,842.30,806.77,9.56
1,50.00,13,505.56,509.98,10.27
1,50.00,14,648.27,820.59,9.59
1,50.00,15,609.86,630.93,9.81
1,50.00,16,523.08,415.80,14.99
1,50.00,17,625.08,711.18,0.00
1,50.00,18,340.32,383.98,9.19
1,50.00,19,403.82,524.84,9.98
1,50.00,20,288.16,99.62,22.15
1,50.00,21,620.48,355.12,8.20
1,50.00,22,664.32,796.06,7.54
1,50.00,23,585.17,231.37,15.43
1,50.00,24,399.97,207.67,11.38
1,50.00,25,694.09,565.44,0.00
1,50.00,26,727.88,995.02,0.00
1,50.00,27,932.06,482.59,0.00
1,50.00,28,613.58,727.15,5.42
1,50.00,29,145.31,406.32,0.00
1,50.00,30,587.68,373.08,11.92
1,50.00,31,400.45,376.90,17.65
1,50.00,32,760.89,692.93,13.71
1,50.00,33,333.59,658.24,6.69
1,50.00,34,615.38,262.31,13.93
1,50.00,35,120.76,712.97,7.38
1,50.00,36,72.50,568.29,5.58
1,50.00,37,100.71,41.33,22.90
1,50.00,38,181.21,263.48,11.68
1,50.00,39,738.44,580.98,7.35
1,50.00,40,546.97,486.04,5.75
1,50.00,41,951.38,46.80,22.71
1,50.00,42,268.34,858.11,7.54
1,50.00,43,680.36,442.34,13.52
1,50.00,44,120.37,959.20,0.00
1,50.00,45,732.63,687.65,22.61
1,50.00,46,641.24,374.51,15.43
1,50.00,47,529.63,219.09,22.28
1,50.00,48,443.56,103.27,15.04
1,50.00,49,484.30,909.83,11.70
1,50.00,50,512.51,428.05,11.76
1,50.00,51,924.89,401.03,13.42
1,50.00,52,246.04,589.71,18.64
1,50.00,53,620.66,596.32,12.54
1,50.00,54,194.71,367.62,12.42
1,50.00,55,753.05,251.25,10.07
1,50.00,56,627.00,380.76,8.41
1,50.00,57,804.80,530.21,11.29
1,50.00,58,380.65,364.61,16.85
1,50.00,59,266.35,403.69,8.04
1,50.00,60,788.62,638.53,0.00
1,50.00,61,517.07,671.98,8.85
1,50.00,62,783.90,602.32,6.18
1,50.00,63,396.54,682.67,8.85
1,50.00,64,762.25,226.86,5.50
1,50.00,65,123.63,822.96,0.00
1,50.00,66,316.28,456.04,12.67
1,50.00,67,812.06,351.26,19.24
1,50.00,68,314.41,504.84,0.00
1,50.00,69,122.37,811.92,20.76
1,50.00,70,216.17,389.59,17.14
1,50.00,71,892.71,854.47,0.00
1,50.00,72,621.40,751.75,5.17
1,50.00,73,650.96,512.39,8.08
1,50.00,74,246.04,265.04,9.12
1,50.00,75,177.03,83.35,9.74
1,50.00,76,733.62,399.73,0.00
1,50.00,77,794.49,635.97,13.90
1,50.00,78,487.43,230.96,0.00
1,50.00,79,991.05,581.07,0.00
1,50.00,80,469.19,515.14,8.82
1,50.00,81,618.30,503.99,13.26
1,50.00,82,910.41,541.33,6.05
1,50.00,83,243.74,609.11,5.28
1,50.00,84,740.16,63.94,18.68
1,50.00,85,54.01,469.75,0.00
1,50.00,86,536.60,345.16,15.72
1,50.00,87,933.10,354.85,0.00
1,50.00,88,252.77,598.45,5.06
1,50.00,89,61.50,895.78,18.81
1,50.00,90,79.65,24.60,0.00
1,50.00,91,881.93,404.46,0.00
1,50.00,92,374.46,502.30,9.75
1,50.00,93,780.88,731.73,14.82
1,50.00,94,213.19,552.35,13.88
1,50.00,95,703.05,618.29,0.00
1,50.00,96,905.63,770.40,5.30
1,50.00,97,658.96,195.63,0.00
1,50.00,98,656.21,446.71,15.77
1,50.00,99,800.84,512.18,0.00
1,50.00,100,787.54,123.12,0.00
1,50.00,101,217.36,94.81,12.36
1,50.00,102,234.12,687.15,0.00
1,50.00,103,458.62,785.02,22.64
1,50.00,104,799.89,241.94,6.83
1,50.00,105,87.07,923.25,12.61
1,50.00,106,344.07,717.69,12.02
1,50.00,107,477.51,241.36,7.96
1,50.00,108,203.80,494.94,12.70
1,50.00,109,443.14,625.14,8.40
1,50.00,110,459.82,350.27,9.76
1,50.00,111,284.22,172.12,15.23
1,50.00,112,453.25,597.05,16.49
1,50.00,113,825.07,914.36,23.51
1,50.00,114,73.91,458.53,10.20
1,50.00,115,790.69,314.95,9.46
1,50.00,116,758.84,422.69,10.64
1,50.00,117,599.65,882.89,15.15
1,50.00,118,331.71,88.93,12.48
1,50.00,119,104.53,995.11,0.00
1,50.00,120,612.86,540.97,0.00
1,50.00,121,115.38,370.23,8.88
1,50.00,122,671.41,465.62,10.78
1,50.00,123,974.69,770.70,10.28
1,50.00,124,641.19,463.95,6.37
1,50.00,125,401.56,225.87,14.20
1,50.00,126,667.97,171.04,0.00
1,50.00,127,264.64,76.43,0.00
1,50.00,128,85.45,989.57,0.00
1,50.00,129,789.17,683.57,10.97
1,50.00,130,342.41,466.76,13.05
1,50.00,131,448.05,433.54,19.64
1,50.00,132,69.78,364.10,16.88
1,50.00,133,631.34,716.53,11.00
1,50.00,134,983.72,313.83,0.00
1,50.00,135,536.98,575.96,16.67
1,50.00,136,312.34,660.17,19.43
1,50.00,137,493.97,313.86,5.94
1,50.00,138,736.55,200.62,18.11
1,50.00,139,540.34,766.58,12.88
1,50.00,140,167.62,187.88,0.00
1,50.00,141,349.54,612.92,0.00
1,50.00,142,579.91,671.86,5.64
1,50.00,143,11.85,554.70,0.00
1,50.00,144,322.50,631.89,0.00
1,50.00,145,500.90,16.40,0.00
1,50.00,146,394.31,309.52,14.43
1,50.00,147,79.44,535.03,0.00
1,50.00,148,422.24,435.78,15.03
1,50.00,149,347.42,825.62,16.99
1,50.00,150,652.36,561.71,13.51
1,50.00,151,128.05,35.20,10.92
1,50.00,152,202.78,222.80,7.56
1,50.00,153,686.36,359.59,14.65
1,50.00,154,479.72,371.47,10.97
1,50.00,155,145.43,872.53,9.55
1,50.00,156,810.61,651.79,14.64
1,50.00,157,751.10,872.48,6.44
1,50.00,158,689.39,883.04,6.74
1,50.00,159,734.37,791.32,13.82
1,50.00,160,665.53,128.37,0.00
1,50.00,161,846.43,454.61,10.15
1,50.00,162,627.96,883.47,9.88
1,50.00,163,646.99,573.84,12.30
1,50.00,164,847.59,617.67,10.74
1,50.00,165,187.72,700.72,8.02
1,50.00,166,623.41,327.16,8.38
1,50.00,167,803.43,74.18,15.33
1,50.00,168,737.51,421.00,14.42
1,50.00,169,693.15,297.21,0.00
1,50.00,170,314.14,404.35,16.62
1,50.00,171,195.27,103.52,6.12
1,50.00,172,545.02,438.75,6.58
1,50.00,173,740.30,445.28,11.23
1,50.00,174,509.17,195.66,0.00
1,50.00,175,591.36,64.13,9.25
1,50.00,176,469.44,341.07,10.04
1,50.00,177,814.15,639.38,23.30
1,50.00,178,497.43,963.41,0.00
1,50.00,179,72.07,191.53,0.00
1,50.00,180,822.59,251.28,19.75
1,50.00,181,469.27,452.14,20.93
1,50.00,182,364.73,153.14,0.00
1,50.00,183,832.92,264.09,11.65
1,50.00,184,803.86,629.59,12.84
1,50.00,185,436.47,670.94,6.63
1,50.00,186,758.95,529.86,16.35
1,50.00,187,654.48,197.65,0.00
1,50.00,188,625.39,569.95,7.92
1,50.00,189,731.47,534.94,6.50
1,50.00,190,627.14,534.07,7.74
1,50.00,191,340.06,954.17,13.84
1,50.00,192,544.20,534.26,12.43
1,50.00,193,729.55,134.12,0.00
1,50.00,194,269.92,718.43,6.74
1,50.00,195,188.53,412.93,15.48
1,50.00,196,472.98,479.57,9.13
1,50.00,197,767.08,344.14,5.16
1,50.00,198,763.24,593.09,0.00
1,50.00,199,637.98,542.63,23.58
1,60.00,0,214.24,861.99,9.84
1,60.00,1,425.69,730.48,12.46
1,60.00,2,195.10,488.73,6.43
1,60.00,3,900.26,331.15,5.37
1,60.00,4,977.11,890.92,7.15
1,60.00,5,691.32,900.96,0.00
1,60.00,6,784.45,377.85,0.00
1,60.00,7,507.30,606.96,19.65
1,60.00,8,638.90,418.50,11.78
1,60.00,9,146.17,244.68,19.83
1,60.00,10,746.28,967.28,0.00
1,60.00,11,716.24,801.43,0.00
1,60.00,12,893.86,887.30,9.56
1,60.00,13,403.06,515.58,10.27
1,60.00,14,740.48,846.97,9.59
1,60.00,15,659.11,662.12,0.00
1,60.00,16,625.30,306.14,14.99
1,60.00,17,617.39,693.78,6.75
1,60.00,18,257.11,422.91,9.19
1,60.00,19,486.22,581.12,9.98
1,60.00,20,174.03,65.58,0.00
1,60.00,21,541.60,377.43,8.20
1,60.00,22,659.41,832.67,0.00
1,60.00,23,525.99,88.86,15.43
1,60.00,24,368.75,109.06,0.00
1,60.00,25,674.30,533.70,8.96
1,60.00,26,715.27,977.48,14.88
1,60.00,27,797.66,439.48,16.97
1,60.00,28,563.94,705.51,5.42
1,60.00,29,163.31,423.59,20.11
1,60.00,30,532.54,267.39,11.92
1,60.00,31,491.84,527.89,17.65
1,60.00,32,880.48,625.95,13.71
1,60.00,33,326.49,724.74,6.69
1,60.00,34,707.13,234.82,0.00
1,60.00,35,94.41,643.98,7.38
1,60.00,36,85.85,622.46,5.58
1,60.00,37,56.60,30.64,0.00
1,60.00,38,141.06,246.60,0.00
1,60.00,39,691.09,524.80,7.35
1,60.00,40,496.64,458.14,5.75
1,60.00,41,956.17,4.94,0.00
1,60.00,42,316.68,915.93,7.54
1,60.00,43,737.37,564.95,13.52
1,60.00,44,223.59,934.11,22.64
1,60.00,45,826.69,756.77,0.00
1,60.00,46,526.46,477.71,15.43
1,60.00,47,570.00,147.80,0.00
1,60.00,48,470.98,251.18,15.04
1,60.00,49,367.67,918.70,11.70
1,60.00,50,480.45,541.22,11.76
1,60.00,51,964.37,326.64,0.00
1,60.00,52,419.38,658.31,18.64
1,60.00,53,599.26,587.88,0.00
1,60.00,54,106.65,286.86,0.00
1,60.00,55,666.26,302.23,10.07
1,60.00,56,643.68,403.76,0.00
1,60.00,57,907.33,483.03,11.29
1,60.00,58,234.51,448.40,16.85
1,60.00,59,282.65,324.95,8.04
1,60.00,60,633.58,561.49,18.04
1,60.00,61,432.11,696.57,8.85
1,60.00,62,797.92,542.15,6.18
1,60.00,63,394.53,664.05,0.00
1,60.00,64,741.82,277.88,5.50
1,60.00,65,167.33,785.16,6.30
1,60.00,66,257.25,568.12,12.67
1,60.00,67,938.75,349.69,0.00
1,60.00,68,337.74,529.72,14.65
1,60.00,69,214.69,625.94,20.76
1,60.00,70,167.64,411.51,0.00
1,60.00,71,901.29,722.43,20.35
1,60.00,72,569.80,748.98,5.17
1,60.00,73,636.62,591.90,8.08
1,60.00,74,264.21,198.03,0.00
1,60.00,75,99.08,24.88,9.74
1,60.00,76,676.10,579.48,19.68
1,60.00,77,730.24,759.17,13.90
1,60.00,78,483.21,234.10,20.83
1,60.00,79,936.83,548.06,9.11
1,60.00,80,405.62,454.03,8.82
1,60.00,81,737.05,562.94,13.26
1,60.00,82,923.69,600.35,6.05
1,60.00,83,232.74,660.75,5.28
1,60.00,84,559.26,110.34,18.68
1,60.00,85,84.14,391.08,16.12
1,60.00,86,515.17,265.01,0.00
1,60.00,87,944.98,516.73,23.81
1,60.00,88,298.94,619.07,5.06
1,60.00,89,59.33,898.00,0.00
1,60.00,90,86.04,74.08,15.15
1,60.00,91,875.52,401.82,5.99
1,60.00,92,404.36,416.36,0.00
1,60.00,93,899.18,769.48,0.00
1,60.00,94,165.96,581.70,0.00
1,60.00,95,710.17,626.93,12.78
1,60.00,96,854.07,782.58,5.30
1,60.00,97,656.59,207.08,21.86
1,60.00,98,752.51,321.84,15.77
1,60.00,99,770.59,522.82,10.33
1,60.00,100,798.72,193.08,13.31
1,60.00,101,116.00,24.07,12.36
1,60.00,102,318.68,707.21,14.30
1,60.00,103,638.46,791.20,0.00
1,60.00,104,768.16,302.44,6.83
1,60.00,105,45.86,931.29,0.00
1,60.00,106,454.64,670.56,12.02
1,60.00,107,405.97,276.30,7.96
1,60.00,108,219.12,621.04,12.70
1,60.00,109,434.40,541.58,8.40
1,60.00,110,505.18,436.65,9.76
1,60.00,111,302.32,95.56,0.00
1,60.00,112,457.78,602.36,0.00
1,60.00,113,615.25,808.23,23.51
1,60.00,114,87.75,496.45,0.00
1,60.00,115,716.28,373.38,9.46
1,60.00,116,681.64,495.86,10.64
1,60.00,117,689.36,760.83,15.15
1,60.00,118,292.45,5.32,0.00
1,60.00,119,75.94,995.46,0.00
1,60.00,120,614.38,491.22,19.27
1,60.00,121,99.61,457.57,8.88
1,60.00,122,716.22,506.06,0.00
1,60.00,123,933.08,676.67,10.28
1,60.00,124,603.48,412.62,6.37
1,60.00,125,260.63,208.46,14.20
1,60.00,126,656.91,163.36,5.78
1,60.00,127,343.44,106.37,9.96
1,60.00,128,108.84,969.62,11.53
1,60.00,129,861.27,691.21,0.00
1,60.00,130,251.71,560.53,13.05
1,60.00,131,557.48,362.63,0.00
1,60.00,132,15.84,255.70,0.00
1,60.00,133,708.15,795.27,11.00
1,60.00,134,966.19,368.28,11.48
1,60.00,135,550.08,409.74,16.67
1,60.00,136,265.26,698.12,0.00
1,60.00,137,510.40,370.99,5.94
1,60.00,138,558.64,166.74,18.11
1,60.00,139,643.88,690.05,12.88
1,60.00,140,185.30,203.37,18.97
1,60.00,141,298.04,670.83,9.71
1,60.00,142,551.95,622.89,5.64
1,60.00,143,13.12,554.00,10.85
1,60.00,144,323.79,630.63,13.26
1,60.00,145,544.14,107.17,21.20
1,60.00,146,319.66,186.09,14.43
1,60.00,147,160.02,651.71,21.13
1,60.00,148,484.58,299.02,15.03
1,60.00,149,501.32,753.63,16.99
1,60.00,150,696.96,530.11,0.00
1,60.00,151,192.14,123.55,10.92
1,60.00,152,209.40,298.12,7.56
1,60.00,153,573.10,452.52,14.65
1,60.00,154,559.35,296.00,10.97
1,60.00,155,129.32,778.44,9.55
1,60.00,156,866.81,516.56,14.64
1,60.00,157,691.52,847.96,6.44
1,60.00,158,623.82,898.81,6.74
1,60.00,159,859.33,850.29,13.82
1,60.00,160,595.94,137.92,18.83
1,60.00,161,815.64,551.36,10.15
1,60.00,162,720.49,918.24,9.88
1,60.00,163,559.30,487.64,12.30
1,60.00,164,744.45,647.55,10.74
1,60.00,165,230.24,632.68,8.02
1,60.00,166,568.54,263.79,8.38
1,60.00,167,660.92,130.60,15.33
1,60.00,168,874.75,376.60,14.42
1,60.00,169,687.15,310.19,5.18
1,60.00,170,166.66,480.99,16.62
1,60.00,171,242.84,141.96,6.12
1,60.00,172,534.27,503.72,6.58
1,60.00,173,775.32,453.94,0.00
1,60.00,174,498.59,213.51,21.95
1,60.00,175,582.47,156.22,9.25
1,60.00,176,534.87,417.17,10.04
1,60.00,177,951.39,741.05,0.00
1,60.00,178,552.37,843.95,15.06
1,60.00,179,80.71,227.39,6.50
1,60.00,180,881.20,223.45,0.00
1,60.00,181,471.17,646.35,0.00
1,60.00,182,383.01,143.51,0.00
1,60.00,183,743.61,338.94,11.65
1,60.00,184,842.39,752.08,12.84
1,60.00,185,399.53,615.92,6.63
1,60.00,186,772.93,522.87,0.00
1,60.00,187,655.44,200.88,17.97
1,60.00,188,635.88,491.44,7.92
1,60.00,189,696.45,589.69,6.50
1,60.00,190,594.17,604.11,7.74
1,60.00,191,202.78,971.49,13.84
1,60.00,192,640.46,455.58,12.43
1,60.00,193,706.90,163.02,10.21
1,60.00,194,229.92,755.50,0.00
1,60.00,195,129.58,496.71,0.00
1,60.00,196,384.60,456.68,9.13
1,60.00,197,716.71,332.91,5.16
1,60.00,198,731.57,604.15,6.47
1,60.00,199,519.41,338.87,23.58
1,70.00,0,184.83,939.07,0.00
1,70.00,1,444.14,817.79,0.00
1,70.00,2,206.76,425.51,6.43
1,70.00,3,947.23,305.07,5.37
1,70.00,4,970.60,850.52,0.00
1,70.00,5,725.21,800.40,11.34
1,70.00,6,737.51,409.64,8.28
1,70.00,7,591.06,561.46,0.00
1,70.00,8,702.42,319.29,11.78
1,70.00,9,333.79,180.58,19.83
1,70.00,10,736.70,920.37,5.44
1,70.00,11,651.26,757.33,9.36
1,70.00,12,909.20,911.25,0.00
1,70.00,13,300.55,521.18,10.27
1,70.00,14,832.68,873.36,9.59
1,70.00,15,580.99,673.36,19.45
1,70.00,16,727.52,196.49,14.99
1,70.00,17,590.09,632.04,6.75
1,70.00,18,173.89,461.84,9.19
1,70.00,19,568.63,637.40,9.98
1,70.00,20,216.61,67.10,9.22
1,70.00,21,462.72,399.75,8.20
1,70.00,22,642.65,741.83,18.11
1,70.00,23,503.74,35.30,0.00
1,70.00,24,370.60,126.61,19.43
1,70.00,25,626.90,457.69,8.96
1,70.00,26,628.41,856.69,14.88
1,70.00,27,636.05,387.64,16.97
1,70.00,28,514.29,683.87,5.42
1,70.00,29,308.38,562.83,20.11
1,70.00,30,477.40,161.70,11.92
1,70.00,31,515.91,567.65,0.00
1,70.00,32,939.63,592.82,0.00
1,70.00,33,319.39,791.25,6.69
1,70.00,34,706.15,210.80,7.69
1,70.00,35,68.06,575.00,7.38
1,70.00,36,99.20,676.62,5.58
1,70.00,37,134.33,36.40,9.72
1,70.00,38,237.61,246.93,15.39
1,70.00,39,643.73,468.62,7.35
1,70.00,40,446.30,430.25,5.75
1,70.00,41,857.39,29.20,12.49
1,70.00,42,339.10,942.74,0.00
1,70.00,43,794.39,687.55,13.52
1,70.00,44,443.62,880.64,22.64
1,70.00,45,748.65,717.92,18.02
1,70.00,46,429.39,564.99,0.00
1,70.00,47,630.98,160.31,9.84
1,70.00,48,498.41,399.10,15.04
1,70.00,49,298.22,923.98,0.00
1,70.00,50,448.40,654.38,11.76
1,70.00,51,963.25,307.17,5.24
1,70.00,52,592.73,726.92,18.64
1,70.00,53,580.93,690.53,12.77
1,70.00,54,105.58,292.06,14.05
1,70.00,55,579.47,353.20,10.07
1,70.00,56,576.83,458.57,13.06
1,70.00,57,959.54,459.01,0.00
1,70.00,58,88.37,532.19,16.85
1,70.00,59,298.94,246.20,8.04
1,70.00,60,472.05,481.23,18.04
1,70.00,61,347.15,721.17,8.85
1,70.00,62,808.91,494.99,0.00
1,70.00,63,509.82,742.03,17.66
1,70.00,64,723.37,323.94,0.00
1,70.00,65,214.99,743.95,6.30
1,70.00,66,198.23,680.20,12.67
1,70.00,67,870.20,352.27,20.10
1,70.00,68,437.95,636.63,14.65
1,70.00,69,259.95,534.78,0.00
1,70.00,70,333.42,377.50,24.55
1,70.00,71,914.48,519.33,20.35
1,70.00,72,518.19,746.21,5.17
1,70.00,73,622.28,671.41,8.08
1,70.00,74,221.93,211.67,18.63
1,70.00,75,70.45,3.40,0.00
1,70.00,76,616.13,766.90,19.68
1,70.00,77,665.99,882.38,13.90
1,70.00,78,369.53,318.55,0.00
1,70.00,79,859.01,500.67,9.11
1,70.00,80,386.32,435.48,0.00
1,70.00,81,855.79,621.88,13.26
1,70.00,82,936.97,659.36,6.05
1,70.00,83,221.73,712.38,5.28
1,70.00,84,466.28,134.18,0.00
1,70.00,85,141.81,240.52,16.12
1,70.00,86,433.43,190.31,23.45
1,70.00,87,962.42,754.14,23.81
1,70.00,88,345.11,639.69,5.06
1,70.00,89,195.90,849.73,14.73
1,70.00,90,105.44,224.36,15.15
1,70.00,91,820.13,379.02,5.99
1,70.00,92,413.93,427.29,21.74
1,70.00,93,878.59,747.03,18.77
1,70.00,94,269.07,477.08,24.51
1,70.00,95,791.49,725.55,12.78
1,70.00,96,802.51,794.76,5.30
1,70.00,97,612.24,421.14,21.86
1,70.00,98,848.81,196.97,15.77
1,70.00,99,673.11,557.10,10.33
1,70.00,100,819.71,324.53,13.31
1,70.00,101,110.11,19.96,0.00
1,70.00,102,457.85,740.21,14.30
1,70.00,103,608.38,798.48,15.09
1,70.00,104,736.44,362.93,6.83
1,70.00,105,58.33,818.68,16.99
1,70.00,106,565.22,623.42,12.02
1,70.00,107,387.72,285.21,0.00
1,70.00,108,234.45,747.14,12.70
1,70.00,109,425.65,458.02,8.40
1,70.00,110,550.54,523.03,9.76
1,70.00,111,356.63,116.58,12.05
1,70.00,112,303.25,603.99,16.14
1,70.00,113,405.43,702.09,23.51
1,70.00,114,135.72,465.22,9.47
1,70.00,115,641.88,431.81,9.46
1,70.00,116,604.44,569.04,10.64
1,70.00,117,779.06,638.77,15.15
1,70.00,118,276.88,8.09,6.08
1,70.00,119,107.08,973.09,13.67
1,70.00,120,620.27,298.65,19.27
1,70.00,121,83.84,544.91,8.88
1,70.00,122,733.11,592.03,19.90
1,70.00,123,891.48,582.65,10.28
1,70.00,124,601.42,409.81,0.00
1,70.00,125,119.71,191.06,14.20
1,70.00,126,609.42,130.40,5.78
1,70.00,127,436.51,141.74,9.96
1,70.00,128,196.53,894.81,11.53
1,70.00,129,795.52,681.07,19.63
1,70.00,130,184.50,630.02,0.00
1,70.00,131,560.95,407.57,13.41
1,70.00,132,43.15,312.55,22.31
1,70.00,133,709.49,796.64,0.00
1,70.00,134,930.99,477.57,11.48
1,70.00,135,563.18,243.52,16.67
1,70.00,136,213.17,845.52,22.70
1,70.00,137,526.83,428.11,5.94
1,70.00,138,380.72,132.86,18.11
1,70.00,139,747.42,613.52,12.88
1,70.00,140,328.01,328.37,18.97
1,70.00,141,241.22,734.70,0.00
1,70.00,142,523.99,573.91,5.64
1,70.00,143,108.25,501.75,10.85
1,70.00,144,418.34,537.64,13.26
1,70.00,145,635.35,298.59,21.20
1,70.00,146,245.01,62.65,14.43
1,70.00,147,280.11,825.59,21.13
1,70.00,148,546.91,162.26,15.03
1,70.00,149,655.22,681.64,16.99
1,70.00,150,669.05,560.77,6.96
1,70.00,151,246.23,198.13,0.00
1,70.00,152,216.02,373.44,7.56
1,70.00,153,459.85,545.45,14.65
1,70.00,154,629.85,229.17,0.00
1,70.00,155,113.20,684.36,9.55
1,70.00,156,906.28,421.61,0.00
1,70.00,157,631.93,823.44,6.44
1,70.00,158,558.25,914.59,6.74
1,70.00,159,908.33,873.42,0.00
1,70.00,160,409.39,163.51,18.83
1,70.00,161,784.85,648.11,10.15
1,70.00,162,813.03,953.00,9.88
1,70.00,163,471.61,401.44,12.30
1,70.00,164,641.30,677.43,10.74
1,70.00,165,272.77,564.65,8.02
1,70.00,166,513.68,200.42,8.38
1,70.00,167,518.41,187.02,15.33
1,70.00,168,959.19,349.29,0.00
1,70.00,169,665.41,357.22,5.18
1,70.00,170,19.17,557.64,16.62
1,70.00,171,290.41,180.40,6.12
1,70.00,172,523.53,568.68,6.58
1,70.00,173,789.61,612.74,23.49
1,70.00,174,386.63,402.35,21.95
1,70.00,175,573.57,248.31,9.25
1,70.00,176,600.29,493.27,10.04
1,70.00,177,909.21,710.72,19.46
1,70.00,178,615.31,707.10,15.06
1,70.00,179,95.94,290.59,6.50
1,70.00,180,791.55,279.70,15.76
1,70.00,181,469.65,653.66,10.39
1,70.00,182,385.13,146.47,12.74
1,70.00,183,654.30,413.79,11.65
1,70.00,184,880.93,874.57,12.84
1,70.00,185,362.59,560.90,6.63
1,70.00,186,828.48,428.66,12.09
1,70.00,187,706.87,373.01,17.97
1,70.00,188,646.37,412.92,7.92
1,70.00,189,661.43,644.45,6.50
1,70.00,190,561.20,674.15,7.74
1,70.00,191,98.44,984.65,0.00
1,70.00,192,736.72,376.90,12.43
1,70.00,193,643.90,243.40,10.21
1,70.00,194,252.93,768.55,0.00
1,70.00,195,196.93,498.58,19.91
1,70.00,196,296.22,433.79,9.13
1,70.00,197,666.34,321.68,5.16
1,70.00,198,670.47,625.48,6.47
1,70.00,199,466.25,247.51,0.00
1,80.00,0,193.05,908.47,19.61
1,80.00,1,395.29,831.25,17.85
1,80.00,2,218.43,362.29,6.43
1,80.00,3,990.48,281.05,0.00
1,80.00,4,971.56,761.56,20.79
1,80.00,5,761.30,693.33,0.00
1,80.00,6,668.98,456.06,8.28
1,80.00,7,620.53,566.04,5.79
1,80.00,8,765.94,220.08,11.78
1,80.00,9,493.68,125.96,0.00
1,80.00,10,725.81,867.04,5.44
1,80.00,11,573.83,704.78,9.36
1,80.00,12,848.04,884.99,9.48
1,80.00,13,209.63,526.15,0.00
1,80.00,14,924.88,899.74,9.59
1,80.00,15,435.62,694.29,0.00
1,80.00,16,829.74,86.83,14.99
1,80.00,17,562.78,570.29,6.75
1,80.00,18,90.68,500.77,9.19
1,80.00,19,651.03,693.67,9.98
1,80.00,20,308.74,70.39,9.22
1,80.00,21,383.83,422.07,8.20
1,80.00,22,609.77,563.70,18.11
1,80.00,23,649.31,64.19,23.78
1,80.00,24,391.07,319.80,19.43
1,80.00,25,579.51,381.68,8.96
1,80.00,26,541.55,735.91,14.88
1,80.00,27,474.44,335.81,16.97
1,80.00,28,464.64,662.23,5.42
1,80.00,29,435.01,684.35,0.00
1,80.00,30,422.26,56.00,11.92
1,80.00,31,598.21,511.94,13.49
1,80.00,32,904.68,600.84,7.10
1,80.00,33,312.28,857.75,6.69
1,80.00,34,703.01,133.94,7.69
1,80.00,35,41.71,506.01,7.38
1,80.00,36,112.56,730.79,5.58
1,80.00,37,231.29,43.59,9.72
1,80.00,38,391.54,247.45,15.39
1,80.00,39,596.38,412.44,7.35
1,80.00,40,395.97,402.35,5.75
1,80.00,41,736.12,58.97,12.49
1,80.00,42,377.95,906.66,9.88
1,80.00,43,833.05,770.70,0.00
1,80.00,44,587.69,845.64,0.00
1,80.00,45,587.33,637.60,18.02
1,80.00,46,435.30,543.24,14.61
1,80.00,47,727.42,180.09,9.84
1,80.00,48,525.83,547.01,15.04
1,80.00,49,326.39,884.71,11.95
1,80.00,50,416.34,767.54,11.76
1,80.00,51,960.25,254.89,5.24
1,80.00,52,766.07,795.52,18.64
1,80.00,53,567.49,765.85,0.00
1,80.00,54,93.29,351.98,0.00
1,80.00,55,492.68,404.17,10.07
1,80.00,56,484.27,534.46,0.00
1,80.00,57,873.52,524.79,22.06
1,80.00,58,7.31,578.66,0.00
1,80.00,59,315.23,167.46,8.04
1,80.00,60,386.87,438.91,0.00
1,80.00,61,262.19,745.76,8.85
1,80.00,62,787.09,506.72,11.46
1,80.00,63,656.10,840.96,17.66
1,80.00,64,724.72,341.32,17.93
1,80.00,65,262.65,702.73,6.30
1,80.00,66,190.47,694.93,0.00
1,80.00,67,669.35,359.83,20.10
1,80.00,68,538.16,743.55,14.65
1,80.00,69,299.27,584.27,12.40
1,80.00,70,573.93,328.17,24.55
1,80.00,71,927.66,316.24,20.35
1,80.00,72,466.58,743.43,5.17
1,80.00,73,608.20,749.46,0.00
1,80.00,74,64.89,262.32,0.00
1,80.00,75,132.85,10.63,9.93
1,80.00,76,561.84,936.55,0.00
1,80.00,77,618.96,972.56,0.00
1,80.00,78,403.65,347.53,13.99
1,80.00,79,781.19,453.29,9.11
1,80.00,80,429.29,442.11,6.24
1,80.00,81,890.68,639.20,0.00
1,80.00,82,950.25,718.37,6.05
1,80.00,83,210.72,764.02,5.28
1,80.00,84,505.73,235.88,22.45
1,80.00,85,199.48,89.95,16.12
1,80.00,86,260.35,32.14,23.45
1,80.00,87,967.83,827.85,0.00
1,80.00,88,368.06,649.94,0.00
1,80.00,89,334.77,800.66,14.73
1,80.00,90,124.84,374.64,15.15
1,80.00,91,764.75,356.23,5.99
1,80.00,92,557.19,590.80,21.74
1,80.00,93,751.69,608.71,18.77
1,80.00,94,441.08,302.54,24.51
1,80.00,95,872.81,824.17,12.78
1,80.00,96,750.95,806.94,5.30
1,80.00,97,567.89,635.20,21.86
1,80.00,98,864.04,177.22,0.00
1,80.00,99,575.64,591.38,10.33
1,80.00,100,840.71,455.98,13.31
1,80.00,101,204.71,45.51,0.00
1,80.00,102,597.01,773.22,14.30
1,80.00,103,461.67,833.96,15.09
1,80.00,104,704.72,423.42,6.83
1,80.00,105,77.03,649.84,16.99
1,80.00,106,575.57,619.01,0.00
1,80.00,107,328.36,431.00,21.13
1,80.00,108,249.77,873.24,12.70
1,80.00,109,416.90,374.46,8.40
1,80.00,110,595.90,609.41,9.76
1,80.00,111,469.00,160.07,12.05
1,80.00,112,141.88,605.70,16.14
1,80.00,113,251.89,624.43,0.00
1,80.00,114,215.10,413.55,9.47
1,80.00,115,567.47,490.24,9.46
1,80.00,116,527.23,642.21,10.64
1,80.00,117,868.77,516.71,15.15
1,80.00,118,217.00,18.75,6.08
1,80.00,119,218.12,893.32,13.67
1,80.00,120,626.17,106.08,19.27
1,80.00,121,68.08,632.26,8.88
1,80.00,122,771.49,787.32,19.90
1,80.00,123,849.88,488.62,10.28
1,80.00,124,661.27,500.28,11.48
1,80.00,125,53.66,182.90,0.00
1,80.00,126,561.93,97.44,5.78
1,80.00,127,529.58,177.11,9.96
1,80.00,128,284.21,820.01,11.53
1,80.00,129,696.46,665.79,0.00
1,80.00,130,219.35,589.32,20.69
1,80.00,131,569.20,514.28,0.00
1,80.00,132,139.76,513.69,22.31
1,80.00,133,637.25,660.61,15.68
1,80.00,134,895.79,586.87,11.48
1,80.00,135,576.28,77.29,16.67
1,80.00,136,161.28,992.37,0.00
1,80.00,137,543.25,485.23,5.94
1,80.00,138,202.81,98.97,18.11
1,80.00,139,850.96,536.99,12.88
1,80.00,140,470.72,453.37,18.97
1,80.00,141,250.85,731.03,8.62
1,80.00,142,496.04,524.94,5.64
1,80.00,143,126.38,491.79,0.00
1,80.00,144,512.90,444.65,13.26
1,80.00,145,726.55,490.01,21.20
1,80.00,146,211.99,8.06,0.00
1,80.00,147,314.62,875.56,0.00
1,80.00,148,578.05,93.93,0.00
1,80.00,149,809.12,609.66,16.99
1,80.00,150,622.18,612.26,6.96
1,80.00,151,237.79,211.34,10.05
1,80.00,152,222.63,448.75,7.56
1,80.00,153,420.95,577.36,0.00
1,80.00,154,627.70,254.40,22.11
1,80.00,155,97.09,590.28,9.55
1,80.00,156,857.84,375.62,22.43
1,80.00,157,572.35,798.93,6.44
1,80.00,158,492.67,930.36,6.74
1,80.00,159,872.58,825.12,9.89
1,80.00,160,273.07,182.21,0.00
1,80.00,161,754.06,744.86,10.15
1,80.00,162,847.08,965.80,0.00
1,80.00,163,420.28,350.98,0.00
1,80.00,164,538.16,707.32,10.74
1,80.00,165,315.30,496.61,8.02
1,80.00,166,468.43,148.17,0.00
1,80.00,167,375.89,243.44,15.33
1,80.00,168,933.26,342.92,6.94
1,80.00,169,643.67,404.26,5.18
1,80.00,170,16.54,559.00,0.00
1,80.00,171,337.98,218.83,6.12
1,80.00,172,512.78,633.65,6.58
1,80.00,173,805.44,788.63,0.00
1,80.00,174,274.67,591.19,21.95
1,80.00,175,564.67,340.40,9.25
1,80.00,176,665.72,569.37,10.04
1,80.00,177,751.21,597.09,19.46
1,80.00,178,678.26,570.24,15.06
1,80.00,179,111.17,353.80,6.50
1,80.00,180,717.25,326.32,0.00
1,80.00,181,448.59,755.39,10.39
1,80.00,182,459.42,249.93,12.74
1,80.00,183,564.99,488.64,11.65
1,80.00,184,890.58,905.25,0.00
1,80.00,185,325.65,505.88,6.63
1,80.00,186,889.90,324.50,12.09
1,80.00,187,758.30,545.15,17.97
1,80.00,188,655.70,343.11,0.00
1,80.00,189,626.41,699.20,6.50
1,80.00,190,528.22,744.19,7.74
1,80.00,191,110.22,980.08,5.27
1,80.00,192,822.94,306.44,0.00
1,80.00,193,580.89,323.77,10.21
1,80.00,194,252.87,768.33,19.69
1,80.00,195,395.98,504.10,19.91
1,80.00,196,207.84,410.91,9.13
1,80.00,197,615.97,310.45,5.16
1,80.00,198,609.37,646.82,6.47
1,80.00,199,460.81,325.80,14.22
1,90.00,0,243.93,719.06,19.61
1,90.00,1,223.21,878.67,17.85
1,90.00,2,230.09,299.07,6.43
1,90.00,3,974.73,275.86,20.97
1,90.00,4,973.81,553.63,20.79
1,90.00,5,760.95,693.39,9.34
1,90.00,6,600.44,502.48,8.28
1,90.00,7,677.78,574.94,5.79
1,90.00,8,829.47,120.88,11.78
1,90.00,9,482.70,125.78,7.44
1,90.00,10,714.93,813.71,5.44
1,90.00,11,496.40,652.23,9.36
1,90.00,12,760.97,847.60,9.48
1,90.00,13,220.90,534.47,12.39
1,90.00,14,927.24,900.41,0.00
1,90.00,15,426.04,648.17,19.22
1,90.00,16,879.81,33.12,0.00
1,90.00,17,535.48,508.54,6.75
1,90.00,18,83.69,504.04,0.00
1,90.00,19,733.44,749.95,9.98
1,90.00,20,400.86,73.69,9.22
1,90.00,21,332.82,436.50,0.00
1,90.00,22,576.90,385.56,18.11
1,90.00,23,719.39,78.10,0.00
1,90.00,24,395.32,359.93,0.00
1,90.00,25,532.12,305.67,8.96
1,90.00,26,454.69,615.12,14.88
1,90.00,27,312.83,283.97,16.97
1,90.00,28,415.00,640.58,5.42
1,90.00,29,425.64,666.29,16.00
1,90.00,30,409.63,31.80,0.00
1,90.00,31,709.93,436.32,13.49
1,90.00,32,835.52,616.71,7.10
1,90.00,33,305.18,924.25,6.69
1,90.00,34,700.10,62.67,0.00
1,90.00,35,40.63,503.18,0.00
1,90.00,36,125.91,784.95,5.58
1,90.00,37,328.24,50.77,9.72
1,90.00,38,545.47,247.96,15.39
1,90.00,39,549.03,356.25,7.35
1,90.00,40,345.63,374.45,5.75
1,90.00,41,614.85,88.75,12.49
1,90.00,42,450.38,839.39,9.88
1,90.00,43,765.63,741.00,22.89
1,90.00,44,672.69,839.12,24.69
1,90.00,45,426.01,557.29,18.02
1,90.00,46,473.63,402.21,14.61
1,90.00,47,823.86,199.87,9.84
1,90.00,48,553.25,694.92,15.04
1,90.00,49,396.02,787.63,11.95
1,90.00,50,384.29,880.70,11.76
1,90.00,51,957.25,202.62,5.24
1,90.00,52,939.41,864.13,18.64
1,90.00,53,520.77,742.30,13.05
1,90.00,54,126.02,224.17,23.36
1,90.00,55,405.89,455.14,10.07
1,90.00,56,473.87,549.96,22.42
1,90.00,57,743.96,623.87,0.00
1,90.00,58,53.45,546.14,12.68
1,90.00,59,331.52,88.71,8.04
1,90.00,60,381.28,368.73,14.89
1,90.00,61,177.22,770.36,8.85
1,90.00,62,686.18,560.96,11.46
1,90.00,63,802.37,939.89,17.66
1,90.00,64,738.57,520.04,17.93
1,90.00,65,310.32,661.51,6.30
1,90.00,66,176.99,600.90,10.94
1,90.00,67,468.51,367.39,20.10
1,90.00,68,638.37,850.46,14.65
1,90.00,69,376.40,681.35,12.40
1,90.00,70,814.45,278.83,24.55
1,90.00,71,932.34,244.24,0.00
1,90.00,72,414.98,740.66,5.17
1,90.00,73,612.44,749.23,23.09
1,90.00,74,78.90,270.28,14.08
1,90.00,75,231.46,22.07,9.93
1,90.00,76,564.61,928.31,9.16
1,90.00,77,588.77,946.42,14.90
1,90.00,78,510.24,438.09,13.99
1,90.00,79,703.37,405.91,9.11
1,90.00,80,490.99,451.65,6.24
1,90.00,81,889.02,553.15,12.19
1,90.00,82,963.53,777.38,6.05
1,90.00,83,199.72,815.65,5.28
1,90.00,84,586.92,445.14,22.45
1,90.00,85,201.35,85.08,0.00
1,90.00,86,229.54,3.98,0.00
1,90.00,87,907.77,719.59,17.95
1,90.00,88,456.56,561.54,24.87
1,90.00,89,454.88,758.21,0.00
1,90.00,90,128.59,403.66,0.00
1,90.00,91,709.37,333.43,5.99
1,90.00,92,700.44,754.31,21.74
1,90.00,93,721.16,575.44,0.00
1,90.00,94,613.09,128.00,24.51
1,90.00,95,929.87,893.38,0.00
1,90.00,96,699.39,819.12,5.30
1,90.00,97,560.47,671.03,0.00
1,90.00,98,802.95,296.83,15.95
1,90.00,99,498.46,618.52,0.00
1,90.00,100,861.70,587.43,13.31
1,90.00,101,218.55,54.23,8.04
1,90.00,102,736.17,806.22,14.30
1,90.00,103,314.96,869.45,15.09
1,90.00,104,672.99,483.92,6.83
1,90.00,105,81.82,606.59,0.00
1,90.00,106,508.12,615.26,7.45
1,90.00,107,248.68,626.71,21.13
1,90.00,108,251.41,886.75,0.00
1,90.00,109,408.16,290.90,8.40
1,90.00,110,641.26,695.79,9.76
1,90.00,111,581.36,203.55,12.05
1,90.00,112,120.46,605.93,0.00
1,90.00,113,257.77,566.58,21.67
1,90.00,114,294.48,361.87,9.47
1,90.00,115,493.06,548.66,9.46
1,90.00,116,450.03,715.38,10.64
1,90.00,117,941.24,418.11,0.00
1,90.00,118,157.13,29.42,6.08
1,90.00,119,329.15,813.55,13.67
1,90.00,120,626.84,84.14,0.00
1,90.00,121,52.31,719.60,8.88
1,90.00,122,771.81,788.96,0.00
1,90.00,123,808.27,394.59,10.28
1,90.00,124,724.59,595.98,11.48
1,90.00,125,105.75,212.82,11.31
1,90.00,126,514.45,64.48,5.78
1,90.00,127,622.65,212.48,9.96
1,90.00,128,371.90,745.20,11.53
1,90.00,129,731.39,611.81,13.14
1,90.00,130,353.92,432.16,20.69
1,90.00,131,554.99,547.70,17.99
1,90.00,132,236.38,714.82,22.31
1,90.00,133,563.73,522.17,15.68
1,90.00,134,860.60,696.17,11.48
1,90.00,135,581.00,17.38,0.00
1,90.00,136,193.60,979.34,11.10
1,90.00,137,559.68,542.35,5.94
1,90.00,138,26.60,65.42,0.00
1,90.00,139,865.18,526.48,0.00
1,90.00,140,613.43,578.37,18.97
1,90.00,141,331.41,700.37,8.62
1,90.00,142,468.08,475.96,5.64
1,90.00,143,203.58,595.96,16.02
1,90.00,144,607.46,351.66,13.26
1,90.00,145,817.75,681.43,21.20
1,90.00,146,321.15,36.86,20.24
1,90.00,147,356.16,806.82,11.27
1,90.00,148,486.37,172.57,24.14
1,90.00,149,844.03,593.33,0.00
1,90.00,150,606.12,629.91,0.00
1,90.00,151,183.71,296.00,10.05
1,90.00,152,229.25,524.07,7.56
1,90.00,153,361.61,631.65,12.25
1,90.00,154,608.87,474.72,22.11
1,90.00,155,80.98,496.20,9.55
1,90.00,156,704.87,230.37,0.00
1,90.00,157,512.76,774.41,6.44
1,90.00,158,427.10,946.13,6.74
1,90.00,159,813.76,745.67,9.89
1,90.00,160,312.90,147.91,19.52
1,90.00,161,723.27,841.61,10.15
1,90.00,162,772.09,880.72,17.94
1,90.00,163,324.63,321.77,24.12
1,90.00,164,435.01,737.20,10.74
1,90.00,165,357.83,428.57,8.02
1,90.00,166,469.95,172.49,13.90
1,90.00,167,344.91,255.71,0.00
1,90.00,168,865.87,326.37,6.94
1,90.00,169,621.92,451.30,5.18
1,90.00,170,99.73,498.18,10.49
1,90.00,171,385.56,257.27,6.12
1,90.00,172,508.49,659.61,0.00
1,90.00,173,775.00,735.56,24.67
1,90.00,174,162.70,780.02,21.95
1,90.00,175,555.78,432.48,9.25
1,90.00,176,678.15,583.84,0.00
1,90.00,177,593.21,483.46,19.46
1,90.00,178,701.38,519.96,0.00
1,90.00,179,126.40,417.01,6.50
1,90.00,180,653.73,396.73,21.38
1,90.00,181,427.53,857.12,10.39
1,90.00,182,533.71,353.38,12.74
1,90.00,183,475.69,563.49,11.65
1,90.00,184,876.61,836.00,9.42
1,90.00,185,288.72,450.86,6.63
1,90.00,186,918.07,276.73,0.00
1,90.00,187,809.44,716.34,0.00
1,90.00,188,642.70,329.42,17.04
1,90.00,189,591.39,753.95,6.50
1,90.00,190,495.25,814.23,7.74
1,90.00,191,159.30,961.01,5.27
1,90.00,192,824.68,327.05,19.82
1,90.00,193,517.89,404.15,10.21
1,90.00,194,200.02,578.68,19.69
1,90.00,195,595.03,509.62,19.91
1,90.00,196,119.46,388.02,9.13
1,90.00,197,565.60,299.23,5.16
1,90.00,198,548.27,668.15,6.47
1,90.00,199,450.93,467.70,14.22
1,100.00,0,294.81,529.65,19.61
1,100.00,1,87.78,915.99,0.00
1,100.00,2,241.75,235.86,6.43
1,100.00,3,775.53,210.20,20.97
1,100.00,4,976.06,345.70,20.79
1,100.00,5,668.76,708.11,9.34
1,100.00,6,531.90,548.89,8.28
1,100.00,7,735.03,583.83,5.79
1,100.00,8,892.99,21.67,11.78
1,100.00,9,408.34,124.57,7.44
1,100.00,10,704.04,760.38,5.44
1,100.00,11,418.97,599.68,9.36
1,100.00,12,673.91,810.20,9.48
1,100.00,13,320.55,608.08,12.39
1,100.00,14,837.99,812.36,12.87
1,100.00,15,386.94,459.94,19.22
1,100.00,16,829.51,97.14,15.96
1,100.00,17,508.18,446.79,6.75
1,100.00,18,230.62,448.09,17.16
1,100.00,19,812.20,803.74,0.00
1,100.00,20,492.99,76.98,9.22
1,100.00,21,274.48,382.54,22.50
1,100.00,22,544.02,207.42,18.11
1,100.00,23,771.53,89.90,7.64
1,100.00,24,309.53,457.16,16.37
1,100.00,25,484.72,229.65,8.96
1,100.00,26,367.83,494.33,14.88
1,100.00,27,205.72,249.62,0.00
1,100.00,28,365.35,618.94,5.42
1,100.00,29,351.97,524.23,16.00
1,100.00,30,461.07,152.87,17.06
1,100.00,31,821.65,360.69,13.49
1,100.00,32,766.37,632.59,7.10
1,100.00,33,298.08,990.75,6.69
1,100.00,34,704.40,76.32,19.64
1,100.00,35,136.29,576.98,12.60
1,100.00,36,139.26,839.11,5.58
1,100.00,37,425.20,57.96,9.72
1,100.00,38,699.40,248.48,15.39
1,100.00,39,543.13,349.25,0.00
1,100.00,40,331.10,366.40,0.00
1,100.00,41,493.57,118.52,12.49
1,100.00,42,522.81,772.13,9.88
1,100.00,43,556.13,648.75,22.89
1,100.00,44,918.92,820.26,24.69
1,100.00,45,334.03,511.49,0.00
1,100.00,46,511.96,261.17,14.61
1,100.00,47,866.66,208.65,0.00
1,100.00,48,580.68,842.83,15.04
1,100.00,49,465.66,690.56,11.95
1,100.00,50,376.57,907.92,0.00
1,100.00,51,954.24,150.34,5.24
1,100.00,52,968.89,875.80,0.00
1,100.00,53,416.68,689.83,0.00
1,100.00,54,156.12,106.62,0.00
1,100.00,55,319.10,506.11,10.07
1,100.00,56,408.80,646.90,0.00
1,100.00,57,727.21,577.55,18.89
1,100.00,58,157.07,473.09,12.68
1,100.00,59,333.65,78.44,0.00
1,100.00,60,369.44,220.26,14.89
1,100.00,61,92.26,794.95,8.85
1,100.00,62,665.46,572.09,0.00
1,100.00,63,838.34,964.22,0.00
1,100.00,64,752.43,698.76,17.93
1,100.00,65,357.98,620.30,6.30
1,100.00,66,161.48,492.62,10.94
1,100.00,67,267.66,374.95,20.10
1,100.00,68,738.58,957.37,14.65
1,100.00,69,453.53,778.42,12.40
1,100.00,70,985.54,243.74,0.00
1,100.00,71,919.66,313.28,10.87
1,100.00,72,363.37,737.89,5.17
1,100.00,73,843.02,737.02,23.09
1,100.00,74,201.34,339.80,14.08
1,100.00,75,330.08,33.50,9.93
1,100.00,76,593.76,841.52,9.16
1,100.00,77,476.14,848.91,14.90
1,100.00,78,616.84,528.65,13.99
1,100.00,79,625.55,358.53,9.11
1,100.00,80,552.69,461.18,6.24
1,100.00,81,886.68,431.30,12.19
1,100.00,82,976.81,836.39,6.05
1,100.00,83,188.71,867.29,5.28
1,100.00,84,668.11,654.40,22.45
1,100.00,85,333.26,127.22,14.31
1,100.00,86,304.58,67.01,11.92
1,100.00,87,820.67,562.59,17.95
1,100.00,88,632.52,385.76,24.87
1,100.00,89,449.55,747.52,8.84
1,100.00,90,86.38,575.42,21.92
1,100.00,91,653.98,310.64,5.99
1,100.00,92,843.69,917.82,21.74
1,100.00,93,608.29,629.49,16.48
1,100.00,94,724.05,15.41,0.00
1,100.00,95,910.40,836.52,20.15
1,100.00,96,647.83,831.29,5.30
1,100.00,97,475.36,606.29,12.84
1,100.00,98,730.38,438.92,15.95
1,100.00,99,547.16,617.28,23.39
1,100.00,100,882.70,718.88,13.31
1,100.00,101,286.61,97.09,8.04
1,100.00,102,824.09,827.07,0.00
1,100.00,103,232.34,889.43,0.00
1,100.00,104,641.27,544.41,6.83
1,100.00,105,257.40,580.55,23.86
1,100.00,106,433.69,611.13,7.45
1,100.00,107,210.92,719.45,0.00
1,100.00,108,81.89,862.93,19.17
1,100.00,109,403.33,244.76,0.00
1,100.00,110,686.62,782.17,9.76
1,100.00,111,693.72,247.04,12.05
1,100.00,112,323.89,579.88,23.65
1,100.00,113,261.80,527.02,0.00
1,100.00,114,373.86,310.20,9.47
1,100.00,115,418.66,607.09,9.46
1,100.00,116,372.83,788.56,10.64
1,100.00,117,903.86,429.80,20.38
1,100.00,118,97.25,40.08,6.08
1,100.00,119,440.19,733.78,13.67
1,100.00,120,558.36,179.93,13.29
1,100.00,121,36.54,806.94,8.88
1,100.00,122,657.50,725.53,13.18
1,100.00,123,766.67,300.57,10.28
1,100.00,124,787.91,691.69,11.48
1,100.00,125,203.80,269.14,11.31
1,100.00,126,466.96,31.52,5.78
1,100.00,127,715.72,247.85,9.96
1,100.00,128,459.58,670.40,11.53
1,100.00,129,802.79,501.50,13.14
1,100.00,130,488.50,275.01,20.69
1,100.00,131,484.58,713.27,17.99
1,100.00,132,305.79,859.33,0.00
1,100.00,133,490.22,383.73,15.68
1,100.00,134,860.55,696.29,0.00
1,100.00,135,528.89,61.42,10.67
1,100.00,136,296.58,937.84,11.10
1,100.00,137,576.10,599.48,5.94
1,100.00,138,26.83,66.08,7.36
1,100.00,139,785.21,478.39,10.82
1,100.00,140,756.14,703.38,18.97
1,100.00,141,411.97,669.71,8.62
1,100.00,142,463.91,468.65,0.00
1,100.00,143,298.96,724.64,16.02
1,100.00,144,702.01,258.67,13.26
1,100.00,145,908.95,872.85,21.20
1,100.00,146,516.89,88.52,20.24
1,100.00,147,414.46,710.37,11.27
1,100.00,148,303.12,329.77,24.14
1,100.00,149,754.99,488.76,17.76
1,100.00,150,553.43,634.21,8.04
1,100.00,151,129.63,380.66,10.05
1,100.00,152,235.87,599.39,7.56
1,100.00,153,271.21,714.34,12.25
1,100.00,154,590.04,695.04,22.11
1,100.00,155,64.87,402.11,9.55
1,100.00,156,697.99,235.62,14.54
1,100.00,157,466.00,755.17,0.00
1,100.00,158,361.53,961.90,6.74
1,100.00,159,754.94,666.21,9.89
1,100.00,160,323.15,139.08,0.00
1,100.00,161,698.28,920.11,0.00
1,100.00,162,653.44,746.10,17.94
1,100.00,163,212.57,287.53,0.00
1,100.00,164,331.87,767.09,10.74
1,100.00,165,400.35,360.54,8.02
1,100.00,166,478.62,311.19,13.90
1,100.00,167,297.28,436.31,23.87
1,100.00,168,798.48,309.83,6.94
1,100.00,169,600.18,498.33,5.18
1,100.00,170,184.42,436.25,10.49
1,100.00,171,433.13,295.71,6.12
1,100.00,172,437.58,595.86,15.88
1,100.00,173,652.25,521.60,24.67
1,100.00,174,58.99,954.95,0.00
1,100.00,175,546.88,524.57,9.25
1,100.00,176,618.68,554.67,8.18
1,100.00,177,440.98,373.98,0.00
1,100.00,178,687.14,491.10,5.09
1,100.00,179,141.63,480.21,6.50
1,100.00,180,510.50,555.46,21.38
1,100.00,181,406.47,958.84,10.39
1,100.00,182,607.99,456.84,12.74
1,100.00,183,386.38,638.34,11.65
1,100.00,184,857.97,743.62,9.42
1,100.00,185,251.78,395.84,6.63
1,100.00,186,886.79,279.22,5.80
1,100.00,187,808.98,716.53,9.19
1,100.00,188,525.34,205.92,17.04
1,100.00,189,556.37,808.70,6.50
1,100.00,190,481.20,844.07,0.00
1,100.00,191,208.38,941.94,5.27
1,100.00,192,841.34,524.56,19.82
1,100.00,193,454.88,484.53,10.21
1,100.00,194,147.16,389.03,19.69
1,100.00,195,794.08,515.14,19.91
1,100.00,196,45.04,368.75,0.00
1,100.00,197,515.23,288.00,5.16
1,100.00,198,487.17,689.49,6.47
1,100.00,199,441.06,609.61,14.22
1,110.00,0,300.79,507.37,0.00
1,110.00,1,83.41,889.93,12.41
1,110.00,2,253.41,172.64,6.43
1,110.00,3,576.32,144.55,20.97
1,110.00,4,978.31,137.76,20.79
1,110.00,5,576.57,722.84,9.34
1,110.00,6,463.37,595.31,8.28
1,110.00,7,792.28,592.72,5.79
1,110.00,8,901.85,7.82,0.00
1,110.00,9,333.98,123.37,7.44
1,110.00,10,693.15,707.05,5.44
1,110.00,11,341.54,547.12,9.36
1,110.00,12,586.84,772.81,9.48
1,110.00,13,420.20,681.70,12.39
1,110.00,14,746.40,721.99,12.87
1,110.00,15,347.84,271.72,19.22
1,110.00,16,730.91,222.63,15.96
1,110.00,17,480.87,385.05,6.75
1,110.00,18,242.68,443.49,0.00
1,110.00,19,803.90,807.70,20.80
1,110.00,20,585.12,80.27,9.22
1,110.00,21,217.97,330.27,0.00
1,110.00,22,511.15,29.29,18.11
1,110.00,23,846.07,106.76,7.64
1,110.00,24,201.23,579.87,16.37
1,110.00,25,437.33,153.64,8.96
1,110.00,26,280.98,373.55,14.88
1,110.00,27,243.84,290.55,16.59
1,110.00,28,315.71,597.30,5.42
1,110.00,29,278.29,382.17,16.00
1,110.00,30,527.80,309.91,17.06
1,110.00,31,864.29,331.83,0.00
1,110.00,32,710.89,645.32,0.00
1,110.00,33,297.74,993.94,0.00
1,110.00,34,763.42,263.60,19.64
1,110.00,35,236.05,653.93,12.60
1,110.00,36,142.29,851.40,0.00
1,110.00,37,522.15,65.14,9.72
1,110.00,38,822.45,248.90,0.00
1,110.00,39,627.72,474.23,17.24
1,110.00,40,274.93,492.24,19.38
1,110.00,41,372.30,148.29,12.49
1,110.00,42,595.24,704.86,9.88
1,110.00,43,346.64,556.49,22.89
1,110.00,44,934.29,819.08,0.00
1,110.00,45,323.96,481.86,7.28
1,110.00,46,550.29,120.14,14.61
1,110.00,47,805.68,289.22,18.17
1,110.00,48,608.10,990.74,15.04
1,110.00,49,535.29,593.48,11.95
1,110.00,50,433.91,890.54,0.00
1,110.00,51,951.24,98.06,5.24
1,110.00,52,820.73,763.05,22.43
1,110.00,53,441.05,679.48,24.72
1,110.00,54,238.12,134.59,18.03
1,110.00,55,274.89,532.08,0.00
1,110.00,56,439.43,670.49,8.07
1,110.00,57,700.27,503.02,0.00
1,110.00,58,260.68,400.05,12.68
1,110.00,59,410.54,279.31,24.73
1,110.00,60,357.61,71.79,14.89
1,110.00,61,22.62,815.12,0.00
1,110.00,62,585.94,739.83,23.36
1,110.00,63,725.84,946.82,0.00
1,110.00,64,766.28,877.48,17.93
1,110.00,65,405.64,579.08,6.30
1,110.00,66,145.96,384.35,10.94
1,110.00,67,159.82,379.01,0.00
1,110.00,68,743.94,963.09,0.00
1,110.00,69,530.66,875.49,12.40
1,110.00,70,937.06,267.53,18.71
1,110.00,71,900.02,420.23,10.87
1,110.00,72,311.77,735.12,5.17
1,110.00,73,983.43,729.58,0.00
1,110.00,74,316.70,405.30,0.00
1,110.00,75,428.69,44.93,9.93
1,110.00,76,622.92,754.72,9.16
1,110.00,77,363.51,751.39,14.90
1,110.00,78,723.43,619.20,13.99
1,110.00,79,547.72,311.15,9.11
1,110.00,80,560.72,462.42,0.00
1,110.00,81,884.34,309.45,12.19
1,110.00,82,990.09,895.40,6.05
1,110.00,83,180.32,906.64,0.00
1,110.00,84,749.29,863.66,22.45
1,110.00,85,469.59,170.77,14.31
1,110.00,86,395.88,143.70,11.92
1,110.00,87,733.57,405.59,17.95
1,110.00,88,808.49,209.98,24.87
1,110.00,89,410.12,668.38,8.84
1,110.00,90,34.08,788.27,21.92
1,110.00,91,598.60,287.84,5.99
1,110.00,92,868.63,946.29,0.00
1,110.00,93,459.67,700.65,16.48
1,110.00,94,672.29,81.05,23.55
1,110.00,95,872.86,726.90,0.00
1,110.00,96,596.27,843.47,5.30
1,110.00,97,373.15,528.53,12.84
1,110.00,98,657.81,581.01,15.95
1,110.00,99,677.05,613.96,0.00
1,110.00,100,903.70,850.33,13.31
1,110.00,101,354.67,139.95,8.04
1,110.00,102,810.46,775.28,14.54
1,110.00,103,263.13,866.47,8.79
1,110.00,104,609.54,604.90,6.83
1,110.00,105,493.45,545.53,23.86
1,110.00,106,359.27,606.99,7.45
1,110.00,107,281.43,645.78,19.38
1,110.00,108,50.75,858.55,0.00
1,110.00,109,442.37,263.35,9.66
1,110.00,110,731.97,868.55,9.76
1,110.00,111,806.09,290.53,12.05
1,110.00,112,558.46,549.85,23.65
1,110.00,113,180.57,564.91,10.98
1,110.00,114,453.24,258.52,9.47
1,110.00,115,367.61,647.18,0.00
1,110.00,116,295.62,861.73,10.64
1,110.00,117,709.39,490.62,20.38
1,110.00,118,49.30,48.62,0.00
1,110.00,119,500.36,690.55,0.00
1,110.00,120,481.06,288.04,13.29
1,110.00,121,25.72,866.87,0.00
1,110.00,122,542.23,661.56,13.18
1,110.00,123,725.06,206.54,10.28
1,110.00,124,799.23,708.80,0.00
1,110.00,125,301.85,325.47,11.31
1,110.00,126,443.68,15.36,0.00
1,110.00,127,808.80,283.22,9.96
1,110.00,128,547.26,595.59,11.53
1,110.00,129,874.18,391.19,13.14
1,110.00,130,518.82,239.60,0.00
1,110.00,131,472.57,741.53,0.00
1,110.00,132,333.11,848.59,10.43
1,110.00,133,482.14,368.52,0.00
1,110.00,134,777.38,601.01,12.66
1,110.00,135,447.41,130.28,10.67
1,110.00,136,399.08,896.53,0.00
1,110.00,137,584.80,629.72,0.00
1,110.00,138,51.28,135.48,7.36
1,110.00,139,692.52,422.65,10.82
1,110.00,140,799.31,741.19,0.00
1,110.00,141,492.53,639.05,8.62
1,110.00,142,643.48,470.32,21.11
1,110.00,143,394.34,853.32,16.02
1,110.00,144,742.34,219.00,0.00
1,110.00,145,967.06,994.82,0.00
1,110.00,146,579.19,104.96,0.00
1,110.00,147,472.75,613.92,11.27
1,110.00,148,133.14,475.57,0.00
1,110.00,149,672.12,391.42,0.00
1,110.00,150,473.26,640.76,8.04
1,110.00,151,106.17,417.38,0.00
1,110.00,152,242.49,674.71,7.56
1,110.00,153,228.59,753.34,0.00
1,110.00,154,588.94,707.92,0.00
1,110.00,155,48.76,308.03,9.55
1,110.00,156,582.36,323.77,14.54
1,110.00,157,479.21,754.55,6.14
1,110.00,158,295.96,977.67,6.74
1,110.00,159,696.12,586.76,9.89
1,110.00,160,441.60,169.35,13.14
1,110.00,161,699.97,903.93,8.63
1,110.00,162,534.79,611.49,17.94
1,110.00,163,304.66,277.05,18.03
1,110.00,164,228.72,796.97,10.74
1,110.00,165,442.88,292.50,8.02
1,110.00,166,487.30,449.90,13.90
1,110.00,167,236.41,667.09,23.87
1,110.00,168,731.09,293.28,6.94
1,110.00,169,584.29,532.70,0.00
1,110.00,170,269.11,374.32,10.49
1,110.00,171,480.70,334.14,6.12
1,110.00,172,366.94,532.35,0.00
1,110.00,173,638.51,497.64,0.00
1,110.00,174,63.15,953.61,5.93
1,110.00,175,537.98,616.66,9.25
1,110.00,176,545.25,518.65,8.18
1,110.00,177,447.32,373.12,17.50
1,110.00,178,664.63,445.47,5.09
1,110.00,179,156.86,543.42,6.50
1,110.00,180,384.16,695.49,0.00
1,110.00,181,398.32,998.18,0.00
1,110.00,182,682.28,560.29,12.74
1,110.00,183,297.07,713.19,11.65
1,110.00,184,839.33,651.24,9.42
1,110.00,185,214.84,340.81,6.63
1,110.00,186,829.02,283.83,5.80
1,110.00,187,724.00,751.54,9.19
1,110.00,188,407.98,82.42,17.04
1,110.00,189,521.35,863.45,6.50
1,110.00,190,493.17,812.88,5.82
1,110.00,191,257.46,922.87,5.27
1,110.00,192,849.15,617.21,0.00
1,110.00,193,391.88,564.90,10.21
1,110.00,194,96.55,207.40,0.00
1,110.00,195,823.92,515.97,0.00
1,110.00,196,73.71,390.11,22.63
1,110.00,197,470.57,278.04,0.00
1,110.00,198,426.07,710.82,6.47
1,110.00,199,431.19,751.52,14.22
1,120.00,0,448.29,484.80,16.91
1,120.00,1,62.90,767.56,12.41
1,120.00,2,254.26,168.04,0.00
1,120.00,3,425.19,94.74,0.00
1,120.00,4,978.38,131.27,0.00
1,120.00,5,484.39,737.56,9.34
1,120.00,6,394.83,641.73,8.28
1,120.00,7,849.53,601.62,5.79
1,120.00,8,757.25,79.61,18.76
1,120.00,9,259.63,122.17,7.44
1,120.00,10,682.26,653.72,5.44
1,120.00,11,264.10,494.57,9.36
1,120.00,12,499.78,735.42,9.48
1,120.00,13,519.84,755.31,12.39
1,120.00,14,654.80,631.62,12.87
1,120.00,15,308.74,83.49,19.22
1,120.00,16,632.31,348.12,15.96
1,120.00,17,453.57,323.30,6.75
1,120.00,18,336.75,480.21,10.92
1,120.00,19,616.19,897.27,20.80
1,120.00,20,677.24,83.56,9.22
1,120.00,21,312.04,231.83,20.70
1,120.00,22,507.92,11.83,0.00
1,120.00,23,920.60,123.63,7.64
1,120.00,24,92.94,702.59,16.37
1,120.00,25,389.94,77.63,8.96
1,120.00,26,194.12,252.76,14.88
1,120.00,27,356.89,411.97,16.59
1,120.00,28,266.06,575.66,5.42
1,120.00,29,214.40,258.97,0.00
1,120.00,30,594.52,466.95,17.06
1,120.00,31,794.25,375.19,13.32
1,120.00,32,688.91,646.91,11.14
1,120.00,33,350.80,940.87,7.88
1,120.00,34,822.45,450.88,19.64
1,120.00,35,335.81,730.89,12.60
1,120.00,36,129.95,746.86,13.62
1,120.00,37,619.11,72.33,9.72
1,120.00,38,793.51,257.80,15.09
1,120.00,39,724.34,616.99,17.24
1,120.00,40,195.96,669.18,19.38
1,120.00,41,251.02,178.07,12.49
1,120.00,42,667.68,637.59,9.88
1,120.00,43,137.15,464.24,22.89
1,120.00,44,871.32,810.98,6.77
1,120.00,45,300.53,412.90,7.28
1,120.00,46,559.19,87.37,0.00
1,120.00,47,696.03,434.09,18.17
1,120.00,48,608.62,993.51,0.00
1,120.00,49,556.53,563.86,0.00
1,120.00,50,454.95,843.97,19.54
1,120.00,51,950.12,78.52,0.00
1,120.00,52,721.52,687.55,0.00
1,120.00,53,651.07,590.22,0.00
1,120.00,54,408.74,192.81,18.03
1,120.00,55,365.10,577.65,20.60
1,120.00,56,503.37,719.71,8.07
1,120.00,57,638.33,549.90,13.38
1,120.00,58,364.30,327.01,12.68
1,120.00,59,498.96,510.31,24.73
1,120.00,60,354.03,26.84,0.00
1,120.00,61,54.38,809.53,17.89
1,120.00,62,574.46,764.04,0.00
1,120.00,63,681.92,891.51,24.52
1,120.00,64,773.53,970.98,0.00
1,120.00,65,453.30,537.86,6.30
1,120.00,66,130.45,276.08,10.94
1,120.00,67,161.99,317.13,13.37
1,120.00,68,552.89,925.41,20.57
1,120.00,69,607.79,972.57,12.40
1,120.00,70,769.07,349.97,18.71
1,120.00,71,880.38,527.18,10.87
1,120.00,72,260.16,732.35,5.17
1,120.00,73,932.97,699.07,15.08
1,120.00,74,320.51,409.37,9.65
1,120.00,75,527.31,56.36,9.93
1,120.00,76,652.08,667.93,9.16
1,120.00,77,250.88,653.87,14.90
1,120.00,78,824.69,705.23,0.00
1,120.00,79,469.90,263.76,9.11
1,120.00,80,617.34,312.84,18.38
1,120.00,81,881.99,187.60,12.19
1,120.00,82,998.17,931.32,0.00
1,120.00,83,216.67,871.66,21.21
1,120.00,84,764.72,903.42,0.00
1,120.00,85,605.92,214.33,14.31
1,120.00,86,487.19,220.38,11.92
1,120.00,87,646.48,248.60,17.95
1,120.00,88,975.38,43.27,0.00
1,120.00,89,370.69,589.24,8.84
1,120.00,90,11.41,880.52,0.00
1,120.00,91,543.22,265.04,5.99
1,120.00,92,895.59,778.66,20.56
1,120.00,93,456.37,702.23,0.00
1,120.00,94,526.42,266.00,23.55
1,120.00,95,887.09,681.95,11.09
1,120.00,96,544.71,855.65,5.30
1,120.00,97,270.93,450.77,12.84
1,120.00,98,585.25,723.09,15.95
1,120.00,99,584.79,661.13,23.32
1,120.00,100,915.51,924.29,0.00
1,120.00,101,422.72,182.80,8.04
1,120.00,102,773.47,634.63,14.54
1,120.00,103,333.60,813.89,8.79
1,120.00,104,577.82,665.39,6.83
1,120.00,105,702.27,514.55,0.00
1,120.00,106,284.84,602.86,7.45
1,120.00,107,415.45,505.78,19.38
1,120.00,108,139.26,696.91,22.04
1,120.00,109,529.56,304.86,9.66
1,120.00,110,737.14,878.38,0.00
1,120.00,111,876.77,317.88,0.00
1,120.00,112,793.03,519.81,23.65
1,120.00,113,83.03,610.42,0.00
1,120.00,114,532.62,206.85,9.47
1,120.00,115,371.33,618.34,9.27
1,120.00,116,218.42,934.91,10.64
1,120.00,117,514.93,551.44,20.38
1,120.00,118,54.81,75.10,13.59
1,120.00,119,446.68,707.68,12.30
1,120.00,120,403.77,396.15,13.29
1,120.00,121,60.36,843.41,13.33
1,120.00,122,426.96,597.59,13.18
1,120.00,123,717.03,188.38,0.00
1,120.00,124,610.81,703.07,0.00
1,120.00,125,399.89,381.79,11.31
1,120.00,126,457.67,50.54,7.42
1,120.00,127,889.72,313.97,0.00
1,120.00,128,634.95,520.79,11.53
1,120.00,129,945.58,280.88,13.14
1,120.00,130,591.58,91.46,21.30
1,120.00,131,517.76,683.46,8.87
1,120.00,132,430.13,810.44,10.43
1,120.00,133,545.66,477.72,14.19
1,120.00,134,694.10,505.62,12.66
1,120.00,135,365.93,199.13,10.67
1,120.00,136,398.68,896.22,10.86
1,120.00,137,517.02,578.41,18.06
1,120.00,138,75.73,204.87,7.36
1,120.00,139,599.83,366.92,10.82
1,120.00,140,761.43,701.78,7.84
1,120.00,141,573.09,608.40,8.62
1,120.00,142,854.55,472.28,21.11
1,120.00,143,489.72,981.99,16.02
1,120.00,144,711.25,259.55,8.91
1,120.00,145,951.26,982.70,5.49
1,120.00,146,538.03,154.15,9.41
1,120.00,147,531.04,517.47,11.27
1,120.00,148,132.67,490.89,21.16
1,120.00,149,650.81,431.16,16.08
1,120.00,150,393.09,647.31,8.04
1,120.00,151,114.57,513.11,16.97
1,120.00,152,249.11,750.03,7.56
1,120.00,153,210.57,687.29,12.96
1,120.00,154,754.55,708.19,17.59
1,120.00,155,32.65,213.95,9.55
1,120.00,156,466.73,411.92,14.54
1,120.00,157,540.55,751.65,6.14
1,120.00,158,230.39,993.45,6.74
1,120.00,159,637.31,507.30,9.89
1,120.00,160,568.87,201.86,13.14
1,120.00,161,708.94,818.13,8.63
1,120.00,162,416.13,476.87,17.94
1,120.00,163,483.76,256.66,18.03
1,120.00,164,158.50,817.32,0.00
1,120.00,165,465.58,256.19,0.00
1,120.00,166,495.97,588.60,13.90
1,120.00,167,191.75,836.41,0.00
1,120.00,168,663.70,276.73,6.94
1,120.00,169,566.76,526.28,6.93
1,120.00,170,353.81,312.39,10.49
1,120.00,171,528.27,372.58,6.12
1,120.00,172,424.47,535.88,14.34
1,120.00,173,657.93,376.68,13.80
1,120.00,174,119.62,935.52,5.93
1,120.00,175,531.98,678.79,0.00
1,120.00,176,471.82,482.63,8.18
1,120.00,177,620.73,349.35,17.50
1,120.00,178,642.12,399.85,5.09
1,120.00,179,172.09,606.63,6.50
1,120.00,180,385.18,711.46,13.58
1,120.00,181,407.18,933.72,10.61
1,120.00,182,756.57,663.75,12.74
1,120.00,183,256.37,747.31,0.00
1,120.00,184,820.68,558.85,9.42
1,120.00,185,177.91,285.79,6.63
1,120.00,186,771.25,288.43,5.80
1,120.00,187,639.02,786.54,9.19
1,120.00,188,397.70,71.59,0.00
1,120.00,189,486.33,918.20,6.50
1,120.00,190,514.01,758.54,5.82
1,120.00,191,306.54,903.80,5.27
1,120.00,192,751.85,559.45,21.31
1,120.00,193,328.87,645.28,10.21
1,120.00,194,104.82,207.35,19.57
1,120.00,195,707.92,532.67,13.79
1,120.00,196,255.15,525.28,22.63
1,120.00,197,479.27,289.07,12.41
1,120.00,198,364.97,732.16,6.47
1,120.00,199,428.55,789.48,0.00
1,130.00,0,524.74,473.11,0.00
1,130.00,1,42.39,645.20,12.41
1,130.00,2,440.57,170.88,20.10
1,130.00,3,378.24,128.04,23.85
1,130.00,4,816.83,226.74,19.37
1,130.00,5,392.20,752.28,9.34
1,130.00,6,326.29,688.15,8.28
1,130.00,7,906.78,610.51,5.79
1,130.00,8,732.36,91.97,0.00
1,130.00,9,185.27,120.96,7.44
1,130.00,10,671.37,600.39,5.44
1,130.00,11,186.67,442.02,9.36
1,130.00,12,412.71,698.03,9.48
1,130.00,13,619.49,828.92,12.39
1,130.00,14,563.20,541.26,12.87
1,130.00,15,302.18,51.93,0.00
1,130.00,16,590.77,400.99,0.00
1,130.00,17,426.26,261.55,6.75
1,130.00,18,438.48,519.91,10.92
1,130.00,19,573.32,917.72,0.00
1,130.00,20,769.37,86.86,9.22
1,130.00,21,455.05,82.18,20.70
1,130.00,22,569.33,211.24,23.13
1,130.00,23,931.42,126.07,0.00
1,130.00,24,67.21,731.76,0.00
1,130.00,25,373.32,50.98,0.00
1,130.00,26,179.67,232.67,0.00
1,130.00,27,469.95,533.38,16.59
1,130.00,28,216.41,554.02,5.42
1,130.00,29,224.68,260.83,7.87
1,130.00,30,651.10,600.11,0.00
1,130.00,31,680.98,445.31,13.32
1,130.00,32,654.65,649.37,0.00
1,130.00,33,406.53,885.13,7.88
1,130.00,34,881.47,638.16,19.64
1,130.00,35,435.57,807.85,12.60
1,130.00,36,113.99,611.63,13.62
1,130.00,37,716.06,79.51,9.72
1,130.00,38,649.25,302.16,15.09
1,130.00,39,820.96,759.74,17.24
1,130.00,40,168.93,729.74,0.00
1,130.00,41,184.08,194.50,0.00
1,130.00,42,740.11,570.33,9.88
1,130.00,43,24.49,414.63,0.00
1,130.00,44,804.16,802.34,6.77
1,130.00,45,277.10,343.95,7.28
1,130.00,46,649.20,124.32,12.67
1,130.00,47,586.38,578.97,18.17
1,130.00,48,560.76,939.42,7.36
1,130.00,49,624.95,425.97,22.15
1,130.00,50,535.40,665.91,19.54
1,130.00,51,879.65,132.90,14.21
1,130.00,52,673.71,702.72,11.29
1,130.00,53,636.99,579.23,23.26
1,130.00,54,579.37,251.03,18.03
1,130.00,55,548.99,670.54,20.60
1,130.00,56,567.31,768.93,8.07
1,130.00,57,531.62,630.67,13.38
1,130.00,58,467.91,253.97,12.68
1,130.00,59,587.38,741.31,24.73
1,130.00,60,424.36,74.45,12.18
1,130.00,61,230.54,778.54,17.89
1,130.00,62,496.08,578.14,22.79
1,130.00,63,529.44,699.51,24.52
1,130.00,64,784.10,943.57,6.16
1,130.00,65,500.97,496.64,6.30
1,130.00,66,114.94,167.80,10.94
1,130.00,67,166.66,183.51,13.37
1,130.00,68,351.03,885.59,20.57
1,130.00,69,612.77,978.84,0.00
1,130.00,70,601.09,432.41,18.71
1,130.00,71,860.74,634.13,10.87
1,130.00,72,208.56,729.58,5.17
1,130.00,73,803.94,621.06,15.08
1,130.00,74,386.57,479.69,9.65
1,130.00,75,625.93,67.79,9.93
1,130.00,76,681.24,581.13,9.16
1,130.00,77,210.03,618.51,0.00
1,130.00,78,828.11,711.61,14.47
1,130.00,79,392.08,216.38,9.11
1,130.00,80,664.30,188.82,0.00
1,130.00,81,881.46,159.60,0.00
1,130.00,82,969.64,900.50,10.73
1,130.00,83,369.52,724.59,21.21
1,130.00,84,712.16,720.83,23.46
1,130.00,85,742.25,257.88,14.31
1,130.00,86,578.49,297.07,11.92
1,130.00,87,594.12,154.22,0.00
1,130.00,88,970.55,50.02,16.08
1,130.00,89,331.26,510.10,8.84
1,130.00,90,128.89,932.35,22.66
1,130.00,91,487.83,242.25,5.99
1,130.00,92,928.23,575.70,20.56
1,130.00,93,393.17,581.55,13.93
1,130.00,94,380.56,450.95,23.55
1,130.00,95,920.56,576.18,11.09
1,130.00,96,536.96,857.48,0.00
1,130.00,97,168.72,373.01,12.84
1,130.00,98,516.48,857.74,0.00
1,130.00,99,377.17,767.25,23.32
1,130.00,100,872.96,877.67,14.43
1,130.00,101,490.78,225.66,8.04
1,130.00,102,736.48,493.99,14.54
1,130.00,103,404.07,761.32,8.79
1,130.00,104,546.09,725.89,6.83
1,130.00,105,677.31,515.72,21.66
1,130.00,106,236.56,600.17,0.00
1,130.00,107,549.48,365.77,19.38
1,130.00,108,245.14,503.55,22.04
1,130.00,109,616.74,346.37,9.66
1,130.00,110,734.94,796.79,9.21
1,130.00,111,872.66,361.00,11.68
1,130.00,112,839.42,513.87,0.00
1,130.00,113,86.85,608.07,22.92
1,130.00,114,599.84,163.09,0.00
1,130.00,115,383.18,526.45,9.27
1,130.00,116,189.71,962.12,0.00
1,130.00,117,378.00,594.27,0.00
1,130.00,118,82.53,208.12,13.59
1,130.00,119,329.49,745.06,12.30
1,130.00,120,326.47,504.26,13.29
1,130.00,121,170.74,768.63,13.33
1,130.00,122,311.68,533.61,13.18
1,130.00,123,651.15,158.59,8.96
1,130.00,124,609.81,701.27,7.03
1,130.00,125,488.18,432.50,0.00
1,130.00,126,485.10,119.53,7.42
1,130.00,127,885.12,319.32,5.41
1,130.00,128,722.63,445.99,11.53
1,130.00,129,999.61,197.39,0.00
1,130.00,130,635.74,1.55,0.00
1,130.00,131,572.25,613.45,8.87
1,130.00,132,527.16,772.30,10.43
1,130.00,133,599.94,571.03,0.00
1,130.00,134,610.83,410.23,12.66
1,130.00,135,284.45,267.99,10.67
1,130.00,136,312.76,829.79,10.86
1,130.00,137,372.99,469.41,18.06
1,130.00,138,100.18,274.26,7.36
1,130.00,139,507.13,311.18,10.82
1,130.00,140,707.13,645.28,7.84
1,130.00,141,653.65,577.74,8.62
1,130.00,142,997.87,473.61,0.00
1,130.00,143,498.32,993.61,0.00
1,130.00,144,657.03,330.26,8.91
1,130.00,145,907.69,949.30,5.49
1,130.00,146,477.67,226.29,9.41
1,130.00,147,589.33,421.02,11.27
1,130.00,148,126.18,702.37,21.16
1,130.00,149,574.79,572.90,16.08
1,130.00,150,312.92,653.85,8.04
1,130.00,151,129.40,682.18,16.97
1,130.00,152,255.73,825.34,7.56
1,130.00,153,176.48,562.29,12.96
1,130.00,154,886.01,708.40,0.00
1,130.00,155,18.16,129.33,0.00
1,130.00,156,351.10,500.07,14.54
1,130.00,157,601.89,748.75,6.14
1,130.00,158,216.48,996.79,0.00
1,130.00,159,578.49,427.85,9.89
1,130.00,160,696.14,234.38,13.14
1,130.00,161,717.91,732.32,8.63
1,130.00,162,297.48,342.26,17.94
1,130.00,163,662.86,236.27,18.03
1,130.00,164,149.42,844.76,9.06
1,130.00,165,387.96,327.06,22.54
1,130.00,166,504.65,727.31,13.90
1,130.00,167,211.71,825.00,8.63
1,130.00,168,596.31,260.18,6.94
1,130.00,169,501.66,502.47,6.93
1,130.00,170,438.50,250.46,10.49
1,130.00,171,575.84,411.02,6.12
1,130.00,172,567.65,544.66,14.34
1,130.00,173,679.79,240.48,13.80
1,130.00,174,176.08,917.42,5.93
1,130.00,175,500.31,711.48,13.99
1,130.00,176,398.39,446.61,8.18
1,130.00,177,713.42,336.65,0.00
1,130.00,178,619.61,354.23,5.09
1,130.00,179,187.32,669.84,6.50
1,130.00,180,393.22,836.86,0.00
1,130.00,181,421.62,828.61,10.61
1,130.00,182,830.85,767.20,12.74
1,130.00,183,266.99,666.20,15.03
1,130.00,184,802.04,466.47,9.42
1,130.00,185,140.97,230.77,6.63
1,130.00,186,713.49,293.03,5.80
1,130.00,187,554.05,821.55,9.19
1,130.00,188,457.35,73.47,6.54
1,130.00,189,451.31,972.95,6.50
1,130.00,190,534.85,704.20,5.82
1,130.00,191,355.62,884.73,5.27
1,130.00,192,568.58,450.65,21.31
1,130.00,193,265.87,725.66,10.21
1,130.00,194,300.49,206.11,19.57
1,130.00,195,571.45,552.33,13.79
1,130.00,196,436.58,660.45,22.63
1,130.00,197,556.14,386.52,12.41
1,130.00,198,303.87,753.49,6.47
1,130.00,199,455.17,725.52,9.46
1,140.00,0,433.56,527.40,19.56
1,140.00,1,21.89,522.84,12.41
1,140.00,2,491.85,171.66,0.00
1,140.00,3,183.70,266.02,23.85
1,140.00,4,650.07,325.27,19.37
1,140.00,5,306.34,765.99,0.00
1,140.00,6,257.75,734.57,8.28
1,140.00,7,916.77,612.06,0.00
1,140.00,8,848.52,190.35,17.87
1,140.00,9,110.92,119.76,7.44
1,140.00,10,660.48,547.06,5.44
1,140.00,11,109.24,389.47,9.36
1,140.00,12,398.78,692.05,0.00
1,140.00,13,719.14,902.53,12.39
1,140.00,14,471.60,450.89,12.87
1,140.00,15,341.30,74.73,5.44
1,140.00,16,552.29,399.64,6.65
1,140.00,17,406.53,216.93,0.00
1,140.00,18,540.20,559.61,10.92
1,140.00,19,505.49,931.00,8.96
1,140.00,20,852.96,89.84,0.00
1,140.00,21,518.59,15.68,0.00
1,140.00,22,637.40,432.33,23.13
1,140.00,23,848.49,249.91,17.43
1,140.00,24,56.11,781.26,6.65
1,140.00,25,417.42,134.02,14.48
1,140.00,26,246.15,322.24,13.38
1,140.00,27,583.00,654.79,16.59
1,140.00,28,166.77,532.38,5.42
1,140.00,29,302.10,274.81,7.87
1,140.00,30,640.61,579.43,15.26
1,140.00,31,567.72,515.44,13.32
1,140.00,32,610.47,609.17,8.64
1,140.00,33,462.26,829.39,7.88
1,140.00,34,885.56,651.12,0.00
1,140.00,35,535.33,884.80,12.60
1,140.00,36,98.03,476.40,13.62
1,140.00,37,813.01,86.70,9.72
1,140.00,38,637.73,305.70,0.00
1,140.00,39,917.59,902.50,17.24
1,140.00,40,225.59,682.41,11.22
1,140.00,41,168.02,130.73,14.68
1,140.00,42,812.54,503.06,9.88
1,140.00,43,114.31,389.38,20.18
1,140.00,44,737.00,793.70,6.77
1,140.00,45,253.67,274.99,7.28
1,140.00,46,726.02,155.85,0.00
1,140.00,47,476.73,723.85,18.17
1,140.00,48,511.98,884.28,7.36
1,140.00,49,707.67,259.25,0.00
1,140.00,50,586.92,551.90,0.00
1,140.00,51,767.13,219.74,14.21
1,140.00,52,566.08,736.87,11.29
1,140.00,53,453.67,436.14,23.26
1,140.00,54,638.84,271.32,0.00
1,140.00,55,732.88,763.44,20.60
1,140.00,56,631.25,818.15,8.07
1,140.00,57,517.43,641.41,0.00
1,140.00,58,571.53,180.93,12.68
1,140.00,59,671.56,961.21,0.00
1,140.00,60,482.90,114.08,0.00
1,140.00,61,406.69,747.56,17.89
1,140.00,62,407.53,368.16,22.79
1,140.00,63,376.96,507.51,24.52
1,140.00,64,806.26,886.09,6.16
1,140.00,65,548.63,455.43,6.30
1,140.00,66,99.42,59.53,10.94
1,140.00,67,171.33,49.88,13.37
1,140.00,68,212.49,858.26,0.00
1,140.00,69,608.01,825.47,16.40
1,140.00,70,588.94,438.38,0.00
1,140.00,71,841.10,741.08,10.87
1,140.00,72,156.95,726.81,5.17
1,140.00,73,674.91,543.05,15.08
1,140.00,74,452.63,550.01,9.65
1,140.00,75,724.54,79.23,9.93
1,140.00,76,710.40,494.34,9.16
1,140.00,77,312.22,636.75,16.29
1,140.00,78,896.45,839.11,14.47
1,140.00,79,314.26,169.00,9.11
1,140.00,80,644.23,242.75,20.65
1,140.00,81,779.00,169.63,13.37
1,140.00,82,896.75,821.74,10.73
1,140.00,83,491.15,607.55,0.00
1,140.00,84,647.29,495.41,23.46
1,140.00,85,834.95,287.50,0.00
1,140.00,86,669.79,373.75,11.92
1,140.00,87,573.43,158.63,5.30
1,140.00,88,877.06,180.83,16.08
1,140.00,89,291.83,430.95,8.84
1,140.00,90,191.01,959.76,0.00
1,140.00,91,432.45,219.45,5.99
1,140.00,92,939.66,504.64,0.00
1,140.00,93,328.53,458.13,13.93
1,140.00,94,234.70,635.89,23.55
1,140.00,95,954.03,470.41,11.09
1,140.00,96,636.42,694.90,22.43
1,140.00,97,159.42,365.93,0.00
1,140.00,98,511.28,850.32,17.32
1,140.00,99,326.73,793.03,0.00
1,140.00,100,775.70,771.11,14.43
1,140.00,101,558.84,268.52,8.04
1,140.00,102,699.50,353.35,14.54
1,140.00,103,474.54,708.75,8.79
1,140.00,104,514.37,786.38,6.83
1,140.00,105,460.90,525.85,21.66
1,140.00,106,234.03,566.51,9.61
1,140.00,107,683.50,225.77,19.38
1,140.00,108,351.01,310.20,22.04
1,140.00,109,703.93,387.88,9.66
1,140.00,110,732.46,704.71,9.21
1,140.00,111,861.58,477.25,11.68
1,140.00,112,850.51,596.31,10.37
1,140.00,113,282.15,488.06,22.92
1,140.00,114,608.39,169.28,6.89
1,140.00,115,388.89,482.20,0.00
1,140.00,116,323.09,954.10,21.27
1,140.00,117,431.14,567.74,20.08
1,140.00,118,110.24,341.13,13.59
1,140.00,119,212.31,782.44,12.30
1,140.00,120,249.18,612.37,13.29
1,140.00,121,281.13,693.85,13.33
1,140.00,122,196.41,469.64,13.18
1,140.00,123,569.51,121.68,8.96
1,140.00,124,575.77,639.78,7.03
1,140.00,125,505.55,436.51,17.91
1,140.00,126,512.53,188.53,7.42
1,140.00,127,849.80,360.30,5.41
1,140.00,128,749.63,422.95,0.00
1,140.00,129,968.58,232.03,19.13
1,140.00,130,573.90,86.80,19.88
1,140.00,131,626.74,543.43,8.87
1,140.00,132,624.19,734.15,10.43
1,140.00,133,641.66,567.24,17.49
1,140.00,134,527.56,314.84,12.66
1,140.00,135,202.98,336.85,10.67
1,140.00,136,226.83,763.37,10.86
1,140.00,137,228.97,360.41,18.06
1,140.00,138,124.63,343.66,7.36
1,140.00,139,414.44,255.44,10.82
1,140.00,140,652.82,588.79,7.84
1,140.00,141,734.21,547.08,8.62
1,140.00,142,973.13,488.89,9.06
1,140.00,143,511.65,898.95,10.51
1,140.00,144,602.81,400.96,8.91
1,140.00,145,864.12,915.90,5.49
1,140.00,146,417.31,298.43,9.41
1,140.00,147,612.31,383.00,0.00
1,140.00,148,119.68,913.84,21.16
1,140.00,149,498.76,714.64,16.08
1,140.00,150,232.75,660.40,8.04
1,140.00,151,144.23,851.25,16.97
1,140.00,152,262.34,900.66,7.56
1,140.00,153,142.39,437.28,12.96
1,140.00,154,867.44,691.51,9.94
1,140.00,155,28.55,131.52,10.55
1,140.00,156,235.47,588.22,14.54
1,140.00,157,663.24,745.84,6.14
1,140.00,158,229.19,899.70,12.43
1,140.00,159,519.67,348.40,9.89
1,140.00,160,794.04,259.39,0.00
1,140.00,161,726.88,646.51,8.63
1,140.00,162,178.83,207.64,17.94
1,140.00,163,707.72,231.16,0.00
1,140.00,164,120.96,930.73,9.06
1,140.00,165,221.47,479.07,22.54
1,140.00,166,510.36,818.62,0.00
1,140.00,167,286.67,782.14,8.63
1,140.00,168,528.92,243.63,6.94
1,140.00,169,436.55,478.66,6.93
1,140.00,170,504.06,202.52,0.00
1,140.00,171,623.41,449.45,6.12
1,140.00,172,710.83,553.45,14.34
1,140.00,173,701.66,104.27,13.80
1,140.00,174,232.55,899.32,5.93
1,140.00,175,402.96,811.94,13.99
1,140.00,176,324.96,410.59,8.18
1,140.00,177,772.60,375.32,15.19
1,140.00,178,597.10,308.60,5.09
1,140.00,179,202.55,733.04,6.50
1,140.00,180,404.91,822.42,24.97
1,140.00,181,436.07,723.49,10.61
1,140.00,182,905.14,870.66,12.74
1,140.00,183,286.51,517.14,15.03
1,140.00,184,799.48,453.76,0.00
1,140.00,185,104.03,175.75,6.63
1,140.00,186,655.72,297.63,5.80
1,140.00,187,469.07,856.56,9.19
1,140.00,188,522.73,75.54,6.54
1,140.00,189,435.09,998.30,0.00
1,140.00,190,555.70,649.86,5.82
1,140.00,191,404.70,865.66,5.27
1,140.00,192,385.30,341.85,21.31
1,140.00,193,202.86,806.03,10.21
1,140.00,194,323.85,205.96,0.00
1,140.00,195,434.98,571.98,13.79
1,140.00,196,618.02,795.62,22.63
1,140.00,197,624.28,472.91,0.00
1,140.00,198,242.77,774.83,6.47
1,140.00,199,491.51,638.18,9.46
1,150.00,0,265.53,627.45,19.56
1,150.00,1,18.05,499.98,0.00
1,150.00,2,481.45,216.58,6.19
1,150.00,3,100.77,324.84,0.00
1,150.00,4,483.31,423.81,19.37
1,150.00,5,307.77,762.55,5.43
1,150.00,6,199.60,773.95,0.00
1,150.00,7,819.84,735.87,19.05
1,150.00,8,881.58,218.35,0.00
1,150.00,9,79.83,119.25,0.00
1,150.00,10,649.60,493.73,5.44
1,150.00,11,31.81,336.92,9.36
1,150.00,12,421.41,798.16,12.92
1,150.00,13,818.79,976.14,12.39
1,150.00,14,380.00,360.52,12.87
1,150.00,15,388.31,102.11,5.44
1,150.00,16,485.79,397.31,6.65
1,150.00,17,431.23,188.64,13.54
1,150.00,18,641.92,599.31,10.92
1,150.00,19,417.59,948.20,8.96
1,150.00,20,854.17,107.35,18.94
1,150.00,21,598.74,103.58,21.41
1,150.00,22,689.96,603.04,0.00
1,150.00,23,758.52,384.25,0.00
1,150.00,24,41.55,846.20,6.65
1,150.00,25,485.34,261.89,14.48
1,150.00,26,325.90,429.68,13.38
1,150.00,27,696.05,776.20,16.59
1,150.00,28,117.12,510.74,5.42
1,150.00,29,379.53,288.79,7.87
1,150.00,30,571.63,443.34,15.26
1,150.00,31,454.45,585.56,13.32
1,150.00,32,546.59,551.05,8.64
1,150.00,33,517.98,773.65,7.88
1,150.00,34,697.06,670.98,20.36
1,150.00,35,536.53,885.73,0.00
1,150.00,36,82.06,341.18,13.62
1,150.00,37,869.13,90.86,0.00
1,150.00,38,467.51,268.16,18.94
1,150.00,39,941.76,938.22,0.00
1,150.00,40,311.73,610.45,11.22
1,150.00,41,149.94,58.95,0.00
1,150.00,42,884.97,435.79,9.88
1,150.00,43,295.42,338.48,0.00
1,150.00,44,669.83,785.06,6.77
1,150.00,45,230.24,206.04,7.28
1,150.00,46,698.96,144.71,8.49
1,150.00,47,367.08,868.73,18.17
1,150.00,48,463.20,829.15,7.36
1,150.00,49,691.00,280.72,17.01
1,150.00,50,616.01,593.69,14.16
1,150.00,51,654.62,306.57,14.21
1,150.00,52,458.45,771.03,11.29
1,150.00,53,270.34,293.04,23.26
1,150.00,54,750.97,316.79,18.57
1,150.00,55,816.21,805.54,0.00
1,150.00,56,695.19,867.37,8.07
1,150.00,57,309.33,635.98,24.01
1,150.00,58,675.14,107.89,12.68
1,150.00,59,668.86,957.54,9.47
1,150.00,60,485.87,169.14,13.14
1,150.00,61,438.43,741.97,0.00
1,150.00,62,318.99,158.19,22.79
1,150.00,63,229.92,322.35,0.00
1,150.00,64,828.42,828.62,6.16
1,150.00,65,596.29,414.21,6.30
1,150.00,66,95.93,35.19,0.00
1,150.00,67,172.68,11.29,0.00
1,150.00,68,268.43,855.87,17.85
1,150.00,69,602.91,661.51,16.40
1,150.00,70,479.57,494.81,13.27
1,150.00,71,828.28,810.85,0.00
1,150.00,72,105.34,724.04,5.17
1,150.00,73,545.88,465.04,15.08
1,150.00,74,518.68,620.33,9.65
1,150.00,75,823.16,90.66,9.93
1,150.00,76,739.56,407.54,9.16
1,150.00,77,472.54,665.37,16.29
1,150.00,78,923.45,889.48,0.00
1,150.00,79,236.44,121.62,9.11
1,150.00,80,572.20,436.33,20.65
1,150.00,81,645.97,182.66,13.37
1,150.00,82,823.85,742.98,10.73
1,150.00,83,503.28,593.49,9.09
1,150.00,84,582.41,270.00,23.46
1,150.00,85,777.68,233.43,24.61
1,150.00,86,761.09,450.44,11.92
1,150.00,87,521.57,169.69,5.30
1,150.00,88,783.56,311.64,16.08
1,150.00,89,252.41,351.81,8.84
1,150.00,90,200.29,891.16,9.88
1,150.00,91,377.07,196.66,5.99
1,150.00,92,899.78,487.28,6.69
1,150.00,93,263.90,334.72,13.93
1,150.00,94,88.83,820.84,23.55
1,150.00,95,960.96,448.54,0.00
1,150.00,96,753.46,503.57,22.43
1,150.00,97,261.06,302.19,13.20
1,150.00,98,411.85,708.48,17.32
1,150.00,99,380.22,801.48,7.15
1,150.00,100,678.44,664.54,14.43
1,150.00,101,626.89,311.37,8.04
1,150.00,102,662.51,212.70,14.54
1,150.00,103,505.10,685.95,0.00
1,150.00,104,482.64,846.87,6.83
1,150.00,105,244.50,535.99,21.66
1,150.00,106,226.84,470.68,9.61
1,150.00,107,817.52,85.77,19.38
1,150.00,108,456.89,116.84,22.04
1,150.00,109,791.12,429.39,9.66
1,150.00,110,729.98,612.63,9.21
1,150.00,111,850.49,593.51,11.68
1,150.00,112,864.34,699.07,10.37
1,150.00,113,354.73,443.46,0.00
1,150.00,114,664.25,209.69,6.89
1,150.00,115,432.34,371.24,22.98
1,150.00,116,388.09,950.20,0.00
1,150.00,117,610.76,478.06,20.08
1,150.00,118,130.66,439.09,0.00
1,150.00,119,194.09,788.25,0.00
1,150.00,120,225.57,645.39,0.00
1,150.00,121,391.52,619.07,13.33
1,150.00,122,167.13,453.39,0.00
1,150.00,123,487.86,84.76,8.96
1,150.00,124,541.73,578.29,7.03
1,150.00,125,680.01,476.81,17.91
1,150.00,126,539.96,257.52,7.42
1,150.00,127,814.48,401.29,5.41
1,150.00,128,696.70,532.19,17.54
1,150.00,129,840.94,374.52,19.13
1,150.00,130,457.19,247.68,19.88
1,150.00,131,681.23,473.42,8.87
1,150.00,132,721.21,696.01,10.43
1,150.00,133,716.71,560.43,0.00
1,150.00,134,452.93,229.35,0.00
1,150.00,135,121.50,405.71,10.67
1,150.00,136,150.88,704.66,0.00
1,150.00,137,213.73,348.88,0.00
1,150.00,138,125.72,346.75,0.00
1,150.00,139,321.74,199.70,10.82
1,150.00,140,598.52,532.29,7.84
1,150.00,141,814.77,516.42,8.62
1,150.00,142,896.07,536.46,9.06
1,150.00,143,517.69,856.10,0.00
1,150.00,144,548.59,471.67,8.91
1,150.00,145,820.55,882.51,5.49
1,150.00,146,356.94,370.58,9.41
1,150.00,147,574.22,367.60,6.78
1,150.00,148,118.34,957.73,0.00
1,150.00,149,422.74,856.39,16.08
1,150.00,150,152.58,666.94,8.04
1,150.00,151,144.27,851.67,0.00
1,150.00,152,265.82,940.27,0.00
1,150.00,153,108.30,312.28,12.96
1,150.00,154,793.94,624.64,9.94
1,150.00,155,131.79,153.26,10.55
1,150.00,156,119.84,676.37,14.54
1,150.00,157,724.58,742.94,6.14
1,150.00,158,245.31,776.48,12.43
1,150.00,159,460.85,268.94,9.89
1,150.00,160,752.20,257.84,18.14
1,150.00,161,735.84,560.71,8.63
1,150.00,162,123.59,144.97,0.00
1,150.00,163,716.78,295.87,8.72
1,150.00,164,117.05,942.55,0.00
1,150.00,165,54.98,631.08,22.54
1,150.00,166,479.00,793.35,11.79
1,150.00,167,361.63,739.28,8.63
1,150.00,168,461.53,227.09,6.94
1,150.00,169,371.45,454.85,6.93
1,150.00,170,495.27,219.26,8.37
1,150.00,171,670.99,487.89,6.12
1,150.00,172,854.01,562.23,14.34
1,150.00,173,713.68,29.42,0.00
1,150.00,174,289.02,881.22,5.93
1,150.00,175,377.36,838.37,0.00
1,150.00,176,273.23,385.22,0.00
1,150.00,177,836.42,417.02,0.00
1,150.00,178,574.59,262.98,5.09
1,150.00,179,217.78,796.25,6.50
1,150.00,180,562.04,628.38,24.97
1,150.00,181,450.51,618.38,10.61
1,150.00,182,962.20,950.12,0.00
1,150.00,183,295.21,450.69,0.00
1,150.00,184,725.45,292.54,20.57
1,150.00,185,67.09,120.73,6.63
1,150.00,186,597.95,302.24,5.80
1,150.00,187,384.09,891.56,9.19
1,150.00,188,588.11,77.60,6.54
1,150.00,189,411.37,873.31,23.69
1,150.00,190,576.54,595.52,5.82
1,150.00,191,453.78,846.58,5.27
1,150.00,192,383.98,341.06,0.00
1,150.00,193,187.27,825.93,0.00
1,150.00,194,363.26,292.52,10.80
1,150.00,195,298.52,591.63,13.79
1,150.00,196,638.61,810.96,0.00
1,150.00,197,636.22,496.96,23.65
1,150.00,198,181.67,796.16,6.47
1,150.00,199,527.86,550.84,9.46
1,160.00,0,125.28,710.97,0.00
1,160.00,1,206.00,569.76,24.66
1,160.00,2,467.48,276.91,6.19
1,160.00,3,174.54,308.91,13.15
1,160.00,4,316.56,522.35,19.37
1,160.00,5,328.59,712.35,5.43
1,160.00,6,208.75,774.13,6.04
1,160.00,7,702.41,885.85,19.05
1,160.00,8,821.02,244.09,8.69
1,160.00,9,152.63,134.14,12.77
1,160.00,10,638.71,440.40,5.44
1,160.00,11,26.15,333.08,0.00
1,160.00,12,429.63,836.71,0.00
1,160.00,13,841.51,992.92,0.00
1,160.00,14,288.41,270.15,12.87
1,160.00,15,435.31,129.50,5.44
1,160.00,16,419.30,394.98,6.65
1,160.00,17,467.67,146.91,0.00
1,160.00,18,743.64,639.01,10.92
1,160.00,19,329.70,965.40,8.96
1,160.00,20,867.28,296.27,18.94
1,160.00,21,743.00,261.76,21.41
1,160.00,22,664.69,577.27,15.84
1,160.00,23,763.62,370.64,20.04
1,160.00,24,26.98,911.14,6.65
1,160.00,25,553.25,389.77,14.48
1,160.00,26,405.65,537.13,13.38
1,160.00,27,809.11,897.62,16.59
1,160.00,28,96.99,501.97,0.00
1,160.00,29,456.96,302.77,7.87
1,160.00,30,502.64,307.25,15.26
1,160.00,31,341.18,655.69,13.32
1,160.00,32,482.71,492.93,8.64
1,160.00,33,573.71,717.91,7.88
1,160.00,34,494.56,692.32,20.36
1,160.00,35,483.32,648.01,24.66
1,160.00,36,66.10,205.95,13.62
1,160.00,37,829.21,65.46,11.23
1,160.00,38,282.52,227.37,18.94
1,160.00,39,917.98,899.55,6.05
1,160.00,40,349.71,578.72,0.00
1,160.00,41,197.72,62.33,9.66
1,160.00,42,891.82,429.44,0.00
1,160.00,43,297.78,347.45,13.65
1,160.00,44,602.67,776.41,6.77
1,160.00,45,206.81,137.08,7.28
1,160.00,46,620.48,112.41,8.49
1,160.00,47,323.98,925.68,0.00
1,160.00,48,414.43,774.02,7.36
1,160.00,49,586.71,415.08,17.01
1,160.00,50,678.26,683.12,0.00
1,160.00,51,542.10,393.40,14.21
1,160.00,52,350.83,805.18,11.29
1,160.00,53,100.89,160.77,0.00
1,160.00,54,833.30,350.17,0.00
1,160.00,55,792.54,772.63,7.41
1,160.00,56,719.53,886.11,0.00
1,160.00,57,69.29,629.71,24.01
1,160.00,58,778.76,34.85,12.68
1,160.00,59,612.64,881.29,9.47
1,160.00,60,492.93,300.35,13.14
1,160.00,61,427.21,696.51,5.71
1,160.00,62,276.88,58.32,0.00
1,160.00,63,237.99,321.87,22.67
1,160.00,64,850.57,771.14,6.16
1,160.00,65,643.95,372.99,6.30
1,160.00,66,203.05,137.13,19.07
1,160.00,67,209.16,181.10,24.42
1,160.00,68,446.74,848.25,17.85
1,160.00,69,597.82,497.56,16.40
1,160.00,70,361.68,555.63,13.27
1,160.00,71,825.53,782.85,8.09
1,160.00,72,53.74,721.27,5.17
1,160.00,73,416.84,387.03,15.08
1,160.00,74,584.74,690.65,9.65
1,160.00,75,921.77,102.09,9.93
1,160.00,76,768.71,320.74,9.16
1,160.00,77,632.87,693.99,16.29
1,160.00,78,917.94,858.05,5.27
1,160.00,79,221.15,112.31,0.00
1,160.00,80,500.17,629.90,20.65
1,160.00,81,512.95,195.69,13.37
1,160.00,82,750.95,664.22,10.73
1,160.00,83,562.67,524.65,9.09
1,160.00,84,570.31,227.96,0.00
1,160.00,85,598.69,64.47,24.61
1,160.00,86,849.42,524.63,0.00
1,160.00,87,469.71,180.75,5.30
1,160.00,88,690.07,442.45,16.08
1,160.00,89,212.98,272.67,8.84
1,160.00,90,213.53,793.21,9.88
1,160.00,91,339.66,181.26,0.00
1,160.00,92,838.40,460.57,6.69
1,160.00,93,199.26,211.30,13.93
1,160.00,94,26.43,899.96,0.00
1,160.00,95,874.43,424.03,11.34
1,160.00,96,795.73,434.47,0.00
1,160.00,97,372.88,232.07,13.20
1,160.00,98,312.41,566.63,17.32
1,160.00,99,450.87,812.64,7.15
1,160.00,100,581.18,557.97,14.43
1,160.00,101,694.95,354.23,8.04
1,160.00,102,625.52,72.06,14.54
1,160.00,103,391.65,762.17,24.14
1,160.00,104,450.92,907.37,6.83
1,160.00,105,33.05,545.89,0.00
1,160.00,106,219.64,374.85,9.61
1,160.00,107,894.44,5.42,0.00
1,160.00,108,500.68,36.87,0.00
1,160.00,109,878.30,470.91,9.66
1,160.00,110,727.51,520.55,9.21
1,160.00,111,845.89,641.76,0.00
1,160.00,112,878.17,801.83,10.37
1,160.00,113,328.60,475.54,6.58
1,160.00,114,720.11,250.11,6.89
1,160.00,115,502.40,192.35,0.00
1,160.00,116,402.24,877.36,10.69
1,160.00,117,790.38,388.39,20.08
1,160.00,118,155.99,424.24,11.14
1,160.00,119,297.35,803.75,12.36
1,160.00,120,251.26,602.32,7.22
1,160.00,121,501.91,544.29,13.33
1,160.00,122,278.65,333.79,21.92
1,160.00,123,406.21,47.84,8.96
1,160.00,124,507.70,516.81,7.03
1,160.00,125,693.29,479.87,0.00
1,160.00,126,567.39,326.52,7.42
1,160.00,127,779.16,442.27,5.41
1,160.00,128,620.22,690.03,17.54
1,160.00,129,713.31,517.00,19.13
1,160.00,130,340.47,408.57,19.88
1,160.00,131,735.72,403.40,8.87
1,160.00,132,818.24,657.86,10.43
1,160.00,133,658.88,587.70,11.23
1,160.00,134,460.09,240.00,12.37
1,160.00,135,40.02,474.57,10.67
1,160.00,136,160.05,691.19,14.02
1,160.00,137,262.28,228.97,14.47
1,160.00,138,95.11,430.84,9.37
1,160.00,139,229.05,143.96,10.82
1,160.00,140,553.06,485.00,0.00
1,160.00,141,895.33,485.76,8.62
1,160.00,142,819.00,584.04,9.06
1,160.00,143,444.55,829.96,13.20
1,160.00,144,494.37,542.37,8.91
1,160.00,145,776.98,849.11,5.49
1,160.00,146,296.58,442.72,9.41
1,160.00,147,511.34,342.16,6.78
1,160.00,148,179.76,881.32,12.37
1,160.00,149,401.13,896.66,0.00
1,160.00,150,72.41,673.49,8.04
1,160.00,151,198.48,826.00,6.01
1,160.00,152,294.07,915.45,7.93
1,160.00,153,84.45,224.84,0.00
1,160.00,154,720.44,557.77,9.94
1,160.00,155,235.04,175.01,10.55
1,160.00,156,6.65,762.66,0.00
1,160.00,157,785.92,740.04,6.14
1,160.00,158,261.44,653.26,12.43
1,160.00,159,402.03,189.49,9.89
1,160.00,160,570.90,251.14,18.14
1,160.00,161,744.81,474.90,8.63
1,160.00,162,237.96,149.84,21.42
1,160.00,163,728.87,382.20,8.72
1,160.00,164,154.34,871.14,9.34
1,160.00,165,2.65,678.86,0.00
1,160.00,166,387.21,719.37,11.79
1,160.00,167,436.58,696.42,8.63
1,160.00,168,394.13,210.54,6.94
1,160.00,169,306.35,431.04,6.93
1,160.00,170,456.33,293.32,8.37
1,160.00,171,718.56,526.33,6.12
1,160.00,172,924.64,566.56,0.00
1,160.00,173,684.46,52.68,8.29
1,160.00,174,345.49,863.12,5.93
1,160.00,175,414.82,857.14,5.69
1,160.00,176,289.48,419.26,12.76
1,160.00,177,807.23,408.14,6.13
1,160.00,178,552.08,217.36,5.09
1,160.00,179,233.01,859.46,6.50
1,160.00,180,719.16,434.35,24.97
1,160.00,181,461.49,538.43,0.00
1,160.00,182,938.42,941.93,10.84
1,160.00,183,343.05,501.32,12.57
1,160.00,184,675.02,182.71,0.00
1,160.00,185,33.41,70.56,0.00
1,160.00,186,540.18,306.84,5.80
1,160.00,187,299.11,926.57,9.19
1,160.00,188,653.49,79.66,6.54
1,160.00,189,367.20,640.54,23.69
1,160.00,190,597.38,541.18,5.82
1,160.00,191,502.86,827.51,5.27
1,160.00,192,317.39,434.82,11.58
1,160.00,193,247.62,828.31,8.03
1,160.00,194,408.02,390.81,10.80
1,160.00,195,162.05,611.29,13.79
1,160.00,196,595.26,754.17,8.06
1,160.00,197,741.35,708.77,23.65
1,160.00,198,120.57,817.50,6.47
1,160.00,199,564.21,463.51,9.46
1,170.00,0,114.27,691.60,13.48
1,170.00,1,271.22,593.98,0.00
1,170.00,2,453.52,337.23,6.19
1,170.00,3,303.11,281.15,13.15
1,170.00,4,177.93,604.27,0.00
1,170.00,5,349.41,662.15,5.43
1,170.00,6,269.11,775.36,6.04
1,170.00,7,685.54,907.39,0.00
1,170.00,8,741.08,278.06,8.69
1,170.00,9,277.73,159.72,12.77
1,170.00,10,627.82,387.07,5.44
1,170.00,11,167.12,461.08,20.54
1,170.00,12,383.25,792.38,9.23
1,170.00,13,946.99,890.11,19.08
1,170.00,14,196.81,179.78,12.87
1,170.00,15,482.31,156.89,5.44
1,170.00,16,374.67,393.42,0.00
1,170.00,17,482.73,285.61,23.61
1,170.00,18,767.66,648.38,0.00
1,170.00,19,241.80,982.61,8.96
1,170.00,20,880.39,485.19,18.94
1,170.00,21,828.46,355.48,0.00
1,170.00,22,553.78,464.15,15.84
1,170.00,23,833.92,182.97,20.04
1,170.00,24,15.44,962.64,0.00
1,170.00,25,621.17,517.64,14.48
1,170.00,26,485.40,644.57,13.38
1,170.00,27,813.65,902.49,0.00
1,170.00,28,89.74,561.44,10.08
1,170.00,29,534.38,316.75,7.87
1,170.00,30,433.65,171.16,15.26
1,170.00,31,227.92,725.81,13.32
1,170.00,32,418.83,434.81,8.64
1,170.00,33,629.44,662.17,7.88
1,170.00,34,292.05,713.67,20.36
1,170.00,35,460.09,544.26,0.00
1,170.00,36,50.14,70.72,13.62
1,170.00,37,743.77,11.10,0.00
1,170.00,38,195.60,208.20,0.00
1,170.00,39,886.25,847.99,6.05
1,170.00,40,383.23,644.79,13.25
1,170.00,41,294.08,69.16,9.66
1,170.00,42,774.22,517.22,16.21
1,170.00,43,332.48,479.44,13.65
1,170.00,44,535.51,767.77,6.77
1,170.00,45,199.51,115.59,0.00
1,170.00,46,542.00,80.10,8.49
1,170.00,47,257.31,897.53,0.00
1,170.00,48,365.65,718.89,7.36
1,170.00,49,482.41,549.45,17.01
1,170.00,50,654.94,694.02,11.17
1,170.00,51,429.58,480.23,14.21
1,170.00,52,243.20,839.33,11.29
1,170.00,53,114.54,169.73,21.57
1,170.00,54,779.21,367.49,10.89
1,170.00,55,749.25,712.45,7.41
1,170.00,56,700.23,977.57,0.00
1,170.00,57,55.15,629.34,0.00
1,170.00,58,815.25,9.12,0.00
1,170.00,59,556.42,805.05,9.47
1,170.00,60,499.99,431.56,13.14
1,170.00,61,413.53,641.05,5.71
1,170.00,62,264.01,95.49,7.50
1,170.00,63,464.31,308.34,22.67
1,170.00,64,872.73,713.66,6.16
1,170.00,65,691.62,331.78,6.30
1,170.00,66,341.23,268.62,19.07
1,170.00,67,260.44,419.87,24.42
1,170.00,68,625.06,840.62,17.85
1,170.00,69,592.72,333.60,16.40
1,170.00,70,243.79,616.46,13.27
1,170.00,71,817.62,702.32,8.09
1,170.00,72,34.03,720.21,0.00
1,170.00,73,287.81,309.02,15.08
1,170.00,74,650.79,760.97,9.65
1,170.00,75,968.21,107.48,0.00
1,170.00,76,797.87,233.95,9.16
1,170.00,77,701.02,706.15,0.00
1,170.00,78,908.84,806.10,5.27
1,170.00,79,334.91,265.44,23.74
1,170.00,80,428.14,823.48,20.65
1,170.00,81,379.92,208.72,13.37
1,170.00,82,678.05,585.46,10.73
1,170.00,83,622.06,455.82,9.09
1,170.00,84,616.57,354.33,16.54
1,170.00,85,595.03,61.02,0.00
1,170.00,86,842.47,525.31,21.51
1,170.00,87,417.85,191.81,5.30
1,170.00,88,623.06,536.20,0.00
1,170.00,89,173.55,193.53,8.84
1,170.00,90,226.77,695.26,9.88
1,170.00,91,324.42,225.76,14.49
1,170.00,92,777.03,433.86,6.69
1,170.00,93,134.62,87.89,13.93
1,170.00,94,36.01,759.75,24.56
1,170.00,95,765.36,393.14,11.34
1,170.00,96,698.01,456.75,15.69
1,170.00,97,484.69,161.95,13.20
1,170.00,98,212.98,424.79,17.32
1,170.00,99,521.52,823.80,7.15
1,170.00,100,483.91,451.40,14.43
1,170.00,101,763.01,397.09,8.04
1,170.00,102,618.92,46.98,0.00
1,170.00,103,191.31,896.76,24.14
1,170.00,104,431.46,944.47,0.00
1,170.00,105,35.16,545.97,9.22
1,170.00,106,212.44,279.02,9.61
1,170.00,107,878.85,44.62,9.90
1,170.00,108,484.91,128.76,15.90
1,170.00,109,965.49,512.42,9.66
1,170.00,110,725.03,428.47,9.21
1,170.00,111,814.81,630.48,5.65
1,170.00,112,882.31,832.56,0.00
1,170.00,113,287.02,526.60,6.58
1,170.00,114,775.97,290.52,6.89
1,170.00,115,497.79,200.57,5.75
1,170.00,116,422.62,772.40,10.69
1,170.00,117,811.23,377.97,0.00
1,170.00,118,252.10,367.90,11.14
1,170.00,119,419.61,822.10,12.36
1,170.00,120,288.25,540.29,7.22
1,170.00,121,612.29,469.51,13.33
1,170.00,122,428.15,173.45,21.92
1,170.00,123,377.26,34.75,0.00
1,170.00,124,473.66,455.32,7.03
1,170.00,125,634.40,556.44,10.46
1,170.00,126,589.41,381.90,0.00
1,170.00,127,743.84,483.25,5.41
1,170.00,128,543.74,847.87,17.54
1,170.00,129,585.67,659.49,19.13
1,170.00,130,226.08,566.25,0.00
1,170.00,131,790.21,333.39,8.87
1,170.00,132,873.98,635.95,0.00
1,170.00,133,557.29,635.62,11.23
1,170.00,134,529.09,342.68,12.37
1,170.00,135,14.27,496.33,0.00
1,170.00,136,238.96,575.25,14.02
1,170.00,137,316.58,94.89,14.47
1,170.00,138,74.01,488.84,0.00
1,170.00,139,226.72,142.56,0.00
1,170.00,140,560.29,524.66,24.76
1,170.00,141,958.62,461.67,0.00
1,170.00,142,741.94,631.61,9.06
1,170.00,143,340.30,792.68,0.00
1,170.00,144,440.15,613.07,8.91
1,170.00,145,733.41,815.71,5.49
1,170.00,146,254.81,492.64,0.00
1,170.00,147,448.47,316.73,6.78
1,170.00,148,257.28,784.90,12.37
1,170.00,149,364.81,728.68,24.01
1,170.00,150,49.13,675.39,0.00
1,170.00,151,252.84,800.27,6.01
1,170.00,152,353.64,863.13,7.93
1,170.00,153,117.48,248.39,13.50
1,170.00,154,646.94,490.91,9.94
1,170.00,155,338.28,196.75,10.55
1,170.00,156,10.95,760.25,23.37
1,170.00,157,847.26,737.14,6.14
1,170.00,158,276.23,540.24,0.00
1,170.00,159,394.41,179.19,0.00
1,170.00,160,389.61,244.44,18.14
1,170.00,161,753.78,389.09,8.63
1,170.00,162,451.99,158.97,21.42
1,170.00,163,740.95,468.53,8.72
1,170.00,164,197.58,788.36,9.34
1,170.00,165,2.49,735.19,0.00
1,170.00,166,295.43,645.39,11.79
1,170.00,167,511.54,653.57,8.63
1,170.00,168,326.74,193.99,6.94
1,170.00,169,241.25,407.22,6.93
1,170.00,170,417.40,367.38,8.37
1,170.00,171,766.13,564.76,6.12
1,170.00,172,847.90,610.70,17.47
1,170.00,173,619.61,104.34,8.29
1,170.00,174,396.13,846.89,0.00
1,170.00,175,465.67,882.62,5.69
1,170.00,176,344.45,534.44,12.76
1,170.00,177,748.61,390.29,6.13
1,170.00,178,529.57,171.73,5.09
1,170.00,179,244.98,909.15,0.00
1,170.00,180,876.29,240.31,24.97
1,170.00,181,492.90,552.54,14.38
1,170.00,182,835.92,906.61,10.84
1,170.00,183,429.37,592.67,12.57
1,170.00,184,601.26,188.12,17.93
1,170.00,185,54.02,75.36,24.01
1,170.00,186,482.42,311.44,5.80
1,170.00,187,214.14,961.58,9.19
1,170.00,188,718.87,81.72,6.54
1,170.00,189,356.37,583.52,0.00
1,170.00,190,618.22,486.84,5.82
1,170.00,191,551.94,808.44,5.27
1,170.00,192,250.32,529.25,11.58
1,170.00,193,327.83,831.47,8.03
1,170.00,194,452.77,489.10,10.80
1,170.00,195,88.57,621.87,0.00
1,170.00,196,546.35,690.10,8.06
1,170.00,197,846.49,920.58,23.65
1,170.00,198,119.84,817.76,0.00
1,170.00,199,600.55,376.17,9.46
1,180.00,0,47.66,574.42,13.48
1,180.00,1,155.68,546.97,17.38
1,180.00,2,439.55,397.56,6.19
1,180.00,3,424.54,254.92,0.00
1,180.00,4,192.22,585.97,13.76
1,180.00,5,370.23,611.95,5.43
1,180.00,6,329.46,776.58,6.04
1,180.00,7,798.78,864.81,14.13
1,180.00,8,661.14,312.04,8.69
1,180.00,9,402.83,185.30,12.77
1,180.00,10,616.93,333.74,5.44
1,180.00,11,319.20,599.16,20.54
1,180.00,12,316.50,728.59,9.23
1,180.00,13,952.13,885.09,0.00
1,180.00,14,105.21,89.41,12.87
1,180.00,15,529.31,184.28,5.44
1,180.00,16,429.39,426.00,19.36
1,180.00,17,508.22,520.32,23.61
1,180.00,18,699.88,626.75,9.31
1,180.00,19,171.65,996.34,0.00
1,180.00,20,886.01,566.21,0.00
1,180.00,21,817.28,398.25,10.85
1,180.00,22,442.87,351.04,15.84
1,180.00,23,901.77,1.82,0.00
1,180.00,24,27.36,946.98,9.52
1,180.00,25,689.08,645.51,14.48
1,180.00,26,551.80,734.04,0.00
1,180.00,27,675.60,844.70,15.59
1,180.00,28,77.55,661.50,10.08
1,180.00,29,611.81,330.72,7.87
1,180.00,30,373.32,52.16,0.00
1,180.00,31,179.68,755.68,0.00
1,180.00,32,354.95,376.68,8.64
1,180.00,33,685.17,606.43,7.88
1,180.00,34,89.54,735.01,20.36
1,180.00,35,480.20,493.97,9.52
1,180.00,36,49.18,62.57,0.00
1,180.00,37,737.47,19.17,10.41
1,180.00,38,207.07,253.77,8.86
1,180.00,39,854.53,796.43,6.05
1,180.00,40,443.17,762.96,13.25
1,180.00,41,390.45,75.98,9.66
1,180.00,42,644.35,614.16,16.21
1,180.00,43,367.18,611.42,13.65
1,180.00,44,468.34,759.13,6.77
1,180.00,45,263.08,137.77,9.78
1,180.00,46,463.53,47.80,8.49
1,180.00,47,260.55,891.83,13.69
1,180.00,48,316.88,663.75,7.36
1,180.00,49,457.33,581.75,0.00
1,180.00,50,553.77,741.36,11.17
1,180.00,51,317.07,567.06,14.21
1,180.00,52,135.58,873.49,11.29
1,180.00,53,294.88,288.04,21.57
1,180.00,54,675.55,400.69,10.89
1,180.00,55,705.96,652.26,7.41
1,180.00,56,713.39,946.89,14.49
1,180.00,57,122.08,753.71,15.01
1,180.00,58,808.40,91.24,12.72
1,180.00,59,500.21,728.80,9.47
1,180.00,60,507.05,562.77,13.14
1,180.00,61,399.85,585.59,5.71
1,180.00,62,239.47,166.38,7.50
1,180.00,63,690.63,294.80,22.67
1,180.00,64,894.89,656.19,6.16
1,180.00,65,739.28,290.56,6.30
1,180.00,66,479.41,400.11,19.07
1,180.00,67,311.73,658.64,24.42
1,180.00,68,691.08,837.80,0.00
1,180.00,69,589.09,216.83,0.00
1,180.00,70,185.93,646.32,0.00
1,180.00,71,815.08,676.42,0.00
1,180.00,72,161.60,764.79,21.86
1,180.00,73,280.81,304.79,0.00
1,180.00,74,716.85,831.29,9.65
1,180.00,75,886.26,167.30,19.18
1,180.00,76,811.61,193.06,0.00
1,180.00,77,687.54,660.71,8.24
1,180.00,78,899.73,754.15,5.27
1,180.00,79,476.46,455.99,23.74
1,180.00,80,369.53,981.00,0.00
1,180.00,81,299.17,216.63,0.00
1,180.00,82,605.15,506.70,10.73
1,180.00,83,669.19,401.18,0.00
1,180.00,84,673.44,509.66,16.54
1,180.00,85,532.36,127.84,9.35
1,180.00,86,628.35,546.25,21.51
1,180.00,87,365.99,202.87,5.30
1,180.00,88,586.81,507.18,16.39
1,180.00,89,134.12,114.39,8.84
1,180.00,90,240.01,597.32,9.88
1,180.00,91,277.45,362.87,14.49
1,180.00,92,715.66,407.15,6.69
1,180.00,93,117.63,55.43,0.00
1,180.00,94,52.74,514.70,24.56
1,180.00,95,656.28,362.24,11.34
1,180.00,96,545.05,491.62,15.69
1,180.00,97,596.51,91.83,13.20
1,180.00,98,158.92,347.67,0.00
1,180.00,99,592.17,834.95,7.15
1,180.00,100,386.65,344.84,14.43
1,180.00,101,831.06,439.95,8.04
1,180.00,102,491.50,205.61,24.76
1,180.00,103,67.63,979.85,0.00
1,180.00,104,393.12,871.38,21.35
1,180.00,105,127.31,549.56,9.22
1,180.00,106,205.25,183.19,9.61
1,180.00,107,842.26,136.62,9.90
1,180.00,108,458.03,285.47,15.90
1,180.00,109,980.44,519.54,0.00
1,180.00,110,722.55,336.39,9.21
1,180.00,111,761.67,611.20,5.65
1,180.00,112,845.02,744.95,13.58
1,180.00,113,245.44,577.66,6.58
1,180.00,114,831.83,330.94,6.89
1,180.00,115,469.69,250.69,5.75
1,180.00,116,443.01,667.43,10.69
1,180.00,117,902.80,516.92,18.83
1,180.00,118,348.22,311.56,11.14
1,180.00,119,541.88,840.45,12.36
1,180.00,120,325.24,478.27,7.22
1,180.00,121,722.68,394.73,13.33
1,180.00,122,485.01,112.47,0.00
1,180.00,123,267.63,69.83,17.83
1,180.00,124,439.62,393.83,7.03
1,180.00,125,570.66,639.33,10.46
1,180.00,126,607.26,351.40,17.92
1,180.00,127,708.52,524.24,5.41
1,180.00,128,541.38,852.75,0.00
1,180.00,129,458.04,801.97,19.13
1,180.00,130,225.93,567.38,5.72
1,180.00,131,844.70,263.37,8.87
1,180.00,132,871.81,696.34,14.20
1,180.00,133,455.70,683.53,11.23
1,180.00,134,598.09,445.35,12.37
1,180.00,135,122.40,488.53,15.85
1,180.00,136,317.87,459.31,14.02
1,180.00,137,348.26,16.65,0.00
1,180.00,138,125.75,502.72,15.71
1,180.00,139,194.75,190.68,0.00
1,180.00,140,592.55,701.65,0.00
1,180.00,141,939.90,476.24,11.07
1,180.00,142,664.88,679.18,9.06
1,180.00,143,329.30,767.44,17.04
1,180.00,144,385.93,683.78,8.91
1,180.00,145,689.83,782.31,5.49
1,180.00,146,258.85,516.26,7.78
1,180.00,147,385.59,291.29,6.78
1,180.00,148,334.80,688.48,12.37
1,180.00,149,314.08,494.02,24.01
1,180.00,150,82.76,688.98,5.11
1,180.00,151,307.19,774.53,6.01
1,180.00,152,413.20,810.81,7.93
1,180.00,153,227.41,326.76,13.50
1,180.00,154,573.44,424.04,9.94
1,180.00,155,417.66,213.47,0.00
1,180.00,156,214.74,645.80,23.37
1,180.00,157,862.67,736.41,0.00
1,180.00,158,283.63,541.38,9.05
1,180.00,159,377.20,241.69,7.45
1,180.00,160,208.32,237.74,18.14
1,180.00,161,762.75,303.29,8.63
1,180.00,162,551.87,163.23,0.00
1,180.00,163,753.04,554.87,8.72
1,180.00,164,240.81,705.57,9.34
1,180.00,165,24.69,744.57,8.36
1,180.00,166,239.18,600.06,0.00
1,180.00,167,586.49,610.71,8.63
1,180.00,168,275.01,181.29,0.00
1,180.00,169,176.15,383.41,6.93
1,180.00,170,378.46,441.45,8.37
1,180.00,171,813.70,603.20,6.12
1,180.00,172,696.47,697.80,17.47
1,180.00,173,554.76,155.99,8.29
1,180.00,174,389.08,826.01,21.38
1,180.00,175,516.51,908.09,5.69
1,180.00,176,399.42,649.63,12.76
1,180.00,177,689.99,372.45,6.13
1,180.00,178,528.27,169.11,0.00
1,180.00,179,278.41,925.24,17.35
1,180.00,180,997.66,90.42,0.00
1,180.00,181,624.12,611.46,14.38
1,180.00,182,733.42,871.29,10.84
1,180.00,183,515.69,684.02,12.57
1,180.00,184,422.43,201.23,17.93
1,180.00,185,287.83,129.86,24.01
1,180.00,186,424.65,316.04,5.80
1,180.00,187,177.47,976.68,0.00
1,180.00,188,720.43,81.77,0.00
1,180.00,189,247.54,523.12,0.00
1,180.00,190,639.07,432.50,5.82
1,180.00,191,601.02,789.37,5.27
1,180.00,192,188.04,616.94,0.00
1,180.00,193,408.03,834.64,8.03
1,180.00,194,497.53,587.38,10.80
1,180.00,195,129.44,608.20,9.34
1,180.00,196,497.44,626.04,8.06
1,180.00,197,853.01,933.71,0.00
1,180.00,198,160.12,616.10,20.81
1,180.00,199,610.72,351.73,0.00
1,190.00,0,12.75,512.99,0.00
1,190.00,1,71.44,512.70,0.00
1,190.00,2,425.58,457.88,6.19
1,190.00,3,429.26,267.25,23.77
1,190.00,4,276.90,477.50,13.76
1,190.00,5,391.05,561.75,5.43
1,190.00,6,389.81,777.80,6.04
1,190.00,7,926.76,816.67,0.00
1,190.00,8,581.20,346.01,8.69
1,190.00,9,527.93,210.88,12.77
1,190.00,10,606.04,280.41,5.44
1,190.00,11,471.28,737.25,20.54
1,190.00,12,249.76,664.80,9.23
1,190.00,13,885.52,802.49,11.03
1,190.00,14,37.19,22.31,0.00
1,190.00,15,576.32,211.66,5.44
1,190.00,16,595.77,525.08,19.36
1,190.00,17,533.70,755.03,23.61
1,190.00,18,611.15,598.44,9.31
1,190.00,19,176.88,981.72,7.69
1,190.00,20,849.15,616.65,10.94
1,190.00,21,789.84,503.18,10.85
1,190.00,22,331.96,237.92,15.84
1,190.00,23,899.75,8.01,18.68
1,190.00,24,84.99,871.25,9.52
1,190.00,25,757.00,773.39,14.48
1,190.00,26,558.53,698.55,21.59
1,190.00,27,531.77,784.49,15.59
1,190.00,28,72.15,705.87,0.00
1,190.00,29,689.24,344.70,7.87
1,190.00,30,380.25,65.86,12.23
1,190.00,31,213.75,819.00,12.53
1,190.00,32,291.06,318.56,8.64
1,190.00,33,731.78,559.81,0.00
1,190.00,34,76.33,736.40,0.00
1,190.00,35,515.55,405.54,9.52
1,190.00,36,172.40,165.39,17.08
1,190.00,37,673.39,101.17,10.41
1,190.00,38,228.72,339.74,8.86
1,190.00,39,822.81,744.87,6.05
1,190.00,40,503.11,881.13,13.25
1,190.00,41,486.81,82.81,9.66
1,190.00,42,608.83,640.66,0.00
1,190.00,43,401.87,743.41,13.65
1,190.00,44,401.18,750.49,6.77
1,190.00,45,355.43,169.98,9.78
1,190.00,46,454.56,44.11,0.00
1,190.00,47,328.14,772.74,13.69
1,190.00,48,268.10,608.62,7.36
1,190.00,49,381.41,624.67,11.48
1,190.00,50,452.59,788.70,11.17
1,190.00,51,204.55,653.90,14.21
1,190.00,52,39.56,903.95,0.00
1,190.00,53,475.21,406.35,21.57
1,190.00,54,571.88,433.88,10.89
1,190.00,55,662.67,592.08,7.41
1,190.00,56,770.54,813.69,14.49
1,190.00,57,193.20,885.87,15.01
1,190.00,58,797.83,217.99,12.72
1,190.00,59,451.27,662.42,0.00
1,190.00,60,514.11,693.98,13.14
1,190.00,61,386.17,530.13,5.71
1,190.00,62,214.93,237.26,7.50
1,190.00,63,880.76,283.43,0.00
1,190.00,64,917.05,598.71,6.16
1,190.00,65,759.24,273.30,0.00
1,190.00,66,561.27,478.01,0.00
1,190.00,67,344.46,810.99,0.00
1,190.00,68,729.20,719.06,19.80
1,190.00,69,611.65,284.52,24.79
1,190.00,70,201.29,544.50,20.22
1,190.00,71,682.73,583.92,23.80
1,190.00,72,367.98,836.92,21.86
1,190.00,73,217.46,433.14,15.13
1,190.00,74,782.91,901.61,9.65
1,190.00,75,731.39,280.37,19.18
1,190.00,76,768.77,158.05,10.46
1,190.00,77,664.10,581.68,8.24
1,190.00,78,890.63,702.20,5.27
1,190.00,79,618.01,646.53,23.74
1,190.00,80,359.48,940.09,22.61
1,190.00,81,348.91,223.10,12.76
1,190.00,82,532.26,427.94,10.73
1,190.00,83,691.80,444.16,23.53
1,190.00,84,730.31,664.99,16.54
1,190.00,85,468.38,196.05,9.35
1,190.00,86,414.24,567.20,21.51
1,190.00,87,314.13,213.93,5.30
1,190.00,88,458.82,404.73,16.39
1,190.00,89,96.92,39.74,0.00
1,190.00,90,253.25,499.37,9.88
1,190.00,91,230.48,499.97,14.49
1,190.00,92,654.29,380.45,6.69
1,190.00,93,155.49,115.69,9.66
1,190.00,94,69.47,269.66,24.56
1,190.00,95,547.20,331.34,11.34
1,190.00,96,392.10,526.49,15.69
1,190.00,97,708.32,21.72,13.20
1,190.00,98,193.38,347.01,7.55
1,190.00,99,662.82,846.11,7.15
1,190.00,100,321.49,273.44,0.00
1,190.00,101,899.12,482.80,8.04
1,190.00,102,417.67,297.54,0.00
1,190.00,103,142.30,921.35,24.79
1,190.00,104,293.96,682.36,21.35
1,190.00,105,219.46,553.16,9.22
1,190.00,106,200.91,125.36,0.00
1,190.00,107,805.66,228.62,9.90
1,190.00,108,440.45,387.95,0.00
1,190.00,109,924.25,525.91,0.00
1,190.00,110,720.07,244.31,9.21
1,190.00,111,708.54,591.91,5.65
1,190.00,112,791.82,619.95,13.58
1,190.00,113,203.86,628.72,6.58
1,190.00,114,887.69,371.35,6.89
1,190.00,115,441.59,300.81,5.75
1,190.00,116,463.39,562.47,10.69
1,190.00,117,960.01,603.74,0.00
1,190.00,118,444.33,255.22,11.14
1,190.00,119,664.14,858.80,12.36
1,190.00,120,357.08,424.88,0.00
1,190.00,121,833.07,319.95,13.33
1,190.00,122,487.26,226.74,18.44
1,190.00,123,159.91,104.31,0.00
1,190.00,124,405.58,332.34,7.03
1,190.00,125,506.92,722.21,10.46
1,190.00,126,697.75,196.77,17.92
1,190.00,127,673.20,565.22,5.41
1,190.00,128,651.61,814.51,12.04
1,190.00,129,369.54,900.77,0.00
1,190.00,130,218.39,624.10,5.72
1,190.00,131,899.19,193.36,8.87
1,190.00,132,866.71,838.28,14.20
1,190.00,133,354.11,731.45,11.23
1,190.00,134,667.09,548.03,12.37
1,190.00,135,280.49,477.12,15.85
1,190.00,136,396.77,343.37,14.02
1,190.00,137,409.19,20.25,14.66
1,190.00,138,277.48,543.42,15.71
1,190.00,139,173.83,220.43,0.00
1,190.00,140,618.88,641.93,23.88
1,190.00,141,852.55,544.23,11.07
1,190.00,142,587.81,726.76,9.06
1,190.00,143,261.22,611.22,17.04
1,190.00,144,362.76,714.00,0.00
1,190.00,145,646.26,748.92,5.49
1,190.00,146,271.96,592.94,7.78
1,190.00,147,322.72,265.86,6.78
1,190.00,148,412.32,592.06,12.37
1,190.00,149,268.32,282.41,0.00
1,190.00,150,130.15,708.13,5.11
1,190.00,151,361.54,748.80,6.01
1,190.00,152,472.77,758.48,7.93
1,190.00,153,337.35,405.14,13.50
1,190.00,154,499.94,357.17,9.94
1,190.00,155,460.03,189.59,21.04
1,190.00,156,418.53,531.34,23.37
1,190.00,157,819.68,755.49,6.28
1,190.00,158,373.03,555.21,9.05
1,190.00,159,357.43,313.50,7.45
1,190.00,160,72.73,232.72,0.00
1,190.00,161,771.71,217.48,8.63
1,190.00,162,498.97,232.25,16.31
1,190.00,163,765.13,641.20,8.72
1,190.00,164,284.05,622.79,9.34
1,190.00,165,101.75,777.11,8.36
1,190.00,166,305.95,559.99,20.11
1,190.00,167,661.45,567.85,8.63
1,190.00,168,285.41,190.90,6.10
1,190.00,169,111.05,359.60,6.93
1,190.00,170,339.53,515.51,8.37
1,190.00,171,861.27,641.64,6.12
1,190.00,172,626.89,737.82,0.00
1,190.00,173,489.91,207.65,8.29
1,190.00,174,320.67,623.43,21.38
1,190.00,175,522.15,910.92,0.00
1,190.00,176,454.39,764.81,12.76
1,190.00,177,631.38,354.61,6.13
1,190.00,178,568.74,309.36,15.49
1,190.00,179,428.62,997.53,0.00
1,190.00,180,969.95,103.91,13.55
1,190.00,181,629.21,613.75,0.00
1,190.00,182,630.92,835.97,10.84
1,190.00,183,602.01,775.38,12.57
1,190.00,184,243.60,214.34,17.93
1,190.00,185,521.63,184.36,24.01
1,190.00,186,405.74,317.55,0.00
1,190.00,187,163.46,910.44,11.91
1,190.00,188,515.76,60.70,0.00
1,190.00,189,265.81,520.69,0.00
1,190.00,190,659.91,378.15,5.82
1,190.00,191,650.10,770.30,5.27
1,190.00,192,191.35,613.98,6.21
1,190.00,193,488.24,837.80,8.03
1,190.00,194,534.70,669.02,0.00
1,190.00,195,217.99,578.60,9.34
1,190.00,196,448.53,561.97,8.06
1,190.00,197,880.79,777.50,16.91
1,190.00,198,200.90,411.98,20.81
1,190.00,199,570.57,309.65,8.08
1,200.00,0,32.72,531.29,5.69
1,200.00,1,101.04,465.65,11.66
1,200.00,2,411.61,518.21,6.19
1,200.00,3,514.26,489.19,23.77
1,200.00,4,361.59,369.03,13.76
1,200.00,5,411.87,511.56,5.43
1,200.00,6,450.17,779.02,6.04
1,200.00,7,923.46,811.45,19.23
1,200.00,8,501.26,379.99,8.69
1,200.00,9,653.03,236.46,12.77
1,200.00,10,595.16,227.08,5.44
1,200.00,11,623.36,875.33,20.54
1,200.00,12,183.01,601.02,9.23
1,200.00,13,816.31,716.66,11.03
1,200.00,14,76.19,32.58,15.67
1,200.00,15,623.32,239.05,5.44
1,200.00,16,762.16,624.15,19.36
1,200.00,17,541.81,829.68,0.00
1,200.00,18,522.42,570.12,9.31
1,200.00,19,202.81,909.33,7.69
1,200.00,20,785.09,704.33,0.00
1,200.00,21,789.31,505.20,0.00
1,200.00,22,237.24,141.31,0.00
1,200.00,23,841.71,185.57,18.68
1,200.00,24,142.62,795.52,9.52
1,200.00,25,824.91,901.26,14.48
1,200.00,26,598.73,486.48,21.59
1,200.00,27,387.94,724.28,15.59
1,200.00,28,68.51,656.58,8.88
1,200.00,29,766.66,358.68,7.87
1,200.00,30,435.45,174.96,12.23
1,200.00,31,273.10,929.30,12.53
1,200.00,32,227.18,260.44,8.64
1,200.00,33,746.94,540.57,14.97
1,200.00,34,96.88,676.97,6.73
1,200.00,35,549.15,321.48,0.00
1,200.00,36,303.54,274.82,17.08
1,200.00,37,609.30,183.17,10.41
1,200.00,38,250.36,425.70,8.86
1,200.00,39,791.08,693.31,6.05
1,200.00,40,559.80,992.87,0.00
1,200.00,41,583.18,89.63,9.66
1,200.00,42,573.94,529.35,16.06
1,200.00,43,436.57,875.40,13.65
1,200.00,44,380.42,747.82,0.00
1,200.00,45,447.78,202.20,9.78
1,200.00,46,485.38,174.25,15.10
1,200.00,47,395.72,653.66,13.69
1,200.00,48,219.32,553.49,7.36
1,200.00,49,281.46,681.16,11.48
1,200.00,50,351.41,836.03,11.17
1,200.00,51,141.93,702.22,0.00
1,200.00,52,58.82,897.29,18.89
1,200.00,53,655.55,524.65,21.57
1,200.00,54,468.22,467.08,10.89
1,200.00,55,619.38,531.90,7.41
1,200.00,56,827.69,680.48,14.49
1,200.00,57,214.94,926.26,0.00
1,200.00,58,795.17,249.94,0.00
1,200.00,59,458.32,662.77,5.45
1,200.00,60,521.17,825.19,13.14
1,200.00,61,372.49,474.68,5.71
1,200.00,62,190.39,308.15,7.50
1,200.00,63,872.31,287.59,5.89
1,200.00,64,939.21,541.23,6.16
1,200.00,65,737.44,301.27,6.10
1,200.00,66,562.59,556.81,19.34
1,200.00,67,356.67,793.95,5.79
1,200.00,68,789.73,530.50,19.80
1,200.00,69,690.00,519.69,24.79
1,200.00,70,231.47,344.54,20.22
1,200.00,71,487.66,447.58,23.80
1,200.00,72,574.37,909.04,21.86
1,200.00,73,150.46,568.85,15.13
1,200.00,74,843.41,966.02,0.00
1,200.00,75,576.52,393.44,19.18
1,200.00,76,687.77,91.87,10.46
1,200.00,77,640.66,502.65,8.24
1,200.00,78,881.53,650.25,5.27
1,200.00,79,759.56,837.08,23.74
1,200.00,80,305.52,720.51,22.61
1,200.00,81,475.47,239.58,12.76
1,200.00,82,459.36,349.18,10.73
1,200.00,83,766.52,586.22,0.00
1,200.00,84,787.18,820.33,16.54
1,200.00,85,404.39,264.26,9.35
1,200.00,86,380.65,570.48,0.00
1,200.00,87,262.27,224.99,5.30
1,200.00,88,330.84,302.27,16.39
1,200.00,89,96.02,52.55,22.65
1,200.00,90,266.49,401.43,9.88
1,200.00,91,183.51,637.08,14.49
1,200.00,92,592.92,353.74,6.69
1,200.00,93,206.86,197.44,9.66
1,200.00,94,78.41,138.76,0.00
1,200.00,95,438.12,300.45,11.34
1,200.00,96,364.63,532.76,0.00
1,200.00,97,728.58,9.01,0.00
1,200.00,98,268.89,345.55,7.55
1,200.00,99,733.47,857.27,7.15
1,200.00,100,334.12,299.09,8.66
1,200.00,101,961.28,521.95,0.00
1,200.00,102,403.39,403.71,20.45
1,200.00,103,337.44,768.46,24.79
1,200.00,104,194.80,493.33,21.35
1,200.00,105,311.60,556.75,9.22
1,200.00,106,236.09,175.73,15.49
1,200.00,107,769.07,320.62,9.90
1,200.00,108,507.52,350.43,22.21
1,200.00,109,841.02,519.74,14.01
1,200.00,110,717.59,152.23,9.21
1,200.00,111,655.41,572.63,5.65
1,200.00,112,738.62,494.95,13.58
1,200.00,113,162.28,679.78,6.58
1,200.00,114,898.12,378.89,0.00
1,200.00,115,413.49,350.93,5.75
1,200.00,116,483.78,457.50,10.69
1,200.00,117,917.60,609.39,9.56
1,200.00,118,540.45,198.88,11.14
1,200.00,119,710.86,865.81,0.00
1,200.00,120,364.16,428.89,5.85
1,200.00,121,876.96,290.21,0.00
1,200.00,122,490.90,411.14,18.44
1,200.00,123,158.20,131.95,7.57
1,200.00,124,371.54,270.85,7.03
1,200.00,125,443.17,805.09,10.46
1,200.00,126,788.23,42.14,17.92
1,200.00,127,644.48,598.54,0.00
1,200.00,128,765.36,775.06,12.04
1,200.00,129,346.59,858.26,15.76
1,200.00,130,210.84,680.82,5.72
1,200.00,131,953.68,123.34,8.87
1,200.00,132,865.08,883.57,0.00
1,200.00,133,252.52,779.36,11.23
1,200.00,134,736.09,650.71,12.37
1,200.00,135,438.57,465.71,15.85
1,200.00,136,475.68,227.43,14.02
1,200.00,137,555.51,28.88,14.66
1,200.00,138,429.21,584.11,15.71
1,200.00,139,194.04,246.60,8.26
1,200.00,140,642.41,588.56,0.00
1,200.00,141,765.20,612.21,11.07
1,200.00,142,510.75,774.33,9.06
1,200.00,143,193.13,455.00,17.04
1,200.00,144,356.81,596.89,20.48
1,200.00,145,602.69,715.52,5.49
1,200.00,146,276.23,617.88,0.00
1,200.00,147,259.84,240.42,6.78
1,200.00,148,489.84,495.64,12.37
1,200.00,149,255.71,276.47,14.20
1,200.00,150,177.54,727.28,5.11
1,200.00,151,415.89,723.07,6.01
1,200.00,152,532.34,706.16,7.93
1,200.00,153,447.29,483.52,13.50
1,200.00,154,426.44,290.30,9.94
1,200.00,155,530.75,149.71,0.00
1,200.00,156,471.01,501.87,0.00
1,200.00,157,762.28,780.96,6.28
1,200.00,158,462.42,569.03,9.05
1,200.00,159,337.66,385.31,7.45
1,200.00,160,82.82,253.04,9.00
1,200.00,161,778.18,155.62,0.00
1,200.00,162,399.77,361.68,16.31
1,200.00,163,773.48,700.87,0.00
1,200.00,164,327.29,540.00,9.34
1,200.00,165,178.81,809.66,8.36
1,200.00,166,478.41,456.52,20.11
1,200.00,167,736.41,524.99,8.63
1,200.00,168,330.18,232.27,6.10
1,200.00,169,45.95,335.79,6.93
1,200.00,170,300.60,589.58,8.37
1,200.00,171,908.85,680.07,6.12
1,200.00,172,693.50,658.42,19.17
1,200.00,173,425.06,259.30,8.29
1,200.00,174,252.27,420.84,21.38
1,200.00,175,706.04,828.32,22.67
1,200.00,176,465.12,787.31,0.00
1,200.00,177,572.76,336.76,6.13
1,200.00,178,611.68,458.19,15.49
1,200.00,179,430.68,994.41,9.55
1,200.00,180,848.16,163.21,13.55
1,200.00,181,509.28,559.28,13.70
1,200.00,182,528.42,800.65,10.84
1,200.00,183,688.33,866.73,12.57
1,200.00,184,170.27,219.72,0.00
1,200.00,185,755.44,238.86,24.01
1,200.00,186,448.05,312.76,6.33
1,200.00,187,138.80,793.92,11.91
1,200.00,188,518.99,61.58,10.79
1,200.00,189,290.45,501.98,24.70
1,200.00,190,680.75,323.81,5.82
1,200.00,191,699.18,751.23,5.27
1,200.00,192,237.67,572.66,6.21
1,200.00,193,506.00,838.50,0.00
1,200.00,194,562.51,695.91,22.84
1,200.00,195,306.55,548.99,9.34
1,200.00,196,436.73,546.52,0.00
1,200.00,197,910.41,610.97,16.91
1,200.00,198,241.68,207.87,20.81
1,200.00,199,514.80,251.20,8.08
1,210.00,0,74.71,569.74,5.69
1,210.00,1,163.13,366.93,11.66
1,210.00,2,397.64,578.53,6.19
1,210.00,3,599.26,711.14,23.77
1,210.00,4,446.27,260.56,13.76
1,210.00,5,432.70,461.36,5.43
1,210.00,6,510.52,780.25,6.04
1,210.00,7,852.90,699.91,0.00
1,210.00,8,421.32,413.97,8.69
1,210.00,9,778.13,262.04,12.77
1,210.00,10,587.65,190.31,0.00
1,210.00,11,636.92,887.64,0.00
1,210.00,12,165.33,584.11,0.00
1,210.00,13,747.09,630.83,11.03
1,210.00,14,227.68,72.48,15.67
1,210.00,15,670.32,266.44,5.44
1,210.00,16,881.51,695.22,0.00
1,210.00,17,640.62,714.89,22.21
1,210.00,18,433.69,541.81,9.31
1,210.00,19,228.73,836.94,7.69
1,210.00,20,784.75,704.07,5.93
1,210.00,21,570.80,399.80,24.74
1,210.00,22,239.68,163.51,15.31
1,210.00,23,783.67,363.14,18.68
1,210.00,24,200.25,719.79,9.52
1,210.00,25,873.33,992.43,0.00
1,210.00,26,638.94,274.40,21.59
1,210.00,27,244.11,664.07,15.59
1,210.00,28,61.99,567.99,8.88
1,210.00,29,844.09,372.66,7.87
1,210.00,30,490.66,284.07,12.23
1,210.00,31,293.30,966.84,0.00
1,210.00,32,163.30,202.31,8.64
1,210.00,33,839.53,423.00,14.97
1,210.00,34,118.87,613.38,6.73
1,210.00,35,554.18,316.21,14.77
1,210.00,36,434.68,384.25,17.08
1,210.00,37,545.22,265.17,10.41
1,210.00,38,272.00,511.67,8.86
1,210.00,39,759.36,641.75,6.05
1,210.00,40,563.11,987.21,12.06
1,210.00,41,609.52,91.50,0.00
1,210.00,42,527.83,382.22,0.00
1,210.00,43,442.37,897.46,0.00
1,210.00,44,373.80,832.87,12.35
1,210.00,45,540.13,234.41,9.78
1,210.00,46,520.17,321.19,15.10
1,210.00,47,463.30,534.57,13.69
1,210.00,48,184.75,514.41,0.00
1,210.00,49,181.51,737.66,11.48
1,210.00,50,250.24,883.37,11.17
1,210.00,51,106.26,658.56,12.71
1,210.00,52,237.33,835.54,18.89
1,210.00,53,668.61,533.22,0.00
1,210.00,54,364.55,500.27,10.89
1,210.00,55,576.09,471.71,7.41
1,210.00,56,884.84,547.28,14.49
1,210.00,57,231.88,839.77,12.69
1,210.00,58,665.53,326.80,20.15
1,210.00,59,512.77,665.53,5.45
1,210.00,60,522.33,846.68,0.00
1,210.00,61,358.81,419.22,5.71
1,210.00,62,165.85,379.04,7.50
1,210.00,63,819.49,313.57,5.89
1,210.00,64,961.37,483.75,6.16
1,210.00,65,699.95,349.39,6.10
1,210.00,66,565.85,750.16,19.34
1,210.00,67,390.43,746.86,5.79
1,210.00,68,850.25,341.94,19.80
1,210.00,69,768.36,754.86,24.79
1,210.00,70,245.68,250.39,0.00
1,210.00,71,292.60,311.24,23.80
1,210.00,72,780.75,981.17,21.86
1,210.00,73,118.70,633.20,0.00
1,210.00,74,838.13,954.18,15.43
1,210.00,75,421.65,506.51,19.18
1,210.00,76,606.77,25.69,10.46
1,210.00,77,617.22,423.62,8.24
1,210.00,78,872.42,598.30,5.27
1,210.00,79,844.92,951.99,0.00
1,210.00,80,251.57,500.93,22.61
1,210.00,81,538.25,247.75,0.00
1,210.00,82,386.46,270.42,10.73
1,210.00,83,743.34,626.00,14.48
1,210.00,84,825.94,926.19,0.00
1,210.00,85,340.41,332.48,9.35
1,210.00,86,466.88,636.01,12.84
1,210.00,87,210.41,236.05,5.30
1,210.00,88,202.86,199.82,16.39
1,210.00,89,80.06,278.50,22.65
1,210.00,90,279.74,303.48,9.88
1,210.00,91,148.92,738.04,0.00
1,210.00,92,531.55,327.03,6.69
1,210.00,93,258.24,279.20,9.66
1,210.00,94,82.26,194.15,11.92
1,210.00,95,329.05,269.55,11.34
1,210.00,96,391.43,470.51,8.26
1,210.00,97,665.60,104.58,13.98
1,210.00,98,344.41,344.10,7.55
1,210.00,99,804.12,868.43,7.15
1,210.00,100,372.40,376.81,8.66
1,210.00,101,955.43,519.32,7.40
1,210.00,102,376.15,606.40,20.45
1,210.00,103,532.57,615.58,24.79
1,210.00,104,95.63,304.31,21.35
1,210.00,105,403.75,560.35,9.22
1,210.00,106,291.06,254.41,0.00
1,210.00,107,732.47,412.62,9.90
1,210.00,108,701.35,241.98,22.21
1,210.00,109,701.30,509.38,14.01
1,210.00,110,715.11,60.15,9.21
1,210.00,111,602.27,553.35,5.65
1,210.00,112,685.42,369.96,13.58
1,210.00,113,120.70,730.84,6.58
1,210.00,114,821.28,351.29,10.04
1,210.00,115,385.39,401.06,5.75
1,210.00,116,504.16,352.54,10.69
1,210.00,117,822.88,621.99,9.56
1,210.00,118,548.56,194.13,0.00
1,210.00,119,686.73,836.10,6.19
1,210.00,120,415.02,457.74,5.85
1,210.00,121,766.95,272.58,18.50
1,210.00,122,494.54,595.54,18.44
1,210.00,123,153.52,207.52,7.57
1,210.00,124,337.51,209.36,7.03
1,210.00,125,425.31,828.31,0.00
1,210.00,126,811.78,1.91,0.00
1,210.00,127,627.74,621.83,15.34
1,210.00,128,879.11,735.60,12.04
1,210.00,129,271.75,719.61,15.76
1,210.00,130,203.30,737.54,5.72
1,210.00,131,976.21,94.38,0.00
1,210.00,132,871.06,772.37,16.35
1,210.00,133,150.93,827.28,11.23
1,210.00,134,805.09,753.38,12.37
1,210.00,135,596.65,454.31,15.85
1,210.00,136,476.37,226.43,0.00
1,210.00,137,701.82,37.52,14.66
1,210.00,138,580.93,624.80,15.71
1,210.00,139,244.50,311.95,8.26
1,210.00,140,545.78,453.35,21.99
1,210.00,141,677.84,680.20,11.07
1,210.00,142,433.69,821.91,9.06
1,210.00,143,191.96,452.32,0.00
1,210.00,144,346.41,392.35,20.48
1,210.00,145,559.12,682.12,5.49
1,210.00,146,398.53,619.99,18.13
1,210.00,147,196.97,214.99,6.78
1,210.00,148,567.36,399.22,12.37
1,210.00,149,201.47,250.91,0.00
1,210.00,150,224.93,746.43,5.11
1,210.00,151,470.24,697.34,6.01
1,210.00,152,591.91,653.83,7.93
1,210.00,153,557.23,561.90,13.50
1,210.00,154,352.95,223.44,9.94
1,210.00,155,505.21,291.15,23.41
1,210.00,156,510.45,500.09,5.32
1,210.00,157,704.88,806.44,6.28
1,210.00,158,551.82,582.86,9.05
1,210.00,159,317.89,457.12,7.45
1,210.00,160,122.84,333.62,9.00
1,210.00,161,723.33,166.38,20.03
1,210.00,162,300.56,491.10,16.31
1,210.00,163,701.13,675.51,24.82
1,210.00,164,370.52,457.22,9.34
1,210.00,165,255.87,842.20,8.36
1,210.00,166,550.76,413.11,0.00
1,210.00,167,811.36,482.13,8.63
1,210.00,168,374.95,273.65,6.10
1,210.00,169,20.19,326.37,0.00
1,210.00,170,261.66,663.64,8.37
1,210.00,171,956.42,718.51,6.12
1,210.00,172,816.71,511.54,19.17
1,210.00,173,360.21,310.96,8.29
1,210.00,174,190.35,237.48,0.00
1,210.00,175,885.56,747.68,0.00
1,210.00,176,509.58,711.12,0.00
1,210.00,177,514.14,318.92,6.13
1,210.00,178,654.62,607.02,15.49
1,210.00,179,483.41,914.73,9.55
1,210.00,180,726.37,222.51,13.55
1,210.00,181,384.49,502.61,13.70
1,210.00,182,425.92,765.34,10.84
1,210.00,183,750.11,932.11,0.00
1,210.00,184,268.57,211.28,16.73
1,210.00,185,832.90,256.92,0.00
1,210.00,186,510.93,305.63,6.33
1,210.00,187,114.15,677.41,11.91
1,210.00,188,623.11,89.71,10.79
1,210.00,189,487.15,352.59,24.70
1,210.00,190,701.60,269.47,5.82
1,210.00,191,748.26,732.16,5.27
1,210.00,192,283.99,531.34,6.21
1,210.00,193,502.59,786.10,6.75
1,210.00,194,726.69,854.63,22.84
1,210.00,195,395.10,519.38,9.34
1,210.00,196,408.06,576.03,5.42
1,210.00,197,940.03,444.44,16.91
1,210.00,198,261.06,110.91,0.00
1,210.00,199,459.04,192.76,8.08
1,220.00,0,116.69,608.20,5.69
1,220.00,1,225.22,268.21,11.66
1,220.00,2,383.67,638.86,6.19
1,220.00,3,684.26,933.09,23.77
1,220.00,4,530.96,152.08,13.76
1,220.00,5,453.52,411.16,5.43
1,220.00,6,570.87,781.47,6.04
1,220.00,7,822.54,667.96,14.06
1,220.00,8,342.18,447.61,0.00
1,220.00,9,839.40,274.56,0.00
1,220.00,10,573.71,219.58,10.44
1,220.00,11,495.08,819.97,17.25
1,220.00,12,224.15,733.70,21.87
1,220.00,13,677.88,545.00,11.03
1,220.00,14,379.16,112.39,15.67
1,220.00,15,717.32,293.83,5.44
1,220.00,16,841.71,682.68,14.76
1,220.00,17,749.01,588.97,0.00
1,220.00,18,356.39,517.14,0.00
1,220.00,19,254.66,764.54,7.69
1,220.00,20,737.77,667.96,5.93
1,220.00,21,348.01,292.34,24.74
1,220.00,22,256.45,315.65,15.31
1,220.00,23,773.48,394.34,0.00
1,220.00,24,247.10,658.21,0.00
1,220.00,25,851.17,988.18,7.86
1,220.00,26,642.43,255.99,0.00
1,220.00,27,136.22,618.90,0.00
1,220.00,28,55.46,479.40,8.88
1,220.00,29,921.52,386.64,7.87
1,220.00,30,545.87,393.18,12.23
1,220.00,31,276.22,848.55,18.12
1,220.00,32,99.42,144.19,8.64
1,220.00,33,932.12,305.43,14.97
1,220.00,34,140.86,549.80,6.73
1,220.00,35,655.99,209.27,14.77
1,220.00,36,565.82,493.68,17.08
1,220.00,37,481.13,347.18,10.41
1,220.00,38,288.33,576.54,0.00
1,220.00,39,727.64,590.18,6.05
1,220.00,40,623.95,883.05,12.06
1,220.00,41,539.89,226.37,20.89
1,220.00,42,528.64,389.89,19.40
1,220.00,43,582.47,823.99,18.99
1,220.00,44,364.23,955.97,12.35
1,220.00,45,632.48,266.63,9.78
1,220.00,46,554.97,468.13,15.10
1,220.00,47,530.89,415.49,13.69
1,220.00,48,152.98,530.99,12.31
1,220.00,49,81.55,794.16,11.48
1,220.00,50,216.63,899.10,0.00
1,220.00,51,82.73,629.77,0.00
1,220.00,52,415.85,773.80,18.89
1,220.00,53,633.41,397.97,15.07
1,220.00,54,260.89,533.47,10.89
1,220.00,55,532.80,411.53,7.41
1,220.00,56,922.55,459.40,0.00
1,220.00,57,256.27,715.19,12.69
1,220.00,58,492.19,429.57,20.15
1,220.00,59,567.22,668.29,5.45
1,220.00,60,514.43,784.15,7.54
1,220.00,61,345.13,363.76,5.71
1,220.00,62,141.31,449.92,7.50
1,220.00,63,766.68,339.55,5.89
1,220.00,64,975.24,447.78,0.00
1,220.00,65,662.45,397.51,6.10
1,220.00,66,567.69,859.11,0.00
1,220.00,67,424.19,699.76,5.79
1,220.00,68,910.78,153.39,19.80
1,220.00,69,825.07,925.06,0.00
1,220.00,70,242.85,318.19,12.83
1,220.00,71,97.53,174.90,23.80
1,220.00,72,791.67,984.98,0.00
1,220.00,73,201.85,627.89,15.85
1,220.00,74,775.30,813.30,15.43
1,220.00,75,266.77,619.58,19.18
1,220.00,76,578.15,2.31,0.00
1,220.00,77,593.78,344.59,8.24
1,220.00,78,863.32,546.35,5.27
1,220.00,79,792.87,902.62,18.07
1,220.00,80,229.74,412.10,0.00
1,220.00,81,493.45,291.20,12.39
1,220.00,82,313.56,191.65,10.73
1,220.00,83,670.43,751.16,14.48
1,220.00,84,844.63,895.02,11.41
1,220.00,85,276.43,400.69,9.35
1,220.00,86,569.15,713.72,12.84
1,220.00,87,158.55,247.10,5.30
1,220.00,88,74.87,97.37,16.39
1,220.00,89,64.10,504.46,22.65
1,220.00,90,286.64,252.44,0.00
1,220.00,91,155.52,682.76,21.12
1,220.00,92,480.96,305.01,0.00
1,220.00,93,309.61,360.95,9.66
1,220.00,94,90.51,313.05,11.92
1,220.00,95,236.27,243.27,0.00
1,220.00,96,424.11,394.63,8.26
1,220.00,97,588.69,221.28,13.98
1,220.00,98,419.92,342.64,7.55
1,220.00,99,874.77,879.58,7.15
1,220.00,100,410.67,454.53,8.66
1,220.00,101,887.95,489.05,7.40
1,220.00,102,348.90,809.09,20.45
1,220.00,103,564.47,590.58,0.00
1,220.00,104,25.56,170.74,0.00
1,220.00,105,495.90,563.94,9.22
1,220.00,106,344.33,294.25,17.49
1,220.00,107,695.88,504.62,9.90
1,220.00,108,790.71,191.99,0.00
1,220.00,109,561.58,499.01,14.01
1,220.00,110,714.20,26.49,0.00
1,220.00,111,549.14,534.07,5.65
1,220.00,112,669.59,332.76,0.00
1,220.00,113,79.12,781.90,6.58
1,220.00,114,726.82,317.36,10.04
1,220.00,115,357.29,451.18,5.75
1,220.00,116,524.55,247.58,10.69
1,220.00,117,728.16,634.60,9.56
1,220.00,118,666.28,378.15,23.86
1,220.00,119,647.68,788.03,6.19
1,220.00,120,465.89,486.59,5.85
1,220.00,121,584.32,243.32,18.50
1,220.00,122,497.53,747.07,0.00
1,220.00,123,148.84,283.09,7.57
1,220.00,124,306.20,152.80,0.00
1,220.00,125,343.74,677.40,23.83
1,220.00,126,796.19,80.74,10.86
1,220.00,127,538.21,746.43,15.34
1,220.00,128,907.60,725.71,0.00
1,220.00,129,196.91,580.96,15.76
1,220.00,130,195.75,794.26,5.72
1,220.00,131,926.29,146.39,12.29
1,220.00,132,879.84,609.07,16.35
1,220.00,133,49.34,875.19,11.23
1,220.00,134,874.09,856.06,12.37
1,220.00,135,754.74,442.90,15.85
1,220.00,136,648.88,111.32,0.00
1,220.00,137,848.13,46.16,14.66
1,220.00,138,705.01,658.08,0.00
1,220.00,139,294.97,377.30,8.26
1,220.00,140,417.91,274.42,21.99
1,220.00,141,590.49,748.18,11.07
1,220.00,142,356.62,869.48,9.06
1,220.00,143,248.07,474.10,6.12
1,220.00,144,338.47,235.95,0.00
1,220.00,145,515.55,648.72,5.49
1,220.00,146,579.79,623.13,18.13
1,220.00,147,134.10,189.55,6.78
1,220.00,148,644.88,302.80,12.37
1,220.00,149,253.52,274.08,9.86
1,220.00,150,272.32,765.59,5.11
1,220.00,151,524.59,671.60,6.01
1,220.00,152,651.47,601.51,7.93
1,220.00,153,667.17,640.27,13.50
1,220.00,154,279.45,156.57,9.94
1,220.00,155,481.57,422.06,0.00
1,220.00,156,563.56,497.70,5.32
1,220.00,157,647.48,831.91,6.28
1,220.00,158,560.07,584.13,0.00
1,220.00,159,298.12,528.93,7.45
1,220.00,160,162.87,414.20,9.00
1,220.00,161,526.76,204.96,20.03
1,220.00,162,201.36,620.52,16.31
1,220.00,163,466.90,593.43,24.82
1,220.00,164,413.76,374.43,9.34
1,220.00,165,332.92,874.74,8.36
1,220.00,166,529.20,485.59,13.03
1,220.00,167,886.32,439.27,8.63
1,220.00,168,419.72,315.02,6.10
1,220.00,169,79.72,408.24,16.75
1,220.00,170,222.73,737.70,8.37
1,220.00,171,996.72,751.07,0.00
1,220.00,172,939.92,364.65,19.17
1,220.00,173,295.36,362.61,8.29
1,220.00,174,197.39,248.75,14.01
1,220.00,175,874.20,724.20,19.75
1,220.00,176,506.39,758.91,15.39
1,220.00,177,468.15,304.92,0.00
1,220.00,178,697.56,755.85,15.49
1,220.00,179,536.14,835.05,9.55
1,220.00,180,604.58,281.82,13.55
1,220.00,181,259.71,445.94,13.70
1,220.00,182,323.42,730.02,10.84
1,220.00,183,734.55,904.86,11.03
1,220.00,184,435.21,196.99,16.73
1,220.00,185,789.78,303.89,9.53
1,220.00,186,573.82,298.50,6.33
1,220.00,187,89.50,560.89,11.91
1,220.00,188,727.24,117.85,10.79
1,220.00,189,683.85,203.21,24.70
1,220.00,190,722.44,215.13,5.82
1,220.00,191,772.08,722.91,0.00
1,220.00,192,330.31,490.02,6.21
1,220.00,193,498.22,718.78,6.75
1,220.00,194,815.65,940.63,0.00
1,220.00,195,483.65,489.78,9.34
1,220.00,196,370.28,614.91,5.42
1,220.00,197,964.54,306.61,0.00
1,220.00,198,314.21,161.86,14.02
1,220.00,199,403.27,134.32,8.08
1,230.00,0,158.68,646.65,5.69
1,230.00,1,287.31,169.49,11.66
1,230.00,2,369.71,699.18,6.19
1,230.00,3,686.24,938.25,0.00
1,230.00,4,574.81,95.92,0.00
1,230.00,5,474.34,360.96,5.43
1,230.00,6,631.23,782.69,6.04
1,230.00,7,725.70,566.05,14.06
1,230.00,8,341.47,446.66,11.91
1,230.00,9,778.13,273.84,12.01
1,230.00,10,528.81,313.87,10.44
1,230.00,11,401.99,775.55,0.00
1,230.00,12,291.62,905.24,0.00
1,230.00,13,608.66,459.16,11.03
1,230.00,14,530.64,152.29,15.67
1,230.00,15,764.33,321.21,5.44
1,230.00,16,825.65,677.62,0.00
1,230.00,17,722.67,568.78,13.17
1,230.00,18,373.15,534.47,18.72
1,230.00,19,280.58,692.15,7.69
1,230.00,20,690.80,631.84,5.93
1,230.00,21,170.44,206.68,0.00
1,230.00,22,267.68,417.59,0.00
1,230.00,23,814.85,578.09,22.85
1,230.00,24,249.78,647.76,5.77
1,230.00,25,773.97,973.38,7.86
1,230.00,26,685.20,219.41,6.16
1,230.00,27,158.30,635.91,11.15
1,230.00,28,48.93,390.81,8.88
1,230.00,29,965.99,394.67,0.00
1,230.00,30,601.07,502.28,12.23
1,230.00,31,250.34,669.23,18.12
1,230.00,32,35.54,86.07,8.64
1,230.00,33,996.85,223.24,0.00
1,230.00,34,162.84,486.21,6.73
1,230.00,35,757.81,102.33,14.77
1,230.00,36,696.96,603.11,17.08
1,230.00,37,417.05,429.18,10.41
1,230.00,38,294.24,562.09,6.37
1,230.00,39,695.91,538.62,6.05
1,230.00,40,684.80,778.89,12.06
1,230.00,41,444.06,411.98,20.89
1,230.00,42,549.00,582.87,19.40
1,230.00,43,750.69,735.77,18.99
1,230.00,44,362.01,984.40,0.00
1,230.00,45,714.98,295.41,0.00
1,230.00,46,586.78,602.48,0.00
1,230.00,47,578.87,330.93,0.00
1,230.00,48,79.87,569.15,0.00
1,230.00,49,30.66,822.92,0.00
1,230.00,50,271.73,900.94,8.26
1,230.00,51,142.15,617.24,8.58
1,230.00,52,594.36,712.05,18.89
1,230.00,53,631.17,389.38,0.00
1,230.00,54,157.22,566.66,10.89
1,230.00,55,489.51,351.35,7.41
1,230.00,56,879.44,410.35,19.19
1,230.00,57,280.66,590.61,12.69
1,230.00,58,390.37,489.95,0.00
1,230.00,59,621.68,671.05,5.45
1,230.00,60,504.98,709.38,7.54
1,230.00,61,331.45,308.30,5.71
1,230.00,62,139.75,454.44,0.00
1,230.00,63,713.86,365.53,5.89
1,230.00,64,926.29,511.42,21.46
1,230.00,65,624.96,445.62,6.10
1,230.00,66,508.93,812.78,17.14
1,230.00,67,457.95,652.67,5.79
1,230.00,68,925.44,107.72,0.00
1,230.00,69,814.34,913.28,5.77
1,230.00,70,237.49,446.34,12.83
1,230.00,71,48.32,140.50,0.00
1,230.00,72,575.71,931.80,23.48
1,230.00,73,360.00,617.78,15.85
1,230.00,74,712.47,672.41,15.43
1,230.00,75,247.96,633.32,0.00
1,230.00,76,558.98,30.68,5.29
1,230.00,77,584.80,314.31,0.00
1,230.00,78,854.21,494.40,5.27
1,230.00,79,661.77,778.25,18.07
1,230.00,80,197.90,477.93,12.28
1,230.00,81,404.54,377.42,12.39
1,230.00,82,281.39,156.89,0.00
1,230.00,83,597.52,876.31,14.48
1,230.00,84,903.33,797.14,11.41
1,230.00,85,212.45,468.90,9.35
1,230.00,86,581.05,722.76,0.00
1,230.00,87,106.68,258.16,5.30
1,230.00,88,72.84,95.74,0.00
1,230.00,89,48.14,730.41,22.65
1,230.00,90,341.69,337.45,21.15
1,230.00,91,180.53,473.05,21.12
1,230.00,92,522.09,314.71,24.05
1,230.00,93,360.98,442.71,9.66
1,230.00,94,98.76,431.96,11.92
1,230.00,95,254.08,267.63,20.19
1,230.00,96,439.01,360.01,0.00
1,230.00,97,511.77,337.98,13.98
1,230.00,98,495.44,341.18,7.55
1,230.00,99,901.57,883.81,0.00
1,230.00,100,448.95,532.25,8.66
1,230.00,101,820.47,458.77,7.40
1,230.00,102,325.88,980.29,0.00
1,230.00,103,484.71,450.02,19.32
1,230.00,104,81.37,156.69,19.62
1,230.00,105,588.04,567.53,9.22
1,230.00,106,484.35,399.01,17.49
1,230.00,107,659.29,596.62,9.90
1,230.00,108,736.96,293.10,21.24
1,230.00,109,421.86,488.65,14.01
1,230.00,110,591.21,78.55,21.05
1,230.00,111,496.00,514.79,5.65
1,230.00,112,584.83,306.05,12.65
1,230.00,113,37.54,832.96,6.58
1,230.00,114,632.36,283.43,10.04
1,230.00,115,329.19,501.30,5.75
1,230.00,116,544.93,142.61,10.69
1,230.00,117,633.43,647.21,9.56
1,230.00,118,794.85,579.13,23.86
1,230.00,119,608.63,739.96,6.19
1,230.00,120,516.75,515.44,5.85
1,230.00,121,401.70,214.05,18.50
1,230.00,122,493.56,723.77,13.26
1,230.00,123,144.16,358.67,7.57
1,230.00,124,309.85,158.28,8.22
1,230.00,125,230.43,467.78,23.83
1,230.00,126,775.13,187.30,10.86
1,230.00,127,448.68,871.02,15.34
1,230.00,128,864.95,682.48,8.10
1,230.00,129,123.88,445.66,0.00
1,230.00,130,188.20,850.99,5.72
1,230.00,131,841.16,235.09,12.29
1,230.00,132,888.62,445.77,16.35
1,230.00,133,40.35,879.44,0.00
1,230.00,134,914.09,915.59,0.00
1,230.00,135,819.05,438.26,0.00
1,230.00,136,655.47,117.10,10.01
1,230.00,137,983.57,54.16,0.00
1,230.00,138,723.85,625.23,20.77
1,230.00,139,345.44,442.64,8.26
1,230.00,140,290.04,95.50,21.99
1,230.00,141,503.14,816.16,11.07
1,230.00,142,279.56,917.05,9.06
1,230.00,143,305.17,496.26,6.12
1,230.00,144,323.60,269.31,15.52
1,230.00,145,471.98,615.33,5.49
1,230.00,146,631.94,624.03,0.00
1,230.00,147,83.79,169.20,0.00
1,230.00,148,703.18,230.28,0.00
1,230.00,149,343.62,314.19,9.86
1,230.00,150,319.71,784.74,5.11
1,230.00,151,578.95,645.87,6.01
1,230.00,152,711.04,549.18,7.93
1,230.00,153,719.40,677.51,0.00
1,230.00,154,220.19,102.66,0.00
1,230.00,155,439.92,478.81,16.31
1,230.00,156,616.68,495.30,5.32
1,230.00,157,640.56,834.98,0.00
1,230.00,158,628.64,657.70,11.08
1,230.00,159,278.35,600.74,7.45
1,230.00,160,202.89,494.79,9.00
1,230.00,161,330.18,243.54,20.03
1,230.00,162,102.16,749.94,16.31
1,230.00,163,398.23,569.37,0.00
1,230.00,164,456.99,291.64,9.34
1,230.00,165,409.98,907.29,8.36
1,230.00,166,492.06,610.46,13.03
1,230.00,167,940.90,408.07,0.00
1,230.00,168,464.49,356.39,6.10
1,230.00,169,178.20,543.71,16.75
1,230.00,170,183.79,811.77,8.37
1,230.00,171,974.99,732.69,18.62
1,230.00,172,945.14,358.43,0.00
1,230.00,173,230.51,414.27,8.29
1,230.00,174,271.63,367.56,14.01
1,230.00,175,809.38,590.28,0.00
1,230.00,176,501.66,829.77,0.00
1,230.00,177,436.52,326.29,17.72
1,230.00,178,740.51,904.68,15.49
1,230.00,179,588.87,755.37,9.55
1,230.00,180,482.79,341.12,13.55
1,230.00,181,134.93,389.27,13.70
1,230.00,182,220.92,694.70,10.84
1,230.00,183,679.82,809.07,11.03
1,230.00,184,601.85,182.69,16.73
1,230.00,185,725.31,374.13,9.53
1,230.00,186,636.71,291.38,6.33
1,230.00,187,64.85,444.38,11.91
1,230.00,188,737.68,120.67,0.00
1,230.00,189,843.71,81.80,0.00
1,230.00,190,733.76,185.63,0.00
1,230.00,191,720.58,649.87,17.36
1,230.00,192,376.63,448.70,6.21
1,230.00,193,493.84,651.47,6.75
1,230.00,194,752.97,922.37,14.25
1,230.00,195,572.21,460.17,9.34
1,230.00,196,332.50,653.80,5.42
1,230.00,197,954.76,309.46,5.91
1,230.00,198,415.47,258.90,14.02
1,230.00,199,369.84,99.29,0.00
1,240.00,0,200.66,685.11,5.69
1,240.00,1,349.40,70.78,11.66
1,240.00,2,355.74,759.51,6.19
1,240.00,3,492.00,850.97,21.80
1,240.00,4,647.70,79.57,15.49
1,240.00,5,495.16,310.76,5.43
1,240.00,6,691.58,783.91,6.04
1,240.00,7,628.86,464.13,14.06
1,240.00,8,270.61,350.98,11.91
1,240.00,9,658.06,272.42,12.01
1,240.00,10,483.90,408.15,10.44
1,240.00,11,433.16,809.26,11.41
1,240.00,12,292.95,875.05,19.25
1,240.00,13,539.45,373.33,11.03
1,240.00,14,682.13,192.19,15.67
1,240.00,15,811.33,348.60,5.44
1,240.00,16,633.71,666.59,21.70
1,240.00,17,618.13,488.67,13.17
1,240.00,18,503.28,669.01,18.72
1,240.00,19,306.51,619.76,7.69
1,240.00,20,643.83,595.73,5.93
1,240.00,21,192.57,220.92,12.96
1,240.00,22,298.87,474.71,19.72
1,240.00,23,865.05,801.01,22.85
1,240.00,24,264.10,591.83,5.77
1,240.00,25,696.76,958.58,7.86
1,240.00,26,732.03,179.37,6.16
1,240.00,27,246.64,703.97,11.15
1,240.00,28,42.40,302.23,8.88
1,240.00,29,961.56,437.61,10.14
1,240.00,30,612.73,525.32,0.00
1,240.00,31,224.46,489.91,18.12
1,240.00,32,34.20,84.85,0.00
1,240.00,33,930.52,211.38,22.39
1,240.00,34,184.83,422.63,6.73
1,240.00,35,787.45,71.19,0.00
1,240.00,36,828.10,712.54,17.08
1,240.00,37,352.96,511.18,10.41
1,240.00,38,318.34,503.15,6.37
1,240.00,39,664.19,487.06,6.05
1,240.00,40,745.65,674.73,12.06
1,240.00,41,348.22,597.58,20.89
1,240.00,42,569.36,775.84,19.40
1,240.00,43,918.91,647.55,18.99
1,240.00,44,505.22,980.23,18.63
1,240.00,45,694.66,310.04,23.49
1,240.00,46,576.84,591.77,17.05
1,240.00,47,594.16,293.03,14.09
1,240.00,48,68.79,639.35,21.54
1,240.00,49,81.55,754.32,17.40
1,240.00,50,354.23,903.70,8.26
1,240.00,51,226.14,599.54,8.58
1,240.00,52,674.43,684.35,0.00
1,240.00,53,524.09,409.49,11.58
1,240.00,54,53.55,599.86,10.89
1,240.00,55,446.22,291.17,7.41
1,240.00,56,752.75,266.18,19.19
1,240.00,57,305.06,466.04,12.69
1,240.00,58,439.15,441.92,16.59
1,240.00,59,676.13,673.81,5.45
1,240.00,60,495.53,634.61,7.54
1,240.00,61,317.78,252.85,5.71
1,240.00,62,267.13,634.68,23.57
1,240.00,63,661.05,391.51,5.89
1,240.00,64,795.46,681.50,21.46
1,240.00,65,587.46,493.74,6.10
1,240.00,66,374.33,706.63,17.14
1,240.00,67,491.71,605.58,5.79
1,240.00,68,861.44,166.08,11.43
1,240.00,69,775.52,870.64,5.77
1,240.00,70,232.14,574.49,12.83
1,240.00,71,171.82,214.28,19.24
1,240.00,72,532.04,921.04,0.00
1,240.00,73,518.15,607.66,15.85
1,240.00,74,649.64,531.52,15.43
1,240.00,75,300.31,488.79,17.50
1,240.00,76,529.33,74.55,5.29
1,240.00,77,472.01,307.32,18.32
1,240.00,78,845.11,442.45,5.27
1,240.00,79,530.67,653.88,18.07
1,240.00,80,144.43,588.47,12.28
1,240.00,81,315.63,463.64,12.39
1,240.00,82,315.86,208.61,11.12
1,240.00,83,595.91,879.07,0.00
1,240.00,84,928.81,754.65,0.00
1,240.00,85,191.55,491.18,0.00
1,240.00,86,496.65,783.47,11.77
1,240.00,87,101.28,259.32,0.00
1,240.00,88,229.57,159.29,17.18
1,240.00,89,45.91,762.04,0.00
1,240.00,90,456.64,514.97,21.15
1,240.00,91,201.32,298.82,0.00
1,240.00,92,716.52,360.54,0.00
1,240.00,93,412.36,524.47,9.66
1,240.00,94,107.01,550.87,11.92
1,240.00,95,373.20,430.63,20.19
1,240.00,96,482.50,375.01,8.46
1,240.00,97,434.86,454.67,13.98
1,240.00,98,570.95,339.73,7.55
1,240.00,99,824.30,898.38,12.67
1,240.00,100,487.23,609.97,8.66
1,240.00,101,752.98,428.49,7.40
1,240.00,102,326.23,967.46,8.26
1,240.00,103,389.36,281.98,19.32
1,240.00,104,271.59,108.80,19.62
1,240.00,105,680.19,571.13,9.22
1,240.00,106,624.37,503.76,17.49
1,240.00,107,622.69,688.62,9.90
1,240.00,108,637.26,480.67,21.24
1,240.00,109,282.14,478.29,14.01
1,240.00,110,397.36,160.61,21.05
1,240.00,111,442.87,495.51,5.65
1,240.00,112,464.17,268.03,12.65
1,240.00,113,26.01,847.11,0.00
1,240.00,114,537.89,249.50,10.04
1,240.00,115,301.09,551.42,5.75
1,240.00,116,565.32,37.65,10.69
1,240.00,117,538.71,659.82,9.56
1,240.00,118,923.42,780.10,23.86
1,240.00,119,569.57,691.88,6.19
1,240.00,120,567.61,544.29,5.85
1,240.00,121,219.08,184.79,18.50
1,240.00,122,471.29,593.06,13.26
1,240.00,123,139.49,434.24,7.57
1,240.00,124,355.40,226.64,8.22
1,240.00,125,209.77,429.56,0.00
1,240.00,126,754.06,293.85,10.86
1,240.00,127,365.57,986.67,0.00
1,240.00,128,808.03,624.79,8.10
1,240.00,129,125.59,444.53,8.46
1,240.00,130,186.99,860.09,0.00
1,240.00,131,756.03,323.78,12.29
1,240.00,132,895.80,312.16,0.00
1,240.00,133,59.89,817.71,7.10
1,240.00,134,924.76,818.32,23.28
1,240.00,135,749.33,456.41,12.15
1,240.00,136,730.71,183.11,10.01
1,240.00,137,977.83,64.11,15.46
1,240.00,138,827.21,445.03,20.77
1,240.00,139,395.90,507.99,8.26
1,240.00,140,288.10,92.78,0.00
1,240.00,141,415.79,884.15,11.07
1,240.00,142,202.49,964.63,9.06
1,240.00,143,356.43,516.16,0.00
1,240.00,144,260.43,411.02,15.52
1,240.00,145,428.41,581.93,5.49
1,240.00,146,481.17,706.82,24.15
1,240.00,147,103.29,169.21,9.75
1,240.00,148,684.02,189.85,18.05
1,240.00,149,433.71,354.30,9.86
1,240.00,150,367.10,803.89,5.11
1,240.00,151,633.30,620.14,6.01
1,240.00,152,770.61,496.86,7.93
1,240.00,153,689.63,728.02,11.17
1,240.00,154,244.30,123.65,16.50
1,240.00,155,343.44,610.28,16.31
1,240.00,156,669.79,492.91,5.32
1,240.00,157,637.70,638.71,22.32
1,240.00,158,704.19,738.74,11.08
1,240.00,159,258.58,672.55,7.45
1,240.00,160,242.91,575.37,9.00
1,240.00,161,133.61,282.12,20.03
1,240.00,162,36.61,835.46,0.00
1,240.00,163,360.26,495.64,11.73
1,240.00,164,500.23,208.86,9.34
1,240.00,165,487.04,939.83,8.36
1,240.00,166,471.66,679.02,0.00
1,240.00,167,906.97,383.75,15.35
1,240.00,168,509.26,397.76,6.10
1,240.00,169,276.68,679.17,16.75
1,240.00,170,144.86,885.83,8.37
1,240.00,171,832.83,612.42,18.62
1,240.00,172,830.18,405.63,12.98
1,240.00,173,165.66,465.92,8.29
1,240.00,174,345.86,486.37,14.01
1,240.00,175,790.78,578.03,9.02
1,240.00,176,416.25,757.95,20.73
1,240.00,177,289.68,425.53,17.72
1,240.00,178,761.04,975.86,0.00
1,240.00,179,641.60,675.69,9.55
1,240.00,180,470.62,347.05,0.00
1,240.00,181,10.14,332.59,13.70
1,240.00,182,118.42,659.38,10.84
1,240.00,183,625.10,713.27,11.03
1,240.00,184,768.49,168.39,16.73
1,240.00,185,660.83,444.38,9.53
1,240.00,186,699.59,284.25,6.33
1,240.00,187,40.20,327.86,11.91
1,240.00,188,642.48,196.57,13.53
1,240.00,189,813.94,101.93,19.19
1,240.00,190,686.73,260.73,19.39
1,240.00,191,620.51,507.95,17.36
1,240.00,192,422.95,407.38,6.21
1,240.00,193,489.46,584.15,6.75
1,240.00,194,616.18,882.51,14.25
1,240.00,195,660.76,430.56,9.34
1,240.00,196,294.71,692.68,5.42
1,240.00,197,897.97,326.00,5.91
1,240.00,198,516.72,355.94,14.02
1,240.00,199,374.96,166.62,16.86
1,250.00,0,242.65,723.56,5.69
1,250.00,1,351.58,67.30,0.00
1,250.00,2,341.77,819.83,6.19
1,250.00,3,293.13,761.61,21.80
1,250.00,4,798.87,45.65,15.49
1,250.00,5,515.98,260.56,5.43
1,250.00,6,751.93,785.14,6.04
1,250.00,7,532.02,362.22,14.06
1,250.00,8,199.74,255.30,11.91
1,250.00,9,555.79,271.22,0.00
1,250.00,10,439.00,502.43,10.44
1,250.00,11,510.64,893.06,11.41
1,250.00,12,301.41,682.77,19.25
1,250.00,13,470.23,287.50,11.03
1,250.00,14,833.61,232.09,15.67
1,250.00,15,858.33,375.99,5.44
1,250.00,16,554.99,662.06,0.00
1,250.00,17,513.59,408.55,13.17
1,250.00,18,633.40,803.54,18.72
1,250.00,19,332.44,547.36,7.69
1,250.00,20,596.85,559.62,5.93
1,250.00,21,301.58,291.07,12.96
1,250.00,22,393.42,647.80,19.72
1,250.00,23,904.32,975.37,0.00
1,250.00,24,278.43,535.91,5.77
1,250.00,25,619.55,943.77,7.86
1,250.00,26,778.86,139.32,6.16
1,250.00,27,334.99,772.03,11.15
1,250.00,28,35.88,213.64,8.88
1,250.00,29,951.17,538.51,10.14
1,250.00,30,489.50,600.29,0.00
1,250.00,31,212.21,405.00,0.00
1,250.00,32,210.95,247.78,24.55
1,250.00,33,710.16,171.98,22.39
1,250.00,34,206.82,359.04,6.73
1,250.00,35,762.46,242.66,24.44
1,250.00,36,949.59,813.92,0.00
1,250.00,37,325.74,546.01,0.00
1,250.00,38,342.44,444.22,6.37
1,250.00,39,632.47,435.50,6.05
1,250.00,40,806.49,570.56,12.06
1,250.00,41,269.33,750.38,0.00
1,250.00,42,589.39,965.60,0.00
1,250.00,43,919.59,647.19,0.00
1,250.00,44,626.18,976.71,0.00
1,250.00,45,623.94,360.94,0.00
1,250.00,46,460.82,466.76,17.05
1,250.00,47,646.89,162.34,14.09
1,250.00,48,35.20,852.10,21.54
1,250.00,49,185.21,614.55,17.40
1,250.00,50,436.74,906.45,8.26
1,250.00,51,310.12,581.83,8.58
1,250.00,52,622.19,676.19,0.00
1,250.00,53,410.31,430.87,11.58
1,250.00,54,11.25,613.40,0.00
1,250.00,55,439.28,281.52,0.00
1,250.00,56,626.07,122.02,19.19
1,250.00,57,329.45,341.46,12.69
1,250.00,58,557.38,325.49,16.59
1,250.00,59,730.58,676.56,5.45
1,250.00,60,486.08,559.83,7.54
1,250.00,61,304.10,197.39,5.71
1,250.00,62,386.03,802.93,0.00
1,250.00,63,608.23,417.49,5.89
1,250.00,64,664.64,851.57,21.46
1,250.00,65,549.96,541.86,6.10
1,250.00,66,355.28,691.61,0.00
1,250.00,67,525.47,558.49,5.79
1,250.00,68,776.98,243.10,11.43
1,250.00,69,736.70,827.99,5.77
1,250.00,70,226.78,702.64,12.83
1,250.00,71,337.00,312.96,19.24
1,250.00,72,457.69,823.04,15.22
1,250.00,73,676.29,597.55,15.85
1,250.00,74,586.80,390.63,15.43
1,250.00,75,359.89,324.26,17.50
1,250.00,76,499.68,118.42,5.29
1,250.00,77,289.17,295.99,18.32
1,250.00,78,836.00,390.50,5.27
1,250.00,79,399.57,529.51,18.07
1,250.00,80,90.96,699.02,12.28
1,250.00,81,233.36,543.43,0.00
1,250.00,82,377.55,301.19,11.12
1,250.00,83,655.15,664.90,22.72
1,250.00,84,944.89,640.76,20.32
1,250.00,85,45.03,435.29,23.29
1,250.00,86,401.13,852.18,11.77
1,250.00,87,205.65,220.01,12.45
1,250.00,88,388.83,223.86,17.18
1,250.00,89,226.40,765.58,20.99
1,250.00,90,571.60,692.48,21.15
1,250.00,91,203.91,316.87,10.78
1,250.00,92,715.35,340.71,11.72
1,250.00,93,463.73,606.22,9.66
1,250.00,94,115.26,669.78,11.92
1,250.00,95,492.32,593.62,20.19
1,250.00,96,562.46,402.59,8.46
1,250.00,97,357.95,571.37,13.98
1,250.00,98,646.46,338.27,7.55
1,250.00,99,699.82,921.84,12.67
1,250.00,100,525.51,687.69,8.66
1,250.00,101,708.12,408.36,0.00
1,250.00,102,328.44,884.94,8.26
1,250.00,103,298.47,121.80,0.00
1,250.00,104,461.82,60.91,19.62
1,250.00,105,772.34,574.72,9.22
1,250.00,106,764.40,608.52,17.49
1,250.00,107,586.10,780.62,9.90
1,250.00,108,537.56,668.23,21.24
1,250.00,109,142.42,467.92,14.01
1,250.00,110,331.18,188.62,0.00
1,250.00,111,389.74,476.23,5.65
1,250.00,112,343.50,230.01,12.65
1,250.00,113,88.48,782.53,12.43
1,250.00,114,443.43,215.57,10.04
1,250.00,115,273.00,601.54,5.75
1,250.00,116,570.64,10.22,0.00
1,250.00,117,443.98,672.42,9.56
1,250.00,118,957.87,833.95,0.00
1,250.00,119,530.52,643.81,6.19
1,250.00,120,618.47,573.13,5.85
1,250.00,121,162.97,175.80,0.00
1,250.00,122,449.02,462.35,13.26
1,250.00,123,134.81,509.81,7.57
1,250.00,124,400.96,295.01,8.22
1,250.00,125,141.22,367.81,11.28
1,250.00,126,733.00,400.41,10.86
1,250.00,127,363.37,973.09,19.17
1,250.00,128,751.12,567.09,8.10
1,250.00,129,196.22,398.01,8.46
1,250.00,130,290.57,782.22,15.44
1,250.00,131,670.90,412.48,12.29
1,250.00,132,875.91,317.24,11.29
1,250.00,133,81.32,749.99,7.10
1,250.00,134,950.15,586.87,23.28
1,250.00,135,631.79,487.00,12.15
1,250.00,136,805.95,249.12,10.01
1,250.00,137,929.98,146.99,0.00
1,250.00,138,930.57,264.82,20.77
1,250.00,139,446.37,573.34,8.26
1,250.00,140,312.93,223.43,13.50
1,250.00,141,328.44,952.13,11.07
1,250.00,142,177.54,980.04,0.00
1,250.00,143,334.44,510.88,22.16
1,250.00,144,197.26,552.73,15.52
1,250.00,145,384.84,548.53,5.49
1,250.00,146,269.49,823.05,24.15
1,250.00,147,200.80,169.23,9.75
1,250.00,148,610.12,33.97,0.00
1,250.00,149,523.80,394.42,9.86
1,250.00,150,414.49,823.04,5.11
1,250.00,151,687.65,594.41,6.01
1,250.00,152,830.17,444.54,7.93
1,250.00,153,661.26,776.16,0.00
1,250.00,154,368.75,231.99,16.50
1,250.00,155,246.95,741.75,16.31
1,250.00,156,722.90,490.52,5.32
1,250.00,157,634.44,415.53,22.32
1,250.00,158,779.73,819.79,11.08
1,250.00,159,247.13,714.13,0.00
1,250.00,160,282.93,655.95,9.00
1,250.00,161,105.20,287.69,0.00
1,250.00,162,84.73,795.18,18.50
1,250.00,163,306.53,391.33,11.73
1,250.00,164,506.27,197.29,0.00
1,250.00,165,564.09,972.37,8.36
1,250.00,166,548.10,602.13,24.05
1,250.00,167,782.16,294.31,15.35
1,250.00,168,554.03,439.13,6.10
1,250.00,169,375.16,814.63,16.75
1,250.00,170,119.14,934.75,0.00
1,250.00,171,690.66,492.15,18.62
1,250.00,172,710.14,454.91,12.98
1,250.00,173,131.60,493.05,0.00
1,250.00,174,420.09,605.18,14.01
1,250.00,175,715.45,528.42,9.02
1,250.00,176,257.62,624.57,20.73
1,250.00,177,275.03,435.43,0.00
1,250.00,178,738.34,977.53,0.00
1,250.00,179,694.32,596.01,9.55
1,250.00,180,484.59,173.00,19.40
1,250.00,181,6.29,330.84,0.00
1,250.00,182,28.25,628.31,0.00
1,250.00,183,570.37,617.47,11.03
1,250.00,184,812.77,164.60,0.00
1,250.00,185,596.35,514.62,9.53
1,250.00,186,713.57,282.67,0.00
1,250.00,187,34.73,302.04,0.00
1,250.00,188,634.00,203.33,0.00
1,250.00,189,654.99,209.44,19.19
1,250.00,190,583.83,425.06,19.39
1,250.00,191,520.43,366.04,17.36
1,250.00,192,469.26,366.05,6.21
1,250.00,193,485.09,516.84,6.75
1,250.00,194,479.38,842.66,14.25
1,250.00,195,749.31,400.96,9.34
1,250.00,196,256.93,731.57,5.42
1,250.00,197,841.18,342.54,5.91
1,250.00,198,617.98,452.98,14.02
1,250.00,199,387.74,334.71,16.86
1,260.00,0,284.63,762.02,5.69
1,260.00,1,247.36,174.59,0.00
1,260.00,2,333.30,856.41,0.00
1,260.00,3,94.25,672.25,21.80
1,260.00,4,950.03,11.74,15.49
1,260.00,5,528.83,229.59,0.00
1,260.00,6,812.29,786.36,6.04
1,260.00,7,435.18,260.30,14.06
1,260.00,8,128.88,159.61,11.91
1,260.00,9,566.49,276.50,8.04
1,260.00,10,394.10,596.71,10.44
1,260.00,11,554.85,940.87,0.00
1,260.00,12,309.88,490.49,19.25
1,260.00,13,401.02,201.67,11.03
1,260.00,14,936.10,259.09,0.00
1,260.00,15,893.98,396.76,0.00
1,260.00,16,441.44,607.61,19.78
1,260.00,17,409.04,328.43,13.17
1,260.00,18,763.53,938.08,18.72
1,260.00,19,358.36,474.97,7.69
1,260.00,20,573.94,542.00,0.00
1,260.00,21,410.59,361.21,12.96
1,260.00,22,487.97,820.90,19.72
1,260.00,23,897.28,950.92,11.68
1,260.00,24,292.75,479.98,5.77
1,260.00,25,542.35,928.97,7.86
1,260.00,26,825.70,99.27,6.16
1,260.00,27,342.25,777.62,0.00
1,260.00,28,34.77,198.70,0.00
1,260.00,29,940.77,639.40,10.14
1,260.00,30,506.26,590.47,21.00
1,260.00,31,236.87,414.72,5.03
1,260.00,32,391.50,414.21,24.55
1,260.00,33,489.79,132.59,22.39
1,260.00,34,228.81,295.46,6.73
1,260.00,35,727.19,484.55,24.44
1,260.00,36,939.38,818.24,15.08
1,260.00,37,462.92,523.96,24.15
1,260.00,38,363.22,393.41,0.00
1,260.00,39,600.75,383.94,6.05
1,260.00,40,867.34,466.40,12.06
1,260.00,41,305.44,725.07,24.94
1,260.00,42,589.83,962.95,16.12
1,260.00,43,767.91,548.24,18.18
1,260.00,44,606.44,959.39,7.50
1,260.00,45,658.88,356.15,5.61
1,260.00,46,344.80,341.76,17.05
1,260.00,47,699.61,31.64,14.09
1,260.00,48,16.84,968.45,0.00
1,260.00,49,288.88,474.79,17.40
1,260.00,50,519.25,909.21,8.26
1,260.00,51,394.10,564.13,8.58
1,260.00,52,626.50,618.46,23.90
1,260.00,53,296.53,452.24,11.58
1,260.00,54,89.16,634.31,13.63
1,260.00,55,468.71,328.39,6.59
1,260.00,56,552.84,38.68,0.00
1,260.00,57,353.85,216.88,12.69
1,260.00,58,675.62,209.06,16.59
1,260.00,59,785.03,679.32,5.45
1,260.00,60,476.63,485.06,7.54
1,260.00,61,290.42,141.93,5.71
1,260.00,62,376.16,802.60,7.83
1,260.00,63,555.42,443.47,5.89
1,260.00,64,608.87,924.07,0.00
1,260.00,65,512.47,589.98,6.10
1,260.00,66,260.66,505.44,24.33
1,260.00,67,559.23,511.40,5.79
1,260.00,68,692.52,320.11,11.43
1,260.00,69,697.87,785.35,5.77
1,260.00,70,221.43,830.79,12.83
1,260.00,71,502.17,411.64,19.24
1,260.00,72,365.73,701.81,15.22
1,260.00,73,834.44,587.44,15.85
1,260.00,74,540.67,287.18,0.00
1,260.00,75,419.48,159.74,17.50
1,260.00,76,470.04,162.29,5.29
1,260.00,77,134.87,286.42,0.00
1,260.00,78,826.90,338.55,5.27
1,260.00,79,339.52,472.55,0.00
1,260.00,80,37.49,809.56,12.28
1,260.00,81,239.84,544.31,8.76
1,260.00,82,439.24,393.77,11.12
1,260.00,83,715.72,445.90,22.72
1,260.00,84,950.66,599.86,0.00
1,260.00,85,36.99,432.22,0.00
1,260.00,86,305.62,920.88,11.77
1,260.00,87,322.17,176.14,12.45
1,260.00,88,486.36,263.41,0.00
1,260.00,89,436.27,769.69,20.99
1,260.00,90,575.29,698.18,0.00
1,260.00,91,219.20,423.57,10.78
1,260.00,92,709.11,234.92,0.00
1,260.00,93,515.11,687.98,9.66
1,260.00,94,123.51,788.69,11.92
1,260.00,95,611.44,756.61,20.19
1,260.00,96,642.42,430.17,8.46
1,260.00,97,281.04,688.07,13.98
1,260.00,98,721.98,336.81,7.55
1,260.00,99,575.34,945.30,12.67
1,260.00,100,563.78,765.41,8.66
1,260.00,101,743.87,417.11,10.98
1,260.00,102,330.64,802.41,8.26
1,260.00,103,300.79,126.09,10.42
1,260.00,104,652.04,13.02,19.62
1,260.00,105,810.64,576.22,0.00
1,260.00,106,786.92,625.37,0.00
1,260.00,107,549.50,872.62,9.90
1,260.00,108,506.60,726.47,0.00
1,260.00,109,61.32,461.91,0.00
1,260.00,110,358.72,320.86,20.51
1,260.00,111,336.60,456.95,5.65
1,260.00,112,222.83,191.99,12.65
1,260.00,113,174.90,693.18,12.43
1,260.00,114,348.97,181.64,10.04
1,260.00,115,244.90,651.66,5.75
1,260.00,116,563.55,58.06,6.55
1,260.00,117,349.26,685.03,9.56
1,260.00,118,812.72,800.48,20.35
1,260.00,119,510.25,618.86,0.00
1,260.00,120,669.34,601.98,5.85
1,260.00,121,134.11,132.79,7.48
1,260.00,122,426.76,331.65,13.26
1,260.00,123,130.13,585.38,7.57
1,260.00,124,446.52,363.37,8.22
1,260.00,125,120.85,349.46,0.00
1,260.00,126,721.52,458.46,0.00
1,260.00,127,332.66,783.90,19.17
1,260.00,128,734.00,549.75,0.00
1,260.00,129,266.86,351.50,8.46
1,260.00,130,413.96,689.46,15.44
1,260.00,131,585.77,501.17,12.29
1,260.00,132,766.50,345.17,11.29
1,260.00,133,102.76,682.27,7.10
1,260.00,134,951.08,578.45,0.00
1,260.00,135,514.25,517.60,12.15
1,260.00,136,881.19,315.12,10.01
1,260.00,137,916.47,184.00,10.35
1,260.00,138,985.96,168.25,0.00
1,260.00,139,496.84,638.69,8.26
1,260.00,140,338.14,356.09,13.50
1,260.00,141,315.89,961.90,0.00
1,260.00,142,167.62,832.87,21.82
1,260.00,143,128.76,461.50,0.00
1,260.00,144,134.09,694.44,15.52
1,260.00,145,341.27,515.13,5.49
1,260.00,146,57.82,939.28,24.15
1,260.00,147,298.32,169.25,9.75
1,260.00,148,603.07,35.86,16.41
1,260.00,149,613.90,434.53,9.86
1,260.00,150,461.89,842.19,5.11
1,260.00,151,742.00,568.67,6.01
1,260.00,152,889.74,392.21,7.93
1,260.00,153,681.11,688.23,18.04
1,260.00,154,413.03,270.54,0.00
1,260.00,155,150.47,873.22,16.31
1,260.00,156,776.02,488.13,5.32
1,260.00,157,631.18,192.36,22.32
1,260.00,158,837.24,881.49,0.00
1,260.00,159,289.24,698.00,10.71
1,260.00,160,322.95,736.53,9.00
1,260.00,161,157.45,291.54,6.12
1,260.00,162,226.59,676.44,18.50
1,260.00,163,252.81,287.02,11.73
1,260.00,164,476.97,324.13,15.13
1,260.00,165,594.95,985.40,0.00
1,260.00,166,717.63,431.60,24.05
1,260.00,167,657.36,204.88,15.35
1,260.00,168,598.80,480.51,6.10
1,260.00,169,419.04,874.98,0.00
1,260.00,170,169.56,879.59,22.02
1,260.00,171,548.50,371.88,18.62
1,260.00,172,590.11,504.19,12.98
1,260.00,173,162.65,464.24,8.92
1,260.00,174,494.33,723.99,14.01
1,260.00,175,640.12,478.80,9.02
1,260.00,176,98.99,491.19,20.73
1,260.00,177,312.18,481.04,6.53
1,260.00,178,747.32,935.66,11.79
1,260.00,179,747.05,516.33,9.55
1,260.00,180,491.77,83.52,0.00
1,260.00,181,76.68,416.10,11.41
1,260.00,182,27.49,614.77,11.28
1,260.00,183,515.65,521.68,11.03
1,260.00,184,674.59,194.96,19.27
1,260.00,185,531.88,584.87,9.53
1,260.00,186,608.02,324.74,14.61
1,260.00,187,89.17,305.02,7.00
1,260.00,188,587.43,89.63,13.36
1,260.00,189,496.04,316.95,19.19
1,260.00,190,505.16,550.70,0.00
1,260.00,191,420.36,224.12,17.36
1,260.00,192,515.58,324.73,6.21
1,260.00,193,480.71,449.52,6.75
1,260.00,194,342.58,802.80,14.25
1,260.00,195,837.87,371.35,9.34
1,260.00,196,220.39,769.18,0.00
1,260.00,197,784.39,359.08,5.91
1,260.00,198,719.23,550.02,14.02
1,260.00,199,400.52,502.79,16.86
1,270.00,0,326.62,800.47,5.69
1,270.00,1,279.28,213.37,22.69
1,270.00,2,325.16,877.88,0.00
1,270.00,3,7.47,633.26,0.00
1,270.00,4,991.30,2.48,0.00
1,270.00,5,505.07,280.22,14.61
1,270.00,6,872.64,787.58,6.04
1,270.00,7,338.34,158.39,14.06
1,270.00,8,58.01,63.93,11.91
1,270.00,9,638.61,312.14,8.04
1,270.00,10,349.20,690.99,10.44
1,270.00,11,523.57,849.01,22.59
1,270.00,12,318.34,298.21,19.25
1,270.00,13,331.80,115.84,11.03
1,270.00,14,894.78,244.87,13.51
1,270.00,15,864.61,421.51,15.90
1,270.00,16,263.09,522.09,19.78
1,270.00,17,304.50,248.32,13.17
1,270.00,18,778.22,953.27,0.00
1,270.00,19,384.29,402.58,7.69
1,270.00,20,570.18,516.41,5.05
1,270.00,21,519.60,431.35,12.96
1,270.00,22,499.53,842.07,0.00
1,270.00,23,864.99,838.66,11.68
1,270.00,24,307.07,424.05,5.77
1,270.00,25,465.14,914.17,7.86
1,270.00,26,865.38,65.33,0.00
1,270.00,27,502.26,752.51,17.65
1,270.00,28,74.34,333.63,16.91
1,270.00,29,930.37,740.29,10.14
1,270.00,30,687.51,484.37,21.00
1,270.00,31,283.71,433.18,5.03
1,270.00,32,541.09,552.11,0.00
1,270.00,33,269.43,93.19,22.39
1,270.00,34,250.79,231.87,6.73
1,270.00,35,691.93,726.44,24.44
1,270.00,36,800.54,876.98,15.08
1,270.00,37,701.36,485.62,24.15
1,270.00,38,384.15,380.89,17.69
1,270.00,39,569.02,332.38,6.05
1,270.00,40,928.19,362.24,12.06
1,270.00,41,509.67,581.88,24.94
1,270.00,42,616.46,803.97,16.12
1,270.00,43,615.62,448.89,18.18
1,270.00,44,550.09,909.93,7.50
1,270.00,45,714.42,348.54,5.61
1,270.00,46,228.78,216.76,17.05
1,270.00,47,709.99,5.93,0.00
1,270.00,48,43.89,933.25,9.80
1,270.00,49,392.54,335.02,17.40
1,270.00,50,601.76,911.97,8.26
1,270.00,51,478.09,546.42,8.58
1,270.00,52,644.25,380.17,23.90
1,270.00,53,292.58,452.98,0.00
1,270.00,54,220.79,669.63,13.63
1,270.00,55,503.75,384.20,6.59
1,270.00,56,504.37,35.47,11.51
1,270.00,57,362.40,173.20,0.00
1,270.00,58,767.08,118.99,0.00
1,270.00,59,821.12,681.15,0.00
1,270.00,60,467.18,410.29,7.54
1,270.00,61,276.74,86.48,5.71
1,270.00,62,297.90,800.02,7.83
1,270.00,63,502.60,469.45,5.89
1,270.00,64,474.63,881.88,24.53
1,270.00,65,474.97,638.10,6.10
1,270.00,66,150.44,288.58,24.33
1,270.00,67,592.99,464.31,5.79
1,270.00,68,608.06,397.12,11.43
1,270.00,69,659.05,742.71,5.77
1,270.00,70,216.98,937.27,0.00
1,270.00,71,667.35,510.32,19.24
1,270.00,72,312.19,631.23,0.00
1,270.00,73,987.46,577.66,0.00
1,270.00,74,558.62,240.39,18.86
1,270.00,75,430.25,130.01,0.00
1,270.00,76,440.39,206.16,5.29
1,270.00,77,129.71,319.45,21.42
1,270.00,78,817.80,286.60,5.27
1,270.00,79,259.05,399.59,20.04
1,270.00,80,5.54,875.63,0.00
1,270.00,81,326.68,556.10,8.76
1,270.00,82,500.93,486.34,11.12
1,270.00,83,718.39,436.25,0.00
1,270.00,84,886.89,576.95,8.51
1,270.00,85,111.56,450.51,7.97
1,270.00,86,291.95,930.72,0.00
1,270.00,87,438.70,132.26,12.45
1,270.00,88,537.18,335.99,22.86
1,270.00,89,646.13,773.81,20.99
1,270.00,90,554.85,514.48,19.10
1,270.00,91,234.49,530.26,10.78
1,270.00,92,719.18,250.28,19.14
1,270.00,93,566.48,769.73,9.66
1,270.00,94,128.14,855.41,0.00
1,270.00,95,644.08,801.28,0.00
1,270.00,96,647.84,432.04,0.00
1,270.00,97,204.13,804.77,13.98
1,270.00,98,732.18,336.61,0.00
1,270.00,99,554.72,949.19,0.00
1,270.00,100,602.06,843.12,8.66
1,270.00,101,850.50,443.23,10.98
1,270.00,102,332.85,719.89,8.26
1,270.00,103,350.29,217.75,10.42
1,270.00,104,696.70,1.78,0.00
1,270.00,105,864.34,596.49,9.82
1,270.00,106,638.03,598.40,18.03
1,270.00,107,512.91,964.63,9.90
1,270.00,108,426.96,608.46,20.65
1,270.00,109,119.78,457.70,13.97
1,270.00,110,400.54,521.65,20.51
1,270.00,111,283.47,437.66,5.65
1,270.00,112,102.16,153.97,12.65
1,270.00,113,261.32,603.83,12.43
1,270.00,114,254.51,147.71,10.04
1,270.00,115,216.80,701.78,5.75
1,270.00,116,553.95,122.81,6.55
1,270.00,117,254.54,697.64,9.56
1,270.00,118,614.44,754.76,20.35
1,270.00,119,543.09,582.71,10.15
1,270.00,120,674.31,604.80,0.00
1,270.00,121,92.46,70.71,7.48
1,270.00,122,404.49,200.94,13.26
1,270.00,123,125.46,660.95,7.57
1,270.00,124,492.07,431.73,8.22
1,270.00,125,189.52,347.57,9.07
1,270.00,126,650.39,505.40,18.72
1,270.00,127,301.95,594.71,19.17
1,270.00,128,667.31,489.65,12.84
1,270.00,129,337.50,304.98,8.46
1,270.00,130,537.35,596.69,15.44
1,270.00,131,500.63,589.86,12.29
1,270.00,132,657.10,373.11,11.29
1,270.00,133,124.19,614.55,7.10
1,270.00,134,871.38,574.71,8.28
1,270.00,135,396.70,548.19,12.15
1,270.00,136,956.43,381.13,10.01
1,270.00,137,881.01,281.21,10.35
1,270.00,138,930.81,217.25,15.90
1,270.00,139,533.16,685.72,0.00
1,270.00,140,363.34,488.75,13.50
1,270.00,141,347.91,913.93,6.73
1,270.00,142,152.95,615.21,21.82
1,270.00,143,129.14,457.87,8.02
1,270.00,144,82.93,809.20,0.00
1,270.00,145,297.70,481.74,5.49
1,270.00,146,35.45,951.56,0.00
1,270.00,147,395.83,169.27,9.75
1,270.00,148,444.54,78.34,16.41
1,270.00,149,703.99,474.64,9.86
1,270.00,150,509.28,861.34,5.11
1,270.00,151,755.95,562.07,0.00
1,270.00,152,940.37,347.74,0.00
1,270.00,153,720.82,512.29,18.04
1,270.00,154,388.73,293.69,5.21
1,270.00,155,100.34,941.52,0.00
1,270.00,156,798.90,487.10,0.00
1,270.00,157,629.54,79.67,0.00
1,270.00,158,838.36,852.59,12.11
1,270.00,159,389.25,659.66,10.71
1,270.00,160,362.98,817.12,9.00
1,270.00,161,218.52,296.04,6.12
1,270.00,162,368.45,557.70,18.50
1,270.00,163,251.09,283.68,0.00
1,270.00,164,442.92,471.57,15.13
1,270.00,165,695.65,928.97,19.25
1,270.00,166,887.15,261.06,24.05
1,270.00,167,549.96,127.91,0.00
1,270.00,168,643.57,521.88,6.10
1,270.00,169,449.83,756.46,22.09
1,270.00,170,318.09,717.07,22.02
1,270.00,171,503.54,333.85,0.00
1,270.00,172,470.07,553.47,12.98
1,270.00,173,228.04,403.56,8.92
1,270.00,174,568.56,842.80,14.01
1,270.00,175,564.79,429.19,9.02
1,270.00,176,32.47,435.25,0.00
1,270.00,177,353.45,531.69,6.53
1,270.00,178,772.07,820.36,11.79
1,270.00,179,799.78,436.65,9.55
1,270.00,180,598.41,128.76,0.00
1,270.00,181,149.31,504.07,11.41
1,270.00,182,21.17,502.16,11.28
1,270.00,183,460.92,425.88,11.03
1,270.00,184,486.42,236.31,19.27
1,270.00,185,467.40,655.11,9.53
1,270.00,186,472.32,378.83,14.61
1,270.00,187,159.09,308.84,7.00
1,270.00,188,574.36,57.71,0.00
1,270.00,189,337.09,424.45,19.19
1,270.00,190,462.67,581.85,22.38
1,270.00,191,402.39,198.63,0.00
1,270.00,192,561.90,283.41,6.21
1,270.00,193,476.33,382.21,6.75
1,270.00,194,205.79,762.95,14.25
1,270.00,195,926.42,341.75,9.34
1,270.00,196,223.11,770.33,9.00
1,270.00,197,727.60,375.62,5.91
1,270.00,198,820.49,647.06,14.02
1,270.00,199,413.30,670.88,16.86
1,280.00,0,368.60,838.93,5.69
1,280.00,1,423.51,388.58,22.69
1,280.00,2,340.09,855.79,9.20
1,280.00,3,11.48,593.36,7.11
1,280.00,4,926.11,146.60,21.76
1,280.00,5,443.01,412.45,14.61
1,280.00,6,912.45,788.39,0.00
1,280.00,7,282.73,99.87,0.00
1,280.00,8,14.15,4.70,0.00
1,280.00,9,710.73,347.78,8.04
1,280.00,10,306.95,779.71,0.00
1,280.00,11,450.74,635.13,22.59
1,280.00,12,325.79,128.96,0.00
1,280.00,13,325.41,107.91,0.00
1,280.00,14,766.99,200.92,13.51
1,280.00,15,742.99,523.99,15.90
1,280.00,16,239.63,510.84,0.00
1,280.00,17,199.96,168.20,13.17
1,280.00,18,800.70,790.68,18.50
1,280.00,19,385.72,398.57,0.00
1,280.00,20,562.84,466.44,5.05
1,280.00,21,608.52,488.57,0.00
1,280.00,22,511.11,790.67,6.00
1,280.00,23,832.70,726.41,11.68
1,280.00,24,321.39,368.12,5.77
1,280.00,25,387.93,899.37,7.86
1,280.00,26,848.82,74.52,12.40
1,280.00,27,676.59,725.15,17.65
1,280.00,28,121.93,495.94,16.91
1,280.00,29,920.69,834.19,0.00
1,280.00,30,844.75,392.33,0.00
1,280.00,31,330.55,451.63,5.03
1,280.00,32,558.68,582.16,20.31
1,280.00,33,49.06,53.79,22.39
1,280.00,34,272.78,168.29,6.73
1,280.00,35,656.66,968.33,24.44
1,280.00,36,661.70,935.72,15.08
1,280.00,37,732.47,480.62,0.00
1,280.00,38,535.98,290.11,17.69
1,280.00,39,537.30,280.81,6.05
1,280.00,40,973.03,285.47,0.00
1,280.00,41,713.89,438.70,24.94
1,280.00,42,643.09,644.98,16.12
1,280.00,43,463.33,349.54,18.18
1,280.00,44,493.75,860.48,7.50
1,280.00,45,769.96,340.94,5.61
1,280.00,46,118.72,98.17,0.00
1,280.00,47,658.10,76.95,10.95
1,280.00,48,103.60,855.55,9.80
1,280.00,49,496.20,195.26,17.40
1,280.00,50,684.26,914.73,8.26
1,280.00,51,562.07,528.72,8.58
1,280.00,52,656.64,213.92,0.00
1,280.00,53,194.53,664.60,24.16
1,280.00,54,352.41,704.95,13.63
1,280.00,55,538.79,440.00,6.59
1,280.00,56,389.49,27.86,11.51
1,280.00,57,387.19,262.80,14.32
1,280.00,58,753.81,132.21,8.27
1,280.00,59,815.15,614.53,19.83
1,280.00,60,457.74,335.52,7.54
1,280.00,61,264.83,38.22,0.00
1,280.00,62,251.69,798.50,0.00
1,280.00,63,487.34,476.95,0.00
1,280.00,64,276.74,819.69,0.00
1,280.00,65,437.47,686.22,6.10
1,280.00,66,104.92,199.01,0.00
1,280.00,67,626.75,417.22,5.79
1,280.00,68,523.60,474.14,11.43
1,280.00,69,620.22,700.07,5.77
1,280.00,70,212.36,905.57,18.95
1,280.00,71,739.75,553.58,0.00
1,280.00,72,405.27,640.47,22.39
1,280.00,73,985.05,574.97,11.17
1,280.00,74,623.62,70.93,0.00
1,280.00,75,489.51,198.31,11.04
1,280.00,76,410.74,250.03,5.29
1,280.00,77,96.60,531.04,21.42
1,280.00,78,808.69,234.65,5.27
1,280.00,79,125.24,278.27,0.00
1,280.00,80,41.63,821.86,16.09
1,280.00,81,413.51,567.90,8.76
1,280.00,82,562.62,578.92,11.12
1,280.00,83,896.79,413.56,18.81
1,280.00,84,806.84,548.19,8.51
1,280.00,85,188.99,469.50,7.97
1,280.00,86,299.91,768.21,18.99
1,280.00,87,555.22,88.38,12.45
1,280.00,88,668.29,523.26,22.86
1,280.00,89,855.99,777.93,20.99
1,280.00,90,533.72,324.68,19.10
1,280.00,91,249.79,636.96,10.78
1,280.00,92,824.11,410.36,19.14
1,280.00,93,594.74,814.71,0.00
1,280.00,94,198.31,806.93,19.43
1,280.00,95,628.49,742.50,8.38
1,280.00,96,569.42,365.43,0.00
1,280.00,97,127.22,921.47,13.98
1,280.00,98,538.95,338.91,22.34
1,280.00,99,457.91,901.37,12.94
1,280.00,100,640.34,920.84,8.66
1,280.00,101,896.33,454.46,0.00
1,280.00,102,335.06,637.37,8.26
1,280.00,103,399.78,309.40,10.42
1,280.00,104,622.43,112.76,17.45
1,280.00,105,955.67,630.96,0.00
1,280.00,106,460.61,566.27,18.03
1,280.00,107,499.02,999.53,0.00
1,280.00,108,311.45,437.32,20.65
1,280.00,109,259.13,447.67,13.97
1,280.00,110,442.35,722.44,20.51
1,280.00,111,230.34,418.38,5.65
1,280.00,112,82.42,147.75,0.00
1,280.00,113,347.75,514.48,12.43
1,280.00,114,179.55,120.79,0.00
1,280.00,115,188.70,751.90,5.75
1,280.00,116,544.35,187.57,6.55
1,280.00,117,159.81,710.24,9.56
1,280.00,118,416.16,709.04,20.35
1,280.00,119,611.36,507.55,10.15
1,280.00,120,650.83,646.87,5.34
1,280.00,121,50.80,8.62,7.48
1,280.00,122,382.23,70.23,13.26
1,280.00,123,120.78,736.53,7.57
1,280.00,124,537.63,500.09,8.22
1,280.00,125,280.22,345.08,9.07
1,280.00,126,494.11,608.52,18.72
1,280.00,127,271.23,405.52,19.17
1,280.00,128,571.95,403.72,12.84
1,280.00,129,408.13,258.46,8.46
1,280.00,130,660.74,503.93,15.44
1,280.00,131,415.50,678.56,12.29
1,280.00,132,547.69,401.04,11.29
1,280.00,133,145.62,546.83,7.10
1,280.00,134,788.67,570.84,8.28
1,280.00,135,279.16,578.79,12.15
1,280.00,136,983.45,404.84,0.00
1,280.00,137,845.54,378.42,10.35
1,280.00,138,811.96,322.83,15.90
1,280.00,139,536.10,619.56,23.63
1,280.00,140,388.55,621.42,13.50
1,280.00,141,385.31,857.92,6.73
1,280.00,142,138.28,397.54,21.82
1,280.00,143,137.44,378.10,8.02
1,280.00,144,108.64,817.89,14.27
1,280.00,145,254.13,448.34,5.49
1,280.00,146,246.28,958.18,23.59
1,280.00,147,493.35,169.29,9.75
1,280.00,148,353.32,102.78,0.00
1,280.00,149,762.12,500.52,0.00
1,280.00,150,556.67,880.49,5.11
1,280.00,151,597.27,652.86,24.59
1,280.00,152,934.59,368.66,14.48
1,280.00,153,740.97,423.01,0.00
1,280.00,154,351.00,329.62,5.21
1,280.00,155,207.05,913.06,22.99
1,280.00,156,853.26,609.90,23.59
1,280.00,157,642.34,135.76,11.62
1,280.00,158,843.07,731.54,12.11
1,280.00,159,489.26,621.33,10.71
1,280.00,160,396.33,884.27,0.00
1,280.00,161,279.59,300.54,6.12
1,280.00,162,510.31,438.96,18.50
1,280.00,163,240.18,305.92,0.00
1,280.00,164,408.87,619.01,15.13
1,280.00,165,799.29,870.89,0.00
1,280.00,166,913.90,234.16,0.00
1,280.00,167,569.38,154.74,23.74
1,280.00,168,688.34,563.25,6.10
1,280.00,169,505.36,542.70,22.09
1,280.00,170,466.63,554.56,22.02
1,280.00,171,415.23,214.76,21.68
1,280.00,172,350.03,602.75,12.98
1,280.00,173,293.43,342.89,8.92
1,280.00,174,578.10,858.07,0.00
1,280.00,175,489.46,379.57,9.02
1,280.00,176,72.74,447.02,7.23
1,280.00,177,367.97,549.52,0.00
1,280.00,178,796.82,705.06,11.79
1,280.00,179,852.51,356.97,9.55
1,280.00,180,594.51,129.14,18.77
1,280.00,181,221.94,592.03,11.41
1,280.00,182,14.85,389.54,11.28
1,280.00,183,406.20,330.08,11.03
1,280.00,184,298.25,277.65,19.27
1,280.00,185,402.93,725.35,9.53
1,280.00,186,336.62,432.92,14.61
1,280.00,187,229.02,312.66,7.00
1,280.00,188,483.44,131.57,15.79
1,280.00,189,178.14,531.96,19.19
1,280.00,190,282.17,714.16,22.38
1,280.00,191,261.67,279.22,0.00
1,280.00,192,608.22,242.09,6.21
1,280.00,193,471.96,314.90,6.75
1,280.00,194,68.99,723.09,14.25
1,280.00,195,946.74,334.95,0.00
1,280.00,196,305.99,805.42,9.00
1,280.00,197,670.81,392.16,5.91
1,280.00,198,921.75,744.10,14.02
1,280.00,199,426.09,838.97,16.86
1,290.00,0,410.59,877.38,5.69
1,290.00,1,567.74,563.79,22.69
1,290.00,2,391.63,779.61,9.20
1,290.00,3,18.58,522.59,7.11
1,290.00,4,836.44,344.84,21.76
1,290.00,5,380.96,544.68,14.61
1,290.00,6,888.99,709.17,0.00
1,290.00,7,301.05,201.87,24.34
1,290.00,8,59.49,87.68,24.82
1,290.00,9,782.86,383.42,8.04
1,290.00,10,312.59,779.07,9.61
1,290.00,11,377.91,421.26,22.59
1,290.00,12,320.16,145.04,14.22
1,290.00,13,375.12,111.97,5.50
1,290.00,14,639.21,156.97,13.51
1,290.00,15,621.37,626.47,15.90
1,290.00,16,249.55,560.30,5.81
1,290.00,17,95.42,88.09,13.17
1,290.00,18,826.04,607.38,18.50
1,290.00,19,579.07,355.34,20.97
1,290.00,20,555.50,416.47,5.05
1,290.00,21,606.00,499.09,5.87
1,290.00,22,524.31,732.11,6.00
1,290.00,23,800.41,614.16,11.68
1,290.00,24,335.72,312.19,5.77
1,290.00,25,310.73,884.56,7.86
1,290.00,26,740.38,134.67,12.40
1,290.00,27,850.92,697.79,17.65
1,290.00,28,169.52,658.25,16.91
1,290.00,29,919.21,826.33,11.55
1,290.00,30,849.03,407.88,12.17
1,290.00,31,377.39,470.09,5.03
1,290.00,32,661.25,757.46,20.31
1,290.00,33,23.59,49.24,0.00
1,290.00,34,294.77,104.70,6.73
1,290.00,35,656.36,970.42,0.00
1,290.00,36,648.59,941.27,0.00
1,290.00,37,763.02,546.65,8.37
1,290.00,38,687.81,199.33,17.69
1,290.00,39,524.49,260.00,0.00
1,290.00,40,932.37,303.54,16.92
1,290.00,41,918.12,295.51,24.94
1,290.00,42,669.72,486.00,16.12
1,290.00,43,384.34,298.01,0.00
1,290.00,44,437.40,811.03,7.50
1,290.00,45,825.50,333.33,5.61
1,290.00,46,121.44,101.81,8.87
1,290.00,47,593.52,165.37,10.95
1,290.00,48,163.31,777.85,9.80
1,290.00,49,540.93,134.96,0.00
1,290.00,50,766.77,917.49,8.26
1,290.00,51,646.05,511.01,8.58
1,290.00,52,635.88,257.48,15.96
1,290.00,53,102.92,862.30,0.00
1,290.00,54,484.03,740.27,13.63
1,290.00,55,573.83,495.81,6.59
1,290.00,56,274.62,20.25,11.51
1,290.00,57,425.37,400.78,14.32
1,290.00,58,695.17,190.55,8.27
1,290.00,59,797.46,416.99,19.83
1,290.00,60,448.29,260.74,7.54
1,290.00,61,270.09,65.22,21.18
1,290.00,62,280.21,807.07,7.27
1,290.00,63,480.57,569.14,13.00
1,290.00,64,295.96,794.95,20.30
1,290.00,65,399.98,734.34,6.10
1,290.00,66,162.38,321.47,23.04
1,290.00,67,660.51,370.13,5.79
1,290.00,68,439.15,551.15,11.43
1,290.00,69,581.40,657.42,5.77
1,290.00,70,185.04,718.03,18.95
1,290.00,71,692.57,569.35,8.86
1,290.00,72,628.11,662.60,22.39
1,290.00,73,910.41,491.83,11.17
1,290.00,74,623.65,72.91,5.27
1,290.00,75,561.84,281.68,11.04
1,290.00,76,381.09,293.90,5.29
1,290.00,77,66.91,720.82,0.00
1,290.00,78,799.59,182.70,5.27
1,290.00,79,136.90,268.73,15.26
1,290.00,80,131.31,688.26,16.09
1,290.00,81,425.11,569.47,0.00
1,290.00,82,624.31,671.50,11.12
1,290.00,83,900.80,413.05,0.00
1,290.00,84,726.80,519.43,8.51
1,290.00,85,266.41,488.49,7.97
1,290.00,86,309.20,578.56,18.99
1,290.00,87,590.48,75.10,0.00
1,290.00,88,799.40,710.53,22.86
1,290.00,89,993.41,780.62,0.00
1,290.00,90,512.60,134.88,19.10
1,290.00,91,265.08,743.66,10.78
1,290.00,92,929.03,570.44,19.14
1,290.00,93,539.81,829.20,12.63
1,290.00,94,358.19,696.46,19.43
1,290.00,95,607.02,661.53,8.38
1,290.00,96,566.61,327.70,10.08
1,290.00,97,99.35,963.76,0.00
1,290.00,98,448.76,339.98,0.00
1,290.00,99,341.87,844.05,12.94
1,290.00,100,654.99,950.59,0.00
1,290.00,101,850.72,338.69,21.82
1,290.00,102,337.27,554.84,8.26
1,290.00,103,449.27,401.05,10.42
1,290.00,104,525.38,257.78,17.45
1,290.00,105,954.34,630.64,21.84
1,290.00,106,283.19,534.14,18.03
1,290.00,107,482.81,963.54,6.36
1,290.00,108,195.94,266.18,20.65
1,290.00,109,398.48,437.63,13.97
1,290.00,110,484.17,923.23,20.51
1,290.00,111,177.20,399.10,5.65
1,290.00,112,117.16,214.46,8.99
1,290.00,113,377.40,483.82,0.00
1,290.00,114,184.29,146.90,12.85
1,290.00,115,160.60,802.02,5.75
1,290.00,116,534.75,252.33,6.55
1,290.00,117,70.57,722.12,0.00
1,290.00,118,284.22,678.62,0.00
1,290.00,119,679.62,432.39,10.15
1,290.00,120,624.80,693.50,5.34
1,290.00,121,46.77,2.61,0.00
1,290.00,122,370.60,1.96,0.00
1,290.00,123,116.10,812.10,7.57
1,290.00,124,583.19,568.45,8.22
1,290.00,125,370.93,342.58,9.07
1,290.00,126,337.84,711.64,18.72
1,290.00,127,240.52,216.33,19.17
1,290.00,128,476.58,317.79,12.84
1,290.00,129,435.88,240.19,0.00
1,290.00,130,784.13,411.17,15.44
1,290.00,131,415.10,678.98,0.00
1,290.00,132,438.29,428.97,11.29
1,290.00,133,167.06,479.11,7.10
1,290.00,134,705.96,566.96,8.28
1,290.00,135,162.82,609.07,0.00
1,290.00,136,983.75,312.53,14.41
1,290.00,137,810.07,475.63,10.35
1,290.00,138,693.11,428.42,15.90
1,290.00,139,546.58,383.47,23.63
1,290.00,140,413.76,754.08,13.50
1,290.00,141,422.71,801.92,6.73
1,290.00,142,132.99,318.95,0.00
1,290.00,143,145.75,298.33,8.02
1,290.00,144,243.87,863.55,14.27
1,290.00,145,230.35,430.11,0.00
1,290.00,146,482.04,965.58,23.59
1,290.00,147,590.86,169.31,9.75
1,290.00,148,373.89,110.47,5.17
1,290.00,149,724.56,533.71,14.13
1,290.00,150,604.06,899.64,5.11
1,290.00,151,383.81,775.00,24.59
1,290.00,152,896.00,508.18,14.48
1,290.00,153,698.23,445.38,9.79
1,290.00,154,313.27,365.56,5.21
1,290.00,155,429.16,853.81,22.99
1,290.00,156,948.77,825.61,23.59
1,290.00,157,668.19,249.06,11.62
1,290.00,158,847.78,610.50,12.11
1,290.00,159,584.91,584.66,0.00
1,290.00,160,405.93,877.94,6.90
1,290.00,161,340.67,305.03,6.12
1,290.00,162,652.17,320.22,18.50
1,290.00,163,351.73,285.98,13.51
1,290.00,164,374.82,766.44,15.13
1,290.00,165,787.86,813.12,15.38
1,290.00,166,914.35,326.34,10.94
1,290.00,167,708.58,347.10,23.74
1,290.00,168,724.09,596.29,0.00
1,290.00,169,560.89,328.93,22.09
1,290.00,170,615.16,392.04,22.02
1,290.00,171,352.91,130.71,0.00
1,290.00,172,230.00,652.04,12.98
1,290.00,173,358.82,282.21,8.92
1,290.00,174,528.69,853.90,5.69
1,290.00,175,414.13,329.95,9.02
1,290.00,176,142.10,467.28,7.23
1,290.00,177,474.86,669.94,24.84
1,290.00,178,807.17,656.81,0.00
1,290.00,179,857.54,349.36,0.00
1,290.00,180,407.74,147.44,18.77
1,290.00,181,294.57,680.00,11.41
1,290.00,182,11.53,330.36,0.00
1,290.00,183,363.22,254.85,0.00
1,290.00,184,115.15,317.89,0.00
1,290.00,185,338.45,795.60,9.53
1,290.00,186,200.92,487.01,14.61
1,290.00,187,298.94,316.48,7.00
1,290.00,188,360.87,231.14,15.79
1,290.00,189,84.63,595.20,0.00
1,290.00,190,204.80,770.88,0.00
1,290.00,191,257.58,301.59,13.31
1,290.00,192,654.54,200.77,6.21
1,290.00,193,467.58,247.58,6.75
1,290.00,194,27.06,710.87,0.00
1,290.00,195,876.82,313.47,9.49
1,290.00,196,386.40,839.46,0.00
1,290.00,197,614.02,408.70,5.91
1,290.00,198,985.81,805.50,0.00
1,290.00,199,430.00,890.46,0.00
1,300.00,0,452.57,915.84,5.69
1,300.00,1,711.97,739.00,22.69
1,300.00,2,443.17,703.43,9.20
1,300.00,3,25.68,451.81,7.11
1,300.00,4,746.76,543.08,21.76
1,300.00,5,318.90,676.92,14.61
1,300.00,6,887.96,709.19,17.88
1,300.00,7,322.59,321.82,0.00
1,300.00,8,178.50,305.47,24.82
1,300.00,9,854.98,419.06,8.04
1,300.00,10,408.13,768.23,9.61
1,300.00,11,313.10,230.94,0.00
1,300.00,12,273.14,279.28,14.22
1,300.00,13,429.89,116.43,5.50
1,300.00,14,511.43,113.02,13.51
1,300.00,15,499.75,728.95,15.90
1,300.00,16,260.97,617.25,5.81
1,300.00,17,0.72,15.52,0.00
1,300.00,18,851.38,424.09,18.50
1,300.00,19,688.01,330.98,0.00
1,300.00,20,548.16,366.51,5.05
1,300.00,21,592.35,556.19,5.87
1,300.00,22,537.50,673.55,6.00
1,300.00,23,768.12,501.91,11.68
1,300.00,24,346.34,270.72,0.00
1,300.00,25,233.52,869.76,7.86
1,300.00,26,631.94,194.82,12.40
1,300.00,27,866.57,695.34,0.00
1,300.00,28,217.11,820.56,16.91
1,300.00,29,897.81,712.82,11.55
1,300.00,30,881.38,525.21,12.17
1,300.00,31,424.23,488.55,5.03
1,300.00,32,730.61,875.99,0.00
1,300.00,33,53.73,92.79,5.99
1,300.00,34,316.76,41.12,6.73
1,300.00,35,487.82,847.97,21.01
1,300.00,36,670.73,769.53,19.12
1,300.00,37,771.40,564.76,0.00
1,300.00,38,818.60,121.13,0.00
1,300.00,39,572.85,328.65,14.08
1,300.00,40,777.79,372.26,16.92
1,300.00,41,983.97,249.35,0.00
1,300.00,42,696.34,327.01,16.12
1,300.00,43,329.13,386.12,21.60
1,300.00,44,381.05,761.58,7.50
1,300.00,45,881.04,325.72,5.61
1,300.00,46,174.58,172.82,8.87
1,300.00,47,528.93,253.79,10.95
1,300.00,48,223.02,700.15,9.80
1,300.00,49,406.49,108.24,24.11
1,300.00,50,799.71,918.59,0.00
1,300.00,51,730.04,493.31,8.58
1,300.00,52,567.21,401.56,15.96
1,300.00,53,108.75,857.33,7.80
1,300.00,54,615.65,775.59,13.63
1,300.00,55,608.87,551.62,6.59
1,300.00,56,211.58,16.08,0.00
1,300.00,57,463.55,538.77,14.32
1,300.00,58,636.54,248.89,8.27
1,300.00,59,779.76,219.45,19.83
1,300.00,60,440.78,201.32,0.00
1,300.00,61,310.59,273.15,21.18
1,300.00,62,349.82,828.00,7.27
1,300.00,63,471.06,698.78,13.00
1,300.00,64,420.52,634.62,20.30
1,300.00,65,362.48,782.46,6.10
1,300.00,66,260.28,530.08,23.04
1,300.00,67,694.27,323.04,5.79
1,300.00,68,354.69,628.16,11.43
1,300.00,69,542.57,614.78,5.77
1,300.00,70,157.71,530.49,18.95
1,300.00,71,608.56,597.43,8.86
1,300.00,72,850.95,684.73,22.39
1,300.00,73,835.78,408.68,11.17
1,300.00,74,624.50,125.57,5.27
1,300.00,75,634.17,365.05,11.04
1,300.00,76,351.45,337.77,5.29
1,300.00,77,84.38,725.15,17.46
1,300.00,78,790.48,130.75,5.27
1,300.00,79,255.04,172.06,15.26
1,300.00,80,220.99,554.66,16.09
1,300.00,81,439.71,627.67,6.92
1,300.00,82,673.45,745.23,0.00
1,300.00,83,901.62,492.95,8.17
1,300.00,84,646.76,490.68,8.51
1,300.00,85,343.84,507.48,7.97
1,300.00,86,318.49,388.92,18.99
1,300.00,87,539.21,171.85,15.70
1,300.00,88,930.52,897.80,22.86
1,300.00,89,912.79,769.10,23.59
1,300.00,90,505.13,67.77,0.00
1,300.00,91,280.38,850.35,10.78
1,300.00,92,980.41,648.83,0.00
1,300.00,93,417.72,861.40,12.63
1,300.00,94,518.07,585.99,19.43
1,300.00,95,585.54,580.56,8.38
1,300.00,96,561.63,260.86,0.00
1,300.00,97,115.42,867.40,15.32
1,300.00,98,442.47,442.28,17.19
1,300.00,99,225.83,786.73,12.94
1,300.00,100,538.28,872.30,22.77
1,300.00,101,807.82,229.80,0.00
1,300.00,102,338.67,502.51,0.00
1,300.00,103,498.77,492.71,10.42
1,300.00,104,428.33,402.80,17.45
1,300.00,105,742.26,578.47,21.84
1,300.00,106,105.77,502.01,18.03
1,300.00,107,456.68,905.55,6.36
1,300.00,108,101.85,126.77,0.00
1,300.00,109,537.83,427.60,13.97
1,300.00,110,496.55,982.68,0.00
1,300.00,111,137.39,384.66,0.00
1,300.00,112,158.70,294.22,8.99
1,300.00,113,454.76,627.59,24.85
1,300.00,114,207.23,273.38,12.85
1,300.00,115,132.50,852.15,5.75
1,300.00,116,525.15,317.08,6.55
1,300.00,117,75.14,712.06,19.08
1,300.00,118,341.10,667.66,17.31
1,300.00,119,747.89,357.23,10.15
1,300.00,120,598.77,740.13,5.34
1,300.00,121,181.44,17.28,15.00
1,300.00,122,385.13,30.09,6.63
1,300.00,123,112.75,866.32,0.00
1,300.00,124,628.74,636.82,8.22
1,300.00,125,461.64,340.09,9.07
1,300.00,126,181.57,814.76,18.72
1,300.00,127,218.16,78.59,0.00
1,300.00,128,381.21,231.86,12.84
1,300.00,129,563.41,319.13,24.70
1,300.00,130,821.43,383.13,0.00
1,300.00,131,410.80,485.18,19.48
1,300.00,132,328.88,456.91,11.29
1,300.00,133,188.49,411.38,7.10
1,300.00,134,623.26,563.09,8.28
1,300.00,135,163.70,608.81,8.96
1,300.00,136,984.07,211.11,0.00
1,300.00,137,774.60,572.84,10.35
1,300.00,138,574.27,534.00,15.90
1,300.00,139,546.91,375.84,0.00
1,300.00,140,429.69,837.90,0.00
1,300.00,141,460.10,745.91,6.73
1,300.00,142,197.05,281.72,11.60
1,300.00,143,154.05,218.56,8.02
1,300.00,144,379.09,909.22,14.27
1,300.00,145,330.47,447.38,22.37
1,300.00,146,561.01,968.06,0.00
1,300.00,147,658.65,169.33,0.00
1,300.00,148,422.34,128.60,5.17
1,300.00,149,618.71,627.26,14.13
1,300.00,150,651.45,918.79,5.11
1,300.00,151,314.15,814.85,0.00
1,300.00,152,857.41,647.71,14.48
1,300.00,153,611.46,490.80,9.79
1,300.00,154,275.54,401.49,5.21
1,300.00,155,651.27,794.57,22.99
1,300.00,156,993.08,925.69,0.00
1,300.00,157,694.04,362.35,11.62
1,300.00,158,852.49,489.45,12.11
1,300.00,159,576.23,583.65,20.09
1,300.00,160,463.56,840.01,6.90
1,300.00,161,401.74,309.53,6.12
1,300.00,162,794.03,201.48,18.50
1,300.00,163,484.74,262.21,13.51
1,300.00,164,368.90,792.07,0.00
1,300.00,165,758.02,662.24,15.38
1,300.00,166,914.88,435.77,10.94
1,300.00,167,847.79,539.46,23.74
1,300.00,168,720.14,582.11,7.31
1,300.00,169,616.42,115.17,22.09
1,300.00,170,763.69,229.52,22.02
1,300.00,171,385.10,198.58,14.52
1,300.00,172,109.96,701.32,12.98
1,300.00,173,424.21,221.53,8.92
1,300.00,174,471.99,849.11,5.69
1,300.00,175,338.80,280.34,9.02
1,300.00,176,211.47,487.55,7.23
1,300.00,177,639.78,855.73,24.84
1,300.00,178,737.87,619.89,13.50
1,300.00,179,659.98,314.13,22.19
1,300.00,180,340.85,153.99,0.00
1,300.00,181,314.90,704.62,0.00
1,300.00,182,43.29,325.03,6.79
1,300.00,183,379.37,267.36,9.52
1,300.00,184,121.18,317.26,22.50
1,300.00,185,273.98,865.84,9.53
1,300.00,186,116.20,520.78,0.00
1,300.00,187,368.87,320.30,7.00
1,300.00,188,238.30,330.72,15.79
1,300.00,189,147.73,599.98,15.37
1,300.00,190,344.05,772.90,24.37
1,300.00,191,233.64,432.52,13.31
1,300.00,192,676.22,181.42,0.00
1,300.00,193,466.06,224.12,0.00
1,300.00,194,192.51,689.16,24.06
1,300.00,195,786.07,285.59,9.49
1,300.00,196,383.11,839.89,11.14
1,300.00,197,557.23,425.24,5.91
1,300.00,198,945.94,785.92,12.10
1,300.00,199,401.23,763.61,18.75
1,310.00,0,494.56,954.29,5.69
1,310.00,1,847.30,903.40,0.00
1,310.00,2,494.71,627.24,9.20
1,310.00,3,32.79,381.03,7.11
1,310.00,4,657.09,741.32,21.76
1,310.00,5,256.84,809.15,14.61
1,310.00,6,709.16,713.15,17.88
1,310.00,7,279.02,436.45,24.56
1,310.00,8,284.16,498.83,0.00
1,310.00,9,927.10,454.70,8.04
1,310.00,10,503.66,757.40,9.61
1,310.00,11,308.13,247.43,15.65
1,310.00,12,226.12,413.53,14.22
1,310.00,13,484.66,120.90,5.50
1,310.00,14,383.65,69.07,13.51
1,310.00,15,378.12,831.43,15.90
1,310.00,16,272.38,674.20,5.81
1,310.00,17,19.57,27.04,23.47
1,310.00,18,876.72,240.79,18.50
1,310.00,19,635.03,387.61,16.58
1,310.00,20,540.83,316.54,5.05
1,310.00,21,578.70,613.28,5.87
1,310.00,22,550.70,614.99,6.00
1,310.00,23,735.83,389.66,11.68
1,310.00,24,366.47,324.04,22.04
1,310.00,25,156.31,854.96,7.86
1,310.00,26,523.50,254.96,12.40
1,310.00,27,785.78,484.26,24.83
1,310.00,28,240.74,901.13,0.00
1,310.00,29,876.41,599.31,11.55
1,310.00,30,913.74,642.55,12.17
1,310.00,31,471.07,507.01,5.03
1,310.00,32,676.10,859.51,17.58
1,310.00,33,87.82,142.03,5.99
1,310.00,34,330.88,0.26,0.00
1,310.00,35,317.82,724.45,21.01
1,310.00,36,677.14,719.78,0.00
1,310.00,37,810.14,561.62,0.00
1,310.00,38,820.45,132.95,8.63
1,310.00,39,653.96,443.80,14.08
1,310.00,40,623.20,440.98,16.92
1,310.00,41,915.93,203.42,0.00
1,310.00,42,717.91,198.26,0.00
1,310.00,43,214.41,569.18,21.60
1,310.00,44,324.70,712.13,7.50
1,310.00,45,936.59,318.12,5.61
1,310.00,46,227.72,243.83,8.87
1,310.00,47,464.34,342.20,10.95
1,310.00,48,282.73,622.46,9.80
1,310.00,49,170.06,61.24,24.11
1,310.00,50,741.03,799.11,22.16
1,310.00,51,814.02,475.60,8.58
1,310.00,52,498.54,545.64,15.96
1,310.00,53,168.09,806.68,7.80
1,310.00,54,727.35,805.56,0.00
1,310.00,55,643.91,607.42,6.59
1,310.00,56,241.05,53.01,10.47
1,310.00,57,501.73,676.75,14.32
1,310.00,58,577.91,307.23,8.27
1,310.00,59,776.64,184.59,0.00
1,310.00,60,402.04,184.07,20.66
1,310.00,61,351.09,481.07,21.18
1,310.00,62,419.43,848.92,7.27
1,310.00,63,461.54,828.41,13.00
1,310.00,64,545.08,474.29,20.30
1,310.00,65,324.98,830.57,6.10
1,310.00,66,358.18,738.70,23.04
1,310.00,67,728.03,275.94,5.79
1,310.00,68,270.23,705.18,11.43
1,310.00,69,503.75,572.14,5.77
1,310.00,70,130.38,342.96,18.95
1,310.00,71,524.56,625.51,8.86
1,310.00,72,957.38,695.30,0.00
1,310.00,73,761.14,325.54,11.17
1,310.00,74,625.34,178.24,5.27
1,310.00,75,705.70,447.50,0.00
1,310.00,76,321.80,381.64,5.29
1,310.00,77,253.89,767.16,17.46
1,310.00,78,781.38,78.80,5.27
1,310.00,79,373.18,75.40,15.26
1,310.00,80,310.67,421.06,16.09
1,310.00,81,456.56,694.83,6.92
1,310.00,82,682.35,715.39,15.30
1,310.00,83,902.46,574.59,8.17
1,310.00,84,566.71,461.92,8.51
1,310.00,85,421.26,526.47,7.97
1,310.00,86,324.71,261.97,0.00
1,310.00,87,465.70,310.56,15.70
1,310.00,88,932.35,900.42,0.00
1,310.00,89,679.28,735.73,23.59
1,310.00,90,606.39,144.02,0.00
1,310.00,91,295.67,957.05,10.78
1,310.00,92,948.37,655.98,6.43
1,310.00,93,295.63,893.61,12.63
1,310.00,94,677.95,475.52,19.43
1,310.00,95,564.07,499.59,8.38
1,310.00,96,629.11,254.10,20.23
1,310.00,97,140.61,716.28,15.32
1,310.00,98,431.91,613.82,17.19
1,310.00,99,216.56,782.14,0.00
1,310.00,100,349.20,745.47,22.77
1,310.00,101,776.25,248.53,7.92
1,310.00,102,357.64,475.53,9.01
1,310.00,103,548.26,584.36,10.42
1,310.00,104,386.75,464.92,0.00
1,310.00,105,530.18,526.31,21.84
1,310.00,106,46.37,491.25,0.00
1,310.00,107,430.56,847.55,6.36
1,310.00,108,113.28,123.28,6.45
1,310.00,109,640.06,420.24,0.00
1,310.00,110,462.22,869.61,16.79
1,310.00,111,155.78,401.27,9.88
1,310.00,112,200.24,373.98,8.99
1,310.00,113,545.19,795.64,0.00
1,310.00,114,230.17,399.86,12.85
1,310.00,115,104.40,902.27,5.75
1,310.00,116,515.55,381.84,6.55
1,310.00,117,153.99,538.27,19.08
1,310.00,118,511.09,634.90,17.31
1,310.00,119,816.15,282.07,10.15
1,310.00,120,572.73,786.75,5.34
1,310.00,121,330.54,33.52,15.00
1,310.00,122,415.56,88.98,6.63
1,310.00,123,147.50,865.93,12.30
1,310.00,124,674.30,705.18,8.22
1,310.00,125,552.35,337.59,9.07
1,310.00,126,107.32,863.75,0.00
1,310.00,127,254.33,121.11,20.53
1,310.00,128,365.12,217.36,0.00
1,310.00,129,773.46,449.17,24.70
1,310.00,130,696.46,380.70,17.91
1,310.00,131,406.49,290.46,19.48
1,310.00,132,219.48,484.84,11.29
1,310.00,133,209.93,343.66,7.10
1,310.00,134,540.55,559.21,8.28
1,310.00,135,249.71,583.61,8.96
1,310.00,136,938.49,246.83,19.56
1,310.00,137,739.14,670.05,10.35
1,310.00,138,455.42,639.58,15.90
1,310.00,139,594.06,468.90,10.78
1,310.00,140,467.69,817.60,11.70
1,310.00,141,497.50,689.90,6.73
1,310.00,142,297.33,223.45,11.60
1,310.00,143,162.36,138.79,8.02
1,310.00,144,497.46,949.19,0.00
1,310.00,145,413.84,461.76,0.00
1,310.00,146,521.83,873.77,15.35
1,310.00,147,658.64,196.67,8.97
1,310.00,148,470.79,146.72,5.17
1,310.00,149,512.86,720.81,14.13
1,310.00,150,670.43,926.47,0.00
1,310.00,151,394.03,731.49,17.14
1,310.00,152,857.34,647.99,0.00
1,310.00,153,524.69,536.22,9.79
1,310.00,154,250.88,424.99,0.00
1,310.00,155,760.65,765.39,0.00
1,310.00,156,919.93,836.67,21.49
1,310.00,157,719.89,475.65,11.62
1,310.00,158,857.20,368.41,12.11
1,310.00,159,376.68,560.38,20.09
1,310.00,160,521.19,802.07,6.90
1,310.00,161,462.81,314.03,6.12
1,310.00,162,823.11,177.14,0.00
1,310.00,163,617.75,238.44,13.51
1,310.00,164,404.50,742.27,7.41
1,310.00,165,728.17,511.35,15.38
1,310.00,166,915.41,545.21,10.94
1,310.00,167,894.84,604.47,0.00
1,310.00,168,700.53,511.69,7.31
1,310.00,169,635.75,40.75,0.00
1,310.00,170,770.15,222.46,0.00
1,310.00,171,447.32,329.75,14.52
1,310.00,172,16.04,739.87,0.00
1,310.00,173,489.59,160.86,8.92
1,310.00,174,415.30,844.33,5.69
1,310.00,175,263.47,230.72,9.02
1,310.00,176,280.83,507.81,7.23
1,310.00,177,727.46,954.52,0.00
1,310.00,178,618.71,556.39,13.50
1,310.00,179,441.57,275.17,22.19
1,310.00,180,396.76,257.06,18.27
1,310.00,181,391.48,694.36,10.73
1,310.00,182,110.25,313.80,6.79
1,310.00,183,454.64,325.68,9.52
1,310.00,184,344.94,294.09,22.50
1,310.00,185,209.50,936.09,9.53
1,310.00,186,153.63,544.60,11.81
1,310.00,187,438.80,324.12,7.00
1,310.00,188,145.10,406.43,0.00
1,310.00,189,300.96,611.60,15.37
1,310.00,190,587.77,776.42,24.37
1,310.00,191,209.69,563.46,13.31
1,310.00,192,620.76,267.83,19.31
1,310.00,193,558.74,357.75,24.97
1,310.00,194,431.11,657.86,24.06
1,310.00,195,695.33,257.71,9.49
1,310.00,196,272.64,854.39,11.14
1,310.00,197,500.45,441.79,5.91
1,310.00,198,837.36,732.60,12.10
1,310.00,199,359.77,580.74,18.75
1,320.00,0,536.54,992.75,5.69
1,320.00,1,853.16,903.44,9.51
1,320.00,2,546.25,551.06,9.20
1,320.00,3,39.89,310.26,7.11
1,320.00,4,648.63,760.03,0.00
1,320.00,5,194.79,941.38,14.61
1,320.00,6,530.36,717.12,17.88
1,320.00,7,191.77,666.05,24.56
1,320.00,8,295.83,491.88,12.11
1,320.00,9,974.87,478.31,0.00
1,320.00,10,599.20,746.56,9.61
1,320.00,11,262.97,397.25,15.65
1,320.00,12,179.11,547.78,14.22
1,320.00,13,539.43,125.36,5.50
1,320.00,14,343.40,55.23,0.00
1,320.00,15,304.97,893.08,0.00
1,320.00,16,281.59,720.11,0.00
1,320.00,17,105.49,79.57,0.00
1,320.00,18,885.36,178.35,0.00
1,320.00,19,521.76,508.71,16.58
1,320.00,20,533.49,266.57,5.05
1,320.00,21,565.04,670.38,5.87
1,320.00,22,563.89,556.42,6.00
1,320.00,23,703.53,277.40,11.68
1,320.00,24,444.35,530.27,22.04
1,320.00,25,79.11,840.16,7.86
1,320.00,26,415.06,315.11,12.40
1,320.00,27,697.02,252.36,24.83
1,320.00,28,193.44,871.15,11.12
1,320.00,29,855.01,485.81,11.55
1,320.00,30,946.09,759.89,12.17
1,320.00,31,517.90,525.47,5.03
1,320.00,32,507.80,808.63,17.58
1,320.00,33,121.90,191.28,5.99
1,320.00,34,352.05,15.19,7.25
1,320.00,35,147.81,600.94,21.01
1,320.00,36,752.96,628.60,0.00
1,320.00,37,802.08,644.07,15.32
1,320.00,38,833.82,218.23,8.63
1,320.00,39,735.06,558.95,14.08
1,320.00,40,468.61,509.71,16.92
1,320.00,41,898.64,216.24,9.37
1,320.00,42,728.50,241.81,23.57
1,320.00,43,99.70,752.25,21.60
1,320.00,44,268.36,662.67,7.50
1,320.00,45,992.13,310.51,5.61
1,320.00,46,280.87,314.84,8.87
1,320.00,47,399.75,430.62,10.95
1,320.00,48,322.24,571.04,0.00
1,320.00,49,42.88,35.95,0.00
1,320.00,50,643.37,600.23,22.16
1,320.00,51,898.00,457.90,8.58
1,320.00,52,429.87,689.72,15.96
1,320.00,53,227.42,756.03,7.80
1,320.00,54,724.02,787.61,12.05
1,320.00,55,678.95,663.23,6.59
1,320.00,56,306.36,134.86,10.47
1,320.00,57,532.41,787.62,0.00
1,320.00,58,519.28,365.58,8.27
1,320.00,59,628.19,109.32,0.00
1,320.00,60,215.33,100.98,0.00
1,320.00,61,371.41,585.43,0.00
1,320.00,62,489.04,869.85,7.27
1,320.00,63,452.75,948.05,0.00
1,320.00,64,605.53,396.47,0.00
1,320.00,65,287.51,878.66,0.00
1,320.00,66,441.36,915.97,0.00
1,320.00,67,761.79,228.85,5.79
1,320.00,68,185.77,782.19,11.43
1,320.00,69,464.93,529.49,5.77
1,320.00,70,103.06,155.42,18.95
1,320.00,71,440.56,653.59,8.86
1,320.00,72,923.52,670.11,8.08
1,320.00,73,686.51,242.40,11.17
1,320.00,74,626.19,230.90,5.27
1,320.00,75,704.25,448.87,18.06
1,320.00,76,292.15,425.51,5.29
1,320.00,77,423.40,809.17,17.46
1,320.00,78,775.61,45.90,0.00
1,320.00,79,377.10,72.19,0.00
1,320.00,80,400.35,287.45,16.09
1,320.00,81,473.41,761.99,6.92
1,320.00,82,726.06,568.78,15.30
1,320.00,83,903.30,656.24,8.17
1,320.00,84,486.67,433.17,8.51
1,320.00,85,498.69,545.46,7.97
1,320.00,86,315.17,286.89,8.07
1,320.00,87,392.18,449.28,15.70
1,320.00,88,779.62,775.93,19.98
1,320.00,89,445.76,702.36,23.59
1,320.00,90,598.91,163.98,18.70
1,320.00,91,300.40,990.02,0.00
1,320.00,92,885.58,669.98,6.43
1,320.00,93,173.54,925.82,12.63
1,320.00,94,680.75,473.59,0.00
1,320.00,95,542.60,418.62,8.38
1,320.00,96,830.36,233.93,20.23
1,320.00,97,165.81,565.15,15.32
1,320.00,98,421.35,785.37,17.19
1,320.00,99,225.98,697.54,9.25
1,320.00,100,160.13,618.64,22.77
1,320.00,101,708.15,288.90,7.92
1,320.00,102,409.49,401.79,9.01
1,320.00,103,553.99,594.96,0.00
1,320.00,104,457.32,549.11,19.22
1,320.00,105,514.93,522.56,0.00
1,320.00,106,95.67,467.76,8.21
1,320.00,107,404.43,789.56,6.36
1,320.00,108,174.94,104.47,6.45
1,320.00,109,641.59,398.06,8.35
1,320.00,110,413.44,708.98,16.79
1,320.00,111,229.11,467.53,9.88
1,320.00,112,241.78,453.74,8.99
1,320.00,113,520.37,760.18,18.65
1,320.00,114,234.15,421.78,0.00
1,320.00,115,78.49,948.48,0.00
1,320.00,116,505.95,446.59,6.55
1,320.00,117,232.84,364.48,19.08
1,320.00,118,681.08,602.15,17.31
1,320.00,119,822.38,275.22,0.00
1,320.00,120,546.70,833.38,5.34
1,320.00,121,479.64,49.76,15.00
1,320.00,122,445.98,147.87,6.63
1,320.00,123,270.51,864.54,12.30
1,320.00,124,706.88,754.06,0.00
1,320.00,125,643.06,335.10,9.07
1,320.00,126,181.26,786.08,20.43
1,320.00,127,366.67,253.17,0.00
1,320.00,128,398.05,412.32,23.79
1,320.00,129,915.17,536.89,0.00
1,320.00,130,517.34,377.21,17.91
1,320.00,131,403.99,177.72,0.00
1,320.00,132,110.07,512.78,11.29
1,320.00,133,225.14,295.62,0.00
1,320.00,134,457.84,555.34,8.28
1,320.00,135,335.73,558.40,8.96
1,320.00,136,784.50,367.51,19.56
1,320.00,137,703.67,767.26,10.35
1,320.00,138,336.57,745.16,15.90
1,320.00,139,642.79,565.07,10.78
1,320.00,140,570.90,762.45,11.70
1,320.00,141,534.90,633.89,6.73
1,320.00,142,397.61,165.18,11.60
1,320.00,143,170.66,59.02,8.02
1,320.00,144,491.64,934.86,12.41
1,320.00,145,322.97,452.85,14.68
1,320.00,146,462.92,731.98,15.35
1,320.00,147,658.62,286.37,8.97
1,320.00,148,519.24,164.85,5.17
1,320.00,149,458.03,769.27,0.00
1,320.00,150,656.66,887.79,6.85
1,320.00,151,512.60,607.75,17.14
1,320.00,152,707.20,542.38,18.39
1,320.00,153,437.92,581.63,9.79
1,320.00,154,287.80,410.22,11.49
1,320.00,155,761.33,711.06,10.71
1,320.00,156,783.47,670.60,21.49
1,320.00,157,745.74,588.95,11.62
1,320.00,158,860.55,282.44,0.00
1,320.00,159,190.69,538.69,0.00
1,320.00,160,578.82,764.14,6.90
1,320.00,161,523.88,318.53,6.12
1,320.00,162,746.12,277.98,15.96
1,320.00,163,750.76,214.67,13.51
1,320.00,164,447.59,682.00,7.41
1,320.00,165,698.33,360.47,15.38
1,320.00,166,915.95,654.65,10.94
1,320.00,167,798.11,488.54,22.81
1,320.00,168,680.92,441.27,7.31
1,320.00,169,620.65,190.99,23.16
1,320.00,170,722.09,210.85,5.17
1,320.00,171,509.55,460.91,14.52
1,320.00,172,27.32,726.26,8.12
1,320.00,173,554.98,100.18,8.92
1,320.00,174,358.60,839.54,5.69
1,320.00,175,188.14,181.11,9.02
1,320.00,176,350.19,528.08,7.23
1,320.00,177,737.98,910.75,9.61
1,320.00,178,499.54,492.89,13.50
1,320.00,179,223.16,236.21,22.19
1,320.00,180,483.86,417.63,18.27
1,320.00,181,497.81,680.13,10.73
1,320.00,182,177.21,302.57,6.79
1,320.00,183,529.92,383.99,9.52
1,320.00,184,568.69,270.91,22.50
1,320.00,185,181.68,966.40,0.00
1,320.00,186,253.27,608.01,11.81
1,320.00,187,508.72,327.94,7.00
1,320.00,188,162.51,413.42,7.83
1,320.00,189,454.19,623.21,15.37
1,320.00,190,703.79,778.10,0.00
1,320.00,191,185.74,694.39,13.31
1,320.00,192,516.47,430.32,19.31
1,320.00,193,701.02,562.90,24.97
1,320.00,194,669.71,626.55,24.06
1,320.00,195,604.59,229.83,9.49
1,320.00,196,162.17,868.89,11.14
1,320.00,197,443.66,458.33,5.91
1,320.00,198,728.78,679.29,12.10
1,320.00,199,318.30,397.86,18.75
1,330.00,0,544.43,999.97,0.00
1,330.00,1,932.37,903.97,0.00
1,330.00,2,597.79,474.88,9.20
1,330.00,3,46.99,239.48,7.11
1,330.00,4,654.80,824.53,0.00
1,330.00,5,172.37,989.15,0.00
1,330.00,6,404.02,719.92,0.00
1,330.00,7,158.35,754.00,0.00
1,330.00,8,399.83,429.86,12.11
1,330.00,9,928.73,455.25,15.27
1,330.00,10,694.73,735.73,9.61
1,330.00,11,217.80,547.06,15.65
1,330.00,12,153.06,622.14,0.00
1,330.00,13,594.20,129.83,5.50
1,330.00,14,319.55,124.08,10.64
1,330.00,15,314.27,814.62,19.82
1,330.00,16,273.51,686.42,17.88
1,330.00,17,244.34,87.37,24.36
1,330.00,18,834.40,213.18,9.36
1,330.00,19,408.49,629.80,16.58
1,330.00,20,526.15,216.61,5.05
1,330.00,21,551.39,727.47,5.87
1,330.00,22,577.09,497.86,6.00
1,330.00,23,671.24,165.15,11.68
1,330.00,24,522.23,736.51,22.04
1,330.00,25,70.86,838.58,0.00
1,330.00,26,306.61,375.26,12.40
1,330.00,27,608.27,20.47,24.83
1,330.00,28,179.21,862.13,0.00
1,330.00,29,833.62,372.30,11.55
1,330.00,30,978.44,877.22,12.17
1,330.00,31,564.74,543.92,5.03
1,330.00,32,339.51,757.76,17.58
1,330.00,33,155.98,240.52,5.99
1,330.00,34,411.27,56.93,7.25
1,330.00,35,88.79,558.05,0.00
1,330.00,36,748.35,626.54,8.85
1,330.00,37,787.18,796.53,15.32
1,330.00,38,841.36,266.34,0.00
1,330.00,39,816.17,674.10,14.08
1,330.00,40,377.56,550.18,0.00
1,330.00,41,823.42,272.05,9.37
1,330.00,42,784.16,470.83,23.57
1,330.00,43,61.00,814.00,0.00
1,330.00,44,212.01,613.22,7.50
1,330.00,45,994.63,310.17,0.00
1,330.00,46,334.01,385.85,8.87
1,330.00,47,335.16,519.04,10.95
1,330.00,48,311.22,539.65,9.84
1,330.00,49,68.14,50.75,6.34
1,330.00,50,545.70,401.36,22.16
1,330.00,51,976.53,441.34,0.00
1,330.00,52,363.75,828.46,0.00
1,330.00,53,286.76,705.38,7.80
1,330.00,54,702.01,669.10,12.05
1,330.00,55,713.99,719.04,6.59
1,330.00,56,371.67,216.71,10.47
1,330.00,57,542.08,776.39,7.54
1,330.00,58,460.65,423.92,8.27
1,330.00,59,636.70,130.31,22.20
1,330.00,60,216.07,102.62,16.32
1,330.00,61,427.48,696.33,24.95
1,330.00,62,558.66,890.77,7.27
1,330.00,63,444.17,931.97,23.63
1,330.00,64,549.22,408.89,11.21
1,330.00,65,287.55,878.54,21.07
1,330.00,66,477.59,912.90,24.20
1,330.00,67,795.55,181.76,5.79
1,330.00,68,101.31,859.20,11.43
1,330.00,69,426.10,486.85,5.77
1,330.00,70,89.56,62.80,0.00
1,330.00,71,356.55,681.67,8.86
1,330.00,72,858.68,621.90,8.08
1,330.00,73,611.87,159.25,11.17
1,330.00,74,627.04,283.56,5.27
1,330.00,75,572.72,572.55,18.06
1,330.00,76,262.50,469.38,5.29
1,330.00,77,592.91,851.17,17.46
1,330.00,78,731.93,74.87,14.29
1,330.00,79,361.43,161.78,9.41
1,330.00,80,490.03,153.85,16.09
1,330.00,81,490.27,829.16,6.92
1,330.00,82,769.77,422.16,15.30
1,330.00,83,904.14,737.89,8.17
1,330.00,84,406.63,404.41,8.51
1,330.00,85,576.12,564.45,7.97
1,330.00,86,286.29,362.27,8.07
1,330.00,87,375.69,480.40,0.00
1,330.00,88,624.72,649.69,19.98
1,330.00,89,373.57,692.04,0.00
1,330.00,90,533.27,339.06,18.70
1,330.00,91,358.53,832.18,24.34
1,330.00,92,822.79,683.99,6.43
1,330.00,93,144.42,933.50,0.00
1,330.00,94,542.03,393.74,16.29
1,330.00,95,521.12,337.64,8.38
1,330.00,96,855.88,231.37,0.00
1,330.00,97,191.01,414.03,15.32
1,330.00,98,410.79,956.91,17.19
1,330.00,99,236.22,605.59,9.25
1,330.00,100,136.64,602.89,0.00
1,330.00,101,640.06,329.28,7.92
1,330.00,102,461.34,328.04,9.01
1,330.00,103,546.69,692.73,11.09
1,330.00,104,580.78,696.39,19.22
1,330.00,105,555.00,387.19,15.21
1,330.00,106,169.79,432.44,8.21
1,330.00,107,378.30,731.56,6.36
1,330.00,108,236.59,85.65,6.45
1,330.00,109,647.34,314.77,8.35
1,330.00,110,364.66,548.34,16.79
1,330.00,111,302.43,533.79,9.88
1,330.00,112,283.32,533.50,8.99
1,330.00,113,413.44,607.43,18.65
1,330.00,114,389.28,402.05,18.92
1,330.00,115,91.88,940.28,20.15
1,330.00,116,496.35,511.35,6.55
1,330.00,117,311.70,190.69,19.08
1,330.00,118,704.99,597.54,0.00
1,330.00,119,768.27,318.81,7.64
1,330.00,120,541.85,842.07,0.00
1,330.00,121,628.74,66.00,15.00
1,330.00,122,476.41,206.76,6.63
1,330.00,123,393.52,863.15,12.30
1,330.00,124,684.59,687.56,24.62
1,330.00,125,733.77,332.61,9.07
1,330.00,126,322.12,638.13,20.43
1,330.00,127,336.57,232.00,23.69
1,330.00,128,437.68,646.87,23.79
1,330.00,129,865.21,488.88,21.30
1,330.00,130,338.23,373.73,17.91
1,330.00,131,435.41,202.21,9.46
1,330.00,132,11.61,537.91,0.00
1,330.00,133,275.98,342.81,23.88
1,330.00,134,434.99,554.27,0.00
1,330.00,135,421.74,533.19,8.96
1,330.00,136,630.52,488.19,19.56
1,330.00,137,668.20,864.47,10.35
1,330.00,138,217.73,850.74,15.90
1,330.00,139,691.51,661.24,10.78
1,330.00,140,674.12,707.30,11.70
1,330.00,141,572.30,577.88,6.73
1,330.00,142,419.74,152.32,0.00
1,330.00,143,176.46,3.36,0.00
1,330.00,144,444.95,819.90,12.41
1,330.00,145,176.86,438.53,14.68
1,330.00,146,404.01,590.19,15.35
1,330.00,147,658.60,376.06,8.97
1,330.00,148,567.68,182.97,5.17
1,330.00,149,387.01,760.50,14.85
1,330.00,150,633.69,823.27,6.85
1,330.00,151,600.23,516.30,0.00
1,330.00,152,556.77,436.57,18.39
1,330.00,153,377.69,613.16,0.00
1,330.00,154,394.48,367.55,11.49
1,330.00,155,762.67,604.00,10.71
1,330.00,156,674.94,538.53,0.00
1,330.00,157,771.59,702.25,11.62
1,330.00,158,802.88,324.88,24.71
1,330.00,159,195.87,538.19,7.68
1,330.00,160,636.45,726.20,6.90
1,330.00,161,584.96,323.03,6.12
1,330.00,162,667.00,381.63,0.00
1,330.00,163,883.77,190.90,13.51
1,330.00,164,490.68,621.72,7.41
1,330.00,165,668.48,209.59,15.38
1,330.00,166,916.48,764.09,10.94
1,330.00,167,652.00,313.43,22.81
1,330.00,168,661.31,370.86,7.31
1,330.00,169,597.49,421.47,23.16
1,330.00,170,671.86,198.71,5.17
1,330.00,171,571.77,592.08,14.52
1,330.00,172,79.16,663.70,8.12
1,330.00,173,620.37,39.51,8.92
1,330.00,174,342.68,838.20,0.00
1,330.00,175,112.82,131.49,9.02
1,330.00,176,419.55,548.35,7.23
1,330.00,177,760.43,817.31,9.61
1,330.00,178,380.38,429.39,13.50
1,330.00,179,132.20,219.99,0.00
1,330.00,180,570.97,578.20,18.27
1,330.00,181,604.15,665.89,10.73
1,330.00,182,244.17,291.34,6.79
1,330.00,183,605.19,442.30,9.52
1,330.00,184,669.45,260.47,0.00
1,330.00,185,162.43,883.19,15.02
1,330.00,186,352.91,671.41,11.81
1,330.00,187,578.65,331.76,7.00
1,330.00,188,235.13,442.63,7.83
1,330.00,189,580.25,632.77,0.00
1,330.00,190,753.29,668.97,22.87
1,330.00,191,161.80,825.33,13.31
1,330.00,192,412.18,592.80,19.31
1,330.00,193,843.30,768.04,24.97
1,330.00,194,749.29,616.11,0.00
1,330.00,195,513.85,201.94,9.49
1,330.00,196,51.70,883.39,11.14
1,330.00,197,386.87,474.87,5.91
1,330.00,198,620.21,625.98,12.10
1,330.00,199,276.83,214.99,18.75
1,340.00,0,664.52,843.37,24.30
1,340.00,1,908.60,875.88,22.07
1,340.00,2,649.33,398.69,9.20
1,340.00,3,51.87,190.90,0.00
1,340.00,4,627.83,749.17,22.63
1,340.00,5,286.37,928.43,20.22
1,340.00,6,397.64,681.37,13.32
1,340.00,7,231.91,699.64,14.83
1,340.00,8,503.84,367.85,12.11
1,340.00,9,792.10,386.97,15.27
1,340.00,10,790.27,724.89,9.61
1,340.00,11,172.64,696.87,15.65
1,340.00,12,142.85,519.64,23.09
1,340.00,13,610.40,131.15,0.00
1,340.00,14,284.72,224.59,10.64
1,340.00,15,337.59,617.75,19.82
1,340.00,16,231.83,512.55,17.88
1,340.00,17,487.57,101.03,24.36
1,340.00,18,757.11,266.00,9.36
1,340.00,19,295.21,750.90,16.58
1,340.00,20,518.81,166.64,5.05
1,340.00,21,538.45,781.56,0.00
1,340.00,22,590.28,439.30,6.00
1,340.00,23,663.35,137.72,0.00
1,340.00,24,600.11,942.74,22.04
1,340.00,25,62.14,693.99,16.22
1,340.00,26,237.82,413.42,0.00
1,340.00,27,603.12,7.01,0.00
1,340.00,28,97.88,722.15,19.08
1,340.00,29,830.06,353.46,0.00
1,340.00,30,993.99,933.64,0.00
1,340.00,31,611.58,562.38,5.03
1,340.00,32,171.21,706.89,17.58
1,340.00,33,190.07,289.76,5.99
1,340.00,34,470.48,98.68,7.25
1,340.00,35,75.49,701.26,22.03
1,340.00,36,667.50,590.45,8.85
1,340.00,37,782.08,848.76,0.00
1,340.00,38,787.05,288.38,13.45
1,340.00,39,897.27,789.25,14.08
1,340.00,40,411.76,643.68,24.22
1,340.00,41,748.21,327.86,9.37
1,340.00,42,811.09,581.61,0.00
1,340.00,43,59.90,863.59,0.00
1,340.00,44,155.66,563.77,7.50
1,340.00,45,970.05,253.57,6.46
1,340.00,46,387.15,456.87,8.87
1,340.00,47,270.57,607.45,10.95
1,340.00,48,278.64,446.85,9.84
1,340.00,49,122.80,82.78,6.34
1,340.00,50,462.12,231.16,0.00
1,340.00,51,972.80,439.36,6.49
1,340.00,52,365.15,830.56,6.81
1,340.00,53,346.10,654.72,7.80
1,340.00,54,680.01,550.58,12.05
1,340.00,55,749.03,774.85,6.59
1,340.00,56,436.98,298.57,10.47
1,340.00,57,591.26,719.23,7.54
1,340.00,58,402.01,482.26,8.27
1,340.00,59,720.06,336.04,22.20
1,340.00,60,282.84,251.52,16.32
1,340.00,61,504.97,849.62,0.00
1,340.00,62,628.27,911.70,7.27
1,340.00,63,332.94,723.49,23.63
1,340.00,64,439.80,433.02,11.21
1,340.00,65,352.86,678.21,21.07
1,340.00,66,718.68,892.51,24.20
1,340.00,67,829.31,134.67,5.79
1,340.00,68,99.01,861.30,0.00
1,340.00,69,387.28,444.21,5.77
1,340.00,70,186.96,86.09,19.79
1,340.00,71,272.55,709.75,8.86
1,340.00,72,793.84,573.68,8.08
1,340.00,73,547.67,87.73,0.00
1,340.00,74,627.88,336.23,5.27
1,340.00,75,441.18,696.23,18.06
1,340.00,76,232.86,513.25,5.29
1,340.00,77,612.81,856.11,0.00
1,340.00,78,612.83,153.85,14.29
1,340.00,79,345.22,254.45,9.41
1,340.00,80,519.88,109.38,0.00
1,340.00,81,499.18,864.69,0.00
1,340.00,82,813.48,275.55,15.30
1,340.00,83,904.98,819.54,8.17
1,340.00,84,326.58,375.65,8.51
1,340.00,85,653.54,583.44,7.97
1,340.00,86,257.42,437.65,8.07
1,340.00,87,395.98,600.81,15.74
1,340.00,88,469.83,523.44,19.98
1,340.00,89,492.74,572.31,24.45
1,340.00,90,467.64,514.13,18.70
1,340.00,91,388.72,750.22,0.00
1,340.00,92,760.00,698.00,6.43
1,340.00,93,230.37,837.56,16.92
1,340.00,94,400.85,312.47,16.29
1,340.00,95,517.92,325.59,0.00
1,340.00,96,795.68,440.33,24.90
1,340.00,97,216.21,262.90,15.32
1,340.00,98,410.31,964.73,0.00
1,340.00,99,246.46,513.64,9.25
1,340.00,100,317.73,609.82,20.69
1,340.00,101,571.97,369.65,7.92
1,340.00,102,513.19,254.30,9.01
1,340.00,103,538.43,803.28,11.09
1,340.00,104,676.16,810.17,0.00
1,340.00,105,576.35,315.09,0.00
1,340.00,106,243.91,397.12,8.21
1,340.00,107,352.18,673.57,6.36
1,340.00,108,298.24,66.84,6.45
1,340.00,109,653.08,231.48,8.35
1,340.00,110,349.64,498.87,0.00
1,340.00,111,375.76,600.05,9.88
1,340.00,112,324.86,613.27,8.99
1,340.00,113,306.50,454.68,18.65
1,340.00,114,576.93,378.18,18.92
1,340.00,115,263.68,835.02,20.15
1,340.00,116,486.74,576.11,6.55
1,340.00,117,374.63,51.99,0.00
1,340.00,118,620.15,562.35,10.69
1,340.00,119,708.73,366.76,7.64
1,340.00,120,466.62,735.27,16.06
1,340.00,121,777.85,82.24,15.00
1,340.00,122,506.83,265.65,6.63
1,340.00,123,516.53,861.77,12.30
1,340.00,124,646.37,573.51,0.00
1,340.00,125,824.48,330.11,9.07
1,340.00,126,462.98,490.17,20.43
1,340.00,127,222.45,151.73,0.00
1,340.00,128,463.25,798.26,0.00
1,340.00,129,711.67,341.32,21.30
1,340.00,130,183.78,370.73,0.00
1,340.00,131,510.05,260.38,9.46
1,340.00,132,28.11,531.17,17.81
1,340.00,133,451.02,505.24,23.88
1,340.00,134,448.83,441.11,15.75
1,340.00,135,507.76,507.98,8.96
1,340.00,136,476.53,608.88,19.56
1,340.00,137,632.74,961.68,10.35
1,340.00,138,205.64,861.48,0.00
1,340.00,139,740.23,757.41,10.78
1,340.00,140,777.33,652.15,11.70
1,340.00,141,609.69,521.87,6.73
1,340.00,142,433.69,240.18,11.42
1,340.00,143,194.66,12.29,6.70
1,340.00,144,398.26,704.94,12.41
1,340.00,145,42.52,425.36,0.00
1,340.00,146,345.10,448.40,15.35
1,340.00,147,658.58,465.76,8.97
1,340.00,148,616.13,201.10,5.17
1,340.00,149,239.67,742.31,14.85
1,340.00,150,610.71,758.75,6.85
1,340.00,151,570.95,548.93,16.80
1,340.00,152,439.31,353.95,0.00
1,340.00,153,404.74,603.81,9.36
1,340.00,154,409.71,361.46,0.00
1,340.00,155,764.02,496.95,10.71
1,340.00,156,712.50,571.37,24.38
1,340.00,157,797.44,815.55,11.62
1,340.00,158,603.87,471.33,24.71
1,340.00,159,272.31,530.83,7.68
1,340.00,160,663.80,708.20,0.00
1,340.00,161,646.03,327.52,6.12
1,340.00,162,656.45,374.67,6.91
1,340.00,163,947.47,179.51,0.00
1,340.00,164,533.78,561.44,7.41
1,340.00,165,651.12,121.80,0.00
1,340.00,166,917.01,873.53,10.94
1,340.00,167,505.89,138.31,22.81
1,340.00,168,641.69,300.44,7.31
1,340.00,169,595.60,440.24,0.00
1,340.00,170,621.62,186.57,5.17
1,340.00,171,633.99,723.24,14.52
1,340.00,172,130.99,601.14,8.12
1,340.00,173,628.72,31.76,0.00
1,340.00,174,485.03,850.54,19.87
1,340.00,175,37.49,81.87,9.02
1,340.00,176,488.91,568.61,7.23
1,340.00,177,782.88,723.86,9.61
1,340.00,178,261.22,365.89,13.50
1,340.00,179,267.45,249.52,23.73
1,340.00,180,624.45,676.81,0.00
1,340.00,181,710.48,651.65,10.73
1,340.00,182,311.13,280.11,6.79
1,340.00,183,666.08,489.48,0.00
1,340.00,184,719.38,218.87,11.82
1,340.00,185,128.55,736.85,15.02
1,340.00,186,452.55,734.81,11.81
1,340.00,187,587.57,332.25,0.00
1,340.00,188,307.74,471.83,7.83
1,340.00,189,564.25,608.33,16.48
1,340.00,190,823.69,513.75,0.00
1,340.00,191,154.12,867.29,0.00
1,340.00,192,307.88,755.29,19.31
1,340.00,193,981.81,967.75,0.00
1,340.00,194,756.42,688.80,10.96
1,340.00,195,423.10,174.06,9.49
1,340.00,196,45.10,884.26,0.00
1,340.00,197,349.57,485.73,0.00
1,340.00,198,563.56,598.16,0.00
1,340.00,199,271.46,191.32,0.00
1,350.00,0,812.39,650.57,24.30
1,350.00,1,766.00,707.38,22.07
1,350.00,2,700.87,322.51,9.20
1,350.00,3,90.27,244.29,20.97
1,350.00,4,551.60,536.13,22.63
1,350.00,5,464.85,833.36,20.22
1,350.00,6,375.87,549.96,13.32
1,350.00,7,351.16,611.52,14.83
1,350.00,8,607.84,305.84,12.11
1,350.00,9,655.46,318.69,15.27
1,350.00,10,803.16,723.43,0.00
1,350.00,11,127.48,846.69,15.65
1,350.00,12,119.96,289.86,23.09
1,350.00,13,454.74,201.01,24.23
1,350.00,14,249.90,325.10,10.64
1,350.00,15,360.92,420.88,19.82
1,350.00,16,206.36,406.30,0.00
1,350.00,17,730.80,114.69,24.36
1,350.00,18,679.82,318.82,9.36
1,350.00,19,181.94,871.99,16.58
1,350.00,20,511.47,116.68,5.05
1,350.00,21,540.87,777.26,9.38
1,350.00,22,603.47,380.74,6.00
1,350.00,23,792.78,140.83,0.00
1,350.00,24,615.47,983.43,0.00
1,350.00,25,52.37,532.10,16.22
1,350.00,26,223.33,387.46,8.13
1,350.00,27,592.92,105.88,0.00
1,350.00,28,7.30,566.24,0.00
1,350.00,29,720.93,344.72,13.13
1,350.00,30,894.16,875.34,22.27
1,350.00,31,658.42,580.84,5.03
1,350.00,32,120.59,691.58,0.00
1,350.00,33,224.15,339.01,5.99
1,350.00,34,529.70,140.43,7.25
1,350.00,35,61.78,848.99,0.00
1,350.00,36,586.65,554.36,8.85
1,350.00,37,734.39,718.66,21.07
1,350.00,38,662.42,338.96,13.45
1,350.00,39,907.95,804.42,0.00
1,350.00,40,494.95,871.13,24.22
1,350.00,41,672.99,383.66,9.37
1,350.00,42,790.92,491.12,17.96
1,350.00,43,130.11,848.19,21.07
1,350.00,44,146.67,555.88,0.00
1,350.00,45,944.31,194.31,6.46
1,350.00,46,426.14,508.98,0.00
1,350.00,47,205.98,695.87,10.95
1,350.00,48,246.06,354.06,9.84
1,350.00,49,177.47,114.81,6.34
1,350.00,50,460.27,259.82,19.92
1,350.00,51,915.53,408.93,6.49
1,350.00,52,402.90,887.25,6.81
1,350.00,53,405.44,604.07,7.80
1,350.00,54,666.36,477.04,0.00
1,350.00,55,762.79,796.75,0.00
1,350.00,56,502.30,380.42,10.47
1,350.00,57,640.45,662.07,7.54
1,350.00,58,343.38,540.60,8.27
1,350.00,59,803.41,541.78,22.20
1,350.00,60,349.60,400.41,16.32
1,350.00,61,449.69,809.95,21.84
1,350.00,62,697.88,932.63,7.27
1,350.00,63,221.72,515.02,23.63
1,350.00,64,330.37,457.15,11.21
1,350.00,65,418.18,477.87,21.07
1,350.00,66,784.39,886.95,0.00
1,350.00,67,863.07,87.58,5.79
1,350.00,68,157.75,821.11,7.32
1,350.00,69,348.45,401.57,5.77
1,350.00,70,379.40,132.12,19.79
1,350.00,71,188.54,737.83,8.86
1,350.00,72,729.01,525.46,8.08
1,350.00,73,549.06,120.64,23.56
1,350.00,74,628.73,388.89,5.27
1,350.00,75,309.64,819.91,18.06
1,350.00,76,203.21,557.12,5.29
1,350.00,77,614.56,797.13,6.68
1,350.00,78,493.73,232.84,14.29
1,350.00,79,329.02,347.11,9.41
1,350.00,80,640.91,175.04,20.64
1,350.00,81,483.05,773.40,19.68
1,350.00,82,857.19,128.93,15.30
1,350.00,83,905.09,829.38,0.00
1,350.00,84,246.54,346.90,8.51
1,350.00,85,730.97,602.43,7.97
1,350.00,86,228.55,513.02,8.07
1,350.00,87,413.24,703.27,0.00
1,350.00,88,314.93,397.19,19.98
1,350.00,89,665.25,399.00,24.45
1,350.00,90,431.74,609.91,0.00
1,350.00,91,380.43,790.33,6.39
1,350.00,92,697.20,712.00,6.43
1,350.00,93,343.23,711.56,16.92
1,350.00,94,259.67,231.20,16.29
1,350.00,95,388.81,489.93,24.56
1,350.00,96,726.74,679.64,24.90
1,350.00,97,229.13,185.46,0.00
1,350.00,98,563.44,972.63,16.07
1,350.00,99,256.70,421.69,9.25
1,350.00,100,524.50,617.73,20.69
1,350.00,101,503.87,410.03,7.92
1,350.00,102,541.61,213.87,0.00
1,350.00,103,533.46,869.88,0.00
1,350.00,104,699.65,861.18,24.69
1,350.00,105,548.16,361.44,10.73
1,350.00,106,318.03,361.80,8.21
1,350.00,107,326.05,615.57,6.36
1,350.00,108,359.90,48.03,6.45
1,350.00,109,658.83,148.19,8.35
1,350.00,110,315.94,481.67,5.47
1,350.00,111,436.82,655.23,0.00
1,350.00,112,366.40,693.03,8.99
1,350.00,113,199.57,301.93,18.65
1,350.00,114,764.58,354.32,18.92
1,350.00,115,435.47,729.76,20.15
1,350.00,116,477.14,640.86,6.55
1,350.00,117,391.69,77.11,15.04
1,350.00,118,521.41,521.41,10.69
1,350.00,119,649.19,414.72,7.64
1,350.00,120,374.15,604.00,16.06
1,350.00,121,926.95,98.48,15.00
1,350.00,122,537.26,324.54,6.63
1,350.00,123,639.54,860.38,12.30
1,350.00,124,699.61,680.55,23.38
1,350.00,125,915.19,327.62,9.07
1,350.00,126,603.84,342.22,20.43
1,350.00,127,228.82,205.47,13.17
1,350.00,128,481.04,765.03,10.63
1,350.00,129,558.13,193.76,21.30
1,350.00,130,201.57,392.47,20.40
1,350.00,131,584.69,318.56,9.46
1,350.00,132,192.96,463.70,17.81
1,350.00,133,626.05,667.68,23.88
1,350.00,134,467.94,284.77,15.75
1,350.00,135,593.77,482.77,8.96
1,350.00,136,322.55,729.56,19.56
1,350.00,137,632.42,962.55,0.00
1,350.00,138,144.51,772.41,12.03
1,350.00,139,788.95,853.58,10.78
1,350.00,140,880.54,597.00,11.70
1,350.00,141,647.09,465.86,6.73
1,350.00,142,451.58,352.93,11.42
1,350.00,143,254.85,41.81,6.70
1,350.00,144,351.57,589.98,12.41
1,350.00,145,47.75,422.96,7.15
1,350.00,146,286.19,306.61,15.35
1,350.00,147,658.55,555.45,8.97
1,350.00,148,664.58,219.22,5.17
1,350.00,149,92.34,724.13,14.85
1,350.00,150,587.74,694.23,6.85
1,350.00,151,458.74,673.98,16.80
1,350.00,152,478.97,354.36,18.10
1,350.00,153,493.18,573.21,9.36
1,350.00,154,401.16,548.69,21.87
1,350.00,155,765.36,389.89,10.71
1,350.00,156,896.00,731.83,24.38
1,350.00,157,823.29,928.85,11.62
1,350.00,158,404.87,617.77,24.71
1,350.00,159,348.75,523.48,7.68
1,350.00,160,577.38,745.29,17.90
1,350.00,161,707.10,332.02,6.12
1,350.00,162,598.76,336.64,6.91
1,350.00,163,866.95,192.55,15.65
1,350.00,164,576.87,501.17,7.41
1,350.00,165,635.56,178.33,14.02
1,350.00,166,917.51,975.34,0.00
1,350.00,167,398.19,9.23,0.00
1,350.00,168,622.08,230.02,7.31
1,350.00,169,601.46,542.53,11.15
1,350.00,170,571.38,174.43,5.17
1,350.00,171,656.74,771.22,0.00
1,350.00,172,182.83,538.58,8.12
1,350.00,173,692.74,75.78,8.91
1,350.00,174,682.95,867.69,19.87
1,350.00,175,8.46,62.76,0.00
1,350.00,176,558.27,588.88,7.23
1,350.00,177,805.33,630.41,9.61
1,350.00,178,142.05,302.39,13.50
1,350.00,179,499.25,300.12,23.73
1,350.00,180,584.31,663.32,10.97
1,350.00,181,816.82,637.41,10.73
1,350.00,182,338.05,275.60,0.00
1,350.00,183,689.87,528.51,23.93
1,350.00,184,810.21,143.20,11.82
1,350.00,185,94.68,590.50,15.02
1,350.00,186,527.78,782.68,0.00
1,350.00,187,537.11,420.58,11.66
1,350.00,188,380.36,501.04,7.83
1,350.00,189,473.96,470.51,16.48
1,350.00,190,790.28,490.70,15.94
1,350.00,191,206.89,802.48,12.30
1,350.00,192,233.09,871.81,0.00
1,350.00,193,980.76,961.85,22.64
1,350.00,194,767.12,797.87,10.96
1,350.00,195,332.36,146.18,9.49
1,350.00,196,168.89,838.30,14.04
1,350.00,197,313.93,450.03,14.69
1,350.00,198,666.34,543.30,24.36
1,350.00,199,221.88,273.82,11.06
1,360.00,0,960.25,457.77,24.30
1,360.00,1,623.40,538.89,22.07
1,360.00,2,752.41,246.32,9.20
1,360.00,3,212.71,414.48,20.97
1,360.00,4,475.37,323.09,22.63
1,360.00,5,643.33,738.29,20.22
1,360.00,6,354.11,418.55,13.32
1,360.00,7,470.40,523.41,14.83
1,360.00,8,711.85,243.82,12.11
1,360.00,9,518.83,250.41,15.27
1,360.00,10,790.15,574.41,17.29
1,360.00,11,92.58,962.47,0.00
1,360.00,12,98.21,71.42,0.00
1,360.00,13,428.75,212.67,0.00
1,360.00,14,215.08,425.61,10.64
1,360.00,15,384.24,224.01,19.82
1,360.00,16,217.15,428.92,6.44
1,360.00,17,928.25,125.78,0.00
1,360.00,18,602.53,371.64,9.36
1,360.00,19,106.61,952.52,0.00
1,360.00,20,504.13,66.71,5.05
1,360.00,21,586.82,695.50,9.38
1,360.00,22,616.67,322.18,6.00
1,360.00,23,776.02,162.93,17.35
1,360.00,24,520.91,893.71,16.24
1,360.00,25,42.60,370.22,16.22
1,360.00,26,183.71,316.47,8.13
1,360.00,27,572.70,130.47,9.73
1,360.00,28,14.75,557.30,21.18
1,360.00,29,590.06,334.25,13.13
1,360.00,30,701.87,763.05,22.27
1,360.00,31,705.26,599.30,5.03
1,360.00,32,275.31,663.35,22.49
1,360.00,33,258.23,388.25,5.99
1,360.00,34,588.91,182.18,7.25
1,360.00,35,104.24,809.63,17.72
1,360.00,36,505.80,518.28,8.85
1,360.00,37,661.87,520.79,21.07
1,360.00,38,537.80,389.53,13.45
1,360.00,39,762.69,854.74,17.71
1,360.00,40,520.94,942.21,0.00
1,360.00,41,597.78,439.47,9.37
1,360.00,42,777.79,432.27,0.00
1,360.00,43,335.90,803.07,21.07
1,360.00,44,255.62,438.62,19.05
1,360.00,45,918.58,135.04,6.46
1,360.00,46,406.36,465.89,17.81
1,360.00,47,141.39,784.29,10.95
1,360.00,48,213.49,261.26,9.84
1,360.00,49,232.13,146.83,6.34
1,360.00,50,447.46,458.56,19.92
1,360.00,51,858.26,378.50,6.49
1,360.00,52,440.66,943.95,6.81
1,360.00,53,464.77,553.42,7.80
1,360.00,54,630.96,548.05,20.91
1,360.00,55,725.19,713.31,15.07
1,360.00,56,567.61,462.27,10.47
1,360.00,57,689.64,604.92,7.54
1,360.00,58,284.75,598.95,8.27
1,360.00,59,886.77,747.51,22.20
1,360.00,60,416.37,549.31,16.32
1,360.00,61,378.15,758.61,0.00
1,360.00,62,711.75,936.80,0.00
1,360.00,63,110.49,306.55,23.63
1,360.00,64,220.95,481.28,11.21
1,360.00,65,483.49,277.54,21.07
1,360.00,66,750.53,852.47,6.64
1,360.00,67,896.83,40.49,5.79
1,360.00,68,218.13,779.79,7.32
1,360.00,69,309.63,358.92,5.77
1,360.00,70,571.85,178.15,19.79
1,360.00,71,104.54,765.91,8.86
1,360.00,72,728.46,525.05,0.00
1,360.00,73,559.00,356.01,23.56
1,360.00,74,629.58,441.55,5.27
1,360.00,75,216.80,907.21,0.00
1,360.00,76,173.56,600.99,5.29
1,360.00,77,616.54,730.31,6.68
1,360.00,78,374.62,311.83,14.29
1,360.00,79,312.81,439.78,9.41
1,360.00,80,822.31,273.46,20.64
1,360.00,81,448.81,579.57,19.68
1,360.00,82,884.48,37.40,0.00
1,360.00,83,892.89,916.55,10.01
1,360.00,84,166.50,318.14,8.51
1,360.00,85,808.39,621.42,7.97
1,360.00,86,203.28,578.97,0.00
1,360.00,87,456.91,712.13,13.10
1,360.00,88,160.04,270.94,19.98
1,360.00,89,837.76,225.68,24.45
1,360.00,90,463.22,653.97,11.96
1,360.00,91,367.50,852.87,6.39
1,360.00,92,634.41,726.01,6.43
1,360.00,93,456.10,585.57,16.92
1,360.00,94,118.49,149.93,16.29
1,360.00,95,237.11,683.02,24.56
1,360.00,96,708.61,742.58,0.00
1,360.00,97,201.08,188.13,5.78
1,360.00,98,676.31,978.46,0.00
1,360.00,99,266.94,329.73,9.25
1,360.00,100,650.28,622.55,0.00
1,360.00,101,435.78,450.41,7.92
1,360.00,102,572.54,200.21,7.48
1,360.00,103,574.82,790.58,22.49
1,360.00,104,748.77,967.84,0.00
1,360.00,105,492.43,453.11,10.73
1,360.00,106,392.15,326.47,8.21
1,360.00,107,299.92,557.57,6.36
1,360.00,108,421.55,29.22,6.45
1,360.00,109,663.16,85.43,0.00
1,360.00,110,267.25,456.81,5.47
1,360.00,111,450.40,646.16,9.77
1,360.00,112,407.94,772.79,8.99
1,360.00,113,190.99,289.68,0.00
1,360.00,114,850.37,343.41,0.00
1,360.00,115,607.26,624.50,20.15
1,360.00,116,467.54,705.62,6.55
1,360.00,117,476.20,201.48,15.04
1,360.00,118,422.68,480.46,10.69
1,360.00,119,589.66,462.68,7.64
1,360.00,120,281.68,472.73,16.06
1,360.00,121,999.89,106.42,0.00
1,360.00,122,567.68,383.43,6.63
1,360.00,123,762.54,859.00,12.30
1,360.00,124,773.95,830.00,0.00
1,360.00,125,984.36,325.72,0.00
1,360.00,126,744.70,194.26,20.43
1,360.00,127,244.30,336.21,13.17
1,360.00,128,531.22,671.31,10.63
1,360.00,129,424.82,65.64,0.00
1,360.00,130,330.76,550.39,20.40
1,360.00,131,659.33,376.73,9.46
1,360.00,132,357.82,396.24,17.81
1,360.00,133,801.08,830.11,23.88
1,360.00,134,487.05,128.43,15.75
1,360.00,135,679.78,457.56,8.96
1,360.00,136,168.56,850.24,19.56
1,360.00,137,689.21,772.91,19.98
1,360.00,138,126.46,746.12,0.00
1,360.00,139,837.68,949.75,10.78
1,360.00,140,932.80,569.08,0.00
1,360.00,141,684.49,409.86,6.73
1,360.00,142,469.47,465.68,11.42
1,360.00,143,315.05,71.32,6.70
1,360.00,144,328.67,533.60,0.00
1,360.00,145,112.74,393.06,7.15
1,360.00,146,227.28,164.83,15.35
1,360.00,147,658.53,645.14,8.97
1,360.00,148,713.03,237.35,5.17
1,360.00,149,0.39,712.78,0.00
1,360.00,150,564.76,629.71,6.85
1,360.00,151,359.66,784.39,0.00
1,360.00,152,659.95,356.21,18.10
1,360.00,153,581.63,542.61,9.36
1,360.00,154,395.11,681.20,0.00
1,360.00,155,766.70,282.83,10.71
1,360.00,156,901.23,736.41,0.00
1,360.00,157,836.35,986.09,0.00
1,360.00,158,205.87,764.21,24.71
1,360.00,159,425.19,516.13,7.68
1,360.00,160,412.89,815.88,17.90
1,360.00,161,768.17,336.52,6.12
1,360.00,162,541.07,298.61,6.91
1,360.00,163,712.46,217.56,15.65
1,360.00,164,619.96,440.89,7.41
1,360.00,165,598.34,313.50,14.02
1,360.00,166,914.53,967.29,12.30
1,360.00,167,384.24,24.27,7.80
1,360.00,168,602.47,159.60,7.31
1,360.00,169,607.83,653.88,11.15
1,360.00,170,521.14,162.29,5.17
1,360.00,171,574.89,701.29,16.97
1,360.00,172,234.66,476.02,8.12
1,360.00,173,766.14,126.24,8.91
1,360.00,174,880.86,884.85,19.87
1,360.00,175,43.84,146.88,14.85
1,360.00,176,627.63,609.14,7.23
1,360.00,177,827.79,536.96,9.61
1,360.00,178,35.07,245.38,0.00
1,360.00,179,731.05,350.73,23.73
1,360.00,180,480.29,628.36,10.97
1,360.00,181,923.16,623.18,10.73
1,360.00,182,363.86,320.42,8.65
1,360.00,183,814.41,732.87,23.93
1,360.00,184,901.04,67.53,11.82
1,360.00,185,60.81,444.16,15.02
1,360.00,186,523.20,755.63,11.20
1,360.00,187,479.28,521.83,11.66
1,360.00,188,452.98,530.24,7.83
1,360.00,189,383.67,332.68,16.48
1,360.00,190,659.10,400.22,15.94
1,360.00,191,284.55,707.10,12.30
1,360.00,192,278.80,873.36,16.17
1,360.00,193,941.24,738.93,22.64
1,360.00,194,777.82,906.95,10.96
1,360.00,195,295.80,134.95,0.00
1,360.00,196,300.55,789.42,14.04
1,360.00,197,210.10,346.04,14.69
1,360.00,198,745.01,501.31,0.00
1,360.00,199,164.94,368.60,11.06
1,370.00,0,974.36,439.37,0.00
1,370.00,1,500.18,393.30,0.00
1,370.00,2,803.95,170.14,9.20
1,370.00,3,335.14,584.68,20.97
1,370.00,4,399.13,110.05,22.63
1,370.00,5,734.02,689.98,0.00
1,370.00,6,332.34,287.14,13.32
1,370.00,7,589.65,435.30,14.83
1,370.00,8,815.85,181.81,12.11
1,370.00,9,382.20,182.13,15.27
1,370.00,10,785.12,516.83,0.00
1,370.00,11,104.51,953.84,6.48
1,370.00,12,98.48,76.95,11.20
1,370.00,13,285.41,380.20,24.99
1,370.00,14,180.25,526.12,10.64
1,370.00,15,394.31,139.04,0.00
1,370.00,16,244.90,487.06,6.44
1,370.00,17,911.27,134.95,10.25
1,370.00,18,525.24,424.46,9.36
1,370.00,19,93.13,870.25,24.89
1,370.00,20,496.79,16.74,5.05
1,370.00,21,632.76,613.74,9.38
1,370.00,22,629.86,263.61,6.00
1,370.00,23,671.19,301.12,17.35
1,370.00,24,403.13,781.94,16.24
1,370.00,25,32.83,208.34,16.22
1,370.00,26,144.09,245.48,8.13
1,370.00,27,510.93,205.64,9.73
1,370.00,28,128.00,421.44,0.00
1,370.00,29,459.19,323.78,13.13
1,370.00,30,509.58,650.77,22.27
1,370.00,31,752.10,617.76,5.03
1,370.00,32,464.20,628.88,0.00
1,370.00,33,292.31,437.50,5.99
1,370.00,34,648.13,223.92,7.25
1,370.00,35,234.22,689.14,17.72
1,370.00,36,424.95,482.19,8.85
1,370.00,37,589.35,322.92,21.07
1,370.00,38,413.17,440.11,13.45
1,370.00,39,623.00,903.14,0.00
1,370.00,40,406.66,820.52,24.28
1,370.00,41,522.56,495.28,9.37
1,370.00,42,631.77,437.18,21.99
1,370.00,43,371.61,795.24,0.00
1,370.00,44,385.25,299.09,19.05
1,370.00,45,899.40,90.89,0.00
1,370.00,46,332.04,303.98,17.81
1,370.00,47,76.81,872.70,10.95
1,370.00,48,180.91,168.46,9.84
1,370.00,49,286.80,178.86,6.34
1,370.00,50,434.65,657.30,19.92
1,370.00,51,800.99,348.07,6.49
1,370.00,52,462.73,977.09,0.00
1,370.00,53,524.11,502.77,7.80
1,370.00,54,537.68,735.16,20.91
1,370.00,55,663.30,575.95,15.07
1,370.00,56,632.92,544.13,10.47
1,370.00,57,738.83,547.76,7.54
1,370.00,58,271.69,611.95,0.00
1,370.00,59,899.82,779.70,0.00
1,370.00,60,483.14,698.21,16.32
1,370.00,61,391.75,722.27,6.50
1,370.00,62,614.25,871.32,14.67
1,370.00,63,105.28,296.78,0.00
1,370.00,64,111.52,505.42,11.21
1,370.00,65,548.80,77.20,21.07
1,370.00,66,703.98,805.07,6.64
1,370.00,67,903.77,30.82,0.00
1,370.00,68,278.50,738.48,7.32
1,370.00,69,270.80,316.28,5.77
1,370.00,70,664.09,200.21,0.00
1,370.00,71,72.55,776.61,0.00
1,370.00,72,568.86,555.76,16.39
1,370.00,73,568.94,591.38,23.56
1,370.00,74,630.42,494.22,5.27
1,370.00,75,238.74,907.05,7.46
1,370.00,76,143.91,644.86,5.29
1,370.00,77,618.52,663.49,6.68
1,370.00,78,255.52,390.81,14.29
1,370.00,79,296.60,532.45,9.41
1,370.00,80,907.91,319.90,0.00
1,370.00,81,422.70,431.81,0.00
1,370.00,82,830.19,93.07,20.70
1,370.00,83,887.43,955.51,0.00
1,370.00,84,123.70,302.77,0.00
1,370.00,85,885.82,640.41,7.97
1,370.00,86,222.73,591.24,18.39
1,370.00,87,585.34,738.17,13.10
1,370.00,88,26.95,162.47,0.00
1,370.00,89,895.08,168.10,0.00
1,370.00,90,532.72,751.25,11.96
1,370.00,91,354.57,915.42,6.39
1,370.00,92,571.62,740.01,6.43
1,370.00,93,568.97,459.57,16.92
1,370.00,94,56.72,114.38,0.00
1,370.00,95,146.25,798.67,0.00
1,370.00,96,708.88,656.60,11.67
1,370.00,97,143.56,193.61,5.78
1,370.00,98,682.47,955.30,8.08
1,370.00,99,277.18,237.78,9.25
1,370.00,100,693.72,538.80,24.08
1,370.00,101,367.68,490.78,7.92
1,370.00,102,641.01,169.97,7.48
1,370.00,103,678.86,591.14,22.49
1,370.00,104,680.42,912.27,16.80
1,370.00,105,436.69,544.78,10.73
1,370.00,106,466.26,291.15,8.21
1,370.00,107,273.80,499.58,6.36
1,370.00,108,447.11,21.42,0.00
1,370.00,109,625.36,100.66,16.53
1,370.00,110,218.56,431.96,5.47
1,370.00,111,531.60,591.91,9.77
1,370.00,112,433.36,821.61,0.00
1,370.00,113,31.70,169.23,21.71
1,370.00,114,805.65,370.35,9.62
1,370.00,115,779.06,519.24,20.15
1,370.00,116,465.87,716.90,0.00
1,370.00,117,560.70,325.85,15.04
1,370.00,118,323.95,439.52,10.69
1,370.00,119,530.12,510.63,7.64
1,370.00,120,189.20,341.45,16.06
1,370.00,121,975.60,148.29,9.48
1,370.00,122,598.11,442.32,6.63
1,370.00,123,826.12,858.28,0.00
1,370.00,124,746.54,813.68,11.16
1,370.00,125,957.61,286.73,19.92
1,370.00,126,885.56,46.30,20.43
1,370.00,127,253.62,414.88,0.00
1,370.00,128,581.40,577.59,10.63
1,370.00,129,428.27,78.19,9.87
1,370.00,130,394.78,628.66,0.00
1,370.00,131,733.97,434.90,9.46
1,370.00,132,522.68,328.77,17.81
1,370.00,133,841.03,867.18,0.00
1,370.00,134,493.27,77.59,0.00
1,370.00,135,765.80,432.35,8.96
1,370.00,136,54.07,939.97,0.00
1,370.00,137,746.51,581.54,19.98
1,370.00,138,283.19,708.17,21.94
1,370.00,139,856.78,987.46,0.00
1,370.00,140,895.55,574.32,7.62
1,370.00,141,721.88,353.85,6.73
1,370.00,142,487.37,578.43,11.42
1,370.00,143,375.24,100.84,6.70
1,370.00,144,238.40,554.92,18.20
1,370.00,145,177.74,363.17,7.15
1,370.00,146,212.40,129.02,0.00
1,370.00,147,658.51,734.84,8.97
1,370.00,148,761.48,255.47,5.17
1,370.00,149,43.07,697.25,12.08
1,370.00,150,541.79,565.19,6.85
1,370.00,151,383.94,777.74,21.52
1,370.00,152,840.92,358.06,18.10
1,370.00,153,670.08,512.02,9.36
1,370.00,154,405.57,606.51,19.17
1,370.00,155,768.04,175.78,10.71
1,370.00,156,781.55,733.72,12.32
1,370.00,157,727.75,979.93,21.99
1,370.00,158,39.88,886.36,0.00
1,370.00,159,468.22,511.99,0.00
1,370.00,160,333.77,849.84,0.00
1,370.00,161,829.24,341.02,6.12
1,370.00,162,483.38,260.58,6.91
1,370.00,163,557.96,242.57,15.65
1,370.00,164,663.06,380.62,7.41
1,370.00,165,592.61,334.31,0.00
1,370.00,166,871.82,851.99,12.30
1,370.00,167,331.18,81.49,7.80
1,370.00,168,582.85,89.19,7.31
1,370.00,169,613.19,747.36,0.00
1,370.00,170,470.90,150.16,5.17
1,370.00,171,574.31,700.79,0.00
1,370.00,172,286.49,413.46,8.12
1,370.00,173,839.53,176.71,8.91
1,370.00,174,903.80,886.84,0.00
1,370.00,175,101.39,283.74,14.85
1,370.00,176,661.46,619.03,0.00
1,370.00,177,850.24,443.51,9.61
1,370.00,178,43.10,251.82,10.08
1,370.00,179,815.41,369.15,0.00
1,370.00,180,376.26,593.40,10.97
1,370.00,181,956.85,618.67,0.00
1,370.00,182,407.03,395.37,8.65
1,370.00,183,938.94,937.23,23.93
1,370.00,184,944.81,31.06,0.00
1,370.00,185,26.94,297.81,15.02
1,370.00,186,504.51,645.21,11.20
1,370.00,187,421.45,623.08,11.66
1,370.00,188,525.60,559.45,7.83
1,370.00,189,293.38,194.85,16.48
1,370.00,190,527.93,309.73,15.94
1,370.00,191,362.20,611.73,12.30
1,370.00,192,440.37,878.81,16.17
1,370.00,193,901.73,516.01,22.64
1,370.00,194,783.36,963.50,0.00
1,370.00,195,238.28,256.62,22.54
1,370.00,196,432.21,740.54,14.04
1,370.00,197,152.09,287.94,0.00
1,370.00,198,702.51,467.89,8.53
1,370.00,199,107.99,463.38,11.06
1,380.00,0,862.98,360.72,15.07
1,380.00,1,513.98,421.08,22.82
1,380.00,2,852.72,98.06,0.00
1,380.00,3,457.58,754.87,20.97
1,380.00,4,398.64,108.66,0.00
1,380.00,5,782.50,605.17,19.86
1,380.00,6,310.58,155.73,13.32
1,380.00,7,708.89,347.18,14.83
1,380.00,8,864.50,152.80,0.00
1,380.00,9,296.43,139.26,0.00
1,380.00,10,707.90,465.51,13.93
1,380.00,11,157.07,915.85,6.48
1,380.00,12,103.95,188.85,11.20
1,380.00,13,237.18,436.56,0.00
1,380.00,14,145.43,626.63,10.64
1,380.00,15,504.88,204.65,22.62
1,380.00,16,272.64,545.21,6.44
1,380.00,17,821.05,183.67,10.25
1,380.00,18,447.95,477.29,9.36
1,380.00,19,52.91,624.60,24.89
1,380.00,20,495.88,10.52,0.00
1,380.00,21,647.24,587.97,0.00
1,380.00,22,643.06,205.05,6.00
1,380.00,23,566.36,439.32,17.35
1,380.00,24,356.07,737.30,0.00
1,380.00,25,23.28,50.15,0.00
1,380.00,26,104.46,174.49,8.13
1,380.00,27,449.15,280.81,9.73
1,380.00,28,162.53,406.68,22.78
1,380.00,29,328.33,313.31,13.13
1,380.00,30,368.93,568.63,0.00
1,380.00,31,798.94,636.21,5.03
1,380.00,32,479.12,620.37,11.74
1,380.00,33,326.40,486.74,5.99
1,380.00,34,707.34,265.67,7.25
1,380.00,35,364.19,568.65,17.72
1,380.00,36,344.10,446.11,8.85
1,380.00,37,526.18,150.58,0.00
1,380.00,38,288.55,490.69,13.45
1,380.00,39,600.04,901.81,13.94
1,380.00,40,240.44,643.54,24.28
1,380.00,41,447.34,551.08,9.37
1,380.00,42,411.95,444.57,21.99
1,380.00,43,488.31,664.31,21.22
1,380.00,44,417.26,264.64,0.00
1,380.00,45,837.54,99.44,24.49
1,380.00,46,270.76,170.46,0.00
1,380.00,47,25.05,943.55,0.00
1,380.00,48,170.93,140.05,0.00
1,380.00,49,341.47,210.89,6.34
1,380.00,50,433.51,675.03,0.00
1,380.00,51,743.72,317.63,6.49
1,380.00,52,424.58,880.79,24.94
1,380.00,53,583.45,452.12,7.80
1,380.00,54,478.16,854.56,0.00
1,380.00,55,601.41,438.59,15.07
1,380.00,56,698.23,625.98,10.47
1,380.00,57,788.01,490.60,7.54
1,380.00,58,392.45,583.84,15.95
1,380.00,59,830.81,766.45,8.33
1,380.00,60,520.05,780.53,0.00
1,380.00,61,414.53,661.40,6.50
1,380.00,62,603.79,864.30,0.00
1,380.00,63,270.71,276.50,17.49
1,380.00,64,22.06,525.15,0.00
1,380.00,65,573.69,0.88,0.00
1,380.00,66,657.43,757.68,6.64
1,380.00,67,846.28,63.16,8.30
1,380.00,68,338.88,697.16,7.32
1,380.00,69,231.98,273.64,5.77
1,380.00,70,575.61,158.55,18.78
1,380.00,71,78.78,700.28,12.37
1,380.00,72,407.90,586.72,16.39
1,380.00,73,573.68,703.62,0.00
1,380.00,74,631.27,546.88,5.27
1,380.00,75,313.35,906.53,7.46
1,380.00,76,114.27,688.73,5.29
1,380.00,77,620.50,596.68,6.68
1,380.00,78,222.03,413.03,0.00
1,380.00,79,280.39,625.12,9.41
1,380.00,80,880.01,332.17,5.77
1,380.00,81,458.71,452.09,17.38
1,380.00,82,685.69,241.24,20.70
1,380.00,83,889.42,843.51,18.46
1,380.00,84,200.52,321.28,16.98
1,380.00,85,963.24,659.40,7.97
1,380.00,86,378.30,689.39,18.39
1,380.00,87,713.77,764.21,13.10
1,380.00,88,25.97,152.88,6.85
1,380.00,89,858.95,135.94,7.24
1,380.00,90,602.23,848.52,11.96
1,380.00,91,341.64,977.96,6.39
1,380.00,92,508.83,754.02,6.43
1,380.00,93,681.83,333.58,16.92
1,380.00,94,98.60,222.38,20.59
1,380.00,95,204.09,718.04,24.75
1,380.00,96,709.25,539.93,11.67
1,380.00,97,86.03,199.10,5.78
1,380.00,98,703.21,877.17,8.08
1,380.00,99,287.42,145.83,9.25
1,380.00,100,804.63,325.01,24.08
1,380.00,101,299.59,531.16,7.92
1,380.00,102,709.47,139.73,7.48
1,380.00,103,782.89,391.70,22.49
1,380.00,104,550.09,806.29,16.80
1,380.00,105,430.96,554.20,0.00
1,380.00,106,540.38,255.83,8.21
1,380.00,107,247.67,441.58,6.36
1,380.00,108,520.69,105.64,19.10
1,380.00,109,472.07,162.42,16.53
1,380.00,110,172.32,408.35,0.00
1,380.00,111,612.81,537.65,9.77
1,380.00,112,473.37,749.44,21.27
1,380.00,113,18.31,159.10,0.00
1,380.00,114,723.26,419.99,9.62
1,380.00,115,903.69,442.88,0.00
1,380.00,116,393.29,706.90,8.87
1,380.00,117,570.69,340.55,0.00
1,380.00,118,231.58,401.21,0.00
1,380.00,119,470.58,558.59,7.64
1,380.00,120,167.33,310.40,0.00
1,380.00,121,928.04,230.25,9.48
1,380.00,122,628.53,501.20,6.63
1,380.00,123,714.77,816.08,24.65
1,380.00,124,650.70,756.59,11.16
1,380.00,125,853.25,134.65,0.00
1,380.00,126,924.55,5.35,0.00
1,380.00,127,230.74,484.28,18.35
1,380.00,128,599.58,543.63,0.00
1,380.00,129,454.48,173.37,9.87
1,380.00,130,434.63,709.95,17.95
1,380.00,131,808.61,493.08,9.46
1,380.00,132,687.54,261.31,17.81
1,380.00,133,754.13,860.83,11.29
1,380.00,134,517.72,8.93,0.00
1,380.00,135,851.81,407.14,8.96
1,380.00,136,89.71,913.96,17.20
1,380.00,137,803.82,390.17,19.98
1,380.00,138,496.45,656.53,21.94
1,380.00,139,772.23,985.45,13.91
1,380.00,140,820.08,584.92,7.62
1,380.00,141,731.42,339.56,0.00
1,380.00,142,505.26,691.17,11.42
1,380.00,143,435.44,130.36,6.70
1,380.00,144,146.65,576.59,0.00
1,380.00,145,242.73,333.28,7.15
1,380.00,146,324.24,278.27,24.95
1,380.00,147,658.49,824.53,8.97
1,380.00,148,809.92,273.60,5.17
1,380.00,149,156.57,655.94,12.08
1,380.00,150,518.81,500.67,6.85
1,380.00,151,591.54,720.87,21.52
1,380.00,152,877.81,358.44,0.00
1,380.00,153,758.52,481.42,9.36
1,380.00,154,432.18,416.63,19.17
1,380.00,155,768.44,144.26,0.00
1,380.00,156,658.36,730.95,12.32
1,380.00,157,508.23,967.46,21.99
1,380.00,158,47.62,854.21,19.93
1,380.00,159,420.51,522.83,11.20
1,380.00,160,366.78,851.13,6.37
1,380.00,161,890.32,345.51,6.12
1,380.00,162,426.62,223.17,0.00
1,380.00,163,432.59,262.86,0.00
1,380.00,164,706.15,320.34,7.41
1,380.00,165,404.11,265.76,23.71
1,380.00,166,829.11,736.70,12.30
1,380.00,167,278.11,138.71,7.80
1,380.00,168,563.24,18.77,7.31
1,380.00,169,631.17,719.31,20.75
1,380.00,170,420.66,138.02,5.17
1,380.00,171,631.34,730.91,6.48
1,380.00,172,338.33,350.90,8.12
1,380.00,173,903.79,220.89,0.00
1,380.00,174,874.63,741.98,16.71
1,380.00,175,158.94,420.59,14.85
1,380.00,176,655.62,575.19,8.64
1,380.00,177,872.69,350.07,9.61
1,380.00,178,121.72,314.83,10.08
1,380.00,179,781.19,268.05,16.78
1,380.00,180,272.24,558.44,10.97
1,380.00,181,914.74,605.72,6.45
1,380.00,182,450.19,470.32,8.65
1,380.00,183,967.55,984.18,0.00
1,380.00,184,935.71,56.72,5.26
1,380.00,185,19.12,264.01,0.00
1,380.00,186,485.81,534.79,11.20
1,380.00,187,363.62,724.32,11.66
1,380.00,188,598.22,588.65,7.83
1,380.00,189,256.07,137.88,0.00
1,380.00,190,396.76,219.25,15.94
1,380.00,191,439.85,516.35,12.30
1,380.00,192,601.94,884.27,16.17
1,380.00,193,869.68,335.24,0.00
1,380.00,194,753.18,918.45,11.26
1,380.00,195,141.95,460.40,22.54
1,380.00,196,563.87,691.66,14.04
1,380.00,197,191.60,302.57,9.55
1,380.00,198,635.48,415.16,8.53
1,380.00,199,77.73,513.75,0.00
1,390.00,0,739.85,273.78,15.07
1,390.00,1,615.46,625.49,22.82
1,390.00,2,853.91,107.41,17.50
1,390.00,3,500.11,814.00,0.00
1,390.00,4,483.82,180.38,11.21
1,390.00,5,881.06,432.74,19.86
1,390.00,6,304.36,118.22,0.00
1,390.00,7,828.14,259.07,14.83
1,390.00,8,796.98,130.30,13.37
1,390.00,9,350.49,186.54,19.29
1,390.00,10,591.90,388.44,13.93
1,390.00,11,209.63,877.86,6.48
1,390.00,12,109.43,300.75,11.20
1,390.00,13,386.56,354.63,24.23
1,390.00,14,117.28,707.89,0.00
1,390.00,15,699.42,320.07,22.62
1,390.00,16,300.39,603.36,6.44
1,390.00,17,730.84,232.39,10.25
1,390.00,18,370.66,530.11,9.36
1,390.00,19,22.21,437.11,0.00
1,390.00,20,503.30,57.83,5.47
1,390.00,21,548.71,597.07,14.45
1,390.00,22,656.25,146.49,6.00
1,390.00,23,532.98,483.33,0.00
1,390.00,24,346.43,631.92,17.62
1,390.00,25,23.65,54.61,19.59
1,390.00,26,64.84,103.50,8.13
1,390.00,27,387.37,355.98,9.73
1,390.00,28,371.96,317.13,22.78
1,390.00,29,197.46,302.84,13.13
1,390.00,30,327.51,608.82,21.49
1,390.00,31,845.78,654.67,5.03
1,390.00,32,581.08,562.22,11.74
1,390.00,33,360.48,535.98,5.99
1,390.00,34,766.56,307.42,7.25
1,390.00,35,494.17,448.16,17.72
1,390.00,36,263.25,410.02,8.85
1,390.00,37,534.92,148.73,6.92
1,390.00,38,163.93,541.26,13.45
1,390.00,39,460.85,893.72,13.94
1,390.00,40,74.22,466.55,24.28
1,390.00,41,372.13,606.89,9.37
1,390.00,42,311.19,447.96,0.00
1,390.00,43,629.51,505.90,21.22
1,390.00,44,499.45,405.73,21.68
1,390.00,45,594.96,132.93,24.49
1,390.00,46,295.37,172.82,14.10
1,390.00,47,68.13,927.96,23.05
1,390.00,48,215.48,148.64,6.54
1,390.00,49,396.13,242.92,6.34
1,390.00,50,446.56,606.86,7.62
1,390.00,51,686.45,287.20,6.49
1,390.00,52,340.91,669.57,0.00
1,390.00,53,642.79,401.47,7.80
1,390.00,54,531.78,818.20,17.90
1,390.00,55,539.53,301.23,15.07
1,390.00,56,763.54,707.83,10.47
1,390.00,57,837.20,433.44,7.54
1,390.00,58,547.85,547.68,15.95
1,390.00,59,749.00,750.75,8.33
1,390.00,60,578.51,719.46,18.91
1,390.00,61,437.32,600.52,6.50
1,390.00,62,620.25,756.84,11.89
1,390.00,63,444.27,255.23,17.49
1,390.00,64,29.16,511.64,8.36
1,390.00,65,601.16,80.71,13.64
1,390.00,66,610.87,710.28,6.64
1,390.00,67,773.95,103.87,8.30
1,390.00,68,399.26,655.85,7.32
1,390.00,69,193.16,230.99,5.77
1,390.00,70,405.68,78.55,18.78
1,390.00,71,88.85,577.01,12.37
1,390.00,72,246.93,617.69,16.39
1,390.00,73,562.37,668.84,6.99
1,390.00,74,632.11,599.54,5.27
1,390.00,75,387.95,906.01,7.46
1,390.00,76,84.62,732.60,5.29
1,390.00,77,622.48,529.86,6.68
1,390.00,78,218.36,479.56,9.27
1,390.00,79,264.19,717.78,9.41
1,390.00,80,827.18,355.42,5.77
1,390.00,81,610.17,537.41,17.38
1,390.00,82,541.19,389.41,20.70
1,390.00,83,892.70,658.99,18.46
1,390.00,84,341.04,355.16,0.00
1,390.00,85,980.68,663.68,0.00
1,390.00,86,533.87,787.53,18.39
1,390.00,87,842.20,790.25,13.10
1,390.00,88,19.07,84.76,6.85
1,390.00,89,804.85,87.78,7.24
1,390.00,90,671.73,945.80,11.96
1,390.00,91,338.12,994.99,0.00
1,390.00,92,446.04,768.02,6.43
1,390.00,93,794.70,207.58,16.92
1,390.00,94,173.05,414.38,20.59
1,390.00,95,348.34,516.96,24.75
1,390.00,96,709.62,423.26,11.67
1,390.00,97,73.65,200.28,0.00
1,390.00,98,723.96,799.04,8.08
1,390.00,99,297.66,53.87,9.25
1,390.00,100,915.53,111.22,24.08
1,390.00,101,231.49,571.53,7.92
1,390.00,102,777.94,109.49,7.48
1,390.00,103,886.93,192.25,22.49
1,390.00,104,419.76,700.32,16.80
1,390.00,105,548.73,449.90,17.53
1,390.00,106,614.50,220.51,8.21
1,390.00,107,221.54,383.59,6.36
1,390.00,108,646.38,249.52,19.10
1,390.00,109,318.78,224.18,16.53
1,390.00,110,174.06,412.83,9.51
1,390.00,111,694.01,483.40,9.77
1,390.00,112,576.51,563.38,21.27
1,390.00,113,129.72,178.61,12.26
1,390.00,114,640.87,469.62,9.62
1,390.00,115,874.42,474.37,15.66
1,390.00,116,305.40,694.80,8.87
1,390.00,117,624.37,387.60,8.09
1,390.00,118,242.09,400.50,16.35
1,390.00,119,411.05,606.55,7.64
1,390.00,120,166.43,198.48,14.66
1,390.00,121,880.48,312.22,9.48
1,390.00,122,658.96,560.09,6.63
1,390.00,123,484.29,728.73,24.65
1,390.00,124,554.86,699.51,11.16
1,390.00,125,848.57,135.89,6.55
1,390.00,126,922.81,93.14,12.14
1,390.00,127,192.60,599.98,0.00
1,390.00,128,522.75,454.50,18.45
1,390.00,129,480.68,268.54,9.87
1,390.00,130,470.82,783.76,0.00
1,390.00,131,883.26,551.25,9.46
1,390.00,132,852.39,193.85,17.81
1,390.00,133,641.54,852.60,11.29
1,390.00,134,521.55,32.04,18.66
1,390.00,135,879.29,399.09,0.00
1,390.00,136,228.69,812.56,17.20
1,390.00,137,829.98,302.80,0.00
1,390.00,138,709.72,604.88,21.94
1,390.00,139,748.40,984.89,0.00
1,390.00,140,744.62,595.52,7.62
1,390.00,141,571.37,327.08,21.55
1,390.00,142,511.76,732.10,0.00
1,390.00,143,495.63,159.87,6.70
1,390.00,144,175.10,634.19,13.33
1,390.00,145,307.72,303.39,7.15
1,390.00,146,473.86,477.95,24.95
1,390.00,147,658.47,907.58,0.00
1,390.00,148,858.37,291.72,5.17
1,390.00,149,270.08,614.63,12.08
1,390.00,150,495.84,436.16,6.85
1,390.00,151,799.14,664.01,21.52
1,390.00,152,773.61,467.28,18.93
1,390.00,153,759.08,481.23,0.00
1,390.00,154,458.78,226.75,19.17
1,390.00,155,726.05,238.72,14.67
1,390.00,156,535.16,728.18,12.32
1,390.00,157,288.71,954.99,21.99
1,390.00,158,94.29,660.46,19.93
1,390.00,159,311.32,547.63,11.20
1,390.00,160,430.39,853.62,6.37
1,390.00,161,951.39,350.01,6.12
1,390.00,162,424.28,225.97,22.73
1,390.00,163,426.68,273.96,6.67
1,390.00,164,749.24,260.07,7.41
1,390.00,165,257.70,212.52,0.00
1,390.00,166,786.40,621.40,12.30
1,390.00,167,225.05,195.92,7.80
1,390.00,168,559.95,6.94,0.00
1,390.00,169,743.14,544.63,20.75
1,390.00,170,370.42,125.88,5.17
1,390.00,171,688.64,761.17,6.48
1,390.00,172,390.16,288.34,8.12
1,390.00,173,888.58,230.40,14.41
1,390.00,174,841.64,578.12,16.71
1,390.00,175,216.49,557.44,14.85
1,390.00,176,644.21,489.59,8.64
1,390.00,177,893.39,263.91,0.00
1,390.00,178,200.34,377.84,10.08
1,390.00,179,727.40,109.11,16.78
1,390.00,180,168.22,523.48,10.97
1,390.00,181,853.09,586.76,6.45
1,390.00,182,493.36,545.27,8.65
1,390.00,183,866.16,917.08,15.78
1,390.00,184,918.13,106.26,5.26
1,390.00,185,117.93,250.42,12.97
1,390.00,186,467.11,424.37,11.20
1,390.00,187,340.68,764.48,0.00
1,390.00,188,670.83,617.85,7.83
1,390.00,189,313.57,129.42,9.91
1,390.00,190,278.04,137.35,0.00
1,390.00,191,517.51,420.97,12.30
1,390.00,192,763.51,889.73,16.17
1,390.00,193,833.53,318.21,21.13
1,390.00,194,690.51,824.91,11.26
1,390.00,195,45.61,664.18,22.54
1,390.00,196,695.53,642.77,14.04
1,390.00,197,281.14,335.72,9.55
1,390.00,198,568.45,362.44,8.53
1,390.00,199,90.47,476.11,8.48
1,400.00,0,616.72,186.83,15.07
1,400.00,1,716.94,829.90,22.82
1,400.00,2,876.09,280.96,17.50
1,400.00,3,458.59,750.81,11.59
1,400.00,4,569.55,252.57,11.21
1,400.00,5,954.11,304.93,0.00
1,400.00,6,249.67,271.58,22.79
1,400.00,7,947.38,170.96,14.83
1,400.00,8,670.11,88.04,13.37
1,400.00,9,495.70,313.54,19.29
1,400.00,10,475.90,311.37,13.93
1,400.00,11,262.19,839.87,6.48
1,400.00,12,114.90,412.65,11.20
1,400.00,13,599.00,238.11,24.23
1,400.00,14,148.19,698.87,16.81
1,400.00,15,893.95,435.50,22.62
1,400.00,16,317.14,638.46,0.00
1,400.00,17,640.62,281.10,10.25
1,400.00,18,293.37,582.93,9.36
1,400.00,19,77.27,431.44,23.38
1,400.00,20,511.78,111.89,5.47
1,400.00,21,507.98,600.84,0.00
1,400.00,22,664.83,108.40,0.00
1,400.00,23,583.34,542.28,11.38
1,400.00,24,330.36,456.45,17.62
1,400.00,25,39.85,249.85,19.59
1,400.00,26,48.14,73.57,0.00
1,400.00,27,386.93,356.51,0.00
1,400.00,28,569.88,232.51,0.00
1,400.00,29,66.60,292.37,13.13
1,400.00,30,173.26,758.50,21.49
1,400.00,31,892.62,673.13,5.03
1,400.00,32,683.05,504.08,11.74
1,400.00,33,394.56,585.23,5.99
1,400.00,34,798.04,329.62,0.00
1,400.00,35,624.15,327.67,17.72
1,400.00,36,182.40,373.94,8.85
1,400.00,37,602.67,134.45,6.92
1,400.00,38,155.36,544.74,0.00
1,400.00,39,450.15,893.10,0.00
1,400.00,40,54.40,445.45,0.00
1,400.00,41,296.91,662.70,9.37
1,400.00,42,362.23,506.71,14.37
1,400.00,43,770.72,347.48,21.22
1,400.00,44,608.58,593.09,21.68
1,400.00,45,352.38,166.42,24.49
1,400.00,46,435.69,186.27,14.10
1,400.00,47,284.86,849.49,23.05
1,400.00,48,279.69,161.03,6.54
1,400.00,49,450.80,274.95,6.34
1,400.00,50,460.89,532.01,7.62
1,400.00,51,629.18,256.77,6.49
1,400.00,52,325.19,669.25,17.66
1,400.00,53,702.12,350.82,7.80
1,400.00,54,679.97,717.70,17.90
1,400.00,55,486.44,183.40,0.00
1,400.00,56,828.86,789.68,10.47
1,400.00,57,844.29,425.20,0.00
1,400.00,58,703.25,511.52,15.95
1,400.00,59,667.19,735.04,8.33
1,400.00,60,594.73,702.51,0.00
1,400.00,61,460.10,539.65,6.50
1,400.00,62,638.27,639.29,11.89
1,400.00,63,617.82,233.96,17.49
1,400.00,64,68.03,437.63,8.36
1,400.00,65,644.75,207.38,0.00
1,400.00,66,564.32,662.88,6.64
1,400.00,67,701.61,144.57,8.30
1,400.00,68,459.64,614.53,7.32
1,400.00,69,154.33,188.35,5.77
1,400.00,70,284.66,21.58,0.00
1,400.00,71,98.91,453.74,12.37
1,400.00,72,218.02,623.25,0.00
1,400.00,73,540.75,602.36,6.99
1,400.00,74,632.96,652.21,5.27
1,400.00,75,462.55,905.49,7.46
1,400.00,76,67.88,757.37,0.00
1,400.00,77,624.46,463.04,6.68
1,400.00,78,213.25,572.12,9.27
1,400.00,79,258.28,751.53,0.00
1,400.00,80,774.35,378.67,5.77
1,400.00,81,761.63,622.73,17.38
1,400.00,82,396.69,537.58,20.70
1,400.00,83,895.98,474.47,18.46
1,400.00,84,328.52,388.14,23.70
1,400.00,85,884.74,688.09,12.78
1,400.00,86,689.44,885.67,18.39
1,400.00,87,853.74,792.59,0.00
1,400.00,88,14.22,36.90,0.00
1,400.00,89,779.11,64.88,0.00
1,400.00,90,699.16,984.19,0.00
1,400.00,91,473.54,978.02,18.75
1,400.00,92,383.25,782.03,6.43
1,400.00,93,797.21,204.77,0.00
1,400.00,94,247.50,606.38,20.59
1,400.00,95,492.59,315.87,24.75
1,400.00,96,709.99,306.59,11.67
1,400.00,97,69.46,242.64,5.43
1,400.00,98,744.71,720.92,8.08
1,400.00,99,303.34,2.82,0.00
1,400.00,100,968.41,9.28,0.00
1,400.00,101,200.61,589.85,0.00
1,400.00,102,778.16,109.39,0.00
1,400.00,103,929.84,109.99,0.00
1,400.00,104,384.10,671.32,0.00
1,400.00,105,679.99,333.65,17.53
1,400.00,106,688.62,185.19,8.21
1,400.00,107,195.42,325.59,6.36
1,400.00,108,772.07,393.40,19.10
1,400.00,109,225.08,261.94,0.00
1,400.00,110,208.39,501.52,9.51
1,400.00,111,718.49,467.04,0.00
1,400.00,112,679.64,377.32,21.27
1,400.00,113,250.48,199.76,12.26
1,400.00,114,558.48,519.26,9.62
1,400.00,115,767.80,589.11,15.66
1,400.00,116,217.51,682.70,8.87
1,400.00,117,685.24,440.95,8.09
1,400.00,118,405.23,389.42,16.35
1,400.00,119,351.51,654.50,7.64
1,400.00,120,165.63,99.41,0.00
1,400.00,121,832.92,394.18,9.48
1,400.00,122,689.38,618.98,6.63
1,400.00,123,253.81,641.38,24.65
1,400.00,124,459.02,642.43,11.16
1,400.00,125,785.24,152.69,6.55
1,400.00,126,920.41,214.54,12.14
1,400.00,127,190.76,676.05,22.65
1,400.00,128,402.28,314.73,18.45
1,400.00,129,506.89,363.72,9.87
1,400.00,130,500.57,669.69,21.75
1,400.00,131,891.33,557.55,0.00
1,400.00,132,898.07,175.15,0.00
1,400.00,133,528.95,844.37,11.29
1,400.00,134,552.05,216.14,18.66
1,400.00,135,929.06,248.81,23.26
1,400.00,136,367.67,711.16,17.20
1,400.00,137,791.29,341.34,10.05
1,400.00,138,863.72,567.59,0.00
1,400.00,139,616.22,968.53,16.07
1,400.00,140,669.16,606.12,7.62
1,400.00,141,356.49,310.32,21.55
1,400.00,142,502.23,637.26,14.96
1,400.00,143,555.82,189.39,6.70
1,400.00,144,234.10,753.68,13.33
1,400.00,145,372.71,273.50,7.15
1,400.00,146,623.48,677.63,24.95
1,400.00,147,648.89,894.48,21.90
1,400.00,148,859.26,292.06,0.00
1,400.00,149,383.58,573.31,12.08
1,400.00,150,472.87,371.64,6.85
1,400.00,151,866.47,645.57,0.00
1,400.00,152,642.73,604.00,18.93
1,400.00,153,606.76,429.51,16.19
1,400.00,154,485.39,36.88,19.17
1,400.00,155,665.96,372.60,14.67
1,400.00,156,411.97,725.41,12.32
1,400.00,157,261.94,953.47,0.00
1,400.00,158,140.97,466.71,19.93
1,400.00,159,202.13,572.44,11.20
1,400.00,160,494.00,856.10,6.37
1,400.00,161,956.06,350.36,0.00
1,400.00,162,278.76,400.64,22.73
1,400.00,163,395.34,332.86,6.67
1,400.00,164,761.56,242.83,0.00
1,400.00,165,242.65,296.90,25.00
1,400.00,166,743.69,506.10,12.30
1,400.00,167,171.99,253.14,7.80
1,400.00,168,487.81,102.44,14.38
1,400.00,169,855.12,369.94,20.75
1,400.00,170,363.31,124.16,0.00
1,400.00,171,745.93,791.44,6.48
1,400.00,172,442.00,225.78,8.12
1,400.00,173,766.43,306.77,14.41
1,400.00,174,808.65,414.27,16.71
1,400.00,175,274.04,694.30,14.85
1,400.00,176,632.79,404.00,8.64
1,400.00,177,889.80,270.81,9.95
1,400.00,178,278.97,440.86,10.08
1,400.00,179,699.69,27.23,0.00
1,400.00,180,167.24,523.15,0.00
1,400.00,181,791.45,567.81,6.45
1,400.00,182,536.52,620.22,8.65
1,400.00,183,734.54,829.96,15.78
1,400.00,184,900.56,155.80,5.26
1,400.00,185,246.42,232.73,12.97
1,400.00,186,448.42,313.95,11.20
1,400.00,187,347.00,720.50,7.36
1,400.00,188,743.45,647.06,7.83
1,400.00,189,411.59,115.00,9.91
1,400.00,190,270.73,124.23,15.83
1,400.00,191,595.16,325.60,12.30
1,400.00,192,907.71,894.60,0.00
1,400.00,193,642.39,228.14,21.13
1,400.00,194,627.84,731.36,11.26
1,400.00,195,34.76,687.14,0.00
1,400.00,196,765.88,616.66,0.00
1,400.00,197,370.69,368.86,9.55
1,400.00,198,501.41,309.72,8.53
1,400.00,199,117.67,395.76,8.48
1,410.00,0,593.49,170.43,0.00
1,410.00,1,723.98,844.10,0.00
1,410.00,2,898.27,454.52,17.50
1,410.00,3,394.97,654.00,11.59
1,410.00,4,655.29,324.76,11.21
1,410.00,5,954.31,340.41,13.71
1,410.00,6,211.81,377.75,0.00
1,410.00,7,995.06,135.72,0.00
1,410.00,8,543.25,45.77,13.37
1,410.00,9,640.91,440.55,19.29
1,410.00,10,359.90,234.29,13.93
1,410.00,11,314.74,801.88,6.48
1,410.00,12,120.38,524.56,11.20
1,410.00,13,811.44,121.59,24.23
1,410.00,14,309.57,651.81,16.81
1,410.00,15,935.16,459.95,0.00
1,410.00,16,364.46,597.35,15.81
1,410.00,17,550.40,329.82,10.25
1,410.00,18,216.09,635.75,9.36
1,410.00,19,309.89,407.47,23.38
1,410.00,20,520.27,165.95,5.47
1,410.00,21,480.93,574.02,5.31
1,410.00,22,641.75,173.90,19.86
1,410.00,23,657.23,628.76,11.38
1,410.00,24,314.30,280.97,17.62
1,410.00,25,56.05,445.10,19.59
1,410.00,26,137.91,97.60,16.06
1,410.00,27,287.41,293.55,0.00
1,410.00,28,573.83,220.05,23.78
1,410.00,29,14.45,288.20,0.00
1,410.00,30,103.51,826.18,0.00
1,410.00,31,897.15,674.91,0.00
1,410.00,32,785.01,445.93,11.74
1,410.00,33,428.65,634.47,5.99
1,410.00,34,780.75,346.89,5.22
1,410.00,35,754.13,207.17,17.72
1,410.00,36,130.97,350.98,0.00
1,410.00,37,670.41,120.17,6.92
1,410.00,38,387.04,555.60,24.90
1,410.00,39,439.16,793.43,10.86
1,410.00,40,122.73,497.92,9.78
1,410.00,41,263.70,687.34,0.00
1,410.00,42,456.47,615.18,14.37
1,410.00,43,911.92,189.06,21.22
1,410.00,44,663.76,687.81,0.00
1,410.00,45,109.81,199.92,24.49
1,410.00,46,576.02,199.71,14.10
1,410.00,47,501.59,771.02,23.05
1,410.00,48,343.90,173.42,6.54
1,410.00,49,505.47,306.97,6.34
1,410.00,50,475.22,457.17,7.62
1,410.00,51,571.91,226.33,6.49
1,410.00,52,231.85,667.40,0.00
1,410.00,53,761.46,300.16,7.80
1,410.00,54,828.15,617.21,17.90
1,410.00,55,506.00,209.38,22.87
1,410.00,56,842.74,807.08,0.00
1,410.00,57,923.38,293.34,17.97
1,410.00,58,858.64,475.35,15.95
1,410.00,59,585.38,719.34,8.33
1,410.00,60,482.67,522.39,24.22
1,410.00,61,482.88,478.77,6.50
1,410.00,62,656.28,521.73,11.89
1,410.00,63,647.63,230.31,0.00
1,410.00,64,106.91,363.61,8.36
1,410.00,65,644.89,208.69,7.43
1,410.00,66,517.77,615.48,6.64
1,410.00,67,629.28,185.27,8.30
1,410.00,68,507.11,582.05,0.00
1,410.00,69,115.51,145.71,5.77
1,410.00,70,322.18,28.64,13.27
1,410.00,71,108.97,330.46,12.37
1,410.00,72,228.93,502.96,14.72
1,410.00,73,535.93,587.54,0.00
1,410.00,74,633.35,676.48,0.00
1,410.00,75,537.16,904.97,7.46
1,410.00,76,85.47,740.46,5.60
1,410.00,77,626.44,396.22,6.68
1,410.00,78,208.14,664.69,9.27
1,410.00,79,283.57,706.00,8.19
1,410.00,80,721.52,401.91,5.77
1,410.00,81,913.10,708.05,17.38
1,410.00,82,252.19,685.75,20.70
1,410.00,83,899.26,289.94,18.46
1,410.00,84,244.37,609.72,23.70
1,410.00,85,760.91,719.61,12.78
1,410.00,86,692.49,887.59,0.00
1,410.00,87,661.26,852.85,22.16
1,410.00,88,48.50,38.85,11.55
1,410.00,89,791.79,98.19,6.80
1,410.00,90,710.10,951.51,5.69
1,410.00,91,506.38,973.91,0.00
1,410.00,92,320.45,796.03,6.43
1,410.00,93,682.41,373.65,20.89
1,410.00,94,321.95,798.38,20.59
1,410.00,95,493.10,315.17,0.00
1,410.00,96,710.01,300.86,0.00
1,410.00,97,64.13,296.63,5.43
1,410.00,98,765.45,642.79,8.08
1,410.00,99,311.44,100.45,22.02
1,410.00,100,934.52,119.29,22.00
1,410.00,101,227.72,575.55,5.61
1,410.00,102,811.17,237.37,13.26
1,410.00,103,931.02,221.01,18.90
1,410.00,104,475.35,561.75,19.63
1,410.00,105,811.26,217.40,17.53
1,410.00,106,726.50,167.14,0.00
1,410.00,107,177.11,284.95,0.00
1,410.00,108,897.76,537.28,19.10
1,410.00,109,256.67,264.97,8.16
1,410.00,110,242.72,590.20,9.51
1,410.00,111,889.57,484.52,24.62
1,410.00,112,705.53,330.61,0.00
1,410.00,113,371.24,220.91,12.26
1,410.00,114,476.10,568.89,9.62
1,410.00,115,714.17,646.82,0.00
1,410.00,116,129.62,670.60,8.87
1,410.00,117,746.10,494.31,8.09
1,410.00,118,568.38,378.35,16.35
1,410.00,119,291.97,702.46,7.64
1,410.00,120,181.78,102.90,5.10
1,410.00,121,785.36,476.14,9.48
1,410.00,122,719.81,677.87,6.63
1,410.00,123,23.32,554.03,24.65
1,410.00,124,363.18,585.34,11.16
1,410.00,125,721.92,169.48,6.55
1,410.00,126,918.01,335.94,12.14
1,410.00,127,186.30,860.00,0.00
1,410.00,128,281.80,174.96,18.45
1,410.00,129,533.09,458.90,9.87
1,410.00,130,555.47,459.23,21.75
1,410.00,131,786.82,528.59,12.16
1,410.00,132,816.92,249.41,15.22
1,410.00,133,416.37,836.15,11.29
1,410.00,134,582.56,400.23,18.66
1,410.00,135,988.81,68.40,0.00
1,410.00,136,421.34,672.00,0.00
1,410.00,137,720.09,412.24,10.05
1,410.00,138,885.21,625.53,22.24
1,410.00,139,456.70,948.79,16.07
1,410.00,140,593.70,616.72,7.62
1,410.00,141,160.26,295.02,0.00
1,410.00,142,487.28,488.39,14.96
1,410.00,143,616.02,218.91,6.70
1,410.00,144,293.11,873.17,13.33
1,410.00,145,437.70,243.61,7.15
1,410.00,146,703.64,784.60,0.00
1,410.00,147,519.68,717.73,21.90
1,410.00,148,762.60,248.19,10.81
1,410.00,149,474.16,540.35,0.00
1,410.00,150,449.89,307.12,6.85
1,410.00,151,837.73,611.48,6.60
1,410.00,152,511.84,740.71,18.93
1,410.00,153,453.47,377.46,16.19
1,410.00,154,486.29,30.43,0.00
1,410.00,155,605.88,506.48,14.67
1,410.00,156,288.77,722.64,12.32
1,410.00,157,270.11,930.57,0.00
1,410.00,158,187.64,272.96,19.93
1,410.00,159,92.94,597.24,11.20
1,410.00,160,557.61,858.59,6.37
1,410.00,161,802.77,485.49,22.13
1,410.00,162,167.81,533.80,0.00
1,410.00,163,364.01,391.75,6.67
1,410.00,164,720.99,264.16,6.42
1,410.00,165,198.74,543.01,25.00
1,410.00,166,700.98,390.80,12.30
1,410.00,167,118.92,310.36,7.80
1,410.00,168,401.12,217.20,14.38
1,410.00,169,866.95,351.48,0.00
1,410.00,170,413.83,143.86,6.32
1,410.00,171,803.23,821.70,6.48
1,410.00,172,493.83,163.22,8.12
1,410.00,173,644.29,383.15,14.41
1,410.00,174,801.35,378.01,0.00
1,410.00,175,331.59,831.15,14.85
1,410.00,176,621.38,318.41,8.64
1,410.00,177,843.82,359.10,9.95
1,410.00,178,357.59,503.87,10.08
1,410.00,179,642.05,103.86,19.78
1,410.00,180,301.06,599.03,15.53
1,410.00,181,729.80,548.85,6.45
1,410.00,182,579.69,695.16,8.65
1,410.00,183,602.92,742.84,15.78
1,410.00,184,882.99,205.33,5.26
1,410.00,185,374.90,215.05,12.97
1,410.00,186,444.56,291.14,0.00
1,410.00,187,357.46,647.61,7.36
1,410.00,188,811.34,674.36,0.00
1,410.00,189,509.61,100.58,9.91
1,410.00,190,236.11,62.09,0.00
1,410.00,191,595.69,324.94,0.00
1,410.00,192,901.64,883.38,11.87
1,410.00,193,451.24,138.07,21.13
1,410.00,194,565.17,637.82,11.26
1,410.00,195,106.22,654.86,8.84
1,410.00,196,735.73,562.22,13.36
1,410.00,197,460.23,402.01,9.55
1,410.00,198,434.38,257.00,8.53
1,410.00,199,144.87,315.42,8.48
1,420.00,0,514.60,205.58,10.65
1,420.00,1,672.97,964.16,0.00
1,420.00,2,920.44,628.08,17.50
1,420.00,3,331.34,557.18,11.59
1,420.00,4,741.03,396.95,11.21
1,420.00,5,955.06,477.54,13.71
1,420.00,6,301.80,445.11,22.24
1,420.00,7,885.96,166.20,18.87
1,420.00,8,446.51,13.55,0.00
1,420.00,9,786.12,567.55,19.29
1,420.00,10,243.90,157.22,13.93
1,420.00,11,367.30,763.89,6.48
1,420.00,12,125.86,636.46,11.20
1,420.00,13,849.75,100.58,0.00
1,420.00,14,470.94,604.74,16.81
1,420.00,15,892.33,459.67,5.43
1,420.00,16,483.83,493.66,15.81
1,420.00,17,460.18,378.54,10.25
1,420.00,18,138.80,688.57,9.36
1,420.00,19,542.51,383.50,23.38
1,420.00,20,528.75,220.00,5.47
1,420.00,21,443.20,536.62,5.31
1,420.00,22,601.21,288.91,0.00
1,420.00,23,723.39,706.20,0.00
1,420.00,24,298.24,105.50,17.62
1,420.00,25,72.25,640.35,19.59
1,420.00,26,293.10,139.13,16.06
1,420.00,27,284.46,333.51,9.17
1,420.00,28,634.31,29.00,0.00
1,420.00,29,48.68,277.27,5.97
1,420.00,30,168.52,810.12,12.22
1,420.00,31,785.18,601.95,14.79
1,420.00,32,828.47,421.15,0.00
1,420.00,33,462.73,683.72,5.99
1,420.00,34,743.82,383.76,5.22
1,420.00,35,884.11,86.68,17.72
1,420.00,36,188.32,316.98,18.32
1,420.00,37,670.46,120.16,0.00
1,420.00,38,635.81,567.25,24.90
1,420.00,39,427.26,685.47,10.86
1,420.00,40,200.30,557.50,9.78
1,420.00,41,296.26,666.45,6.93
1,420.00,42,550.71,723.65,14.37
1,420.00,43,946.69,150.06,0.00
1,420.00,44,630.55,687.87,6.72
1,420.00,45,42.99,209.14,0.00
1,420.00,46,716.34,213.16,14.10
1,420.00,47,718.32,692.56,23.05
1,420.00,48,408.11,185.81,6.54
1,420.00,49,560.13,339.00,6.34
1,420.00,50,489.54,382.32,7.62
1,420.00,51,514.63,195.90,6.49
1,420.00,52,265.96,691.40,8.85
1,420.00,53,820.80,249.51,7.80
1,420.00,54,864.56,592.52,0.00
1,420.00,55,643.60,392.10,22.87
1,420.00,56,730.46,691.29,20.48
1,420.00,57,994.50,174.78,0.00
1,420.00,58,871.24,472.42,0.00
1,420.00,59,503.57,703.64,8.33
1,420.00,60,354.74,316.75,24.22
1,420.00,61,505.67,417.89,6.50
1,420.00,62,674.29,404.17,11.89
1,420.00,63,628.54,388.06,19.18
1,420.00,64,124.16,330.76,0.00
1,420.00,65,652.93,282.54,7.43
1,420.00,66,471.22,568.08,6.64
1,420.00,67,556.94,225.98,8.30
1,420.00,68,502.67,545.85,17.06
1,420.00,69,76.68,103.07,5.77
1,420.00,70,452.57,53.15,13.27
1,420.00,71,119.04,207.19,12.37
1,420.00,72,242.24,356.31,14.72
1,420.00,73,510.52,395.02,24.99
1,420.00,74,706.87,657.79,14.07
1,420.00,75,611.76,904.45,7.46
1,420.00,76,125.87,701.63,5.60
1,420.00,77,628.42,329.40,6.68
1,420.00,78,203.04,757.25,9.27
1,420.00,79,323.34,634.38,8.19
1,420.00,80,668.69,425.16,5.77
1,420.00,81,969.57,739.86,0.00
1,420.00,82,173.10,766.84,0.00
1,420.00,83,900.87,199.00,0.00
1,420.00,84,160.23,831.29,23.70
1,420.00,85,637.09,751.12,12.78
1,420.00,86,599.11,775.17,14.91
1,420.00,87,449.79,919.06,22.16
1,420.00,88,163.84,45.41,11.55
1,420.00,89,815.98,161.72,6.80
1,420.00,90,728.18,897.52,5.69
1,420.00,91,571.31,886.73,13.20
1,420.00,92,257.66,810.04,6.43
1,420.00,93,565.00,546.38,20.89
1,420.00,94,339.01,842.37,0.00
1,420.00,95,727.17,345.78,23.69
1,420.00,96,697.04,347.38,5.08
1,420.00,97,58.81,350.62,5.43
1,420.00,98,786.20,564.67,8.08
1,420.00,99,329.63,319.93,22.02
1,420.00,100,869.73,329.55,22.00
1,420.00,101,277.34,549.39,5.61
1,420.00,102,844.28,365.76,13.26
1,420.00,103,933.03,409.97,18.90
1,420.00,104,600.98,410.89,19.63
1,420.00,105,833.53,197.67,0.00
1,420.00,106,753.25,231.59,14.27
1,420.00,107,196.23,290.31,6.64
1,420.00,108,903.86,544.25,0.00
1,420.00,109,337.90,272.77,8.16
1,420.00,110,277.05,678.89,9.51
1,420.00,111,997.33,495.52,0.00
1,420.00,112,695.86,461.75,17.56
1,420.00,113,491.99,242.05,12.26
1,420.00,114,438.51,591.54,0.00
1,420.00,115,642.51,585.38,18.99
1,420.00,116,126.91,670.22,0.00
1,420.00,117,806.97,547.67,8.09
1,420.00,118,731.52,367.27,16.35
1,420.00,119,232.43,750.42,7.64
1,420.00,120,231.60,113.66,5.10
1,420.00,121,737.80,558.11,9.48
1,420.00,122,750.23,736.76,6.63
1,420.00,123,22.80,553.83,0.00
1,420.00,124,312.71,555.28,0.00
1,420.00,125,658.59,186.27,6.55
1,420.00,126,915.60,457.33,12.14
1,420.00,127,225.20,863.93,20.85
1,420.00,128,251.27,139.54,0.00
1,420.00,129,559.30,554.08,9.87
1,420.00,130,610.36,248.77,21.75
1,420.00,131,669.62,496.11,12.16
1,420.00,132,704.67,352.12,15.22
1,420.00,133,365.25,832.41,0.00
1,420.00,134,613.06,584.32,18.66
1,420.00,135,946.41,76.10,23.54
1,420.00,136,367.75,674.14,8.74
1,420.00,137,648.90,483.15,10.05
1,420.00,138,958.94,824.39,0.00
1,420.00,139,297.18,929.04,16.07
1,420.00,140,518.24,627.32,7.62
1,420.00,141,169.75,303.40,14.59
1,420.00,142,472.90,345.15,0.00
1,420.00,143,676.21,248.42,6.70
1,420.00,144,350.49,989.37,0.00
1,420.00,145,502.69,213.72,7.15
1,420.00,146,661.96,725.83,15.52
1,420.00,147,390.46,540.97,21.90
1,420.00,148,664.14,203.50,10.81
1,420.00,149,498.05,529.07,13.08
1,420.00,150,426.92,242.60,6.85
1,420.00,151,795.20,561.02,6.60
1,420.00,152,380.96,877.42,18.93
1,420.00,153,300.18,325.41,16.19
1,420.00,154,315.39,145.58,21.33
1,420.00,155,563.59,600.71,0.00
1,420.00,156,165.58,719.87,12.32
1,420.00,157,296.67,861.77,14.32
1,420.00,158,228.59,102.94,0.00
1,420.00,159,24.07,612.89,0.00
1,420.00,160,621.22,861.08,6.37
1,420.00,161,636.79,631.81,22.13
1,420.00,162,157.26,510.71,10.68
1,420.00,163,332.67,450.64,6.67
1,420.00,164,664.18,294.03,6.42
1,420.00,165,181.03,642.27,0.00
1,420.00,166,658.28,275.50,12.30
1,420.00,167,98.03,332.88,0.00
1,420.00,168,314.43,331.96,14.38
1,420.00,169,880.41,429.65,8.87
1,420.00,170,460.60,162.10,0.00
1,420.00,171,860.52,851.96,6.48
1,420.00,172,545.66,100.66,8.12
1,420.00,173,522.14,459.53,14.41
1,420.00,174,671.53,351.18,17.02
1,420.00,175,389.14,968.01,14.85
1,420.00,176,610.63,237.77,0.00
1,420.00,177,797.84,447.39,9.95
1,420.00,178,404.67,541.61,0.00
1,420.00,179,523.18,261.92,19.78
1,420.00,180,436.16,675.63,15.53
1,420.00,181,668.16,529.90,6.45
1,420.00,182,622.85,770.11,8.65
1,420.00,183,534.60,697.62,0.00
1,420.00,184,865.41,254.87,5.26
1,420.00,185,426.04,208.01,0.00
1,420.00,186,302.12,340.94,19.02
1,420.00,187,367.92,574.73,7.36
1,420.00,188,801.33,670.30,16.59
1,420.00,189,607.63,86.15,9.91
1,420.00,190,232.44,114.10,9.47
1,420.00,191,387.37,374.75,21.57
1,420.00,192,845.14,779.00,11.87
1,420.00,193,321.63,77.00,0.00
1,420.00,194,502.50,544.28,11.26
1,420.00,195,186.77,618.47,8.84
1,420.00,196,671.00,445.32,13.36
1,420.00,197,549.77,435.16,9.55
1,420.00,198,367.35,204.27,8.53
1,420.00,199,172.08,235.07,8.48
1,430.00,0,417.36,248.91,10.65
1,430.00,1,666.63,946.39,5.44
1,430.00,2,931.18,712.09,0.00
1,430.00,3,267.72,460.37,11.59
1,430.00,4,826.76,469.13,11.21
1,430.00,5,955.81,614.67,13.71
1,430.00,6,479.86,578.40,22.24
1,430.00,7,704.17,216.98,18.87
1,430.00,8,469.53,17.07,9.80
1,430.00,9,907.09,673.36,0.00
1,430.00,10,210.62,135.11,0.00
1,430.00,11,419.86,725.91,6.48
1,430.00,12,130.94,740.30,0.00
1,430.00,13,802.04,123.94,6.48
1,430.00,14,632.32,557.68,16.81
1,430.00,15,837.99,459.32,5.43
1,430.00,16,603.20,389.97,15.81
1,430.00,17,369.97,427.25,10.25
1,430.00,18,61.51,741.39,9.36
1,430.00,19,775.13,359.54,23.38
1,430.00,20,537.23,274.06,5.47
1,430.00,21,405.46,499.22,5.31
1,430.00,22,548.54,212.92,23.95
1,430.00,23,737.77,703.60,13.97
1,430.00,24,290.73,23.46,0.00
1,430.00,25,81.59,752.85,0.00
1,430.00,26,448.29,180.66,16.06
1,430.00,27,277.72,425.01,9.17
1,430.00,28,622.66,55.54,18.43
1,430.00,29,105.57,259.12,5.97
1,430.00,30,287.17,780.80,12.22
1,430.00,31,661.23,521.18,14.79
1,430.00,32,746.47,409.24,14.44
1,430.00,33,496.81,732.96,5.99
1,430.00,34,706.90,420.64,5.22
1,430.00,35,959.12,17.15,0.00
1,430.00,36,345.94,223.55,18.32
1,430.00,37,746.31,239.46,14.15
1,430.00,38,884.58,578.91,24.90
1,430.00,39,415.35,577.51,10.86
1,430.00,40,277.88,617.08,9.78
1,430.00,41,345.01,635.17,0.00
1,430.00,42,644.95,832.13,14.37
1,430.00,43,909.10,145.60,5.02
1,430.00,44,563.36,688.00,6.72
1,430.00,45,141.95,83.26,22.10
1,430.00,46,856.67,226.61,14.10
1,430.00,47,935.05,614.09,23.05
1,430.00,48,472.32,198.19,6.54
1,430.00,49,614.80,371.03,6.34
1,430.00,50,503.87,307.47,7.62
1,430.00,51,457.36,165.47,6.49
1,430.00,52,338.31,742.32,8.85
1,430.00,53,825.14,245.81,0.00
1,430.00,54,842.19,415.41,23.67
1,430.00,55,701.82,469.43,0.00
1,430.00,56,587.87,544.23,20.48
1,430.00,57,961.90,168.44,14.41
1,430.00,58,733.67,647.53,24.23
1,430.00,59,421.76,687.93,8.33
1,430.00,60,283.99,203.02,0.00
1,430.00,61,528.45,357.02,6.50
1,430.00,62,692.30,286.62,11.89
1,430.00,63,605.50,578.52,19.18
1,430.00,64,168.94,398.84,14.65
1,430.00,65,660.96,356.39,7.43
1,430.00,66,424.67,520.69,6.64
1,430.00,67,484.60,266.68,8.30
1,430.00,68,481.94,376.56,17.06
1,430.00,69,63.21,88.27,0.00
1,430.00,70,582.96,77.67,13.27
1,430.00,71,121.66,175.05,0.00
1,430.00,72,255.55,209.67,14.72
1,430.00,73,477.81,147.30,24.99
1,430.00,74,724.07,653.41,0.00
1,430.00,75,686.37,903.93,7.46
1,430.00,76,166.27,662.79,5.60
1,430.00,77,630.40,262.59,6.68
1,430.00,78,199.74,816.97,0.00
1,430.00,79,363.12,562.76,8.19
1,430.00,80,615.85,448.41,5.77
1,430.00,81,953.08,699.50,6.95
1,430.00,82,152.12,661.61,23.70
1,430.00,83,783.96,161.04,24.24
1,430.00,84,107.08,971.24,0.00
1,430.00,85,513.26,782.63,12.78
1,430.00,86,503.87,660.52,14.91
1,430.00,87,415.04,929.94,0.00
1,430.00,88,279.17,51.97,11.55
1,430.00,89,840.17,225.26,6.80
1,430.00,90,746.26,843.53,5.69
1,430.00,91,650.16,780.87,13.20
1,430.00,92,194.87,824.05,6.43
1,430.00,93,503.58,636.74,0.00
1,430.00,94,211.82,700.97,24.67
1,430.00,95,884.54,366.36,0.00
1,430.00,96,683.41,396.30,5.08
1,430.00,97,53.48,404.61,5.43
1,430.00,98,806.95,486.54,8.08
1,430.00,99,347.83,539.42,22.02
1,430.00,100,804.94,539.81,22.00
1,430.00,101,326.96,523.22,5.61
1,430.00,102,877.40,494.16,13.26
1,430.00,103,934.76,571.96,0.00
1,430.00,104,726.61,260.04,19.63
1,430.00,105,730.27,251.01,14.00
1,430.00,106,807.95,363.41,14.27
1,430.00,107,260.16,308.21,6.64
1,430.00,108,835.83,661.85,14.28
1,430.00,109,417.02,280.37,0.00
1,430.00,110,311.39,767.58,9.51
1,430.00,111,943.59,549.23,13.57
1,430.00,112,695.01,473.27,0.00
1,430.00,113,539.37,250.35,0.00
1,430.00,114,422.37,657.09,12.42
1,430.00,115,498.33,461.74,18.99
1,430.00,116,183.94,743.12,9.55
1,430.00,117,867.84,601.02,8.09
1,430.00,118,894.66,356.19,16.35
1,430.00,119,172.90,798.37,7.64
1,430.00,120,281.41,124.42,5.10
1,430.00,121,690.24,640.07,9.48
1,430.00,122,780.66,795.65,6.63
1,430.00,123,84.73,543.54,6.29
1,430.00,124,281.97,496.76,13.96
1,430.00,125,595.26,203.06,6.55
1,430.00,126,913.33,572.14,0.00
1,430.00,127,432.65,884.89,20.85
1,430.00,128,304.56,277.24,19.78
1,430.00,129,585.50,649.26,9.87
1,430.00,130,654.57,79.25,0.00
1,430.00,131,552.42,463.64,12.16
1,430.00,132,592.43,454.84,15.22
1,430.00,133,394.80,723.39,20.69
1,430.00,134,643.56,768.41,18.66
1,430.00,135,714.78,118.12,23.54
1,430.00,136,302.70,676.74,0.00
1,430.00,137,577.70,554.06,10.05
1,430.00,138,954.58,819.97,13.45
1,430.00,139,146.40,910.38,0.00
1,430.00,140,442.78,637.92,7.62
1,430.00,141,279.11,399.92,14.59
1,430.00,142,466.58,346.78,17.27
1,430.00,143,736.41,277.94,6.70
1,430.00,144,352.97,982.99,24.89
1,430.00,145,526.52,202.76,0.00
1,430.00,146,572.21,599.25,15.52
1,430.00,147,261.24,364.22,21.90
1,430.00,148,565.68,158.81,10.81
1,430.00,149,616.33,473.23,13.08
1,430.00,150,403.94,178.08,6.85
1,430.00,151,784.28,548.06,0.00
1,430.00,152,271.96,991.28,0.00
1,430.00,153,247.74,307.60,0.00
1,430.00,154,301.51,154.93,0.00
1,430.00,155,591.77,591.01,10.06
1,430.00,156,128.82,719.04,0.00
1,430.00,157,348.26,728.17,14.32
1,430.00,158,251.62,118.96,22.89
1,430.00,159,89.04,606.66,17.68
1,430.00,160,684.83,863.56,6.37
1,430.00,161,470.82,778.13,22.13
1,430.00,162,117.90,424.62,0.00
1,430.00,163,301.33,509.54,6.67
1,430.00,164,607.37,323.89,6.42
1,430.00,165,231.15,577.59,13.71
1,430.00,166,615.57,160.20,12.30
1,430.00,167,151.30,341.68,8.91
1,430.00,168,227.74,446.72,14.38
1,430.00,169,895.47,517.06,8.87
1,430.00,170,470.92,195.32,16.96
1,430.00,171,917.82,882.22,6.48
1,430.00,172,567.90,73.82,0.00
1,430.00,173,399.99,535.91,14.41
1,430.00,174,504.82,316.72,17.02
1,430.00,175,390.52,971.29,0.00
1,430.00,176,605.47,244.08,14.07
1,430.00,177,751.85,535.68,9.95
1,430.00,178,314.16,571.47,23.76
1,430.00,179,473.71,327.69,0.00
1,430.00,180,571.26,752.24,15.53
1,430.00,181,606.51,510.94,6.45
1,430.00,182,666.02,845.06,8.65
1,430.00,183,485.49,646.82,14.69
1,430.00,184,847.84,304.41,5.26
1,430.00,185,488.65,199.74,10.49
1,430.00,186,122.61,403.71,19.02
1,430.00,187,378.38,501.84,7.36
1,430.00,188,647.63,607.97,16.59
1,430.00,189,705.65,71.73,9.91
1,430.00,190,225.76,208.57,9.47
1,430.00,191,177.62,424.90,21.57
1,430.00,192,788.65,674.62,11.87
1,430.00,193,334.86,99.85,8.20
1,430.00,194,439.83,450.74,11.26
1,430.00,195,267.31,582.09,8.84
1,430.00,196,606.27,328.43,13.36
1,430.00,197,639.32,468.31,9.55
1,430.00,198,300.32,151.55,8.53
1,430.00,199,199.28,154.72,8.48
1,440.00,0,408.10,253.04,0.00
1,440.00,1,648.34,895.14,5.44
1,440.00,2,896.26,677.33,9.55
1,440.00,3,253.78,439.16,0.00
1,440.00,4,912.50,541.32,11.21
1,440.00,5,956.57,751.80,13.71
1,440.00,6,513.34,603.46,0.00
1,440.00,7,522.39,267.76,18.87
1,440.00,8,566.44,31.88,9.80
1,440.00,9,915.14,670.92,0.00
1,440.00,10,223.21,194.20,8.47
1,440.00,11,472.41,687.92,6.48
1,440.00,12,143.33,741.60,17.30
1,440.00,13,743.83,152.43,6.48
1,440.00,14,793.69,510.62,16.81
1,440.00,15,783.64,458.96,5.43
1,440.00,16,722.57,286.29,15.81
1,440.00,17,346.26,440.05,0.00
1,440.00,18,2.31,781.85,0.00
1,440.00,19,881.31,348.60,0.00
1,440.00,20,545.71,328.12,5.47
1,440.00,21,367.73,461.81,5.31
1,440.00,22,418.96,25.94,0.00
1,440.00,23,875.28,678.74,13.97
1,440.00,24,355.74,56.55,13.70
1,440.00,25,76.34,676.72,18.01
1,440.00,26,603.48,222.19,16.06
1,440.00,27,270.97,516.50,9.17
1,440.00,28,548.63,224.26,18.43
1,440.00,29,162.47,240.96,5.97
1,440.00,30,405.83,751.49,12.22
1,440.00,31,537.29,440.40,14.79
1,440.00,32,603.57,388.48,14.44
1,440.00,33,530.90,782.20,5.99
1,440.00,34,669.97,457.51,5.22
1,440.00,35,856.28,21.56,24.34
1,440.00,36,503.56,130.12,18.32
1,440.00,37,822.22,358.85,14.15
1,440.00,38,961.44,582.51,0.00
1,440.00,39,406.80,499.93,0.00
1,440.00,40,355.46,676.66,9.78
1,440.00,41,342.26,606.58,17.54
1,440.00,42,648.55,836.26,0.00
1,440.00,43,859.23,139.69,5.02
1,440.00,44,496.17,688.12,6.72
1,440.00,45,148.45,74.99,0.00
1,440.00,46,924.20,233.08,0.00
1,440.00,47,939.77,612.38,0.00
1,440.00,48,536.53,210.58,6.54
1,440.00,49,669.46,403.06,6.34
1,440.00,50,518.20,232.62,7.62
1,440.00,51,400.09,135.03,6.49
1,440.00,52,410.65,793.23,8.85
1,440.00,53,771.12,385.72,16.18
1,440.00,54,812.53,180.60,23.67
1,440.00,55,746.83,386.09,16.42
1,440.00,56,445.29,397.18,20.48
1,440.00,57,820.44,140.93,14.41
1,440.00,58,658.79,742.83,0.00
1,440.00,59,339.96,672.23,8.33
1,440.00,60,315.93,236.59,10.37
1,440.00,61,538.22,330.92,0.00
1,440.00,62,710.31,169.06,11.89
1,440.00,63,582.46,768.97,19.18
1,440.00,64,249.46,521.27,14.65
1,440.00,65,666.85,410.55,0.00
1,440.00,66,378.11,473.29,6.64
1,440.00,67,464.06,278.24,0.00
1,440.00,68,470.66,284.44,0.00
1,440.00,69,121.92,136.28,11.62
1,440.00,70,713.35,102.18,13.27
1,440.00,71,211.48,236.20,14.70
1,440.00,72,268.85,63.03,14.72
1,440.00,73,466.43,61.06,0.00
1,440.00,74,653.88,561.64,13.22
1,440.00,75,760.97,903.41,7.46
1,440.00,76,206.67,623.96,5.60
1,440.00,77,632.39,195.77,6.68
1,440.00,78,184.01,730.23,24.85
1,440.00,79,402.89,491.14,8.19
1,440.00,80,563.02,471.65,5.77
1,440.00,81,926.80,635.14,6.95
1,440.00,82,105.77,429.17,23.70
1,440.00,83,553.42,86.20,24.24
1,440.00,84,133.33,902.27,20.03
1,440.00,85,389.44,814.14,12.78
1,440.00,86,422.11,562.09,0.00
1,440.00,87,415.44,921.00,0.00
1,440.00,88,394.51,58.53,11.55
1,440.00,89,864.36,288.80,6.80
1,440.00,90,764.33,789.54,5.69
1,440.00,91,729.01,675.01,13.20
1,440.00,92,132.08,838.05,6.43
1,440.00,93,496.33,694.12,12.13
1,440.00,94,93.78,569.75,0.00
1,440.00,95,861.35,380.56,8.24
1,440.00,96,669.77,445.22,5.08
1,440.00,97,48.15,458.60,5.43
1,440.00,98,807.51,484.44,0.00
1,440.00,99,360.57,693.13,0.00
1,440.00,100,740.16,750.08,22.00
1,440.00,101,376.58,497.06,5.61
1,440.00,102,910.52,622.55,13.26
1,440.00,103,931.52,563.55,6.31
1,440.00,104,801.41,170.22,0.00
1,440.00,105,605.89,315.25,14.00
1,440.00,106,862.66,495.22,14.27
1,440.00,107,324.08,326.11,6.64
1,440.00,108,764.34,785.44,14.28
1,440.00,109,415.60,283.22,12.19
1,440.00,110,345.72,856.26,9.51
1,440.00,111,847.61,645.15,13.57
1,440.00,112,723.14,523.71,6.18
1,440.00,113,485.17,297.42,11.82
1,440.00,114,392.70,777.65,12.42
1,440.00,115,354.15,338.11,18.99
1,440.00,116,213.02,780.29,0.00
1,440.00,117,928.71,654.38,8.09
1,440.00,118,935.94,353.39,0.00
1,440.00,119,113.36,846.33,7.64
1,440.00,120,331.23,135.18,5.10
1,440.00,121,642.68,722.03,9.48
1,440.00,122,811.08,854.54,6.63
1,440.00,123,146.80,533.24,6.29
1,440.00,124,217.05,373.13,13.96
1,440.00,125,531.94,219.85,6.55
1,440.00,126,901.27,572.44,22.22
1,440.00,127,640.10,905.85,20.85
1,440.00,128,375.93,461.67,19.78
1,440.00,129,611.71,744.44,9.87
1,440.00,130,691.98,89.34,19.92
1,440.00,131,435.22,431.16,12.16
1,440.00,132,480.18,557.55,15.22
1,440.00,133,448.91,523.73,20.69
1,440.00,134,659.92,867.12,0.00
1,440.00,135,483.16,160.14,23.54
1,440.00,136,318.33,688.80,7.74
1,440.00,137,506.50,624.96,10.05
1,440.00,138,860.16,724.15,13.45
1,440.00,139,148.78,908.41,5.65
1,440.00,140,436.54,638.80,0.00
1,440.00,141,388.47,496.45,14.59
1,440.00,142,299.33,389.84,17.27
1,440.00,143,796.60,307.46,6.70
1,440.00,144,442.88,750.92,24.89
1,440.00,145,548.11,169.45,6.27
1,440.00,146,482.45,472.67,15.52
1,440.00,147,132.02,187.46,21.90
1,440.00,148,467.21,114.12,10.81
1,440.00,149,734.61,417.38,13.08
1,440.00,150,380.97,113.56,6.85
1,440.00,151,730.86,523.97,7.89
1,440.00,152,299.71,967.34,21.92
1,440.00,153,266.41,280.61,0.00
1,440.00,154,243.89,95.80,8.96
1,440.00,155,686.90,558.26,10.06
1,440.00,156,176.44,588.16,19.85
1,440.00,157,399.84,594.57,14.32
1,440.00,158,439.54,249.65,22.89
1,440.00,159,264.98,589.78,17.68
1,440.00,160,748.44,866.05,6.37
1,440.00,161,358.61,877.05,0.00
1,440.00,162,115.50,448.23,20.82
1,440.00,163,270.00,568.43,6.67
1,440.00,164,550.56,353.76,6.42
1,440.00,165,252.12,550.53,0.00
1,440.00,166,572.86,44.90,12.30
1,440.00,167,239.16,356.19,8.91
1,440.00,168,141.05,561.48,14.38
1,440.00,169,910.52,604.47,8.87
1,440.00,170,521.19,357.28,16.96
1,440.00,171,963.66,906.43,0.00
1,440.00,172,646.53,117.26,15.73
1,440.00,173,277.85,612.29,14.41
1,440.00,174,338.11,282.27,17.02
1,440.00,175,563.75,917.24,18.59
1,440.00,176,516.38,353.02,14.07
1,440.00,177,705.87,623.97,9.95
1,440.00,178,146.72,626.70,0.00
1,440.00,179,338.43,346.21,23.39
1,440.00,180,706.36,828.84,15.53
1,440.00,181,544.87,491.99,6.45
1,440.00,182,679.24,868.03,0.00
1,440.00,183,383.38,541.19,14.69
1,440.00,184,830.27,353.94,5.26
1,440.00,185,592.65,185.99,10.49
1,440.00,186,33.41,434.90,0.00
1,440.00,187,388.84,428.95,7.36
1,440.00,188,493.93,545.63,16.59
1,440.00,189,803.67,57.31,9.91
1,440.00,190,219.08,303.04,9.47
1,440.00,191,84.53,447.16,0.00
1,440.00,192,732.15,570.24,11.87
1,440.00,193,375.94,170.81,8.20
1,440.00,194,377.16,357.19,11.26
1,440.00,195,347.86,545.71,8.84
1,440.00,196,541.54,211.53,13.36
1,440.00,197,728.86,501.45,9.55
1,440.00,198,254.51,115.52,0.00
1,440.00,199,226.48,74.37,8.48
1,450.00,0,238.12,217.89,19.18
1,450.00,1,630.05,843.88,5.44
1,450.00,2,828.58,609.94,9.55
1,450.00,3,141.75,551.82,20.34
1,450.00,4,997.69,613.05,0.00
1,450.00,5,956.83,798.78,0.00
1,450.00,6,488.02,547.75,7.54
1,450.00,7,340.60,318.55,18.87
1,450.00,8,663.34,46.70,9.80
1,450.00,9,891.00,668.46,22.60
1,450.00,10,240.87,277.06,8.47
1,450.00,11,524.97,649.93,6.48
1,450.00,12,315.38,759.54,17.30
1,450.00,13,685.63,180.93,6.48
1,450.00,14,955.07,463.55,16.81
1,450.00,15,729.30,458.61,5.43
1,450.00,16,806.50,213.38,0.00
1,450.00,17,440.83,531.62,17.85
1,450.00,18,35.24,754.34,18.33
1,450.00,19,900.47,460.32,20.86
1,450.00,20,554.20,382.17,5.47
1,450.00,21,330.00,424.41,5.31
1,450.00,22,417.59,30.74,9.95
1,450.00,23,966.95,662.17,0.00
1,450.00,24,477.83,118.71,13.70
1,450.00,25,63.98,497.06,18.01
1,450.00,26,700.52,248.16,0.00
1,450.00,27,264.23,608.00,9.17
1,450.00,28,474.60,392.99,18.43
1,450.00,29,219.36,222.80,5.97
1,450.00,30,524.48,722.17,12.22
1,450.00,31,472.80,398.38,0.00
1,450.00,32,460.66,367.72,14.44
1,450.00,33,564.98,831.45,5.99
1,450.00,34,633.04,494.39,5.22
1,450.00,35,613.09,31.99,24.34
1,450.00,36,661.18,36.68,18.32
1,450.00,37,839.59,386.16,0.00
1,450.00,38,880.64,598.15,11.91
1,450.00,39,399.74,472.02,10.23
1,450.00,40,433.04,736.24,9.78
1,450.00,41,325.51,431.96,17.54
1,450.00,42,678.88,613.79,23.34
1,450.00,43,809.37,133.77,5.02
1,450.00,44,428.98,688.25,6.72
1,450.00,45,231.35,83.70,8.75
1,450.00,46,927.76,336.23,19.90
1,450.00,47,849.80,484.09,16.02
1,450.00,48,600.74,222.97,6.54
1,450.00,49,724.13,435.09,6.34
1,450.00,50,532.53,157.77,7.62
1,450.00,51,342.82,104.60,6.49
1,450.00,52,483.00,844.15,8.85
1,450.00,53,712.84,536.66,16.18
1,450.00,54,798.56,69.96,0.00
1,450.00,55,824.86,241.63,16.42
1,450.00,56,302.70,250.13,20.48
1,450.00,57,678.97,113.42,14.41
1,450.00,58,598.65,715.96,13.18
1,450.00,59,267.56,658.33,0.00
1,450.00,60,387.39,311.69,10.37
1,450.00,61,493.78,431.93,19.32
1,450.00,62,717.70,120.82,0.00
1,450.00,63,580.57,784.60,0.00
1,450.00,64,329.97,643.69,14.65
1,450.00,65,674.59,473.63,23.83
1,450.00,66,331.56,425.89,6.64
1,450.00,67,507.23,248.80,7.30
1,450.00,68,453.79,338.03,12.32
1,450.00,69,211.86,209.82,11.62
1,450.00,70,787.13,116.06,0.00
1,450.00,71,332.98,318.90,14.70
1,450.00,72,269.68,53.95,0.00
1,450.00,73,413.12,159.98,17.24
1,450.00,74,573.56,456.62,13.22
1,450.00,75,835.57,902.89,7.46
1,450.00,76,223.25,608.02,0.00
1,450.00,77,633.51,157.89,0.00
1,450.00,78,139.66,485.76,24.85
1,450.00,79,442.66,419.51,8.19
1,450.00,80,510.19,494.90,5.77
1,450.00,81,900.51,570.77,6.95
1,450.00,82,59.43,196.73,23.70
1,450.00,83,322.88,11.37,24.24
1,450.00,84,165.81,816.92,0.00
1,450.00,85,305.73,835.44,0.00
1,450.00,86,449.79,577.73,22.47
1,450.00,87,520.52,759.75,24.67
1,450.00,88,509.84,65.09,11.55
1,450.00,89,888.55,352.33,6.80
1,450.00,90,782.41,735.55,5.69
1,450.00,91,807.86,569.16,13.20
1,450.00,92,69.29,852.06,6.43
1,450.00,93,481.14,814.44,12.13
1,450.00,94,141.74,535.22,20.77
1,450.00,95,791.07,423.60,8.24
1,450.00,96,656.13,494.14,5.08
1,450.00,97,42.82,512.59,5.43
1,450.00,98,773.41,622.95,14.66
1,450.00,99,403.99,723.30,17.64
1,450.00,100,675.37,960.34,22.00
1,450.00,101,426.21,470.89,5.61
1,450.00,102,943.63,750.95,13.26
1,450.00,103,908.84,504.67,6.31
1,450.00,104,744.75,218.14,18.34
1,450.00,105,481.52,379.49,14.00
1,450.00,106,892.44,566.97,0.00
1,450.00,107,388.00,344.02,6.64
1,450.00,108,692.84,909.02,14.28
1,450.00,109,361.23,392.31,12.19
1,450.00,110,351.55,871.32,0.00
1,450.00,111,751.63,741.06,13.57
1,450.00,112,753.25,577.69,6.18
1,450.00,113,451.90,326.31,0.00
1,450.00,114,363.16,897.66,0.00
1,450.00,115,209.97,214.47,18.99
1,450.00,116,240.47,779.73,5.43
1,450.00,117,989.58,707.73,8.09
1,450.00,118,809.72,349.49,16.90
1,450.00,119,55.72,892.76,0.00
1,450.00,120,381.05,145.95,5.10
1,450.00,121,595.12,804.00,9.48
1,450.00,122,841.51,913.43,6.63
1,450.00,123,208.87,522.93,6.29
1,450.00,124,152.12,249.50,13.96
1,450.00,125,468.61,236.64,6.55
1,450.00,126,679.09,577.89,22.22
1,450.00,127,847.55,926.81,20.85
1,450.00,128,447.31,646.10,19.78
1,450.00,129,637.91,839.61,9.87
1,450.00,130,772.26,111.01,0.00
1,450.00,131,318.02,398.69,12.16
1,450.00,132,367.93,660.27,15.22
1,450.00,133,503.02,324.06,20.69
1,450.00,134,646.09,780.86,18.84
1,450.00,135,255.06,201.52,0.00
1,450.00,136,379.62,736.10,7.74
1,450.00,137,435.31,695.87,10.05
1,450.00,138,765.74,628.33,13.45
1,450.00,139,192.38,872.40,5.65
1,450.00,140,462.52,570.64,7.95
1,450.00,141,456.47,556.47,0.00
1,450.00,142,132.09,432.91,17.27
1,450.00,143,856.79,336.97,6.70
1,450.00,144,532.80,518.86,24.89
1,450.00,145,582.19,116.84,6.27
1,450.00,146,392.69,346.09,15.52
1,450.00,147,107.69,154.18,0.00
1,450.00,148,452.53,107.46,0.00
1,450.00,149,852.90,361.54,13.08
1,450.00,150,380.16,111.27,0.00
1,450.00,151,658.97,491.55,7.89
1,450.00,152,465.69,824.19,21.92
1,450.00,153,335.19,300.15,14.86
1,450.00,154,181.37,31.63,8.96
1,450.00,155,782.02,525.52,10.06
1,450.00,156,244.31,401.60,19.85
1,450.00,157,451.43,460.97,14.32
1,450.00,158,593.48,356.71,0.00
1,450.00,159,440.92,572.91,17.68
1,450.00,160,772.95,867.01,0.00
1,450.00,161,358.92,843.61,10.32
1,450.00,162,98.55,615.36,0.00
1,450.00,163,238.66,627.32,6.67
1,450.00,164,493.75,383.63,6.42
1,450.00,165,347.98,603.94,14.62
1,450.00,166,567.64,30.83,0.00
1,450.00,167,327.03,370.70,8.91
1,450.00,168,57.51,672.07,0.00
1,450.00,169,925.58,691.87,8.87
1,450.00,170,538.72,413.75,0.00
1,450.00,171,950.06,900.79,7.36
1,450.00,172,784.23,193.34,15.73
1,450.00,173,155.70,688.67,14.41
1,450.00,174,171.40,247.81,17.02
1,450.00,175,741.25,861.85,18.59
1,450.00,176,427.29,461.96,14.07
1,450.00,177,659.89,712.27,9.95
1,450.00,178,120.35,577.21,21.74
1,450.00,179,167.16,369.65,0.00
1,450.00,180,841.46,905.45,15.53
1,450.00,181,483.22,473.03,6.45
1,450.00,182,744.55,744.18,20.19
1,450.00,183,281.26,435.56,14.69
1,450.00,184,812.69,403.48,5.26
1,450.00,185,696.65,172.24,10.49
1,450.00,186,54.72,450.94,5.30
1,450.00,187,399.31,356.06,7.36
1,450.00,188,340.22,483.30,16.59
1,450.00,189,889.44,44.69,0.00
1,450.00,190,212.40,397.51,9.47
1,450.00,191,177.42,527.27,22.05
1,450.00,192,675.66,465.86,11.87
1,450.00,193,417.03,241.77,8.20
1,450.00,194,314.49,263.65,11.26
1,450.00,195,428.40,509.32,8.84
1,450.00,196,478.35,97.42,0.00
1,450.00,197,790.54,524.29,0.00
1,450.00,198,321.38,154.32,24.42
1,450.00,199,243.97,22.71,0.00
1,460.00,0,50.25,179.04,19.18
1,460.00,1,611.76,792.63,5.44
1,460.00,2,760.90,542.56,9.55
1,460.00,3,69.35,624.61,0.00
1,460.00,4,996.61,612.58,18.60
1,460.00,5,878.33,742.65,14.68
1,460.00,6,456.84,479.14,7.54
1,460.00,7,158.81,369.33,18.87
1,460.00,8,727.02,56.43,0.00
1,460.00,9,709.61,649.99,0.00
1,460.00,10,258.53,359.92,8.47
1,460.00,11,577.53,611.94,6.48
1,460.00,12,487.42,777.49,17.30
1,460.00,13,627.42,209.43,6.48
1,460.00,14,964.62,460.77,0.00
1,460.00,15,674.95,458.25,5.43
1,460.00,16,787.69,217.93,6.52
1,460.00,17,569.09,655.81,17.85
1,460.00,18,175.88,636.84,18.33
1,460.00,19,935.71,665.89,20.86
1,460.00,20,562.68,436.23,5.47
1,460.00,21,292.27,387.01,5.31
1,460.00,22,390.38,126.48,9.95
1,460.00,23,947.28,660.70,5.92
1,460.00,24,599.92,180.87,13.70
1,460.00,25,52.01,323.19,0.00
1,460.00,26,653.16,317.28,22.36
1,460.00,27,257.48,699.49,9.17
1,460.00,28,419.03,519.65,0.00
1,460.00,29,276.26,204.64,5.97
1,460.00,30,643.14,692.86,12.22
1,460.00,31,507.65,365.17,10.03
1,460.00,32,317.76,346.96,14.44
1,460.00,33,599.06,880.69,5.99
1,460.00,34,596.12,531.26,5.22
1,460.00,35,369.90,42.43,24.34
1,460.00,36,673.95,29.12,0.00
1,460.00,37,913.69,355.66,10.39
1,460.00,38,763.73,620.77,11.91
1,460.00,39,374.66,372.88,10.23
1,460.00,40,510.61,795.82,9.78
1,460.00,41,308.75,257.35,17.54
1,460.00,42,710.42,382.50,23.34
1,460.00,43,759.50,127.86,5.02
1,460.00,44,361.80,688.37,6.72
1,460.00,45,318.39,92.84,8.75
1,460.00,46,934.63,535.07,19.90
1,460.00,47,757.83,352.95,16.02
1,460.00,48,644.50,231.41,0.00
1,460.00,49,778.80,467.11,6.34
1,460.00,50,546.86,82.93,7.62
1,460.00,51,285.55,74.17,6.49
1,460.00,52,555.34,895.06,8.85
1,460.00,53,654.56,687.61,16.18
1,460.00,54,815.74,116.79,9.43
1,460.00,55,852.50,190.44,0.00
1,460.00,56,160.12,103.07,20.48
1,460.00,57,537.51,85.91,14.41
1,460.00,58,478.34,662.22,13.18
1,460.00,59,260.79,653.77,7.09
1,460.00,60,458.85,386.79,10.37
1,460.00,61,415.99,608.73,19.32
1,460.00,62,633.43,118.27,14.30
1,460.00,63,633.64,713.58,9.66
1,460.00,64,393.19,739.81,0.00
1,460.00,65,677.79,499.68,0.00
1,460.00,66,285.01,378.49,6.64
1,460.00,67,567.53,207.68,7.30
1,460.00,68,416.80,455.57,12.32
1,460.00,69,301.79,283.36,11.62
1,460.00,70,678.62,118.16,25.00
1,460.00,71,454.47,401.60,14.70
1,460.00,72,253.16,268.87,22.98
1,460.00,73,331.36,311.72,17.24
1,460.00,74,539.52,412.12,0.00
1,460.00,75,910.18,902.37,7.46
1,460.00,76,341.76,544.60,22.80
1,460.00,77,648.37,174.83,5.20
1,460.00,78,95.31,241.28,24.85
1,460.00,79,482.44,347.89,8.19
1,460.00,80,457.36,518.15,5.77
1,460.00,81,874.22,506.41,6.95
1,460.00,82,53.75,168.27,0.00
1,460.00,83,303.05,4.93,0.00
1,460.00,84,237.29,818.98,13.14
1,460.00,85,247.43,835.27,18.00
1,460.00,86,645.37,688.28,22.47
1,460.00,87,546.94,719.22,0.00
1,460.00,88,625.17,71.65,11.55
1,460.00,89,894.75,368.60,0.00
1,460.00,90,789.33,714.89,0.00
1,460.00,91,886.71,463.30,13.20
1,460.00,92,38.44,858.94,0.00
1,460.00,93,465.95,934.77,12.13
1,460.00,94,310.25,413.86,20.77
1,460.00,95,720.80,466.65,8.24
1,460.00,96,642.50,543.07,5.08
1,460.00,97,37.49,566.58,5.43
1,460.00,98,751.65,711.35,0.00
1,460.00,99,472.69,771.03,0.00
1,460.00,100,667.59,985.57,0.00
1,460.00,101,475.83,444.73,5.61
1,460.00,102,976.75,879.34,13.26
1,460.00,103,886.16,445.79,6.31
1,460.00,104,604.71,336.55,18.34
1,460.00,105,368.15,438.05,0.00
1,460.00,106,904.24,507.16,13.38
1,460.00,107,451.92,361.92,6.64
1,460.00,108,682.81,926.36,0.00
1,460.00,109,306.85,501.41,12.19
1,460.00,110,298.75,728.80,18.31
1,460.00,111,655.66,836.98,13.57
1,460.00,112,783.37,631.68,6.18
1,460.00,113,470.79,433.69,17.39
1,460.00,114,363.18,896.56,24.47
1,460.00,115,189.80,197.18,0.00
1,460.00,116,294.73,778.63,5.43
1,460.00,117,992.93,710.67,0.00
1,460.00,118,640.76,344.28,16.90
1,460.00,119,63.02,890.23,24.23
1,460.00,120,430.86,156.71,5.10
1,460.00,121,570.24,846.88,0.00
1,460.00,122,871.93,972.32,6.63
1,460.00,123,270.94,512.62,6.29
1,460.00,124,87.19,125.86,13.96
1,460.00,125,405.28,253.43,6.55
1,460.00,126,456.92,583.34,22.22
1,460.00,127,928.90,935.02,0.00
1,460.00,128,518.69,830.53,19.78
1,460.00,129,641.09,851.17,0.00
1,460.00,130,741.55,112.39,5.28
1,460.00,131,284.51,389.40,0.00
1,460.00,132,255.68,762.98,15.22
1,460.00,133,557.12,124.40,20.69
1,460.00,134,616.28,594.87,18.84
1,460.00,135,258.24,201.29,20.95
1,460.00,136,440.90,783.40,7.74
1,460.00,137,364.11,766.78,10.05
1,460.00,138,671.32,532.51,13.45
1,460.00,139,235.98,836.39,5.65
1,460.00,140,490.83,496.34,7.95
1,460.00,141,458.45,630.98,19.71
1,460.00,142,79.77,446.38,0.00
1,460.00,143,885.20,350.90,0.00
1,460.00,144,590.14,370.86,0.00
1,460.00,145,616.27,64.23,6.27
1,460.00,146,302.93,219.50,15.52
1,460.00,147,219.54,295.48,22.20
1,460.00,148,609.00,219.78,22.64
1,460.00,149,926.47,326.81,0.00
1,460.00,150,490.54,213.29,15.58
1,460.00,151,587.08,459.14,7.89
1,460.00,152,631.68,681.03,21.92
1,460.00,153,478.14,340.74,14.86
1,460.00,154,151.08,0.55,0.00
1,460.00,155,842.94,504.55,0.00
1,460.00,156,265.19,344.21,0.00
1,460.00,157,461.99,433.60,0.00
1,460.00,158,581.87,376.58,12.73
1,460.00,159,616.87,556.03,17.68
1,460.00,160,813.17,760.58,18.51
1,460.00,161,359.87,740.38,10.32
1,460.00,162,108.41,610.06,5.79
1,460.00,163,207.32,686.22,6.67
1,460.00,164,436.94,413.49,6.42
1,460.00,165,458.02,665.25,0.00
1,460.00,166,517.06,67.17,7.09
1,460.00,167,414.89,385.20,8.91
1,460.00,168,63.43,672.86,16.45
1,460.00,169,940.63,779.28,8.87
1,460.00,170,484.79,340.36,13.98
1,460.00,171,882.03,872.61,7.36
1,460.00,172,895.70,254.93,0.00
1,460.00,173,110.64,716.84,0.00
1,460.00,174,131.06,239.47,0.00
1,460.00,175,918.74,806.46,18.59
1,460.00,176,338.20,570.90,14.07
1,460.00,177,619.49,789.84,0.00
1,460.00,178,58.53,461.22,0.00
1,460.00,179,167.55,384.86,5.84
1,460.00,180,916.42,947.96,0.00
1,460.00,181,421.58,454.08,6.45
1,460.00,182,838.72,565.60,20.19
1,460.00,183,179.15,329.93,14.69
1,460.00,184,804.57,426.38,0.00
1,460.00,185,800.65,158.49,10.49
1,460.00,186,97.09,482.84,5.30
1,460.00,187,407.51,298.93,0.00
1,460.00,188,186.52,420.97,16.59
1,460.00,189,871.92,50.50,14.76
1,460.00,190,205.72,491.98,9.47
1,460.00,191,344.42,671.29,22.05
1,460.00,192,619.16,361.48,11.87
1,460.00,193,458.12,312.73,8.20
1,460.00,194,251.82,170.11,11.26
1,460.00,195,508.94,472.94,8.84
1,460.00,196,475.04,97.60,13.93
1,460.00,197,768.97,530.30,7.20
1,460.00,198,532.58,276.87,24.42
1,460.00,199,299.60,57.70,18.41
1,470.00,0,0.65,168.78,0.00
1,470.00,1,593.47,741.37,5.44
1,470.00,2,693.22,475.18,9.55
1,470.00,3,183.22,586.61,24.23
1,470.00,4,825.85,538.90,18.60
1,470.00,5,758.91,657.28,14.68
1,470.00,6,434.01,428.90,0.00
1,470.00,7,105.32,384.27,0.00
1,470.00,8,729.42,93.86,10.93
1,470.00,9,668.26,642.22,21.77
1,470.00,10,276.18,442.78,8.47
1,470.00,11,630.09,573.95,6.48
1,470.00,12,594.63,788.67,0.00
1,470.00,13,569.22,237.92,6.48
1,470.00,14,847.11,382.26,15.02
1,470.00,15,620.61,457.90,5.43
1,470.00,16,724.33,233.24,6.52
1,470.00,17,697.36,780.01,17.85
1,470.00,18,316.51,519.34,18.33
1,470.00,19,970.96,871.46,20.86
1,470.00,20,571.16,490.29,5.47
1,470.00,21,254.53,349.60,5.31
1,470.00,22,363.17,222.23,9.95
1,470.00,23,888.28,656.30,5.92
1,470.00,24,625.16,193.72,0.00
1,470.00,25,57.48,321.57,17.67
1,470.00,26,526.76,501.75,22.36
1,470.00,27,251.49,780.73,0.00
1,470.00,28,390.17,560.46,20.05
1,470.00,29,333.15,186.49,5.97
1,470.00,30,761.79,663.55,12.22
1,470.00,31,580.29,295.96,10.03
1,470.00,32,176.25,326.40,0.00
1,470.00,33,605.70,890.28,0.00
1,470.00,34,559.19,568.14,5.22
1,470.00,35,126.71,52.86,24.34
1,470.00,36,662.49,103.14,8.15
1,470.00,37,968.36,333.17,0.00
1,470.00,38,646.81,643.39,11.91
1,470.00,39,349.58,273.73,10.23
1,470.00,40,588.19,855.39,9.78
1,470.00,41,294.51,109.00,0.00
1,470.00,42,735.82,196.20,0.00
1,470.00,43,709.63,121.95,5.02
1,470.00,44,294.61,688.50,6.72
1,470.00,45,405.43,101.98,8.75
1,470.00,46,941.50,733.91,19.90
1,470.00,47,665.86,221.81,16.02
1,470.00,48,624.91,237.66,6.45
1,470.00,49,833.46,499.14,6.34
1,470.00,50,559.42,17.33,0.00
1,470.00,51,228.28,43.73,6.49
1,470.00,52,627.69,945.97,8.85
1,470.00,53,605.03,815.92,0.00
1,470.00,54,848.25,205.36,9.43
1,470.00,55,711.64,205.38,21.94
1,470.00,56,63.43,3.36,0.00
1,470.00,57,396.05,58.40,14.41
1,470.00,58,358.03,608.47,13.18
1,470.00,59,254.18,649.32,0.00
1,470.00,60,530.32,461.89,10.37
1,470.00,61,367.30,719.39,0.00
1,470.00,62,611.63,117.61,0.00
1,470.00,63,691.45,636.22,9.66
1,470.00,64,393.18,698.94,19.02
1,470.00,65,582.93,443.38,12.40
1,470.00,66,238.46,331.09,6.64
1,470.00,67,627.82,166.56,7.30
1,470.00,68,395.99,521.69,0.00
1,470.00,69,391.73,356.90,11.62
1,470.00,70,428.68,123.01,25.00
1,470.00,71,575.97,484.31,14.70
1,470.00,72,235.54,497.99,22.98
1,470.00,73,249.59,463.45,17.24
1,470.00,74,530.01,552.57,24.43
1,470.00,75,959.61,902.02,0.00
1,470.00,76,542.76,437.03,22.80
1,470.00,77,682.67,213.93,5.20
1,470.00,78,92.96,228.32,0.00
1,470.00,79,522.21,276.27,8.19
1,470.00,80,404.53,541.39,5.77
1,470.00,81,847.94,442.05,6.95
1,470.00,82,77.85,235.88,8.18
1,470.00,83,455.06,167.54,24.35
1,470.00,84,368.67,822.76,13.14
1,470.00,85,67.47,834.73,18.00
1,470.00,86,788.97,769.45,0.00
1,470.00,87,583.25,654.98,9.18
1,470.00,88,740.51,78.21,11.55
1,470.00,89,711.88,361.90,24.60
1,470.00,90,690.93,700.30,16.11
1,470.00,91,929.92,405.28,0.00
1,470.00,92,83.17,853.05,8.87
1,470.00,93,459.09,989.13,0.00
1,470.00,94,478.75,292.51,20.77
1,470.00,95,650.52,509.69,8.24
1,470.00,96,628.86,591.99,5.08
1,470.00,97,32.16,620.57,5.43
1,470.00,98,716.45,725.23,9.98
1,470.00,99,456.17,817.00,9.29
1,470.00,100,684.81,943.05,5.21
1,470.00,101,525.45,418.56,5.61
1,470.00,102,986.26,916.22,0.00
1,470.00,103,863.48,386.90,6.31
1,470.00,104,464.68,454.97,18.34
1,470.00,105,375.49,445.46,11.79
1,470.00,106,930.13,375.91,13.38
1,470.00,107,507.21,377.40,0.00
1,470.00,108,640.02,884.34,6.98
1,470.00,109,252.47,610.50,12.19
1,470.00,110,235.16,557.13,18.31
1,470.00,111,559.68,932.89,13.57
1,470.00,112,813.48,685.67,6.18
1,470.00,113,500.91,604.92,17.39
1,470.00,114,367.09,651.87,24.47
1,470.00,115,230.63,253.49,8.09
1,470.00,116,349.00,777.54,5.43
1,470.00,117,867.73,673.10,13.83
1,470.00,118,471.80,339.06,16.90
1,470.00,119,291.97,810.87,24.23
1,470.00,120,480.68,167.47,5.10
1,470.00,121,564.70,802.30,9.42
1,470.00,122,875.62,979.47,0.00
1,470.00,123,333.01,502.31,6.29
1,470.00,124,26.50,10.29,0.00
1,470.00,125,341.96,270.22,6.55
1,470.00,126,358.84,585.75,0.00
1,470.00,127,864.54,841.63,18.66
1,470.00,128,579.24,987.00,0.00
1,470.00,129,603.89,814.88,5.91
1,470.00,130,688.84,114.76,5.28
1,470.00,131,310.41,229.74,22.65
1,470.00,132,245.96,771.88,0.00
1,470.00,133,583.26,27.97,0.00
1,470.00,134,586.47,408.88,18.84
1,470.00,135,467.23,186.25,20.95
1,470.00,136,502.18,830.70,7.74
1,470.00,137,292.92,837.68,10.05
1,470.00,138,576.90,436.69,13.45
1,470.00,139,279.58,800.38,5.65
1,470.00,140,519.15,422.04,7.95
1,470.00,141,463.69,828.01,19.71
1,470.00,142,195.04,519.78,19.89
1,470.00,143,862.52,401.17,10.44
1,470.00,144,561.57,375.59,8.00
1,470.00,145,632.97,38.44,0.00
1,470.00,146,262.20,162.06,0.00
1,470.00,147,357.35,469.57,22.20
1,470.00,148,792.90,351.80,22.64
1,470.00,149,902.94,295.71,10.32
1,470.00,150,604.98,319.05,15.58
1,470.00,151,515.18,426.72,7.89
1,470.00,152,797.66,537.87,21.92
1,470.00,153,621.08,381.33,14.86
1,470.00,154,145.18,25.97,5.06
1,470.00,155,789.80,447.36,21.71
1,470.00,156,278.71,406.99,9.27
1,470.00,157,292.47,466.85,21.73
1,470.00,158,517.64,486.53,12.73
1,470.00,159,792.81,539.16,17.68
1,470.00,160,878.60,587.43,18.51
1,470.00,161,360.81,637.14,10.32
1,470.00,162,159.42,582.69,5.79
1,470.00,163,175.99,745.11,6.67
1,470.00,164,380.13,443.36,6.42
1,470.00,165,439.22,651.35,16.86
1,470.00,166,459.45,108.56,7.09
1,470.00,167,502.75,399.71,8.91
1,470.00,168,226.51,694.72,16.45
1,470.00,169,954.95,862.43,0.00
1,470.00,170,401.98,227.68,13.98
1,470.00,171,813.99,844.42,7.36
1,470.00,172,865.09,262.71,16.58
1,470.00,173,170.61,706.58,9.64
1,470.00,174,247.76,198.49,16.32
1,470.00,175,992.75,783.36,0.00
1,470.00,176,249.10,679.85,14.07
1,470.00,177,632.12,773.23,17.19
1,470.00,178,99.55,429.21,13.16
1,470.00,179,169.05,443.19,5.84
1,470.00,180,850.41,910.92,17.00
1,470.00,181,359.93,435.13,6.45
1,470.00,182,932.89,387.03,20.19
1,470.00,183,77.04,224.30,14.69
1,470.00,184,761.90,464.89,10.69
1,470.00,185,904.65,144.74,10.49
1,470.00,186,139.46,514.74,5.30
1,470.00,187,437.46,265.14,20.89
1,470.00,188,135.30,400.20,0.00
1,470.00,189,731.82,97.02,14.76
1,470.00,190,199.05,586.44,9.47
1,470.00,191,421.49,737.74,0.00
1,470.00,192,562.66,257.10,11.87
1,470.00,193,499.21,383.69,8.20
1,470.00,194,189.15,76.56,11.26
1,470.00,195,589.49,436.56,8.84
1,470.00,196,335.96,105.18,13.93
1,470.00,197,699.65,549.64,7.20
1,470.00,198,743.78,399.43,24.42
1,470.00,199,429.30,139.29,0.00
1,480.00,0,105.24,164.83,14.22
1,480.00,1,575.18,690.12,5.44
1,480.00,2,683.93,465.93,0.00
1,480.00,3,413.10,509.87,24.23
1,480.00,4,655.09,465.21,18.60
1,480.00,5,639.50,571.90,14.68
1,480.00,6,481.83,410.35,19.15
1,480.00,7,119.12,419.88,5.41
1,480.00,8,736.43,202.99,10.93
1,480.00,9,454.29,602.05,21.77
1,480.00,10,293.84,525.65,8.47
1,480.00,11,682.64,535.96,6.48
1,480.00,12,578.20,747.86,11.67
1,480.00,13,511.02,266.42,6.48
1,480.00,14,722.20,298.82,15.02
1,480.00,15,566.26,457.55,5.43
1,480.00,16,660.97,248.55,6.52
1,480.00,17,803.39,882.67,0.00
1,480.00,18,457.14,401.84,18.33
1,480.00,19,973.98,889.10,0.00
1,480.00,20,579.64,544.34,5.47
1,480.00,21,216.80,312.20,5.31
1,480.00,22,335.96,317.98,9.95
1,480.00,23,829.27,651.90,5.92
1,480.00,24,563.32,181.20,7.95
1,480.00,25,226.84,271.22,17.67
1,480.00,26,520.10,511.48,0.00
1,480.00,27,258.99,767.83,13.32
1,480.00,28,274.40,724.15,20.05
1,480.00,29,390.04,168.33,5.97
1,480.00,30,880.45,634.23,12.22
1,480.00,31,652.93,226.74,10.03
1,480.00,32,178.17,327.57,22.97
1,480.00,33,611.81,832.08,7.27
1,480.00,34,522.27,605.01,5.22
1,480.00,35,98.74,54.06,0.00
1,480.00,36,650.01,183.69,8.15
1,480.00,37,886.75,289.11,21.52
1,480.00,38,529.90,666.01,11.91
1,480.00,39,324.50,174.58,10.23
1,480.00,40,612.97,874.43,0.00
1,480.00,41,310.89,118.97,12.74
1,480.00,42,742.06,210.81,8.16
1,480.00,43,659.77,116.03,5.02
1,480.00,44,227.42,688.62,6.72
1,480.00,45,473.93,109.18,0.00
1,480.00,46,948.37,932.75,19.90
1,480.00,47,582.18,102.48,0.00
1,480.00,48,563.42,257.29,6.45
1,480.00,49,888.13,531.17,6.34
1,480.00,50,558.46,31.66,11.63
1,480.00,51,223.66,41.28,0.00
1,480.00,52,650.11,961.75,0.00
1,480.00,53,605.57,806.29,6.43
1,480.00,54,880.76,293.92,9.43
1,480.00,55,493.47,228.52,21.94
1,480.00,56,121.62,54.70,24.11
1,480.00,57,392.82,57.77,0.00
1,480.00,58,237.72,554.72,13.18
1,480.00,59,244.29,598.44,5.84
1,480.00,60,601.78,536.98,10.37
1,480.00,61,375.00,684.15,9.64
1,480.00,62,557.74,180.19,9.75
1,480.00,63,749.26,558.86,9.66
1,480.00,64,393.14,508.77,19.02
1,480.00,65,476.34,380.11,12.40
1,480.00,66,191.90,283.70,6.64
1,480.00,67,688.11,125.44,7.30
1,480.00,68,406.46,621.20,22.87
1,480.00,69,481.66,430.45,11.62
1,480.00,70,178.74,127.86,25.00
1,480.00,71,697.47,567.01,14.70
1,480.00,72,217.93,727.10,22.98
1,480.00,73,224.50,510.02,0.00
1,480.00,74,513.50,796.28,24.43
1,480.00,75,955.19,873.39,8.58
1,480.00,76,743.77,329.46,22.80
1,480.00,77,692.52,225.16,0.00
1,480.00,78,142.17,285.91,8.00
1,480.00,79,561.98,204.65,8.19
1,480.00,80,351.70,564.64,5.77
1,480.00,81,821.65,377.69,6.95
1,480.00,82,105.31,312.93,8.18
1,480.00,83,621.38,345.44,24.35
1,480.00,84,500.06,826.54,13.14
1,480.00,85,38.97,834.65,0.00
1,480.00,86,739.96,755.86,19.14
1,480.00,87,628.41,575.08,9.18
1,480.00,88,799.15,81.55,0.00
1,480.00,89,466.09,352.90,24.60
1,480.00,90,531.55,676.67,16.11
1,480.00,91,943.48,337.43,15.31
1,480.00,92,171.06,841.47,8.87
1,480.00,93,518.32,908.86,18.20
1,480.00,94,647.26,171.15,20.77
1,480.00,95,580.24,552.73,8.24
1,480.00,96,615.22,640.91,5.08
1,480.00,97,26.83,674.56,5.43
1,480.00,98,623.57,761.84,9.98
1,480.00,99,424.75,904.42,9.29
1,480.00,100,704.36,894.72,5.21
1,480.00,101,575.07,392.40,5.61
1,480.00,102,926.90,753.05,24.36
1,480.00,103,840.80,328.02,6.31
1,480.00,104,384.87,522.46,0.00
1,480.00,105,458.46,529.28,11.79
1,480.00,106,948.38,283.41,0.00
1,480.00,107,498.97,390.61,11.53
1,480.00,108,590.25,835.45,6.98
1,480.00,109,198.10,719.60,12.19
1,480.00,110,193.64,445.04,0.00
1,480.00,111,520.85,971.69,0.00
1,480.00,112,843.59,739.66,6.18
1,480.00,113,531.03,776.15,17.39
1,480.00,114,370.72,425.04,0.00
1,480.00,115,278.11,318.97,8.09
1,480.00,116,403.27,776.44,5.43
1,480.00,117,735.24,633.35,13.83
1,480.00,118,302.84,333.84,16.90
1,480.00,119,520.93,731.51,24.23
1,480.00,120,530.49,178.23,5.10
1,480.00,121,553.07,708.83,9.42
1,480.00,122,834.83,953.07,5.53
1,480.00,123,395.08,492.00,6.29
1,480.00,124,35.43,23.65,24.67
1,480.00,125,278.63,287.02,6.55
1,480.00,126,413.77,494.33,19.09
1,480.00,127,758.68,687.99,18.66
1,480.00,128,563.51,957.46,22.08
1,480.00,129,561.55,773.58,5.91
1,480.00,130,687.62,114.82,0.00
1,480.00,131,343.72,24.43,0.00
1,480.00,132,291.56,681.67,11.07
1,480.00,133,593.26,149.39,23.56
1,480.00,134,572.99,324.83,0.00
1,480.00,135,676.22,171.22,20.95
1,480.00,136,563.46,877.99,7.74
1,480.00,137,221.72,908.59,10.05
1,480.00,138,482.48,340.88,13.45
1,480.00,139,323.18,764.38,5.65
1,480.00,140,547.47,347.74,7.95
1,480.00,141,464.89,873.38,0.00
1,480.00,142,362.79,626.61,19.89
1,480.00,143,819.55,496.37,10.44
1,480.00,144,482.69,388.65,8.00
1,480.00,145,637.64,137.95,19.54
1,480.00,146,359.11,143.56,18.06
1,480.00,147,495.15,643.66,22.20
1,480.00,148,904.38,431.82,0.00
1,480.00,149,840.70,213.44,10.32
1,480.00,150,719.42,424.82,15.58
1,480.00,151,443.29,394.30,7.89
1,480.00,152,861.48,482.83,0.00
1,480.00,153,764.03,421.92,14.86
1,480.00,154,133.74,75.27,5.06
1,480.00,155,642.01,288.31,21.71
1,480.00,156,298.24,497.66,9.27
1,480.00,157,81.59,508.20,0.00
1,480.00,158,453.41,596.47,12.73
1,480.00,159,904.92,528.40,0.00
1,480.00,160,944.04,414.29,18.51
1,480.00,161,361.76,533.91,10.32
1,480.00,162,210.43,555.31,5.79
1,480.00,163,144.65,804.00,6.67
1,480.00,164,323.32,473.23,6.42
1,480.00,165,303.66,551.08,16.86
1,480.00,166,401.84,149.95,7.09
1,480.00,167,590.61,414.22,8.91
1,480.00,168,389.58,716.59,16.45
1,480.00,169,945.92,864.92,19.23
1,480.00,170,319.18,114.99,13.98
1,480.00,171,745.96,816.24,7.36
1,480.00,172,784.85,283.12,0.00
1,480.00,173,265.64,690.32,9.64
1,480.00,174,401.70,144.43,16.32
1,480.00,175,935.45,792.58,9.95
1,480.00,176,160.01,788.79,14.07
1,480.00,177,682.76,706.62,0.00
1,480.00,178,203.34,348.25,13.16
1,480.00,179,170.54,501.52,5.84
1,480.00,180,702.13,827.72,17.00
1,480.00,181,298.29,416.17,6.45
1,480.00,182,992.17,274.60,0.00
1,480.00,183,54.53,201.01,0.00
1,480.00,184,682.53,536.50,10.69
1,480.00,185,986.75,133.89,0.00
1,480.00,186,181.83,546.64,5.30
1,480.00,187,576.02,108.81,20.89
1,480.00,188,123.30,474.06,11.22
1,480.00,189,591.72,143.53,14.76
1,480.00,190,198.43,595.16,0.00
1,480.00,191,451.67,703.85,8.43
1,480.00,192,522.44,182.79,0.00
1,480.00,193,514.79,410.60,0.00
1,480.00,194,157.17,28.82,0.00
1,480.00,195,670.03,400.17,8.84
1,480.00,196,196.88,112.77,13.93
1,480.00,197,630.33,568.98,7.20
1,480.00,198,868.16,471.61,0.00
1,480.00,199,435.72,149.43,7.17
1,490.00,0,247.36,159.48,14.22
1,490.00,1,556.89,638.86,5.44
1,490.00,2,768.24,309.01,20.65
1,490.00,3,642.98,433.14,24.23
1,490.00,4,648.09,462.19,0.00
1,490.00,5,520.09,486.52,14.68
1,490.00,6,660.40,341.07,19.15
1,490.00,7,138.67,470.33,5.41
1,490.00,8,741.92,288.57,0.00
1,490.00,9,240.32,561.88,21.77
1,490.00,10,311.50,608.51,8.47
1,490.00,11,735.20,497.97,6.48
1,490.00,12,534.61,639.57,11.67
1,490.00,13,452.81,294.92,6.48
1,490.00,14,597.29,215.38,15.02
1,490.00,15,511.92,457.19,5.43
1,490.00,16,597.61,263.86,6.52
1,490.00,17,790.02,883.12,7.72
1,490.00,18,597.78,284.34,18.33
1,490.00,19,820.67,783.38,20.37
1,490.00,20,588.13,598.40,5.47
1,490.00,21,179.07,274.80,5.31
1,490.00,22,308.75,413.72,9.95
1,490.00,23,770.27,647.50,5.92
1,490.00,24,485.36,165.42,7.95
1,490.00,25,396.20,220.87,17.67
1,490.00,26,455.19,713.30,22.38
1,490.00,27,325.85,652.68,13.32
1,490.00,28,158.63,887.85,20.05
1,490.00,29,446.94,150.17,5.97
1,490.00,30,944.14,618.50,0.00
1,490.00,31,725.57,157.52,10.03
1,490.00,32,374.39,447.08,22.97
1,490.00,33,619.40,759.79,7.27
1,490.00,34,485.34,641.89,5.22
1,490.00,35,203.91,248.69,25.00
1,490.00,36,637.54,264.24,8.15
1,490.00,37,697.43,186.89,21.52
1,490.00,38,412.99,688.64,11.91
1,490.00,39,299.42,75.43,10.23
1,490.00,40,572.63,883.88,6.09
1,490.00,41,419.74,185.22,12.74
1,490.00,42,774.16,285.87,8.16
1,490.00,43,609.90,110.12,5.02
1,490.00,44,160.24,688.75,6.72
1,490.00,45,440.94,119.27,16.21
1,490.00,46,949.04,952.40,0.00
1,490.00,47,578.74,105.43,5.03
1,490.00,48,501.94,276.91,6.45
1,490.00,49,942.79,563.20,6.34
1,490.00,50,550.72,147.68,11.63
1,490.00,51,193.65,86.79,5.93
1,490.00,52,537.69,949.45,16.39
1,490.00,53,609.21,742.07,6.43
1,490.00,54,896.54,336.91,0.00
1,490.00,55,375.30,241.06,0.00
1,490.00,56,302.38,214.21,24.11
1,490.00,57,500.73,112.92,0.00
1,490.00,58,117.41,500.98,13.18
1,490.00,59,233.14,541.13,5.84
1,490.00,60,673.25,612.08,10.37
1,490.00,61,395.58,589.98,9.64
1,490.00,62,494.14,254.04,9.75
1,490.00,63,765.26,537.46,0.00
1,490.00,64,393.13,450.32,0.00
1,490.00,65,369.75,316.85,12.40
1,490.00,66,147.69,238.67,0.00
1,490.00,67,748.40,84.32,7.30
1,490.00,68,430.39,848.65,22.87
1,490.00,69,571.59,503.99,11.62
1,490.00,70,27.77,130.79,0.00
1,490.00,71,724.91,585.69,0.00
1,490.00,72,217.32,735.06,0.00
1,490.00,73,335.27,498.58,16.07
1,490.00,74,509.25,859.12,0.00
1,490.00,75,942.10,788.56,8.58
1,490.00,76,944.77,221.90,22.80
1,490.00,77,570.06,218.22,17.20
1,490.00,78,194.14,346.72,8.00
1,490.00,79,564.47,200.17,0.00
1,490.00,80,298.87,587.89,5.77
1,490.00,81,795.36,313.32,6.95
1,490.00,82,132.76,389.97,8.18
1,490.00,83,787.69,523.35,24.35
1,490.00,84,631.44,830.32,13.14
1,490.00,85,132.57,676.54,21.83
1,490.00,86,555.49,704.72,19.14
1,490.00,87,673.58,495.17,9.18
1,490.00,88,762.50,120.20,10.84
1,490.00,89,220.31,343.90,24.60
1,490.00,90,372.17,653.03,16.11
1,490.00,91,950.44,302.63,0.00
1,490.00,92,258.96,829.89,8.87
1,490.00,93,622.93,767.09,0.00
1,490.00,94,677.91,149.08,0.00
1,490.00,95,509.97,595.77,8.24
1,490.00,96,601.59,689.83,5.08
1,490.00,97,21.50,728.55,5.43
1,490.00,98,530.70,798.46,9.98
1,490.00,99,411.76,940.54,0.00
1,490.00,100,723.92,846.40,5.21
1,490.00,101,624.69,366.23,5.61
1,490.00,102,843.62,524.13,24.36
1,490.00,103,818.12,269.14,6.31
1,490.00,104,482.91,513.84,22.88
1,490.00,105,541.42,613.10,11.79
1,490.00,106,926.73,309.16,11.40
1,490.00,107,437.94,488.38,11.53
1,490.00,108,540.47,786.57,6.98
1,490.00,109,143.72,828.69,12.19
1,490.00,110,219.79,428.31,8.94
1,490.00,111,456.23,872.35,19.90
1,490.00,112,844.81,741.83,0.00
1,490.00,113,533.82,792.05,0.00
1,490.00,114,384.38,417.49,21.39
1,490.00,115,325.58,384.44,8.09
1,490.00,116,457.53,775.34,5.43
1,490.00,117,602.75,593.59,13.83
1,490.00,118,133.87,328.62,16.90
1,490.00,119,705.51,667.53,0.00
1,490.00,120,580.31,188.99,5.10
1,490.00,121,541.45,615.36,9.42
1,490.00,122,788.40,923.02,5.53
1,490.00,123,457.15,481.69,6.29
1,490.00,124,172.56,228.78,24.67
1,490.00,125,257.56,292.60,0.00
1,490.00,126,489.24,368.74,0.00
1,490.00,127,652.81,534.36,18.66
1,490.00,128,459.77,762.56,22.08
1,490.00,129,519.20,732.29,5.91
1,490.00,130,600.18,220.18,14.02
1,490.00,131,348.81,32.98,12.16
1,490.00,132,341.50,582.91,11.07
1,490.00,133,612.62,384.24,23.56
1,490.00,134,605.02,265.19,12.35
1,490.00,135,710.00,168.78,0.00
1,490.00,136,624.75,925.29,7.74
1,490.00,137,186.93,943.24,0.00
1,490.00,138,388.06,245.06,13.45
1,490.00,139,366.78,728.37,5.65
1,490.00,140,575.78,273.44,7.95
1,490.00,141,437.38,746.78,16.83
1,490.00,142,530.54,733.43,19.89
1,490.00,143,776.59,591.57,10.44
1,490.00,144,403.81,401.71,8.00
1,490.00,145,646.80,333.17,19.54
1,490.00,146,536.55,109.70,18.06
1,490.00,147,632.95,817.74,22.20
1,490.00,148,859.04,490.04,18.74
1,490.00,149,788.34,144.23,0.00
1,490.00,150,833.86,530.58,15.58
1,490.00,151,440.03,392.83,0.00
1,490.00,152,833.45,411.59,12.44
1,490.00,153,906.97,462.51,14.86
1,490.00,154,122.29,124.58,5.06
1,490.00,155,552.66,192.15,0.00
1,490.00,156,317.76,588.32,9.27
1,490.00,157,82.12,507.61,7.22
1,490.00,158,389.18,706.42,12.73
1,490.00,159,851.88,554.40,16.28
1,490.00,160,999.79,266.75,0.00
1,490.00,161,362.71,430.68,10.32
1,490.00,162,261.44,527.93,5.79
1,490.00,163,113.31,862.90,6.67
1,490.00,164,266.51,503.09,6.42
1,490.00,165,168.10,450.81,16.86
1,490.00,166,344.23,191.34,7.09
1,490.00,167,678.47,428.73,8.91
1,490.00,168,552.66,738.45,16.45
1,490.00,169,760.57,915.98,19.23
1,490.00,170,285.91,69.73,0.00
1,490.00,171,677.93,788.05,7.36
1,490.00,172,724.38,323.29,0.00
1,490.00,173,360.67,674.07,9.64
1,490.00,174,555.65,90.37,16.32
1,490.00,175,837.17,808.38,9.95
1,490.00,176,70.92,897.73,14.07
1,490.00,177,678.60,580.11,24.67
1,490.00,178,307.13,267.28,13.16
1,490.00,179,172.03,559.86,5.84
1,490.00,180,553.85,744.52,17.00
1,490.00,181,265.29,406.02,0.00
1,490.00,182,913.00,318.38,24.42
1,490.00,183,56.07,262.68,7.91
1,490.00,184,603.16,608.11,10.69
1,490.00,185,963.97,123.91,11.81
1,490.00,186,224.20,578.53,5.30
1,490.00,187,604.76,76.39,0.00
1,490.00,188,105.30,584.84,11.22
1,490.00,189,451.63,190.04,14.76
1,490.00,190,250.84,611.49,6.05
1,490.00,191,507.72,640.91,8.43
1,490.00,192,522.31,210.31,9.55
1,490.00,193,479.37,389.40,6.65
1,490.00,194,268.29,44.48,22.92
1,490.00,195,750.58,363.79,8.84
1,490.00,196,57.81,120.36,13.93
1,490.00,197,561.01,588.32,7.20
1,490.00,198,868.98,522.02,12.27
1,490.00,199,474.02,210.00,7.17
1,500.00,0,389.49,154.12,14.22
1,500.00,1,538.60,587.61,5.44
1,500.00,2,812.17,227.24,0.00
1,500.00,3,712.33,409.99,0.00
1,500.00,4,792.81,527.90,16.57
1,500.00,5,400.67,401.15,14.68
1,500.00,6,678.36,334.10,0.00
1,500.00,7,158.22,520.79,5.41
1,500.00,8,756.70,242.90,22.25
1,500.00,9,103.04,536.11,0.00
1,500.00,10,329.15,691.37,8.47
1,500.00,11,787.76,459.98,6.48
1,500.00,12,491.01,531.29,11.67
1,500.00,13,394.61,323.41,6.48
1,500.00,14,472.38,131.94,15.02
1,500.00,15,457.57,456.84,5.43
1,500.00,16,557.41,273.57,0.00
1,500.00,17,712.89,885.66,7.72
1,500.00,18,649.37,241.23,0.00
1,500.00,19,652.96,667.74,20.37
1,500.00,20,596.61,652.46,5.47
1,500.00,21,149.94,245.92,0.00
1,500.00,22,281.54,509.47,9.95
1,500.00,23,711.27,643.10,5.92
1,500.00,24,407.41,149.63,7.95
1,500.00,25,565.56,170.52,17.67
1,500.00,26,445.73,742.71,0.00
1,500.00,27,392.71,537.52,13.32
1,500.00,28,121.29,940.64,0.00
1,500.00,29,455.01,147.60,0.00
1,500.00,30,862.22,632.18,17.93
1,500.00,31,798.20,88.30,10.03
1,500.00,32,570.61,566.59,22.97
1,500.00,33,626.99,687.50,7.27
1,500.00,34,448.41,678.76,5.22
1,500.00,35,272.64,375.90,0.00
1,500.00,36,625.07,344.79,8.15
1,500.00,37,508.11,84.67,21.52
1,500.00,38,383.41,694.36,0.00
1,500.00,39,290.45,39.95,0.00
1,500.00,40,513.35,897.78,6.09
1,500.00,41,528.59,251.48,12.74
1,500.00,42,806.26,360.93,8.16
1,500.00,43,560.03,104.21,5.02
1,500.00,44,93.05,688.88,6.72
1,500.00,45,285.98,166.70,16.21
1,500.00,46,853.94,786.20,21.25
1,500.00,47,540.56,138.19,5.03
1,500.00,48,440.45,296.53,6.45
1,500.00,49,957.73,571.95,0.00
1,500.00,50,542.98,263.70,11.63
1,500.00,51,161.00,136.31,5.93
1,500.00,52,374.80,931.62,16.39
1,500.00,53,612.85,677.85,6.43
1,500.00,54,838.72,353.82,11.71
1,500.00,55,418.41,290.27,14.27
1,500.00,56,483.14,373.72,24.11
1,500.00,57,488.13,126.98,15.81
1,500.00,58,54.23,472.76,0.00
1,500.00,59,221.99,483.81,5.84
1,500.00,60,744.71,687.18,10.37
1,500.00,61,416.16,495.80,9.64
1,500.00,62,430.55,327.88,9.75
1,500.00,63,720.26,507.40,7.48
1,500.00,64,477.20,485.35,13.15
1,500.00,65,263.16,253.58,12.40
1,500.00,66,159.43,234.80,24.68
1,500.00,67,808.69,43.20,7.30
1,500.00,68,439.92,939.18,0.00
1,500.00,69,661.53,577.53,11.62
1,500.00,70,48.28,155.83,8.17
1,500.00,71,631.73,599.36,12.17
1,500.00,72,302.23,719.60,8.94
1,500.00,73,384.26,493.53,0.00
1,500.00,74,525.81,825.85,5.01
1,500.00,75,929.00,703.72,8.58
1,500.00,76,978.31,203.95,0.00
1,500.00,77,398.33,208.50,17.20
1,500.00,78,246.10,407.53,8.00
1,500.00,79,564.84,343.81,15.32
1,500.00,80,246.04,611.13,5.77
1,500.00,81,769.08,248.96,6.95
1,500.00,82,160.22,467.01,8.18
1,500.00,83,861.12,601.90,0.00
1,500.00,84,762.83,834.09,13.14
1,500.00,85,243.79,488.68,21.83
1,500.00,86,371.02,653.58,19.14
1,500.00,87,718.75,415.27,9.18
1,500.00,88,687.94,198.85,10.84
1,500.00,89,80.82,338.79,0.00
1,500.00,90,212.79,629.40,16.11
1,500.00,91,958.24,214.80,11.48
1,500.00,92,317.95,822.13,0.00
1,500.00,93,622.86,763.88,10.09
1,500.00,94,751.21,316.64,22.35
1,500.00,95,439.69,638.81,8.24
1,500.00,96,587.95,738.75,5.08
1,500.00,97,16.17,782.54,5.43
1,500.00,98,437.82,835.07,9.98
1,500.00,99,463.02,898.97,11.25
1,500.00,100,743.48,798.07,5.21
1,500.00,101,674.32,340.07,5.61
1,500.00,102,777.57,342.56,0.00
1,500.00,103,795.44,210.26,6.31
1,500.00,104,619.77,501.82,0.00
1,500.00,105,624.39,696.92,11.79
1,500.00,106,853.39,396.39,11.40
1,500.00,107,376.92,586.15,11.53
1,500.00,108,490.70,737.68,6.98
1,500.00,109,89.35,937.79,12.19
1,500.00,110,295.14,380.12,8.94
1,500.00,111,347.71,705.54,19.90
1,500.00,112,783.23,628.91,13.40
1,500.00,113,502.66,629.83,18.21
1,500.00,114,571.62,313.99,21.39
1,500.00,115,373.06,449.92,8.09
1,500.00,116,511.80,774.24,5.43
1,500.00,117,470.25,553.83,13.83
1,500.00,118,13.71,324.91,0.00
1,500.00,119,720.18,704.55,20.55
1,500.00,120,630.13,199.75,5.10
1,500.00,121,529.82,521.89,9.42
1,500.00,122,741.96,892.97,5.53
1,500.00,123,519.22,471.38,6.29
1,500.00,124,309.69,433.91,24.67
1,500.00,125,285.83,410.62,18.19
1,500.00,126,489.64,348.87,8.54
1,500.00,127,546.94,380.72,18.66
1,500.00,128,356.03,567.66,22.08
1,500.00,129,476.86,690.99,5.91
1,500.00,130,510.67,328.03,14.02
1,500.00,131,410.96,137.46,12.16
1,500.00,132,391.43,484.15,11.07
1,500.00,133,631.98,619.09,23.56
1,500.00,134,663.46,156.37,12.35
1,500.00,135,579.96,102.74,17.40
1,500.00,136,686.03,972.59,7.74
1,500.00,137,255.39,872.54,19.24
1,500.00,138,293.64,149.24,13.45
1,500.00,139,410.38,692.36,5.65
1,500.00,140,580.97,259.82,0.00
1,500.00,141,401.63,582.30,16.83
1,500.00,142,698.30,840.25,19.89
1,500.00,143,733.62,686.77,10.44
1,500.00,144,324.93,414.78,8.00
1,500.00,145,655.95,528.40,19.54
1,500.00,146,713.98,75.84,18.06
1,500.00,147,684.23,882.52,0.00
1,500.00,148,743.94,637.86,18.74
1,500.00,149,801.14,145.92,8.14
1,500.00,150,842.39,538.47,0.00
1,500.00,151,538.82,544.99,19.00
1,500.00,152,787.90,295.86,12.44
1,500.00,153,999.25,488.72,0.00
1,500.00,154,110.84,173.88,5.06
1,500.00,155,549.12,234.36,10.71
1,500.00,156,337.29,678.99,9.27
1,500.00,157,130.47,453.94,7.22
1,500.00,158,324.95,816.36,12.73
1,500.00,159,705.69,626.06,16.28
1,500.00,160,963.47,261.05,24.86
1,500.00,161,363.66,327.44,10.32
1,500.00,162,312.45,500.55,5.79
1,500.00,163,107.96,872.96,0.00
1,500.00,164,209.70,532.96,6.42
1,500.00,165,68.71,377.29,0.00
1,500.00,166,286.61,232.74,7.09
1,500.00,167,766.33,443.23,8.91
1,500.00,168,715.73,760.32,16.45
1,500.00,169,575.23,967.05,19.23
1,500.00,170,325.07,116.23,10.16
1,500.00,171,609.89,759.87,7.36
1,500.00,172,728.17,323.11,5.06
1,500.00,173,455.70,657.81,9.64
1,500.00,174,618.80,68.19,0.00
1,500.00,175,738.90,824.19,9.95
1,500.00,176,55.53,916.55,0.00
1,500.00,177,670.49,333.57,24.67
1,500.00,178,358.94,226.86,0.00
1,500.00,179,173.33,610.52,0.00
1,500.00,180,527.97,729.99,0.00
1,500.00,181,273.11,430.43,5.51
1,500.00,182,699.26,436.56,24.42
1,500.00,183,58.06,341.79,7.91
1,500.00,184,523.79,679.73,10.69
1,500.00,185,861.97,79.22,0.00
1,500.00,186,266.56,610.43,5.30
1,500.00,187,524.95,176.35,16.14
1,500.00,188,87.30,695.62,11.22
1,500.00,189,311.53,236.56,14.76
1,500.00,190,308.57,629.48,6.05
1,500.00,191,563.77,577.98,8.43
1,500.00,192,521.84,305.85,9.55
1,500.00,193,422.32,355.23,6.65
1,500.00,194,387.14,61.22,0.00
1,500.00,195,831.12,327.40,8.84
1,500.00,196,56.77,120.42,0.00
1,500.00,197,502.99,604.50,0.00
1,500.00,198,870.98,644.66,12.27
1,500.00,199,512.31,270.56,7.17
