run,time,node_id,x,y,speed
1,0.00,0,389.63,402.33,0.00
1,0.00,1,296.83,120.89,0.00
1,0.00,2,136.79,804.81,0.00
1,0.00,3,824.83,348.13,0.00
1,0.00,4,89.69,970.62,0.00
1,0.00,5,110.31,417.88,0.00
1,0.00,6,554.37,141.70,0.00
1,0.00,7,686.29,984.46,0.00
1,0.00,8,321.28,914.53,0.00
1,0.00,9,503.29,801.51,0.00
1,0.00,10,660.79,619.12,0.00
1,0.00,11,724.58,56.88,0.00
1,0.00,12,636.04,484.67,0.00
1,0.00,13,915.59,487.57,0.00
1,0.00,14,279.46,715.07,0.00
1,0.00,15,672.96,657.27,0.00
1,0.00,16,114.19,854.42,0.00
1,0.00,17,622.17,407.39,0.00
1,0.00,18,673.17,228.25,0.00
1,0.00,19,74.20,299.73,0.00
1,0.00,20,813.54,192.31,0.00
1,0.00,21,936.02,265.84,0.00
1,0.00,22,704.33,497.26,0.00
1,0.00,23,948.23,588.11,0.00
1,0.00,24,537.32,641.50,0.00
1,0.00,25,27.53,880.95,0.00
1,0.00,26,578.16,355.26,0.00
1,0.00,27,485.92,861.07,0.00
1,0.00,28,812.17,813.71,0.00
1,0.00,29,934.51,459.85,0.00
1,0.00,30,476.82,239.80,0.00
1,0.00,31,252.71,224.06,0.00
1,0.00,32,282.54,960.85,0.00
1,0.00,33,362.01,392.23,0.00
1,0.00,34,81.56,422.21,0.00
1,0.00,35,226.16,988.90,0.00
1,0.00,36,19.09,351.64,0.00
1,0.00,37,990.98,257.18,0.00
1,0.00,38,612.04,444.53,0.00
1,0.00,39,352.78,360.04,0.00
1,0.00,40,748.31,597.63,0.00
1,0.00,41,847.92,949.39,0.00
1,0.00,42,90.22,866.76,0.00
1,0.00,43,377.33,9.72,0.00
1,0.00,44,586.67,428.39,0.00
1,0.00,45,3.85,152.04,0.00
1,0.00,46,416.21,551.45,0.00
1,0.00,47,90.46,994.59,0.00
1,0.00,48,65.65,283.95,0.00
1,0.00,49,950.85,874.35,0.00
1,0.00,50,856.88,253.67,0.00
1,0.00,51,935.99,414.61,0.00
1,0.00,52,397.23,419.62,0.00
1,0.00,53,898.54,962.76,0.00
1,0.00,54,560.79,703.32,0.00
1,0.00,55,466.37,633.56,0.00
1,0.00,56,429.65,108.56,0.00
1,0.00,57,394.66,718.95,0.00
1,0.00,58,965.22,29.46,0.00
1,0.00,59,201.18,718.68,0.00
1,0.00,60,61.41,539.48,0.00
1,0.00,61,856.92,573.59,0.00
1,0.00,62,727.80,842.99,0.00
1,0.00,63,83.57,754.43,0.00
1,0.00,64,844.00,22.78,0.00
1,0.00,65,660.48,298.65,0.00
1,0.00,66,299.10,181.06,0.00
1,0.00,67,42.72,360.77,0.00
1,0.00,68,721.80,441.56,0.00
1,0.00,69,844.61,730.39,0.00
1,0.00,70,841.03,107.42,0.00
1,0.00,71,529.81,949.88,0.00
1,0.00,72,827.82,762.83,0.00
1,0.00,73,708.32,194.35,0.00
1,0.00,74,150.56,617.00,0.00
1,0.00,75,488.83,317.25,0.00
1,0.00,76,435.89,859.16,0.00
1,0.00,77,869.09,25.14,0.00
1,0.00,78,833.42,398.21,0.00
1,0.00,79,555.08,781.81,0.00
1,0.00,80,723.45,759.59,0.00
1,0.00,81,143.32,268.21,0.00
1,0.00,82,857.30,305.29,0.00
1,0.00,83,287.77,402.57,0.00
1,0.00,84,863.51,177.56,0.00
1,0.00,85,152.06,119.54,0.00
1,0.00,86,581.12,188.48,0.00
1,0.00,87,475.75,302.32,0.00
1,0.00,88,68.10,515.96,0.00
1,0.00,89,588.16,358.23,0.00
1,0.00,90,118.37,874.31,0.00
1,0.00,91,578.21,137.85,0.00
1,0.00,92,246.27,870.63,0.00
1,0.00,93,216.04,551.50,0.00
1,0.00,94,684.73,259.25,0.00
1,0.00,95,864.55,852.70,0.00
1,0.00,96,536.77,787.45,0.00
1,0.00,97,468.22,562.20,0.00
1,0.00,98,465.77,0.57,0.00
1,0.00,99,451.16,787.01,0.00
1,10.00,0,389.63,402.33,9.84
1,10.00,1,296.83,120.89,12.46
1,10.00,2,136.79,804.81,6.43
1,10.00,3,824.83,348.13,24.31
1,10.00,4,89.69,970.62,24.03
1,10.00,5,110.31,417.88,18.59
1,10.00,6,554.37,141.70,7.64
1,10.00,7,686.29,984.46,24.14
1,10.00,8,321.28,914.53,11.78
1,10.00,9,503.29,801.51,19.18
1,10.00,10,660.79,619.12,12.24
1,10.00,11,724.58,56.88,17.90
1,10.00,12,636.04,484.67,9.56
1,10.00,13,915.59,487.57,10.27
1,10.00,14,279.46,715.07,9.59
1,10.00,15,672.96,657.27,13.97
1,10.00,16,114.19,854.42,14.99
1,10.00,17,622.17,407.39,22.09
1,10.00,18,673.17,228.25,9.19
1,10.00,19,74.20,299.73,9.98
1,10.00,20,813.54,192.31,13.79
1,10.00,21,936.02,265.84,8.20
1,10.00,22,704.33,497.26,7.54
1,10.00,23,948.23,588.11,21.42
1,10.00,24,537.32,641.50,11.38
1,10.00,25,27.53,880.95,20.59
1,10.00,26,578.16,355.26,17.04
1,10.00,27,485.92,861.07,18.47
1,10.00,28,812.17,813.71,5.42
1,10.00,29,934.51,459.85,20.41
1,10.00,30,476.82,239.80,8.79
1,10.00,31,252.71,224.06,6.11
1,10.00,32,282.54,960.85,13.71
1,10.00,33,362.01,392.23,6.69
1,10.00,34,81.56,422.21,13.93
1,10.00,35,226.16,988.90,7.38
1,10.00,36,19.09,351.64,5.58
1,10.00,37,990.98,257.18,22.90
1,10.00,38,612.04,444.53,11.68
1,10.00,39,352.78,360.04,16.69
1,10.00,40,748.31,597.63,5.75
1,10.00,41,847.92,949.39,22.71
1,10.00,42,90.22,866.76,13.62
1,10.00,43,377.33,9.72,24.12
1,10.00,44,586.67,428.39,20.01
1,10.00,45,3.85,152.04,22.61
1,10.00,46,416.21,551.45,14.88
1,10.00,47,90.46,994.59,22.28
1,10.00,48,65.65,283.95,19.77
1,10.00,49,950.85,874.35,11.70
1,10.00,50,856.88,253.67,22.94
1,10.00,51,935.99,414.61,17.30
1,10.00,52,397.23,419.62,15.45
1,10.00,53,898.54,962.76,17.09
1,10.00,54,560.79,703.32,12.42
1,10.00,55,466.37,633.56,20.41
1,10.00,56,429.65,108.56,8.41
1,10.00,57,394.66,718.95,11.29
1,10.00,58,965.22,29.46,16.85
1,10.00,59,201.18,718.68,8.04
1,10.00,60,61.41,539.48,24.14
1,10.00,61,856.92,573.59,8.85
1,10.00,62,727.80,842.99,6.18
1,10.00,63,83.57,754.43,16.53
1,10.00,64,844.00,22.78,5.50
1,10.00,65,660.48,298.65,24.34
1,10.00,66,299.10,181.06,22.57
1,10.00,67,42.72,360.77,19.24
1,10.00,68,721.80,441.56,10.94
1,10.00,69,844.61,730.39,24.78
1,10.00,70,841.03,107.42,17.14
1,10.00,71,529.81,949.88,23.93
1,10.00,72,827.82,762.83,5.17
1,10.00,73,708.32,194.35,8.08
1,10.00,74,150.56,617.00,9.12
1,10.00,75,488.83,317.25,9.74
1,10.00,76,435.89,859.16,18.00
1,10.00,77,869.09,25.14,21.19
1,10.00,78,833.42,398.21,9.67
1,10.00,79,555.08,781.81,14.53
1,10.00,80,723.45,759.59,8.82
1,10.00,81,143.32,268.21,13.26
1,10.00,82,857.30,305.29,6.05
1,10.00,83,287.77,402.57,5.28
1,10.00,84,863.51,177.56,5.50
1,10.00,85,152.06,119.54,10.46
1,10.00,86,581.12,188.48,10.86
1,10.00,87,475.75,302.32,13.87
1,10.00,88,68.10,515.96,5.06
1,10.00,89,588.16,358.23,18.81
1,10.00,90,118.37,874.31,23.17
1,10.00,91,578.21,137.85,10.40
1,10.00,92,246.27,870.63,9.75
1,10.00,93,216.04,551.50,14.82
1,10.00,94,684.73,259.25,13.88
1,10.00,95,864.55,852.70,20.93
1,10.00,96,536.77,787.45,13.05
1,10.00,97,468.22,562.20,10.47
1,10.00,98,465.77,0.57,20.69
1,10.00,99,451.16,787.01,12.05
1,20.00,0,487.42,413.29,9.84
1,20.00,1,420.99,131.52,12.46
1,20.00,2,195.36,778.32,6.43
1,20.00,3,661.54,528.28,24.31
1,20.00,4,60.08,986.85,0.00
1,20.00,5,267.89,516.52,18.59
1,20.00,6,570.30,216.43,7.64
1,20.00,7,691.13,743.07,24.14
1,20.00,8,421.19,852.11,11.78
1,20.00,9,542.19,613.75,19.18
1,20.00,10,548.42,667.70,12.24
1,20.00,11,639.51,214.32,17.90
1,20.00,12,608.54,576.25,9.56
1,20.00,13,827.24,435.29,10.27
1,20.00,14,358.09,660.15,9.59
1,20.00,15,598.48,539.08,13.97
1,20.00,16,73.17,772.16,0.00
1,20.00,17,836.38,461.42,22.09
1,20.00,18,732.12,298.71,9.19
1,20.00,19,149.79,364.87,9.98
1,20.00,20,711.47,285.09,13.79
1,20.00,21,927.57,347.39,8.20
1,20.00,22,633.88,524.05,7.54
1,20.00,23,741.00,533.92,21.42
1,20.00,24,640.43,689.58,11.38
1,20.00,25,136.53,706.33,20.59
1,20.00,26,734.40,423.39,17.04
1,20.00,27,473.79,676.82,18.47
1,20.00,28,817.50,759.81,5.42
1,20.00,29,790.17,315.58,20.41
1,20.00,30,392.32,264.16,8.79
1,20.00,31,192.34,233.41,6.11
1,20.00,32,366.15,852.24,13.71
1,20.00,33,349.57,457.94,6.69
1,20.00,34,219.90,405.80,13.93
1,20.00,35,205.48,918.01,7.38
1,20.00,36,70.06,374.31,5.58
1,20.00,37,763.52,230.52,22.90
1,20.00,38,714.44,425.81,0.00
1,20.00,39,335.15,525.96,16.69
1,20.00,40,694.16,578.16,5.75
1,20.00,41,692.90,783.39,22.71
1,20.00,42,192.08,776.40,13.62
1,20.00,43,369.01,250.77,24.12
1,20.00,44,434.57,298.37,20.01
1,20.00,45,158.38,317.10,22.61
1,20.00,46,462.63,692.85,14.88
1,20.00,47,215.08,809.89,22.28
1,20.00,48,223.17,403.49,19.77
1,20.00,49,847.28,819.98,11.70
1,20.00,50,638.64,182.88,22.94
1,20.00,51,972.35,474.50,0.00
1,20.00,52,521.39,511.53,15.45
1,20.00,53,898.16,837.08,0.00
1,20.00,54,482.73,799.88,12.42
1,20.00,55,294.46,523.61,20.41
1,20.00,56,373.09,170.74,8.41
1,20.00,57,360.04,611.52,11.29
1,20.00,58,907.12,187.58,16.85
1,20.00,59,251.99,656.34,8.04
1,20.00,60,75.74,780.46,24.14
1,20.00,61,768.50,576.07,8.85
1,20.00,62,788.91,833.95,6.18
1,20.00,63,244.02,714.48,16.53
1,20.00,64,825.66,74.59,5.50
1,20.00,65,545.04,84.37,24.34
1,20.00,66,508.81,264.58,22.57
1,20.00,67,235.02,356.46,19.24
1,20.00,68,704.93,549.69,10.94
1,20.00,69,749.99,501.37,24.78
1,20.00,70,713.45,221.88,17.14
1,20.00,71,291.52,927.48,23.93
1,20.00,72,830.30,711.21,5.17
1,20.00,73,731.89,271.63,8.08
1,20.00,74,240.25,600.62,9.12
1,20.00,75,557.74,248.35,9.74
1,20.00,76,319.44,721.85,18.00
1,20.00,77,815.11,230.08,21.19
1,20.00,78,737.59,411.03,9.67
1,20.00,79,582.02,639.04,14.53
1,20.00,80,687.58,679.04,8.82
1,20.00,81,256.05,337.97,13.26
1,20.00,82,797.77,294.54,6.05
1,20.00,83,317.01,446.53,5.28
1,20.00,84,887.18,227.21,5.50
1,20.00,85,227.78,191.68,10.46
1,20.00,86,625.62,89.45,10.86
1,20.00,87,383.75,198.47,13.87
1,20.00,88,113.27,493.26,5.06
1,20.00,89,638.70,539.45,18.81
1,20.00,90,311.67,746.53,23.17
1,20.00,91,477.79,165.08,10.40
1,20.00,92,223.52,775.82,9.75
1,20.00,93,214.37,403.28,14.82
1,20.00,94,677.69,397.88,13.88
1,20.00,95,723.91,697.66,20.93
1,20.00,96,475.43,672.29,13.05
1,20.00,97,553.36,623.15,10.47
1,20.00,98,282.00,54.93,0.00
1,20.00,99,370.83,697.14,12.05
1,30.00,0,585.20,424.25,9.84
1,30.00,1,545.15,142.14,12.46
1,30.00,2,253.93,751.83,6.43
1,30.00,3,498.26,708.43,24.31
1,30.00,4,49.12,926.36,7.15
1,30.00,5,425.48,615.16,18.59
1,30.00,6,586.22,291.16,7.64
1,30.00,7,692.82,658.65,0.00
1,30.00,8,521.09,789.69,11.78
1,30.00,9,581.09,425.99,19.18
1,30.00,10,436.05,716.29,12.24
1,30.00,11,554.45,371.76,17.90
1,30.00,12,581.04,667.83,9.56
1,30.00,13,738.89,383.02,10.27
1,30.00,14,436.71,605.24,9.59
1,30.00,15,524.00,420.90,13.97
1,30.00,16,134.90,771.73,15.96
1,30.00,17,960.35,492.69,0.00
1,30.00,18,791.08,369.17,9.19
1,30.00,19,225.39,430.01,9.98
1,30.00,20,653.29,337.98,0.00
1,30.00,21,919.13,428.93,8.20
1,30.00,22,563.43,550.83,7.54
1,30.00,23,533.77,479.74,21.42
1,30.00,24,743.53,737.66,11.38
1,30.00,25,245.53,531.70,20.59
1,30.00,26,890.64,491.52,17.04
1,30.00,27,461.65,492.56,18.47
1,30.00,28,822.83,705.92,5.42
1,30.00,29,675.92,201.38,0.00
1,30.00,30,307.82,288.52,8.79
1,30.00,31,131.96,242.76,6.11
1,30.00,32,449.76,743.62,13.71
1,30.00,33,337.13,523.66,6.69
1,30.00,34,358.25,389.39,13.93
1,30.00,35,184.80,847.12,7.38
1,30.00,36,121.03,396.98,5.58
1,30.00,37,593.55,210.61,0.00
1,30.00,38,707.16,440.90,15.39
1,30.00,39,317.53,691.88,16.69
1,30.00,40,640.00,558.70,5.75
1,30.00,41,537.87,617.40,22.71
1,30.00,42,293.94,686.05,13.62
1,30.00,43,361.43,470.30,0.00
1,30.00,44,282.47,168.35,20.01
1,30.00,45,312.91,482.16,22.61
1,30.00,46,509.05,834.25,14.88
1,30.00,47,339.69,625.19,22.28
1,30.00,48,380.67,523.01,0.00
1,30.00,49,743.71,765.60,11.70
1,30.00,50,515.92,143.07,0.00
1,30.00,51,892.53,472.93,13.42
1,30.00,52,645.56,603.44,15.45
1,30.00,53,876.76,811.69,12.54
1,30.00,54,404.66,896.45,12.42
1,30.00,55,122.56,413.66,20.41
1,30.00,56,316.53,232.92,8.41
1,30.00,57,325.42,504.09,11.29
1,30.00,58,849.01,345.70,16.85
1,30.00,59,302.79,594.01,8.04
1,30.00,60,76.82,798.68,0.00
1,30.00,61,680.09,578.55,8.85
1,30.00,62,850.03,824.90,6.18
1,30.00,63,404.47,674.53,16.53
1,30.00,64,807.32,126.40,5.50
1,30.00,65,529.07,54.73,0.00
1,30.00,66,718.51,348.09,22.57
1,30.00,67,427.32,352.15,19.24
1,30.00,68,688.05,657.82,10.94
1,30.00,69,655.36,272.34,24.78
1,30.00,70,585.87,336.35,17.14
1,30.00,71,54.45,905.20,0.00
1,30.00,72,832.78,659.59,5.17
1,30.00,73,755.46,348.91,8.08
1,30.00,74,329.94,584.25,9.12
1,30.00,75,626.65,179.45,9.74
1,30.00,76,202.99,584.55,18.00
1,30.00,77,761.13,435.02,21.19
1,30.00,78,641.77,423.86,9.67
1,30.00,79,608.97,496.26,14.53
1,30.00,80,651.71,598.49,8.82
1,30.00,81,368.78,407.74,13.26
1,30.00,82,738.25,283.79,6.05
1,30.00,83,346.24,490.49,5.28
1,30.00,84,910.84,276.87,5.50
1,30.00,85,303.50,263.81,10.46
1,30.00,86,660.03,12.84,0.00
1,30.00,87,301.26,105.36,0.00
1,30.00,88,158.45,470.55,5.06
1,30.00,89,668.65,646.83,0.00
1,30.00,90,504.97,618.75,23.17
1,30.00,91,377.37,192.31,10.40
1,30.00,92,200.78,681.01,9.75
1,30.00,93,212.71,255.06,14.82
1,30.00,94,670.65,536.50,13.88
1,30.00,95,583.27,542.62,20.93
1,30.00,96,414.09,557.13,13.05
1,30.00,97,638.50,684.10,10.47
1,30.00,98,287.48,65.16,15.77
1,30.00,99,290.49,607.26,12.05
1,40.00,0,682.99,435.21,9.84
1,40.00,1,616.49,148.25,0.00
1,40.00,2,312.50,725.34,6.43
1,40.00,3,334.97,888.58,24.31
1,40.00,4,36.37,855.99,7.15
1,40.00,5,583.06,713.80,18.59
1,40.00,6,602.15,365.88,7.64
1,40.00,7,792.24,738.87,19.65
1,40.00,8,620.99,727.27,11.78
1,40.00,9,617.79,248.87,0.00
1,40.00,10,323.68,764.88,12.24
1,40.00,11,480.87,507.92,0.00
1,40.00,12,553.55,759.41,9.56
1,40.00,13,650.53,330.74,10.27
1,40.00,14,515.34,550.33,9.59
1,40.00,15,449.52,302.71,13.97
1,40.00,16,294.49,770.63,15.96
1,40.00,17,910.53,509.84,12.51
1,40.00,18,850.03,439.63,9.19
1,40.00,19,300.98,495.15,9.98
1,40.00,20,679.16,429.63,22.15
1,40.00,21,910.69,510.47,8.20
1,40.00,22,492.98,577.61,7.54
1,40.00,23,326.54,425.55,21.42
1,40.00,24,772.20,751.03,0.00
1,40.00,25,354.53,357.08,20.59
1,40.00,26,971.69,526.86,0.00
1,40.00,27,453.73,372.28,0.00
1,40.00,28,828.16,652.02,5.42
1,40.00,29,650.34,234.60,20.11
1,40.00,30,223.32,312.88,8.79
1,40.00,31,102.83,247.27,0.00
1,40.00,32,475.94,709.61,0.00
1,40.00,33,324.69,589.37,6.69
1,40.00,34,496.59,372.98,13.93
1,40.00,35,164.13,776.23,7.38
1,40.00,36,172.00,419.65,5.58
1,40.00,37,617.01,217.89,9.72
1,40.00,38,640.24,579.53,15.39
1,40.00,39,299.91,857.81,16.69
1,40.00,40,585.84,539.23,5.75
1,40.00,41,382.85,451.40,22.71
1,40.00,42,395.80,595.70,13.62
1,40.00,43,370.38,478.40,13.52
1,40.00,44,245.32,136.59,0.00
1,40.00,45,467.44,647.22,22.61
1,40.00,46,525.06,883.00,0.00
1,40.00,47,464.30,440.49,22.28
1,40.00,48,380.67,523.00,15.04
1,40.00,49,640.15,711.23,11.70
1,40.00,50,474.38,173.48,11.76
1,40.00,51,758.36,470.29,13.42
1,40.00,52,769.72,695.35,15.45
1,40.00,53,795.91,715.78,12.54
1,40.00,54,359.98,951.73,0.00
1,40.00,55,29.03,353.84,0.00
1,40.00,56,259.98,295.10,8.41
1,40.00,57,290.80,396.66,11.29
1,40.00,58,790.91,503.82,16.85
1,40.00,59,353.59,531.68,8.04
1,40.00,60,78.40,631.94,18.04
1,40.00,61,591.67,581.03,8.85
1,40.00,62,872.28,821.60,0.00
1,40.00,63,564.92,634.57,16.53
1,40.00,64,788.97,178.21,5.50
1,40.00,65,550.45,104.63,6.30
1,40.00,66,924.25,430.03,0.00
1,40.00,67,619.63,347.84,19.24
1,40.00,68,682.69,692.20,0.00
1,40.00,69,560.73,43.32,24.78
1,40.00,70,458.29,450.82,17.14
1,40.00,71,55.02,904.72,14.60
1,40.00,72,835.26,607.97,5.17
1,40.00,73,779.03,426.19,8.08
1,40.00,74,419.62,567.87,9.12
1,40.00,75,695.56,110.55,9.74
1,40.00,76,86.54,447.25,18.00
1,40.00,77,707.16,639.96,21.19
1,40.00,78,545.94,436.69,9.67
1,40.00,79,635.91,353.48,14.53
1,40.00,80,615.83,517.94,8.82
1,40.00,81,481.51,477.50,13.26
1,40.00,82,678.72,273.04,6.05
1,40.00,83,375.48,534.46,5.28
1,40.00,84,934.51,326.52,5.50
1,40.00,85,379.22,335.95,10.46
1,40.00,86,628.46,29.31,15.72
1,40.00,87,312.28,127.34,23.81
1,40.00,88,203.63,447.84,5.06
1,40.00,89,691.99,702.12,14.73
1,40.00,90,698.28,490.97,23.17
1,40.00,91,276.95,219.54,10.40
1,40.00,92,178.03,586.20,9.75
1,40.00,93,211.05,106.84,14.82
1,40.00,94,663.60,675.12,13.88
1,40.00,95,442.63,387.57,20.93
1,40.00,96,352.75,441.97,13.05
1,40.00,97,723.64,745.05,10.47
1,40.00,98,361.90,204.18,15.77
1,40.00,99,210.16,517.39,12.05
1,50.00,0,780.78,446.17,9.84
1,50.00,1,591.05,219.80,17.85
1,50.00,2,371.08,698.85,6.43
1,50.00,3,280.79,948.36,0.00
1,50.00,4,23.61,785.61,7.15
1,50.00,5,628.77,742.41,0.00
1,50.00,6,618.07,440.61,7.64
1,50.00,7,934.09,853.32,0.00
1,50.00,8,720.90,664.85,11.78
1,50.00,9,611.61,239.48,19.83
1,50.00,10,211.31,813.46,12.24
1,50.00,11,488.58,517.95,9.36
1,50.00,12,526.05,851.00,9.56
1,50.00,13,562.18,278.46,10.27
1,50.00,14,593.96,495.42,9.59
1,50.00,15,430.25,272.13,0.00
1,50.00,16,454.08,769.52,15.96
1,50.00,17,792.28,550.56,12.51
1,50.00,18,908.99,510.09,9.19
1,50.00,19,376.57,560.29,9.98
1,50.00,20,700.33,504.68,0.00
1,50.00,21,902.24,592.02,8.20
1,50.00,22,422.54,604.40,7.54
1,50.00,23,119.31,371.37,21.42
1,50.00,24,633.25,770.09,19.43
1,50.00,25,463.53,182.45,20.59
1,50.00,26,937.88,589.97,14.88
1,50.00,27,512.58,369.31,16.97
1,50.00,28,833.48,598.13,5.42
1,50.00,29,527.67,393.92,20.11
1,50.00,30,138.82,337.24,8.79
1,50.00,31,137.42,331.80,17.65
1,50.00,32,428.90,696.88,7.10
1,50.00,33,312.25,655.09,6.69
1,50.00,34,634.93,356.57,13.93
1,50.00,35,149.08,724.65,0.00
1,50.00,36,222.97,442.32,5.58
1,50.00,37,709.86,246.71,9.72
1,50.00,38,573.33,718.16,15.39
1,50.00,39,287.53,974.34,0.00
1,50.00,40,531.69,519.77,5.75
1,50.00,41,227.83,285.41,22.71
1,50.00,42,497.67,505.35,13.62
1,50.00,43,470.59,569.18,13.52
1,50.00,44,404.98,198.19,22.64
1,50.00,45,621.97,812.28,22.61
1,50.00,46,485.21,790.06,15.43
1,50.00,47,588.92,255.80,22.28
1,50.00,48,379.15,372.57,15.04
1,50.00,49,536.58,656.85,11.70
1,50.00,50,379.49,242.96,11.76
1,50.00,51,624.20,467.64,13.42
1,50.00,52,869.87,769.48,0.00
1,50.00,53,715.06,619.87,12.54
1,50.00,54,387.49,898.32,14.05
1,50.00,55,73.47,365.26,10.07
1,50.00,56,203.42,357.28,8.41
1,50.00,57,256.18,289.23,11.29
1,50.00,58,758.70,591.47,0.00
1,50.00,59,404.40,469.35,8.04
1,50.00,60,80.11,451.58,18.04
1,50.00,61,503.25,583.51,8.85
1,50.00,62,850.09,752.22,11.46
1,50.00,63,725.37,594.62,16.53
1,50.00,64,770.63,230.02,5.50
1,50.00,65,575.27,162.55,6.30
1,50.00,66,921.86,429.86,12.67
1,50.00,67,797.50,343.85,0.00
1,50.00,68,723.98,601.20,14.65
1,50.00,69,557.40,35.27,0.00
1,50.00,70,330.72,565.29,17.14
1,50.00,71,166.76,810.77,14.60
1,50.00,72,837.74,556.35,5.17
1,50.00,73,802.59,503.46,8.08
1,50.00,74,509.31,551.49,9.12
1,50.00,75,725.95,80.17,0.00
1,50.00,76,53.94,408.82,0.00
1,50.00,77,653.18,844.91,21.19
1,50.00,78,450.11,449.52,9.67
1,50.00,79,651.29,271.95,0.00
1,50.00,80,579.96,437.39,8.82
1,50.00,81,510.12,495.20,0.00
1,50.00,82,619.20,262.29,6.05
1,50.00,83,404.72,578.42,5.28
1,50.00,84,958.17,376.17,5.50
1,50.00,85,454.93,408.08,10.46
1,50.00,86,489.07,101.99,15.72
1,50.00,87,418.95,340.16,23.81
1,50.00,88,248.81,425.13,5.06
1,50.00,89,705.10,733.19,0.00
1,50.00,90,775.89,439.67,0.00
1,50.00,91,245.30,228.11,0.00
1,50.00,92,155.29,491.39,9.75
1,50.00,93,210.82,85.80,0.00
1,50.00,94,656.56,813.75,13.88
1,50.00,95,301.99,232.53,20.93
1,50.00,96,291.41,326.81,13.05
1,50.00,97,808.77,806.00,10.47
1,50.00,98,436.33,343.21,15.77
1,50.00,99,140.90,439.90,0.00
1,60.00,0,878.56,457.13,9.84
1,60.00,1,531.27,387.98,17.85
1,60.00,2,429.65,672.36,6.43
1,60.00,3,308.07,925.02,5.37
1,60.00,4,10.86,715.24,7.15
1,60.00,5,554.21,772.81,11.34
1,60.00,6,634.00,515.33,7.64
1,60.00,7,931.40,850.11,5.79
1,60.00,8,820.80,602.42,11.78
1,60.00,9,502.53,73.92,19.83
1,60.00,10,98.93,862.05,12.24
1,60.00,11,545.57,592.17,9.36
1,60.00,12,498.56,942.58,9.56
1,60.00,13,473.83,226.18,10.27
1,60.00,14,672.59,440.50,9.59
1,60.00,15,395.93,336.22,9.81
1,60.00,16,613.67,768.41,15.96
1,60.00,17,674.02,591.27,12.51
1,60.00,18,947.20,555.76,0.00
1,60.00,19,452.17,625.43,9.98
1,60.00,20,679.93,560.82,9.22
1,60.00,21,893.80,673.56,8.20
1,60.00,22,352.09,631.18,7.54
1,60.00,23,74.54,359.66,0.00
1,60.00,24,440.78,796.48,19.43
1,60.00,25,564.80,20.22,0.00
1,60.00,26,867.61,721.11,14.88
1,60.00,27,682.08,360.74,16.97
1,60.00,28,838.81,544.23,5.42
1,60.00,29,404.99,553.24,20.11
1,60.00,30,54.31,361.60,8.79
1,60.00,31,204.25,495.15,17.65
1,60.00,32,360.41,678.35,7.10
1,60.00,33,299.81,720.80,6.69
1,60.00,34,773.28,340.16,13.93
1,60.00,35,159.04,691.81,12.60
1,60.00,36,273.94,464.99,5.58
1,60.00,37,802.71,275.54,9.72
1,60.00,38,515.90,837.11,0.00
1,60.00,39,309.39,973.74,7.35
1,60.00,40,496.79,507.23,0.00
1,60.00,41,221.50,278.63,0.00
1,60.00,42,599.53,415.00,13.62
1,60.00,43,570.80,659.95,13.52
1,60.00,44,616.23,279.70,22.64
1,60.00,45,729.81,927.47,0.00
1,60.00,46,424.39,648.20,15.43
1,60.00,47,713.53,71.10,22.28
1,60.00,48,377.63,222.15,15.04
1,60.00,49,433.02,602.48,11.70
1,60.00,50,284.59,312.44,11.76
1,60.00,51,490.03,465.00,13.42
1,60.00,52,835.51,780.39,18.64
1,60.00,53,634.21,523.96,12.54
1,60.00,54,451.85,773.40,14.05
1,60.00,55,170.96,390.31,10.07
1,60.00,56,146.86,419.46,8.41
1,60.00,57,221.56,181.80,11.29
1,60.00,58,787.66,639.98,12.68
1,60.00,59,455.20,407.02,8.04
1,60.00,60,81.81,271.21,18.04
1,60.00,61,469.79,584.44,0.00
1,60.00,62,815.18,643.10,11.46
1,60.00,63,885.82,554.66,16.53
1,60.00,64,752.29,281.83,5.50
1,60.00,65,600.09,220.47,6.30
1,60.00,66,795.51,420.92,12.67
1,60.00,67,793.08,329.44,20.10
1,60.00,68,784.52,467.75,14.65
1,60.00,69,627.33,222.99,20.76
1,60.00,70,290.61,601.28,0.00
1,60.00,71,278.49,716.83,14.60
1,60.00,72,840.22,504.73,5.17
1,60.00,73,826.16,580.74,8.08
1,60.00,74,599.00,535.11,9.12
1,60.00,75,702.47,130.45,9.93
1,60.00,76,88.66,546.19,19.68
1,60.00,77,618.80,975.45,0.00
1,60.00,78,354.28,462.35,9.67
1,60.00,79,621.09,280.72,0.00
1,60.00,80,576.34,429.26,0.00
1,60.00,81,450.81,564.15,12.19
1,60.00,82,559.67,251.54,6.05
1,60.00,83,433.95,622.38,5.28
1,60.00,84,967.84,396.45,0.00
1,60.00,85,530.65,480.22,10.46
1,60.00,86,427.07,134.32,0.00
1,60.00,87,525.63,552.98,23.81
1,60.00,88,293.99,402.42,5.06
1,60.00,89,659.92,784.24,8.84
1,60.00,90,813.63,357.20,15.15
1,60.00,91,256.66,267.53,5.99
1,60.00,92,132.54,396.58,9.75
1,60.00,93,368.49,118.69,18.77
1,60.00,94,653.25,878.87,0.00
1,60.00,95,161.34,77.49,20.93
1,60.00,96,263.70,274.78,0.00
1,60.00,97,893.91,866.95,10.47
1,60.00,98,510.76,482.23,15.77
1,60.00,99,129.91,448.94,10.33
1,70.00,0,936.81,463.66,0.00
1,70.00,1,471.49,556.17,17.85
1,70.00,2,488.22,645.86,6.43
1,70.00,3,348.90,890.10,5.37
1,70.00,4,7.93,699.07,0.00
1,70.00,5,449.19,815.62,11.34
1,70.00,6,649.92,590.06,7.64
1,70.00,7,894.25,805.65,5.79
1,70.00,8,907.83,548.04,0.00
1,70.00,9,471.31,26.54,0.00
1,70.00,10,97.90,862.50,0.00
1,70.00,11,602.57,666.40,9.36
1,70.00,12,497.58,945.83,0.00
1,70.00,13,385.48,173.91,10.27
1,70.00,14,751.22,385.59,9.59
1,70.00,15,349.63,422.69,9.81
1,70.00,16,773.26,767.31,15.96
1,70.00,17,555.77,631.99,12.51
1,70.00,18,889.51,537.91,17.16
1,70.00,19,527.76,690.57,9.98
1,70.00,20,648.44,647.46,9.22
1,70.00,21,885.36,755.11,8.20
1,70.00,22,281.64,657.96,7.54
1,70.00,23,171.78,431.64,15.43
1,70.00,24,411.79,800.45,0.00
1,70.00,25,570.26,23.46,8.96
1,70.00,26,797.35,852.24,14.88
1,70.00,27,851.59,352.17,16.97
1,70.00,28,844.14,490.34,5.42
1,70.00,29,312.73,673.07,0.00
1,70.00,30,48.06,363.40,0.00
1,70.00,31,245.63,596.28,0.00
1,70.00,32,291.92,659.81,7.10
1,70.00,33,287.37,786.51,6.69
1,70.00,34,792.71,337.86,0.00
1,70.00,35,195.59,571.23,12.60
1,70.00,36,324.92,487.66,5.58
1,70.00,37,895.56,304.36,9.72
1,70.00,38,516.83,815.72,15.09
1,70.00,39,382.84,971.72,7.35
1,70.00,40,543.00,558.38,19.38
1,70.00,41,300.14,368.97,12.49
1,70.00,42,701.39,324.65,13.62
1,70.00,43,671.02,750.73,13.52
1,70.00,44,793.31,348.02,0.00
1,70.00,45,700.30,881.72,18.02
1,70.00,46,363.57,506.34,15.43
1,70.00,47,748.94,18.61,0.00
1,70.00,48,376.12,71.72,15.04
1,70.00,49,329.45,548.10,11.70
1,70.00,50,189.69,381.92,11.76
1,70.00,51,355.87,462.35,13.42
1,70.00,52,657.82,836.79,18.64
1,70.00,53,553.36,428.05,12.54
1,70.00,54,516.22,648.47,14.05
1,70.00,55,268.44,415.36,10.07
1,70.00,56,90.30,481.65,8.41
1,70.00,57,186.94,74.38,11.29
1,70.00,58,852.64,748.83,12.68
1,70.00,59,506.01,344.68,8.04
1,70.00,60,83.52,90.85,18.04
1,70.00,61,405.57,493.71,17.89
1,70.00,62,780.28,533.98,11.46
1,70.00,63,922.53,545.52,0.00
1,70.00,64,733.95,333.64,5.50
1,70.00,65,624.91,278.39,6.30
1,70.00,66,714.36,415.18,0.00
1,70.00,67,734.16,137.28,20.10
1,70.00,68,845.06,334.31,14.65
1,70.00,69,699.81,417.56,20.76
1,70.00,70,342.41,441.12,24.55
1,70.00,71,390.23,622.89,14.60
1,70.00,72,842.70,453.11,5.17
1,70.00,73,849.73,658.02,8.08
1,70.00,74,688.69,518.73,9.12
1,70.00,75,660.46,220.40,9.93
1,70.00,76,91.68,558.14,0.00
1,70.00,77,600.32,928.51,13.90
1,70.00,78,258.45,475.17,9.67
1,70.00,79,602.71,273.07,23.74
1,70.00,80,531.46,395.55,6.24
1,70.00,81,371.34,656.54,12.19
1,70.00,82,500.15,240.79,6.05
1,70.00,83,442.98,635.94,0.00
1,70.00,84,857.97,384.51,18.68
1,70.00,85,606.37,552.36,10.46
1,70.00,86,392.01,259.67,23.45
1,70.00,87,563.66,628.87,0.00
1,70.00,88,339.17,379.71,5.06
1,70.00,89,601.32,850.46,8.84
1,70.00,90,876.68,219.41,15.15
1,70.00,91,273.24,325.08,5.99
1,70.00,92,109.80,301.77,9.75
1,70.00,93,552.25,157.02,18.77
1,70.00,94,524.39,895.51,24.51
1,70.00,95,125.57,38.06,0.00
1,70.00,96,286.29,293.03,5.30
1,70.00,97,979.05,927.89,10.47
1,70.00,98,585.18,621.25,15.77
1,70.00,99,100.13,473.44,0.00
1,80.00,0,868.91,504.62,19.61
1,80.00,1,411.70,724.35,17.85
1,80.00,2,529.32,627.28,0.00
1,80.00,3,389.73,855.18,5.37
1,80.00,4,146.41,618.58,20.79
1,80.00,5,344.16,858.43,11.34
1,80.00,6,665.66,663.89,0.00
1,80.00,7,857.09,761.20,5.79
1,80.00,8,900.46,525.02,18.76
1,80.00,9,437.37,67.35,7.44
1,80.00,10,186.52,702.32,18.48
1,80.00,11,659.57,740.62,9.36
1,80.00,12,445.77,870.55,9.48
1,80.00,13,297.12,121.63,10.27
1,80.00,14,829.84,330.68,9.59
1,80.00,15,303.33,509.16,9.81
1,80.00,16,932.85,766.20,15.96
1,80.00,17,437.51,672.71,12.51
1,80.00,18,725.56,487.17,17.16
1,80.00,19,603.36,755.71,9.98
1,80.00,20,630.33,697.30,0.00
1,80.00,21,884.22,766.08,0.00
1,80.00,22,211.20,684.75,7.54
1,80.00,23,295.81,523.45,15.43
1,80.00,24,349.17,676.34,16.37
1,80.00,25,647.29,69.19,8.96
1,80.00,26,784.86,875.54,0.00
1,80.00,27,913.46,349.05,0.00
1,80.00,28,849.47,436.44,5.42
1,80.00,29,302.05,711.27,16.00
1,80.00,30,158.18,370.92,11.92
1,80.00,31,243.03,544.95,13.49
1,80.00,32,223.43,641.28,7.10
1,80.00,33,274.93,852.23,6.69
1,80.00,34,769.62,399.82,7.69
1,80.00,35,232.14,450.66,12.60
1,80.00,36,375.89,510.33,5.58
1,80.00,37,965.12,325.95,0.00
1,80.00,38,523.35,664.94,15.09
1,80.00,39,456.29,969.70,7.35
1,80.00,40,672.88,702.16,19.38
1,80.00,41,382.14,463.15,12.49
1,80.00,42,731.77,297.70,0.00
1,80.00,43,761.60,832.78,0.00
1,80.00,44,767.95,317.15,24.69
1,80.00,45,602.64,730.27,18.02
1,80.00,46,302.75,364.49,15.43
1,80.00,47,734.53,87.59,9.84
1,80.00,48,375.88,47.85,0.00
1,80.00,49,225.89,493.73,11.70
1,80.00,50,94.79,451.39,11.76
1,80.00,51,321.52,461.67,0.00
1,80.00,52,480.13,893.18,18.64
1,80.00,53,472.50,332.14,12.54
1,80.00,54,580.58,523.55,14.05
1,80.00,55,365.92,440.41,10.07
1,80.00,56,33.75,543.83,8.41
1,80.00,57,186.18,72.04,0.00
1,80.00,58,859.62,760.51,0.00
1,80.00,59,556.13,283.19,0.00
1,80.00,60,84.07,32.60,0.00
1,80.00,61,312.97,362.89,0.00
1,80.00,62,745.38,424.86,11.46
1,80.00,63,867.08,505.79,8.85
1,80.00,64,715.60,385.45,5.50
1,80.00,65,649.73,336.31,6.30
1,80.00,66,731.26,379.89,10.94
1,80.00,67,697.45,17.54,0.00
1,80.00,68,900.79,211.48,0.00
1,80.00,69,772.29,612.13,20.76
1,80.00,70,417.97,207.52,24.55
1,80.00,71,501.96,528.94,14.60
1,80.00,72,845.17,401.49,5.17
1,80.00,73,873.30,735.30,8.08
1,80.00,74,778.37,502.35,9.12
1,80.00,75,618.45,310.35,9.93
1,80.00,76,102.66,473.01,9.16
1,80.00,77,549.41,799.21,13.90
1,80.00,78,162.62,488.00,9.67
1,80.00,79,383.57,181.85,23.74
1,80.00,80,481.54,358.05,6.24
1,80.00,81,291.86,748.94,12.19
1,80.00,82,440.62,230.04,6.05
1,80.00,83,472.41,704.97,0.00
1,80.00,84,715.64,369.04,0.00
1,80.00,85,682.09,624.49,10.46
1,80.00,86,345.23,426.93,0.00
1,80.00,87,543.08,515.19,17.95
1,80.00,88,384.35,357.00,5.06
1,80.00,89,544.99,914.10,0.00
1,80.00,90,939.73,81.62,15.15
1,80.00,91,289.82,382.63,5.99
1,80.00,92,87.05,206.96,9.75
1,80.00,93,736.00,195.35,18.77
1,80.00,94,380.80,914.05,0.00
1,80.00,95,117.65,191.35,20.59
1,80.00,96,327.50,326.33,5.30
1,80.00,97,980.39,928.85,0.00
1,80.00,98,659.61,760.27,15.77
1,80.00,99,243.52,442.89,23.39
1,90.00,0,700.98,605.93,19.61
1,90.00,1,351.92,892.53,17.85
1,90.00,2,565.52,579.48,20.10
1,90.00,3,430.56,820.26,5.37
1,90.00,4,326.19,514.08,20.79
1,90.00,5,239.14,901.24,11.34
1,90.00,6,664.71,663.57,8.28
1,90.00,7,819.94,716.74,5.79
1,90.00,8,843.23,346.33,18.76
1,90.00,9,389.81,124.53,7.44
1,90.00,10,275.96,540.65,18.48
1,90.00,11,716.56,814.84,9.36
1,90.00,12,392.06,792.49,9.48
1,90.00,13,208.77,69.35,10.27
1,90.00,14,873.65,300.08,0.00
1,90.00,15,257.03,595.63,9.81
1,90.00,16,954.34,766.05,0.00
1,90.00,17,319.26,713.43,12.51
1,90.00,18,561.60,436.43,17.16
1,90.00,19,678.95,820.85,9.98
1,90.00,20,637.69,617.20,18.94
1,90.00,21,694.32,808.98,22.50
1,90.00,22,140.75,711.53,7.54
1,90.00,23,419.84,615.27,15.43
1,90.00,24,275.45,530.22,16.37
1,90.00,25,724.32,114.91,8.96
1,90.00,26,674.86,872.97,13.38
1,90.00,27,824.26,405.07,16.59
1,90.00,28,854.80,382.55,5.42
1,90.00,29,258.96,865.39,16.00
1,90.00,30,277.12,379.03,11.92
1,90.00,31,236.22,410.21,13.49
1,90.00,32,154.93,622.75,7.10
1,90.00,33,262.49,917.94,6.69
1,90.00,34,742.75,471.90,7.69
1,90.00,35,268.69,330.08,12.60
1,90.00,36,426.86,533.00,5.58
1,90.00,37,956.77,352.85,11.23
1,90.00,38,529.86,514.15,15.09
1,90.00,39,524.47,967.82,0.00
1,90.00,40,802.76,845.95,19.38
1,90.00,41,464.13,557.34,12.49
1,90.00,42,762.99,255.01,7.54
1,90.00,43,741.95,822.88,22.89
1,90.00,44,663.50,190.00,0.00
1,90.00,45,504.97,578.82,18.02
1,90.00,46,277.12,304.69,0.00
1,90.00,47,714.40,183.96,9.84
1,90.00,48,367.48,109.21,7.36
1,90.00,49,178.27,468.73,0.00
1,90.00,50,45.64,487.39,0.00
1,90.00,51,359.29,471.21,5.24
1,90.00,52,302.44,949.58,18.64
1,90.00,53,391.65,236.23,12.54
1,90.00,54,644.94,398.63,14.05
1,90.00,55,463.41,465.45,10.07
1,90.00,56,6.05,574.27,0.00
1,90.00,57,188.88,287.86,22.06
1,90.00,58,746.95,774.57,12.72
1,90.00,59,552.85,282.62,24.73
1,90.00,60,146.60,111.72,14.89
1,90.00,61,309.38,358.16,5.71
1,90.00,62,710.47,315.75,11.46
1,90.00,63,795.18,454.26,8.85
1,90.00,64,697.26,437.26,5.50
1,90.00,65,674.54,394.23,6.30
1,90.00,66,768.66,301.78,0.00
1,90.00,67,660.76,52.07,13.37
1,90.00,68,892.11,225.32,20.57
1,90.00,69,813.59,722.98,0.00
1,90.00,70,444.46,125.62,0.00
1,90.00,71,613.69,435.00,14.60
1,90.00,72,847.65,349.86,5.17
1,90.00,73,896.87,812.57,8.08
1,90.00,74,868.06,485.98,9.12
1,90.00,75,576.44,400.30,9.93
1,90.00,76,114.37,382.20,9.16
1,90.00,77,498.51,669.92,13.90
1,90.00,78,112.17,494.76,0.00
1,90.00,79,244.48,123.95,0.00
1,90.00,80,431.62,320.55,6.24
1,90.00,81,241.62,807.35,0.00
1,90.00,82,381.10,219.29,6.05
1,90.00,83,490.74,680.36,9.09
1,90.00,84,684.10,410.88,22.45
1,90.00,85,757.81,696.63,10.46
1,90.00,86,375.77,422.16,11.92
1,90.00,87,511.10,338.52,17.95
1,90.00,88,429.53,334.29,5.06
1,90.00,89,548.33,905.98,22.65
1,90.00,90,973.91,6.93,0.00
1,90.00,91,306.40,440.18,5.99
1,90.00,92,64.30,112.15,9.75
1,90.00,93,739.34,196.05,0.00
1,90.00,94,443.24,840.62,23.55
1,90.00,95,115.06,241.30,0.00
1,90.00,96,368.71,359.62,5.30
1,90.00,97,794.16,821.02,21.86
1,90.00,98,734.04,899.29,15.77
1,90.00,99,372.15,415.48,0.00
1,100.00,0,533.05,707.24,19.61
1,100.00,1,331.78,949.18,0.00
1,100.00,2,686.86,419.30,20.10
1,100.00,3,471.39,785.34,5.37
1,100.00,4,505.97,409.58,20.79
1,100.00,5,134.11,944.05,11.34
1,100.00,6,586.33,636.97,8.28
1,100.00,7,782.79,672.29,5.79
1,100.00,8,786.01,167.63,18.76
1,100.00,9,342.26,181.70,7.44
1,100.00,10,365.40,378.98,18.48
1,100.00,11,717.96,816.66,0.00
1,100.00,12,338.35,714.43,9.48
1,100.00,13,190.89,58.77,0.00
1,100.00,14,830.63,320.12,0.00
1,100.00,15,210.72,682.11,9.81
1,100.00,16,902.39,741.21,6.65
1,100.00,17,201.01,754.14,12.51
1,100.00,18,518.93,423.22,0.00
1,100.00,19,742.32,875.46,0.00
1,100.00,20,655.03,428.63,18.94
1,100.00,21,474.90,858.54,22.50
1,100.00,22,70.30,738.31,7.54
1,100.00,23,543.87,707.08,15.43
1,100.00,24,201.73,384.09,16.37
1,100.00,25,801.35,160.63,8.96
1,100.00,26,541.09,869.85,13.38
1,100.00,27,683.78,493.31,16.59
1,100.00,28,860.13,328.65,5.42
1,100.00,29,236.58,945.45,0.00
1,100.00,30,396.05,387.15,11.92
1,100.00,31,229.41,275.47,13.49
1,100.00,32,136.81,617.84,0.00
1,100.00,33,260.54,928.24,0.00
1,100.00,34,715.89,543.99,7.69
1,100.00,35,282.40,284.87,0.00
1,100.00,36,477.83,555.67,5.58
1,100.00,37,923.44,460.11,11.23
1,100.00,38,536.38,363.37,15.09
1,100.00,39,536.61,965.47,17.24
1,100.00,40,840.77,888.03,0.00
1,100.00,41,494.49,592.21,0.00
1,100.00,42,770.43,244.84,0.00
1,100.00,43,537.53,719.87,22.89
1,100.00,44,640.92,190.74,6.77
1,100.00,45,407.31,427.38,18.02
1,100.00,46,330.63,286.61,0.00
1,100.00,47,694.28,280.32,9.84
1,100.00,48,357.51,182.15,7.36
1,100.00,49,167.78,532.41,11.95
1,100.00,50,97.09,514.14,12.03
1,100.00,51,410.06,484.02,5.24
1,100.00,52,260.92,962.76,0.00
1,100.00,53,310.80,140.31,12.54
1,100.00,54,671.54,346.98,0.00
1,100.00,55,560.89,490.50,10.07
1,100.00,56,65.89,603.62,13.06
1,100.00,57,191.64,508.48,22.06
1,100.00,58,620.73,790.31,12.72
1,100.00,59,443.91,263.75,0.00
1,100.00,60,238.94,228.57,14.89
1,100.00,61,274.90,312.62,5.71
1,100.00,62,675.57,206.63,11.46
1,100.00,63,723.27,402.73,8.85
1,100.00,64,678.92,489.07,5.50
1,100.00,65,699.36,452.15,6.30
1,100.00,66,790.54,334.93,19.07
1,100.00,67,563.41,143.72,13.37
1,100.00,68,782.79,399.63,20.57
1,100.00,69,773.13,688.21,12.40
1,100.00,70,412.08,242.73,18.71
1,100.00,71,725.43,341.05,14.60
1,100.00,72,850.13,298.24,5.17
1,100.00,73,917.06,878.75,0.00
1,100.00,74,944.07,472.10,0.00
1,100.00,75,534.43,490.25,9.93
1,100.00,76,126.08,291.39,9.16
1,100.00,77,447.61,540.62,13.90
1,100.00,78,175.48,570.39,20.83
1,100.00,79,281.21,178.81,18.07
1,100.00,80,381.70,283.05,6.24
1,100.00,81,274.40,770.70,13.37
1,100.00,82,321.58,208.54,6.05
1,100.00,83,545.06,607.45,9.09
1,100.00,84,548.99,590.11,22.45
1,100.00,85,833.53,768.76,10.46
1,100.00,86,493.57,403.75,11.92
1,100.00,87,481.82,176.74,0.00
1,100.00,88,474.71,311.58,5.06
1,100.00,89,634.43,696.47,22.65
1,100.00,90,965.68,106.97,21.92
1,100.00,91,322.97,497.74,5.99
1,100.00,92,41.67,17.79,0.00
1,100.00,93,742.71,357.80,16.48
1,100.00,94,595.84,661.18,23.55
1,100.00,95,191.15,301.08,12.78
1,100.00,96,409.91,392.92,5.30
1,100.00,97,648.73,736.82,0.00
1,100.00,98,762.30,952.08,0.00
1,100.00,99,363.30,517.14,23.32
1,110.00,0,365.12,808.55,19.61
1,110.00,1,399.04,901.78,12.41
1,110.00,2,808.21,259.12,20.10
1,110.00,3,512.22,750.42,5.37
1,110.00,4,685.75,305.08,20.79
1,110.00,5,55.64,976.04,0.00
1,110.00,6,507.94,610.37,8.28
1,110.00,7,745.63,627.83,5.79
1,110.00,8,744.83,39.06,0.00
1,110.00,9,294.71,238.88,7.44
1,110.00,10,454.84,217.31,18.48
1,110.00,11,550.58,706.49,20.54
1,110.00,12,284.63,636.37,9.48
1,110.00,13,141.72,144.49,12.39
1,110.00,14,820.90,326.39,15.67
1,110.00,15,164.42,768.58,9.81
1,110.00,16,842.36,712.51,6.65
1,110.00,17,163.92,766.91,0.00
1,110.00,18,575.65,480.74,10.92
1,110.00,19,736.60,842.33,20.80
1,110.00,20,672.37,240.05,18.94
1,110.00,21,255.47,908.11,22.50
1,110.00,22,61.99,741.47,0.00
1,110.00,23,667.90,798.90,15.43
1,110.00,24,128.01,237.97,16.37
1,110.00,25,878.38,206.36,8.96
1,110.00,26,407.32,866.73,13.38
1,110.00,27,543.29,581.55,16.59
1,110.00,28,865.46,274.76,5.42
1,110.00,29,237.02,907.64,7.87
1,110.00,30,514.99,395.27,11.92
1,110.00,31,222.59,140.73,13.49
1,110.00,32,216.19,637.99,11.14
1,110.00,33,324.85,911.45,7.88
1,110.00,34,704.19,575.37,0.00
1,110.00,35,432.36,320.39,24.66
1,110.00,36,528.80,578.34,5.58
1,110.00,37,890.12,567.36,11.23
1,110.00,38,540.18,275.36,0.00
1,110.00,39,705.85,932.70,17.24
1,110.00,40,788.33,828.42,11.22
1,110.00,41,444.87,514.21,14.68
1,110.00,42,706.29,193.24,9.88
1,110.00,43,333.11,616.87,22.89
1,110.00,44,573.24,192.98,6.77
1,110.00,45,310.08,276.62,0.00
1,110.00,46,340.00,309.08,12.67
1,110.00,47,674.15,376.69,9.84
1,110.00,48,347.54,255.08,7.36
1,110.00,49,148.37,650.29,11.95
1,110.00,50,203.84,569.64,12.03
1,110.00,51,460.84,496.83,5.24
1,110.00,52,356.23,819.68,22.43
1,110.00,53,289.04,114.50,0.00
1,110.00,54,697.24,481.59,23.36
1,110.00,55,658.37,515.55,10.07
1,110.00,56,183.11,661.12,13.06
1,110.00,57,192.07,542.44,0.00
1,110.00,58,494.52,806.05,12.72
1,110.00,59,416.80,218.93,9.47
1,110.00,60,331.29,345.43,14.89
1,110.00,61,240.43,267.08,5.71
1,110.00,62,640.66,97.51,11.46
1,110.00,63,651.37,351.20,8.85
1,110.00,64,660.58,540.88,5.50
1,110.00,65,724.18,510.07,6.30
1,110.00,66,895.60,494.14,19.07
1,110.00,67,466.06,235.37,13.37
1,110.00,68,673.47,573.93,20.57
1,110.00,69,679.10,607.40,12.40
1,110.00,70,362.22,423.09,18.71
1,110.00,71,773.11,300.97,0.00
1,110.00,72,852.61,246.62,5.17
1,110.00,73,894.81,854.17,23.09
1,110.00,74,916.68,479.65,18.63
1,110.00,75,492.42,580.20,9.93
1,110.00,76,137.79,200.58,9.16
1,110.00,77,421.74,474.93,0.00
1,110.00,78,309.16,730.12,20.83
1,110.00,79,344.60,273.46,0.00
1,110.00,80,331.79,245.55,6.24
1,110.00,81,363.53,671.09,13.37
1,110.00,82,262.05,197.79,6.05
1,110.00,83,599.38,534.54,9.09
1,110.00,84,413.88,769.35,22.45
1,110.00,85,909.25,840.90,10.46
1,110.00,86,611.37,385.35,11.92
1,110.00,87,482.89,181.08,5.30
1,110.00,88,519.89,288.87,5.06
1,110.00,89,682.24,580.14,0.00
1,110.00,90,963.75,130.43,0.00
1,110.00,91,339.55,555.29,5.99
1,110.00,92,42.67,18.05,21.74
1,110.00,93,746.14,522.55,16.48
1,110.00,94,748.43,481.74,23.55
1,110.00,95,291.66,380.05,12.78
1,110.00,96,451.12,426.22,5.30
1,110.00,97,655.72,765.69,12.84
1,110.00,98,716.95,864.11,15.95
1,110.00,99,343.07,749.43,23.32
1,120.00,0,236.00,886.45,0.00
1,120.00,1,500.46,830.31,12.41
1,120.00,2,912.66,121.24,0.00
1,120.00,3,553.05,715.50,5.37
1,120.00,4,865.54,200.58,20.79
1,120.00,5,66.01,954.84,9.34
1,120.00,6,429.55,583.77,8.28
1,120.00,7,708.48,583.38,5.79
1,120.00,8,780.94,63.52,0.00
1,120.00,9,247.16,296.05,7.44
1,120.00,10,544.28,55.65,18.48
1,120.00,11,379.00,593.55,20.54
1,120.00,12,230.92,558.31,9.48
1,120.00,13,100.46,216.42,0.00
1,120.00,14,689.19,411.20,15.67
1,120.00,15,118.12,855.05,9.81
1,120.00,16,782.34,683.80,6.65
1,120.00,17,197.50,734.97,6.75
1,120.00,18,652.32,558.50,10.92
1,120.00,19,702.79,646.62,0.00
1,120.00,20,687.64,73.89,0.00
1,120.00,21,252.57,908.76,0.00
1,120.00,22,215.18,696.14,18.11
1,120.00,23,682.83,809.95,0.00
1,120.00,24,54.28,91.85,16.37
1,120.00,25,896.45,217.09,0.00
1,120.00,26,371.76,865.90,0.00
1,120.00,27,402.80,669.79,16.59
1,120.00,28,870.79,220.87,5.42
1,120.00,29,237.94,828.96,7.87
1,120.00,30,531.02,396.36,0.00
1,120.00,31,219.63,82.14,0.00
1,120.00,32,324.15,665.38,11.14
1,120.00,33,401.11,891.54,7.88
1,120.00,34,733.24,682.36,19.64
1,120.00,35,672.28,377.20,24.66
1,120.00,36,579.77,601.01,5.58
1,120.00,37,856.80,674.61,11.23
1,120.00,38,549.72,353.66,18.94
1,120.00,39,875.09,899.94,17.24
1,120.00,40,714.20,744.14,11.22
1,120.00,41,442.41,510.34,0.00
1,120.00,42,629.26,131.28,9.88
1,120.00,43,182.93,541.19,0.00
1,120.00,44,505.56,195.22,6.77
1,120.00,45,310.29,276.87,7.28
1,120.00,46,388.80,426.05,12.67
1,120.00,47,654.02,473.05,9.84
1,120.00,48,337.56,328.01,7.36
1,120.00,49,128.95,768.17,11.95
1,120.00,50,310.59,625.15,12.03
1,120.00,51,511.61,509.65,5.24
1,120.00,52,480.60,632.97,22.43
1,120.00,53,283.72,207.67,12.77
1,120.00,54,741.04,711.06,23.36
1,120.00,55,755.86,540.60,10.07
1,120.00,56,300.34,718.62,13.06
1,120.00,57,70.44,464.03,0.00
1,120.00,58,368.31,821.79,12.72
1,120.00,59,367.76,137.87,9.47
1,120.00,60,423.64,462.28,14.89
1,120.00,61,205.95,221.54,5.71
1,120.00,62,619.21,30.44,0.00
1,120.00,63,642.04,344.52,0.00
1,120.00,64,642.23,592.69,5.50
1,120.00,65,749.00,567.99,6.30
1,120.00,66,957.57,588.05,0.00
1,120.00,67,368.71,327.02,13.37
1,120.00,68,564.15,748.23,20.57
1,120.00,69,640.70,574.39,0.00
1,120.00,70,312.35,603.45,18.71
1,120.00,71,716.91,403.22,20.35
1,120.00,72,855.09,195.00,5.17
1,120.00,73,739.88,682.96,23.09
1,120.00,74,737.06,529.17,18.63
1,120.00,75,450.41,670.14,9.93
1,120.00,76,149.50,109.77,9.16
1,120.00,77,374.50,418.91,14.90
1,120.00,78,442.84,889.85,20.83
1,120.00,79,378.45,339.34,20.04
1,120.00,80,281.87,208.05,6.24
1,120.00,81,452.65,571.47,13.37
1,120.00,82,202.53,187.04,6.05
1,120.00,83,653.70,461.64,9.09
1,120.00,84,278.77,948.59,22.45
1,120.00,85,984.97,913.03,10.46
1,120.00,86,729.18,366.94,11.92
1,120.00,87,495.62,232.56,5.30
1,120.00,88,565.06,266.16,5.06
1,120.00,89,683.78,486.79,20.99
1,120.00,90,810.76,262.77,22.66
1,120.00,91,356.13,612.84,5.99
1,120.00,92,253.20,72.22,21.74
1,120.00,93,749.56,687.29,16.48
1,120.00,94,803.93,416.48,0.00
1,120.00,95,392.17,459.02,12.78
1,120.00,96,492.33,459.51,5.30
1,120.00,97,685.95,890.51,12.84
1,120.00,98,643.86,722.29,15.95
1,120.00,99,322.85,981.72,23.32
1,130.00,0,249.39,849.74,16.91
1,130.00,1,601.88,758.84,12.41
1,130.00,2,904.65,124.41,6.19
1,130.00,3,593.88,680.58,5.37
1,130.00,4,885.11,189.20,0.00
1,130.00,5,107.03,870.97,9.34
1,130.00,6,351.17,557.18,8.28
1,130.00,7,671.33,538.92,5.79
1,130.00,8,781.21,66.68,8.69
1,130.00,9,199.61,353.23,7.44
1,130.00,10,560.06,27.12,0.00
1,130.00,11,368.52,586.65,0.00
1,130.00,12,177.20,480.25,9.48
1,130.00,13,124.79,274.64,19.08
1,130.00,14,557.48,496.00,15.67
1,130.00,15,107.29,875.28,0.00
1,130.00,16,722.31,655.10,6.65
1,130.00,17,246.42,688.44,6.75
1,130.00,18,728.98,636.25,10.92
1,130.00,19,701.89,642.68,8.96
1,130.00,20,682.94,86.02,10.94
1,130.00,21,393.47,902.16,0.00
1,130.00,22,388.88,644.73,18.11
1,130.00,23,501.48,705.78,23.78
1,130.00,24,7.99,0.10,0.00
1,130.00,25,812.70,289.65,14.48
1,130.00,26,328.07,713.55,21.59
1,130.00,27,369.78,690.53,0.00
1,130.00,28,876.12,166.97,5.42
1,130.00,29,238.86,750.29,7.87
1,130.00,30,658.11,471.46,17.06
1,130.00,31,233.50,156.15,13.32
1,130.00,32,432.10,692.77,11.14
1,130.00,33,477.38,871.63,7.88
1,130.00,34,784.68,871.86,19.64
1,130.00,35,891.63,429.14,0.00
1,130.00,36,622.39,619.96,0.00
1,130.00,37,855.11,680.06,0.00
1,130.00,38,572.61,541.70,18.94
1,130.00,39,917.15,891.79,0.00
1,130.00,40,640.07,659.86,11.22
1,130.00,41,517.73,565.89,9.66
1,130.00,42,552.24,69.32,9.88
1,130.00,43,148.12,500.49,20.18
1,130.00,44,437.88,197.46,6.77
1,130.00,45,356.49,333.16,7.28
1,130.00,46,437.61,543.03,12.67
1,130.00,47,633.89,569.42,9.84
1,130.00,48,327.59,400.95,7.36
1,130.00,49,111.33,875.18,0.00
1,130.00,50,417.34,680.65,12.03
1,130.00,51,562.38,522.46,5.24
1,130.00,52,604.98,446.25,22.43
1,130.00,53,276.44,335.15,12.77
1,130.00,54,765.59,839.70,0.00
1,130.00,55,853.34,565.64,10.07
1,130.00,56,417.57,776.13,13.06
1,130.00,57,80.87,466.46,13.38
1,130.00,58,242.09,837.53,12.72
1,130.00,59,318.73,56.82,9.47
1,130.00,60,467.64,517.96,0.00
1,130.00,61,171.47,176.00,5.71
1,130.00,62,540.66,74.43,23.36
1,130.00,63,575.27,206.11,17.66
1,130.00,64,623.89,644.50,5.50
1,130.00,65,773.81,625.91,6.30
1,130.00,66,895.32,538.92,19.34
1,130.00,67,271.35,418.67,13.37
1,130.00,68,454.83,922.53,20.57
1,130.00,69,693.64,493.08,16.40
1,130.00,70,262.49,783.80,18.71
1,130.00,71,618.89,581.58,20.35
1,130.00,72,857.57,143.38,5.17
1,130.00,73,584.94,511.75,23.09
1,130.00,74,557.44,578.70,18.63
1,130.00,75,412.17,752.02,0.00
1,130.00,76,150.15,104.75,0.00
1,130.00,77,278.45,305.02,14.90
1,130.00,78,502.07,960.62,0.00
1,130.00,79,470.05,517.59,20.04
1,130.00,80,231.95,170.55,6.24
1,130.00,81,541.77,471.85,13.37
1,130.00,82,143.00,176.29,6.05
1,130.00,83,708.01,388.73,9.09
1,130.00,84,245.61,992.57,0.00
1,130.00,85,987.90,915.82,0.00
1,130.00,86,846.98,348.53,11.92
1,130.00,87,508.35,284.03,5.30
1,130.00,88,610.24,243.46,5.06
1,130.00,89,687.23,276.92,20.99
1,130.00,90,639.36,411.03,22.66
1,130.00,91,372.71,670.39,5.99
1,130.00,92,463.73,126.39,21.74
1,130.00,93,749.61,689.52,0.00
1,130.00,94,676.74,507.30,24.56
1,130.00,95,492.68,537.99,12.78
1,130.00,96,533.54,492.81,5.30
1,130.00,97,690.02,907.31,0.00
1,130.00,98,570.76,580.48,15.95
1,130.00,99,322.43,986.55,0.00
1,140.00,0,307.34,690.88,16.91
1,140.00,1,703.30,687.37,12.41
1,140.00,2,847.06,147.16,6.19
1,140.00,3,634.71,645.66,5.37
1,140.00,4,712.53,187.22,19.37
1,140.00,5,148.04,787.11,9.34
1,140.00,6,272.78,530.58,8.28
1,140.00,7,634.18,494.47,5.79
1,140.00,8,788.68,153.22,8.69
1,140.00,9,152.05,410.40,7.44
1,140.00,10,529.19,59.63,5.44
1,140.00,11,206.56,583.42,17.25
1,140.00,12,123.49,402.19,9.48
1,140.00,13,198.36,450.68,19.08
1,140.00,14,425.77,580.80,15.67
1,140.00,15,119.95,726.81,19.45
1,140.00,16,662.29,626.40,6.65
1,140.00,17,295.34,641.91,6.75
1,140.00,18,805.65,714.01,10.92
1,140.00,19,681.84,555.39,8.96
1,140.00,20,643.38,188.00,10.94
1,140.00,21,377.78,838.70,21.41
1,140.00,22,562.58,593.32,18.11
1,140.00,23,295.32,587.35,23.78
1,140.00,24,9.00,24.84,6.65
1,140.00,25,703.27,384.46,14.48
1,140.00,26,268.57,506.06,21.59
1,140.00,27,421.11,582.86,15.59
1,140.00,28,877.52,152.80,0.00
1,140.00,29,239.78,671.62,7.87
1,140.00,30,805.01,558.27,17.06
1,140.00,31,258.04,287.08,13.32
1,140.00,32,540.06,720.17,11.14
1,140.00,33,553.64,851.71,7.88
1,140.00,34,815.24,984.41,0.00
1,140.00,35,892.85,437.21,9.52
1,140.00,36,639.19,634.67,13.62
1,140.00,37,909.20,689.25,0.00
1,140.00,38,595.51,729.75,18.94
1,140.00,39,906.82,847.49,6.05
1,140.00,40,565.93,575.58,11.22
1,140.00,41,595.47,623.23,9.66
1,140.00,42,532.67,53.57,0.00
1,140.00,43,16.94,347.10,20.18
1,140.00,44,370.19,199.70,6.77
1,140.00,45,402.70,389.46,7.28
1,140.00,46,486.41,660.01,12.67
1,140.00,47,613.76,665.78,9.84
1,140.00,48,317.61,473.88,7.36
1,140.00,49,131.74,875.56,22.15
1,140.00,50,524.10,736.15,12.03
1,140.00,51,613.16,535.28,5.24
1,140.00,52,704.18,297.32,0.00
1,140.00,53,269.16,462.63,12.77
1,140.00,54,716.88,777.22,18.03
1,140.00,55,947.73,589.89,0.00
1,140.00,56,534.80,833.63,13.06
1,140.00,57,211.22,496.77,13.38
1,140.00,58,189.12,844.14,0.00
1,140.00,59,316.09,52.47,0.00
1,140.00,60,415.04,481.90,12.18
1,140.00,61,139.18,133.36,0.00
1,140.00,62,336.85,188.55,23.36
1,140.00,63,532.24,116.92,0.00
1,140.00,64,607.83,689.86,0.00
1,140.00,65,798.63,683.83,6.30
1,140.00,66,743.54,419.12,19.34
1,140.00,67,174.00,510.32,13.37
1,140.00,68,438.76,948.15,0.00
1,140.00,69,783.15,355.61,16.40
1,140.00,70,251.02,825.29,0.00
1,140.00,71,568.66,672.97,0.00
1,140.00,72,860.05,91.76,5.17
1,140.00,73,430.01,340.54,23.09
1,140.00,74,377.82,628.22,18.63
1,140.00,75,395.00,750.88,19.18
1,140.00,76,248.92,107.89,10.46
1,140.00,77,182.40,191.14,14.90
1,140.00,78,424.88,950.13,13.99
1,140.00,79,561.65,695.84,20.04
1,140.00,80,182.03,133.05,6.24
1,140.00,81,630.89,372.24,13.37
1,140.00,82,83.48,165.54,6.05
1,140.00,83,762.33,315.82,9.09
1,140.00,84,262.12,816.35,23.46
1,140.00,85,838.40,874.91,16.12
1,140.00,86,964.78,330.12,11.92
1,140.00,87,521.08,335.51,5.30
1,140.00,88,655.42,220.75,5.06
1,140.00,89,689.47,140.38,0.00
1,140.00,90,467.96,559.29,22.66
1,140.00,91,389.29,727.94,5.99
1,140.00,92,607.26,163.33,0.00
1,140.00,93,651.93,592.84,13.93
1,140.00,94,476.85,650.02,24.56
1,140.00,95,593.20,616.96,12.78
1,140.00,96,574.75,526.11,5.30
1,140.00,97,585.93,860.30,13.20
1,140.00,98,529.99,501.38,0.00
1,140.00,99,318.06,916.65,7.15
1,150.00,0,365.30,532.02,16.91
1,150.00,1,714.39,679.56,0.00
1,150.00,2,789.47,169.92,6.19
1,150.00,3,658.67,625.16,0.00
1,150.00,4,518.85,184.99,19.37
1,150.00,5,189.06,703.25,9.34
1,150.00,6,215.33,511.08,0.00
1,150.00,7,597.02,450.01,5.79
1,150.00,8,796.15,239.76,8.69
1,150.00,9,104.50,467.58,7.44
1,150.00,10,491.72,99.10,5.44
1,150.00,11,34.06,579.98,17.25
1,150.00,12,69.77,324.13,9.48
1,150.00,13,271.93,626.72,19.08
1,150.00,14,294.06,665.61,15.67
1,150.00,15,136.48,532.98,19.45
1,150.00,16,602.26,597.70,6.65
1,150.00,17,344.26,595.38,6.75
1,150.00,18,882.32,791.76,10.92
1,150.00,19,661.80,468.10,8.96
1,150.00,20,603.83,289.98,10.94
1,150.00,21,326.39,630.88,21.41
1,150.00,22,736.27,541.91,18.11
1,150.00,23,89.16,468.93,23.78
1,150.00,24,11.69,91.33,6.65
1,150.00,25,593.84,479.27,14.48
1,150.00,26,209.06,298.57,21.59
1,150.00,27,488.20,442.11,15.59
1,150.00,28,807.83,178.56,10.08
1,150.00,29,240.69,592.94,7.87
1,150.00,30,945.67,641.39,0.00
1,150.00,31,282.58,418.02,13.32
1,150.00,32,648.02,747.56,11.14
1,150.00,33,605.11,838.27,0.00
1,150.00,34,732.58,986.95,20.36
1,150.00,35,907.10,531.37,9.52
1,150.00,36,741.64,724.37,13.62
1,150.00,37,889.60,589.24,24.15
1,150.00,38,607.92,831.72,0.00
1,150.00,39,893.07,788.53,6.05
1,150.00,40,491.80,491.30,11.22
1,150.00,41,673.22,680.57,9.66
1,150.00,42,591.28,159.30,16.21
1,150.00,43,0.58,327.97,0.00
1,150.00,44,302.51,201.94,6.77
1,150.00,45,448.90,445.75,7.28
1,150.00,46,535.21,776.98,12.67
1,150.00,47,593.63,762.14,9.84
1,150.00,48,307.64,546.81,7.36
1,150.00,49,353.22,879.69,22.15
1,150.00,50,630.85,791.66,12.03
1,150.00,51,663.93,548.09,5.24
1,150.00,52,724.75,307.26,11.29
1,150.00,53,261.88,590.11,12.77
1,150.00,54,606.03,635.04,18.03
1,150.00,55,941.18,590.18,20.60
1,150.00,56,652.02,891.13,13.06
1,150.00,57,341.56,527.09,13.38
1,150.00,58,297.71,800.77,20.15
1,150.00,59,323.88,103.48,5.45
1,150.00,60,314.56,413.04,12.18
1,150.00,61,152.43,135.83,21.18
1,150.00,62,314.32,201.16,0.00
1,150.00,63,431.50,80.05,24.43
1,150.00,64,585.62,687.74,17.93
1,150.00,65,823.45,741.75,6.30
1,150.00,66,591.75,299.31,19.34
1,150.00,67,82.18,596.76,0.00
1,150.00,68,335.08,836.66,17.85
1,150.00,69,851.16,251.16,0.00
1,150.00,70,321.49,751.35,13.27
1,150.00,71,544.58,625.73,10.87
1,150.00,72,862.08,49.38,0.00
1,150.00,73,275.08,169.33,23.09
1,150.00,74,198.20,677.74,18.63
1,150.00,75,203.66,738.17,19.18
1,150.00,76,353.47,111.21,10.46
1,150.00,77,165.52,171.12,0.00
1,150.00,78,286.29,931.31,13.99
1,150.00,79,594.53,759.80,0.00
1,150.00,80,132.11,95.55,6.24
1,150.00,81,720.01,272.62,13.37
1,150.00,82,23.95,154.80,6.05
1,150.00,83,816.65,242.91,9.09
1,150.00,84,284.00,582.80,23.46
1,150.00,85,682.89,832.34,16.12
1,150.00,86,970.17,329.28,0.00
1,150.00,87,533.81,386.99,5.30
1,150.00,88,700.60,198.04,5.06
1,150.00,89,666.54,219.55,23.59
1,150.00,90,296.56,707.54,22.66
1,150.00,91,405.87,785.49,5.99
1,150.00,92,556.40,204.47,20.56
1,150.00,93,552.91,494.84,13.93
1,150.00,94,276.96,792.75,24.56
1,150.00,95,693.71,695.93,12.78
1,150.00,96,615.96,559.40,5.30
1,150.00,97,465.65,805.97,13.20
1,150.00,98,479.75,443.55,17.32
1,150.00,99,313.59,845.26,7.15
1,160.00,0,423.25,373.17,16.91
1,160.00,1,542.86,542.44,24.66
1,160.00,2,731.89,192.68,6.19
1,160.00,3,701.31,549.74,20.97
1,160.00,4,469.47,184.43,0.00
1,160.00,5,230.07,619.38,9.34
1,160.00,6,229.94,517.88,6.04
1,160.00,7,559.87,405.56,5.79
1,160.00,8,803.63,326.29,8.69
1,160.00,9,56.95,524.76,7.44
1,160.00,10,454.24,138.57,5.44
1,160.00,11,8.46,579.47,0.00
1,160.00,12,25.75,260.16,0.00
1,160.00,13,333.19,773.30,0.00
1,160.00,14,186.68,734.74,0.00
1,160.00,15,153.02,339.16,19.45
1,160.00,16,542.23,568.99,6.65
1,160.00,17,393.18,548.85,6.75
1,160.00,18,931.68,841.82,0.00
1,160.00,19,641.75,380.80,8.96
1,160.00,20,564.27,391.97,10.94
1,160.00,21,282.47,453.23,0.00
1,160.00,22,909.97,490.51,18.11
1,160.00,23,17.78,427.94,0.00
1,160.00,24,14.39,157.83,6.65
1,160.00,25,484.40,574.08,14.48
1,160.00,26,185.32,215.79,0.00
1,160.00,27,555.29,301.36,15.59
1,160.00,28,721.21,210.56,0.00
1,160.00,29,241.61,514.27,7.87
1,160.00,30,940.44,637.58,15.26
1,160.00,31,307.12,548.95,13.32
1,160.00,32,755.97,774.96,11.14
1,160.00,33,608.72,789.76,14.97
1,160.00,34,607.94,990.77,0.00
1,160.00,35,921.34,625.52,9.52
1,160.00,36,844.09,814.06,13.62
1,160.00,37,879.01,535.22,0.00
1,160.00,38,619.35,792.79,8.86
1,160.00,39,879.32,729.57,6.05
1,160.00,40,417.66,407.03,11.22
1,160.00,41,750.97,737.92,9.66
1,160.00,42,669.84,301.05,16.21
1,160.00,43,118.24,307.35,13.65
1,160.00,44,234.83,204.19,6.77
1,160.00,45,495.11,502.04,7.28
1,160.00,46,584.01,893.96,12.67
1,160.00,47,573.50,858.51,9.84
1,160.00,48,302.65,583.31,0.00
1,160.00,49,366.28,879.94,0.00
1,160.00,50,680.60,817.53,0.00
1,160.00,51,689.59,554.57,0.00
1,160.00,52,826.41,356.40,11.29
1,160.00,53,257.57,665.58,0.00
1,160.00,54,495.19,492.86,18.03
1,160.00,55,735.36,599.14,20.60
1,160.00,56,691.40,910.44,0.00
1,160.00,57,471.91,557.40,13.38
1,160.00,58,484.85,726.03,20.15
1,160.00,59,332.11,157.37,5.45
1,160.00,60,214.08,344.18,12.18
1,160.00,61,360.68,174.61,21.18
1,160.00,62,201.85,369.79,22.79
1,160.00,63,243.90,11.39,0.00
1,160.00,64,407.18,670.66,17.93
1,160.00,65,848.27,799.66,6.30
1,160.00,66,439.96,179.51,19.34
1,160.00,67,95.86,599.10,24.42
1,160.00,68,213.54,705.96,17.85
1,160.00,69,791.83,246.23,24.79
1,160.00,70,413.01,655.32,13.27
1,160.00,71,495.18,528.86,10.87
1,160.00,72,827.48,67.66,21.86
1,160.00,73,262.68,155.63,0.00
1,160.00,74,163.84,687.22,0.00
1,160.00,75,12.59,725.47,0.00
1,160.00,76,458.02,114.52,10.46
1,160.00,77,299.62,177.41,16.29
1,160.00,78,229.05,923.53,0.00
1,160.00,79,611.87,663.49,15.26
1,160.00,80,112.59,80.89,0.00
1,160.00,81,809.14,173.00,13.37
1,160.00,82,18.38,153.79,0.00
1,160.00,83,821.14,236.89,0.00
1,160.00,84,300.80,403.47,0.00
1,160.00,85,527.38,789.78,16.12
1,160.00,86,814.28,462.88,21.51
1,160.00,87,546.54,438.46,5.30
1,160.00,88,745.78,175.33,5.06
1,160.00,89,600.93,446.13,23.59
1,160.00,90,148.83,835.33,0.00
1,160.00,91,412.85,809.73,0.00
1,160.00,92,396.56,333.74,20.56
1,160.00,93,453.89,396.83,13.93
1,160.00,94,77.08,935.47,24.56
1,160.00,95,794.22,774.90,12.78
1,160.00,96,657.17,592.70,5.30
1,160.00,97,430.56,790.12,0.00
1,160.00,98,366.16,312.78,17.32
1,160.00,99,309.13,773.87,7.15
1,170.00,0,481.20,214.31,16.91
1,170.00,1,350.28,388.48,24.66
1,170.00,2,674.30,215.44,6.19
1,170.00,3,804.54,367.15,20.97
1,170.00,4,412.20,269.48,13.76
1,170.00,5,271.08,535.52,9.34
1,170.00,6,284.68,543.33,6.04
1,170.00,7,522.72,361.10,5.79
1,170.00,8,811.10,412.83,8.69
1,170.00,9,9.40,581.93,7.44
1,170.00,10,416.76,178.05,5.44
1,170.00,11,94.42,534.10,11.41
1,170.00,12,23.93,283.40,12.92
1,170.00,13,346.62,760.65,11.03
1,170.00,14,200.99,714.28,13.51
1,170.00,15,158.25,277.74,0.00
1,170.00,16,485.93,542.07,0.00
1,170.00,17,442.10,502.32,6.75
1,170.00,18,898.59,839.27,9.31
1,170.00,19,621.70,293.51,8.96
1,170.00,20,524.71,493.95,10.94
1,170.00,21,294.64,443.24,10.85
1,170.00,22,931.91,484.01,0.00
1,170.00,23,38.76,382.59,7.64
1,170.00,24,17.08,224.32,6.65
1,170.00,25,374.97,668.90,14.48
1,170.00,26,219.98,202.74,6.16
1,170.00,27,622.39,160.61,15.59
1,170.00,28,718.66,217.56,8.88
1,170.00,29,242.53,435.60,7.87
1,170.00,30,817.11,547.75,15.26
1,170.00,31,328.32,662.03,0.00
1,170.00,32,863.93,802.35,11.14
1,170.00,33,619.83,640.52,14.97
1,170.00,34,617.88,966.67,6.73
1,170.00,35,935.58,719.68,9.52
1,170.00,36,863.04,830.66,0.00
1,170.00,37,823.88,501.55,8.37
1,170.00,38,644.31,707.73,8.86
1,170.00,39,865.57,670.62,6.05
1,170.00,40,402.94,390.29,0.00
1,170.00,41,828.72,795.26,9.66
1,170.00,42,748.41,442.79,16.21
1,170.00,43,252.67,283.79,13.65
1,170.00,44,224.57,204.52,0.00
1,170.00,45,541.31,558.33,7.28
1,170.00,46,628.14,999.75,0.00
1,170.00,47,553.37,954.87,9.84
1,170.00,48,324.95,640.61,12.31
1,170.00,49,391.30,721.84,17.01
1,170.00,50,699.43,714.92,19.54
1,170.00,51,701.43,485.29,14.21
1,170.00,52,928.07,405.55,11.29
1,170.00,53,221.69,704.94,13.05
1,170.00,54,384.34,350.67,18.03
1,170.00,55,529.53,608.10,20.60
1,170.00,56,543.20,924.54,22.42
1,170.00,57,602.26,587.71,13.38
1,170.00,58,671.98,651.29,20.15
1,170.00,59,340.33,211.27,5.45
1,170.00,60,113.60,275.31,12.18
1,170.00,61,568.94,213.40,21.18
1,170.00,62,75.41,559.37,22.79
1,170.00,63,284.47,30.07,24.52
1,170.00,64,377.49,667.81,0.00
1,170.00,65,873.08,857.58,6.30
1,170.00,66,425.40,168.01,0.00
1,170.00,67,336.59,640.23,24.42
1,170.00,68,92.01,575.26,17.85
1,170.00,69,549.46,226.12,0.00
1,170.00,70,504.53,559.28,13.27
1,170.00,71,445.78,431.99,10.87
1,170.00,72,634.17,169.78,21.86
1,170.00,73,223.21,288.61,15.08
1,170.00,74,270.27,646.76,14.08
1,170.00,75,12.79,725.35,17.50
1,170.00,76,497.16,115.76,0.00
1,170.00,77,462.30,185.04,16.29
1,170.00,78,292.85,867.50,14.47
1,170.00,79,638.93,513.26,15.26
1,170.00,80,166.26,179.12,18.38
1,170.00,81,898.26,73.39,13.37
1,170.00,82,35.71,149.72,0.00
1,170.00,83,608.57,199.29,23.53
1,170.00,84,269.70,425.98,16.54
1,170.00,85,371.87,747.22,16.12
1,170.00,86,650.93,602.87,21.51
1,170.00,87,559.27,489.94,5.30
1,170.00,88,790.96,152.62,5.06
1,170.00,89,535.32,672.71,23.59
1,170.00,90,147.65,821.73,9.88
1,170.00,91,411.63,725.87,14.49
1,170.00,92,236.73,463.01,20.56
1,170.00,93,380.69,324.38,0.00
1,170.00,94,31.06,968.33,0.00
1,170.00,95,894.73,853.87,12.78
1,170.00,96,698.37,626.00,5.30
1,170.00,97,439.37,691.52,13.98
1,170.00,98,252.56,182.01,17.32
1,170.00,99,304.67,702.49,7.15
1,180.00,0,526.26,90.81,0.00
1,180.00,1,330.95,373.03,0.00
1,180.00,2,616.71,238.20,6.19
1,180.00,3,829.59,322.84,0.00
1,180.00,4,335.34,383.62,13.76
1,180.00,5,312.10,451.65,9.34
1,180.00,6,339.42,568.79,6.04
1,180.00,7,485.56,316.64,5.79
1,180.00,8,818.57,499.37,8.69
1,180.00,9,7.07,584.72,0.00
1,180.00,10,379.28,217.52,5.44
1,180.00,11,195.36,480.81,11.41
1,180.00,12,13.83,412.18,12.92
1,180.00,13,426.88,685.04,11.03
1,180.00,14,278.40,603.52,13.51
1,180.00,15,273.92,339.96,19.22
1,180.00,16,497.12,546.40,19.36
1,180.00,17,491.02,455.79,6.75
1,180.00,18,805.73,832.14,9.31
1,180.00,19,610.22,243.50,0.00
1,180.00,20,485.15,595.93,10.94
1,180.00,21,378.49,374.44,10.85
1,180.00,22,769.93,604.87,23.13
1,180.00,23,70.83,313.22,7.64
1,180.00,24,19.78,290.82,6.65
1,180.00,25,265.54,763.71,14.48
1,180.00,26,277.65,181.01,6.16
1,180.00,27,635.35,133.41,0.00
1,180.00,28,688.19,301.00,8.88
1,180.00,29,243.45,356.92,7.87
1,180.00,30,714.87,473.28,0.00
1,180.00,31,335.84,646.69,12.53
1,180.00,32,933.79,820.08,0.00
1,180.00,33,630.67,494.80,0.00
1,180.00,34,643.53,904.47,6.73
1,180.00,35,949.82,813.83,9.52
1,180.00,36,744.49,757.72,17.08
1,180.00,37,752.47,457.94,8.37
1,180.00,38,669.27,622.67,8.86
1,180.00,39,851.82,611.66,6.05
1,180.00,40,323.53,460.78,13.25
1,180.00,41,850.20,811.11,0.00
1,180.00,42,826.98,584.53,16.21
1,180.00,43,387.09,260.23,13.65
1,180.00,44,327.52,223.85,12.35
1,180.00,45,587.51,614.63,7.28
1,180.00,46,629.72,991.78,8.49
1,180.00,47,551.70,962.86,0.00
1,180.00,48,338.01,674.18,0.00
1,180.00,49,417.90,553.84,17.01
1,180.00,50,734.70,522.73,19.54
1,180.00,51,725.37,345.19,14.21
1,180.00,52,958.76,420.38,0.00
1,180.00,53,133.74,801.42,13.05
1,180.00,54,273.49,208.49,18.03
1,180.00,55,323.71,617.06,20.60
1,180.00,56,320.04,945.78,22.42
1,180.00,57,716.76,614.34,0.00
1,180.00,58,824.49,590.37,0.00
1,180.00,59,348.56,265.17,5.45
1,180.00,60,91.67,260.29,0.00
1,180.00,61,777.19,252.18,21.18
1,180.00,62,56.63,587.54,0.00
1,180.00,63,507.19,132.61,24.52
1,180.00,64,342.99,705.85,6.16
1,180.00,65,897.90,915.50,6.30
1,180.00,66,401.28,321.09,17.14
1,180.00,67,577.31,681.36,24.42
1,180.00,68,13.28,490.61,0.00
1,180.00,69,548.86,227.03,5.77
1,180.00,70,596.06,463.25,13.27
1,180.00,71,396.39,335.11,10.87
1,180.00,72,440.86,271.90,21.86
1,180.00,73,180.30,433.16,15.08
1,180.00,74,401.88,596.74,14.08
1,180.00,75,163.69,636.77,17.50
1,180.00,76,530.14,118.90,5.29
1,180.00,77,624.99,192.67,16.29
1,180.00,78,401.54,772.03,14.47
1,180.00,79,665.99,363.04,15.26
1,180.00,80,254.39,340.45,18.38
1,180.00,81,949.00,16.67,0.00
1,180.00,82,80.29,218.98,11.12
1,180.00,83,449.15,171.09,0.00
1,180.00,84,149.70,512.88,0.00
1,180.00,85,216.36,704.65,16.12
1,180.00,86,572.29,670.27,0.00
1,180.00,87,560.99,496.90,0.00
1,180.00,88,836.14,129.91,5.06
1,180.00,89,469.71,899.29,23.59
1,180.00,90,139.07,723.26,9.88
1,180.00,91,409.52,580.96,14.49
1,180.00,92,234.94,464.46,0.00
1,180.00,93,398.36,342.30,9.66
1,180.00,94,30.74,876.57,11.92
1,180.00,95,986.13,925.69,0.00
1,180.00,96,739.58,659.29,5.30
1,180.00,97,451.82,552.31,13.98
1,180.00,98,139.72,52.11,0.00
1,180.00,99,300.21,631.10,7.15
1,190.00,0,554.88,123.60,19.56
1,190.00,1,226.84,256.41,17.38
1,190.00,2,559.13,260.96,6.19
1,190.00,3,652.63,358.99,23.85
1,190.00,4,258.48,497.77,13.76
1,190.00,5,353.11,367.79,9.34
1,190.00,6,385.38,590.16,0.00
1,190.00,7,448.41,272.19,5.79
1,190.00,8,826.05,585.91,8.69
1,190.00,9,125.62,611.14,12.77
1,190.00,10,341.80,256.99,5.44
1,190.00,11,296.30,427.53,11.41
1,190.00,12,3.72,540.96,12.92
1,190.00,13,507.13,609.43,11.03
1,190.00,14,355.81,492.76,13.51
1,190.00,15,443.23,431.02,19.22
1,190.00,16,677.72,616.26,19.36
1,190.00,17,539.94,409.26,6.75
1,190.00,18,712.87,825.01,9.31
1,190.00,19,615.18,275.97,7.69
1,190.00,20,445.60,697.92,10.94
1,190.00,21,399.19,357.46,0.00
1,190.00,22,584.52,743.20,23.13
1,190.00,23,82.35,288.31,0.00
1,190.00,24,22.47,357.31,6.65
1,190.00,25,207.47,814.02,0.00
1,190.00,26,335.31,159.29,6.16
1,190.00,27,550.43,163.11,11.15
1,190.00,28,657.73,384.44,8.88
1,190.00,29,244.36,278.25,7.87
1,190.00,30,734.36,465.73,12.23
1,190.00,31,390.96,534.21,12.53
1,190.00,32,912.37,798.39,8.64
1,190.00,33,629.34,489.69,22.39
1,190.00,34,669.17,842.27,6.73
1,190.00,35,964.07,907.99,9.52
1,190.00,36,599.02,668.21,17.08
1,190.00,37,681.06,414.33,8.37
1,190.00,38,694.24,537.61,8.86
1,190.00,39,838.07,552.70,6.05
1,190.00,40,224.45,548.76,13.25
1,190.00,41,785.48,674.51,20.89
1,190.00,42,886.35,691.64,0.00
1,190.00,43,521.51,236.68,13.65
1,190.00,44,448.87,246.62,12.35
1,190.00,45,633.72,670.92,7.28
1,190.00,46,646.16,908.52,8.49
1,190.00,47,521.24,799.05,18.17
1,190.00,48,478.85,732.29,21.54
1,190.00,49,444.50,385.84,17.01
1,190.00,50,750.93,434.30,0.00
1,190.00,51,749.32,205.10,14.21
1,190.00,52,830.19,449.69,18.89
1,190.00,53,106.31,831.51,0.00
1,190.00,54,216.45,135.33,0.00
1,190.00,55,198.63,622.50,0.00
1,190.00,56,96.89,967.01,22.42
1,190.00,57,733.07,638.54,24.01
1,190.00,58,806.07,614.94,16.59
1,190.00,59,356.78,319.07,5.45
1,190.00,60,190.34,288.87,13.14
1,190.00,61,935.48,281.67,0.00
1,190.00,62,120.46,585.47,7.50
1,190.00,63,729.90,235.14,24.52
1,190.00,64,301.60,751.47,6.16
1,190.00,65,921.44,970.45,0.00
1,190.00,66,374.60,490.43,17.14
1,190.00,67,818.04,722.50,24.42
1,190.00,68,70.55,450.76,19.80
1,190.00,69,517.41,275.37,5.77
1,190.00,70,687.58,367.22,13.27
1,190.00,71,354.86,253.68,0.00
1,190.00,72,247.56,374.01,21.86
1,190.00,73,137.39,577.70,15.08
1,190.00,74,533.49,546.72,14.08
1,190.00,75,314.60,548.19,17.50
1,190.00,76,582.85,123.92,5.29
1,190.00,77,787.67,200.30,16.29
1,190.00,78,510.23,676.57,14.47
1,190.00,79,693.05,212.81,15.26
1,190.00,80,342.53,501.77,18.38
1,190.00,81,943.77,71.37,12.76
1,190.00,82,140.50,312.52,11.12
1,190.00,83,458.40,215.33,14.48
1,190.00,84,148.21,501.07,11.41
1,190.00,85,60.85,662.09,16.12
1,190.00,86,542.61,610.63,12.84
1,190.00,87,630.04,579.54,12.45
1,190.00,88,881.32,107.20,5.06
1,190.00,89,458.34,938.55,0.00
1,190.00,90,130.49,624.80,9.88
1,190.00,91,407.41,436.04,14.49
1,190.00,92,300.58,456.09,6.69
1,190.00,93,466.14,411.06,9.66
1,190.00,94,30.31,757.38,11.92
1,190.00,95,972.08,914.04,20.15
1,190.00,96,780.79,692.59,5.30
1,190.00,97,453.33,535.42,0.00
1,190.00,98,139.81,52.60,7.55
1,190.00,99,295.75,559.71,7.15
1,200.00,0,683.49,270.93,19.56
1,200.00,1,111.11,126.78,17.38
1,200.00,2,501.54,283.71,6.19
1,200.00,3,418.95,406.73,23.85
1,200.00,4,181.61,611.92,13.76
1,200.00,5,394.13,283.93,9.34
1,200.00,6,416.37,565.52,24.70
1,200.00,7,423.78,242.71,0.00
1,200.00,8,833.52,672.45,8.69
1,200.00,9,250.25,638.91,12.77
1,200.00,10,304.33,296.46,5.44
1,200.00,11,397.24,374.25,11.41
1,200.00,12,2.77,553.18,0.00
1,200.00,13,587.39,533.82,11.03
1,200.00,14,433.22,382.00,13.51
1,200.00,15,484.01,452.95,0.00
1,200.00,16,814.82,669.30,0.00
1,200.00,17,588.86,362.73,6.75
1,200.00,18,620.00,817.88,9.31
1,200.00,19,626.80,351.99,7.69
1,200.00,20,406.04,799.90,10.94
1,200.00,21,216.10,391.96,24.74
1,200.00,22,399.10,881.54,23.13
1,200.00,23,149.74,377.41,17.43
1,200.00,24,25.17,423.81,6.65
1,200.00,25,241.68,800.19,7.86
1,200.00,26,392.98,137.56,6.16
1,200.00,27,445.16,199.93,11.15
1,200.00,28,650.87,403.23,0.00
1,200.00,29,245.28,199.58,7.87
1,200.00,30,804.71,438.49,0.00
1,200.00,31,446.07,421.74,12.53
1,200.00,32,851.68,736.95,8.64
1,200.00,33,572.90,273.06,22.39
1,200.00,34,694.82,780.07,6.73
1,200.00,35,967.56,931.09,0.00
1,200.00,36,453.55,578.71,17.08
1,200.00,37,609.64,370.72,8.37
1,200.00,38,719.20,452.55,8.86
1,200.00,39,824.32,493.75,6.05
1,200.00,40,128.20,634.21,0.00
1,200.00,41,696.04,485.73,20.89
1,200.00,42,861.73,661.10,16.06
1,200.00,43,563.79,229.27,0.00
1,200.00,44,570.23,269.40,12.35
1,200.00,45,679.92,727.21,7.28
1,200.00,46,662.60,825.27,8.49
1,200.00,47,488.02,620.42,18.17
1,200.00,48,677.94,814.44,21.54
1,200.00,49,471.09,217.84,17.01
1,200.00,50,691.93,385.72,14.16
1,200.00,51,773.26,65.00,14.21
1,200.00,52,646.02,491.66,18.89
1,200.00,53,251.10,742.25,24.72
1,200.00,54,236.35,223.27,18.57
1,200.00,55,207.01,594.65,7.41
1,200.00,56,47.73,971.68,0.00
1,200.00,57,867.27,837.65,24.01
1,200.00,58,706.53,747.71,16.59
1,200.00,59,365.01,372.97,5.45
1,200.00,60,316.55,325.43,13.14
1,200.00,61,880.56,305.45,24.95
1,200.00,62,129.08,585.19,0.00
1,200.00,63,947.59,335.36,0.00
1,200.00,64,260.22,797.10,6.16
1,200.00,65,918.44,969.54,6.10
1,200.00,66,347.93,659.76,17.14
1,200.00,67,820.44,722.91,0.00
1,200.00,68,233.12,337.67,19.80
1,200.00,69,485.95,323.70,5.77
1,200.00,70,779.10,271.19,13.27
1,200.00,71,367.15,257.60,8.09
1,200.00,72,144.05,428.69,0.00
1,200.00,73,94.48,722.25,15.08
1,200.00,74,665.10,496.70,14.08
1,200.00,75,465.50,459.62,17.50
1,200.00,76,635.56,128.94,5.29
1,200.00,77,947.84,207.81,0.00
1,200.00,78,618.92,581.11,14.47
1,200.00,79,698.49,182.61,0.00
1,200.00,80,430.67,663.10,18.38
1,200.00,81,931.61,198.41,12.76
1,200.00,82,200.71,406.07,11.12
1,200.00,83,488.04,357.11,14.48
1,200.00,84,133.92,387.84,11.41
1,200.00,85,45.00,657.75,0.00
1,200.00,86,485.37,495.64,12.84
1,200.00,87,709.87,675.09,12.45
1,200.00,88,921.45,87.03,0.00
1,200.00,89,426.73,738.88,24.45
1,200.00,90,121.91,526.33,9.88
1,200.00,91,405.30,291.13,14.49
1,200.00,92,366.98,447.63,6.69
1,200.00,93,533.93,479.82,9.66
1,200.00,94,29.89,638.19,11.92
1,200.00,95,910.68,863.15,0.00
1,200.00,96,822.00,725.89,5.30
1,200.00,97,541.72,636.94,15.32
1,200.00,98,153.66,126.85,7.55
1,200.00,99,291.29,488.33,7.15
1,210.00,0,769.12,369.02,0.00
1,210.00,1,71.90,82.87,0.00
1,210.00,2,443.95,306.47,6.19
1,210.00,3,185.27,454.48,23.85
1,210.00,4,104.75,726.07,13.76
1,210.00,5,435.14,200.06,9.34
1,210.00,6,609.69,411.83,24.70
1,210.00,7,486.11,227.43,19.05
1,210.00,8,840.99,758.98,8.69
1,210.00,9,374.88,666.67,12.77
1,210.00,10,266.85,335.93,5.44
1,210.00,11,498.18,320.97,11.41
1,210.00,12,49.61,483.98,9.23
1,210.00,13,667.64,458.21,11.03
1,210.00,14,510.62,271.24,13.51
1,210.00,15,457.17,484.33,5.44
1,210.00,16,828.83,636.62,14.76
1,210.00,17,605.43,346.97,0.00
1,210.00,18,527.14,810.74,9.31
1,210.00,19,638.41,428.00,7.69
1,210.00,20,366.48,901.88,10.94
1,210.00,21,38.30,425.46,0.00
1,210.00,22,355.19,914.30,0.00
1,210.00,23,181.25,419.08,0.00
1,210.00,24,27.86,490.30,6.65
1,210.00,25,314.56,770.72,7.86
1,210.00,26,435.90,121.39,0.00
1,210.00,27,339.89,236.75,11.15
1,210.00,28,532.16,458.77,16.91
1,210.00,29,246.20,120.90,7.87
1,210.00,30,764.55,506.93,20.71
1,210.00,31,501.19,309.27,12.53
1,210.00,32,790.99,675.50,8.64
1,210.00,33,562.40,232.76,0.00
1,210.00,34,720.47,717.87,6.73
1,210.00,35,973.58,922.49,0.00
1,210.00,36,308.08,489.20,17.08
1,210.00,37,538.23,327.11,8.37
1,210.00,38,723.76,437.02,0.00
1,210.00,39,810.57,434.79,6.05
1,210.00,40,131.31,635.70,12.06
1,210.00,41,606.61,296.96,20.89
1,210.00,42,760.98,536.08,16.06
1,210.00,43,466.13,315.40,18.99
1,210.00,44,625.85,279.84,0.00
1,210.00,45,726.12,783.50,7.28
1,210.00,46,679.04,742.01,8.49
1,210.00,47,458.52,461.78,0.00
1,210.00,48,877.03,896.59,21.54
1,210.00,49,478.14,173.34,0.00
1,210.00,50,582.63,295.73,14.16
1,210.00,51,779.66,27.52,0.00
1,210.00,52,482.52,528.93,0.00
1,210.00,53,461.50,612.53,24.72
1,210.00,54,238.96,234.79,0.00
1,210.00,55,228.38,523.67,7.41
1,210.00,56,92.62,927.60,8.07
1,210.00,57,955.89,969.12,0.00
1,210.00,58,606.99,880.48,16.59
1,210.00,59,373.24,426.87,5.45
1,210.00,60,442.76,361.99,13.14
1,210.00,61,651.64,404.61,24.95
1,210.00,62,295.90,710.49,23.57
1,210.00,63,945.98,340.23,22.67
1,210.00,64,218.83,842.72,6.16
1,210.00,65,860.01,952.00,6.10
1,210.00,66,321.25,829.09,17.14
1,210.00,67,807.21,667.09,5.79
1,210.00,68,321.97,275.85,0.00
1,210.00,69,454.50,372.04,5.77
1,210.00,70,831.01,216.73,0.00
1,210.00,71,444.24,282.19,8.09
1,210.00,72,149.86,537.63,23.48
1,210.00,73,92.57,728.67,0.00
1,210.00,74,733.62,470.65,0.00
1,210.00,75,593.89,384.25,0.00
1,210.00,76,688.27,133.95,5.29
1,210.00,77,947.31,208.96,8.24
1,210.00,78,727.62,485.65,14.47
1,210.00,79,637.80,226.96,9.41
1,210.00,80,518.81,824.43,18.38
1,210.00,81,919.46,325.45,12.76
1,210.00,82,260.93,499.62,11.12
1,210.00,83,517.67,498.89,14.48
1,210.00,84,126.79,331.38,0.00
1,210.00,85,173.45,653.29,14.31
1,210.00,86,428.14,380.65,12.84
1,210.00,87,787.68,768.21,0.00
1,210.00,88,893.68,88.52,24.87
1,210.00,89,400.49,573.13,0.00
1,210.00,90,113.34,427.87,9.88
1,210.00,91,403.19,146.21,14.49
1,210.00,92,433.37,439.16,6.69
1,210.00,93,601.72,548.59,9.66
1,210.00,94,29.47,518.99,11.92
1,210.00,95,855.87,824.55,11.09
1,210.00,96,863.21,759.18,5.30
1,210.00,97,629.24,737.45,0.00
1,210.00,98,167.51,201.10,7.55
1,210.00,99,286.82,416.94,7.15
1,220.00,0,741.27,404.42,13.48
1,220.00,1,124.55,139.22,11.66
1,220.00,2,386.37,329.23,6.19
1,220.00,3,53.03,481.50,0.00
1,220.00,4,55.61,799.04,0.00
1,220.00,5,476.15,116.20,9.34
1,220.00,6,631.01,394.87,0.00
1,220.00,7,671.11,182.08,19.05
1,220.00,8,842.15,772.40,0.00
1,220.00,9,499.52,694.44,12.77
1,220.00,10,229.37,375.41,5.44
1,220.00,11,543.85,296.87,0.00
1,220.00,12,101.37,407.53,9.23
1,220.00,13,747.90,382.60,11.03
1,220.00,14,588.03,160.48,13.51
1,220.00,15,421.80,525.67,5.44
1,220.00,16,887.02,500.93,14.76
1,220.00,17,516.79,359.72,13.54
1,220.00,18,434.27,803.61,9.31
1,220.00,19,650.02,504.01,7.69
1,220.00,20,341.08,967.38,0.00
1,220.00,21,73.05,427.32,12.96
1,220.00,22,465.62,865.09,15.84
1,220.00,23,172.75,559.17,20.04
1,220.00,24,30.56,556.80,6.65
1,220.00,25,369.29,748.59,0.00
1,220.00,26,407.91,136.29,12.40
1,220.00,27,234.62,273.57,11.15
1,220.00,28,463.12,491.06,0.00
1,220.00,29,246.31,111.55,0.00
1,220.00,30,659.73,685.58,20.71
1,220.00,31,556.31,196.79,12.53
1,220.00,32,730.30,614.05,8.64
1,220.00,33,547.23,279.09,5.99
1,220.00,34,746.11,655.67,6.73
1,220.00,35,977.61,755.44,24.44
1,220.00,36,174.69,407.13,0.00
1,220.00,37,466.82,283.50,8.37
1,220.00,38,682.50,405.30,6.37
1,220.00,39,796.82,375.83,6.05
1,220.00,40,240.08,687.88,12.06
1,220.00,41,517.17,108.19,20.89
1,220.00,42,660.23,411.06,16.06
1,220.00,43,323.68,441.05,18.99
1,220.00,44,581.21,204.90,0.00
1,220.00,45,772.33,839.80,7.28
1,220.00,46,695.48,658.75,8.49
1,220.00,47,471.74,467.73,12.95
1,220.00,48,980.63,939.33,0.00
1,220.00,49,523.39,244.59,11.48
1,220.00,50,541.49,261.87,0.00
1,220.00,51,714.55,94.08,12.71
1,220.00,52,469.92,514.45,17.10
1,220.00,53,671.91,482.81,24.72
1,220.00,54,267.89,332.52,10.89
1,220.00,55,249.75,452.68,7.41
1,220.00,56,150.19,871.06,8.07
1,220.00,57,932.29,923.93,15.01
1,220.00,58,528.64,984.98,0.00
1,220.00,59,381.46,480.77,5.45
1,220.00,60,568.97,398.55,13.14
1,220.00,61,422.72,503.77,24.95
1,220.00,62,484.39,852.08,23.57
1,220.00,63,875.03,555.56,22.67
1,220.00,64,177.44,888.35,6.16
1,220.00,65,801.59,934.46,6.10
1,220.00,66,302.19,950.12,0.00
1,220.00,67,793.84,610.71,5.79
1,220.00,68,341.32,323.93,11.43
1,220.00,69,423.04,420.37,5.77
1,220.00,70,743.69,210.48,20.22
1,220.00,71,521.33,306.79,8.09
1,220.00,72,162.36,772.12,23.48
1,220.00,73,201.56,633.61,15.13
1,220.00,74,702.31,504.70,9.65
1,220.00,75,603.67,371.00,11.04
1,220.00,76,740.98,138.97,5.29
1,220.00,77,912.49,283.68,8.24
1,220.00,78,836.31,390.19,14.47
1,220.00,79,561.85,282.47,9.41
1,220.00,80,520.62,827.74,0.00
1,220.00,81,907.31,452.49,12.76
1,220.00,82,321.14,593.16,11.12
1,220.00,83,524.31,530.61,0.00
1,220.00,84,212.35,386.72,20.32
1,220.00,85,316.48,648.32,14.31
1,220.00,86,370.91,265.66,12.84
1,220.00,87,784.57,765.72,15.70
1,220.00,88,645.32,101.83,24.87
1,220.00,89,422.73,568.45,7.24
1,220.00,90,104.76,329.40,9.88
1,220.00,91,401.89,56.84,0.00
1,220.00,92,499.76,430.69,6.69
1,220.00,93,669.51,617.35,9.66
1,220.00,94,29.04,399.80,11.92
1,220.00,95,765.17,760.68,11.09
1,220.00,96,904.42,792.48,5.30
1,220.00,97,623.94,732.11,5.78
1,220.00,98,181.36,275.34,7.55
1,220.00,99,282.36,345.55,7.15
1,230.00,0,723.93,426.45,0.00
1,230.00,1,204.18,224.43,11.66
1,230.00,2,328.78,351.99,6.19
1,230.00,3,110.10,479.75,13.15
1,230.00,4,80.74,749.13,15.49
1,230.00,5,485.34,97.41,0.00
1,230.00,6,633.55,553.97,17.88
1,230.00,7,838.43,141.06,0.00
1,230.00,8,828.68,672.69,11.91
1,230.00,9,624.15,722.21,12.77
1,230.00,10,191.89,414.88,5.44
1,230.00,11,530.58,369.35,0.00
1,230.00,12,153.13,331.08,9.23
1,230.00,13,828.16,306.99,11.03
1,230.00,14,647.69,75.13,0.00
1,230.00,15,386.44,567.01,5.44
1,230.00,16,945.20,365.25,14.76
1,230.00,17,382.74,379.01,13.54
1,230.00,18,341.41,796.48,9.31
1,230.00,19,661.64,580.03,7.69
1,230.00,20,351.21,948.75,5.93
1,230.00,21,202.50,434.22,12.96
1,230.00,22,610.32,800.60,15.84
1,230.00,23,171.77,575.36,0.00
1,230.00,24,31.99,592.15,0.00
1,230.00,25,379.41,709.51,16.22
1,230.00,26,298.44,194.55,12.40
1,230.00,27,129.35,310.39,11.15
1,230.00,28,431.45,438.81,11.12
1,230.00,29,262.95,199.36,10.14
1,230.00,30,555.25,863.66,0.00
1,230.00,31,586.13,135.95,0.00
1,230.00,32,669.61,552.60,8.64
1,230.00,33,528.60,336.00,5.99
1,230.00,34,771.76,593.47,6.73
1,230.00,35,983.52,511.06,24.44
1,230.00,36,186.30,411.82,15.08
1,230.00,37,395.41,239.90,8.37
1,230.00,38,632.02,366.48,6.37
1,230.00,39,783.07,316.88,6.05
1,230.00,40,348.84,740.05,12.06
1,230.00,41,484.66,39.58,0.00
1,230.00,42,559.49,286.04,16.06
1,230.00,43,181.23,566.70,18.99
1,230.00,44,577.01,208.46,7.50
1,230.00,45,818.53,896.09,7.28
1,230.00,46,711.93,575.50,8.49
1,230.00,47,589.77,520.88,12.95
1,230.00,48,950.86,902.96,9.80
1,230.00,49,584.95,341.50,11.48
1,230.00,50,598.56,221.92,11.17
1,230.00,51,625.64,184.96,12.71
1,230.00,52,357.67,385.51,17.10
1,230.00,53,882.32,353.09,24.72
1,230.00,54,298.79,436.90,10.89
1,230.00,55,271.12,381.69,7.41
1,230.00,56,207.76,814.53,8.07
1,230.00,57,921.48,903.24,0.00
1,230.00,58,545.39,979.52,8.27
1,230.00,59,389.69,534.66,5.45
1,230.00,60,695.18,435.11,13.14
1,230.00,61,228.01,588.11,0.00
1,230.00,62,662.34,985.74,0.00
1,230.00,63,866.14,582.55,0.00
1,230.00,64,136.06,933.98,6.16
1,230.00,65,743.16,916.91,6.10
1,230.00,66,318.63,882.69,24.33
1,230.00,67,780.47,554.33,5.79
1,230.00,68,383.99,429.97,11.43
1,230.00,69,391.58,468.71,5.77
1,230.00,70,541.99,196.05,20.22
1,230.00,71,598.42,331.38,8.09
1,230.00,72,170.15,918.21,0.00
1,230.00,73,315.62,534.13,15.13
1,230.00,74,637.00,575.72,9.65
1,230.00,75,669.18,282.18,11.04
1,230.00,76,793.69,143.99,5.29
1,230.00,77,877.67,358.40,8.24
1,230.00,78,945.00,294.73,14.47
1,230.00,79,485.90,337.98,9.41
1,230.00,80,554.90,628.37,20.65
1,230.00,81,895.15,579.53,12.76
1,230.00,82,381.35,686.71,11.12
1,230.00,83,405.15,400.55,22.72
1,230.00,84,383.01,497.11,20.32
1,230.00,85,402.01,645.35,0.00
1,230.00,86,318.15,159.64,0.00
1,230.00,87,662.11,667.48,15.70
1,230.00,88,399.91,114.98,0.00
1,230.00,89,493.60,553.50,7.24
1,230.00,90,96.18,230.94,9.88
1,230.00,91,476.43,88.41,21.12
1,230.00,92,566.16,422.22,6.69
1,230.00,93,737.29,686.11,9.66
1,230.00,94,28.88,354.62,0.00
1,230.00,95,674.46,696.81,11.09
1,230.00,96,934.44,816.74,0.00
1,230.00,97,583.24,691.09,5.78
1,230.00,98,195.21,349.59,7.55
1,230.00,99,277.90,274.17,7.15
1,240.00,0,679.64,418.00,5.69
1,240.00,1,283.80,309.63,11.66
1,240.00,2,271.19,374.75,6.19
1,240.00,3,241.58,475.74,13.15
1,240.00,4,150.42,610.76,15.49
1,240.00,5,465.84,134.80,5.43
1,240.00,6,636.40,732.79,17.88
1,240.00,7,830.62,152.08,14.13
1,240.00,8,812.75,554.69,11.91
1,240.00,9,748.78,749.98,12.77
1,240.00,10,160.54,447.90,0.00
1,240.00,11,558.24,348.49,15.65
1,240.00,12,199.12,263.16,0.00
1,240.00,13,903.18,236.31,0.00
1,240.00,14,652.92,98.96,10.64
1,240.00,15,351.07,608.34,5.44
1,240.00,16,992.22,255.59,0.00
1,240.00,17,248.69,398.29,13.54
1,240.00,18,248.54,789.35,9.31
1,240.00,19,673.25,656.04,7.69
1,240.00,20,379.51,896.70,5.93
1,240.00,21,331.94,441.13,12.96
1,240.00,22,755.02,736.12,15.84
1,240.00,23,307.56,680.43,18.68
1,240.00,24,72.52,610.68,9.52
1,240.00,25,420.07,552.51,16.22
1,240.00,26,188.97,252.80,12.40
1,240.00,27,24.08,347.21,11.15
1,240.00,28,373.79,343.72,11.12
1,240.00,29,281.84,299.01,10.14
1,240.00,30,554.88,863.08,21.00
1,240.00,31,615.69,213.68,18.12
1,240.00,32,608.92,491.16,8.64
1,240.00,33,509.97,392.92,5.99
1,240.00,34,797.40,531.27,6.73
1,240.00,35,989.43,266.68,24.44
1,240.00,36,326.06,468.33,15.08
1,240.00,37,324.00,196.29,8.37
1,240.00,38,581.55,327.67,6.37
1,240.00,39,769.33,257.92,6.05
1,240.00,40,457.61,792.23,12.06
1,240.00,41,631.68,99.54,24.94
1,240.00,42,458.74,161.02,16.06
1,240.00,43,38.78,692.34,18.99
1,240.00,44,519.80,256.92,7.50
1,240.00,45,864.73,952.38,7.28
1,240.00,46,714.52,562.35,0.00
1,240.00,47,663.92,554.27,0.00
1,240.00,48,888.81,827.12,9.80
1,240.00,49,646.51,438.42,11.48
1,240.00,50,690.07,157.86,11.17
1,240.00,51,536.74,275.84,12.71
1,240.00,52,245.41,256.56,17.10
1,240.00,53,945.61,314.07,0.00
1,240.00,54,329.70,541.27,10.89
1,240.00,55,292.49,310.70,7.41
1,240.00,56,265.33,757.99,8.07
1,240.00,57,816.40,882.05,12.69
1,240.00,58,624.02,953.85,8.27
1,240.00,59,397.92,588.56,5.45
1,240.00,60,795.02,464.03,0.00
1,240.00,61,255.38,570.29,21.84
1,240.00,62,660.07,981.99,7.83
1,240.00,63,815.28,590.53,5.89
1,240.00,64,112.40,960.06,0.00
1,240.00,65,684.74,899.37,6.10
1,240.00,66,376.26,646.35,24.33
1,240.00,67,767.10,497.96,5.79
1,240.00,68,426.66,536.00,11.43
1,240.00,69,360.13,517.04,5.77
1,240.00,70,377.44,184.27,0.00
1,240.00,71,658.69,350.61,0.00
1,240.00,72,170.47,860.84,15.22
1,240.00,73,429.67,434.65,15.13
1,240.00,74,571.70,646.74,9.65
1,240.00,75,734.70,193.35,11.04
1,240.00,76,807.80,145.33,0.00
1,240.00,77,842.84,433.12,8.24
1,240.00,78,946.73,293.22,0.00
1,240.00,79,409.94,393.48,9.41
1,240.00,80,589.90,424.81,20.65
1,240.00,81,883.00,706.57,12.76
1,240.00,82,400.10,715.84,0.00
1,240.00,83,363.30,354.87,0.00
1,240.00,84,553.66,607.51,20.32
1,240.00,85,498.77,624.61,24.61
1,240.00,86,327.30,160.43,11.77
1,240.00,87,539.65,569.25,15.70
1,240.00,88,398.15,115.74,16.08
1,240.00,89,564.47,538.56,7.24
1,240.00,90,87.60,132.48,9.88
1,240.00,91,670.90,170.79,21.12
1,240.00,92,632.55,413.76,6.69
1,240.00,93,805.08,754.87,9.66
1,240.00,94,120.47,433.21,19.43
1,240.00,95,583.76,632.93,11.09
1,240.00,96,890.16,774.91,22.43
1,240.00,97,542.55,650.06,5.78
1,240.00,98,209.06,423.84,7.55
1,240.00,99,273.44,202.78,7.15
1,250.00,0,623.71,407.32,5.69
1,250.00,1,363.42,394.84,11.66
1,250.00,2,229.57,391.20,0.00
1,250.00,3,373.05,471.73,13.15
1,250.00,4,220.09,472.39,15.49
1,250.00,5,440.70,182.99,5.43
1,250.00,6,638.41,858.90,0.00
1,250.00,7,748.92,267.33,14.13
1,250.00,8,806.18,506.02,0.00
1,250.00,9,842.49,770.86,0.00
1,250.00,10,155.78,464.29,10.44
1,250.00,11,683.17,254.27,15.65
1,250.00,12,218.44,278.07,21.87
1,250.00,13,899.71,235.41,5.50
1,250.00,14,675.73,202.85,10.64
1,250.00,15,315.71,649.68,5.44
1,250.00,16,958.08,279.41,21.70
1,250.00,17,203.22,404.83,0.00
1,250.00,18,155.68,782.22,9.31
1,250.00,19,684.86,732.06,7.69
1,250.00,20,407.82,844.65,5.93
1,250.00,21,461.38,448.03,12.96
1,250.00,22,875.94,682.23,0.00
1,250.00,23,455.31,794.75,18.68
1,250.00,24,159.07,650.24,9.52
1,250.00,25,460.72,395.51,16.22
1,250.00,26,79.50,311.06,12.40
1,250.00,27,22.54,347.75,0.00
1,250.00,28,316.13,248.63,11.12
1,250.00,29,300.73,398.66,10.14
1,250.00,30,441.62,686.22,21.00
1,250.00,31,680.09,383.03,18.12
1,250.00,32,548.23,429.71,8.64
1,250.00,33,491.33,449.84,5.99
1,250.00,34,823.05,469.07,6.73
1,250.00,35,992.20,152.25,0.00
1,250.00,36,465.82,524.84,15.08
1,250.00,37,295.77,179.05,0.00
1,250.00,38,531.07,288.86,6.37
1,250.00,39,755.58,198.96,6.05
1,250.00,40,566.38,844.40,12.06
1,250.00,41,862.63,193.72,24.94
1,250.00,42,424.23,118.21,0.00
1,250.00,43,28.77,701.17,0.00
1,250.00,44,462.59,305.37,7.50
1,250.00,45,874.98,964.87,0.00
1,250.00,46,587.57,569.71,15.10
1,250.00,47,704.09,585.56,13.69
1,250.00,48,826.75,751.29,9.80
1,250.00,49,708.07,535.34,11.48
1,250.00,50,769.50,102.25,0.00
1,250.00,51,447.83,366.71,12.71
1,250.00,52,133.16,127.61,17.10
1,250.00,53,953.50,151.65,23.26
1,250.00,54,360.60,645.64,10.89
1,250.00,55,313.86,239.71,7.41
1,250.00,56,322.90,701.45,8.07
1,250.00,57,691.96,856.97,12.69
1,250.00,58,702.65,928.19,8.27
1,250.00,59,406.14,642.46,5.45
1,250.00,60,799.85,479.02,7.54
1,250.00,61,438.42,451.12,21.84
1,250.00,62,619.61,914.95,7.83
1,250.00,63,757.13,599.65,5.89
1,250.00,64,97.32,869.38,21.46
1,250.00,65,626.31,881.82,6.10
1,250.00,66,433.88,410.01,24.33
1,250.00,67,753.73,441.58,5.79
1,250.00,68,462.31,624.58,0.00
1,250.00,69,328.67,565.37,5.77
1,250.00,70,400.31,190.24,12.83
1,250.00,71,612.10,373.59,23.80
1,250.00,72,171.34,708.69,15.22
1,250.00,73,465.81,403.13,0.00
1,250.00,74,506.39,717.75,9.65
1,250.00,75,764.53,152.91,0.00
1,250.00,76,799.86,185.59,5.60
1,250.00,77,808.02,507.84,8.24
1,250.00,78,899.31,314.33,5.27
1,250.00,79,333.99,448.99,9.41
1,250.00,80,624.90,221.25,20.65
1,250.00,81,873.73,803.44,0.00
1,250.00,82,361.73,617.72,15.30
1,250.00,83,494.13,314.81,18.81
1,250.00,84,724.32,717.90,20.32
1,250.00,85,739.44,573.02,24.61
1,250.00,86,444.52,170.53,11.77
1,250.00,87,417.19,471.01,15.70
1,250.00,88,250.61,179.64,16.08
1,250.00,89,635.35,523.62,7.24
1,250.00,90,79.27,36.77,0.00
1,250.00,91,859.92,250.85,0.00
1,250.00,92,698.94,405.29,6.69
1,250.00,93,815.89,765.84,0.00
1,250.00,94,267.94,559.77,19.43
1,250.00,95,493.06,569.06,11.09
1,250.00,96,727.11,620.90,22.43
1,250.00,97,501.85,609.03,5.78
1,250.00,98,222.91,498.09,7.55
1,250.00,99,269.72,143.30,0.00
1,260.00,0,567.79,396.65,5.69
1,260.00,1,443.04,480.05,11.66
1,260.00,2,274.89,349.86,22.13
1,260.00,3,504.53,467.71,13.15
1,260.00,4,281.16,351.11,0.00
1,260.00,5,415.56,231.17,5.43
1,260.00,6,613.84,828.28,13.32
1,260.00,7,667.21,382.58,14.13
1,260.00,8,670.39,452.87,24.82
1,260.00,9,838.99,741.27,12.01
1,260.00,10,126.67,564.58,10.44
1,260.00,11,808.10,160.06,15.65
1,260.00,12,391.56,411.66,21.87
1,260.00,13,846.53,221.55,5.50
1,260.00,14,698.54,306.75,10.64
1,260.00,15,280.34,691.01,5.44
1,260.00,16,780.11,403.59,21.70
1,260.00,17,197.15,560.70,23.61
1,260.00,18,68.92,775.55,0.00
1,260.00,19,696.48,808.07,7.69
1,260.00,20,436.13,792.60,5.93
1,260.00,21,590.83,454.93,12.96
1,260.00,22,851.15,677.92,15.31
1,260.00,23,603.05,909.07,18.68
1,260.00,24,245.62,689.80,9.52
1,260.00,25,501.37,238.51,16.22
1,260.00,26,78.24,311.73,0.00
1,260.00,27,196.40,349.94,17.65
1,260.00,28,258.47,153.54,11.12
1,260.00,29,319.62,498.32,10.14
1,260.00,30,328.36,509.35,21.00
1,260.00,31,744.49,552.37,18.12
1,260.00,32,487.54,368.26,8.64
1,260.00,33,472.70,506.75,5.99
1,260.00,34,848.70,406.87,6.73
1,260.00,35,917.05,234.94,21.01
1,260.00,36,516.01,545.13,0.00
1,260.00,37,401.49,191.59,17.60
1,260.00,38,480.60,250.05,6.37
1,260.00,39,741.83,140.01,6.05
1,260.00,40,675.14,896.58,12.06
1,260.00,41,873.65,198.21,0.00
1,260.00,42,546.90,83.09,19.40
1,260.00,43,70.13,537.26,18.18
1,260.00,44,405.39,353.83,7.50
1,260.00,45,827.75,905.20,9.78
1,260.00,46,436.82,578.45,15.10
1,260.00,47,812.12,669.69,13.69
1,260.00,48,764.69,675.45,9.80
1,260.00,49,762.68,621.31,0.00
1,260.00,50,762.10,110.25,8.26
1,260.00,51,358.93,457.59,12.71
1,260.00,52,62.03,45.91,0.00
1,260.00,53,958.15,55.98,0.00
1,260.00,54,391.50,750.01,10.89
1,260.00,55,335.23,168.72,7.41
1,260.00,56,380.48,644.91,8.07
1,260.00,57,567.52,831.88,12.69
1,260.00,58,707.48,926.61,0.00
1,260.00,59,414.37,696.36,5.45
1,260.00,60,823.01,550.75,7.54
1,260.00,61,621.47,331.96,21.84
1,260.00,62,579.14,847.92,7.83
1,260.00,63,698.98,608.77,5.89
1,260.00,64,80.35,767.38,0.00
1,260.00,65,567.88,864.28,6.10
1,260.00,66,465.28,281.25,0.00
1,260.00,67,740.36,385.20,5.79
1,260.00,68,465.14,612.88,7.32
1,260.00,69,297.21,613.71,5.77
1,260.00,70,524.42,222.61,12.83
1,260.00,71,398.67,478.87,23.80
1,260.00,72,172.20,556.53,15.22
1,260.00,73,399.19,488.48,15.85
1,260.00,74,441.08,788.77,9.65
1,260.00,75,703.70,230.18,18.06
1,260.00,76,789.03,240.58,5.60
1,260.00,77,773.20,582.56,8.24
1,260.00,78,851.13,335.78,5.27
1,260.00,79,258.03,504.50,9.41
1,260.00,80,637.34,148.90,0.00
1,260.00,81,844.77,798.30,12.39
1,260.00,82,306.02,475.23,15.30
1,260.00,83,674.02,259.74,18.81
1,260.00,84,731.54,722.57,0.00
1,260.00,85,895.32,539.60,0.00
1,260.00,86,561.75,180.62,11.77
1,260.00,87,317.43,390.99,0.00
1,260.00,88,103.07,243.54,16.08
1,260.00,89,706.22,508.67,7.24
1,260.00,90,84.43,39.68,21.15
1,260.00,91,857.57,252.76,10.78
1,260.00,92,765.34,396.82,6.69
1,260.00,93,795.07,661.78,12.63
1,260.00,94,415.42,686.32,19.43
1,260.00,95,402.35,505.18,11.09
1,260.00,96,564.05,466.89,22.43
1,260.00,97,461.16,568.01,5.78
1,260.00,98,236.76,572.33,7.55
1,260.00,99,280.71,161.35,12.67
1,270.00,0,511.86,385.98,5.69
1,270.00,1,522.66,565.26,11.66
1,270.00,2,299.49,327.43,0.00
1,270.00,3,636.00,463.70,13.15
1,270.00,4,307.90,353.77,21.76
1,270.00,5,411.88,238.22,0.00
1,270.00,6,530.48,724.39,13.32
1,270.00,7,585.51,497.83,14.13
1,270.00,8,439.29,362.40,24.82
1,270.00,9,824.89,622.02,12.01
1,270.00,10,120.26,586.66,0.00
1,270.00,11,836.45,138.68,0.00
1,270.00,12,564.68,545.25,21.87
1,270.00,13,793.36,207.69,5.50
1,270.00,14,721.35,410.65,10.64
1,270.00,15,244.98,732.35,5.44
1,270.00,16,632.50,506.59,0.00
1,270.00,17,187.98,796.61,23.61
1,270.00,18,80.85,772.56,18.72
1,270.00,19,708.09,884.08,7.69
1,270.00,20,464.44,740.55,5.93
1,270.00,21,720.27,461.84,12.96
1,270.00,22,700.36,651.65,15.31
1,270.00,23,704.34,987.44,0.00
1,270.00,24,332.17,729.36,9.52
1,270.00,25,508.89,209.46,0.00
1,270.00,26,90.32,391.19,8.13
1,270.00,27,372.85,352.17,17.65
1,270.00,28,200.81,58.44,11.12
1,270.00,29,338.51,597.97,10.14
1,270.00,30,249.69,386.50,0.00
1,270.00,31,747.74,560.91,0.00
1,270.00,32,426.85,306.81,8.64
1,270.00,33,454.07,563.67,5.99
1,270.00,34,853.31,395.68,0.00
1,270.00,35,775.72,390.45,21.01
1,270.00,36,557.97,660.27,19.12
1,270.00,37,477.92,200.65,0.00
1,270.00,38,430.12,211.24,6.37
1,270.00,39,733.97,106.32,0.00
1,270.00,40,687.59,902.55,0.00
1,270.00,41,730.94,298.81,18.33
1,270.00,42,733.46,29.68,19.40
1,270.00,43,114.61,360.95,18.18
1,270.00,44,348.18,402.28,7.50
1,270.00,45,767.04,828.51,9.78
1,270.00,46,286.07,587.19,15.10
1,270.00,47,920.15,753.82,13.69
1,270.00,48,702.63,599.62,9.80
1,270.00,49,746.20,610.60,17.40
1,270.00,50,706.02,170.83,8.26
1,270.00,51,270.02,548.47,12.71
1,270.00,52,149.55,43.65,23.90
1,270.00,53,856.74,132.18,21.57
1,270.00,54,422.40,854.39,10.89
1,270.00,55,350.42,118.29,0.00
1,270.00,56,438.05,588.37,8.07
1,270.00,57,443.08,806.79,12.69
1,270.00,58,625.91,801.04,15.95
1,270.00,59,422.59,750.26,5.45
1,270.00,60,846.17,622.47,7.54
1,270.00,61,804.52,212.79,21.84
1,270.00,62,538.68,780.88,7.83
1,270.00,63,640.83,617.88,5.89
1,270.00,64,119.74,646.56,24.53
1,270.00,65,509.46,846.74,6.10
1,270.00,66,430.84,380.33,23.04
1,270.00,67,726.99,328.82,5.79
1,270.00,68,482.39,541.78,7.32
1,270.00,69,265.76,662.04,5.77
1,270.00,70,648.53,254.98,12.83
1,270.00,71,342.03,506.80,0.00
1,270.00,72,173.07,404.38,15.22
1,270.00,73,301.68,613.40,15.85
1,270.00,74,375.78,859.79,9.65
1,270.00,75,592.03,372.06,18.06
1,270.00,76,778.19,295.56,5.60
1,270.00,77,738.38,657.27,8.24
1,270.00,78,802.95,357.24,5.27
1,270.00,79,182.08,560.00,9.41
1,270.00,80,615.84,293.06,22.61
1,270.00,81,722.82,776.65,12.39
1,270.00,82,250.30,332.75,15.30
1,270.00,83,853.91,204.66,18.81
1,270.00,84,654.63,749.40,8.51
1,270.00,85,868.75,559.08,9.35
1,270.00,86,647.87,188.04,0.00
1,270.00,87,315.60,420.13,15.74
1,270.00,88,38.12,271.66,0.00
1,270.00,89,777.10,493.73,7.24
1,270.00,90,268.70,143.47,21.15
1,270.00,91,773.89,320.69,10.78
1,270.00,92,831.73,388.36,6.69
1,270.00,93,770.29,537.96,12.63
1,270.00,94,492.31,752.30,0.00
1,270.00,95,311.65,441.31,11.09
1,270.00,96,401.00,312.88,22.43
1,270.00,97,420.47,526.98,5.78
1,270.00,98,250.61,646.58,7.55
1,270.00,99,346.58,269.54,12.67
1,280.00,0,455.94,375.31,5.69
1,280.00,1,542.99,587.01,0.00
1,280.00,2,351.90,385.39,9.20
1,280.00,3,653.33,463.17,0.00
1,280.00,4,524.41,375.31,21.76
1,280.00,5,485.00,339.21,14.61
1,280.00,6,447.12,620.50,13.32
1,280.00,7,503.80,613.08,14.13
1,280.00,8,314.16,313.42,0.00
1,280.00,9,814.77,536.44,0.00
1,280.00,10,184.23,547.55,9.61
1,280.00,11,841.33,188.57,6.48
1,280.00,12,737.80,678.84,21.87
1,280.00,13,740.18,193.83,5.50
1,280.00,14,744.16,514.55,10.64
1,280.00,15,209.62,773.69,5.44
1,280.00,16,655.69,482.08,19.78
1,280.00,17,184.63,882.69,0.00
1,280.00,18,262.41,727.10,18.72
1,280.00,19,709.70,894.63,0.00
1,280.00,20,492.75,688.49,5.93
1,280.00,21,750.89,463.47,0.00
1,280.00,22,549.57,625.38,15.31
1,280.00,23,646.77,944.45,22.85
1,280.00,24,418.72,768.92,9.52
1,280.00,25,656.87,269.45,19.59
1,280.00,26,102.54,471.56,8.13
1,280.00,27,549.30,354.40,17.65
1,280.00,28,166.91,2.53,0.00
1,280.00,29,357.40,697.62,10.14
1,280.00,30,286.16,379.31,12.17
1,280.00,31,700.44,553.96,5.03
1,280.00,32,366.16,245.37,8.64
1,280.00,33,435.44,620.58,5.99
1,280.00,34,798.39,373.02,7.25
1,280.00,35,634.39,545.96,21.01
1,280.00,36,623.45,839.93,19.12
1,280.00,37,518.99,276.46,15.32
1,280.00,38,379.65,172.43,6.37
1,280.00,39,683.37,139.27,14.08
1,280.00,40,632.90,763.07,16.92
1,280.00,41,581.09,404.44,18.33
1,280.00,42,784.18,15.16,0.00
1,280.00,43,156.70,194.15,0.00
1,280.00,44,290.97,450.74,7.50
1,280.00,45,706.33,751.82,9.78
1,280.00,46,135.32,595.93,15.10
1,280.00,47,992.64,810.27,0.00
1,280.00,48,640.57,523.78,9.80
1,280.00,49,600.32,515.73,17.40
1,280.00,50,649.94,231.41,8.26
1,280.00,51,200.10,619.95,0.00
1,280.00,52,388.42,37.48,23.90
1,280.00,53,684.31,261.74,21.57
1,280.00,54,439.07,910.70,0.00
1,280.00,55,366.89,127.92,6.59
1,280.00,56,495.62,531.84,8.07
1,280.00,57,318.64,781.71,12.69
1,280.00,58,539.00,667.24,15.95
1,280.00,59,430.82,804.16,5.45
1,280.00,60,869.32,694.19,7.54
1,280.00,61,819.70,202.90,0.00
1,280.00,62,498.21,713.84,7.83
1,280.00,63,582.68,627.00,5.89
1,280.00,64,195.75,413.36,24.53
1,280.00,65,451.03,829.19,6.10
1,280.00,66,355.18,597.99,23.04
1,280.00,67,713.62,272.44,5.79
1,280.00,68,499.63,470.68,7.32
1,280.00,69,234.30,710.38,5.77
1,280.00,70,772.64,287.34,12.83
1,280.00,71,459.18,585.91,19.24
1,280.00,72,173.93,252.23,15.22
1,280.00,73,204.17,738.31,15.85
1,280.00,74,339.70,899.02,0.00
1,280.00,75,480.36,513.93,18.06
1,280.00,76,767.35,350.54,5.60
1,280.00,77,703.56,731.99,8.24
1,280.00,78,754.77,378.69,5.27
1,280.00,79,106.13,615.51,9.41
1,280.00,80,582.49,516.70,22.61
1,280.00,81,600.88,755.00,12.39
1,280.00,82,194.59,190.26,15.30
1,280.00,83,991.80,162.44,0.00
1,280.00,84,574.33,777.42,8.51
1,280.00,85,793.33,614.38,9.35
1,280.00,86,664.89,140.63,18.99
1,280.00,87,305.68,577.24,15.74
1,280.00,88,117.92,226.33,16.39
1,280.00,89,847.97,478.79,7.24
1,280.00,90,452.96,247.26,21.15
1,280.00,91,690.20,388.62,10.78
1,280.00,92,898.12,379.89,6.69
1,280.00,93,745.51,414.15,12.63
1,280.00,94,511.95,827.76,16.29
1,280.00,95,220.95,377.43,11.09
1,280.00,96,237.95,158.86,22.43
1,280.00,97,379.77,485.96,5.78
1,280.00,98,264.46,720.83,7.55
1,280.00,99,412.46,377.73,12.67
1,290.00,0,400.01,364.63,5.69
1,290.00,1,438.95,694.84,20.12
1,290.00,2,413.60,453.61,9.20
1,290.00,3,475.42,358.64,23.77
1,290.00,4,740.92,396.85,21.76
1,290.00,5,570.66,457.53,14.61
1,290.00,6,363.76,516.61,13.32
1,290.00,7,422.09,728.34,14.13
1,290.00,8,354.28,351.81,12.11
1,290.00,9,795.20,524.91,8.04
1,290.00,10,266.26,497.40,9.61
1,290.00,11,847.65,253.11,6.48
1,290.00,12,910.92,812.42,21.87
1,290.00,13,687.01,179.97,5.50
1,290.00,14,766.96,618.44,10.64
1,290.00,15,174.25,815.02,5.44
1,290.00,16,791.64,338.40,19.78
1,290.00,17,251.24,758.36,22.21
1,290.00,18,443.98,681.64,18.72
1,290.00,19,592.61,757.09,20.97
1,290.00,20,521.06,636.44,5.93
1,290.00,21,715.46,490.90,5.87
1,290.00,22,398.78,599.12,15.31
1,290.00,23,463.69,807.73,22.85
1,290.00,24,505.27,808.48,9.52
1,290.00,25,718.58,294.47,0.00
1,290.00,26,114.76,551.94,8.13
1,290.00,27,586.43,354.87,0.00
1,290.00,28,213.20,66.05,19.08
1,290.00,29,376.30,797.28,10.14
1,290.00,30,405.57,355.74,12.17
1,290.00,31,650.63,546.63,5.03
1,290.00,32,305.47,183.92,8.64
1,290.00,33,416.81,677.50,5.99
1,290.00,34,731.42,345.39,7.25
1,290.00,35,493.07,701.48,21.01
1,290.00,36,640.63,887.08,0.00
1,290.00,37,591.96,411.15,15.32
1,290.00,38,329.17,133.61,6.37
1,290.00,39,565.33,216.11,14.08
1,290.00,40,571.15,605.57,16.92
1,290.00,41,431.23,510.07,18.33
1,290.00,42,671.44,47.78,16.12
1,290.00,43,163.64,203.51,21.60
1,290.00,44,280.49,459.62,0.00
1,290.00,45,645.62,675.14,9.78
1,290.00,46,124.95,596.53,0.00
1,290.00,47,966.87,771.73,14.09
1,290.00,48,578.52,447.95,9.80
1,290.00,49,454.44,420.86,17.40
1,290.00,50,593.86,292.00,8.26
1,290.00,51,218.41,619.28,8.58
1,290.00,52,627.30,31.31,23.90
1,290.00,53,555.69,358.39,0.00
1,290.00,54,433.38,848.21,13.63
1,290.00,55,423.77,161.19,6.59
1,290.00,56,553.19,475.30,8.07
1,290.00,57,194.20,756.62,12.69
1,290.00,58,452.09,533.44,15.95
1,290.00,59,439.05,858.06,5.45
1,290.00,60,892.48,765.91,7.54
1,290.00,61,835.23,260.45,6.50
1,290.00,62,457.75,646.81,7.83
1,290.00,63,524.53,636.12,5.89
1,290.00,64,242.21,270.84,0.00
1,290.00,65,392.61,811.65,6.10
1,290.00,66,279.53,815.66,23.04
1,290.00,67,700.25,216.06,5.79
1,290.00,68,516.87,399.58,7.32
1,290.00,69,202.84,758.71,5.77
1,290.00,70,881.77,315.81,0.00
1,290.00,71,618.63,693.59,19.24
1,290.00,72,174.12,219.17,0.00
1,290.00,73,106.66,863.23,15.85
1,290.00,74,352.54,831.17,15.43
1,290.00,75,368.69,655.81,18.06
1,290.00,76,756.52,405.52,5.60
1,290.00,77,668.74,806.71,8.24
1,290.00,78,706.59,400.15,5.27
1,290.00,79,81.51,633.50,0.00
1,290.00,80,560.00,667.49,0.00
1,290.00,81,478.93,733.34,12.39
1,290.00,82,138.87,47.77,15.30
1,290.00,83,972.84,164.39,8.17
1,290.00,84,494.02,805.43,8.51
1,290.00,85,717.90,669.68,9.35
1,290.00,86,703.39,33.33,0.00
1,290.00,87,297.45,707.68,0.00
1,290.00,88,196.91,181.46,0.00
1,290.00,89,918.85,463.85,7.24
1,290.00,90,637.23,351.05,21.15
1,290.00,91,606.51,456.55,10.78
1,290.00,92,935.75,375.09,0.00
1,290.00,93,743.48,404.01,0.00
1,290.00,94,553.00,985.40,16.29
1,290.00,95,171.05,342.30,0.00
1,290.00,96,86.76,16.06,0.00
1,290.00,97,339.08,444.93,5.78
1,290.00,98,278.31,795.07,7.55
1,290.00,99,478.33,485.92,12.67
1,300.00,0,344.09,353.96,5.69
1,300.00,1,377.16,758.88,0.00
1,300.00,2,475.30,521.83,9.20
1,300.00,3,270.51,238.24,23.77
1,300.00,4,803.02,403.03,0.00
1,300.00,5,608.20,509.39,0.00
1,300.00,6,280.40,412.72,13.32
1,300.00,7,340.39,843.59,14.13
1,300.00,8,441.77,435.52,12.11
1,300.00,9,725.88,484.08,8.04
1,300.00,10,348.29,447.25,9.61
1,300.00,11,853.97,317.65,6.48
1,300.00,12,992.60,875.45,0.00
1,300.00,13,639.45,167.57,0.00
1,300.00,14,789.77,722.34,10.64
1,300.00,15,138.89,856.36,5.44
1,300.00,16,876.00,249.23,0.00
1,300.00,17,356.12,562.58,22.21
1,300.00,18,625.54,636.17,18.72
1,300.00,19,456.65,597.41,20.97
1,300.00,20,546.14,590.32,0.00
1,300.00,21,669.03,526.84,5.87
1,300.00,22,247.98,572.85,15.31
1,300.00,23,280.60,671.01,22.85
1,300.00,24,591.82,848.04,9.52
1,300.00,25,742.47,410.92,18.01
1,300.00,26,126.98,632.32,8.13
1,300.00,27,673.60,530.48,24.83
1,300.00,28,325.57,220.24,19.08
1,300.00,29,395.19,896.93,10.14
1,300.00,30,524.99,332.17,12.17
1,300.00,31,600.82,539.31,5.03
1,300.00,32,260.37,138.26,0.00
1,300.00,33,398.17,734.42,5.99
1,300.00,34,664.44,317.76,7.25
1,300.00,35,361.39,846.37,0.00
1,300.00,36,537.25,810.74,17.42
1,300.00,37,664.93,545.85,15.32
1,300.00,38,278.70,94.80,6.37
1,300.00,39,447.30,292.95,14.08
1,300.00,40,509.39,448.07,16.92
1,300.00,41,349.48,567.70,0.00
1,300.00,42,516.59,92.59,16.12
1,300.00,43,198.23,250.15,0.00
1,300.00,44,415.71,536.48,19.05
1,300.00,45,584.91,598.45,9.78
1,300.00,46,135.56,438.06,17.05
1,300.00,47,888.52,654.59,14.09
1,300.00,48,516.46,372.11,9.80
1,300.00,49,363.56,361.76,0.00
1,300.00,50,537.78,352.58,8.26
1,300.00,51,304.18,616.14,8.58
1,300.00,52,866.17,25.13,23.90
1,300.00,53,585.28,334.11,15.07
1,300.00,54,421.01,712.49,13.63
1,300.00,55,480.64,194.46,6.59
1,300.00,56,610.76,418.76,8.07
1,300.00,57,158.67,749.45,0.00
1,300.00,58,365.17,399.65,15.95
1,300.00,59,447.27,911.95,5.45
1,300.00,60,915.64,837.63,7.54
1,300.00,61,852.16,323.21,6.50
1,300.00,62,417.28,579.77,7.83
1,300.00,63,466.38,645.24,5.89
1,300.00,64,296.62,328.05,20.30
1,300.00,65,334.18,794.11,6.10
1,300.00,66,267.92,849.06,0.00
1,300.00,67,686.88,159.68,5.79
1,300.00,68,522.67,375.69,0.00
1,300.00,69,171.39,807.05,5.77
1,300.00,70,866.03,332.40,18.95
1,300.00,71,778.08,801.27,19.24
1,300.00,72,305.11,335.65,22.39
1,300.00,73,10.38,986.56,0.00
1,300.00,74,368.25,748.09,0.00
1,300.00,75,257.02,797.68,18.06
1,300.00,76,745.68,460.50,5.60
1,300.00,77,634.29,880.64,0.00
1,300.00,78,687.21,408.78,0.00
1,300.00,79,70.26,687.71,8.19
1,300.00,80,585.54,636.71,12.28
1,300.00,81,356.99,711.69,12.39
1,300.00,82,130.18,25.54,0.00
1,300.00,83,891.61,172.73,8.17
1,300.00,84,443.90,822.92,0.00
1,300.00,85,642.48,724.98,9.35
1,300.00,86,675.51,49.56,8.07
1,300.00,87,307.98,688.09,13.10
1,300.00,88,212.79,256.42,17.18
1,300.00,89,983.33,450.25,0.00
1,300.00,90,765.27,423.17,0.00
1,300.00,91,522.83,524.48,10.78
1,300.00,92,833.30,355.97,24.05
1,300.00,93,618.23,495.83,16.92
1,300.00,94,554.59,991.49,0.00
1,300.00,95,139.09,302.55,11.34
1,300.00,96,93.24,25.45,15.69
1,300.00,97,298.38,403.90,5.78
1,300.00,98,291.17,864.02,0.00
1,300.00,99,544.21,594.11,12.67
1,310.00,0,288.16,343.29,5.69
1,310.00,1,252.26,738.47,22.69
1,310.00,2,536.99,590.05,9.20
1,310.00,3,139.80,161.44,0.00
1,310.00,4,808.38,486.57,11.74
1,310.00,5,681.85,595.87,20.22
1,310.00,6,197.04,308.83,13.32
1,310.00,7,258.68,958.84,14.13
1,310.00,8,529.27,519.23,12.11
1,310.00,9,656.57,443.26,8.04
1,310.00,10,430.32,397.10,9.61
1,310.00,11,860.29,382.19,6.48
1,310.00,12,954.75,781.11,19.25
1,310.00,13,649.15,191.29,24.23
1,310.00,14,812.58,826.24,10.64
1,310.00,15,103.52,897.69,5.44
1,310.00,16,858.36,262.44,5.81
1,310.00,17,461.00,366.80,22.21
1,310.00,18,753.57,604.12,0.00
1,310.00,19,320.70,437.72,20.97
1,310.00,20,551.31,592.86,5.05
1,310.00,21,622.61,562.77,5.87
1,310.00,22,97.19,546.59,15.31
1,310.00,23,244.34,643.93,0.00
1,310.00,24,623.67,862.60,0.00
1,310.00,25,778.67,587.33,18.01
1,310.00,26,139.21,712.70,8.13
1,310.00,27,784.01,752.88,24.83
1,310.00,28,437.94,374.44,19.08
1,310.00,29,406.48,956.49,0.00
1,310.00,30,644.40,308.61,12.17
1,310.00,31,551.01,531.99,5.03
1,310.00,32,311.98,174.56,24.55
1,310.00,33,395.38,742.94,0.00
1,310.00,34,597.46,290.13,7.25
1,310.00,35,367.50,832.62,22.03
1,310.00,36,397.08,707.25,17.42
1,310.00,37,737.90,680.54,15.32
1,310.00,38,228.22,55.99,6.37
1,310.00,39,329.26,369.80,14.08
1,310.00,40,508.41,445.58,0.00
1,310.00,41,316.41,594.50,9.37
1,310.00,42,361.74,137.40,16.12
1,310.00,43,309.66,267.74,15.43
1,310.00,44,581.28,630.60,19.05
1,310.00,45,524.21,521.76,9.78
1,310.00,46,146.96,267.90,17.05
1,310.00,47,810.17,537.44,14.09
1,310.00,48,454.40,296.27,9.80
1,310.00,49,285.90,408.94,24.11
1,310.00,50,481.70,413.16,8.26
1,310.00,51,389.95,613.00,8.58
1,310.00,52,962.82,22.64,0.00
1,310.00,53,701.75,238.54,15.07
1,310.00,54,408.65,576.77,13.63
1,310.00,55,537.52,227.73,6.59
1,310.00,56,668.33,362.22,8.07
1,310.00,57,209.76,660.85,14.32
1,310.00,58,278.26,265.85,15.95
1,310.00,59,452.65,947.20,0.00
1,310.00,60,938.79,909.35,7.54
1,310.00,61,859.69,351.12,0.00
1,310.00,62,376.82,512.73,7.83
1,310.00,63,408.23,654.36,5.89
1,310.00,64,436.53,475.17,20.30
1,310.00,65,275.75,776.56,6.10
1,310.00,66,374.55,674.19,24.20
1,310.00,67,673.52,103.30,5.79
1,310.00,68,426.27,316.27,17.06
1,310.00,69,170.71,808.09,0.00
1,310.00,70,735.59,469.88,18.95
1,310.00,71,875.30,866.92,0.00
1,310.00,72,472.45,484.45,22.39
1,310.00,73,11.55,985.76,11.17
1,310.00,74,344.97,666.11,18.86
1,310.00,75,250.24,806.29,0.00
1,310.00,76,734.85,515.48,5.60
1,310.00,77,636.16,880.16,18.32
1,310.00,78,601.77,409.95,14.29
1,310.00,79,53.61,767.93,8.19
1,310.00,80,663.96,542.21,12.28
1,310.00,81,235.04,690.04,12.39
1,310.00,82,284.90,106.60,20.70
1,310.00,83,810.38,181.08,8.17
1,310.00,84,471.28,765.27,16.98
1,310.00,85,567.05,780.28,9.35
1,310.00,86,605.76,90.18,8.07
1,310.00,87,370.02,572.66,13.10
1,310.00,88,248.40,424.54,17.18
1,310.00,89,977.19,450.24,6.80
1,310.00,90,707.20,418.33,19.10
1,310.00,91,439.14,592.41,10.78
1,310.00,92,596.88,311.84,24.05
1,310.00,93,481.81,595.84,16.92
1,310.00,94,649.03,817.49,20.59
1,310.00,95,68.06,214.19,11.34
1,310.00,96,182.22,154.65,15.69
1,310.00,97,257.69,362.88,5.78
1,310.00,98,299.89,850.64,22.34
1,310.00,99,584.71,660.63,0.00
1,320.00,0,232.24,332.61,5.69
1,320.00,1,176.15,726.04,0.00
1,320.00,2,598.69,658.27,9.20
1,320.00,3,204.77,206.31,21.80
1,320.00,4,815.45,596.76,0.00
1,320.00,5,812.96,749.83,20.22
1,320.00,6,113.68,204.95,13.32
1,320.00,7,258.39,959.26,0.00
1,320.00,8,616.77,602.94,12.11
1,320.00,9,587.25,402.43,8.04
1,320.00,10,512.35,346.95,9.61
1,320.00,11,866.61,446.73,6.48
1,320.00,12,883.07,602.49,19.25
1,320.00,13,740.85,415.55,24.23
1,320.00,14,835.39,930.14,10.64
1,320.00,15,94.29,908.48,0.00
1,320.00,16,811.87,297.25,5.81
1,320.00,17,565.88,171.03,22.21
1,320.00,18,717.09,644.70,18.50
1,320.00,19,241.33,344.50,0.00
1,320.00,20,596.65,615.08,5.05
1,320.00,21,576.19,598.71,5.87
1,320.00,22,76.68,543.01,0.00
1,320.00,23,293.91,723.41,11.68
1,320.00,24,592.25,844.04,5.77
1,320.00,25,814.87,763.75,18.01
1,320.00,26,151.43,793.07,8.13
1,320.00,27,799.71,784.51,0.00
1,320.00,28,550.32,528.63,19.08
1,320.00,29,379.91,957.62,0.00
1,320.00,30,763.81,285.04,12.17
1,320.00,31,501.20,524.67,5.03
1,320.00,32,512.82,315.83,24.55
1,320.00,33,402.15,804.37,7.27
1,320.00,34,539.01,266.02,0.00
1,320.00,35,457.01,631.30,22.03
1,320.00,36,256.91,603.75,17.42
1,320.00,37,776.34,751.49,0.00
1,320.00,38,177.75,17.18,6.37
1,320.00,39,211.23,446.64,14.08
1,320.00,40,299.51,560.37,24.22
1,320.00,41,243.65,653.47,9.37
1,320.00,42,206.90,182.21,16.12
1,320.00,43,462.06,291.80,15.43
1,320.00,44,732.43,716.52,0.00
1,320.00,45,463.50,445.07,9.78
1,320.00,46,155.25,144.14,0.00
1,320.00,47,731.82,420.30,14.09
1,320.00,48,415.31,248.51,0.00
1,320.00,49,207.93,456.31,0.00
1,320.00,50,425.62,473.74,8.26
1,320.00,51,475.72,609.87,8.58
1,320.00,52,910.92,102.24,15.96
1,320.00,53,818.22,142.97,15.07
1,320.00,54,396.28,441.06,13.63
1,320.00,55,594.40,261.00,6.59
1,320.00,56,706.14,325.09,0.00
1,320.00,57,281.29,536.83,14.32
1,320.00,58,235.14,199.46,0.00
1,320.00,59,429.97,882.44,19.83
1,320.00,60,961.95,981.07,7.54
1,320.00,61,753.73,334.53,19.32
1,320.00,62,336.35,445.70,7.83
1,320.00,63,350.08,663.48,5.89
1,320.00,64,576.45,622.29,20.30
1,320.00,65,217.33,759.02,6.10
1,320.00,66,500.52,467.61,24.20
1,320.00,67,660.15,46.92,5.79
1,320.00,68,326.83,254.98,0.00
1,320.00,69,258.52,735.93,11.62
1,320.00,70,605.15,607.37,18.95
1,320.00,71,901.76,889.17,8.86
1,320.00,72,639.80,633.25,22.39
1,320.00,73,103.40,922.14,11.17
1,320.00,74,293.45,484.69,18.86
1,320.00,75,236.50,737.57,7.46
1,320.00,76,724.01,570.46,5.60
1,320.00,77,813.51,834.30,18.32
1,320.00,78,458.87,411.91,14.29
1,320.00,79,36.97,848.14,8.19
1,320.00,80,732.85,459.20,0.00
1,320.00,81,113.10,668.38,12.39
1,320.00,82,468.23,202.64,20.70
1,320.00,83,729.16,189.42,8.17
1,320.00,84,544.13,611.86,16.98
1,320.00,85,491.63,835.58,9.35
1,320.00,86,536.00,130.80,8.07
1,320.00,87,432.06,457.22,13.10
1,320.00,88,284.02,592.65,17.18
1,320.00,89,909.21,450.08,6.80
1,320.00,90,516.89,402.44,19.10
1,320.00,91,355.45,660.34,10.78
1,320.00,92,565.26,305.94,0.00
1,320.00,93,345.39,695.86,16.92
1,320.00,94,747.26,636.50,20.59
1,320.00,95,65.73,211.29,0.00
1,320.00,96,271.21,283.85,15.69
1,320.00,97,216.99,321.85,5.78
1,320.00,98,421.86,663.42,22.34
1,320.00,99,537.95,677.93,12.94
1,330.00,0,220.79,330.43,0.00
1,330.00,1,223.53,684.88,9.51
1,330.00,2,660.38,726.49,9.20
1,330.00,3,384.17,330.21,21.80
1,330.00,4,806.70,606.96,22.63
1,330.00,5,831.66,771.80,0.00
1,330.00,6,35.66,107.72,0.00
1,330.00,7,438.86,895.03,19.23
1,330.00,8,704.26,686.65,12.11
1,330.00,9,517.93,361.60,8.04
1,330.00,10,594.39,296.80,9.61
1,330.00,11,872.93,511.27,6.48
1,330.00,12,843.96,505.02,0.00
1,330.00,13,832.54,639.81,24.23
1,330.00,14,840.55,953.66,0.00
1,330.00,15,180.11,828.17,15.90
1,330.00,16,765.37,332.06,5.81
1,330.00,17,653.66,7.17,0.00
1,330.00,18,593.40,782.31,18.50
1,330.00,19,303.04,375.40,16.58
1,330.00,20,642.00,637.31,5.05
1,330.00,21,529.77,634.64,5.87
1,330.00,22,142.84,385.97,19.72
1,330.00,23,355.73,822.51,11.68
1,330.00,24,542.53,814.69,5.77
1,330.00,25,842.50,898.42,0.00
1,330.00,26,161.47,859.13,0.00
1,330.00,27,820.32,647.37,16.17
1,330.00,28,662.69,682.83,19.08
1,330.00,29,398.19,944.32,13.13
1,330.00,30,883.22,261.48,12.17
1,330.00,31,451.39,517.35,5.03
1,330.00,32,641.83,406.58,0.00
1,330.00,33,404.61,826.78,0.00
1,330.00,34,537.75,272.54,5.22
1,330.00,35,473.57,594.05,0.00
1,330.00,36,116.74,500.25,17.42
1,330.00,37,680.80,722.83,21.07
1,330.00,38,166.84,8.79,0.00
1,330.00,39,93.19,523.48,14.08
1,330.00,40,87.25,677.00,24.22
1,330.00,41,170.89,712.44,9.37
1,330.00,42,63.01,223.85,0.00
1,330.00,43,614.45,315.86,15.43
1,330.00,44,715.19,724.24,21.68
1,330.00,45,402.79,368.38,9.78
1,330.00,46,171.54,162.02,8.87
1,330.00,47,653.47,303.15,14.09
1,330.00,48,402.89,282.72,9.84
1,330.00,49,242.75,437.90,6.34
1,330.00,50,369.54,534.33,8.26
1,330.00,51,561.50,606.73,8.58
1,330.00,52,823.76,235.94,15.96
1,330.00,53,934.70,47.40,15.07
1,330.00,54,393.29,408.21,0.00
1,330.00,55,651.28,294.27,6.59
1,330.00,56,742.21,399.27,24.03
1,330.00,57,352.81,412.80,14.32
1,330.00,58,247.69,320.90,24.23
1,330.00,59,364.40,695.26,19.83
1,330.00,60,967.74,999.01,0.00
1,330.00,61,562.90,304.65,19.32
1,330.00,62,295.89,378.66,7.83
1,330.00,63,291.94,672.60,5.89
1,330.00,64,716.36,769.41,20.30
1,330.00,65,158.90,741.47,6.10
1,330.00,66,626.48,261.04,24.20
1,330.00,67,651.62,10.99,0.00
1,330.00,68,323.47,293.67,12.32
1,330.00,69,348.27,662.17,11.62
1,330.00,70,474.70,744.85,18.95
1,330.00,71,952.42,931.77,0.00
1,330.00,72,807.14,782.06,22.39
1,330.00,73,195.25,858.53,11.17
1,330.00,74,241.93,303.27,18.86
1,330.00,75,221.88,664.41,7.46
1,330.00,76,713.17,625.44,5.60
1,330.00,77,952.24,798.42,0.00
1,330.00,78,315.97,413.87,14.29
1,330.00,79,20.33,928.36,8.19
1,330.00,80,719.29,473.30,16.09
1,330.00,81,109.09,667.67,0.00
1,330.00,82,651.57,298.68,20.70
1,330.00,83,647.93,197.77,8.17
1,330.00,84,616.98,458.45,16.98
1,330.00,85,416.21,890.88,9.35
1,330.00,86,466.25,171.41,8.07
1,330.00,87,494.09,341.79,13.10
1,330.00,88,319.64,760.77,17.18
1,330.00,89,841.22,449.93,6.80
1,330.00,90,326.58,386.55,19.10
1,330.00,91,271.77,728.27,10.78
1,330.00,92,485.23,368.46,11.72
1,330.00,93,314.05,718.83,0.00
1,330.00,94,845.50,455.51,20.59
1,330.00,95,213.90,338.45,20.19
1,330.00,96,360.20,413.05,15.69
1,330.00,97,176.30,280.83,5.78
1,330.00,98,543.82,476.20,22.34
1,330.00,99,416.57,722.85,12.94
1,340.00,0,356.27,468.26,24.30
1,340.00,1,295.29,622.55,9.51
1,340.00,2,722.08,794.71,9.20
1,340.00,3,563.57,454.11,21.80
1,340.00,4,699.16,732.28,0.00
1,340.00,5,661.39,770.85,19.86
1,340.00,6,44.83,119.12,22.79
1,340.00,7,619.99,830.58,19.23
1,340.00,8,774.54,753.88,0.00
1,340.00,9,448.61,320.77,8.04
1,340.00,10,624.85,278.17,0.00
1,340.00,11,879.25,575.82,6.48
1,340.00,12,819.54,445.19,14.22
1,340.00,13,917.32,847.16,0.00
1,340.00,14,749.87,860.44,16.81
1,340.00,15,296.23,719.50,15.90
1,340.00,16,718.88,366.86,5.81
1,340.00,17,644.26,26.47,13.17
1,340.00,18,539.69,842.06,0.00
1,340.00,19,451.31,449.64,16.58
1,340.00,20,687.35,659.53,5.05
1,340.00,21,483.35,670.57,5.87
1,340.00,22,218.92,205.39,0.00
1,340.00,23,381.43,863.70,0.00
1,340.00,24,492.82,785.33,5.77
1,340.00,25,841.71,856.62,17.67
1,340.00,26,182.26,839.45,16.06
1,340.00,27,844.35,487.49,16.17
1,340.00,28,697.69,730.85,0.00
1,340.00,29,504.36,867.09,13.13
1,340.00,30,975.95,243.18,0.00
1,340.00,31,401.58,510.03,5.03
1,340.00,32,712.76,422.25,20.31
1,340.00,33,421.96,719.72,15.72
1,340.00,34,527.84,323.78,5.22
1,340.00,35,333.77,557.72,17.72
1,340.00,36,26.08,433.30,0.00
1,340.00,37,532.49,678.34,0.00
1,340.00,38,117.56,138.43,17.69
1,340.00,39,7.75,579.11,0.00
1,340.00,40,17.43,715.37,0.00
1,340.00,41,104.84,765.97,0.00
1,340.00,42,77.84,231.48,23.57
1,340.00,43,766.84,339.92,15.43
1,340.00,44,517.33,812.94,21.68
1,340.00,45,342.08,291.70,9.78
1,340.00,46,231.29,227.57,8.87
1,340.00,47,596.17,217.48,0.00
1,340.00,48,369.32,375.17,9.84
1,340.00,49,298.76,408.28,6.34
1,340.00,50,313.46,594.91,8.26
1,340.00,51,647.27,603.59,8.58
1,340.00,52,736.59,369.65,15.96
1,340.00,53,985.59,5.64,0.00
1,340.00,54,477.79,442.95,12.05
1,340.00,55,708.16,327.54,6.59
1,340.00,56,847.29,615.38,24.03
1,340.00,57,424.34,288.78,14.32
1,340.00,58,272.59,561.94,24.23
1,340.00,59,298.84,508.08,19.83
1,340.00,60,841.02,909.83,20.66
1,340.00,61,372.06,274.77,19.32
1,340.00,62,255.42,311.62,7.83
1,340.00,63,233.79,681.72,5.89
1,340.00,64,856.28,916.53,20.30
1,340.00,65,100.48,723.93,6.10
1,340.00,66,752.45,54.46,24.20
1,340.00,67,648.82,40.96,8.30
1,340.00,68,312.80,416.44,12.32
1,340.00,69,438.03,588.41,11.62
1,340.00,70,344.26,882.34,18.95
1,340.00,71,952.12,900.51,12.37
1,340.00,72,881.30,848.00,0.00
1,340.00,73,287.10,794.91,11.17
1,340.00,74,190.41,121.85,18.86
1,340.00,75,207.25,591.25,7.46
1,340.00,76,702.34,680.42,5.60
1,340.00,77,920.26,832.37,21.42
1,340.00,78,303.52,414.04,0.00
1,340.00,79,11.00,973.32,0.00
1,340.00,80,607.74,589.28,16.09
1,340.00,81,189.08,695.69,8.76
1,340.00,82,669.16,307.90,0.00
1,340.00,83,566.71,206.11,8.17
1,340.00,84,689.83,305.04,16.98
1,340.00,85,340.78,946.18,9.35
1,340.00,86,396.50,212.03,8.07
1,340.00,87,556.13,226.36,13.10
1,340.00,88,355.26,928.89,17.18
1,340.00,89,773.24,449.77,6.80
1,340.00,90,136.27,370.67,19.10
1,340.00,91,188.08,796.20,10.78
1,340.00,92,392.85,440.62,11.72
1,340.00,93,468.90,762.48,20.89
1,340.00,94,906.42,343.27,0.00
1,340.00,95,367.11,469.92,20.19
1,340.00,96,449.19,542.24,15.69
1,340.00,97,135.60,239.80,5.78
1,340.00,98,665.79,288.98,22.34
1,340.00,99,295.19,767.76,12.94
1,350.00,0,429.15,542.41,0.00
1,350.00,1,367.05,560.21,9.51
1,350.00,2,767.96,845.44,0.00
1,350.00,3,620.84,493.66,0.00
1,350.00,4,673.42,716.32,11.21
1,350.00,5,462.79,769.75,19.86
1,350.00,6,187.67,296.67,22.79
1,350.00,7,801.11,766.12,19.23
1,350.00,8,798.87,763.91,13.37
1,350.00,9,379.29,279.94,8.04
1,350.00,10,659.66,381.16,17.29
1,350.00,11,885.57,640.36,6.48
1,350.00,12,765.78,313.50,14.22
1,350.00,13,901.99,836.20,24.99
1,350.00,14,632.66,739.95,16.81
1,350.00,15,412.35,610.83,15.90
1,350.00,16,672.38,401.67,5.81
1,350.00,17,586.61,144.89,13.17
1,350.00,18,565.20,795.64,9.36
1,350.00,19,599.58,523.88,16.58
1,350.00,20,732.70,681.76,5.05
1,350.00,21,436.93,706.51,5.87
1,350.00,22,219.30,205.47,6.00
1,350.00,23,340.98,743.31,21.74
1,350.00,24,443.11,755.97,5.77
1,350.00,25,838.36,679.97,17.67
1,350.00,26,298.92,729.01,16.06
1,350.00,27,868.38,327.62,16.17
1,350.00,28,805.70,632.87,21.18
1,350.00,29,610.52,789.87,13.13
1,350.00,30,926.28,240.12,22.27
1,350.00,31,351.77,502.71,5.03
1,350.00,32,911.08,466.08,20.31
1,350.00,33,447.10,564.52,15.72
1,350.00,34,517.93,375.01,5.22
1,350.00,35,162.23,513.15,17.72
1,350.00,36,52.76,449.62,8.85
1,350.00,37,524.80,661.66,6.92
1,350.00,38,54.68,303.78,17.69
1,350.00,39,56.21,585.49,17.71
1,350.00,40,89.12,701.97,0.00
1,350.00,41,110.68,763.38,6.93
1,350.00,42,250.34,320.18,0.00
1,350.00,43,919.24,363.97,15.43
1,350.00,44,319.48,901.63,21.68
1,350.00,45,281.37,215.01,9.78
1,350.00,46,291.03,293.12,8.87
1,350.00,47,602.00,246.32,10.95
1,350.00,48,335.76,467.61,9.84
1,350.00,49,354.77,378.66,6.34
1,350.00,50,257.38,655.49,8.26
1,350.00,51,733.04,600.45,8.58
1,350.00,52,649.42,503.35,15.96
1,350.00,53,972.95,69.59,11.58
1,350.00,54,589.28,488.78,12.05
1,350.00,55,765.04,360.81,6.59
1,350.00,56,872.34,666.89,0.00
1,350.00,57,495.86,164.76,14.32
1,350.00,58,297.49,802.98,24.23
1,350.00,59,270.30,426.61,0.00
1,350.00,60,672.04,790.90,20.66
1,350.00,61,181.23,244.89,19.32
1,350.00,62,217.86,249.41,0.00
1,350.00,63,175.64,690.84,5.89
1,350.00,64,893.32,955.48,0.00
1,350.00,65,46.27,707.65,0.00
1,350.00,66,768.78,27.69,0.00
1,350.00,67,641.09,123.60,8.30
1,350.00,68,302.13,539.20,12.32
1,350.00,69,476.64,556.67,0.00
1,350.00,70,309.66,918.81,0.00
1,350.00,71,950.94,776.83,12.37
1,350.00,72,839.56,831.20,8.08
1,350.00,73,378.95,731.30,11.17
1,350.00,74,165.17,32.96,0.00
1,350.00,75,192.62,518.10,7.46
1,350.00,76,691.50,735.40,5.60
1,350.00,77,861.64,894.59,0.00
1,350.00,78,291.15,497.76,9.27
1,350.00,79,28.79,908.37,15.32
1,350.00,80,496.19,705.25,16.09
1,350.00,81,271.79,724.65,8.76
1,350.00,82,738.40,510.67,23.70
1,350.00,83,541.59,208.69,0.00
1,350.00,84,762.68,151.63,16.98
1,350.00,85,278.84,991.59,0.00
1,350.00,86,326.74,252.64,8.07
1,350.00,87,618.16,110.93,13.10
1,350.00,88,355.67,930.85,0.00
1,350.00,89,705.25,449.61,6.80
1,350.00,90,15.42,360.58,0.00
1,350.00,91,104.39,864.13,10.78
1,350.00,92,300.47,512.79,11.72
1,350.00,93,669.92,819.15,20.89
1,350.00,94,867.09,258.22,24.67
1,350.00,95,520.32,601.39,20.19
1,350.00,96,538.17,671.44,15.69
1,350.00,97,94.91,198.77,5.78
1,350.00,98,787.76,101.76,22.34
1,350.00,99,173.81,812.68,12.94
1,360.00,0,508.52,508.70,15.07
1,360.00,1,438.82,497.88,9.51
1,360.00,2,724.19,835.59,17.50
1,360.00,3,584.63,525.81,7.11
1,360.00,4,578.15,657.28,11.21
1,360.00,5,391.79,769.35,0.00
1,360.00,6,330.52,474.21,22.79
1,360.00,7,941.77,716.07,0.00
1,360.00,8,915.07,811.81,0.00
1,360.00,9,309.97,239.12,8.04
1,360.00,10,708.44,525.48,0.00
1,360.00,11,891.89,704.90,6.48
1,360.00,12,760.53,300.63,0.00
1,360.00,13,698.73,690.88,24.99
1,360.00,14,515.45,619.45,16.81
1,360.00,15,528.47,502.15,15.90
1,360.00,16,625.89,436.48,5.81
1,360.00,17,528.96,263.32,13.17
1,360.00,18,610.29,713.59,9.36
1,360.00,19,674.47,561.38,0.00
1,360.00,20,778.05,703.98,5.05
1,360.00,21,390.51,742.44,5.87
1,360.00,22,278.14,217.34,6.00
1,360.00,23,316.02,669.05,0.00
1,360.00,24,393.40,726.61,5.77
1,360.00,25,835.02,503.31,17.67
1,360.00,26,415.59,618.57,16.06
1,360.00,27,891.77,171.96,0.00
1,360.00,28,962.57,490.57,21.18
1,360.00,29,716.69,712.64,13.13
1,360.00,30,704.03,226.41,22.27
1,360.00,31,301.96,495.39,5.03
1,360.00,32,959.10,476.70,0.00
1,360.00,33,472.24,409.32,15.72
1,360.00,34,508.01,426.25,5.22
1,360.00,35,3.21,471.82,0.00
1,360.00,36,128.29,495.81,8.85
1,360.00,37,495.80,598.79,6.92
1,360.00,38,7.30,428.41,0.00
1,360.00,39,231.75,608.60,17.71
1,360.00,40,103.79,735.13,9.78
1,360.00,41,174.03,735.39,6.93
1,360.00,42,246.27,288.66,17.96
1,360.00,43,966.68,371.46,0.00
1,360.00,44,188.32,960.42,0.00
1,360.00,45,224.21,142.80,0.00
1,360.00,46,350.78,358.67,8.87
1,360.00,47,623.69,353.64,10.95
1,360.00,48,302.19,560.06,9.84
1,360.00,49,410.77,349.04,6.34
1,360.00,50,201.30,716.07,8.26
1,360.00,51,818.81,597.31,8.58
1,360.00,52,562.26,637.05,15.96
1,360.00,53,950.49,183.16,11.58
1,360.00,54,700.77,534.62,12.05
1,360.00,55,821.92,394.09,6.59
1,360.00,56,898.51,559.64,14.49
1,360.00,57,567.38,40.74,14.32
1,360.00,58,306.06,885.91,0.00
1,360.00,59,372.91,506.89,23.07
1,360.00,60,617.19,752.30,0.00
1,360.00,61,11.09,218.25,0.00
1,360.00,62,222.82,247.77,7.27
1,360.00,63,117.49,699.96,5.89
1,360.00,64,833.79,898.53,11.21
1,360.00,65,59.09,699.44,21.07
1,360.00,66,787.99,82.22,6.64
1,360.00,67,633.35,206.24,8.30
1,360.00,68,291.46,661.97,12.32
1,360.00,69,514.90,522.97,8.95
1,360.00,70,392.67,799.47,19.79
1,360.00,71,949.76,653.16,12.37
1,360.00,72,764.60,801.03,8.08
1,360.00,73,450.58,681.68,0.00
1,360.00,74,180.38,55.10,5.27
1,360.00,75,178.00,444.94,7.46
1,360.00,76,680.67,790.39,5.60
1,360.00,77,763.57,857.25,17.46
1,360.00,78,277.61,589.47,9.27
1,360.00,79,69.26,760.59,15.32
1,360.00,80,384.64,821.22,16.09
1,360.00,81,354.50,753.62,8.76
1,360.00,82,740.99,518.27,0.00
1,360.00,83,485.98,249.77,10.01
1,360.00,84,825.93,18.44,0.00
1,360.00,85,250.57,961.04,23.29
1,360.00,86,256.99,293.26,8.07
1,360.00,87,665.42,23.00,0.00
1,360.00,88,478.06,740.93,22.86
1,360.00,89,637.26,449.46,6.80
1,360.00,90,80.95,417.67,23.81
1,360.00,91,95.23,871.57,0.00
1,360.00,92,208.09,584.96,11.72
1,360.00,93,870.94,875.82,20.89
1,360.00,94,766.19,40.03,0.00
1,360.00,95,586.65,658.31,0.00
1,360.00,96,627.16,800.64,15.69
1,360.00,97,54.21,157.75,5.78
1,360.00,98,810.58,66.72,0.00
1,360.00,99,52.43,857.60,12.94
1,370.00,0,647.25,449.77,15.07
1,370.00,1,510.58,435.54,9.51
1,370.00,2,553.48,797.18,17.50
1,370.00,3,531.44,573.04,7.11
1,370.00,4,482.89,598.23,11.21
1,370.00,5,395.80,681.33,13.71
1,370.00,6,427.12,594.29,0.00
1,370.00,7,910.83,721.45,14.06
1,370.00,8,912.35,806.59,9.80
1,370.00,9,240.66,198.29,8.04
1,370.00,10,714.00,541.10,13.93
1,370.00,11,898.21,769.44,6.48
1,370.00,12,620.75,455.15,23.09
1,370.00,13,495.47,545.56,24.99
1,370.00,14,398.24,498.96,16.81
1,370.00,15,644.59,393.48,15.90
1,370.00,16,579.39,471.29,5.81
1,370.00,17,471.31,381.74,13.17
1,370.00,18,655.37,631.55,9.36
1,370.00,19,551.30,563.11,24.89
1,370.00,20,807.89,718.60,0.00
1,370.00,21,344.08,778.38,5.87
1,370.00,22,336.99,229.21,6.00
1,370.00,23,329.51,779.16,17.35
1,370.00,24,343.69,697.26,5.77
1,370.00,25,832.98,395.81,0.00
1,370.00,26,532.25,508.13,16.06
1,370.00,27,889.22,171.70,9.73
1,370.00,28,977.48,477.04,0.00
1,370.00,29,822.86,635.41,13.13
1,370.00,30,481.78,212.70,22.27
1,370.00,31,252.15,488.07,5.03
1,370.00,32,837.51,531.21,17.58
1,370.00,33,478.04,373.53,0.00
1,370.00,34,504.66,443.58,0.00
1,370.00,35,13.21,457.15,24.34
1,370.00,36,203.83,541.99,8.85
1,370.00,37,466.81,535.92,6.92
1,370.00,38,23.37,442.32,8.63
1,370.00,39,407.29,631.71,17.71
1,370.00,40,143.35,824.58,9.78
1,370.00,41,237.38,707.40,6.93
1,370.00,42,223.26,110.53,17.96
1,370.00,43,826.54,409.02,21.07
1,370.00,44,210.98,960.17,6.72
1,370.00,45,230.04,155.23,23.49
1,370.00,46,410.52,424.22,8.87
1,370.00,47,645.38,460.97,10.95
1,370.00,48,268.63,652.50,9.84
1,370.00,49,466.78,319.43,6.34
1,370.00,50,145.23,776.65,8.26
1,370.00,51,904.58,594.18,8.58
1,370.00,52,475.09,770.75,15.96
1,370.00,53,928.03,296.73,11.58
1,370.00,54,812.25,580.45,12.05
1,370.00,55,878.80,427.36,6.59
1,370.00,56,932.88,418.83,14.49
1,370.00,57,581.96,15.45,0.00
1,370.00,58,385.35,851.51,13.18
1,370.00,59,554.60,649.03,23.07
1,370.00,60,587.02,646.30,16.32
1,370.00,61,14.98,227.95,9.64
1,370.00,62,291.84,224.94,7.27
1,370.00,63,59.34,709.08,5.89
1,370.00,64,752.81,821.08,11.21
1,370.00,65,236.51,585.77,21.07
1,370.00,66,810.07,144.88,6.64
1,370.00,67,625.62,288.88,8.30
1,370.00,68,283.85,749.58,0.00
1,370.00,69,582.04,463.82,8.95
1,370.00,70,469.30,689.32,0.00
1,370.00,71,949.12,586.02,0.00
1,370.00,72,689.64,770.87,8.08
1,370.00,73,483.58,641.69,23.56
1,370.00,74,210.20,98.51,5.27
1,370.00,75,163.37,371.78,7.46
1,370.00,76,671.27,838.07,0.00
1,370.00,77,600.37,795.10,17.46
1,370.00,78,264.06,681.18,9.27
1,370.00,79,109.74,612.81,15.32
1,370.00,80,370.94,835.47,0.00
1,370.00,81,437.21,782.58,8.76
1,370.00,82,723.95,441.11,8.18
1,370.00,83,405.48,309.24,10.01
1,370.00,84,814.35,47.45,23.70
1,370.00,85,92.41,790.14,23.29
1,370.00,86,193.14,330.44,0.00
1,370.00,87,615.89,41.25,22.16
1,370.00,88,601.90,548.77,22.86
1,370.00,89,569.28,449.30,6.80
1,370.00,90,260.46,574.08,23.81
1,370.00,91,261.98,733.03,24.34
1,370.00,92,115.71,657.12,11.72
1,370.00,93,963.63,901.94,0.00
1,370.00,94,763.91,44.83,20.77
1,370.00,95,583.43,610.92,8.38
1,370.00,96,716.15,929.84,15.69
1,370.00,97,13.52,116.72,5.78
1,370.00,98,703.43,156.38,17.19
1,370.00,99,17.88,870.38,0.00
1,380.00,0,785.98,390.84,15.07
1,380.00,1,582.34,373.20,9.51
1,380.00,2,382.78,758.77,17.50
1,380.00,3,478.25,620.27,7.11
1,380.00,4,387.63,539.19,11.21
1,380.00,5,402.03,544.34,13.71
1,380.00,6,392.69,657.52,22.24
1,380.00,7,772.32,745.54,14.06
1,380.00,8,867.16,719.59,9.80
1,380.00,9,176.70,160.62,0.00
1,380.00,10,760.69,672.31,13.93
1,380.00,11,901.08,798.71,0.00
1,380.00,12,465.84,626.40,23.09
1,380.00,13,292.21,400.24,24.99
1,380.00,14,281.03,378.47,16.81
1,380.00,15,760.72,284.81,15.90
1,380.00,16,532.90,506.10,5.81
1,380.00,17,413.66,500.16,13.17
1,380.00,18,700.45,549.50,9.36
1,380.00,19,543.65,563.22,0.00
1,380.00,20,794.89,705.14,5.47
1,380.00,21,297.66,814.31,5.87
1,380.00,22,395.83,241.09,6.00
1,380.00,23,331.43,794.90,0.00
1,380.00,24,293.98,667.90,5.77
1,380.00,25,799.53,381.77,9.27
1,380.00,26,611.30,433.29,0.00
1,380.00,27,792.46,161.50,9.73
1,380.00,28,834.87,328.22,22.78
1,380.00,29,902.74,577.30,0.00
1,380.00,30,259.53,198.99,22.27
1,380.00,31,202.34,480.74,5.03
1,380.00,32,677.08,603.13,17.58
1,380.00,33,599.34,473.08,20.39
1,380.00,34,481.43,476.89,6.14
1,380.00,35,150.33,256.03,24.34
1,380.00,36,279.36,588.18,8.85
1,380.00,37,437.81,473.05,6.92
1,380.00,38,88.65,498.80,8.63
1,380.00,39,582.82,654.82,17.71
1,380.00,40,182.92,914.04,9.78
1,380.00,41,300.73,679.40,6.93
1,380.00,42,213.60,35.76,0.00
1,380.00,43,707.74,440.86,0.00
1,380.00,44,261.90,959.60,0.00
1,380.00,45,329.71,367.90,23.49
1,380.00,46,470.27,489.77,8.87
1,380.00,47,667.08,568.29,10.95
1,380.00,48,235.06,744.95,9.84
1,380.00,49,522.79,289.81,6.34
1,380.00,50,89.15,837.24,8.26
1,380.00,51,990.36,591.04,8.58
1,380.00,52,454.75,801.96,0.00
1,380.00,53,905.57,410.30,11.58
1,380.00,54,821.80,584.38,0.00
1,380.00,55,880.61,428.41,0.00
1,380.00,56,946.65,362.42,0.00
1,380.00,57,548.21,65.10,7.54
1,380.00,58,506.23,799.07,13.18
1,380.00,59,736.30,791.18,23.07
1,380.00,60,542.35,489.35,16.32
1,380.00,61,50.88,317.42,9.64
1,380.00,62,360.85,202.11,7.27
1,380.00,63,5.48,717.53,0.00
1,380.00,64,671.83,743.62,11.21
1,380.00,65,413.93,472.09,21.07
1,380.00,66,832.15,207.54,6.64
1,380.00,67,617.89,371.52,8.30
1,380.00,68,287.89,684.22,22.87
1,380.00,69,649.18,404.66,8.95
1,380.00,70,525.34,711.99,18.78
1,380.00,71,882.65,595.74,14.70
1,380.00,72,679.38,766.74,0.00
1,380.00,73,633.50,459.98,23.56
1,380.00,74,240.03,141.92,5.27
1,380.00,75,148.75,298.62,7.46
1,380.00,76,666.12,808.24,22.80
1,380.00,77,437.17,732.95,17.46
1,380.00,78,250.51,772.89,9.27
1,380.00,79,150.22,465.03,15.32
1,380.00,80,479.27,690.44,20.64
1,380.00,81,519.92,811.55,8.76
1,380.00,82,706.32,361.24,8.18
1,380.00,83,324.98,368.71,10.01
1,380.00,84,726.46,267.57,23.70
1,380.00,85,65.39,760.95,0.00
1,380.00,86,181.42,320.17,18.39
1,380.00,87,407.97,117.88,22.16
1,380.00,88,725.73,356.61,22.86
1,380.00,89,501.29,449.14,6.80
1,380.00,90,439.97,730.48,23.81
1,380.00,91,449.23,577.46,24.34
1,380.00,92,23.32,729.29,11.72
1,380.00,93,904.92,873.24,12.13
1,380.00,94,674.85,232.42,20.77
1,380.00,95,579.79,557.19,0.00
1,380.00,96,756.50,988.43,0.00
1,380.00,97,4.66,107.79,0.00
1,380.00,98,571.62,266.67,17.19
1,380.00,99,59.75,819.12,9.25
1,390.00,0,924.72,331.91,15.07
1,390.00,1,590.05,366.50,0.00
1,390.00,2,283.72,736.48,0.00
1,390.00,3,425.06,667.50,7.11
1,390.00,4,378.65,533.62,0.00
1,390.00,5,408.26,407.35,13.71
1,390.00,6,286.31,852.86,22.24
1,390.00,7,633.81,769.64,14.06
1,390.00,8,821.97,632.60,9.80
1,390.00,9,169.13,151.55,15.27
1,390.00,10,774.44,710.96,0.00
1,390.00,11,855.59,815.19,8.85
1,390.00,12,310.94,797.64,23.09
1,390.00,13,220.28,348.81,0.00
1,390.00,14,163.82,257.98,16.81
1,390.00,15,841.64,209.07,0.00
1,390.00,16,486.40,540.91,5.81
1,390.00,17,356.01,618.59,13.17
1,390.00,18,745.53,467.46,9.36
1,390.00,19,475.84,755.55,0.00
1,390.00,20,756.88,665.79,5.47
1,390.00,21,251.24,850.24,5.87
1,390.00,22,454.68,252.96,6.00
1,390.00,23,326.03,691.69,11.38
1,390.00,24,244.26,638.54,5.77
1,390.00,25,714.08,345.90,9.27
1,390.00,26,554.12,389.37,22.36
1,390.00,27,710.26,152.83,0.00
1,390.00,28,677.28,163.77,22.78
1,390.00,29,900.04,591.84,5.97
1,390.00,30,250.82,198.45,0.00
1,390.00,31,152.53,473.42,5.03
1,390.00,32,516.64,675.05,17.58
1,390.00,33,756.98,602.46,20.39
1,390.00,34,446.32,527.22,6.14
1,390.00,35,287.44,54.92,24.34
1,390.00,36,354.90,634.37,8.85
1,390.00,37,408.81,410.18,6.92
1,390.00,38,153.93,555.28,8.63
1,390.00,39,758.36,677.93,17.71
1,390.00,40,207.85,970.40,0.00
1,390.00,41,364.08,651.41,6.93
1,390.00,42,298.29,131.23,21.99
1,390.00,43,636.53,388.61,21.22
1,390.00,44,268.68,927.57,13.53
1,390.00,45,340.78,391.50,0.00
1,390.00,46,530.02,555.32,8.87
1,390.00,47,688.77,675.61,10.95
1,390.00,48,201.49,837.40,9.84
1,390.00,49,557.52,271.44,0.00
1,390.00,50,85.40,841.28,0.00
1,390.00,51,993.74,590.92,0.00
1,390.00,52,408.89,826.92,6.81
1,390.00,53,883.11,523.88,11.58
1,390.00,54,926.64,734.02,0.00
1,390.00,55,825.70,563.57,15.07
1,390.00,56,833.63,383.86,19.19
1,390.00,57,505.82,127.46,7.54
1,390.00,58,627.12,746.62,13.18
1,390.00,59,917.99,933.32,23.07
1,390.00,60,524.00,424.87,0.00
1,390.00,61,86.78,406.88,9.64
1,390.00,62,429.86,179.28,7.27
1,390.00,63,14.68,714.76,13.00
1,390.00,64,590.86,666.17,11.21
1,390.00,65,591.35,358.42,21.07
1,390.00,66,854.23,270.20,6.64
1,390.00,67,610.15,454.16,8.30
1,390.00,68,302.00,455.95,22.87
1,390.00,69,716.32,345.51,8.95
1,390.00,70,699.46,782.42,18.78
1,390.00,71,737.22,617.02,14.70
1,390.00,72,585.75,660.67,16.39
1,390.00,73,783.43,278.28,23.56
1,390.00,74,269.86,185.33,5.27
1,390.00,75,134.12,225.46,7.46
1,390.00,76,627.35,583.58,22.80
1,390.00,77,273.96,670.81,17.46
1,390.00,78,236.97,864.60,9.27
1,390.00,79,190.69,317.25,15.32
1,390.00,80,602.78,525.10,20.64
1,390.00,81,602.63,840.52,8.76
1,390.00,82,688.68,281.38,8.18
1,390.00,83,244.48,428.18,10.01
1,390.00,84,638.57,487.69,23.70
1,390.00,85,127.06,737.15,7.97
1,390.00,86,88.70,238.99,0.00
1,390.00,87,200.05,194.50,22.16
1,390.00,88,800.30,240.91,0.00
1,390.00,89,433.31,448.99,6.80
1,390.00,90,618.15,885.73,0.00
1,390.00,91,636.47,421.90,24.34
1,390.00,92,6.74,742.24,0.00
1,390.00,93,795.96,819.96,12.13
1,390.00,94,617.79,352.59,0.00
1,390.00,95,512.94,613.96,24.56
1,390.00,96,723.32,957.81,8.26
1,390.00,97,47.07,109.40,5.43
1,390.00,98,439.81,376.97,17.19
1,390.00,99,118.27,747.46,9.25
1,400.00,0,975.49,310.35,0.00
1,400.00,1,693.44,534.22,22.07
1,400.00,2,276.97,696.97,9.55
1,400.00,3,424.23,668.24,0.00
1,400.00,4,369.79,365.40,18.60
1,400.00,5,414.49,270.36,13.71
1,400.00,6,241.70,934.79,0.00
1,400.00,7,495.31,793.73,14.06
1,400.00,8,776.77,545.60,9.80
1,400.00,9,109.25,79.77,0.00
1,400.00,10,734.73,666.29,8.47
1,400.00,11,772.36,845.36,8.85
1,400.00,12,294.39,815.94,0.00
1,400.00,13,295.32,486.20,24.23
1,400.00,14,93.52,185.71,0.00
1,400.00,15,805.63,257.18,19.82
1,400.00,16,439.91,575.72,5.81
1,400.00,17,298.36,737.01,13.17
1,400.00,18,790.62,385.42,9.36
1,400.00,19,477.17,735.32,20.86
1,400.00,20,718.86,626.43,5.47
1,400.00,21,204.82,886.18,5.87
1,400.00,22,513.52,264.84,6.00
1,400.00,23,320.08,578.09,11.38
1,400.00,24,194.55,609.19,5.77
1,400.00,25,628.62,310.03,9.27
1,400.00,26,376.79,253.13,22.36
1,400.00,27,691.37,178.51,21.18
1,400.00,28,583.84,66.26,0.00
1,400.00,29,889.14,650.56,5.97
1,400.00,30,385.39,355.09,21.49
1,400.00,31,102.72,466.10,5.03
1,400.00,32,356.21,746.98,17.58
1,400.00,33,914.63,731.85,20.39
1,400.00,34,411.20,577.55,6.14
1,400.00,35,318.78,8.95,0.00
1,400.00,36,430.43,680.56,8.85
1,400.00,37,379.81,347.31,6.92
1,400.00,38,219.20,611.75,8.63
1,400.00,39,923.67,699.70,0.00
1,400.00,40,224.59,955.33,6.09
1,400.00,41,427.43,623.42,6.93
1,400.00,42,444.23,295.77,21.99
1,400.00,43,465.43,263.07,21.22
1,400.00,44,296.69,795.21,13.53
1,400.00,45,389.04,379.07,5.61
1,400.00,46,570.00,599.19,0.00
1,400.00,47,710.47,782.94,10.95
1,400.00,48,167.93,929.84,9.84
1,400.00,49,492.15,309.77,19.94
1,400.00,50,236.77,700.43,22.16
1,400.00,51,961.71,537.48,6.49
1,400.00,52,349.06,859.49,6.81
1,400.00,53,860.65,637.45,11.58
1,400.00,54,923.41,727.53,17.90
1,400.00,55,768.99,703.15,15.07
1,400.00,56,645.08,419.64,19.19
1,400.00,57,463.42,189.83,7.54
1,400.00,58,748.00,694.17,13.18
1,400.00,59,925.15,938.92,0.00
1,400.00,60,618.03,365.13,18.91
1,400.00,61,122.68,496.35,9.64
1,400.00,62,498.87,156.45,7.27
1,400.00,63,139.13,677.26,13.00
1,400.00,64,554.86,631.73,0.00
1,400.00,65,768.77,244.75,21.07
1,400.00,66,876.31,332.86,6.64
1,400.00,67,602.42,536.80,8.30
1,400.00,68,304.22,420.13,0.00
1,400.00,69,771.53,296.87,0.00
1,400.00,70,873.57,852.84,18.78
1,400.00,71,591.79,638.30,14.70
1,400.00,72,477.27,537.79,16.39
1,400.00,73,933.36,96.57,23.56
1,400.00,74,299.68,228.74,5.27
1,400.00,75,122.28,166.25,0.00
1,400.00,76,610.60,486.48,0.00
1,400.00,77,110.76,608.66,17.46
1,400.00,78,233.51,888.00,0.00
1,400.00,79,212.56,237.40,0.00
1,400.00,80,726.29,359.76,20.64
1,400.00,81,685.34,869.48,8.76
1,400.00,82,671.58,203.91,0.00
1,400.00,83,163.97,487.65,10.01
1,400.00,84,605.33,570.92,0.00
1,400.00,85,201.44,708.45,7.97
1,400.00,86,95.71,287.68,14.91
1,400.00,87,67.33,243.41,0.00
1,400.00,88,740.90,293.76,19.98
1,400.00,89,365.32,448.83,6.80
1,400.00,90,618.13,884.35,18.70
1,400.00,91,732.66,341.98,0.00
1,400.00,92,136.83,830.23,19.14
1,400.00,93,687.01,766.69,12.13
1,400.00,94,649.03,426.60,22.35
1,400.00,95,325.76,772.90,24.56
1,400.00,96,662.61,901.79,8.26
1,400.00,97,101.29,111.46,5.43
1,400.00,98,308.00,487.26,17.19
1,400.00,99,176.80,675.81,9.25
1,410.00,0,912.80,285.31,10.65
1,410.00,1,710.69,562.21,0.00
1,410.00,2,260.87,602.83,9.55
1,410.00,3,342.19,478.88,20.97
1,410.00,4,360.01,179.68,18.60
1,410.00,5,420.72,133.37,13.71
1,410.00,6,265.92,898.35,7.54
1,410.00,7,356.80,817.83,14.06
1,410.00,8,731.58,458.61,9.80
1,410.00,9,140.95,147.58,19.29
1,410.00,10,678.44,602.98,8.47
1,410.00,11,689.12,875.52,8.85
1,410.00,12,326.04,721.01,11.20
1,410.00,13,411.46,698.85,24.23
1,410.00,14,141.35,222.16,15.02
1,410.00,15,686.81,415.87,19.82
1,410.00,16,393.41,610.53,5.81
1,410.00,17,240.71,855.43,13.17
1,410.00,18,835.70,303.37,9.36
1,410.00,19,490.88,527.20,20.86
1,410.00,20,680.85,587.07,5.47
1,410.00,21,158.40,922.11,5.87
1,410.00,22,572.36,276.71,6.00
1,410.00,23,314.12,464.49,11.38
1,410.00,24,144.84,579.83,5.77
1,410.00,25,619.77,306.32,0.00
1,410.00,26,199.45,116.90,22.36
1,410.00,27,565.90,349.08,21.18
1,410.00,28,619.60,156.21,23.78
1,410.00,29,878.23,709.28,5.97
1,410.00,30,525.45,518.12,21.49
1,410.00,31,52.91,458.78,5.03
1,410.00,32,195.77,818.90,17.58
1,410.00,33,993.89,796.90,0.00
1,410.00,34,376.09,627.89,6.14
1,410.00,35,457.93,142.45,25.00
1,410.00,36,505.97,726.75,8.85
1,410.00,37,350.81,284.44,6.92
1,410.00,38,284.48,668.23,8.63
1,410.00,39,915.71,701.30,13.94
1,410.00,40,269.85,914.60,6.09
1,410.00,41,490.78,595.42,6.93
1,410.00,42,590.18,460.32,21.99
1,410.00,43,294.34,137.53,21.22
1,410.00,44,324.71,662.85,13.53
1,410.00,45,443.33,365.08,5.61
1,410.00,46,578.19,540.84,17.81
1,410.00,47,732.16,890.26,10.95
1,410.00,48,163.85,941.07,0.00
1,410.00,49,320.12,410.63,19.94
1,410.00,50,375.11,571.70,0.00
1,410.00,51,928.37,481.86,6.49
1,410.00,52,289.23,892.05,6.81
1,410.00,53,838.19,751.02,11.58
1,410.00,54,843.75,567.18,17.90
1,410.00,55,758.69,728.51,0.00
1,410.00,56,456.53,455.42,19.19
1,410.00,57,421.03,252.19,7.54
1,410.00,58,801.39,671.01,0.00
1,410.00,59,932.77,725.82,22.20
1,410.00,60,777.61,263.73,18.91
1,410.00,61,158.58,585.81,9.64
1,410.00,62,567.89,133.62,7.27
1,410.00,63,263.59,639.76,13.00
1,410.00,64,515.25,607.51,8.36
1,410.00,65,946.19,131.07,21.07
1,410.00,66,898.39,395.52,6.64
1,410.00,67,594.69,619.44,8.30
1,410.00,68,365.49,459.68,8.65
1,410.00,69,774.02,307.23,6.00
1,410.00,70,988.56,899.36,0.00
1,410.00,71,446.37,659.57,14.70
1,410.00,72,368.79,414.90,16.39
1,410.00,73,980.54,39.39,0.00
1,410.00,74,329.51,272.15,5.27
1,410.00,75,117.08,150.73,8.58
1,410.00,76,649.04,496.59,7.00
1,410.00,77,79.51,596.76,0.00
1,410.00,78,190.04,708.11,24.85
1,410.00,79,239.86,284.02,11.75
1,410.00,80,849.79,194.41,20.64
1,410.00,81,697.56,873.77,0.00
1,410.00,82,672.89,203.00,5.32
1,410.00,83,83.47,547.12,10.01
1,410.00,84,713.45,509.06,20.03
1,410.00,85,275.81,679.75,7.97
1,410.00,86,116.95,435.22,14.91
1,410.00,87,106.24,286.75,16.10
1,410.00,88,591.61,426.59,19.98
1,410.00,89,297.34,448.68,6.80
1,410.00,90,615.09,697.40,18.70
1,410.00,91,702.66,350.01,6.39
1,410.00,92,249.49,906.44,0.00
1,410.00,93,578.05,713.42,12.13
1,410.00,94,710.90,573.18,0.00
1,410.00,95,138.59,931.85,24.56
1,410.00,96,601.89,845.76,8.26
1,410.00,97,155.50,113.52,5.43
1,410.00,98,176.19,597.55,17.19
1,410.00,99,235.33,604.15,9.25
1,420.00,0,813.94,245.83,10.65
1,420.00,1,746.39,371.30,22.82
1,420.00,2,244.97,509.83,0.00
1,420.00,3,258.85,286.50,20.97
1,420.00,4,352.05,28.43,0.00
1,420.00,5,422.34,97.73,0.00
1,420.00,6,307.64,835.59,7.54
1,420.00,7,218.29,841.92,14.06
1,420.00,8,686.39,371.61,9.80
1,420.00,9,222.66,322.33,19.29
1,420.00,10,622.15,539.66,8.47
1,420.00,11,605.89,905.69,8.85
1,420.00,12,361.48,614.73,11.20
1,420.00,13,527.60,911.50,24.23
1,420.00,14,260.82,313.21,15.02
1,420.00,15,567.98,574.57,19.82
1,420.00,16,346.92,645.34,5.81
1,420.00,17,230.35,876.72,0.00
1,420.00,18,880.78,221.33,9.36
1,420.00,19,503.42,336.79,0.00
1,420.00,20,642.83,547.71,5.47
1,420.00,21,111.98,958.05,5.87
1,420.00,22,631.21,288.59,6.00
1,420.00,23,308.17,350.90,11.38
1,420.00,24,126.47,568.98,0.00
1,420.00,25,697.28,266.67,9.71
1,420.00,26,183.27,104.47,0.00
1,420.00,27,440.42,519.65,21.18
1,420.00,28,707.46,377.17,23.78
1,420.00,29,867.32,767.99,5.97
1,420.00,30,655.44,669.42,0.00
1,420.00,31,21.35,454.14,0.00
1,420.00,32,158.03,835.82,0.00
1,420.00,33,924.94,694.86,24.77
1,420.00,34,349.51,665.99,0.00
1,420.00,35,638.31,315.52,25.00
1,420.00,36,581.50,772.93,8.85
1,420.00,37,321.82,221.57,6.92
1,420.00,38,349.76,724.70,8.63
1,420.00,39,779.03,728.84,13.94
1,420.00,40,315.11,873.87,6.09
1,420.00,41,554.13,567.43,6.93
1,420.00,42,637.93,514.15,0.00
1,420.00,43,123.24,11.99,21.22
1,420.00,44,335.13,613.60,0.00
1,420.00,45,497.61,351.09,5.61
1,420.00,46,602.97,364.42,17.81
1,420.00,47,753.86,997.59,10.95
1,420.00,48,200.23,896.61,6.54
1,420.00,49,206.75,477.09,0.00
1,420.00,50,397.42,590.69,19.92
1,420.00,51,895.02,426.23,6.49
1,420.00,52,229.40,924.62,6.81
1,420.00,53,833.34,775.56,0.00
1,420.00,54,764.08,406.83,17.90
1,420.00,55,676.46,560.35,22.87
1,420.00,56,281.12,488.71,0.00
1,420.00,57,378.63,314.55,7.54
1,420.00,58,806.15,603.98,12.04
1,420.00,59,940.71,503.98,22.20
1,420.00,60,799.37,249.90,0.00
1,420.00,61,194.47,675.28,9.64
1,420.00,62,636.90,110.79,7.27
1,420.00,63,378.43,605.15,0.00
1,420.00,64,443.92,563.89,8.36
1,420.00,65,960.11,122.15,0.00
1,420.00,66,920.47,458.18,6.64
1,420.00,67,586.95,702.08,8.30
1,420.00,68,438.17,506.59,8.65
1,420.00,69,788.01,365.56,6.00
1,420.00,70,955.85,868.39,13.27
1,420.00,71,300.94,680.85,14.70
1,420.00,72,260.31,292.02,16.39
1,420.00,73,944.40,70.85,6.99
1,420.00,74,359.34,315.56,5.27
1,420.00,75,89.82,69.34,8.58
1,420.00,76,716.75,514.39,7.00
1,420.00,77,133.09,589.70,6.68
1,420.00,78,131.67,466.60,24.85
1,420.00,79,299.25,385.44,11.75
1,420.00,80,917.56,103.70,0.00
1,420.00,81,722.49,927.25,6.92
1,420.00,82,716.52,172.63,5.32
1,420.00,83,74.45,553.78,0.00
1,420.00,84,887.31,409.59,20.03
1,420.00,85,350.19,651.05,7.97
1,420.00,86,138.19,582.75,14.91
1,420.00,87,213.82,406.58,16.10
1,420.00,88,442.32,559.42,19.98
1,420.00,89,229.35,448.52,6.80
1,420.00,90,612.06,510.45,18.70
1,420.00,91,640.97,366.54,6.39
1,420.00,92,256.10,889.04,6.43
1,420.00,93,469.09,660.14,12.13
1,420.00,94,656.69,560.50,19.31
1,420.00,95,94.57,969.22,0.00
1,420.00,96,541.17,789.73,8.26
1,420.00,97,209.71,115.58,5.43
1,420.00,98,79.17,678.74,0.00
1,420.00,99,293.85,532.49,9.25
1,430.00,0,715.07,206.35,10.65
1,430.00,1,788.33,146.97,22.82
1,430.00,2,246.98,508.35,20.65
1,430.00,3,194.96,139.01,0.00
1,430.00,4,333.33,52.83,16.57
1,430.00,5,349.57,178.36,14.68
1,430.00,6,349.36,772.82,7.54
1,430.00,7,79.78,866.02,14.06
1,430.00,8,641.19,284.61,9.80
1,430.00,9,304.37,497.08,19.29
1,430.00,10,565.86,476.34,8.47
1,430.00,11,522.65,935.86,8.85
1,430.00,12,396.92,508.44,11.20
1,430.00,13,554.93,961.52,0.00
1,430.00,14,380.29,404.27,15.02
1,430.00,15,449.16,733.26,19.82
1,430.00,16,333.92,655.07,0.00
1,430.00,17,313.82,703.28,23.47
1,430.00,18,925.87,139.28,9.36
1,430.00,19,486.18,338.58,20.37
1,430.00,20,604.82,508.36,5.47
1,430.00,21,92.44,973.17,0.00
1,430.00,22,690.05,300.46,6.00
1,430.00,23,302.22,237.30,11.38
1,430.00,24,229.56,475.75,22.04
1,430.00,25,783.74,222.44,9.71
1,430.00,26,230.82,302.20,22.38
1,430.00,27,314.94,690.22,21.18
1,430.00,28,795.32,598.13,23.78
1,430.00,29,856.42,826.71,5.97
1,430.00,30,649.06,663.37,12.22
1,430.00,31,73.11,438.00,14.79
1,430.00,32,228.15,678.75,22.49
1,430.00,33,786.26,489.65,24.77
1,430.00,34,373.51,706.51,19.37
1,430.00,35,812.41,482.56,0.00
1,430.00,36,657.04,819.12,8.85
1,430.00,37,292.82,158.70,6.92
1,430.00,38,415.04,781.18,8.63
1,430.00,39,642.36,756.37,13.94
1,430.00,40,360.37,833.13,6.09
1,430.00,41,617.48,539.44,6.93
1,430.00,42,679.18,426.71,14.37
1,430.00,43,115.69,6.44,0.00
1,430.00,44,382.09,558.82,11.49
1,430.00,45,551.90,337.10,5.61
1,430.00,46,627.74,188.01,17.81
1,430.00,47,753.96,998.10,0.00
1,430.00,48,241.65,846.01,6.54
1,430.00,49,224.52,477.32,5.21
1,430.00,50,549.11,719.74,19.92
1,430.00,51,861.68,370.60,6.49
1,430.00,52,201.60,939.75,0.00
1,430.00,53,655.81,709.49,24.16
1,430.00,54,684.42,246.48,17.90
1,430.00,55,619.65,444.17,0.00
1,430.00,56,285.98,495.10,11.51
1,430.00,57,336.24,376.91,7.54
1,430.00,58,814.67,483.93,12.04
1,430.00,59,940.78,501.84,0.00
1,430.00,60,751.26,80.42,0.00
1,430.00,61,230.37,764.74,9.64
1,430.00,62,705.91,87.96,7.27
1,430.00,63,396.61,606.73,23.63
1,430.00,64,372.60,520.26,8.36
1,430.00,65,860.38,198.62,13.64
1,430.00,66,942.55,520.84,6.64
1,430.00,67,579.22,784.72,8.30
1,430.00,68,510.85,553.50,8.65
1,430.00,69,802.01,423.89,6.00
1,430.00,70,859.50,777.18,13.27
1,430.00,71,223.31,692.21,0.00
1,430.00,72,210.12,235.16,0.00
1,430.00,73,891.66,116.75,6.99
1,430.00,74,389.17,358.97,5.27
1,430.00,75,88.28,64.77,0.00
1,430.00,76,784.47,532.19,7.00
1,430.00,77,199.37,580.96,6.68
1,430.00,78,89.45,291.90,0.00
1,430.00,79,329.14,436.47,0.00
1,430.00,80,906.56,127.32,5.77
1,430.00,81,751.74,990.02,6.92
1,430.00,82,760.16,142.26,5.32
1,430.00,83,233.68,592.52,18.46
1,430.00,84,897.05,404.02,0.00
1,430.00,85,424.56,622.35,7.97
1,430.00,86,159.42,730.28,14.91
1,430.00,87,321.39,526.40,16.10
1,430.00,88,306.28,680.47,0.00
1,430.00,89,161.37,448.36,6.80
1,430.00,90,609.07,326.42,0.00
1,430.00,91,579.27,383.06,6.39
1,430.00,92,278.94,828.89,6.43
1,430.00,93,360.14,606.87,12.13
1,430.00,94,554.75,536.65,0.00
1,430.00,95,184.86,802.86,24.75
1,430.00,96,480.46,733.71,8.26
1,430.00,97,263.93,117.64,5.43
1,430.00,98,112.91,653.05,16.07
1,430.00,99,352.38,460.83,9.25
1,440.00,0,616.21,166.88,10.65
1,440.00,1,794.09,116.16,0.00
1,440.00,2,412.75,385.28,20.65
1,440.00,3,206.43,163.50,11.59
1,440.00,4,232.47,184.34,16.57
1,440.00,5,251.21,287.33,14.68
1,440.00,6,391.08,710.06,7.54
1,440.00,7,61.51,869.19,0.00
1,440.00,8,596.00,197.62,9.80
1,440.00,9,386.07,671.84,19.29
1,440.00,10,509.56,413.03,8.47
1,440.00,11,468.19,955.60,0.00
1,440.00,12,432.36,402.16,11.20
1,440.00,13,592.97,929.76,6.48
1,440.00,14,499.77,495.33,15.02
1,440.00,15,430.82,757.77,0.00
1,440.00,16,361.82,529.32,17.88
1,440.00,17,415.60,491.82,23.47
1,440.00,18,970.95,57.24,9.36
1,440.00,19,283.56,359.67,20.37
1,440.00,20,566.81,469.00,5.47
1,440.00,21,143.81,955.56,9.38
1,440.00,22,748.89,312.34,6.00
1,440.00,23,296.27,123.70,11.38
1,440.00,24,393.06,327.88,22.04
1,440.00,25,870.21,178.20,9.71
1,440.00,26,283.14,519.80,22.38
1,440.00,27,272.89,747.39,0.00
1,440.00,28,883.17,819.09,23.78
1,440.00,29,854.31,838.07,0.00
1,440.00,30,609.89,626.15,0.00
1,440.00,31,214.34,393.94,14.79
1,440.00,32,319.84,473.36,22.49
1,440.00,33,647.59,284.44,24.77
1,440.00,34,472.22,873.20,19.37
1,440.00,35,806.26,483.92,18.07
1,440.00,36,732.57,865.31,8.85
1,440.00,37,263.82,95.83,6.92
1,440.00,38,480.32,837.66,8.63
1,440.00,39,505.68,783.91,13.94
1,440.00,40,405.62,792.40,6.09
1,440.00,41,680.83,511.45,6.93
1,440.00,42,740.48,296.75,14.37
1,440.00,43,102.07,52.47,5.02
1,440.00,44,456.89,471.58,11.49
1,440.00,45,606.19,323.11,5.61
1,440.00,46,652.41,12.34,0.00
1,440.00,47,643.37,797.10,23.05
1,440.00,48,283.06,795.40,6.54
1,440.00,49,276.64,478.00,5.21
1,440.00,50,700.79,848.78,19.92
1,440.00,51,828.34,314.98,6.49
1,440.00,52,311.88,864.49,24.94
1,440.00,53,652.52,708.27,0.00
1,440.00,54,611.51,99.74,0.00
1,440.00,55,655.52,382.47,16.42
1,440.00,56,355.62,586.77,11.51
1,440.00,57,293.84,439.28,7.54
1,440.00,58,823.19,363.88,12.04
1,440.00,59,954.94,583.11,8.33
1,440.00,60,741.96,91.04,10.37
1,440.00,61,266.27,854.21,9.64
1,440.00,62,774.92,65.13,7.27
1,440.00,63,632.02,627.10,23.63
1,440.00,64,301.28,476.64,8.36
1,440.00,65,752.16,281.60,13.64
1,440.00,66,953.64,552.30,0.00
1,440.00,67,577.61,801.92,0.00
1,440.00,68,583.53,600.41,8.65
1,440.00,69,816.00,482.21,6.00
1,440.00,70,763.15,685.97,13.27
1,440.00,71,279.38,683.67,12.17
1,440.00,72,198.88,313.47,14.72
1,440.00,73,838.93,162.66,6.99
1,440.00,74,418.99,402.39,5.27
1,440.00,75,162.59,260.34,22.17
1,440.00,76,852.18,549.99,7.00
1,440.00,77,265.64,572.23,6.68
1,440.00,78,106.07,306.51,8.00
1,440.00,79,296.66,380.82,12.97
1,440.00,80,882.21,179.65,5.77
1,440.00,81,753.67,994.17,0.00
1,440.00,82,803.79,111.90,5.32
1,440.00,83,413.00,636.14,18.46
1,440.00,84,790.31,467.29,13.14
1,440.00,85,498.94,593.65,7.97
1,440.00,86,170.99,810.63,0.00
1,440.00,87,428.96,646.23,16.10
1,440.00,88,312.17,681.91,6.85
1,440.00,89,93.38,448.21,6.80
1,440.00,90,608.10,328.01,11.96
1,440.00,91,517.58,399.58,6.39
1,440.00,92,301.78,768.75,6.43
1,440.00,93,251.18,553.60,12.13
1,440.00,94,535.53,510.50,7.09
1,440.00,95,302.91,585.36,24.75
1,440.00,96,419.74,677.68,8.26
1,440.00,97,318.14,119.70,5.43
1,440.00,98,240.74,555.74,16.07
1,440.00,99,410.90,389.18,9.25
1,450.00,0,517.34,127.40,10.65
1,450.00,1,758.89,305.64,22.34
1,450.00,2,549.89,283.46,0.00
1,450.00,3,255.58,268.41,11.59
1,450.00,4,131.60,315.84,16.57
1,450.00,5,152.86,396.30,14.68
1,450.00,6,432.80,647.30,7.54
1,450.00,7,165.56,685.31,24.34
1,450.00,8,550.81,110.62,9.80
1,450.00,9,392.79,686.20,0.00
1,450.00,10,453.27,349.71,8.47
1,450.00,11,478.22,889.11,19.45
1,450.00,12,467.79,295.87,11.20
1,450.00,13,642.72,888.23,6.48
1,450.00,14,619.24,586.38,15.02
1,450.00,15,550.96,867.59,0.00
1,450.00,16,400.55,354.76,17.88
1,450.00,17,517.37,280.36,23.47
1,450.00,18,996.53,10.69,0.00
1,450.00,19,80.94,380.75,20.37
1,450.00,20,528.79,429.64,5.47
1,450.00,21,232.53,925.16,9.38
1,450.00,22,807.74,324.21,6.00
1,450.00,23,292.87,58.83,0.00
1,450.00,24,556.56,180.01,22.04
1,450.00,25,956.68,133.97,9.71
1,450.00,26,335.46,737.39,22.38
1,450.00,27,252.34,689.96,9.17
1,450.00,28,919.74,911.07,0.00
1,450.00,29,814.41,738.59,13.29
1,450.00,30,524.52,574.01,17.93
1,450.00,31,355.57,349.89,14.79
1,450.00,32,411.53,267.97,22.49
1,450.00,33,509.11,79.52,0.00
1,450.00,34,547.05,999.57,0.00
1,450.00,35,629.81,523.09,18.07
1,450.00,36,808.11,911.50,8.85
1,450.00,37,247.01,59.39,0.00
1,450.00,38,496.53,851.69,0.00
1,450.00,39,369.00,811.45,13.94
1,450.00,40,450.88,751.67,6.09
1,450.00,41,744.18,483.45,6.93
1,450.00,42,801.79,166.79,14.37
1,450.00,43,87.82,100.62,5.02
1,450.00,44,531.68,384.34,11.49
1,450.00,45,660.48,309.13,5.61
1,450.00,46,652.89,12.69,14.10
1,450.00,47,532.26,595.14,23.05
1,450.00,48,324.48,744.79,6.54
1,450.00,49,328.75,478.68,5.21
1,450.00,50,852.47,977.83,19.92
1,450.00,51,794.99,259.35,6.49
1,450.00,52,517.88,723.91,24.94
1,450.00,53,706.92,653.94,7.80
1,450.00,54,629.30,109.08,23.67
1,450.00,55,720.96,269.91,0.00
1,450.00,56,425.27,678.44,11.51
1,450.00,57,251.45,501.64,7.54
1,450.00,58,831.71,243.82,12.04
1,450.00,59,969.24,665.18,8.33
1,450.00,60,673.64,169.01,10.37
1,450.00,61,283.58,897.35,0.00
1,450.00,62,843.93,42.31,7.27
1,450.00,63,646.06,628.31,0.00
1,450.00,64,282.75,465.31,0.00
1,450.00,65,643.94,364.58,13.64
1,450.00,66,877.46,455.87,24.68
1,450.00,67,632.06,821.28,7.30
1,450.00,68,628.83,629.65,0.00
1,450.00,69,830.00,540.54,6.00
1,450.00,70,666.80,594.76,13.27
1,450.00,71,399.64,665.34,12.17
1,450.00,72,177.96,459.22,14.72
1,450.00,73,786.19,208.56,6.99
1,450.00,74,448.82,445.80,5.27
1,450.00,75,241.32,467.57,22.17
1,450.00,76,919.89,567.79,7.00
1,450.00,77,331.92,563.49,6.68
1,450.00,78,166.15,359.32,8.00
1,450.00,79,231.29,268.80,12.97
1,450.00,80,857.86,231.98,5.77
1,450.00,81,826.08,825.24,19.68
1,450.00,82,847.42,81.53,5.32
1,450.00,83,510.04,659.74,0.00
1,450.00,84,677.24,534.30,13.14
1,450.00,85,573.31,564.95,7.97
1,450.00,86,268.66,841.07,22.47
1,450.00,87,536.53,766.05,16.10
1,450.00,88,378.68,698.19,6.85
1,450.00,89,93.27,448.21,0.00
1,450.00,90,546.13,430.25,11.96
1,450.00,91,455.88,416.10,6.39
1,450.00,92,324.63,708.61,6.43
1,450.00,93,142.23,500.33,12.13
1,450.00,94,493.56,453.40,7.09
1,450.00,95,333.92,528.22,0.00
1,450.00,96,359.03,621.66,8.26
1,450.00,97,372.35,121.76,5.43
1,450.00,98,368.58,458.42,16.07
1,450.00,99,469.43,317.52,9.25
1,460.00,0,418.48,87.92,10.65
1,460.00,1,718.08,525.29,22.34
1,460.00,2,584.19,269.62,21.42
1,460.00,3,304.72,373.32,11.59
1,460.00,4,129.52,318.56,0.00
1,460.00,5,54.50,505.27,14.68
1,460.00,6,474.52,584.53,7.54
1,460.00,7,285.43,473.48,24.34
1,460.00,8,517.82,47.13,0.00
1,460.00,9,471.56,583.20,14.13
1,460.00,10,396.98,286.39,8.47
1,460.00,11,507.24,696.76,19.45
1,460.00,12,503.23,189.59,11.20
1,460.00,13,692.47,846.70,6.48
1,460.00,14,738.71,677.44,15.02
1,460.00,15,544.13,867.12,5.43
1,460.00,16,422.04,257.95,0.00
1,460.00,17,576.18,158.17,0.00
1,460.00,18,924.09,42.90,18.33
1,460.00,19,22.17,386.87,0.00
1,460.00,20,490.78,390.28,5.47
1,460.00,21,321.25,894.75,9.38
1,460.00,22,846.89,332.11,0.00
1,460.00,23,331.72,104.49,13.97
1,460.00,24,666.93,80.19,0.00
1,460.00,25,964.23,130.11,0.00
1,460.00,26,372.93,893.23,0.00
1,460.00,27,221.43,603.58,9.17
1,460.00,28,818.05,876.04,18.43
1,460.00,29,794.19,688.18,0.00
1,460.00,30,371.51,480.55,17.93
1,460.00,31,496.80,305.83,14.79
1,460.00,32,437.65,209.45,0.00
1,460.00,33,509.11,79.77,17.92
1,460.00,34,546.81,967.86,13.11
1,460.00,35,453.37,562.27,18.07
1,460.00,36,883.64,957.69,8.85
1,460.00,37,228.65,115.96,14.15
1,460.00,38,428.19,777.20,13.45
1,460.00,39,232.33,838.99,13.94
1,460.00,40,496.14,710.94,6.09
1,460.00,41,794.53,461.21,0.00
1,460.00,42,851.62,61.14,0.00
1,460.00,43,73.58,148.78,5.02
1,460.00,44,592.99,312.84,0.00
1,460.00,45,714.76,295.14,5.61
1,460.00,46,766.48,96.19,14.10
1,460.00,47,421.16,393.19,23.05
1,460.00,48,354.54,708.06,0.00
1,460.00,49,380.87,479.36,5.21
1,460.00,50,878.01,999.57,0.00
1,460.00,51,761.65,203.72,6.49
1,460.00,52,565.28,691.56,0.00
1,460.00,53,762.13,598.82,7.80
1,460.00,54,770.54,183.19,0.00
1,460.00,55,757.59,243.07,21.94
1,460.00,56,494.91,770.12,11.51
1,460.00,57,209.06,564.00,7.54
1,460.00,58,840.23,123.77,12.04
1,460.00,59,974.82,697.21,0.00
1,460.00,60,605.32,246.98,10.37
1,460.00,61,292.63,863.95,6.68
1,460.00,62,867.31,34.57,0.00
1,460.00,63,506.33,541.63,17.49
1,460.00,64,232.15,561.24,14.65
1,460.00,65,535.72,447.56,13.64
1,460.00,66,724.46,262.22,24.68
1,460.00,67,700.83,845.73,7.30
1,460.00,68,578.08,661.64,15.92
1,460.00,69,843.99,598.87,6.00
1,460.00,70,570.45,503.55,13.27
1,460.00,71,519.91,647.02,12.17
1,460.00,72,157.04,604.97,14.72
1,460.00,73,733.46,254.47,6.99
1,460.00,74,478.65,489.21,5.27
1,460.00,75,320.05,674.79,22.17
1,460.00,76,984.48,584.77,0.00
1,460.00,77,398.19,554.75,6.68
1,460.00,78,226.22,412.13,8.00
1,460.00,79,167.11,158.81,0.00
1,460.00,80,833.50,284.31,5.77
1,460.00,81,903.63,644.33,19.68
1,460.00,82,891.06,51.17,5.32
1,460.00,83,464.88,558.10,24.24
1,460.00,84,564.17,601.32,13.14
1,460.00,85,617.19,548.02,0.00
1,460.00,86,483.14,907.93,22.47
1,460.00,87,587.54,822.87,0.00
1,460.00,88,445.18,714.46,6.85
1,460.00,89,41.58,208.15,24.60
1,460.00,90,484.15,532.48,11.96
1,460.00,91,394.19,432.62,6.39
1,460.00,92,347.47,648.46,6.43
1,460.00,93,75.44,467.67,0.00
1,460.00,94,451.58,396.30,7.09
1,460.00,95,165.38,574.02,23.69
1,460.00,96,298.31,565.63,8.26
1,460.00,97,426.56,123.82,5.43
1,460.00,98,496.41,361.11,16.07
1,460.00,99,527.96,245.86,9.25
1,470.00,0,374.32,70.28,0.00
1,470.00,1,677.28,744.94,22.34
1,470.00,2,618.87,255.61,0.00
1,470.00,3,353.86,478.23,11.59
1,470.00,4,215.71,429.47,14.34
1,470.00,5,8.01,556.78,0.00
1,470.00,6,516.23,521.77,7.54
1,470.00,7,311.51,427.40,0.00
1,470.00,8,488.29,47.67,10.93
1,470.00,9,527.87,509.56,0.00
1,470.00,10,340.69,223.08,8.47
1,470.00,11,536.25,504.41,19.45
1,470.00,12,510.78,166.96,0.00
1,470.00,13,742.22,805.17,6.48
1,470.00,14,858.19,768.49,15.02
1,470.00,15,489.91,863.41,5.43
1,470.00,16,416.51,229.79,6.44
1,470.00,17,494.98,221.27,24.36
1,470.00,18,756.63,117.35,18.33
1,470.00,19,138.57,411.22,16.75
1,470.00,20,452.76,350.93,5.47
1,470.00,21,409.96,864.35,9.38
1,470.00,22,780.66,326.54,19.86
1,470.00,23,422.27,210.93,13.97
1,470.00,24,708.48,112.72,16.24
1,470.00,25,816.88,190.80,17.46
1,470.00,26,394.09,895.65,7.50
1,470.00,27,190.53,517.20,9.17
1,470.00,28,643.84,816.03,18.43
1,470.00,29,766.86,556.32,22.78
1,470.00,30,254.21,408.90,0.00
1,470.00,31,556.52,287.21,0.00
1,470.00,32,468.19,287.63,11.74
1,470.00,33,515.02,258.86,17.92
1,470.00,34,545.78,836.74,13.11
1,470.00,35,276.92,601.44,18.07
1,470.00,36,929.56,985.76,0.00
1,470.00,37,184.97,250.52,14.15
1,470.00,38,337.26,678.10,13.45
1,470.00,39,125.54,860.50,0.00
1,470.00,40,541.39,670.21,6.09
1,470.00,41,759.55,469.77,17.54
1,470.00,42,825.96,96.47,23.34
1,470.00,43,59.33,196.93,5.02
1,470.00,44,586.22,334.13,12.38
1,470.00,45,769.05,281.15,5.61
1,470.00,46,880.06,179.68,14.10
1,470.00,47,372.81,305.33,0.00
1,470.00,48,369.70,698.93,6.45
1,470.00,49,432.98,480.04,5.21
1,470.00,50,822.98,968.14,7.62
1,470.00,51,728.30,148.10,6.49
1,470.00,52,478.13,587.16,17.66
1,470.00,53,817.33,543.69,7.80
1,470.00,54,745.35,165.52,9.43
1,470.00,55,897.33,140.66,0.00
1,470.00,56,564.56,861.79,11.51
1,470.00,57,166.66,626.36,7.54
1,470.00,58,848.72,4.26,0.00
1,470.00,59,943.38,667.50,7.09
1,470.00,60,537.00,324.95,10.37
1,470.00,61,310.11,799.43,6.68
1,470.00,62,821.26,119.91,14.67
1,470.00,63,357.74,449.45,17.49
1,470.00,64,163.79,690.84,14.65
1,470.00,65,427.49,530.54,13.64
1,470.00,66,664.88,186.81,0.00
1,470.00,67,769.59,870.19,7.30
1,470.00,68,443.39,746.56,15.92
1,470.00,69,856.63,651.56,0.00
1,470.00,70,474.10,412.34,13.27
1,470.00,71,640.17,628.70,12.17
1,470.00,72,136.13,750.72,14.72
1,470.00,73,680.72,300.37,6.99
1,470.00,74,508.47,532.62,5.27
1,470.00,75,356.39,770.43,0.00
1,470.00,76,974.78,584.65,21.00
1,470.00,77,464.47,546.02,6.68
1,470.00,78,286.30,464.94,8.00
1,470.00,79,170.15,160.79,20.09
1,470.00,80,809.15,336.64,5.77
1,470.00,81,930.75,581.06,0.00
1,470.00,82,934.69,20.80,5.32
1,470.00,83,366.47,336.59,24.24
1,470.00,84,451.10,668.34,13.14
1,470.00,85,566.45,534.99,12.78
1,470.00,86,697.61,974.78,22.47
1,470.00,87,711.35,784.16,24.67
1,470.00,88,511.68,730.73,6.85
1,470.00,89,16.50,91.68,0.00
1,470.00,90,422.17,634.72,11.96
1,470.00,91,332.49,449.15,6.39
1,470.00,92,370.31,588.32,6.43
1,470.00,93,88.82,536.83,18.20
1,470.00,94,409.61,339.20,7.09
1,470.00,95,112.15,588.48,0.00
1,470.00,96,237.59,509.60,8.26
1,470.00,97,480.78,125.88,5.43
1,470.00,98,624.24,263.80,16.07
1,470.00,99,586.48,174.20,9.25
1,480.00,0,309.88,154.64,19.18
1,480.00,1,644.15,923.24,0.00
1,480.00,2,782.50,184.57,21.61
1,480.00,3,403.01,583.14,11.59
1,480.00,4,303.72,542.73,14.34
1,480.00,5,36.62,601.12,10.01
1,480.00,6,557.95,459.01,7.54
1,480.00,7,382.20,248.70,24.56
1,480.00,8,378.96,49.66,10.93
1,480.00,9,592.67,552.45,22.60
1,480.00,10,284.40,159.76,8.47
1,480.00,11,565.27,312.07,19.45
1,480.00,12,602.06,267.98,17.30
1,480.00,13,791.97,763.64,6.48
1,480.00,14,974.07,856.81,0.00
1,480.00,15,435.69,859.70,5.43
1,480.00,16,404.10,166.57,6.44
1,480.00,17,302.63,370.75,24.36
1,480.00,18,589.18,191.80,18.33
1,480.00,19,302.53,445.51,16.75
1,480.00,20,414.75,311.57,5.47
1,480.00,21,498.68,833.94,9.38
1,480.00,22,582.74,309.88,19.86
1,480.00,23,512.82,317.36,13.97
1,480.00,24,836.34,212.80,16.24
1,480.00,25,655.43,257.29,17.46
1,480.00,26,468.64,904.20,7.50
1,480.00,27,159.62,430.82,9.17
1,480.00,28,556.60,785.98,0.00
1,480.00,29,744.51,448.50,0.00
1,480.00,30,266.30,407.48,5.22
1,480.00,31,552.54,344.98,10.03
1,480.00,32,510.89,396.96,11.74
1,480.00,33,520.93,437.96,17.92
1,480.00,34,544.75,705.63,13.11
1,480.00,35,151.92,629.19,0.00
1,480.00,36,908.11,917.19,18.32
1,480.00,37,141.29,385.08,14.15
1,480.00,38,246.33,579.00,13.45
1,480.00,39,145.96,848.38,10.86
1,480.00,40,586.65,629.47,6.09
1,480.00,41,589.16,511.49,17.54
1,480.00,42,688.73,285.31,23.34
1,480.00,43,45.08,245.08,5.02
1,480.00,44,548.74,452.12,12.38
1,480.00,45,823.34,267.16,5.61
1,480.00,46,975.16,249.58,0.00
1,480.00,47,452.22,348.72,16.02
1,480.00,48,424.99,665.63,6.45
1,480.00,49,485.10,480.73,5.21
1,480.00,50,756.81,930.34,7.62
1,480.00,51,694.96,92.47,6.49
1,480.00,52,364.94,451.56,17.66
1,480.00,53,872.54,488.56,7.80
1,480.00,54,668.12,111.34,9.43
1,480.00,55,868.46,148.92,14.27
1,480.00,56,595.01,901.87,0.00
1,480.00,57,124.27,688.72,7.54
1,480.00,58,848.45,5.04,18.52
1,480.00,59,891.81,618.77,7.09
1,480.00,60,514.99,350.06,0.00
1,480.00,61,327.58,734.92,6.68
1,480.00,62,751.61,248.96,14.67
1,480.00,63,209.16,357.28,17.49
1,480.00,64,95.43,820.44,14.65
1,480.00,65,319.27,613.52,13.64
1,480.00,66,693.11,333.20,24.42
1,480.00,67,838.35,894.64,7.30
1,480.00,68,308.70,831.47,15.92
1,480.00,69,859.59,643.81,8.58
1,480.00,70,377.75,321.13,13.27
1,480.00,71,760.44,610.38,12.17
1,480.00,72,115.21,896.47,14.72
1,480.00,73,627.99,346.28,6.99
1,480.00,74,538.30,576.03,5.27
1,480.00,75,408.88,806.74,11.85
1,480.00,76,764.79,582.03,21.00
1,480.00,77,530.74,537.28,6.68
1,480.00,78,346.38,517.75,8.00
1,480.00,79,338.67,270.23,20.09
1,480.00,80,784.80,388.97,5.77
1,480.00,81,817.86,586.98,17.38
1,480.00,82,946.26,12.75,0.00
1,480.00,83,268.06,115.09,24.24
1,480.00,84,338.03,735.35,13.14
1,480.00,85,442.70,503.20,12.78
1,480.00,86,735.39,986.56,0.00
1,480.00,87,937.69,713.40,0.00
1,480.00,88,578.18,747.01,6.85
1,480.00,89,94.02,163.34,20.48
1,480.00,90,360.20,736.96,11.96
1,480.00,91,270.80,465.67,6.39
1,480.00,92,393.15,528.18,6.43
1,480.00,93,123.37,715.50,18.20
1,480.00,94,367.63,282.10,7.09
1,480.00,95,173.84,602.28,8.24
1,480.00,96,201.72,476.51,0.00
1,480.00,97,534.99,127.94,5.43
1,480.00,98,640.82,251.17,0.00
1,480.00,99,645.01,102.55,9.25
1,490.00,0,193.43,307.10,19.18
1,490.00,1,639.46,914.13,5.44
1,490.00,2,782.88,184.41,0.00
1,490.00,3,452.15,688.05,11.59
1,490.00,4,391.73,655.99,14.34
1,490.00,5,90.88,685.20,10.01
1,490.00,6,599.67,396.24,7.54
1,490.00,7,434.95,115.35,0.00
1,490.00,8,269.63,51.66,10.93
1,490.00,9,720.00,636.74,0.00
1,490.00,10,228.10,96.44,8.47
1,490.00,11,594.29,119.72,19.45
1,490.00,12,718.03,396.32,17.30
1,490.00,13,841.72,722.11,6.48
1,490.00,14,972.06,855.24,8.50
1,490.00,15,381.47,855.99,5.43
1,490.00,16,391.68,103.35,6.44
1,490.00,17,110.28,520.24,24.36
1,490.00,18,421.72,266.26,18.33
1,490.00,19,466.49,479.81,16.75
1,490.00,20,404.79,301.26,0.00
1,490.00,21,587.40,803.53,9.38
1,490.00,22,504.64,303.31,0.00
1,490.00,23,603.38,423.79,13.97
1,490.00,24,964.20,312.88,16.24
1,490.00,25,493.98,323.79,17.46
1,490.00,26,543.19,912.76,7.50
1,490.00,27,128.72,344.44,9.17
1,490.00,28,516.32,694.35,20.05
1,490.00,29,639.22,457.78,20.46
1,490.00,30,318.11,401.36,5.22
1,490.00,31,545.63,445.08,10.03
1,490.00,32,553.59,506.29,11.74
1,490.00,33,526.84,617.05,17.92
1,490.00,34,543.72,574.52,13.11
1,490.00,35,192.55,630.33,13.94
1,490.00,36,853.43,742.31,18.32
1,490.00,37,97.62,519.64,14.15
1,490.00,38,155.40,479.90,13.45
1,490.00,39,239.36,792.93,10.86
1,490.00,40,631.91,588.74,6.09
1,490.00,41,418.78,553.21,17.54
1,490.00,42,551.51,474.16,23.34
1,490.00,43,34.41,281.16,0.00
1,490.00,44,511.25,570.11,12.38
1,490.00,45,867.60,255.76,0.00
1,490.00,46,960.57,278.48,19.90
1,490.00,47,460.45,353.22,0.00
1,490.00,48,480.28,632.33,6.45
1,490.00,49,537.21,481.41,5.21
1,490.00,50,690.63,892.55,7.62
1,490.00,51,661.61,36.85,6.49
1,490.00,52,251.74,315.97,17.66
1,490.00,53,906.73,454.42,0.00
1,490.00,54,590.89,57.16,9.43
1,490.00,55,731.24,188.22,14.27
1,490.00,56,651.12,883.84,10.47
1,490.00,57,81.87,751.09,7.54
1,490.00,58,788.04,180.08,18.52
1,490.00,59,840.25,570.04,7.09
1,490.00,60,443.99,475.42,21.25
1,490.00,61,345.05,670.40,6.68
1,490.00,62,716.62,313.80,0.00
1,490.00,63,99.93,289.51,0.00
1,490.00,64,71.97,864.92,0.00
1,490.00,65,211.05,696.50,13.64
1,490.00,66,739.36,572.96,24.42
1,490.00,67,907.11,919.09,7.30
1,490.00,68,188.18,907.46,0.00
1,490.00,69,890.14,563.59,8.58
1,490.00,70,281.40,229.91,13.27
1,490.00,71,799.85,604.37,0.00
1,490.00,72,104.29,972.58,0.00
1,490.00,73,575.25,392.18,6.99
1,490.00,74,568.13,619.44,5.27
1,490.00,75,506.34,874.17,11.85
1,490.00,76,554.79,579.41,21.00
1,490.00,77,597.01,528.55,6.68
1,490.00,78,406.45,570.56,8.00
1,490.00,79,507.18,379.68,20.09
1,490.00,80,760.44,441.30,5.77
1,490.00,81,644.26,596.09,17.38
1,490.00,82,928.20,81.38,9.66
1,490.00,83,255.68,87.21,0.00
1,490.00,84,224.96,802.37,13.14
1,490.00,85,383.84,488.09,0.00
1,490.00,86,699.92,832.90,19.14
1,490.00,87,934.35,714.63,9.18
1,490.00,88,644.69,763.28,6.85
1,490.00,89,244.38,302.33,20.48
1,490.00,90,318.75,805.33,0.00
1,490.00,91,209.10,482.19,6.39
1,490.00,92,415.99,468.03,6.43
1,490.00,93,157.93,894.17,18.20
1,490.00,94,325.66,225.00,7.09
1,490.00,95,254.26,620.28,8.24
1,490.00,96,222.34,504.31,8.46
1,490.00,97,548.11,128.44,0.00
1,490.00,98,573.70,272.24,8.08
1,490.00,99,703.53,30.89,9.25
1,500.00,0,76.98,459.55,19.18
1,500.00,1,614.56,865.74,5.44
1,500.00,2,782.28,393.42,20.94
1,500.00,3,501.29,792.96,11.59
1,500.00,4,479.74,769.24,14.34
1,500.00,5,145.14,769.29,10.01
1,500.00,6,604.70,388.68,0.00
1,500.00,7,373.36,111.60,14.83
1,500.00,8,160.30,53.66,10.93
1,500.00,9,786.73,613.67,21.77
1,500.00,10,193.34,57.35,0.00
1,500.00,11,610.21,14.17,0.00
1,500.00,12,766.92,450.44,0.00
1,500.00,13,891.47,680.58,6.48
1,500.00,14,905.18,802.83,8.50
1,500.00,15,327.25,852.27,5.43
1,500.00,16,386.96,79.31,0.00
1,500.00,17,27.67,584.44,0.00
1,500.00,18,309.12,316.32,0.00
1,500.00,19,630.45,514.11,16.75
1,500.00,20,371.88,340.03,6.89
1,500.00,21,676.12,773.13,9.38
1,500.00,22,384.02,383.77,23.95
1,500.00,23,626.13,450.53,0.00
1,500.00,24,997.55,338.99,0.00
1,500.00,25,423.69,352.74,0.00
1,500.00,26,617.74,921.31,7.50
1,500.00,27,125.01,334.07,0.00
1,500.00,28,435.64,510.81,20.05
1,500.00,29,584.86,462.57,0.00
1,500.00,30,369.92,395.25,5.22
1,500.00,31,541.51,504.71,0.00
1,500.00,32,596.29,615.63,11.74
1,500.00,33,527.59,639.77,0.00
1,500.00,34,542.69,443.41,13.11
1,500.00,35,331.88,634.25,13.94
1,500.00,36,798.74,567.43,18.32
1,500.00,37,53.94,654.20,14.15
1,500.00,38,76.25,393.64,0.00
1,500.00,39,332.76,737.47,10.86
1,500.00,40,677.16,548.01,6.09
1,500.00,41,248.39,594.93,17.54
1,500.00,42,414.29,663.00,23.34
1,500.00,43,57.06,279.11,9.07
1,500.00,44,473.77,688.10,12.38
1,500.00,45,856.22,252.15,6.46
1,500.00,46,870.86,456.07,19.90
1,500.00,47,426.97,386.73,5.03
1,500.00,48,535.56,599.03,6.45
1,500.00,49,589.33,482.09,5.21
1,500.00,50,624.46,854.75,7.62
1,500.00,51,648.02,14.17,0.00
1,500.00,52,138.55,180.37,17.66
1,500.00,53,883.65,511.51,16.18
1,500.00,54,579.94,49.48,0.00
1,500.00,55,594.02,227.52,14.27
1,500.00,56,750.81,851.80,10.47
1,500.00,57,53.95,792.15,0.00
1,500.00,58,727.62,355.11,18.52
1,500.00,59,788.68,521.31,7.09
1,500.00,60,339.27,660.34,21.25
1,500.00,61,362.53,605.88,6.68
1,500.00,62,723.01,372.64,11.89
1,500.00,63,105.20,340.05,19.18
1,500.00,64,171.48,789.43,19.02
1,500.00,65,102.83,779.48,13.64
1,500.00,66,785.60,812.73,24.42
1,500.00,67,975.87,943.54,7.30
1,500.00,68,201.33,908.05,12.52
1,500.00,69,920.69,483.38,8.58
1,500.00,70,185.06,138.70,13.27
1,500.00,71,752.70,589.64,7.35
1,500.00,72,137.75,868.00,22.98
1,500.00,73,522.52,438.09,6.99
1,500.00,74,597.95,662.85,5.27
1,500.00,75,552.33,905.98,0.00
1,500.00,76,456.37,578.19,0.00
1,500.00,77,663.29,519.81,6.68
1,500.00,78,406.53,570.63,0.00
1,500.00,79,675.70,489.12,20.09
1,500.00,80,736.09,493.63,5.77
1,500.00,81,470.66,605.21,17.38
1,500.00,82,903.62,174.78,9.66
1,500.00,83,230.27,298.58,24.35
1,500.00,84,146.13,849.09,0.00
1,500.00,85,468.96,528.84,18.00
1,500.00,86,656.86,646.38,19.14
1,500.00,87,848.19,746.27,9.18
1,500.00,88,711.19,779.56,6.85
1,500.00,89,394.74,441.32,20.48
1,500.00,90,300.09,808.10,5.69
1,500.00,91,147.41,498.71,6.39
1,500.00,92,438.83,407.89,6.43
1,500.00,93,176.43,989.81,0.00
1,500.00,94,283.68,167.90,7.09
1,500.00,95,334.68,638.27,8.24
1,500.00,96,272.71,572.27,8.46
1,500.00,97,490.95,178.98,10.07
1,500.00,98,496.58,296.44,8.08
1,500.00,99,710.42,22.45,0.00
