run,time,node_id,energy,trust,drop_rate,mobility,forward_ratio,delay,degree,packets_received,packets_forwarded,packets_dropped,route_hits,label,attack
1,0.0,0,0.8714652839414675,0.9479838555469763,0.02564102564102564,0.0,0.6410256410256411,15.979286430098425,18.0,117,75,3,4,0,normal
1,0.0,1,0.8880238793705748,0.9854761100476449,0.012658227848101266,0.0,0.9873417721518988,16.371525513338725,9.0,158,156,2,8,0,normal
1,0.0,2,0.8584890750187368,0.9675737103086236,0.010050251256281407,0.0,0.7889447236180904,19.241275793976804,14.0,199,157,2,8,0,normal
1,0.0,3,0.9508606760931424,0.9149082188647357,0.022653721682847898,0.0,0.912621359223301,17.92516918379366,23.0,309,282,7,15,0,normal
1,0.0,4,0.8844578986600895,0.9979504255843299,0.0,0.0,0.5,20.079049279676564,11.0,80,40,0,2,0,normal
1,0.0,5,0.9502344369063721,0.9175089026518468,0.012711864406779662,0.0,0.8177966101694916,16.941341515252383,13.0,236,193,3,10,0,normal
1,0.0,6,0.8609591968477868,0.9208779042372979,0.019230769230769232,0.0,0.8525641025641025,17.18265872621607,15.0,156,133,3,7,0,normal
1,0.0,7,0.9788486484388497,0.9823556313461855,0.014018691588785047,0.0,0.8130841121495327,15.59274359092622,10.0,214,174,3,9,0,normal
1,0.0,8,0.8555370593058748,0.9770226395475695,0.017241379310344827,0.0,0.8735632183908046,16.097965770770276,17.0,174,152,3,8,0,normal
1,0.0,9,0.9524893078354792,0.9516542552243472,0.008438818565400843,0.0,0.8227848101265823,17.867754760814016,17.0,237,195,2,10,0,normal
1,0.0,10,0.8839689786536411,0.930880258994325,0.011312217194570135,0.0,0.8619909502262444,16.162464234633735,21.0,442,381,5,20,0,normal
1,0.0,11,0.9447031515879469,0.9476784471111284,0.012987012987012988,0.0,0.7402597402597403,16.039571731075597,13.0,154,114,2,6,0,normal
1,0.0,12,0.8989945025773742,0.836965380617209,0.025793650793650792,0.0,0.8591269841269841,19.378038644196273,23.0,504,433,13,23,0,normal
1,0.0,13,0.8458472276639782,0.9695545320270388,0.023391812865497075,0.0,0.42105263157894735,17.793465037351915,13.0,171,72,4,4,0,normal
1,0.0,14,0.9261841409024438,0.9449292379874329,0.023316062176165803,0.0,0.7849740932642487,19.7623847043625,18.0,386,303,9,16,0,normal
1,0.0,15,0.878961178957079,0.9619974699940883,0.010638297872340425,0.0,0.4148936170212766,17.44509394086731,20.0,94,39,1,2,0,normal
1,0.0,16,0.8796418932720289,0.9516781083436558,0.0,0.0,1.0,20.11548995279977,14.0,20,20,0,1,0,normal
1,0.0,17,0.9636517032964642,0.9265206309762222,0.01773049645390071,0.0,0.9822695035460993,15.768457407339248,23.0,282,277,5,15,0,normal
1,0.0,18,0.9625421799862897,0.9699446208336711,0.0,0.0,0.672566371681416,16.501053037095815,23.0,113,76,0,4,0,normal
1,0.0,19,0.9570124182129165,0.9714546941255435,0.020202020202020204,0.0,0.5757575757575758,15.31698549911956,12.0,99,57,2,3,0,normal
1,0.0,20,0.8962520589801397,0.9721225769014691,0.0,0.0,0.5309734513274337,14.684612027296248,18.0,113,60,0,3,0,normal
1,0.0,21,0.9054807183615486,0.9599249958704305,0.0,0.0,1.0,15.0,14.0,0,0,0,0,0,normal
1,0.0,22,0.8974721487944568,0.9500722127804981,0.025423728813559324,0.0,0.9745762711864406,14.600409047351748,21.0,118,115,3,6,0,normal
1,0.0,23,0.9430945406170781,0.9763298444521418,0.0,0.0,0.5128205128205128,15.284221654803284,8.0,39,20,0,1,0,normal
1,0.0,24,0.9429610346299403,0.942749116993389,0.017006802721088437,0.0,0.8571428571428571,17.88340948764595,20.0,294,252,5,13,0,normal
1,0.0,25,0.9246667223461941,0.9637373335623135,0.02586206896551724,0.0,0.49137931034482757,16.256829373355686,10.0,116,57,3,3,0,normal
1,0.0,26,0.9666933273504402,0.9517950769717843,0.005681818181818182,0.0,0.8863636363636364,15.088487457111942,23.0,176,156,1,8,0,normal
1,0.0,27,0.8770141792155698,0.935817347325652,0.02390438247011952,0.0,0.896414342629482,15.7515252267695,15.0,251,225,6,12,0,normal
1,0.0,28,0.8585986646303703,0.8932485018309141,0.019762845849802372,0.0,0.9011857707509882,19.568357852591618,13.0,253,228,5,12,0,normal
1,0.0,29,0.853170848919404,0.9824131294125447,0.0,0.0,0.20408163265306123,22.931457651625344,13.0,98,20,0,1,0,normal
1,0.0,30,0.9039845902881446,0.92351504419668,0.009302325581395349,0.0,0.9069767441860465,18.51725728013373,24.0,215,195,2,10,0,normal
1,0.0,31,0.966914946387477,0.907352000159233,0.025,0.0,0.8083333333333333,20.03322332269239,16.0,120,97,3,5,0,normal
1,0.0,32,0.9153875988862342,0.9380887081784791,0.015151515151515152,0.0,0.4393939393939394,15.513301011114287,14.0,132,58,2,3,0,normal
1,0.0,33,0.8491473687914909,0.9865389102820028,0.0,0.0,1.0,24.89907637731755,15.0,20,20,0,1,0,normal
1,0.0,34,0.9587109453608996,0.9833863451742844,0.0,0.0,0.0,15.0,11.0,19,0,0,0,0,normal
1,0.0,35,0.8855520367447758,1.0,0.0,0.0,0.5128205128205128,8.517657201885118,11.0,39,20,0,1,0,normal
1,0.0,36,0.9755671531430022,0.9578801615036514,0.0,0.0,0.0,15.0,9.0,54,0,0,0,0,normal
1,0.0,37,0.8552526494717797,0.9749082845549403,0.007633587786259542,0.0,0.45038167938931295,16.84271665510619,12.0,131,59,1,3,0,normal
1,0.0,38,0.8762713551630245,0.9806490695823903,0.027777777777777776,0.0,0.4444444444444444,12.046307146229028,24.0,36,16,1,1,0,normal
1,0.0,39,0.8419190103956243,0.9545443812956177,0.01098901098901099,0.0,0.7728937728937729,14.951306378365528,18.0,273,211,3,11,0,normal
1,0.0,40,0.8789897677047885,0.9727875152460522,0.005747126436781609,0.0,0.764367816091954,14.482966913888259,20.0,174,133,1,7,0,normal
1,0.0,41,0.9667034651190703,1.0,0.0,0.0,0.6896551724137931,14.468969948829244,9.0,58,40,0,2,0,normal
1,0.0,42,0.97792524153778,1.0,0.05,0.0,0.95,10.832961051477485,13.0,20,19,1,1,0,normal
1,0.0,43,0.8823255994881598,0.9499310645266407,0.0375,0.0,0.9625,14.472723606292512,7.0,80,77,3,4,0,normal
1,0.0,44,0.9259875356092491,0.9770138855055533,0.00847457627118644,0.0,0.6694915254237288,16.641511241212655,26.0,118,79,1,4,0,normal
1,0.0,45,0.9286443604451762,0.9940742029847585,0.0,0.0,0.5128205128205128,19.90325724928295,6.0,39,20,0,1,0,normal
1,0.0,46,0.8983106680804538,0.9523712367041298,0.00974025974025974,0.0,0.9902597402597403,17.443590879632726,17.0,308,305,3,16,0,normal
1,0.0,47,0.9889786338181085,1.0,0.0,0.0,0.37037037037037035,10.4882925871575,11.0,54,20,0,1,0,normal
1,0.0,48,0.9755942628396435,0.9474825769502144,0.01020408163265306,0.0,0.6020408163265306,15.040050434034697,10.0,98,59,1,3,0,normal
1,0.0,49,0.8763235763980646,1.0,0.0,0.0,0.6779661016949152,14.752316099527972,7.0,59,40,0,2,0,normal
1,0.0,50,0.8686864359448686,0.931302460781402,0.02040816326530612,0.0,0.9795918367346939,19.666509383827588,20.0,98,96,2,5,0,normal
1,0.0,51,0.9795540270848213,0.9577761111707505,0.034482758620689655,0.0,0.6551724137931034,15.897572398987144,13.0,58,38,2,2,0,normal
1,0.0,52,0.9158625647675239,0.9635261862777162,0.0,0.0,1.0,21.631339109104857,18.0,40,40,0,2,0,normal
1,0.0,53,0.9840548119421937,0.90597352624767,0.02040816326530612,0.0,0.5918367346938775,19.194587050698864,8.0,98,58,2,3,0,normal
1,0.0,54,0.9870421071133787,0.904529633068972,0.06060606060606061,0.0,0.7474747474747475,15.643629996190679,18.0,99,74,6,4,0,normal
1,0.0,55,0.8795374397047863,1.0,0.0,0.0,0.6779661016949152,17.135459969891606,19.0,59,40,0,2,0,normal
1,0.0,56,0.8739709590256397,1.0,0.0,0.0,0.5,17.557041028496357,11.0,40,20,0,1,0,normal
1,0.0,57,0.8855458312682973,0.950848305506453,0.020618556701030927,0.0,0.7731958762886598,13.386238870837492,16.0,97,75,2,4,0,normal
1,0.0,58,0.904024266297955,1.0,0.0,0.0,1.0,15.0,9.0,0,0,0,0,0,normal
1,0.0,59,0.8737073020329009,0.9390305793492324,0.01730103806228374,0.0,0.7301038062283737,19.127624224760744,14.0,289,211,5,11,0,normal
1,0.0,60,0.8911770463284945,0.9759077583267073,0.005780346820809248,0.0,0.7861271676300579,15.923303065700981,10.0,173,136,1,7,0,normal
1,0.0,61,0.8920079833581179,1.0,0.0,0.0,0.0,15.0,16.0,20,0,0,0,0,normal
1,0.0,62,0.8603544509524464,0.975147813419741,0.010309278350515464,0.0,0.5979381443298969,17.486173092270768,18.0,97,58,1,3,0,normal
1,0.0,63,0.9034278170413472,0.9710171323396483,0.0,0.0,0.2982456140350877,24.383227919734004,14.0,57,17,0,1,0,normal
1,0.0,64,0.9146721982930452,0.9588453552870928,0.01282051282051282,0.0,0.7564102564102564,15.663264190001158,8.0,78,59,1,3,0,normal
1,0.0,65,0.9843932437736737,0.9591911374892568,0.0,0.0,0.5555555555555556,20.98393256869724,23.0,36,20,0,1,0,normal
1,0.0,66,0.8808312274519023,0.9940581729767585,0.0,0.0,1.0,15.0,14.0,0,0,0,0,0,normal
1,0.0,67,0.876579689065028,0.9695572839794427,0.05,0.0,0.6166666666666667,16.711154855898727,10.0,60,37,3,2,0,normal
1,0.0,68,0.8650978972745524,1.0,0.0,0.0,0.0,15.0,22.0,60,0,0,0,0,normal
1,0.0,69,0.9519856303798226,1.0,0.0,0.0,1.0,16.61699093799575,13.0,20,20,0,1,0,normal
1,0.0,70,0.9385497376524043,1.0,0.0,0.0,0.5128205128205128,12.094925319068217,14.0,39,20,0,1,0,normal
1,0.0,71,0.8707955411401613,0.9915033287328853,0.012658227848101266,0.0,0.7468354430379747,17.780777997649214,11.0,79,59,1,3,0,normal
1,0.0,72,0.9408095985147577,0.9827312065639735,0.0,0.0,1.0,15.0,13.0,0,0,0,0,0,normal
1,0.0,73,0.9131671222670685,0.9741043738417888,0.010416666666666666,0.0,0.8020833333333334,16.963127848268286,22.0,96,77,1,4,0,normal
1,0.0,74,0.9153230418835722,0.9643219523305925,0.0,0.0,0.853448275862069,14.61165099341262,10.0,116,99,0,5,0,normal
1,0.0,75,0.9107330226048828,1.0,0.0,0.0,0.40816326530612246,18.53360763018544,23.0,98,40,0,2,0,normal
1,0.0,76,0.8748721480624827,0.9211681118590972,0.016666666666666666,0.0,0.9833333333333333,14.519131390767633,15.0,60,59,1,3,0,normal
1,0.0,77,0.9339906431956946,0.9941100353346758,0.0,0.0,0.0,15.0,9.0,38,0,0,0,0,normal
1,0.0,78,0.8778308379608248,0.9885373464918703,0.0,0.0,0.36363636363636365,24.417798061586065,24.0,55,20,0,1,0,normal
1,0.0,79,0.9100227184048332,0.9558982065239677,0.0,0.0,0.3978494623655914,17.70677624237356,16.0,93,37,0,2,0,normal
1,0.0,80,0.9774020818838594,0.9673410079040256,0.025,0.0,0.8083333333333333,13.916653683975568,16.0,120,97,3,5,0,normal
1,0.0,81,0.9505342818777262,0.9437948417388284,0.03389830508474576,0.0,0.6440677966101694,15.921494998403631,13.0,59,38,2,2,0,normal
1,0.0,82,0.8535495307619294,1.0,0.0,0.0,0.5128205128205128,24.816524988039184,17.0,39,20,0,1,0,normal
1,0.0,83,0.94101538782477,0.9709399718529536,0.0,0.0,1.0,17.52367384171712,18.0,98,98,0,5,0,normal
1,0.0,84,0.8785326737246616,0.9834683832032347,0.0,0.0,0.0,15.0,17.0,38,0,0,0,0,normal
1,0.0,85,0.9052742030869443,0.9891599821051899,0.0,0.0,1.0,8.963902063262717,7.0,20,20,0,1,0,normal
1,0.0,86,0.9082379530255474,1.0,0.0,0.0,0.5405405405405406,10.697598626694727,17.0,74,40,0,2,0,normal
1,0.0,87,0.973277678681979,0.925515672528912,0.017241379310344827,0.0,0.6724137931034483,17.149517459346992,22.0,58,39,1,2,0,normal
1,0.0,88,0.8738976183949319,0.9555824611071208,0.012658227848101266,0.0,0.9873417721518988,20.14172947452426,12.0,79,78,1,4,0,normal
1,0.0,89,0.8789937942131476,1.0,0.0,0.0,0.2962962962962963,19.42670370988312,24.0,135,40,0,2,0,normal
1,0.0,90,0.8927788134421656,1.0,0.0,0.0,0.75,17.060197916504304,13.0,80,60,0,3,0,normal
1,0.0,91,0.9087358873666745,0.9917619916183743,0.0,0.0,1.0,13.738418003549535,16.0,20,20,0,1,0,normal
1,0.0,92,0.8885953631910867,0.9518825726423795,0.022222222222222223,0.0,0.837037037037037,13.900739256389317,17.0,135,113,3,6,0,normal
1,0.0,93,0.9436482468900013,0.9248005127930269,0.022058823529411766,0.0,0.8308823529411765,12.991866268011862,15.0,136,113,3,6,0,normal
1,0.0,94,0.9660650306166505,0.9452934767183416,0.0,0.0,0.48717948717948717,13.09036226244586,25.0,39,19,0,1,0,normal
1,0.0,95,0.933946552081651,1.0,0.014492753623188406,0.0,0.42028985507246375,19.79550461054792,9.0,138,58,2,3,0,normal
1,0.0,96,0.9956264267328847,0.9962515365320562,0.012658227848101266,0.0,0.7468354430379747,18.97324634475978,16.0,79,59,1,3,0,normal
1,0.0,97,0.8927844208077427,0.9516957018463491,0.013793103448275862,0.0,0.7241379310344828,15.340954940238767,25.0,290,210,4,11,0,normal
1,0.0,98,0.8646363529040029,0.9638961116662627,0.02,0.0,0.78,18.20574210631193,8.0,100,78,2,4,0,normal
1,0.0,99,0.864344327709456,0.9837931028289466,0.0,0.0,1.0,19.810901981034043,16.0,20,20,0,1,0,normal
1,10.0,0,0.8644252839414674,1.0,0.004672897196261682,9.84,0.5514018691588785,17.51655879325341,18.0,214,118,1,6,0,normal
1,10.0,1,0.8817438793705749,0.9552374322093239,0.025157232704402517,12.46,0.7232704402515723,15.99294961633099,9.0,159,115,4,6,0,normal
1,10.0,2,0.8514490750187369,0.9349201827722212,0.02531645569620253,6.43,0.9746835443037974,16.984448471818858,14.0,158,154,4,8,0,normal
1,10.0,3,0.9334006760931424,0.8528474404142564,0.03002309468822171,24.31,0.9699769053117783,17.673441617977918,23.0,433,420,13,22,0,normal
1,10.0,4,0.8832978986600895,0.9805499826443222,0.0,24.03,0.0,15.0,11.0,58,0,0,0,0,normal
1,10.0,5,0.9416144369063721,0.9949788610009042,0.00392156862745098,18.59,0.5333333333333333,13.985552504897587,13.0,255,136,1,7,0,normal
1,10.0,6,0.8551191968477868,0.993011362926459,0.0064516129032258064,7.64,0.6258064516129033,17.816252139923115,15.0,155,97,1,5,0,normal
1,10.0,7,0.9757286484388497,0.9612717767937697,0.0,24.14,0.7662337662337663,14.73949610051516,10.0,77,59,0,3,0,normal
1,10.0,8,0.8462570593058747,0.9963143699264754,0.01107011070110701,11.78,0.7121771217712177,14.563805210321211,17.0,271,193,3,10,0,normal
1,10.0,9,0.9394493078354792,0.9320352412336329,0.012232415902140673,19.18,0.9327217125382263,19.184252888976765,17.0,327,305,4,16,0,normal
1,10.0,10,0.8627289786536412,0.9058267197255349,0.02095238095238095,12.24,0.8704761904761905,16.98673854743997,21.0,525,457,11,24,0,normal
1,10.0,11,0.941623151587947,0.9891105984757053,0.0,17.9,1.0,14.767665872158906,13.0,77,77,0,4,0,normal
1,10.0,12,0.8820345025773743,0.9253570889994114,0.009852216748768473,9.56,0.9901477832512315,17.764919101653994,23.0,406,402,4,21,0,normal
1,10.0,13,0.8447272276639782,0.9346418362509787,0.0,10.27,0.0,15.0,13.0,56,0,0,0,0,normal
1,10.0,14,0.9156841409024439,0.9007039860528621,0.015810276679841896,9.59,0.9169960474308301,17.65996083329717,18.0,253,232,4,12,0,normal
1,10.0,15,0.8785611789570791,0.9803269557253257,0.0,13.97,0.0,15.0,20.0,20,0,0,0,0,normal
1,10.0,16,0.8768818932720289,0.9569212695772153,0.01694915254237288,14.99,0.6610169491525424,17.539517621624803,14.0,59,39,1,2,0,normal
1,10.0,17,0.9543517032964642,0.9284424311838657,0.01282051282051282,22.09,0.9871794871794872,19.229114627532613,23.0,234,231,3,12,0,normal
1,10.0,18,0.9550821799862896,0.9885010320466016,0.01015228426395939,9.19,0.6903553299492385,21.96712962618293,23.0,197,136,2,7,0,normal
1,10.0,19,0.9554524182129165,0.9284063366831535,0.02564102564102564,9.98,0.48717948717948717,18.479621112751225,12.0,39,19,1,1,0,normal
1,10.0,20,0.8919520589801397,0.9738797394018736,0.00847457627118644,13.79,0.652542372881356,15.489326173153847,18.0,118,77,1,4,0,normal
1,10.0,21,0.9039007183615486,0.9546221719766406,0.0,8.2,0.5128205128205128,21.20201489796225,14.0,39,20,0,1,0,normal
1,10.0,22,0.8928921487944568,0.9775933785576507,0.010526315789473684,7.54,0.9894736842105263,20.847684475561532,21.0,95,94,1,5,0,normal
1,10.0,23,0.941494540617078,0.9523506086386235,0.0,21.42,0.5,19.24054558055493,8.0,40,20,0,1,0,normal
1,10.0,24,0.9333010346299403,0.9419463893765281,0.015873015873015872,11.38,0.7579365079365079,17.688178118224638,20.0,252,191,4,10,0,normal
1,10.0,25,0.9234667223461941,1.0,0.0,20.59,1.0,19.719111034460038,10.0,20,20,0,1,0,normal
1,10.0,26,0.9612533273504402,0.9383149443083404,0.02531645569620253,17.04,0.7215189873417721,16.048712399944264,23.0,158,114,4,6,0,normal
1,10.0,27,0.8685941792155698,0.9324220797264061,0.015706806282722512,18.47,0.8900523560209425,16.015115897291082,15.0,191,170,3,9,0,normal
1,10.0,28,0.8515386646303703,0.9510361193979576,0.00641025641025641,5.42,0.8782051282051282,17.34220601822495,13.0,156,137,1,7,0,normal
1,10.0,29,0.851610848919404,1.0,0.02564102564102564,20.41,0.48717948717948717,20.166762780962543,13.0,39,19,1,1,0,normal
1,10.0,30,0.8949445902881447,0.9433551387917749,0.009216589861751152,8.79,0.8986175115207373,15.853011445604617,24.0,217,195,2,10,0,normal
1,10.0,31,0.963054946387477,0.9626071140528424,0.010309278350515464,6.11,0.7835051546391752,17.762119365540578,16.0,97,76,1,4,0,normal
1,10.0,32,0.9095275988862342,0.9357076256494632,0.007462686567164179,13.71,0.5895522388059702,19.423374335384622,14.0,134,79,1,4,0,normal
1,10.0,33,0.8463673687914909,1.0,0.0,6.69,0.6779661016949152,15.175880906214442,15.0,59,40,0,2,0,normal
1,10.0,34,0.9559909453608997,1.0,0.0,13.93,0.20833333333333334,19.47154793723474,11.0,96,20,0,1,0,normal
1,10.0,35,0.8840120367447758,0.9538145286700435,0.02631578947368421,7.38,0.5,10.46895814052749,11.0,38,19,1,1,0,normal
1,10.0,36,0.9715671531430022,0.9936133321397826,0.0,5.58,0.75,16.864319930828767,9.0,80,60,0,3,0,normal
1,10.0,37,0.8537126494717797,1.0,0.02631578947368421,22.9,0.5,25.350080557922187,12.0,38,19,1,1,0,normal
1,10.0,38,0.8743513551630245,1.0,0.0,11.68,0.24675324675324675,12.282289475616162,24.0,77,19,0,1,0,normal
1,10.0,39,0.8330590103956244,0.9601105457922611,0.02336448598130841,16.69,0.9766355140186916,16.897991737462295,18.0,214,209,5,11,0,normal
1,10.0,40,0.8727497677047885,0.9910285523814762,0.01910828025477707,5.75,0.732484076433121,17.750903867466832,20.0,157,115,3,6,0,normal
1,10.0,41,0.9631634651190704,1.0,0.01020408163265306,22.71,0.3979591836734694,18.11535612532535,9.0,98,39,1,2,0,normal
1,10.0,42,0.97754524153778,0.9843547325829479,0.0,13.62,0.0,15.0,13.0,19,0,0,0,0,normal
1,10.0,43,0.8807655994881598,0.9649051379376632,0.0,24.12,0.5263157894736842,22.79864016335531,7.0,38,20,0,1,0,normal
1,10.0,44,0.920147535609249,0.9845612137164156,0.00641025641025641,20.01,0.7435897435897436,14.463903733669952,26.0,156,116,1,6,0,normal
1,10.0,45,0.9283043604451762,1.0,0.0,22.61,0.0,15.0,6.0,17,0,0,0,0,normal
1,10.0,46,0.8891106680804538,0.9599370518403518,0.011111111111111112,14.88,0.7037037037037037,15.383750967397734,17.0,270,190,3,10,0,normal
1,10.0,47,0.9862386338181085,0.995771626512132,0.0,22.28,0.20618556701030927,8.888074724046144,11.0,97,20,0,1,0,normal
1,10.0,48,0.9736142628396435,0.9916510416333268,0.0,19.77,0.3389830508474576,10.650547424557287,10.0,59,20,0,1,0,normal
1,10.0,49,0.8739235763980646,0.9445192513389391,0.0,11.7,1.0,16.82808651873234,7.0,40,40,0,2,0,normal
1,10.0,50,0.8652464359448686,1.0,0.0,22.94,0.4956521739130435,22.179399074536917,20.0,115,57,0,3,0,normal
1,10.0,51,0.9788540270848213,1.0,0.0,17.3,0.0,15.0,13.0,35,0,0,0,0,normal
1,10.0,52,0.9158625647675239,1.0,0.0,15.45,1.0,15.0,18.0,0,0,0,0,0,normal
1,10.0,53,0.9840548119421937,0.9878253388375354,0.0,17.09,1.0,15.0,8.0,0,0,0,0,0,normal
1,10.0,54,0.9843221071133786,0.9886993988919925,0.0,12.42,0.5064935064935064,18.835258155971918,18.0,77,39,0,2,0,normal
1,10.0,55,0.8775974397047863,0.9511526492240546,0.03389830508474576,20.41,0.3050847457627119,21.456309060807744,19.0,59,18,2,1,0,normal
1,10.0,56,0.8693309590256397,0.986431591522858,0.008849557522123894,8.41,0.5221238938053098,14.900830934015454,11.0,113,59,1,3,0,normal
1,10.0,57,0.8804058312682973,0.9895315333430157,0.008403361344537815,11.29,0.8235294117647058,15.203783164630043,16.0,119,98,1,5,0,normal
1,10.0,58,0.902064266297955,0.9863122784650977,0.0,16.85,0.3448275862068966,17.927482710542648,9.0,58,20,0,1,0,normal
1,10.0,59,0.8685873020329009,0.9565221580104138,0.01680672268907563,8.04,0.9831932773109243,15.031211497138004,14.0,119,117,2,6,0,normal
1,10.0,60,0.8855970463284945,0.9291629358176853,0.008333333333333333,24.14,0.9916666666666667,18.41260731237629,10.0,120,119,1,6,0,normal
1,10.0,61,0.8853479833581179,0.972677914793744,0.0072992700729927005,8.85,0.9927007299270073,19.461977718248818,16.0,137,136,1,7,0,normal
1,10.0,62,0.8564744509524463,1.0,0.0,6.18,1.0,14.573494843902289,18.0,77,77,0,4,0,normal
1,10.0,63,0.8983678170413473,0.952905531050189,0.017094017094017096,16.53,0.8205128205128205,13.576942416034523,14.0,117,96,2,5,0,normal
1,10.0,64,0.9098921982930454,0.956135694071715,0.0125,5.5,0.9875,19.460359126136254,8.0,80,79,1,4,0,normal
1,10.0,65,0.9816532437736736,0.9650644026908973,0.017241379310344827,24.34,0.6724137931034483,17.106793465652522,23.0,58,39,1,2,0,normal
1,10.0,66,0.8804312274519024,0.9680017737889092,0.0,22.57,0.0,15.0,14.0,20,0,0,0,0,normal
1,10.0,67,0.872619689065028,0.9713090662738854,0.012658227848101266,19.24,0.7468354430379747,14.520397187440572,10.0,79,59,1,3,0,normal
1,10.0,68,0.8603778972745524,0.9753584781632904,0.020202020202020204,10.94,0.9797979797979798,17.429950765669567,22.0,99,97,2,5,0,normal
1,10.0,69,0.9500256303798227,0.9802968156743448,0.01694915254237288,24.78,0.3220338983050847,14.863662226949186,13.0,59,19,1,1,0,normal
1,10.0,70,0.9314097376524044,0.9711745203875269,0.0,17.14,0.6369426751592356,19.969220702560353,14.0,157,100,0,5,0,normal
1,10.0,71,0.8672555411401613,0.9506100010090075,0.01020408163265306,23.93,0.3979591836734694,8.711222484827305,11.0,98,39,1,2,0,normal
1,10.0,72,0.9400495985147577,1.0,0.0,5.17,0.0,15.0,13.0,38,0,0,0,0,normal
1,10.0,73,0.9060271222670685,0.983676558988497,0.007246376811594203,8.08,0.8623188405797102,13.683586200567062,22.0,138,119,1,6,0,normal
1,10.0,74,0.9118030418835722,0.9872338515621981,0.02531645569620253,9.12,0.9746835443037974,16.15006605888508,10.0,79,77,2,4,0,normal
1,10.0,75,0.9021330226048828,0.9417676800489946,0.022598870056497175,9.74,0.864406779661017,20.74243934284042,23.0,177,153,4,8,0,normal
1,10.0,76,0.8717321480624827,0.9727407548632908,0.01694915254237288,18.0,0.9830508474576272,19.946453601890855,15.0,59,58,1,3,0,normal
1,10.0,77,0.9339906431956946,1.0,0.0,21.19,1.0,15.0,9.0,0,0,0,0,0,normal
1,10.0,78,0.8730908379608249,0.9924637206031812,0.008403361344537815,9.67,0.6554621848739496,15.16945244912257,24.0,119,78,1,4,0,normal
1,10.0,79,0.9049827184048332,0.9863943490758672,0.03418803418803419,14.53,0.6410256410256411,14.522545747014467,16.0,117,75,4,4,0,normal
1,10.0,80,0.9746820818838593,0.9676207152211749,0.010309278350515464,8.82,0.1958762886597938,8.773867701147685,16.0,97,19,1,1,0,normal
1,10.0,81,0.9463742818777262,0.9612410640892501,0.007633587786259542,13.26,0.5877862595419847,20.565864983255796,13.0,131,77,1,4,0,normal
1,10.0,82,0.8483695307619294,0.9441207731849846,0.0,6.05,0.8080808080808081,21.363902069450795,17.0,99,80,0,4,0,normal
1,10.0,83,0.93173538782477,0.9311561641461511,0.009389671361502348,5.28,0.8967136150234741,17.034279569704136,18.0,213,191,2,10,0,normal
1,10.0,84,0.8749926737246616,0.9474696680725981,0.05,5.5,0.95,18.788700039809854,17.0,60,57,3,3,0,normal
1,10.0,85,0.9052742030869443,0.972989462582295,0.0,10.46,1.0,15.0,7.0,0,0,0,0,0,normal
1,10.0,86,0.9031179530255474,0.9894935926858821,0.025210084033613446,10.86,0.6470588235294118,15.239039169419613,17.0,119,77,3,4,0,normal
1,10.0,87,0.9728776786819789,1.0,0.0,13.87,0.0,15.0,22.0,20,0,0,0,0,normal
1,10.0,88,0.8715376183949319,0.982641929587356,0.0,5.06,0.20408163265306123,11.156936383522758,12.0,98,20,0,1,0,normal
1,10.0,89,0.8773937942131476,1.0,0.0,18.81,0.5,23.247087087663008,24.0,40,20,0,1,0,normal
1,10.0,90,0.8907988134421656,0.9998278675923407,0.0,23.17,0.3389830508474576,23.271876829877606,13.0,59,20,0,1,0,normal
1,10.0,91,0.9083558873666745,1.0,0.0,10.4,0.0,15.0,16.0,19,0,0,0,0,normal
1,10.0,92,0.8858353631910867,0.9502465825507836,0.0,9.75,0.6896551724137931,17.985044295191223,17.0,58,40,0,2,0,normal
1,10.0,93,0.9353282468900013,0.9335577698924848,0.01675977653631285,14.82,0.8770949720670391,16.90450116412824,15.0,179,157,3,8,0,normal
1,10.0,94,0.9648650306166505,0.9471323939426183,0.0,13.88,1.0,25.107504748029257,25.0,20,20,0,1,0,normal
1,10.0,95,0.933206552081651,1.0,0.0,20.93,0.0,15.0,9.0,37,0,0,0,0,normal
1,10.0,96,0.9913064267328847,0.9978628450366466,0.010309278350515464,13.05,0.6082474226804123,15.184865210930058,16.0,97,59,1,3,0,normal
1,10.0,97,0.8854044208077427,0.9749071695139959,0.005714285714285714,10.47,0.9942857142857143,17.44825017397041,25.0,175,174,1,9,0,normal
1,10.0,98,0.8614563529040029,0.9499299094932231,0.0125,20.69,0.4875,15.138837565610562,8.0,80,39,1,2,0,normal
1,10.0,99,0.863944327709456,1.0,0.0,12.05,0.0,15.0,16.0,20,0,0,0,0,normal
1,20.0,0,0.8398652839414674,0.8754921612787492,0.01935483870967742,9.84,0.9483870967741935,18.175726284156365,27.0,620,588,12,31,0,normal
1,20.0,1,0.8771438793705748,0.97856628112261,0.007407407407407408,12.46,0.7037037037037037,19.774065806112894,15.0,135,95,1,5,0,normal
1,20.0,2,0.8419090750187369,0.9306015206530385,0.013636363636363636,6.43,0.8954545454545455,15.521567142989786,19.0,220,197,3,10,0,normal
1,20.0,3,0.9153606760931424,0.9081010746207835,0.017278617710583154,24.31,0.8617710583153347,18.415503313675725,31.0,463,399,8,21,0,normal
1,20.0,4,0.8809378986600895,1.0,0.0,0.0,0.2564102564102564,13.079891302016966,7.0,78,20,0,1,0,normal
1,20.0,5,0.9289944369063722,0.9436170943759257,0.009202453987730062,18.59,0.7515337423312883,16.803486096898165,23.0,326,245,3,13,0,normal
1,20.0,6,0.8411591968477867,0.8983001127289675,0.01881720430107527,7.64,0.8225806451612904,17.469424029511842,23.0,372,306,7,16,0,normal
1,20.0,7,0.9650686484388497,0.9188872877674524,0.02413793103448276,24.14,0.8379310344827586,16.842540000049585,27.0,290,243,7,13,0,normal
1,20.0,8,0.8377170593058747,0.9554261816589827,0.018691588785046728,11.78,0.8084112149532711,14.564472641247512,18.0,214,173,4,9,0,normal
1,20.0,9,0.9287493078354793,0.9267695275083736,0.025925925925925925,19.18,0.9074074074074074,15.036240271309747,30.0,270,245,7,13,0,normal
1,20.0,10,0.8531289786536411,0.9322963921662335,0.018867924528301886,12.24,0.9811320754716981,15.18791988746887,28.0,212,208,4,11,0,normal
1,20.0,11,0.934663151587947,0.9749384449954747,0.03389830508474576,17.9,0.8531073446327684,15.323950719724165,23.0,177,151,6,8,0,normal
1,20.0,12,0.8804745025773743,0.9976077265118083,0.0,9.56,0.5263157894736842,10.73144919408188,27.0,38,20,0,1,0,normal
1,20.0,13,0.8381872276639782,0.9656414787317709,0.044585987261146494,10.27,0.9554140127388535,17.098698206832598,24.0,157,150,7,8,0,normal
1,20.0,14,0.9052441409024439,0.9645748847022159,0.014652014652014652,9.59,0.9120879120879121,18.795358576443537,28.0,273,249,4,13,0,normal
1,20.0,15,0.8773611789570791,1.0,0.0,13.97,1.0,14.234783929368358,27.0,20,20,0,1,0,normal
1,20.0,16,0.8765018932720289,0.9946743613702843,0.0,0.0,0.0,15.0,12.0,19,0,0,0,0,normal
1,20.0,17,0.9496117032964643,0.9534744356322635,0.020202020202020204,22.09,0.7878787878787878,15.798673544510688,24.0,99,78,2,4,0,normal
1,20.0,18,0.9478221799862897,1.0,0.005235602094240838,9.19,0.7958115183246073,16.19699110571309,27.0,191,152,1,8,0,normal
1,20.0,19,0.9523124182129166,1.0,0.01020408163265306,9.98,0.3979591836734694,19.398778579247804,16.0,98,39,1,2,0,normal
1,20.0,20,0.8892120589801398,1.0,0.0,13.79,0.20618556701030927,20.008126164191793,25.0,97,20,0,1,0,normal
1,20.0,21,0.8995407183615487,1.0,0.007194244604316547,8.2,0.2805755395683453,12.139574336474194,17.0,139,39,1,2,0,normal
1,20.0,22,0.8898121487944568,0.9828209998201275,0.012987012987012988,7.54,0.7402597402597403,20.11059580988795,29.0,77,57,1,3,0,normal
1,20.0,23,0.9367345406170781,0.993313811871167,0.0,21.42,0.6779661016949152,13.251181136625004,30.0,118,80,0,4,0,normal
1,20.0,24,0.9321410346299404,1.0,0.0,11.38,0.5263157894736842,23.700322938507902,27.0,38,20,0,1,0,normal
1,20.0,25,0.9211067223461941,1.0,0.0,20.59,0.6896551724137931,18.707318802498893,18.0,58,40,0,2,0,normal
1,20.0,26,0.9581133273504402,1.0,0.0,17.04,0.6020408163265306,16.283990483115897,30.0,98,59,0,3,0,normal
1,20.0,27,0.8646141792155698,0.9852322868014036,0.0,18.47,0.5042016806722689,13.578388202899967,30.0,119,60,0,3,0,normal
1,20.0,28,0.8475786646303703,0.9528973889623967,0.012658227848101266,5.42,0.7468354430379747,21.751419979485533,13.0,79,59,1,3,0,normal
1,20.0,29,0.849310848919404,0.9387190530556597,0.017241379310344827,20.41,0.6379310344827587,17.92514354287583,26.0,58,37,1,2,0,normal
1,20.0,30,0.8894045902881447,0.9236354608334666,0.025,8.79,0.975,16.912185925576292,22.0,120,117,3,6,0,normal
1,20.0,31,0.962654946387477,0.9703622040043801,0.0,6.11,0.0,15.0,15.0,20,0,0,0,0,normal
1,20.0,32,0.9095275988862342,0.9936306364873071,0.0,13.71,1.0,15.0,18.0,0,0,0,0,0,normal
1,20.0,33,0.8422273687914908,0.967687725572905,0.034782608695652174,6.69,0.8,20.017068691217634,24.0,115,92,4,5,0,normal
1,20.0,34,0.9544109453608997,1.0,0.0,13.93,0.5128205128205128,18.18517102065018,20.0,39,20,0,1,0,normal
1,20.0,35,0.8820320367447758,0.9734884357070175,0.016666666666666666,7.38,0.31666666666666665,12.293552130783029,14.0,60,19,1,1,0,normal
1,20.0,36,0.9688271531430022,0.9702101962677906,0.05,5.58,0.6166666666666667,18.441775906122682,11.0,60,37,3,2,0,normal
1,20.0,37,0.8493526494717797,0.9979825820541004,0.010101010101010102,22.9,0.5959595959595959,14.041173312984576,22.0,99,59,1,3,0,normal
1,20.0,38,0.8703913551630245,0.980851398420503,0.012658227848101266,0.0,0.7468354430379747,15.445907202720413,28.0,79,59,1,3,0,normal
1,20.0,39,0.8286790103956243,0.9784074035520777,0.01,16.69,0.79,19.670851277228373,27.0,100,79,1,4,0,normal
1,20.0,40,0.8707497677047885,0.9846362732230948,0.0,5.75,0.3333333333333333,18.071544002464123,29.0,60,20,0,1,0,normal
1,20.0,41,0.9627834651190703,1.0,0.0,22.71,0.0,15.0,22.0,19,0,0,0,0,normal
1,20.0,42,0.97202524153778,0.9707151490772988,0.025210084033613446,13.62,0.6470588235294118,17.443378566375657,19.0,119,77,3,4,0,normal
1,20.0,43,0.8776455994881598,0.9790713613835339,0.0,24.12,0.4166666666666667,16.774328014619076,23.0,96,40,0,2,0,normal
1,20.0,44,0.914587535609249,0.973062935437115,0.0,20.01,0.8319327731092437,17.741903590594887,23.0,119,99,0,5,0,normal
1,20.0,45,0.9259243604451762,0.9614917919037764,0.025,22.61,0.975,20.584492129087224,16.0,40,39,1,2,0,normal
1,20.0,46,0.8863906680804539,0.974484684160658,0.034482758620689655,14.88,0.6551724137931034,22.232960072983772,28.0,58,38,2,2,0,normal
1,20.0,47,0.9835786338181085,0.9792625640352746,0.0,22.28,0.21505376344086022,18.278882002823988,19.0,93,20,0,1,0,normal
1,20.0,48,0.9724342628396435,0.9436079002063882,0.05,19.77,0.95,19.093224206871238,20.0,20,19,1,1,0,normal
1,20.0,49,0.8736035763980646,1.0,0.0,11.7,0.0,15.0,9.0,16,0,0,0,0,normal
1,20.0,50,0.8601664359448686,0.973598249617711,0.021897810218978103,22.94,0.41605839416058393,22.11689595736564,20.0,137,57,3,3,0,normal
1,20.0,51,0.9760940270848213,0.9859068782170872,0.0,0.0,0.6896551724137931,12.493979240605697,9.0,58,40,0,2,0,normal
1,20.0,52,0.9127625647675239,0.9286578792636558,0.01282051282051282,15.45,0.9871794871794872,20.08044479083472,32.0,78,77,1,4,0,normal
1,20.0,53,0.9820748119421937,0.9944227687419611,0.016666666666666666,0.0,0.31666666666666665,21.675248480051362,7.0,60,19,1,1,0,normal
1,20.0,54,0.9791821071133787,0.9657257277146322,0.01680672268907563,12.42,0.6554621848739496,21.79510604351635,19.0,119,78,2,4,0,normal
1,20.0,55,0.8756174397047863,0.9855802018294206,0.016666666666666666,20.41,0.31666666666666665,20.463907383851456,26.0,60,19,1,1,0,normal
1,20.0,56,0.8677309590256398,0.9887668487061227,0.0,8.41,0.5,12.77874238293825,15.0,40,20,0,1,0,normal
1,20.0,57,0.8768058312682973,0.9730654748652197,0.0,11.29,1.0,14.89682346005929,32.0,80,80,0,4,0,normal
1,20.0,58,0.900484266297955,0.9707217644289532,0.0,16.85,0.5128205128205128,9.108582117176535,11.0,39,20,0,1,0,normal
1,20.0,59,0.8654273020329009,0.9479585971427353,0.03333333333333333,8.04,0.9666666666666667,15.80933526530139,24.0,60,58,2,3,0,normal
1,20.0,60,0.8831970463284945,0.9456790287572856,0.0,24.14,1.0,17.059684126661825,12.0,40,40,0,2,0,normal
1,20.0,61,0.8841479833581178,1.0,0.0,8.85,1.0,19.757900395799375,27.0,20,20,0,1,0,normal
1,20.0,62,0.8541544509524464,1.0,0.0,6.18,0.2631578947368421,11.224155403934896,9.0,76,20,0,1,0,normal
1,20.0,63,0.8956878170413473,0.9860382891222964,0.013157894736842105,16.53,0.5,13.741087595020499,24.0,76,38,1,2,0,normal
1,20.0,64,0.9051521982930453,0.9565562189287677,0.0,5.5,0.5128205128205128,13.315198200939184,13.0,117,60,0,3,0,normal
1,20.0,65,0.9800932437736736,0.9746534662563345,0.0,24.34,0.5263157894736842,20.507130402046982,14.0,38,20,0,1,0,normal
1,20.0,66,0.8784712274519023,1.0,0.0,22.57,0.3448275862068966,16.393664726384596,20.0,58,20,0,1,0,normal
1,20.0,67,0.871419689065028,0.9948142344305778,0.0,19.24,1.0,24.169238177156124,21.0,20,20,0,1,0,normal
1,20.0,68,0.8579978972745524,0.9798208298896272,0.025,10.94,0.975,8.868972309769099,28.0,40,39,1,2,0,normal
1,20.0,69,0.9468456303798227,1.0,0.0125,24.78,0.4875,18.35277922884837,31.0,80,39,1,2,0,normal
1,20.0,70,0.9302097376524043,1.0,0.0,17.14,1.0,16.54507942135936,24.0,20,20,0,1,0,normal
1,20.0,71,0.8624955411401612,0.9657149740815137,0.0,23.93,0.8163265306122449,19.185593777733953,13.0,98,80,0,4,0,normal
1,20.0,72,0.9380695985147577,1.0,0.0,5.17,0.3389830508474576,15.358612724179896,16.0,59,20,0,1,0,normal
1,20.0,73,0.9044471222670685,0.9750472646963991,0.0,8.08,0.5128205128205128,11.770726867038354,24.0,39,20,0,1,0,normal
1,20.0,74,0.9094430418835722,0.99801561597502,0.0,9.12,0.2564102564102564,16.039884105293673,27.0,78,20,0,1,0,normal
1,20.0,75,0.9021330226048828,1.0,0.0,9.74,1.0,15.0,25.0,0,0,0,0,0,normal
1,20.0,76,0.8689721480624827,0.9826485899989229,0.0,18.0,0.6896551724137931,19.244039073091706,25.0,58,40,0,2,0,normal
1,20.0,77,0.9312506431956946,0.973959230811643,0.03389830508474576,21.19,0.6440677966101694,19.165167780436327,21.0,59,38,2,2,0,normal
1,20.0,78,0.8699108379608248,0.9722554379252785,0.016666666666666666,9.67,0.9833333333333333,17.76840926375065,30.0,60,59,1,3,0,normal
1,20.0,79,0.9022227184048333,1.0,0.0,14.53,0.6896551724137931,14.089451449653687,27.0,58,40,0,2,0,normal
1,20.0,80,0.9707420818838592,0.9752868315823146,0.01282051282051282,8.82,0.7564102564102564,18.592404803353194,27.0,78,59,1,3,0,normal
1,20.0,81,0.9447942818777262,0.9635341318838544,0.0,13.26,0.5128205128205128,9.421846304516487,21.0,39,20,0,1,0,normal
1,20.0,82,0.8464095307619295,0.9750005807058576,0.0,6.05,0.3448275862068966,20.840988203005608,23.0,58,20,0,1,0,normal
1,20.0,83,0.93055538782477,0.9013779564985421,0.05,5.28,0.95,21.962667139400942,22.0,20,19,1,1,0,normal
1,20.0,84,0.8726526737246616,1.0,0.0,5.5,0.2597402597402597,15.920877861800145,16.0,77,20,0,1,0,normal
1,20.0,85,0.8997742030869442,0.9745229920107721,0.008620689655172414,10.46,0.6810344827586207,21.511217248503076,16.0,116,79,1,4,0,normal
1,20.0,86,0.8999379530255475,0.9536871318884836,0.0125,10.86,0.4875,21.097977694442356,15.0,80,39,1,2,0,normal
1,20.0,87,0.9693176786819789,0.9827176793817425,0.03333333333333333,13.87,0.9666666666666667,14.611168430954676,16.0,60,58,2,3,0,normal
1,20.0,88,0.868777618394932,0.9540579424108045,0.03333333333333333,5.06,0.6333333333333333,15.877685629346407,16.0,60,38,2,2,0,normal
1,20.0,89,0.8739537942131476,1.0,0.010752688172043012,18.81,0.41935483870967744,22.359369309026306,29.0,93,39,1,2,0,normal
1,20.0,90,0.8872788134421656,1.0,0.01282051282051282,23.17,0.7435897435897436,16.896062197249275,26.0,78,58,1,3,0,normal
1,20.0,91,0.9064558873666745,0.9613204356397538,0.017857142857142856,10.4,0.3392857142857143,23.46523943238101,16.0,56,19,1,1,0,normal
1,20.0,92,0.8826353631910867,1.0,0.0,9.75,0.5,15.191815176591277,18.0,80,40,0,2,0,normal
1,20.0,93,0.9325482468900013,0.9579934923701809,0.016666666666666666,14.82,0.65,17.350932610163085,19.0,60,39,1,2,0,normal
1,20.0,94,0.9610050306166505,0.9851850843835562,0.0,13.88,0.35398230088495575,13.331840811416878,30.0,113,40,0,2,0,normal
1,20.0,95,0.929726552081651,0.9867150187564795,0.0,20.93,0.425531914893617,22.797910457536776,24.0,94,40,0,2,0,normal
1,20.0,96,0.9881264267328846,1.0,0.0,13.05,0.16806722689075632,12.604008505936504,32.0,119,20,0,1,0,normal
1,20.0,97,0.8814244208077426,0.9598478135397218,0.0,10.47,0.759493670886076,16.388275271061392,28.0,79,60,0,3,0,normal
1,20.0,98,0.8598763529040029,0.9874194417968117,0.025,0.0,0.475,21.951472676239767,8.0,40,19,1,1,0,normal
1,20.0,99,0.861144327709456,0.9984122157008768,0.0,12.05,0.6666666666666666,19.52399329072004,28.0,60,40,0,2,0,normal
1,30.0,0,0.8161452839414675,0.8886981651160171,0.02037351443123939,9.84,0.9456706281833617,14.298064475346226,41.0,589,557,12,29,0,normal
1,30.0,1,0.8728838793705749,0.9890183208435178,0.0,12.46,0.8362068965517241,16.616442654419693,16.0,116,97,0,5,0,normal
1,30.0,2,0.8320690750187368,0.9608149079507088,0.009216589861751152,6.43,0.8986175115207373,18.115984760513165,20.0,217,195,2,10,0,normal
1,30.0,3,0.9008806760931424,0.906012385479224,0.021917808219178082,24.31,0.873972602739726,16.77716396907088,36.0,365,319,8,17,0,normal
1,30.0,4,0.8805778986600895,0.9671269303877467,0.0,7.15,0.0,15.0,4.0,18,0,0,0,0,normal
1,30.0,5,0.9140144369063721,0.9249481394433585,0.008426966292134831,18.59,0.8792134831460674,19.930619069909422,42.0,356,313,3,16,0,normal
1,30.0,6,0.8342791968477867,0.9366893465689772,0.01744186046511628,7.64,0.8837209302325582,17.727238765801648,28.0,172,152,3,8,0,normal
1,30.0,7,0.9569486484388496,0.9353606098827348,0.023255813953488372,0.0,0.8883720930232558,16.99575452751882,26.0,215,191,5,10,0,normal
1,30.0,8,0.8345570593058748,0.9757501059898058,0.025,11.78,0.475,11.047126125445377,23.0,80,38,2,2,0,normal
1,30.0,9,0.9263493078354792,1.0,0.0,19.18,0.25,20.319555498460485,40.0,80,20,0,1,0,normal
1,30.0,10,0.8515689786536411,1.0,0.0,12.24,0.5263157894736842,19.9232352439591,31.0,38,20,0,1,0,normal
1,30.0,11,0.929903151587947,1.0,0.016666666666666666,17.9,0.65,16.28475715919996,38.0,120,78,2,4,0,normal
1,30.0,12,0.8769945025773742,0.9793606907154642,0.02040816326530612,9.56,0.5714285714285714,18.441519515121843,32.0,98,56,2,3,0,normal
1,30.0,13,0.8299872276639783,0.9128288581015106,0.013888888888888888,10.27,0.8055555555555556,19.263369306373438,33.0,216,174,3,9,0,normal
1,30.0,14,0.9012841409024438,0.9818096749786899,0.010101010101010102,9.59,0.5959595959595959,16.363510701029497,44.0,99,59,1,3,0,normal
1,30.0,15,0.876201178957079,0.9908897694729661,0.02564102564102564,13.97,0.48717948717948717,13.149927965739428,38.0,39,19,1,1,0,normal
1,30.0,16,0.8719018932720289,0.9574538557755811,0.017241379310344827,15.96,0.9827586206896551,18.926980670199985,11.0,116,114,2,6,0,normal
1,30.0,17,0.9464317032964642,0.9962340874414298,0.0,0.0,0.5063291139240507,12.816173144501095,9.0,79,40,0,2,0,normal
1,30.0,18,0.9427621799862896,1.0,0.014705882352941176,9.19,0.5661764705882353,18.096679981446066,26.0,136,77,2,4,0,normal
1,30.0,19,0.9429724182129166,0.9731047156973267,0.008547008547008548,9.98,0.9102564102564102,17.19496473878146,25.0,234,213,2,11,0,normal
1,30.0,20,0.8876520589801398,1.0,0.0,0.0,0.5263157894736842,21.55640159496059,30.0,38,20,0,1,0,normal
1,30.0,21,0.8972207183615486,0.9696727787409075,0.03389830508474576,8.2,0.6271186440677966,21.265334023006794,13.0,59,37,2,2,0,normal
1,30.0,22,0.8812321487944568,0.9519877636086602,0.013953488372093023,7.54,0.8093023255813954,15.772259390611074,43.0,215,174,3,9,0,normal
1,30.0,23,0.934894540617078,0.9736501607733404,0.0,21.42,0.6428571428571429,15.46136682375311,45.0,56,36,0,2,0,normal
1,30.0,24,0.9259210346299404,0.9770095107214616,0.013071895424836602,11.38,0.5098039215686274,15.452186684379184,18.0,153,78,2,4,0,normal
1,30.0,25,0.9183667223461941,0.972476238069684,0.01694915254237288,20.59,0.9830508474576272,11.229957619411275,26.0,59,58,1,3,0,normal
1,30.0,26,0.9565133273504403,0.9744898635605703,0.0,17.04,0.5,9.895758705020194,15.0,40,20,0,1,0,normal
1,30.0,27,0.8575341792155698,0.9348844024414241,0.02403846153846154,18.47,0.7019230769230769,17.000110175302236,42.0,208,146,5,8,0,normal
1,30.0,28,0.8451986646303703,0.9534312586688044,0.0,5.42,0.25316455696202533,11.857444578686394,17.0,79,20,0,1,0,normal
1,30.0,29,0.8462508489194039,0.9862015220108421,0.012987012987012988,0.0,0.7272727272727273,19.710001438081342,24.0,77,56,1,3,0,normal
1,30.0,30,0.8866245902881447,0.9753145555582423,0.0125,8.79,0.7375,13.70233915371657,21.0,80,59,1,3,0,normal
1,30.0,31,0.961074946387477,0.9806904281305282,0.0,6.11,0.5128205128205128,19.062245666831103,11.0,39,20,0,1,0,normal
1,30.0,32,0.9043675988862342,0.9446866095651506,0.02,13.71,0.78,18.962939850945197,27.0,100,78,2,4,0,normal
1,30.0,33,0.8378873687914908,0.9459965893373379,0.0,6.69,0.6837606837606838,14.439178780375805,36.0,117,80,0,4,0,normal
1,30.0,34,0.9478909453608997,0.9583804433772374,0.017241379310344827,13.93,0.8735632183908046,17.991101235964038,35.0,174,152,3,8,0,normal
1,30.0,35,0.8816320367447759,0.9890743502156965,0.0,7.38,0.0,15.0,9.0,20,0,0,0,0,normal
1,30.0,36,0.9636871531430022,0.9712162493404115,0.020202020202020204,5.58,0.7878787878787878,14.362573793348322,14.0,99,78,2,4,0,normal
1,30.0,37,0.8466326494717797,1.0,0.012987012987012988,0.0,0.5064935064935064,17.012536891711676,22.0,77,39,1,2,0,normal
1,30.0,38,0.8649313551630246,1.0,0.008547008547008548,15.39,0.8205128205128205,16.200593850973615,33.0,117,96,1,5,0,normal
1,30.0,39,0.8260590103956243,1.0,0.0,16.69,0.5205479452054794,19.042561329928155,30.0,73,38,0,2,0,normal
1,30.0,40,0.8668097677047886,0.9655674757890044,0.0,5.75,0.8061224489795918,17.699527456348648,37.0,98,79,0,4,0,normal
1,30.0,41,0.9588234651190704,0.9816832473536625,0.0,22.71,1.0,13.906922467405716,42.0,79,79,0,4,0,normal
1,30.0,42,0.97048524153778,0.9442524456170921,0.05128205128205128,13.62,0.46153846153846156,8.460847132808771,28.0,39,18,2,1,0,normal
1,30.0,43,0.8733855994881597,0.9710732058313817,0.04081632653061224,0.0,0.7653061224489796,17.2303788648868,37.0,98,75,4,4,0,normal
1,30.0,44,0.9129875356092491,0.9794826493233593,0.0,20.01,0.5,12.017856318731631,11.0,40,20,0,1,0,normal
1,30.0,45,0.9211243604451762,0.9876743363919264,0.0,22.61,1.0,17.492524911733483,33.0,80,80,0,4,0,normal
1,30.0,46,0.8851906680804538,0.9913157924118323,0.0,14.88,1.0,17.60620166040539,15.0,20,20,0,1,0,normal
1,30.0,47,0.9828186338181084,1.0,0.0,22.28,0.0,15.0,33.0,38,0,0,0,0,normal
1,30.0,48,0.9716342628396435,1.0,0.0,0.0,0.0,15.0,39.0,40,0,0,0,0,normal
1,30.0,49,0.8728635763980646,0.9777916941906334,0.0,11.7,0.0,15.0,17.0,37,0,0,0,0,normal
1,30.0,50,0.8561864359448687,0.9398202536394942,0.0125,0.0,0.9875,14.05124706047582,18.0,80,79,1,4,0,normal
1,30.0,51,0.9749340270848212,1.0,0.0,13.42,0.0,15.0,16.0,58,0,0,0,0,normal
1,30.0,52,0.9036025647675239,0.9873378749742008,0.0,15.45,0.7865168539325843,14.980939213838775,35.0,178,140,0,7,0,normal
1,30.0,53,0.9793548119421936,0.9876568523603323,0.017543859649122806,12.54,0.6842105263157895,15.73726030407294,7.0,57,39,1,2,0,normal
1,30.0,54,0.9791821071133787,0.9943321907627091,0.0,12.42,1.0,15.0,10.0,0,0,0,0,0,normal
1,30.0,55,0.8697374397047863,0.9839990799314379,0.007407407407407408,20.41,0.5851851851851851,16.7027702553118,16.0,135,79,1,4,0,normal
1,30.0,56,0.8645309590256397,1.0,0.0,8.41,0.5,17.245513579762765,16.0,80,40,0,2,0,normal
1,30.0,57,0.8748058312682973,1.0,0.0,11.29,0.3333333333333333,20.687244348321087,34.0,60,20,0,1,0,normal
1,30.0,58,0.8973442662979549,0.9748539966176326,0.01282051282051282,16.85,0.5,16.40395123594303,17.0,78,39,1,2,0,normal
1,30.0,59,0.8634273020329009,1.0,0.0,8.04,1.0,21.82808535611174,30.0,40,40,0,2,0,normal
1,30.0,60,0.8816170463284945,0.9623068637908566,0.0,0.0,0.5128205128205128,10.744547408448474,8.0,39,20,0,1,0,normal
1,30.0,61,0.8810679833581179,0.9976153021995422,0.0,8.85,0.7631578947368421,21.681072280414963,36.0,76,58,0,3,0,normal
1,30.0,62,0.8497944509524464,0.9904494463615792,0.010101010101010102,6.18,0.5959595959595959,15.717881995224104,7.0,99,59,1,3,0,normal
1,30.0,63,0.8937078170413473,1.0,0.0,16.53,0.3389830508474576,14.553323489066836,33.0,59,20,0,1,0,normal
1,30.0,64,0.9039721982930453,1.0,0.0,5.5,0.0,15.0,11.0,59,0,0,0,0,normal
1,30.0,65,0.9769332437736736,1.0,0.0,0.0,0.5128205128205128,19.808564141088596,10.0,78,40,0,2,0,normal
1,30.0,66,0.8757112274519023,0.966243298998078,0.01694915254237288,22.57,0.6610169491525424,21.327649318357274,30.0,59,39,1,2,0,normal
1,30.0,67,0.866639689065028,0.9651835634546734,0.008333333333333333,19.24,0.6583333333333333,17.33167308755808,33.0,120,79,1,4,0,normal
1,30.0,68,0.8568578972745524,0.9972988881014722,0.0,10.94,0.0,15.0,26.0,57,0,0,0,0,normal
1,30.0,69,0.9456856303798227,0.9777913860438657,0.0,24.78,0.0,15.0,25.0,58,0,0,0,0,normal
1,30.0,70,0.9262497376524044,0.9863211320484494,0.025,17.14,0.725,18.39007881607989,30.0,80,58,2,3,0,normal
1,30.0,71,0.8581555411401613,1.0,0.020202020202020204,0.0,0.5858585858585859,18.464957753583523,4.0,99,58,2,3,0,normal
1,30.0,72,0.9338895985147576,1.0,0.02127659574468085,5.17,0.7978723404255319,20.24400407262176,19.0,94,75,2,4,0,normal
1,30.0,73,0.9001471222670685,0.9203717226625604,0.020618556701030927,8.08,0.5979381443298969,20.471878048874455,28.0,97,58,2,3,0,normal
1,30.0,74,0.9062630418835722,1.0,0.0125,9.12,0.4875,13.573020787531608,31.0,80,39,1,2,0,normal
1,30.0,75,0.8993730226048828,0.9643697424280192,0.01694915254237288,9.74,0.6610169491525424,10.959394724307465,19.0,59,39,1,2,0,normal
1,30.0,76,0.8685921480624827,1.0,0.0,18.0,0.0,15.0,27.0,19,0,0,0,0,normal
1,30.0,77,0.9253706431956945,0.9493644464859003,0.021739130434782608,21.19,0.6956521739130435,17.99046937532969,35.0,138,96,3,5,0,normal
1,30.0,78,0.8675308379608249,1.0,0.025,9.67,0.975,21.466042933940166,35.0,40,39,1,2,0,normal
1,30.0,79,0.8986627184048332,0.9401891689333854,0.0,14.53,0.40816326530612246,20.369913345765525,39.0,98,40,0,2,0,normal
1,30.0,80,0.9677020818838593,0.9961777544451513,0.008849557522123894,8.82,0.168141592920354,18.668280826143835,35.0,113,19,1,1,0,normal
1,30.0,81,0.9443942818777262,1.0,0.0,13.26,0.0,15.0,35.0,20,0,0,0,0,normal
1,30.0,82,0.8452095307619294,0.9856337437827765,0.0,6.05,1.0,19.708994696888013,24.0,20,20,0,1,0,normal
1,30.0,83,0.9289553878247699,1.0,0.0,5.28,0.5,25.24593459844754,38.0,40,20,0,1,0,normal
1,30.0,84,0.8698926737246616,0.9921161613386817,0.01694915254237288,5.5,0.6610169491525424,24.058482954076418,13.0,59,39,1,2,0,normal
1,30.0,85,0.8957942030869442,0.9690451320717052,0.01,10.46,0.59,14.12147381726283,19.0,100,59,1,3,0,normal
1,30.0,86,0.8952779530255475,0.9718581052945809,0.02586206896551724,0.0,0.49137931034482757,17.049936098285418,7.0,116,57,3,3,0,normal
1,30.0,87,0.968517678681979,0.9840904641059608,0.0,0.0,0.0,15.0,11.0,40,0,0,0,0,normal
1,30.0,88,0.8652576183949319,0.9583312271692789,0.02040816326530612,5.06,0.3877551020408163,15.795584981996647,21.0,98,38,2,2,0,normal
1,30.0,89,0.8724137942131476,0.9312851391074255,0.02631578947368421,0.0,0.5,14.864163755599199,31.0,38,19,1,1,0,normal
1,30.0,90,0.8860788134421655,1.0,0.0,23.17,1.0,11.09131104609202,41.0,20,20,0,1,0,normal
1,30.0,91,0.9032758873666745,1.0,0.0,10.4,0.5063291139240507,23.368076352841477,16.0,79,40,0,2,0,normal
1,30.0,92,0.8810553631910867,0.9550658148253531,0.025,9.75,0.475,19.711369100062804,23.0,40,19,1,1,0,normal
1,30.0,93,0.9282082468900014,0.9646286957355059,0.020202020202020204,14.82,0.5858585858585859,16.155058565017907,16.0,99,58,2,3,0,normal
1,30.0,94,0.9598050306166506,1.0,0.0,13.88,1.0,24.363218085527397,37.0,20,20,0,1,0,normal
1,30.0,95,0.926926552081651,0.9644780075873883,0.0,20.93,0.6666666666666666,16.67041889495308,39.0,60,40,0,2,0,normal
1,30.0,96,0.9877264267328847,0.9620327008092169,0.0,13.05,0.0,15.0,40.0,20,0,0,0,0,normal
1,30.0,97,0.8802244208077427,0.9827234432643005,0.0,10.47,1.0,23.25204443922324,27.0,20,20,0,1,0,normal
1,30.0,98,0.857076352904003,0.9894730178276346,0.0,15.77,0.6666666666666666,19.461799008338094,10.0,60,40,0,2,0,normal
1,30.0,99,0.857964327709456,0.9711268694176908,0.0125,12.05,0.4875,19.749313781183552,30.0,80,39,1,2,0,normal
1,40.0,0,0.7967852839414674,0.8473556913907568,0.028513238289205704,9.84,0.9307535641547862,16.794981161888305,35.0,491,457,14,24,0,normal
1,40.0,1,0.8678638793705749,0.9871994010558784,0.014814814814814815,0.0,0.7111111111111111,17.984624681776722,15.0,135,96,2,5,0,normal
1,40.0,2,0.8243090750187368,0.9233194883783458,0.004672897196261682,6.43,0.8130841121495327,19.158634117121952,19.0,214,174,1,9,0,normal
1,40.0,3,0.8954006760931424,0.945204431187711,0.007407407407407408,24.31,0.5851851851851851,18.194627602186696,8.0,135,79,1,4,0,normal
1,40.0,4,0.8776378986600895,0.9859079922992052,0.0,7.15,0.18691588785046728,19.674397820216143,3.0,107,20,0,1,0,normal
1,40.0,5,0.9071344369063721,0.929014214231723,0.028901734104046242,18.59,0.8728323699421965,19.324452025416523,25.0,173,151,5,8,0,normal
1,40.0,6,0.8252591968477868,0.9413142028216641,0.01762114537444934,7.64,0.8986784140969163,16.169163093542547,33.0,227,204,4,11,0,normal
1,40.0,7,0.9510486484388496,1.0,0.00847457627118644,19.65,0.9915254237288136,16.004842080302605,17.0,118,117,1,6,0,normal
1,40.0,8,0.8283570593058748,0.9874904479013537,0.012903225806451613,11.78,0.6129032258064516,16.744829337894828,25.0,155,95,2,5,0,normal
1,40.0,9,0.9213693078354792,0.9783508056915532,0.02586206896551724,0.0,0.9741379310344828,17.422832504264505,23.0,116,113,3,6,0,normal
1,40.0,10,0.8515689786536411,1.0,0.0,12.24,1.0,15.0,17.0,0,0,0,0,0,normal
1,40.0,11,0.914883151587947,0.9497820174779357,0.02005730659025788,0.0,0.9799426934097422,16.762489669662767,40.0,349,342,7,18,0,normal
1,40.0,12,0.8736145025773743,0.9203303939024181,0.02127659574468085,9.56,0.7978723404255319,13.984946329984968,26.0,94,75,2,4,0,normal
1,40.0,13,0.8257472276639782,0.9650816735335703,0.041237113402061855,10.27,0.7731958762886598,16.39860440193928,31.0,97,75,4,4,0,normal
1,40.0,14,0.8950641409024438,0.9628250416166787,0.005681818181818182,9.59,0.6534090909090909,18.717131219489804,41.0,176,115,1,6,0,normal
1,40.0,15,0.862981178957079,0.8654048649547463,0.027624309392265192,13.97,0.8259668508287292,16.197140875906136,35.0,362,299,10,16,0,normal
1,40.0,16,0.8683818932720289,0.9662681482137322,0.02040816326530612,15.96,0.3877551020408163,16.924853553852685,14.0,98,38,2,2,0,normal
1,40.0,17,0.9425117032964643,0.988015281540869,0.01020408163265306,12.51,0.7959183673469388,19.58248258420723,16.0,98,78,1,4,0,normal
1,40.0,18,0.9407821799862897,0.9660516972639058,0.0,9.19,0.0,15.0,19.0,99,0,0,0,0,normal
1,40.0,19,0.9363324182129166,0.9410656287438433,0.02247191011235955,9.98,0.8651685393258427,15.773523183219304,32.0,178,154,4,8,0,normal
1,40.0,20,0.8860520589801397,0.9933103669932065,0.0,22.15,0.5,14.799409441563267,35.0,40,20,0,1,0,normal
1,40.0,21,0.8972207183615486,0.9752666464259995,0.0,8.2,1.0,15.0,16.0,0,0,0,0,0,normal
1,40.0,22,0.8773321487944568,0.9880305373502396,0.030612244897959183,7.54,0.5816326530612245,16.46809514396284,40.0,98,57,3,3,0,normal
1,40.0,23,0.934134540617078,0.9454889069493667,0.0,21.42,0.0,15.0,33.0,38,0,0,0,0,normal
1,40.0,24,0.9228010346299403,0.9826652381371516,0.02564102564102564,0.0,0.48717948717948717,17.011182334923024,19.0,78,38,2,2,0,normal
1,40.0,25,0.9117067223461941,0.9688746085132443,0.01694915254237288,20.59,0.655367231638418,17.256751510189833,33.0,177,116,3,6,0,normal
1,40.0,26,0.9521733273504402,1.0,0.0,0.0,0.6185567010309279,14.895253170535106,10.0,97,60,0,3,0,normal
1,40.0,27,0.8532541792155698,0.9242232239434659,0.01694915254237288,0.0,0.6440677966101694,19.019069490178925,40.0,118,76,2,4,0,normal
1,40.0,28,0.8420786646303703,0.9964200167947889,0.02564102564102564,5.42,0.7435897435897436,12.433550977129478,24.0,78,58,2,3,0,normal
1,40.0,29,0.8402508489194039,0.9992259753397372,0.0,20.11,1.0,16.00456982125846,21.0,100,100,0,5,0,normal
1,40.0,30,0.8781845902881447,0.9752885146314283,0.005235602094240838,8.79,0.8952879581151832,17.514398232074594,23.0,191,171,1,9,0,normal
1,40.0,31,0.957494946387477,1.0,0.016666666666666666,0.0,0.9833333333333333,17.589701111589036,11.0,60,59,1,3,0,normal
1,40.0,32,0.8960275988862342,0.9358236250346419,0.008032128514056224,0.0,0.5943775100401606,18.97397309842605,30.0,249,148,2,8,0,normal
1,40.0,33,0.8261873687914909,0.91161802724149,0.01818181818181818,6.69,0.9818181818181818,17.842338210076797,31.0,275,270,5,14,0,normal
1,40.0,34,0.9455909453608997,1.0,0.03508771929824561,13.93,0.6666666666666666,18.38748810856566,40.0,57,38,2,2,0,normal
1,40.0,35,0.8728920367447758,0.9603673603821468,0.023809523809523808,7.38,0.7952380952380952,17.138790175409515,10.0,210,167,5,9,0,normal
1,40.0,36,0.9636871531430022,0.9801620327678839,0.0,5.58,1.0,15.0,22.0,0,0,0,0,0,normal
1,40.0,37,0.8434726494717797,0.9888045740589646,0.0,9.72,0.5128205128205128,17.178623282560366,21.0,78,40,0,2,0,normal
1,40.0,38,0.8578913551630245,0.9475212328091766,0.009259259259259259,15.39,0.6296296296296297,15.571505597018882,40.0,216,136,2,7,0,normal
1,40.0,39,0.8234190103956243,0.9885606352566239,0.02631578947368421,16.69,0.47368421052631576,10.94541618654435,9.0,76,36,2,2,0,normal
1,40.0,40,0.8624897677047886,0.9124905199938654,0.030303030303030304,5.75,0.5757575757575758,19.621179807519628,43.0,99,57,3,3,0,normal
1,40.0,41,0.9541634651190704,0.9545560696952153,0.010416666666666666,22.71,0.8020833333333334,16.86520567475442,36.0,96,77,1,4,0,normal
1,40.0,42,0.96892524153778,0.9655221201422725,0.0,13.62,1.0,16.352756558321282,37.0,39,39,0,2,0,normal
1,40.0,43,0.8710455994881597,0.969193137060601,0.075,13.52,0.925,23.658250863573784,35.0,40,37,3,2,0,normal
1,40.0,44,0.910607535609249,0.96346414778211,0.025,0.0,0.975,13.925602865180963,10.0,40,39,1,2,0,normal
1,40.0,45,0.9193243604451762,1.0,0.02702702702702703,22.61,0.21621621621621623,21.41190997628827,35.0,74,16,2,1,0,normal
1,40.0,46,0.8797706680804538,0.901409775784894,0.030927835051546393,0.0,0.9690721649484536,16.643192846279153,14.0,97,94,3,5,0,normal
1,40.0,47,0.9770586338181084,0.96551403924447,0.007518796992481203,22.28,0.7142857142857143,17.613231821292334,38.0,133,95,1,5,0,normal
1,40.0,48,0.9664542628396434,1.0,0.0,15.04,0.4316546762589928,16.18014345810771,36.0,139,60,0,3,0,normal
1,40.0,49,0.8712635763980646,0.9973514102012654,0.0,11.7,0.5,25.252536967109044,25.0,40,20,0,1,0,normal
1,40.0,50,0.8546064359448686,0.9928188289192637,0.025,11.76,0.975,18.234880365521114,24.0,40,39,1,2,0,normal
1,40.0,51,0.9697940270848212,0.9002468915447321,0.010101010101010102,13.42,0.98989898989899,15.142212667873855,29.0,99,98,1,5,0,normal
1,40.0,52,0.9000625647675239,0.9599471837998192,0.05,15.45,0.95,14.078084997089809,25.0,60,57,3,3,0,normal
1,40.0,53,0.9762548119421937,0.9898248874270943,0.0,12.54,0.17391304347826086,20.686082659547925,23.0,115,20,0,1,0,normal
1,40.0,54,0.9780421071133787,0.8657986662772956,0.15,0.0,0.85,22.32482682004278,6.0,20,17,3,1,0,normal
1,40.0,55,0.8682174397047863,1.0,0.0,0.0,0.5555555555555556,11.530238076766505,7.0,36,20,0,1,0,normal
1,40.0,56,0.8621509590256398,1.0,0.0,8.41,0.6779661016949152,17.46480097330994,25.0,59,40,0,2,0,normal
1,40.0,57,0.8701258312682972,0.9265993852306247,0.007407407407407408,11.29,0.43703703703703706,11.729882243530696,31.0,135,59,1,3,0,normal
1,40.0,58,0.8954442662979549,1.0,0.0,16.85,0.36363636363636365,16.229676067478877,29.0,55,20,0,1,0,normal
1,40.0,59,0.8579273020329009,0.9805552171344385,0.00847457627118644,8.04,0.8220338983050848,18.227558138439242,36.0,118,97,1,5,0,normal
1,40.0,60,0.8776370463284945,0.9807836193386411,0.0125,18.04,0.7375,15.524095353390058,8.0,80,59,1,3,0,normal
1,40.0,61,0.8771879833581179,0.9653008456438416,0.04040404040404041,8.85,0.7575757575757576,17.371140274204517,45.0,99,75,4,4,0,normal
1,40.0,62,0.8442544509524464,1.0,0.01680672268907563,0.0,0.6554621848739496,20.233382613420776,10.0,119,78,2,4,0,normal
1,40.0,63,0.8909678170413473,1.0,0.0,16.53,0.20618556701030927,9.69669141034298,35.0,97,20,0,1,0,normal
1,40.0,64,0.8999721982930453,0.980437984645047,0.0,5.5,1.0,21.78596130206995,13.0,80,80,0,4,0,normal
1,40.0,65,0.9745732437736736,0.9864562998539986,0.0,6.3,0.2564102564102564,23.156249903681193,14.0,78,20,0,1,0,normal
1,40.0,66,0.8717712274519024,0.9705375994027268,0.01282051282051282,0.0,0.7564102564102564,19.151370296845162,13.0,78,59,1,3,0,normal
1,40.0,67,0.865039689065028,1.0,0.0,19.24,0.5,17.698623105491333,33.0,40,20,0,1,0,normal
1,40.0,68,0.8560578972745524,1.0,0.0,0.0,1.0,23.14216100000192,28.0,20,20,0,1,0,normal
1,40.0,69,0.9426256303798227,1.0,0.0,24.78,0.17699115044247787,14.978420211971786,8.0,113,20,0,1,0,normal
1,40.0,70,0.9230697376524044,0.9626423942522178,0.0,17.14,0.5063291139240507,22.538957898245087,37.0,79,40,0,2,0,normal
1,40.0,71,0.8557955411401613,0.9062197376625097,0.05,14.6,0.95,13.75311936196278,3.0,40,38,2,2,0,normal
1,40.0,72,0.9327895985147576,0.9484268089113217,0.0,5.17,0.5277777777777778,21.975436323805926,27.0,36,19,0,1,0,normal
1,40.0,73,0.8993471222670685,1.0,0.0,8.08,0.0,15.0,27.0,40,0,0,0,0,normal
1,40.0,74,0.9039030418835722,1.0,0.0,9.12,0.2564102564102564,18.616514022064155,38.0,78,20,0,1,0,normal
1,40.0,75,0.8969930226048828,0.993116560734496,0.0,9.74,0.25316455696202533,10.857631079240218,12.0,79,20,0,1,0,normal
1,40.0,76,0.8666321480624827,0.9882215562537185,0.0,18.0,0.3448275862068966,21.75537048909565,12.0,58,20,0,1,0,normal
1,40.0,77,0.9230306431956946,0.943384575040589,0.075,21.19,0.925,19.363543987170523,33.0,40,37,3,2,0,normal
1,40.0,78,0.8655708379608249,0.9403016147345109,0.0,9.67,1.0,20.39286159664438,40.0,39,39,0,2,0,normal
1,40.0,79,0.8974627184048333,0.9547787759247577,0.0,14.53,1.0,20.39612086663942,31.0,20,20,0,1,0,normal
1,40.0,80,0.9653220818838593,0.9740549540246256,0.025,8.82,0.975,21.659884728650816,43.0,40,39,1,2,0,normal
1,40.0,81,0.9420942818777263,0.8757215034838561,0.125,13.26,0.875,18.586270173095524,38.0,40,35,5,2,0,normal
1,40.0,82,0.8440095307619294,0.9922706926945409,0.0,6.05,1.0,21.735324773801178,23.0,20,20,0,1,0,normal
1,40.0,83,0.92777538782477,0.9958573831326275,0.05,5.28,0.95,24.97043430603529,37.0,20,19,1,1,0,normal
1,40.0,84,0.8655126737246616,1.0,0.0,5.5,0.6060606060606061,13.255508406797743,9.0,99,60,0,3,0,normal
1,40.0,85,0.8910342030869443,0.9569129052922747,0.025,10.46,0.975,16.885034482776444,32.0,80,78,2,4,0,normal
1,40.0,86,0.8932979530255475,0.9762117910615519,0.0,15.72,0.3389830508474576,20.322505065494905,10.0,59,20,0,1,0,normal
1,40.0,87,0.967337678681979,0.9419035544094813,0.05,23.81,0.95,18.912354998574635,12.0,20,19,1,1,0,normal
1,40.0,88,0.8628776183949319,0.9858736355482084,0.025,5.06,0.975,20.024404165070628,25.0,40,39,1,2,0,normal
1,40.0,89,0.8704737942131475,0.9571056913802138,0.0,14.73,0.3508771929824561,9.752849641681093,28.0,57,20,0,1,0,normal
1,40.0,90,0.8821388134421656,0.9956676185055219,0.0,23.17,0.3418803418803419,17.464444625441324,37.0,117,40,0,2,0,normal
1,40.0,91,0.9028958873666745,1.0,0.0,10.4,0.0,15.0,18.0,19,0,0,0,0,normal
1,40.0,92,0.8791153631910867,0.9836075118591864,0.0,9.75,0.3508771929824561,13.129341973800637,21.0,57,20,0,1,0,normal
1,40.0,93,0.9258882468900013,0.9558925836350889,0.012987012987012988,14.82,0.24675324675324675,9.533165038109667,7.0,77,19,1,1,0,normal
1,40.0,94,0.9587050306166506,1.0,0.0,13.88,0.0,15.0,30.0,55,0,0,0,0,normal
1,40.0,95,0.926526552081651,1.0,0.0,20.93,0.0,15.0,41.0,20,0,0,0,0,normal
1,40.0,96,0.9873464267328846,1.0,0.0,13.05,0.0,15.0,33.0,19,0,0,0,0,normal
1,40.0,97,0.8786244208077427,1.0,0.0,10.47,0.5,8.964950660818998,20.0,40,20,0,1,0,normal
1,40.0,98,0.8534763529040029,0.9687374526789344,0.0,15.77,1.0,20.04602580290075,18.0,60,60,0,3,0,normal
1,40.0,99,0.854784327709456,0.9881272257087392,0.0125,12.05,0.4875,15.669239041710622,23.0,80,39,1,2,0,normal
1,50.0,0,0.7848052839414674,0.940866248848692,0.01838235294117647,9.84,0.9816176470588235,15.904818280283111,26.0,272,267,5,14,0,normal
1,50.0,1,0.8566438793705748,0.9622155295516107,0.027303754266211604,17.85,0.7781569965870307,15.078354477863812,24.0,293,228,8,12,0,normal
1,50.0,2,0.8146690750187369,0.9443056399474603,0.023715415019762844,6.43,0.9051383399209486,17.326318154644024,23.0,253,229,6,12,0,normal
1,50.0,3,0.8934406760931424,0.9945683343296033,0.0,0.0,0.3448275862068966,20.80287858560117,5.0,58,20,0,1,0,normal
1,50.0,4,0.8745378986600895,0.9879963792350251,0.0,7.15,0.5333333333333333,16.07199403264491,3.0,75,40,0,2,0,normal
1,50.0,5,0.8974744369063721,0.9818788354552767,0.02564102564102564,0.0,0.8931623931623932,18.270236741816106,26.0,234,209,6,11,0,normal
1,50.0,6,0.8005991968477868,0.8977194038112748,0.02090032154340836,7.64,0.9180064308681672,18.203863687890948,39.0,622,571,13,30,0,normal
1,50.0,7,0.9510486484388496,1.0,0.0,0.0,1.0,15.0,3.0,0,0,0,0,0,normal
1,50.0,8,0.8202170593058747,0.9183697072088819,0.025510204081632654,11.78,0.8724489795918368,19.68554925170011,31.0,196,171,5,9,0,normal
1,50.0,9,0.9198093078354792,1.0,0.0,19.83,0.5263157894736842,9.788636812082778,25.0,38,20,0,1,0,normal
1,50.0,10,0.8438289786536411,0.9871655937910544,0.028409090909090908,12.24,0.8579545454545454,17.004588353763523,10.0,176,151,5,8,0,normal
1,50.0,11,0.9059631515879469,0.909507360124984,0.010309278350515464,9.36,0.9896907216494846,17.207619200407667,32.0,194,192,2,10,0,normal
1,50.0,12,0.8720545025773743,0.9710101224535134,0.02564102564102564,9.56,0.48717948717948717,25.307235350223934,13.0,39,19,1,1,0,normal
1,50.0,13,0.8222072276639782,0.9872141425864712,0.0,10.27,0.6020408163265306,16.05057564858284,31.0,98,59,0,3,0,normal
1,50.0,14,0.8857641409024438,0.9674482302019027,0.01282051282051282,9.59,0.9017094017094017,19.590357375053436,39.0,234,211,3,11,0,normal
1,50.0,15,0.8568011789570791,0.971542742957638,0.01935483870967742,0.0,0.864516129032258,15.516335987517335,30.0,155,134,3,7,0,normal
1,50.0,16,0.8656618932720289,1.0,0.0,15.96,1.0,15.558941373789729,22.0,58,58,0,3,0,normal
1,50.0,17,0.9366117032964643,0.9562003950954673,0.00847457627118644,12.51,0.9915254237288136,19.954883964034533,25.0,118,117,1,6,0,normal
1,50.0,18,0.9376221799862896,1.0,0.0,9.19,0.5128205128205128,22.376227770365645,18.0,78,40,0,2,0,normal
1,50.0,19,0.9309124182129165,0.9584338542434293,0.00641025641025641,9.98,0.6089743589743589,16.685116614203302,29.0,156,95,1,5,0,normal
1,50.0,20,0.8805320589801398,0.9647583927813977,0.01680672268907563,0.0,0.8151260504201681,14.368262706523165,34.0,119,97,2,5,0,normal
1,50.0,21,0.8960607183615487,0.915997751738786,0.1,8.2,0.9,13.387364283390768,20.0,20,18,2,1,0,normal
1,50.0,22,0.8735721487944568,0.9972716584175417,0.015037593984962405,7.54,0.41353383458646614,20.360355063818385,27.0,133,55,2,3,0,normal
1,50.0,23,0.9325345406170781,0.9733745748873587,0.0,21.42,0.5,21.024856760492476,15.0,40,20,0,1,0,normal
1,50.0,24,0.9208010346299403,0.9776348431136689,0.0,19.43,0.3333333333333333,22.39191034683403,20.0,60,20,0,1,0,normal
1,50.0,25,0.9097867223461941,0.9872779741435804,0.012987012987012988,20.59,0.24675324675324675,17.431756264517315,23.0,77,19,1,1,0,normal
1,50.0,26,0.9486533273504403,0.9569478407323017,0.02040816326530612,14.88,0.3877551020408163,20.532853751443746,17.0,98,38,2,2,0,normal
1,50.0,27,0.8489541792155698,0.9938934340024896,0.0,16.97,0.5808823529411765,19.636731843516323,35.0,136,79,0,4,0,normal
1,50.0,28,0.8408986646303703,0.9008896918916793,0.05,5.42,0.95,11.170643987260886,20.0,20,19,1,1,0,normal
1,50.0,29,0.837070848919404,0.9227836159127214,0.016666666666666666,20.11,0.9833333333333333,15.994828785688517,36.0,60,59,1,3,0,normal
1,50.0,30,0.8742845902881446,0.9871560907541916,0.0,8.79,0.5086206896551724,13.614187418875417,16.0,116,59,0,3,0,normal
1,50.0,31,0.951574946387477,0.9708385959004621,0.014492753623188406,17.65,0.5652173913043478,15.852357380768286,16.0,138,78,2,4,0,normal
1,50.0,32,0.8940275988862342,1.0,0.0,7.1,0.3333333333333333,14.336921755317485,25.0,60,20,0,1,0,normal
1,50.0,33,0.8245873687914909,1.0,0.0,6.69,0.5,21.949581224487055,22.0,40,20,0,1,0,normal
1,50.0,34,0.9406509453608997,0.953206988127726,0.008849557522123894,13.93,0.831858407079646,17.741959338713524,32.0,113,94,1,5,0,normal
1,50.0,35,0.8686120367447758,0.9360020630113162,0.03361344537815126,0.0,0.6302521008403361,17.77884168648753,7.0,119,75,4,4,0,normal
1,50.0,36,0.9573271531430022,0.9993582696593386,0.00558659217877095,5.58,0.664804469273743,15.745400953618764,25.0,179,119,1,6,0,normal
1,50.0,37,0.8363926494717797,0.9976761841555484,0.00641025641025641,9.72,0.7564102564102564,14.680990192936044,18.0,156,118,1,6,0,normal
1,50.0,38,0.8566913551630245,0.9660522422789651,0.0,15.39,1.0,23.295892204669748,28.0,20,20,0,1,0,normal
1,50.0,39,0.8226990103956243,0.9773064642050566,0.0,0.0,0.0,15.0,4.0,36,0,0,0,0,normal
1,50.0,40,0.8585497677047885,0.9430458464545624,0.00847457627118644,5.75,0.5,15.509093953241646,35.0,118,59,1,3,0,normal
1,50.0,41,0.9470834651190704,0.99411917375874,0.0,22.71,1.0,15.373707220573612,22.0,157,157,0,8,0,normal
1,50.0,42,0.96620524153778,0.9598450338863246,0.03389830508474576,13.62,0.9661016949152542,12.456734990336912,34.0,59,57,2,3,0,normal
1,50.0,43,0.8675255994881598,0.9756630079083365,0.01282051282051282,13.52,0.7435897435897436,14.65215114840044,32.0,78,58,1,3,0,normal
1,50.0,44,0.907467535609249,0.9802072466272193,0.020202020202020204,22.64,0.3838383838383838,20.792124594131806,23.0,99,38,2,2,0,normal
1,50.0,45,0.9149643604451762,0.9238093978071876,0.02,22.61,0.58,16.715633287715562,18.0,100,58,2,3,0,normal
1,50.0,46,0.8793706680804538,0.9719486591412885,0.0,15.43,0.0,15.0,19.0,20,0,0,0,0,normal
1,50.0,47,0.9742786338181084,0.9874511536042379,0.0,22.28,0.5063291139240507,11.528791852582533,28.0,79,40,0,2,0,normal
1,50.0,48,0.9544342628396435,0.9365262076063515,0.010273972602739725,15.04,0.9897260273972602,17.58447436157355,38.0,292,289,3,15,0,normal
1,50.0,49,0.8657635763980646,0.9481541323126069,0.025423728813559324,11.7,0.8220338983050848,17.28950325015149,36.0,118,97,3,5,0,normal
1,50.0,50,0.8523064359448687,0.9773307814252599,0.013157894736842105,11.76,0.25,12.078463238459072,26.0,76,19,1,1,0,normal
1,50.0,51,0.9674340270848213,0.9735074545577919,0.0,13.42,0.6610169491525424,13.306243364012762,40.0,59,39,0,2,0,normal
1,50.0,52,0.8965225647675239,0.9637672904134232,0.01020408163265306,0.0,0.3979591836734694,16.630212021550953,18.0,98,39,1,2,0,normal
1,50.0,53,0.9719548119421937,1.0,0.0,12.54,0.5086206896551724,11.08253490462,36.0,116,59,0,3,0,normal
1,50.0,54,0.9768621071133787,0.9560131976403461,0.05,14.05,0.95,24.970820865231694,10.0,20,19,1,1,0,normal
1,50.0,55,0.8646774397047863,0.9809849989571046,0.020202020202020204,10.07,0.3838383838383838,16.361123614365564,14.0,99,38,2,2,0,normal
1,50.0,56,0.8573709590256398,1.0,0.0125,8.41,0.9875,18.27740968414612,22.0,80,79,1,4,0,normal
1,50.0,57,0.8678258312682973,0.9907228915336307,0.017543859649122806,11.29,0.6666666666666666,19.237855578762804,25.0,57,38,1,2,0,normal
1,50.0,58,0.891864266297955,0.962597831497578,0.016666666666666666,0.0,0.9833333333333333,15.711432452881866,29.0,60,59,1,3,0,normal
1,50.0,59,0.8535473020329009,0.9740866106490317,0.01,8.04,0.99,19.642408324609598,34.0,100,99,1,5,0,normal
1,50.0,60,0.8768570463284945,0.9759104466798231,0.0,18.04,0.0,15.0,13.0,39,0,0,0,0,normal
1,50.0,61,0.8736279833581179,0.9850872215517333,0.0,8.85,0.40816326530612246,20.69041587093426,35.0,98,40,0,2,0,normal
1,50.0,62,0.8414944509524463,0.9557248357828105,0.01694915254237288,11.46,0.6610169491525424,23.262432656695786,20.0,59,39,1,2,0,normal
1,50.0,63,0.8878278170413473,0.9912691766360032,0.01282051282051282,16.53,0.5,16.60389903276777,34.0,78,39,1,2,0,normal
1,50.0,64,0.8983921982930453,1.0,0.0,5.5,0.5128205128205128,19.333243137322967,14.0,39,20,0,1,0,normal
1,50.0,65,0.9726532437736736,0.964619335843396,0.0,6.3,0.35714285714285715,15.168979818470444,20.0,56,20,0,1,0,normal
1,50.0,66,0.8709912274519024,1.0,0.0,12.67,0.0,15.0,13.0,39,0,0,0,0,normal
1,50.0,67,0.862399689065028,1.0,0.0,0.0,0.5135135135135135,17.038982152818704,21.0,74,38,0,2,0,normal
1,50.0,68,0.8536978972745524,0.9581836377160825,0.05,14.65,0.95,17.413024105056486,34.0,40,38,2,2,0,normal
1,50.0,69,0.9367056303798227,1.0,0.0072992700729927005,0.0,0.5766423357664233,16.65900961825987,10.0,137,79,1,4,0,normal
1,50.0,70,0.9183897376524044,0.9931115002737356,0.017094017094017096,17.14,0.6581196581196581,16.52111077522327,28.0,117,77,2,4,0,normal
1,50.0,71,0.8554155411401613,0.9807650494400088,0.0,14.6,0.0,15.0,8.0,19,0,0,0,0,normal
1,50.0,72,0.9280295985147576,0.9919286609246022,0.0,5.17,0.5084745762711864,19.393728643424254,22.0,118,60,0,3,0,normal
1,50.0,73,0.8989471222670685,1.0,0.0,8.08,0.0,15.0,23.0,20,0,0,0,0,normal
1,50.0,74,0.9007830418835722,1.0,0.012987012987012988,9.12,0.5064935064935064,15.803802621447304,36.0,77,39,1,2,0,normal
1,50.0,75,0.8934530226048828,0.9781039553685028,0.0,0.0,0.41237113402061853,16.119661090729785,10.0,97,40,0,2,0,normal
1,50.0,76,0.8639321480624828,0.9739601772325632,0.03508771929824561,0.0,0.6666666666666666,11.683202940218111,12.0,57,38,2,2,0,normal
1,50.0,77,0.9198706431956946,0.9841682925888598,0.012658227848101266,21.19,0.4936708860759494,23.30997019730988,15.0,79,39,1,2,0,normal
1,50.0,78,0.8608708379608249,1.0,0.010309278350515464,9.67,0.8041237113402062,19.36467659560139,33.0,97,78,1,4,0,normal
1,50.0,79,0.8928427184048332,0.9682178921683002,0.04310344827586207,0.0,0.47413793103448276,16.656843630913393,26.0,116,55,5,3,0,normal
1,50.0,80,0.9653220818838593,1.0,0.0,8.82,1.0,15.0,41.0,0,0,0,0,0,normal
1,50.0,81,0.9404942818777262,0.9940421466420504,0.0,0.0,0.5,21.726752199600604,33.0,40,20,0,1,0,normal
1,50.0,82,0.8432295307619294,0.9871027233454689,0.0,6.05,0.0,15.0,28.0,39,0,0,0,0,normal
1,50.0,83,0.9273953878247699,1.0,0.0,5.28,0.0,15.0,30.0,19,0,0,0,0,normal
1,50.0,84,0.8639726737246616,0.9672108779806241,0.02631578947368421,5.5,0.5,11.807763997336506,11.0,38,19,1,1,0,normal
1,50.0,85,0.8855742030869442,0.9466274228505714,0.0423728813559322,10.46,0.8050847457627118,15.842896807681944,38.0,118,95,5,5,0,normal
1,50.0,86,0.8929379530255475,0.988228200919257,0.0,15.72,0.0,15.0,16.0,18,0,0,0,0,normal
1,50.0,87,0.964937678681979,1.0,0.0,23.81,1.0,18.874209075916145,41.0,40,40,0,2,0,normal
1,50.0,88,0.8586576183949319,0.9964305343002449,0.020833333333333332,5.06,0.78125,17.051421313158507,28.0,96,75,2,4,0,normal
1,50.0,89,0.8685537942131476,1.0,0.0,0.0,0.24675324675324675,21.653209749137822,23.0,77,19,0,1,0,normal
1,50.0,90,0.8769588134421656,0.9846115713169051,0.01,0.0,0.79,16.162616315059235,26.0,100,79,1,4,0,normal
1,50.0,91,0.9004958873666745,1.0,0.0,0.0,1.0,17.670189248364892,20.0,40,40,0,2,0,normal
1,50.0,92,0.8756753631910867,0.9682821456697235,0.0,9.75,0.6170212765957447,13.776597269088205,17.0,94,58,0,3,0,normal
1,50.0,93,0.9243282468900013,0.9759435229442991,0.0,0.0,0.5263157894736842,11.616964618505465,6.0,38,20,0,1,0,normal
1,50.0,94,0.9547250306166506,0.9935295147955848,0.008333333333333333,13.88,0.325,16.10946606794191,18.0,120,39,1,2,0,normal
1,50.0,95,0.9261265520816511,0.9927444316401349,0.0,20.93,0.0,15.0,20.0,20,0,0,0,0,normal
1,50.0,96,0.9854264267328847,0.9699176100165345,0.012987012987012988,13.05,0.24675324675324675,19.763897511160728,28.0,77,19,1,1,0,normal
1,50.0,97,0.8786244208077427,1.0,0.0,10.47,1.0,15.0,16.0,0,0,0,0,0,normal
1,50.0,98,0.8514963529040029,0.9500681342649488,0.0,15.77,0.3389830508474576,10.893589868276845,42.0,59,20,0,1,0,normal
1,50.0,99,0.849584327709456,1.0,0.0,0.0,0.8,14.617105710567827,16.0,100,80,0,4,0,normal
1,60.0,0,0.7777652839414675,0.9453645208536604,0.019230769230769232,9.84,0.8717948717948718,17.70020743484927,21.0,156,136,3,7,0,normal
1,60.0,1,0.8435238793705748,0.9717795250755904,0.022792022792022793,17.85,0.8689458689458689,18.63424801016609,32.0,351,305,8,16,0,normal
1,60.0,2,0.8014090750187368,0.8778471059786248,0.006024096385542169,6.43,0.8765060240963856,18.378416899372993,26.0,332,291,2,15,0,normal
1,60.0,3,0.8903406760931424,0.9684400768394946,0.013157894736842105,5.37,0.5131578947368421,11.18963224049213,8.0,76,39,1,2,0,normal
1,60.0,4,0.8721778986600894,1.0,0.01694915254237288,7.15,0.6610169491525424,22.758737846583912,3.0,59,39,1,2,0,normal
1,60.0,5,0.8869744369063721,0.9281186697203474,0.0196078431372549,11.34,0.8235294117647058,17.933654908153674,24.0,255,210,5,11,0,normal
1,60.0,6,0.7897191968477868,0.8710723312869143,0.027972027972027972,7.64,0.9020979020979021,15.072506496784843,37.0,286,258,8,14,0,normal
1,60.0,7,0.9502486484388496,1.0,0.0,5.79,1.0,16.121836876607922,6.0,20,20,0,1,0,normal
1,60.0,8,0.8139570593058747,0.9535908012990405,0.02531645569620253,11.78,0.7278481012658228,17.04846293575775,21.0,158,115,4,6,0,normal
1,60.0,9,0.9162493078354792,0.9752491775486507,0.0,19.83,1.0,15.204878884856791,12.0,79,79,0,4,0,normal
1,60.0,10,0.8398889786536412,0.9803642182949962,0.0,12.24,0.7792207792207793,14.774378400157461,6.0,77,60,0,3,0,normal
1,60.0,11,0.898323151587947,0.9644504082191508,0.009478672985781991,9.36,0.8104265402843602,17.385861781814324,34.0,211,171,2,9,0,normal
1,60.0,12,0.8698545025773743,0.9894841937913036,0.018518518518518517,9.56,0.6666666666666666,14.040407937011977,11.0,54,36,1,2,0,normal
1,60.0,13,0.8144472276639783,0.9124744858201977,0.018518518518518517,10.27,0.7962962962962963,16.455542553489934,21.0,216,172,4,9,0,normal
1,60.0,14,0.8808641409024438,0.9734842527062658,0.026143790849673203,9.59,0.6013071895424836,18.95266227843649,38.0,153,92,4,5,0,normal
1,60.0,15,0.844441178957079,0.9268327212192555,0.012861736334405145,9.81,0.7942122186495176,16.17805631671658,28.0,311,247,4,13,0,normal
1,60.0,16,0.8582618932720288,0.9659958354328235,0.011428571428571429,15.96,0.8857142857142857,18.59524118605165,25.0,175,155,2,8,0,normal
1,60.0,17,0.9297517032964643,0.9102953426472745,0.011627906976744186,12.51,0.7616279069767442,19.52053026459002,37.0,172,131,2,7,0,normal
1,60.0,18,0.9352621799862897,0.9130779460115929,0.05,0.0,0.95,12.779680276949541,14.0,40,38,2,2,0,normal
1,60.0,19,0.9224524182129166,0.8881077854711842,0.014150943396226415,9.98,0.8066037735849056,20.266047801479992,33.0,212,171,3,9,0,normal
1,60.0,20,0.8757920589801398,0.9526392597808931,0.01680672268907563,9.22,0.48739495798319327,19.733412753445815,36.0,119,58,2,3,0,normal
1,60.0,21,0.8902007183615487,0.9481547174410907,0.028985507246376812,8.2,0.6884057971014492,13.940694832075087,16.0,138,95,4,5,0,normal
1,60.0,22,0.8645921487944568,0.8907846664344492,0.015306122448979591,7.54,0.8826530612244898,15.36826221926998,28.0,196,173,3,9,0,normal
1,60.0,23,0.9297545406170781,0.9726865480140112,0.016666666666666666,0.0,0.65,14.982106961759985,15.0,60,39,1,2,0,normal
1,60.0,24,0.9164410346299403,0.9594573697888954,0.010101010101010102,19.43,0.797979797979798,15.556171321797372,24.0,99,79,1,4,0,normal
1,60.0,25,0.9078267223461941,1.0,0.01694915254237288,0.0,0.3220338983050847,13.915420639054316,9.0,59,19,1,1,0,normal
1,60.0,26,0.9450933273504403,0.9275542732453859,0.03333333333333333,14.88,0.9666666666666667,14.630650033836224,16.0,60,58,2,3,0,normal
1,60.0,27,0.8451541792155698,0.9605697113409153,0.021052631578947368,16.97,0.7894736842105263,19.67138155786649,32.0,95,75,2,4,0,normal
1,60.0,28,0.8357586646303703,0.9676276769932222,0.020202020202020204,5.42,0.7878787878787878,17.426721001317187,24.0,99,78,2,4,0,normal
1,60.0,29,0.833270848919404,0.910212358803296,0.020833333333333332,20.11,0.7708333333333334,18.082392464733143,33.0,96,74,2,4,0,normal
1,60.0,30,0.8711645902881446,0.987125237345915,0.0,8.79,0.1724137931034483,23.297351735053645,15.0,116,20,0,1,0,normal
1,60.0,31,0.944974946387477,0.9599752276764772,0.01282051282051282,17.65,0.9871794871794872,18.69063355583678,22.0,156,154,2,8,0,normal
1,60.0,32,0.8908875988862343,1.0,0.02531645569620253,7.1,0.4810126582278481,18.028210843998117,26.0,79,38,2,2,0,normal
1,60.0,33,0.8199273687914909,0.9096759839457996,0.030612244897959183,6.69,0.9693877551020408,17.552112352780615,19.0,98,95,3,5,0,normal
1,60.0,34,0.9370509453608997,0.9559506793692347,0.0,13.93,1.0,15.546562262380428,26.0,60,60,0,3,0,normal
1,60.0,35,0.8659520367447758,1.0,0.0,12.6,0.4,21.155557711711673,10.0,95,38,0,2,0,normal
1,60.0,36,0.9460271531430022,0.9272505435556451,0.021897810218978103,5.58,0.843065693430657,16.01808654784403,29.0,274,231,6,12,0,normal
1,60.0,37,0.8336126494717797,1.0,0.016666666666666666,9.72,0.65,16.91038764553628,19.0,60,39,1,2,0,normal
1,60.0,38,0.8523713551630245,0.9658365877758769,0.02040816326530612,0.0,0.5918367346938775,14.51814521676508,20.0,98,58,2,3,0,normal
1,60.0,39,0.8226990103956243,1.0,0.0,7.35,1.0,15.0,6.0,0,0,0,0,0,normal
1,60.0,40,0.8550897677047885,0.957430075993386,0.04081632653061224,0.0,0.5612244897959183,19.491861526514807,32.0,98,55,4,3,0,normal
1,60.0,41,0.9397634651190704,0.930913705368774,0.03896103896103896,0.0,0.7272727272727273,19.465781628718727,19.0,154,112,6,6,0,normal
1,60.0,42,0.96266524153778,0.9862032791905138,0.01282051282051282,13.62,0.7564102564102564,19.723052959917933,35.0,78,59,1,3,0,normal
1,60.0,43,0.8667255994881597,1.0,0.0,13.52,1.0,8.948528148504534,33.0,20,20,0,1,0,normal
1,60.0,44,0.9046675356092491,0.9861308702957466,0.0,22.64,0.5,18.56715028703554,28.0,80,40,0,2,0,normal
1,60.0,45,0.9129843604451762,0.9727604253450539,0.0,0.0,0.3389830508474576,11.961719055011635,11.0,59,20,0,1,0,normal
1,60.0,46,0.8771106680804538,0.9486296562781155,0.02666666666666667,15.43,0.24,14.209111242598844,30.0,75,18,2,1,0,normal
1,60.0,47,0.9710986338181085,0.9570182808423313,0.0125,22.28,0.4875,12.009898389746631,10.0,80,39,1,2,0,normal
1,60.0,48,0.9501742628396435,0.9615572473693373,0.02564102564102564,15.04,0.47863247863247865,18.89087940584719,18.0,117,56,3,3,0,normal
1,60.0,49,0.8634635763980646,0.9922785636323558,0.0,11.7,0.6666666666666666,14.171855586546247,34.0,57,38,0,2,0,normal
1,60.0,50,0.8499664359448686,0.9316741613737625,0.017241379310344827,11.76,0.6724137931034483,20.334938617969676,21.0,58,39,1,2,0,normal
1,60.0,51,0.9607940270848212,0.9891895439964414,0.012738853503184714,13.42,0.8598726114649682,20.228869532548888,36.0,157,135,2,7,0,normal
1,60.0,52,0.8925625647675239,0.9960375338828242,0.025,18.64,0.725,13.975642400783597,15.0,80,58,2,3,0,normal
1,60.0,53,0.9707548119421937,0.9711435726794868,0.0,12.54,1.0,15.952288964109544,37.0,20,20,0,1,0,normal
1,60.0,54,0.9737421071133787,0.9923824827591969,0.0,14.05,0.4020618556701031,17.62574333844949,25.0,97,39,0,2,0,normal
1,60.0,55,0.8642974397047863,0.9894543682784182,0.0,10.07,0.0,15.0,18.0,19,0,0,0,0,normal
1,60.0,56,0.8526509590256397,0.9937269459337471,0.0,8.41,0.5172413793103449,19.448270614931598,17.0,116,60,0,3,0,normal
1,60.0,57,0.8662658312682973,0.9693277247853668,0.0,11.29,0.5263157894736842,22.732423830997483,16.0,38,20,0,1,0,normal
1,60.0,58,0.890744266297955,0.9671695464766509,0.0,12.68,0.47368421052631576,19.52620334336612,23.0,38,18,0,1,0,normal
1,60.0,59,0.847647302032901,0.9632282500189447,0.041666666666666664,8.04,0.9583333333333334,17.640917867940736,35.0,120,115,5,6,0,normal
1,60.0,60,0.8736770463284944,0.9673368299248539,0.0,18.04,0.5063291139240507,15.206370253866073,13.0,79,40,0,2,0,normal
1,60.0,61,0.8716679833581179,0.9564572440061413,0.01694915254237288,0.0,0.3220338983050847,11.541634619627658,35.0,59,19,1,1,0,normal
1,60.0,62,0.8391544509524463,1.0,0.0,11.46,0.2597402597402597,11.378609701672664,24.0,77,20,0,1,0,normal
1,60.0,63,0.8862678170413473,1.0,0.0,16.53,0.5263157894736842,17.782401374359594,20.0,38,20,0,1,0,normal
1,60.0,64,0.8967921982930454,0.9982611209381249,0.0,5.5,0.5,13.423725362064609,21.0,40,20,0,1,0,normal
1,60.0,65,0.9670732437736737,1.0,0.0,6.3,0.6722689075630253,14.65660153027338,22.0,119,80,0,4,0,normal
1,60.0,66,0.8670512274519023,0.9748030229278262,0.0375,12.67,0.7125,18.954989224492554,27.0,80,57,3,3,0,normal
1,60.0,67,0.860499689065028,0.9990809213333142,0.0,20.1,0.36363636363636365,9.832134719652332,22.0,55,20,0,1,0,normal
1,60.0,68,0.8522178972745524,1.0,0.0,14.65,0.0,15.0,27.0,74,0,0,0,0,normal
1,60.0,69,0.9339656303798227,1.0,0.017241379310344827,20.76,0.6724137931034483,16.78522987292188,21.0,58,39,1,2,0,normal
1,60.0,70,0.9160697376524044,0.9629356006732509,0.01282051282051282,0.0,0.48717948717948717,17.534661364823776,26.0,78,38,1,2,0,normal
1,60.0,71,0.8534755411401613,0.9708512783559873,0.017241379310344827,14.6,0.3275862068965517,10.913848527327586,18.0,58,19,1,1,0,normal
1,60.0,72,0.9248495985147577,0.9883364482149056,0.0125,5.17,0.4875,11.745811087242913,25.0,80,39,1,2,0,normal
1,60.0,73,0.8970071222670685,0.9911944862896533,0.017241379310344827,8.08,0.3275862068965517,15.053621263849672,22.0,58,19,1,1,0,normal
1,60.0,74,0.8973230418835721,0.9400371248010867,0.038461538461538464,9.12,0.9615384615384616,17.604095475378855,35.0,78,75,3,4,0,normal
1,60.0,75,0.8911730226048828,0.9557838099391418,0.013333333333333334,9.93,0.25333333333333335,10.911699171196418,14.0,75,19,1,1,0,normal
1,60.0,76,0.8616121480624827,0.9644250084440195,0.0,19.68,0.20833333333333334,17.43436104287418,11.0,96,20,0,1,0,normal
1,60.0,77,0.9171306431956946,0.9645305641553916,0.017241379310344827,0.0,0.6724137931034483,22.212091412126526,7.0,58,39,1,2,0,normal
1,60.0,78,0.8571508379608248,0.9284667410219836,0.031914893617021274,9.67,0.7659574468085106,18.871737136732456,34.0,94,72,3,4,0,normal
1,60.0,79,0.8924627184048333,1.0,0.0,0.0,0.0,15.0,28.0,19,0,0,0,0,normal
1,60.0,80,0.9641220818838593,1.0,0.0,0.0,1.0,8.790133698005288,37.0,20,20,0,1,0,normal
1,60.0,81,0.9381342818777262,1.0,0.0,12.19,0.6896551724137931,15.992511221999642,35.0,58,40,0,2,0,normal
1,60.0,82,0.8409095307619294,1.0,0.017241379310344827,6.05,0.6551724137931034,23.7268865176248,26.0,58,38,1,2,0,normal
1,60.0,83,0.92465538782477,0.951609516368118,0.03389830508474576,5.28,0.6440677966101694,12.585785343963941,32.0,59,38,2,2,0,normal
1,60.0,84,0.8639726737246616,0.9700835853473333,0.0,0.0,1.0,15.0,13.0,0,0,0,0,0,normal
1,60.0,85,0.8835942030869443,1.0,0.0,10.46,0.3389830508474576,16.038060214676275,32.0,59,20,0,1,0,normal
1,60.0,86,0.8902179530255474,0.980220047988131,0.0,0.0,0.20833333333333334,19.433083499805313,15.0,96,20,0,1,0,normal
1,60.0,87,0.961797678681979,0.9249188020725416,0.01694915254237288,23.81,0.9830508474576272,18.405641573873066,32.0,59,58,1,3,0,normal
1,60.0,88,0.8521376183949319,0.9619071811730786,0.013071895424836602,5.06,0.869281045751634,17.32774716684461,28.0,153,133,2,7,0,normal
1,60.0,89,0.8632537942131475,0.9491090314670868,0.007575757575757576,8.84,0.7045454545454546,17.59748036875784,19.0,132,93,1,5,0,normal
1,60.0,90,0.8745588134421656,0.9829759095080861,0.0,15.15,1.0,17.17816921579155,24.0,40,40,0,2,0,normal
1,60.0,91,0.8981758873666745,0.9855404648423027,0.0,5.99,0.7142857142857143,18.143119437524756,22.0,56,40,0,2,0,normal
1,60.0,92,0.8756753631910867,1.0,0.0,9.75,1.0,15.0,16.0,0,0,0,0,0,normal
1,60.0,93,0.9224082468900013,0.9957452543360641,0.0,18.77,0.2631578947368421,9.844029760752631,13.0,76,20,0,1,0,normal
1,60.0,94,0.9523250306166505,0.956610780165807,0.0,0.0,1.0,21.620893014342464,12.0,40,40,0,2,0,normal
1,60.0,95,0.925326552081651,0.9984714766558391,0.0,20.93,0.0,15.0,6.0,40,0,0,0,0,normal
1,60.0,96,0.9826464267328847,0.9728052651616453,0.0,0.0,0.6779661016949152,19.676528773891327,22.0,59,40,0,2,0,normal
1,60.0,97,0.8758844208077426,1.0,0.017241379310344827,10.47,0.6724137931034483,18.149226013062915,8.0,58,39,1,2,0,normal
1,60.0,98,0.8483363529040029,1.0,0.0,15.77,0.5128205128205128,16.60089146590477,34.0,78,40,0,2,0,normal
1,60.0,99,0.848464327709456,0.9484783929688695,0.0,10.33,0.0,15.0,17.0,56,0,0,0,0,normal
1,70.0,0,0.7742452839414674,0.9681921646140422,0.010309278350515464,0.0,0.4020618556701031,14.203214701896247,17.0,97,39,1,2,0,normal
1,70.0,1,0.8275238793705748,0.8353999458556507,0.015306122448979591,17.85,0.8877551020408163,16.051442757290097,32.0,392,348,6,18,0,normal
1,70.0,2,0.7874490750187368,0.9340604146893798,0.01078167115902965,6.43,0.8274932614555256,18.232015937353694,31.0,371,307,4,16,0,normal
1,70.0,3,0.8872006760931423,0.9467997385807124,0.01694915254237288,5.37,0.9830508474576272,12.590909139809979,11.0,59,58,1,3,0,normal
1,70.0,4,0.8678378986600895,0.947135750617163,0.01020408163265306,0.0,0.8061224489795918,13.467072289087898,5.0,98,79,1,4,0,normal
1,70.0,5,0.8799344369063722,0.9442555363615402,0.012738853503184714,11.34,0.8598726114649682,19.577909386770422,24.0,157,135,2,7,0,normal
1,70.0,6,0.7758991968477867,0.8974636698042846,0.00946372239747634,7.64,0.9905362776025236,17.753136659492206,26.0,317,314,3,16,0,normal
1,70.0,7,0.9471286484388496,0.9941393958351964,0.0,5.79,0.1724137931034483,17.42914706514307,9.0,116,20,0,1,0,normal
1,70.0,8,0.8096570593058747,0.9895939888166214,0.017094017094017096,0.0,0.49572649572649574,16.624548417510606,19.0,117,58,2,3,0,normal
1,70.0,9,0.9158693078354793,1.0,0.0,0.0,0.0,15.0,6.0,19,0,0,0,0,normal
1,70.0,10,0.8358889786536412,0.9759335353123495,0.0,0.0,0.75,20.50643210263202,2.0,80,60,0,3,0,normal
1,70.0,11,0.892463151587947,0.9736018067844655,0.012738853503184714,9.36,0.7388535031847133,15.895938743049271,27.0,157,116,2,6,0,normal
1,70.0,12,0.8698545025773743,1.0,0.0,0.0,1.0,15.0,10.0,0,0,0,0,0,normal
1,70.0,13,0.8057472276639783,0.9164400679682583,0.00816326530612245,10.27,0.6938775510204082,17.25117543148389,13.0,245,170,2,9,0,normal
1,70.0,14,0.8657041409024439,0.911931617469911,0.014598540145985401,9.59,0.8442822384428224,18.13908188977065,28.0,411,347,6,18,0,normal
1,70.0,15,0.837461178957079,0.9436262828125235,0.017045454545454544,9.81,0.9829545454545454,12.930284696811004,28.0,176,173,3,9,0,normal
1,70.0,16,0.8566818932720289,0.9565984998766547,0.025,15.96,0.975,10.729085557564304,15.0,40,39,1,2,0,normal
1,70.0,17,0.9273717032964642,0.9745763998987763,0.0,12.51,0.5063291139240507,15.933524411817404,28.0,79,40,0,2,0,normal
1,70.0,18,0.9348621799862896,0.9782919836450275,0.0,17.16,0.0,15.0,20.0,20,0,0,0,0,normal
1,70.0,19,0.9189324182129165,0.9654166275990474,0.02531645569620253,9.98,0.7215189873417721,19.9620516254103,29.0,79,57,2,3,0,normal
1,70.0,20,0.8718920589801398,0.9843461320614406,0.01020408163265306,9.22,0.7857142857142857,22.64219196087085,25.0,98,77,1,4,0,normal
1,70.0,21,0.8870607183615487,0.9797805673498422,0.0,8.2,0.41237113402061853,16.656817272590057,13.0,97,40,0,2,0,normal
1,70.0,22,0.8607721487944568,0.959636255542359,0.030927835051546393,7.54,0.9690721649484536,15.607107320135976,25.0,97,94,3,5,0,normal
1,70.0,23,0.925134540617078,0.9689620266197397,0.008620689655172414,15.43,0.8189655172413793,17.793085216066576,21.0,116,95,1,5,0,normal
1,70.0,24,0.9105210346299403,0.875524165163129,0.04,0.0,0.96,13.759204302189755,23.0,100,96,4,5,0,normal
1,70.0,25,0.906626722346194,0.9930748898382767,0.0,8.96,1.0,9.76233701557737,8.0,20,20,0,1,0,normal
1,70.0,26,0.9434933273504402,1.0,0.0,14.88,0.5,24.68497746837601,11.0,40,20,0,1,0,normal
1,70.0,27,0.8423941792155698,0.9256054841056099,0.01694915254237288,16.97,0.6610169491525424,15.33777360662484,22.0,59,39,1,2,0,normal
1,70.0,28,0.8321586646303704,0.9753072166232372,0.0,5.42,0.75,11.026319441683166,21.0,80,60,0,3,0,normal
1,70.0,29,0.829670848919404,0.9978861885661334,0.0,0.0,0.4,21.132342791506282,25.0,100,40,0,2,0,normal
1,70.0,30,0.8644045902881446,0.9409837980189762,0.0,0.0,0.7246376811594203,15.688120728833391,10.0,138,100,0,5,0,normal
1,70.0,31,0.9418749463874769,1.0,0.0,0.0,0.7532467532467533,18.070895001355193,26.0,77,58,0,3,0,normal
1,70.0,32,0.8901275988862343,1.0,0.0,7.1,0.0,15.0,25.0,38,0,0,0,0,normal
1,70.0,33,0.8160273687914908,0.9830046142412644,0.0,6.69,0.8041237113402062,17.972480165770467,16.0,97,78,0,4,0,normal
1,70.0,34,0.9342709453608997,0.954912227738305,0.0,0.0,0.6779661016949152,19.602569266388933,23.0,59,40,0,2,0,normal
1,70.0,35,0.8593320367447758,0.984032858749879,0.005747126436781609,12.6,0.6724137931034483,12.162283841812837,24.0,174,117,1,6,0,normal
1,70.0,36,0.9400671531430023,0.9877832609675925,0.0,5.58,1.0,18.946903248564553,33.0,119,119,0,6,0,normal
1,70.0,37,0.8312526494717797,0.9431917953021601,0.05,9.72,0.95,24.0132554031822,19.0,40,38,2,2,0,normal
1,70.0,38,0.8464913551630245,0.9442783042252519,0.025423728813559324,15.09,0.8135593220338984,17.14633972808533,24.0,118,96,3,5,0,normal
1,70.0,39,0.8212390103956243,0.9983052170558847,0.0,7.35,0.0,15.0,9.0,73,0,0,0,0,normal
1,70.0,40,0.8519697677047886,0.9833459316351095,0.01020408163265306,19.38,0.5918367346938775,18.529292728372855,29.0,98,58,1,3,0,normal
1,70.0,41,0.9316434651190704,0.919475069043364,0.023255813953488372,12.49,0.7023255813953488,15.513871596557864,24.0,215,151,5,8,0,normal
1,70.0,42,0.95516524153778,0.9304808279427285,0.005076142131979695,13.62,0.700507614213198,16.608678490647232,25.0,197,138,1,7,0,normal
1,70.0,43,0.8601655994881597,0.9834690508005067,0.02564102564102564,13.52,0.9743589743589743,15.56507796109149,26.0,156,152,4,8,0,normal
1,70.0,44,0.902267535609249,0.9812341960109515,0.0,0.0,0.25,22.163790301491524,23.0,80,20,0,1,0,normal
1,70.0,45,0.9114243604451762,0.9338063058116267,0.02564102564102564,18.02,0.48717948717948717,9.065769053480066,14.0,39,19,1,1,0,normal
1,70.0,46,0.8732106680804538,1.0,0.0,15.43,0.8041237113402062,19.11911136814633,35.0,97,78,0,4,0,normal
1,70.0,47,0.9691786338181084,1.0,0.0,0.0,0.35714285714285715,21.431965796878153,5.0,56,20,0,1,0,normal
1,70.0,48,0.9478142628396434,0.9744962628354732,0.0,15.04,0.2564102564102564,16.533619186431192,8.0,78,20,0,1,0,normal
1,70.0,49,0.8583235763980646,0.9641059124894014,0.020202020202020204,11.7,0.7878787878787878,16.333734465046742,32.0,99,78,2,4,0,normal
1,70.0,50,0.8481064359448687,0.9310478652168047,0.03636363636363636,11.76,0.32727272727272727,17.109206308421857,22.0,55,18,2,1,0,normal
1,70.0,51,0.9603940270848212,1.0,0.0,13.42,0.0,15.0,30.0,20,0,0,0,0,normal
1,70.0,52,0.8889825647675239,1.0,0.016666666666666666,18.64,0.9833333333333333,18.00537752501751,22.0,60,59,1,3,0,normal
1,70.0,53,0.9572948119421937,0.8915774695204162,0.019021739130434784,12.54,0.7744565217391305,17.94914566981525,32.0,368,285,7,15,0,normal
1,70.0,54,0.9723021071133787,0.9937426840697723,0.0,14.05,0.0,15.0,31.0,72,0,0,0,0,normal
1,70.0,55,0.8624174397047863,0.9901445067652318,0.017543859649122806,10.07,0.6491228070175439,15.966625108903592,27.0,57,37,1,2,0,normal
1,70.0,56,0.8518509590256398,0.9907110345154124,0.0,8.41,1.0,24.152717865043638,15.0,20,20,0,1,0,normal
1,70.0,57,0.8574258312682973,0.9038490895229601,0.03271028037383177,11.29,0.8785046728971962,16.440145107793562,6.0,214,188,7,10,0,normal
1,70.0,58,0.8879842662979549,0.9101960666731415,0.01694915254237288,12.68,0.6610169491525424,12.947764730778623,14.0,59,39,1,2,0,normal
1,70.0,59,0.8363473020329009,0.901451084658008,0.003952569169960474,8.04,0.9960474308300395,17.48500365081619,28.0,253,252,1,13,0,normal
1,70.0,60,0.8705770463284944,0.9920776669798533,0.013157894736842105,18.04,0.5131578947368421,16.74620422774087,3.0,76,39,1,2,0,normal
1,70.0,61,0.8712679833581178,0.985110357907793,0.0,17.89,0.0,15.0,35.0,20,0,0,0,0,normal
1,70.0,62,0.8312144509524464,0.9242116133700463,0.015,11.46,0.885,15.403413445386864,30.0,200,177,3,9,0,normal
1,70.0,63,0.8846878170413472,0.9814521420427139,0.0,0.0,0.5128205128205128,24.83188600670654,18.0,39,20,0,1,0,normal
1,70.0,64,0.8967921982930454,0.9703373251388691,0.0,5.5,1.0,15.0,23.0,0,0,0,0,0,normal
1,70.0,65,0.9670732437736737,1.0,0.0,6.3,1.0,15.0,19.0,0,0,0,0,0,normal
1,70.0,66,0.8642712274519023,0.9976168427643346,0.016666666666666666,0.0,0.65,15.541857323814536,29.0,60,39,1,2,0,normal
1,70.0,67,0.860119689065028,0.9847037374001867,0.0,20.1,0.0,15.0,15.0,19,0,0,0,0,normal
1,70.0,68,0.8498178972745524,0.9678818764921205,0.0,14.65,1.0,10.97105678347376,23.0,40,40,0,2,0,normal
1,70.0,69,0.9311656303798227,0.9767923857190487,0.0,20.76,0.6666666666666666,12.346312683003028,28.0,60,40,0,2,0,normal
1,70.0,70,0.9145297376524044,1.0,0.0,24.55,0.0,15.0,29.0,77,0,0,0,0,normal
1,70.0,71,0.8504155411401613,1.0,0.013157894736842105,14.6,0.75,16.3551217593031,31.0,76,57,1,3,0,normal
1,70.0,72,0.9224495985147576,0.9878625522981546,0.0,5.17,1.0,14.212042130954497,21.0,40,40,0,2,0,normal
1,70.0,73,0.8930471222670685,0.9839231311006237,0.010101010101010102,8.08,0.5959595959595959,19.64822958294942,17.0,99,59,1,3,0,normal
1,70.0,74,0.8898830418835721,0.9290267445809486,0.02531645569620253,9.12,0.9746835443037974,17.13623960120845,33.0,158,154,4,8,0,normal
1,70.0,75,0.8869730226048828,0.9788555856681173,0.017391304347826087,9.93,0.6521739130434783,16.81881985492999,21.0,115,75,2,4,0,normal
1,70.0,76,0.8553321480624827,0.9915161441222312,0.005714285714285714,0.0,0.4514285714285714,22.494076209283342,15.0,175,79,1,4,0,normal
1,70.0,77,0.9151706431956945,0.9986622870338481,0.0,13.9,0.3448275862068966,25.26920126724302,13.0,58,20,0,1,0,normal
1,70.0,78,0.8528508379608248,0.9031659972029044,0.017094017094017096,9.67,0.49572649572649574,16.529023982226082,28.0,117,58,2,3,0,normal
1,70.0,79,0.8916627184048332,0.9616267514506136,0.0,23.74,0.0,15.0,18.0,40,0,0,0,0,normal
1,70.0,80,0.9605420818838593,0.9586635567272239,0.016666666666666666,6.24,0.9833333333333333,12.271165029220262,29.0,60,59,1,3,0,normal
1,70.0,81,0.9377342818777262,0.9766979723156695,0.0,12.19,0.0,15.0,29.0,20,0,0,0,0,normal
1,70.0,82,0.8370495307619295,0.9826711001772177,0.017241379310344827,6.05,0.49137931034482757,19.704460505291337,18.0,116,57,2,3,0,normal
1,70.0,83,0.92065538782477,1.0,0.0,0.0,0.75,15.327892841315423,31.0,80,60,0,3,0,normal
1,70.0,84,0.8603926737246615,0.9862699839786983,0.01,18.68,0.39,14.987070805482611,19.0,100,39,1,2,0,normal
1,70.0,85,0.8811942030869443,1.0,0.0,10.46,1.0,14.707092381912734,26.0,40,40,0,2,0,normal
1,70.0,86,0.8867179530255475,0.9418438924739797,0.00847457627118644,23.45,0.3135593220338983,14.520309969154074,22.0,118,37,1,2,0,normal
1,70.0,87,0.955897678681979,0.9867403688710837,0.014598540145985401,0.0,0.5693430656934306,13.752471875541321,27.0,137,78,2,4,0,normal
1,70.0,88,0.850237618394932,0.9857774029477538,0.0,5.06,0.6666666666666666,17.86311209796127,25.0,57,38,0,2,0,normal
1,70.0,89,0.8601537942131475,0.9702315385136134,0.038461538461538464,8.84,0.47435897435897434,23.349332665974366,20.0,78,37,3,2,0,normal
1,70.0,90,0.8721988134421655,0.9661271621872561,0.0,15.15,0.2564102564102564,22.1486120083391,13.0,78,20,0,1,0,normal
1,70.0,91,0.8969758873666746,1.0,0.0,5.99,1.0,22.657791113170553,22.0,20,20,0,1,0,normal
1,70.0,92,0.8707353631910867,0.9697545901849116,0.03508771929824561,9.75,0.8157894736842105,20.05241708016308,13.0,114,93,4,5,0,normal
1,70.0,93,0.9172682468900013,0.9560649134635681,0.03,18.77,0.77,18.22029119606421,14.0,100,77,3,4,0,normal
1,70.0,94,0.9503450306166505,1.0,0.0,24.51,0.3389830508474576,14.389713468747562,14.0,59,20,0,1,0,normal
1,70.0,95,0.919826552081651,0.9485588011439665,0.017094017094017096,0.0,0.6666666666666666,19.313423433713105,2.0,117,78,2,4,0,normal
1,70.0,96,0.9759664267328847,0.8784723781099131,0.02877697841726619,5.3,0.9712230215827338,15.52305682556373,21.0,139,135,4,7,0,normal
1,70.0,97,0.8746844208077427,0.9996482107450652,0.0,10.47,1.0,22.028883205391683,4.0,20,20,0,1,0,normal
1,70.0,98,0.8451563529040029,0.940291215970571,0.0,15.77,0.5063291139240507,13.30837549168007,29.0,79,40,0,2,0,normal
1,70.0,99,0.848464327709456,1.0,0.0,0.0,1.0,15.0,16.0,0,0,0,0,0,normal
1,80.0,0,0.7695852839414674,0.9878652526468326,0.008547008547008548,19.61,0.8205128205128205,16.500173470739618,19.0,117,96,1,5,0,normal
1,80.0,1,0.8052238793705748,0.8750420138847644,0.017482517482517484,17.85,0.9143356643356644,16.03958450763251,29.0,572,523,10,27,0,normal
1,80.0,2,0.7763090750187369,0.924054542301904,0.006944444444444444,0.0,0.8645833333333334,17.644158127199695,23.0,288,249,2,13,0,normal
1,80.0,3,0.8832206760931424,0.9917309518578964,0.0,5.37,0.759493670886076,22.787702153920645,18.0,79,60,0,3,0,normal
1,80.0,4,0.8627978986600895,0.9883174223716369,0.0,20.79,0.7185185185185186,15.317420560811403,18.0,135,97,0,5,0,normal
1,80.0,5,0.8783744369063722,0.9599134518018525,0.0,11.34,0.5263157894736842,9.924694449242036,17.0,38,20,0,1,0,normal
1,80.0,6,0.7689791968477868,0.936981888511004,0.015544041450777202,0.0,0.689119170984456,18.311940992897927,24.0,193,133,3,7,0,normal
1,80.0,7,0.9440086484388497,0.9914955001662781,0.01282051282051282,5.79,0.7435897435897436,13.852653790039426,15.0,78,58,1,3,0,normal
1,80.0,8,0.8053770593058748,0.9431512895385545,0.010416666666666666,18.76,0.8125,20.169111336597084,22.0,96,78,1,4,0,normal
1,80.0,9,0.9127493078354793,0.9773286626853789,0.02564102564102564,7.44,0.7435897435897436,18.902114545959254,7.0,78,58,2,3,0,normal
1,80.0,10,0.8315889786536411,0.9130513166789929,0.025423728813559324,18.48,0.4830508474576271,18.489521188147332,16.0,118,57,3,3,0,normal
1,80.0,11,0.887783151587947,1.0,0.014492753623188406,9.36,0.6956521739130435,15.05902127972233,23.0,138,96,2,5,0,normal
1,80.0,12,0.8682545025773742,0.986449949184473,0.0,9.48,0.5,24.967690940399315,18.0,40,20,0,1,0,normal
1,80.0,13,0.8019872276639782,0.9679158292305985,0.021052631578947368,10.27,0.9789473684210527,17.902555798417946,12.0,95,93,2,5,0,normal
1,80.0,14,0.8621441409024438,0.9820668232167666,0.025,9.59,0.725,18.391180401444554,20.0,80,58,2,3,0,normal
1,80.0,15,0.8214811789570791,0.9288455306467426,0.020356234096692113,9.81,0.9312977099236641,18.75520108108485,32.0,393,366,8,19,0,normal
1,80.0,16,0.8527218932720289,0.9837261113274753,0.025,15.96,0.725,24.73396406403552,9.0,80,58,2,3,0,normal
1,80.0,17,0.9224117032964643,0.9418310552622844,0.0,12.51,0.8507462686567164,16.416100563070216,34.0,134,114,0,6,0,normal
1,80.0,18,0.9241821799862897,0.9296894509185202,0.01730103806228374,17.16,0.7785467128027682,16.811340373208413,26.0,289,225,5,12,0,normal
1,80.0,19,0.9161724182129165,0.9847237227592728,0.0,9.98,0.5128205128205128,14.693272787628514,23.0,78,40,0,2,0,normal
1,80.0,20,0.8687920589801398,1.0,0.0,0.0,0.7763157894736842,18.69502235906439,26.0,76,59,0,3,0,normal
1,80.0,21,0.8846607183615487,1.0,0.0,0.0,1.0,15.391022392733746,14.0,40,40,0,2,0,normal
1,80.0,22,0.8576721487944567,0.985923896156377,0.010309278350515464,7.54,0.3917525773195876,20.239455919813807,22.0,97,38,1,2,0,normal
1,80.0,23,0.9219745406170781,0.9983246594314202,0.0,15.43,0.5128205128205128,12.641305039350016,31.0,78,40,0,2,0,normal
1,80.0,24,0.9058210346299403,1.0,0.007352941176470588,16.37,0.4338235294117647,16.690794706199938,27.0,136,59,1,3,0,normal
1,80.0,25,0.9019467223461941,0.9410894707728003,0.04040404040404041,8.96,0.9595959595959596,18.318180846358064,7.0,99,95,4,5,0,normal
1,80.0,26,0.9426933273504402,1.0,0.0,0.0,1.0,12.575616054655312,16.0,20,20,0,1,0,normal
1,80.0,27,0.8392341792155699,1.0,0.012658227848101266,0.0,0.4936708860759494,13.897174334103203,18.0,79,39,1,2,0,normal
1,80.0,28,0.8297586646303703,0.9707751218161108,0.0,5.42,1.0,13.610021707210901,19.0,40,40,0,2,0,normal
1,80.0,29,0.8277108489194039,1.0,0.0,16.0,0.3448275862068966,15.130650072390257,21.0,58,20,0,1,0,normal
1,80.0,30,0.8593845902881446,0.9815937434221363,0.0,11.92,0.5864661654135338,19.840095410010186,22.0,133,78,0,4,0,normal
1,80.0,31,0.939914946387477,0.961606306642731,0.01694915254237288,13.49,0.3220338983050847,15.054423252103406,29.0,59,19,1,1,0,normal
1,80.0,32,0.8877475988862342,0.9776181074570991,0.0125,7.1,0.2375,18.345223960016007,25.0,80,19,1,1,0,normal
1,80.0,33,0.8140673687914909,0.9774647826483536,0.0,6.69,0.3448275862068966,20.497532869445436,15.0,58,20,0,1,0,normal
1,80.0,34,0.9316709453608997,0.9660641579759797,0.04,7.69,0.7333333333333333,14.579904090552388,24.0,75,55,3,3,0,normal
1,80.0,35,0.8562120367447759,1.0,0.0379746835443038,12.6,0.46835443037974683,11.81039074719154,23.0,79,37,3,2,0,normal
1,80.0,36,0.9323671531430022,0.9381579678422657,0.005208333333333333,5.58,0.6927083333333334,16.65219993608932,30.0,192,133,1,7,0,normal
1,80.0,37,0.8281526494717797,0.965309220907638,0.012987012987012988,0.0,0.7532467532467533,18.06733870102478,14.0,77,58,1,3,0,normal
1,80.0,38,0.8433513551630245,0.9649658599085186,0.01282051282051282,15.09,0.5,14.81315463155925,24.0,78,39,1,2,0,normal
1,80.0,39,0.8204790103956243,1.0,0.0,7.35,0.0,15.0,9.0,38,0,0,0,0,normal
1,80.0,40,0.8516097677047886,0.9955707760469943,0.0,19.38,0.0,15.0,25.0,18,0,0,0,0,normal
1,80.0,41,0.9293834651190703,0.9706335580207024,0.013157894736842105,12.49,0.4868421052631579,13.654604856037526,28.0,76,37,1,2,0,normal
1,80.0,42,0.95336524153778,0.9939986565387282,0.018518518518518517,0.0,0.6666666666666666,16.527213586957142,22.0,54,36,1,2,0,normal
1,80.0,43,0.8566055994881597,0.9231848549546043,0.03333333333333333,0.0,0.9666666666666667,21.636544889147775,18.0,60,58,2,3,0,normal
1,80.0,44,0.900287535609249,0.9767607009740735,0.025,24.69,0.975,20.679950030770627,22.0,40,39,1,2,0,normal
1,80.0,45,0.9102443604451762,0.9355853801128419,0.05,18.02,0.95,9.335955044672389,23.0,20,19,1,1,0,normal
1,80.0,46,0.8659706680804539,0.9760586760692028,0.0,15.43,0.8941176470588236,17.668062555833547,25.0,170,152,0,8,0,normal
1,80.0,47,0.9667786338181085,1.0,0.0,9.84,1.0,15.206685510111058,7.0,40,40,0,2,0,normal
1,80.0,48,0.9454942628396434,0.9820430598496283,0.02564102564102564,0.0,0.23076923076923078,14.532357439664208,6.0,78,18,2,1,0,normal
1,80.0,49,0.8563235763980646,0.9864662891056665,0.0,11.7,0.3333333333333333,15.211949557518734,26.0,60,20,0,1,0,normal
1,80.0,50,0.8445464359448687,0.9537894532222151,0.02,11.76,0.38,9.054513859491127,17.0,100,38,2,2,0,normal
1,80.0,51,0.9560140270848213,0.968876463830359,0.01,0.0,0.59,14.850964723380427,28.0,100,59,1,3,0,normal
1,80.0,52,0.8862025647675239,0.9826270831247138,0.0,18.64,0.6779661016949152,14.139120106244667,18.0,59,40,0,2,0,normal
1,80.0,53,0.9472548119421936,0.9440915268800936,0.015810276679841896,12.54,0.9841897233201581,16.777749999145442,23.0,253,249,4,13,0,normal
1,80.0,54,0.9652821071133787,0.9544399286302666,0.022598870056497175,14.05,0.8700564971751412,18.601319389322942,30.0,177,154,4,8,0,normal
1,80.0,55,0.8588574397047863,0.9540065705355133,0.0,10.07,0.7468354430379747,14.054198742683047,29.0,79,59,0,3,0,normal
1,80.0,56,0.8494709590256397,1.0,0.025,8.41,0.975,20.589897177495963,12.0,40,39,1,2,0,normal
1,80.0,57,0.8526658312682973,0.9752616842836094,0.008403361344537815,0.0,0.4957983193277311,17.19434966227527,6.0,119,59,1,3,0,normal
1,80.0,58,0.886844266297955,1.0,0.0,0.0,0.0,15.0,15.0,57,0,0,0,0,normal
1,80.0,59,0.8282073020329009,0.961017836094677,0.022857142857142857,0.0,0.8685714285714285,17.536971894943594,22.0,175,152,4,8,0,normal
1,80.0,60,0.8693970463284945,0.9492846710796143,0.05,0.0,0.95,13.730903781254705,4.0,20,19,1,1,0,normal
1,80.0,61,0.8669279833581178,0.9626714240166945,0.03,0.0,0.57,17.349236819031457,25.0,100,57,3,3,0,normal
1,80.0,62,0.8292544509524464,1.0,0.0,11.46,1.0,15.873307199932022,24.0,39,39,0,2,0,normal
1,80.0,63,0.8827278170413473,1.0,0.0,8.85,0.3448275862068966,15.772174686052109,19.0,58,20,0,1,0,normal
1,80.0,64,0.8906521982930453,0.9048401230522936,0.012987012987012988,5.5,0.7337662337662337,20.110397946975166,25.0,154,113,2,6,0,normal
1,80.0,65,0.9659332437736736,0.9811974626849976,0.0,6.3,0.5405405405405406,18.92091875918178,21.0,37,20,0,1,0,normal
1,80.0,66,0.8611912274519024,0.9901925698874082,0.034482758620689655,10.94,0.9655172413793104,15.116724108123583,25.0,58,56,2,3,0,normal
1,80.0,67,0.855359689065028,0.9735663989435905,0.025,0.0,0.975,14.46473012399612,3.0,80,78,2,4,0,normal
1,80.0,68,0.8482578972745525,0.9862213744092294,0.0,0.0,0.5263157894736842,15.39438196547111,13.0,38,20,0,1,0,normal
1,80.0,69,0.9256656303798226,0.938698323389555,0.014492753623188406,20.76,0.8478260869565217,19.85671957297159,29.0,138,117,2,6,0,normal
1,80.0,70,0.9129297376524044,0.9984160636370543,0.0,24.55,0.3333333333333333,9.661383002946701,16.0,60,20,0,1,0,normal
1,80.0,71,0.8426155411401612,0.9763573337283163,0.0,14.6,0.8041237113402062,16.164611757823845,27.0,194,156,0,8,0,normal
1,80.0,72,0.9177295985147577,0.9664979808003548,0.008547008547008548,5.17,0.5042735042735043,15.343154030206827,21.0,117,59,1,3,0,normal
1,80.0,73,0.8903271222670686,0.9762355402335555,0.05084745762711865,8.08,0.6271186440677966,18.470666961867757,17.0,59,37,3,2,0,normal
1,80.0,74,0.8871230418835722,0.9291466904137566,0.03333333333333333,9.12,0.6333333333333333,23.518744537325105,24.0,60,38,2,2,0,normal
1,80.0,75,0.8833930226048828,0.9805992518483696,0.0,9.93,0.33613445378151263,17.30873299335286,23.0,119,40,0,2,0,normal
1,80.0,76,0.8546121480624828,0.9646885214546562,0.0,9.16,0.0,15.0,19.0,36,0,0,0,0,normal
1,80.0,77,0.9104906431956946,0.9689847323020647,0.030612244897959183,13.9,0.7755102040816326,12.558683639911134,23.0,98,76,3,4,0,normal
1,80.0,78,0.8489108379608249,0.9047098616753662,0.02531645569620253,9.67,0.7341772151898734,23.3909034373717,23.0,79,58,2,3,0,normal
1,80.0,79,0.8866027184048332,0.9791987849755844,0.0,23.74,0.725925925925926,17.554931896308215,15.0,135,98,0,5,0,normal
1,80.0,80,0.9578020818838593,0.9996854785940859,0.0,6.24,0.20618556701030927,10.056852762297858,24.0,97,20,0,1,0,normal
1,80.0,81,0.9349542818777262,0.9683444449404458,0.016666666666666666,12.19,0.65,21.136453597099813,19.0,60,39,1,2,0,normal
1,80.0,82,0.8347095307619294,0.9981988841753403,0.01694915254237288,6.05,0.6440677966101694,19.0324916338337,18.0,59,38,1,2,0,normal
1,80.0,83,0.92065538782477,1.0,0.0,0.0,1.0,15.0,27.0,0,0,0,0,0,normal
1,80.0,84,0.8548926737246616,1.0,0.00641025641025641,0.0,0.3782051282051282,16.800290994876278,25.0,156,59,1,3,0,normal
1,80.0,85,0.8785142030869443,1.0,0.0,10.46,0.5,14.893792977585337,30.0,76,38,0,2,0,normal
1,80.0,86,0.8835779530255474,0.9576154976377087,0.02531645569620253,0.0,0.7341772151898734,10.67161189232244,27.0,79,58,2,3,0,normal
1,80.0,87,0.949697678681979,0.9639786062433923,0.03184713375796178,17.95,0.7197452229299363,13.132660458048841,33.0,157,113,5,6,0,normal
1,80.0,88,0.8446776183949319,0.9536687122224446,0.0,5.06,0.5797101449275363,17.931804915875723,25.0,138,80,0,4,0,normal
1,80.0,89,0.8586137942131475,0.9693548923926735,0.0,0.0,0.5405405405405406,12.081455846924094,17.0,37,20,0,1,0,normal
1,80.0,90,0.8686788134421656,0.9495027316438398,0.010309278350515464,15.15,0.4020618556701031,16.783228605955046,4.0,97,39,1,2,0,normal
1,80.0,91,0.8914358873666746,0.9874688254758107,0.00847457627118644,5.99,0.6694915254237288,14.98423908283588,24.0,118,79,1,4,0,normal
1,80.0,92,0.8691753631910867,0.9854366693481579,0.0,9.75,0.5263157894736842,24.40151875435262,6.0,38,20,0,1,0,normal
1,80.0,93,0.9138282468900013,0.9547705228129041,0.025974025974025976,18.77,0.974025974025974,17.75711089738914,18.0,77,75,2,4,0,normal
1,80.0,94,0.9479450306166506,1.0,0.0,0.0,1.0,21.244182701162558,14.0,40,40,0,2,0,normal
1,80.0,95,0.918646552081651,0.9397607165875146,0.05,20.59,0.95,16.621757035974156,6.0,20,19,1,1,0,normal
1,80.0,96,0.9704664267328846,0.9202139258908342,0.030303030303030304,5.3,0.9696969696969697,17.62251571719716,25.0,99,96,3,5,0,normal
1,80.0,97,0.8727244208077427,0.9959546137578175,0.0,0.0,0.3448275862068966,15.191501141937804,7.0,58,20,0,1,0,normal
1,80.0,98,0.8436163529040029,0.9561786693286547,0.0,15.77,0.0,15.0,23.0,77,0,0,0,0,normal
1,80.0,99,0.844884327709456,0.9508961035643545,0.016666666666666666,23.39,0.9833333333333333,21.367680777957634,23.0,60,59,1,3,0,normal
1,90.0,0,0.7530052839414675,0.929049066283451,0.0117096018735363,19.61,0.9414519906323185,17.586859691126158,28.0,427,402,5,21,0,normal
1,90.0,1,0.8016638793705748,0.9585983383840668,0.012658227848101266,17.85,0.7468354430379747,15.821724395725974,11.0,79,59,1,3,0,normal
1,90.0,2,0.7643090750187369,0.8991873867598795,0.022364217252396165,20.1,0.853035143769968,15.816033004973816,24.0,313,267,7,14,0,normal
1,90.0,3,0.8717806760931424,0.9610989251935531,0.0196078431372549,5.37,0.738562091503268,16.931508155452917,16.0,306,226,6,12,0,normal
1,90.0,4,0.8408578986600895,0.9115356118593272,0.02127659574468085,20.79,0.9450354609929078,14.987419724642733,30.0,564,533,12,28,0,normal
1,90.0,5,0.8741744369063721,1.0,0.007575757575757576,11.34,0.4393939393939394,13.944804794048698,10.0,132,58,1,3,0,normal
1,90.0,6,0.7659391968477868,0.9751413879071619,0.0,8.28,1.0,13.892713469723388,26.0,76,76,0,4,0,normal
1,90.0,7,0.9412086484388497,1.0,0.0,5.79,0.75,17.356004033540263,17.0,80,60,0,3,0,normal
1,90.0,8,0.8022170593058747,0.9611944579333529,0.012658227848101266,18.76,0.7468354430379747,17.57516430510503,20.0,79,59,1,3,0,normal
1,90.0,9,0.9100693078354792,0.998341626646399,0.012987012987012988,7.44,0.7402597402597403,16.971495097403217,15.0,77,57,1,3,0,normal
1,90.0,10,0.8243289786536412,0.9348856641674335,0.030927835051546393,18.48,0.7680412371134021,16.47515059333993,25.0,194,149,6,8,0,normal
1,90.0,11,0.886223151587947,0.9648689804689365,0.0,9.36,0.5263157894736842,16.22239578162757,18.0,38,20,0,1,0,normal
1,90.0,12,0.8640345025773742,0.9644113288339535,0.0,9.48,0.5864661654135338,14.248770226917117,17.0,133,78,0,4,0,normal
1,90.0,13,0.7974472276639782,0.9294876327399869,0.008771929824561403,10.27,0.9912280701754386,14.504087766006498,11.0,114,113,1,6,0,normal
1,90.0,14,0.8586441409024438,0.9502777642736455,0.02564102564102564,0.0,0.7307692307692307,18.14913753632648,20.0,78,57,2,3,0,normal
1,90.0,15,0.820001178957079,0.9809896677159856,0.05263157894736842,9.81,0.9473684210526315,10.138137015679114,24.0,38,36,2,2,0,normal
1,90.0,16,0.8483218932720289,1.0,0.0,0.0,0.6,18.659866508624777,9.0,100,60,0,3,0,normal
1,90.0,17,0.9155317032964643,0.9505944613106927,0.03896103896103896,12.51,0.8441558441558441,17.24906565044152,22.0,154,130,6,7,0,normal
1,90.0,18,0.9129821799862896,0.8983005465904547,0.03636363636363636,17.16,0.8909090909090909,16.23768624182587,30.0,275,245,10,13,0,normal
1,90.0,19,0.9085124182129165,0.926256479622869,0.02577319587628866,9.98,0.8711340206185567,16.953042717443527,21.0,194,169,5,9,0,normal
1,90.0,20,0.8643920589801397,0.9688512633589227,0.0,18.94,1.0,15.956496926662249,28.0,80,80,0,4,0,normal
1,90.0,21,0.8815407183615487,1.0,0.0,22.5,0.5263157894736842,13.40334389760459,19.0,76,40,0,2,0,normal
1,90.0,22,0.8545921487944568,1.0,0.020618556701030927,7.54,0.5876288659793815,19.017212505324284,13.0,97,57,2,3,0,normal
1,90.0,23,0.913854540617078,0.9538271928257939,0.020512820512820513,15.43,0.8769230769230769,16.15473600636187,23.0,195,171,4,9,0,normal
1,90.0,24,0.9015010346299404,0.9407394191721024,0.02040816326530612,16.37,0.5918367346938775,18.09279047458085,26.0,98,58,2,3,0,normal
1,90.0,25,0.8995667223461941,0.9970961243049459,0.016666666666666666,8.96,0.65,20.43457520979313,10.0,60,39,1,2,0,normal
1,90.0,26,0.9376133273504402,0.9760698461992412,0.020833333333333332,13.38,0.8125,20.050517577926534,17.0,96,78,2,4,0,normal
1,90.0,27,0.8345141792155698,1.0,0.0,16.59,0.7101449275362319,16.08161090573028,21.0,138,98,0,5,0,normal
1,90.0,28,0.8285986646303704,0.9593607056323598,0.0,5.42,0.0,15.0,19.0,58,0,0,0,0,normal
1,90.0,29,0.8261308489194039,0.9951246756692278,0.025,16.0,0.475,11.702080330325993,10.0,40,19,1,1,0,normal
1,90.0,30,0.8530845902881447,0.903499246047391,0.00847457627118644,11.92,0.9915254237288136,15.030664070837695,25.0,118,117,1,6,0,normal
1,90.0,31,0.936354946387477,0.9837125915944316,0.012658227848101266,13.49,0.7468354430379747,13.765811527760121,26.0,79,59,1,3,0,normal
1,90.0,32,0.8826275988862342,0.9651434681731533,0.04,7.1,0.76,12.650657229563892,14.0,100,76,4,4,0,normal
1,90.0,33,0.8116873687914908,0.94200523022549,0.025,6.69,0.975,21.13377107182825,10.0,40,39,1,2,0,normal
1,90.0,34,0.9281309453608997,0.967664407409005,0.02531645569620253,7.69,0.7341772151898734,10.44061923431376,24.0,79,58,2,3,0,normal
1,90.0,35,0.8518920367447758,0.9989925618838504,0.0,12.6,1.0,17.285192306407332,26.0,98,98,0,5,0,normal
1,90.0,36,0.9288471531430023,0.9663185547976382,0.01282051282051282,5.58,0.7435897435897436,15.249556782313697,28.0,78,58,1,3,0,normal
1,90.0,37,0.8281526494717797,0.9959576433565941,0.0,11.23,1.0,15.0,12.0,0,0,0,0,0,normal
1,90.0,38,0.8402313551630245,0.9770389037425598,0.02564102564102564,15.09,0.48717948717948717,23.66021218021055,29.0,78,38,2,2,0,normal
1,90.0,39,0.8180990103956243,1.0,0.0125,0.0,0.2375,10.488755765903099,11.0,80,19,1,1,0,normal
1,90.0,40,0.8496897677047885,1.0,0.0,19.38,0.35714285714285715,12.033221450064032,14.0,56,20,0,1,0,normal
1,90.0,41,0.9168034651190703,0.9302680424921987,0.01090909090909091,12.49,0.850909090909091,16.128248234423275,29.0,275,234,3,12,0,normal
1,90.0,42,0.95178524153778,0.9725581231301798,0.025,7.54,0.975,21.109760208013093,23.0,40,39,1,2,0,normal
1,90.0,43,0.8534255994881598,0.9928181059430357,0.0,22.89,0.5063291139240507,13.223452921009363,17.0,79,40,0,2,0,normal
1,90.0,44,0.899147535609249,0.981965218027238,0.0,0.0,0.5,19.655741809042134,19.0,38,19,0,1,0,normal
1,90.0,45,0.9082643604451762,0.955339273666139,0.0,18.02,0.25316455696202533,17.949884444386548,28.0,79,20,0,1,0,normal
1,90.0,46,0.8609106680804538,0.9515587779294754,0.03597122302158273,0.0,0.8201438848920863,14.422229522470294,28.0,139,114,5,6,0,normal
1,90.0,47,0.9651986338181084,0.9626607728015003,0.0,9.84,0.5128205128205128,13.784980384087818,17.0,39,20,0,1,0,normal
1,90.0,48,0.9374942628396434,0.9571327706016692,0.0,7.36,0.75,15.838411723951472,11.0,160,120,0,6,0,normal
1,90.0,49,0.8555235763980645,1.0,0.0,0.0,0.0,15.0,22.0,40,0,0,0,0,normal
1,90.0,50,0.8404264359448687,1.0,0.0,0.0,0.31746031746031744,16.393574826144118,11.0,126,40,0,2,0,normal
1,90.0,51,0.9508540270848213,0.9642416753980795,0.0,5.24,0.5797101449275363,14.746885520896267,31.0,138,80,0,4,0,normal
1,90.0,52,0.8850025647675239,1.0,0.0,18.64,1.0,24.704738144333483,11.0,20,20,0,1,0,normal
1,90.0,53,0.9425548119421937,0.9425436824291843,0.04040404040404041,12.54,0.7676767676767676,19.23518690582801,23.0,99,76,4,4,0,normal
1,90.0,54,0.9572221071133787,0.9418032147187542,0.009478672985781991,14.05,0.8151658767772512,17.281613998992825,31.0,211,172,2,9,0,normal
1,90.0,55,0.8544974397047863,0.9556821589508607,0.025,10.07,0.975,20.381307985790766,35.0,80,78,2,4,0,normal
1,90.0,56,0.8470709590256398,0.9726313133235247,0.0,0.0,1.0,19.219249684740078,6.0,40,40,0,2,0,normal
1,90.0,57,0.8461458312682972,0.9578846922081475,0.01744186046511628,22.06,0.6627906976744186,15.33836133037651,22.0,172,114,3,6,0,normal
1,90.0,58,0.8836642662979549,0.955292434219576,0.0125,12.72,0.4875,16.47473068992557,17.0,80,39,1,2,0,normal
1,90.0,59,0.8223873020329009,0.9500853052075622,0.021897810218978103,24.73,0.9781021897810219,17.892991202094674,26.0,137,134,3,7,0,normal
1,90.0,60,0.8682170463284944,1.0,0.0,14.89,0.0,15.0,8.0,59,0,0,0,0,normal
1,90.0,61,0.8645479833581179,0.9528057828396466,0.025,5.71,0.975,13.871332867720016,27.0,40,39,1,2,0,normal
1,90.0,62,0.8273144509524464,0.9698491231425203,0.0,11.46,0.3508771929824561,23.374898175217073,25.0,57,20,0,1,0,normal
1,90.0,63,0.8823878170413473,1.0,0.0,8.85,0.0,15.0,23.0,17,0,0,0,0,normal
1,90.0,64,0.8898721982930453,1.0,0.0,5.5,0.0,15.0,28.0,39,0,0,0,0,normal
1,90.0,65,0.9644332437736736,0.964676425604686,0.027777777777777776,6.3,0.5277777777777778,12.598166931673568,27.0,36,19,1,1,0,normal
1,90.0,66,0.8600512274519023,0.9805327970720022,0.0,0.0,0.0,15.0,24.0,57,0,0,0,0,normal
1,90.0,67,0.851759689065028,1.0,0.0,13.37,1.0,22.64329828081276,6.0,60,60,0,3,0,normal
1,90.0,68,0.8435378972745524,0.9633739347161767,0.01020408163265306,20.57,0.7959183673469388,15.458173621992106,15.0,98,78,1,4,0,normal
1,90.0,69,0.9225056303798227,0.9736036254959218,0.0,0.0,0.5128205128205128,11.198139879091638,17.0,78,40,0,2,0,normal
1,90.0,70,0.9062297376524043,0.9588625356790259,0.012658227848101266,0.0,0.6139240506329114,17.933318300343224,14.0,158,97,2,5,0,normal
1,90.0,71,0.8386355411401613,0.9660294430022421,0.0125,14.6,0.7375,17.14079756218577,30.0,80,59,1,3,0,normal
1,90.0,72,0.9153495985147576,0.9777278115956456,0.025,5.17,0.975,17.66294034445425,20.0,40,39,1,2,0,normal
1,90.0,73,0.8895471222670686,1.0,0.0,8.08,0.0,15.0,13.0,39,0,0,0,0,normal
1,90.0,74,0.8847430418835722,0.9787431366087223,0.016666666666666666,9.12,0.65,16.37323516181688,18.0,60,39,1,2,0,normal
1,90.0,75,0.8814730226048828,0.9683155871982967,0.0,9.93,0.6551724137931034,22.262490620996743,30.0,58,38,0,2,0,normal
1,90.0,76,0.8530321480624827,1.0,0.0,9.16,0.5128205128205128,8.95540115153459,16.0,39,20,0,1,0,normal
1,90.0,77,0.9015506431956946,0.9764315647747625,0.023255813953488372,13.9,0.6139534883720931,16.541029517863116,21.0,215,132,5,7,0,normal
1,90.0,78,0.8437908379608249,0.9452424544262102,0.0072992700729927005,0.0,0.4306569343065693,17.767721267033213,17.0,137,59,1,3,0,normal
1,90.0,79,0.8862427184048333,1.0,0.0,0.0,0.0,15.0,13.0,18,0,0,0,0,normal
1,90.0,80,0.9507820818838593,0.9874034663171749,0.017142857142857144,6.24,0.7771428571428571,12.037184837204133,28.0,175,136,3,7,0,normal
1,90.0,81,0.9329742818777262,1.0,0.0,0.0,0.3389830508474576,15.68258231467578,12.0,59,20,0,1,0,normal
1,90.0,82,0.8343095307619295,1.0,0.0,6.05,0.0,15.0,20.0,20,0,0,0,0,normal
1,90.0,83,0.91787538782477,0.9909884447586157,0.0,9.09,0.6779661016949152,19.563382728457462,21.0,59,40,0,2,0,normal
1,90.0,84,0.8520926737246616,1.0,0.0,22.45,0.6666666666666666,15.172494300732957,28.0,60,40,0,2,0,normal
1,90.0,85,0.8749542030869443,0.9552744054854475,0.025,10.46,0.725,12.962506796049121,20.0,80,58,2,3,0,normal
1,90.0,86,0.8779379530255474,1.0,0.0106951871657754,11.92,0.40106951871657753,14.784021971294411,31.0,187,75,2,4,0,normal
1,90.0,87,0.946157678681979,0.9897143157023724,0.012658227848101266,17.95,0.9873417721518988,12.970496988044246,31.0,79,78,1,4,0,normal
1,90.0,88,0.8438976183949319,1.0,0.0,5.06,0.0,15.0,29.0,39,0,0,0,0,normal
1,90.0,89,0.8570137942131476,1.0,0.0,22.65,0.5,22.725738725969485,15.0,40,20,0,1,0,normal
1,90.0,90,0.8674988134421656,1.0,0.05,0.0,0.95,22.293288647897512,1.0,20,19,1,1,0,normal
1,90.0,91,0.8914358873666746,1.0,0.0,5.99,1.0,15.0,29.0,0,0,0,0,0,normal
1,90.0,92,0.8632553631910868,0.9689244506515797,0.014492753623188406,9.75,0.5652173913043478,18.17845554382051,5.0,138,78,2,4,0,normal
1,90.0,93,0.9106682468900014,0.9966860321428627,0.0,0.0,0.5128205128205128,15.760640614962158,18.0,78,40,0,2,0,normal
1,90.0,94,0.9475450306166505,0.9786155550299004,0.0,23.55,0.0,15.0,16.0,20,0,0,0,0,normal
1,90.0,95,0.917486552081651,0.9964366746639344,0.0,0.0,0.0,15.0,12.0,58,0,0,0,0,normal
1,90.0,96,0.9641464267328846,0.9641069017940688,0.025210084033613446,5.3,0.8151260504201681,16.733031394111208,28.0,119,97,3,5,0,normal
1,90.0,97,0.8699644208077427,0.991893835472785,0.0,21.86,0.6896551724137931,9.678313929587972,15.0,58,40,0,2,0,normal
1,90.0,98,0.8416963529040029,0.9768309788867939,0.0,15.77,0.35714285714285715,9.011311778185858,15.0,56,20,0,1,0,normal
1,90.0,99,0.842524327709456,1.0,0.0,0.0,0.2564102564102564,16.561149604129717,30.0,78,20,0,1,0,normal
1,100.0,0,0.7416252839414674,0.9078558464228581,0.011764705882352941,19.61,0.8392156862745098,16.810924417564607,21.0,255,214,3,11,0,normal
1,100.0,1,0.7974438793705748,0.965956046164094,0.02631578947368421,0.0,0.6754385964912281,12.20164437013282,11.0,114,77,3,5,0,normal
1,100.0,2,0.7483690750187368,0.8959864580800653,0.012165450121654502,20.1,0.8905109489051095,16.848248128790612,30.0,411,366,5,19,0,normal
1,100.0,3,0.8602806760931424,0.9346098131790613,0.010416666666666666,5.37,0.7881944444444444,16.7169178392978,20.0,288,227,3,12,0,normal
1,100.0,4,0.8286778986600895,0.8818923045119715,0.003389830508474576,20.79,0.9966101694915255,16.003864551759904,35.0,295,294,1,15,0,normal
1,100.0,5,0.8738944369063721,0.99182506817527,0.0,11.34,0.0,15.0,7.0,14,0,0,0,0,normal
1,100.0,6,0.7514391968477867,0.897529328991442,0.00847457627118644,8.28,0.9350282485875706,18.93149453959009,29.0,354,331,3,17,0,normal
1,100.0,7,0.9304086484388496,0.8828710424995779,0.014705882352941176,5.79,0.9117647058823529,16.82287817332685,20.0,272,248,4,13,0,normal
1,100.0,8,0.7982570593058748,0.9492443116569258,0.025,18.76,0.975,15.444472279703518,16.0,80,78,2,4,0,normal
1,100.0,9,0.9055693078354792,0.3724975993577107,0.7777777777777778,7.44,0.041666666666666664,35.711455840563566,22.0,216,9,168,9,1,blackhole
1,100.0,10,0.8134289786536412,0.9324140735488744,0.025362318840579712,18.48,0.9021739130434783,16.814730239677235,33.0,276,249,7,14,0,normal
1,100.0,11,0.8835231515879469,0.9774350574852705,0.010309278350515464,0.0,0.3917525773195876,16.860061448454864,20.0,97,38,1,2,0,normal
1,100.0,12,0.8503145025773742,0.9085947211220751,0.023121387283236993,9.48,0.8670520231213873,17.545542276889222,21.0,346,300,8,16,0,normal
1,100.0,13,0.7915872276639783,0.9191993461374469,0.02857142857142857,0.0,0.8071428571428572,14.62576738565645,11.0,140,113,4,6,0,normal
1,100.0,14,0.8555041409024438,0.9550474468855121,0.02531645569620253,0.0,0.7341772151898734,14.653211689859438,21.0,79,58,2,3,0,normal
1,100.0,15,0.8141611789570791,0.9696278026541943,0.005747126436781609,9.81,0.4482758620689655,19.546568302049202,12.0,174,78,1,4,0,normal
1,100.0,16,0.8443618932720289,0.9065106102548088,0.025,6.65,0.725,13.102203936671359,7.0,80,58,2,3,0,normal
1,100.0,17,0.9131717032964642,0.9815138630009617,0.034482758620689655,12.51,0.3563218390804598,19.78953300861597,14.0,87,31,3,2,0,normal
1,100.0,18,0.9082621799862897,0.9854677605436512,0.01694915254237288,0.0,0.4915254237288136,18.81378706890467,35.0,118,58,2,3,0,normal
1,100.0,19,0.9073124182129165,0.999975458984839,0.0,0.0,1.0,22.60883900214678,13.0,20,20,0,1,0,normal
1,100.0,20,0.8620320589801398,0.9821984618648728,0.0,18.94,1.0,15.326089873122207,34.0,59,59,0,3,0,normal
1,100.0,21,0.8796207183615486,0.9895360919479255,0.017241379310344827,22.5,0.6551724137931034,23.931559473232177,17.0,58,38,1,2,0,normal
1,100.0,22,0.8530321487944568,0.9566670233582206,0.02564102564102564,7.54,0.48717948717948717,12.870101840733595,9.0,39,19,1,1,0,normal
1,100.0,23,0.9105345406170781,0.9361785508038589,0.02127659574468085,15.43,0.7659574468085106,16.741708328956772,22.0,94,72,2,4,0,normal
1,100.0,24,0.8975210346299403,0.9820236735181769,0.00980392156862745,16.37,0.7549019607843137,18.01895874660279,23.0,102,77,1,4,0,normal
1,100.0,25,0.8987867223461941,0.9932204140461999,0.0,8.96,0.0,15.0,15.0,39,0,0,0,0,normal
1,100.0,26,0.9332933273504402,0.9643125496282271,0.02531645569620253,13.38,0.9746835443037974,19.380413068152208,15.0,79,77,2,4,0,normal
1,100.0,27,0.8254941792155698,0.9398487390177447,0.00510204081632653,16.59,0.9948979591836735,15.522771344898548,32.0,196,195,1,10,0,normal
1,100.0,28,0.8263186646303703,0.9625581040928699,0.034482758620689655,5.42,0.9655172413793104,19.462085604206706,21.0,58,56,2,3,0,normal
1,100.0,29,0.8249108489194039,0.6178244839795383,0.475,0.0,0.025,30.968665378530964,6.0,40,1,19,1,1,blackhole
1,100.0,30,0.8530845902881447,1.0,0.0,11.92,1.0,15.0,32.0,0,0,0,0,0,normal
1,100.0,31,0.928914946387477,0.9371626789611863,0.011363636363636364,13.49,0.6590909090909091,16.995173720887845,23.0,176,116,2,6,0,normal
1,100.0,32,0.8796075988862342,0.9793829044196426,0.0,0.0,0.40860215053763443,16.32627242098917,13.0,93,38,0,2,0,normal
1,100.0,33,0.8089473687914909,0.9587852579087998,0.017241379310344827,0.0,0.6724137931034483,16.93068074882317,8.0,58,39,1,2,0,normal
1,100.0,34,0.9243109453608996,0.940671994976494,0.010416666666666666,7.69,0.9895833333333334,13.65483342648454,29.0,96,95,1,5,0,normal
1,100.0,35,0.8503520367447758,0.5123054644190586,0.6666666666666666,0.0,0.0,29.993179732196054,27.0,57,0,38,2,1,blackhole
1,100.0,36,0.9207071531430022,0.9473322197217672,0.027777777777777776,5.58,0.6990740740740741,15.633997506033397,33.0,216,151,6,9,0,normal
1,100.0,37,0.8257926494717797,0.962621938964598,0.05,11.23,0.95,15.661979657254301,14.0,40,38,2,2,0,normal
1,100.0,38,0.8354313551630245,0.9768055104717451,0.0,15.09,0.8333333333333334,15.311461936305918,36.0,120,100,0,5,0,normal
1,100.0,39,0.8157790103956243,0.9828965376706061,0.0,17.24,0.2631578947368421,19.618106122944184,9.0,76,20,0,1,0,normal
1,100.0,40,0.8470097677047885,0.9809188126014134,0.020833333333333332,0.0,0.1875,21.024787070623354,10.0,96,18,2,1,0,normal
1,100.0,41,0.9168034651190703,0.9993642322889704,0.0,0.0,1.0,15.0,32.0,0,0,0,0,0,normal
1,100.0,42,0.94662524153778,0.9694652167573496,0.010101010101010102,0.0,0.797979797979798,20.913834216798957,19.0,99,79,1,4,0,normal
1,100.0,43,0.8510655994881597,1.0,0.05,22.89,0.95,10.991549010362938,22.0,40,38,2,2,0,normal
1,100.0,44,0.8949075356092491,0.9706335795808155,0.017241379310344827,6.77,0.6551724137931034,19.79266697352473,20.0,116,76,2,4,0,normal
1,100.0,45,0.9062843604451762,0.9769993055324975,0.0,18.02,0.3389830508474576,25.05012595853201,29.0,59,20,0,1,0,normal
1,100.0,46,0.8537906680804538,0.9112892761912655,0.02857142857142857,0.0,0.8285714285714286,19.347319703779842,28.0,140,116,4,6,0,normal
1,100.0,47,0.9628786338181085,0.9856188029473432,0.0,9.84,0.20833333333333334,10.90793225639238,27.0,96,20,0,1,0,normal
1,100.0,48,0.9362942628396435,0.9938838816590142,0.0,7.36,1.0,16.48276264686796,20.0,20,20,0,1,0,normal
1,100.0,49,0.8507635763980645,0.9054406794202091,0.0,11.95,1.0,14.385487960966373,16.0,99,99,0,5,0,normal
1,100.0,50,0.8396464359448687,1.0,0.0,12.03,0.0,15.0,11.0,39,0,0,0,0,normal
1,100.0,51,0.9441940270848213,0.9326847983302452,0.0072992700729927005,5.24,0.9927007299270073,17.106760225737073,30.0,137,136,1,7,0,normal
1,100.0,52,0.8822825647675239,0.9476084651200344,0.017543859649122806,0.0,0.6842105263157895,14.246096320994603,7.0,57,39,1,2,0,normal
1,100.0,53,0.9397548119421937,0.9812894189475706,0.0,12.54,0.6666666666666666,20.838268001638177,18.0,60,40,0,2,0,normal
1,100.0,54,0.9560221071133786,1.0,0.0,0.0,1.0,13.196765394749645,29.0,20,20,0,1,0,normal
1,100.0,55,0.8513574397047863,0.9643566935617498,0.02531645569620253,10.07,0.4810126582278481,23.66480039076513,36.0,79,38,2,2,0,normal
1,100.0,56,0.8442709590256398,0.9874938606002313,0.0,13.06,0.6666666666666666,12.043414010125558,8.0,60,40,0,2,0,normal
1,100.0,57,0.8421458312682972,0.9624034144432213,0.043478260869565216,22.06,0.9565217391304348,20.25486586065957,20.0,92,88,4,5,0,normal
1,100.0,58,0.8824642662979549,1.0,0.0,12.72,1.0,12.168054091573298,21.0,20,20,0,1,0,normal
1,100.0,59,0.8169873020329009,0.9709260780593285,0.007407407407407408,0.0,0.8518518518518519,14.079423542126916,28.0,135,115,1,6,0,normal
1,100.0,60,0.8670370463284944,0.9377950741904264,0.05,14.89,0.95,13.53961733549673,21.0,20,19,1,1,0,normal
1,100.0,61,0.8630079833581179,0.9893005827125703,0.0,5.71,0.0,15.0,27.0,77,0,0,0,0,normal
1,100.0,62,0.8218144509524464,0.9728695179612878,0.008620689655172414,11.46,0.6810344827586207,17.082086816764814,22.0,116,79,1,4,0,normal
1,100.0,63,0.8804878170413473,0.8634200654387973,0.2,8.85,0.0,31.995682263956255,27.0,95,0,19,1,1,blackhole
1,100.0,64,0.8886721982930453,1.0,0.0,5.5,1.0,11.47275491085267,32.0,20,20,0,1,0,normal
1,100.0,65,0.9628532437736737,0.9697737090571154,0.0,6.3,0.0,15.0,33.0,79,0,0,0,0,normal
1,100.0,66,0.8584712274519023,0.9955141450246736,0.0,19.07,0.5128205128205128,22.17870542919511,22.0,39,20,0,1,0,normal
1,100.0,67,0.847779689065028,0.9285124025918579,0.0125,13.37,0.9875,18.98544421175063,15.0,80,79,1,4,0,normal
1,100.0,68,0.8407378972745524,0.9686954999974653,0.0,20.57,0.6666666666666666,17.710584757835925,23.0,60,40,0,2,0,normal
1,100.0,69,0.9197456303798227,0.9602388302356706,0.01694915254237288,12.4,0.6610169491525424,20.6994854726612,21.0,59,39,1,2,0,normal
1,100.0,70,0.9026297376524044,0.9796292114053243,0.0,18.71,1.0,13.201399604498652,26.0,60,60,0,3,0,normal
1,100.0,71,0.8382555411401613,1.0,0.0,14.6,0.0,15.0,27.0,19,0,0,0,0,normal
1,100.0,72,0.9129695985147577,1.0,0.025,5.17,0.975,9.930717874247224,20.0,40,39,1,2,0,normal
1,100.0,73,0.8867871222670685,0.9574038795207525,0.03333333333333333,0.0,0.6333333333333333,20.78444467616676,8.0,60,38,2,2,0,normal
1,100.0,74,0.8796030418835722,0.9121543526745667,0.03,0.0,0.77,13.739046930434911,10.0,100,77,3,4,0,normal
1,100.0,75,0.8790730226048828,0.9944771131100694,0.0,9.93,0.25,20.22452992166427,35.0,80,20,0,1,0,normal
1,100.0,76,0.8503321480624827,0.9350633021138134,0.0379746835443038,9.16,0.45569620253164556,14.237759277802343,15.0,79,36,3,2,0,normal
1,100.0,77,0.9003506431956946,0.9788958314948845,0.0,13.9,1.0,13.269302719500883,29.0,20,20,0,1,0,normal
1,100.0,78,0.8426108379608248,0.9609945159574866,0.05,20.83,0.95,22.552725340958574,14.0,20,19,1,1,0,normal
1,100.0,79,0.8854827184048332,1.0,0.0,18.07,0.0,15.0,21.0,38,0,0,0,0,normal
1,100.0,80,0.9468420818838593,0.9353944104001276,0.01282051282051282,6.24,0.7564102564102564,11.555461689201898,28.0,78,59,1,3,0,normal
1,100.0,81,0.9290542818777262,0.950872328340651,0.01020408163265306,13.37,0.5918367346938775,12.724374452814965,13.0,98,58,1,3,0,normal
1,100.0,82,0.8331295307619294,0.9106604828368973,0.05,6.05,0.95,23.087537534168018,22.0,20,19,1,1,0,normal
1,100.0,83,0.91555538782477,0.9323965342372499,0.0,9.09,0.6842105263157895,17.919510677336703,32.0,57,39,0,2,0,normal
1,100.0,84,0.8473526737246616,0.9814031269402756,0.00847457627118644,22.45,0.5,20.480265617865044,33.0,118,59,1,3,0,normal
1,100.0,85,0.8745542030869442,0.9991890033758499,0.0,10.46,0.0,15.0,11.0,20,0,0,0,0,normal
1,100.0,86,0.8764179530255475,0.985144470701178,0.017543859649122806,11.92,0.3333333333333333,8.938141714050424,34.0,57,19,1,1,0,normal
1,100.0,87,0.9433376786819789,0.9983015331679118,0.0,0.0,0.6557377049180327,19.256669690568835,24.0,61,40,0,2,0,normal
1,100.0,88,0.8378976183949319,0.9771400875450993,0.0,5.06,0.7142857142857143,14.877229644654406,36.0,140,100,0,5,0,normal
1,100.0,89,0.8534137942131476,0.9969087900306519,0.01639344262295082,22.65,0.9672131147540983,16.395249559954866,25.0,61,59,1,3,0,normal
1,100.0,90,0.8631588134421656,0.9746827809186388,0.01020408163265306,21.92,0.6020408163265306,19.57409814750315,5.0,98,59,1,3,0,normal
1,100.0,91,0.8835558873666746,0.9586790516251726,0.011235955056179775,5.99,0.8764044943820225,17.19969245672758,31.0,178,156,2,8,0,normal
1,100.0,92,0.8593353631910867,1.0,0.012987012987012988,0.0,0.7662337662337663,15.908465881759481,1.0,77,59,1,3,0,normal
1,100.0,93,0.9087282468900013,0.9970414522077758,0.0,16.48,0.3508771929824561,18.153223715291894,27.0,57,20,0,1,0,normal
1,100.0,94,0.9436050306166506,0.9704992141728176,0.02531645569620253,23.55,0.7341772151898734,16.922098666739206,25.0,79,58,2,3,0,normal
1,100.0,95,0.912726552081651,1.0,0.008403361344537815,12.78,0.4957983193277311,17.1418075959456,22.0,119,59,1,3,0,normal
1,100.0,96,0.9621464267328846,1.0,0.0,5.3,0.3333333333333333,18.900025214749203,34.0,60,20,0,1,0,normal
1,100.0,97,0.8676644208077426,1.0,0.0,0.0,0.4935064935064935,20.480975381641283,24.0,77,38,0,2,0,normal
1,100.0,98,0.8402163529040029,1.0,0.0,0.0,0.0,15.0,9.0,74,0,0,0,0,normal
1,100.0,99,0.840964327709456,1.0,0.02564102564102564,23.32,0.48717948717948717,23.531069617102418,29.0,39,19,1,1,0,normal
1,110.0,0,0.7353652839414675,0.9503312583439305,0.006369426751592357,19.61,0.8662420382165605,18.959648679677457,20.0,157,136,1,7,0,normal
1,110.0,1,0.7910438793705749,0.9664725626859698,0.0,12.41,0.8333333333333334,16.159520227894642,13.0,120,100,0,5,0,normal
1,110.0,2,0.7361690750187369,0.9330470547577543,0.006779661016949152,20.1,0.7966101694915254,15.195240396404293,18.0,295,235,2,12,0,normal
1,110.0,3,0.8473606760931424,0.9189277029392406,0.025236593059936908,5.37,0.9116719242902208,17.460655248242464,25.0,317,289,8,15,0,normal
1,110.0,4,0.8220178986600895,0.9409475775231818,0.016853932584269662,20.79,0.8707865168539326,16.12262487351083,27.0,178,155,3,8,0,normal
1,110.0,5,0.8723144369063721,0.9571887208583484,0.025,0.0,0.475,10.980462197859524,5.0,40,19,1,1,0,normal
1,110.0,6,0.7374191968477868,0.8920741852740519,0.03089887640449438,8.28,0.9129213483146067,20.177335603818744,34.0,356,325,11,18,0,normal
1,110.0,7,0.9225486484388496,0.920611006604126,0.015151515151515152,5.79,0.8838383838383839,15.348528101652326,25.0,198,175,3,9,0,normal
1,110.0,8,0.7978770593058747,0.9811834048155463,0.0,0.0,0.0,15.0,8.0,19,0,0,0,0,normal
1,110.0,9,0.9018293078354792,0.33241535382048876,0.8305084745762712,7.44,0.05649717514124294,34.70098365166541,23.0,177,10,147,8,1,blackhole
1,110.0,10,0.8000289786536412,0.8882128724246594,0.015772870662460567,18.48,0.9242902208201893,17.966134894058275,27.0,317,293,5,15,0,normal
1,110.0,11,0.881923151587947,1.0,0.0,20.54,0.5,10.462784081804095,30.0,40,20,0,1,0,normal
1,110.0,12,0.8417545025773743,0.9665991108586285,0.013953488372093023,9.48,0.8976744186046511,17.587395756110926,22.0,215,193,3,10,0,normal
1,110.0,13,0.7880472276639783,0.9272773304221386,0.01282051282051282,12.39,0.7564102564102564,14.166265416013237,12.0,78,59,1,3,0,normal
1,110.0,14,0.8535841409024438,0.9659727226261428,0.017543859649122806,15.67,0.3333333333333333,22.196166528572228,19.0,57,19,1,1,0,normal
1,110.0,15,0.810681178957079,1.0,0.0,9.81,0.6210526315789474,18.846724577331546,19.0,95,59,0,3,0,normal
1,110.0,16,0.8407818932720289,0.9985944164191248,0.0,6.65,0.759493670886076,21.969168532819157,18.0,79,60,0,3,0,normal
1,110.0,17,0.9107717032964643,0.9869214257528686,0.0,0.0,1.0,19.764761440473965,19.0,40,40,0,2,0,normal
1,110.0,18,0.9020221799862896,0.9754884664614912,0.012738853503184714,10.92,0.8598726114649682,18.259204075231644,31.0,157,135,2,7,0,normal
1,110.0,19,0.9034324182129165,0.9011777807377765,0.010416666666666666,20.8,0.8125,13.324007820829324,13.0,96,78,1,4,0,normal
1,110.0,20,0.8577320589801397,0.9608266583684612,0.020618556701030927,18.94,0.5979381443298969,19.396429297719212,21.0,97,58,2,3,0,normal
1,110.0,21,0.8796207183615486,0.9961731901286425,0.0,22.5,1.0,15.0,12.0,0,0,0,0,0,normal
1,110.0,22,0.8494321487944568,1.0,0.0,0.0,1.0,20.54323192209321,11.0,60,60,0,3,0,normal
1,110.0,23,0.909294540617078,1.0,0.0,15.43,1.0,12.833437407147484,17.0,21,21,0,2,0,normal
1,110.0,24,0.8956410346299403,0.9929385973056795,0.013157894736842105,16.37,0.23684210526315788,14.240093552126266,15.0,76,18,1,1,0,normal
1,110.0,25,0.8960467223461941,0.9680954945703264,0.017241379310344827,8.96,0.6724137931034483,17.214685427015315,10.0,58,39,1,2,0,normal
1,110.0,26,0.9320933273504403,1.0,0.0,13.38,1.0,16.18902766959156,13.0,20,20,0,1,0,normal
1,110.0,27,0.8211141792155698,0.9797788071054857,0.0125,16.59,0.9875,16.785914329780145,32.0,80,79,1,4,0,normal
1,110.0,28,0.8247186646303704,1.0,0.0,5.42,0.5,25.356346745033267,14.0,40,20,0,1,0,normal
1,110.0,29,0.8241308489194039,0.9974012322129396,0.0,7.87,0.0,15.0,13.0,39,0,0,0,1,blackhole
1,110.0,30,0.8398245902881446,0.9248168768472945,0.014970059880239521,11.92,0.9251497005988024,17.929673547660336,39.0,334,309,5,16,0,normal
1,110.0,31,0.925354946387477,0.9797603155290561,0.0,13.49,0.3389830508474576,14.520042358302714,17.0,118,40,0,2,0,normal
1,110.0,32,0.8772075988862342,1.0,0.0,11.14,1.0,18.669687538339396,16.0,40,40,0,2,0,normal
1,110.0,33,0.8073873687914909,1.0,0.0,7.88,0.5263157894736842,9.80341521981826,14.0,38,20,0,1,0,normal
1,110.0,34,0.9216509453608996,0.9477386245200391,0.010526315789473684,0.0,0.4,16.89201355984882,26.0,95,38,1,2,0,normal
1,110.0,35,0.8479520367447758,0.6165211007784024,0.5,24.66,0.0,32.402468125355306,27.0,80,0,40,2,1,blackhole
1,110.0,36,0.9151671531430022,0.972214969339217,0.025,5.58,0.6416666666666667,15.735474648508058,32.0,120,77,3,4,0,normal
1,110.0,37,0.8242326494717797,0.9638471583826601,0.02564102564102564,11.23,0.48717948717948717,13.057445969327274,14.0,39,19,1,1,0,normal
1,110.0,38,0.8337313551630245,0.95082277549251,0.023255813953488372,0.0,0.9767441860465116,19.069008373637917,28.0,43,42,1,3,0,normal
1,110.0,39,0.8126390103956243,0.9804585042117236,0.01282051282051282,17.24,0.5,19.55810196812756,8.0,78,39,1,2,0,normal
1,110.0,40,0.8454097677047886,1.0,0.0,11.22,0.5,12.13811523577956,10.0,40,20,0,1,0,normal
1,110.0,41,0.9094234651190704,0.933252086354997,0.020618556701030927,14.68,0.7989690721649485,15.52729967204696,28.0,194,155,4,8,0,normal
1,110.0,42,0.94348524153778,0.9635135976171748,0.02531645569620253,9.88,0.4810126582278481,10.935927488340136,18.0,79,38,2,2,0,normal
1,110.0,43,0.8425255994881597,0.9130473248567575,0.030612244897959183,22.89,0.8724489795918368,18.498795731690905,28.0,196,171,6,9,0,normal
1,110.0,44,0.891367535609249,0.9698822376242494,0.01020408163265306,6.77,0.6020408163265306,16.122906297897043,21.0,98,59,1,3,0,normal
1,110.0,45,0.9035643604451762,1.0,0.0,0.0,1.0,17.49150095396649,25.0,58,58,0,3,0,normal
1,110.0,46,0.8451306680804538,0.9785803075040682,0.015228426395939087,12.67,0.6903553299492385,17.536139865081513,27.0,197,136,3,7,0,normal
1,110.0,47,0.9590786338181084,0.9808342287309623,0.015037593984962405,9.84,0.42857142857142855,16.308964997103192,31.0,133,57,2,3,0,normal
1,110.0,48,0.9338942628396435,1.0,0.0,7.36,1.0,15.115700651021992,26.0,40,40,0,2,0,normal
1,110.0,49,0.8477435763980645,0.9753193290458654,0.017699115044247787,11.95,0.1592920353982301,16.39097009206888,13.0,113,18,2,1,0,normal
1,110.0,50,0.8369064359448686,0.9458031262006666,0.05,12.03,0.6166666666666667,14.847973637898757,17.0,60,37,3,2,0,normal
1,110.0,51,0.9427340270848212,1.0,0.02702702702702703,5.24,0.972972972972973,17.595292411121704,31.0,37,36,1,2,0,normal
1,110.0,52,0.8810825647675239,0.9431359806459612,0.0,22.43,1.0,21.98401607632218,19.0,20,20,0,1,0,normal
1,110.0,53,0.9385548119421937,1.0,0.0,0.0,1.0,12.933164453085398,17.0,20,20,0,1,0,normal
1,110.0,54,0.9515221071133787,0.970337271989078,0.02654867256637168,23.36,0.8141592920353983,13.850102056861298,29.0,113,92,3,5,0,normal
1,110.0,55,0.8461574397047863,0.9927967598160343,0.0,10.07,0.6666666666666666,21.576990357581572,30.0,120,80,0,4,0,normal
1,110.0,56,0.8423109590256398,0.9808813505210389,0.03333333333333333,13.06,0.3,11.284832077275423,15.0,60,18,2,1,0,normal
1,110.0,57,0.8387258312682973,0.9977286734455908,0.0,0.0,0.5,16.82734288943615,16.0,114,57,0,3,0,normal
1,110.0,58,0.878944266297955,0.9413989161677588,0.0,12.72,0.7435897435897436,14.824788097611295,21.0,78,58,0,3,0,normal
1,110.0,59,0.8153873020329009,1.0,0.0,9.47,0.5,16.17611147598287,22.0,40,20,0,1,0,normal
1,110.0,60,0.8587970463284944,0.9354039769264838,0.01020408163265306,14.89,0.6938775510204082,15.302639696521554,28.0,196,136,2,7,0,normal
1,110.0,61,0.8614479833581179,1.0,0.05,5.71,0.45,17.706648586284164,19.0,40,18,2,1,0,normal
1,110.0,62,0.8214344509524464,1.0,0.0,11.46,0.0,15.0,12.0,19,0,0,0,0,normal
1,110.0,63,0.8786078170413473,1.0,0.0,8.85,0.0,15.0,31.0,94,0,0,0,1,blackhole
1,110.0,64,0.8847521982930453,0.978869566307453,0.02040816326530612,5.5,0.5918367346938775,19.994693243721073,29.0,98,58,2,3,0,normal
1,110.0,65,0.9581732437736736,0.9326904618664624,0.04040404040404041,6.3,0.7575757575757576,18.168352111383374,27.0,99,75,4,4,0,normal
1,110.0,66,0.8554312274519024,0.9396883267490207,0.0136986301369863,19.07,0.5342465753424658,19.271880777270333,17.0,73,39,1,2,0,normal
1,110.0,67,0.843399689065028,0.9700378682720019,0.01,13.37,0.59,20.91903434945976,28.0,100,59,1,3,0,normal
1,110.0,68,0.8365778972745525,0.9699207647472307,0.041666666666666664,20.57,0.75,18.37868744346419,29.0,96,72,4,4,0,normal
1,110.0,69,0.9135256303798227,0.9335570994604063,0.012903225806451613,12.4,0.6193548387096774,17.888376399325033,28.0,155,96,2,5,0,normal
1,110.0,70,0.8958297376524044,0.9314491875385594,0.012422360248447204,18.71,0.7391304347826086,16.83097716874376,32.0,161,119,2,7,0,normal
1,110.0,71,0.8338555411401612,0.9765318570398036,0.012195121951219513,0.0,0.9512195121951219,14.3828745770811,21.0,82,78,1,4,0,normal
1,110.0,72,0.9101895985147577,0.9782489132872415,0.0,5.17,0.6779661016949152,16.49436974607264,13.0,59,40,0,2,0,normal
1,110.0,73,0.8855871222670685,1.0,0.0,23.09,1.0,17.36266683189193,7.0,20,20,0,1,0,normal
1,110.0,74,0.8768630418835722,0.9477164135346683,0.017241379310344827,18.63,0.6724137931034483,19.718588816228642,14.0,58,39,1,2,0,normal
1,110.0,75,0.8762730226048828,0.970069741973972,0.0,9.93,0.6666666666666666,19.01304058236427,31.0,60,40,0,2,0,normal
1,110.0,76,0.8494721480624827,1.0,0.0,9.16,0.0,15.0,15.0,43,0,0,0,0,normal
1,110.0,77,0.8987706431956946,0.9898513640962381,0.016666666666666666,0.0,0.31666666666666665,18.08294433581449,31.0,60,19,1,1,0,normal
1,110.0,78,0.8410308379608249,0.9744331982201997,0.0,20.83,0.5128205128205128,16.310851326449153,26.0,39,20,0,1,0,normal
1,110.0,79,0.8834827184048332,1.0,0.0,0.0,0.3333333333333333,16.700211091746716,26.0,60,20,0,1,0,normal
1,110.0,80,0.9433420818838593,0.961436032598882,0.010416666666666666,6.24,0.40625,16.553116226182023,26.0,96,39,1,2,0,normal
1,110.0,81,0.9258942818777262,0.9586413601795305,0.0,13.37,0.7692307692307693,16.256659874894797,29.0,78,60,0,3,0,normal
1,110.0,82,0.8315295307619295,1.0,0.0,6.05,0.5,11.810683220103245,20.0,40,20,0,1,0,normal
1,110.0,83,0.91359538782477,0.9990522221229761,0.0,9.09,1.0,11.913964238431106,28.0,39,39,0,2,0,normal
1,110.0,84,0.8434326737246616,1.0,0.02531645569620253,22.45,0.9746835443037974,17.491078895058834,24.0,79,77,2,4,0,normal
1,110.0,85,0.8733542030869442,1.0,0.0,10.46,1.0,14.07200821961508,7.0,20,20,0,1,0,normal
1,110.0,86,0.8717579530255475,0.9466048962650517,0.0,11.92,0.5777777777777777,16.687771753336996,36.0,135,78,0,4,0,normal
1,110.0,87,0.9397776786819789,0.9702209100524931,0.0,5.3,0.40816326530612246,17.289788979472522,24.0,98,40,0,2,0,normal
1,110.0,88,0.833137618394932,0.9566076884903355,0.025,5.06,0.975,20.19564633662273,29.0,80,78,2,4,0,normal
1,110.0,89,0.8514337942131476,0.9620302580757227,0.0,0.0,0.3389830508474576,18.874470345189067,29.0,59,20,0,1,0,normal
1,110.0,90,0.8603788134421656,0.9983885736129336,0.0,0.0,0.6779661016949152,13.216041636481965,6.0,59,40,0,2,0,normal
1,110.0,91,0.8816358873666745,0.9657385801229375,0.0,5.99,0.6551724137931034,15.00898794609374,25.0,58,38,0,2,0,normal
1,110.0,92,0.8565753631910867,0.9920437841641059,0.0,21.74,0.6896551724137931,20.59004738925693,4.0,58,40,0,2,0,normal
1,110.0,93,0.9083482468900013,1.0,0.0,16.48,0.0,15.0,24.0,19,0,0,0,0,normal
1,110.0,94,0.9388250306166506,0.955193173188688,0.0,23.55,0.5042016806722689,12.98572737281526,27.0,119,60,0,3,0,normal
1,110.0,95,0.910506552081651,0.9680621062345953,0.017857142857142856,12.78,0.9821428571428571,20.52794093431433,27.0,56,55,1,3,0,normal
1,110.0,96,0.9593664267328846,0.9497178221485189,0.0,5.3,0.5063291139240507,15.622167263389269,33.0,79,40,0,2,0,normal
1,110.0,97,0.8645244208077427,0.9675356020993587,0.012658227848101266,12.84,0.7341772151898734,16.82104462429709,21.0,79,58,1,3,0,normal
1,110.0,98,0.8362763529040029,1.0,0.0,15.95,0.3418803418803419,18.74981169969702,12.0,117,40,0,2,0,normal
1,110.0,99,0.8394043277094559,0.9649489910493018,0.05,23.32,0.45,19.686577462536903,24.0,40,18,2,1,0,normal
1,120.0,0,0.7294252839414674,0.9378991409241662,0.008403361344537815,0.0,0.9915966386554622,16.77451473146345,15.0,119,118,1,6,0,normal
1,120.0,1,0.7827838793705748,0.9842684845629565,0.009216589861751152,12.41,0.8110599078341014,15.475071057476502,17.0,217,176,2,9,0,normal
1,120.0,2,0.7341890750187369,0.9609159360591009,0.0,0.0,0.3389830508474576,16.701958340335004,7.0,59,20,0,1,0,normal
1,120.0,3,0.8368806760931424,0.9265991988713117,0.02456140350877193,5.37,0.8385964912280702,17.63896491741286,32.0,285,239,7,13,0,normal
1,120.0,4,0.8180578986600895,0.9924425208051648,0.010101010101010102,20.79,0.797979797979798,19.498008883561656,10.0,99,79,1,4,0,normal
1,120.0,5,0.8698744369063721,1.0,0.0,9.34,0.9523809523809523,10.374338330541924,6.0,42,40,0,2,0,normal
1,120.0,6,0.7283791968477867,0.9194928378934808,0.01680672268907563,8.28,0.8991596638655462,16.79084918629228,28.0,238,214,4,12,0,normal
1,120.0,7,0.9147686484388496,0.9250742467741798,0.013888888888888888,5.79,0.8009259259259259,18.93264664293017,32.0,216,173,3,9,0,normal
1,120.0,8,0.7960370593058748,0.9344658055610191,0.05263157894736842,0.0,0.6140350877192983,16.663298787109234,10.0,57,35,3,2,0,normal
1,120.0,9,0.8969093078354793,0.3004767771431705,0.8755364806866953,7.44,0.055793991416309016,33.79899115707843,18.0,233,13,204,11,1,blackhole
1,120.0,10,0.7973489786536412,0.9758625536218924,0.010526315789473684,18.48,0.4105263157894737,17.764181253603013,8.0,95,39,1,2,0,normal
1,120.0,11,0.8774231515879469,0.886607155007358,0.03676470588235294,20.54,0.6544117647058824,16.103582875453004,26.0,136,89,5,5,0,normal
1,120.0,12,0.8386945025773742,0.9764624971298252,0.012987012987012988,9.48,0.987012987012987,17.803527059288992,20.0,77,76,1,4,0,normal
1,120.0,13,0.7872872276639783,0.9733309774808016,0.0,0.0,1.0,20.904807562052486,11.0,19,19,0,1,0,normal
1,120.0,14,0.8500641409024439,0.9866168981019827,0.0,15.67,0.5918367346938775,12.689053425058082,23.0,98,58,0,3,0,normal
1,120.0,15,0.808261178957079,0.9666289583055512,0.0,9.81,0.975609756097561,22.13024389655349,10.0,41,40,0,2,0,normal
1,120.0,16,0.8364618932720289,0.9604885417285156,0.01020408163265306,6.65,0.7959183673469388,19.130900648328502,24.0,98,78,1,4,0,normal
1,120.0,17,0.9056917032964642,0.9551964933425058,0.050505050505050504,6.75,0.7575757575757576,17.897142223158863,18.0,99,75,5,4,0,normal
1,120.0,18,0.8958221799862897,0.9268064893949735,0.0379746835443038,10.92,0.8354430379746836,15.65408903318203,37.0,158,132,6,8,0,normal
1,120.0,19,0.9030524182129165,1.0,0.0,0.0,0.0,15.0,27.0,19,0,0,0,0,normal
1,120.0,20,0.8518920589801398,0.9383835753331959,0.0,0.0,0.8666666666666667,16.32840850516042,12.0,135,117,0,6,0,normal
1,120.0,21,0.8741407183615486,0.9843144322963195,0.017241379310344827,0.0,0.6724137931034483,15.962340862382248,14.0,116,78,2,4,0,normal
1,120.0,22,0.8462121487944568,0.9988701194478331,0.0,18.11,0.41,14.760708122545273,19.0,100,41,0,3,0,normal
1,120.0,23,0.907294540617078,0.9948211944776775,0.0,0.0,1.0,12.428814161795598,18.0,40,40,0,2,0,normal
1,120.0,24,0.8952610346299403,0.9832780592460869,0.0,16.37,0.0,15.0,6.0,19,0,0,0,0,normal
1,120.0,25,0.8936867223461941,0.9459188825486535,0.05,0.0,0.95,21.656178572929214,8.0,40,38,2,2,0,normal
1,120.0,26,0.9286333273504402,0.9814687221578136,0.021052631578947368,0.0,0.6105263157894737,16.00348254535152,18.0,95,58,2,3,0,normal
1,120.0,27,0.8124541792155698,0.888546836548276,0.020202020202020204,16.59,0.7828282828282829,14.813755699508526,29.0,198,155,4,9,0,normal
1,120.0,28,0.8243386646303703,1.0,0.0,5.42,0.0,15.0,10.0,19,0,0,0,0,normal
1,120.0,29,0.822090848919404,0.44296420785030954,0.725,7.87,0.025,36.43485647522693,19.0,80,2,58,3,1,blackhole
1,120.0,30,0.8331045902881447,0.944440203275447,0.0056179775280898875,0.0,0.7752808988764045,14.509036813758112,31.0,178,138,1,8,0,normal
1,120.0,31,0.920154946387477,0.9530142560292942,0.009900990099009901,0.0,0.7821782178217822,18.195827527612202,11.0,101,79,1,4,0,normal
1,120.0,32,0.8695475988862342,0.9553025818707811,0.02072538860103627,11.14,0.8808290155440415,14.967899131421682,27.0,193,170,4,9,0,normal
1,120.0,33,0.8073873687914909,1.0,0.0,7.88,1.0,15.0,15.0,0,0,0,0,0,normal
1,120.0,34,0.9176709453608997,0.9748340258457303,0.0,19.64,0.759493670886076,20.499439119738053,24.0,79,60,0,3,0,normal
1,120.0,35,0.8415520367447759,0.3484657662104529,0.8055555555555556,24.66,0.018518518518518517,37.21395582769114,25.0,216,4,174,9,1,blackhole
1,120.0,36,0.9066471531430023,0.9301782434687317,0.020618556701030927,5.58,0.8865979381443299,17.007915597410182,39.0,194,172,4,9,0,normal
1,120.0,37,0.8206326494717797,0.9746224435159381,0.0,11.23,1.0,14.723540156368651,18.0,60,60,0,3,0,normal
1,120.0,38,0.8267113551630245,0.9449232335529808,0.03821656050955414,18.94,0.7261146496815286,20.6711964794121,27.0,157,114,6,6,0,normal
1,120.0,39,0.8102790103956243,0.9664877921753616,0.0,17.24,0.6610169491525424,18.366099416950867,8.0,59,39,0,2,0,normal
1,120.0,40,0.8443897677047886,1.0,0.0,11.22,0.0,15.0,22.0,51,0,0,0,0,normal
1,120.0,41,0.9034634651190703,0.9579948052774614,0.008403361344537815,0.0,0.8319327731092437,22.27461957743241,30.0,119,99,1,5,0,normal
1,120.0,42,0.93670524153778,0.978528693214126,0.008333333333333333,9.88,0.9916666666666667,14.871636855417902,13.0,120,119,1,6,0,normal
1,120.0,43,0.8393255994881598,1.0,0.012345679012345678,0.0,0.48148148148148145,10.744750523404768,14.0,81,39,1,2,0,normal
1,120.0,44,0.8832475356092491,0.9539704865941723,0.04060913705583756,6.77,0.8578680203045685,15.091359789246411,17.0,197,169,8,9,0,normal
1,120.0,45,0.8993443604451762,0.9589856511088433,0.022388059701492536,7.28,0.4253731343283582,17.600634201916666,19.0,134,57,3,3,0,normal
1,120.0,46,0.8312906680804538,0.852985931611341,0.025,12.67,0.975,16.67921536452246,28.0,320,312,8,20,0,normal
1,120.0,47,0.9555186338181084,0.987261968275231,0.0125,9.84,0.975,17.3264410531756,31.0,80,78,1,4,0,normal
1,120.0,48,0.9315742628396435,0.9742035484681304,0.06666666666666667,7.36,0.6,23.96563118259519,20.0,60,36,4,2,0,normal
1,120.0,49,0.8442635763980646,0.9677995746627794,0.010526315789473684,11.95,0.6210526315789474,14.535387736095943,15.0,95,59,1,3,0,normal
1,120.0,50,0.8361464359448686,1.0,0.0,12.03,0.0,15.0,25.0,38,0,0,0,0,normal
1,120.0,51,0.9371340270848213,0.9143003302809688,0.045112781954887216,5.24,0.9548872180451128,17.583329141542947,39.0,133,127,6,7,0,normal
1,120.0,52,0.8787425647675239,1.0,0.0,22.43,0.2597402597402597,9.683277535142613,31.0,77,20,0,1,0,normal
1,120.0,53,0.9357748119421937,0.9868758786795399,0.0,12.77,0.6779661016949152,17.29051700000277,17.0,59,40,0,2,0,normal
1,120.0,54,0.9511821071133787,1.0,0.0,23.36,0.0,15.0,23.0,17,0,0,0,0,normal
1,120.0,55,0.8430174397047863,1.0,0.0,10.07,0.5194805194805194,16.425746135473727,27.0,77,40,0,2,0,normal
1,120.0,56,0.8341909590256398,0.947491577296352,0.023255813953488372,13.06,0.6093023255813953,15.886405531536683,25.0,215,131,5,7,0,normal
1,120.0,57,0.8351858312682973,1.0,0.0,0.0,0.7564102564102564,13.468554312124425,4.0,78,59,0,3,0,normal
1,120.0,58,0.875384266297955,0.9647744765654821,0.03333333333333333,12.72,0.9666666666666667,18.561969383408684,24.0,60,58,2,3,0,normal
1,120.0,59,0.8119073020329008,1.0,0.008695652173913044,9.47,0.3391304347826087,17.534170855399555,16.0,115,39,1,2,0,normal
1,120.0,60,0.8553970463284944,0.9506105593383265,0.05194805194805195,14.89,0.948051948051948,19.634916164119353,32.0,77,73,4,5,0,normal
1,120.0,61,0.8599079833581179,0.9585710049202376,0.0,5.71,0.5405405405405406,10.285163678256586,14.0,37,20,0,1,0,normal
1,120.0,62,0.8190544509524464,0.99461162450523,0.025,0.0,0.975,10.63142193600802,7.0,40,39,1,2,0,normal
1,120.0,63,0.8770878170413473,0.752614462917177,0.35714285714285715,0.0,0.0,42.16651350586438,25.0,56,0,20,1,1,blackhole
1,120.0,64,0.8832321982930453,0.9692707620395425,0.05263157894736842,5.5,0.47368421052631576,9.84801728786663,36.0,38,18,2,1,0,normal
1,120.0,65,0.9559732437736737,0.9436722637857088,0.014084507042253521,6.3,0.2676056338028169,11.014182598644664,28.0,71,19,1,1,0,normal
1,120.0,66,0.8542312274519024,1.0,0.0,0.0,1.0,14.833810413996863,11.0,20,20,0,1,0,normal
1,120.0,67,0.842999689065028,0.9736593497154593,0.0,13.37,0.0,15.0,21.0,20,0,0,0,0,normal
1,120.0,68,0.8346178972745524,0.962672510048797,0.01694915254237288,20.57,0.3220338983050847,13.74001442950829,29.0,59,19,1,1,0,normal
1,120.0,69,0.9119456303798227,0.9979836292784308,0.025,0.0,0.475,18.385947986750313,38.0,40,19,1,1,0,normal
1,120.0,70,0.8930297376524043,0.9546471220126544,0.0,18.71,0.6666666666666666,15.711680380513233,24.0,60,40,0,2,0,normal
1,120.0,71,0.8276155411401613,0.9115569137898898,0.01910828025477707,20.35,0.732484076433121,14.470613316124272,25.0,157,115,3,6,0,normal
1,120.0,72,0.9074095985147577,1.0,0.0,5.17,0.6779661016949152,17.69656929682383,11.0,59,40,0,2,0,normal
1,120.0,73,0.8832271222670685,0.9660992430323104,0.05,23.09,0.95,11.986173129254432,24.0,40,38,2,2,0,normal
1,120.0,74,0.8756630418835722,1.0,0.0,18.63,1.0,17.912056349891834,28.0,20,20,0,1,0,normal
1,120.0,75,0.8735130226048828,0.9876430843639714,0.03333333333333333,9.93,0.6333333333333333,22.26289266509992,29.0,60,38,2,2,0,normal
1,120.0,76,0.8470721480624827,1.0,0.0,9.16,1.0,21.498089158512883,11.0,40,40,0,2,0,normal
1,120.0,77,0.8956306431956945,0.9819755319430342,0.02531645569620253,14.9,0.4810126582278481,20.433237555237802,26.0,79,38,2,2,0,normal
1,120.0,78,0.8390708379608248,0.9865836246002219,0.0,20.83,0.3448275862068966,16.350449656756822,15.0,58,20,0,1,0,normal
1,120.0,79,0.8804427184048332,1.0,0.010416666666666666,20.04,0.375,12.152275957307438,23.0,96,36,1,2,0,normal
1,120.0,80,0.9382620818838593,0.9724891812025129,0.014705882352941176,6.24,0.4264705882352941,16.75012489430298,17.0,136,58,2,3,0,normal
1,120.0,81,0.9236342818777262,0.8986811221812048,0.05128205128205128,13.37,0.44871794871794873,20.86520699093803,31.0,78,35,4,2,0,normal
1,120.0,82,0.8303295307619294,1.0,0.0,6.05,1.0,22.797391631497103,14.0,20,20,0,1,0,normal
1,120.0,83,0.90881538782477,0.9370001475070352,0.0125,9.09,0.9875,15.036180306013145,29.0,80,79,1,4,0,normal
1,120.0,84,0.8430926737246616,0.950731211388401,0.0,22.45,0.0,15.0,13.0,17,0,0,0,0,normal
1,120.0,85,0.8729742030869443,0.9284450123392498,0.0,10.46,0.0,15.0,1.0,19,0,0,0,0,normal
1,120.0,86,0.8662779530255474,0.9752304246939201,0.008620689655172414,11.92,0.8448275862068966,17.963342948501378,23.0,116,98,1,5,0,normal
1,120.0,87,0.9369976786819789,1.0,0.0125,5.3,0.4875,10.058405184706375,22.0,80,39,1,2,0,normal
1,120.0,88,0.826477618394932,0.9752214495395265,0.012738853503184714,5.06,0.7388535031847133,16.107467587565093,25.0,157,116,2,6,0,normal
1,120.0,89,0.8510337942131476,1.0,0.0,20.99,0.0,15.0,29.0,20,0,0,0,0,normal
1,120.0,90,0.8583988134421656,1.0,0.0,22.66,0.3389830508474576,14.743533081470362,15.0,59,20,0,1,0,normal
1,120.0,91,0.8776558873666745,1.0,0.0,5.99,0.759493670886076,19.324170144517247,26.0,79,60,0,3,0,normal
1,120.0,92,0.8565153631910867,0.9552854574457638,0.0,21.74,0.0,15.0,11.0,3,0,0,0,0,normal
1,120.0,93,0.9067882468900013,0.9847799674062323,0.0,16.48,0.5263157894736842,20.853173453348752,25.0,38,20,0,1,0,normal
1,120.0,94,0.9360450306166506,1.0,0.016666666666666666,0.0,0.65,16.505776244960252,21.0,60,39,1,2,0,normal
1,120.0,95,0.908906552081651,1.0,0.0,12.78,0.5,17.569643516825007,27.0,40,20,0,1,0,normal
1,120.0,96,0.9538064267328846,1.0,0.0,5.3,0.6779661016949152,17.692178957518628,34.0,118,80,0,4,0,normal
1,120.0,97,0.8617244208077427,0.9775887194861377,0.0,12.84,0.6666666666666666,14.69069572814444,14.0,60,40,0,2,0,normal
1,120.0,98,0.8358963529040029,1.0,0.0,15.95,0.0,15.0,27.0,19,0,0,0,0,normal
1,120.0,99,0.8394043277094559,0.9826452709812572,0.0,23.32,1.0,15.0,10.0,0,0,0,0,0,normal
1,130.0,0,0.7223852839414675,0.9114850040630942,0.028985507246376812,16.91,0.9710144927536232,17.882567527537443,20.0,138,134,4,7,0,normal
1,130.0,1,0.7671038793705749,0.8747977426401025,0.031007751937984496,12.41,0.9224806201550387,17.266156625658848,33.0,387,357,12,20,0,normal
1,130.0,2,0.7326090750187368,1.0,0.0,6.19,0.5128205128205128,11.60735179508377,7.0,39,20,0,1,0,normal
1,130.0,3,0.8236806760931423,0.8517640299846208,0.006430868167202572,5.37,0.9935691318327974,17.97025368491846,41.0,311,309,2,16,0,normal
1,130.0,4,0.8173178986600895,0.9131462605282795,0.05263157894736842,0.0,0.9473684210526315,16.600829123203575,9.0,19,18,1,1,0,normal
1,130.0,5,0.8683144369063721,0.9985845819837489,0.02564102564102564,9.34,0.48717948717948717,9.028158617743722,9.0,39,19,1,1,0,normal
1,130.0,6,0.7097791968477868,0.8898585876708751,0.013392857142857142,8.28,0.9866071428571429,18.186621957110425,32.0,448,442,6,23,0,normal
1,130.0,7,0.9088886484388496,0.9612969046610929,0.02877697841726619,5.79,0.8273381294964028,15.46415750149088,36.0,139,115,4,7,0,normal
1,130.0,8,0.7924970593058747,0.9772801983695218,0.020202020202020204,8.69,0.3838383838383838,16.541226094823326,12.0,99,38,2,2,0,normal
1,130.0,9,0.8932893078354792,0.4616292865075745,0.6470588235294118,7.44,0.01680672268907563,35.99840055261057,13.0,119,2,77,4,1,blackhole
1,130.0,10,0.7925889786536411,0.9668086556234906,0.010101010101010102,0.0,0.797979797979798,17.376458737012804,9.0,99,79,1,4,0,normal
1,130.0,11,0.873163151587947,0.9629926498622021,0.025423728813559324,0.0,0.635593220338983,15.02677883963628,31.0,118,75,3,4,0,normal
1,130.0,12,0.8324345025773743,0.9988702185429226,0.017045454545454544,9.48,0.7784090909090909,15.381964716344617,12.0,176,137,3,7,0,normal
1,130.0,13,0.7852472276639783,1.0,0.0,19.08,0.6721311475409836,15.85174506938994,14.0,61,41,0,3,0,normal
1,130.0,14,0.8431041409024438,0.9559859915308043,0.0,15.67,1.0,20.062398808911205,36.0,154,154,0,8,0,normal
1,130.0,15,0.804761178957079,1.0,0.010416666666666666,0.0,0.40625,20.302297320412958,9.0,96,39,1,2,0,normal
1,130.0,16,0.8357618932720289,0.9567391305553808,0.0,6.65,0.0,15.0,30.0,35,0,0,0,0,normal
1,130.0,17,0.9014717032964642,0.9716260358961035,0.017241379310344827,6.75,0.8189655172413793,14.506251754168456,20.0,116,95,2,5,0,normal
1,130.0,18,0.8931621799862897,0.9614967930814954,0.010638297872340425,10.92,0.20212765957446807,19.59078113475317,33.0,94,19,1,1,0,normal
1,130.0,19,0.9026524182129165,1.0,0.0,8.96,0.0,15.0,33.0,20,0,0,0,0,normal
1,130.0,20,0.8511520589801398,0.977273063589412,0.05263157894736842,10.94,0.9473684210526315,16.187306627285704,13.0,19,18,1,1,0,normal
1,130.0,21,0.8662607183615486,0.9010104922928844,0.011299435028248588,0.0,0.8870056497175142,17.415961856239623,17.0,177,157,2,8,0,normal
1,130.0,22,0.8388321487944568,0.9320637361111852,0.011428571428571429,18.11,0.7657142857142857,18.06126431175614,34.0,175,134,2,7,0,normal
1,130.0,23,0.896754540617078,0.9902293456869521,0.0,23.78,0.8458498023715415,16.413440364453177,38.0,253,214,0,11,0,normal
1,130.0,24,0.8929010346299403,0.9104545430160162,0.05,0.0,0.95,17.771506395927418,3.0,40,38,2,2,0,normal
1,130.0,25,0.884646722346194,0.963486034286334,0.022935779816513763,14.48,0.8899082568807339,17.081231794068703,14.0,218,194,5,10,0,normal
1,130.0,26,0.9282333273504402,0.9969386746821594,0.0,21.59,0.0,15.0,23.0,20,0,0,0,0,normal
1,130.0,27,0.8069141792155698,1.0,0.0,0.0,0.6837606837606838,18.879754804128357,27.0,117,80,0,4,0,normal
1,130.0,28,0.8219386646303704,1.0,0.0,5.42,1.0,13.116510899854871,8.0,40,40,0,2,0,normal
1,130.0,29,0.8196908489194039,0.6281853293989976,0.5,7.87,0.0,42.17497478140194,19.0,80,0,40,2,1,blackhole
1,130.0,30,0.8162045902881446,0.9143481300926032,0.01643192488262911,17.06,0.9366197183098591,16.96072601880114,38.0,426,399,7,21,0,normal
1,130.0,31,0.917994946387477,0.9420022459526758,0.04054054054054054,13.32,0.4594594594594595,18.59513176152117,12.0,74,34,3,2,0,normal
1,130.0,32,0.8612875988862342,0.9693613366721782,0.01910828025477707,11.14,0.8662420382165605,16.66821652281602,38.0,157,136,3,7,0,normal
1,130.0,33,0.8050673687914909,1.0,0.0,7.88,0.6842105263157895,19.75704282851325,19.0,57,39,0,2,0,normal
1,130.0,34,0.9161109453608997,0.9593656948246383,0.017241379310344827,19.64,0.3448275862068966,15.863469953740523,11.0,58,20,1,2,0,normal
1,130.0,35,0.8395920367447758,0.6803448066923596,0.47368421052631576,0.0,0.02631578947368421,32.81972558349168,11.0,76,2,36,2,1,blackhole
1,130.0,36,0.9026671531430022,1.0,0.0,0.0,0.6060606060606061,19.843217787674597,38.0,99,60,0,3,0,normal
1,130.0,37,0.8146726494717798,1.0,0.016666666666666666,0.0,0.8166666666666667,18.44037281631288,17.0,120,98,2,5,0,normal
1,130.0,38,0.8243313551630245,0.9923410545078379,0.025,18.94,0.975,16.66738621091351,38.0,40,39,1,2,0,normal
1,130.0,39,0.8066790103956243,1.0,0.0,0.0,1.0,14.414064038628387,5.0,60,60,0,3,0,normal
1,130.0,40,0.8405097677047886,0.9679277574066296,0.017241379310344827,11.22,0.3275862068965517,20.395166189561472,37.0,116,38,2,2,0,normal
1,130.0,41,0.9015034651190703,0.9588642197458703,0.0,9.66,0.3448275862068966,18.941379524878375,39.0,58,20,0,1,0,normal
1,130.0,42,0.93550524153778,1.0,0.0,9.88,1.0,15.712542294337581,11.0,20,20,0,1,0,normal
1,130.0,43,0.8357455994881597,0.965456896130993,0.016666666666666666,20.18,0.9833333333333333,19.53419183021248,11.0,60,59,1,3,0,normal
1,130.0,44,0.8789075356092491,0.9168680024357048,0.010101010101010102,6.77,0.98989898989899,17.09616665652323,14.0,99,98,1,5,0,normal
1,130.0,45,0.8890443604451762,0.8772703339735007,0.027888446215139442,7.28,0.9721115537848606,15.265790289472335,20.0,251,244,7,14,0,normal
1,130.0,46,0.8270506680804538,0.9129688555711601,0.014598540145985401,12.67,0.5474452554744526,12.261019761379165,38.0,137,75,2,4,0,normal
1,130.0,47,0.9511586338181085,1.0,0.010101010101010102,9.84,0.5959595959595959,17.024039341401803,36.0,99,59,1,3,0,normal
1,130.0,48,0.9295742628396435,0.9816342037622692,0.0,7.36,1.0,19.032070038938052,20.0,40,40,0,2,0,normal
1,130.0,49,0.8438635763980645,0.9640156696070646,0.0,0.0,0.0,15.0,9.0,20,0,0,0,0,normal
1,130.0,50,0.8309664359448686,0.999955176796142,0.01,12.03,0.79,16.900514348248798,38.0,100,79,1,4,0,normal
1,130.0,51,0.9343540270848213,0.9208891038889941,0.04838709677419355,5.24,0.9193548387096774,16.463533918307736,38.0,62,57,3,3,0,normal
1,130.0,52,0.8710425647675238,0.9243090314470879,0.0049504950495049506,22.43,0.5099009900990099,19.411067762345862,33.0,202,103,1,8,0,normal
1,130.0,53,0.9315148119421937,0.9467673921568368,0.008620689655172414,12.77,0.6637931034482759,19.95100241166903,16.0,116,77,1,4,0,normal
1,130.0,54,0.9471821071133787,0.9469794994087033,0.0,0.0,0.6,14.924227974868897,14.0,100,60,0,3,0,normal
1,130.0,55,0.8394374397047863,0.9586850290617253,0.0125,10.07,0.7375,15.186077948664634,19.0,80,59,1,3,0,normal
1,130.0,56,0.8298709590256398,0.993608313192631,0.030303030303030304,13.06,0.5757575757575758,15.265953183655439,28.0,99,57,3,3,0,normal
1,130.0,57,0.8328258312682972,1.0,0.0,13.38,0.2564102564102564,24.36877540184021,6.0,78,20,0,1,0,normal
1,130.0,58,0.873824266297955,1.0,0.0,12.72,0.5263157894736842,19.99737985053993,20.0,38,20,0,1,0,normal
1,130.0,59,0.810027302032901,0.9785753846607775,0.0,9.47,0.37037037037037035,18.88830593859113,10.0,54,20,0,1,0,normal
1,130.0,60,0.8525970463284944,1.0,0.012345679012345678,0.0,0.48148148148148145,11.293727869657879,38.0,81,39,1,2,0,normal
1,130.0,61,0.8572079833581179,0.968460079849138,0.017241379310344827,5.71,0.9827586206896551,17.562308990874417,11.0,58,57,1,3,0,normal
1,130.0,62,0.8158744509524464,0.988237695083575,0.0125,23.36,0.4875,19.311694736956426,11.0,80,39,1,2,0,normal
1,130.0,63,0.8734478170413472,0.5526661529445687,0.5474452554744526,17.66,0.0364963503649635,37.63384238007367,13.0,137,5,75,4,1,blackhole
1,130.0,64,0.8804521982930453,0.9776510258398974,0.0,5.5,0.6779661016949152,15.998178509659265,39.0,59,40,0,2,0,normal
1,130.0,65,0.9551332437736736,1.0,0.0,6.3,0.024390243902439025,19.098555006164787,28.0,41,1,0,1,0,normal
1,130.0,66,0.8542312274519024,1.0,0.0,19.34,1.0,15.0,14.0,0,0,0,0,0,normal
1,130.0,67,0.842639689065028,1.0,0.0,13.37,0.0,15.0,14.0,18,0,0,0,0,normal
1,130.0,68,0.8338578972745524,0.9617340338630356,0.0,20.57,1.0,16.062183387737708,17.0,19,19,0,1,0,normal
1,130.0,69,0.9095456303798226,0.9859303544527104,0.0,16.4,0.25,13.685402123848572,36.0,80,20,0,1,0,normal
1,130.0,70,0.8890897376524044,0.9389192503715416,0.02531645569620253,18.71,0.7341772151898734,12.773089397863655,22.0,79,58,2,3,0,normal
1,130.0,71,0.8244955411401613,1.0,0.012987012987012988,20.35,0.5064935064935064,13.186814192488693,36.0,77,39,1,2,0,normal
1,130.0,72,0.9042095985147577,1.0,0.0,5.17,0.5,14.853064695191518,8.0,80,40,0,2,0,normal
1,130.0,73,0.8832271222670685,0.9998166136344903,0.0,23.09,1.0,15.0,38.0,0,0,0,0,0,normal
1,130.0,74,0.8752630418835722,1.0,0.0,18.63,0.0,15.0,41.0,20,0,0,0,0,normal
1,130.0,75,0.8735130226048828,1.0,0.0,0.0,1.0,15.0,31.0,0,0,0,0,0,normal
1,130.0,76,0.8443321480624827,0.9511941751363441,0.0,0.0,0.20618556701030927,19.24481218483978,8.0,97,20,0,1,0,normal
1,130.0,77,0.8926306431956945,0.8820877709274126,0.05263157894736842,14.9,0.7105263157894737,13.663892088960347,15.0,76,54,4,3,0,normal
1,130.0,78,0.8359908379608249,1.0,0.013333333333333334,0.0,0.52,19.83659774598203,8.0,75,39,1,2,0,normal
1,130.0,79,0.8788427184048332,0.9951150344520633,0.0,20.04,0.5,17.455622069411923,38.0,40,20,0,1,0,normal
1,130.0,80,0.9363220818838593,1.0,0.017241379310344827,6.24,0.3275862068965517,8.581787573933232,13.0,58,19,1,1,0,normal
1,130.0,81,0.9193542818777262,0.9967000326638122,0.008547008547008548,13.37,0.8290598290598291,18.03349979577494,38.0,117,97,1,5,0,normal
1,130.0,82,0.8283895307619294,0.9615248310810224,0.0,6.05,0.3508771929824561,14.460570901175343,10.0,57,20,0,1,0,normal
1,130.0,83,0.90645538782477,0.960887679160278,0.0,9.09,0.6610169491525424,14.119378763202253,28.0,59,39,0,2,0,normal
1,130.0,84,0.8403126737246616,1.0,0.0,0.0,0.6779661016949152,15.736381805570332,10.0,59,40,0,2,0,normal
1,130.0,85,0.8705542030869443,0.9645703141321835,0.0,0.0,0.24691358024691357,10.491646955365178,3.0,81,20,0,1,0,normal
1,130.0,86,0.8603579530255474,0.9954805300241394,0.01694915254237288,11.92,0.8305084745762712,18.63087122070447,14.0,118,98,2,5,0,normal
1,130.0,87,0.928497678681979,0.9563275904776268,0.02336448598130841,5.3,0.8925233644859814,14.857731344527263,22.0,214,191,5,10,0,normal
1,130.0,88,0.8218376183949319,0.9766194385544598,0.0,5.06,0.5064935064935064,15.722007693600492,16.0,154,78,0,4,0,normal
1,130.0,89,0.8474937942131475,0.9975081264143574,0.02531645569620253,20.99,0.7341772151898734,19.519439230695962,19.0,79,58,2,3,0,normal
1,130.0,90,0.8560388134421656,0.9697652466104983,0.0,22.66,0.2564102564102564,20.122498675907856,32.0,78,20,0,1,0,normal
1,130.0,91,0.8740958873666745,0.9364874953848049,0.03333333333333333,5.99,0.9666666666666667,11.06374895258572,29.0,60,58,2,3,0,normal
1,130.0,92,0.8545753631910867,1.0,0.0,21.74,0.3508771929824561,11.681010364986411,12.0,57,20,0,1,0,normal
1,130.0,93,0.9009082468900013,0.9936742387676345,0.0,0.0,0.5970149253731343,14.6981298879005,26.0,134,80,0,4,0,normal
1,130.0,94,0.9360450306166506,0.9559567871096368,0.0,24.56,1.0,15.0,36.0,0,0,0,0,0,normal
1,130.0,95,0.907326552081651,0.95483536414414,0.0,12.78,0.5128205128205128,15.997593347076826,39.0,39,20,0,1,0,normal
1,130.0,96,0.9515464267328847,0.9324728187440565,0.05263157894736842,5.3,0.631578947368421,19.256426924904545,38.0,57,36,3,2,0,normal
1,130.0,97,0.8589844208077426,0.9089183135829708,0.03389830508474576,0.0,0.6440677966101694,15.463729280582957,9.0,59,38,2,2,0,normal
1,130.0,98,0.8354563529040029,0.9372872050798715,0.0,15.95,0.0,15.0,41.0,22,0,0,0,0,normal
1,130.0,99,0.837864327709456,0.9633067965844605,0.05128205128205128,0.0,0.46153846153846156,20.884154679209885,12.0,39,18,2,1,0,normal
1,140.0,0,0.7107252839414675,0.9312055236003665,0.010238907849829351,16.91,0.9897610921501706,18.028613745146696,28.0,293,290,3,16,0,normal
1,140.0,1,0.7585238793705749,0.9582847961914075,0.018604651162790697,12.41,0.8093023255813954,13.947818020451214,30.0,215,174,4,9,0,normal
1,140.0,2,0.7293690750187368,0.97925583003445,0.0,6.19,1.0,20.20868159927509,12.0,61,61,0,4,0,normal
1,140.0,3,0.8164006760931424,0.9151003712604779,0.02617801047120419,5.37,0.6963350785340314,13.439455992298424,32.0,191,133,5,7,0,normal
1,140.0,4,0.8065578986600894,0.9083720808994661,0.022900763358778626,19.37,0.9007633587786259,17.82067324818616,18.0,262,236,6,15,0,normal
1,140.0,5,0.8647544369063721,0.9921888991404635,0.0,9.34,0.3389830508474576,22.022469067519197,14.0,118,40,0,2,0,normal
1,140.0,6,0.6985791968477868,0.9486630523205699,0.027210884353741496,8.28,0.9047619047619048,18.174235515759282,25.0,294,266,8,15,0,normal
1,140.0,7,0.8882686484388497,0.8975094372658743,0.021526418786692758,5.79,0.9001956947162426,16.032902784929238,33.0,511,460,11,25,0,normal
1,140.0,8,0.7900570593058747,0.974911947945759,0.0,8.69,0.9523809523809523,19.685368740733747,13.0,42,40,0,2,0,normal
1,140.0,9,0.8900093078354793,0.4545054368010997,0.7551020408163265,7.44,0.061224489795918366,33.248600906029395,13.0,98,6,74,4,1,blackhole
1,140.0,10,0.7830289786536412,0.9595740195644364,0.01,5.44,0.89,17.308698690489567,10.0,200,178,2,9,0,normal
1,140.0,11,0.870503151587947,1.0,0.0,17.25,0.527027027027027,13.842389263758484,22.0,74,39,0,2,0,normal
1,140.0,12,0.8285145025773742,1.0,0.0,9.48,0.6082474226804123,18.799534355528426,13.0,97,59,0,3,0,normal
1,140.0,13,0.7848872276639782,0.980625074241487,0.0,19.08,0.0,15.0,16.0,18,0,0,0,0,normal
1,140.0,14,0.8312841409024438,0.8843333829074508,0.022653721682847898,15.67,0.8478964401294499,16.750793560046922,39.0,309,262,7,15,0,normal
1,140.0,15,0.800001178957079,0.9180081980090167,0.025,19.45,0.975,17.02365504024232,13.0,80,78,2,4,0,normal
1,140.0,16,0.8313218932720289,0.9522701784372133,0.0,6.65,0.9803921568627451,20.291393625017832,33.0,102,100,0,5,0,normal
1,140.0,17,0.9011317032964643,0.9765582015874421,0.0,6.75,0.0,15.0,27.0,17,0,0,0,0,normal
1,140.0,18,0.8864021799862897,0.9325022337139837,0.0125,10.92,0.8625,14.661692077112448,20.0,160,138,2,7,0,normal
1,140.0,19,0.8982924182129165,0.9278272154485286,0.01694915254237288,8.96,0.5084745762711864,12.621478493838023,32.0,118,60,2,5,0,normal
1,140.0,20,0.8476320589801397,0.9973000818983715,0.0,10.94,0.4166666666666667,22.18283271912823,17.0,96,40,0,2,0,normal
1,140.0,21,0.8587807183615487,0.9665115146886555,0.025157232704402517,21.41,0.8490566037735849,16.92336817861252,23.0,159,135,4,7,0,normal
1,140.0,22,0.8354321487944568,0.9731501385747106,0.008771929824561403,18.11,0.49122807017543857,15.083178962620197,33.0,114,56,1,3,0,normal
1,140.0,23,0.892834540617078,0.9843610845132678,0.0,23.78,0.6082474226804123,23.376340213600702,27.0,97,59,0,3,0,normal
1,140.0,24,0.8913610346299403,0.9928293210432718,0.0,6.65,0.5405405405405406,19.498772341684468,4.0,37,20,0,1,0,normal
1,140.0,25,0.872586722346194,0.93049586829235,0.003424657534246575,14.48,0.928082191780822,18.720546091824207,22.0,292,271,1,15,0,normal
1,140.0,26,0.9270333273504402,1.0,0.0,21.59,1.0,11.769746219606347,21.0,20,20,0,1,0,normal
1,140.0,27,0.8045741792155698,0.9987443685865054,0.0,15.59,0.2597402597402597,12.162413587908427,39.0,77,20,0,1,0,normal
1,140.0,28,0.8191586646303703,0.9200945330177486,0.016666666666666666,0.0,0.65,19.051709403184294,11.0,60,39,1,2,0,normal
1,140.0,29,0.816890848919404,0.5411804176140738,0.5684210526315789,7.87,0.05263157894736842,37.78407118720471,25.0,95,5,54,3,1,blackhole
1,140.0,30,0.8142445902881447,0.9731597640985937,0.0,17.06,0.6896551724137931,17.892729679941294,25.0,58,40,0,2,0,normal
1,140.0,31,0.908294946387477,0.9351948529972608,0.014018691588785047,13.32,0.985981308411215,19.094314765156458,20.0,214,211,3,12,0,normal
1,140.0,32,0.8573675988862343,0.9376411095891466,0.020202020202020204,11.14,0.7777777777777778,22.09108049045971,35.0,99,77,2,5,0,normal
1,140.0,33,0.8011673687914909,0.9889390328566938,0.0,7.88,0.5979381443298969,23.059311537792265,23.0,97,58,0,3,0,normal
1,140.0,34,0.9125309453608996,1.0,0.016666666666666666,0.0,0.9833333333333333,19.389706568686012,3.0,60,59,1,3,0,normal
1,140.0,35,0.8363520367447758,0.26966073892743625,0.975,9.52,0.025,36.06828482348506,9.0,80,2,78,4,1,blackhole
1,140.0,36,0.9010871531430023,1.0,0.0,13.62,0.5128205128205128,24.098989421711302,33.0,39,20,0,1,0,normal
1,140.0,37,0.8118726494717797,1.0,0.0,0.0,0.6666666666666666,22.038161008384137,8.0,60,40,0,2,0,normal
1,140.0,38,0.8187913551630245,0.91784067397239,0.01680672268907563,18.94,0.8235294117647058,19.524458617170787,35.0,119,98,2,5,0,normal
1,140.0,39,0.8050790103956244,0.9856486988049399,0.0,6.05,0.3333333333333333,25.188359111714103,6.0,60,20,0,1,0,normal
1,140.0,40,0.8358897677047885,0.9511717426326304,0.014814814814814815,11.22,0.7111111111111111,18.1845707723293,35.0,135,96,2,5,0,normal
1,140.0,41,0.8991034651190704,0.9923085766899792,0.0,9.66,1.0,15.384687064288283,36.0,40,40,0,2,0,normal
1,140.0,42,0.93272524153778,1.0,0.03278688524590164,0.0,0.6229508196721312,15.961117502441923,10.0,61,38,2,2,0,normal
1,140.0,43,0.8350455994881598,1.0,0.0,20.18,0.0,15.0,9.0,35,0,0,0,0,normal
1,140.0,44,0.869907535609249,0.91340450962929,0.00425531914893617,6.77,0.8297872340425532,15.416166317286207,14.0,235,195,1,11,0,normal
1,140.0,45,0.8820643604451762,1.0,0.015463917525773196,7.28,0.6958762886597938,17.153886108867773,21.0,194,135,3,7,0,normal
1,140.0,46,0.8224106680804538,0.9166091991682042,0.029197080291970802,12.67,0.6934306569343066,15.834842857941727,38.0,137,95,4,5,0,normal
1,140.0,47,0.9492186338181084,0.9747830903400558,0.017241379310344827,9.84,0.3275862068965517,18.113823820778283,35.0,58,19,1,1,0,normal
1,140.0,48,0.9261542628396434,1.0,0.0,7.36,0.7764705882352941,15.75352013397702,24.0,85,66,0,5,0,normal
1,140.0,49,0.8422835763980646,0.9591381489781169,0.025,22.15,0.475,16.468551123330165,8.0,40,19,1,1,0,normal
1,140.0,50,0.8282064359448686,1.0,0.010101010101010102,12.03,0.1919191919191919,22.34771102718686,36.0,99,19,1,1,0,normal
1,140.0,51,0.9312940270848212,0.9876200587316816,0.012987012987012988,5.24,0.7272727272727273,13.65874235565204,33.0,77,56,1,3,0,normal
1,140.0,52,0.8678625647675239,0.9875307017527749,0.012345679012345678,0.0,0.7160493827160493,15.044171524414438,17.0,81,58,1,3,0,normal
1,140.0,53,0.9311348119421937,0.9929651349449943,0.0,12.77,0.0,15.0,21.0,19,0,0,0,0,normal
1,140.0,54,0.9436821071133787,0.9637141417949743,0.030303030303030304,18.03,0.5656565656565656,13.240514428892268,26.0,99,56,3,3,0,normal
1,140.0,55,0.8346374397047863,0.9873943808827224,0.0,0.0,1.0,22.754856844080894,5.0,80,80,0,4,0,normal
1,140.0,56,0.8254909590256397,0.9717567580778308,0.01,13.06,0.59,13.57060696992198,25.0,100,59,1,3,0,normal
1,140.0,57,0.8302458312682973,0.9432982387213409,0.031914893617021274,13.38,0.3723404255319149,17.276458990927484,21.0,94,35,3,2,0,normal
1,140.0,58,0.871084266297955,1.0,0.0,0.0,0.20618556701030927,18.415236829947197,12.0,97,20,0,1,0,normal
1,140.0,59,0.8048673020329009,0.9495063653795975,0.02,0.0,0.78,16.16153909228401,10.0,100,78,2,4,0,normal
1,140.0,60,0.8495570463284945,0.9493857013071964,0.020618556701030927,12.18,0.5670103092783505,16.99868370787522,31.0,97,55,2,3,0,normal
1,140.0,61,0.8549879833581179,0.9582506158816182,0.013513513513513514,0.0,0.5,21.0589866356166,10.0,74,37,1,2,0,normal
1,140.0,62,0.8155344509524464,1.0,0.0,23.36,0.0,15.0,13.0,17,0,0,0,0,normal
1,140.0,63,0.8701478170413472,0.43199906963640594,0.7474747474747475,0.0,0.06060606060606061,38.402640873572295,13.0,99,6,74,4,1,blackhole
1,140.0,64,0.8796921982930453,0.9689540634178807,0.0,0.0,0.0,15.0,35.0,38,0,0,0,0,normal
1,140.0,65,0.9527732437736736,0.9433121765682244,0.01694915254237288,6.3,0.6610169491525424,14.452033799739088,21.0,59,39,1,2,0,normal
1,140.0,66,0.8467712274519024,0.9634174829504297,0.016853932584269662,19.34,0.7584269662921348,18.36820480506588,21.0,178,135,3,7,0,normal
1,140.0,67,0.842279689065028,0.9833178626284665,0.0,13.37,0.0,15.0,18.0,18,0,0,0,0,normal
1,140.0,68,0.8326578972745524,1.0,0.0,0.0,1.0,23.62710496961628,12.0,20,20,0,1,0,normal
1,140.0,69,0.9024456303798226,0.9307541798206729,0.041666666666666664,16.4,0.9583333333333334,14.945831671314837,18.0,120,115,5,6,0,normal
1,140.0,70,0.8859897376524044,0.9732825849073515,0.025974025974025976,0.0,0.4935064935064935,16.857380780128004,17.0,77,38,2,2,0,normal
1,140.0,71,0.8194355411401613,0.9599068226915207,0.041237113402061855,0.0,0.7835051546391752,15.486993747113324,35.0,97,76,4,4,0,normal
1,140.0,72,0.9026295985147577,0.966114994210576,0.025,5.17,0.475,23.121547878676882,8.0,40,19,1,1,0,normal
1,140.0,73,0.8812471222670685,0.9751224581672917,0.0,23.09,0.3389830508474576,9.613726742754453,17.0,59,20,0,1,0,normal
1,140.0,74,0.8721830418835722,0.9712794905518407,0.0,18.63,0.7402597402597403,19.075416644069993,36.0,77,57,0,3,0,normal
1,140.0,75,0.8656330226048828,0.9502316871912115,0.0,19.18,0.8870056497175142,17.81430914469145,33.0,177,157,0,8,0,normal
1,140.0,76,0.8443321480624827,0.9970453680816307,0.0,10.46,1.0,15.0,8.0,0,0,0,0,0,normal
1,140.0,77,0.8906506431956945,1.0,0.0,14.9,0.3389830508474576,12.80562314837436,12.0,59,20,0,1,0,normal
1,140.0,78,0.8336308379608248,0.8967707679234438,0.05,13.99,0.95,11.256620405516767,11.0,40,38,2,2,0,normal
1,140.0,79,0.8764427184048332,0.9993977800624103,0.0,20.04,1.0,19.321539226561747,35.0,40,40,0,2,0,normal
1,140.0,80,0.9331820818838593,1.0,0.01282051282051282,6.24,0.5,18.708740935491683,9.0,78,39,1,2,0,normal
1,140.0,81,0.9087742818777262,0.9569509650787728,0.02109704641350211,13.37,0.8945147679324894,16.04098424797192,24.0,237,212,5,11,0,normal
1,140.0,82,0.8268495307619295,0.9548946525368637,0.02631578947368421,6.05,0.5,25.327178921644652,8.0,38,19,1,1,0,normal
1,140.0,83,0.9044953878247699,1.0,0.0,9.09,0.6610169491525424,23.04835014242976,19.0,59,39,0,2,0,normal
1,140.0,84,0.8396126737246615,0.9886530520536252,0.0,23.46,0.0,15.0,17.0,35,0,0,0,0,normal
1,140.0,85,0.8701742030869443,1.0,0.0,16.12,0.0,15.0,7.0,19,0,0,0,0,normal
1,140.0,86,0.8583379530255475,1.0,0.0,11.92,0.32786885245901637,12.216864535077292,7.0,61,20,0,1,0,normal
1,140.0,87,0.921277678681979,0.966994229450243,0.016483516483516484,5.3,0.8736263736263736,16.180681625065148,22.0,182,159,3,10,0,normal
1,140.0,88,0.820597618394932,0.9418878577595174,0.043478260869565216,5.06,0.8260869565217391,10.938602736913413,18.0,23,19,1,1,0,normal
1,140.0,89,0.8439137942131476,1.0,0.0,0.0,0.40404040404040403,18.658182911766506,16.0,99,40,0,2,0,normal
1,140.0,90,0.8544388134421655,1.0,0.0,22.66,0.5,24.264552885186745,39.0,40,20,0,1,0,normal
1,140.0,91,0.8709158873666745,1.0,0.0,5.99,0.40404040404040403,21.570075760137293,36.0,99,40,0,2,0,normal
1,140.0,92,0.8509553631910867,0.9613717223029064,0.0,0.0,0.7195121951219512,14.574927786863434,15.0,82,59,0,3,0,normal
1,140.0,93,0.8961882468900013,0.9648494252323729,0.0,13.93,0.5172413793103449,21.610387287051903,32.0,116,60,0,3,0,normal
1,140.0,94,0.9348850306166505,0.9362172582813366,0.1,24.56,0.9,14.480091210083783,39.0,20,18,2,1,0,normal
1,140.0,95,0.9058065520816511,1.0,0.0,12.78,1.0,19.154030645075053,38.0,38,38,0,2,0,normal
1,140.0,96,0.9511664267328847,1.0,0.0,5.3,0.0,15.0,34.0,19,0,0,0,0,normal
1,140.0,97,0.8574244208077427,1.0,0.0,13.2,0.5263157894736842,12.36583186495059,23.0,38,20,0,1,0,normal
1,140.0,98,0.8319363529040029,0.9342570175130418,0.01282051282051282,0.0,0.7435897435897436,17.927136893123436,34.0,78,58,1,3,0,normal
1,140.0,99,0.837864327709456,0.993769018405724,0.0,7.15,1.0,15.0,13.0,0,0,0,0,0,normal
1,150.0,0,0.6906052839414675,0.9024128464683098,0.01968503937007874,16.91,0.9409448818897638,16.234932088040257,27.0,508,478,10,25,0,normal
1,150.0,1,0.7452838793705748,0.9161916357272613,0.017045454545454544,0.0,0.7670454545454546,15.66522440614783,30.0,352,270,6,15,0,normal
1,150.0,2,0.7220490750187368,0.9267071254105921,0.0,6.19,0.8953488372093024,14.57357540146366,14.0,172,154,0,8,0,normal
1,150.0,3,0.8056206760931424,0.9612344399220414,0.02766798418972332,0.0,0.8142292490118577,16.7641820935387,26.0,253,206,7,11,0,normal
1,150.0,4,0.7984378986600895,0.9448948398550623,0.018604651162790697,19.37,0.8883720930232558,16.200604435085992,16.0,215,191,4,12,0,normal
1,150.0,5,0.8543144369063721,0.9437928437781685,0.014814814814814815,9.34,0.7111111111111111,14.416446427442065,25.0,270,192,4,10,0,normal
1,150.0,6,0.6887591968477867,0.9251034386085281,0.02100840336134454,0.0,0.9789915966386554,15.928863403062437,24.0,238,233,5,12,0,normal
1,150.0,7,0.8702086484388496,0.8616205961248941,0.015765765765765764,5.79,0.9436936936936937,15.946471102609452,24.0,444,419,7,22,0,normal
1,150.0,8,0.7876570593058747,0.9838520276296555,0.0,8.69,1.0,21.421693712378566,14.0,40,40,0,2,0,normal
1,150.0,9,0.8879693078354792,0.6212712182332366,0.46835443037974683,7.44,0.0379746835443038,36.641064344822,17.0,79,3,37,2,1,blackhole
1,150.0,10,0.7814289786536411,1.0,0.0,5.44,0.5,12.684282938487035,13.0,40,20,0,1,0,normal
1,150.0,11,0.867703151587947,1.0,0.0,17.25,0.6666666666666666,14.331573957811806,12.0,60,40,0,2,0,normal
1,150.0,12,0.8190345025773742,0.9608058816131322,0.0,9.48,0.8312236286919831,15.821692262117404,12.0,237,197,0,10,0,normal
1,150.0,13,0.7794272276639783,0.9580211439977662,0.025423728813559324,19.08,0.9745762711864406,20.62423211633492,27.0,118,115,3,6,0,normal
1,150.0,14,0.8304841409024438,0.994694014914962,0.0,15.67,1.0,10.453529403781099,25.0,20,20,0,1,0,normal
1,150.0,15,0.7999611789570791,0.9779676014756425,0.0,19.45,0.0,15.0,24.0,2,0,0,0,0,normal
1,150.0,16,0.8174218932720289,0.9469755392839568,0.015151515151515152,6.65,0.9848484848484849,19.059556199678,30.0,330,325,5,18,0,normal
1,150.0,17,0.8999517032964642,0.9846608881651795,0.025,6.75,0.475,10.560075833201365,29.0,40,19,1,1,0,normal
1,150.0,18,0.8840421799862896,0.9777077719456131,0.01694915254237288,10.92,0.6610169491525424,14.155007936495029,12.0,59,39,1,2,0,normal
1,150.0,19,0.8963524182129166,1.0,0.0,8.96,0.6724137931034483,19.480338349544418,24.0,58,39,0,3,0,normal
1,150.0,20,0.8379720589801397,0.9427197271997979,0.023622047244094488,10.94,0.8228346456692913,17.856258048341367,22.0,254,209,6,11,0,normal
1,150.0,21,0.8552207183615487,1.0,0.012658227848101266,21.41,0.7468354430379747,18.4765828003549,30.0,79,59,1,3,0,normal
1,150.0,22,0.8265521487944568,0.9472401554976502,0.03076923076923077,18.11,0.9692307692307692,16.48320014262285,23.0,195,189,6,10,0,normal
1,150.0,23,0.8916745406170781,0.9136786396028715,0.1,23.78,0.9,15.374229322850592,16.0,20,18,2,1,0,normal
1,150.0,24,0.8842210346299403,1.0,0.0,6.65,0.6369426751592356,14.39266834239677,6.0,157,100,0,5,0,normal
1,150.0,25,0.869806722346194,1.0,0.0,14.48,0.6779661016949152,13.558989541771908,24.0,59,40,0,2,0,normal
1,150.0,26,0.9224133273504402,0.9790627158864247,0.0,21.59,0.7111111111111111,16.859061974156734,17.0,135,96,0,5,0,normal
1,150.0,27,0.7975341792155698,0.9884316861568432,0.011299435028248588,15.59,0.8757062146892656,17.356634109265084,24.0,177,155,2,8,0,normal
1,150.0,28,0.8163986646303704,1.0,0.0,10.08,0.6896551724137931,24.39913044568202,13.0,58,40,0,2,0,normal
1,150.0,29,0.816090848919404,0.25817149853694005,1.0,7.87,0.0,28.698807465321405,24.0,20,0,20,1,1,blackhole
1,150.0,30,0.8130845902881446,0.998927146176831,0.0,0.0,0.0,15.0,9.0,58,0,0,0,0,normal
1,150.0,31,0.901154946387477,1.0,0.0,13.32,0.7909604519774012,15.297755367099986,24.0,177,140,0,7,0,normal
1,150.0,32,0.8542675988862343,0.9850479412853637,0.012987012987012988,11.14,0.7532467532467533,19.747474156522458,25.0,77,58,1,3,0,normal
1,150.0,33,0.7992473687914908,0.9477416688495758,0.034482758620689655,0.0,0.6551724137931034,20.02983852993907,21.0,58,38,2,2,0,normal
1,150.0,34,0.9085709453608997,0.9400433436835305,0.0,20.36,0.7692307692307693,20.25478644944461,6.0,78,60,0,3,0,normal
1,150.0,35,0.8335720367447758,0.7541180105472146,0.3130434782608696,9.52,0.034782608695652174,35.63974932283524,8.0,115,4,36,2,1,blackhole
1,150.0,36,0.8983071531430022,0.9698311838118189,0.0,13.62,0.20202020202020202,10.40507033141296,26.0,99,20,0,1,0,normal
1,150.0,37,0.8078926494717797,0.9689200206678132,0.0,24.15,0.759493670886076,18.52426468773601,13.0,79,60,0,3,0,normal
1,150.0,38,0.8140513551630245,0.9748924652538754,0.0,0.0,0.5128205128205128,18.380938729037894,21.0,117,60,0,3,0,normal
1,150.0,39,0.8050790103956244,1.0,0.0,6.05,1.0,15.0,11.0,0,0,0,0,0,normal
1,150.0,40,0.8312297677047885,0.9531830301592039,0.017241379310344827,11.22,0.8362068965517241,14.487552054222215,26.0,116,97,2,5,0,normal
1,150.0,41,0.8979034651190703,1.0,0.0,9.66,1.0,12.002971883059042,29.0,20,20,0,1,0,normal
1,150.0,42,0.93032524153778,1.0,0.0,16.21,1.0,18.64257970733638,16.0,40,40,0,2,0,normal
1,150.0,43,0.8350255994881598,1.0,0.0,0.0,0.0,15.0,9.0,1,0,0,0,0,normal
1,150.0,44,0.861327535609249,0.9516363999343685,0.011494252873563218,6.77,0.8908045977011494,18.425158892510925,13.0,174,155,2,8,0,normal
1,150.0,45,0.8797043604451762,0.9756952016821121,0.01694915254237288,7.28,0.6610169491525424,13.095210910840478,25.0,59,39,1,2,0,normal
1,150.0,46,0.8119706680804538,0.9040701284551259,0.027777777777777776,12.67,0.8333333333333334,17.458583103190573,26.0,252,210,7,11,0,normal
1,150.0,47,0.9468386338181085,0.9887780785021708,0.025,9.84,0.975,13.074734061000456,22.0,40,39,1,2,0,normal
1,150.0,48,0.9245742628396435,1.0,0.0,7.36,0.5128205128205128,16.87890843896262,27.0,39,20,0,1,0,normal
1,150.0,49,0.8360635763980646,0.9387403699007798,0.03205128205128205,22.15,0.6089743589743589,13.835427923380639,13.0,156,95,5,5,0,normal
1,150.0,50,0.8259064359448687,0.9794846119155035,0.017241379310344827,12.03,0.6379310344827587,11.098673177107443,23.0,58,37,1,2,0,normal
1,150.0,51,0.9286740270848213,1.0,0.0,5.24,0.7466666666666667,19.22498054661021,27.0,75,56,0,4,0,normal
1,150.0,52,0.8567225647675238,0.9626338126249764,0.013793103448275862,11.29,0.7827586206896552,18.863280881648254,20.0,290,227,4,13,0,normal
1,150.0,53,0.9299548119421936,0.9718143424208066,0.05,12.77,0.95,23.957219630807206,26.0,20,19,1,1,0,normal
1,150.0,54,0.9389421071133787,1.0,0.0,18.03,0.5128205128205128,15.545521009504144,29.0,117,60,0,3,0,normal
1,150.0,55,0.8310374397047863,0.995187293457434,0.0,20.6,1.0,17.838236237104564,9.0,60,60,0,3,0,normal
1,150.0,56,0.8223309590256398,0.9687030562440745,0.012658227848101266,13.06,0.4936708860759494,19.666764138665684,16.0,79,39,1,2,0,normal
1,150.0,57,0.8266658312682973,0.9777026434634056,0.016666666666666666,13.38,0.9833333333333333,20.003431771107156,25.0,60,59,1,3,0,normal
1,150.0,58,0.8686842662979549,0.992697375978486,0.0,20.15,0.25,13.218169913870602,20.0,80,20,0,1,0,normal
1,150.0,59,0.803687302032901,0.9497732401693587,0.05,5.45,0.95,21.33234653453451,11.0,20,19,1,1,0,normal
1,150.0,60,0.8460170463284944,0.9192044711871552,0.05,12.18,0.95,13.22450176636489,23.0,60,57,3,3,0,normal
1,150.0,61,0.8534479833581179,0.94569657957594,0.017241379310344827,21.18,0.3275862068965517,13.247979410075855,12.0,58,19,1,1,0,normal
1,150.0,62,0.8112144509524464,0.9905670035545904,0.020202020202020204,0.0,0.7777777777777778,14.24099052321259,14.0,99,77,2,4,0,normal
1,150.0,63,0.8685078170413473,0.2960841600767002,0.95,24.43,0.05,33.01515696316459,9.0,40,2,38,2,1,blackhole
1,150.0,64,0.8765521982930453,0.9632599106149851,0.02531645569620253,17.93,0.7341772151898734,19.752037256028203,28.0,79,58,2,3,0,normal
1,150.0,65,0.9500132437736736,0.9811524394041417,0.01694915254237288,6.3,0.6610169491525424,15.328127040074087,22.0,59,39,1,2,0,normal
1,150.0,66,0.8432112274519024,0.9489412381612927,0.04918032786885246,19.34,0.9344262295081968,16.263998532090472,22.0,61,57,3,3,0,normal
1,150.0,67,0.841079689065028,0.9883252975722163,0.0,0.0,0.0,15.0,16.0,60,0,0,0,0,normal
1,150.0,68,0.8319378972745524,1.0,0.0,17.85,0.0,15.0,17.0,36,0,0,0,0,normal
1,150.0,69,0.9020656303798227,0.987070904919805,0.0,0.0,0.0,15.0,10.0,19,0,0,0,0,normal
1,150.0,70,0.8800697376524044,1.0,0.0072992700729927005,13.27,0.5766423357664233,15.900785711685856,23.0,137,79,1,4,0,normal
1,150.0,71,0.8158555411401613,1.0,0.0,10.87,0.40404040404040403,17.619492804667807,35.0,99,40,0,2,0,normal
1,150.0,72,0.8971495985147576,0.9055922672458265,0.04201680672268908,0.0,0.6302521008403361,20.103139237055238,6.0,119,75,5,4,0,normal
1,150.0,73,0.8784471222670684,0.9909622067284866,0.0,23.09,0.6666666666666666,9.294246816079601,13.0,60,40,0,2,0,normal
1,150.0,74,0.8682430418835722,0.9936774445581968,0.0,18.63,0.3418803418803419,12.884128798104978,25.0,117,40,0,2,0,normal
1,150.0,75,0.8648730226048829,0.9698935633584531,0.0,19.18,0.0,15.0,23.0,38,0,0,0,0,normal
1,150.0,76,0.8428721480624827,1.0,0.0,10.46,0.0,15.0,13.0,73,0,0,0,0,normal
1,150.0,77,0.8902906431956945,0.9739555427487564,0.0,0.0,0.0,15.0,12.0,18,0,0,0,0,normal
1,150.0,78,0.8320708379608248,0.9573082386459316,0.0,13.99,0.5263157894736842,23.72632252173887,11.0,38,20,0,1,0,normal
1,150.0,79,0.8712827184048332,0.9894954196954284,0.010101010101010102,0.0,0.797979797979798,12.101076683489751,22.0,99,79,1,4,0,normal
1,150.0,80,0.9304020818838593,0.9674462107587793,0.0,6.24,0.6779661016949152,13.071733516184416,11.0,59,40,0,2,0,normal
1,150.0,81,0.9052142818777262,1.0,0.03333333333333333,13.37,0.9666666666666667,17.1203241379494,17.0,60,58,2,3,0,normal
1,150.0,82,0.8264695307619294,0.9864711395254304,0.0,6.05,0.0,15.0,7.0,19,0,0,0,0,normal
1,150.0,83,0.90413538782477,1.0,0.0,9.09,0.0,15.0,13.0,18,0,0,0,0,normal
1,150.0,84,0.8392126737246616,1.0,0.0,23.46,0.0,15.0,29.0,20,0,0,0,0,normal
1,150.0,85,0.8677942030869442,0.9542159665987254,0.025,16.12,0.975,21.01297537118048,22.0,40,39,1,2,0,normal
1,150.0,86,0.8567579530255475,1.0,0.0,0.0,0.0,15.0,7.0,79,0,0,0,0,normal
1,150.0,87,0.9138176786819789,0.9668787942390605,0.011299435028248588,5.3,0.768361581920904,19.440949434886747,23.0,177,136,2,8,0,normal
1,150.0,88,0.820597618394932,0.9921094159646647,0.0,5.06,1.0,15.0,15.0,0,0,0,0,0,normal
1,150.0,89,0.8415537942131476,0.9376514019988733,0.05,23.59,0.95,13.178680602693554,17.0,40,38,2,2,0,normal
1,150.0,90,0.8524788134421656,1.0,0.0,22.66,0.2564102564102564,11.225880778446966,26.0,78,20,0,1,0,normal
1,150.0,91,0.8643158873666745,0.9524333450137931,0.0051813471502590676,5.99,0.6062176165803109,14.548746121453227,27.0,193,117,1,6,0,normal
1,150.0,92,0.8467753631910867,0.9685581046230229,0.02608695652173913,20.56,0.8173913043478261,18.997026186628073,17.0,115,94,3,5,0,normal
1,150.0,93,0.8938282468900013,0.9302704939331286,0.05,13.93,0.95,11.570543753960534,24.0,40,38,2,2,0,normal
1,150.0,94,0.9317450306166506,0.9641724099857558,0.02531645569620253,24.56,0.4810126582278481,23.773528497603436,20.0,79,38,2,2,0,normal
1,150.0,95,0.905086552081651,1.0,0.0,12.78,0.0,15.0,27.0,36,0,0,0,0,normal
1,150.0,96,0.9464464267328847,0.9548080576216582,0.008547008547008548,5.3,0.5042735042735043,19.42492964910625,25.0,117,59,1,3,0,normal
1,150.0,97,0.8542644208077427,1.0,0.0,13.2,0.40816326530612246,12.657210889994188,26.0,98,40,0,2,0,normal
1,150.0,98,0.8287763529040029,0.9964635726638821,0.0,17.32,0.1694915254237288,21.330234363223436,23.0,118,20,0,1,0,normal
1,150.0,99,0.837504327709456,0.9537572076113151,0.0,7.15,0.0,15.0,16.0,18,0,0,0,0,normal
1,160.0,0,0.6794452839414674,0.9355696121335064,0.014760147601476014,16.91,0.985239852398524,16.238123372920573,32.0,271,267,4,16,0,normal
1,160.0,1,0.7331238793705748,0.9620043545555055,0.006349206349206349,24.66,0.8666666666666667,16.714133091774755,27.0,315,273,2,15,0,normal
1,160.0,2,0.7193890750187368,0.9671642861382389,0.0,6.19,0.4,16.535714319167813,11.0,95,38,0,2,0,normal
1,160.0,3,0.7909606760931424,0.8625644828894048,0.02956989247311828,20.97,0.8629032258064516,17.750811470415698,25.0,372,321,11,17,0,normal
1,160.0,4,0.7925378986600895,0.9721343456854697,0.02158273381294964,0.0,0.9784172661870504,17.23426168444869,17.0,139,136,3,7,0,normal
1,160.0,5,0.8488544369063722,0.9122485519672269,0.0,9.34,0.8602941176470589,16.701360255398612,21.0,136,117,0,6,0,normal
1,160.0,6,0.6778991968477868,0.9196846795552106,0.014652014652014652,6.04,0.8424908424908425,15.616549209956181,26.0,273,230,4,13,0,normal
1,160.0,7,0.8678286484388497,0.9794962658291315,0.016666666666666666,5.79,0.65,16.362727629418657,23.0,60,39,1,2,0,normal
1,160.0,8,0.7818570593058747,0.8976751498076828,0.014705882352941176,8.69,0.9852941176470589,16.236754318589778,16.0,136,134,2,7,0,normal
1,160.0,9,0.8839293078354792,0.5148600308206788,0.6470588235294118,7.44,0.025210084033613446,36.35141736786597,16.0,119,3,77,4,1,blackhole
1,160.0,10,0.7775889786536412,0.9563458348489572,0.0,5.44,1.0,16.817405469762797,13.0,96,96,0,7,0,normal
1,160.0,11,0.8633231515879469,0.9922027026335988,0.01,0.0,0.59,14.275798387640208,10.0,100,59,1,3,0,normal
1,160.0,12,0.8147145025773742,0.8846082668856601,0.030303030303030304,0.0,0.7777777777777778,15.024390507263583,10.0,99,77,3,4,0,normal
1,160.0,13,0.7752272276639782,0.9718610147642569,0.017543859649122806,0.0,0.6666666666666666,16.26102465423325,18.0,114,76,2,4,0,normal
1,160.0,14,0.8242041409024439,0.9034571401926749,0.012578616352201259,0.0,0.8490566037735849,14.964672639973184,21.0,159,135,2,8,0,normal
1,160.0,15,0.7959811789570791,0.9431148272991339,0.02,19.45,0.59,11.491835249783005,18.0,100,59,2,4,0,normal
1,160.0,16,0.8136218932720289,0.9210193015649892,0.020833333333333332,6.65,0.9791666666666666,15.673530294898319,29.0,96,94,2,5,0,normal
1,160.0,17,0.8950317032964642,0.966049185419311,0.034782608695652174,6.75,0.9652173913043478,19.21346281554171,32.0,115,111,4,6,0,normal
1,160.0,18,0.8792821799862897,0.9682993599344777,0.010101010101010102,0.0,0.797979797979798,20.634650256342702,9.0,99,79,1,4,0,normal
1,160.0,19,0.8866124182129165,0.9083427626511628,0.03225806451612903,8.96,0.967741935483871,16.992714242285572,29.0,217,210,7,11,0,normal
1,160.0,20,0.8340520589801398,1.0,0.0,10.94,0.6082474226804123,13.417985498742956,26.0,97,59,0,3,0,normal
1,160.0,21,0.8528607183615486,0.9834528542934552,0.0,0.0,0.6610169491525424,21.148992276872754,25.0,59,39,0,2,0,normal
1,160.0,22,0.8222521487944567,0.9425834534594849,0.01694915254237288,18.11,0.652542372881356,18.291825412723966,10.0,118,77,2,4,0,normal
1,160.0,23,0.888974540617078,0.9288228487327652,0.012987012987012988,0.0,0.4935064935064935,19.674156857178385,10.0,77,38,1,2,0,normal
1,160.0,24,0.8802410346299403,0.9657663602078601,0.0,6.65,0.759493670886076,17.742080439870666,8.0,79,60,0,3,0,normal
1,160.0,25,0.865906722346194,0.9144607870497364,0.01694915254237288,14.48,0.652542372881356,13.390307595021289,30.0,118,77,2,4,0,normal
1,160.0,26,0.9193333273504403,0.9667970382510976,0.030927835051546393,0.0,0.38144329896907214,18.382560912953515,17.0,97,37,3,2,0,normal
1,160.0,27,0.7924941792155699,0.960006764027048,0.007352941176470588,15.59,0.7058823529411765,18.314168401918245,25.0,136,96,1,5,0,normal
1,160.0,28,0.8160786646303703,1.0,0.0,0.0,0.0,15.0,12.0,16,0,0,0,0,normal
1,160.0,29,0.8137108489194039,0.4572795722053048,0.7446808510638298,7.87,0.05319148936170213,34.68893523682793,27.0,94,5,70,4,1,blackhole
1,160.0,30,0.8071645902881446,0.9490764852018676,0.025210084033613446,15.26,0.8151260504201681,13.467506809988361,12.0,119,97,3,5,0,normal
1,160.0,31,0.893354946387477,0.9367191251199538,0.011428571428571429,13.32,0.7714285714285715,17.515877172598042,30.0,175,135,2,7,0,normal
1,160.0,32,0.8473275988862342,0.9455305239005639,0.0,11.14,0.7979274611398963,16.16852713837103,20.0,193,154,0,8,0,normal
1,160.0,33,0.7914673687914908,0.8816054121836085,0.025380710659898477,14.97,0.8730964467005076,17.67262992065497,23.0,197,172,5,9,0,normal
1,160.0,34,0.9054309453608996,1.0,0.01282051282051282,0.0,0.5,20.948390759753856,7.0,78,39,1,2,0,normal
1,160.0,35,0.8323720367447758,0.6495139944023033,0.4594594594594595,9.52,0.08108108108108109,28.719285832795418,14.0,37,3,17,1,1,blackhole
1,160.0,36,0.8967271531430022,0.9804873263924847,0.0,13.62,0.5128205128205128,22.507379496068275,13.0,39,20,0,1,0,normal
1,160.0,37,0.8043526494717796,0.9395711442764678,0.05,0.0,0.95,20.259664165339334,12.0,60,57,3,3,0,normal
1,160.0,38,0.8109113551630245,0.9577746375107627,0.02531645569620253,8.86,0.4810126582278481,16.183916569436445,22.0,79,38,2,2,0,normal
1,160.0,39,0.8019190103956243,1.0,0.012658227848101266,6.05,0.4936708860759494,15.47850744107713,12.0,79,39,1,2,0,normal
1,160.0,40,0.8260897677047886,0.9751586057477857,0.02142857142857143,11.22,0.55,12.632845370037499,30.0,140,77,3,4,0,normal
1,160.0,41,0.8951634651190703,1.0,0.0,9.66,0.7017543859649122,15.980031215152394,21.0,57,40,0,2,0,normal
1,160.0,42,0.92584524153778,0.9519862239712348,0.02857142857142857,16.21,0.7523809523809524,14.08312647747789,17.0,105,79,3,5,0,normal
1,160.0,43,0.8338455994881597,0.9589783631967316,0.05,13.65,0.95,13.076540020064805,18.0,20,19,1,1,0,normal
1,160.0,44,0.855787535609249,0.9384412093225583,0.025,6.77,0.975,16.2405901367521,21.0,120,117,3,6,0,normal
1,160.0,45,0.8758243604451762,0.9941754128707863,0.010309278350515464,7.28,0.5876288659793815,19.470779886191124,29.0,97,57,1,3,0,normal
1,160.0,46,0.8108506680804538,1.0,0.0,12.67,0.5135135135135135,9.073793566506714,15.0,37,19,0,1,0,normal
1,160.0,47,0.9441586338181085,1.0,0.010526315789473684,9.84,0.2,17.76090378852662,15.0,95,19,1,1,0,normal
1,160.0,48,0.9222142628396435,1.0,0.0,0.0,0.6610169491525424,23.43950498355852,29.0,59,39,0,2,0,normal
1,160.0,49,0.8317635763980645,0.9760427154666013,0.02040816326530612,0.0,0.7857142857142857,18.008887813929473,15.0,98,77,2,4,0,normal
1,160.0,50,0.8231464359448686,1.0,0.0,0.0,0.5128205128205128,16.91334697423058,17.0,78,40,0,2,0,normal
1,160.0,51,0.9247540270848212,1.0,0.0,0.0,0.6082474226804123,16.626826781321714,26.0,97,59,0,3,0,normal
1,160.0,52,0.8544025647675239,1.0,0.012987012987012988,11.29,0.24675324675324675,15.574015871142718,15.0,77,19,1,1,0,normal
1,160.0,53,0.9275548119421937,1.0,0.0,0.0,1.0,14.835944737950989,23.0,40,40,0,2,0,normal
1,160.0,54,0.9341621071133787,0.9628531530399457,0.0125,18.03,0.9875,12.092257119848215,29.0,80,79,1,4,0,normal
1,160.0,55,0.8266774397047864,0.9983267856064393,0.0,20.6,0.797979797979798,13.714524698469623,23.0,99,79,0,4,0,normal
1,160.0,56,0.8183709590256397,1.0,0.010101010101010102,0.0,0.5959595959595959,14.38617942372744,13.0,99,59,1,3,0,normal
1,160.0,57,0.8208658312682973,0.954537864479502,0.014814814814814815,13.38,0.8518518518518519,12.532483196615265,33.0,135,115,2,6,0,normal
1,160.0,58,0.866404266297955,1.0,0.0,20.15,1.0,17.752209205681826,25.0,57,57,0,3,0,normal
1,160.0,59,0.8024873020329009,1.0,0.0,5.45,1.0,12.49082635424006,17.0,20,20,0,1,0,normal
1,160.0,60,0.8429970463284945,0.9714271331355159,0.013157894736842105,12.18,0.9868421052631579,13.946309436505823,22.0,76,75,1,4,0,normal
1,160.0,61,0.8503879833581178,0.9781065660414485,0.0,21.18,0.75,17.468377175493874,18.0,76,57,0,3,0,normal
1,160.0,62,0.8100344509524464,0.9375492064704656,0.025,22.79,0.475,23.18963162188472,21.0,40,19,1,1,0,normal
1,160.0,63,0.8641878170413473,0.8492129264003533,0.2138728323699422,0.0,0.017341040462427744,34.00922841748337,9.0,173,3,37,2,1,blackhole
1,160.0,64,0.8741521982930452,1.0,0.0,17.93,0.6666666666666666,24.71059502606542,28.0,60,40,0,2,0,normal
1,160.0,65,0.9484332437736737,1.0,0.0,6.3,0.5128205128205128,23.777104351625407,13.0,39,20,0,1,0,normal
1,160.0,66,0.8392312274519024,0.9661511174891934,0.0125,19.34,0.7375,21.136475011433014,15.0,80,59,1,3,0,normal
1,160.0,67,0.841079689065028,0.9976414922753214,0.0,24.42,1.0,15.0,15.0,0,0,0,0,0,normal
1,160.0,68,0.8291978972745524,0.9713504631187554,0.0,17.85,0.7017543859649122,13.918693205163406,22.0,57,40,0,2,0,normal
1,160.0,69,0.9016656303798226,1.0,0.0,24.79,0.0,15.0,12.0,20,0,0,0,0,normal
1,160.0,70,0.8757297376524044,1.0,0.007246376811594203,13.27,0.427536231884058,14.824424529085631,29.0,138,59,1,3,0,normal
1,160.0,71,0.8126955411401613,0.9957272815533937,0.0,10.87,0.5128205128205128,21.202838701974713,28.0,78,40,0,2,0,normal
1,160.0,72,0.8947895985147576,0.938733279513162,0.05,21.86,0.95,16.375199305553966,6.0,40,38,2,2,0,normal
1,160.0,73,0.8769471222670685,0.965243327477393,0.0,0.0,0.0,15.0,19.0,75,0,0,0,0,normal
1,160.0,74,0.8603430418835722,0.9025760259041333,0.025157232704402517,0.0,0.7295597484276729,17.822069214615027,17.0,159,116,4,6,0,normal
1,160.0,75,0.8648730226048829,0.967363446039984,0.0,0.0,1.0,15.0,9.0,0,0,0,0,0,normal
1,160.0,76,0.8404721480624827,0.9877664656625667,0.0,10.46,0.25,19.257987065484578,12.0,80,20,0,1,0,normal
1,160.0,77,0.8879706431956945,0.9430902635576361,0.012987012987012988,16.29,0.24675324675324675,19.776777322336258,19.0,77,19,1,1,0,normal
1,160.0,78,0.8304908379608249,0.9659700148264603,0.025,0.0,0.475,17.9020320575604,10.0,40,19,1,1,0,normal
1,160.0,79,0.8693427184048332,0.988799165909564,0.02564102564102564,15.26,0.9743589743589743,21.47939744093357,28.0,39,38,1,2,0,normal
1,160.0,80,0.9288220818838593,0.9752087006928485,0.0,0.0,0.5128205128205128,23.760637454612166,10.0,39,20,0,1,0,normal
1,160.0,81,0.9016542818777262,1.0,0.0,13.37,0.40816326530612246,24.695189912896865,9.0,98,40,0,2,0,normal
1,160.0,82,0.8257095307619294,1.0,0.0,0.0,0.0,15.0,8.0,38,0,0,0,0,normal
1,160.0,83,0.90137538782477,0.9308475640303233,0.03333333333333333,0.0,0.6333333333333333,17.69630678456442,11.0,60,38,2,2,0,normal
1,160.0,84,0.8349126737246616,0.9570182825279502,0.030303030303030304,0.0,0.9696969696969697,13.052876463073275,26.0,99,96,3,5,0,normal
1,160.0,85,0.8640142030869442,0.9920271056639995,0.010526315789473684,16.12,0.7789473684210526,21.991912406259704,23.0,95,74,1,4,0,normal
1,160.0,86,0.8562379530255475,1.0,0.0,21.51,0.13043478260869565,10.6040906331327,15.0,23,3,0,1,0,normal
1,160.0,87,0.907437678681979,0.9526432364328163,0.007142857142857143,5.3,0.7071428571428572,16.06412480390308,25.0,140,99,1,5,0,normal
1,160.0,88,0.8174376183949319,0.9900197475138136,0.0,5.06,0.5128205128205128,17.870884110576135,11.0,78,40,0,2,0,normal
1,160.0,89,0.8391737942131475,0.947590728627284,0.025,23.59,0.975,14.42390596031193,26.0,40,39,1,2,0,normal
1,160.0,90,0.8512988134421656,0.9604179592999649,0.05,0.0,0.95,23.877652491088522,12.0,20,19,1,1,0,normal
1,160.0,91,0.8619558873666745,0.9622842081894849,0.0,0.0,0.20408163265306123,20.65487321237147,18.0,98,20,0,1,0,normal
1,160.0,92,0.8405153631910868,0.9078843074371215,0.021739130434782608,20.56,0.9782608695652174,15.496198522879087,33.0,138,135,3,7,0,normal
1,160.0,93,0.8886482468900013,0.9466083483217257,0.0297029702970297,13.93,0.9702970297029703,16.822266857937063,28.0,101,98,3,6,0,normal
1,160.0,94,0.9294450306166505,0.9729036504665916,0.0,24.56,0.26666666666666666,9.010563623476912,4.0,75,20,0,1,0,normal
1,160.0,95,0.902406552081651,1.0,0.0,12.78,0.2127659574468085,21.68042967900715,19.0,94,20,0,1,0,normal
1,160.0,96,0.9420864267328847,0.9974019256643747,0.0,5.3,1.0,14.932536795798494,26.0,79,79,0,4,0,normal
1,160.0,97,0.8511244208077426,0.9892939473707337,0.01282051282051282,0.0,0.5,18.39718413328448,21.0,78,39,1,2,0,normal
1,160.0,98,0.825976352904003,0.9781445449885177,0.0,17.32,0.6666666666666666,14.173915828021752,30.0,60,40,0,2,0,normal
1,160.0,99,0.834724327709456,1.0,0.0,7.15,0.6779661016949152,13.75694466586937,18.0,59,40,0,2,0,normal
1,170.0,0,0.6649452839414675,0.9351551868155077,0.014084507042253521,16.91,0.9295774647887324,16.915258700107323,22.0,355,330,5,17,0,normal
1,170.0,1,0.7127438793705748,0.8728027570477599,0.01845018450184502,24.66,0.8431734317343174,16.904086674483185,28.0,542,457,10,24,0,normal
1,170.0,2,0.7122490750187369,0.9634447380860556,0.0111731843575419,6.19,0.770949720670391,19.33940034434972,15.0,179,138,2,7,0,normal
1,170.0,3,0.7818406760931425,0.9471640243168696,0.010050251256281407,20.97,0.9899497487437185,16.762722421499408,12.0,199,197,2,11,0,normal
1,170.0,4,0.7819378986600894,0.9272083084582445,0.012658227848101266,13.76,0.9831223628691983,17.741303871608146,27.0,237,233,3,12,0,normal
1,170.0,5,0.8304144369063722,0.8974244341996701,0.017857142857142856,9.34,0.8293650793650794,16.285447631056602,30.0,504,418,9,22,0,normal
1,170.0,6,0.6755191968477867,0.9870953616673854,0.025,6.04,0.975,18.788324039841747,31.0,40,39,1,2,0,normal
1,170.0,7,0.8594686484388496,0.9637087480241161,0.021739130434782608,5.79,0.8173913043478261,18.131153746176576,32.0,230,188,5,10,0,normal
1,170.0,8,0.7786570593058747,0.9584521533676266,0.0,8.69,1.0,12.158598047157609,13.0,60,60,0,3,0,normal
1,170.0,9,0.8826893078354792,0.6679425732278592,0.45,7.44,0.05,41.52284749514703,7.0,40,2,18,1,1,blackhole
1,170.0,10,0.7760089786536412,0.9859107635780917,0.025,5.44,0.475,19.04422221332447,23.0,40,19,1,1,0,normal
1,170.0,11,0.857543151587947,0.9588749711820466,0.029411764705882353,11.41,0.8308823529411765,16.554429534162583,14.0,136,113,4,6,0,normal
1,170.0,12,0.8111945025773742,1.0,0.0,12.92,0.4166666666666667,19.54503037278511,10.0,96,40,0,2,0,normal
1,170.0,13,0.7688472276639783,0.9400936539981324,0.008333333333333333,11.03,0.9916666666666667,16.937804927764518,19.0,120,119,1,6,0,normal
1,170.0,14,0.8233241409024438,0.947270423783483,0.0,13.51,1.0,11.669211420206166,22.0,22,22,0,2,0,normal
1,170.0,15,0.7878411789570791,0.9644415556963984,0.014018691588785047,0.0,0.8084112149532711,15.415439452853752,19.0,214,173,3,10,0,normal
1,170.0,16,0.8002218932720289,0.901818638211059,0.018292682926829267,0.0,0.9817073170731707,17.49890450995417,36.0,328,322,6,17,0,normal
1,170.0,17,0.8922717032964642,0.9778750643486295,0.0,6.75,0.7468354430379747,17.152574248856002,34.0,79,59,0,3,0,normal
1,170.0,18,0.8757421799862897,0.958638767631332,0.05,9.31,0.95,14.238660290890843,8.0,60,57,3,3,0,normal
1,170.0,19,0.8815524182129165,0.9743453776073275,0.019230769230769232,8.96,0.4935897435897436,17.78047603922842,26.0,156,77,3,5,0,normal
1,170.0,20,0.8309320589801398,0.9369135202309563,0.020202020202020204,10.94,0.5757575757575758,11.83275705359082,30.0,99,57,2,3,0,normal
1,170.0,21,0.8482207183615487,0.9644608861982346,0.017094017094017096,10.85,0.811965811965812,13.821575258547663,31.0,117,95,2,5,0,normal
1,170.0,22,0.8191721487944568,0.9512780547791052,0.0,0.0,0.7631578947368421,19.427942855553816,9.0,76,58,0,4,0,normal
1,170.0,23,0.884634540617078,0.9701313011548576,0.03,7.64,0.57,15.894135102983801,15.0,100,57,3,3,0,normal
1,170.0,24,0.8779610346299404,0.9685628844928125,0.0,6.65,0.2702702702702703,12.312182660434292,11.0,74,20,0,1,0,normal
1,170.0,25,0.8627667223461941,0.9895820936159111,0.0,14.48,0.5194805194805194,16.382566047892198,28.0,77,40,0,2,0,normal
1,170.0,26,0.9162733273504402,0.9426318060357607,0.04081632653061224,6.16,0.5612244897959183,21.171501929363743,21.0,98,55,4,3,0,normal
1,170.0,27,0.7866341792155698,0.9358598122004935,0.029197080291970802,15.59,0.5547445255474452,19.19538422349316,15.0,137,76,4,4,0,normal
1,170.0,28,0.8077986646303703,0.9325932697162318,0.015228426395939087,8.88,0.7969543147208121,15.050191938367695,15.0,197,157,3,8,0,normal
1,170.0,29,0.812110848919404,0.761479658310465,0.3220338983050847,7.87,0.01694915254237288,29.682912290780855,27.0,59,1,19,1,1,blackhole
1,170.0,30,0.8019645902881446,0.94418539389315,0.025,15.26,0.8333333333333334,18.54256171289039,18.0,120,100,3,6,0,normal
1,170.0,31,0.892574946387477,0.9768571880412238,0.05,0.0,0.95,16.711099957572955,27.0,20,19,1,1,0,normal
1,170.0,32,0.8465675988862342,0.9841689742928634,0.0,11.14,1.0,19.52150628540226,11.0,19,19,0,1,0,normal
1,170.0,33,0.7874873687914908,0.9335229397164264,0.016666666666666666,14.97,0.6583333333333333,18.428810675546856,25.0,120,79,2,5,0,normal
1,170.0,34,0.9038909453608996,1.0,0.02631578947368421,6.73,0.5,15.371237714212937,3.0,38,19,1,1,0,normal
1,170.0,35,0.8295120367447758,0.3053176270734649,0.9358974358974359,9.52,0.0641025641025641,31.291019921079375,11.0,78,5,73,4,1,blackhole
1,170.0,36,0.8967271531430022,1.0,0.0,0.0,1.0,15.0,8.0,0,0,0,0,0,normal
1,170.0,37,0.8031526494717797,1.0,0.0,8.37,1.0,8.88626450226029,16.0,20,20,0,1,0,normal
1,170.0,38,0.8021113551630245,0.9489194172850254,0.013043478260869565,8.86,0.7391304347826086,15.914048481985922,22.0,230,170,3,9,0,normal
1,170.0,39,0.7968390103956243,0.9716800517338119,0.02040816326530612,6.05,0.9795918367346939,16.28310049464023,17.0,98,96,2,5,0,normal
1,170.0,40,0.8218497677047886,0.9917094829587317,0.04081632653061224,0.0,0.9591836734693877,13.669288521133856,28.0,98,94,4,5,0,normal
1,170.0,41,0.8935834651190704,1.0,0.0,9.66,0.5128205128205128,22.085264222791352,12.0,39,20,0,1,0,normal
1,170.0,42,0.92148524153778,0.9696183551881564,0.010101010101010102,16.21,0.797979797979798,12.007921991140842,20.0,99,79,1,4,0,normal
1,170.0,43,0.8240455994881598,0.9468823147863286,0.02030456852791878,13.65,0.9796954314720813,17.823256268370535,25.0,197,193,4,10,0,normal
1,170.0,44,0.855407535609249,0.9946954137272739,0.0,0.0,0.0,15.0,22.0,19,0,0,0,0,normal
1,170.0,45,0.8750843604451762,0.8716187847955436,0.15,7.28,0.85,24.079276300561467,28.0,20,17,3,1,0,normal
1,170.0,46,0.8077306680804538,0.9891636222867483,0.0,0.0,0.5263157894736842,16.96645707612289,3.0,76,40,0,2,0,normal
1,170.0,47,0.9423186338181084,0.9941325597062767,0.0,9.84,0.0,15.0,3.0,92,0,0,0,0,normal
1,170.0,48,0.9194942628396434,0.9587413753128606,0.05084745762711865,12.31,0.6271186440677966,13.328215100951581,29.0,59,37,3,2,0,normal
1,170.0,49,0.8294035763980646,0.9549087731251968,0.0,17.01,0.2564102564102564,21.29059144425142,24.0,78,20,0,1,0,normal
1,170.0,50,0.8195864359448686,0.9880418088686671,0.0,19.54,0.6122448979591837,20.054934156760982,22.0,98,60,0,3,0,normal
1,170.0,51,0.9165540270848213,0.9466622196483108,0.017142857142857144,14.21,0.7714285714285715,15.215103502747324,24.0,175,135,3,7,0,normal
1,170.0,52,0.8512225647675239,0.9762682433462326,0.0125,11.29,0.4875,22.68648831356621,7.0,80,39,1,2,0,normal
1,170.0,53,0.9251548119421937,1.0,0.0,13.05,1.0,20.12685861743866,23.0,40,40,0,2,0,normal
1,170.0,54,0.9310221071133787,0.9405101040498381,0.01694915254237288,18.03,0.9830508474576272,17.624275116375383,31.0,59,58,1,3,0,normal
1,170.0,55,0.8215774397047864,0.9570839105711805,0.00641025641025641,20.6,0.5064102564102564,18.408746509360967,29.0,156,79,1,4,0,normal
1,170.0,56,0.8070509590256397,0.9668393710154948,0.028070175438596492,22.42,0.8456140350877193,17.246687401003214,6.0,285,241,8,13,0,normal
1,170.0,57,0.8196658312682973,0.9986619877957794,0.0,13.38,1.0,13.118993698362688,26.0,20,20,0,1,0,normal
1,170.0,58,0.865204266297955,1.0,0.0,20.15,1.0,9.621578633228657,22.0,20,20,0,1,0,normal
1,170.0,59,0.8006073020329009,0.9794304284205363,0.0,5.45,0.37037037037037035,11.880434794669762,26.0,54,20,0,1,0,normal
1,170.0,60,0.8406170463284944,0.9651374232190054,0.025,12.18,0.975,24.246060152235945,16.0,40,39,1,2,0,normal
1,170.0,61,0.8491879833581178,0.9739036251186843,0.0,21.18,1.0,24.480620635724737,19.0,20,20,0,1,0,normal
1,170.0,62,0.8100344509524464,1.0,0.0,22.79,1.0,15.0,14.0,0,0,0,0,0,normal
1,170.0,63,0.8641878170413473,0.996253484640813,0.0,24.52,1.0,15.0,9.0,0,0,0,0,1,blackhole
1,170.0,64,0.8713721982930454,1.0,0.0,0.0,0.6779661016949152,11.645803439771147,28.0,59,40,0,2,0,normal
1,170.0,65,0.9484332437736737,1.0,0.0,6.3,1.0,15.0,8.0,0,0,0,0,0,normal
1,170.0,66,0.8372912274519023,0.9813715527447331,0.017241379310344827,0.0,0.3275862068965517,23.291675105383973,23.0,58,19,1,1,0,normal
1,170.0,67,0.839459689065028,0.9982823770835596,0.0,24.42,0.0,15.0,28.0,81,0,0,0,0,normal
1,170.0,68,0.8264378972745524,0.9972002486331701,0.0,17.85,0.20408163265306123,18.483776030369867,16.0,98,20,0,1,0,normal
1,170.0,69,0.8969456303798227,0.9329328886030654,0.0,0.0,0.2564102564102564,15.844877922207255,19.0,156,40,0,2,0,normal
1,170.0,70,0.8710697376524044,0.9527548817836051,0.008620689655172414,13.27,0.6637931034482759,18.93664375106793,34.0,116,77,1,4,0,normal
1,170.0,71,0.8063955411401613,1.0,0.014492753623188406,10.87,0.7028985507246377,16.229658837986484,31.0,138,97,2,5,0,normal
1,170.0,72,0.8876495985147577,0.972947839529377,0.006329113924050633,21.86,0.6265822784810127,18.86674569324733,15.0,158,99,1,5,0,normal
1,170.0,73,0.8746071222670685,0.9823859766270704,0.0,15.08,0.2597402597402597,10.471548530144595,23.0,77,20,0,1,0,normal
1,170.0,74,0.8583630418835722,0.9765471163422866,0.0,14.08,0.3389830508474576,18.958300703684863,26.0,59,20,0,1,0,normal
1,170.0,75,0.8609330226048828,0.9268332222500558,0.0375,17.5,0.9625,12.289846388021818,8.0,80,77,3,4,0,normal
1,170.0,76,0.8397121480624827,1.0,0.0,0.0,0.0,15.0,17.0,38,0,0,0,0,normal
1,170.0,77,0.8879706431956945,1.0,0.0,16.29,1.0,15.0,24.0,0,0,0,0,0,normal
1,170.0,78,0.8292908379608248,1.0,0.0,14.47,1.0,20.052894981810816,15.0,20,20,0,1,0,normal
1,170.0,79,0.8693427184048332,0.9744812270605592,0.0,15.26,1.0,15.0,24.0,0,0,0,0,0,normal
1,170.0,80,0.9252220818838592,1.0,0.0,18.38,1.0,15.491020493725657,13.0,60,60,0,3,0,normal
1,170.0,81,0.8972742818777262,0.9875242564159659,0.0,13.37,0.6060606060606061,19.139258040045608,2.0,99,60,0,3,0,normal
1,170.0,82,0.8237695307619294,0.9722580188141339,0.0,0.0,0.3508771929824561,24.75635434108065,10.0,57,20,0,1,0,normal
1,170.0,83,0.89827538782477,1.0,0.0,23.53,0.17391304347826086,19.778495042044838,15.0,115,20,0,1,0,normal
1,170.0,84,0.8325126737246615,0.9435033082172314,0.0,16.54,1.0,11.20525600013245,29.0,40,40,0,2,0,normal
1,170.0,85,0.8548142030869442,0.9861079568369596,0.012987012987012988,16.12,0.8181818181818182,15.226765441599062,22.0,231,189,3,10,0,normal
1,170.0,86,0.8546579530255475,0.9768367173312209,0.025,21.51,0.975,17.557426881554054,22.0,40,39,1,2,0,normal
1,170.0,87,0.906637678681979,0.988342754384877,0.0,5.3,0.0,15.0,24.0,40,0,0,0,0,normal
1,170.0,88,0.8154776183949319,0.9746691733005953,0.0,5.06,0.3448275862068966,10.697948919660785,9.0,58,20,0,1,0,normal
1,170.0,89,0.8376137942131475,0.9797091579286245,0.02564102564102564,23.59,0.48717948717948717,9.044688416399364,26.0,39,19,1,1,0,normal
1,170.0,90,0.8493188134421656,0.9590501574302476,0.0,9.88,0.3389830508474576,15.576046966822037,10.0,59,20,0,1,0,normal
1,170.0,91,0.8607358873666745,0.9518129223233683,0.023255813953488372,14.49,0.4186046511627907,13.231630422326456,26.0,43,18,1,1,0,normal
1,170.0,92,0.8389153631910867,0.999929009051774,0.0,20.56,0.5,17.58194237990014,27.0,40,20,0,1,0,normal
1,170.0,93,0.8838482468900013,0.9549171468629537,0.0,0.0,1.0,13.35853804026126,31.0,80,80,0,4,0,normal
1,170.0,94,0.9270450306166506,0.9478821687869138,0.0,0.0,1.0,13.51655094650835,2.0,40,40,0,2,0,normal
1,170.0,95,0.900086552081651,0.9887403483470123,0.012987012987012988,12.78,0.24675324675324675,9.724605091209426,8.0,77,19,1,1,0,normal
1,170.0,96,0.9385864267328846,0.9664827173150335,0.010416666666666666,5.3,0.40625,21.04763607630267,22.0,96,39,1,2,0,normal
1,170.0,97,0.8475844208077427,0.9863814238337124,0.020202020202020204,13.98,0.3838383838383838,15.24589557217151,29.0,99,38,2,2,0,normal
1,170.0,98,0.8216163529040029,1.0,0.0,17.32,0.6122448979591837,16.666201356166738,20.0,98,60,0,3,0,normal
1,170.0,99,0.829564327709456,0.9521076925641604,0.010101010101010102,7.15,0.797979797979798,19.40028734948972,24.0,99,79,1,4,0,normal
1,180.0,0,0.6596052839414674,0.9886527035012421,0.007518796992481203,0.0,0.706766917293233,18.678507465940477,14.0,133,94,1,5,0,normal
1,180.0,1,0.6999838793705748,0.886623273964663,0.01935483870967742,0.0,0.9290322580645162,16.24521129991439,32.0,310,288,6,16,0,normal
1,180.0,2,0.6988890750187369,0.9292944016189394,0.0273224043715847,6.19,0.825136612021858,15.240535312304049,22.0,366,302,10,16,0,normal
1,180.0,3,0.7764606760931424,0.9393201290784574,0.02586206896551724,0.0,0.9741379310344828,15.835239218902629,13.0,116,113,3,6,0,normal
1,180.0,4,0.7791778986600895,0.9984058318515795,0.03333333333333333,13.76,0.9666666666666667,16.026537715911385,33.0,60,58,2,3,0,normal
1,180.0,5,0.8273344369063721,0.9582130592541428,0.012987012987012988,9.34,0.7402597402597403,15.375724633141077,35.0,77,57,1,3,0,normal
1,180.0,6,0.6653791968477868,0.8774448463869751,0.0234375,6.04,0.90234375,16.912766823326926,33.0,256,231,6,13,0,normal
1,180.0,7,0.8404286484388497,0.9034876069873627,0.01818181818181818,5.79,0.9818181818181818,17.015179706582703,37.0,440,432,8,23,0,normal
1,180.0,8,0.7756970593058747,0.9771680026199547,0.02666666666666667,8.69,0.9733333333333334,21.01037303393876,17.0,75,73,2,4,0,normal
1,180.0,9,0.8806293078354792,0.6422818858608449,0.4625,0.0,0.0375,38.96893656724629,9.0,80,3,37,2,1,blackhole
1,180.0,10,0.7736689786536411,1.0,0.0,5.44,0.2597402597402597,18.13718870448875,26.0,77,20,0,1,0,normal
1,180.0,11,0.8476831515879469,0.8949266775725373,0.01834862385321101,11.41,0.8944954128440367,14.666381851487559,31.0,218,195,4,11,0,normal
1,180.0,12,0.8095945025773742,1.0,0.0,12.92,0.5,19.55651268648311,12.0,40,20,0,1,0,normal
1,180.0,13,0.7644872276639783,1.0,0.0,11.03,0.797979797979798,14.489584333965913,23.0,99,79,0,4,0,normal
1,180.0,14,0.8166241409024438,0.9720434659842542,0.007246376811594203,13.51,0.9927536231884058,19.129987740779683,30.0,138,137,1,7,0,normal
1,180.0,15,0.779481178957079,0.9786166552880889,0.00558659217877095,19.22,0.776536312849162,14.264008919782677,28.0,179,139,1,7,0,normal
1,180.0,16,0.7874018932720289,0.907517948676411,0.02857142857142857,19.36,0.9079365079365079,14.742505125297688,35.0,315,286,9,16,0,normal
1,180.0,17,0.8848117032964642,1.0,0.0189873417721519,6.75,0.9810126582278481,16.733893224041992,34.0,158,155,3,8,0,normal
1,180.0,18,0.8685821799862896,0.944508800401142,0.03488372093023256,9.31,0.9651162790697675,18.214759542443275,15.0,172,166,6,9,0,normal
1,180.0,19,0.8815524182129165,0.9789036187935346,0.0,0.0,1.0,15.0,22.0,0,0,0,0,0,normal
1,180.0,20,0.8297320589801398,0.9655743637351746,0.0,10.94,1.0,14.48505273226627,26.0,20,20,0,1,0,normal
1,180.0,21,0.8439007183615487,0.9603482083238774,0.010309278350515464,10.85,0.6082474226804123,12.682410546914852,35.0,97,59,1,3,0,normal
1,180.0,22,0.8117721487944568,0.9316397918821333,0.0213903743315508,23.13,0.9786096256684492,17.025475545438553,19.0,187,183,4,10,0,normal
1,180.0,23,0.883434540617078,1.0,0.0,7.64,1.0,9.347950065783277,14.0,20,20,0,1,0,normal
1,180.0,24,0.8767010346299403,0.9910324445489621,0.0,6.65,0.8695652173913043,8.669343573931751,8.0,23,20,0,1,0,normal
1,180.0,25,0.861586722346194,1.0,0.0,14.48,0.0,15.0,17.0,59,0,0,0,0,normal
1,180.0,26,0.9151333273504402,1.0,0.02702702702702703,6.16,0.5405405405405406,11.93049980249035,22.0,37,20,1,2,0,normal
1,180.0,27,0.7823941792155699,0.9782840452428403,0.02127659574468085,0.0,0.6170212765957447,21.147415826446593,15.0,94,58,2,3,0,normal
1,180.0,28,0.8026586646303703,1.0,0.00847457627118644,8.88,0.6694915254237288,22.586476505361453,21.0,118,79,1,4,0,normal
1,180.0,29,0.808450848919404,0.36688821077550976,0.7863247863247863,7.87,0.05128205128205128,32.436242660500035,29.0,117,6,92,5,1,blackhole
1,180.0,30,0.7941645902881447,0.9532747373392482,0.004651162790697674,0.0,0.813953488372093,18.118306214637546,24.0,215,175,1,9,0,normal
1,180.0,31,0.889054946387477,0.9557500085336499,0.02531645569620253,12.53,0.9746835443037974,11.927579318148107,26.0,79,77,2,4,0,normal
1,180.0,32,0.8422475988862342,0.9750778950295981,0.030303030303030304,0.0,0.5757575757575758,21.63278079952356,7.0,99,57,3,3,0,normal
1,180.0,33,0.7795273687914909,0.9770135861870346,0.03125,0.0,0.8645833333333334,18.43010384859933,25.0,192,166,6,9,0,normal
1,180.0,34,0.9003509453608997,0.9988437278856688,0.012658227848101266,6.73,0.7341772151898734,14.565709592327991,8.0,79,58,1,3,0,normal
1,180.0,35,0.8280120367447759,1.0,0.0,9.52,0.0,15.0,7.0,75,0,0,0,1,blackhole
1,180.0,36,0.8889871531430023,0.9369212751918995,0.034482758620689655,17.08,0.764367816091954,17.949676166885435,17.0,174,133,6,7,0,normal
1,180.0,37,0.8000326494717797,0.9937186501215267,0.0,8.37,0.5263157894736842,19.856028817414494,20.0,76,40,0,2,0,normal
1,180.0,38,0.7952513551630245,0.938112398733491,0.014285714285714285,8.86,0.44285714285714284,21.26849618783194,22.0,210,93,3,5,0,normal
1,180.0,39,0.7945190103956243,0.9971767831953439,0.0,6.05,1.0,21.835369289166,16.0,58,58,0,3,0,normal
1,180.0,40,0.8179297677047885,0.96879671369111,0.0,13.25,0.7894736842105263,14.813796506081628,37.0,76,60,0,3,0,normal
1,180.0,41,0.8920234651190704,0.9605201431816832,0.02564102564102564,0.0,0.48717948717948717,23.428122290779722,13.0,39,19,1,1,0,normal
1,180.0,42,0.91836524153778,1.0,0.0,16.21,0.5263157894736842,14.6884109392203,16.0,76,40,0,2,0,normal
1,180.0,43,0.8209855994881597,0.9527130445000604,0.02666666666666667,13.65,0.5066666666666667,16.92642662942912,27.0,75,38,2,2,0,normal
1,180.0,44,0.851447535609249,1.0,0.0,12.35,0.3389830508474576,21.018360650414454,25.0,118,40,0,2,0,normal
1,180.0,45,0.8723443604451762,0.9651970100084117,0.012658227848101266,7.28,0.7341772151898734,16.215595103769008,24.0,79,58,1,3,0,normal
1,180.0,46,0.8045906680804538,0.9514333972024014,0.01282051282051282,8.49,0.5,11.693216497218241,4.0,78,39,1,2,0,normal
1,180.0,47,0.9423186338181084,1.0,0.0,0.0,1.0,15.0,5.0,0,0,0,0,0,normal
1,180.0,48,0.9152942628396434,0.9874200103880557,0.017543859649122806,0.0,0.49122807017543857,14.827900799169962,26.0,114,56,2,3,0,normal
1,180.0,49,0.8246835763980646,0.9557099889295766,0.025210084033613446,17.01,0.6470588235294118,20.399521988910077,32.0,119,77,3,4,0,normal
1,180.0,50,0.8168664359448686,0.9764245992426794,0.03389830508474576,19.54,0.9661016949152542,16.436775856906948,23.0,59,57,2,3,0,normal
1,180.0,51,0.9146140270848212,0.9814860785123801,0.017241379310344827,14.21,0.3275862068965517,11.75843784430221,19.0,58,19,1,1,0,normal
1,180.0,52,0.8492825647675238,0.9684165311885498,0.017241379310344827,0.0,0.3275862068965517,21.495832573197063,10.0,58,19,1,1,0,normal
1,180.0,53,0.9228548119421937,0.9802497266827807,0.013157894736842105,13.05,0.25,12.609014689785715,11.0,76,19,1,1,0,normal
1,180.0,54,0.9295221071133787,0.9845570010136773,0.017543859649122806,18.03,0.3157894736842105,25.14514882382494,24.0,57,18,1,1,0,normal
1,180.0,55,0.8196174397047863,1.0,0.01694915254237288,20.6,0.3220338983050847,11.942989577787676,28.0,59,19,1,1,0,normal
1,180.0,56,0.8070509590256397,1.0,0.0,22.42,1.0,15.0,6.0,0,0,0,0,0,normal
1,180.0,57,0.8172858312682972,0.9802345131525809,0.0125,0.0,0.2375,11.695211291351265,21.0,80,19,1,1,0,normal
1,180.0,58,0.861664266297955,0.9728813151543022,0.020202020202020204,0.0,0.3838383838383838,16.488505434705555,16.0,99,38,2,2,0,normal
1,180.0,59,0.794807302032901,0.9012437258099897,0.050724637681159424,5.45,0.6666666666666666,18.554902315884668,26.0,138,92,7,5,0,normal
1,180.0,60,0.8374370463284945,0.9783185616201118,0.0125,0.0,0.4875,16.153135920285372,15.0,80,39,1,2,0,normal
1,180.0,61,0.8448679833581179,0.9668651897148078,0.010309278350515464,21.18,0.6082474226804123,16.18013795055487,13.0,97,59,1,3,0,normal
1,180.0,62,0.8056744509524464,0.966769622979739,0.010101010101010102,0.0,0.5959595959595959,10.749785463246617,13.0,99,59,1,3,0,normal
1,180.0,63,0.8633278170413472,0.35595920627675265,0.8636363636363636,24.52,0.045454545454545456,41.43421595224737,20.0,22,1,19,1,1,blackhole
1,180.0,64,0.8713721982930454,0.9726832361019399,0.0,6.16,1.0,15.0,24.0,0,0,0,0,0,normal
1,180.0,65,0.9468932437736736,0.9630713840752998,0.0,6.3,0.5405405405405406,22.878652444376627,6.0,37,20,0,1,0,normal
1,180.0,66,0.8341912274519023,0.9536056577500316,0.02564102564102564,17.14,0.7307692307692307,15.990430323673786,32.0,78,57,2,3,0,normal
1,180.0,67,0.831759689065028,0.989217822171851,0.015544041450777202,24.42,0.7875647668393783,19.5746118574372,26.0,193,152,3,8,0,normal
1,180.0,68,0.8264378972745524,0.9656379395684122,0.0,0.0,1.0,15.0,11.0,0,0,0,0,0,normal
1,180.0,69,0.8957456303798227,0.9760509745839886,0.0,5.77,1.0,17.831100944223827,24.0,20,20,0,1,0,normal
1,180.0,70,0.8638297376524043,0.9657536639167855,0.03468208092485549,13.27,0.861271676300578,16.373718972483708,32.0,173,149,6,8,0,normal
1,180.0,71,0.8024155411401613,1.0,0.0,10.87,0.5169491525423728,13.547731939505656,34.0,118,61,0,5,0,normal
1,180.0,72,0.8861095985147577,1.0,0.02631578947368421,21.86,0.5,18.25256524677808,31.0,38,19,1,1,0,normal
1,180.0,73,0.8702471222670685,0.9788812077131035,0.0,15.08,0.797979797979798,18.72065821226009,29.0,99,79,0,4,0,normal
1,180.0,74,0.8536430418835722,0.9834203478254568,0.020202020202020204,14.08,0.7777777777777778,17.688067211222002,30.0,99,77,2,4,0,normal
1,180.0,75,0.8589730226048828,1.0,0.01694915254237288,17.5,0.3220338983050847,19.233611665070914,21.0,59,19,1,1,0,normal
1,180.0,76,0.8389321480624827,0.9938560962557551,0.0,5.29,0.0,15.0,16.0,39,0,0,0,0,normal
1,180.0,77,0.8867706431956945,0.9583071840051357,0.0,16.29,1.0,9.772642978072861,18.0,20,20,0,1,0,normal
1,180.0,78,0.8253308379608248,0.9606157888323703,0.025,14.47,0.725,21.954729026128792,22.0,80,58,2,3,0,normal
1,180.0,79,0.8682627184048333,0.986696727670962,0.0,15.26,0.0,15.0,20.0,54,0,0,0,0,normal
1,180.0,80,0.9204220818838593,0.9593305440075613,0.0,18.38,1.0,20.090743161763,27.0,80,80,0,4,0,normal
1,180.0,81,0.8917342818777262,1.0,0.0,0.0,0.6837606837606838,17.934794333554542,1.0,117,80,0,4,0,normal
1,180.0,82,0.8233695307619294,0.9863087953453327,0.0,11.12,0.0,15.0,12.0,20,0,0,0,0,normal
1,180.0,83,0.8947353878247699,0.9831229674975427,0.01020408163265306,0.0,0.3979591836734694,19.548290064824407,23.0,98,39,1,2,0,normal
1,180.0,84,0.8309526737246615,1.0,0.0,0.0,0.5263157894736842,23.077177077633223,24.0,38,20,0,1,0,normal
1,180.0,85,0.8548142030869442,0.9735622959668258,0.0,16.12,1.0,15.0,20.0,0,0,0,0,0,normal
1,180.0,86,0.8527179530255474,0.9757866107372848,0.03389830508474576,0.0,0.3050847457627119,13.026272324731666,25.0,59,18,2,1,0,normal
1,180.0,87,0.899457678681979,0.9184907338863533,0.01764705882352941,0.0,0.7588235294117647,17.810469037197496,30.0,170,129,3,7,0,normal
1,180.0,88,0.8088576183949319,0.9736394239074919,0.011428571428571429,5.06,0.7771428571428571,17.876837781791345,8.0,175,136,2,7,0,normal
1,180.0,89,0.8352937942131475,0.9551401703358486,0.03389830508474576,23.59,0.6271186440677966,11.553108987554978,9.0,59,37,2,2,0,normal
1,180.0,90,0.8466788134421656,1.0,0.0,9.88,1.0,20.433080299132406,15.0,56,56,0,3,0,normal
1,180.0,91,0.8579758873666745,0.9797033444095902,0.01694915254237288,14.49,0.6610169491525424,22.197001218919155,32.0,59,39,1,2,0,normal
1,180.0,92,0.8357753631910867,0.9584048261377345,0.0,0.0,0.5194805194805194,23.10626288711481,32.0,77,40,0,2,0,normal
1,180.0,93,0.8826682468900013,1.0,0.0,9.66,0.0,15.0,34.0,59,0,0,0,0,normal
1,180.0,94,0.9263250306166505,0.987394506093342,0.0,11.92,0.0,15.0,2.0,36,0,0,0,0,normal
1,180.0,95,0.898166552081651,0.9905442984288132,0.017543859649122806,0.0,0.3333333333333333,11.09344313215088,5.0,57,19,1,1,0,normal
1,180.0,96,0.9354864267328846,0.9487238021913799,0.038461538461538464,5.3,0.47435897435897434,9.177794479894434,19.0,78,37,3,2,0,normal
1,180.0,97,0.8460444208077427,0.9546536368864252,0.02631578947368421,13.98,0.5,20.482687560331392,32.0,38,19,1,1,0,normal
1,180.0,98,0.8208563529040029,1.0,0.0,0.0,0.0,15.0,4.0,38,0,0,0,0,normal
1,180.0,99,0.826764327709456,0.9971625209442625,0.0,7.15,0.6666666666666666,16.758890888848953,27.0,60,40,0,2,0,normal
1,190.0,0,0.6560052839414674,0.9389737727679363,0.0,19.56,0.75,17.67268759473294,15.0,80,60,0,3,0,normal
1,190.0,1,0.6917038793705749,0.9751004096927328,0.020100502512562814,17.38,0.8793969849246231,16.445132705161708,21.0,199,175,4,9,0,normal
1,190.0,2,0.6848490750187368,0.9578545282816949,0.01694915254237288,6.19,0.8700564971751412,16.726421646653325,29.0,354,308,6,16,0,normal
1,190.0,3,0.7700806760931425,0.9965800937990653,0.0055248618784530384,23.85,0.5414364640883977,18.373849833116118,27.0,181,98,1,5,0,normal
1,190.0,4,0.7662978986600895,0.9173846604213028,0.02531645569620253,13.76,0.9113924050632911,15.74433502647454,30.0,316,288,8,15,0,normal
1,190.0,5,0.8168744369063721,0.9104531794341838,0.01968503937007874,9.34,0.8228346456692913,16.590901066928268,34.0,254,209,5,11,0,normal
1,190.0,6,0.6450591968477868,0.8947893941421101,0.019880715705765408,0.0,0.9801192842942346,17.733679158279926,30.0,503,493,10,26,0,normal
1,190.0,7,0.8368686484388497,1.0,0.008403361344537815,5.79,0.4957983193277311,15.515300306867529,29.0,119,59,1,3,0,normal
1,190.0,8,0.7686570593058747,0.9993876739170898,0.005154639175257732,8.69,0.6082474226804123,18.441958392735014,18.0,194,118,1,6,0,normal
1,190.0,9,0.8777693078354792,0.28363823592737014,0.9270833333333334,12.77,0.07291666666666667,37.88669598492183,18.0,96,7,89,5,1,blackhole
1,190.0,10,0.7709289786536412,0.9986529337695725,0.01282051282051282,5.44,0.5,17.823619698037334,28.0,78,39,1,2,0,normal
1,190.0,11,0.845303151587947,0.9914680882947198,0.025,11.41,0.975,12.883195410909334,33.0,40,39,1,2,0,normal
1,190.0,12,0.8080145025773742,0.9613642273903938,0.025,12.92,0.475,24.32754144453975,11.0,40,19,1,1,0,normal
1,190.0,13,0.7582472276639782,0.9918106462187063,0.012738853503184714,11.03,0.732484076433121,22.141134119278984,28.0,157,115,2,6,0,normal
1,190.0,14,0.8138241409024438,0.9864287791863284,0.0,13.51,0.5,16.444054129855765,32.0,80,40,0,2,0,normal
1,190.0,15,0.7736411789570791,0.933054431928131,0.028985507246376812,19.22,0.9710144927536232,17.221571008021012,37.0,138,134,4,7,0,normal
1,190.0,16,0.7796418932720288,0.9682315956130257,0.018604651162790697,19.36,0.8046511627906977,15.60861552565565,31.0,215,173,4,9,0,normal
1,190.0,17,0.8761717032964642,0.8976432905568137,0.02247191011235955,6.75,0.9775280898876404,18.557219401483177,39.0,178,174,4,9,0,normal
1,190.0,18,0.8645821799862896,1.0,0.0,9.31,0.75,13.89775874036331,14.0,80,60,0,3,0,normal
1,190.0,19,0.8772724182129166,0.969243772695428,0.008695652173913044,7.69,0.5130434782608696,15.489843901953263,25.0,115,59,1,3,0,normal
1,190.0,20,0.8290120589801397,0.9706555614956004,0.0,10.94,1.0,17.347286183380533,21.0,18,18,0,1,0,normal
1,190.0,21,0.8408407183615486,1.0,0.013157894736842105,0.0,0.75,17.767953362188326,34.0,76,57,1,3,0,normal
1,190.0,22,0.8066721487944568,0.9628907794104037,0.014598540145985401,23.13,0.4233576642335766,17.727325652334706,21.0,137,58,2,3,0,normal
1,190.0,23,0.879874540617078,0.9977917156710279,0.0,0.0,0.40816326530612246,15.363722078654083,10.0,98,40,0,2,0,normal
1,190.0,24,0.8763010346299404,1.0,0.0,6.65,0.0,15.0,11.0,20,0,0,0,0,normal
1,190.0,25,0.855366722346194,0.9487101355836113,0.007352941176470588,0.0,0.9926470588235294,15.368198880355468,10.0,136,135,1,7,0,normal
1,190.0,26,0.9132533273504402,0.9921139277924925,0.03508771929824561,6.16,0.6491228070175439,19.94575466729182,20.0,57,37,2,2,0,normal
1,190.0,27,0.7808741792155698,1.0,0.0,11.15,0.0,15.0,23.0,76,0,0,0,0,normal
1,190.0,28,0.8015186646303704,0.9734254290436972,0.02631578947368421,8.88,0.5,13.426634156572694,26.0,38,19,1,1,0,normal
1,190.0,29,0.8068308489194039,0.48911153119492845,0.6440677966101694,7.87,0.03389830508474576,39.708894714767496,27.0,59,2,38,2,1,blackhole
1,190.0,30,0.7906245902881446,0.9830005589912777,0.012658227848101266,12.23,0.9873417721518988,15.059893050664273,23.0,79,78,1,4,0,normal
1,190.0,31,0.887054946387477,0.981984095585724,0.0,12.53,1.0,17.62861958369316,32.0,40,40,0,2,0,normal
1,190.0,32,0.8371675988862343,0.9722125477764784,0.025423728813559324,8.64,0.8135593220338984,18.737252625745015,12.0,118,96,3,5,0,normal
1,190.0,33,0.7748673687914909,1.0,0.025423728813559324,22.39,0.8050847457627118,14.023557244926318,31.0,118,95,3,5,0,normal
1,190.0,34,0.8983509453608997,1.0,0.0,6.73,1.0,23.95701725738256,15.0,40,40,0,2,0,normal
1,190.0,35,0.8256120367447758,0.661993252877838,0.4805194805194805,9.52,0.03896103896103896,34.98300018573471,5.0,77,3,37,2,1,blackhole
1,190.0,36,0.8743671531430022,0.940370815922232,0.01440922190201729,17.08,0.8760806916426513,16.389882686107885,26.0,347,304,5,16,0,normal
1,190.0,37,0.7941726494717797,0.9954930252448397,0.02564102564102564,8.37,0.8205128205128205,19.62250597979831,28.0,117,96,3,5,0,normal
1,190.0,38,0.7884513551630244,1.0,0.03278688524590164,8.86,0.9672131147540983,20.031870596290812,27.0,122,118,4,7,0,normal
1,190.0,39,0.7929590103956243,0.9878417590124742,0.02564102564102564,6.05,0.48717948717948717,15.031633156310313,18.0,39,19,1,1,0,normal
1,190.0,40,0.8136497677047886,0.964591763866145,0.0072992700729927005,13.25,0.5620437956204379,15.282150308312978,25.0,137,77,1,4,0,normal
1,190.0,41,0.8876634651190703,1.0,0.010101010101010102,20.89,0.5959595959595959,14.577307754435099,20.0,99,59,1,3,0,normal
1,190.0,42,0.91752524153778,0.978748459548592,0.0,0.0,1.0,11.702375593333494,14.0,21,21,0,2,0,normal
1,190.0,43,0.8201855994881597,1.0,0.0,13.65,0.0,15.0,27.0,40,0,0,0,0,normal
1,190.0,44,0.848247535609249,0.9746910960407351,0.0,12.35,1.0,11.570796366664027,26.0,60,60,0,3,0,normal
1,190.0,45,0.8687643604451762,0.9323694209217369,0.0,7.28,0.40404040404040403,20.272464041605616,25.0,99,40,0,2,0,normal
1,190.0,46,0.8030706680804538,0.9745217979828674,0.0,8.49,0.0,15.0,8.0,76,0,0,0,0,normal
1,190.0,47,0.9391586338181085,1.0,0.012658227848101266,18.17,0.4936708860759494,12.200641105409016,16.0,79,39,1,2,0,normal
1,190.0,48,0.9113142628396435,0.9558874257880274,0.024691358024691357,21.54,0.7160493827160493,12.774960943642286,19.0,81,58,2,3,0,normal
1,190.0,49,0.8219635763980646,0.9698667544940655,0.017543859649122806,17.01,0.6842105263157895,22.779015365638323,38.0,57,39,1,2,0,normal
1,190.0,50,0.8129064359448687,0.9524588315337725,0.012658227848101266,0.0,0.7468354430379747,16.67067084795178,23.0,79,59,1,3,0,normal
1,190.0,51,0.9085340270848212,0.9310955679432367,0.013071895424836602,14.21,0.9869281045751634,17.724702444996968,18.0,153,151,2,8,0,normal
1,190.0,52,0.8489025647675239,1.0,0.0,18.89,0.0,15.0,19.0,19,0,0,0,0,normal
1,190.0,53,0.9221348119421937,1.0,0.0,0.0,0.0,15.0,9.0,36,0,0,0,0,normal
1,190.0,54,0.9271221071133787,0.9780984185687038,0.0,0.0,1.0,19.363291250943654,11.0,40,40,0,2,0,normal
1,190.0,55,0.8109974397047863,0.9866893808108206,0.029288702928870293,0.0,0.5523012552301255,16.04331934837499,23.0,239,132,7,7,0,normal
1,190.0,56,0.8027309590256397,0.9356993826125113,0.030303030303030304,22.42,0.5757575757575758,17.186510056045833,3.0,99,57,3,3,0,normal
1,190.0,57,0.8142258312682973,1.0,0.013513513513513514,24.01,0.527027027027027,20.351153772463753,25.0,74,39,1,2,0,normal
1,190.0,58,0.859384266297955,0.9820498055973539,0.0,16.59,0.2702702702702703,9.071349637619562,19.0,74,20,0,1,0,normal
1,190.0,59,0.7889073020329009,0.9803905802152517,0.021739130434782608,5.45,0.5579710144927537,17.327597436824274,33.0,138,77,3,4,0,normal
1,190.0,60,0.8342570463284944,0.9671196835013995,0.0,13.14,0.5063291139240507,13.452332623146246,19.0,79,40,0,2,0,normal
1,190.0,61,0.8441279833581179,0.9931595686474965,0.0,0.0,0.0,15.0,7.0,37,0,0,0,0,normal
1,190.0,62,0.8040944509524464,0.9429398624889833,0.025,7.5,0.475,19.104421589167526,21.0,40,19,1,1,0,normal
1,190.0,63,0.8621278170413472,0.6405875444300749,0.5,24.52,0.0,34.27191996806983,19.0,40,0,20,1,1,blackhole
1,190.0,64,0.8670321982930453,0.9637416520619031,0.007246376811594203,6.16,0.427536231884058,13.268024804099683,18.0,138,59,1,4,0,normal
1,190.0,65,0.9457732437736737,1.0,0.0,0.0,0.0,15.0,3.0,56,0,0,0,0,normal
1,190.0,66,0.8325912274519023,1.0,0.0,17.14,0.5,19.58366751192098,31.0,40,20,0,1,0,normal
1,190.0,67,0.8256396890650279,0.9978358734652201,0.0,24.42,0.7615894039735099,15.708074226174626,18.0,151,115,0,6,0,normal
1,190.0,68,0.8236578972745524,1.0,0.0,19.8,0.6779661016949152,23.41060118300225,19.0,59,40,0,2,0,normal
1,190.0,69,0.8957456303798227,1.0,0.0,5.77,1.0,15.0,28.0,0,0,0,0,0,normal
1,190.0,70,0.8618497376524044,1.0,0.0,13.27,0.3389830508474576,23.77224837421864,24.0,59,20,0,1,0,normal
1,190.0,71,0.8012155411401612,1.0,0.0,0.0,1.0,10.527642976778738,29.0,20,20,0,1,0,normal
1,190.0,72,0.8821295985147577,0.9422362291043649,0.0,21.86,0.6060606060606061,18.298722886071364,33.0,99,60,0,3,0,normal
1,190.0,73,0.8678671222670685,1.0,0.0,15.08,0.25316455696202533,22.531026107643683,22.0,79,20,0,1,0,normal
1,190.0,74,0.8509230418835722,0.9893978442901328,0.037037037037037035,14.08,0.6790123456790124,14.492742087449201,34.0,81,55,3,3,0,normal
1,190.0,75,0.8584730226048828,1.0,0.0,17.5,0.19047619047619047,11.552210316665242,32.0,21,4,0,1,0,normal
1,190.0,76,0.8357721480624827,0.9739751464149615,0.0,5.29,0.5128205128205128,16.92212192249406,14.0,78,40,0,2,0,normal
1,190.0,77,0.8832106431956945,0.9662312248607383,0.03333333333333333,16.29,0.9666666666666667,16.75386926995658,16.0,60,58,2,3,0,normal
1,190.0,78,0.8221908379608248,0.9943348877454438,0.0,14.47,0.5194805194805194,16.305325912036746,24.0,77,40,0,2,0,normal
1,190.0,79,0.8654827184048333,1.0,0.0,15.26,0.6779661016949152,20.77954009751137,19.0,59,40,0,2,0,normal
1,190.0,80,0.9168820818838593,0.9279083335667274,0.05,18.38,0.95,14.035889826505922,34.0,60,57,3,3,0,normal
1,190.0,81,0.8882142818777262,0.972231547292858,0.010309278350515464,12.76,0.4020618556701031,21.32876098038176,4.0,97,39,1,2,0,normal
1,190.0,82,0.8185695307619294,0.964358567097774,0.0,11.12,1.0,19.05438772410908,17.0,80,80,0,4,0,normal
1,190.0,83,0.8919553878247699,1.0,0.0,14.48,0.6779661016949152,14.73754283902462,24.0,59,40,0,2,0,normal
1,190.0,84,0.8297126737246616,0.9866341186834797,0.0,11.41,0.9090909090909091,12.97935538021426,25.0,22,20,0,1,0,normal
1,190.0,85,0.8532542030869442,0.9375586324167416,0.0,16.12,0.5263157894736842,25.253315004986504,12.0,38,20,0,1,0,normal
1,190.0,86,0.8503179530255475,0.9898210206282158,0.0,12.84,1.0,15.771995178013384,28.0,40,40,0,2,0,normal
1,190.0,87,0.894857678681979,0.9393650604234022,0.022222222222222223,12.45,0.5555555555555556,14.809549897994746,33.0,135,75,3,4,0,normal
1,190.0,88,0.8072576183949319,1.0,0.0,5.06,0.5,16.73962199317758,6.0,40,20,0,1,0,normal
1,190.0,89,0.8329337942131476,0.9068944899078552,0.05,0.0,0.95,18.170692253306033,7.0,40,38,2,2,0,normal
1,190.0,90,0.8454788134421656,0.9692290094221638,0.0,9.88,1.0,24.99544780879663,18.0,20,20,0,1,0,normal
1,190.0,91,0.8552158873666745,0.9765324935038566,0.01694915254237288,14.49,0.6610169491525424,16.240899267156486,33.0,59,39,1,2,0,normal
1,190.0,92,0.8322553631910867,1.0,0.01020408163265306,6.69,0.5918367346938775,18.606872815898537,35.0,98,58,1,3,0,normal
1,190.0,93,0.8814882468900013,0.9575495898837308,0.05,9.66,0.95,19.661406772641435,37.0,20,19,1,1,0,normal
1,190.0,94,0.9251250306166505,0.9805197888355791,0.0,11.92,1.0,24.672734284857267,10.0,20,20,0,1,0,normal
1,190.0,95,0.895866552081651,1.0,0.013157894736842105,20.15,0.25,8.952336574284574,5.0,76,19,1,1,0,normal
1,190.0,96,0.9354864267328846,1.0,0.0,5.3,1.0,15.0,18.0,0,0,0,0,0,normal
1,190.0,97,0.8393644208077427,0.9583502242583097,0.0,0.0,1.0,15.891919055250423,32.0,157,157,0,8,0,normal
1,190.0,98,0.820096352904003,0.9501917275403201,0.0,7.55,0.0,15.0,6.0,38,0,0,0,0,normal
1,190.0,99,0.825564327709456,1.0,0.0,7.15,1.0,9.660501018005478,30.0,20,20,0,1,0,normal
1,200.0,0,0.6499452839414674,0.6432559047183718,0.411214953271028,19.56,0.4158878504672897,28.47563491686345,23.0,214,89,88,9,1,greyhole
1,200.0,1,0.6892638793705749,0.949377056156397,0.023255813953488372,17.38,0.9069767441860465,18.3034434709123,4.0,43,39,1,2,0,normal
1,200.0,2,0.6723690750187369,0.9245335690892601,0.009146341463414634,6.19,0.8414634146341463,16.907015974184763,32.0,328,276,3,15,0,normal
1,200.0,3,0.7564406760931424,0.8871457800895883,0.025396825396825397,23.85,0.9746031746031746,16.710655465383443,36.0,315,307,8,17,0,normal
1,200.0,4,0.7561778986600894,0.906307259791116,0.007905138339920948,13.76,0.9209486166007905,16.928178245867674,22.0,253,233,2,12,0,normal
1,200.0,5,0.8097744369063722,0.9564207480566771,0.03571428571428571,9.34,0.8214285714285714,15.213542161170402,33.0,140,115,5,6,0,normal
1,200.0,6,0.6314991968477868,0.9132292688914817,0.01084010840108401,24.7,0.7289972899728997,19.690961168625428,26.0,369,269,4,14,0,normal
1,200.0,7,0.8368286484388496,0.9638765657937182,0.0,0.0,0.0,15.0,29.0,2,0,0,0,0,normal
1,200.0,8,0.7658370593058748,1.0,0.0,8.69,0.7285714285714285,21.24124174750366,19.0,70,51,0,3,0,normal
1,200.0,9,0.8732093078354792,0.25880245738973506,0.9428571428571428,12.77,0.05714285714285714,33.27071143322111,23.0,140,8,132,7,1,blackhole
1,200.0,10,0.7665889786536412,0.6384475426430606,0.43,5.44,0.57,24.060038810978703,29.0,100,57,43,5,1,greyhole
1,200.0,11,0.841403151587947,0.9281029076703564,0.01282051282051282,11.41,0.9871794871794872,14.670472856734898,37.0,78,77,1,5,0,normal
1,200.0,12,0.8064345025773743,0.9796560704252222,0.0,0.0,0.5128205128205128,18.266553791450505,13.0,39,20,0,1,0,normal
1,200.0,13,0.7425472276639783,0.8900517662072809,0.028350515463917526,11.03,0.9201030927835051,16.480218268384714,31.0,388,357,11,20,0,normal
1,200.0,14,0.8107041409024438,1.0,0.012987012987012988,13.51,0.5064935064935064,10.295861624851572,37.0,77,39,1,2,0,normal
1,200.0,15,0.7637811789570791,0.8728031784191547,0.0321285140562249,0.0,0.8995983935742972,20.027664677545737,40.0,249,224,8,12,0,normal
1,200.0,16,0.7745018932720289,0.971901351287348,0.00847457627118644,0.0,0.6694915254237288,18.44348634500153,21.0,118,79,1,4,0,normal
1,200.0,17,0.8719917032964642,0.9826916916311966,0.03125,6.75,0.96875,18.565045812058056,37.0,96,93,3,6,0,normal
1,200.0,18,0.8614821799862896,0.9766409342767682,0.01282051282051282,9.31,0.9871794871794872,13.291793454290564,18.0,78,77,1,4,0,normal
1,200.0,19,0.8751324182129165,0.9551050547889958,0.0,7.69,0.4861111111111111,18.022253331713248,35.0,72,35,0,3,0,normal
1,200.0,20,0.8247920589801397,0.9959484901947442,0.007462686567164179,10.94,0.5746268656716418,19.394295655144,13.0,134,77,1,4,0,normal
1,200.0,21,0.8373207183615486,0.9818459079742047,0.0,24.74,0.7435897435897436,16.111943444778415,25.0,78,58,0,3,0,normal
1,200.0,22,0.8039321487944568,0.978798404292973,0.03389830508474576,23.13,0.6440677966101694,12.4315649196034,8.0,59,38,2,2,0,normal
1,200.0,23,0.877514540617078,0.9517488971749032,0.05,17.43,0.95,17.132379687052563,20.0,40,38,2,2,0,normal
1,200.0,24,0.8739010346299403,0.9735841033580394,0.0,6.65,1.0,18.928983477572103,14.0,40,40,0,2,0,normal
1,200.0,25,0.850686722346194,0.9594744503069315,0.020618556701030927,7.86,0.7938144329896907,19.76502746543962,14.0,97,77,2,4,0,normal
1,200.0,26,0.9057733273504402,0.9747746761562446,0.01910828025477707,6.16,0.7452229299363057,17.40616299177802,21.0,157,117,3,6,0,normal
1,200.0,27,0.7797941792155698,0.9773487496665403,0.0,11.15,0.17391304347826086,13.180109299524988,26.0,46,8,0,1,0,normal
1,200.0,28,0.8003186646303703,1.0,0.0,0.0,1.0,17.347481519651936,29.0,20,20,0,1,0,normal
1,200.0,29,0.8038308489194039,0.6633580412928192,0.4365079365079365,7.87,0.031746031746031744,38.253017857809965,19.0,126,4,55,3,1,blackhole
1,200.0,30,0.7870645902881446,0.9985150839752064,0.01818181818181818,0.0,0.6181818181818182,14.52922229150136,19.0,110,68,2,5,0,normal
1,200.0,31,0.883514946387477,0.9501939023081729,0.012658227848101266,12.53,0.7341772151898734,15.64196968978858,41.0,79,58,1,3,0,normal
1,200.0,32,0.8327675988862342,0.9095749898416263,0.013513513513513514,8.64,0.4864864864864865,17.090300637206944,17.0,148,72,2,5,0,normal
1,200.0,33,0.7705473687914909,0.9885675509022758,0.01020408163265306,22.39,0.7959183673469388,17.324395453222,34.0,98,78,1,4,0,normal
1,200.0,34,0.8972309453608996,1.0,0.0,6.73,0.0,15.0,16.0,56,0,0,0,0,normal
1,200.0,35,0.8240520367447758,0.7530527662200622,0.32142857142857145,0.0,0.03571428571428571,27.749119694650965,4.0,56,2,18,1,1,blackhole
1,200.0,36,0.8741471531430022,1.0,0.0,17.08,0.0,15.0,25.0,11,0,0,0,0,normal
1,200.0,37,0.7925926494717797,1.0,0.0,8.37,0.5128205128205128,12.127802451704397,36.0,39,20,0,1,0,normal
1,200.0,38,0.7876713551630244,0.9469814145120473,0.05,8.86,0.95,16.995920094404667,23.0,20,19,1,1,0,normal
1,200.0,39,0.7827990103956243,0.9479126831351178,0.04048582995951417,6.05,0.8137651821862348,15.813278702205068,21.0,247,201,10,12,0,normal
1,200.0,40,0.8124897677047885,0.8541498525956559,0.1,0.0,0.9,22.684577637548475,18.0,20,18,2,1,0,normal
1,200.0,41,0.8849234651190703,0.9458850906502804,0.017241379310344827,20.89,0.6724137931034483,12.768184130599252,27.0,58,39,1,2,0,normal
1,200.0,42,0.91472524153778,0.9870035207014951,0.0,16.06,0.6666666666666666,14.062525669039378,15.0,60,40,0,2,0,normal
1,200.0,43,0.8183055994881597,1.0,0.0,0.0,0.37037037037037035,8.609142957399184,27.0,54,20,0,1,0,normal
1,200.0,44,0.843487535609249,1.0,0.008403361344537815,12.35,0.4957983193277311,14.760100434830044,33.0,119,59,1,3,0,normal
1,200.0,45,0.8664843604451762,0.8389647959506097,0.1794871794871795,7.28,0.20512820512820512,21.556104908267066,20.0,78,16,14,2,1,greyhole
1,200.0,46,0.8027106680804538,0.979305772815698,0.0,8.49,0.0,15.0,14.0,18,0,0,0,0,normal
1,200.0,47,0.9375386338181084,0.9790391851713223,0.0,18.17,0.35,18.476254073893767,25.0,60,21,0,2,0,normal
1,200.0,48,0.9093542628396435,0.9507286534220227,0.0,21.54,0.3448275862068966,17.644982780689134,16.0,58,20,0,1,0,normal
1,200.0,49,0.8161235763980645,0.928982989085326,0.050359712230215826,17.01,0.5251798561151079,13.959806008242014,29.0,139,73,7,4,0,normal
1,200.0,50,0.8117664359448686,1.0,0.0,14.16,0.0,15.0,27.0,57,0,0,0,0,normal
1,200.0,51,0.9061940270848212,0.9482617616071153,0.025,14.21,0.4625,21.477797567158365,7.0,80,37,2,2,0,normal
1,200.0,52,0.8453225647675239,0.9442020822088235,0.04225352112676056,18.89,0.9577464788732394,19.408182239822043,31.0,71,68,3,4,0,normal
1,200.0,53,0.9182148119421937,0.9615613183028329,0.02564102564102564,24.72,0.7435897435897436,17.590462696739394,16.0,78,58,2,3,0,normal
1,200.0,54,0.9271221071133787,1.0,0.0,18.57,1.0,15.0,20.0,0,0,0,0,0,normal
1,200.0,55,0.8085974397047863,1.0,0.0,7.41,1.0,15.633964287256834,24.0,40,40,0,2,0,normal
1,200.0,56,0.8027309590256397,1.0,0.0,0.0,1.0,15.0,0.0,0,0,0,0,0,normal
1,200.0,57,0.8137458312682972,0.9910815199703664,0.0,24.01,0.0,15.0,16.0,24,0,0,0,0,normal
1,200.0,58,0.8562642662979549,0.9649004242679059,0.02531645569620253,16.59,0.7215189873417721,17.714830185101604,17.0,79,57,2,3,0,normal
1,200.0,59,0.7845073020329009,0.9703733858353387,0.009900990099009901,5.45,0.7821782178217822,16.430792418506748,37.0,101,79,1,4,0,normal
1,200.0,60,0.8277570463284945,0.9873888409708567,0.031007751937984496,13.14,0.7441860465116279,15.04833944657083,29.0,129,96,4,5,0,normal
1,200.0,61,0.8405479833581179,0.941509182171573,0.016666666666666666,24.95,0.9833333333333333,21.579408924594784,12.0,60,59,1,3,0,normal
1,200.0,62,0.8021144509524464,0.9850810369058324,0.0,0.0,0.3389830508474576,11.891307072656007,20.0,59,20,0,1,0,normal
1,200.0,63,0.8607278170413473,0.6614594732806992,0.3877551020408163,0.0,0.02040816326530612,36.1807409139566,7.0,49,1,19,1,1,blackhole
1,200.0,64,0.8662721982930452,1.0,0.0,6.16,0.0,15.0,13.0,38,0,0,0,1,greyhole
1,200.0,65,0.9442732437736736,1.0,0.0,6.1,0.5714285714285714,19.69251693009152,4.0,35,20,0,1,0,normal
1,200.0,66,0.8291312274519024,0.9631604731805692,0.010416666666666666,17.14,0.59375,18.370782216109806,21.0,96,57,1,3,0,normal
1,200.0,67,0.821299689065028,0.9066175391238102,0.01020408163265306,0.0,0.6020408163265306,11.687251198737123,16.0,98,59,1,3,0,normal
1,200.0,68,0.8189578972745524,0.9746618361857357,0.030303030303030304,19.8,0.7676767676767676,17.5664735446719,24.0,99,76,3,4,0,normal
1,200.0,69,0.8948056303798226,0.9717097461735416,0.0,5.77,0.0,15.0,34.0,47,0,0,0,0,normal
1,200.0,70,0.8591297376524044,1.0,0.0,13.27,1.0,13.565176644811919,21.0,58,58,0,3,0,normal
1,200.0,71,0.8000155411401613,0.9864097498098551,0.0,8.09,1.0,18.85630112654104,30.0,20,20,0,1,0,normal
1,200.0,72,0.8808095985147576,0.9882500198598914,0.0,0.0,1.0,16.344299040923882,21.0,33,33,0,2,0,normal
1,200.0,73,0.8663071222670685,1.0,0.0,15.08,0.5263157894736842,24.193548039265966,12.0,38,20,0,1,0,normal
1,200.0,74,0.8473430418835722,0.9481552994337242,0.016666666666666666,14.08,0.9833333333333333,19.343690286806318,29.0,60,59,1,3,0,normal
1,200.0,75,0.8561130226048828,0.9401868683920261,0.05,17.5,0.95,17.26319897511788,38.0,40,38,2,2,0,normal
1,200.0,76,0.8326321480624828,0.9900655859145935,0.01282051282051282,5.29,0.5,10.549352721200728,16.0,78,39,1,2,0,normal
1,200.0,77,0.8804706431956946,0.993725989774037,0.017241379310344827,0.0,0.6724137931034483,23.304434150383656,6.0,58,39,1,2,0,normal
1,200.0,78,0.8098108379608249,0.9596042316704654,0.02054794520547945,14.47,0.8458904109589042,15.457247204266707,34.0,292,247,6,13,0,normal
1,200.0,79,0.8615827184048332,0.9552812954771512,0.013157894736842105,0.0,0.7763157894736842,12.550636076930912,17.0,76,59,1,3,0,normal
1,200.0,80,0.9129420818838593,1.0,0.01020408163265306,18.38,0.6020408163265306,18.299407846081795,23.0,98,59,1,3,0,normal
1,200.0,81,0.8870142818777262,1.0,0.0,12.76,1.0,17.76663591431783,7.0,20,20,0,1,0,normal
1,200.0,82,0.8139095307619294,0.9908998920893733,0.0,11.12,0.44029850746268656,16.31819046431085,27.0,134,59,0,3,0,normal
1,200.0,83,0.88955538782477,1.0,0.0,14.48,1.0,18.149316931051136,37.0,40,40,0,2,0,normal
1,200.0,84,0.8277326737246615,1.0,0.0,11.41,0.3389830508474576,10.00753330291908,19.0,59,20,0,1,0,normal
1,200.0,85,0.8528542030869443,0.9953122323350887,0.0,0.0,0.0,15.0,13.0,20,0,0,0,0,normal
1,200.0,86,0.8479179530255474,1.0,0.0,12.84,0.25,25.354572802780346,35.0,80,20,0,1,0,normal
1,200.0,87,0.894857678681979,1.0,0.0,12.45,1.0,15.0,22.0,0,0,0,0,0,normal
1,200.0,88,0.8072576183949319,1.0,0.0,0.0,1.0,15.0,7.0,0,0,0,0,0,normal
1,200.0,89,0.8313337942131476,0.9780904971496083,0.047619047619047616,24.45,0.42857142857142855,15.9972768169988,14.0,42,18,2,1,0,normal
1,200.0,90,0.8423588134421656,1.0,0.0,9.88,1.0,20.337055621877905,17.0,58,58,0,3,0,normal
1,200.0,91,0.8536358873666745,0.9715813000310414,0.0,14.49,0.5128205128205128,13.405550385343735,33.0,39,20,0,1,0,normal
1,200.0,92,0.8260553631910867,0.9867715495166869,0.011363636363636364,6.69,0.6477272727272727,15.99322314273723,35.0,176,114,2,6,0,normal
1,200.0,93,0.8779082468900014,0.9598708040213813,0.016666666666666666,9.66,0.9833333333333333,16.85198771179233,33.0,60,59,1,3,0,normal
1,200.0,94,0.9237050306166505,0.8933738636445512,0.06060606060606061,11.92,0.5454545454545454,16.20780120620467,12.0,33,18,2,1,0,normal
1,200.0,95,0.895106552081651,0.9626909643531806,0.0,0.0,0.0,15.0,12.0,38,0,0,0,0,normal
1,200.0,96,0.9330864267328847,0.9765597852090635,0.0,5.3,1.0,17.835946070868122,16.0,40,40,0,2,0,normal
1,200.0,97,0.8373844208077427,1.0,0.0,15.32,0.3389830508474576,9.681226721247166,24.0,59,20,0,1,0,normal
1,200.0,98,0.8195563529040029,0.9711524205570168,0.0,7.55,0.0,15.0,6.0,27,0,0,0,0,normal
1,200.0,99,0.823564327709456,0.9703035789318838,0.0,7.15,0.3333333333333333,19.213127327659546,33.0,60,20,0,1,0,normal
1,210.0,0,0.6427052839414674,0.6965322989114348,0.3179916317991632,0.0,0.3472803347280335,27.297312919901483,24.0,239,83,76,9,1,greyhole
1,210.0,1,0.6868638793705748,0.9943687732813339,0.0,0.0,1.0,12.686114850356102,3.0,40,40,0,2,0,normal
1,210.0,2,0.6636890750187369,0.9366686075667645,0.020100502512562814,6.19,0.9798994974874372,16.5463031322811,37.0,199,195,4,11,0,normal
1,210.0,3,0.7491606760931424,0.9628673537430187,0.0048543689320388345,23.85,0.5728155339805825,14.77934428624061,20.0,206,118,1,6,0,normal
1,210.0,4,0.7522778986600895,0.9777578837712979,0.04040404040404041,13.76,0.7676767676767676,16.169991765510943,13.0,99,76,4,4,0,normal
1,210.0,5,0.8079344369063721,0.9965992815061435,0.0,9.34,0.6,14.350353404274923,28.0,45,27,0,5,0,normal
1,210.0,6,0.6190791968477868,0.9165886562584369,0.0231023102310231,24.7,0.9174917491749175,20.067489673871584,37.0,303,278,7,16,0,normal
1,210.0,7,0.8348286484388496,0.9950712878101262,0.0,19.05,1.0,16.631780797678047,32.0,40,40,0,2,0,normal
1,210.0,8,0.7554370593058747,0.8651477086059228,0.01195219123505976,8.69,0.9123505976095617,17.062288332857957,15.0,251,229,3,13,0,normal
1,210.0,9,0.8665893078354792,0.15813677698536227,0.9680851063829787,12.77,0.031914893617021274,36.226292089802264,21.0,282,9,273,17,1,blackhole
1,210.0,10,0.7621089786536411,0.6924438975276279,0.33544303797468356,5.44,0.4177215189873418,26.63341976724209,30.0,158,66,53,6,1,greyhole
1,210.0,11,0.838643151587947,0.9305635535117531,0.03333333333333333,11.41,0.6333333333333333,19.78421227512768,36.0,60,38,2,2,0,normal
1,210.0,12,0.8044345025773743,1.0,0.0,9.23,0.3333333333333333,24.03598760161411,15.0,60,20,0,1,0,normal
1,210.0,13,0.7365072276639782,0.9753192672171883,0.013513513513513514,11.03,0.9054054054054054,20.7232152988854,33.0,148,134,2,7,0,normal
1,210.0,14,0.8055841409024438,0.9379486226764681,0.0,13.51,0.4411764705882353,17.789874630627278,34.0,136,60,0,3,0,normal
1,210.0,15,0.7555611789570791,0.9008614331098841,0.028089887640449437,5.44,0.9719101123595506,17.846862308381425,34.0,178,173,5,9,0,normal
1,210.0,16,0.7701818932720289,0.9513438981557422,0.010101010101010102,14.76,0.9797979797979798,18.453640341543725,18.0,99,97,1,5,0,normal
1,210.0,17,0.8698517032964642,0.9303710306535544,0.016129032258064516,0.0,0.7258064516129032,18.765915101168396,39.0,62,45,1,5,0,normal
1,210.0,18,0.8553821799862896,0.9138683249565784,0.02027027027027027,9.31,0.9256756756756757,19.434906325613554,12.0,148,137,3,10,0,normal
1,210.0,19,0.8735324182129165,0.9882831125669995,0.0,7.69,0.5,23.740067450814678,34.0,40,20,0,1,0,normal
1,210.0,20,0.8223920589801398,0.9694625172357332,0.024390243902439025,10.94,0.9512195121951219,14.986492658622746,9.0,41,39,1,2,0,normal
1,210.0,21,0.8357407183615486,1.0,0.0,0.0,0.5128205128205128,23.61064358315595,13.0,39,20,0,1,0,normal
1,210.0,22,0.8027121487944568,0.9814594319851788,0.0,0.0,0.9523809523809523,12.46367322397503,8.0,21,20,0,1,0,normal
1,210.0,23,0.8725945406170781,0.9605433983179573,0.009259259259259259,0.0,0.7222222222222222,14.440608216864433,21.0,108,78,1,4,0,normal
1,210.0,24,0.8687610346299404,0.9803161562968445,0.01020408163265306,6.65,0.8061224489795918,19.77109876010939,14.0,98,79,1,4,0,normal
1,210.0,25,0.8495467223461941,1.0,0.0,7.86,0.5,15.397815498140066,14.0,38,19,0,1,0,normal
1,210.0,26,0.9025933273504402,1.0,0.0,0.0,0.5063291139240507,16.19849872498051,21.0,79,40,0,2,0,normal
1,210.0,27,0.7741941792155698,0.9599064222691162,0.0,11.15,1.0,15.00462687680843,27.0,100,100,0,5,0,normal
1,210.0,28,0.7975986646303703,0.9638305659263079,0.01282051282051282,16.91,0.7435897435897436,19.627599014454244,37.0,78,58,1,3,0,normal
1,210.0,29,0.800470848919404,0.2878742304343053,0.92,7.87,0.08,30.08516136166993,11.0,100,8,92,5,1,blackhole
1,210.0,30,0.7831245902881446,0.9544215918135652,0.008403361344537815,20.71,0.48739495798319327,13.856838739091767,21.0,119,58,1,4,0,normal
1,210.0,31,0.882314946387477,0.9788097479423014,0.0,12.53,1.0,19.224422287079534,36.0,20,20,0,1,0,normal
1,210.0,32,0.8237075988862342,0.9379831366744044,0.013761467889908258,8.64,0.7110091743119266,14.462930718911597,19.0,218,155,3,8,0,normal
1,210.0,33,0.7693473687914909,1.0,0.0,0.0,1.0,10.203991562474355,31.0,20,20,0,1,0,normal
1,210.0,34,0.8942509453608997,0.9586106557174239,0.013333333333333334,6.73,0.9866666666666667,14.55135177926571,19.0,75,74,1,4,0,normal
1,210.0,35,0.8222320367447759,0.7746868389538274,0.28169014084507044,0.0,0.0,34.138474400891106,7.0,71,0,20,1,1,blackhole
1,210.0,36,0.8679871531430022,0.9548633571440202,0.0,17.08,0.6271186440677966,16.011637591791814,29.0,177,111,0,6,0,normal
1,210.0,37,0.7882326494717797,0.9852527503581047,0.0,8.37,0.797979797979798,12.617921558745293,40.0,99,79,0,4,0,normal
1,210.0,38,0.7856513551630245,0.9304914740218129,0.015873015873015872,0.0,0.6031746031746031,21.17969638503994,26.0,63,38,1,2,0,normal
1,210.0,39,0.7804590103956243,0.9798850578505083,0.0,6.05,0.2597402597402597,14.710848903731982,21.0,77,20,0,1,0,normal
1,210.0,40,0.8090697677047886,0.9736763180831486,0.027777777777777776,12.06,0.8194444444444444,14.866045708285501,18.0,72,59,2,4,0,normal
1,210.0,41,0.8810634651190703,0.9946982952590145,0.008695652173913044,20.89,0.5043478260869565,15.054573080784827,36.0,115,58,1,3,0,normal
1,210.0,42,0.90302524153778,0.9390103784910707,0.032490974729241874,16.06,0.8953068592057761,16.22595009326371,25.0,277,248,9,14,0,normal
1,210.0,43,0.8161055994881597,0.9856316395516849,0.014084507042253521,18.99,0.2676056338028169,9.508539652494958,38.0,71,19,1,1,0,normal
1,210.0,44,0.8420675356092491,0.9582811752781024,0.06060606060606061,0.0,0.5454545454545454,17.889023447393328,35.0,33,18,2,1,0,normal
1,210.0,45,0.8639443604451762,0.7933243570570745,0.23333333333333334,7.28,0.45,24.117780756052923,16.0,60,27,14,3,1,greyhole
1,210.0,46,0.7991506680804538,1.0,0.0,8.49,0.40816326530612246,15.535569369841774,15.0,98,40,0,2,0,normal
1,210.0,47,0.9367586338181084,1.0,0.0,0.0,0.0,15.0,36.0,39,0,0,0,0,normal
1,210.0,48,0.9042342628396435,0.9597415548195313,0.030303030303030304,21.54,0.7777777777777778,19.050833477448244,11.0,99,77,3,4,0,normal
1,210.0,49,0.8133435763980645,1.0,0.016666666666666666,0.0,0.65,15.521206268133396,26.0,60,39,1,2,0,normal
1,210.0,50,0.8066264359448686,0.9588072759769463,0.020202020202020204,14.16,0.7878787878787878,18.16058598269895,37.0,99,78,2,4,0,normal
1,210.0,51,0.9030740270848212,0.9596173600350636,0.00847457627118644,0.0,0.3220338983050847,23.27056105861372,5.0,118,38,1,2,0,normal
1,210.0,52,0.8437625647675239,1.0,0.0,0.0,0.5263157894736842,12.487153095663936,29.0,38,20,0,1,0,normal
1,210.0,53,0.9130948119421937,0.9409254936719532,0.015503875968992248,24.72,0.8294573643410853,17.754046377293346,21.0,129,107,2,6,0,normal
1,210.0,54,0.9247421071133787,0.9839911595262859,0.016666666666666666,0.0,0.65,18.3441649343981,22.0,60,39,1,2,0,normal
1,210.0,55,0.8011374397047863,0.9158894105925856,0.011976047904191617,7.41,0.874251497005988,19.315115959305434,26.0,167,146,2,8,0,normal
1,210.0,56,0.7995909590256397,1.0,0.0,8.07,0.5194805194805194,10.087985008483315,4.0,77,40,0,2,0,normal
1,210.0,57,0.8097858312682973,0.9735588658602473,0.012658227848101266,0.0,0.7468354430379747,12.224949510198867,6.0,79,59,1,3,0,normal
1,210.0,58,0.8559242662979549,0.9554039119417079,0.0,16.59,0.0,15.0,8.0,17,0,0,0,0,normal
1,210.0,59,0.7790273020329009,0.9572660835128005,0.014492753623188406,5.45,0.8405797101449275,16.509046519138973,36.0,138,116,2,7,0,normal
1,210.0,60,0.8257970463284945,0.998613448437525,0.05,13.14,0.95,11.878565741202522,41.0,40,38,2,2,0,normal
1,210.0,61,0.8389879833581179,1.0,0.02564102564102564,24.95,0.48717948717948717,9.390452597877411,35.0,39,19,1,1,0,normal
1,210.0,62,0.7997144509524464,0.9815019106701586,0.0,23.57,1.0,12.832869924084125,16.0,40,40,0,2,0,normal
1,210.0,63,0.8590678170413473,0.3160844204113663,0.925,22.67,0.075,34.98299063705065,8.0,40,3,37,2,1,blackhole
1,210.0,64,0.8633121982930453,0.5900340979138409,0.5333333333333333,6.16,0.4666666666666667,26.059256946835266,11.0,60,28,32,3,1,greyhole
1,210.0,65,0.9414532437736736,1.0,0.0,6.1,0.6557377049180327,11.594289316359582,8.0,61,40,0,2,0,normal
1,210.0,66,0.8267112274519024,0.9579443118227822,0.0,17.14,0.6557377049180327,15.980424812530785,12.0,61,40,0,2,0,normal
1,210.0,67,0.820499689065028,0.978861719401944,0.0,5.79,0.0,15.0,18.0,40,0,0,0,0,normal
1,210.0,68,0.8185578972745524,1.0,0.0,0.0,0.0,15.0,31.0,20,0,0,0,0,normal
1,210.0,69,0.8928256303798227,0.9668119940568859,0.016666666666666666,5.77,0.31666666666666665,8.50341633454371,40.0,60,19,1,1,0,normal
1,210.0,70,0.8550697376524043,0.9507611349286643,0.008547008547008548,0.0,0.5641025641025641,13.98758110864216,12.0,117,66,1,4,0,normal
1,210.0,71,0.7960755411401613,0.9522294011556082,0.0375,8.09,0.7125,17.596018676111793,37.0,80,57,3,3,0,normal
1,210.0,72,0.8800695985147576,0.9844815534922602,0.0,23.48,0.0,15.0,19.0,37,0,0,0,0,normal
1,210.0,73,0.8630071222670685,1.0,0.011627906976744186,0.0,0.45348837209302323,19.621115539568375,13.0,86,39,1,2,0,normal
1,210.0,74,0.8433830418835722,0.9736549556545641,0.0,0.0,0.3389830508474576,18.42081009822357,25.0,118,40,0,2,0,normal
1,210.0,75,0.8523530226048828,0.9636694526497382,0.014492753623188406,0.0,0.855072463768116,20.68898141546789,38.0,69,59,1,3,0,normal
1,210.0,76,0.8306321480624828,0.9916193527253168,0.0,5.29,1.0,19.542918431318196,14.0,40,40,0,2,0,normal
1,210.0,77,0.8780506431956946,0.9431968926848807,0.0,8.24,0.975609756097561,15.94986337454371,6.0,41,40,0,2,0,normal
1,210.0,78,0.8094308379608248,1.0,0.0,14.47,0.0,15.0,25.0,19,0,0,0,0,normal
1,210.0,79,0.8540827184048332,0.9720623695571313,0.006329113924050633,9.41,0.9936708860759493,18.276469641156876,29.0,158,157,1,8,0,normal
1,210.0,80,0.9125620818838593,0.9540651842216673,0.0,18.38,0.0,15.0,12.0,19,0,0,0,0,normal
1,210.0,81,0.8854342818777262,0.9970080161498288,0.0,12.76,0.5128205128205128,15.044946341997713,10.0,39,20,0,1,0,normal
1,210.0,82,0.8131895307619295,0.9986226125783528,0.0,11.12,1.0,9.750624864269678,28.0,18,18,0,1,0,normal
1,210.0,83,0.8878753878247699,0.9780366354242889,0.0,14.48,0.5238095238095238,16.31832336641405,36.0,42,22,0,2,0,normal
1,210.0,84,0.8277126737246616,1.0,0.0,0.0,0.0,15.0,18.0,1,0,0,0,0,normal
1,210.0,85,0.8512542030869442,1.0,0.0,14.31,0.5,17.70383185017003,19.0,40,20,0,1,0,normal
1,210.0,86,0.8420779530255474,0.9659033174765931,0.007352941176470588,12.84,0.7058823529411765,18.81984105363349,41.0,136,96,1,5,0,normal
1,210.0,87,0.893657678681979,1.0,0.0,0.0,1.0,12.806669683137928,15.0,20,20,0,1,0,normal
1,210.0,88,0.8023376183949319,0.9811163410445395,0.011494252873563218,24.87,0.9080459770114943,16.212697726641494,5.0,87,79,1,4,0,normal
1,210.0,89,0.8281737942131475,0.9485704282952154,0.03333333333333333,0.0,0.9666666666666667,11.532607626313341,21.0,60,58,2,3,0,normal
1,210.0,90,0.8411588134421656,0.9952157087303133,0.0,9.88,1.0,23.883173326840314,17.0,20,20,0,1,0,normal
1,210.0,91,0.8510758873666745,0.9768493538161054,0.02040816326530612,14.49,0.7959183673469388,9.675780195633884,23.0,49,39,1,2,0,normal
1,210.0,92,0.8252753631910867,0.8952258833568003,0.05,6.69,0.95,13.63415824600675,40.0,20,19,1,1,0,normal
1,210.0,93,0.8732682468900013,0.9335555808609284,0.03389830508474576,9.66,0.7966101694915254,17.929386743943105,31.0,118,94,4,5,0,normal
1,210.0,94,0.9233050306166506,0.9748603195215932,0.0,11.92,0.0,15.0,14.0,20,0,0,0,0,normal
1,210.0,95,0.893666552081651,1.0,0.0,11.09,0.625,17.28178164535592,14.0,32,20,0,1,0,normal
1,210.0,96,0.9291664267328846,0.9726086585387511,0.0,5.3,0.3448275862068966,17.422377259438854,15.0,116,40,0,2,0,normal
1,210.0,97,0.8329844208077427,0.991768552504068,0.008264462809917356,0.0,0.48760330578512395,15.410404527603623,16.0,121,59,1,3,0,normal
1,210.0,98,0.818896352904003,1.0,0.0,7.55,0.0,15.0,11.0,33,0,0,0,0,normal
1,210.0,99,0.820384327709456,0.921322971327305,0.016666666666666666,7.15,0.9833333333333333,14.670753608362226,31.0,60,59,1,3,0,normal
1,220.0,0,0.6346452839414675,0.6127138485915845,0.4196078431372549,13.48,0.5019607843137255,26.215647746274126,27.0,255,128,107,12,1,greyhole
1,220.0,1,0.6856638793705748,0.9754449515450867,0.0,11.66,1.0,22.09794051594603,5.0,20,20,0,1,0,normal
1,220.0,2,0.6496290750187368,0.8549803013954597,0.014534883720930232,6.19,0.9273255813953488,16.15526148739151,35.0,344,319,5,18,0,normal
1,220.0,3,0.7491606760931424,1.0,0.0,0.0,1.0,15.0,12.0,0,0,0,0,0,normal
1,220.0,4,0.7522778986600895,0.9864401320163558,0.0,0.0,1.0,15.0,6.0,0,0,0,0,0,normal
1,220.0,5,0.8029144369063721,0.9458442480060116,0.007407407407407408,9.34,0.8592592592592593,19.778978806325767,21.0,135,116,1,6,0,normal
1,220.0,6,0.6090391968477867,0.9506282921335496,0.015209125475285171,0.0,0.908745247148289,17.329804098669452,34.0,263,239,4,13,0,normal
1,220.0,7,0.8286886484388496,0.9694416299954156,0.022727272727272728,19.05,0.8712121212121212,18.712862956378206,25.0,132,115,3,6,0,normal
1,220.0,8,0.7487770593058747,0.9452296370105122,0.0072992700729927005,0.0,0.9927007299270073,15.519896512636977,16.0,137,136,1,9,0,normal
1,220.0,9,0.8563693078354793,0.26432675736056355,0.858139534883721,12.77,0.04883720930232558,36.92224870161244,22.0,430,21,369,20,1,blackhole
1,220.0,10,0.7559689786536412,0.6786589944537346,0.38636363636363635,5.44,0.4034090909090909,25.7879689782618,22.0,176,71,68,7,1,greyhole
1,220.0,11,0.829983151587947,0.9338549453993087,0.005988023952095809,0.0,0.9940119760479041,19.373894667094774,36.0,167,166,1,9,0,normal
1,220.0,12,0.8017145025773742,0.9773059892500814,0.017543859649122806,9.23,0.6842105263157895,21.901326980378336,16.0,57,39,1,2,0,normal
1,220.0,13,0.7341672276639782,0.9135104427153391,0.075,11.03,0.925,17.26756142237396,28.0,40,37,3,2,0,normal
1,220.0,14,0.7992441409024438,0.9990189666207899,0.007246376811594203,13.51,0.717391304347826,17.089767230746897,23.0,138,99,1,5,0,normal
1,220.0,15,0.745981178957079,0.903318892559024,0.021660649819494584,5.44,0.7292418772563177,15.69841928031994,29.0,277,202,6,16,0,normal
1,220.0,16,0.7668418932720289,0.9673970199219407,0.014492753623188406,14.76,0.8405797101449275,16.086806016448804,17.0,69,58,1,3,0,normal
1,220.0,17,0.8621717032964642,0.9039772499639485,0.03870967741935484,13.54,0.9612903225806452,17.220449218044912,38.0,155,149,6,8,0,normal
1,220.0,18,0.8502621799862896,0.9598866285395572,0.0072992700729927005,9.31,0.7226277372262774,18.15724226722925,13.0,137,99,1,5,0,normal
1,220.0,19,0.8691724182129166,0.9877669546913871,0.015384615384615385,7.69,0.5230769230769231,20.327488747867925,35.0,130,68,2,5,0,normal
1,220.0,20,0.8186920589801397,1.0,0.0,0.0,0.38095238095238093,15.452410463752376,9.0,105,40,0,2,0,normal
1,220.0,21,0.8342407183615487,0.984037123664522,0.0,12.96,0.5714285714285714,24.840392086942355,15.0,35,20,0,1,0,normal
1,220.0,22,0.8003521487944568,0.9527931039686814,0.05,15.84,0.95,20.414613208114957,9.0,40,38,2,2,0,normal
1,220.0,23,0.872214540617078,0.9743721272445484,0.0,20.04,0.0,15.0,19.0,19,0,0,0,0,normal
1,220.0,24,0.8640210346299403,0.9329104350924569,0.0375,6.65,0.9625,17.193502150283923,12.0,80,77,3,4,0,normal
1,220.0,25,0.844586722346194,0.9452482905074817,0.008695652173913044,0.0,0.9826086956521739,18.909655308029624,15.0,115,113,1,7,0,normal
1,220.0,26,0.8984733273504402,0.9663387188033341,0.011494252873563218,12.4,0.6781609195402298,16.532334038696582,22.0,87,59,1,3,0,normal
1,220.0,27,0.7652541792155698,0.9631683724638245,0.005917159763313609,11.15,0.9349112426035503,19.188892441380133,20.0,169,158,1,8,0,normal
1,220.0,28,0.7932986646303704,1.0,0.02877697841726619,0.0,0.5467625899280576,12.94181853451484,34.0,139,76,4,5,0,normal
1,220.0,29,0.799250848919404,0.6572486783703754,0.475,0.0,0.025,34.38093266852505,10.0,40,1,19,1,1,blackhole
1,220.0,30,0.7762445902881446,0.9589508282281365,0.013071895424836602,20.71,0.8562091503267973,14.896069499110386,17.0,153,131,2,8,0,normal
1,220.0,31,0.878354946387477,0.9520711441136416,0.025,12.53,0.725,20.635157463282848,28.0,80,58,2,3,0,normal
1,220.0,32,0.8165875988862342,0.9137414914066395,0.011834319526627219,8.64,0.9881656804733728,17.03906520042199,26.0,169,167,2,11,0,normal
1,220.0,33,0.7673473687914909,0.9880616874031838,0.0,5.99,1.0,23.331656223982172,35.0,40,40,0,2,0,normal
1,220.0,34,0.8938509453608997,0.999638852499529,0.0,6.73,0.0,15.0,17.0,20,0,0,0,0,normal
1,220.0,35,0.8206120367447758,0.3004495637161399,0.975,24.44,0.025,36.24652648034602,9.0,40,1,39,2,1,blackhole
1,220.0,36,0.8653271531430022,0.9856536429264978,0.017543859649122806,0.0,0.9824561403508771,14.055507462109686,22.0,57,56,1,3,0,normal
1,220.0,37,0.7850326494717796,0.9660542040639944,0.024691358024691357,8.37,0.7283950617283951,15.75102389484218,35.0,81,59,2,4,0,normal
1,220.0,38,0.7802513551630245,0.9584642133521482,0.04310344827586207,6.37,0.8103448275862069,16.98078083145483,34.0,116,94,5,5,0,normal
1,220.0,39,0.7785190103956243,1.0,0.0,6.05,0.3508771929824561,21.412791865793345,20.0,57,20,0,1,0,normal
1,220.0,40,0.8047297677047885,0.9806908858779083,0.03,12.06,0.77,16.440768370429446,14.0,100,77,3,4,0,normal
1,220.0,41,0.8778634651190703,1.0,0.0,20.89,0.5,18.11444645035354,19.0,80,40,0,2,0,normal
1,220.0,42,0.90026524153778,0.9039859599605438,0.03333333333333333,16.06,0.6333333333333333,14.113826843061911,33.0,60,38,2,2,0,normal
1,220.0,43,0.8138455994881597,0.9736930644185814,0.017543859649122806,18.99,0.9824561403508771,21.751020444588903,31.0,57,56,1,3,0,normal
1,220.0,44,0.8392875356092491,0.9488383211990367,0.016666666666666666,0.0,0.65,16.57359316676578,28.0,60,39,1,2,0,normal
1,220.0,45,0.8608843604451762,0.632925352665828,0.46774193548387094,7.28,0.5,29.192354093972046,15.0,62,31,29,3,1,greyhole
1,220.0,46,0.7959706680804538,0.9524621819579666,0.0,8.49,0.5063291139240507,16.183507687350374,19.0,79,40,0,2,0,normal
1,220.0,47,0.9336986338181085,0.9765423017923797,0.0,12.95,0.75,13.280603247226468,36.0,76,57,0,3,0,normal
1,220.0,48,0.9023142628396434,0.9951438705983845,0.034482758620689655,0.0,0.3103448275862069,10.868393006889915,6.0,58,18,2,1,0,normal
1,220.0,49,0.8117835763980645,1.0,0.0,11.48,0.0,15.0,30.0,78,0,0,0,0,normal
1,220.0,50,0.8066264359448686,0.9693183593023605,0.0,0.0,1.0,15.0,33.0,0,0,0,0,0,normal
1,220.0,51,0.9002740270848213,0.9811300629758679,0.0,12.71,0.6666666666666666,10.569726317378413,13.0,60,40,0,2,0,normal
1,220.0,52,0.8418025647675239,1.0,0.0,17.1,0.3448275862068966,22.37468773407634,31.0,58,20,0,1,0,normal
1,220.0,53,0.9114948119421937,0.9672950918016175,0.0,24.72,0.5,23.290839402384744,30.0,40,20,0,1,0,normal
1,220.0,54,0.9212421071133787,0.9981462086178464,0.0,10.89,0.33620689655172414,19.937063380197845,25.0,116,39,0,2,0,normal
1,220.0,55,0.7991974397047863,0.9976998848589812,0.02564102564102564,7.41,0.9743589743589743,16.58299657775288,30.0,39,38,1,2,0,normal
1,220.0,56,0.7995909590256397,0.9732246019542881,0.0,8.07,1.0,15.0,7.0,0,0,0,0,0,normal
1,220.0,57,0.8090058312682973,1.0,0.0,15.01,0.0,15.0,8.0,39,0,0,0,0,normal
1,220.0,58,0.853524266297955,0.9957203208821521,0.0,0.0,1.0,19.222428496849666,6.0,40,40,0,2,0,normal
1,220.0,59,0.777827302032901,0.9826991107227814,0.0,5.45,1.0,21.417284366128555,30.0,20,20,0,1,0,normal
1,220.0,60,0.8235770463284945,0.982104617313071,0.021739130434782608,13.14,0.9782608695652174,11.325903484448398,37.0,46,45,1,3,0,normal
1,220.0,61,0.8381879833581178,1.0,0.0,24.95,0.0,15.0,29.0,40,0,0,0,0,normal
1,220.0,62,0.7949744509524463,0.934370602420432,0.027522935779816515,23.57,0.6238532110091743,20.535968836701798,10.0,109,68,3,4,0,normal
1,220.0,63,0.8578278170413473,0.694104413599529,0.4634146341463415,22.67,0.024390243902439025,37.57508229420665,20.0,41,1,19,1,1,blackhole
1,220.0,64,0.8633121982930453,1.0,0.0,6.16,1.0,15.0,7.0,0,0,0,0,1,greyhole
1,220.0,65,0.9400532437736736,1.0,0.0,6.1,0.6666666666666666,14.747113781876438,7.0,30,20,0,1,0,normal
1,220.0,66,0.8243712274519024,0.9309906526609912,0.075,0.0,0.925,13.875798216711843,9.0,40,37,3,2,0,normal
1,220.0,67,0.815699689065028,0.9800685956553886,0.0,5.79,1.0,16.02447453137158,24.0,80,80,0,4,0,normal
1,220.0,68,0.8169378972745525,0.9614171515866419,0.0,11.43,0.525,14.247597981213685,33.0,40,21,0,2,0,normal
1,220.0,69,0.8916456303798227,0.9678140640349621,0.05,5.77,0.95,22.322254952920474,34.0,20,19,1,1,0,normal
1,220.0,70,0.8541097376524044,0.978638666595114,0.0,20.22,0.0,15.0,23.0,48,0,0,0,0,normal
1,220.0,71,0.7949355411401613,1.0,0.0,8.09,0.5,23.337878682500595,39.0,38,19,0,1,0,normal
1,220.0,72,0.8786895985147576,0.983695552954577,0.0,23.48,0.0,15.0,10.0,69,0,0,0,0,normal
1,220.0,73,0.8622671222670685,0.9904978774013906,0.0,15.13,0.0,15.0,19.0,37,0,0,0,0,normal
1,220.0,74,0.8402230418835722,0.9584413855162427,0.012658227848101266,9.65,0.4936708860759494,17.152383053999177,27.0,79,39,1,2,0,normal
1,220.0,75,0.8483530226048828,0.9584600203838745,0.0,11.04,0.75,22.39818379261631,34.0,80,60,0,3,0,normal
1,220.0,76,0.8258921480624827,0.9846460115323591,0.00847457627118644,5.29,0.5,16.030576609624656,15.0,118,59,1,3,0,normal
1,220.0,77,0.8768506431956946,1.0,0.0,8.24,1.0,16.887657002317177,8.0,20,20,0,1,0,normal
1,220.0,78,0.8094308379608248,0.9958009623787127,0.0,14.47,1.0,15.0,17.0,0,0,0,0,0,normal
1,220.0,79,0.8529027184048332,0.9517557378636428,0.05,9.41,0.95,12.796019482220409,35.0,20,19,1,1,0,normal
1,220.0,80,0.9113620818838593,0.9623390184303943,0.0,0.0,1.0,9.082560008636781,10.0,20,20,0,1,0,normal
1,220.0,81,0.8844942818777262,0.982627071120784,0.0,12.76,0.0,15.0,12.0,47,0,0,0,0,normal
1,220.0,82,0.8045895307619294,0.9267183974117632,0.03804347826086957,11.12,0.9021739130434783,18.858239742608365,23.0,184,166,7,9,0,normal
1,220.0,83,0.88589538782477,0.9546009508198098,0.025,0.0,0.975,20.135519435264527,30.0,40,39,1,2,0,normal
1,220.0,84,0.8265126737246615,0.9608458015838972,0.0,20.32,1.0,9.94387580425865,23.0,20,20,0,1,0,normal
1,220.0,85,0.8484742030869442,0.9491909092493647,0.0,14.31,0.6779661016949152,15.326224272603376,18.0,59,40,0,2,0,normal
1,220.0,86,0.8394979530255474,0.9359777656379326,0.045454545454545456,12.84,0.9545454545454546,18.13721316346942,34.0,66,63,3,4,0,normal
1,220.0,87,0.892677678681979,1.0,0.0,15.7,0.0,15.0,15.0,49,0,0,0,0,normal
1,220.0,88,0.8007776183949319,0.9753215991173998,0.02564102564102564,24.87,0.48717948717948717,19.01945307395549,17.0,39,19,1,1,0,normal
1,220.0,89,0.8261737942131475,0.9782666167782277,0.01639344262295082,7.24,0.3114754098360656,12.49154302534569,22.0,61,19,1,1,0,normal
1,220.0,90,0.8364188134421656,0.936364123249631,0.0375,9.88,0.9625,16.664694091074445,17.0,80,77,3,4,0,normal
1,220.0,91,0.8487158873666745,1.0,0.0,0.0,0.2564102564102564,23.61757780929868,12.0,78,20,0,1,0,normal
1,220.0,92,0.8219753631910867,0.9940011703497704,0.0,6.69,0.29464285714285715,19.319855012897087,34.0,112,33,0,2,0,normal
1,220.0,93,0.8651682468900013,0.9625748487712881,0.01282051282051282,9.66,0.5598290598290598,17.93533494911247,26.0,234,131,3,8,0,normal
1,220.0,94,0.9221250306166505,0.9359024644881377,0.05,11.92,0.95,23.280625482205124,13.0,20,19,1,1,0,normal
1,220.0,95,0.888386552081651,0.9257890946213564,0.018867924528301886,11.09,0.7358490566037735,16.486963367991788,15.0,106,78,2,4,0,normal
1,220.0,96,0.9264264267328847,0.9146761638583575,0.03389830508474576,5.3,0.6440677966101694,16.488100790015352,13.0,59,38,2,2,0,normal
1,220.0,97,0.8321844208077427,0.9833131623123256,0.0,5.78,0.0,15.0,18.0,40,0,0,0,0,normal
1,220.0,98,0.814876352904003,1.0,0.0,7.55,0.7407407407407407,13.860207639294552,18.0,81,60,0,3,0,normal
1,220.0,99,0.818104327709456,0.969801101164384,0.010526315789473684,7.15,0.2,8.816565443695922,27.0,95,19,1,1,0,normal
1,230.0,0,0.6243852839414674,0.5980036285295743,0.4836795252225519,0.0,0.4629080118694362,23.960262415421116,26.0,337,156,163,17,1,greyhole
1,230.0,1,0.6790238793705748,1.0,0.02531645569620253,11.66,0.8481012658227848,17.392236791612895,19.0,158,134,4,7,0,normal
1,230.0,2,0.6402490750187368,0.9644761778001668,0.018867924528301886,6.19,0.6943396226415094,18.029835473685882,30.0,265,184,5,12,0,normal
1,230.0,3,0.7479606760931424,1.0,0.0,13.15,0.5,9.234516178420362,15.0,40,20,0,1,0,normal
1,230.0,4,0.7502378986600895,0.9797627435602952,0.0,15.49,0.5769230769230769,16.42248902689139,7.0,52,30,0,2,0,normal
1,230.0,5,0.8015344369063722,1.0,0.0,0.0,0.40816326530612246,15.817370352353425,16.0,49,20,0,1,0,normal
1,230.0,6,0.5896791968477868,0.8434513585214841,0.020089285714285716,17.88,0.9375,16.594786642184637,29.0,448,420,9,25,0,normal
1,230.0,7,0.8270886484388497,1.0,0.0,0.0,0.5,19.472192526215593,10.0,40,20,0,1,0,normal
1,230.0,8,0.7464370593058747,1.0,0.011363636363636364,11.91,0.32954545454545453,10.499363401364768,18.0,88,29,1,2,0,normal
1,230.0,9,0.8519893078354792,0.2770816538525237,0.8769230769230769,12.77,0.020512820512820513,33.92729487602344,21.0,195,4,171,9,1,blackhole
1,230.0,10,0.7489289786536412,0.6604099929769095,0.41201716738197425,5.44,0.4248927038626609,28.420955735034404,29.0,233,99,96,10,1,greyhole
1,230.0,11,0.813583151587947,0.8734556687963355,0.014527845036319613,0.0,0.937046004842615,15.944820934897415,33.0,413,387,6,22,0,normal
1,230.0,12,0.8005145025773742,1.0,0.0,9.23,1.0,19.726279337431347,20.0,20,20,0,1,0,normal
1,230.0,13,0.7286472276639783,0.9732562052908451,0.013605442176870748,11.03,0.8775510204081632,17.475717474712617,15.0,147,129,2,7,0,normal
1,230.0,14,0.7980441409024438,0.9979963736930592,0.0,0.0,0.5,15.539193527262402,12.0,40,20,0,1,0,normal
1,230.0,15,0.730321178957079,0.8960580553785733,0.023316062176165803,5.44,0.9766839378238342,17.326290762547714,30.0,386,377,9,22,0,normal
1,230.0,16,0.7656618932720289,0.9456023802907011,0.05,14.76,0.95,22.547023029548658,10.0,20,19,1,1,0,normal
1,230.0,17,0.8514917032964642,0.9766342608643093,0.01606425702811245,13.54,0.9036144578313253,14.604039433272902,33.0,249,225,4,12,0,normal
1,230.0,18,0.8412021799862897,0.9554442946425112,0.0,9.31,0.7544642857142857,18.141425931843298,12.0,224,169,0,9,0,normal
1,230.0,19,0.8667924182129165,0.9766800680084248,0.025,7.69,0.975,13.81982345780039,23.0,40,39,1,2,0,normal
1,230.0,20,0.8147520589801398,0.9971260524351899,0.0,5.93,0.6020408163265306,23.275697729945495,9.0,98,59,0,3,0,normal
1,230.0,21,0.8338807183615486,0.9581391536716588,0.0,12.96,0.0,15.0,28.0,18,0,0,0,0,normal
1,230.0,22,0.7951121487944568,0.98615923718248,0.01652892561983471,15.84,0.8347107438016529,18.907273900484025,16.0,121,101,2,7,0,normal
1,230.0,23,0.865454540617078,0.8939781523102377,0.02631578947368421,0.0,0.6736842105263158,17.4780006861096,22.0,190,128,5,9,0,normal
1,230.0,24,0.8620610346299403,0.9970823661677971,0.01694915254237288,0.0,0.3220338983050847,19.55101135929789,9.0,59,19,1,1,0,normal
1,230.0,25,0.836806722346194,0.9558081741663792,0.02824858757062147,16.22,0.8587570621468926,15.009315027206403,21.0,177,152,5,10,0,normal
1,230.0,26,0.8950733273504402,0.9451476341707334,0.0,12.4,0.7857142857142857,17.439693144725084,23.0,84,66,0,4,0,normal
1,230.0,27,0.7652541792155698,1.0,0.0,11.15,1.0,15.0,17.0,0,0,0,0,0,normal
1,230.0,28,0.7905186646303703,0.9820942535559731,0.0,11.12,0.5063291139240507,22.062301857775246,31.0,79,40,0,2,0,normal
1,230.0,29,0.7959508489194039,0.6300087213769305,0.5454545454545454,10.14,0.06060606060606061,39.86454116039227,21.0,99,6,54,3,1,blackhole
1,230.0,30,0.7739445902881447,0.8964505751661819,0.061224489795918366,0.0,0.9387755102040817,18.574495905069003,15.0,49,46,3,3,0,normal
1,230.0,31,0.876414946387477,1.0,0.02564102564102564,0.0,0.9743589743589743,12.30853889778441,19.0,39,38,1,2,0,normal
1,230.0,32,0.8154275988862342,0.9289049864747826,0.1,8.64,0.9,13.541139751806666,24.0,20,18,2,1,0,normal
1,230.0,33,0.7652073687914909,0.9670041426269679,0.0,5.99,0.5,10.317872414850395,29.0,58,29,0,2,0,normal
1,230.0,34,0.8933109453608996,1.0,0.0,6.73,0.0,15.0,19.0,27,0,0,0,0,normal
1,230.0,35,0.8194320367447758,0.6023154836650806,0.5,24.44,0.02631578947368421,42.81390290253644,9.0,38,1,19,1,1,blackhole
1,230.0,36,0.8613471531430021,0.9745637615785843,0.0125,15.08,0.7375,9.484927216539832,28.0,80,59,1,3,0,normal
1,230.0,37,0.7826726494717797,1.0,0.0,8.37,0.6610169491525424,13.430684337876443,31.0,59,39,0,2,0,normal
1,230.0,38,0.7745313551630245,0.9780533050901973,0.030303030303030304,6.37,0.8636363636363636,15.680077292416811,29.0,132,114,4,6,0,normal
1,230.0,39,0.7749590103956243,0.9856069987350126,0.010101010101010102,6.05,0.3939393939393939,14.73121676681729,19.0,99,39,1,2,0,normal
1,230.0,40,0.8023297677047886,1.0,0.0,12.06,1.0,10.808434323647987,18.0,40,40,0,2,0,normal
1,230.0,41,0.8761034651190703,0.9987713977924454,0.0,0.0,0.4166666666666667,12.485409762246599,12.0,48,20,0,1,0,normal
1,230.0,42,0.89598524153778,0.942847734058392,0.0,16.06,1.0,19.70605194930614,29.0,87,87,0,5,0,normal
1,230.0,43,0.8134455994881598,0.9929413968288869,0.0,18.99,0.0,15.0,23.0,20,0,0,0,0,normal
1,230.0,44,0.834907535609249,0.9938510833774097,0.0,7.5,0.6060606060606061,17.39747155595951,21.0,99,60,0,3,0,normal
1,230.0,45,0.8587843604451761,0.5758116344919874,0.559322033898305,7.28,0.4406779661016949,28.465100720188456,9.0,59,26,33,3,1,greyhole
1,230.0,46,0.7931706680804538,0.9889796309290959,0.0,8.49,0.6666666666666666,20.934599020380244,22.0,60,40,0,2,0,normal
1,230.0,47,0.9278986338181084,0.9786266484450187,0.006097560975609756,12.95,0.6463414634146342,14.254696555784562,32.0,164,106,1,6,0,normal
1,230.0,48,0.8999342628396435,0.9021867828552227,0.025,9.8,0.975,15.877247877314113,4.0,40,39,1,2,0,normal
1,230.0,49,0.8062635763980646,0.9395099072213097,0.015625,11.48,0.6875,22.896534148164594,29.0,128,88,2,5,0,normal
1,230.0,50,0.8044464359448686,0.9724580463094885,0.0,11.17,0.48333333333333334,17.37523624388467,24.0,60,29,0,2,0,normal
1,230.0,51,0.8983140270848212,0.9960675266751273,0.0,12.71,0.3448275862068966,13.569368590482153,23.0,58,20,0,1,0,normal
1,230.0,52,0.8406025647675239,0.9658764292172991,0.0,17.1,1.0,15.790670012254756,33.0,20,20,0,1,0,normal
1,230.0,53,0.9102348119421937,0.9954932014311817,0.043478260869565216,24.72,0.8695652173913043,16.10083476142657,14.0,23,20,1,2,0,normal
1,230.0,54,0.9204421071133787,0.9853039324318277,0.0,10.89,1.0,24.07939984408921,31.0,20,20,0,1,0,normal
1,230.0,55,0.7972774397047863,1.0,0.0,7.41,0.35714285714285715,21.473964101984556,31.0,56,20,0,1,0,normal
1,230.0,56,0.7970109590256398,0.9781316864714962,0.0392156862745098,8.07,0.7450980392156863,11.211514564499659,12.0,51,38,2,2,0,normal
1,230.0,57,0.8076258312682972,0.9682412048473323,0.03333333333333333,0.0,0.6333333333333333,17.74660215285244,5.0,30,19,1,1,0,normal
1,230.0,58,0.8519442662979549,0.9625718092479387,0.025,8.27,0.475,8.508562446716796,6.0,40,19,1,1,0,normal
1,230.0,59,0.7746473020329009,1.0,0.0,5.45,0.5063291139240507,19.499668067570035,31.0,79,40,0,2,0,normal
1,230.0,60,0.8208570463284944,0.9417265841228311,0.02531645569620253,13.14,0.7215189873417721,15.353005454351576,28.0,79,57,2,3,0,normal
1,230.0,61,0.8344279833581179,0.9774584497890985,0.014492753623188406,0.0,0.855072463768116,15.111852567136905,24.0,69,59,1,3,0,normal
1,230.0,62,0.7944944509524464,1.0,0.0,0.0,0.0,15.0,5.0,24,0,0,0,0,normal
1,230.0,63,0.8562678170413472,0.4268680105012722,0.8,0.0,0.05454545454545454,33.48793120548782,19.0,55,3,44,3,1,blackhole
1,230.0,64,0.8612921982930453,0.6394112970543584,0.475,6.16,0.525,26.666731916467835,6.0,40,21,19,2,1,greyhole
1,230.0,65,0.9376932437736736,0.9623565553754292,0.05,6.1,0.95,19.55645003408077,11.0,40,38,2,2,0,normal
1,230.0,66,0.8224112274519023,1.0,0.0,24.33,0.3448275862068966,18.509740647953052,10.0,58,20,0,1,0,normal
1,230.0,67,0.8084396890650279,0.9252778153245999,0.007042253521126761,5.79,0.852112676056338,19.415323167213362,23.0,142,121,1,7,0,normal
1,230.0,68,0.8141578972745525,0.9573996987899618,0.0125,11.43,0.4875,16.935367268775785,30.0,80,39,1,2,0,normal
1,230.0,69,0.8862256303798226,1.0,0.02054794520547945,5.77,0.5821917808219178,16.003933603198323,34.0,146,85,3,5,0,normal
1,230.0,70,0.8529297376524043,0.9362923309990032,0.05,20.22,0.95,22.01246585798129,23.0,20,19,1,1,0,normal
1,230.0,71,0.7933555411401613,0.9843412563638192,0.025,8.09,0.475,11.864898389962732,29.0,40,19,1,1,0,normal
1,230.0,72,0.8786895985147576,1.0,0.0,0.0,1.0,15.0,6.0,0,0,0,0,0,normal
1,230.0,73,0.8595871222670685,1.0,0.0,15.13,0.2127659574468085,18.45063804905771,25.0,94,20,0,1,0,normal
1,230.0,74,0.8386430418835722,0.9984725590786333,0.0,9.65,0.5128205128205128,11.940622677712303,26.0,39,20,0,1,0,normal
1,230.0,75,0.8452130226048828,0.9783064921954259,0.02531645569620253,11.04,0.4810126582278481,17.676012450532667,22.0,79,38,2,2,0,normal
1,230.0,76,0.8215721480624827,0.9734225374158015,0.010309278350515464,5.29,0.6082474226804123,18.871462605189233,12.0,97,59,1,3,0,normal
1,230.0,77,0.8731906431956946,0.9676608590220493,0.0,8.24,0.9523809523809523,15.840366421570815,15.0,63,60,0,3,0,normal
1,230.0,78,0.8067708379608248,1.0,0.0,14.47,0.7547169811320755,17.418213338329238,8.0,53,40,0,2,0,normal
1,230.0,79,0.8485627184048332,0.9451161192816603,0.0,9.41,0.8061224489795918,18.12845103544316,35.0,98,79,0,4,0,normal
1,230.0,80,0.9074020818838593,1.0,0.0,20.65,0.6122448979591837,12.275341077255609,27.0,98,60,0,3,0,normal
1,230.0,81,0.8806942818777261,0.9782073701143743,0.014084507042253521,12.76,0.8309859154929577,16.120742962697264,17.0,71,59,1,3,0,normal
1,230.0,82,0.8001895307619294,0.9856571253390738,0.0,11.12,0.6,19.078013420508636,19.0,100,60,0,3,0,normal
1,230.0,83,0.88391538782477,1.0,0.0,22.72,0.3389830508474576,13.736704868417755,32.0,59,20,0,1,0,normal
1,230.0,84,0.8249126737246616,0.9671828614742046,0.0,20.32,0.5,21.645466811594872,31.0,40,20,0,1,0,normal
1,230.0,85,0.8469142030869443,0.9805996662540016,0.02564102564102564,0.0,0.48717948717948717,12.922691051731038,23.0,39,19,1,1,0,normal
1,230.0,86,0.8382979530255474,0.9880401066256541,0.0,0.0,1.0,11.891570365881721,19.0,20,20,0,1,0,normal
1,230.0,87,0.887957678681979,0.9738460833584256,0.0,15.7,0.6448598130841121,14.707848547484575,21.0,107,69,0,4,0,normal
1,230.0,88,0.8003576183949319,1.0,0.0,0.0,0.0,15.0,17.0,21,0,0,0,0,normal
1,230.0,89,0.8230737942131475,1.0,0.017241379310344827,7.24,0.9827586206896551,18.250329579761353,34.0,58,57,1,3,0,normal
1,230.0,90,0.8322988134421656,0.9510856791810586,0.011494252873563218,9.88,0.6781609195402298,13.97314610181462,14.0,87,59,1,3,0,normal
1,230.0,91,0.8479958873666745,0.9899808061876192,0.0,21.12,0.0,15.0,15.0,36,0,0,0,0,normal
1,230.0,92,0.8180553631910867,0.9506313959737659,0.0379746835443038,6.69,0.7215189873417721,15.953714115981535,34.0,79,57,3,3,0,normal
1,230.0,93,0.8621082468900013,0.9973758081576338,0.0,9.66,0.26666666666666666,17.08258273847178,20.0,105,28,0,2,0,normal
1,230.0,94,0.9181850306166506,0.9956518224778159,0.01282051282051282,0.0,0.7564102564102564,22.643328035771138,11.0,78,59,1,3,0,normal
1,230.0,95,0.886846552081651,1.0,0.0,11.09,0.0,15.0,21.0,77,0,0,0,0,normal
1,230.0,96,0.9240064267328847,0.997929981913156,0.023809523809523808,0.0,0.9285714285714286,15.80218721760178,8.0,42,39,1,2,0,normal
1,230.0,97,0.8306244208077427,1.0,0.05,5.78,0.45,13.24408018201105,23.0,40,18,2,1,0,normal
1,230.0,98,0.8085163529040029,0.950576896310771,0.008403361344537815,7.55,0.8319327731092437,14.301851876606378,27.0,119,99,1,5,0,normal
1,230.0,99,0.815744327709456,0.938250214479851,0.05,7.15,0.95,17.451589530268965,24.0,40,38,2,2,0,normal
1,240.0,0,0.6135852839414675,0.5964880122780336,0.40236686390532544,5.69,0.42011834319526625,26.52384390185327,27.0,338,142,136,16,1,greyhole
1,240.0,1,0.6712038793705748,0.9801557590031216,0.0,11.66,0.7255813953488373,15.334750457823558,27.0,215,156,0,8,0,normal
1,240.0,2,0.6327890750187368,0.9888703624127559,0.0,6.19,0.6989795918367347,19.512453647058447,30.0,196,137,0,7,0,normal
1,240.0,3,0.7447406760931424,0.9310316058907243,0.02197802197802198,13.15,0.7692307692307693,13.269448620633643,28.0,91,70,2,4,0,normal
1,240.0,4,0.7474778986600895,0.9716823002886471,0.012658227848101266,15.49,0.4936708860759494,13.318030969805536,18.0,79,39,1,2,0,normal
1,240.0,5,0.7960544369063721,0.9398461069556684,0.03389830508474576,5.43,0.8135593220338984,16.89857314900423,19.0,118,96,4,5,0,normal
1,240.0,6,0.5805991968477868,0.9028334226667373,0.013513513513513514,17.88,0.8648648648648649,19.206853837571355,22.0,222,192,3,10,0,normal
1,240.0,7,0.8246886484388496,1.0,0.0,14.13,0.26582278481012656,12.6209417785596,13.0,79,21,0,2,0,normal
1,240.0,8,0.7443970593058747,0.9472929424621533,0.0,11.91,1.0,17.017544643504955,19.0,51,51,0,5,0,normal
1,240.0,9,0.8482293078354792,0.23387427027524413,0.9357142857142857,12.77,0.05714285714285714,36.45448037523226,22.0,140,8,131,7,1,blackhole
1,240.0,10,0.7478489786536411,0.7665540353613711,0.3,0.0,0.7,27.071813605610433,22.0,20,14,6,1,1,greyhole
1,240.0,11,0.799303151587947,0.9083860597447593,0.029239766081871343,15.65,0.9122807017543859,16.61819567792847,28.0,342,312,10,17,0,normal
1,240.0,12,0.7953945025773742,0.9620447772012499,0.02158273381294964,0.0,0.5539568345323741,21.80659892229383,23.0,139,77,3,4,0,normal
1,240.0,13,0.7258672276639783,1.0,0.016666666666666666,0.0,0.65,15.958437401881644,11.0,60,39,1,2,0,normal
1,240.0,14,0.7946241409024438,1.0,0.0,10.64,0.43956043956043955,16.206537867094557,13.0,91,40,0,2,0,normal
1,240.0,15,0.717101178957079,0.9353498858118984,0.015015015015015015,5.44,0.8648648648648649,16.40379397403015,29.0,333,288,5,15,0,normal
1,240.0,16,0.7644618932720288,0.9712997007719729,0.0,0.0,1.0,11.790499490716412,8.0,20,20,0,1,0,normal
1,240.0,17,0.8502917032964642,0.9840473674243614,0.0,13.54,1.0,18.645781351657426,29.0,20,20,0,1,0,normal
1,240.0,18,0.8377221799862896,0.9145974548711442,0.010309278350515464,9.31,0.7938144329896907,15.907123878863674,12.0,97,77,1,4,0,normal
1,240.0,19,0.8608924182129165,0.988541365327078,0.006329113924050633,7.69,0.740506329113924,17.925839988918725,27.0,158,117,1,8,0,normal
1,240.0,20,0.8137320589801398,0.986986357402715,0.0,5.93,0.0,15.0,7.0,51,0,0,0,0,normal
1,240.0,21,0.8259607183615486,0.9205644731818989,0.01834862385321101,12.96,0.7247706422018348,17.728013986009994,33.0,218,158,4,9,0,normal
1,240.0,22,0.7927521487944568,0.9314953806058109,0.05,15.84,0.95,17.941902231243965,21.0,40,38,2,2,0,normal
1,240.0,23,0.862454540617078,0.973314909413581,0.02531645569620253,18.68,0.6455696202531646,14.009944282795606,21.0,79,51,2,3,0,normal
1,240.0,24,0.8593010346299403,0.9519403717527803,0.01694915254237288,9.52,0.6610169491525424,19.753790974677102,9.0,59,39,1,2,0,normal
1,240.0,25,0.8329067223461941,0.9339231901708825,0.02040816326530612,16.22,0.7857142857142857,16.214966636818268,32.0,98,77,2,4,0,normal
1,240.0,26,0.8923133273504402,0.9726534334828268,0.01694915254237288,12.4,0.6610169491525424,17.710380891175085,20.0,59,39,1,2,0,normal
1,240.0,27,0.7628741792155698,1.0,0.025,11.15,0.975,14.50956272671505,9.0,40,39,1,2,0,normal
1,240.0,28,0.7858386646303703,0.9895303631506959,0.02040816326530612,11.12,0.9795918367346939,16.058771029167872,34.0,98,96,2,5,0,normal
1,240.0,29,0.795570848919404,1.0,0.0,10.14,0.0,15.0,28.0,19,0,0,0,1,blackhole
1,240.0,30,0.7705645902881446,0.9012277039681051,0.03225806451612903,21.0,0.6021505376344086,15.209290027332216,14.0,93,56,3,3,0,normal
1,240.0,31,0.867314946387477,0.9436438360110545,0.004048582995951417,18.12,0.7611336032388664,16.22903532967751,22.0,247,188,1,11,0,normal
1,240.0,32,0.8034875988862342,0.8955754742298436,0.009708737864077669,8.64,0.8025889967637541,17.754658793319614,31.0,309,248,3,13,0,normal
1,240.0,33,0.7568273687914908,0.955071878548512,0.014925373134328358,5.99,0.8855721393034826,17.500074458493742,33.0,201,178,3,10,0,normal
1,240.0,34,0.8913309453608996,0.9737543619415495,0.0,6.73,0.3620689655172414,20.51319555277338,20.0,58,21,0,2,0,normal
1,240.0,35,0.8149320367447758,0.3372890407901876,0.788135593220339,24.44,0.059322033898305086,38.1623276607824,8.0,118,7,93,5,1,blackhole
1,240.0,36,0.8592471531430022,0.9910829865516764,0.0,15.08,0.3076923076923077,11.628037584075381,30.0,65,20,0,1,0,normal
1,240.0,37,0.7771726494717797,0.9831330094203748,0.030303030303030304,8.37,0.9696969696969697,16.083436078240908,21.0,99,96,3,5,0,normal
1,240.0,38,0.7699313551630245,0.9399817497081328,0.02586206896551724,6.37,0.6379310344827587,19.29430135381577,27.0,116,74,3,4,0,normal
1,240.0,39,0.7676390103956243,0.8872787950176134,0.013888888888888888,6.05,0.9861111111111112,18.390677198298214,25.0,144,142,2,10,0,normal
1,240.0,40,0.7970697677047885,0.9721861306181523,0.006060606060606061,12.06,0.4727272727272727,14.466551700790248,18.0,165,78,1,4,0,normal
1,240.0,41,0.8738234651190704,1.0,0.0,24.94,0.2702702702702703,20.47583839641127,14.0,74,20,0,1,0,normal
1,240.0,42,0.89118524153778,1.0,0.0,16.06,1.0,14.83833339327594,23.0,100,100,0,5,0,normal
1,240.0,43,0.8118655994881597,0.984888014382896,0.0,18.99,0.5128205128205128,21.01177681429982,6.0,39,20,0,1,0,normal
1,240.0,44,0.828107535609249,0.9571892820844805,0.015267175572519083,7.5,0.9847328244274809,16.33206561291983,29.0,131,129,2,7,0,normal
1,240.0,45,0.8587843604451761,1.0,0.0,7.28,1.0,15.0,10.0,0,0,0,0,1,greyhole
1,240.0,46,0.7931706680804538,1.0,0.0,0.0,1.0,15.0,26.0,0,0,0,0,0,normal
1,240.0,47,0.9278386338181085,1.0,0.0,0.0,0.5,11.761293216947807,30.0,2,1,0,1,0,normal
1,240.0,48,0.8975542628396435,0.9730945301452703,0.025,9.8,0.975,17.194720739429673,9.0,40,39,1,2,0,normal
1,240.0,49,0.8018635763980646,0.9551615529490521,0.02,11.48,0.8,17.021946569651547,31.0,100,80,2,6,0,normal
1,240.0,50,0.8040464359448686,0.986748476602146,0.0,11.17,0.0,15.0,16.0,20,0,0,0,0,normal
1,240.0,51,0.8943140270848212,0.9675022561064999,0.0,12.71,0.75,19.537573557936856,28.0,80,60,0,3,0,normal
1,240.0,52,0.8402625647675239,1.0,0.0,17.1,0.0,15.0,24.0,17,0,0,0,0,normal
1,240.0,53,0.9102348119421937,1.0,0.0,0.0,1.0,15.0,10.0,0,0,0,0,0,normal
1,240.0,54,0.9177021071133786,0.9595536530991844,0.0,10.89,0.5,19.99353988790715,32.0,78,39,0,2,0,normal
1,240.0,55,0.7953974397047863,1.0,0.0,7.41,0.0,15.0,29.0,94,0,0,0,0,normal
1,240.0,56,0.7926509590256398,0.9650033856575108,0.010101010101010102,8.07,0.5959595959595959,11.8622766009001,14.0,99,59,1,3,0,normal
1,240.0,57,0.8060458312682973,0.984078410150138,0.0,12.69,0.5128205128205128,23.839892895274566,11.0,39,20,0,1,0,normal
1,240.0,58,0.850344266297955,1.0,0.0,8.27,0.5,10.636135737166343,8.0,40,20,0,1,0,normal
1,240.0,59,0.7678873020329009,0.9477575378445716,0.016666666666666666,5.45,0.9833333333333333,14.803796444286066,30.0,120,118,2,6,0,normal
1,240.0,60,0.8182170463284945,0.9362587557677701,0.03508771929824561,0.0,0.9649122807017544,19.042654392656534,18.0,57,55,2,3,0,normal
1,240.0,61,0.8265279833581178,0.9439651140694512,0.010101010101010102,21.84,0.5909090909090909,15.173181174910795,26.0,198,117,2,6,0,normal
1,240.0,62,0.7917344509524464,0.9907492796291262,0.0,7.83,0.6896551724137931,16.995935173228148,6.0,58,40,0,2,0,normal
1,240.0,63,0.8560078170413472,1.0,0.0,5.89,0.0,15.0,20.0,13,0,0,0,1,blackhole
1,240.0,64,0.8605321982930453,0.9649441673774823,0.0,0.0,0.0,15.0,2.0,38,0,0,0,1,greyhole
1,240.0,65,0.9370332437736736,1.0,0.0,6.1,0.0,15.0,12.0,33,0,0,0,0,normal
1,240.0,66,0.8224112274519023,0.9677726171837103,0.0,24.33,1.0,15.0,24.0,0,0,0,0,0,normal
1,240.0,67,0.806499689065028,0.998181045865523,0.017241379310344827,5.79,0.3275862068965517,19.431160377625524,22.0,58,19,1,1,0,normal
1,240.0,68,0.8110178972745524,0.9890396762573532,0.0,11.43,0.5194805194805194,23.315945475401392,33.0,77,40,0,2,0,normal
1,240.0,69,0.8827256303798227,0.9807047734137725,0.02564102564102564,5.77,0.7307692307692307,21.127754871290893,32.0,78,57,2,3,0,normal
1,240.0,70,0.8505897376524043,0.9992535567876306,0.0,0.0,0.27631578947368424,18.590826643190354,23.0,76,21,0,2,0,normal
1,240.0,71,0.7889755411401613,0.9817016576707139,0.01,0.0,0.59,15.282423320072118,24.0,100,59,1,3,0,normal
1,240.0,72,0.8763095985147576,0.9649224240328007,0.025,15.22,0.975,12.320911728508765,6.0,40,39,1,2,0,normal
1,240.0,73,0.8576671222670685,0.9304218557853964,0.05128205128205128,15.13,0.9487179487179487,14.57810512848361,35.0,39,37,2,2,0,normal
1,240.0,74,0.8325230418835722,0.9661701323345094,0.017241379310344827,9.65,0.7586206896551724,16.727257842725987,27.0,174,132,3,7,0,normal
1,240.0,75,0.8436130226048828,1.0,0.0,11.04,0.5,18.82854655360935,18.0,40,20,0,1,0,normal
1,240.0,76,0.8163921480624827,0.9391606241048212,0.01,0.0,0.79,18.684257725414163,13.0,100,79,1,4,0,normal
1,240.0,77,0.8660906431956945,0.924759450300632,0.02158273381294964,8.24,0.9784172661870504,17.368884936544372,18.0,139,136,3,8,0,normal
1,240.0,78,0.8060508379608249,0.97281239666455,0.0,0.0,0.0,15.0,10.0,36,0,0,0,0,normal
1,240.0,79,0.8431827184048333,0.9420014304009484,0.043795620437956206,9.41,0.8175182481751825,18.538611206648834,38.0,137,112,6,6,0,normal
1,240.0,80,0.9046220818838593,0.9460758653207236,0.016666666666666666,20.65,0.65,24.00787237461183,32.0,60,39,1,2,0,normal
1,240.0,81,0.8751942818777262,0.9619139211885395,0.017094017094017096,12.76,0.6666666666666666,18.506622963149084,14.0,117,78,2,4,0,normal
1,240.0,82,0.7978095307619294,0.950543992595317,0.025,0.0,0.975,13.074644130619353,22.0,40,39,1,2,0,normal
1,240.0,83,0.8835153878247699,0.9764265542221457,0.0,0.0,0.0,15.0,35.0,20,0,0,0,0,normal
1,240.0,84,0.8240926737246616,0.9697590289513329,0.0,20.32,0.36666666666666664,19.010038186231256,29.0,30,11,0,1,0,normal
1,240.0,85,0.8421942030869443,0.9182563249958806,0.010101010101010102,24.61,0.7777777777777778,16.46436580255002,31.0,99,77,1,4,0,normal
1,240.0,86,0.8352579530255475,0.9587808050222444,0.0,11.77,0.5555555555555556,18.777544260013585,19.0,72,40,0,2,0,normal
1,240.0,87,0.883557678681979,1.0,0.012048192771084338,15.7,0.927710843373494,16.082960322805036,33.0,83,77,1,4,0,normal
1,240.0,88,0.7987576183949319,1.0,0.0,16.08,0.5,25.329690152793802,17.0,40,20,0,1,0,normal
1,240.0,89,0.8196737942131476,0.9811700451589657,0.020833333333333332,7.24,0.7708333333333334,15.112901656617106,34.0,96,74,2,4,0,normal
1,240.0,90,0.8303588134421656,0.986091343789052,0.0,9.88,0.3508771929824561,13.823923300195267,7.0,57,20,0,1,0,normal
1,240.0,91,0.8467158873666745,1.0,0.0,21.12,0.8333333333333334,18.78149621610224,18.0,24,20,0,1,0,normal
1,240.0,92,0.8148753631910868,0.995254774231021,0.016666666666666666,6.69,0.9833333333333333,17.40507055212759,31.0,60,59,1,3,0,normal
1,240.0,93,0.8589482468900013,0.9614233898597299,0.025,9.66,0.475,17.016269408112752,15.0,80,38,2,2,0,normal
1,240.0,94,0.9146250306166506,1.0,0.010101010101010102,19.43,0.3939393939393939,16.80879928591354,18.0,99,39,1,2,0,normal
1,240.0,95,0.886846552081651,1.0,0.0,11.09,1.0,15.0,29.0,0,0,0,0,0,normal
1,240.0,96,0.9237264267328846,0.9949752732945092,0.0,22.43,0.0,15.0,11.0,14,0,0,0,0,normal
1,240.0,97,0.8259644208077427,0.9665186839846409,0.021739130434782608,5.78,0.39855072463768115,18.301369597806264,27.0,138,55,3,3,0,normal
1,240.0,98,0.8069363529040029,0.9588369153731979,0.0,7.55,0.5128205128205128,20.825123144742022,27.0,39,20,0,1,0,normal
1,240.0,99,0.815384327709456,1.0,0.0,7.15,0.0,15.0,20.0,18,0,0,0,0,normal
1,250.0,0,0.6008252839414674,0.4990923521853242,0.4750542299349241,5.69,0.3839479392624729,27.82748930660351,35.0,461,177,219,23,1,greyhole
1,250.0,1,0.6558038793705748,0.8592893965712423,0.020050125313283207,11.66,0.8796992481203008,18.274158877888514,34.0,399,351,8,19,0,normal
1,250.0,2,0.6281490750187368,0.9748294703266045,0.017094017094017096,0.0,0.811965811965812,16.568716982145734,25.0,117,95,2,6,0,normal
1,250.0,3,0.7376206760931424,0.9724338408178075,0.00558659217877095,13.15,0.7653631284916201,18.23148514282534,36.0,179,137,1,7,0,normal
1,250.0,4,0.7420378986600895,0.9716431277524984,0.014705882352941176,15.49,0.8529411764705882,14.281502457580471,23.0,136,116,2,6,0,normal
1,250.0,5,0.7913544369063721,0.9677428341273643,0.01020408163265306,5.43,0.9897959183673469,20.864121763555477,19.0,98,97,1,5,0,normal
1,250.0,6,0.5739591968477867,0.9616724412157311,0.017045454545454544,0.0,0.7727272727272727,18.79517075456204,14.0,176,136,3,7,0,normal
1,250.0,7,0.8188486484388496,0.950274050176628,0.007042253521126761,14.13,0.9154929577464789,15.695674008145144,23.0,142,130,1,8,0,normal
1,250.0,8,0.7395370593058748,0.9731139776600148,0.0,0.0,0.956140350877193,18.126328211413227,20.0,114,109,0,7,0,normal
1,250.0,9,0.8462093078354792,0.4968757358145168,0.65,0.0,0.016666666666666666,36.93711655381095,15.0,60,1,39,2,1,blackhole
1,250.0,10,0.7452089786536411,0.7289062992551318,0.3246753246753247,10.44,0.19480519480519481,27.686454512583015,16.0,77,15,25,2,1,greyhole
1,250.0,11,0.798203151587947,0.9829271250060375,0.0,15.65,0.0,15.0,20.0,55,0,0,0,0,normal
1,250.0,12,0.7945945025773742,1.0,0.0,21.87,1.0,17.30859912205523,21.0,20,20,0,1,0,normal
1,250.0,13,0.7239672276639783,0.9750462724606732,0.03508771929824561,5.5,0.3157894736842105,11.003005262761999,14.0,57,18,2,1,0,normal
1,250.0,14,0.7900041409024439,0.9378411940147813,0.030927835051546393,10.64,0.9690721649484536,16.447939266446486,20.0,97,94,3,5,0,normal
1,250.0,15,0.707121178957079,0.9411949266453443,0.008,5.44,0.916,18.048292340510216,25.0,250,229,2,12,0,normal
1,250.0,16,0.7629018932720288,0.9996709997777057,0.0,21.7,0.5263157894736842,9.870087037018854,11.0,38,20,0,1,0,normal
1,250.0,17,0.8486917032964643,0.9817854938282221,0.0,0.0,0.5,18.646136703477204,22.0,40,20,0,1,0,normal
1,250.0,18,0.8361221799862897,0.9595704901160022,0.02,9.31,0.6,15.879420182120594,8.0,50,30,1,2,0,normal
1,250.0,19,0.8515924182129165,0.9445412754038911,0.023622047244094488,7.69,0.7519685039370079,15.43108352387999,24.0,254,191,6,11,0,normal
1,250.0,20,0.8060320589801397,0.9148654280089579,0.03571428571428571,5.93,0.8622448979591837,20.202856017636876,13.0,196,169,7,9,0,normal
1,250.0,21,0.8167207183615486,0.9157772066254092,0.01593625498007968,12.96,0.6812749003984063,17.8896529819717,36.0,251,171,4,11,0,normal
1,250.0,22,0.7895521487944568,1.0,0.0,0.0,1.0,17.865133065452202,15.0,60,60,0,3,0,normal
1,250.0,23,0.859314540617078,0.988594220207508,0.012658227848101266,18.68,0.7341772151898734,19.11507310042408,17.0,79,58,1,3,0,normal
1,250.0,24,0.8527610346299404,0.9207546845137483,0.014925373134328358,9.52,0.8432835820895522,18.033245110492366,15.0,134,113,2,6,0,normal
1,250.0,25,0.8263467223461941,0.9769966499097728,0.0,16.22,0.8108108108108109,18.239756740779722,34.0,148,120,0,6,0,normal
1,250.0,26,0.8915733273504403,0.9725941682779807,0.0,12.4,0.0,15.0,12.0,37,0,0,0,0,normal
1,250.0,27,0.7580941792155698,0.9713385292604517,0.0125,0.0,0.9875,20.93853859924539,7.0,80,79,1,4,0,normal
1,250.0,28,0.7826986646303703,0.9900372647190481,0.01282051282051282,11.12,0.5,9.704461231539426,28.0,78,39,1,2,0,normal
1,250.0,29,0.7935908489194039,0.5170394790961242,0.6779661016949152,10.14,0.0,35.346018943784706,30.0,59,0,40,2,1,blackhole
1,250.0,30,0.7659045902881446,0.9727770062785608,0.017094017094017096,21.0,0.6495726495726496,17.9775982770856,22.0,117,76,2,4,0,normal
1,250.0,31,0.8597349463874769,0.996916222242479,0.007142857142857143,18.12,0.9928571428571429,18.61229652244254,34.0,140,139,1,7,0,normal
1,250.0,32,0.8011875988862343,0.9697986789169113,0.05084745762711865,8.64,0.9491525423728814,11.609955993272981,31.0,59,56,3,3,0,normal
1,250.0,33,0.7557273687914908,1.0,0.0,5.99,0.5277777777777778,22.11610533923264,32.0,36,19,0,1,0,normal
1,250.0,34,0.8872909453608997,1.0,0.03488372093023256,6.73,0.8837209302325582,17.224781269430167,20.0,86,76,3,4,0,normal
1,250.0,35,0.8123320367447758,0.8665662003684117,0.1588785046728972,0.0,0.028037383177570093,29.098664790681774,10.0,107,3,17,1,1,blackhole
1,250.0,36,0.8534271531430022,0.929182526227646,0.0189873417721519,15.08,0.7151898734177216,18.992664562004055,35.0,158,113,3,7,0,normal
1,250.0,37,0.7754926494717798,1.0,0.0,0.0,0.45454545454545453,23.987533923410048,17.0,44,20,0,1,0,normal
1,250.0,38,0.7615713551630245,0.9360222147017461,0.0045871559633027525,6.37,0.6422018348623854,16.663988366746413,29.0,218,140,1,8,0,normal
1,250.0,39,0.7619590103956243,0.9962196410246736,0.017699115044247787,6.05,0.9823008849557522,18.48514340215331,20.0,113,111,2,7,0,normal
1,250.0,40,0.7927097677047885,0.9997117069297433,0.010101010101010102,12.06,0.5959595959595959,12.453865871288388,13.0,99,59,1,3,0,normal
1,250.0,41,0.8709234651190704,0.9641636122754005,0.0,24.94,0.6153846153846154,15.635724194088315,14.0,65,40,0,2,0,normal
1,250.0,42,0.89082524153778,1.0,0.0,0.0,0.0,15.0,13.0,18,0,0,0,0,normal
1,250.0,43,0.8106655994881597,0.9984441829655857,0.0,0.0,1.0,17.67503379073944,4.0,20,20,0,1,0,normal
1,250.0,44,0.824687535609249,0.9794967383709466,0.0,7.5,0.7764705882352941,19.857899854727243,32.0,85,66,0,5,0,normal
1,250.0,45,0.8578843604451762,0.40238070668163695,0.75,0.0,0.25,32.86939340830731,6.0,20,5,15,1,1,greyhole
1,250.0,46,0.7844906680804538,0.9349486737150323,0.019138755980861243,15.1,0.8851674641148325,14.717281236832608,35.0,209,185,4,10,0,normal
1,250.0,47,0.9188586338181084,0.9507952427066076,0.009302325581395349,13.69,0.7162790697674418,16.069157554041382,27.0,215,154,2,8,0,normal
1,250.0,48,0.8928142628396435,0.9378536980829669,0.009259259259259259,9.8,0.6388888888888888,18.807556159374915,18.0,108,69,1,5,0,normal
1,250.0,49,0.7976035763980646,0.9630971913322729,0.05102040816326531,11.48,0.5612244897959183,19.078229626670872,24.0,98,55,5,3,0,normal
1,250.0,50,0.8036464359448686,1.0,0.0,0.0,0.0,15.0,13.0,20,0,0,0,0,normal
1,250.0,51,0.8903140270848212,0.9382401192795986,0.0,12.71,0.75,18.04090788549466,35.0,80,60,0,3,0,normal
1,250.0,52,0.8390625647675238,1.0,0.0,17.1,1.0,19.414409067148306,9.0,20,20,0,1,0,normal
1,250.0,53,0.9077348119421936,0.9925519285020833,0.0,23.26,0.8888888888888888,18.89738466847652,11.0,45,40,0,2,0,normal
1,250.0,54,0.9158221071133787,0.973462086992949,0.041666666666666664,10.89,0.9583333333333334,17.781747559492164,27.0,48,46,2,3,0,normal
1,250.0,55,0.7953974397047863,0.9726197322088549,0.0,7.41,1.0,15.0,25.0,0,0,0,0,0,normal
1,250.0,56,0.7910509590256397,1.0,0.0,8.07,0.5,11.640497801241013,20.0,40,20,0,1,0,normal
1,250.0,57,0.8048458312682973,0.9534083033504569,0.0,12.69,1.0,12.956855040735691,15.0,20,20,0,1,0,normal
1,250.0,58,0.8462642662979549,1.0,0.0,8.27,0.7142857142857143,21.93963355737361,12.0,84,60,0,3,0,normal
1,250.0,59,0.7671673020329008,0.9246898456794705,0.10526315789473684,5.45,0.8947368421052632,13.795820183106704,26.0,19,17,2,1,0,normal
1,250.0,60,0.8150970463284944,0.9760345807903211,0.02564102564102564,7.54,0.48717948717948717,13.600776920576289,19.0,78,38,2,2,0,normal
1,250.0,61,0.8253479833581179,0.9760968125950971,0.05,21.84,0.95,14.163696340775614,36.0,20,19,1,1,0,normal
1,250.0,62,0.7904944509524464,0.9436205297757939,0.08333333333333333,7.83,0.75,11.743122324150763,11.0,24,18,2,1,0,normal
1,250.0,63,0.8535478170413473,0.26804858398248427,0.9625,5.89,0.0375,36.23556884384931,21.0,80,3,77,4,1,blackhole
1,250.0,64,0.8588121982930453,0.8516233437849137,0.16363636363636364,21.46,0.2,33.92732919825703,4.0,55,11,9,1,1,greyhole
1,250.0,65,0.9354732437736736,0.9880966136915718,0.0,6.1,0.5263157894736842,12.858880389581426,13.0,38,20,0,1,0,normal
1,250.0,66,0.8212512274519024,0.9795372557426367,0.02040816326530612,24.33,0.1836734693877551,14.44260403472471,38.0,49,9,1,1,0,normal
1,250.0,67,0.8034396890650279,0.9933880355768514,0.02666666666666667,5.79,0.5066666666666667,16.180809238138032,21.0,75,38,2,2,0,normal
1,250.0,68,0.8082978972745524,1.0,0.0,0.0,0.4166666666666667,19.75802656363186,29.0,96,40,0,2,0,normal
1,250.0,69,0.8796056303798226,0.9240983823118171,0.05,5.77,0.7,15.913657787100286,31.0,80,56,4,3,0,normal
1,250.0,70,0.8474297376524044,0.9746576118052716,0.0,12.83,0.5128205128205128,9.717386742309841,19.0,78,40,0,2,0,normal
1,250.0,71,0.7866155411401613,0.9800435413673513,0.0,23.8,0.4936708860759494,22.008716627985898,33.0,79,39,0,2,0,normal
1,250.0,72,0.8696095985147576,0.9874791812599076,0.007352941176470588,15.22,0.7279411764705882,17.506632892901543,14.0,136,99,1,5,0,normal
1,250.0,73,0.8569271222670685,1.0,0.0,0.0,0.0,15.0,35.0,37,0,0,0,0,normal
1,250.0,74,0.8243230418835722,0.9490852875433091,0.03389830508474576,9.65,0.864406779661017,16.578727458158355,24.0,177,153,6,8,0,normal
1,250.0,75,0.8416130226048828,0.994897580958894,0.0,0.0,0.3333333333333333,13.73738182395961,15.0,60,20,0,1,0,normal
1,250.0,76,0.8151921480624827,0.9853610114024606,0.0,5.6,1.0,11.196077869610773,16.0,20,20,0,1,0,normal
1,250.0,77,0.8641106431956945,0.9760713090870804,0.0,8.24,0.3389830508474576,10.982054178896705,20.0,59,20,0,1,0,normal
1,250.0,78,0.8036708379608248,0.9684776872596612,0.016666666666666666,5.27,0.65,18.84438403040783,20.0,60,39,1,2,0,normal
1,250.0,79,0.8423827184048333,1.0,0.0,9.41,0.0,15.0,32.0,40,0,0,0,0,normal
1,250.0,80,0.9023820818838593,1.0,0.0,20.65,0.7692307692307693,13.828363613190522,24.0,52,40,0,2,0,normal
1,250.0,81,0.8700342818777262,0.9622977408746668,0.010101010101010102,0.0,0.797979797979798,13.52705171303467,12.0,99,79,1,4,0,normal
1,250.0,82,0.7938895307619295,1.0,0.01020408163265306,15.3,0.5918367346938775,18.214717062628086,30.0,98,58,1,3,0,normal
1,250.0,83,0.88139538782477,0.9805006825733051,0.029411764705882353,18.81,0.2647058823529412,22.42226650101241,30.0,68,18,2,1,0,normal
1,250.0,84,0.8211726737246616,0.9456345177350466,0.03125,20.32,0.65625,10.11886092597287,23.0,64,42,2,3,0,normal
1,250.0,85,0.8397942030869443,0.9687676020881624,0.0,24.61,1.0,18.687015396082376,24.0,40,40,0,2,0,normal
1,250.0,86,0.8346979530255474,0.9769142004219906,0.0,11.77,0.0,15.0,18.0,28,0,0,0,0,normal
1,250.0,87,0.882357678681979,1.0,0.0,15.7,1.0,8.808533287374564,36.0,20,20,0,1,0,normal
1,250.0,88,0.7958776183949319,0.970139738603216,0.016666666666666666,16.08,0.7333333333333333,17.153520330880617,17.0,60,44,1,3,0,normal
1,250.0,89,0.8152937942131475,0.97870036527483,0.01,7.24,0.59,19.357145062916697,31.0,100,59,1,3,0,normal
1,250.0,90,0.8302588134421656,1.0,0.0,0.0,0.0,15.0,3.0,5,0,0,0,0,normal
1,250.0,91,0.8455358873666745,0.9555108655118641,0.05,0.0,0.95,11.59662614643396,19.0,20,19,1,1,0,normal
1,250.0,92,0.8089753631910868,0.957079596583491,0.007352941176470588,6.69,0.5808823529411765,20.58056205923493,30.0,136,79,1,4,0,normal
1,250.0,93,0.8573682468900014,0.9980368774854437,0.0,0.0,0.5128205128205128,22.14184411842961,16.0,39,20,0,1,0,normal
1,250.0,94,0.9124650306166505,1.0,0.014492753623188406,19.43,0.2753623188405797,16.0531509370297,28.0,69,19,1,1,0,normal
1,250.0,95,0.882106552081651,0.985353865517257,0.00847457627118644,11.09,0.6694915254237288,14.091873129317536,33.0,118,79,1,4,0,normal
1,250.0,96,0.9225664267328847,1.0,0.0,22.43,0.48717948717948717,18.443871863830765,25.0,39,19,0,1,0,normal
1,250.0,97,0.8232044208077427,1.0,0.01694915254237288,5.78,0.6610169491525424,11.85260594592058,34.0,59,39,1,2,0,normal
1,250.0,98,0.8012563529040029,0.9237863336269716,0.03125,7.55,0.59375,17.71275769082511,24.0,128,76,4,4,0,normal
1,250.0,99,0.815384327709456,0.9534066727377505,0.0,0.0,1.0,15.0,11.0,0,0,0,0,0,normal
1,260.0,0,0.5903452839414673,0.5528181133916699,0.45584045584045585,5.69,0.4928774928774929,27.501882637891853,34.0,351,173,160,18,1,greyhole
1,260.0,1,0.6428438793705749,0.8659928693558352,0.025974025974025976,11.66,0.974025974025974,15.962789701599949,34.0,308,300,8,17,0,normal
1,260.0,2,0.6150490750187368,0.9436537074810476,0.008645533141210375,22.13,0.829971181556196,16.675463564457917,27.0,347,288,3,15,0,normal
1,260.0,3,0.7289606760931424,0.9335819701893235,0.02512562814070352,13.15,0.8743718592964824,16.774381689388278,34.0,199,174,5,9,0,normal
1,260.0,4,0.7401578986600894,0.9994163139718262,0.05172413793103448,0.0,0.6206896551724138,17.812484593591094,29.0,58,36,3,2,0,normal
1,260.0,5,0.7839344369063721,0.9748041392965747,0.01910828025477707,5.43,0.9808917197452229,19.145872078874017,22.0,157,154,3,8,0,normal
1,260.0,6,0.5629791968477867,0.8740989850027858,0.03474903474903475,13.32,0.9652509652509652,16.722219475558333,19.0,259,250,9,14,0,normal
1,260.0,7,0.8109286484388496,0.9193131677355665,0.01507537688442211,14.13,0.8894472361809045,16.533539801829395,32.0,199,177,3,11,0,normal
1,260.0,8,0.7311970593058748,0.9456106467348793,0.022026431718061675,24.82,0.748898678414097,16.079508409093503,29.0,227,170,5,9,0,normal
1,260.0,9,0.8447293078354792,0.46688182991243554,0.7605633802816901,12.01,0.04225352112676056,33.69152117629754,17.0,71,3,54,3,1,blackhole
1,260.0,10,0.7444289786536411,0.8099965516451225,0.24242424242424243,10.44,0.18181818181818182,20.16800187889126,14.0,33,6,8,1,1,greyhole
1,260.0,11,0.793463151587947,0.9574120258630556,0.016666666666666666,15.65,0.8083333333333333,18.62430660821964,17.0,120,97,2,5,0,normal
1,260.0,12,0.7892745025773742,0.868788694690823,0.04411764705882353,21.87,0.8088235294117647,17.786451231476427,36.0,136,110,6,6,0,normal
1,260.0,13,0.7226872276639783,0.9953577263637801,0.0,5.5,0.9130434782608695,24.008391347271854,18.0,23,21,0,2,0,normal
1,260.0,14,0.7863241409024438,0.9429934836266775,0.010101010101010102,10.64,0.8585858585858586,18.48417124719697,30.0,99,85,1,5,0,normal
1,260.0,15,0.7027011789570791,0.9456562805666389,0.030534351145038167,5.44,0.6870229007633588,18.596389703698936,25.0,131,90,4,5,0,normal
1,260.0,16,0.7622018932720289,1.0,0.0,21.7,0.09375,15.995536461706557,26.0,32,3,0,2,0,normal
1,260.0,17,0.8429117032964643,0.9233376221859952,0.03676470588235294,23.61,0.6838235294117647,17.333290437440446,23.0,136,93,5,5,0,normal
1,260.0,18,0.8357621799862897,0.9795701064902941,0.0,0.0,0.0,15.0,6.0,18,0,0,0,0,normal
1,260.0,19,0.8504324182129165,1.0,0.0,7.69,0.48717948717948717,17.35581243519723,18.0,39,19,0,1,0,normal
1,260.0,20,0.8012720589801398,0.9563360679468391,0.0136986301369863,5.93,0.6301369863013698,18.57887877529622,16.0,146,92,2,5,0,normal
1,260.0,21,0.8144007183615486,0.9840921053406579,0.03389830508474576,12.96,0.6271186440677966,20.96342920980367,33.0,59,37,2,2,0,normal
1,260.0,22,0.7855121487944567,0.9380425354325037,0.046511627906976744,15.31,0.6511627906976745,12.6244513886513,15.0,86,56,4,3,0,normal
1,260.0,23,0.854974540617078,0.9988355950902995,0.0,18.68,0.6185567010309279,18.609598264678237,11.0,97,60,0,3,0,normal
1,260.0,24,0.8493010346299403,0.9705461141495053,0.013157894736842105,9.52,0.75,16.781124705473065,23.0,76,57,1,3,0,normal
1,260.0,25,0.8240267223461941,1.0,0.0,16.22,0.6551724137931034,17.68961189332743,25.0,58,38,0,2,0,normal
1,260.0,26,0.8868533273504402,0.988620869849688,0.02040816326530612,0.0,0.7959183673469388,18.524084455351147,6.0,98,78,2,4,0,normal
1,260.0,27,0.7530541792155698,0.9402421188422772,0.014814814814814815,17.65,0.5703703703703704,17.414356976882743,23.0,135,77,2,4,0,normal
1,260.0,28,0.7799386646303703,0.9848658135855068,0.012658227848101266,11.12,0.7468354430379747,18.449610861728402,15.0,79,59,1,3,0,normal
1,260.0,29,0.792190848919404,0.32082071866330786,0.9130434782608695,10.14,0.08695652173913043,33.124340277827315,32.0,46,4,42,3,1,blackhole
1,260.0,30,0.7610045902881446,0.9847099028560629,0.02631578947368421,21.0,0.7982456140350878,16.219364610458094,33.0,114,91,3,5,0,normal
1,260.0,31,0.854454946387477,0.9896391420130481,0.007462686567164179,18.12,0.6716417910447762,19.387516013045335,24.0,134,90,1,5,0,normal
1,260.0,32,0.7977075988862342,0.94470723310792,0.010416666666666666,8.64,0.6041666666666666,19.626508193713608,34.0,96,58,1,3,0,normal
1,260.0,33,0.7451873687914908,0.9501662152587727,0.025510204081632654,5.99,0.9744897959183674,18.40416079354211,33.0,196,191,5,10,0,normal
1,260.0,34,0.8829109453608996,1.0,0.01,6.73,0.59,16.16777806480123,21.0,100,59,1,3,0,normal
1,260.0,35,0.8103320367447758,0.518643884131222,0.6610169491525424,21.01,0.01694915254237288,34.507387544657334,16.0,59,1,39,2,1,blackhole
1,260.0,36,0.8486671531430022,0.9414307808647217,0.04950495049504951,0.0,0.7623762376237624,17.703899962963316,30.0,101,77,5,5,0,normal
1,260.0,37,0.7742926494717797,1.0,0.0,17.6,1.0,12.430337173896985,17.0,20,20,0,1,0,normal
1,260.0,38,0.7576113551630245,0.9933175428514355,0.0,6.37,0.7692307692307693,19.854169150670135,29.0,78,60,0,3,0,normal
1,260.0,39,0.7603790103956243,0.9849225459992037,0.0,6.05,0.5128205128205128,16.366104993956085,18.0,39,20,0,1,0,normal
1,260.0,40,0.7911297677047886,0.9687762387901182,0.025,12.06,0.475,12.203528102219789,12.0,40,19,1,1,0,normal
1,260.0,41,0.8698034651190704,0.9798754513687841,0.0,0.0,0.0,15.0,17.0,56,0,0,0,0,normal
1,260.0,42,0.88852524153778,0.9684098275309643,0.0,19.4,0.26666666666666666,20.0283042613832,13.0,75,20,0,1,0,normal
1,260.0,43,0.8040855994881597,0.95545295246275,0.025974025974025976,18.18,0.6168831168831169,17.89788378592062,12.0,154,95,4,5,0,normal
1,260.0,44,0.821887535609249,1.0,0.0,7.5,0.6666666666666666,18.081901320366782,34.0,60,40,0,2,0,normal
1,260.0,45,0.8571643604451762,0.9684182318560182,0.0,9.78,0.0,15.0,12.0,36,0,0,0,1,greyhole
1,260.0,46,0.7825306680804538,0.9661792594297677,0.0,15.1,0.48484848484848486,13.217495756687061,32.0,66,32,0,2,0,normal
1,260.0,47,0.9176786338181084,1.0,0.05,13.69,0.95,23.55246312281331,15.0,20,19,1,1,0,normal
1,260.0,48,0.8841742628396434,0.9363860294999186,0.0,9.8,1.0,12.438710126831793,18.0,156,156,0,8,0,normal
1,260.0,49,0.7964235763980646,0.988207458023297,0.05,0.0,0.95,11.229773615997052,20.0,20,19,1,1,0,normal
1,260.0,50,0.8011064359448686,0.9924781911663898,0.020833333333333332,8.26,0.8125,11.23543181462415,15.0,48,39,1,2,0,normal
1,260.0,51,0.8896940270848213,1.0,0.0,12.71,0.55,11.35058430942495,35.0,20,11,0,2,0,normal
1,260.0,52,0.8378625647675239,1.0,0.0,0.0,1.0,18.069496738437284,4.0,20,20,0,1,0,normal
1,260.0,53,0.9061148119421937,1.0,0.0,0.0,0.4878048780487805,9.117184770847311,7.0,41,20,0,1,0,normal
1,260.0,54,0.9081021071133787,0.9360252723797595,0.022988505747126436,10.89,0.8735632183908046,15.476666907973964,19.0,174,152,4,8,0,normal
1,260.0,55,0.7914574397047863,0.9247996685509334,0.0375,7.41,0.7125,17.89024080601745,17.0,80,57,3,3,0,normal
1,260.0,56,0.7850909590256397,0.9415454120902832,0.02,8.07,0.98,18.433480097578517,27.0,100,98,2,5,0,normal
1,260.0,57,0.8004658312682973,1.0,0.0,12.69,0.6060606060606061,15.770692797254242,14.0,99,60,0,3,0,normal
1,260.0,58,0.845084266297955,0.9458165204086875,0.05,0.0,0.95,10.955402807354828,11.0,20,19,1,1,0,normal
1,260.0,59,0.7639873020329009,0.9200955074987431,0.016666666666666666,5.45,0.9833333333333333,19.27533481092838,28.0,60,59,1,3,0,normal
1,260.0,60,0.8115370463284944,0.9801858396220635,0.0,7.54,0.40816326530612246,14.560586441083363,20.0,98,40,0,2,0,normal
1,260.0,61,0.8239079833581179,1.0,0.0,21.84,1.0,13.716719130202382,31.0,36,36,0,2,0,normal
1,260.0,62,0.7893144509524463,0.9581848703909834,0.05,7.83,0.95,23.099362849934092,13.0,20,19,1,1,0,normal
1,260.0,63,0.8449278170413472,0.26126725337438284,0.8821752265861027,5.89,0.06042296072507553,37.22293785152773,28.0,331,20,292,16,1,blackhole
1,260.0,64,0.8570321982930453,0.9128753769847299,0.10909090909090909,0.0,0.2545454545454545,19.537323259099757,7.0,55,14,6,1,1,greyhole
1,260.0,65,0.9335332437736736,0.9947806203941963,0.03389830508474576,6.1,0.3050847457627119,23.528687818755923,13.0,59,18,2,1,0,normal
1,260.0,66,0.8189312274519024,0.9556806345186278,0.02564102564102564,0.0,0.23076923076923078,13.98330333692796,32.0,78,18,2,1,0,normal
1,260.0,67,0.801159689065028,0.9754788091194568,0.017857142857142856,5.79,0.6785714285714286,16.93825545769537,28.0,56,38,1,2,0,normal
1,260.0,68,0.8059178972745524,0.9565002172089377,0.025,7.32,0.975,22.281442775462754,31.0,40,39,1,2,0,normal
1,260.0,69,0.8748656303798227,1.0,0.03,5.77,0.77,19.168937027924624,29.0,100,77,3,4,0,normal
1,260.0,70,0.8434297376524044,1.0,0.0,12.83,0.75,15.57051087466693,22.0,80,60,0,3,0,normal
1,260.0,71,0.7838955411401612,0.9755648103147522,0.034482758620689655,23.8,0.6551724137931034,14.899264289641936,35.0,58,38,2,2,0,normal
1,260.0,72,0.8681895985147576,0.9587205662231185,0.0,15.22,0.6451612903225806,20.996903915454364,22.0,31,20,0,1,0,normal
1,260.0,73,0.8553671222670685,0.9569486488872047,0.02564102564102564,15.85,0.48717948717948717,17.19264537652719,33.0,39,19,1,1,0,normal
1,260.0,74,0.8235630418835722,1.0,0.0,9.65,0.0,15.0,16.0,38,0,0,0,0,normal
1,260.0,75,0.8412130226048828,0.9791624158443858,0.0,18.06,0.0,15.0,26.0,20,0,0,0,0,normal
1,260.0,76,0.8139921480624827,1.0,0.0,5.6,1.0,18.572805413567426,20.0,20,20,0,1,0,normal
1,260.0,77,0.8613506431956945,0.975198582782135,0.01694915254237288,8.24,0.6610169491525424,22.401576848358125,22.0,59,39,1,2,0,normal
1,260.0,78,0.8021508379608249,0.9775346809294,0.0,5.27,0.5555555555555556,15.683200214395834,22.0,36,20,0,1,0,normal
1,260.0,79,0.8372827184048333,0.9633339877726903,0.0,9.41,0.4444444444444444,16.40079350961211,30.0,135,60,0,3,0,normal
1,260.0,80,0.9004420818838593,0.9762480228430235,0.02564102564102564,0.0,0.9743589743589743,11.132240622749997,20.0,39,38,1,2,0,normal
1,260.0,81,0.8696142818777262,1.0,0.0,12.39,0.0,15.0,15.0,21,0,0,0,0,normal
1,260.0,82,0.7883695307619294,0.9001692705378161,0.04,15.3,0.96,15.336654864527835,32.0,100,96,4,5,0,normal
1,260.0,83,0.8780753878247699,0.9567187292392155,0.0,18.81,0.46511627906976744,17.295243128446053,29.0,86,40,0,2,0,normal
1,260.0,84,0.8183526737246616,0.9391578307815011,0.015873015873015872,0.0,0.9206349206349206,17.902297404255492,22.0,63,58,1,3,0,normal
1,260.0,85,0.8382342030869443,0.9457463715448354,0.02564102564102564,0.0,0.48717948717948717,10.175964574427853,18.0,39,19,1,1,0,normal
1,260.0,86,0.8327179530255474,0.9850283770709828,0.025,11.77,0.975,11.454462696286129,21.0,40,39,1,2,0,normal
1,260.0,87,0.878797678681979,1.0,0.0,0.0,0.40816326530612246,13.343425265674576,31.0,98,40,0,2,0,normal
1,260.0,88,0.795077618394932,0.9791980391119156,0.0,16.08,0.0,15.0,9.0,40,0,0,0,0,normal
1,260.0,89,0.8152937942131475,1.0,0.0,7.24,1.0,15.0,26.0,0,0,0,0,0,normal
1,260.0,90,0.8294788134421656,0.9899484152674723,0.0,21.15,0.0,15.0,4.0,39,0,0,0,0,normal
1,260.0,91,0.8447358873666745,1.0,0.0,10.78,0.0,15.0,19.0,40,0,0,0,0,normal
1,260.0,92,0.8071753631910867,0.9746538857685259,0.0,6.69,0.4,9.51926760640279,26.0,50,20,0,1,0,normal
1,260.0,93,0.8557882468900013,0.9710164059546232,0.0,12.63,0.5128205128205128,10.16623606876193,17.0,39,20,0,1,0,normal
1,260.0,94,0.9094250306166506,0.9662833980760452,0.02702702702702703,19.43,0.5135135135135135,13.863898689888392,28.0,74,38,2,2,0,normal
1,260.0,95,0.880506552081651,0.9597144013791047,0.0,11.09,0.5,24.499933483492406,34.0,40,20,0,1,0,normal
1,260.0,96,0.9209664267328846,1.0,0.0,22.43,0.5,21.120121583438106,34.0,40,20,0,1,0,normal
1,260.0,97,0.8210644208077427,0.9879006738336055,0.014285714285714285,5.78,0.5285714285714286,24.162137681713652,33.0,70,37,1,2,0,normal
1,260.0,98,0.7961563529040029,0.940716471894369,0.007352941176470588,7.55,0.4338235294117647,15.320073396787938,29.0,136,59,1,3,0,normal
1,260.0,99,0.812984327709456,1.0,0.0,12.67,1.0,19.728206396709187,15.0,40,40,0,2,0,normal
1,270.0,0,0.5797652839414674,0.5023143748037533,0.5457142857142857,5.69,0.4542857142857143,25.871445521383023,33.0,350,159,191,19,1,greyhole
1,270.0,1,0.6321638793705748,0.887909070859213,0.01606425702811245,11.66,0.9839357429718876,19.166556199828786,33.0,249,245,4,14,0,normal
1,270.0,2,0.6065090750187369,0.9331348479304382,0.008620689655172414,0.0,0.7543103448275862,15.554364790492823,25.0,232,175,2,10,0,normal
1,270.0,3,0.7214006760931424,0.9137084390331522,0.02030456852791878,13.15,0.817258883248731,15.014845784564553,34.0,197,161,4,10,0,normal
1,270.0,4,0.7355178986600894,0.9346682886696317,0.037037037037037035,21.76,0.7777777777777778,17.03221644375206,28.0,108,84,4,6,0,normal
1,270.0,5,0.7785944369063721,0.9441061718118864,0.03816793893129771,0.0,0.8854961832061069,20.909775792633656,23.0,131,116,5,7,0,normal
1,270.0,6,0.5533391968477868,0.9197094580134831,0.010101010101010102,13.32,0.622895622895623,17.743629320204477,29.0,297,185,3,11,0,normal
1,270.0,7,0.8065086484388496,0.9845061998694858,0.030303030303030304,14.13,0.6742424242424242,19.83865408683129,30.0,132,89,4,5,0,normal
1,270.0,8,0.7260170593058747,0.9855152727514428,0.01,24.82,0.79,19.74178570605767,30.0,100,79,1,4,0,normal
1,270.0,9,0.8385493078354792,0.503420415877769,0.616504854368932,12.01,0.014563106796116505,31.922360453617586,21.0,206,3,127,7,1,blackhole
1,270.0,10,0.7415689786536411,0.6645281665128251,0.375,0.0,0.3977272727272727,21.996217299906846,17.0,88,35,33,4,1,greyhole
1,270.0,11,0.7930631515879469,1.0,0.0,0.0,0.0,15.0,15.0,20,0,0,0,0,normal
1,270.0,12,0.7850545025773742,0.9790346664263625,0.008849557522123894,21.87,0.5132743362831859,13.387176993646117,31.0,113,58,1,3,0,normal
1,270.0,13,0.7203672276639783,0.926640777495613,0.017543859649122806,5.5,0.6842105263157895,15.4410696030562,19.0,57,39,1,2,0,normal
1,270.0,14,0.7746041409024438,0.9133272693974215,0.02158273381294964,10.64,0.8920863309352518,16.841248272443853,33.0,278,248,6,14,0,normal
1,270.0,15,0.700341178957079,0.9616484786889276,0.0,5.44,1.0,13.898643032622862,20.0,59,59,0,3,0,normal
1,270.0,16,0.7561218932720288,0.9805902406357593,0.011976047904191617,0.0,0.7005988023952096,16.220952799836258,36.0,167,117,2,6,0,normal
1,270.0,17,0.8381517032964643,0.935070380836016,0.037037037037037035,23.61,0.9506172839506173,17.26823041908026,14.0,81,77,3,4,0,normal
1,270.0,18,0.8345821799862896,0.9431695509407606,0.05,18.72,0.95,22.21948290337415,7.0,20,19,1,1,0,normal
1,270.0,19,0.8453524182129165,0.9415965771408789,0.02564102564102564,7.69,0.6581196581196581,19.498632535556684,12.0,117,77,3,4,0,normal
1,270.0,20,0.7976720589801397,0.9899898208201252,0.0,5.93,1.0,21.43758339640438,25.0,80,80,0,4,0,normal
1,270.0,21,0.8120407183615487,0.9017347638428118,0.05,12.96,0.95,15.494377731102752,29.0,40,38,2,2,0,normal
1,270.0,22,0.7753721487944568,0.8900725796082375,0.0211864406779661,15.31,0.8940677966101694,17.478488942822594,28.0,236,211,5,11,0,normal
1,270.0,23,0.852574540617078,0.9738540359459349,0.0,0.0,1.0,17.198367619701898,7.0,40,40,0,2,0,normal
1,270.0,24,0.8466610346299404,0.9693329396309587,0.013333333333333334,9.52,0.76,15.126074344552606,25.0,75,57,1,3,0,normal
1,270.0,25,0.819826722346194,0.9880337632559208,0.023255813953488372,0.0,0.9767441860465116,18.309429008742,22.0,86,84,2,5,0,normal
1,270.0,26,0.8856533273504402,1.0,0.0,8.13,1.0,10.641252553631864,12.0,20,20,0,1,0,normal
1,270.0,27,0.7518541792155699,0.9930582953941182,0.0,17.65,0.5,15.058428648507048,28.0,40,20,0,1,0,normal
1,270.0,28,0.7739786646303703,0.945554427379324,0.02,11.12,0.98,14.90921900154657,3.0,100,98,2,5,0,normal
1,270.0,29,0.7857508489194039,0.4862696802470758,0.6862068965517242,10.14,0.041379310344827586,36.8714424298698,31.0,290,12,199,11,1,blackhole
1,270.0,30,0.7521845902881447,0.919600242204218,0.03608247422680412,0.0,0.9639175257731959,16.238147402043875,26.0,194,187,7,13,0,normal
1,270.0,31,0.8540549463874769,1.0,0.0,0.0,0.0,15.0,27.0,20,0,0,0,0,normal
1,270.0,32,0.7969875988862343,1.0,0.0,8.64,1.0,13.166557154864806,26.0,18,18,0,1,0,normal
1,270.0,33,0.7423473687914909,0.9400189594282383,0.0,5.99,1.0,17.820826862896645,32.0,61,61,0,4,0,normal
1,270.0,34,0.8827709453608996,1.0,0.0,0.0,0.0,15.0,22.0,7,0,0,0,0,normal
1,270.0,35,0.8095120367447758,0.31216638270209196,0.9523809523809523,21.01,0.0,34.50472343874043,28.0,21,0,20,1,1,blackhole
1,270.0,36,0.8448271531430022,0.9624686370768895,0.04081632653061224,19.12,0.5510204081632653,18.61710378044586,29.0,98,54,4,3,0,normal
1,270.0,37,0.7742926494717797,0.9897751286622007,0.0,0.0,1.0,15.0,20.0,0,0,0,0,0,normal
1,270.0,38,0.7558113551630244,0.9904153352550997,0.038461538461538464,6.37,0.34615384615384615,19.695187737521362,21.0,52,18,2,1,0,normal
1,270.0,39,0.7579190103956243,0.9812410937769392,0.015384615384615385,0.0,0.5846153846153846,16.37028270698356,15.0,65,38,1,2,0,normal
1,270.0,40,0.7892097677047886,0.9671766093742378,0.034482758620689655,0.0,0.3103448275862069,15.088358060943284,10.0,58,18,2,1,0,normal
1,270.0,41,0.8665834651190704,0.9883084311045192,0.0,18.33,0.6785714285714286,19.731238221742824,27.0,84,57,0,3,0,normal
1,270.0,42,0.88732524153778,1.0,0.0,19.4,1.0,18.14629103240254,9.0,20,20,0,1,0,normal
1,270.0,43,0.8033455994881598,1.0,0.0,18.18,0.0,15.0,14.0,37,0,0,0,0,normal
1,270.0,44,0.816607535609249,0.962785138960544,0.007874015748031496,7.5,0.7637795275590551,18.550477831105763,30.0,127,97,1,5,0,normal
1,270.0,45,0.8561443604451762,0.6196160046319762,0.45,9.78,0.55,34.0756006558823,15.0,20,11,9,1,1,greyhole
1,270.0,46,0.7797706680804538,0.9829615024409886,0.012658227848101266,15.1,0.4936708860759494,22.439959577484046,25.0,79,39,1,2,0,normal
1,270.0,47,0.9137386338181085,1.0,0.01282051282051282,13.69,0.7564102564102564,14.197455848600299,9.0,78,59,1,3,0,normal
1,270.0,48,0.8805942628396435,0.939731207451159,0.016666666666666666,9.8,0.9833333333333333,22.395966405148723,27.0,60,59,1,3,0,normal
1,270.0,49,0.7916435763980646,1.0,0.0125,17.4,0.9875,14.958975770515098,27.0,80,79,1,4,0,normal
1,270.0,50,0.7980664359448686,0.9225426126904305,0.06493506493506493,8.26,0.45454545454545453,20.574449504197535,20.0,77,35,5,2,0,normal
1,270.0,51,0.8896940270848213,0.9935026020701336,0.0,12.71,1.0,15.0,27.0,0,0,0,0,0,normal
1,270.0,52,0.8351225647675239,0.9872747009166095,0.03389830508474576,23.9,0.6440677966101694,16.405589951275182,3.0,59,38,2,2,0,normal
1,270.0,53,0.9040748119421936,0.9907734146107914,0.015873015873015872,21.57,0.30158730158730157,17.90227797189715,14.0,63,19,1,1,0,normal
1,270.0,54,0.9045621071133787,0.9811054501213059,0.05,10.89,0.95,14.907307597220267,14.0,60,57,3,3,0,normal
1,270.0,55,0.7849374397047864,0.9371818732816191,0.03954802259887006,0.0,0.8418079096045198,14.199389334404904,14.0,177,149,7,8,0,normal
1,270.0,56,0.7847109590256397,0.9904393013552992,0.0,8.07,0.0,15.0,32.0,19,0,0,0,0,normal
1,270.0,57,0.7972858312682973,0.9856226682595655,0.0125,12.69,0.4875,15.508772930005193,18.0,80,39,1,2,0,normal
1,270.0,58,0.839904266297955,1.0,0.0,15.95,0.8080808080808081,14.094888555673807,20.0,99,80,0,4,0,normal
1,270.0,59,0.7612673020329009,1.0,0.010309278350515464,5.45,0.1958762886597938,24.703333423578485,25.0,97,19,1,1,0,normal
1,270.0,60,0.8051370463284945,0.9881183160129142,0.0,7.54,0.8333333333333334,21.80460873900141,20.0,120,100,0,5,0,normal
1,270.0,61,0.8200079833581179,0.987925806837055,0.017094017094017096,21.84,0.3247863247863248,16.35538938825122,19.0,117,38,2,2,0,normal
1,270.0,62,0.7893144509524463,0.9939134197876861,0.0,7.83,1.0,15.0,25.0,0,0,0,0,0,normal
1,270.0,63,0.8429478170413472,0.4868117779141704,0.6724137931034483,5.89,0.017241379310344827,38.50056682325935,30.0,58,1,39,2,1,blackhole
1,270.0,64,0.8552321982930453,0.8440711409147904,0.16666666666666666,24.53,0.16666666666666666,33.084452914731045,13.0,60,10,10,1,1,greyhole
1,270.0,65,0.9323532437736736,0.9284523358325797,0.05,6.1,0.95,16.44616500169671,16.0,20,19,1,1,0,normal
1,270.0,66,0.8172712274519023,0.9582016413698459,0.0,23.04,0.46511627906976744,19.376533540587065,31.0,43,20,0,1,0,normal
1,270.0,67,0.798039689065028,0.9545400812100627,0.012987012987012988,5.79,0.5064935064935064,15.689187567070057,28.0,77,39,1,2,0,normal
1,270.0,68,0.8036178972745525,1.0,0.0,7.32,0.6666666666666666,19.261641982529596,34.0,57,38,0,2,0,normal
1,270.0,69,0.8724656303798226,0.99463247658443,0.0,5.77,1.0,15.92449753843244,25.0,40,40,0,2,0,normal
1,270.0,70,0.8370697376524043,0.9184771689197163,0.03546099290780142,12.83,0.8297872340425532,17.85153798456998,29.0,141,117,5,7,0,normal
1,270.0,71,0.7819155411401613,1.0,0.016666666666666666,0.0,0.31666666666666665,23.28315115727588,32.0,60,19,1,1,0,normal
1,270.0,72,0.8658695985147576,0.9447958253390599,0.02564102564102564,15.22,0.23076923076923078,15.166048896688974,20.0,78,18,2,1,0,normal
1,270.0,73,0.8510471222670685,0.9826003529948532,0.02040816326530612,15.85,0.5918367346938775,17.449673250872237,26.0,98,58,2,3,0,normal
1,270.0,74,0.8231630418835723,0.9635664910518134,0.0,9.65,0.0,15.0,13.0,20,0,0,0,0,normal
1,270.0,75,0.8382330226048829,0.942185595355258,0.013333333333333334,18.06,0.72,21.69971973146484,35.0,75,54,1,3,0,normal
1,270.0,76,0.8136121480624827,1.0,0.0,5.6,0.0,15.0,23.0,19,0,0,0,0,normal
1,270.0,77,0.8586106431956946,1.0,0.0,8.24,0.7017543859649122,9.89299001859149,26.0,57,40,0,2,0,normal
1,270.0,78,0.8017708379608248,1.0,0.0,5.27,0.0,15.0,25.0,19,0,0,0,0,normal
1,270.0,79,0.8359827184048332,0.9961886651090663,0.038461538461538464,9.41,0.7307692307692307,9.441220564953715,23.0,26,19,1,1,0,normal
1,270.0,80,0.8967020818838592,0.975309568387403,0.0,22.61,0.8955223880597015,16.178300607476746,28.0,67,60,0,3,0,normal
1,270.0,81,0.8692942818777262,0.9811384452810344,0.0,12.39,0.0,15.0,21.0,16,0,0,0,0,normal
1,270.0,82,0.7851895307619294,0.9714593616377805,0.0,15.3,0.5063291139240507,16.451235961599554,23.0,79,40,0,2,0,normal
1,270.0,83,0.87367538782477,0.9787454690360716,0.0,18.81,0.6,22.94182253072324,18.0,100,60,0,3,0,normal
1,270.0,84,0.8151926737246615,0.983114308950723,0.03333333333333333,8.51,0.9666666666666667,15.692946466554561,26.0,60,58,2,3,0,normal
1,270.0,85,0.8354342030869443,0.9822739874565863,0.0,9.35,0.6666666666666666,13.380026811346564,18.0,60,40,0,2,0,normal
1,270.0,86,0.8321579530255474,1.0,0.0,0.0,0.0,15.0,23.0,28,0,0,0,0,normal
1,270.0,87,0.877577678681979,0.9931279341991711,0.0,15.74,0.9523809523809523,15.874960137976188,30.0,21,20,0,1,0,normal
1,270.0,88,0.790297618394932,0.9538343617867289,0.024691358024691357,0.0,0.9629629629629629,17.54252471975173,5.0,81,78,2,4,0,normal
1,270.0,89,0.8133737942131476,0.982389601137756,0.0,7.24,0.35714285714285715,8.569252371828687,25.0,56,20,0,1,0,normal
1,270.0,90,0.8291388134421656,1.0,0.0,21.15,0.0,15.0,15.0,17,0,0,0,0,normal
1,270.0,91,0.8419558873666745,1.0,0.0,10.78,0.6779661016949152,12.199271684218479,25.0,59,40,0,2,0,normal
1,270.0,92,0.8064153631910868,1.0,0.0,6.69,0.0,15.0,26.0,38,0,0,0,0,normal
1,270.0,93,0.8549882468900013,0.9653275060224134,0.0,12.63,0.0,15.0,29.0,40,0,0,0,0,normal
1,270.0,94,0.9061050306166505,0.9899257170051635,0.014492753623188406,0.0,0.8260869565217391,19.560119025518784,26.0,69,57,1,3,0,normal
1,270.0,95,0.877766552081651,1.0,0.03389830508474576,11.09,0.6440677966101694,15.56552360124104,31.0,59,38,2,2,0,normal
1,270.0,96,0.9190264267328847,1.0,0.0,22.43,0.3508771929824561,14.626507271824293,25.0,57,20,0,1,0,normal
1,270.0,97,0.8176644208077427,0.9314619811563963,0.07692307692307693,5.78,0.9230769230769231,14.415029211766775,36.0,78,72,6,4,0,normal
1,270.0,98,0.7921763529040029,0.964521005530365,0.0125,7.55,0.7375,19.478701685701918,21.0,80,59,1,3,0,normal
1,270.0,99,0.8106443277094559,0.9585319791935949,0.01282051282051282,12.67,0.24358974358974358,11.691857840037116,22.0,78,19,1,1,0,normal
1,280.0,0,0.5604452839414674,0.5394945421952889,0.4975124378109453,5.69,0.5024875621890548,26.72451427104344,33.0,603,303,300,33,1,greyhole
1,280.0,1,0.6147038793705748,0.9527837854875294,0.01366742596810934,0.0,0.89749430523918,15.404822505249838,40.0,439,394,6,26,0,normal
1,280.0,2,0.6021290750187369,0.9552786496240543,0.02608695652173913,9.2,0.7304347826086957,12.686302525202779,25.0,115,84,3,5,0,normal
1,280.0,3,0.7127206760931424,0.9439195066987556,0.02857142857142857,0.0,0.9714285714285714,17.25146081702233,37.0,210,204,6,12,0,normal
1,280.0,4,0.7335578986600895,0.9905493671883047,0.03333333333333333,21.76,0.6333333333333333,19.823268800408233,35.0,60,38,2,2,0,normal
1,280.0,5,0.7711144369063722,1.0,0.011299435028248588,14.61,0.7740112994350282,15.029032885876493,29.0,177,137,2,7,0,normal
1,280.0,6,0.5444391968477867,0.9133765673845257,0.03398058252427184,13.32,0.9660194174757282,20.88157263894314,35.0,206,199,7,11,0,normal
1,280.0,7,0.8028286484388496,0.9883614242600738,0.011363636363636364,14.13,0.6363636363636364,16.086455098251978,36.0,88,56,1,3,0,normal
1,280.0,8,0.7177170593058747,0.945726829365471,0.014925373134328358,0.0,0.9651741293532339,19.198525932699418,22.0,201,194,3,10,0,normal
1,280.0,9,0.8353093078354792,0.3879674778441965,0.8050847457627118,0.0,0.03389830508474576,36.224643141846286,22.0,118,4,95,5,1,blackhole
1,280.0,10,0.7395089786536412,0.5136119339108615,0.5932203389830508,9.61,0.4067796610169492,20.49658321026809,18.0,59,24,35,3,1,greyhole
1,280.0,11,0.7884831515879469,1.0,0.00909090909090909,6.48,0.5363636363636364,14.879133073828664,16.0,110,59,1,3,0,normal
1,280.0,12,0.7802145025773742,0.9853035205281104,0.014925373134328358,21.87,0.8059701492537313,18.964626337751593,27.0,134,108,2,6,0,normal
1,280.0,13,0.7161272276639783,1.0,0.0,5.5,0.6842105263157895,12.361249224011877,18.0,114,78,0,4,0,normal
1,280.0,14,0.7726441409024438,0.9600602152742858,0.03333333333333333,10.64,0.6333333333333333,12.997517440384708,29.0,60,38,2,2,0,normal
1,280.0,15,0.694921178957079,0.9614635256652003,0.022058823529411766,5.44,0.6985294117647058,18.220182527265404,17.0,136,95,3,5,0,normal
1,280.0,16,0.7531018932720288,1.0,0.0,19.78,0.5633802816901409,15.609857650946187,36.0,71,40,0,2,0,normal
1,280.0,17,0.8365517032964642,0.9707512112594086,0.0,0.0,0.5,17.135667956965662,7.0,40,20,0,1,0,normal
1,280.0,18,0.8325821799862897,1.0,0.0,18.72,1.0,11.522583293715595,22.0,40,40,0,2,0,normal
1,280.0,19,0.8421524182129165,0.9692700065981911,0.024390243902439025,0.0,0.4634146341463415,20.585984709009015,9.0,82,38,2,2,0,normal
1,280.0,20,0.7955720589801397,1.0,0.011494252873563218,5.93,0.20689655172413793,20.975882264663223,36.0,87,18,1,1,0,normal
1,280.0,21,0.8092407183615486,1.0,0.0,0.0,0.6666666666666666,16.830169126679834,27.0,60,40,0,2,0,normal
1,280.0,22,0.7726121487944568,1.0,0.0,15.31,0.5128205128205128,22.87431928960942,37.0,78,40,0,2,0,normal
1,280.0,23,0.851454540617078,1.0,0.0,22.85,0.5135135135135135,18.614030501933687,10.0,37,19,0,1,0,normal
1,280.0,24,0.8415810346299403,0.9846612902647749,0.017094017094017096,9.52,0.8290598290598291,14.426736450648118,29.0,117,97,2,5,0,normal
1,280.0,25,0.8150867223461941,1.0,0.00847457627118644,19.59,0.8389830508474576,18.88138998831386,24.0,118,99,1,8,0,normal
1,280.0,26,0.8852733273504402,1.0,0.0,8.13,0.0,15.0,11.0,19,0,0,0,0,normal
1,280.0,27,0.7453341792155699,0.9861714994724751,0.006535947712418301,17.65,0.869281045751634,17.75331215913081,36.0,153,133,1,7,0,normal
1,280.0,28,0.7719786646303703,1.0,0.0,0.0,1.0,16.42581248543527,7.0,40,40,0,2,0,normal
1,280.0,29,0.783710848919404,0.5386853415104231,0.6333333333333333,10.14,0.03333333333333333,35.99398900916893,31.0,60,2,38,2,1,blackhole
1,280.0,30,0.7473645902881446,1.0,0.017094017094017096,12.17,0.8888888888888888,17.211585154520517,24.0,117,104,2,6,0,normal
1,280.0,31,0.851694946387477,0.9876833010902348,0.0,5.03,0.6610169491525424,21.273950614268255,33.0,59,39,0,2,0,normal
1,280.0,32,0.7932075988862342,0.9577836710868903,0.039473684210526314,8.64,0.9605263157894737,19.59343620683825,22.0,76,73,3,4,0,normal
1,280.0,33,0.7407473687914908,1.0,0.0,5.99,0.5,18.774216167819038,36.0,40,20,0,1,0,normal
1,280.0,34,0.8800109453608996,0.993091371695845,0.0,7.25,0.7468354430379747,15.717040948417273,26.0,79,59,0,3,0,normal
1,280.0,35,0.8074920367447758,0.2738679840222591,0.9833333333333333,21.01,0.016666666666666666,36.19181454746155,39.0,60,1,59,3,1,blackhole
1,280.0,36,0.8424271531430022,0.9823169441528029,0.0,19.12,1.0,16.55525525806523,18.0,40,40,0,2,0,normal
1,280.0,37,0.7735726494717797,0.9602800608838125,0.0,15.32,1.0,18.88887072915972,25.0,18,18,0,1,0,normal
1,280.0,38,0.7546313551630245,0.9712918048006786,0.05,6.37,0.95,12.182523521042043,17.0,20,19,1,1,0,normal
1,280.0,39,0.7575590103956243,0.9782475058613703,0.0,14.08,0.0,15.0,14.0,18,0,0,0,0,normal
1,280.0,40,0.7849497677047885,0.9818365507910052,0.008547008547008548,16.92,0.6495726495726496,16.254959740489358,29.0,117,76,1,4,0,normal
1,280.0,41,0.8637834651190703,1.0,0.0,18.33,0.6666666666666666,23.065707852911814,36.0,60,40,0,2,0,normal
1,280.0,42,0.88654524153778,1.0,0.0,0.0,0.0,15.0,5.0,39,0,0,0,0,normal
1,280.0,43,0.7956855994881598,0.9302663960144992,0.018072289156626505,0.0,0.7048192771084337,17.51234851889281,12.0,166,117,3,6,0,normal
1,280.0,44,0.809827535609249,0.9870716777007659,0.037037037037037035,7.5,0.845679012345679,13.637774277536902,25.0,162,137,6,8,0,normal
1,280.0,45,0.8540643604451762,0.9078717173228001,0.1232876712328767,9.78,0.1506849315068493,22.38763593764311,23.0,73,11,9,1,1,greyhole
1,280.0,46,0.7780506680804538,0.956298721490744,0.0,15.1,0.43478260869565216,10.80758788923407,15.0,46,20,0,1,0,normal
1,280.0,47,0.9125586338181084,0.9453432465434257,0.05,0.0,0.95,10.286661960858355,1.0,20,19,1,1,0,normal
1,280.0,48,0.8758342628396435,0.9529568113044329,0.02,9.8,0.78,17.634772995349586,39.0,100,78,2,4,0,normal
1,280.0,49,0.7898835763980646,1.0,0.0,17.4,0.4166666666666667,10.362588111878832,39.0,48,20,0,1,0,normal
1,280.0,50,0.7939264359448686,0.992441480350348,0.04395604395604396,8.26,0.6153846153846154,11.536578350938363,22.0,91,56,4,3,0,normal
1,280.0,51,0.8893140270848212,0.9364889774990676,0.0,0.0,0.0,15.0,19.0,19,0,0,0,0,normal
1,280.0,52,0.8320025647675239,0.9777571791153741,0.05,23.9,0.45,15.68770092033241,7.0,80,36,4,2,0,normal
1,280.0,53,0.9028748119421937,0.9972189098368339,0.0,21.57,1.0,18.201041113934153,24.0,20,20,0,1,0,normal
1,280.0,54,0.9033821071133787,0.9429640664044212,0.05,0.0,0.95,10.690437067660188,14.0,20,19,1,1,0,normal
1,280.0,55,0.7809574397047863,1.0,0.0,6.59,0.759493670886076,12.677402180733937,12.0,79,60,0,3,0,normal
1,280.0,56,0.7817109590256397,0.9841460094236185,0.014084507042253521,8.07,0.5492957746478874,20.7100663221979,35.0,71,39,1,2,0,normal
1,280.0,57,0.7933658312682973,0.9794618534763688,0.0,12.69,0.625,19.738614214822338,22.0,96,60,0,3,0,normal
1,280.0,58,0.8328242662979549,1.0,0.01694915254237288,15.95,0.5480225988700564,18.660971053137636,34.0,177,97,3,5,0,normal
1,280.0,59,0.7567073020329009,0.9994963037313687,0.01818181818181818,5.45,0.5272727272727272,13.970189667613967,27.0,110,58,2,3,0,normal
1,280.0,60,0.8015770463284945,1.0,0.0,7.54,0.7468354430379747,21.102717965812193,10.0,79,59,0,3,0,normal
1,280.0,61,0.8171479833581179,0.9918546820607945,0.0,0.0,0.1941747572815534,18.450947730052356,17.0,103,20,0,1,0,normal
1,280.0,62,0.7870144509524464,1.0,0.017241379310344827,7.83,0.6379310344827587,23.94702042312987,35.0,58,37,1,2,0,normal
1,280.0,63,0.8413078170413473,0.7344707422837937,0.3442622950819672,5.89,0.01639344262295082,35.885359279367535,38.0,61,1,21,2,1,blackhole
1,280.0,64,0.8548521982930453,1.0,0.0,24.53,0.0,15.0,19.0,19,0,0,0,1,greyhole
1,280.0,65,0.9274732437736736,1.0,0.0,6.1,0.7523809523809524,18.974495032894712,25.0,105,79,0,4,0,normal
1,280.0,66,0.8085512274519023,1.0,0.0,23.04,0.9038461538461539,18.047992522326034,35.0,208,188,0,10,0,normal
1,280.0,67,0.7957796890650279,0.9904919929465233,0.0,5.79,0.7547169811320755,18.327983579005622,25.0,53,40,0,2,0,normal
1,280.0,68,0.7979378972745524,0.9764757050290702,0.0234375,7.32,0.75,15.324908501092017,36.0,128,96,3,5,0,normal
1,280.0,69,0.8701256303798226,1.0,0.01282051282051282,5.77,0.24358974358974358,24.086366811501616,19.0,78,19,1,1,0,normal
1,280.0,70,0.8339497376524043,0.9316175961806172,0.012987012987012988,12.83,0.5064935064935064,16.544952294789397,22.0,77,39,1,2,0,normal
1,280.0,71,0.7775555411401613,0.9736035108101726,0.010101010101010102,19.24,0.797979797979798,18.665719540483046,41.0,99,79,1,4,0,normal
1,280.0,72,0.8627895985147577,0.9891336722410748,0.013333333333333334,15.22,0.52,19.421626544061876,15.0,75,39,1,2,0,normal
1,280.0,73,0.8496271222670685,1.0,0.0,15.85,0.6451612903225806,13.168468614958961,16.0,31,20,0,1,0,normal
1,280.0,74,0.8216030418835722,1.0,0.0,0.0,0.5263157894736842,14.648765672359668,14.0,38,20,0,1,0,normal
1,280.0,75,0.8370930226048828,1.0,0.0,18.06,0.0,15.0,34.0,57,0,0,0,0,normal
1,280.0,76,0.8112121480624828,1.0,0.0,5.6,1.0,20.350668333762563,29.0,40,40,0,2,0,normal
1,280.0,77,0.8567706431956945,0.9761274452046872,0.0,8.24,0.38461538461538464,9.113990797866771,25.0,52,20,0,1,0,normal
1,280.0,78,0.7982108379608248,0.9698049915929261,0.03333333333333333,5.27,0.9666666666666667,19.044444179731123,29.0,60,58,2,3,0,normal
1,280.0,79,0.8332227184048332,0.9311555659331909,0.03333333333333333,9.41,0.6333333333333333,19.234954308951025,13.0,60,38,2,2,0,normal
1,280.0,80,0.8944820818838592,0.96687451791474,0.0,22.61,0.28169014084507044,20.41458508019876,39.0,71,20,0,1,0,normal
1,280.0,81,0.8677142818777261,1.0,0.0,12.39,0.5128205128205128,13.749058002250917,30.0,39,20,0,1,0,normal
1,280.0,82,0.7844495307619295,1.0,0.0,15.3,0.0,15.0,13.0,37,0,0,0,0,normal
1,280.0,83,0.87367538782477,0.9454109719062438,0.0,0.0,1.0,15.0,3.0,0,0,0,0,0,normal
1,280.0,84,0.8128326737246616,0.9238261193660006,0.05,8.51,0.95,17.086991924940797,25.0,40,38,2,2,0,normal
1,280.0,85,0.8314942030869442,0.9838278975704606,0.0375,9.35,0.7125,16.052158827350045,23.0,80,57,3,3,0,normal
1,280.0,86,0.8305579530255475,1.0,0.0,18.99,0.5,14.663321686385634,15.0,40,20,0,1,0,normal
1,280.0,87,0.8723976786819789,0.9996330357871168,0.0,15.74,0.8080808080808081,17.233030251866722,32.0,99,80,0,4,0,normal
1,280.0,88,0.7879176183949319,1.0,0.025,16.39,0.975,21.497614741930487,11.0,40,39,1,2,0,normal
1,280.0,89,0.8086137942131476,0.9244036320848465,0.025,7.24,0.975,13.618658099008666,19.0,80,78,2,4,0,normal
1,280.0,90,0.8270788134421656,1.0,0.0,21.15,0.6349206349206349,15.738121081161182,21.0,63,40,0,2,0,normal
1,280.0,91,0.8379158873666745,0.9524881388345808,0.022988505747126436,10.78,0.8620689655172413,18.76356000157463,36.0,87,75,2,4,0,normal
1,280.0,92,0.8056553631910868,1.0,0.0,6.69,0.0,15.0,16.0,38,0,0,0,0,normal
1,280.0,93,0.8517882468900013,1.0,0.0,12.63,0.5,20.419338038421913,28.0,80,40,0,2,0,normal
1,280.0,94,0.9061050306166505,0.9541508967895526,0.0,16.29,1.0,15.0,25.0,0,0,0,0,0,normal
1,280.0,95,0.8753865520816511,0.9752044984926693,0.025,11.09,0.975,15.93810369402955,19.0,40,39,1,2,0,normal
1,280.0,96,0.9138464267328846,0.9820630545399519,0.01,22.43,0.79,18.299632171168643,13.0,100,79,1,4,0,normal
1,280.0,97,0.8139844208077427,0.9933291125686802,0.008,5.78,0.312,15.065998768785771,33.0,125,39,1,2,0,normal
1,280.0,98,0.7909763529040029,0.9945302619789331,0.0,7.55,1.0,21.53660139934687,22.0,20,20,0,1,0,normal
1,280.0,99,0.809844327709456,1.0,0.0,12.67,0.0,15.0,27.0,40,0,0,0,0,normal
1,290.0,0,0.5486052839414675,0.5976695140115907,0.45454545454545453,5.69,0.45454545454545453,25.40726517243858,29.0,407,185,185,21,1,greyhole
1,290.0,1,0.6044838793705749,0.9409958578323525,0.012658227848101266,20.12,0.9873417721518988,16.028889172528217,35.0,237,234,3,12,0,normal
1,290.0,2,0.5936890750187369,0.9588547777254806,0.024271844660194174,9.2,0.8543689320388349,19.902707136926487,31.0,206,176,5,10,0,normal
1,290.0,3,0.7084406760931423,0.9646126912053923,0.04040404040404041,23.77,0.7575757575757576,18.720858133673953,26.0,99,75,4,4,0,normal
1,290.0,4,0.7216978986600895,0.9566675541747481,0.02127659574468085,21.76,0.6808510638297872,19.37826912426775,27.0,329,224,7,12,0,normal
1,290.0,5,0.7553744369063722,0.9125101824663368,0.016129032258064516,14.61,0.9543010752688172,15.233249898249861,38.0,372,355,6,21,0,normal
1,290.0,6,0.5366991968477868,0.9553985140479586,0.015306122448979591,13.32,0.7704081632653061,17.88050998729031,32.0,196,151,3,8,0,normal
1,290.0,7,0.7996486484388496,0.9350925006789597,0.016666666666666666,14.13,0.9833333333333333,16.771103739191968,34.0,60,59,1,3,0,normal
1,290.0,8,0.7077170593058747,0.9290135328986459,0.015267175572519083,12.11,0.8320610687022901,17.1583104998445,28.0,262,218,4,12,0,normal
1,290.0,9,0.8311693078354792,0.35031572276651984,0.8068965517241379,8.04,0.013793103448275862,30.805556719860807,23.0,145,2,117,6,1,blackhole
1,290.0,10,0.7335689786536411,0.6165731027586637,0.4294478527607362,9.61,0.4539877300613497,28.673520940937696,22.0,163,74,70,8,1,greyhole
1,290.0,11,0.785103151587947,0.9638412603543396,0.0,6.48,0.8428571428571429,15.197099883731719,15.0,70,59,0,3,0,normal
1,290.0,12,0.7755345025773742,0.9270357149532212,0.020618556701030927,21.87,0.7938144329896907,17.28244695279122,5.0,97,77,2,4,0,normal
1,290.0,13,0.7091072276639783,0.9467410345683082,0.050359712230215826,5.5,0.9496402877697842,14.983721176670523,20.0,139,132,7,7,0,normal
1,290.0,14,0.7634441409024438,0.930309215421444,0.01195219123505976,10.64,0.7529880478087649,14.621467778693571,20.0,251,189,3,10,0,normal
1,290.0,15,0.689781178957079,0.9876982431496968,0.00847457627118644,5.44,0.6694915254237288,18.072171556246357,13.0,118,79,1,4,0,normal
1,290.0,16,0.7511818932720289,0.9436738967658719,0.017543859649122806,19.78,0.3333333333333333,22.283749314846915,22.0,57,19,1,1,0,normal
1,290.0,17,0.8322717032964643,0.9594468005038366,0.017094017094017096,22.21,0.6581196581196581,11.958753685785872,27.0,117,77,2,4,0,normal
1,290.0,18,0.8290021799862897,0.9619098795310148,0.016666666666666666,18.72,0.9833333333333333,20.25514444691937,35.0,60,59,1,3,0,normal
1,290.0,19,0.8362124182129165,0.9421591882708119,0.012578616352201259,20.97,0.7421383647798742,19.36606963138513,27.0,159,118,2,6,0,normal
1,290.0,20,0.7897320589801398,1.0,0.012738853503184714,5.93,0.732484076433121,17.1048235655791,40.0,157,115,2,7,0,normal
1,290.0,21,0.8049007183615486,0.941021780679722,0.022222222222222223,5.87,0.9666666666666667,17.893596289007412,31.0,90,87,2,5,0,normal
1,290.0,22,0.7668721487944568,0.9294220596001235,0.0,15.31,0.7337662337662337,13.294610360529118,39.0,154,113,0,7,0,normal
1,290.0,23,0.850314540617078,0.944841931876725,0.02564102564102564,22.85,0.46153846153846156,11.114614936170875,30.0,39,18,1,1,0,normal
1,290.0,24,0.8403810346299403,1.0,0.0,9.52,1.0,15.062813691911389,29.0,20,20,0,1,0,normal
1,290.0,25,0.813506722346194,0.9616080982190653,0.025,0.0,0.475,18.773816412794545,25.0,40,19,1,1,0,normal
1,290.0,26,0.8809333273504403,0.9160501081291453,0.024793388429752067,8.13,0.4628099173553719,23.039425845542784,11.0,121,56,3,3,0,normal
1,290.0,27,0.7444341792155698,1.0,0.0,0.0,0.8,23.754873536587947,30.0,25,20,0,1,0,normal
1,290.0,28,0.7693986646303703,0.9899022596025506,0.014084507042253521,19.08,0.8169014084507042,12.963848320606113,9.0,71,58,1,3,0,normal
1,290.0,29,0.7812908489194039,0.2686030176173998,0.9746835443037974,10.14,0.02531645569620253,34.57336944587347,28.0,79,2,77,4,1,blackhole
1,290.0,30,0.7457845902881446,1.0,0.0,12.17,0.5128205128205128,9.77209620564505,29.0,39,20,0,1,0,normal
1,290.0,31,0.846474946387477,0.9796046615682226,0.016129032258064516,5.03,0.6209677419354839,13.01906215113783,32.0,124,77,2,4,0,normal
1,290.0,32,0.7868875988862343,0.9455701659633995,0.03571428571428571,8.64,0.8285714285714286,16.112903221195204,13.0,140,116,5,7,0,normal
1,290.0,33,0.7391473687914909,1.0,0.0,5.99,0.5,24.047557304676666,38.0,40,20,0,1,0,normal
1,290.0,34,0.8789109453608996,0.9926112772259172,0.0,7.25,0.0,15.0,27.0,55,0,0,0,0,normal
1,290.0,35,0.8058720367447758,0.7957583699916582,0.29310344827586204,21.01,0.05172413793103448,29.488157511543598,36.0,58,3,17,1,1,blackhole
1,290.0,36,0.8412471531430021,0.9976695875725228,0.0,0.0,0.0,15.0,14.0,59,0,0,0,0,normal
1,290.0,37,0.7720126494717797,1.0,0.0,15.32,0.3448275862068966,13.415084965014012,34.0,58,20,0,1,0,normal
1,290.0,38,0.7509113551630244,0.9857741216579036,0.014925373134328358,6.37,0.8805970149253731,18.32744146041462,11.0,67,59,1,3,0,normal
1,290.0,39,0.7550990103956243,0.9578380079429348,0.04477611940298507,14.08,0.835820895522388,16.740805072367678,22.0,67,56,3,4,0,normal
1,290.0,40,0.7833697677047885,0.9748903186647262,0.0,16.92,0.5128205128205128,10.941701820777986,38.0,39,20,0,1,0,normal
1,290.0,41,0.8630234651190704,0.9970593810173094,0.0,18.33,0.3103448275862069,17.199754028282538,36.0,29,9,0,1,0,normal
1,290.0,42,0.8863452415377799,1.0,0.0,16.12,0.0,15.0,5.0,10,0,0,0,0,normal
1,290.0,43,0.7900855994881597,0.9561460177191065,0.016,21.6,0.76,16.70039566375786,10.0,125,95,2,5,0,normal
1,290.0,44,0.807847535609249,0.9336640093424445,0.025,0.0,0.975,14.963695234223,21.0,40,39,1,2,0,normal
1,290.0,45,0.8525043604451762,0.8276604229857908,0.24,9.78,0.16,23.494989524958257,28.0,50,8,12,1,1,greyhole
1,290.0,46,0.7755506680804538,1.0,0.011627906976744186,0.0,0.22093023255813954,22.199853212090613,10.0,86,19,1,1,0,normal
1,290.0,47,0.9113786338181085,0.9574196805581584,0.05,14.09,0.95,12.419281740959109,2.0,20,19,1,1,0,normal
1,290.0,48,0.8738742628396434,1.0,0.0,9.8,0.3448275862068966,15.708789819053605,39.0,58,20,0,1,0,normal
1,290.0,49,0.7875435763980646,0.9425631674308942,0.075,17.4,0.925,17.575160697738887,29.0,40,37,3,2,0,normal
1,290.0,50,0.7923664359448687,0.9958359691660594,0.0,8.26,0.5263157894736842,16.503588695240722,29.0,38,20,0,1,0,normal
1,290.0,51,0.8839340270848213,0.9503311330088617,0.02962962962962963,8.58,0.6962962962962963,15.676550088301076,24.0,135,94,4,5,0,normal
1,290.0,52,0.8302225647675239,1.0,0.0,23.9,0.40816326530612246,19.079856335615197,6.0,49,20,0,1,0,normal
1,290.0,53,0.8990348119421937,1.0,0.010416666666666666,0.0,0.5833333333333334,22.574728900775636,34.0,96,56,1,3,0,normal
1,290.0,54,0.8997821071133787,0.9865994518284797,0.0,13.63,0.75,19.89700345463689,28.0,80,60,0,3,0,normal
1,290.0,55,0.7779774397047863,0.9909809257452227,0.013888888888888888,6.59,0.7916666666666666,21.0960505858434,13.0,72,57,1,3,0,normal
1,290.0,56,0.7782709590256397,0.9479566688500761,0.025974025974025976,8.07,0.974025974025974,13.129729255277429,41.0,77,75,2,4,0,normal
1,290.0,57,0.7897858312682973,0.9939371975213686,0.016666666666666666,12.69,0.9833333333333333,15.705578618621926,17.0,60,59,1,3,0,normal
1,290.0,58,0.8316242662979549,0.996676945015507,0.0,15.95,1.0,19.973080226874984,38.0,20,20,0,1,0,normal
1,290.0,59,0.7555073020329008,1.0,0.0,5.45,1.0,10.240101072324824,27.0,20,20,0,1,0,normal
1,290.0,60,0.7980570463284944,0.9874995347405211,0.0,7.54,0.4166666666666667,13.100421378607132,5.0,96,40,0,2,0,normal
1,290.0,61,0.8159679833581179,0.9716641087799402,0.05,6.5,0.95,9.086426903546284,16.0,20,19,1,1,0,normal
1,290.0,62,0.7855744509524464,0.9853202613288622,0.0,7.83,0.0,15.0,41.0,72,0,0,0,0,normal
1,290.0,63,0.8396278170413473,0.35902273559200326,0.9,5.89,0.1,33.250846093567624,40.0,40,4,36,2,1,blackhole
1,290.0,64,0.8532121982930453,0.6721212947773424,0.45,0.0,0.55,31.066899103981445,16.0,40,22,18,2,1,greyhole
1,290.0,65,0.9242932437736736,0.9631883291700597,0.0125,6.1,0.4875,20.85889623628049,28.0,80,39,1,2,0,normal
1,290.0,66,0.8078312274519024,0.9503796158389943,0.0,23.04,0.0,15.0,25.0,36,0,0,0,0,normal
1,290.0,67,0.793379689065028,1.0,0.0,5.79,1.0,14.124188510098463,20.0,40,40,0,2,0,normal
1,290.0,68,0.7938378972745525,0.953980753298586,0.0,7.32,0.5714285714285714,13.657228337813992,34.0,105,60,0,3,0,normal
1,290.0,69,0.8681656303798226,1.0,0.0,5.77,0.3448275862068966,25.265687343325663,19.0,58,20,0,1,0,normal
1,290.0,70,0.8303497376524044,0.9166071144352755,0.0,0.0,1.0,21.004419581087777,17.0,60,60,0,3,0,normal
1,290.0,71,0.7747555411401613,0.997428080844798,0.0,19.24,0.6666666666666666,17.568173752716113,31.0,60,40,0,2,0,normal
1,290.0,72,0.8624095985147576,0.9944197293645947,0.0,0.0,0.0,15.0,10.0,19,0,0,0,0,normal
1,290.0,73,0.8484271222670685,0.9827437130548007,0.0,15.85,1.0,18.367954268740327,9.0,20,20,0,1,0,normal
1,290.0,74,0.8186230418835722,1.0,0.0,15.43,0.5797101449275363,18.557586687544283,24.0,69,40,0,2,0,normal
1,290.0,75,0.8334930226048828,1.0,0.0,18.06,1.0,17.65556955347266,36.0,60,60,0,3,0,normal
1,290.0,76,0.8055521480624827,0.8945291015529305,0.008064516129032258,5.6,0.6370967741935484,19.333230350640694,27.0,124,79,1,4,0,normal
1,290.0,77,0.8505706431956945,0.9465121839135203,0.007462686567164179,8.24,0.8656716417910447,17.411710471703636,20.0,134,116,1,6,0,normal
1,290.0,78,0.7943308379608248,1.0,0.0,5.27,0.29850746268656714,16.005963407511167,31.0,134,40,0,2,0,normal
1,290.0,79,0.8305027184048333,0.9516359912173998,0.02040816326530612,0.0,0.1836734693877551,24.42412245031928,10.0,98,18,2,1,0,normal
1,290.0,80,0.8916820818838593,0.9543220548805659,0.0,0.0,0.6666666666666666,17.530262162439627,36.0,60,40,0,2,0,normal
1,290.0,81,0.8641342818777262,0.9787502484734757,0.016666666666666666,12.39,0.9833333333333333,16.841014843331276,34.0,60,59,1,3,0,normal
1,290.0,82,0.7818895307619295,0.9613477544591558,0.058823529411764705,15.3,0.7254901960784313,24.05346714681768,8.0,51,37,3,2,0,normal
1,290.0,83,0.87249538782477,0.9426986823546053,0.05,8.17,0.95,12.853280754634962,4.0,20,19,1,1,0,normal
1,290.0,84,0.8112526737246616,0.9826467177197478,0.025,8.51,0.475,24.758404666500162,30.0,40,19,1,1,0,normal
1,290.0,85,0.8302542030869442,1.0,0.0,9.35,0.9090909090909091,15.81015556559583,18.0,22,20,0,1,0,normal
1,290.0,86,0.8270179530255475,0.9894130972062336,0.0,0.0,0.41237113402061853,19.78614868907629,5.0,97,40,0,2,0,normal
1,290.0,87,0.866217678681979,0.9016625992703179,0.059322033898305086,0.0,0.940677966101695,14.553963576976068,35.0,118,111,7,6,0,normal
1,290.0,88,0.7856176183949319,0.991430441945182,0.0,0.0,0.26666666666666666,24.726022158030286,11.0,75,20,0,1,0,normal
1,290.0,89,0.8046737942131476,0.9414973407323175,0.02531645569620253,7.24,0.7341772151898734,14.472524443097589,13.0,79,58,2,3,0,normal
1,290.0,90,0.8248188134421656,0.9665424702446183,0.015873015873015872,21.15,0.47619047619047616,15.661920009597349,31.0,63,30,1,2,0,normal
1,290.0,91,0.8379158873666745,0.9920886871136175,0.0,10.78,1.0,15.0,37.0,0,0,0,0,0,normal
1,290.0,92,0.8054553631910867,0.9964074607514525,0.0,0.0,0.0,15.0,14.0,10,0,0,0,0,normal
1,290.0,93,0.8517882468900013,1.0,0.0,0.0,1.0,15.0,27.0,0,0,0,0,0,normal
1,290.0,94,0.9061050306166505,1.0,0.0,16.29,1.0,15.0,9.0,0,0,0,0,0,normal
1,290.0,95,0.873446552081651,0.94010585636682,0.02564102564102564,0.0,0.9743589743589743,18.792725996648763,12.0,39,38,1,2,0,normal
1,290.0,96,0.9107464267328846,0.9796872711447284,0.0,0.0,0.5333333333333333,23.01330289189731,5.0,75,40,0,2,0,normal
1,290.0,97,0.8115644208077427,0.9872861596274631,0.0,5.78,0.6290322580645161,22.598417308050383,25.0,62,39,0,2,0,normal
1,290.0,98,0.7888363529040029,1.0,0.0,7.55,0.29850746268656714,20.427755878024563,25.0,67,20,0,1,0,normal
1,290.0,99,0.806264327709456,0.9594407094183065,0.014285714285714285,12.67,0.9857142857142858,17.692754496014082,38.0,70,69,1,4,0,normal
1,300.0,0,0.5346452839414675,0.5257566788959103,0.45558086560364464,5.69,0.4988610478359909,25.85642949101075,30.0,439,219,200,22,1,greyhole
1,300.0,1,0.5971238793705749,0.9615089195631491,0.017142857142857144,0.0,0.8742857142857143,18.04116123732934,30.0,175,153,3,8,0,normal
1,300.0,2,0.5694290750187369,0.908427127046438,0.017973856209150325,9.2,0.9166666666666666,17.758745424432576,41.0,612,561,11,32,0,normal
1,300.0,3,0.7076606760931423,1.0,0.0,23.77,0.0,15.0,17.0,39,0,0,0,0,normal
1,300.0,4,0.7164378986600894,0.9462368744497682,0.013513513513513514,0.0,0.6418918918918919,20.53408303101979,21.0,148,95,2,5,0,normal
1,300.0,5,0.7526344369063721,0.9726986017177983,0.01694915254237288,0.0,0.9830508474576272,16.829580975535226,32.0,59,58,1,3,0,normal
1,300.0,6,0.5336391968477867,0.9790521884897451,0.039473684210526314,13.32,0.4868421052631579,16.829914921810342,25.0,76,37,3,2,0,normal
1,300.0,7,0.7934086484388496,0.9773313917725743,0.05042016806722689,14.13,0.9495798319327731,15.145065468095924,21.0,119,113,6,6,0,normal
1,300.0,8,0.7033570593058747,0.9653823350006158,0.016666666666666666,12.11,0.65,16.42539781685641,38.0,120,78,2,4,0,normal
1,300.0,9,0.8256493078354792,0.28312194014134057,0.9074889867841409,8.04,0.039647577092511016,35.57640796504763,30.0,227,9,206,11,1,blackhole
1,300.0,10,0.7310889786536412,0.6667296220136454,0.4155844155844156,9.61,0.35064935064935066,29.675508929358525,33.0,77,27,32,3,1,greyhole
1,300.0,11,0.782343151587947,0.9537833066794756,0.04918032786885246,6.48,0.6065573770491803,17.810889482307058,14.0,61,37,3,2,0,normal
1,300.0,12,0.7732945025773742,0.9994398125678647,0.0,0.0,0.2777777777777778,25.255730501895897,3.0,72,20,0,1,0,normal
1,300.0,13,0.7032872276639783,0.6773791299256653,0.08235294117647059,0.0,0.4764705882352941,4.324185159405053,13.0,170,81,14,5,1,wormhole
1,300.0,14,0.7579441409024438,0.9949841889459984,0.013605442176870748,10.64,0.8707482993197279,17.310686047450925,13.0,147,128,2,7,0,normal
1,300.0,15,0.6846211789570791,0.9800737564950327,0.0,5.44,1.0,16.340157282519797,13.0,99,99,0,5,0,normal
1,300.0,16,0.7499818932720289,1.0,0.0,0.0,0.5,24.664000186183433,14.0,40,20,0,1,0,normal
1,300.0,17,0.8261317032964642,1.0,0.011560693641618497,22.21,0.6589595375722543,19.599445905903643,34.0,173,114,2,6,0,normal
1,300.0,18,0.8193621799862897,0.9423880911509454,0.008968609865470852,18.72,0.9820627802690582,19.92141810601463,29.0,223,219,2,15,0,normal
1,300.0,19,0.8335524182129165,0.9843259809457859,0.017543859649122806,20.97,0.9824561403508771,16.904480470187554,39.0,57,56,1,3,0,normal
1,300.0,20,0.7874320589801398,0.9372574188701035,0.017543859649122806,0.0,0.6666666666666666,11.373336931655297,36.0,57,38,1,2,0,normal
1,300.0,21,0.8010407183615487,0.9710308877932117,0.010309278350515464,5.87,0.7835051546391752,16.314095662834518,32.0,97,76,1,4,0,normal
1,300.0,22,0.7619921487944568,0.9896966616911526,0.007692307692307693,15.31,0.8769230769230769,18.122071113714277,31.0,130,114,1,6,0,normal
1,300.0,23,0.8463945406170781,0.9353155387356189,0.020202020202020204,22.85,0.7777777777777778,16.131594464479292,28.0,99,77,2,4,0,normal
1,300.0,24,0.8363410346299402,0.9976211929176793,0.0,9.52,0.6290322580645161,16.24382823502424,18.0,124,78,0,5,0,normal
1,300.0,25,0.8103667223461941,0.9800380029362592,0.0,18.01,0.7564102564102564,19.24700805226799,27.0,78,59,0,3,0,normal
1,300.0,26,0.8769733273504402,0.9981751508480246,0.025,8.13,0.725,13.455607283219729,13.0,80,58,2,3,0,normal
1,300.0,27,0.7412741792155698,1.0,0.0,24.83,1.0,22.180536414425124,32.0,59,59,0,3,0,normal
1,300.0,28,0.7655786646303703,0.9748923239503119,0.03614457831325301,19.08,0.8192771084337349,18.494923365681903,20.0,83,68,3,4,0,normal
1,300.0,29,0.7796108489194039,0.5027791563638859,0.6,10.14,0.06666666666666667,29.745545148288585,19.0,60,4,36,2,1,blackhole
1,300.0,30,0.7373245902881447,0.9291474034161235,0.02577319587628866,12.17,0.9742268041237113,18.387188429751266,31.0,194,189,5,10,0,normal
1,300.0,31,0.840234946387477,0.9304324720530356,0.007352941176470588,5.03,0.8529411764705882,20.346566218472766,34.0,136,116,1,6,0,normal
1,300.0,32,0.7836675988862343,0.9347868092274204,0.041666666666666664,0.0,0.6805555555555556,18.822063548075516,14.0,72,49,3,3,0,normal
1,300.0,33,0.7322473687914909,0.9464442121976441,0.025,5.99,0.90625,16.130326812700595,35.0,160,145,4,10,0,normal
1,300.0,34,0.8779109453608996,0.9933092346051405,0.0,7.25,0.42857142857142855,22.228807054814283,28.0,35,15,0,1,0,normal
1,300.0,35,0.8046520367447758,0.6759359583039384,0.4878048780487805,0.0,0.0,35.652675886004886,23.0,41,0,20,1,1,blackhole
1,300.0,36,0.8370471531430022,0.9698297481978949,0.010526315789473684,17.42,0.7894736842105263,13.089259839254037,23.0,95,75,1,4,0,normal
1,300.0,37,0.7685726494717797,1.0,0.0,15.32,0.6344086021505376,15.345528537884931,33.0,93,59,0,3,0,normal
1,300.0,38,0.7504313551630245,1.0,0.0,6.37,0.0,15.0,11.0,24,0,0,0,0,normal
1,300.0,39,0.7545390103956243,1.0,0.0,14.08,0.0,15.0,27.0,28,0,0,0,0,normal
1,300.0,40,0.7814097677047885,0.9429950072661751,0.011627906976744186,16.92,0.13953488372093023,21.8469921890171,40.0,86,12,1,1,0,normal
1,300.0,41,0.8610434651190704,0.9907922659357652,0.0,0.0,0.3389830508474576,20.35128253464941,33.0,59,20,0,1,0,normal
1,300.0,42,0.88612524153778,0.9860488223868384,0.0,16.12,0.0,15.0,8.0,11,0,0,0,0,normal
1,300.0,43,0.7892855994881598,1.0,0.0,0.0,1.0,18.841891663626733,17.0,20,20,0,1,0,normal
1,300.0,44,0.8066475356092491,0.986181356150969,0.0,19.05,1.0,22.13891905765375,41.0,20,20,0,1,0,normal
1,300.0,45,0.8525043604451762,1.0,0.0,9.78,1.0,15.0,33.0,0,0,0,0,1,greyhole
1,300.0,46,0.7748706680804538,0.762744380066075,0.0,17.05,0.0,15.0,16.0,34,0,0,0,1,wormhole
1,300.0,47,0.9050786338181085,0.9754442932133786,0.041666666666666664,14.09,0.9583333333333334,15.857926084909105,9.0,120,115,5,6,0,normal
1,300.0,48,0.8705942628396435,0.9540785037296062,0.04411764705882353,9.8,0.8235294117647058,14.262186195577998,39.0,68,56,3,3,0,normal
1,300.0,49,0.7843835763980646,0.9501254146173347,0.012658227848101266,0.0,0.4936708860759494,17.13332263439394,30.0,79,39,1,2,0,normal
1,300.0,50,0.7898264359448686,1.0,0.014492753623188406,8.26,0.5507246376811594,17.055470860366306,35.0,69,38,1,2,0,normal
1,300.0,51,0.8811740270848213,0.9725559436459235,0.012658227848101266,8.58,0.4936708860759494,11.645408748375692,35.0,79,39,1,2,0,normal
1,300.0,52,0.8287425647675238,0.9934061038094777,0.0,23.9,0.0,15.0,4.0,74,0,0,0,0,normal
1,300.0,53,0.8965348119421936,0.9675686603098603,0.0,15.07,0.6935483870967742,23.413014422541796,30.0,62,43,0,3,0,normal
1,300.0,54,0.8944421071133787,0.9711185184924533,0.009174311926605505,13.63,0.8990825688073395,11.68442633103388,34.0,109,98,1,5,0,normal
1,300.0,55,0.7764374397047863,0.9839017295559891,0.0,6.59,0.3508771929824561,14.077534027798121,21.0,57,20,0,1,0,normal
1,300.0,56,0.7770709590256397,0.9981095757910868,0.0,8.07,0.0,15.0,32.0,60,0,0,0,0,normal
1,300.0,57,0.7878258312682973,0.970845141188141,0.01694915254237288,0.0,0.3220338983050847,16.608614283878516,18.0,59,19,1,1,0,normal
1,300.0,58,0.826444266297955,0.9668227712368589,0.008333333333333333,15.95,0.6583333333333333,13.050276458254192,32.0,120,79,1,4,0,normal
1,300.0,59,0.7538873020329009,0.9865454036219149,0.0,5.45,0.0,15.0,17.0,81,0,0,0,0,normal
1,300.0,60,0.7942770463284945,0.9370079277044902,0.00909090909090909,7.54,0.35454545454545455,18.416301131165206,4.0,110,39,1,2,0,normal
1,300.0,61,0.8143879833581179,0.9785377081941178,0.0,6.5,0.5128205128205128,24.87269739117943,14.0,39,20,0,1,0,normal
1,300.0,62,0.7781544509524464,0.956221384419938,0.013071895424836602,7.83,0.7712418300653595,16.04626177371597,37.0,153,118,2,6,0,normal
1,300.0,63,0.8385678170413473,0.6820485567207979,0.36538461538461536,5.89,0.019230769230769232,40.99983998692272,37.0,52,1,19,1,1,blackhole
1,300.0,64,0.8507521982930453,0.8191021549491432,0.25,20.3,0.2261904761904762,24.049742839795293,27.0,84,19,21,2,1,greyhole
1,300.0,65,0.9227732437736736,1.0,0.02702702702702703,6.1,0.5135135135135135,21.487065878359935,26.0,37,19,1,1,0,normal
1,300.0,66,0.8053912274519024,0.9508094238122379,0.0,0.0,0.9523809523809523,18.963036636853715,19.0,42,40,0,2,0,normal
1,300.0,67,0.791159689065028,0.9672330993373334,0.05263157894736842,5.79,0.9473684210526315,9.051108374246981,16.0,57,54,3,3,0,normal
1,300.0,68,0.7891178972745524,0.9759837496685289,0.0,0.0,0.5172413793103449,17.359035554662732,38.0,116,60,0,3,0,normal
1,300.0,69,0.8645456303798227,1.0,0.024691358024691357,5.77,0.7407407407407407,15.68374608391818,20.0,81,60,2,4,0,normal
1,300.0,70,0.8279497376524043,0.9960761527851995,0.0,18.95,1.0,19.08036165020153,14.0,40,40,0,2,0,normal
1,300.0,71,0.7690555411401613,1.0,0.029850746268656716,19.24,0.6791044776119403,16.98779782937313,9.0,134,91,4,5,0,normal
1,300.0,72,0.8600095985147577,0.9772650522661304,0.0,22.39,1.0,19.155626905088383,27.0,40,40,0,2,0,normal
1,300.0,73,0.8456271222670685,0.9743753753754328,0.01639344262295082,0.0,0.639344262295082,21.937232464132684,2.0,61,39,1,2,0,normal
1,300.0,74,0.8138630418835722,0.9816434052844174,0.025,0.0,0.975,16.483977380340505,30.0,80,78,2,4,0,normal
1,300.0,75,0.8297330226048828,0.704667678129304,0.05217391304347826,18.06,0.4608695652173913,4.280587736415438,24.0,115,53,6,3,1,wormhole
1,300.0,76,0.8031721480624827,0.9825141678283601,0.0,5.6,0.6779661016949152,14.15172427826965,31.0,59,40,0,2,0,normal
1,300.0,77,0.8493706431956946,0.9511446679183888,0.0,0.0,1.0,14.68286155103932,11.0,20,20,0,1,0,normal
1,300.0,78,0.7901308379608248,0.9467571294607032,0.03125,0.0,0.7708333333333334,19.645670282881955,34.0,96,74,3,4,0,normal
1,300.0,79,0.8293227184048332,0.9416157096907382,0.05,8.19,0.95,24.878771309537985,9.0,20,19,1,1,0,normal
1,300.0,80,0.8893620818838592,0.9468292411923177,0.1,12.28,0.9,20.40533254316705,35.0,40,36,4,2,0,normal
1,300.0,81,0.8549942818777262,0.965404749223019,0.016666666666666666,12.39,0.7611111111111111,17.6514322065768,31.0,180,137,3,7,0,normal
1,300.0,82,0.7816895307619294,1.0,0.0,0.0,0.0,15.0,5.0,10,0,0,0,0,normal
1,300.0,83,0.8713153878247699,0.9683276707571603,0.05,8.17,0.95,23.536430565968335,9.0,20,19,1,1,0,normal
1,300.0,84,0.8096526737246615,0.9877343721705417,0.0,0.0,0.5,13.955876424685762,26.0,40,20,0,1,0,normal
1,300.0,85,0.8276942030869443,0.5923986751822116,0.13793103448275862,9.35,0.8620689655172413,5.210135669457464,23.0,58,50,8,3,1,wormhole
1,300.0,86,0.8243379530255475,1.0,0.0,8.07,0.7407407407407407,16.351615801643092,6.0,54,40,0,2,0,normal
1,300.0,87,0.8626376786819789,1.0,0.0,13.1,0.40404040404040403,18.945251200987897,29.0,99,40,0,2,0,normal
1,300.0,88,0.7806976183949319,0.9449662842317832,0.011494252873563218,17.18,0.9080459770114943,20.332546913511912,17.0,87,79,1,4,0,normal
1,300.0,89,0.8019137942131476,0.9811192984778588,0.03333333333333333,0.0,0.6333333333333333,16.28665295390665,10.0,60,38,2,2,0,normal
1,300.0,90,0.8244588134421655,0.9634166596526381,0.0,0.0,0.0,15.0,22.0,18,0,0,0,0,normal
1,300.0,91,0.8338158873666746,0.9258429760723546,0.022988505747126436,10.78,0.6666666666666666,21.751421140524865,39.0,87,58,2,3,0,normal
1,300.0,92,0.8016953631910867,0.9741823794952751,0.02857142857142857,24.05,0.8285714285714286,13.388695877534689,18.0,70,58,2,3,0,normal
1,300.0,93,0.8494282468900013,0.899647136995013,0.05,16.92,0.95,12.180897567704339,32.0,40,38,2,2,0,normal
1,300.0,94,0.9048650306166506,0.9786529402789862,0.0,0.0,0.9090909090909091,13.509584714281093,7.0,22,20,0,1,0,normal
1,300.0,95,0.870446552081651,0.982990605793998,0.014084507042253521,11.34,0.5492957746478874,18.68630633942046,13.0,71,39,1,2,0,normal
1,300.0,96,0.9095464267328847,0.9972626262880459,0.0,15.69,1.0,10.352986343959696,4.0,20,20,0,1,0,normal
1,300.0,97,0.8075844208077427,1.0,0.0125,5.78,0.7375,22.09402623368443,28.0,80,59,1,3,0,normal
1,300.0,98,0.7860563529040029,1.0,0.0,0.0,0.6779661016949152,18.494079016104916,19.0,59,40,0,2,0,normal
1,300.0,99,0.805464327709456,1.0,0.0,12.67,0.0,15.0,37.0,40,0,0,0,0,normal
1,310.0,0,0.5251252839414674,0.580914003221675,0.4674922600619195,5.69,0.4117647058823529,26.97306115690369,25.0,323,133,151,15,1,greyhole
1,310.0,1,0.5879038793705749,0.8990400682310273,0.030042918454935622,22.69,0.8927038626609443,18.0021653878443,24.0,233,208,7,11,0,normal
1,310.0,2,0.5551890750187368,0.8828578442252255,0.022857142857142857,9.2,0.9771428571428571,17.48402611979767,38.0,350,342,8,20,0,normal
1,310.0,3,0.7028806760931423,0.9440881203304277,0.0125,0.0,0.9875,16.956637433818884,12.0,80,79,1,4,0,normal
1,310.0,4,0.7105978986600895,0.9536234464240603,0.021897810218978103,11.74,0.6934306569343066,19.60393262631694,18.0,137,95,3,5,0,normal
1,310.0,5,0.7431944369063721,0.97459436118641,0.009216589861751152,20.22,0.9907834101382489,20.17677156136165,27.0,217,215,2,11,0,normal
1,310.0,6,0.5302391968477868,0.9487070588440215,0.021739130434782608,13.32,0.41304347826086957,14.390156491314418,18.0,92,38,2,2,0,normal
1,310.0,7,0.7883686484388497,0.9839112042151098,0.020618556701030927,14.13,0.979381443298969,14.17426117713938,10.0,97,95,2,5,0,normal
1,310.0,8,0.6960970593058747,0.9935191285495727,0.014150943396226415,12.11,0.7122641509433962,21.12999833785895,41.0,212,151,3,8,0,normal
1,310.0,9,0.8214693078354792,0.4401332836947698,0.7213114754098361,8.04,0.03278688524590164,36.488234112146,35.0,183,6,132,7,1,blackhole
1,310.0,10,0.7236889786536411,0.5828948637422224,0.4759825327510917,9.61,0.4410480349344978,28.465394298837733,36.0,229,101,109,12,1,greyhole
1,310.0,11,0.7803831515879469,0.9567747692587403,0.0,6.48,1.0,16.706832641629394,15.0,39,39,0,2,0,normal
1,310.0,12,0.7732945025773742,1.0,0.0,19.25,1.0,15.0,5.0,0,0,0,0,0,normal
1,310.0,13,0.6962472276639783,0.578298959804868,0.11764705882352941,24.23,0.7754010695187166,3.826862431108854,14.0,187,145,22,9,1,wormhole
1,310.0,14,0.7567441409024438,1.0,0.0,10.64,1.0,18.60664743103827,11.0,20,20,0,1,0,normal
1,310.0,15,0.683141178957079,0.978150164558073,0.0,5.44,0.5882352941176471,21.07507394188164,10.0,34,20,0,1,0,normal
1,310.0,16,0.7482818932720289,0.9672942965983989,0.0,5.81,0.4444444444444444,10.36136159378888,12.0,45,20,0,1,0,normal
1,310.0,17,0.8187317032964643,0.9528128341733194,0.011363636363636364,22.21,0.875,14.781086872905941,35.0,176,154,2,8,0,normal
1,310.0,18,0.8181821799862896,1.0,0.05,0.0,0.95,15.078301156277977,23.0,20,19,1,1,0,normal
1,310.0,19,0.8235124182129165,0.9568114925938657,0.011320754716981131,20.97,0.6679245283018868,15.3310672459991,34.0,265,177,3,10,0,normal
1,310.0,20,0.7850720589801398,0.9507178027813745,0.0,5.05,1.0,18.199755407792033,39.0,49,49,0,4,0,normal
1,310.0,21,0.7984207183615486,1.0,0.0,5.87,0.5416666666666666,17.58320021476438,31.0,72,39,0,2,0,normal
1,310.0,22,0.7552721487944568,0.9211465408443757,0.0072992700729927005,15.31,0.8686131386861314,17.34206097021317,11.0,137,119,1,6,0,normal
1,310.0,23,0.840894540617078,0.9088382612580747,0.021739130434782608,0.0,0.7028985507246377,17.395904022522803,26.0,138,97,3,6,0,normal
1,310.0,24,0.8351610346299403,0.9762029675101154,0.05,0.0,0.95,13.070470484534406,11.0,20,19,1,1,0,normal
1,310.0,25,0.8083667223461941,1.0,0.0,18.01,1.0,14.336919866033544,21.0,40,40,0,2,0,normal
1,310.0,26,0.8753733273504403,0.9432871923488759,0.0,8.13,0.5,21.1164260431375,14.0,40,20,0,1,0,normal
1,310.0,27,0.7373541792155698,0.9140825150864141,0.012987012987012988,24.83,0.7662337662337663,20.54864222306215,18.0,77,59,1,3,0,normal
1,310.0,28,0.7632586646303703,0.962604567458069,0.017241379310344827,19.08,0.6551724137931034,19.38774056013417,37.0,58,38,1,2,0,normal
1,310.0,29,0.777710848919404,0.6595768028542757,0.4,0.0,0.0,36.42954599386293,12.0,95,0,38,2,1,blackhole
1,310.0,30,0.7313245902881447,0.9593871008864101,0.0125,12.17,0.625,15.612875211207054,30.0,160,100,2,6,0,normal
1,310.0,31,0.8330749463874769,0.9559911563865999,0.0,5.03,0.8695652173913043,19.561674189960044,43.0,138,120,0,6,0,normal
1,310.0,32,0.7813275988862343,0.9229047465874031,0.075,24.55,0.925,13.09990546434749,19.0,40,37,3,2,0,normal
1,310.0,33,0.7214273687914908,0.9675253021427482,0.021897810218978103,0.0,0.8284671532846716,17.12180826363314,28.0,274,227,6,12,0,normal
1,310.0,34,0.8771109453608996,1.0,0.0,7.25,0.3333333333333333,19.71585775788011,25.0,30,10,0,1,0,normal
1,310.0,35,0.8011920367447758,0.5552304358033764,0.5225225225225225,22.03,0.018018018018018018,34.02887372401518,20.0,111,2,58,3,1,blackhole
1,310.0,36,0.8307071531430021,0.9495683582295362,0.007194244604316547,17.42,0.8489208633093526,17.78983040937482,33.0,139,118,1,6,0,normal
1,310.0,37,0.7674126494717797,0.9789506500935915,0.0,15.32,0.5263157894736842,19.072130942396413,22.0,38,20,0,1,0,normal
1,310.0,38,0.7492313551630245,0.9922621104319107,0.0,6.37,1.0,21.431671505212424,9.0,20,20,0,1,0,normal
1,310.0,39,0.7521790103956243,0.9261373752955744,0.05,14.08,0.95,18.33294214960597,27.0,40,38,2,2,0,normal
1,310.0,40,0.7769497677047885,0.9476504205193163,0.01694915254237288,0.0,0.7203389830508474,20.080959851293425,40.0,118,85,2,6,0,normal
1,310.0,41,0.8564234651190703,0.9251658160512541,0.006896551724137931,9.37,0.593103448275862,17.582774281437743,36.0,145,86,1,5,0,normal
1,310.0,42,0.88322524153778,0.9804355436420472,0.009433962264150943,16.12,0.1792452830188679,13.778923747074186,17.0,106,19,1,1,0,normal
1,310.0,43,0.7853655994881598,0.9359288643324408,0.05,15.43,0.7,15.605232103660876,24.0,80,56,4,3,0,normal
1,310.0,44,0.8044475356092491,0.9921091342694587,0.014084507042253521,19.05,0.5492957746478874,15.430452162105766,38.0,71,39,1,2,0,normal
1,310.0,45,0.8481443604451762,0.9007262465476372,0.17647058823529413,9.78,0.3277310924369748,21.10573866159928,42.0,119,39,21,3,1,greyhole
1,310.0,46,0.7681706680804539,0.6328613904297565,0.10897435897435898,17.05,0.7628205128205128,3.8813113471225127,16.0,156,119,17,7,1,wormhole
1,310.0,47,0.9030986338181084,0.9626524750880905,0.0,14.09,0.3389830508474576,13.658727800714558,18.0,59,20,0,1,0,normal
1,310.0,48,0.8669942628396434,0.9984441131506497,0.0,9.8,1.0,15.517213989038595,29.0,60,60,0,3,0,normal
1,310.0,49,0.7823835763980646,1.0,0.0,24.11,0.3333333333333333,24.89080144128241,27.0,60,20,0,1,0,normal
1,310.0,50,0.7867664359448686,0.9092070810138707,0.05172413793103448,8.26,0.9482758620689655,17.509279968859737,38.0,58,55,3,3,0,normal
1,310.0,51,0.8800540270848213,1.0,0.02631578947368421,8.58,0.47368421052631576,17.78579116403791,37.0,38,18,1,1,0,normal
1,310.0,52,0.8259825647675239,0.9799386347898393,0.0,0.0,0.6896551724137931,12.624582096343879,1.0,58,40,0,2,0,normal
1,310.0,53,0.8938748119421936,0.9652594125002083,0.018518518518518517,15.07,0.7222222222222222,18.09250824777653,16.0,54,39,1,2,0,normal
1,310.0,54,0.8930821071133787,0.9495081679289341,0.034482758620689655,13.63,0.6551724137931034,24.171285490668367,36.0,29,19,1,1,0,normal
1,310.0,55,0.7736974397047863,0.9782168914157187,0.017241379310344827,6.59,0.6724137931034483,16.955358232262306,20.0,58,39,1,2,0,normal
1,310.0,56,0.7733909590256397,0.9635499442787211,0.0,8.07,0.38461538461538464,12.156028069180515,31.0,104,40,0,2,0,normal
1,310.0,57,0.7850258312682973,0.9609684139527969,0.0,14.32,0.6666666666666666,17.00193104976269,24.0,60,40,0,2,0,normal
1,310.0,58,0.8239242662979549,0.9519309583350707,0.041666666666666664,15.95,0.7916666666666666,14.275866171205093,21.0,48,38,2,2,0,normal
1,310.0,59,0.7488873020329009,0.9919379955171658,0.01098901098901099,0.0,0.8681318681318682,19.248592110135377,13.0,91,79,1,4,0,normal
1,310.0,60,0.7942770463284945,0.9924114202238175,0.0,7.54,1.0,15.0,4.0,0,0,0,0,0,normal
1,310.0,61,0.8139279833581179,1.0,0.0,0.0,0.0,15.0,14.0,23,0,0,0,0,normal
1,310.0,62,0.7746944509524464,1.0,0.0,7.83,0.5465116279069767,12.265625657219251,36.0,86,47,0,3,0,normal
1,310.0,63,0.8360278170413472,0.7047662527122208,0.3584905660377358,5.89,0.009433962264150943,37.80829121010392,33.0,106,1,38,2,1,blackhole
1,310.0,64,0.8487721982930453,0.5985631311028782,0.525,20.3,0.475,29.307556111949417,39.0,40,19,21,2,1,greyhole
1,310.0,65,0.9208332437736736,0.9826308392266634,0.017241379310344827,6.1,0.3275862068965517,8.994602240969455,25.0,58,19,1,1,0,normal
1,310.0,66,0.8038512274519023,0.9362146834010362,0.05128205128205128,24.2,0.46153846153846156,10.060862962816678,33.0,39,18,2,1,0,normal
1,310.0,67,0.791159689065028,1.0,0.0,5.79,1.0,15.0,9.0,0,0,0,0,0,normal
1,310.0,68,0.7867378972745525,0.9491191212749541,0.025,17.06,0.975,19.202839491467852,29.0,40,39,1,2,0,normal
1,310.0,69,0.8621856303798227,0.9737440830791999,0.03333333333333333,0.0,0.6333333333333333,16.303952247526666,17.0,60,38,2,2,0,normal
1,310.0,70,0.8244697376524044,0.9833788123091632,0.01020408163265306,18.95,0.5714285714285714,19.684806632437876,29.0,98,56,1,4,0,normal
1,310.0,71,0.7674755411401613,1.0,0.0,0.0,0.5128205128205128,22.49538577858514,7.0,39,20,0,1,0,normal
1,310.0,72,0.8600095985147577,1.0,0.0,22.39,1.0,15.0,42.0,0,0,0,0,0,normal
1,310.0,73,0.8437471222670685,1.0,0.0,11.17,0.37037037037037035,20.03354564190374,4.0,54,20,0,1,0,normal
1,310.0,74,0.8110830418835722,0.9702908534289182,0.016666666666666666,18.86,0.65,15.898767691557055,33.0,60,39,1,2,0,normal
1,310.0,75,0.8240730226048828,0.6128613217299048,0.12582781456953643,0.0,0.7417218543046358,3.869751669442341,23.0,151,112,19,7,1,wormhole
1,310.0,76,0.8015921480624827,0.9795329400507404,0.0,5.6,0.5128205128205128,8.62979987272345,26.0,39,20,0,1,0,normal
1,310.0,77,0.8466306431956946,0.9404962452551597,0.01694915254237288,18.32,0.9830508474576272,14.875359703524873,11.0,59,58,1,3,0,normal
1,310.0,78,0.7893308379608248,1.0,0.0,14.29,1.0,13.70553963880441,35.0,20,20,0,1,0,normal
1,310.0,79,0.8253827184048332,0.9278967689178406,0.01282051282051282,8.19,0.7564102564102564,14.330851448301084,11.0,78,59,1,3,0,normal
1,310.0,80,0.8877820818838593,0.9646577468407569,0.025,12.28,0.475,21.735802613760974,29.0,40,19,1,1,0,normal
1,310.0,81,0.8543942818777261,1.0,0.0,12.39,0.0,15.0,24.0,30,0,0,0,0,normal
1,310.0,82,0.7792895307619294,1.0,0.0,20.7,1.0,18.557824460878216,11.0,40,40,0,2,0,normal
1,310.0,83,0.86701538782477,0.9923648299402267,0.0,8.17,0.6666666666666666,13.784132682272645,11.0,117,78,0,4,0,normal
1,310.0,84,0.8004326737246615,0.9036571851920254,0.0213903743315508,16.98,0.8235294117647058,17.218187475453586,29.0,187,154,4,8,0,normal
1,310.0,85,0.8229142030869443,0.6430894839883418,0.12751677852348994,9.35,0.6040268456375839,3.3100329602752026,26.0,149,90,19,6,1,wormhole
1,310.0,86,0.8213579530255475,0.9715502255046904,0.0,8.07,0.5797101449275363,9.212338236536914,9.0,69,40,0,2,0,normal
1,310.0,87,0.859797678681979,0.9534794534346518,0.0,13.1,1.0,18.62113478723509,37.0,51,51,0,3,0,normal
1,310.0,88,0.780297618394932,0.9871828001627186,0.0,17.18,0.0,15.0,25.0,20,0,0,0,0,normal
1,310.0,89,0.7997937942131476,1.0,0.014925373134328358,6.8,0.2835820895522388,19.4696825560026,7.0,67,19,1,1,0,normal
1,310.0,90,0.8230988134421656,0.9692736702886419,0.0,19.1,0.7142857142857143,8.589440224365315,29.0,28,20,0,1,0,normal
1,310.0,91,0.8333358873666745,0.991350225058549,0.0,10.78,0.0,15.0,39.0,24,0,0,0,0,normal
1,310.0,92,0.7997553631910868,0.9996278959619541,0.0,24.05,0.3508771929824561,11.507117407270227,26.0,57,20,0,1,0,normal
1,310.0,93,0.8458482468900013,0.9641043605774681,0.016666666666666666,16.92,0.9833333333333333,14.866850440027369,34.0,60,59,1,3,0,normal
1,310.0,94,0.9031050306166506,0.9863398347703342,0.02040816326530612,20.59,0.3877551020408163,8.6962167257612,14.0,49,19,1,1,0,normal
1,310.0,95,0.8701665520816511,1.0,0.0,11.34,0.0,15.0,10.0,14,0,0,0,0,normal
1,310.0,96,0.9053864267328846,0.958336865908578,0.022222222222222223,15.69,0.6444444444444445,18.311195522253545,12.0,90,58,2,3,0,normal
1,310.0,97,0.8036644208077427,0.9627409619412421,0.02564102564102564,5.78,0.7435897435897436,11.833636637426011,26.0,78,58,2,3,0,normal
1,310.0,98,0.7860363529040029,1.0,0.0,22.34,0.0,15.0,19.0,1,0,0,0,0,normal
1,310.0,99,0.803484327709456,1.0,0.016666666666666666,0.0,0.31666666666666665,13.302192403667942,34.0,60,19,1,1,0,normal
1,320.0,0,0.5167852839414675,0.683440678966985,0.378839590443686,5.69,0.35494880546075086,27.55807660874108,22.0,293,104,111,11,1,greyhole
1,320.0,1,0.5830438793705748,0.9624556921944439,0.0234375,0.0,0.7421875,16.417543469072065,20.0,128,95,3,5,0,normal
1,320.0,2,0.5420690750187369,0.9416417801945813,0.00909090909090909,9.2,0.9878787878787879,18.540878877119773,29.0,330,326,3,18,0,normal
1,320.0,3,0.6989606760931424,0.9941984691120991,0.01020408163265306,21.8,0.7959183673469388,20.143426121101662,13.0,98,78,1,4,0,normal
1,320.0,4,0.7054778986600895,0.9418254542812657,0.01680672268907563,0.0,0.9831932773109243,21.220956367187004,22.0,119,117,2,6,0,normal
1,320.0,5,0.7361144369063721,1.0,0.006329113924050633,20.22,0.8607594936708861,16.44422756431482,16.0,158,136,1,7,0,normal
1,320.0,6,0.5250791968477868,0.9967423697897403,0.0297029702970297,13.32,0.7623762376237624,19.410630152168945,11.0,101,77,3,4,0,normal
1,320.0,7,0.7855886484388497,0.9523410952560952,0.01282051282051282,0.0,0.5256410256410257,17.574028205220465,12.0,78,41,1,5,0,normal
1,320.0,8,0.6900170593058748,0.9450217602870306,0.012048192771084338,12.11,0.7108433734939759,20.021215273086735,31.0,166,118,2,8,0,normal
1,320.0,9,0.8121493078354792,0.1733765263201787,0.9507389162561576,8.04,0.04926108374384237,35.6219635585129,34.0,406,20,386,22,1,blackhole
1,320.0,10,0.7221289786536411,0.5660108572013469,0.5818181818181818,9.61,0.41818181818181815,28.61485151531538,27.0,55,23,32,4,1,greyhole
1,320.0,11,0.778483151587947,0.941431073804596,0.0,6.48,0.36363636363636365,9.67094210010575,13.0,55,20,0,1,0,normal
1,320.0,12,0.7725345025773742,1.0,0.0,19.25,0.0,15.0,16.0,38,0,0,0,0,normal
1,320.0,13,0.6912072276639782,0.6439206346811349,0.06,24.23,0.68,3.6537863849868946,28.0,150,102,9,8,1,wormhole
1,320.0,14,0.7536041409024439,1.0,0.05,10.64,0.95,14.48064024173263,8.0,60,57,3,3,0,normal
1,320.0,15,0.681961178957079,0.9482015361006093,0.05,0.0,0.95,13.640361468360652,9.0,20,19,1,1,0,normal
1,320.0,16,0.7417618932720289,0.9715443396898897,0.02564102564102564,5.81,0.9615384615384616,14.478977407849138,14.0,156,150,4,8,0,normal
1,320.0,17,0.8151717032964643,1.0,0.012658227848101266,22.21,0.7468354430379747,18.838477458037122,16.0,79,59,1,3,0,normal
1,320.0,18,0.8158421799862896,1.0,0.0,18.5,0.2597402597402597,19.213953929707095,27.0,77,20,0,1,0,normal
1,320.0,19,0.8183724182129165,0.9731601571493875,0.020202020202020204,0.0,0.7878787878787878,16.96519434459527,23.0,99,78,2,4,0,normal
1,320.0,20,0.7810720589801398,0.9842533173964597,0.0,5.05,0.75,13.512856142268037,32.0,80,60,0,3,0,normal
1,320.0,21,0.7959007183615486,1.0,0.0,5.87,0.8695652173913043,9.362941032142828,32.0,46,40,0,2,0,normal
1,320.0,22,0.7505121487944568,0.9082541775438668,0.025,0.0,0.975,19.10215801526053,10.0,80,78,2,4,0,normal
1,320.0,23,0.836994540617078,0.9574653126772,0.030303030303030304,11.68,0.9696969696969697,20.593101751396894,24.0,99,96,3,5,0,normal
1,320.0,24,0.8313610346299403,0.9599509492309865,0.021505376344086023,5.77,0.6129032258064516,15.524587608491556,21.0,93,57,2,3,0,normal
1,320.0,25,0.8083667223461941,1.0,0.0,18.01,1.0,15.0,15.0,0,0,0,0,0,normal
1,320.0,26,0.8753733273504403,0.9982150345154308,0.0,8.13,1.0,15.0,16.0,0,0,0,0,0,normal
1,320.0,27,0.7349941792155699,0.8922672878048716,0.07317073170731707,0.0,0.9024390243902439,19.08660971186814,15.0,41,37,3,2,0,normal
1,320.0,28,0.7608386646303703,0.9591244292012634,0.0,19.08,0.975609756097561,18.80696096914042,33.0,41,40,0,2,0,normal
1,320.0,29,0.773270848919404,0.33255217750457094,0.8151260504201681,0.0,0.025210084033613446,37.96972848078044,6.0,119,3,97,5,1,blackhole
1,320.0,30,0.7312245902881447,0.9846852949074725,0.0,12.17,0.0,15.0,16.0,5,0,0,0,0,normal
1,320.0,31,0.827334946387477,0.9868878119250077,0.0273972602739726,5.03,0.8287671232876712,20.098137219587166,36.0,146,121,4,7,0,normal
1,320.0,32,0.7805275988862342,0.9687546150202093,0.0,24.55,0.0,15.0,26.0,40,0,0,0,0,normal
1,320.0,33,0.7148873687914908,0.9579257648110281,0.013071895424836602,7.27,0.7450980392156863,16.553160885907165,22.0,153,114,2,6,0,normal
1,320.0,34,0.8747309453608997,1.0,0.016666666666666666,0.0,0.65,14.480649834727615,23.0,60,39,1,2,0,normal
1,320.0,35,0.7977920367447758,0.4902867774739066,0.7034482758620689,22.03,0.034482758620689655,33.126845476710145,35.0,145,5,102,6,1,blackhole
1,320.0,36,0.8236471531430022,0.9466867847210567,0.006369426751592357,17.42,0.8662420382165605,18.34667702709236,26.0,157,136,1,7,0,normal
1,320.0,37,0.7646526494717797,0.9610910697857403,0.01694915254237288,0.0,0.6610169491525424,20.72470308708594,20.0,59,39,1,2,0,normal
1,320.0,38,0.7447313551630245,0.970394875587021,0.009433962264150943,6.37,0.5566037735849056,18.18292432847938,6.0,106,59,1,3,0,normal
1,320.0,39,0.7465390103956243,0.9382320013701649,0.03164556962025317,14.08,0.6582278481012658,21.477002086604642,20.0,158,104,5,6,0,normal
1,320.0,40,0.7670297677047886,0.9556399507588265,0.022123893805309734,24.22,0.8407079646017699,16.551778329893935,31.0,226,190,5,11,0,normal
1,320.0,41,0.8544834651190704,0.9946757387967003,0.0,9.37,0.3508771929824561,19.487910905748738,23.0,57,20,0,1,0,normal
1,320.0,42,0.88320524153778,1.0,0.0,16.12,0.0,15.0,12.0,1,0,0,0,0,normal
1,320.0,43,0.7822255994881597,1.0,0.0,15.43,0.7205882352941176,21.721493272512287,26.0,68,49,0,3,0,normal
1,320.0,44,0.8013275356092491,0.9983264666648044,0.012987012987012988,0.0,0.5064935064935064,18.961506187369423,22.0,77,39,1,2,0,normal
1,320.0,45,0.8430443604451762,0.6384918665541148,0.45323741007194246,9.78,0.4028776978417266,27.799270767811326,36.0,139,56,63,7,1,greyhole
1,320.0,46,0.7642306680804538,0.6521870406865341,0.08403361344537816,0.0,0.6554621848739496,3.727253546772759,12.0,119,78,10,5,1,wormhole
1,320.0,47,0.8995386338181084,0.9481236142901792,0.03333333333333333,14.09,0.9666666666666667,18.400046284785898,28.0,60,58,2,3,0,normal
1,320.0,48,0.8598942628396434,0.9451831175130608,0.01675977653631285,0.0,0.6480446927374302,16.19317072653842,26.0,179,116,3,7,0,normal
1,320.0,49,0.7808035763980645,0.9851735524315114,0.0,0.0,0.5128205128205128,24.11381441279074,18.0,39,20,0,1,0,normal
1,320.0,50,0.7806064359448686,0.9176882332804761,0.0273972602739726,8.26,0.9726027397260274,17.236707135676287,40.0,146,142,4,9,0,normal
1,320.0,51,0.8757140270848213,0.9770417084124822,0.0,8.58,0.5,12.481338320169366,35.0,118,59,0,3,0,normal
1,320.0,52,0.8225025647675239,0.9538004356026932,0.0,15.96,0.425531914893617,18.107651368404284,4.0,94,40,0,2,0,normal
1,320.0,53,0.8911748119421936,0.9472025557960396,0.03508771929824561,15.07,0.6666666666666666,19.783821854639253,7.0,57,38,2,2,0,normal
1,320.0,54,0.8893021071133786,0.9383524966510458,0.0,13.63,0.6741573033707865,15.029580591013415,36.0,89,60,0,3,0,normal
1,320.0,55,0.7705374397047863,0.9748931390779917,0.0125,6.59,0.725,18.89573782667095,23.0,80,58,1,4,0,normal
1,320.0,56,0.7682909590256397,0.9642627382915346,0.01020408163265306,0.0,0.9897959183673469,17.62312188829727,20.0,98,97,1,5,0,normal
1,320.0,57,0.7850258312682973,1.0,0.0,14.32,1.0,15.0,31.0,0,0,0,0,0,normal
1,320.0,58,0.819124266297955,0.9796529814510162,0.0,0.0,1.0,13.047772932118509,15.0,80,80,0,4,0,normal
1,320.0,59,0.7473073020329009,0.9847433419294254,0.0,19.83,0.5128205128205128,10.888151201865712,14.0,39,20,0,1,0,normal
1,320.0,60,0.7918770463284944,1.0,0.0,7.54,1.0,20.431075693187395,3.0,40,40,0,2,0,normal
1,320.0,61,0.8131479833581179,1.0,0.0,19.32,0.0,15.0,19.0,39,0,0,0,0,normal
1,320.0,62,0.7745744509524464,1.0,0.0,7.83,0.0,15.0,31.0,6,0,0,0,0,normal
1,320.0,63,0.8338078170413472,0.47880781525270577,0.632183908045977,5.89,0.04597701149425287,36.32089907130176,34.0,87,4,55,3,1,blackhole
1,320.0,64,0.8477721982930453,0.6639941907926916,0.5,20.3,0.5,32.65784396328212,32.0,20,10,10,1,1,greyhole
1,320.0,65,0.9204332437736736,0.9739680875827131,0.0,6.1,0.0,15.0,21.0,20,0,0,0,0,normal
1,320.0,66,0.8015112274519023,0.9814752331643316,0.01694915254237288,24.2,0.6440677966101694,18.824484182729275,38.0,59,38,1,2,0,normal
1,320.0,67,0.788779689065028,0.9537982378581626,0.04878048780487805,5.79,0.926829268292683,14.201479773294142,6.0,41,38,2,2,0,normal
1,320.0,68,0.7846378972745525,0.9390546090787648,0.04081632653061224,0.0,0.7346938775510204,16.336756916901926,27.0,49,36,2,2,0,normal
1,320.0,69,0.8605856303798227,0.9749531256016492,0.0,11.62,0.5,22.487785977550423,22.0,40,20,0,1,0,normal
1,320.0,70,0.8219497376524043,0.9825769616732397,0.0,18.95,0.8695652173913043,15.200643125881165,30.0,46,40,0,2,0,normal
1,320.0,71,0.7662755411401613,0.96691707522065,0.0,8.86,1.0,16.50276300428513,8.0,20,20,0,1,0,normal
1,320.0,72,0.8588095985147577,1.0,0.0,22.39,1.0,8.920251899826637,29.0,20,20,0,1,0,normal
1,320.0,73,0.8425671222670685,0.928807536410572,0.05,11.17,0.95,14.07439550481626,8.0,20,19,1,1,0,normal
1,320.0,74,0.8087630418835722,0.9930085786985647,0.017241379310344827,18.86,0.6551724137931034,17.05977548248238,29.0,58,38,1,2,0,normal
1,320.0,75,0.8206730226048828,0.6133514753529208,0.15217391304347827,7.46,0.8478260869565217,4.136382131618779,23.0,92,78,14,8,1,wormhole
1,320.0,76,0.7979721480624827,0.9606818801099699,0.018691588785046728,5.6,0.6915887850467289,13.405724288438778,29.0,107,74,2,4,0,normal
1,320.0,77,0.8438506431956946,0.9972249155465345,0.0125,18.32,0.4875,19.61334846940198,13.0,80,39,1,2,0,normal
1,320.0,78,0.7892708379608249,0.9918034467417614,0.0,14.29,0.0,15.0,33.0,3,0,0,0,0,normal
1,320.0,79,0.8236227184048333,0.9661677472554574,0.04,8.19,0.36,18.881373431070738,9.0,50,18,2,1,0,normal
1,320.0,80,0.8834820818838593,0.9877072621342416,0.01020408163265306,0.0,0.7857142857142857,16.976109532485044,29.0,98,77,1,4,0,normal
1,320.0,81,0.8500742818777262,0.9302279781125712,0.011627906976744186,12.39,0.813953488372093,18.845666358211158,19.0,86,70,1,4,0,normal
1,320.0,82,0.7732895307619294,0.953687424730383,0.0,20.7,1.0,14.28678193008995,18.0,100,100,0,5,0,normal
1,320.0,83,0.8626353878247699,0.9491189486735978,0.0,8.17,0.6060606060606061,13.878848515785888,14.0,99,60,0,3,0,normal
1,320.0,84,0.7981326737246616,0.9870365871407408,0.0,16.98,0.6379310344827587,11.353964109853415,33.0,58,37,0,2,0,normal
1,320.0,85,0.8156342030869442,0.578037734824649,0.11214953271028037,9.35,0.6074766355140186,4.001278932720291,17.0,214,130,24,8,1,wormhole
1,320.0,86,0.8207179530255475,0.9902741941681972,0.0,8.07,0.0,15.0,12.0,32,0,0,0,0,normal
1,320.0,87,0.858597678681979,0.9740896002358468,0.0,13.1,0.0,15.0,39.0,60,0,0,0,0,normal
1,320.0,88,0.7767176183949319,0.9793615352061468,0.016666666666666666,17.18,0.9833333333333333,15.295449589095037,28.0,60,59,1,3,0,normal
1,320.0,89,0.7966537942131475,0.9869579258353418,0.0,6.8,0.5194805194805194,11.89105790397421,12.0,77,40,0,2,0,normal
1,320.0,90,0.8223388134421656,0.994368628551881,0.0,19.1,1.0,16.081806912579243,34.0,19,19,0,1,0,normal
1,320.0,91,0.8327558873666745,1.0,0.0,10.78,0.0,15.0,35.0,29,0,0,0,0,normal
1,320.0,92,0.7942153631910868,0.9613601653952654,0.010101010101010102,0.0,0.98989898989899,13.363021672803939,28.0,99,98,1,5,0,normal
1,320.0,93,0.8418682468900013,1.0,0.0125,16.92,0.7375,16.917506209834475,26.0,80,59,1,3,0,normal
1,320.0,94,0.8991250306166505,1.0,0.0125,20.59,0.7375,20.7865649012348,25.0,80,59,1,3,0,normal
1,320.0,95,0.866306552081651,0.9541896707138247,0.02666666666666667,0.0,0.7733333333333333,18.399113845282518,10.0,75,58,2,3,0,normal
1,320.0,96,0.9050064267328847,0.9881351661450405,0.0,15.69,0.0,15.0,23.0,19,0,0,0,0,normal
1,320.0,97,0.8032644208077426,1.0,0.0,5.78,0.0,15.0,18.0,20,0,0,0,0,normal
1,320.0,98,0.7858363529040029,0.9895503164008597,0.0,22.34,0.0,15.0,36.0,10,0,0,0,0,normal
1,320.0,99,0.800444327709456,0.9990373431678671,0.0,12.94,0.8082191780821918,16.478944398287556,30.0,73,59,0,3,0,normal
1,330.0,0,0.5120452839414674,0.7077999349231157,0.2988505747126437,0.0,0.3620689655172414,26.923590859853096,21.0,174,63,52,7,1,greyhole
1,330.0,1,0.5782438793705749,1.0,0.0,9.51,1.0,15.047190783539,21.0,100,100,0,5,0,normal
1,330.0,2,0.5373290750187368,0.9247147576364722,0.02727272727272727,9.2,0.9727272727272728,19.540334537716095,19.0,110,107,3,6,0,normal
1,330.0,3,0.6881606760931425,0.8941439274557499,0.017123287671232876,21.8,0.8493150684931506,16.913361758589915,28.0,292,248,5,17,0,normal
1,330.0,4,0.6934778986600895,0.896981934882095,0.014184397163120567,22.63,0.9858156028368794,18.036674659566724,21.0,282,278,4,15,0,normal
1,330.0,5,0.7321544369063722,0.9987413518561118,0.0,0.0,0.5084745762711864,16.6886537714438,17.0,118,60,0,3,0,normal
1,330.0,6,0.5209791968477868,0.9616538621282653,0.011627906976744186,0.0,0.686046511627907,15.894991900499264,4.0,86,59,1,3,0,normal
1,330.0,7,0.7823486484388497,0.8950280279382118,0.03225806451612903,19.23,0.967741935483871,13.70087195226094,14.0,62,60,2,5,0,normal
1,330.0,8,0.6872170593058747,0.9685475374201696,0.0,12.11,0.9672131147540983,18.671548405057564,22.0,61,59,0,4,0,normal
1,330.0,9,0.8043493078354792,0.23860609085047552,0.8975741239892183,8.04,0.05121293800539083,36.85490174532828,33.0,371,19,333,19,1,blackhole
1,330.0,10,0.7176289786536412,0.5767743695215599,0.484375,9.61,0.4453125,23.604873397042592,23.0,128,57,62,6,1,greyhole
1,330.0,11,0.7750631515879469,0.9645799367415328,0.013513513513513514,6.48,0.7702702702702703,20.564361395464474,11.0,74,57,1,3,0,normal
1,330.0,12,0.7663545025773743,0.9064581149681221,0.007407407407407408,0.0,0.9925925925925926,16.305462802196764,15.0,135,134,1,7,0,normal
1,330.0,13,0.6828472276639783,0.6225491249513371,0.09090909090909091,24.23,0.9090909090909091,4.049629603341397,19.0,198,180,18,11,1,wormhole
1,330.0,14,0.7512441409024438,0.9956282822382952,0.0,0.0,0.6896551724137931,17.168815756642573,7.0,58,40,0,2,0,normal
1,330.0,15,0.678561178957079,0.9262112237282476,0.03225806451612903,15.9,0.6129032258064516,16.20473466077248,19.0,93,57,3,3,0,normal
1,330.0,16,0.7363418932720289,0.9409052588968767,0.01282051282051282,5.81,0.7371794871794872,19.916953875303168,20.0,156,115,2,6,0,normal
1,330.0,17,0.8132317032964642,0.8999612668833461,0.017241379310344827,0.0,0.3275862068965517,14.79860590348069,3.0,58,19,1,1,0,normal
1,330.0,18,0.8115021799862896,0.9703414598664862,0.007936507936507936,18.5,0.7222222222222222,19.601727458748552,21.0,126,91,1,5,0,normal
1,330.0,19,0.8176324182129165,1.0,0.0,16.58,0.0,15.0,23.0,37,0,0,0,0,normal
1,330.0,20,0.7751720589801397,0.9178157837220369,0.041666666666666664,5.05,0.9583333333333334,16.13082163708366,25.0,120,115,5,7,0,normal
1,330.0,21,0.7928807183615486,0.960598311370665,0.014084507042253521,5.87,0.8450704225352113,19.046956653865596,25.0,71,60,1,5,0,normal
1,330.0,22,0.7505121487944568,1.0,0.0,19.72,1.0,15.0,18.0,0,0,0,0,0,normal
1,330.0,23,0.833154540617078,0.9667176267226442,0.008771929824561403,11.68,0.5087719298245614,20.924827908034768,21.0,114,58,1,3,0,normal
1,330.0,24,0.8279610346299403,0.9753865392695807,0.0,5.77,0.5116279069767442,18.22478425999748,22.0,86,44,0,5,0,normal
1,330.0,25,0.8083467223461941,0.9453104169953161,0.0,0.0,0.0,15.0,9.0,1,0,0,0,0,normal
1,330.0,26,0.8738333273504402,0.9873431829174051,0.02631578947368421,0.0,0.5,16.82676416390455,15.0,38,19,1,1,0,normal
1,330.0,27,0.7322341792155698,0.971300940822272,0.06451612903225806,16.17,0.5806451612903226,17.416971440831862,18.0,62,36,4,2,0,normal
1,330.0,28,0.7596386646303703,0.9414951114815515,0.0,19.08,1.0,21.139809520876977,22.0,20,20,0,1,0,normal
1,330.0,29,0.769130848919404,0.2826549479951517,0.9306930693069307,13.13,0.0594059405940594,38.14220332997055,11.0,101,6,94,5,1,blackhole
1,330.0,30,0.7253845902881446,0.9946150703400574,0.0064516129032258064,12.17,0.7548387096774194,16.687332311266292,11.0,155,117,1,6,0,normal
1,330.0,31,0.8211749463874769,0.9552328467869132,0.030120481927710843,5.03,0.7349397590361446,17.831250874573065,29.0,166,122,5,9,0,normal
1,330.0,32,0.7757675988862343,0.9725731438904538,0.02,0.0,0.98,18.040765359950225,27.0,100,98,2,6,0,normal
1,330.0,33,0.7125273687914908,0.9479253098511026,0.05,0.0,0.95,23.206037422823663,21.0,40,38,2,2,0,normal
1,330.0,34,0.8735309453608997,1.0,0.047619047619047616,5.22,0.9047619047619048,24.25078306491902,25.0,21,19,1,1,0,normal
1,330.0,35,0.7933720367447759,0.2799886674164261,0.9166666666666666,0.0,0.07738095238095238,38.13296803494262,30.0,168,13,154,10,1,blackhole
1,330.0,36,0.8212071531430022,0.9635545268193956,0.027777777777777776,17.42,0.6944444444444444,18.632029635066672,19.0,72,50,2,4,0,normal
1,330.0,37,0.7622526494717797,0.9916256970945734,0.04878048780487805,21.07,0.9512195121951219,17.513251873096603,19.0,41,39,2,3,0,normal
1,330.0,38,0.7442313551630245,1.0,0.0,0.0,0.0,15.0,3.0,25,0,0,0,0,normal
1,330.0,39,0.7453390103956243,0.9865732776673882,0.0,14.08,1.0,22.199437568546326,14.0,20,20,0,1,0,normal
1,330.0,40,0.7629097677047886,0.9956082298322667,0.0,24.22,0.6976744186046512,14.287436262002144,14.0,86,60,0,3,0,normal
1,330.0,41,0.8532034651190703,0.9629472187476577,0.0,9.37,0.0,15.0,18.0,64,0,0,0,0,normal
1,330.0,42,0.87826524153778,1.0,0.011904761904761904,0.0,0.9880952380952381,15.496747007836351,9.0,84,83,1,5,0,normal
1,330.0,43,0.7798655994881598,1.0,0.0,15.43,0.2564102564102564,21.79583721462496,23.0,78,20,0,1,0,normal
1,330.0,44,0.801147535609249,1.0,0.0,21.68,0.0,15.0,19.0,9,0,0,0,0,normal
1,330.0,45,0.8413243604451762,0.7626067798178842,0.2459016393442623,9.78,0.4098360655737705,31.897486908629524,31.0,61,25,15,2,1,greyhole
1,330.0,46,0.7581106680804538,0.6539604878289849,0.10843373493975904,8.87,0.7228915662650602,3.782151012263895,12.0,166,120,18,8,1,wormhole
1,330.0,47,0.8959586338181085,0.9835156862772414,0.016666666666666666,14.09,0.9833333333333333,15.122460782581483,22.0,60,59,1,3,0,normal
1,330.0,48,0.8587142628396435,0.9801489948474205,0.025,9.84,0.475,11.998911836631335,29.0,40,19,1,1,0,normal
1,330.0,49,0.7770635763980646,0.9762824049305489,0.0,6.34,0.8351648351648352,19.79945830453417,25.0,91,76,0,4,0,normal
1,330.0,50,0.7751064359448686,0.975986667091644,0.015625,8.26,0.8359375,16.230233273387707,30.0,128,107,2,6,0,normal
1,330.0,51,0.8720740270848213,0.9655762572496557,0.0,8.58,0.967741935483871,14.576060665064995,24.0,62,60,0,3,0,normal
1,330.0,52,0.8165225647675238,0.9987967554738072,0.00909090909090909,15.96,0.990909090909091,16.240030757137365,14.0,110,109,1,6,0,normal
1,330.0,53,0.8854148119421936,0.9669735210098558,0.015384615384615385,15.07,0.6,15.534418604464783,2.0,130,78,2,4,0,normal
1,330.0,54,0.8853221071133787,0.9794538859013774,0.0125,0.0,0.7375,19.186283060970485,29.0,80,59,1,3,0,normal
1,330.0,55,0.7657574397047863,0.9493483256988847,0.0125,6.59,0.9875,12.790008064524805,22.0,80,79,1,4,0,normal
1,330.0,56,0.7628109590256398,0.9944992265111554,0.015625,24.03,0.984375,17.2233445286349,23.0,128,126,2,7,0,normal
1,330.0,57,0.7818658312682973,1.0,0.01282051282051282,14.32,0.5128205128205128,14.262196192819639,27.0,78,40,1,3,0,normal
1,330.0,58,0.816364266297955,1.0,0.01694915254237288,24.23,0.6610169491525424,15.31951802615351,23.0,59,39,1,2,0,normal
1,330.0,59,0.7445273020329009,0.9739583698931673,0.02,19.83,0.98,16.332415598020052,24.0,50,49,1,4,0,normal
1,330.0,60,0.7875370463284944,1.0,0.020202020202020204,0.0,0.5858585858585859,16.741278134274122,4.0,99,58,2,3,0,normal
1,330.0,61,0.8091879833581179,0.9950210206371916,0.025,19.32,0.725,19.2044538484039,26.0,80,58,2,3,0,normal
1,330.0,62,0.7704344509524463,0.9636218708347497,0.012048192771084338,7.83,0.7710843373493976,13.904992675338566,25.0,83,64,1,5,0,normal
1,330.0,63,0.8313478170413473,0.29714281060488124,0.97,5.89,0.03,36.6846141412046,25.0,100,3,97,5,1,blackhole
1,330.0,64,0.8437321982930452,0.6870471191112855,0.475,20.3,0.525,24.495270024517602,20.0,80,42,38,4,1,greyhole
1,330.0,65,0.9184732437736736,0.9764247325811294,0.0,6.1,1.0,20.122052290486913,18.0,39,39,0,2,0,normal
1,330.0,66,0.7979512274519023,0.9670143287344218,0.03333333333333333,24.2,0.9666666666666667,16.419107588912293,21.0,60,58,2,3,0,normal
1,330.0,67,0.785199689065028,0.962090686600649,0.01,0.0,0.39,13.787105681269717,3.0,100,39,1,2,0,normal
1,330.0,68,0.7818778972745524,0.9936553301755191,0.01694915254237288,12.32,0.6610169491525424,16.803023626747652,25.0,59,39,1,2,0,normal
1,330.0,69,0.8581256303798227,0.9581522030186903,0.0,11.62,0.2716049382716049,19.918170318130123,27.0,81,22,0,3,0,normal
1,330.0,70,0.8188097376524044,0.9318496967103695,0.0,18.95,0.5394736842105263,15.463825059049853,26.0,76,41,0,3,0,normal
1,330.0,71,0.7650755411401613,0.989005795814666,0.0,0.0,1.0,23.67870468251202,6.0,20,20,0,1,0,normal
1,330.0,72,0.8560295985147577,0.9800470262849661,0.016666666666666666,22.39,0.65,14.205251126168736,17.0,60,39,1,2,0,normal
1,330.0,73,0.8412271222670685,0.9721025064513666,0.03571428571428571,11.17,0.6785714285714286,16.7105288917746,20.0,28,19,1,1,0,normal
1,330.0,74,0.8064230418835722,0.9878317293001324,0.01282051282051282,18.86,0.24358974358974358,19.812675446230386,20.0,78,19,1,1,0,normal
1,330.0,75,0.8141330226048829,0.635663015346013,0.09411764705882353,7.46,0.8058823529411765,3.9078654212548165,22.0,170,137,16,9,1,wormhole
1,330.0,76,0.7942321480624827,0.9578255273258862,0.010752688172043012,5.6,0.5806451612903226,17.238073476342436,25.0,93,54,1,3,0,normal
1,330.0,77,0.8389906431956946,0.9753816079410688,0.006896551724137931,0.0,0.5379310344827586,14.652271501706387,11.0,145,78,1,4,0,normal
1,330.0,78,0.7892708379608249,1.0,0.0,14.29,1.0,15.0,26.0,0,0,0,0,0,normal
1,330.0,79,0.8212427184048332,0.9527262680287623,0.025,8.19,0.975,17.049147239027427,4.0,40,39,1,2,0,normal
1,330.0,80,0.8834020818838593,0.9790296474471082,0.0,16.09,1.0,13.202699988690771,26.0,2,2,0,2,0,normal
1,330.0,81,0.8486542818777262,0.9751734666254201,0.0,0.0,0.6451612903225806,12.379114473167583,15.0,31,20,0,1,0,normal
1,330.0,82,0.7728495307619294,1.0,0.0,20.7,0.0,15.0,23.0,22,0,0,0,0,normal
1,330.0,83,0.8560153878247699,0.9413243272158751,0.023952095808383235,8.17,0.8622754491017964,15.437216137244958,19.0,167,144,4,9,0,normal
1,330.0,84,0.7947926737246616,0.9606001543279343,0.008928571428571428,16.98,0.49107142857142855,15.334959964728766,30.0,112,55,1,3,0,normal
1,330.0,85,0.8088742030869442,0.72165594358139,0.06403940886699508,9.35,0.5665024630541872,3.913264969245881,16.0,203,115,13,7,1,wormhole
1,330.0,86,0.8158779530255474,0.9552397545641456,0.0,8.07,0.9782608695652174,17.837937865499903,19.0,92,90,0,5,0,normal
1,330.0,87,0.853437678681979,0.9403071663267456,0.010101010101010102,13.1,0.797979797979798,12.450392517851462,29.0,99,79,1,4,0,normal
1,330.0,88,0.7734976183949319,0.9540270067985556,0.0,17.18,0.9836065573770492,12.161267827076605,25.0,61,60,0,3,0,normal
1,330.0,89,0.7954937942131476,0.9894221027467582,0.0,6.8,0.0,15.0,17.0,58,0,0,0,0,normal
1,330.0,90,0.8208188134421656,0.9669964991917243,0.0,19.1,0.5555555555555556,15.714470050323303,25.0,36,20,0,1,0,normal
1,330.0,91,0.8302158873666745,0.9881658405552463,0.04081632653061224,10.78,0.7755102040816326,13.001111284510946,22.0,49,38,2,2,0,normal
1,330.0,92,0.7912953631910867,0.9636824990959375,0.014925373134328358,11.72,0.582089552238806,16.595316698040318,30.0,67,39,1,2,0,normal
1,330.0,93,0.8411282468900013,1.0,0.0,0.0,0.0,15.0,26.0,37,0,0,0,0,normal
1,330.0,94,0.8976250306166506,0.9672787973261869,0.0,20.59,0.5714285714285714,23.496616273424465,16.0,35,20,0,1,0,normal
1,330.0,95,0.863886552081651,0.976221808224176,0.0,20.19,0.975609756097561,14.354788181351111,21.0,41,40,0,2,0,normal
1,330.0,96,0.9044864267328847,1.0,0.0,15.69,0.0,15.0,27.0,26,0,0,0,0,normal
1,330.0,97,0.8023844208077426,0.985065933971272,0.03125,5.78,0.375,14.40131761557693,20.0,32,12,1,1,0,normal
1,330.0,98,0.7858363529040029,0.9999667708657188,0.0,22.34,1.0,15.0,31.0,0,0,0,0,0,normal
1,330.0,99,0.794804327709456,0.9541966042354916,0.015151515151515152,12.94,0.6818181818181818,14.748552606614206,25.0,132,90,2,5,0,normal
1,340.0,0,0.5028452839414674,0.5926905867746723,0.4722222222222222,24.3,0.5277777777777778,27.631048746087732,27.0,288,152,136,17,1,greyhole
1,340.0,1,0.5706238793705749,0.9730340143018165,0.02127659574468085,9.51,0.9202127659574468,16.354084179726012,28.0,188,173,4,10,0,normal
1,340.0,2,0.5241290750187368,0.9686741938871646,0.010869565217391304,9.2,0.6304347826086957,18.117894528733657,22.0,368,232,4,12,0,normal
1,340.0,3,0.6663206760931424,0.8582839796485844,0.011131725417439703,21.8,0.9888682745825603,16.599137106398942,30.0,539,533,6,28,0,normal
1,340.0,4,0.6806578986600895,0.9079429419390238,0.025477707006369428,0.0,0.9140127388535032,13.955808863092916,25.0,314,287,8,16,0,normal
1,340.0,5,0.7285944369063722,0.9663306380957064,0.0,19.86,0.7692307692307693,15.89577400102352,23.0,78,60,0,3,0,normal
1,340.0,6,0.5192191968477867,1.0,0.0,22.79,0.4166666666666667,15.728865251405484,6.0,48,20,0,1,0,normal
1,340.0,7,0.7795486484388496,1.0,0.0,19.23,1.0,12.464470502456871,21.0,60,60,0,3,0,normal
1,340.0,8,0.6814170593058747,0.9725841420474625,0.029197080291970802,0.0,0.6788321167883211,15.918563857666859,19.0,137,93,4,5,0,normal
1,340.0,9,0.8008093078354792,0.41688616270334505,0.7354838709677419,8.04,0.012903225806451613,36.478279282808856,27.0,155,2,114,7,1,blackhole
1,340.0,10,0.7161089786536412,0.5201853129704219,0.6,0.0,0.4,29.440705836440316,20.0,40,16,24,2,1,greyhole
1,340.0,11,0.7668631515879469,0.9332320208517012,0.015306122448979591,6.48,0.8877551020408163,18.230124843199835,12.0,196,174,3,9,0,normal
1,340.0,12,0.7648345025773742,1.0,0.02702702702702703,14.22,0.5135135135135135,8.647967786645527,14.0,37,19,1,1,0,normal
1,340.0,13,0.6747672276639782,0.5915180901617794,0.1590909090909091,0.0,0.6545454545454545,4.118762265741881,13.0,220,144,35,10,1,wormhole
1,340.0,14,0.7508441409024438,1.0,0.0,16.81,0.0,15.0,18.0,20,0,0,0,0,normal
1,340.0,15,0.675021178957079,0.9615652581552796,0.0,15.9,0.8061224489795918,19.6536130848638,27.0,98,79,0,4,0,normal
1,340.0,16,0.7343418932720289,1.0,0.0,5.81,0.3333333333333333,21.814765742503518,19.0,60,20,0,1,0,normal
1,340.0,17,0.8120317032964642,1.0,0.0,13.17,1.0,19.0673227315827,5.0,20,20,0,1,0,normal
1,340.0,18,0.7997221799862897,0.9417931816853964,0.02032520325203252,0.0,0.9065040650406504,13.19710356012822,19.0,246,223,5,12,0,normal
1,340.0,19,0.8117924182129165,0.926290480153844,0.0,16.58,1.0,15.976846497547953,30.0,126,126,0,8,0,normal
1,340.0,20,0.7606920589801398,0.979207960934587,0.010752688172043012,5.05,0.8387096774193549,16.332311868167974,22.0,372,312,4,16,0,normal
1,340.0,21,0.7797207183615487,0.8785119721978779,0.02476780185758514,5.87,0.913312693498452,16.659318786906898,34.0,323,295,8,17,0,normal
1,340.0,22,0.7435721487944568,0.9743927068969633,0.010582010582010581,0.0,0.6243386243386243,18.22665920585288,16.0,189,118,2,6,0,normal
1,340.0,23,0.831554540617078,1.0,0.0,0.0,0.3333333333333333,19.454942766858466,18.0,60,20,0,1,0,normal
1,340.0,24,0.8275610346299402,1.0,0.0,5.77,0.0,15.0,25.0,20,0,0,0,0,normal
1,340.0,25,0.8023667223461941,1.0,0.01,17.67,0.99,15.28444417893736,15.0,100,99,1,5,0,normal
1,340.0,26,0.8701133273504402,0.9282836124586505,0.02127659574468085,16.06,0.7659574468085106,13.48127532569939,16.0,94,72,2,4,0,normal
1,340.0,27,0.7310341792155698,0.9899217591531623,0.0,16.17,0.5,14.770586957201727,14.0,40,20,0,1,0,normal
1,340.0,28,0.7582586646303703,1.0,0.0,0.0,0.6896551724137931,11.855925419062324,25.0,29,20,0,1,0,normal
1,340.0,29,0.769130848919404,0.9869267779237694,0.0,13.13,1.0,15.0,19.0,0,0,0,0,1,blackhole
1,340.0,30,0.7239045902881447,1.0,0.0,0.0,0.34545454545454546,20.271117056190143,3.0,55,19,0,1,0,normal
1,340.0,31,0.818814946387477,0.9768481866645154,0.0,5.03,0.6610169491525424,24.654144058840117,30.0,59,39,0,2,0,normal
1,340.0,32,0.7698675988862342,0.9701504485768019,0.007352941176470588,20.31,0.5808823529411765,21.330681165143023,21.0,136,79,1,4,0,normal
1,340.0,33,0.7117273687914909,1.0,0.0,15.72,1.0,20.46200948676461,28.0,20,20,0,1,0,normal
1,340.0,34,0.8700109453608996,0.9834433389476225,0.028985507246376812,5.22,0.9710144927536232,20.23003748202254,29.0,69,67,2,4,0,normal
1,340.0,35,0.7923520367447758,0.4958954245169981,0.6451612903225806,17.72,0.0,40.9923873356831,26.0,31,0,20,1,1,blackhole
1,340.0,36,0.8192271531430022,0.905387313933448,0.041666666666666664,0.0,0.6458333333333334,16.853517547275967,5.0,48,31,2,2,0,normal
1,340.0,37,0.7564326494717797,0.9804436500397978,0.006896551724137931,0.0,0.593103448275862,14.705637062577058,27.0,145,86,1,5,0,normal
1,340.0,38,0.7439313551630244,0.9745720700921389,0.0,17.69,0.0,15.0,8.0,15,0,0,0,0,normal
1,340.0,39,0.7417590103956243,1.0,0.016666666666666666,0.0,0.9833333333333333,14.57083762052695,8.0,60,59,1,3,0,normal
1,340.0,40,0.7614097677047885,1.0,0.0,0.0,0.5714285714285714,17.142522173862957,8.0,35,20,0,1,0,normal
1,340.0,41,0.8532034651190703,0.9830442777998987,0.0,0.0,1.0,15.0,13.0,0,0,0,0,0,normal
1,340.0,42,0.87676524153778,0.999481748989187,0.0,23.57,0.0,15.0,9.0,75,0,0,0,0,normal
1,340.0,43,0.7778855994881597,0.9359673567847727,0.025,15.43,0.975,12.472466877134174,18.0,40,39,1,2,0,normal
1,340.0,44,0.800367535609249,1.0,0.0,21.68,0.0,15.0,25.0,39,0,0,0,0,normal
1,340.0,45,0.8372043604451762,0.6919324865861194,0.40441176470588236,9.78,0.36764705882352944,23.486310374536522,24.0,136,50,55,7,1,greyhole
1,340.0,46,0.7517706680804538,0.6257833735831532,0.1484375,8.87,0.8515625,3.885963753069821,18.0,128,109,19,8,1,wormhole
1,340.0,47,0.8932386338181084,1.0,0.0,0.0,0.4166666666666667,15.200516883407214,20.0,96,40,0,2,0,normal
1,340.0,48,0.8543142628396434,0.9532870346806732,0.034482758620689655,9.84,0.3793103448275862,13.097198954016546,27.0,145,55,5,3,0,normal
1,340.0,49,0.7715435763980646,0.9571264368365363,0.0,6.34,0.84375,18.29169716877918,28.0,128,108,0,6,0,normal
1,340.0,50,0.7729264359448687,0.962039999244158,0.0392156862745098,8.26,0.7450980392156863,15.56706437632021,28.0,51,38,2,2,0,normal
1,340.0,51,0.8663740270848213,0.9499847519210195,0.022388059701492536,8.58,0.9776119402985075,14.429011495286614,26.0,134,131,3,7,0,normal
1,340.0,52,0.8119425647675239,0.9872281881380697,0.0,15.96,0.5504587155963303,17.14957024277638,17.0,109,60,0,3,0,normal
1,340.0,53,0.8850348119421937,0.9960576280529991,0.0,0.0,0.0,15.0,2.0,19,0,0,0,0,normal
1,340.0,54,0.8829821071133787,0.9326239643166033,0.05,12.05,0.6166666666666667,17.741351045300537,31.0,60,37,3,2,0,normal
1,340.0,55,0.7617774397047863,1.0,0.0125,6.59,0.7375,14.353539103357463,17.0,80,59,1,3,0,normal
1,340.0,56,0.7628109590256398,0.9585085978309896,0.0,24.03,1.0,15.0,18.0,0,0,0,0,0,normal
1,340.0,57,0.7765458312682972,0.9779020794392588,0.018518518518518517,14.32,0.7222222222222222,21.08474096599295,25.0,108,78,2,4,0,normal
1,340.0,58,0.814364266297955,0.9865609333203659,0.0,24.23,0.25,22.445077942631286,27.0,80,20,0,1,0,normal
1,340.0,59,0.7433273020329009,0.9616338740430489,0.0,19.83,1.0,22.054966198141244,27.0,20,20,0,1,0,normal
1,340.0,60,0.7842570463284945,1.0,0.011764705882352941,20.66,0.4588235294117647,19.744146318177027,13.0,85,39,1,2,0,normal
1,340.0,61,0.8073079833581178,0.9881483140003336,0.0,19.32,1.0,16.451529330403645,24.0,37,37,0,2,0,normal
1,340.0,62,0.7691744509524464,0.9604398026535457,0.03125,7.83,0.96875,16.438585547714393,22.0,32,31,1,3,0,normal
1,340.0,63,0.8282678170413472,0.3066433193697195,0.8738738738738738,5.89,0.02702702702702703,35.248935624502835,24.0,111,3,97,5,1,blackhole
1,340.0,64,0.8409121982930453,0.883482859946077,0.22784810126582278,20.3,0.27848101265822783,21.738235385184872,12.0,79,22,18,2,1,greyhole
1,340.0,65,0.9165732437736737,1.0,0.0,6.1,0.36363636363636365,16.514135654870696,14.0,55,20,0,1,0,normal
1,340.0,66,0.7967512274519023,0.965839317999114,0.0,24.2,1.0,23.32784666168338,5.0,20,20,0,1,0,normal
1,340.0,67,0.783839689065028,0.9969109110563568,0.0,8.3,0.7142857142857143,20.551443101545292,7.0,28,20,0,1,0,normal
1,340.0,68,0.7758978972745524,0.9702742050174756,0.01,12.32,0.99,13.491832667859203,27.0,100,99,1,5,0,normal
1,340.0,69,0.8562656303798226,1.0,0.0,11.62,0.24,17.69624735778006,29.0,75,18,0,1,0,normal
1,340.0,70,0.8157297376524044,0.9626789823664511,0.013333333333333334,18.95,0.52,13.355592686128414,16.0,75,39,1,2,0,normal
1,340.0,71,0.7621155411401613,0.9780425481078349,0.014492753623188406,12.37,0.5652173913043478,11.812384137785996,8.0,69,39,1,2,0,normal
1,340.0,72,0.8513495985147577,0.9869329322678182,0.008695652173913044,0.0,0.5130434782608696,20.56413306041224,14.0,115,59,1,3,0,normal
1,340.0,73,0.8387271222670685,0.9813101709844045,0.03409090909090909,11.17,0.19318181818181818,12.0460606236647,23.0,88,17,3,1,0,normal
1,340.0,74,0.8039230418835722,1.0,0.0,18.86,0.8888888888888888,22.023817953504285,10.0,45,40,0,2,0,normal
1,340.0,75,0.8030130226048828,0.6062755577685319,0.1423611111111111,7.46,0.7916666666666666,3.953750570652314,28.0,288,228,41,16,1,wormhole
1,340.0,76,0.7902321480624827,1.0,0.0,5.6,0.75,12.9297351315914,22.0,80,60,0,3,0,normal
1,340.0,77,0.8383306431956945,0.9886425112236356,0.0,21.42,0.0,15.0,12.0,33,0,0,0,0,normal
1,340.0,78,0.7874108379608249,0.9488341714442352,0.0,0.0,0.0,15.0,28.0,93,0,0,0,0,normal
1,340.0,79,0.8185827184048332,0.9495280718038552,0.018518518518518517,0.0,0.7222222222222222,16.25846777692165,2.0,54,39,1,2,0,normal
1,340.0,80,0.8804620818838593,0.9723006216570663,0.014705882352941176,16.09,0.5735294117647058,15.555091899973363,25.0,68,39,1,2,0,normal
1,340.0,81,0.8482342818777262,1.0,0.0,8.76,0.0,15.0,18.0,21,0,0,0,0,normal
1,340.0,82,0.7720695307619294,0.9491244052932343,0.05,0.0,0.95,23.660544933063736,19.0,20,19,1,1,0,normal
1,340.0,83,0.8541353878247699,0.9730810167785866,0.0,8.17,0.09302325581395349,11.664776966364313,20.0,86,8,0,1,0,normal
1,340.0,84,0.7924126737246615,0.9959822227983416,0.025,16.98,0.975,11.975803335488955,18.0,40,39,1,2,0,normal
1,340.0,85,0.8054342030869442,0.5899108210745886,0.12389380530973451,9.35,0.5221238938053098,4.469020824351055,15.0,113,59,14,4,1,wormhole
1,340.0,86,0.8134779530255475,0.9930776840763368,0.0,8.07,1.0,13.76731652151081,20.0,40,40,0,2,0,normal
1,340.0,87,0.851037678681979,0.9626805029983925,0.0,13.1,1.0,22.937864403301454,22.0,40,40,0,2,0,normal
1,340.0,88,0.7706976183949319,0.993177385973232,0.0,17.18,0.6666666666666666,20.813086932936883,14.0,60,40,0,2,0,normal
1,340.0,89,0.7915137942131476,0.9923131919268868,0.0125,6.8,0.7375,13.673547071891221,19.0,80,59,1,3,0,normal
1,340.0,90,0.8158788134421656,0.9508757277542863,0.009615384615384616,19.1,0.9903846153846154,19.883036674572644,17.0,104,103,1,6,0,normal
1,340.0,91,0.8288758873666745,1.0,0.0,10.78,0.7407407407407407,13.540190630363018,18.0,27,20,0,1,0,normal
1,340.0,92,0.7876953631910867,1.0,0.0,11.72,1.0,21.061353129109094,26.0,60,60,0,3,0,normal
1,340.0,93,0.8363282468900013,1.0,0.0,20.89,1.0,19.51870214769074,28.0,80,80,0,4,0,normal
1,340.0,94,0.8913850306166505,0.9901956096020462,0.00641025641025641,0.0,0.6153846153846154,20.5321612190473,13.0,156,96,1,5,0,normal
1,340.0,95,0.860326552081651,0.9411456668498326,0.03333333333333333,20.19,0.9666666666666667,19.143840125376165,25.0,60,58,2,3,0,normal
1,340.0,96,0.9021064267328847,1.0,0.025,15.69,0.975,15.096591422077857,28.0,40,39,1,2,0,normal
1,340.0,97,0.7997444208077427,0.965974633203519,0.05454545454545454,5.78,0.6727272727272727,19.002160393117983,13.0,55,37,3,2,0,normal
1,340.0,98,0.7854363529040029,1.0,0.0,22.34,0.0,15.0,20.0,20,0,0,0,0,normal
1,340.0,99,0.793624327709456,0.9439695891360703,0.05,12.94,0.95,12.821815454493503,24.0,20,19,1,1,0,normal
1,350.0,0,0.48724528394146743,0.4661075270897909,0.5404339250493096,0.0,0.45956607495069035,28.000199622613877,29.0,507,233,274,26,1,greyhole
1,350.0,1,0.5677038793705749,1.0,0.0,9.51,0.46511627906976744,17.56187728262216,29.0,86,40,0,2,0,normal
1,350.0,2,0.5176690750187368,0.8977948042087567,0.022556390977443608,0.0,0.9774436090225563,15.231628031986242,20.0,133,130,3,7,0,normal
1,350.0,3,0.6581006760931424,0.916343169164797,0.018018018018018018,0.0,0.8513513513513513,17.394339565975834,24.0,222,189,4,11,0,normal
1,350.0,4,0.6713578986600894,0.8920762174503539,0.019762845849802372,11.21,0.758893280632411,16.103125025255093,28.0,253,192,5,10,0,normal
1,350.0,5,0.7107544369063721,0.9341124276959633,0.0071090047393364926,19.86,0.8767772511848341,16.206325752668995,27.0,422,370,3,21,0,normal
1,350.0,6,0.5155391968477867,0.9724410661926571,0.021505376344086023,22.79,0.978494623655914,17.255366504763728,19.0,93,91,2,6,0,normal
1,350.0,7,0.7774086484388496,1.0,0.014705882352941176,19.23,0.27941176470588236,21.296738691394317,20.0,68,19,1,1,0,normal
1,350.0,8,0.6814170593058747,0.9977800630841491,0.0,13.37,1.0,15.0,20.0,0,0,0,0,0,normal
1,350.0,9,0.7966893078354792,0.3232276616345705,0.8491620111731844,8.04,0.03910614525139665,38.233875352299506,19.0,179,7,152,8,1,blackhole
1,350.0,10,0.7108889786536412,0.522651301860958,0.610062893081761,17.29,0.389937106918239,27.84218702531904,16.0,159,62,97,10,1,greyhole
1,350.0,11,0.763383151587947,0.9505928623518966,0.020618556701030927,6.48,0.5876288659793815,23.220795433263095,15.0,97,57,2,3,0,normal
1,350.0,12,0.7600545025773742,0.9923133184655429,0.008695652173913044,14.22,0.9043478260869565,20.56830649902072,19.0,115,104,1,6,0,normal
1,350.0,13,0.6681072276639782,0.5941529757278237,0.14556962025316456,24.99,0.8544303797468354,4.299897502416803,16.0,158,135,23,10,1,wormhole
1,350.0,14,0.7492641409024439,0.9682734188272293,0.025,16.81,0.475,10.296493522011682,25.0,40,19,1,1,0,normal
1,350.0,15,0.672341178957079,0.9522756099267605,0.03125,15.9,0.3958333333333333,15.54014237735865,30.0,96,38,3,3,0,normal
1,350.0,16,0.7270018932720289,0.9463833198827144,0.01935483870967742,5.81,0.9806451612903225,16.460816225012262,18.0,155,152,3,8,0,normal
1,350.0,17,0.8027517032964642,0.9366922843775465,0.018957345971563982,13.17,0.8199052132701422,15.86831048762514,12.0,211,173,4,12,0,normal
1,350.0,18,0.7946821799862896,0.9448040724148461,0.017241379310344827,9.36,0.8275862068965517,14.7713141623936,21.0,116,96,2,6,0,normal
1,350.0,19,0.8062924182129165,0.9456322138687827,0.030534351145038167,16.58,0.6412213740458015,13.322459558083272,26.0,131,84,4,5,0,normal
1,350.0,20,0.7564320589801398,0.9683310212685362,0.038461538461538464,5.05,0.9615384615384616,19.36673009942869,29.0,78,75,3,4,0,normal
1,350.0,21,0.7763407183615486,0.968110942765213,0.009523809523809525,5.87,0.6095238095238096,14.830758066408194,29.0,105,64,1,4,0,normal
1,350.0,22,0.7407521487944568,0.9993819868033491,0.0,6.0,0.6557377049180327,14.387061382239747,13.0,61,40,0,2,0,normal
1,350.0,23,0.827254540617078,0.9694493900489796,0.014598540145985401,21.74,0.4233576642335766,18.44715431520238,27.0,137,58,2,3,0,normal
1,350.0,24,0.8240010346299403,0.9933848958207019,0.03333333333333333,5.77,0.9666666666666667,15.301860649638945,27.0,60,58,2,3,0,normal
1,350.0,25,0.801426722346194,0.9961488230284195,0.0,17.67,0.0,15.0,19.0,47,0,0,0,0,normal
1,350.0,26,0.8613933273504402,1.0,0.004694835680751174,16.06,0.8591549295774648,17.508229897468045,29.0,213,183,1,10,0,normal
1,350.0,27,0.7271341792155698,1.0,0.008620689655172414,16.17,0.33620689655172414,16.56757673357396,12.0,116,39,1,2,0,normal
1,350.0,28,0.7579186646303703,0.9878781755894037,0.0,21.18,0.0,15.0,22.0,17,0,0,0,0,normal
1,350.0,29,0.766710848919404,0.6091026102583068,0.4810126582278481,13.13,0.02531645569620253,39.97983837353675,20.0,79,2,38,2,1,blackhole
1,350.0,30,0.7219445902881446,0.9295070726737293,0.05,22.27,0.95,9.368350718272957,9.0,40,38,2,2,0,normal
1,350.0,31,0.8164349463874769,0.9538352367011272,0.016666666666666666,5.03,0.9833333333333333,21.46673978282007,28.0,60,59,1,5,0,normal
1,350.0,32,0.7643875988862342,0.9810391703732992,0.02040816326530612,20.31,0.9795918367346939,17.939279691573198,14.0,98,96,2,5,0,normal
1,350.0,33,0.7077473687914908,0.9753349260522758,0.0,15.72,0.759493670886076,19.971993581152237,28.0,79,60,0,3,0,normal
1,350.0,34,0.8662309453608996,0.9944722179237213,0.03488372093023256,5.22,0.9651162790697675,16.09058278296097,23.0,86,83,3,5,0,normal
1,350.0,35,0.7893120367447758,0.23070880292139076,0.9629629629629629,17.72,0.037037037037037035,39.39445859579078,20.0,108,4,104,6,1,blackhole
1,350.0,36,0.8159471531430023,1.0,0.011764705882352941,8.85,0.4588235294117647,17.50238448445336,10.0,85,39,1,2,0,normal
1,350.0,37,0.7542926494717797,0.9917802978316189,0.04081632653061224,6.92,0.7755102040816326,17.63490067717109,28.0,49,38,2,2,0,normal
1,350.0,38,0.7432313551630245,1.0,0.0,17.69,0.0,15.0,12.0,35,0,0,0,0,normal
1,350.0,39,0.7402590103956244,0.9941114550055823,0.0,17.71,0.5714285714285714,19.465188473571835,9.0,35,20,0,1,0,normal
1,350.0,40,0.7581297677047886,0.947071269930089,0.0,0.0,0.5922330097087378,15.095093108809897,13.0,103,61,0,4,0,normal
1,350.0,41,0.8532034651190703,1.0,0.0,6.93,1.0,15.0,12.0,0,0,0,0,0,normal
1,350.0,42,0.87320524153778,0.9291715971138305,0.03333333333333333,0.0,0.9666666666666667,18.48697807592377,21.0,60,58,2,3,0,normal
1,350.0,43,0.7774855994881598,1.0,0.0,15.43,0.0,15.0,9.0,20,0,0,0,0,normal
1,350.0,44,0.8000075356092491,0.9609339044786354,0.0,21.68,0.0,15.0,13.0,18,0,0,0,0,normal
1,350.0,45,0.8348843604451762,0.6604116237299505,0.45454545454545453,9.78,0.45454545454545453,26.546702890460097,14.0,66,30,30,3,1,greyhole
1,350.0,46,0.7506506680804538,0.707777180175824,0.05128205128205128,8.87,0.4358974358974359,2.99394877608355,21.0,39,17,2,1,1,wormhole
1,350.0,47,0.8925586338181084,0.997391201764141,0.0,10.95,0.3076923076923077,11.112670754009844,16.0,26,8,0,1,0,normal
1,350.0,48,0.8491742628396435,1.0,0.010101010101010102,9.84,0.98989898989899,21.13639096614502,22.0,99,98,1,5,0,normal
1,350.0,49,0.7681235763980646,0.9502405211569623,0.012345679012345678,6.34,0.8641975308641975,15.910206392387456,23.0,81,70,1,6,0,normal
1,350.0,50,0.7711264359448686,1.0,0.013333333333333334,8.26,0.2,21.81014019081647,28.0,75,15,1,2,0,normal
1,350.0,51,0.8623340270848212,0.9909326820833941,0.0,8.58,0.6545454545454545,17.467775394737544,27.0,110,72,0,5,0,normal
1,350.0,52,0.8099625647675239,1.0,0.0,15.96,0.3389830508474576,13.114484782125176,22.0,59,20,0,1,0,normal
1,350.0,53,0.8819348119421937,0.9787693947835081,0.025974025974025976,11.58,0.4935064935064935,14.189630794225017,5.0,77,38,2,2,0,normal
1,350.0,54,0.8774421071133787,0.96086936887606,0.010101010101010102,12.05,0.98989898989899,19.713817054528455,24.0,99,98,1,5,0,normal
1,350.0,55,0.7599374397047863,0.9652169056473913,0.0,6.59,1.0,18.191750776172917,18.0,36,36,0,2,0,normal
1,350.0,56,0.7600509590256397,0.995764592811171,0.0,0.0,0.6896551724137931,11.592673010501912,17.0,58,40,0,2,0,normal
1,350.0,57,0.7730458312682973,0.97064067280603,0.0,14.32,0.7816091954022989,18.079974504952652,10.0,87,68,0,4,0,normal
1,350.0,58,0.810984266297955,0.9951532648488459,0.03260869565217391,24.23,0.40217391304347827,14.41776417385288,19.0,92,37,3,2,0,normal
1,350.0,59,0.7397873020329009,0.9768403032534053,0.0,0.0,0.6702127659574468,15.124927663169537,25.0,94,63,0,4,0,normal
1,350.0,60,0.7826770463284944,1.0,0.025,20.66,0.475,13.124982790248973,24.0,40,19,1,1,0,normal
1,350.0,61,0.8060279833581179,0.9304636420679576,0.04,19.32,0.76,18.372948997737648,15.0,25,19,1,1,0,normal
1,350.0,62,0.7679744509524464,1.0,0.0,0.0,1.0,13.569890587105276,15.0,20,20,0,1,0,normal
1,350.0,63,0.8250078170413473,0.550614770682533,0.57,5.89,0.03,35.553539114687666,19.0,100,3,57,3,1,blackhole
1,350.0,64,0.8409121982930453,1.0,0.0,0.0,1.0,15.0,7.0,0,0,0,0,1,greyhole
1,350.0,65,0.9165732437736737,1.0,0.0,0.0,1.0,15.0,11.0,0,0,0,0,0,normal
1,350.0,66,0.7930112274519023,1.0,0.0,0.0,0.8955223880597015,17.771298088727775,6.0,67,60,0,3,0,normal
1,350.0,67,0.780159689065028,0.9581142085341396,0.030303030303030304,8.3,0.8787878787878788,18.46399546288551,9.0,66,58,2,3,0,normal
1,350.0,68,0.7735178972745524,0.9528654917708476,0.025,12.32,0.975,15.849624373304131,23.0,40,39,1,2,0,normal
1,350.0,69,0.8477056303798227,0.9407742543609057,0.015384615384615385,0.0,0.8871794871794871,18.047370874967477,29.0,195,173,3,9,0,normal
1,350.0,70,0.8133097376524043,1.0,0.0,0.0,0.975609756097561,17.965719280875657,13.0,41,40,0,2,0,normal
1,350.0,71,0.7617355411401613,1.0,0.0,12.37,0.0,15.0,12.0,19,0,0,0,0,normal
1,350.0,72,0.8477695985147576,0.9366819615608908,0.016666666666666666,8.08,0.9833333333333333,19.271617495743826,18.0,60,59,1,3,0,normal
1,350.0,73,0.8359871222670685,0.9644723159961024,0.03389830508474576,11.17,0.6440677966101694,12.706913474119402,28.0,59,38,2,2,0,normal
1,350.0,74,0.8039230418835722,0.987052081083686,0.0,0.0,1.0,15.0,5.0,0,0,0,0,0,normal
1,350.0,75,0.7969330226048827,0.6386809003855861,0.1069182389937107,7.46,0.7861635220125787,4.007708335560911,24.0,159,125,17,10,1,wormhole
1,350.0,76,0.7871521480624827,1.0,0.013333333333333334,5.6,0.52,13.184411924975652,27.0,75,39,1,2,0,normal
1,350.0,77,0.8359906431956945,0.927311311606598,0.0975609756097561,0.0,0.8780487804878049,17.636488029573268,13.0,41,36,4,2,0,normal
1,350.0,78,0.7860308379608248,0.9813087942371402,0.0,9.27,0.6896551724137931,11.28513241361185,24.0,29,20,0,1,0,normal
1,350.0,79,0.8149627184048333,0.9631746938779562,0.016129032258064516,15.32,0.9516129032258065,17.0580395958512,5.0,62,59,1,3,0,normal
1,350.0,80,0.8783220818838593,0.9892845944332554,0.014705882352941176,16.09,0.27941176470588236,13.434424622363304,29.0,68,19,1,1,0,normal
1,350.0,81,0.8450342818777262,0.9854871483042194,0.0,8.76,0.5,15.61358410824413,28.0,80,40,0,2,0,normal
1,350.0,82,0.7701095307619295,0.9921530656966857,0.0,23.7,0.6610169491525424,16.542479647819906,21.0,59,39,0,2,0,normal
1,350.0,83,0.8532353878247699,1.0,0.0,0.0,0.6666666666666666,16.09675238322154,12.0,27,18,0,1,0,normal
1,350.0,84,0.7873926737246616,0.9818499748211234,0.0,16.98,0.6902654867256637,14.555776657452062,13.0,113,78,0,4,0,normal
1,350.0,85,0.8038942030869443,0.6898921299834692,0.075,0.0,0.425,4.161110745953668,7.0,40,17,3,1,1,wormhole
1,350.0,86,0.8111579530255475,0.9879014942952723,0.0,8.07,0.6551724137931034,11.748094881223821,16.0,58,38,0,2,0,normal
1,350.0,87,0.8489776786819789,1.0,0.015625,13.1,0.296875,16.315836660259304,8.0,64,19,1,1,0,normal
1,350.0,88,0.7634176183949319,0.944438166153001,0.03125,0.0,0.90625,16.86534432821909,13.0,128,116,4,6,0,normal
1,350.0,89,0.7915137942131476,0.9690322058018179,0.0,6.8,1.0,15.0,18.0,0,0,0,0,0,normal
1,350.0,90,0.8123988134421656,0.94643039774208,0.0,0.0,0.8108108108108109,18.207959034525164,10.0,74,60,0,3,0,normal
1,350.0,91,0.8272758873666746,0.9692334711260823,0.0,10.78,0.5,12.623275400060368,12.0,40,20,0,1,0,normal
1,350.0,92,0.7834953631910867,0.9973625263239332,0.01098901098901099,11.72,0.6483516483516484,16.691559488062335,25.0,91,59,1,3,0,normal
1,350.0,93,0.8310882468900013,0.9322494772712511,0.03773584905660377,20.89,0.7169811320754716,14.075718890875967,21.0,106,76,4,4,0,normal
1,350.0,94,0.8891050306166506,0.9942845219774256,0.0,24.67,0.4805194805194805,13.389746679021648,11.0,77,37,0,2,0,normal
1,350.0,95,0.856106552081651,0.9953802349275845,0.0,20.19,0.5864661654135338,12.738068173882283,32.0,133,78,0,4,0,normal
1,350.0,96,0.9013264267328847,0.9886958712565763,0.0,15.69,0.0,15.0,27.0,39,0,0,0,0,normal
1,350.0,97,0.7963444208077427,1.0,0.01098901098901099,5.78,0.42857142857142855,15.436532758270321,11.0,91,39,1,2,0,normal
1,350.0,98,0.7830763529040029,0.9191329886182193,0.05,22.34,0.95,17.792570414097575,11.0,40,38,2,2,0,normal
1,350.0,99,0.790824327709456,1.0,0.0,12.94,0.6666666666666666,16.206311118671447,16.0,60,40,0,2,0,normal
1,360.0,0,0.47376528394146744,0.5500330358156963,0.4120603015075377,15.07,0.44221105527638194,27.880750618201624,31.0,398,176,164,18,1,greyhole
1,360.0,1,0.5572238793705748,0.9856605303484441,0.011029411764705883,9.51,0.7058823529411765,17.77934303905888,31.0,272,192,3,10,0,normal
1,360.0,2,0.5107290750187368,0.9480063429555655,0.022222222222222223,17.5,0.9777777777777777,17.668237296827808,16.0,135,132,3,7,0,normal
1,360.0,3,0.6544206760931424,0.9309803646897499,0.024096385542168676,7.11,0.9759036144578314,18.894344980471214,28.0,83,81,2,5,0,normal
1,360.0,4,0.6588378986600895,0.9358393820973483,0.015384615384615385,11.21,0.8646153846153846,15.826771527563498,34.0,325,281,5,16,0,normal
1,360.0,5,0.703494436906372,0.9113459601638709,0.017341040462427744,0.0,0.9826589595375722,17.209326792195053,25.0,173,170,3,9,0,normal
1,360.0,6,0.5132591968477868,0.9934904627167159,0.013157894736842105,22.79,0.5,19.378038000562427,25.0,76,38,1,2,0,normal
1,360.0,7,0.7748086484388497,0.9716466671982921,0.0,0.0,0.7333333333333333,19.400422069105804,16.0,75,55,0,4,0,normal
1,360.0,8,0.6751170593058747,0.9636793636028593,0.008620689655172414,0.0,0.853448275862069,16.4852877479207,13.0,116,99,1,5,0,normal
1,360.0,9,0.7946693078354792,0.2280070590154567,0.9797979797979798,8.04,0.020202020202020204,34.501139410499846,13.0,99,2,97,7,1,blackhole
1,360.0,10,0.7039489786536411,0.6205830534368385,0.39069767441860465,0.0,0.5209302325581395,27.22140364676843,26.0,215,112,84,10,1,greyhole
1,360.0,11,0.762703151587947,0.9971889160951546,0.0,6.48,0.0,15.0,18.0,34,0,0,0,0,normal
1,360.0,12,0.7464545025773742,0.9545356706920314,0.016181229773462782,0.0,0.941747572815534,16.40691469267576,16.0,309,291,5,18,0,normal
1,360.0,13,0.6611472276639783,0.6132515330257375,0.14754098360655737,24.99,0.7923497267759563,4.046225540467486,31.0,183,145,27,10,1,wormhole
1,360.0,14,0.7444641409024438,0.9256208471365616,0.01652892561983471,16.81,0.9834710743801653,15.184220860978243,39.0,121,119,2,7,0,normal
1,360.0,15,0.670781178957079,0.9796878049026687,0.0,15.9,0.5263157894736842,14.866672577253775,29.0,38,20,0,1,0,normal
1,360.0,16,0.7165618932720289,0.8878540623125512,0.01486988847583643,5.81,0.79182156133829,16.2751815043911,26.0,269,213,4,11,0,normal
1,360.0,17,0.7973917032964642,0.9196183707241069,0.0072992700729927005,13.17,0.8102189781021898,12.493657274087976,15.0,137,111,1,7,0,normal
1,360.0,18,0.7939021799862896,0.9802837776812574,0.0,9.36,0.0,15.0,30.0,39,0,0,0,0,normal
1,360.0,19,0.8062924182129165,1.0,0.0,0.0,1.0,15.0,28.0,0,0,0,0,0,normal
1,360.0,20,0.7546320589801397,1.0,0.0,5.05,0.4,23.0885195638471,25.0,50,20,0,1,0,normal
1,360.0,21,0.7707607183615486,0.9177293724513274,0.008333333333333333,5.87,0.825,18.628766024257185,27.0,120,99,1,5,0,normal
1,360.0,22,0.7396121487944568,0.974862359021072,0.0,6.0,0.5405405405405406,14.02887306561452,11.0,37,20,0,1,0,normal
1,360.0,23,0.8237345406170781,0.93842043906823,0.06666666666666667,0.0,0.9333333333333333,9.793645894698626,27.0,60,56,4,3,0,normal
1,360.0,24,0.8197010346299403,0.9525107806945438,0.018691588785046728,5.77,0.6355140186915887,13.791853483651142,30.0,107,68,2,5,0,normal
1,360.0,25,0.7981267223461941,0.9334489078574492,0.0297029702970297,17.67,0.6336633663366337,16.506121811722103,19.0,101,64,3,4,0,normal
1,360.0,26,0.8598133273504402,1.0,0.025,16.06,0.475,14.478843988300053,32.0,40,19,1,1,0,normal
1,360.0,27,0.7247541792155698,0.9849343761226159,0.024691358024691357,0.0,0.4691358024691358,14.934654552338854,9.0,81,38,2,2,0,normal
1,360.0,28,0.7515586646303704,0.951668536294888,0.008403361344537815,21.18,0.8319327731092437,17.548628057641437,10.0,119,99,1,5,0,normal
1,360.0,29,0.765590848919404,0.7560786103307193,0.3090909090909091,13.13,0.01818181818181818,27.617765816882347,29.0,55,1,17,1,1,blackhole
1,360.0,30,0.7148845902881447,0.9798598091996433,0.0,22.27,0.7784090909090909,16.340667743116995,15.0,176,137,0,7,0,normal
1,360.0,31,0.8106349463874769,0.9809886263108542,0.029411764705882353,5.03,0.6911764705882353,13.887243272929032,27.0,136,94,4,5,0,normal
1,360.0,32,0.7595875988862342,0.9582220743541052,0.0,0.0,1.0,18.803925931508964,10.0,80,80,0,4,0,normal
1,360.0,33,0.7046673687914908,0.9902071135323245,0.010309278350515464,15.72,0.5876288659793815,19.548019018041717,23.0,97,57,1,3,0,normal
1,360.0,34,0.8642709453608997,1.0,0.0,5.22,0.3448275862068966,14.915302264224971,26.0,58,20,0,1,0,normal
1,360.0,35,0.7869720367447758,0.529754568598419,0.6041666666666666,0.0,0.010416666666666666,36.731206778997795,6.0,96,1,58,3,1,blackhole
1,360.0,36,0.8093871531430021,0.914688035818628,0.023121387283236993,8.85,0.6647398843930635,17.88585040873926,19.0,173,115,4,6,0,normal
1,360.0,37,0.7507726494717797,0.9658727225890893,0.010309278350515464,6.92,0.4020618556701031,14.51727370502567,37.0,97,39,1,2,0,normal
1,360.0,38,0.7401113551630245,0.9842952715404718,0.0,0.0,0.7662337662337663,14.370925265619533,5.0,77,59,0,3,0,normal
1,360.0,39,0.7359190103956244,0.9712239554909995,0.020202020202020204,17.71,0.7878787878787878,14.802767636205557,25.0,99,78,2,4,0,normal
1,360.0,40,0.7570897677047885,0.9776466515258672,0.0,9.78,0.625,9.666641844419555,14.0,32,20,0,1,0,normal
1,360.0,41,0.8476034651190704,0.9618483483314841,0.013333333333333334,6.93,0.7333333333333333,18.8804328543394,23.0,150,110,2,7,0,normal
1,360.0,42,0.86574524153778,0.9326621937635793,0.006369426751592357,17.96,0.9936305732484076,17.0199591114395,16.0,157,156,1,8,0,normal
1,360.0,43,0.7755255994881598,0.9688734067683127,0.05,0.0,0.95,19.101207056336406,8.0,40,38,2,2,0,normal
1,360.0,44,0.798067535609249,1.0,0.0,0.0,0.3508771929824561,16.39308834744188,9.0,57,20,0,1,0,normal
1,360.0,45,0.8320243604451762,0.5384846266144478,0.6166666666666667,0.0,0.38333333333333336,26.445279382959797,8.0,60,23,37,3,1,greyhole
1,360.0,46,0.7454306680804538,0.6483022345189751,0.12686567164179105,8.87,0.7985074626865671,4.719949235499428,21.0,134,107,17,7,1,wormhole
1,360.0,47,0.8911986338181085,0.909620132563986,0.06666666666666667,10.95,0.6,14.027094875695246,20.0,30,18,2,1,0,normal
1,360.0,48,0.8438942628396434,0.9145288162725895,0.03669724770642202,9.84,0.8715596330275229,15.024515071545201,29.0,109,95,4,5,0,normal
1,360.0,49,0.7651435763980645,1.0,0.011111111111111112,6.34,0.43333333333333335,18.42607883048749,22.0,90,39,1,2,0,normal
1,360.0,50,0.7668864359448686,0.9975453300635132,0.0,8.26,0.6521739130434783,14.395028908783878,25.0,92,60,0,3,0,normal
1,360.0,51,0.8562940270848213,0.9534023406141563,0.008130081300813009,8.58,0.8048780487804879,16.500390927278055,23.0,123,99,1,5,0,normal
1,360.0,52,0.8086025647675239,1.0,0.0,15.96,0.7142857142857143,15.488809652501837,34.0,28,20,0,1,0,normal
1,360.0,53,0.8812748119421937,0.9678707316949261,0.0,11.58,0.0,15.0,8.0,33,0,0,0,0,normal
1,360.0,54,0.8770621071133787,1.0,0.0,12.05,0.0,15.0,26.0,19,0,0,0,0,normal
1,360.0,55,0.7595574397047863,1.0,0.0,6.59,0.0,15.0,17.0,19,0,0,0,0,normal
1,360.0,56,0.7587109590256398,1.0,0.0,14.49,0.7407407407407407,22.339888164893644,16.0,27,20,0,1,0,normal
1,360.0,57,0.7711058312682972,0.9732430110708069,0.017241379310344827,14.32,0.3275862068965517,18.862255962540658,8.0,58,19,1,1,0,normal
1,360.0,58,0.809544266297955,0.9988283265087572,0.0,0.0,0.625,22.348962319528532,14.0,32,20,0,1,0,normal
1,360.0,59,0.7374473020329009,0.9504824596322886,0.03389830508474576,23.07,0.6440677966101694,12.857946631132805,28.0,59,38,2,2,0,normal
1,360.0,60,0.7798970463284944,0.9978576461212894,0.016666666666666666,0.0,0.65,19.383024667019917,26.0,60,39,1,2,0,normal
1,360.0,61,0.8017079833581179,0.9941689576194186,0.02040816326530612,0.0,0.5918367346938775,11.545342036665863,7.0,98,58,2,3,0,normal
1,360.0,62,0.7625744509524464,0.9524887791445851,0.009009009009009009,7.27,0.7117117117117117,16.502744493541694,12.0,111,79,1,4,0,normal
1,360.0,63,0.8229678170413472,0.5209847495425621,0.6271186440677966,5.89,0.05084745762711865,39.00766996455064,15.0,59,3,37,2,1,blackhole
1,360.0,64,0.8382921982930454,0.7310688485202717,0.32894736842105265,11.21,0.19736842105263158,28.15807538236619,12.0,76,15,25,2,1,greyhole
1,360.0,65,0.9139732437736736,0.976340016217896,0.0196078431372549,21.07,0.7647058823529411,10.67113646197442,13.0,51,39,1,2,0,normal
1,360.0,66,0.7916112274519024,0.9367048515672801,0.03225806451612903,6.64,0.6129032258064516,18.475889386451733,10.0,31,19,1,1,0,normal
1,360.0,67,0.777759689065028,0.9902818455355276,0.024390243902439025,8.3,0.9512195121951219,12.216526903780066,12.0,41,39,1,2,0,normal
1,360.0,68,0.7696578972745525,1.0,0.008403361344537815,12.32,0.453781512605042,19.216440853505194,29.0,119,54,1,3,0,normal
1,360.0,69,0.8464856303798227,1.0,0.0,8.95,0.0,15.0,32.0,61,0,0,0,0,normal
1,360.0,70,0.8117097376524044,1.0,0.0,19.79,0.5,9.365112812667977,24.0,40,20,0,1,0,normal
1,360.0,71,0.7611155411401613,0.9843236388470444,0.0,12.37,0.0,15.0,13.0,31,0,0,0,0,normal
1,360.0,72,0.8461695985147577,1.0,0.0,8.08,0.5,23.70706169510507,18.0,40,20,0,1,0,normal
1,360.0,73,0.8359871222670685,1.0,0.0,0.0,1.0,15.0,30.0,0,0,0,0,0,normal
1,360.0,74,0.8023230418835722,0.9889500855031248,0.0,5.27,0.5,9.75231360921039,7.0,40,20,0,1,0,normal
1,360.0,75,0.7904730226048828,0.6184348231886934,0.16233766233766234,7.46,0.8376623376623377,3.318790916783874,19.0,154,129,25,10,1,wormhole
1,360.0,76,0.7853121480624827,1.0,0.0,5.6,0.38461538461538464,20.738997422088357,20.0,52,20,0,1,0,normal
1,360.0,77,0.8348306431956946,0.8909757623646275,0.1,17.46,0.9,10.410964490176982,14.0,20,18,2,1,0,normal
1,360.0,78,0.7815708379608248,0.9249075706469508,0.03614457831325301,9.27,0.963855421686747,12.960716887014389,28.0,83,80,3,5,0,normal
1,360.0,79,0.8110627184048332,1.0,0.0,15.32,0.8,14.20376565821575,11.0,75,60,0,3,0,normal
1,360.0,80,0.8748220818838592,0.8963759416511944,0.0379746835443038,16.09,0.7088607594936709,13.954948069322704,19.0,79,56,3,3,0,normal
1,360.0,81,0.8429342818777262,0.9082023741293478,0.023255813953488372,8.76,0.9767441860465116,18.079431574614794,24.0,43,42,1,3,0,normal
1,360.0,82,0.7667295307619294,0.9729869971190568,0.025,0.0,0.8625,18.04034509239124,27.0,80,69,2,4,0,normal
1,360.0,83,0.84895538782477,1.0,0.008547008547008548,10.01,0.6581196581196581,16.09580109761025,14.0,117,77,1,4,0,normal
1,360.0,84,0.7849926737246615,0.9844181861171885,0.0,0.0,1.0,16.485510339890418,7.0,40,40,0,2,0,normal
1,360.0,85,0.7986142030869443,0.6495831697818608,0.08333333333333333,23.29,0.7,3.971638903844975,11.0,120,84,10,5,1,wormhole
1,360.0,86,0.8083779530255475,0.972868019430809,0.0,8.07,0.6779661016949152,14.820899519888439,16.0,59,40,0,2,0,normal
1,360.0,87,0.846997678681979,0.9913048446878409,0.0,0.0,0.3389830508474576,23.916249484131086,7.0,59,20,0,1,0,normal
1,360.0,88,0.7586776183949319,0.9731595379846437,0.0,22.86,0.5128205128205128,14.776442152931708,27.0,117,60,0,3,0,normal
1,360.0,89,0.7904137942131476,0.9804324959848474,0.0,6.8,0.0,15.0,27.0,55,0,0,0,0,normal
1,360.0,90,0.8090388134421655,0.9130467240191051,0.041666666666666664,23.81,0.7777777777777778,14.661854956366502,11.0,72,56,3,3,0,normal
1,360.0,91,0.8257358873666745,1.0,0.0,0.0,0.5405405405405406,11.760329285317763,10.0,37,20,0,1,0,normal
1,360.0,92,0.7810953631910867,0.9548887637621878,0.0,11.72,1.0,14.223719858942943,23.0,40,40,0,2,0,normal
1,360.0,93,0.8295282468900013,0.9219935675392543,0.07317073170731707,20.89,0.4146341463414634,21.264892821406427,11.0,41,17,3,1,0,normal
1,360.0,94,0.8867250306166505,0.9808279039019343,0.025,0.0,0.975,20.43319681274064,9.0,40,39,1,2,0,normal
1,360.0,95,0.856106552081651,0.9864780489068757,0.0,0.0,1.0,15.0,33.0,0,0,0,0,0,normal
1,360.0,96,0.8997664267328846,1.0,0.0,15.69,0.3220338983050847,18.3257681635764,23.0,59,19,0,1,0,normal
1,360.0,97,0.7951444208077427,1.0,0.0,5.78,1.0,12.960231384802022,7.0,20,20,0,1,0,normal
1,360.0,98,0.7808363529040029,1.0,0.0136986301369863,0.0,0.2602739726027397,12.611007059165003,10.0,73,19,1,1,0,normal
1,360.0,99,0.787724327709456,0.9734063537403869,0.0,12.94,0.5333333333333333,17.064255088494633,9.0,75,40,0,2,0,normal
1,370.0,0,0.46148528394146743,0.5296229049358964,0.49873417721518987,15.07,0.4531645569620253,29.157200047179458,31.0,395,179,197,20,1,greyhole
1,370.0,1,0.5485238793705749,0.9014934695665687,0.014423076923076924,9.51,0.8990384615384616,16.85052434137754,32.0,208,187,3,11,0,normal
1,370.0,2,0.49854907501873685,0.8688683690264682,0.025974025974025976,17.5,0.8474025974025974,16.92649400254714,24.0,308,261,8,17,0,normal
1,370.0,3,0.6414606760931424,0.9073267054062294,0.008955223880597015,7.11,0.8746268656716418,17.044197542516397,35.0,335,293,3,18,0,normal
1,370.0,4,0.6504778986600894,0.8912346769858143,0.03125,11.21,0.96875,19.947299701418412,39.0,192,186,6,12,0,normal
1,370.0,5,0.6965744369063721,0.9343364152391644,0.011428571428571429,13.71,0.7485714285714286,19.999053815994586,33.0,175,131,2,10,0,normal
1,370.0,6,0.5087391968477868,0.9350236804346684,0.043859649122807015,0.0,0.8070175438596491,18.038914698017567,41.0,114,92,5,6,0,normal
1,370.0,7,0.7704286484388496,0.9648346374694938,0.0,14.06,0.6060606060606061,18.818277020871893,11.0,99,60,0,3,0,normal
1,370.0,8,0.6734770593058748,0.9593319590136558,0.023255813953488372,9.8,0.4418604651162791,16.203999039170075,12.0,43,19,1,1,0,normal
1,370.0,9,0.7899693078354793,0.26415196196680213,0.89937106918239,8.04,0.10062893081761007,34.677844097000644,11.0,159,16,143,8,1,blackhole
1,370.0,10,0.6998289786536411,0.6966253904829758,0.3359375,13.93,0.453125,28.52645521449076,31.0,128,58,43,7,1,greyhole
1,370.0,11,0.761583151587947,0.8898470085210749,0.2,6.48,0.8,24.22584589334685,13.0,20,16,4,1,0,normal
1,370.0,12,0.7417745025773742,0.926500713763893,0.024390243902439025,23.09,0.7398373983739838,14.735297022622245,33.0,123,91,3,5,0,normal
1,370.0,13,0.6570872276639783,0.574852140043875,0.17,24.99,0.43,3.7286977042130993,35.0,100,43,17,3,1,wormhole
1,370.0,14,0.7436641409024438,0.9709409430301368,0.0,16.81,1.0,12.328417747007876,33.0,20,20,0,1,0,normal
1,370.0,15,0.664801178957079,0.9348724588922266,0.007142857142857143,15.9,0.9928571428571429,17.869855914566934,29.0,140,139,1,8,0,normal
1,370.0,16,0.7135018932720288,1.0,0.013513513513513514,5.81,0.527027027027027,14.686435338944143,32.0,74,39,1,2,0,normal
1,370.0,17,0.7917917032964642,0.9977742652471453,0.0,13.17,1.0,17.236214580962617,27.0,130,130,0,10,0,normal
1,370.0,18,0.7888821799862896,0.9495879304473774,0.02459016393442623,9.36,0.7295081967213115,15.928857767674984,35.0,122,89,3,6,0,normal
1,370.0,19,0.8043924182129165,1.0,0.0,24.89,0.9736842105263158,15.401006295002588,36.0,38,37,0,2,0,normal
1,370.0,20,0.7526720589801398,0.9731141222081845,0.0,0.0,0.6610169491525424,19.84211288152498,18.0,59,39,0,2,0,normal
1,370.0,21,0.7632407183615486,0.9240161331577329,0.02512562814070352,5.87,0.7889447236180904,17.76778577287547,24.0,199,157,5,9,0,normal
1,370.0,22,0.7360321487944568,0.9316376964678591,0.011111111111111112,6.0,0.9888888888888889,19.52701458243585,13.0,90,89,1,7,0,normal
1,370.0,23,0.8223945406170781,1.0,0.0,17.35,0.3673469387755102,22.1197105795567,25.0,49,18,0,1,0,normal
1,370.0,24,0.8138410346299403,0.930343254093607,0.01282051282051282,5.77,0.6217948717948718,16.850188298087282,33.0,156,97,2,7,0,normal
1,370.0,25,0.790386722346194,0.9055130100947584,0.03414634146341464,0.0,0.7902439024390244,17.760105729155093,18.0,205,162,7,12,0,normal
1,370.0,26,0.8598133273504402,1.0,0.0,16.06,1.0,15.0,33.0,0,0,0,0,0,normal
1,370.0,27,0.7214541792155698,0.976147827513347,0.022988505747126436,9.73,0.6666666666666666,18.687149500746365,7.0,87,58,2,4,0,normal
1,370.0,28,0.7500186646303704,0.9567030747574587,0.0,0.0,0.5405405405405406,19.369566159985258,10.0,37,20,0,1,0,normal
1,370.0,29,0.7624308489194039,0.47326695366481186,0.6818181818181818,13.13,0.045454545454545456,36.95818008140966,22.0,132,6,90,5,1,blackhole
1,370.0,30,0.7058645902881446,0.9463283845909849,0.009433962264150943,22.27,0.9386792452830188,16.212624040095577,15.0,212,199,2,12,0,normal
1,370.0,31,0.805014946387477,0.9042650109477653,0.022727272727272728,5.03,0.9772727272727273,16.775533241867556,22.0,132,129,3,11,0,normal
1,370.0,32,0.7562275988862343,0.9548442245618597,0.0,17.58,0.8823529411764706,16.96116080715307,20.0,68,60,0,3,0,normal
1,370.0,33,0.7019473687914909,0.9597079794090164,0.017543859649122806,0.0,0.6842105263157895,13.601214966606008,26.0,57,39,1,2,0,normal
1,370.0,34,0.8616109453608997,1.0,0.018518518518518517,0.0,0.7222222222222222,13.5784029441129,33.0,54,39,1,2,0,normal
1,370.0,35,0.7832320367447758,0.3029452616860591,0.93,24.34,0.07,38.05681455814802,8.0,100,7,93,5,1,blackhole
1,370.0,36,0.8062271531430022,0.9582091433609399,0.025,8.85,0.725,12.402752403629446,22.0,80,58,2,4,0,normal
1,370.0,37,0.7467726494717797,0.9523584537425468,0.024691358024691357,6.92,0.7283950617283951,17.615510888627085,39.0,81,59,2,4,0,normal
1,370.0,38,0.7365513551630245,0.9831162891421605,0.03333333333333333,8.63,0.9666666666666667,13.42477484652781,8.0,60,58,2,3,0,normal
1,370.0,39,0.7359190103956244,0.9520935891886322,0.0,17.71,1.0,15.0,39.0,0,0,0,0,0,normal
1,370.0,40,0.7529497677047885,1.0,0.00847457627118644,9.78,0.4152542372881356,23.664177463776635,17.0,118,49,1,3,0,normal
1,370.0,41,0.8462634651190704,1.0,0.0,6.93,0.7407407407407407,11.486310069080263,25.0,27,20,0,1,0,normal
1,370.0,42,0.86298524153778,0.9661957805908666,0.0,17.96,0.6896551724137931,16.233238526959564,8.0,58,40,0,2,0,normal
1,370.0,43,0.7725455994881598,0.9806227568250193,0.0,21.07,0.5797101449275363,16.310479608254756,18.0,69,40,0,2,0,normal
1,370.0,44,0.795487535609249,0.9817026783645458,0.011111111111111112,6.72,0.2111111111111111,17.636324605550797,10.0,90,19,1,1,0,normal
1,370.0,45,0.8302443604451761,0.9031982648511209,0.14035087719298245,23.49,0.21052631578947367,23.02541504869335,10.0,57,12,8,1,1,greyhole
1,370.0,46,0.7369106680804538,0.6010486328841195,0.10747663551401869,8.87,0.7102803738317757,3.89205689903267,33.0,214,152,23,10,1,wormhole
1,370.0,47,0.8889186338181084,0.9770235866586361,0.012987012987012988,10.95,0.4805194805194805,18.26215542176834,33.0,77,37,1,3,0,normal
1,370.0,48,0.8414942628396435,0.986847275544158,0.0,9.84,1.0,19.220001913216485,29.0,40,40,0,2,0,normal
1,370.0,49,0.7627635763980646,0.9637702058570375,0.025,6.34,0.975,19.621331810890673,21.0,40,39,1,2,0,normal
1,370.0,50,0.7637264359448686,1.0,0.0,8.26,0.5128205128205128,12.185111274446859,19.0,78,40,0,2,0,normal
1,370.0,51,0.8523140270848213,0.9937778128589171,0.0,8.58,0.759493670886076,17.454978516481454,15.0,79,60,0,3,0,normal
1,370.0,52,0.8066425647675238,0.9863701295184184,0.0,15.96,0.3448275862068966,12.633976482162057,29.0,58,20,0,1,0,normal
1,370.0,53,0.8768748119421936,1.0,0.009900990099009901,11.58,0.5841584158415841,17.917544976366447,8.0,101,59,1,3,0,normal
1,370.0,54,0.8735021071133787,0.9508020427623114,0.03333333333333333,12.05,0.9666666666666667,23.355890240089092,24.0,60,58,2,3,0,normal
1,370.0,55,0.7557174397047863,0.9601922307409112,0.02702702702702703,6.59,0.7837837837837838,18.773146399133083,15.0,74,58,2,3,0,normal
1,370.0,56,0.7587109590256398,1.0,0.0,14.49,1.0,15.0,11.0,0,0,0,0,0,normal
1,370.0,57,0.7659858312682972,1.0,0.0,0.0,1.0,19.392414950489467,5.0,98,98,0,5,0,normal
1,370.0,58,0.808784266297955,1.0,0.0,13.18,0.0,15.0,19.0,38,0,0,0,0,normal
1,370.0,59,0.7346673020329009,0.9514914531709449,0.016666666666666666,23.07,0.65,17.717420280317867,33.0,60,39,1,2,0,normal
1,370.0,60,0.7771970463284944,0.9598926572449771,0.02564102564102564,16.32,0.47435897435897434,19.799852930609173,37.0,78,37,2,2,0,normal
1,370.0,61,0.8005079833581179,1.0,0.0,9.64,1.0,12.890973777373281,9.0,20,20,0,1,0,normal
1,370.0,62,0.7610344509524464,0.9957194739086547,0.0,7.27,0.5405405405405406,16.64449188166096,13.0,37,20,0,1,0,normal
1,370.0,63,0.8197678170413473,0.5101864485852655,0.5959595959595959,5.89,0.010101010101010102,38.704374522444205,14.0,99,1,59,3,1,blackhole
1,370.0,64,0.8320321982930453,0.6194585049008758,0.41916167664670656,11.21,0.39520958083832336,25.906255862012472,14.0,167,66,70,7,1,greyhole
1,370.0,65,0.9135732437736737,0.9763491834708513,0.0,21.07,0.0,15.0,23.0,20,0,0,0,0,normal
1,370.0,66,0.7912312274519023,0.9652155612416464,0.0,6.64,0.0,15.0,7.0,19,0,0,0,0,normal
1,370.0,67,0.775439689065028,0.952241773367679,0.03389830508474576,8.3,0.6271186440677966,15.472976773138647,21.0,59,37,2,2,0,normal
1,370.0,68,0.7664978972745524,1.0,0.012658227848101266,0.0,0.4936708860759494,17.750430041875678,26.0,79,39,1,2,0,normal
1,370.0,69,0.8448456303798226,0.9972143700478276,0.0,8.95,0.47619047619047616,25.07254106629223,31.0,42,20,0,1,0,normal
1,370.0,70,0.8097897376524044,1.0,0.0,0.0,1.0,13.602541157569474,34.0,38,38,0,2,0,normal
1,370.0,71,0.7587155411401613,1.0,0.024390243902439025,0.0,0.9512195121951219,15.116297160496355,14.0,41,39,1,2,0,normal
1,370.0,72,0.8451095985147576,0.9717859526732985,0.0,8.08,0.5142857142857142,13.306972353432888,21.0,35,18,0,1,0,normal
1,370.0,73,0.8324871222670684,0.9687992140344062,0.02564102564102564,23.56,0.7307692307692307,17.741209745960195,39.0,78,57,2,3,0,normal
1,370.0,74,0.8001430418835722,0.9942823945226218,0.0,5.27,0.2898550724637681,20.10431407521153,8.0,69,20,0,1,0,normal
1,370.0,75,0.7877330226048828,0.6740155121216755,0.09722222222222222,7.46,0.625,4.375830105113788,14.0,72,45,7,3,1,wormhole
1,370.0,76,0.7829121480624827,0.9687012654121929,0.0,0.0,1.0,15.305424909285268,14.0,40,40,0,2,0,normal
1,370.0,77,0.8324306431956946,0.9743812726067298,0.0,17.46,1.0,19.436187826445263,21.0,40,40,0,2,0,normal
1,370.0,78,0.7802508379608248,0.9437355796340213,0.07142857142857142,9.27,0.6428571428571429,22.840865969076603,29.0,28,18,2,1,0,normal
1,370.0,79,0.8089027184048332,0.9929504008634066,0.0,15.32,0.8333333333333334,9.409484688685769,18.0,48,40,0,2,0,normal
1,370.0,80,0.8732620818838592,0.9862984935618287,0.0,0.0,0.0,15.0,21.0,78,0,0,0,0,normal
1,370.0,81,0.8398342818777262,0.9622671077061737,0.038461538461538464,8.76,0.47435897435897434,14.741124660313968,27.0,78,37,3,2,0,normal
1,370.0,82,0.7607495307619294,0.9798045469463681,0.013986013986013986,8.18,0.8111888111888111,18.76490013470467,27.0,143,116,2,6,0,normal
1,370.0,83,0.8465353878247699,0.9410780912221104,0.04838709677419355,10.01,0.9516129032258065,17.03588869502846,20.0,62,59,3,4,0,normal
1,370.0,84,0.7806926737246616,0.9506276292907141,0.010416666666666666,23.7,0.6145833333333334,13.76770347635317,6.0,96,59,1,3,0,normal
1,370.0,85,0.7945742030869443,0.700780548061368,0.03571428571428571,23.29,0.625,5.079316742803208,14.0,112,70,4,4,1,wormhole
1,370.0,86,0.8037179530255475,0.9297370152240002,0.041237113402061855,0.0,0.7835051546391752,15.260835689744534,14.0,97,76,4,4,0,normal
1,370.0,87,0.843017678681979,0.9499902575526592,0.0125,22.16,0.7375,18.507693010499693,7.0,80,59,1,3,0,normal
1,370.0,88,0.7567376183949319,1.0,0.0,22.86,0.3508771929824561,17.51129982823886,35.0,57,20,0,1,0,normal
1,370.0,89,0.7888137942131476,0.977366965219417,0.0,6.8,0.5,14.510805461376338,31.0,40,20,0,1,0,normal
1,370.0,90,0.8083188134421656,1.0,0.0,23.81,1.0,9.477739970590287,26.0,18,18,0,1,0,normal
1,370.0,91,0.8219558873666746,1.0,0.028169014084507043,24.34,0.8169014084507042,19.678790100656446,27.0,71,58,2,3,0,normal
1,370.0,92,0.7807353631910867,1.0,0.0,11.72,0.0,15.0,19.0,18,0,0,0,0,normal
1,370.0,93,0.8279882468900013,1.0,0.0,0.0,0.5405405405405406,9.341788487961354,6.0,37,20,0,1,0,normal
1,370.0,94,0.8831850306166505,1.0,0.01020408163265306,20.77,0.3979591836734694,22.047510273997723,6.0,98,39,1,2,0,normal
1,370.0,95,0.854506552081651,0.9774589564061537,0.0,8.38,0.5,9.187068623346963,36.0,40,20,0,1,0,normal
1,370.0,96,0.8972864267328846,1.0,0.0,15.69,0.9090909090909091,19.70155963622033,9.0,44,40,0,2,0,normal
1,370.0,97,0.7926244208077426,0.9904256116160493,0.0,5.78,0.8695652173913043,17.570357529396073,5.0,46,40,0,2,0,normal
1,370.0,98,0.775796352904003,0.9713498670302408,0.014705882352941176,17.19,0.7058823529411765,20.605046549743946,9.0,136,96,2,5,0,normal
1,370.0,99,0.7872243277094559,1.0,0.0,0.0,0.0,15.0,6.0,25,0,0,0,0,normal
1,380.0,0,0.45438528394146743,0.5555948193408067,0.47297297297297297,15.07,0.4189189189189189,26.395177738607455,26.0,222,93,105,11,1,greyhole
1,380.0,1,0.5328238793705748,0.87614007756105,0.023923444976076555,9.51,0.7822966507177034,18.579998447980447,31.0,418,327,10,19,0,normal
1,380.0,2,0.49664907501873684,0.9121500372238126,0.012987012987012988,17.5,0.23376623376623376,19.126244706942952,23.0,77,18,1,1,0,normal
1,380.0,3,0.6275406760931423,0.8615732295948071,0.024844720496894408,7.11,0.9751552795031055,21.4950231103616,37.0,322,314,8,18,0,normal
1,380.0,4,0.6384578986600895,0.8521376747348435,0.02464788732394366,11.21,0.9049295774647887,16.999281574137193,33.0,284,257,7,15,0,normal
1,380.0,5,0.694174436906372,0.9628196592490557,0.0,13.71,0.7142857142857143,18.350336682768106,34.0,70,50,0,3,0,normal
1,380.0,6,0.5059391968477868,0.9963331228813456,0.01639344262295082,22.24,0.639344262295082,10.923609214301297,32.0,61,39,1,2,0,normal
1,380.0,7,0.7672086484388496,0.9374137716353623,0.024691358024691357,14.06,0.7407407407407407,18.012778868363622,18.0,81,60,2,4,0,normal
1,380.0,8,0.6707370593058747,1.0,0.0,9.8,0.20618556701030927,24.35935337610409,15.0,97,20,0,1,0,normal
1,380.0,9,0.7874693078354792,0.40588734091784107,0.7244897959183674,0.0,0.07142857142857142,40.34748855757301,12.0,98,7,71,4,1,blackhole
1,380.0,10,0.6939689786536412,0.5449096588694939,0.5163398692810458,13.93,0.39215686274509803,25.081264152481147,22.0,153,60,79,7,1,greyhole
1,380.0,11,0.7597431515879469,1.0,0.0,0.0,0.38461538461538464,15.465680891367562,14.0,52,20,0,1,0,normal
1,380.0,12,0.7413945025773743,1.0,0.0,23.09,0.0,15.0,36.0,19,0,0,0,0,normal
1,380.0,13,0.6510872276639783,0.638714925079885,0.10810810810810811,24.99,0.6216216216216216,3.1431848312058404,22.0,185,115,20,8,1,wormhole
1,380.0,14,0.7388441409024438,0.910752263186274,0.014285714285714285,16.81,0.5785714285714286,17.39158700716457,24.0,140,81,2,6,0,normal
1,380.0,15,0.660461178957079,0.9606068435977128,0.012658227848101266,15.9,0.9873417721518988,18.604897268532607,21.0,79,78,1,4,0,normal
1,380.0,16,0.7053818932720288,0.9416948939843376,0.009852216748768473,5.81,0.8029556650246306,16.993027666753644,36.0,203,163,2,9,0,normal
1,380.0,17,0.7858317032964642,0.9909684043617162,0.014285714285714285,13.17,0.5571428571428572,10.643956133662458,35.0,140,78,2,4,0,normal
1,380.0,18,0.7766021799862897,0.8940382325144225,0.04,9.36,0.9418181818181818,15.32447847570978,36.0,275,259,11,16,0,normal
1,380.0,19,0.7990924182129165,0.942358639069979,0.008849557522123894,0.0,0.8141592920353983,19.785350381946895,35.0,113,92,1,5,0,normal
1,380.0,20,0.7526720589801398,1.0,0.0,5.47,1.0,15.0,17.0,0,0,0,0,0,normal
1,380.0,21,0.7593607183615486,0.9650909466163194,0.02040816326530612,5.87,0.9795918367346939,18.968517457747666,21.0,98,96,2,6,0,normal
1,380.0,22,0.7301121487944568,0.9666152683243522,0.012738853503184714,6.0,0.6305732484076433,18.507345191469824,18.0,157,99,2,6,0,normal
1,380.0,23,0.819674540617078,0.9774803272800962,0.0,0.0,0.5064935064935064,23.850653162478828,22.0,77,39,0,2,0,normal
1,380.0,24,0.8074810346299404,0.9489600746006892,0.016666666666666666,5.77,0.9833333333333333,18.1627762436753,26.0,120,118,2,6,0,normal
1,380.0,25,0.788186722346194,0.9749430124417324,0.0,9.27,0.2857142857142857,21.147318119278687,24.0,70,20,0,1,0,normal
1,380.0,26,0.8566133273504402,0.9668273239077815,0.011904761904761904,0.0,0.9047619047619048,18.582172244719906,35.0,84,76,1,4,0,normal
1,380.0,27,0.7207941792155699,0.9907044131307773,0.0,9.73,0.0,15.0,10.0,33,0,0,0,0,normal
1,380.0,28,0.7484586646303704,0.9528505707957121,0.02564102564102564,22.78,0.48717948717948717,22.067407475796962,17.0,39,19,1,1,0,normal
1,380.0,29,0.759510848919404,0.5931058835143126,0.5353535353535354,0.0,0.0707070707070707,33.83737430281608,17.0,99,7,53,3,1,blackhole
1,380.0,30,0.7047245902881446,1.0,0.0,22.27,0.5405405405405406,11.13837244873998,14.0,37,20,0,1,0,normal
1,380.0,31,0.801834946387477,0.9570188201753557,0.0,5.03,0.5063291139240507,20.949010757811774,19.0,79,40,0,2,0,normal
1,380.0,32,0.7510475988862342,1.0,0.01,17.58,0.99,15.809972380790324,35.0,100,99,1,5,0,normal
1,380.0,33,0.7011473687914909,1.0,0.0,20.39,0.0,15.0,35.0,40,0,0,0,0,normal
1,380.0,34,0.8607109453608996,0.9292391081712251,0.07407407407407407,6.14,0.6666666666666666,16.337970587110792,35.0,27,18,2,1,0,normal
1,380.0,35,0.7812520367447758,0.2489596232768813,0.9827586206896551,24.34,0.017241379310344827,37.527876670500774,16.0,58,1,57,3,1,blackhole
1,380.0,36,0.8004471531430022,0.9856519219009148,0.013333333333333334,8.85,0.66,15.390745870906942,29.0,150,99,2,6,0,normal
1,380.0,37,0.7451926494717797,1.0,0.0,6.92,0.5128205128205128,10.346117339644788,35.0,39,20,0,1,0,normal
1,380.0,38,0.7326513551630245,0.9785994076521626,0.025974025974025976,8.63,0.7532467532467533,18.4247026940365,10.0,77,58,2,3,0,normal
1,380.0,39,0.7304390103956243,1.0,0.0064516129032258064,17.71,0.5096774193548387,18.723400265358563,39.0,155,79,1,4,0,normal
1,380.0,40,0.7509897677047885,0.99634660710494,0.01694915254237288,9.78,0.3220338983050847,13.122996563322852,9.0,59,19,1,1,0,normal
1,380.0,41,0.8444834651190704,0.9741646519834007,0.0,6.93,0.40816326530612246,19.447715270668724,25.0,49,20,0,1,0,normal
1,380.0,42,0.86152524153778,1.0,0.0,0.0,0.6060606060606061,10.872414511784141,7.0,33,20,0,1,0,normal
1,380.0,43,0.7664855994881598,0.9376669856469959,0.008928571428571428,0.0,0.9910714285714286,19.116252606284345,33.0,112,111,1,7,0,normal
1,380.0,44,0.794067535609249,0.9784262748588883,0.0,0.0,0.6451612903225806,20.019595585276196,9.0,31,20,0,1,0,normal
1,380.0,45,0.8272443604451762,0.7284877260068904,0.28846153846153844,23.49,0.25,27.374579379142418,25.0,104,26,30,3,1,greyhole
1,380.0,46,0.7322706680804538,0.6280723459723747,0.10638297872340426,8.87,0.5035460992907801,3.8360684333142663,38.0,141,71,15,5,1,wormhole
1,380.0,47,0.8865386338181085,0.9531445027598305,0.025,10.95,0.975,19.0310165239249,37.0,40,39,1,2,0,normal
1,380.0,48,0.8402942628396435,1.0,0.0,9.84,1.0,12.297896012028103,19.0,20,20,0,1,0,normal
1,380.0,49,0.7587835763980646,0.9813627708901325,0.036036036036036036,6.34,0.7927927927927928,15.266513120693839,27.0,111,88,4,6,0,normal
1,380.0,50,0.7637264359448686,0.9979502749675296,0.0,8.26,1.0,15.0,10.0,0,0,0,0,0,normal
1,380.0,51,0.8523140270848213,1.0,0.0,8.58,1.0,15.0,10.0,0,0,0,0,0,normal
1,380.0,52,0.8034825647675239,1.0,0.0,0.0,0.7954545454545454,18.313003558802585,23.0,88,70,0,4,0,normal
1,380.0,53,0.8706948119421937,0.925338926211541,0.018018018018018018,11.58,0.8828828828828829,18.587120556618164,16.0,111,98,2,5,0,normal
1,380.0,54,0.8711221071133787,0.9595956596892541,0.025,0.0,0.975,11.477262939948181,25.0,40,39,1,2,0,normal
1,380.0,55,0.7533374397047863,0.9792832264722192,0.025,0.0,0.975,9.21294488852308,18.0,40,39,1,2,0,normal
1,380.0,56,0.7569109590256398,0.9607935150764992,0.0196078431372549,0.0,0.37254901960784315,20.532200891838173,13.0,51,19,1,1,0,normal
1,380.0,57,0.7659858312682972,0.9769082750903676,0.0,7.54,1.0,15.0,6.0,0,0,0,0,0,normal
1,380.0,58,0.8048442662979549,1.0,0.00847457627118644,13.18,0.3305084745762712,14.642486518912023,22.0,118,39,1,2,0,normal
1,380.0,59,0.7303273020329009,1.0,0.012658227848101266,23.07,0.9873417721518988,19.243467519573535,19.0,79,78,1,4,0,normal
1,380.0,60,0.7771970463284944,1.0,0.0,16.32,1.0,15.0,34.0,0,0,0,0,0,normal
1,380.0,61,0.7989279833581179,0.9745118482820342,0.0,9.64,0.5128205128205128,25.3824316171723,10.0,39,20,0,1,0,normal
1,380.0,62,0.7582744509524464,0.984931552644782,0.0,7.27,0.38823529411764707,15.43363230427841,16.0,85,33,0,2,0,normal
1,380.0,63,0.8187078170413472,0.6078179196068718,0.5806451612903226,0.0,0.06451612903225806,43.82478737852172,6.0,31,2,18,1,1,blackhole
1,380.0,64,0.8270921982930453,0.6805058781162672,0.39864864864864863,11.21,0.39864864864864863,26.936863642840063,24.0,148,59,59,6,1,greyhole
1,380.0,65,0.9116332437736736,1.0,0.0,21.07,0.3508771929824561,15.335994343684613,34.0,57,20,0,1,0,normal
1,380.0,66,0.7900312274519024,1.0,0.0,6.64,1.0,16.466783212998898,12.0,20,20,0,1,0,normal
1,380.0,67,0.773479689065028,0.9622579086074449,0.0,8.3,0.3448275862068966,19.265069182460195,29.0,58,20,0,1,0,normal
1,380.0,68,0.7652978972745524,1.0,0.0,22.87,1.0,16.222267763063154,24.0,20,20,0,1,0,normal
1,380.0,69,0.8420856303798226,0.9864844310860776,0.0,8.95,0.6896551724137931,18.05845750473457,30.0,58,40,0,2,0,normal
1,380.0,70,0.8054697376524044,0.9961065441096348,0.025,18.78,0.95,17.30897524769064,35.0,80,76,2,4,0,normal
1,380.0,71,0.7587155411401613,1.0,0.0,14.7,1.0,15.0,18.0,0,0,0,0,0,normal
1,380.0,72,0.8423095985147576,0.9616917410773631,0.0,0.0,0.6666666666666666,17.358121581073558,25.0,60,40,0,2,0,normal
1,380.0,73,0.8281471222670685,0.9457972297577383,0.01020408163265306,23.56,0.6020408163265306,20.004451973634076,37.0,98,59,1,3,0,normal
1,380.0,74,0.7986030418835722,0.9634354038238622,0.02631578947368421,5.27,0.5,18.47408726006764,13.0,38,19,1,1,0,normal
1,380.0,75,0.7860530226048827,0.7046299562413771,0.08333333333333333,7.46,0.3333333333333333,4.664004312724739,15.0,48,16,4,1,1,wormhole
1,380.0,76,0.7817321480624827,0.9757445811619291,0.05,22.8,0.95,20.92283497463697,20.0,20,19,1,1,0,normal
1,380.0,77,0.8320306431956945,1.0,0.0,17.46,0.0,15.0,30.0,20,0,0,0,0,normal
1,380.0,78,0.7790708379608249,1.0,0.0,9.27,0.0,15.0,19.0,59,0,0,0,0,normal
1,380.0,79,0.8045427184048333,1.0,0.0,15.32,0.2898550724637681,14.349893395259368,13.0,138,40,0,2,0,normal
1,380.0,80,0.8696620818838593,0.9765845449935332,0.0,20.64,1.0,15.603493717190986,37.0,60,60,0,3,0,normal
1,380.0,81,0.8394742818777262,1.0,0.0,8.76,0.0,15.0,19.0,18,0,0,0,0,normal
1,380.0,82,0.7563295307619294,0.985740258561374,0.009615384615384616,8.18,0.7403846153846154,16.055895163314666,28.0,104,77,1,4,0,normal
1,380.0,83,0.8453553878247699,0.9778018810030755,0.05,10.01,0.95,17.759551055090036,25.0,20,19,1,1,0,normal
1,380.0,84,0.7787126737246616,1.0,0.0,23.7,0.3389830508474576,21.075982375330014,21.0,59,20,0,1,0,normal
1,380.0,85,0.7914742030869443,0.6284427146181795,0.14634146341463414,0.0,0.6463414634146342,4.048582160706565,12.0,82,53,12,5,1,wormhole
1,380.0,86,0.8021379530255475,0.9485221538686448,0.0,18.39,0.5128205128205128,10.078898517174638,15.0,39,20,0,1,0,normal
1,380.0,87,0.839277678681979,1.0,0.014705882352941176,22.16,0.8676470588235294,18.594701888808398,9.0,68,59,1,3,0,normal
1,380.0,88,0.7527576183949319,1.0,0.0,22.86,0.759493670886076,19.17036610274465,28.0,79,60,0,3,0,normal
1,380.0,89,0.7837137942131476,0.9381190538147846,0.01694915254237288,6.8,0.652542372881356,15.327268232252578,36.0,118,77,2,4,0,normal
1,380.0,90,0.8059588134421656,1.0,0.012658227848101266,23.81,0.24050632911392406,24.55246731880602,30.0,79,19,1,1,0,normal
1,380.0,91,0.8148758873666745,0.9758340662288658,0.027932960893854747,24.34,0.5307262569832403,16.643225936730577,38.0,179,95,5,5,0,normal
1,380.0,92,0.7795353631910867,0.9890775973462248,0.0,11.72,1.0,14.6268432071433,8.0,20,20,0,1,0,normal
1,380.0,93,0.8277882468900013,1.0,0.0,12.13,0.0,15.0,9.0,10,0,0,0,0,normal
1,380.0,94,0.8812250306166506,1.0,0.0,20.77,0.3448275862068966,20.98894575311486,18.0,58,20,0,1,0,normal
1,380.0,95,0.849706552081651,1.0,0.0,0.0,1.0,18.758212902366537,36.0,80,80,0,4,0,normal
1,380.0,96,0.8956864267328847,1.0,0.0,0.0,0.5,24.213123315687568,6.0,40,20,0,1,0,normal
1,380.0,97,0.7914444208077427,0.959703702327019,0.05,0.0,0.95,13.731260929791405,6.0,20,19,1,1,0,normal
1,380.0,98,0.7740963529040029,0.9568586681645865,0.023255813953488372,17.19,0.9767441860465116,13.788705333024247,25.0,43,42,1,3,0,normal
1,380.0,99,0.7823443277094559,0.9356304980839569,0.034482758620689655,9.25,0.8850574712643678,14.730914844311975,9.0,87,77,3,4,0,normal
1,390.0,0,0.4524252839414674,0.6945232538041632,0.3448275862068966,15.07,0.3448275862068966,28.24137028376376,10.0,58,20,20,2,1,greyhole
1,390.0,1,0.5170638793705749,0.8700156045991724,0.026385224274406333,0.0,0.920844327176781,16.709791685714,29.0,379,349,10,19,0,normal
1,390.0,2,0.48526907501873684,0.9053550177357875,0.016611295681063124,0.0,0.7574750830564784,19.266384333618255,22.0,301,228,5,12,0,normal
1,390.0,3,0.6140406760931424,0.8585536957248397,0.03206997084548105,7.11,0.967930029154519,17.34752932767831,26.0,343,332,11,18,0,normal
1,390.0,4,0.6253578986600894,0.921776898708881,0.015197568389057751,0.0,0.9300911854103343,15.983569585350923,29.0,329,306,5,17,0,normal
1,390.0,5,0.6814744369063721,0.8999455147110432,0.01875,13.71,0.859375,15.925482438580438,29.0,320,275,6,15,0,normal
1,390.0,6,0.5047391968477868,0.9727153240079233,0.0,22.24,1.0,23.04815736758365,19.0,20,20,0,1,0,normal
1,390.0,7,0.7538486484388496,0.9427056119148369,0.019543973941368076,14.06,0.9804560260586319,18.54990115938915,24.0,307,301,6,16,0,normal
1,390.0,8,0.6646570593058747,0.9220045856935721,0.025974025974025976,9.8,0.974025974025974,16.18838378806168,23.0,154,150,4,8,0,normal
1,390.0,9,0.7850493078354792,0.6589659572977637,0.5,15.27,0.038461538461538464,37.71543594419251,11.0,78,3,39,3,1,blackhole
1,390.0,10,0.6916689786536412,0.8131703211542296,0.2857142857142857,0.0,0.23376623376623376,26.57080253096438,21.0,77,18,22,2,1,greyhole
1,390.0,11,0.756683151587947,0.9832773856900131,0.008771929824561403,8.85,0.34210526315789475,19.96204828877775,16.0,114,39,1,2,0,normal
1,390.0,12,0.7398145025773742,0.9531166200990003,0.025,23.09,0.475,9.484789688445199,20.0,40,19,1,1,0,normal
1,390.0,13,0.6439872276639782,0.6349767441200869,0.1111111111111111,0.0,0.7929292929292929,3.6549998847427814,20.0,198,157,22,11,1,wormhole
1,390.0,14,0.7367241409024439,0.9519008495084677,0.037037037037037035,16.81,0.9629629629629629,19.257685237849365,16.0,54,52,2,3,0,normal
1,390.0,15,0.6600811789570791,0.9965019500378793,0.0,0.0,0.0,15.0,10.0,19,0,0,0,0,normal
1,390.0,16,0.6991818932720288,0.9736683012166579,0.019230769230769232,5.81,0.8589743589743589,15.22965833199938,33.0,156,134,3,7,0,normal
1,390.0,17,0.7781117032964642,0.8932990543217846,0.011560693641618497,13.17,0.7687861271676301,17.601747331947983,27.0,173,133,2,7,0,normal
1,390.0,18,0.7594221799862897,0.8853378724339583,0.01990049751243781,9.36,0.8880597014925373,17.555932006815727,30.0,402,357,8,19,0,normal
1,390.0,19,0.7964324182129165,0.9768988637343549,0.012987012987012988,0.0,0.7272727272727273,17.394377557120958,26.0,77,56,1,3,0,normal
1,390.0,20,0.7506920589801398,0.977198706874242,0.0,5.47,0.65,17.8283025678559,25.0,60,39,0,2,0,normal
1,390.0,21,0.7581807183615487,0.9488523695904786,0.05,5.87,0.95,13.230461006612943,17.0,20,19,1,1,0,normal
1,390.0,22,0.7250121487944567,1.0,0.01694915254237288,6.0,0.8220338983050848,18.833134159390017,20.0,118,97,2,5,0,normal
1,390.0,23,0.815714540617078,0.9626744557593432,0.025,11.38,0.975,19.72150567851004,25.0,80,78,2,4,0,normal
1,390.0,24,0.8015610346299403,0.9781822834816937,0.0072992700729927005,5.77,0.7226277372262774,15.058449882846894,21.0,137,99,1,6,0,normal
1,390.0,25,0.7866667223461941,0.9637997697367187,0.0,9.27,0.35714285714285715,8.473402207649318,24.0,56,20,0,1,0,normal
1,390.0,26,0.8526533273504402,0.982080856417285,0.025,22.36,0.725,15.84655981478218,27.0,80,58,2,3,0,normal
1,390.0,27,0.7203141792155698,0.9699415880769844,0.0,0.0,0.0,15.0,14.0,24,0,0,0,0,normal
1,390.0,28,0.7445186646303703,0.9487713789902906,0.010101010101010102,22.78,0.5858585858585859,20.92551884580242,16.0,99,58,1,3,0,normal
1,390.0,29,0.7583108489194039,0.6369419038161095,0.5,5.97,0.0,27.99051824583355,14.0,40,0,20,1,1,blackhole
1,390.0,30,0.7043245902881446,0.9899433967218968,0.0,0.0,0.0,15.0,15.0,20,0,0,0,0,normal
1,390.0,31,0.7980949463874769,0.9932836020354968,0.031578947368421054,5.03,0.7578947368421053,18.200278357362762,14.0,95,72,3,4,0,normal
1,390.0,32,0.7475075988862342,0.9763076099488603,0.02531645569620253,17.58,0.7341772151898734,19.930137627654144,31.0,79,58,2,3,0,normal
1,390.0,33,0.6956673687914908,0.9619116500160754,0.01694915254237288,20.39,0.8135593220338984,17.625475344670324,28.0,118,96,2,5,0,normal
1,390.0,34,0.8598709453608997,1.0,0.0,6.14,1.0,17.62655512096529,33.0,21,21,0,2,0,normal
1,390.0,35,0.7776720367447758,0.4674278753170621,0.6428571428571429,24.34,0.0625,32.22346730552511,10.0,112,7,72,4,1,blackhole
1,390.0,36,0.7978471531430023,0.9954006571214213,0.0,8.85,0.8,14.78928459181925,28.0,50,40,0,2,0,normal
1,390.0,37,0.7428126494717797,0.9599742896915936,0.025,6.92,0.975,16.38861543058502,29.0,40,39,1,2,0,normal
1,390.0,38,0.7245513551630245,0.9435475385361681,0.029239766081871343,8.63,0.9005847953216374,18.306742073608763,19.0,171,154,5,8,0,normal
1,390.0,39,0.7304390103956243,0.9987022037798885,0.0,17.71,1.0,15.0,23.0,0,0,0,0,0,normal
1,390.0,40,0.7500897677047885,0.9775302980446595,0.0,0.0,0.0,15.0,11.0,45,0,0,0,0,normal
1,390.0,41,0.8415634651190703,0.9891569325195435,0.0,6.93,0.46511627906976744,18.3032939711168,27.0,86,40,0,2,0,normal
1,390.0,42,0.85876524153778,0.9883070657624555,0.0,21.99,0.6896551724137931,17.979196404115594,13.0,58,40,0,2,0,normal
1,390.0,43,0.7641055994881598,0.9425550681740681,0.0125,21.22,0.4875,15.295205818199905,31.0,80,39,1,2,0,normal
1,390.0,44,0.790087535609249,0.9750739836005851,0.0,13.53,0.759493670886076,14.529428353094225,12.0,79,60,0,3,0,normal
1,390.0,45,0.8251643604451762,0.5718739374081047,0.5517241379310345,0.0,0.4482758620689655,21.226603976112184,24.0,58,26,32,3,1,greyhole
1,390.0,46,0.7256706680804538,0.6113106901090413,0.09210526315789473,8.87,0.9078947368421053,4.419252084712976,36.0,152,138,14,8,1,wormhole
1,390.0,47,0.8819186338181084,0.9477191038123884,0.030927835051546393,10.95,0.9690721649484536,15.310568732181713,29.0,97,94,3,5,0,normal
1,390.0,48,0.8355542628396435,0.9543137239216811,0.007246376811594203,9.84,0.427536231884058,18.650905421777967,17.0,138,59,1,3,0,normal
1,390.0,49,0.7557435763980646,0.9663196915759772,0.015151515151515152,0.0,0.696969696969697,15.365778088237342,24.0,66,46,1,4,0,normal
1,390.0,50,0.7637264359448686,0.9972818544900445,0.0,0.0,1.0,15.0,12.0,0,0,0,0,0,normal
1,390.0,51,0.8487740270848212,0.9874470701089036,0.01020408163265306,0.0,0.3979591836734694,15.309613973133754,7.0,98,39,1,2,0,normal
1,390.0,52,0.7996825647675239,0.9644613664479713,0.017857142857142856,6.81,0.5178571428571429,19.487875172713803,23.0,112,58,2,3,0,normal
1,390.0,53,0.8635348119421937,0.9636683369326404,0.02,11.58,0.8533333333333334,17.75885802770433,17.0,150,128,3,7,0,normal
1,390.0,54,0.8659421071133787,0.971781044181185,0.0,0.0,0.8425925925925926,14.895751351948425,15.0,108,91,0,5,0,normal
1,390.0,55,0.7481574397047863,1.0,0.0,15.07,0.4316546762589928,20.39262244039754,20.0,139,60,0,3,0,normal
1,390.0,56,0.7549309590256398,0.9736921191994659,0.0,19.19,0.3389830508474576,21.006358662961336,21.0,59,20,0,1,0,normal
1,390.0,57,0.7615858312682973,0.9538113492302168,0.02,7.54,0.6,18.931606210421144,10.0,100,60,2,5,0,normal
1,390.0,58,0.799784266297955,0.9496248103528517,0.017241379310344827,13.18,0.6637931034482759,16.343856015811834,25.0,116,77,2,4,0,normal
1,390.0,59,0.7273073020329008,0.9780131146826267,0.0,23.07,0.5633802816901409,18.317788965469084,4.0,71,40,0,2,0,normal
1,390.0,60,0.7732570463284945,0.9524570553287219,0.0375,0.0,0.7125,16.46087286084855,28.0,80,57,3,3,0,normal
1,390.0,61,0.7954679833581179,0.9713933557934629,0.021052631578947368,9.64,0.4,18.234096074302634,10.0,95,38,2,2,0,normal
1,390.0,62,0.7530144509524463,0.9300061287563791,0.03007518796992481,7.27,0.6766917293233082,17.291407435994866,16.0,133,90,4,5,0,normal
1,390.0,63,0.8167878170413473,0.8125086610636714,0.25333333333333335,13.0,0.013333333333333334,33.80934788895587,7.0,75,1,19,1,1,blackhole
1,390.0,64,0.8237321982930453,0.736428725341453,0.3181818181818182,11.21,0.45454545454545453,22.0300437534727,29.0,88,40,28,4,1,greyhole
1,390.0,65,0.9080132437736737,0.9542459338551128,0.009900990099009901,21.07,0.594059405940594,14.86574943448563,30.0,101,60,1,4,0,normal
1,390.0,66,0.7880912274519023,1.0,0.0,6.64,0.3508771929824561,17.70570492105282,12.0,57,20,0,1,0,normal
1,390.0,67,0.7703596890650279,0.9613476385289794,0.0379746835443038,8.3,0.7215189873417721,20.18858666727615,33.0,79,57,3,3,0,normal
1,390.0,68,0.7638578972745524,1.0,0.0,22.87,1.0,14.86059195987049,24.0,36,36,0,2,0,normal
1,390.0,69,0.8401456303798227,0.9466209960829632,0.0,8.95,0.3508771929824561,16.417754602458025,24.0,57,20,0,1,0,normal
1,390.0,70,0.8039097376524044,0.9743373109705382,0.0,18.78,0.5263157894736842,16.231814873527096,20.0,38,20,0,1,0,normal
1,390.0,71,0.7587155411401613,0.9926059496499865,0.0,14.7,1.0,15.0,27.0,0,0,0,0,0,normal
1,390.0,72,0.8409695985147576,1.0,0.0,16.39,0.7407407407407407,24.23880322901016,31.0,27,20,0,1,0,normal
1,390.0,73,0.8209671222670685,0.9633666810760384,0.008333333333333333,23.56,0.9916666666666667,15.653800786597602,18.0,120,119,1,6,0,normal
1,390.0,74,0.7974030418835723,0.9924536992494758,0.0,5.27,1.0,10.279392731714358,16.0,20,20,0,1,0,normal
1,390.0,75,0.7819530226048828,0.6647726859817312,0.07608695652173914,7.46,0.5760869565217391,5.575284701381025,14.0,92,53,7,3,1,wormhole
1,390.0,76,0.7785521480624827,0.9775964551984635,0.0,22.8,0.759493670886076,15.318683189733179,32.0,79,60,0,3,0,normal
1,390.0,77,0.8276906431956945,0.9376507376568289,0.01020408163265306,17.46,0.6020408163265306,18.340300447740507,25.0,98,59,1,3,0,normal
1,390.0,78,0.7774908379608249,0.9986490925856556,0.025,9.27,0.475,15.213441878591071,15.0,40,19,1,1,0,normal
1,390.0,79,0.8022027184048333,0.9295881931400282,0.075,15.32,0.925,14.910052858284024,17.0,40,37,3,2,0,normal
1,390.0,80,0.8650420818838593,1.0,0.008620689655172414,20.64,0.646551724137931,17.213871243403087,35.0,116,75,1,4,0,normal
1,390.0,81,0.8373142818777262,1.0,0.0,8.76,0.29411764705882354,23.86315351326241,17.0,68,20,0,1,0,normal
1,390.0,82,0.7543295307619294,1.0,0.0,8.18,0.3333333333333333,23.309183550644704,23.0,60,20,0,1,0,normal
1,390.0,83,0.8445753878247699,0.9848163738988296,0.05,10.01,0.95,15.948443379776974,23.0,20,19,1,1,0,normal
1,390.0,84,0.7775926737246616,0.9940979221268451,0.0,23.7,0.01818181818181818,13.563739366805754,35.0,55,1,0,1,0,normal
1,390.0,85,0.7857342030869443,0.6389783643552409,0.05555555555555555,7.97,0.8015873015873016,3.8009575727662592,18.0,126,101,7,6,1,wormhole
1,390.0,86,0.8005379530255474,1.0,0.0,0.0,0.5,9.026885935876042,13.0,40,20,0,1,0,normal
1,390.0,87,0.836417678681979,1.0,0.0,22.16,0.1941747572815534,8.575868470455328,15.0,103,20,0,1,0,normal
1,390.0,88,0.7511776183949319,0.9714044123990275,0.025,0.0,0.475,20.34250291805612,17.0,40,19,1,1,0,normal
1,390.0,89,0.7815737942131475,1.0,0.0,6.8,0.8125,14.639009344921858,30.0,48,39,0,2,0,normal
1,390.0,90,0.8028388134421656,0.9488907266633435,0.012987012987012988,0.0,0.5064935064935064,16.086300073418197,14.0,77,39,1,2,0,normal
1,390.0,91,0.8121358873666745,0.9720239010677034,0.0,24.34,0.7017543859649122,16.388725417092598,32.0,57,40,0,2,0,normal
1,390.0,92,0.7771353631910867,1.0,0.0,0.0,0.25,16.821681735902096,6.0,80,20,0,1,0,normal
1,390.0,93,0.8270282468900013,1.0,0.0,12.13,0.0,15.0,16.0,38,0,0,0,0,normal
1,390.0,94,0.8799050306166505,0.996767919882752,0.0,0.0,0.0,15.0,28.0,66,0,0,0,0,normal
1,390.0,95,0.848926552081651,1.0,0.0,24.56,0.0,15.0,33.0,39,0,0,0,0,normal
1,390.0,96,0.8937464267328846,0.9622976021947273,0.017241379310344827,8.26,0.3275862068965517,13.124555528402455,8.0,58,19,1,1,0,normal
1,390.0,97,0.7902444208077427,0.9926555040085525,0.0,5.43,1.0,12.091708678657351,8.0,20,20,0,1,0,normal
1,390.0,98,0.7705163529040029,0.9969714700427138,0.016666666666666666,17.19,0.9833333333333333,15.24406277912883,25.0,60,59,1,3,0,normal
1,390.0,99,0.780764327709456,0.9608366356474889,0.0,9.25,0.5128205128205128,13.212033413517949,16.0,39,20,0,1,0,normal
1,400.0,0,0.4471452839414674,0.6447956477016031,0.4666666666666667,0.0,0.5333333333333333,28.8103478060372,9.0,120,64,56,6,1,greyhole
1,400.0,1,0.5095838793705748,0.899365620128555,0.030303030303030304,22.07,0.8888888888888888,16.311561489881903,25.0,198,176,6,10,0,normal
1,400.0,2,0.47622907501873685,0.8442236952670457,0.028708133971291867,9.55,0.9712918660287081,15.44184719344053,28.0,209,203,6,12,0,normal
1,400.0,3,0.6029406760931424,0.9707516470864221,0.0,0.0,0.8006993006993007,16.4034028616233,28.0,286,229,0,12,0,normal
1,400.0,4,0.6161178986600895,0.9050823262447165,0.01984126984126984,18.6,0.753968253968254,16.24483925646115,23.0,252,190,5,11,0,normal
1,400.0,5,0.680314436906372,0.9659635815675096,0.0,13.71,0.5263157894736842,20.46372137757506,19.0,38,20,0,1,0,normal
1,400.0,6,0.5044991968477868,1.0,0.0,0.0,0.0,15.0,14.0,12,0,0,0,0,normal
1,400.0,7,0.7446886484388496,0.9352200440344732,0.012244897959183673,14.06,0.8693877551020408,15.51627261031451,22.0,245,213,3,12,0,normal
1,400.0,8,0.6571370593058747,0.9492019795805444,0.010050251256281407,9.8,0.7889447236180904,17.423471955419863,27.0,199,157,2,8,0,normal
1,400.0,9,0.7823293078354792,0.4959318806483798,0.5934065934065934,0.0,0.054945054945054944,35.01314820910192,8.0,91,5,54,3,1,blackhole
1,400.0,10,0.6865689786536411,0.5935016082506877,0.45394736842105265,8.47,0.5460526315789473,26.686875261523813,23.0,152,83,69,8,1,greyhole
1,400.0,11,0.7557631515879469,1.0,0.0,8.85,0.0,15.0,16.0,46,0,0,0,0,normal
1,400.0,12,0.7346745025773742,0.9497985582345895,0.014388489208633094,0.0,0.7050359712230215,14.869881633558402,24.0,139,98,2,5,0,normal
1,400.0,13,0.6344072276639783,0.5353125542324642,0.1263537906137184,24.23,0.6570397111913358,4.046484409822,29.0,277,182,35,14,1,wormhole
1,400.0,14,0.7343441409024438,0.9613467401312014,0.025,0.0,0.975,15.719849458774782,7.0,40,39,1,2,0,normal
1,400.0,15,0.656701178957079,0.9719237549012372,0.0078125,19.82,0.3203125,18.756487511448203,15.0,128,41,1,3,0,normal
1,400.0,16,0.6921418932720289,0.9581840156751197,0.011428571428571429,5.81,0.7828571428571428,17.353193445764784,29.0,175,137,2,7,0,normal
1,400.0,17,0.7757117032964642,0.9822079782019988,0.0,13.17,1.0,13.533566043516398,28.0,40,40,0,2,0,normal
1,400.0,18,0.7548221799862896,0.9956141598799575,0.008,9.36,0.52,17.9308116110353,19.0,125,65,1,4,0,normal
1,400.0,19,0.7936524182129165,0.9683866792041038,0.0,20.86,0.6779661016949152,18.913557400367495,26.0,59,40,0,2,0,normal
1,400.0,20,0.7480320589801397,0.9955627577819589,0.017543859649122806,5.47,0.9824561403508771,13.373989676666575,22.0,57,56,1,3,0,normal
1,400.0,21,0.7581607183615486,0.9840812362275299,0.0,5.87,0.0,15.0,16.0,1,0,0,0,0,normal
1,400.0,22,0.7184721487944568,0.9291474125775847,0.017142857142857144,6.0,0.8685714285714285,16.925970540289065,24.0,175,152,3,9,0,normal
1,400.0,23,0.810654540617078,0.9883367087497763,0.008771929824561403,11.38,0.868421052631579,13.259776483616758,32.0,114,99,1,5,0,normal
1,400.0,24,0.8003610346299403,1.0,0.0,5.77,1.0,15.190025109612089,26.0,20,20,0,1,0,normal
1,400.0,25,0.782326722346194,0.9354791298296068,0.03,9.27,0.97,15.500263619573008,26.0,100,97,3,5,0,normal
1,400.0,26,0.8483333273504402,0.9589473304978758,0.02040816326530612,22.36,0.5918367346938775,12.977862904032923,17.0,98,58,2,3,0,normal
1,400.0,27,0.7183141792155698,0.992635841170623,0.0,21.18,0.3333333333333333,22.49976994914666,18.0,60,20,0,1,0,normal
1,400.0,28,0.7422186646303703,0.9160416128671561,0.125,0.0,0.875,17.728584037537217,7.0,40,35,5,2,0,normal
1,400.0,29,0.757230848919404,0.5741028173009461,0.5757575757575758,5.97,0.030303030303030304,41.33934089023125,15.0,33,1,19,1,1,blackhole
1,400.0,30,0.7019445902881446,0.9932469686276242,0.0,21.49,0.25316455696202533,18.238007928419783,23.0,79,20,0,1,0,normal
1,400.0,31,0.793294946387477,0.9926396629670355,0.0,5.03,1.0,15.2699644149419,13.0,80,80,0,4,0,normal
1,400.0,32,0.7455675988862343,0.9427148060165274,0.017241379310344827,17.58,0.3275862068965517,21.696131623708453,27.0,58,19,1,1,0,normal
1,400.0,33,0.6948873687914908,0.9914777205905223,0.0,20.39,0.0,15.0,15.0,39,0,0,0,0,normal
1,400.0,34,0.8567109453608996,0.9825303725184399,0.0,6.14,0.5128205128205128,18.67080021780793,31.0,78,40,0,2,0,normal
1,400.0,35,0.7768320367447759,0.27450304938789183,0.9047619047619048,0.0,0.047619047619047616,30.498913838468994,5.0,21,1,19,1,1,blackhole
1,400.0,36,0.7918671531430022,0.9693012198109321,0.01,8.85,0.99,15.854223998246695,27.0,100,99,1,5,0,normal
1,400.0,37,0.7389326494717797,0.9417844095982463,0.03896103896103896,6.92,0.7402597402597403,12.245882729097522,22.0,77,57,3,3,0,normal
1,400.0,38,0.7209713551630245,0.9602266553534947,0.016666666666666666,8.63,0.9833333333333333,16.043950865092125,26.0,60,59,1,3,0,normal
1,400.0,39,0.7276590103956243,0.9803963414931322,0.0,0.0,0.6779661016949152,17.33579874918653,15.0,59,40,0,2,0,normal
1,400.0,40,0.7475297677047885,1.0,0.0,6.09,0.22727272727272727,18.689723350848254,12.0,88,20,0,1,0,normal
1,400.0,41,0.8411834651190704,0.9649879545094775,0.0,6.93,0.0,15.0,30.0,19,0,0,0,0,normal
1,400.0,42,0.85228524153778,0.9732509471629138,0.029850746268656716,21.99,0.8208955223880597,19.736955689459204,23.0,134,110,4,6,0,normal
1,400.0,43,0.7629455994881598,1.0,0.0,21.22,0.5263157894736842,10.368881002853154,21.0,38,20,0,1,0,normal
1,400.0,44,0.7873275356092491,0.9565763575977159,0.01694915254237288,13.53,0.6610169491525424,16.137294187287214,25.0,59,39,1,2,0,normal
1,400.0,45,0.8210843604451762,0.6574839432888232,0.45,5.61,0.55,27.989229936009075,26.0,80,44,36,4,1,greyhole
1,400.0,46,0.7141306680804538,0.5554300351401554,0.13087248322147652,0.0,0.802013422818792,4.060429117055091,25.0,298,239,39,15,1,wormhole
1,400.0,47,0.8780186338181084,0.9855382209474274,0.00847457627118644,10.95,0.4830508474576271,15.884567803921069,23.0,118,57,1,4,0,normal
1,400.0,48,0.8312142628396435,0.9711579242336852,0.0,9.84,0.6185567010309279,19.988863522536672,12.0,97,60,0,3,0,normal
1,400.0,49,0.7522035763980646,0.9593561836846095,0.05,19.94,0.95,11.761659337199509,25.0,60,57,3,3,0,normal
1,400.0,50,0.7618264359448687,0.9419820512965067,0.02631578947368421,22.16,0.9736842105263158,13.501445451272364,29.0,38,37,1,2,0,normal
1,400.0,51,0.8470540270848212,0.9504970324262104,0.0,6.49,1.0,19.685300269692043,9.0,33,33,0,2,0,normal
1,400.0,52,0.7969625647675239,0.9612111027283636,0.05084745762711865,6.81,0.6271186440677966,18.403075475307325,19.0,59,37,3,2,0,normal
1,400.0,53,0.8604948119421937,0.9876808400447615,0.0,11.58,0.5555555555555556,22.010056742110237,15.0,72,40,0,2,0,normal
1,400.0,54,0.8655421071133786,1.0,0.0,17.9,0.0,15.0,15.0,20,0,0,0,0,normal
1,400.0,55,0.7466374397047864,1.0,0.0,15.07,0.5555555555555556,12.602931484268398,22.0,36,20,0,1,0,normal
1,400.0,56,0.7495509590256397,0.9553492555743978,0.023121387283236993,19.19,0.5549132947976878,17.904488032495603,27.0,173,96,4,6,0,normal
1,400.0,57,0.7603858312682973,1.0,0.0,7.54,1.0,24.322271547321932,18.0,20,20,0,1,0,normal
1,400.0,58,0.797144266297955,0.9953403105199764,0.0,13.18,0.7692307692307693,16.726031572162903,23.0,52,40,0,2,0,normal
1,400.0,59,0.7257273020329009,0.984006989768302,0.025,0.0,0.475,11.729884943141307,6.0,40,19,1,1,0,normal
1,400.0,60,0.7673570463284944,0.9471343253582248,0.01694915254237288,18.91,0.8220338983050848,16.881832972797984,30.0,118,97,2,5,0,normal
1,400.0,61,0.7914879833581179,0.9860733782524139,0.0,9.64,0.759493670886076,19.042780170059174,15.0,79,60,0,3,0,normal
1,400.0,62,0.7502544509524464,1.0,0.0,7.27,0.6896551724137931,11.364940031367537,18.0,58,40,0,2,0,normal
1,400.0,63,0.8122678170413472,0.21884793312817283,0.95,13.0,0.05,36.64891440760516,20.0,120,6,114,6,1,blackhole
1,400.0,64,0.8221521982930453,0.743934097743398,0.30357142857142855,0.0,0.4107142857142857,23.239385823784133,25.0,56,23,17,2,1,greyhole
1,400.0,65,0.9080132437736737,0.9749543731382608,0.0,21.07,1.0,15.0,15.0,0,0,0,0,0,normal
1,400.0,66,0.7876912274519023,0.9879931448297654,0.0,6.64,0.0,15.0,16.0,20,0,0,0,0,normal
1,400.0,67,0.765299689065028,0.9567830251702137,0.025423728813559324,8.3,0.8050847457627118,13.705675495266174,26.0,118,95,3,5,0,normal
1,400.0,68,0.7610378972745524,0.9607822452705472,0.0,0.0,0.5494505494505495,16.49500484649035,25.0,91,50,0,3,0,normal
1,400.0,69,0.8393656303798227,1.0,0.0,0.0,0.0,15.0,17.0,39,0,0,0,0,normal
1,400.0,70,0.8012697376524044,0.992445900281782,0.0,18.78,0.7692307692307693,17.4320731530352,14.0,52,40,0,2,0,normal
1,400.0,71,0.7555355411401613,0.9914678137385343,0.016666666666666666,14.7,0.9833333333333333,18.45974418990693,25.0,60,59,1,3,0,normal
1,400.0,72,0.8372695985147577,0.9841300313719418,0.010752688172043012,16.39,0.5591397849462365,16.11480726844417,28.0,93,52,1,3,0,normal
1,400.0,73,0.8173671222670685,1.0,0.0,23.56,1.0,13.664738077799754,4.0,60,60,0,3,0,normal
1,400.0,74,0.7922430418835722,0.9247017691541372,0.015384615384615385,5.27,0.8307692307692308,19.039691859996772,22.0,130,108,2,8,0,normal
1,400.0,75,0.7804730226048828,0.706169176096005,0.05084745762711865,0.0,0.2542372881355932,4.967838780648459,8.0,59,15,3,2,1,wormhole
1,400.0,76,0.7731121480624827,0.938032554197522,0.029411764705882353,0.0,0.7058823529411765,19.37156503421274,27.0,136,96,4,5,0,normal
1,400.0,77,0.8233106431956946,0.9659397915614394,0.01,17.46,0.59,19.825016973879983,15.0,100,59,1,3,0,normal
1,400.0,78,0.7757908379608248,0.9901696814477637,0.0,0.0,0.4444444444444444,15.269265120197817,16.0,45,20,0,1,0,normal
1,400.0,79,0.8006027184048332,0.9823723277405264,0.0,0.0,0.5,9.753640234982308,15.0,40,20,0,1,0,normal
1,400.0,80,0.8631020818838593,1.0,0.0,20.64,0.0,15.0,20.0,97,0,0,0,0,normal
1,400.0,81,0.8342742818777262,1.0,0.0,8.76,0.8082191780821918,19.068690836618508,14.0,73,59,0,3,0,normal
1,400.0,82,0.7539495307619294,1.0,0.0,0.0,0.0,15.0,20.0,19,0,0,0,0,normal
1,400.0,83,0.84217538782477,0.9831856810812817,0.0,10.01,1.0,23.293648269373705,18.0,40,40,0,2,0,normal
1,400.0,84,0.7736526737246616,0.9811537234608462,0.00847457627118644,0.0,0.3305084745762712,15.528080315752462,25.0,118,39,1,2,0,normal
1,400.0,85,0.7815142030869442,0.6247728855914259,0.07692307692307693,7.97,0.6324786324786325,3.902982250342204,29.0,117,74,9,5,1,wormhole
1,400.0,86,0.7979579530255474,0.9672397189820789,0.02,14.91,0.78,20.774842027768972,11.0,50,39,1,2,0,normal
1,400.0,87,0.836077678681979,1.0,0.0,0.0,0.0,15.0,8.0,17,0,0,0,0,normal
1,400.0,88,0.7476776183949319,1.0,0.0,19.98,0.6265060240963856,20.336453390831874,18.0,83,52,0,3,0,normal
1,400.0,89,0.7803937942131476,0.9107725019578046,0.05,6.8,0.95,9.894602861466995,26.0,20,19,1,1,0,normal
1,400.0,90,0.8000388134421655,1.0,0.0,18.7,0.6666666666666666,12.256697225920128,11.0,60,40,0,2,0,normal
1,400.0,91,0.8107158873666745,0.9728271528450485,0.0,0.0,0.6451612903225806,13.645028522183065,20.0,31,20,0,1,0,normal
1,400.0,92,0.7727753631910868,0.9599695397678495,0.010101010101010102,19.14,0.5959595959595959,19.159169692498818,19.0,99,59,1,3,0,normal
1,400.0,93,0.8242282468900013,0.9658056543143976,0.0,12.13,0.6666666666666666,18.025392919106064,24.0,60,40,0,2,0,normal
1,400.0,94,0.8768050306166505,0.9957273606576914,0.013157894736842105,22.35,0.5131578947368421,17.95289200884428,26.0,76,39,1,2,0,normal
1,400.0,95,0.844946552081651,0.9572381012912135,0.0,24.56,0.33613445378151263,22.08130390753314,26.0,119,40,0,2,0,normal
1,400.0,96,0.8917864267328847,0.9908182729897193,0.0,8.26,0.3448275862068966,19.09974169823223,11.0,58,20,0,1,0,normal
1,400.0,97,0.7902444208077427,0.9800263425826146,0.0,5.43,1.0,15.0,8.0,0,0,0,0,0,normal
1,400.0,98,0.7690163529040029,0.9953116317386981,0.0,17.19,0.5714285714285714,25.202996410342312,28.0,35,20,0,1,0,normal
1,400.0,99,0.777184327709456,0.9394748775976779,0.019801980198019802,9.25,0.37623762376237624,21.699537873568747,22.0,101,38,2,2,0,normal
1,410.0,0,0.4439652839414674,0.7479982852891485,0.275,10.65,0.4875,25.94396519732416,8.0,80,39,22,4,1,greyhole
1,410.0,1,0.49800387937057483,0.8383328387928138,0.030612244897959183,0.0,0.9013605442176871,17.1874642461466,25.0,294,265,9,16,0,normal
1,410.0,2,0.46234907501873684,0.9095995317367017,0.030120481927710843,9.55,0.9698795180722891,18.120154366358438,29.0,332,322,10,17,0,normal
1,410.0,3,0.5949806760931424,0.9009142782319616,0.020942408376963352,20.97,0.9790575916230366,15.772530888771856,33.0,191,187,4,11,0,normal
1,410.0,4,0.6114378986600895,0.9344392073034938,0.029411764705882353,18.6,0.7205882352941176,15.101007154000266,17.0,136,98,4,6,0,normal
1,410.0,5,0.6792144369063722,0.9877923683766845,0.0,13.71,0.0,15.0,12.0,55,0,0,0,0,normal
1,410.0,6,0.5020391968477868,0.9313426044031343,0.02564102564102564,7.54,0.5769230769230769,16.830654397216485,15.0,78,45,2,3,0,normal
1,410.0,7,0.7336686484388496,0.9052383835106963,0.0036363636363636364,14.06,0.9309090909090909,16.473782194036513,25.0,275,256,1,13,0,normal
1,410.0,8,0.6433570593058747,0.8708527712604904,0.01639344262295082,9.8,0.9311475409836065,15.962813303176707,23.0,305,284,5,16,0,normal
1,410.0,9,0.7815293078354792,0.21198389321314853,1.0,19.29,0.0,32.5654209688608,9.0,20,0,20,1,1,blackhole
1,410.0,10,0.6858489786536411,0.9705482830389177,0.0,8.47,0.0,15.0,24.0,36,0,0,0,1,greyhole
1,410.0,11,0.754563151587947,1.0,0.0,8.85,1.0,18.62872291928457,9.0,20,20,0,1,0,normal
1,410.0,12,0.7281345025773742,0.9351226243995767,0.006535947712418301,11.2,0.8758169934640523,16.46656259504797,26.0,153,134,1,7,0,normal
1,410.0,13,0.6239472276639783,0.5713004697880774,0.10847457627118644,24.23,0.7050847457627119,3.847079038155625,31.0,295,208,32,13,1,wormhole
1,410.0,14,0.7324241409024438,0.9586370452461804,0.017543859649122806,15.02,0.3333333333333333,19.091128896478587,11.0,57,19,1,1,0,normal
1,410.0,15,0.6505611789570791,0.9350819462557675,0.014184397163120567,19.82,0.8936170212765957,17.359883322806986,25.0,141,126,2,7,0,normal
1,410.0,16,0.6902618932720288,1.0,0.0,5.81,0.6491228070175439,18.474872637699754,32.0,57,37,0,2,0,normal
1,410.0,17,0.7741317032964642,0.9687583152799514,0.025,13.17,0.475,12.4165463167043,16.0,40,19,1,1,0,normal
1,410.0,18,0.7492221799862897,0.9388039635243558,0.0,9.36,0.7333333333333333,19.56829330244852,13.0,150,110,0,6,0,normal
1,410.0,19,0.7812924182129165,0.8574279516848735,0.003236245954692557,20.86,0.9352750809061489,16.57076146684901,34.0,309,289,1,15,0,normal
1,410.0,20,0.7472320589801398,0.9862617260629029,0.0,5.47,0.0,15.0,25.0,40,0,0,0,0,normal
1,410.0,21,0.7549807183615487,0.9759975591530101,0.0,5.87,0.5063291139240507,15.837195115437694,10.0,79,40,0,2,0,normal
1,410.0,22,0.7087521487944568,0.935126118198962,0.01702127659574468,6.0,0.8127659574468085,18.231784435125448,23.0,235,191,4,11,0,normal
1,410.0,23,0.8082945406170781,1.0,0.0,11.38,0.2564102564102564,12.320829777387614,30.0,78,20,0,1,0,normal
1,410.0,24,0.7944610346299403,0.9573331750624551,0.01694915254237288,5.77,0.8220338983050848,16.653100784623508,21.0,118,97,2,5,0,normal
1,410.0,25,0.7788467223461941,0.9515471965884671,0.02631578947368421,0.0,0.7631578947368421,21.63459427249083,21.0,76,58,2,3,0,normal
1,410.0,26,0.8468933273504402,0.9437913249913437,0.0,22.36,0.625,18.660790244164858,11.0,32,20,0,1,0,normal
1,410.0,27,0.7148141792155698,1.0,0.0,21.18,0.6145833333333334,17.234232181290864,25.0,96,59,0,3,0,normal
1,410.0,28,0.7387386646303703,0.9356521362880845,0.012987012987012988,23.78,0.7402597402597403,16.054830728788243,12.0,77,57,1,3,0,normal
1,410.0,29,0.7530908489194039,0.3231653756341558,0.83125,5.97,0.04375,35.60983374457696,15.0,160,7,133,7,1,blackhole
1,410.0,30,0.6969845902881446,0.9660843655657962,0.024,21.49,0.824,18.09979776316717,36.0,125,103,3,6,0,normal
1,410.0,31,0.791374946387477,0.9760666912981825,0.0,5.03,0.24675324675324675,13.96407024639216,9.0,77,19,0,1,0,normal
1,410.0,32,0.7424875988862343,1.0,0.008695652173913044,17.58,0.16521739130434782,14.095528991040265,21.0,115,19,1,1,0,normal
1,410.0,33,0.6936873687914908,1.0,0.0,0.0,1.0,12.47482865190389,7.0,20,20,0,1,0,normal
1,410.0,34,0.8526709453608996,0.979576086745701,0.009433962264150943,6.14,0.7169811320754716,18.700562685686904,32.0,106,76,1,4,0,normal
1,410.0,35,0.7752520367447758,0.8055117871685178,0.24358974358974358,25.0,0.01282051282051282,40.02275597223897,13.0,78,1,19,1,1,blackhole
1,410.0,36,0.7855471531430022,1.0,0.0,8.85,0.855072463768116,15.20821474635541,23.0,138,118,0,6,0,normal
1,410.0,37,0.7351926494717798,0.953726650973546,0.009009009009009009,6.92,0.5045045045045045,13.39135520747872,20.0,111,56,1,3,0,normal
1,410.0,38,0.7166513551630245,0.9338666502344528,0.02040816326530612,8.63,0.7959183673469388,14.46514845439242,32.0,98,78,2,4,0,normal
1,410.0,39,0.7241790103956243,1.0,0.020833333333333332,13.94,0.3958333333333333,17.25038762611012,11.0,96,38,2,2,0,normal
1,410.0,40,0.7455497677047885,0.9760638280030867,0.016666666666666666,6.09,0.31666666666666665,9.052020584688625,13.0,60,19,1,1,0,normal
1,410.0,41,0.8377634651190703,0.9424405235413041,0.012987012987012988,6.93,0.961038961038961,14.81482852559757,34.0,77,74,1,4,0,normal
1,410.0,42,0.84998524153778,0.9925970651606867,0.017241379310344827,21.99,0.9827586206896551,22.191436613288705,29.0,58,57,1,3,0,normal
1,410.0,43,0.7593455994881597,0.9971975390324574,0.01639344262295082,21.22,0.9672131147540983,19.72350408859446,13.0,61,59,1,3,0,normal
1,410.0,44,0.786127535609249,1.0,0.0,13.53,1.0,22.37265008395964,30.0,20,20,0,1,0,normal
1,410.0,45,0.8156843604451762,0.618583231888662,0.4166666666666667,5.61,0.4166666666666667,25.9720149248656,26.0,120,50,50,5,1,greyhole
1,410.0,46,0.7101306680804538,0.7080587291473729,0.10752688172043011,17.81,0.7204301075268817,3.623381655820968,32.0,93,67,10,4,1,wormhole
1,410.0,47,0.8756186338181084,1.0,0.0,10.95,1.0,21.69372987145377,9.0,40,40,0,2,0,normal
1,410.0,48,0.8271142628396435,0.9589400569105458,0.03409090909090909,0.0,0.6477272727272727,18.53807420158925,10.0,88,57,3,3,0,normal
1,410.0,49,0.7487635763980646,0.9412520424559904,0.020833333333333332,19.94,0.5833333333333334,15.145491341206247,25.0,96,56,2,3,0,normal
1,410.0,50,0.7618264359448687,0.9813166011411482,0.0,0.0,1.0,15.0,33.0,0,0,0,0,0,normal
1,410.0,51,0.8438340270848212,1.0,0.0,6.49,0.41,16.99742543121854,13.0,100,41,0,3,0,normal
1,410.0,52,0.7945825647675239,0.9951646428830805,0.025,6.81,0.975,16.48535278559482,15.0,40,39,1,2,0,normal
1,410.0,53,0.8578148119421937,0.9127072225687304,0.034482758620689655,11.58,0.9655172413793104,18.555550483122634,16.0,58,56,2,3,0,normal
1,410.0,54,0.8639621071133787,1.0,0.0,17.9,0.5128205128205128,24.38455685417544,16.0,39,20,0,1,0,normal
1,410.0,55,0.7434774397047863,0.9819884840518586,0.0,0.0,0.5128205128205128,13.69507589250337,19.0,78,40,0,2,0,normal
1,410.0,56,0.7471509590256398,0.998166865310927,0.0,19.19,1.0,18.904690707447504,30.0,40,40,0,2,0,normal
1,410.0,57,0.7584458312682973,0.9816006902635404,0.0,7.54,0.6724137931034483,18.650535934181107,21.0,58,39,0,2,0,normal
1,410.0,58,0.7947642662979549,0.9423539333703005,0.0,0.0,0.6779661016949152,10.341300635394466,21.0,59,40,0,2,0,normal
1,410.0,59,0.723327302032901,1.0,0.0,22.2,1.0,11.808645976953228,9.0,40,40,0,2,0,normal
1,410.0,60,0.7662770463284945,0.9491463659684942,0.02857142857142857,18.91,0.5428571428571428,11.035899351975779,16.0,35,19,1,1,0,normal
1,410.0,61,0.7875279833581179,0.9660627677889969,0.025,9.64,0.725,11.14131851780752,23.0,80,58,2,3,0,normal
1,410.0,62,0.7467344509524464,0.9567510414368663,0.0,7.27,0.4166666666666667,18.386518283286893,10.0,96,40,0,2,0,normal
1,410.0,63,0.8122678170413472,1.0,0.0,13.0,1.0,15.0,27.0,0,0,0,0,1,blackhole
1,410.0,64,0.8202921982930453,0.9150653803674785,0.11666666666666667,8.36,0.21666666666666667,28.13711713235538,29.0,60,13,7,1,1,greyhole
1,410.0,65,0.9028132437736736,1.0,0.0,21.07,0.6666666666666666,14.699779304175951,6.0,120,80,0,4,0,normal
1,410.0,66,0.7864912274519024,0.995089787326217,0.0,6.64,1.0,16.834817148495596,11.0,20,20,0,1,0,normal
1,410.0,67,0.759719689065028,0.9774549254066912,0.0,8.3,0.5642857142857143,18.696385273264116,27.0,140,79,0,4,0,normal
1,410.0,68,0.7583378972745524,0.9842876196557032,0.017241379310344827,8.65,0.9827586206896551,15.119519374619118,33.0,58,57,1,3,0,normal
1,410.0,69,0.8354856303798226,0.9777055294664152,0.0,6.0,0.7938144329896907,17.03828584113707,19.0,97,77,0,4,0,normal
1,410.0,70,0.7985297376524043,1.0,0.0,0.0,0.7017543859649122,9.097980093520974,5.0,57,40,0,2,0,normal
1,410.0,71,0.7520555411401613,0.9596101360916189,0.010526315789473684,14.7,0.4105263157894737,17.486081313090228,29.0,95,39,1,2,0,normal
1,410.0,72,0.8357095985147577,1.0,0.02564102564102564,16.39,0.48717948717948717,25.05807128952773,27.0,39,19,1,1,0,normal
1,410.0,73,0.8157871222670685,0.9683694298402435,0.0,0.0,0.5128205128205128,24.054370201064614,2.0,39,20,0,1,0,normal
1,410.0,74,0.7894030418835722,1.0,0.0,5.27,0.6451612903225806,12.81628556666416,23.0,62,40,0,2,0,normal
1,410.0,75,0.7746330226048828,0.610023902800259,0.15753424657534246,8.58,0.726027397260274,4.030129064046432,10.0,146,106,23,7,1,wormhole
1,410.0,76,0.7699321480624827,0.9633481217483535,0.0,7.0,0.5063291139240507,17.096404587732124,26.0,79,40,0,2,0,normal
1,410.0,77,0.8193506431956945,0.9707657560775684,0.0,0.0,0.3389830508474576,19.032752776514183,12.0,118,40,0,2,0,normal
1,410.0,78,0.7734708379608248,1.0,0.0,24.85,0.2631578947368421,12.828313165090387,26.0,76,20,0,1,0,normal
1,410.0,79,0.7975027184048332,0.9834946466699576,0.025974025974025976,11.75,0.4935064935064935,14.401990920264387,20.0,77,38,2,2,0,normal
1,410.0,80,0.8573820818838593,0.9185144587782011,0.05357142857142857,20.64,0.8392857142857143,20.251830784068183,10.0,112,94,6,5,0,normal
1,410.0,81,0.8315142818777261,0.9886728021560361,0.03333333333333333,0.0,0.6333333333333333,16.943005938837153,10.0,60,38,2,2,0,normal
1,410.0,82,0.7474095307619294,0.9555324051712036,0.0078125,5.32,0.7734375,18.72233094424165,13.0,128,99,1,5,0,normal
1,410.0,83,0.84181538782477,1.0,0.0,10.01,0.0,15.0,14.0,18,0,0,0,0,normal
1,410.0,84,0.7704526737246615,1.0,0.0,20.03,1.0,16.768575504818653,27.0,60,60,0,3,0,normal
1,410.0,85,0.7800342030869443,0.6809311311956332,0.05263157894736842,7.97,0.2982456140350877,4.1485660908311335,31.0,57,17,3,1,1,wormhole
1,410.0,86,0.7931979530255474,0.9736153371745675,0.0,14.91,0.6779661016949152,14.023242058387103,16.0,118,80,0,4,0,normal
1,410.0,87,0.8325576786819789,0.9341691825240621,0.06666666666666667,16.1,0.9333333333333333,11.39481124205625,12.0,60,56,4,3,0,normal
1,410.0,88,0.7443776183949319,0.969045716955364,0.01098901098901099,19.98,0.5934065934065934,13.371970912264596,27.0,91,54,1,3,0,normal
1,410.0,89,0.7778337942131476,0.9542106094816984,0.014285714285714285,6.8,0.5428571428571428,21.91938337376855,29.0,70,38,1,2,0,normal
1,410.0,90,0.7969788134421656,0.9915698242324915,0.013157894736842105,18.7,0.75,18.90580667488646,26.0,76,57,1,3,0,normal
1,410.0,91,0.8044358873666745,0.9263523376176477,0.005681818181818182,6.39,0.5568181818181818,11.763203149748277,22.0,176,98,1,6,0,normal
1,410.0,92,0.7711753631910867,0.9658607367987979,0.0,0.0,0.5,12.208860858259285,13.0,40,20,0,1,0,normal
1,410.0,93,0.8171482468900013,0.9124236763202923,0.0375,12.13,0.9625,17.703419978044824,26.0,160,154,6,8,0,normal
1,410.0,94,0.8752250306166506,0.9707110146907361,0.025,0.0,0.475,18.182021051528995,25.0,40,19,1,1,0,normal
1,410.0,95,0.842986552081651,1.0,0.0,24.56,0.3448275862068966,23.788069236059677,10.0,58,20,0,1,0,normal
1,410.0,96,0.8898064267328847,0.949547706359289,0.0,8.26,0.3389830508474576,15.50538058584714,11.0,59,20,0,1,0,normal
1,410.0,97,0.7877644208077427,0.9341459114022944,0.06382978723404255,5.43,0.7872340425531915,14.908153105077563,9.0,47,37,3,2,0,normal
1,410.0,98,0.7665363529040029,1.0,0.011764705882352941,17.19,0.2235294117647059,23.882379814460386,23.0,85,19,1,1,0,normal
1,410.0,99,0.774804327709456,0.9609197205305293,0.025,9.25,0.975,16.263681717305122,27.0,40,39,1,2,0,normal
1,420.0,0,0.4326452839414674,0.5325813358071726,0.5117647058823529,10.65,0.48823529411764705,24.356995882598174,20.0,340,166,174,18,1,greyhole
1,420.0,1,0.48752387937057484,0.9167951330490386,0.03076923076923077,22.82,0.9384615384615385,17.1431486439662,27.0,260,244,8,16,0,normal
1,420.0,2,0.4499490750187368,0.8830940434760517,0.01834862385321101,0.0,0.8960244648318043,17.386096935394,34.0,327,293,6,16,0,normal
1,420.0,3,0.5835406760931423,0.92654810677666,0.006993006993006993,20.97,0.8601398601398601,16.913080771498468,20.0,286,246,2,15,0,normal
1,420.0,4,0.6074578986600895,0.9435773984787468,0.0125,0.0,0.9875,15.839949127302875,5.0,80,79,1,4,0,normal
1,420.0,5,0.672854436906372,0.8966934640994726,0.006211180124223602,0.0,0.7267080745341615,13.94058072554187,8.0,161,117,1,6,0,normal
1,420.0,6,0.49139919684778677,0.9357346662702959,0.018726591760299626,7.54,0.9176029962546817,13.140134897338758,20.0,267,245,5,13,0,normal
1,420.0,7,0.7316086484388495,0.954988504513273,0.015625,14.06,0.296875,15.203046059047336,16.0,64,19,1,1,0,normal
1,420.0,8,0.6406170593058746,0.9497282230129923,0.01694915254237288,9.8,0.9830508474576272,16.898881723276624,27.0,59,58,1,5,0,normal
1,420.0,9,0.7791493078354792,0.6221362229426454,0.4935064935064935,19.29,0.025974025974025976,32.04301352546582,18.0,77,2,38,2,1,blackhole
1,420.0,10,0.6740889786536411,0.5422548550788402,0.4735376044568245,8.47,0.5264623955431755,26.441795495630306,29.0,359,189,170,19,1,greyhole
1,420.0,11,0.751423151587947,0.9646375613146363,0.01694915254237288,8.85,0.9830508474576272,14.246608229425185,8.0,59,58,1,3,0,normal
1,420.0,12,0.7222345025773742,0.945380299813453,0.006329113924050633,11.2,0.740506329113924,16.942468009487772,27.0,158,117,1,6,0,normal
1,420.0,13,0.6178872276639783,0.5969622017983511,0.15492957746478872,24.23,0.7112676056338029,4.545509003397966,9.0,142,101,22,7,1,wormhole
1,420.0,14,0.7297241409024438,0.9841145516682498,0.0,15.02,0.7272727272727273,16.891927259442845,19.0,55,40,0,2,0,normal
1,420.0,15,0.6478811789570791,0.9372127907843748,0.06329113924050633,19.82,0.6962025316455697,16.380289573732902,31.0,79,55,5,5,0,normal
1,420.0,16,0.6880618932720288,0.9916501607266184,0.0,5.81,1.0,17.832355167707814,29.0,55,55,0,3,0,normal
1,420.0,17,0.7721517032964642,0.9832789779807405,0.016666666666666666,0.0,0.31666666666666665,15.443185943716324,14.0,60,19,1,1,0,normal
1,420.0,18,0.7448821799862897,0.9649319802719031,0.020202020202020204,9.36,0.5858585858585859,16.977116889972443,15.0,99,58,2,3,0,normal
1,420.0,19,0.7700124182129165,0.9119362462537194,0.016891891891891893,0.0,0.9054054054054054,19.28010598081533,26.0,296,268,5,17,0,normal
1,420.0,20,0.7456320589801397,0.9827327391981434,0.0,5.47,0.5,19.10015595287436,28.0,40,20,0,1,0,normal
1,420.0,21,0.7511207183615486,0.9903489889690809,0.0,5.87,0.821917808219178,14.910123993052451,9.0,73,60,0,3,0,normal
1,420.0,22,0.7070521487944568,0.9901386356538997,0.0,6.0,0.0,15.0,18.0,85,0,0,0,0,normal
1,420.0,23,0.807094540617078,0.9988190729239639,0.0,11.38,1.0,16.49740427123416,20.0,20,20,0,1,0,normal
1,420.0,24,0.7917610346299403,0.9632375111597467,0.05172413793103448,0.0,0.6379310344827587,14.725228799135262,19.0,58,37,3,2,0,normal
1,420.0,25,0.7753867223461941,1.0,0.0,9.71,0.43010752688172044,18.385066182489687,18.0,93,40,0,2,0,normal
1,420.0,26,0.8389733273504403,0.9912800583223832,0.021739130434782608,0.0,0.717391304347826,17.2532395367733,10.0,184,132,4,7,0,normal
1,420.0,27,0.7069141792155698,0.9176360872824154,0.02631578947368421,21.18,0.9736842105263158,12.058388488420002,34.0,190,185,5,11,0,normal
1,420.0,28,0.7360986646303703,0.9148331464748498,0.0,23.78,0.7692307692307693,16.137281389315525,28.0,52,40,0,2,0,normal
1,420.0,29,0.752290848919404,0.6008964224359452,0.5,5.97,0.0,34.46568925521552,7.0,40,0,20,1,1,blackhole
1,420.0,30,0.6931045902881446,0.9732307092496417,0.01639344262295082,0.0,0.5901639344262295,14.620323817082204,20.0,122,72,2,5,0,normal
1,420.0,31,0.790974946387477,1.0,0.0,0.0,0.0,15.0,11.0,20,0,0,0,0,normal
1,420.0,32,0.7381075988862342,0.956951143186537,0.0125,0.0,0.9875,15.894638368743458,14.0,80,79,1,4,0,normal
1,420.0,33,0.6901073687914908,0.9734045239883184,0.016666666666666666,24.77,0.9833333333333333,20.013175324704743,7.0,60,59,1,3,0,normal
1,420.0,34,0.8468509453608997,0.9617946481409959,0.0,0.0,0.7712418300653595,18.710517953763237,31.0,153,118,0,6,0,normal
1,420.0,35,0.7744520367447758,0.8361619219588975,0.1794871794871795,25.0,0.02564102564102564,38.4750100804481,22.0,39,1,7,1,1,blackhole
1,420.0,36,0.7825471531430022,0.9728646006860086,0.0,8.85,1.0,17.039782632691782,15.0,55,55,0,3,0,normal
1,420.0,37,0.7328126494717797,0.9599450839437211,0.025,6.92,0.975,12.07784680305821,16.0,40,39,1,2,0,normal
1,420.0,38,0.7127313551630245,0.9798147131314807,0.0,8.63,1.0,16.835546749269138,28.0,78,78,0,4,0,normal
1,420.0,39,0.7175990103956242,0.951044891531279,0.006896551724137931,13.94,0.993103448275862,14.12245848292559,16.0,145,144,1,8,0,normal
1,420.0,40,0.7443497677047886,1.0,0.0,6.09,1.0,9.812939494166868,17.0,20,20,0,1,0,normal
1,420.0,41,0.8358034651190703,0.956026918067467,0.01694915254237288,6.93,0.3220338983050847,10.139630320086097,30.0,59,19,1,1,0,normal
1,420.0,42,0.84678524153778,0.9470270739890526,0.0,0.0,0.5,18.83710781852313,27.0,80,40,0,2,0,normal
1,420.0,43,0.7556055994881598,0.9705922990191969,0.0,21.22,0.8955223880597015,17.10006990912234,4.0,67,60,0,3,0,normal
1,420.0,44,0.783427535609249,0.9393646366275112,0.06779661016949153,0.0,0.6101694915254238,22.877821458163833,27.0,59,36,4,2,0,normal
1,420.0,45,0.8123043604451762,0.8112058135207549,0.16037735849056603,5.61,0.2169811320754717,22.158264666523447,27.0,106,23,17,2,1,greyhole
1,420.0,46,0.6969906680804538,0.5534719392003009,0.1345565749235474,17.81,0.7033639143730887,4.397983403694698,28.0,327,230,44,17,1,wormhole
1,420.0,47,0.8727386338181085,0.9820116613619827,0.015384615384615385,10.95,0.6,11.637032869069664,5.0,65,39,1,2,0,normal
1,420.0,48,0.8247342628396435,1.0,0.025,6.54,0.975,14.866774037216878,13.0,40,39,1,2,0,normal
1,420.0,49,0.7475635763980646,1.0,0.0,0.0,1.0,9.75249019318813,32.0,20,20,0,1,0,normal
1,420.0,50,0.7602464359448686,1.0,0.0,19.92,0.5128205128205128,21.7322214387577,27.0,39,20,0,1,0,normal
1,420.0,51,0.8410940270848213,0.987862583042159,0.0,6.49,0.20618556701030927,22.369030401803975,13.0,97,20,0,1,0,normal
1,420.0,52,0.7918425647675239,0.9765245830672268,0.017241379310344827,6.81,0.6724137931034483,13.232408679347426,10.0,58,39,1,2,0,normal
1,420.0,53,0.8558948119421936,0.9393825856836124,0.019230769230769232,0.0,0.8461538461538461,17.024054983530892,8.0,52,44,1,3,0,normal
1,420.0,54,0.8621221071133787,1.0,0.0,17.9,0.38461538461538464,9.09971112943635,25.0,52,20,0,1,0,normal
1,420.0,55,0.7423974397047863,1.0,0.0,22.87,0.0,15.0,26.0,54,0,0,0,0,normal
1,420.0,56,0.7424709590256398,0.9845181959165334,0.0,0.0,0.5263157894736842,9.382883763813325,32.0,114,60,0,3,0,normal
1,420.0,57,0.7546258312682973,0.980278710703463,0.0125,7.54,0.8875,17.93031726015284,20.0,80,71,1,5,0,normal
1,420.0,58,0.7895242662979549,0.9767947084519111,0.007936507936507936,12.04,0.7619047619047619,18.515462237121294,22.0,126,96,1,6,0,normal
1,420.0,59,0.7215873020329009,0.9881348899441813,0.0,22.2,0.425531914893617,17.900663008085917,9.0,47,20,0,1,0,normal
1,420.0,60,0.7640570463284945,0.991268351521542,0.0,0.0,0.28169014084507044,17.678403041461678,20.0,71,20,0,1,0,normal
1,420.0,61,0.7848079833581179,0.9604023758439323,0.03389830508474576,9.64,0.9661016949152542,20.133392812949797,27.0,59,57,2,3,0,normal
1,420.0,62,0.7419544509524464,0.9152815653919016,0.0423728813559322,7.27,0.8559322033898306,17.35406991318673,7.0,118,101,5,6,0,normal
1,420.0,63,0.8090278170413473,0.5552510461785393,0.58,0.0,0.02,33.18123186914351,27.0,100,2,58,3,1,blackhole
1,420.0,64,0.8173721982930453,0.5816209290886079,0.49019607843137253,8.36,0.43137254901960786,28.126711681376797,31.0,102,44,50,5,1,greyhole
1,420.0,65,0.9010532437736736,0.9999495839713666,0.02040816326530612,0.0,0.3877551020408163,21.65419257009092,6.0,49,19,1,1,0,normal
1,420.0,66,0.7842712274519024,1.0,0.0,6.64,0.75,16.196889694253425,14.0,52,39,0,2,0,normal
1,420.0,67,0.753839689065028,0.9435755651710311,0.015625,8.3,0.984375,19.00321283469545,28.0,128,126,2,7,0,normal
1,420.0,68,0.7571578972745524,0.9754414480463641,0.025,8.65,0.475,10.714594017031654,36.0,40,19,1,1,0,normal
1,420.0,69,0.8336656303798227,0.9910433967857206,0.019230769230769232,6.0,0.36538461538461536,16.889059645036433,25.0,52,19,1,1,0,normal
1,420.0,70,0.7943697376524044,1.0,0.0,13.27,0.6818181818181818,16.981063383880407,6.0,88,60,0,3,0,normal
1,420.0,71,0.7508955411401613,0.9963041415899907,0.0,14.7,0.0,15.0,30.0,58,0,0,0,0,normal
1,420.0,72,0.8331095985147576,1.0,0.0,16.39,0.8,15.849325730982226,19.0,50,40,0,2,0,normal
1,420.0,73,0.8144671222670685,0.9691502554742069,0.0,6.99,0.7692307692307693,24.930104284734814,6.0,26,20,0,1,0,normal
1,420.0,74,0.7855630418835722,1.0,0.010526315789473684,5.27,0.6,18.391664753458528,21.0,95,57,1,4,0,normal
1,420.0,75,0.7703530226048828,0.6097437443558205,0.1391304347826087,8.58,0.6869565217391305,4.164596916245043,4.0,115,79,16,5,1,wormhole
1,420.0,76,0.7652721480624827,0.9525584520306548,0.017241379310344827,7.0,0.6637931034482759,14.752228571851735,26.0,116,77,2,4,0,normal
1,420.0,77,0.8170106431956945,0.9318630773580794,0.01694915254237288,6.68,0.6440677966101694,21.439525020002428,21.0,59,38,1,2,0,normal
1,420.0,78,0.7693108379608249,1.0,0.022222222222222223,24.85,0.6444444444444445,17.473485732101693,19.0,90,58,2,3,0,normal
1,420.0,79,0.7920427184048332,0.9446276387266973,0.03418803418803419,11.75,0.6495726495726496,17.46414652356244,25.0,117,76,4,4,0,normal
1,420.0,80,0.8572620818838593,1.0,0.0,0.0,0.0,15.0,6.0,6,0,0,0,0,normal
1,420.0,81,0.8280742818777262,0.9483518046469446,0.047619047619047616,6.92,0.5714285714285714,18.170129056316014,9.0,84,48,4,3,0,normal
1,420.0,82,0.7461895307619294,1.0,0.0,5.32,0.9523809523809523,15.594937955735592,17.0,21,20,0,1,0,normal
1,420.0,83,0.84105538782477,0.9973403474819063,0.0,0.0,0.0,15.0,13.0,38,0,0,0,0,normal
1,420.0,84,0.7663526737246615,0.962775099700255,0.022988505747126436,20.03,0.6666666666666666,18.50582382939959,14.0,87,58,2,3,0,normal
1,420.0,85,0.7735542030869442,0.5912953363955167,0.15757575757575756,7.97,0.7212121212121212,3.9832946911888736,30.0,165,119,26,8,1,wormhole
1,420.0,86,0.7920179530255474,0.9849208615361591,0.05,14.91,0.95,14.632231068241735,20.0,20,19,1,1,0,normal
1,420.0,87,0.8298776786819789,0.9828317307706314,0.0,16.1,0.5405405405405406,20.33467210427686,22.0,74,40,0,2,0,normal
1,420.0,88,0.7407976183949319,1.0,0.016666666666666666,19.98,0.9833333333333333,16.200137710475868,32.0,60,59,1,3,0,normal
1,420.0,89,0.7766737942131475,0.9360109302339918,0.1,6.8,0.9,21.895493916807375,33.0,20,18,2,1,0,normal
1,420.0,90,0.7926788134421656,0.95904190167884,0.010416666666666666,18.7,0.6145833333333334,16.832513007674603,28.0,96,59,1,3,0,normal
1,420.0,91,0.8020358873666745,0.9674044836740563,0.0,6.39,1.0,17.91628760691658,24.0,40,40,0,2,0,normal
1,420.0,92,0.7680153631910867,0.9581234360452254,0.012658227848101266,6.43,0.4936708860759494,20.703956272097756,13.0,79,39,1,2,0,normal
1,420.0,93,0.8163482468900013,0.925631917839662,0.08695652173913043,12.13,0.7391304347826086,15.15584424685258,27.0,23,17,2,1,0,normal
1,420.0,94,0.8732650306166505,0.9343166819066734,0.01694915254237288,19.31,0.3220338983050847,16.86799372123493,26.0,59,19,1,1,0,normal
1,420.0,95,0.841786552081651,1.0,0.0,0.0,1.0,19.25251957542988,8.0,20,20,0,1,0,normal
1,420.0,96,0.8890464267328847,0.918218409852763,0.1,8.26,0.9,10.627696382023162,19.0,20,18,2,1,0,normal
1,420.0,97,0.7849044208077427,0.9363988188749893,0.0,5.43,0.28125,19.583237413273395,11.0,96,27,0,2,0,normal
1,420.0,98,0.7651763529040029,0.9706538598443584,0.034482758620689655,0.0,0.6551724137931034,13.739841311956738,14.0,29,19,1,1,0,normal
1,420.0,99,0.773244327709456,1.0,0.02564102564102564,9.25,0.48717948717948717,12.04335260381498,33.0,39,19,1,1,0,normal
1,430.0,0,0.42508528394146744,0.6807270747301177,0.3562753036437247,10.65,0.3684210526315789,26.71619816680964,19.0,247,91,88,10,1,greyhole
1,430.0,1,0.4868838793705748,0.968703172999663,0.0,22.82,0.0,15.0,14.0,32,0,0,0,0,normal
1,430.0,2,0.44360907501873686,0.9639436000031187,0.01875,20.65,0.85625,17.909718390990506,30.0,160,137,3,7,0,normal
1,430.0,3,0.5792006760931423,0.9351578508600198,0.03,0.0,0.77,18.286368167566465,10.0,100,77,3,4,0,normal
1,430.0,4,0.6038778986600895,0.960528036727997,0.016666666666666666,16.57,0.9833333333333333,17.663736274710434,8.0,60,59,1,3,0,normal
1,430.0,5,0.6638344369063721,0.8995863959176761,0.022935779816513763,14.68,0.8853211009174312,17.46916401881197,11.0,218,193,5,10,0,normal
1,430.0,6,0.48211919684778676,0.9305605971215282,0.01968503937007874,7.54,0.8267716535433071,17.715032761145945,27.0,254,210,5,11,0,normal
1,430.0,7,0.7280486484388495,0.9712950087351659,0.012658227848101266,14.06,0.7468354430379747,15.476760065899102,10.0,79,59,1,3,0,normal
1,430.0,8,0.6296370593058747,0.9091890494843233,0.026515151515151516,9.8,0.928030303030303,16.41320207701123,20.0,264,245,7,15,0,normal
1,430.0,9,0.7753693078354792,0.24443252389224818,0.9280575539568345,19.29,0.07194244604316546,36.26332330182169,31.0,139,10,129,7,1,blackhole
1,430.0,10,0.6627089786536411,0.6067566379951114,0.4566929133858268,8.47,0.4409448818897638,24.927364856730993,31.0,381,168,174,19,1,greyhole
1,430.0,11,0.747583151587947,0.9795774373432722,0.02,8.85,0.92,14.905359236846937,12.0,100,92,2,5,0,normal
1,430.0,12,0.7164545025773742,0.9476272090909594,0.02054794520547945,11.2,0.9794520547945206,14.784270676120991,36.0,146,143,3,10,0,normal
1,430.0,13,0.6143472276639783,0.6583836459675347,0.09782608695652174,0.0,0.7065217391304348,4.487376072284778,11.0,92,65,9,4,1,wormhole
1,430.0,14,0.7230641409024439,0.9432480219412025,0.021739130434782608,15.02,0.9782608695652174,18.188328984421997,31.0,138,135,3,8,0,normal
1,430.0,15,0.638921178957079,0.9803618753671305,0.004694835680751174,19.82,0.8215962441314554,16.09853231743027,30.0,213,175,1,9,0,normal
1,430.0,16,0.6774618932720289,0.9336149859315522,0.01556420233463035,0.0,0.9844357976653697,16.206790359503522,35.0,257,253,4,13,0,normal
1,430.0,17,0.7705717032964643,0.9983226031819711,0.0,23.47,0.5128205128205128,25.00416872456671,34.0,39,20,0,1,0,normal
1,430.0,18,0.7429221799862896,1.0,0.01694915254237288,9.36,0.3220338983050847,25.024751608637516,10.0,59,19,1,1,0,normal
1,430.0,19,0.7600724182129165,0.9698269923919266,0.004545454545454545,20.37,0.9863636363636363,16.27294954194783,26.0,220,217,1,13,0,normal
1,430.0,20,0.7425520589801398,0.9840211205135168,0.020833333333333332,5.47,0.3958333333333333,15.948095813785201,27.0,96,38,2,2,0,normal
1,430.0,21,0.7491807183615486,0.9918080125720642,0.0,0.0,0.3508771929824561,21.30328800522036,6.0,57,20,0,1,0,normal
1,430.0,22,0.7043321487944568,0.9978108960124831,0.0,6.0,0.7575757575757576,13.065154791483664,25.0,66,50,0,3,0,normal
1,430.0,23,0.8040745406170781,0.9886463147297492,0.008849557522123894,11.38,0.336283185840708,20.070802323781024,15.0,113,38,1,2,0,normal
1,430.0,24,0.7857210346299404,0.9403878826962723,0.02857142857142857,22.04,0.6114285714285714,17.595333202154958,31.0,175,107,5,6,0,normal
1,430.0,25,0.772286722346194,0.9153143017478284,0.038461538461538464,9.71,0.47435897435897434,20.993611615588215,18.0,78,37,3,2,0,normal
1,430.0,26,0.8377733273504402,0.9468878729453245,0.0,22.38,1.0,9.185374254045202,20.0,20,20,0,1,0,normal
1,430.0,27,0.7065541792155698,0.999596528790188,0.0,21.18,0.0,15.0,34.0,18,0,0,0,0,normal
1,430.0,28,0.7317986646303702,0.9492368381574826,0.030303030303030304,23.78,0.9696969696969697,16.201917370245237,19.0,99,96,3,5,0,normal
1,430.0,29,0.752290848919404,0.9960162925231284,0.0,5.97,1.0,15.0,7.0,0,0,0,0,1,blackhole
1,430.0,30,0.6871245902881447,0.8893846681109056,0.03676470588235294,12.22,0.9044117647058824,16.41478607523406,21.0,136,123,5,7,0,normal
1,430.0,31,0.788154946387477,0.994740239928339,0.0,14.79,0.6557377049180327,14.35958065278939,12.0,61,40,0,2,0,normal
1,430.0,32,0.7336275988862342,0.923025696820259,0.009345794392523364,22.49,0.9065420560747663,15.541871717502271,32.0,107,97,1,5,0,normal
1,430.0,33,0.6885473687914909,0.9227280662301027,0.02040816326530612,24.77,0.5918367346938775,17.432322576212528,19.0,49,29,1,2,0,normal
1,430.0,34,0.8420709453608997,0.9767224617292404,0.0,19.37,0.8080808080808081,15.35926204991023,33.0,99,80,0,4,0,normal
1,430.0,35,0.7738720367447758,0.9902575383018568,0.0,0.0,0.0,15.0,16.0,29,0,0,0,1,blackhole
1,430.0,36,0.7808671531430023,0.9811757467132727,0.0,8.85,0.45454545454545453,20.653447859195055,14.0,44,20,0,1,0,normal
1,430.0,37,0.7300926494717797,1.0,0.010309278350515464,6.92,0.1958762886597938,20.16917301787329,12.0,97,19,1,1,0,normal
1,430.0,38,0.7094513551630245,0.9452522481901046,0.023255813953488372,8.63,0.4418604651162791,17.636581198936113,26.0,86,38,2,2,0,normal
1,430.0,39,0.7148190103956242,0.9964369180402434,0.016666666666666666,13.94,0.65,15.731603190703652,16.0,60,39,1,2,0,normal
1,430.0,40,0.7383497677047886,1.0,0.008264462809917356,6.09,0.8181818181818182,16.69084120280579,24.0,121,99,1,5,0,normal
1,430.0,41,0.8342234651190703,0.9472108909914183,0.03333333333333333,6.93,0.9666666666666667,23.050588445448188,28.0,30,29,1,2,0,normal
1,430.0,42,0.84330524153778,0.9944612051116778,0.0,14.37,0.9743589743589743,16.28403357682398,25.0,78,76,0,5,0,normal
1,430.0,43,0.7504655994881597,1.0,0.020202020202020204,0.0,0.7878787878787878,14.296059615526161,6.0,99,78,2,4,0,normal
1,430.0,44,0.7795675356092491,0.9406379437326016,0.0,11.49,0.8,13.273724009797313,37.0,85,68,0,4,0,normal
1,430.0,45,0.8090443604451762,0.7272541434943204,0.3394495412844037,5.61,0.3119266055045872,25.66686170256795,21.0,109,34,37,4,1,greyhole
1,430.0,46,0.6894306680804538,0.5790680210987722,0.16184971098265896,17.81,0.838150289017341,3.698193762618371,16.0,173,145,28,10,1,wormhole
1,430.0,47,0.8688386338181084,0.9419440346535367,0.038461538461538464,0.0,0.7307692307692307,17.595615809818444,6.0,78,57,3,3,0,normal
1,430.0,48,0.8184742628396434,0.9568525696993936,0.00641025641025641,6.54,0.6217948717948718,15.419590270945525,19.0,156,97,1,5,0,normal
1,430.0,49,0.7459835763980646,1.0,0.0,5.21,0.5128205128205128,24.180114855710308,30.0,39,20,0,1,0,normal
1,430.0,50,0.7582264359448686,0.9918774668007039,0.01818181818181818,19.92,0.4727272727272727,14.578924636207068,26.0,55,26,1,2,0,normal
1,430.0,51,0.8369140270848212,1.0,0.021052631578947368,6.49,0.7789473684210526,18.85566167066756,20.0,95,74,2,4,0,normal
1,430.0,52,0.7890625647675239,1.0,0.0,0.0,0.6779661016949152,19.893520852030907,10.0,59,40,0,2,0,normal
1,430.0,53,0.8519348119421937,0.9599694441981005,0.025,24.16,0.725,18.329053466318268,17.0,80,58,2,3,0,normal
1,430.0,54,0.8573821071133787,0.9790751546392888,0.03,17.9,0.77,17.59070351383101,19.0,100,77,3,4,0,normal
1,430.0,55,0.7400174397047863,0.9721162789351178,0.025,0.0,0.975,18.98508255645777,23.0,40,39,1,2,0,normal
1,430.0,56,0.7388909590256397,0.9964145061947327,0.0,11.51,0.40404040404040403,18.658268709906483,30.0,99,40,0,2,0,normal
1,430.0,57,0.7500458312682973,0.9523047741472164,0.009615384615384616,7.54,0.8173076923076923,15.615950105535177,27.0,104,85,1,5,0,normal
1,430.0,58,0.7895242662979549,1.0,0.0,12.04,1.0,15.0,16.0,0,0,0,0,0,normal
1,430.0,59,0.7201873020329009,1.0,0.0,0.0,0.6666666666666666,18.147205158273707,9.0,30,20,0,1,0,normal
1,430.0,60,0.7598170463284944,0.9804671201330546,0.007518796992481203,0.0,0.2932330827067669,16.520619631461425,13.0,133,39,1,2,0,normal
1,430.0,61,0.7848079833581179,0.9885673802510812,0.0,9.64,1.0,15.0,24.0,0,0,0,0,0,normal
1,430.0,62,0.7378144509524464,0.9508807747501595,0.011363636363636364,7.27,0.6704545454545454,19.566209252480594,13.0,88,59,1,3,0,normal
1,430.0,63,0.8079478170413472,0.6394973681200785,0.4528301886792453,23.63,0.018867924528301886,37.78070697283102,37.0,53,1,24,2,1,blackhole
1,430.0,64,0.8171921982930452,0.9967063143429341,0.0,8.36,0.0,15.0,35.0,9,0,0,0,1,greyhole
1,430.0,65,0.8990132437736736,0.9893673691450556,0.015873015873015872,13.64,0.30158730158730157,13.293094000408269,16.0,63,19,1,1,0,normal
1,430.0,66,0.7835112274519024,0.9682455310388506,0.0,6.64,0.0,15.0,9.0,38,0,0,0,0,normal
1,430.0,67,0.750839689065028,0.9940369295685259,0.0,8.3,0.5714285714285714,16.82730821688157,17.0,70,40,0,2,0,normal
1,430.0,68,0.7559578972745524,1.0,0.0,8.65,0.5,10.30776304517402,37.0,40,20,0,1,0,normal
1,430.0,69,0.8301056303798227,0.9647410273170528,0.03333333333333333,6.0,0.9666666666666667,13.729714119955204,22.0,60,58,2,3,0,normal
1,430.0,70,0.7931897376524044,1.0,0.05,13.27,0.95,22.746098827193954,8.0,20,19,1,1,0,normal
1,430.0,71,0.7489955411401613,0.9832045029230243,0.0,0.0,0.36363636363636365,14.59591570647159,31.0,55,20,0,1,0,normal
1,430.0,72,0.8311295985147577,0.9238492903321674,0.025,0.0,0.975,19.246956709735834,18.0,40,39,1,2,0,normal
1,430.0,73,0.8128671222670685,0.995668915651928,0.0,6.99,0.5,9.31978359552845,10.0,40,20,0,1,0,normal
1,430.0,74,0.7810430418835722,0.9796364729418353,0.009345794392523364,5.27,0.5514018691588785,16.0717464132962,29.0,107,59,1,3,0,normal
1,430.0,75,0.7683330226048828,0.6254774919425905,0.0958904109589041,0.0,0.3835616438356164,4.563692650560533,8.0,73,28,7,2,1,wormhole
1,430.0,76,0.7624921480624827,0.9589658265438342,0.0,7.0,0.6779661016949152,13.217178089330638,17.0,59,40,0,2,0,normal
1,430.0,77,0.8131706431956945,0.9801734971374019,0.03418803418803419,6.68,0.4700854700854701,20.53051686938844,30.0,117,55,4,3,0,normal
1,430.0,78,0.7666508379608248,0.9993336546007732,0.018518518518518517,0.0,0.7222222222222222,23.678176562430806,11.0,54,39,1,2,0,normal
1,430.0,79,0.7893027184048332,0.9686887520027401,0.017241379310344827,0.0,0.6724137931034483,14.978331654042117,29.0,58,39,1,2,0,normal
1,430.0,80,0.8543620818838593,0.9719983934261359,0.029850746268656716,5.77,0.5671641791044776,17.188762792946083,10.0,67,38,2,2,0,normal
1,430.0,81,0.8268942818777262,0.9335085291175574,0.05,6.92,0.95,22.219793217791068,6.0,20,19,1,1,0,normal
1,430.0,82,0.7442095307619294,0.993467932564793,0.0,5.32,0.3389830508474576,21.915596218958722,15.0,59,20,0,1,0,normal
1,430.0,83,0.83985538782477,1.0,0.0,18.46,1.0,14.632778603243935,32.0,20,20,0,1,0,normal
1,430.0,84,0.7647726737246616,0.9980954772049855,0.0,0.0,0.5128205128205128,24.13614093171175,13.0,39,20,0,1,0,normal
1,430.0,85,0.7631742030869443,0.5894387850355597,0.13157894736842105,7.97,0.7255639097744361,3.806564375844798,39.0,266,193,35,13,1,wormhole
1,430.0,86,0.7916179530255475,1.0,0.0,14.91,0.0,15.0,20.0,20,0,0,0,0,normal
1,430.0,87,0.826317678681979,0.9842667414106456,0.0,16.1,0.40816326530612246,16.352571305374585,34.0,98,40,0,2,0,normal
1,430.0,88,0.7400976183949319,0.9531999610611605,0.0,0.0,0.0,15.0,35.0,35,0,0,0,0,normal
1,430.0,89,0.7760337942131476,0.9579631525046233,0.0,6.8,0.0,15.0,22.0,32,0,0,0,0,normal
1,430.0,90,0.7899188134421655,0.9813961979897946,0.0,0.0,1.0,15.49948372167936,21.0,59,59,0,3,0,normal
1,430.0,91,0.7995558873666745,0.961336752678386,0.04477611940298507,6.39,0.5522388059701493,15.205088349547456,23.0,67,37,3,2,0,normal
1,430.0,92,0.7644353631910867,1.0,0.0,6.43,0.40404040404040403,24.352768873439295,22.0,99,40,0,2,0,normal
1,430.0,93,0.8159682468900014,0.9666389197977188,0.0,12.13,0.0,15.0,37.0,19,0,0,0,0,normal
1,430.0,94,0.8720850306166505,0.9548712461238357,0.05,0.0,0.95,12.810403516543532,32.0,20,19,1,1,0,normal
1,430.0,95,0.836666552081651,0.9590771716919807,0.030303030303030304,24.75,0.7777777777777778,20.368972022716783,20.0,99,77,3,4,0,normal
1,430.0,96,0.8854864267328847,0.9840705276287681,0.03333333333333333,8.26,0.9666666666666667,22.823670704770283,27.0,60,58,2,3,0,normal
1,430.0,97,0.7805444208077427,1.0,0.0,5.43,0.6122448979591837,20.70739658827257,10.0,98,60,0,3,0,normal
1,430.0,98,0.7599963529040029,0.9505873687916784,0.01,16.07,0.79,19.123291427626533,22.0,100,79,1,4,0,normal
1,430.0,99,0.768164327709456,0.9531459815506083,0.025423728813559324,9.25,0.8135593220338984,14.428739053503145,32.0,118,96,3,5,0,normal
1,440.0,0,0.4209452839414674,0.6327870368534659,0.4796747967479675,10.65,0.35772357723577236,26.745098048358916,15.0,123,44,59,6,1,greyhole
1,440.0,1,0.4818238793705748,0.9530887889579165,0.015267175572519083,0.0,0.7786259541984732,14.890684801986476,17.0,131,102,2,6,0,normal
1,440.0,2,0.43458907501873684,0.9533620938293346,0.01762114537444934,20.65,0.8105726872246696,17.247294285013183,31.0,227,184,4,10,0,normal
1,440.0,3,0.5734606760931424,0.9246008369726385,0.013157894736842105,11.59,0.625,17.0893032021792,13.0,152,95,2,5,0,normal
1,440.0,4,0.5974978986600894,0.9814655858108903,0.008333333333333333,16.57,0.825,17.517998583370606,13.0,120,99,1,5,0,normal
1,440.0,5,0.6559744369063721,0.9176779378979584,0.0189873417721519,14.68,0.9810126582278481,17.538662949883758,22.0,158,155,3,8,0,normal
1,440.0,6,0.47387919684778673,0.9005543007831481,0.004629629629629629,7.54,0.9074074074074074,16.957325455273,33.0,216,196,1,10,0,normal
1,440.0,7,0.7268486484388497,0.9933781368712409,0.0,0.0,1.0,15.634043712096956,5.0,20,20,0,1,0,normal
1,440.0,8,0.6212170593058747,0.8901851355102574,0.0273224043715847,9.8,0.9726775956284153,17.878159537832325,18.0,183,178,5,10,0,normal
1,440.0,9,0.7709493078354792,0.27818153667860035,0.8627450980392157,19.29,0.05228758169934641,32.6823969478063,35.0,153,8,132,7,1,blackhole
1,440.0,10,0.6546089786536411,0.5778571281394025,0.4349593495934959,8.47,0.483739837398374,26.466963053248232,31.0,246,119,107,13,1,greyhole
1,440.0,11,0.746383151587947,1.0,0.0,0.0,1.0,8.415656967467768,11.0,20,20,0,1,0,normal
1,440.0,12,0.7094745025773742,0.9240753806026869,0.006493506493506494,11.2,0.8766233766233766,18.692793099431903,35.0,154,135,1,7,0,normal
1,440.0,13,0.6097872276639783,0.5789717739939765,0.1592920353982301,6.48,0.8407079646017699,3.872646184200254,13.0,113,95,18,6,1,wormhole
1,440.0,14,0.7214241409024438,0.9583111357015597,0.0,15.02,1.0,20.91653210155091,34.0,41,41,0,3,0,normal
1,440.0,15,0.638161178957079,0.982771314701953,0.0,0.0,1.0,12.617189760319361,29.0,19,19,0,2,0,normal
1,440.0,16,0.6732018932720288,0.9771818488661869,0.010309278350515464,17.88,0.9896907216494846,20.424011297812676,37.0,97,96,1,6,0,normal
1,440.0,17,0.7689917032964643,1.0,0.0,23.47,0.5128205128205128,15.268076012753687,35.0,39,20,0,1,0,normal
1,440.0,18,0.7415621799862897,0.9040590242596874,0.0967741935483871,9.36,0.5483870967741935,21.358021003485096,7.0,31,17,3,1,0,normal
1,440.0,19,0.7515924182129166,0.9416591374577907,0.020618556701030927,20.37,0.979381443298969,17.38241547440165,31.0,194,190,4,11,0,normal
1,440.0,20,0.7275920589801397,0.8638493135130026,0.035897435897435895,5.47,0.764102564102564,16.28968498809952,30.0,390,298,14,16,0,normal
1,440.0,21,0.7491807183615486,0.998473024757796,0.0,9.38,1.0,15.0,7.0,0,0,0,0,0,normal
1,440.0,22,0.6931321487944568,0.9241671750510465,0.00980392156862745,6.0,0.7647058823529411,17.129289898422783,23.0,306,234,3,13,0,normal
1,440.0,23,0.799354540617078,1.0,0.0,11.38,0.5172413793103449,16.962553223080583,10.0,116,60,0,3,0,normal
1,440.0,24,0.7792610346299403,0.912724539846455,0.018404907975460124,22.04,0.9815950920245399,16.85791138863444,30.0,163,160,3,9,0,normal
1,440.0,25,0.7715667223461941,1.0,0.0,9.71,0.0,15.0,13.0,36,0,0,0,0,normal
1,440.0,26,0.8342933273504403,0.9270959198462576,0.02564102564102564,22.38,0.9743589743589743,18.149028434313923,34.0,78,76,2,4,0,normal
1,440.0,27,0.7037741792155698,0.9840457156251334,0.0,0.0,0.5063291139240507,16.469710829714693,26.0,79,40,0,2,0,normal
1,440.0,28,0.7288186646303703,1.0,0.02197802197802198,23.78,0.4175824175824176,18.109447703014563,7.0,91,38,2,2,0,normal
1,440.0,29,0.751470848919404,0.323244079968176,0.925,0.0,0.025,30.250562658525972,7.0,40,1,37,2,1,blackhole
1,440.0,30,0.6812445902881447,0.9042241328042518,0.02702702702702703,0.0,0.8513513513513513,17.000268180940623,27.0,148,126,4,9,0,normal
1,440.0,31,0.784214946387477,0.9219159216653396,0.02531645569620253,14.79,0.7341772151898734,14.131863614293543,26.0,79,58,2,3,0,normal
1,440.0,32,0.7321075988862342,0.961482008519615,0.02702702702702703,22.49,0.5135135135135135,15.259068901812649,36.0,37,19,1,1,0,normal
1,440.0,33,0.6826873687914908,0.9383862010044635,0.021897810218978103,24.77,0.7007299270072993,17.488043787480763,22.0,137,96,3,5,0,normal
1,440.0,34,0.8394109453608997,1.0,0.0,19.37,0.17699115044247787,18.100167957402704,21.0,113,20,0,1,0,normal
1,440.0,35,0.7695320367447758,0.4009259700106626,0.7456647398843931,18.07,0.023121387283236993,32.66429435503291,16.0,173,4,129,7,1,blackhole
1,440.0,36,0.7793271531430022,1.0,0.0,8.85,0.5405405405405406,23.85336782709603,10.0,37,20,0,1,0,normal
1,440.0,37,0.7289126494717797,0.9448945878951173,0.05,6.92,0.95,15.915727820051037,8.0,20,19,1,1,0,normal
1,440.0,38,0.7078513551630244,1.0,0.0,8.63,0.5,15.4272970623556,23.0,40,20,0,1,0,normal
1,440.0,39,0.7129390103956244,0.9138251628865809,0.05263157894736842,13.94,0.9473684210526315,15.220122643493724,28.0,38,36,2,2,0,normal
1,440.0,40,0.7355697677047885,0.9726741374554341,0.0,6.09,0.6779661016949152,13.568275899320584,24.0,59,40,0,2,0,normal
1,440.0,41,0.8283234651190703,0.9149867720886252,0.014388489208633094,6.93,0.9784172661870504,17.88014455366042,25.0,139,136,2,7,0,normal
1,440.0,42,0.8416052415377799,0.9869517337735174,0.0,14.37,0.0,15.0,24.0,85,0,0,0,0,normal
1,440.0,43,0.7488855994881598,0.9495691509498145,0.0,5.02,0.5128205128205128,19.707866703729945,6.0,39,20,0,1,0,normal
1,440.0,44,0.778727535609249,0.9967940705412592,0.0,11.49,0.8260869565217391,12.975422507019774,37.0,23,19,0,1,0,normal
1,440.0,45,0.8062643604451762,0.6396426839823532,0.43820224719101125,5.61,0.33707865168539325,22.99789406648606,24.0,89,30,39,4,1,greyhole
1,440.0,46,0.6831306680804539,0.590755984520259,0.14666666666666667,0.0,0.8333333333333334,4.406565693742627,9.0,150,125,22,8,1,wormhole
1,440.0,47,0.8659386338181084,0.9415242465189114,0.02702702702702703,23.05,0.9594594594594594,15.651018723930466,19.0,74,71,2,5,0,normal
1,440.0,48,0.8153742628396434,0.9725261726692643,0.038461538461538464,6.54,0.47435897435897434,22.6451669636971,25.0,78,37,3,2,0,normal
1,440.0,49,0.7445035763980645,0.9775579293453623,0.0,5.21,0.45098039215686275,19.678938843061836,33.0,51,23,0,2,0,normal
1,440.0,50,0.7566864359448686,1.0,0.0,19.92,0.5405405405405406,10.558812480573186,14.0,37,20,0,1,0,normal
1,440.0,51,0.8351140270848212,0.9772245416569165,0.0,6.49,0.4,16.91641093047713,19.0,50,20,0,1,0,normal
1,440.0,52,0.7867425647675239,1.0,0.0,24.94,0.2631578947368421,9.378100735507315,19.0,76,20,0,1,0,normal
1,440.0,53,0.8484348119421936,0.9616155339056482,0.012987012987012988,0.0,0.7532467532467533,15.052813693022962,19.0,77,58,1,3,0,normal
1,440.0,54,0.8549821071133787,0.9893173880710423,0.0,0.0,1.0,21.98244179057661,13.0,40,40,0,2,0,normal
1,440.0,55,0.7396374397047862,0.9866817644122987,0.0,16.42,0.0,15.0,27.0,19,0,0,0,0,normal
1,440.0,56,0.7338909590256397,0.9512965541596187,0.03418803418803419,11.51,0.7948717948717948,18.807523963596807,39.0,117,93,4,5,0,normal
1,440.0,57,0.7446058312682973,0.9743367412251781,0.008849557522123894,7.54,0.6991150442477876,17.45850723787034,32.0,113,79,1,4,0,normal
1,440.0,58,0.786784266297955,0.9573190541517153,0.05,12.04,0.95,18.164259991221353,18.0,60,57,3,3,0,normal
1,440.0,59,0.7181673020329009,0.9498184979443791,0.0,8.33,0.975609756097561,16.330403592612793,7.0,41,40,0,3,0,normal
1,440.0,60,0.7570170463284944,0.9746446773211117,0.0,10.37,0.6666666666666666,17.45000874491897,16.0,60,40,0,2,0,normal
1,440.0,61,0.7848079833581179,1.0,0.0,9.64,1.0,15.0,18.0,0,0,0,0,0,normal
1,440.0,62,0.7330544509524464,0.9453660529589412,0.025,7.27,0.975,19.572626447923398,14.0,80,78,2,4,0,normal
1,440.0,63,0.8071278170413473,0.2569115011248178,0.95,23.63,0.05,28.87843562341493,25.0,20,1,19,1,1,blackhole
1,440.0,64,0.8152321982930453,0.5182884226353969,0.5714285714285714,8.36,0.38095238095238093,23.406587799558622,34.0,42,16,24,2,1,greyhole
1,440.0,65,0.8986132437736736,1.0,0.0,13.64,0.0,15.0,22.0,20,0,0,0,0,normal
1,440.0,66,0.7815312274519023,0.9879574291883423,0.0,0.0,0.3389830508474576,20.858872092607086,7.0,59,20,0,1,0,normal
1,440.0,67,0.749999689065028,0.9981401171261323,0.0,0.0,0.0,15.0,21.0,42,0,0,0,0,normal
1,440.0,68,0.7547778972745525,0.9860609726689475,0.0,8.65,0.0,15.0,27.0,59,0,0,0,0,normal
1,440.0,69,0.8297456303798226,1.0,0.0,6.0,0.0,15.0,15.0,18,0,0,0,0,normal
1,440.0,70,0.7904097376524044,0.9948805062708286,0.0,13.27,0.20202020202020202,8.761675038925071,17.0,99,20,0,1,0,normal
1,440.0,71,0.7427155411401613,0.9276820607716788,0.017241379310344827,12.17,0.8448275862068966,15.464612437945666,28.0,116,98,2,5,0,normal
1,440.0,72,0.8289695985147576,0.9868596989179046,0.0,14.72,0.7959183673469388,15.288057431633128,24.0,49,39,0,2,0,normal
1,440.0,73,0.8094271222670685,0.9649423455836821,0.0,6.99,0.43478260869565216,17.184687748494134,17.0,92,40,0,2,0,normal
1,440.0,74,0.7808630418835723,1.0,0.0,5.27,0.0,15.0,33.0,9,0,0,0,0,normal
1,440.0,75,0.7635330226048828,0.6151680907362383,0.13953488372093023,22.17,0.7054263565891473,4.133507318540869,17.0,129,91,18,6,1,wormhole
1,440.0,76,0.7601121480624827,0.9640732085152045,0.025,7.0,0.975,16.785049031057795,10.0,40,39,1,2,0,normal
1,440.0,77,0.8119706431956946,0.9673704999048444,0.0,6.68,1.0,20.971843996507225,33.0,20,20,0,1,0,normal
1,440.0,78,0.7654308379608248,0.9250869425045366,0.08695652173913043,8.0,0.782608695652174,20.722428448688785,11.0,23,18,2,1,0,normal
1,440.0,79,0.7869827184048332,0.9332299476156447,0.1,12.97,0.9,12.735460386690473,30.0,40,36,4,2,0,normal
1,440.0,80,0.8444420818838593,0.9643334759065322,0.011235955056179775,5.77,0.8876404494382022,16.941017406965294,12.0,178,158,2,8,0,normal
1,440.0,81,0.8244942818777262,0.9812209738092592,0.0,0.0,1.0,23.36309748807026,6.0,40,40,0,2,0,normal
1,440.0,82,0.7431295307619294,1.0,0.0,5.32,0.0,15.0,16.0,54,0,0,0,0,normal
1,440.0,83,0.83753538782477,1.0,0.0,18.46,0.5466666666666666,20.81896100940858,40.0,75,41,0,3,0,normal
1,440.0,84,0.7623726737246616,0.9889565208379482,0.0,13.14,1.0,18.351311653570928,20.0,40,40,0,2,0,normal
1,440.0,85,0.7552942030869443,0.5537544511362956,0.17567567567567569,7.97,0.6846846846846847,3.7689495760838816,37.0,222,152,39,10,1,wormhole
1,440.0,86,0.7892179530255474,1.0,0.0,0.0,1.0,22.84257818346372,11.0,40,40,0,2,0,normal
1,440.0,87,0.823537678681979,0.9581173777519606,0.016666666666666666,16.1,0.65,14.946433602740985,40.0,60,39,1,2,0,normal
1,440.0,88,0.7363976183949319,1.0,0.0,6.85,0.38095238095238093,19.67365067836924,30.0,105,40,0,2,0,normal
1,440.0,89,0.7736737942131475,0.9436250955780529,0.05,6.8,0.95,17.516655652411423,15.0,40,38,2,2,0,normal
1,440.0,90,0.7874788134421655,0.9163136006518249,0.045454545454545456,11.96,0.8636363636363636,18.73163607862191,24.0,44,38,2,2,0,normal
1,440.0,91,0.7896158873666745,0.9343497586220783,0.0,6.39,0.6535087719298246,14.853027243537149,29.0,228,149,0,8,0,normal
1,440.0,92,0.7626153631910867,1.0,0.0,6.43,0.39215686274509803,12.144306932005403,25.0,51,20,0,1,0,normal
1,440.0,93,0.8129082468900013,0.99556263894041,0.020833333333333332,12.13,0.3854166666666667,13.739493484686623,31.0,96,37,2,2,0,normal
1,440.0,94,0.8677050306166505,0.9979268647433714,0.01,7.09,0.59,17.034791572347654,30.0,100,59,1,3,0,normal
1,440.0,95,0.836666552081651,1.0,0.0,24.75,1.0,15.0,34.0,0,0,0,0,0,normal
1,440.0,96,0.8840264267328847,1.0,0.0,8.26,0.0,15.0,36.0,73,0,0,0,0,normal
1,440.0,97,0.7786244208077426,0.9716522747064289,0.0,5.43,0.35714285714285715,22.75183449188765,10.0,56,20,0,1,0,normal
1,440.0,98,0.754836352904003,0.9501274303557289,0.010101010101010102,16.07,0.797979797979798,18.20178393654004,31.0,99,79,1,4,0,normal
1,440.0,99,0.764984327709456,0.9863122469117261,0.0,9.25,0.5063291139240507,17.386231387781447,32.0,79,40,0,2,0,normal
1,450.0,0,0.4152852839414674,0.7499924686731057,0.30337078651685395,10.65,0.3651685393258427,26.72378089728953,16.0,178,65,54,6,1,greyhole
1,450.0,1,0.47508387937057484,0.8942326637363956,0.015544041450777202,22.34,0.6424870466321243,16.877546015268475,21.0,193,124,3,7,0,normal
1,450.0,2,0.42788907501873685,0.9249610144335907,0.015873015873015872,0.0,0.7724867724867724,17.164823899753916,26.0,189,146,3,8,0,normal
1,450.0,3,0.5633406760931423,0.9306166996917411,0.023166023166023165,11.59,0.8764478764478765,16.77648137668505,23.0,259,227,6,13,0,normal
1,450.0,4,0.5962978986600895,1.0,0.0,16.57,1.0,13.553032649631204,13.0,20,20,0,1,0,normal
1,450.0,5,0.6543744369063721,1.0,0.0,14.68,0.5,15.544423397373329,16.0,40,20,0,1,0,normal
1,450.0,6,0.45675919684778676,0.8906705809572898,0.009523809523809525,7.54,0.9428571428571428,15.854019186140512,36.0,420,396,4,22,0,normal
1,450.0,7,0.7185686484388496,0.9502228758774665,0.015151515151515152,24.34,0.6868686868686869,17.665927128535532,20.0,198,136,3,7,0,normal
1,450.0,8,0.6208370593058747,1.0,0.0,9.8,0.0,15.0,14.0,19,0,0,0,0,normal
1,450.0,9,0.7656293078354792,0.38426450909514753,0.7923728813559322,0.0,0.0423728813559322,32.987326063492716,32.0,236,10,187,10,1,blackhole
1,450.0,10,0.6487289786536412,0.5322969115165513,0.4945054945054945,8.47,0.5054945054945055,27.698258315081887,29.0,182,92,90,12,1,greyhole
1,450.0,11,0.739703151587947,0.9464302101251965,0.014492753623188406,19.45,0.8405797101449275,18.105605993639735,21.0,138,116,2,6,0,normal
1,450.0,12,0.7062545025773742,0.9596598386886133,0.01639344262295082,11.2,0.9836065573770492,16.63945258842606,26.0,61,60,1,4,0,normal
1,450.0,13,0.6053272276639783,0.6604411637835468,0.07352941176470588,6.48,0.6397058823529411,3.811032605217531,14.0,136,87,10,5,1,wormhole
1,450.0,14,0.7133841409024438,0.9567407741856013,0.014150943396226415,15.02,0.8018867924528302,19.12652359268198,28.0,212,170,3,11,0,normal
1,450.0,15,0.638161178957079,0.988597181010884,0.0,0.0,1.0,15.0,14.0,0,0,0,0,0,normal
1,450.0,16,0.6675418932720288,0.9683008777970434,0.007407407407407408,17.88,0.8,12.99196374693767,27.0,135,108,1,6,0,normal
1,450.0,17,0.7666117032964642,0.9717294215945602,0.025,23.47,0.975,16.203538100347632,25.0,40,39,1,2,0,normal
1,450.0,18,0.7415621799862897,1.0,0.0,0.0,1.0,15.0,4.0,0,0,0,0,0,normal
1,450.0,19,0.7495924182129166,0.9946116112567365,0.0,20.37,0.3333333333333333,24.247474474321677,11.0,60,20,0,1,0,normal
1,450.0,20,0.7186120589801397,0.942177364386858,0.012711864406779662,5.47,0.8177966101694916,15.740269860204688,33.0,236,193,3,11,0,normal
1,450.0,21,0.7487807183615487,0.9908411369119291,0.0,9.38,0.0,15.0,9.0,20,0,0,0,0,normal
1,450.0,22,0.6904521487944568,1.0,0.038461538461538464,6.0,0.717948717948718,17.3637978269759,16.0,78,56,3,3,0,normal
1,450.0,23,0.795334540617078,0.9643064313866684,0.00980392156862745,0.0,0.5784313725490197,17.72786632952908,8.0,102,59,1,3,0,normal
1,450.0,24,0.7733810346299403,0.9721350764781391,0.02040816326530612,22.04,0.5918367346938775,18.48423964096126,21.0,147,87,3,5,0,normal
1,450.0,25,0.7672467223461941,1.0,0.010309278350515464,9.71,0.6082474226804123,17.76429095743624,9.0,97,59,1,3,0,normal
1,450.0,26,0.8318933273504402,0.9756378432883284,0.0,22.38,1.0,15.292381697389693,24.0,40,40,0,2,0,normal
1,450.0,27,0.7018141792155699,1.0,0.0,9.17,0.6610169491525424,22.778588417827024,23.0,59,39,0,2,0,normal
1,450.0,28,0.7263186646303703,1.0,0.0,0.0,0.8888888888888888,14.63535072135404,4.0,45,40,0,2,0,normal
1,450.0,29,0.7477708489194039,0.25916659523379293,0.9142857142857143,13.29,0.05714285714285714,36.55728341525807,15.0,175,10,160,10,1,blackhole
1,450.0,30,0.6774645902881447,0.9776407438346677,0.023529411764705882,17.93,0.7529411764705882,19.563512386429757,34.0,85,64,2,4,0,normal
1,450.0,31,0.780214946387477,0.9809778490218771,0.0,14.79,0.75,17.413046585223437,27.0,80,60,0,3,0,normal
1,450.0,32,0.7278475988862342,0.9690568873301276,0.02564102564102564,22.49,0.47863247863247865,14.95249495562541,24.0,117,56,3,3,0,normal
1,450.0,33,0.6811073687914908,1.0,0.0,0.0,0.5128205128205128,20.42242642407944,13.0,39,20,0,1,0,normal
1,450.0,34,0.8382509453608997,0.8885827610381272,0.1,0.0,0.9,10.96198824351354,6.0,20,18,2,1,0,normal
1,450.0,35,0.7678520367447758,0.29150704867247335,0.9,18.07,0.1,36.38845011942482,23.0,40,4,36,2,1,blackhole
1,450.0,36,0.7777071531430022,0.9879202427520736,0.0,8.85,0.4878048780487805,14.37819447208942,6.0,41,20,0,1,0,normal
1,450.0,37,0.7257126494717797,1.0,0.0,0.0,0.5,14.119187389063011,5.0,80,40,0,2,0,normal
1,450.0,38,0.7026713551630245,0.9786028131400547,0.01,0.0,0.79,13.338832671754378,20.0,100,79,1,4,0,normal
1,450.0,39,0.7105990103956243,0.9886176436074027,0.075,13.94,0.925,20.41079956367235,21.0,40,37,3,2,0,normal
1,450.0,40,0.7335897677047886,0.9845730996095273,0.0,6.09,0.3389830508474576,16.722599824397033,28.0,59,20,0,1,0,normal
1,450.0,41,0.8199234651190703,0.9483509285011902,0.00909090909090909,6.93,0.8181818181818182,18.430621931182134,22.0,220,180,2,10,0,normal
1,450.0,42,0.83688524153778,0.9791990109276061,0.00847457627118644,14.37,0.6610169491525424,16.54613810174837,16.0,118,78,1,4,0,normal
1,450.0,43,0.7452855994881598,0.9990911383758141,0.01639344262295082,5.02,0.9672131147540983,17.324491670711264,5.0,61,59,1,3,0,normal
1,450.0,44,0.776727535609249,1.0,0.0,11.49,1.0,17.29451190915278,28.0,40,40,0,2,0,normal
1,450.0,45,0.8028643604451762,0.652774860364318,0.41509433962264153,5.61,0.41509433962264153,26.843805078436464,27.0,106,44,44,5,1,greyhole
1,450.0,46,0.6810506680804538,0.6623793191285896,0.1016949152542373,14.1,0.7627118644067796,3.2426946166929524,11.0,59,45,6,3,1,wormhole
1,450.0,47,0.8659186338181084,0.9811749065792656,0.0,23.05,0.0,15.0,33.0,1,0,0,0,0,normal
1,450.0,48,0.8123342628396435,0.9779741627753538,0.0136986301369863,6.54,0.5342465753424658,22.24404926214495,22.0,73,39,1,2,0,normal
1,450.0,49,0.7328035763980646,0.9170184277296997,0.012738853503184714,5.21,0.8630573248407644,18.287044481065116,35.0,314,271,4,15,0,normal
1,450.0,50,0.7555064359448687,0.9418125855305912,0.05,19.92,0.95,22.71492192478528,5.0,20,19,1,1,0,normal
1,450.0,51,0.8321140270848213,0.9735401937879126,0.021505376344086023,6.49,0.3978494623655914,16.936676759005326,17.0,93,37,2,2,0,normal
1,450.0,52,0.7813425647675238,0.9374519350256544,0.042735042735042736,24.94,0.7948717948717948,13.50526508116801,29.0,117,93,5,5,0,normal
1,450.0,53,0.8470348119421937,0.9917781082616031,0.0,7.8,1.0,18.100957822507077,19.0,35,35,0,2,0,normal
1,450.0,54,0.8538621071133787,0.9872369133664831,0.0,23.67,0.47368421052631576,9.438850501359996,18.0,38,18,0,1,0,normal
1,450.0,55,0.7379374397047863,0.9705812985150972,0.030303030303030304,0.0,0.9696969696969697,21.928468286483252,22.0,33,32,1,2,0,normal
1,450.0,56,0.7275909590256397,0.9826377194738313,0.012738853503184714,11.51,0.4968152866242038,19.544581028546567,31.0,157,78,2,4,0,normal
1,450.0,57,0.7399658312682973,0.9730358177203058,0.007352941176470588,7.54,0.5588235294117647,22.145377444175576,29.0,136,76,1,4,0,normal
1,450.0,58,0.7848442662979549,1.0,0.0,12.04,0.3508771929824561,9.292835993828826,15.0,57,20,0,1,0,normal
1,450.0,59,0.715767302032901,0.9788335625965563,0.047619047619047616,8.33,0.9047619047619048,13.470541856295998,5.0,42,38,2,2,0,normal
1,450.0,60,0.7570170463284944,1.0,0.0,10.37,1.0,15.0,21.0,0,0,0,0,0,normal
1,450.0,61,0.7808079833581179,0.9742587087295482,0.012345679012345678,0.0,0.7283950617283951,14.811516455010826,13.0,81,59,1,3,0,normal
1,450.0,62,0.7307744509524464,1.0,0.0,7.27,0.2702702702702703,14.159839223718738,11.0,74,20,0,1,0,normal
1,450.0,63,0.8055478170413473,0.7523716961999655,0.3275862068965517,0.0,0.017241379310344827,29.472807256955186,23.0,58,1,19,1,1,blackhole
1,450.0,64,0.8105521982930453,0.688967595881807,0.3148148148148148,0.0,0.42592592592592593,25.487723751654165,31.0,108,46,34,4,1,greyhole
1,450.0,65,0.8962932437736736,0.9976303003485097,0.017543859649122806,13.64,0.6842105263157895,9.342943942885844,28.0,57,39,1,2,0,normal
1,450.0,66,0.7792512274519023,0.9863103626564853,0.010416666666666666,24.68,0.1875,21.8086141093228,11.0,96,18,1,1,0,normal
1,450.0,67,0.747599689065028,0.9642523372534539,0.0,7.3,1.0,13.973205471526597,18.0,40,40,0,2,0,normal
1,450.0,68,0.7487978972745524,1.0,0.01,0.0,0.99,17.62753396738833,24.0,100,99,1,5,0,normal
1,450.0,69,0.8270256303798227,0.9711108761189363,0.0,6.0,1.0,11.282829782978055,14.0,58,58,0,3,0,normal
1,450.0,70,0.7876497376524043,0.9013125862686505,0.01694915254237288,13.27,0.6610169491525424,11.289592550019101,21.0,59,39,1,2,0,normal
1,450.0,71,0.7415755411401612,0.8941201392636636,0.15,12.17,0.85,18.611384623852828,32.0,20,17,3,1,0,normal
1,450.0,72,0.8239695985147576,0.9833375356752442,0.021739130434782608,14.72,0.8478260869565217,16.941440466893408,20.0,92,78,2,4,0,normal
1,450.0,73,0.8082471222670685,0.95699268088376,0.05,6.99,0.95,17.876493083525894,17.0,20,19,1,1,0,normal
1,450.0,74,0.7773230418835722,0.9747359792369452,0.01694915254237288,5.27,0.3305084745762712,15.274535888563955,33.0,118,39,2,3,0,normal
1,450.0,75,0.7603730226048828,0.604778278881241,0.1780821917808219,22.17,0.6164383561643836,4.16800613862207,24.0,73,45,13,3,1,wormhole
1,450.0,76,0.7563321480624827,0.963377953210314,0.0,7.0,0.8695652173913043,17.27968963443898,7.0,69,60,0,3,0,normal
1,450.0,77,0.8118906431956946,0.9675145494419786,0.0,6.68,1.0,23.13535005986173,33.0,2,2,0,1,0,normal
1,450.0,78,0.7634508379608248,0.9594700412808103,0.0,8.0,0.3389830508474576,18.28853755946905,16.0,59,20,0,1,0,normal
1,450.0,79,0.7857827184048332,0.9662255913796478,0.0,12.97,1.0,9.316014161088047,23.0,20,20,0,1,0,normal
1,450.0,80,0.8416820818838593,0.9914036766793431,0.0,5.77,0.6896551724137931,16.42161558373688,13.0,58,40,0,2,0,normal
1,450.0,81,0.8232942818777262,0.9486168131016323,0.0,19.68,1.0,11.040060646004303,8.0,20,20,0,1,0,normal
1,450.0,82,0.7427695307619294,1.0,0.0,5.32,0.0,15.0,14.0,18,0,0,0,0,normal
1,450.0,83,0.83317538782477,0.9855073043046051,0.010101010101010102,0.0,0.5959595959595959,15.445297367591957,35.0,99,59,1,3,0,normal
1,450.0,84,0.7605126737246616,1.0,0.0,13.14,0.7547169811320755,22.128572177744974,25.0,53,40,0,3,0,normal
1,450.0,85,0.7527342030869443,0.645120731283782,0.14492753623188406,7.97,0.855072463768116,4.40587678908491,32.0,69,59,10,4,1,wormhole
1,450.0,86,0.7887579530255474,0.9741305533463974,0.0,22.47,0.0,15.0,16.0,23,0,0,0,0,normal
1,450.0,87,0.823197678681979,0.9670212233183334,0.0,16.1,0.0,15.0,27.0,17,0,0,0,0,normal
1,450.0,88,0.7304776183949319,1.0,0.0,6.85,0.5882352941176471,18.33272514331219,28.0,136,80,0,4,0,normal
1,450.0,89,0.7706137942131476,0.9830763295376487,0.013513513513513514,0.0,0.527027027027027,21.533310748355532,13.0,74,39,1,2,0,normal
1,450.0,90,0.7840988134421656,1.0,0.0125,11.96,0.6125,12.083614586352995,32.0,80,49,1,3,0,normal
1,450.0,91,0.7840158873666745,0.9744691950456089,0.0,6.39,1.0,15.336437434727744,31.0,110,110,0,6,0,normal
1,450.0,92,0.7608953631910867,0.9970697428022814,0.0,6.43,0.43478260869565216,22.92875066465451,27.0,46,20,0,1,0,normal
1,450.0,93,0.8101282468900013,1.0,0.0,12.13,0.6779661016949152,17.151305975038603,17.0,59,40,0,2,0,normal
1,450.0,94,0.8673250306166506,1.0,0.0,7.09,0.0,15.0,35.0,19,0,0,0,0,normal
1,450.0,95,0.829866552081651,0.9626372433744546,0.0,0.0,0.8571428571428571,18.778890047140788,34.0,140,120,0,6,0,normal
1,450.0,96,0.8811264267328847,0.9476341308887443,0.04411764705882353,8.26,0.5441176470588235,12.100528752546705,31.0,68,37,3,2,0,normal
1,450.0,97,0.7738644208077426,0.9917537987537628,0.025,5.43,0.975,17.052643217446864,16.0,80,78,2,4,0,normal
1,450.0,98,0.7544563529040029,0.9658708529034513,0.0,16.07,0.0,15.0,35.0,19,0,0,0,0,normal
1,450.0,99,0.762204327709456,0.9599462543866786,0.016666666666666666,9.25,0.65,21.00879298026409,25.0,60,39,1,2,0,normal
1,460.0,0,0.41158528394146743,0.6208472334030279,0.41379310344827586,10.65,0.4224137931034483,24.18812126607707,15.0,116,49,48,5,1,greyhole
1,460.0,1,0.4695438793705748,0.9410431776220565,0.040697674418604654,22.34,0.6104651162790697,19.179700227519152,19.0,172,105,7,6,0,normal
1,460.0,2,0.4163690750187368,0.8848276594132642,0.0176678445229682,21.42,0.8939929328621908,19.96022551095191,28.0,283,253,5,13,0,normal
1,460.0,3,0.5531006760931424,0.9171729413262788,0.015503875968992248,11.59,0.9069767441860465,17.196158178388394,26.0,258,234,4,14,0,normal
1,460.0,4,0.5870778986600895,0.8757499924578648,0.013157894736842105,0.0,0.8464912280701754,19.201172310625303,10.0,228,193,3,10,0,normal
1,460.0,5,0.6513744369063721,0.9584348160240492,0.0,14.68,0.4444444444444444,10.762509477933996,10.0,90,40,0,2,0,normal
1,460.0,6,0.4486191968477867,0.9708863215951663,0.009389671361502348,7.54,0.8169014084507042,16.50579955681034,32.0,213,174,2,9,0,normal
1,460.0,7,0.7082486484388496,0.8776764937060256,0.015384615384615385,24.34,0.8307692307692308,16.070465221398184,30.0,260,216,4,12,0,normal
1,460.0,8,0.6192570593058747,0.9923494474747265,0.0,0.0,0.5128205128205128,13.00594061748099,12.0,39,20,0,1,0,normal
1,460.0,9,0.7624893078354792,0.539896216002938,0.6063829787234043,14.13,0.031914893617021274,34.92940724369393,32.0,94,3,57,3,1,blackhole
1,460.0,10,0.6439089786536412,0.5665479352082563,0.4551282051282051,8.47,0.4166666666666667,25.91892264085675,26.0,156,65,71,7,1,greyhole
1,460.0,11,0.729043151587947,0.9251320122533622,0.0038910505836575876,19.45,0.9182879377431906,15.303419879960739,29.0,257,236,1,13,0,normal
1,460.0,12,0.7034745025773742,0.9752307654283405,0.0125,11.2,0.4875,19.333077441296815,22.0,80,39,1,2,0,normal
1,460.0,13,0.5953872276639782,0.5113586930618518,0.13636363636363635,6.48,0.8068181818181818,4.711721904696977,16.0,264,213,36,13,1,wormhole
1,460.0,14,0.7046241409024439,0.9395585360211386,0.010526315789473684,15.02,0.9894736842105263,17.281014868331006,19.0,190,188,2,10,0,normal
1,460.0,15,0.635941178957079,0.9573138266742895,0.03773584905660377,5.43,0.7169811320754716,23.316441307488944,16.0,53,38,2,2,0,normal
1,460.0,16,0.6612818932720289,0.9889800906942867,0.0,0.0,0.7388059701492538,17.825668019383333,26.0,134,99,0,5,0,normal
1,460.0,17,0.7630117032964643,0.9664572807549366,0.0,0.0,1.0,15.977068582001515,23.0,60,60,0,3,0,normal
1,460.0,18,0.7372421799862896,0.9752977391811384,0.0,18.33,0.625,15.825576625418881,8.0,96,60,0,3,0,normal
1,460.0,19,0.7480324182129166,0.9782232384133869,0.02564102564102564,0.0,0.48717948717948717,12.635562159156306,7.0,39,19,1,1,0,normal
1,460.0,20,0.7088720589801397,0.8974788063611249,0.011811023622047244,5.47,0.7598425196850394,17.84150618579746,31.0,254,193,3,11,0,normal
1,460.0,21,0.7456807183615486,0.943206677132951,0.013157894736842105,9.38,0.5131578947368421,19.57945762651348,12.0,76,39,1,2,0,normal
1,460.0,22,0.6877321487944568,0.9970529754106826,0.01282051282051282,0.0,0.7435897435897436,17.332167923119997,12.0,78,58,1,3,0,normal
1,460.0,23,0.794934540617078,0.9914201008549844,0.0,13.97,0.0,15.0,11.0,20,0,0,0,0,normal
1,460.0,24,0.7692610346299403,1.0,0.008620689655172414,0.0,0.7758620689655172,18.483060281645102,21.0,116,90,1,5,0,normal
1,460.0,25,0.7648467223461941,0.9904530864134566,0.0,0.0,1.0,23.931441164843598,11.0,40,40,0,2,0,normal
1,460.0,26,0.8299133273504402,0.979543130049934,0.0,0.0,0.3389830508474576,14.830055524824775,15.0,59,20,0,1,0,normal
1,460.0,27,0.6982741792155698,0.9661041967405011,0.02531645569620253,9.17,0.7341772151898734,12.66294290800493,21.0,79,58,2,3,0,normal
1,460.0,28,0.7255786646303704,1.0,0.0,18.43,0.0,15.0,9.0,37,0,0,0,0,normal
1,460.0,29,0.745830848919404,0.5431969707874338,0.5789473684210527,0.0,0.021052631578947368,38.72597812521902,16.0,95,2,55,3,1,blackhole
1,460.0,30,0.6735245902881446,0.9754476636952042,0.01282051282051282,17.93,0.7564102564102564,14.53115860183437,34.0,78,59,1,3,0,normal
1,460.0,31,0.7782549463874769,0.9343723453178023,0.05,14.79,0.95,16.94223310612073,28.0,40,38,2,2,0,normal
1,460.0,32,0.7274475988862342,0.9844826366758082,0.0,0.0,0.0,15.0,21.0,20,0,0,0,0,normal
1,460.0,33,0.6749473687914909,0.9790427467498856,0.01818181818181818,17.92,0.8909090909090909,15.559689104189744,15.0,110,98,2,5,0,normal
1,460.0,34,0.8364309453608997,0.9538843663095584,0.019230769230769232,13.11,0.36538461538461536,12.075273517604709,9.0,52,19,1,1,0,normal
1,460.0,35,0.7646720367447758,0.6769951544161809,0.3925925925925926,18.07,0.02962962962962963,35.44742692704701,35.0,135,4,53,3,1,blackhole
1,460.0,36,0.7762671531430022,1.0,0.0,8.85,0.625,12.964352996355428,4.0,32,20,0,1,0,normal
1,460.0,37,0.7216326494717797,0.9459655687009453,0.010309278350515464,14.15,0.6907216494845361,18.73908005984402,10.0,97,67,1,4,0,normal
1,460.0,38,0.6975913551630245,0.9107697842251312,0.02040816326530612,13.45,0.9795918367346939,17.632468106806908,26.0,98,96,2,6,0,normal
1,460.0,39,0.7094590103956243,1.0,0.0,13.94,0.5,16.257335940863143,10.0,38,19,0,1,0,normal
1,460.0,40,0.7300097677047885,0.9691176627762419,0.03278688524590164,6.09,0.9508196721311475,18.1049974973304,29.0,61,58,2,3,0,normal
1,460.0,41,0.8151634651190703,0.915972686237504,0.014388489208633094,0.0,0.7122302158273381,16.62632353890778,15.0,139,99,2,6,0,normal
1,460.0,42,0.83528524153778,0.9639912234778242,0.0,0.0,0.5,8.663150970728875,13.0,40,20,0,1,0,normal
1,460.0,43,0.7448855994881598,0.9851231912304835,0.0,5.02,0.0,15.0,5.0,20,0,0,0,0,normal
1,460.0,44,0.768707535609249,0.8889504943977237,0.01098901098901099,0.0,0.8736263736263736,15.273938946131903,30.0,182,159,2,10,0,normal
1,460.0,45,0.7998643604451762,0.7044998476296132,0.36036036036036034,5.61,0.35135135135135137,24.99754367785402,22.0,111,39,40,4,1,greyhole
1,460.0,46,0.6759706680804538,0.6095094834865815,0.12280701754385964,14.1,0.8771929824561403,3.144684915787585,18.0,114,100,14,8,1,wormhole
1,460.0,47,0.8636586338181085,0.9235673046456567,0.03571428571428571,23.05,0.6607142857142857,19.35091365812919,30.0,56,37,2,2,0,normal
1,460.0,48,0.8088142628396434,0.9440769871191472,0.02531645569620253,0.0,0.7215189873417721,16.665026507556217,33.0,79,57,2,3,0,normal
1,460.0,49,0.7285435763980646,1.0,0.0,5.21,0.6451612903225806,17.094776191281895,34.0,93,60,0,3,0,normal
1,460.0,50,0.7500264359448686,0.9673033045435518,0.017241379310344827,0.0,0.6724137931034483,15.977028614316932,4.0,116,78,2,4,0,normal
1,460.0,51,0.8308940270848213,0.9904028304230094,0.0,6.49,0.4878048780487805,15.927183789245815,20.0,41,20,0,1,0,normal
1,460.0,52,0.7782425647675238,0.937696316014675,0.030303030303030304,0.0,0.5656565656565656,21.051145165834203,31.0,99,56,3,3,0,normal
1,460.0,53,0.8442748119421937,0.9835430460066158,0.01694915254237288,7.8,0.6610169491525424,14.221579335271834,14.0,59,39,1,2,0,normal
1,460.0,54,0.8522821071133787,1.0,0.0,0.0,0.5128205128205128,16.792662497362876,19.0,39,20,0,1,0,normal
1,460.0,55,0.7351574397047863,0.9803393454819186,0.016666666666666666,21.94,0.65,21.574280872575777,20.0,60,39,1,2,0,normal
1,460.0,56,0.7264109590256398,0.9252068477662433,0.05,11.51,0.95,21.700130286125233,27.0,20,19,1,1,0,normal
1,460.0,57,0.7363058312682973,0.9392005928073589,0.01904761904761905,7.54,0.3619047619047619,18.62998939687246,18.0,105,38,2,2,0,normal
1,460.0,58,0.782464266297955,0.9664635292417528,0.025,12.04,0.975,13.949877731879539,15.0,40,39,1,2,0,normal
1,460.0,59,0.7138073020329009,0.968307716918554,0.0,0.0,0.3448275862068966,12.164639825360528,7.0,58,20,0,1,0,normal
1,460.0,60,0.7550570463284945,0.9410281642874342,0.0,10.37,0.3448275862068966,14.020992128065922,27.0,58,20,0,1,0,normal
1,460.0,61,0.7792279833581179,0.9675303391467687,0.025,6.68,0.475,16.17487207364981,10.0,40,19,1,1,0,normal
1,460.0,62,0.7284144509524464,0.9668314649800811,0.05,0.0,0.95,15.796573499349641,10.0,40,38,2,2,0,normal
1,460.0,63,0.8032078170413472,0.23703092498284786,0.956989247311828,17.49,0.043010752688172046,38.454138675308116,34.0,93,4,89,5,1,blackhole
1,460.0,64,0.8102721982930453,1.0,0.0,14.65,0.0,15.0,21.0,14,0,0,0,1,greyhole
1,460.0,65,0.8935332437736736,0.9466363684942174,0.03333333333333333,13.64,0.9666666666666667,24.176807015096188,31.0,60,58,2,3,0,normal
1,460.0,66,0.7748912274519023,0.9428773352381435,0.025,24.68,0.975,20.29601983758713,20.0,80,78,2,4,0,normal
1,460.0,67,0.746019689065028,0.9979640323367477,0.0,7.3,0.5128205128205128,23.701141418560606,15.0,39,20,0,1,0,normal
1,460.0,68,0.7475978972745524,0.9982777141952404,0.0,15.92,1.0,20.21568670436124,29.0,20,20,0,1,0,normal
1,460.0,69,0.8250856303798226,0.9745686694550522,0.017241379310344827,6.0,0.3275862068965517,14.754145782868903,9.0,58,19,1,1,0,normal
1,460.0,70,0.7800897376524043,0.9466184632933534,0.02654867256637168,13.27,0.672566371681416,15.61635211349508,31.0,226,152,6,8,0,normal
1,460.0,71,0.7375755411401612,1.0,0.0,12.17,0.75,20.591747511740255,31.0,80,60,0,3,0,normal
1,460.0,72,0.8204095985147577,0.952643906463776,0.03333333333333333,14.72,0.9666666666666667,18.42780458251108,15.0,60,58,2,3,0,normal
1,460.0,73,0.8046671222670685,0.9894547394048115,0.016666666666666666,6.99,0.9833333333333333,14.803688579345705,19.0,60,59,1,3,0,normal
1,460.0,74,0.7748230418835722,1.0,0.0,5.27,0.7605633802816901,16.124011801802563,36.0,71,54,0,3,0,normal
1,460.0,75,0.7560130226048828,0.6163072958478293,0.12598425196850394,22.17,0.7165354330708661,3.8164853832773407,31.0,127,91,16,6,1,wormhole
1,460.0,76,0.7526921480624826,0.9940352719837452,0.0,0.0,0.39215686274509803,15.32232102423151,6.0,102,40,0,2,0,normal
1,460.0,77,0.8099906431956946,0.9148487330360779,0.03508771929824561,6.68,0.3157894736842105,16.613068014220424,38.0,57,18,2,1,0,normal
1,460.0,78,0.7614508379608248,0.9577886344805521,0.0,8.0,0.3333333333333333,17.337369713411817,20.0,60,20,0,1,0,normal
1,460.0,79,0.7834227184048332,0.9582524800233698,0.05,0.0,0.95,14.307104349498278,5.0,40,38,2,2,0,normal
1,460.0,80,0.8416820818838593,0.9932501716999546,0.0,5.77,1.0,15.0,16.0,0,0,0,0,0,normal
1,460.0,81,0.8232942818777262,0.9971806505370497,0.0,19.68,1.0,15.0,9.0,0,0,0,0,0,normal
1,460.0,82,0.7403095307619294,0.9803952302628812,0.0,5.32,0.24096385542168675,20.642689585631558,11.0,83,20,0,1,0,normal
1,460.0,83,0.83083538782477,0.9460432339653997,0.075,24.24,0.925,15.859351671583404,34.0,40,37,3,2,0,normal
1,460.0,84,0.7581526737246616,0.9708902875719387,0.0,13.14,1.0,16.041714220242977,32.0,59,59,0,3,0,normal
1,460.0,85,0.7450142030869442,0.5785378556087982,0.10362694300518134,0.0,0.689119170984456,3.909576053389217,30.0,193,133,20,10,1,wormhole
1,460.0,86,0.7837379530255475,0.9099481695286424,0.061855670103092786,22.47,0.7628865979381443,18.429830541646286,15.0,97,74,6,4,0,normal
1,460.0,87,0.8212176786819789,1.0,0.0,0.0,0.3389830508474576,24.09806748793045,18.0,59,20,0,1,0,normal
1,460.0,88,0.7293176183949319,1.0,0.0,6.85,0.5263157894736842,14.624555684047678,32.0,38,20,0,1,0,normal
1,460.0,89,0.7692137942131476,1.0,0.0,24.6,0.6666666666666666,8.471770788252652,5.0,30,20,0,1,0,normal
1,460.0,90,0.7817588134421656,0.9287221835946737,0.075,11.96,0.925,14.855866345838262,34.0,40,37,3,2,0,normal
1,460.0,91,0.7804158873666744,0.9735648249787315,0.0,6.39,0.6,16.711478655859207,32.0,100,60,0,3,0,normal
1,460.0,92,0.7561353631910868,0.9664805949661531,0.008403361344537815,6.43,0.4957983193277311,14.78080166948493,33.0,119,59,1,3,0,normal
1,460.0,93,0.8085682468900013,0.9645274092045634,0.0,0.0,0.5263157894736842,22.375494763361957,12.0,38,20,0,1,0,normal
1,460.0,94,0.8637650306166506,1.0,0.0,7.09,0.40816326530612246,16.179362037687984,31.0,98,40,0,2,0,normal
1,460.0,95,0.828386552081651,0.994632656586733,0.0,23.69,0.5882352941176471,18.253213932021545,17.0,34,20,0,1,0,normal
1,460.0,96,0.8780064267328846,0.9664655609361366,0.012987012987012988,8.26,0.5064935064935064,19.71164608554374,30.0,77,39,1,2,0,normal
1,460.0,97,0.7710844208077426,0.9473326538453987,0.0,5.43,0.6779661016949152,15.872796429963234,16.0,59,40,0,2,0,normal
1,460.0,98,0.7497363529040029,0.990918078225801,0.0,16.07,0.8144329896907216,21.840181000787418,33.0,97,79,0,4,0,normal
1,460.0,99,0.756444327709456,0.9614997889273612,0.007751937984496124,9.25,0.6124031007751938,14.641740037354303,27.0,129,79,1,4,0,normal
1,470.0,0,0.4088252839414674,0.604337750887674,0.525,0.0,0.475,28.283908466502073,12.0,80,38,42,4,1,greyhole
1,470.0,1,0.4609638793705748,0.9241308580588512,0.011363636363636364,22.34,0.9829545454545454,16.33001037509478,18.0,176,173,2,11,0,normal
1,470.0,2,0.40466907501873683,0.9183037852029697,0.01597444089456869,0.0,0.8690095846645367,18.557599244022946,27.0,313,272,5,14,0,normal
1,470.0,3,0.5392406760931423,0.8839907891824725,0.020588235294117647,11.59,0.9794117647058823,16.880592937756095,32.0,340,333,7,18,0,normal
1,470.0,4,0.5787778986600894,0.9084196754673647,0.021164021164021163,14.34,0.8783068783068783,15.650129312781896,23.0,189,166,4,9,0,normal
1,470.0,5,0.6513744369063721,0.9961971817088795,0.0,0.0,1.0,15.0,9.0,0,0,0,0,0,normal
1,470.0,6,0.44425919684778675,0.9796365174992188,0.008403361344537815,7.54,0.8319327731092437,16.194395633669398,31.0,119,99,1,6,0,normal
1,470.0,7,0.6996486484388496,0.9339495171080348,0.018691588785046728,0.0,0.9158878504672897,18.043394899065728,33.0,214,196,4,11,0,normal
1,470.0,8,0.6185770593058747,1.0,0.0,10.93,0.0,15.0,14.0,34,0,0,0,0,normal
1,470.0,9,0.7599693078354792,0.2644785580056042,0.9183673469387755,0.0,0.08163265306122448,37.63462154661043,30.0,98,8,90,7,1,blackhole
1,470.0,10,0.6396289786536411,0.6518757978844897,0.3885350318471338,8.47,0.3630573248407643,27.860923536286744,24.0,157,57,61,6,1,greyhole
1,470.0,11,0.726643151587947,0.9623045881632707,0.024390243902439025,19.45,0.9512195121951219,10.319406751628147,29.0,41,39,1,2,0,normal
1,470.0,12,0.6986145025773742,0.9318732399497581,0.008064516129032258,0.0,0.6370967741935484,19.818762262070454,25.0,124,79,1,4,0,normal
1,470.0,13,0.5909672276639782,0.6108044553531073,0.15151515151515152,6.48,0.8282828282828283,4.335531319328741,15.0,99,82,15,5,1,wormhole
1,470.0,14,0.7037641409024438,0.9423975241617452,0.045454545454545456,15.02,0.9545454545454546,17.28046095372509,13.0,22,21,1,2,0,normal
1,470.0,15,0.634341178957079,1.0,0.0,5.43,0.5,8.71374765020365,17.0,40,20,0,1,0,normal
1,470.0,16,0.6526818932720289,0.9560521714852604,0.008547008547008548,6.44,0.6666666666666666,13.076266825416464,25.0,234,156,2,8,0,normal
1,470.0,17,0.7614317032964643,0.9207961260014548,0.0,24.36,0.5128205128205128,11.2885327143426,24.0,39,20,0,1,0,normal
1,470.0,18,0.7341021799862897,0.9287096781729429,0.025,18.33,0.7125,15.838569733625903,18.0,80,57,2,3,0,normal
1,470.0,19,0.7437524182129165,0.972517798484668,0.020833333333333332,16.75,0.8125,11.450967960695772,17.0,96,78,2,4,0,normal
1,470.0,20,0.7033120589801397,0.9574395744333689,0.0,5.47,0.8783783783783784,16.875213435803275,35.0,148,130,0,7,0,normal
1,470.0,21,0.7433207183615487,0.9450043604982483,0.05,9.38,0.95,20.036033479621523,14.0,40,38,2,2,0,normal
1,470.0,22,0.6788321487944567,0.9164050156705326,0.023255813953488372,19.86,0.9767441860465116,15.965084343771593,22.0,215,210,5,12,0,normal
1,470.0,23,0.792594540617078,0.9549717014652291,0.01694915254237288,13.97,0.6440677966101694,16.097742985261462,24.0,59,38,1,2,0,normal
1,470.0,24,0.7665410346299403,0.9499075725973851,0.0,16.24,0.5064935064935064,14.201332768364114,24.0,77,39,0,2,0,normal
1,470.0,25,0.7587267223461941,0.9639288302699416,0.02666666666666667,17.46,0.5066666666666667,14.347694997713365,18.0,150,76,4,4,0,normal
1,470.0,26,0.8283133273504402,1.0,0.0,7.5,0.5,9.259354713584344,11.0,40,20,0,1,0,normal
1,470.0,27,0.6972941792155698,0.9893781894806569,0.0,9.17,0.0,15.0,20.0,49,0,0,0,0,normal
1,470.0,28,0.7199986646303703,0.9941960454459089,0.01652892561983471,18.43,0.6446280991735537,15.784662374272225,16.0,121,78,2,4,0,normal
1,470.0,29,0.739170848919404,0.2634377903310837,0.8825503355704698,22.78,0.050335570469798654,34.1472683312794,15.0,298,15,263,17,1,blackhole
1,470.0,30,0.6723645902881447,0.9367809499594261,0.0,0.0,0.48717948717948717,24.842634141011143,25.0,39,19,0,1,0,normal
1,470.0,31,0.773234946387477,0.9220376415181116,0.02654867256637168,0.0,0.8672566371681416,17.490568929856064,31.0,113,98,3,6,0,normal
1,470.0,32,0.7243075988862342,0.9622781870591245,0.01694915254237288,11.74,0.9830508474576272,22.907706604237827,33.0,59,58,1,3,0,normal
1,470.0,33,0.6735673687914908,0.93931021234623,0.0,17.92,0.6896551724137931,12.568407812581851,28.0,29,20,0,1,0,normal
1,470.0,34,0.8330909453608997,0.9495226538176198,0.04,13.11,0.96,17.033981536219443,19.0,75,72,3,4,0,normal
1,470.0,35,0.7627120367447758,0.5715980546519263,0.5833333333333334,18.07,0.020833333333333332,38.16080912992263,28.0,96,2,56,3,1,blackhole
1,470.0,36,0.7762671531430022,1.0,0.0,0.0,1.0,15.0,4.0,0,0,0,0,0,normal
1,470.0,37,0.7139726494717797,0.9349469419720926,0.04,14.15,0.96,18.109415937766624,15.0,175,168,7,9,0,normal
1,470.0,38,0.6944313551630245,0.9724349634372081,0.025,13.45,0.975,18.363902640113785,29.0,80,78,2,5,0,normal
1,470.0,39,0.7061390103956243,1.0,0.0,0.0,0.46511627906976744,9.236937531729938,5.0,86,40,0,2,0,normal
1,470.0,40,0.7217897677047885,0.8921220515702516,0.015228426395939087,6.09,0.883248730964467,16.296489200058023,26.0,197,174,3,9,0,normal
1,470.0,41,0.8127834651190703,0.9697742226223953,0.01694915254237288,17.54,0.6779661016949152,17.12592240741429,16.0,59,40,1,3,0,normal
1,470.0,42,0.83256524153778,0.9896423042307684,0.017543859649122806,23.34,0.6842105263157895,21.87191677019572,14.0,57,39,1,2,0,normal
1,470.0,43,0.7424855994881597,1.0,0.0,5.02,1.0,11.896411776030796,4.0,40,40,0,2,0,normal
1,470.0,44,0.761527535609249,0.9508187157877274,0.00625,12.38,0.74375,17.176566220736927,32.0,160,119,1,6,0,normal
1,470.0,45,0.7990443604451762,1.0,0.0,5.61,0.0,15.0,20.0,41,0,0,0,1,greyhole
1,470.0,46,0.6710506680804538,0.5702368934989182,0.16083916083916083,14.1,0.7202797202797203,3.9530185401664,16.0,143,103,23,7,1,wormhole
1,470.0,47,0.8540986338181085,0.9650254726525181,0.005025125628140704,0.0,0.7989949748743719,17.7957061330302,28.0,199,159,1,8,0,normal
1,470.0,48,0.8060542628396434,0.9942520246344181,0.01694915254237288,6.45,0.6610169491525424,9.190544870714287,28.0,59,39,1,2,0,normal
1,470.0,49,0.7257635763980645,0.980615212080623,0.0,5.21,0.5063291139240507,14.829676064025726,34.0,79,40,0,2,0,normal
1,470.0,50,0.7484264359448686,0.9950863557768994,0.0,7.62,0.5,22.604380359538162,7.0,40,20,0,1,0,normal
1,470.0,51,0.8288940270848213,0.9931449837087386,0.0,6.49,1.0,11.269506920932134,24.0,40,40,0,2,0,normal
1,470.0,52,0.7704425647675239,0.9754726415166605,0.004329004329004329,17.66,0.341991341991342,18.15453287841617,26.0,231,79,1,4,0,normal
1,470.0,53,0.8423148119421937,0.9706726576977476,0.01694915254237288,7.8,0.3220338983050847,11.140435525153023,11.0,59,19,1,1,0,normal
1,470.0,54,0.8518821071133786,1.0,0.0,9.43,0.0,15.0,22.0,20,0,0,0,0,normal
1,470.0,55,0.7287974397047863,0.9724998503215214,0.008403361344537815,0.0,0.8319327731092437,14.965591143113496,14.0,119,99,1,5,0,normal
1,470.0,56,0.7252109590256397,0.9568412740740562,0.0,11.51,1.0,18.211855018285572,16.0,20,20,0,1,0,normal
1,470.0,57,0.7328858312682973,0.934237251139049,0.011627906976744186,7.54,0.7558139534883721,15.329025818439423,21.0,86,65,1,4,0,normal
1,470.0,58,0.7775442662979549,1.0,0.007874015748031496,0.0,0.4645669291338583,24.233470191731655,10.0,127,59,1,3,0,normal
1,470.0,59,0.7099273020329009,0.9909201867524331,0.0,7.09,0.8108108108108109,12.890557736327962,7.0,74,60,0,3,0,normal
1,470.0,60,0.7535170463284944,0.9695263231982552,0.0,10.37,0.5405405405405406,13.639232825403093,34.0,37,20,0,1,0,normal
1,470.0,61,0.7780679833581179,0.9476713960374278,0.02564102564102564,6.68,0.48717948717948717,11.610312539518906,17.0,39,19,1,1,0,normal
1,470.0,62,0.7256144509524464,1.0,0.0,14.67,0.6666666666666666,16.855474086381815,18.0,60,40,0,2,0,normal
1,470.0,63,0.8003678170413473,0.605089698778148,0.4661016949152542,17.49,0.03389830508474576,38.38466780979547,35.0,118,4,55,3,1,blackhole
1,470.0,64,0.8092521982930453,0.6431443330186513,0.45,14.65,0.55,20.204086504241392,14.0,20,11,9,1,1,greyhole
1,470.0,65,0.8907332437736736,0.9917486585963131,0.0,13.64,0.6666666666666666,17.44286116481611,34.0,60,40,0,2,0,normal
1,470.0,66,0.7722312274519023,0.9244884378899689,0.017543859649122806,0.0,0.9824561403508771,12.796914819636811,26.0,57,56,1,3,0,normal
1,470.0,67,0.745299689065028,1.0,0.0,7.3,0.0,15.0,11.0,36,0,0,0,0,normal
1,470.0,68,0.7475978972745524,1.0,0.0,15.92,1.0,15.0,24.0,0,0,0,0,0,normal
1,470.0,69,0.8246656303798227,1.0,0.0,0.0,0.0,15.0,12.0,21,0,0,0,0,normal
1,470.0,70,0.7754497376524043,0.9901312541453324,0.017094017094017096,13.27,0.6410256410256411,18.168443308603692,34.0,117,75,2,4,0,normal
1,470.0,71,0.7359755411401613,0.9528327508618515,0.0,12.17,0.5,12.829855060994058,23.0,40,20,0,1,0,normal
1,470.0,72,0.8204095985147577,1.0,0.0,14.72,1.0,15.0,12.0,0,0,0,0,0,normal
1,470.0,73,0.8027271222670684,0.9851427594965845,0.0,6.99,0.3508771929824561,16.864467850413128,24.0,57,20,0,1,0,normal
1,470.0,74,0.7740630418835722,0.9744670567596996,0.0,5.27,0.0,15.0,30.0,38,0,0,0,0,normal
1,470.0,75,0.7529330226048828,0.6741397648853277,0.06779661016949153,0.0,0.9322033898305084,5.045672141128047,22.0,59,55,4,3,1,wormhole
1,470.0,76,0.7526921480624826,0.9980563553825013,0.0,21.0,1.0,15.0,7.0,0,0,0,0,0,normal
1,470.0,77,0.8044106431956946,0.9587163818291735,0.0,6.68,0.6722689075630253,16.828829044416345,31.0,119,80,0,4,0,normal
1,470.0,78,0.7563308379608249,0.9512028990833232,0.02158273381294964,8.0,0.41007194244604317,19.0045496901125,31.0,139,57,3,3,0,normal
1,470.0,79,0.7770627184048332,0.98656768309369,0.008403361344537815,20.09,0.8319327731092437,16.15788223761603,6.0,119,99,1,5,0,normal
1,470.0,80,0.8385020818838593,1.0,0.0,5.77,0.5063291139240507,10.686550001493202,19.0,79,40,0,2,0,normal
1,470.0,81,0.8216742818777262,0.9777528310582354,0.0,0.0,0.4878048780487805,23.19172459406615,7.0,41,20,0,1,0,normal
1,470.0,82,0.7384495307619294,0.9944304687022074,0.018518518518518517,5.32,0.35185185185185186,18.895122595752014,10.0,54,19,1,1,0,normal
1,470.0,83,0.8301353878247699,0.8587471898483888,0.15789473684210525,24.24,0.8421052631578947,15.102778744466734,32.0,19,16,3,1,0,normal
1,470.0,84,0.7566526737246616,0.9864960098632687,0.017857142857142856,13.14,0.3392857142857143,15.46184481509785,30.0,56,19,1,1,0,normal
1,470.0,85,0.7358742030869443,0.6059792420775523,0.11194029850746269,12.78,0.7052238805970149,4.690665788922271,27.0,268,189,30,12,1,wormhole
1,470.0,86,0.7837379530255475,1.0,0.0,22.47,1.0,15.0,10.0,0,0,0,0,0,normal
1,470.0,87,0.820817678681979,1.0,0.0,24.67,0.0,15.0,15.0,20,0,0,0,0,normal
1,470.0,88,0.7265176183949319,0.9679877954774658,0.0,6.85,0.6666666666666666,17.23338400626716,27.0,60,40,0,2,0,normal
1,470.0,89,0.7642137942131476,0.9504325526757126,0.022556390977443608,0.0,0.42857142857142855,14.267017220279612,3.0,133,57,3,3,0,normal
1,470.0,90,0.7734788134421656,0.9260291932546052,0.0111731843575419,11.96,0.7541899441340782,17.331458187848863,30.0,179,135,2,7,0,normal
1,470.0,91,0.7776358873666745,0.9352785990508635,0.0,6.39,0.6779661016949152,10.946714368917196,34.0,59,40,0,2,0,normal
1,470.0,92,0.7533153631910867,0.9911315353630168,0.0196078431372549,6.43,0.9803921568627451,16.238172967854602,31.0,51,50,1,3,0,normal
1,470.0,93,0.8025682468900013,1.0,0.0,18.2,1.0,15.652636217783485,13.0,100,100,0,5,0,normal
1,470.0,94,0.8586050306166505,0.9675794174385678,0.02,7.09,0.78,15.380670107330559,34.0,100,78,2,4,0,normal
1,470.0,95,0.824446552081651,0.9373597411244385,0.02531645569620253,0.0,0.7341772151898734,12.861513652192267,13.0,79,58,2,3,0,normal
1,470.0,96,0.8764064267328846,1.0,0.0,8.26,0.5,23.672346078037677,25.0,40,20,0,1,0,normal
1,470.0,97,0.7685644208077427,0.9990114805917176,0.0,5.43,0.8695652173913043,18.52699408941272,22.0,46,40,0,2,0,normal
1,470.0,98,0.747376352904003,0.9980910817448699,0.05,16.07,0.95,13.477906216116306,27.0,40,38,2,2,0,normal
1,470.0,99,0.755444327709456,0.9645210721702028,0.0,9.25,0.7241379310344828,15.354803270026725,26.0,29,21,0,2,0,normal
1,480.0,0,0.4066852839414674,0.5895271422936892,0.5,19.18,0.5,24.112071721662474,14.0,58,29,29,3,1,greyhole
1,480.0,1,0.4505638793705748,0.9524686824411867,0.00796812749003984,0.0,0.9123505976095617,17.580384109840484,11.0,251,229,2,12,0,normal
1,480.0,2,0.39956907501873684,0.9670857825313461,0.0072992700729927005,21.61,0.7153284671532847,15.334498920332205,19.0,137,98,1,5,0,normal
1,480.0,3,0.5273006760931424,0.8744857818732323,0.0189873417721519,11.59,0.8892405063291139,18.012039402921744,31.0,316,281,6,16,0,normal
1,480.0,4,0.5674978986600895,0.9063104533818991,0.03367003367003367,14.34,0.898989898989899,16.79500689402791,29.0,297,267,10,17,0,normal
1,480.0,5,0.6498544369063721,0.9926036713057056,0.02702702702702703,10.01,0.5135135135135135,11.273865617770213,9.0,37,19,1,1,0,normal
1,480.0,6,0.42283919684778676,0.863120661234532,0.023032629558541268,7.54,0.9404990403071017,19.621300721796107,33.0,521,490,12,27,0,normal
1,480.0,7,0.6940486484388496,0.966590133856788,0.013245033112582781,24.56,0.7218543046357616,19.780029581985673,26.0,151,109,2,6,0,normal
1,480.0,8,0.6136370593058746,0.9821395731744811,0.03333333333333333,10.93,0.8555555555555555,16.840765163091497,8.0,90,77,3,4,0,normal
1,480.0,9,0.7571693078354792,0.3011389469578424,0.9196428571428571,22.6,0.07142857142857142,37.88533163417506,30.0,112,8,103,6,1,blackhole
1,480.0,10,0.6337289786536411,0.7741129325348808,0.30656934306569344,8.47,0.4233576642335766,19.65773417418855,13.0,137,58,42,5,1,greyhole
1,480.0,11,0.7183231515879469,0.9221803762554395,0.00558659217877095,19.45,0.8770949720670391,17.295853614502388,34.0,179,157,1,9,0,normal
1,480.0,12,0.6870145025773742,0.9474542620661451,0.014705882352941176,17.3,0.9852941176470589,19.900146078080965,33.0,272,268,4,15,0,normal
1,480.0,13,0.5827072276639782,0.590385447090905,0.1201923076923077,6.48,0.7932692307692307,3.896323850083669,17.0,208,165,25,10,1,wormhole
1,480.0,14,0.7034841409024438,1.0,0.0,0.0,0.0,15.0,6.0,14,0,0,0,0,normal
1,480.0,15,0.628601178957079,0.9966787653549078,0.0,5.43,0.6882352941176471,16.878636088929866,13.0,170,117,0,6,0,normal
1,480.0,16,0.6526818932720289,0.9703168993129574,0.0,6.44,1.0,15.0,20.0,0,0,0,0,0,normal
1,480.0,17,0.7553917032964642,0.982003221674714,0.005,24.36,0.51,15.72430374581067,29.0,200,102,1,7,0,normal
1,480.0,18,0.7338021799862896,0.9993465063390292,0.0,18.33,0.0,15.0,26.0,15,0,0,0,0,normal
1,480.0,19,0.7406124182129166,0.9892446215074245,0.01020408163265306,16.75,0.3979591836734694,21.41753886157365,30.0,98,39,1,2,0,normal
1,480.0,20,0.7003120589801397,0.9064851861128527,0.012195121951219513,5.47,0.5853658536585366,16.24087472330052,34.0,82,48,1,3,0,normal
1,480.0,21,0.7421207183615486,1.0,0.0,9.38,1.0,12.253588066777066,14.0,20,20,0,1,0,normal
1,480.0,22,0.6764721487944567,0.9838301212635131,0.05,19.86,0.95,15.343506111278096,36.0,40,38,2,2,0,normal
1,480.0,23,0.7902145406170781,1.0,0.025,13.97,0.975,17.961859174380926,33.0,40,39,1,2,0,normal
1,480.0,24,0.7659210346299403,0.9932587675229854,0.0,16.24,0.0,15.0,18.0,31,0,0,0,0,normal
1,480.0,25,0.7571467223461941,0.9979035949479116,0.0,17.46,0.5128205128205128,18.235918935577253,28.0,39,20,0,1,0,normal
1,480.0,26,0.8275533273504402,1.0,0.0,7.5,0.0,15.0,13.0,38,0,0,0,0,normal
1,480.0,27,0.6875941792155698,0.9772401975606662,0.009389671361502348,9.17,0.8075117370892019,17.204662392461493,18.0,213,172,2,9,0,normal
1,480.0,28,0.7158586646303703,0.9571772315016791,0.031578947368421054,0.0,0.968421052631579,14.317385778393279,17.0,95,92,3,6,0,normal
1,480.0,29,0.733910848919404,0.2124971867862575,0.9675925925925926,0.0,0.032407407407407406,35.061480357464426,28.0,216,7,209,11,1,blackhole
1,480.0,30,0.6699845902881446,0.9893071881488423,0.025,5.22,0.975,14.196886394880007,26.0,40,39,1,2,0,normal
1,480.0,31,0.768114946387477,0.9989221756206714,0.02040816326530612,10.03,0.7959183673469388,21.12217583655729,34.0,98,78,2,4,0,normal
1,480.0,32,0.7185275988862342,0.9533411786190813,0.0,11.74,0.7089552238805971,16.183079120625827,37.0,134,95,0,5,0,normal
1,480.0,33,0.6701073687914909,0.9264221104399692,0.031578947368421054,17.92,0.6105263157894737,16.9675428473201,36.0,95,58,3,4,0,normal
1,480.0,34,0.8209509453608996,0.9362795635279503,0.006389776357827476,13.11,0.8115015974440895,17.64478658111056,24.0,313,254,2,13,0,normal
1,480.0,35,0.7607520367447758,0.5155482182262513,0.6842105263157895,0.0,0.017543859649122806,34.17665453636106,19.0,57,1,39,2,1,blackhole
1,480.0,36,0.7743671531430022,1.0,0.017857142857142856,18.32,0.3392857142857143,21.36879928664523,6.0,56,19,1,1,0,normal
1,480.0,37,0.7118726494717798,1.0,0.0,14.15,0.8888888888888888,16.068237724164405,19.0,45,40,0,2,0,normal
1,480.0,38,0.6916913551630245,1.0,0.01020408163265306,13.45,0.19387755102040816,19.211622176631366,24.0,98,19,1,1,0,normal
1,480.0,39,0.7057390103956243,1.0,0.0,10.86,0.0,15.0,10.0,20,0,0,0,0,normal
1,480.0,40,0.7161497677047886,0.997823490337032,0.034722222222222224,6.09,0.8194444444444444,18.747395034721063,22.0,144,118,5,7,0,normal
1,480.0,41,0.8124034651190704,0.9797642300908761,0.0,17.54,0.0,15.0,32.0,19,0,0,0,0,normal
1,480.0,42,0.83096524153778,1.0,0.0,23.34,0.5,24.52046696215739,28.0,40,20,0,1,0,normal
1,480.0,43,0.7417655994881598,1.0,0.0,5.02,0.0,15.0,4.0,36,0,0,0,0,normal
1,480.0,44,0.757867535609249,0.9471598696461466,0.023255813953488372,12.38,0.6627906976744186,15.679209705206908,33.0,86,57,2,3,0,normal
1,480.0,45,0.7970643604451761,0.6097434035450787,0.5609756097560976,5.61,0.43902439024390244,27.034038481947704,19.0,41,18,23,3,1,greyhole
1,480.0,46,0.6682906680804538,0.6582735734948234,0.14666666666666667,0.0,0.84,4.82872183649728,8.0,75,63,11,4,1,wormhole
1,480.0,47,0.8489386338181084,0.9790479716142866,0.02,16.02,0.78,16.465474985803713,40.0,100,78,2,4,0,normal
1,480.0,48,0.8030142628396435,0.9582546451794722,0.020618556701030927,6.45,0.5670103092783505,16.89278271391011,28.0,97,55,2,3,0,normal
1,480.0,49,0.7211035763980645,0.9414971677892932,0.008620689655172414,5.21,0.8362068965517241,14.455776456882077,33.0,116,97,1,5,0,normal
1,480.0,50,0.7472064359448686,0.9378755552646462,0.045454545454545456,7.62,0.8636363636363636,8.789853380168168,8.0,22,19,1,1,0,normal
1,480.0,51,0.8253740270848212,1.0,0.010309278350515464,6.49,0.4020618556701031,14.210448036129444,16.0,97,39,1,2,0,normal
1,480.0,52,0.7648625647675239,1.0,0.0,17.66,0.99,16.8226992028185,36.0,100,99,0,5,0,normal
1,480.0,53,0.8422548119421936,0.946622804205531,0.0,7.8,0.5,17.61678033933232,10.0,2,1,0,1,0,normal
1,480.0,54,0.8518821071133786,1.0,0.0,9.43,1.0,15.0,18.0,0,0,0,0,0,normal
1,480.0,55,0.7272774397047863,1.0,0.0,14.27,0.5555555555555556,17.83476561473146,13.0,36,20,0,1,0,normal
1,480.0,56,0.7200709590256398,0.9750857377620512,0.014388489208633094,0.0,0.4172661870503597,16.791366584113376,12.0,139,58,2,3,0,normal
1,480.0,57,0.7298658312682973,0.9870424237985033,0.012195121951219513,7.54,0.5975609756097561,19.67829733952365,15.0,82,49,1,3,0,normal
1,480.0,58,0.7755642662979549,1.0,0.0,18.52,0.3389830508474576,21.05475917917228,7.0,59,20,0,1,0,normal
1,480.0,59,0.7063273020329008,1.0,0.0,7.09,1.0,20.15010606084163,8.0,60,60,0,3,0,normal
1,480.0,60,0.7507370463284945,0.9456582281384326,0.03278688524590164,0.0,0.6229508196721312,16.62712626890999,35.0,61,38,2,2,0,normal
1,480.0,61,0.7731679833581179,0.9907395920869457,0.008849557522123894,6.68,0.9911504424778761,16.36348122458361,22.0,113,112,1,6,0,normal
1,480.0,62,0.7228944509524464,0.9822066784315369,0.034482758620689655,14.67,0.6551724137931034,14.539643281024816,22.0,58,38,2,2,0,normal
1,480.0,63,0.7982678170413473,0.29105445004688035,0.9344262295081968,17.49,0.06557377049180328,33.9209103174033,23.0,61,4,57,4,1,blackhole
1,480.0,64,0.8075121982930453,0.9091074841411584,0.14545454545454545,14.65,0.21818181818181817,29.037642267943355,9.0,55,12,8,1,1,greyhole
1,480.0,65,0.8808932437736736,0.9762357584324376,0.004651162790697674,13.64,0.8232558139534883,15.18973392206293,27.0,215,177,1,9,0,normal
1,480.0,66,0.7694912274519023,0.9699053618303266,0.05,24.42,0.6166666666666667,17.836120256444158,28.0,60,37,3,2,0,normal
1,480.0,67,0.740139689065028,1.0,0.02,7.3,0.78,16.408839465220908,8.0,100,78,2,4,0,normal
1,480.0,68,0.7444378972745525,0.9595440413740085,0.03333333333333333,15.92,0.9666666666666667,16.09981211463236,14.0,60,58,2,3,0,normal
1,480.0,69,0.8219456303798227,0.971541950964778,0.03508771929824561,8.58,0.6842105263157895,19.762477315709926,9.0,57,39,2,3,0,normal
1,480.0,70,0.7702497376524043,0.9606710463139971,0.01680672268907563,13.27,0.680672268907563,16.18748966364825,35.0,119,81,2,5,0,normal
1,480.0,71,0.7352155411401613,0.9544802232578984,0.0,12.17,1.0,9.262357614967563,16.0,19,19,0,1,0,normal
1,480.0,72,0.8186095985147577,0.955503648259672,0.0196078431372549,14.72,0.37254901960784315,11.85970685693607,5.0,51,19,1,1,0,normal
1,480.0,73,0.8003671222670685,0.9750900384435525,0.05,6.99,0.95,16.871042701855625,32.0,40,38,2,2,0,normal
1,480.0,74,0.7724830418835722,0.9873263221482331,0.0,5.27,0.5128205128205128,10.276845988741353,28.0,39,20,0,1,0,normal
1,480.0,75,0.7501930226048827,0.761092105606393,0.012658227848101266,11.85,0.4810126582278481,4.711444489001103,15.0,79,38,1,2,1,wormhole
1,480.0,76,0.7514921480624827,1.0,0.0,21.0,0.4634146341463415,11.714513850959898,16.0,41,19,0,1,0,normal
1,480.0,77,0.8028106431956945,1.0,0.0,6.68,0.5,22.025756424034128,30.0,40,20,0,1,0,normal
1,480.0,78,0.7563308379608249,1.0,0.0,8.0,1.0,15.0,36.0,0,0,0,0,0,normal
1,480.0,79,0.7750627184048332,0.9688664693276303,0.0,20.09,0.3333333333333333,23.706692634812665,28.0,60,20,0,1,0,normal
1,480.0,80,0.8369220818838593,1.0,0.0,5.77,0.5128205128205128,13.96466208040822,22.0,39,20,0,1,0,normal
1,480.0,81,0.8216742818777262,1.0,0.0,17.38,1.0,15.0,12.0,0,0,0,0,0,normal
1,480.0,82,0.7337895307619294,0.9848671602397153,0.017391304347826087,0.0,0.5043478260869565,12.06956230050997,5.0,115,58,2,3,0,normal
1,480.0,83,0.82809538782477,0.982501417077462,0.015873015873015872,24.24,0.30158730158730157,15.440738755487741,11.0,63,19,1,1,0,normal
1,480.0,84,0.7538526737246616,0.9902349602128935,0.0,13.14,0.6666666666666666,18.479812702601407,22.0,60,40,0,2,0,normal
1,480.0,85,0.7279342030869442,0.6290221631425613,0.10270270270270271,12.78,0.7135135135135136,4.197140837705237,36.0,185,132,19,8,1,wormhole
1,480.0,86,0.7786179530255475,1.0,0.02040816326530612,0.0,0.7959183673469388,19.448979319595267,6.0,98,78,2,4,0,normal
1,480.0,87,0.8192376786819789,0.9600442653789856,0.025,0.0,0.475,17.40145535907633,10.0,40,19,1,1,0,normal
1,480.0,88,0.7241576183949319,1.0,0.05,6.85,0.95,13.146825090912321,20.0,40,38,2,2,0,normal
1,480.0,89,0.7638137942131475,0.9852598145199921,0.0,20.48,0.0,15.0,6.0,20,0,0,0,0,normal
1,480.0,90,0.7702788134421656,1.0,0.0,11.96,0.5,11.662307118633379,24.0,80,40,0,2,0,normal
1,480.0,91,0.7760558873666745,0.9722064888058103,0.0,6.39,0.5128205128205128,9.559141393606238,25.0,39,20,0,1,0,normal
1,480.0,92,0.7519353631910868,0.9756744582522039,0.0196078431372549,6.43,0.35294117647058826,19.505610141057556,35.0,51,18,1,1,0,normal
1,480.0,93,0.7975082468900013,0.9808944708346974,0.0,18.2,0.45112781954887216,16.630160044783977,14.0,133,60,0,3,0,normal
1,480.0,94,0.8551050306166506,0.9670208837408397,0.0,7.09,0.5979381443298969,17.35698306067755,32.0,97,58,0,3,0,normal
1,480.0,95,0.822146552081651,1.0,0.015625,8.24,0.484375,19.199792565618424,23.0,64,31,1,2,0,normal
1,480.0,96,0.8748064267328847,0.9943281375583275,0.0,0.0,0.5,16.689067272878187,21.0,40,20,0,1,0,normal
1,480.0,97,0.7669644208077426,0.982577894155105,0.0,5.43,0.5,14.41168949603988,24.0,40,20,0,1,0,normal
1,480.0,98,0.7446563529040029,0.9846301215457512,0.0,0.0,0.7142857142857143,14.404074698383507,28.0,56,40,0,2,0,normal
1,480.0,99,0.754864327709456,1.0,0.0,9.25,0.0,15.0,19.0,29,0,0,0,0,normal
1,490.0,0,0.4022852839414674,0.7566654555343502,0.36065573770491804,19.18,0.3114754098360656,23.418591205744793,17.0,122,38,44,5,1,greyhole
1,490.0,1,0.44982387937057483,0.9578596620566732,0.0,5.44,0.0,15.0,7.0,37,0,0,0,0,normal
1,490.0,2,0.39134907501873684,0.9258590843271889,0.0335195530726257,0.0,0.9608938547486033,17.1249730678487,14.0,179,172,6,10,0,normal
1,490.0,3,0.5106006760931423,0.9002414254043091,0.030732860520094562,11.59,0.9267139479905437,15.03459574182869,30.0,423,392,13,21,0,normal
1,490.0,4,0.5613378986600894,0.9213487043963988,0.017241379310344827,14.34,0.7701149425287356,15.81560254136543,30.0,174,134,3,7,0,normal
1,490.0,5,0.6470544369063721,0.9956750098476902,0.024390243902439025,10.01,0.7073170731707317,17.33180020656923,14.0,82,58,2,3,0,normal
1,490.0,6,0.4061991968477867,0.8896698982438634,0.010582010582010581,7.54,0.9894179894179894,15.915033233613096,32.0,378,374,4,20,0,normal
1,490.0,7,0.6892886484388496,0.9760021343227276,0.007042253521126761,0.0,0.676056338028169,20.48134659100576,16.0,142,96,1,5,0,normal
1,490.0,8,0.6124970593058747,0.9624407307972086,0.0,10.93,0.0,15.0,6.0,57,0,0,0,0,normal
1,490.0,9,0.7484093078354792,0.2278346148729203,0.907035175879397,0.0,0.05025125628140704,35.31159862962442,27.0,398,20,361,20,1,blackhole
1,490.0,10,0.6325689786536411,0.8340653000925634,0.24,8.47,0.16,21.041272991871118,10.0,50,8,12,1,1,greyhole
1,490.0,11,0.7151231515879469,0.9882974146030616,0.0,19.45,1.0,14.880322843284027,14.0,60,60,0,3,0,normal
1,490.0,12,0.6740945025773742,0.8515948838280103,0.011627906976744186,17.3,0.877906976744186,17.2931490970508,29.0,344,302,4,20,0,normal
1,490.0,13,0.5742072276639782,0.5541671905867834,0.152,6.48,0.7,4.07941658839022,16.0,250,175,38,14,1,wormhole
1,490.0,14,0.7016241409024437,0.9649017041807699,0.0,8.5,0.37735849056603776,20.532380797776643,4.0,53,20,0,1,0,normal
1,490.0,15,0.6231011789570791,0.9585067530382397,0.025210084033613446,5.43,0.8067226890756303,20.29478955160696,14.0,119,96,3,5,0,normal
1,490.0,16,0.6526818932720289,1.0,0.0,6.44,1.0,15.0,15.0,0,0,0,0,0,normal
1,490.0,17,0.7525917032964642,1.0,0.0,24.36,1.0,20.524767561601347,14.0,60,60,0,3,0,normal
1,490.0,18,0.7233421799862896,0.8787149764867044,0.003968253968253968,18.33,0.996031746031746,16.994798166649993,27.0,252,251,1,16,0,normal
1,490.0,19,0.7293924182129166,0.9273011026137742,0.006920415224913495,16.75,0.8027681660899654,18.20024531041957,35.0,289,232,2,12,0,normal
1,490.0,20,0.6991120589801397,1.0,0.0,0.0,1.0,19.179921623336256,25.0,20,20,0,1,0,normal
1,490.0,21,0.7386607183615486,0.9042033016055546,0.038461538461538464,9.38,0.9615384615384616,20.65142810237636,20.0,78,75,3,5,0,normal
1,490.0,22,0.6707321487944568,0.9440129430036113,0.013888888888888888,0.0,0.8541666666666666,17.4091012425857,28.0,144,123,2,7,0,normal
1,490.0,23,0.789394540617078,0.9698996605495618,0.0,13.97,0.9523809523809523,16.435450726859635,34.0,21,20,0,1,0,normal
1,490.0,24,0.7659210346299403,0.9429226334704214,0.0,16.24,1.0,15.0,8.0,0,0,0,0,0,normal
1,490.0,25,0.754766722346194,0.996584390034831,0.016666666666666666,17.46,0.65,14.672114948403525,31.0,60,39,1,2,0,normal
1,490.0,26,0.8272133273504402,0.9864342523905365,0.0,7.5,0.0,15.0,11.0,17,0,0,0,0,normal
1,490.0,27,0.6863741792155698,0.9841826994448719,0.0,9.17,0.9523809523809523,21.163563408817243,13.0,21,20,0,1,0,normal
1,490.0,28,0.7134786646303704,1.0,0.0,20.05,0.6779661016949152,19.890018272558788,30.0,59,40,0,3,0,normal
1,490.0,29,0.7311308489194039,0.6389759815291298,0.48717948717948717,20.46,0.017094017094017096,38.49348549704325,32.0,117,2,57,3,1,blackhole
1,490.0,30,0.6665245902881446,0.9776739976239015,0.0,5.22,0.5585585585585585,15.475982310389933,27.0,111,62,0,5,0,normal
1,490.0,31,0.764494946387477,0.9870560610355439,0.0,10.03,0.9836065573770492,18.902370190707853,34.0,61,60,0,3,0,normal
1,490.0,32,0.7178075988862342,1.0,0.0,11.74,0.0,15.0,34.0,36,0,0,0,0,normal
1,490.0,33,0.6673473687914908,0.9804277593069392,0.0,17.92,0.20408163265306123,18.38657048680389,31.0,98,20,0,1,0,normal
1,490.0,34,0.8184309453608997,1.0,0.0,13.11,0.582089552238806,14.578210790728601,33.0,67,39,0,2,0,normal
1,490.0,35,0.7587520367447758,0.4238087345556861,0.7341772151898734,13.94,0.012658227848101266,35.66726146199057,17.0,79,1,58,3,1,blackhole
1,490.0,36,0.7716471531430023,1.0,0.0,18.32,0.7142857142857143,17.37581495005637,13.0,56,40,0,2,0,normal
1,490.0,37,0.7070926494717797,0.9779338105237475,0.0,14.15,0.5042016806722689,19.838447295424164,13.0,119,60,0,3,0,normal
1,490.0,38,0.6896913551630245,1.0,0.0,13.45,1.0,20.724348722842628,16.0,40,40,0,2,0,normal
1,490.0,39,0.7011990103956243,0.9398236634592724,0.017543859649122806,10.86,0.8157894736842105,16.775582040060222,15.0,114,93,2,5,0,normal
1,490.0,40,0.7131697677047886,0.9562015800106355,0.058823529411764705,6.09,0.7529411764705882,13.048716392992386,34.0,85,64,5,4,0,normal
1,490.0,41,0.8096034651190703,1.0,0.0,17.54,0.6666666666666666,17.97902767058765,34.0,60,40,0,2,0,normal
1,490.0,42,0.82736524153778,0.9498976021672791,0.0125,23.34,0.75,16.6632674478581,38.0,80,60,1,5,0,normal
1,490.0,43,0.7413655994881597,1.0,0.0,0.0,0.0,15.0,7.0,20,0,0,0,0,normal
1,490.0,44,0.755087535609249,0.9683560598960612,0.016666666666666666,12.38,0.65,11.850412383418327,33.0,60,39,1,2,0,normal
1,490.0,45,0.7950643604451761,0.5982776556792077,0.5,0.0,0.5,23.104329898181042,10.0,40,20,20,2,1,greyhole
1,490.0,46,0.6607906680804538,0.6809484637625296,0.08379888268156424,19.9,0.6480446927374302,3.785074445131774,9.0,179,116,15,8,1,wormhole
1,490.0,47,0.8481586338181084,0.9278478748217813,0.05,0.0,0.95,21.095119023078382,31.0,20,19,1,1,0,normal
1,490.0,48,0.7974142628396435,0.9132950997205997,0.0392156862745098,6.45,0.9607843137254902,16.155742390626315,31.0,102,98,4,7,0,normal
1,490.0,49,0.7183835763980646,0.963644753912139,0.017543859649122806,5.21,0.6842105263157895,15.314385487264278,38.0,57,39,1,2,0,normal
1,490.0,50,0.7468064359448686,0.9919394432004013,0.0,7.62,0.0,15.0,10.0,20,0,0,0,0,normal
1,490.0,51,0.8226140270848212,0.9464893376952414,0.01694915254237288,6.49,0.6610169491525424,20.87964425985264,8.0,59,39,1,2,0,normal
1,490.0,52,0.7620625647675239,0.9848800653750709,0.0,17.66,1.0,19.76873425287698,21.0,50,50,0,3,0,normal
1,490.0,53,0.8372948119421937,0.9568701586299447,0.021052631578947368,0.0,0.9789473684210527,12.854968865265414,10.0,95,93,2,5,0,normal
1,490.0,54,0.8499421071133787,0.9921454348915396,0.0,9.43,0.3508771929824561,16.674742043627845,10.0,57,20,0,1,0,normal
1,490.0,55,0.7214574397047863,0.9358175351333238,0.02564102564102564,14.27,0.9743589743589743,16.302636538773324,14.0,117,114,3,6,0,normal
1,490.0,56,0.7200709590256398,0.9789383339321656,0.0,10.47,1.0,15.0,10.0,0,0,0,0,0,normal
1,490.0,57,0.7274858312682972,0.9922423341944514,0.025,7.54,0.975,19.00932491376819,13.0,40,39,1,2,0,normal
1,490.0,58,0.774364266297955,0.9698960272854191,0.0,18.52,1.0,12.90412308224671,14.0,20,20,0,1,0,normal
1,490.0,59,0.7009873020329009,0.9702458078143349,0.007575757575757576,7.09,0.5681818181818182,14.956891352827622,14.0,132,75,1,4,0,normal
1,490.0,60,0.7483570463284944,1.0,0.0,21.25,0.43478260869565216,16.39175782613924,38.0,69,30,0,2,0,normal
1,490.0,61,0.7719679833581179,0.9840483402947192,0.0,6.68,1.0,17.65892596194353,24.0,20,20,0,1,0,normal
1,490.0,62,0.7201344509524463,0.9563659760498308,0.0,0.0,0.6896551724137931,16.439168255236506,22.0,58,40,0,2,0,normal
1,490.0,63,0.7966078170413473,0.307588269399944,0.925,0.0,0.075,38.202623297335634,14.0,40,3,37,2,1,blackhole
1,490.0,64,0.8061521982930453,0.7586820759121751,0.3,0.0,0.2,19.87011382862766,8.0,40,8,12,1,1,greyhole
1,490.0,65,0.8777532437736736,0.9207949834830449,0.012658227848101266,13.64,0.7341772151898734,17.532141827978425,20.0,79,58,1,3,0,normal
1,490.0,66,0.7640912274519023,0.9421405616695891,0.05084745762711865,24.42,0.9491525423728814,17.678877410455822,27.0,118,112,6,6,0,normal
1,490.0,67,0.732279689065028,0.9470813404396106,0.006493506493506494,7.3,0.7727272727272727,18.67310770275061,6.0,154,119,1,6,0,normal
1,490.0,68,0.7444378972745525,0.977008048462783,0.0,0.0,1.0,15.0,10.0,0,0,0,0,0,normal
1,490.0,69,0.8161456303798227,0.9968195618972182,0.0,8.58,0.6153846153846154,18.096111520516317,11.0,130,80,0,4,0,normal
1,490.0,70,0.7690497376524044,0.9536871654391049,0.0,13.27,1.0,20.25513227200394,17.0,20,20,0,1,0,normal
1,490.0,71,0.7300355411401613,0.946759301828077,0.01,0.0,0.79,17.187222091721473,18.0,100,79,1,4,0,normal
1,490.0,72,0.8167095985147577,0.9612025927366359,0.017857142857142856,0.0,0.3392857142857143,15.548660651553252,6.0,56,19,1,1,0,normal
1,490.0,73,0.7986471222670685,0.9617445215373378,0.02127659574468085,6.99,0.40425531914893614,21.855570789390733,32.0,47,19,1,1,0,normal
1,490.0,74,0.7697630418835721,0.9733205550542261,0.02040816326530612,5.27,0.1836734693877551,20.20411506056253,32.0,98,18,2,1,0,normal
1,490.0,75,0.7448730226048828,0.6688858230186036,0.08620689655172414,11.85,0.603448275862069,3.907619715853103,14.0,116,70,10,4,1,wormhole
1,490.0,76,0.7495121480624827,0.9911263042650242,0.0,21.0,0.3389830508474576,17.513656328380037,35.0,59,20,0,1,0,normal
1,490.0,77,0.8000506431956945,0.9770674696669642,0.01694915254237288,6.68,0.6610169491525424,16.371353868786358,37.0,59,39,1,2,0,normal
1,490.0,78,0.7543308379608249,0.9479711462047882,0.0,8.0,1.0,18.458666023506662,32.0,40,40,0,2,0,normal
1,490.0,79,0.7738627184048332,1.0,0.0,20.09,0.0,15.0,31.0,60,0,0,0,0,normal
1,490.0,80,0.8341220818838593,1.0,0.0,5.77,0.6666666666666666,16.62370706262802,22.0,60,40,0,2,0,normal
1,490.0,81,0.8176942818777262,0.9354086979390466,0.0125,17.38,0.9875,15.984513202136167,33.0,80,79,1,4,0,normal
1,490.0,82,0.7316695307619294,0.9746858886214624,0.0,9.66,0.30303030303030304,18.308181510282136,7.0,66,20,0,1,0,normal
1,490.0,83,0.82575538782477,0.9217018730967168,0.075,0.0,0.925,18.15144478406524,10.0,40,37,3,2,0,normal
1,490.0,84,0.7510726737246616,0.9615328450891945,0.016666666666666666,13.14,0.65,19.054779506833643,14.0,60,39,1,2,0,normal
1,490.0,85,0.7200942030869443,0.6123972538379091,0.11538461538461539,0.0,0.7884615384615384,3.3633631117763185,38.0,208,164,24,11,1,wormhole
1,490.0,86,0.7754979530255475,0.9824220943158833,0.0,19.14,1.0,21.75680271816859,14.0,58,58,0,3,0,normal
1,490.0,87,0.815877678681979,1.0,0.03296703296703297,9.18,0.4065934065934066,18.619562038975182,9.0,91,37,3,2,0,normal
1,490.0,88,0.721697618394932,0.9502613149391659,0.0410958904109589,6.85,0.684931506849315,20.06905322602098,23.0,73,50,3,3,0,normal
1,490.0,89,0.7598537942131476,0.9735685188336097,0.0,20.48,0.7692307692307693,18.42596002084878,19.0,78,60,0,3,0,normal
1,490.0,90,0.7670588134421656,0.9913512483244733,0.0,0.0,0.49382716049382713,9.954116838959774,16.0,81,40,0,2,0,normal
1,490.0,91,0.7741558873666745,1.0,0.0,6.39,0.36363636363636365,13.009069887976848,20.0,55,20,0,1,0,normal
1,490.0,92,0.7475153631910867,0.9476236540404219,0.00980392156862745,6.43,0.5784313725490197,20.21342253223439,37.0,102,59,1,3,0,normal
1,490.0,93,0.7910082468900013,0.9958069168322592,0.015748031496062992,18.2,0.7716535433070866,14.047379704383761,10.0,127,98,2,5,0,normal
1,490.0,94,0.8539450306166505,1.0,0.0,7.09,0.0,15.0,19.0,58,0,0,0,0,normal
1,490.0,95,0.819706552081651,0.9705415264065915,0.03225806451612903,8.24,0.6451612903225806,16.18366626385079,22.0,62,40,2,4,0,normal
1,490.0,96,0.8708664267328847,0.946783213004514,0.02531645569620253,8.46,0.7341772151898734,20.030885565733936,22.0,79,58,2,3,0,normal
1,490.0,97,0.7629444208077427,0.9548133520596527,0.03571428571428571,0.0,0.6785714285714286,17.96443861303155,16.0,84,57,3,3,0,normal
1,490.0,98,0.7420163529040029,1.0,0.0,8.08,0.5555555555555556,23.212583453347257,26.0,72,40,0,2,0,normal
1,490.0,99,0.753664327709456,0.9769704950328236,0.0,9.25,1.0,24.283914813837868,8.0,20,20,0,1,0,normal
1,500.0,0,0.3979052839414674,0.590913852033186,0.4957983193277311,19.18,0.5042016806722689,23.528656456841947,10.0,119,60,59,7,1,greyhole
1,500.0,1,0.44866387937057484,1.0,0.0,5.44,0.5263157894736842,23.3263985903062,13.0,38,20,0,1,0,normal
1,500.0,2,0.38546907501873684,0.9487259072283482,0.013513513513513514,20.94,0.8513513513513513,16.13717118663214,22.0,148,126,2,9,0,normal
1,500.0,3,0.4948606760931424,0.9083333049347265,0.008450704225352112,11.59,0.9352112676056338,16.245261272112828,24.0,355,332,3,17,0,normal
1,500.0,4,0.5593978986600894,0.9753535555107811,0.017241379310344827,14.34,0.6724137931034483,19.86532800989977,25.0,58,39,1,2,0,normal
1,500.0,5,0.6419544369063721,0.9987645388199353,0.00847457627118644,10.01,0.8220338983050848,15.326496007920065,17.0,118,97,1,5,0,normal
1,500.0,6,0.39255919684778673,0.8729214928607362,0.009287925696594427,0.0,0.9876160990712074,16.220851824677357,32.0,323,319,3,17,0,normal
1,500.0,7,0.6753686484388496,0.8913444845867957,0.022857142857142857,14.83,0.8171428571428572,15.572407131421219,14.0,350,286,8,16,0,normal
1,500.0,8,0.6065570593058747,0.9293625582267266,0.03,10.93,0.97,19.47971905272875,7.0,100,97,3,5,0,normal
1,500.0,9,0.7422893078354792,0.39711543578810704,0.734375,21.77,0.0390625,34.7421170968881,26.0,256,10,188,10,1,blackhole
1,500.0,10,0.6301489786536412,0.7673150765385485,0.3050847457627119,0.0,0.3728813559322034,21.865575024217833,7.0,59,22,18,2,1,greyhole
1,500.0,11,0.712863151587947,1.0,0.0,0.0,0.273972602739726,18.2892380259795,6.0,73,20,0,1,0,normal
1,500.0,12,0.6728145025773742,0.9611465242569059,0.0,0.0,1.0,21.743616098793787,25.0,22,22,0,2,0,normal
1,500.0,13,0.5742072276639782,0.8035694440271569,0.0,6.48,1.0,15.0,16.0,0,0,0,0,1,wormhole
1,500.0,14,0.6980241409024438,0.9760441523842109,0.0,8.5,0.41414141414141414,16.647769814374563,8.0,99,41,0,3,0,normal
1,500.0,15,0.619321178957079,0.9668770732942893,0.013333333333333334,5.43,0.9866666666666667,16.189665994510275,18.0,75,74,1,4,0,normal
1,500.0,16,0.6495218932720288,0.9403840886585301,0.03333333333333333,0.0,0.9666666666666667,11.214603075609778,10.0,60,58,2,3,0,normal
1,500.0,17,0.7492517032964643,0.9775006073932953,0.010101010101010102,0.0,0.6868686868686869,13.412025043809857,9.0,99,68,1,4,0,normal
1,500.0,18,0.7109421799862896,0.8708889281990179,0.02631578947368421,0.0,0.8421052631578947,14.313103991907493,21.0,304,256,8,15,0,normal
1,500.0,19,0.7254524182129165,0.9117632175609632,0.06172839506172839,16.75,0.9382716049382716,17.837972276080563,34.0,81,76,5,5,0,normal
1,500.0,20,0.6908120589801398,0.9786600184770076,0.013513513513513514,6.89,0.7792792792792793,18.223531334739913,22.0,222,173,3,10,0,normal
1,500.0,21,0.7355207183615486,0.9922659875497652,0.030303030303030304,9.38,0.5858585858585859,13.695686160774027,22.0,99,58,3,4,0,normal
1,500.0,22,0.6695521487944568,0.962394313339333,0.0,23.95,0.5128205128205128,9.692090204287458,24.0,39,20,0,1,0,normal
1,500.0,23,0.784394540617078,0.967885184338079,0.017241379310344827,0.0,0.9827586206896551,18.199583842907362,35.0,116,114,2,7,0,normal
1,500.0,24,0.7624610346299403,0.9444408795420154,0.0,0.0,0.6276595744680851,12.61944165345969,6.0,94,59,0,3,0,normal
1,500.0,25,0.750226722346194,0.9840349695532757,0.008849557522123894,0.0,0.831858407079646,18.814199687088966,24.0,113,94,1,5,0,normal
1,500.0,26,0.8244133273504402,0.9915728277690705,0.0,7.5,0.6666666666666666,22.263842472151268,9.0,60,40,0,2,0,normal
1,500.0,27,0.6851741792155698,0.9763471946937783,0.0,0.0,1.0,22.1485951032403,11.0,30,30,0,2,0,normal
1,500.0,28,0.7034386646303703,0.8741651360846631,0.021897810218978103,20.05,0.8321167883211679,17.2136694463503,37.0,274,228,6,17,0,normal
1,500.0,29,0.7294308489194039,0.5552217395528851,0.5967741935483871,0.0,0.04838709677419355,33.52543683398811,37.0,62,3,37,2,1,blackhole
1,500.0,30,0.6605845902881446,0.9358263631913617,0.01680672268907563,5.22,0.8235294117647058,12.491836664938106,28.0,119,98,2,5,0,normal
1,500.0,31,0.7636949463874769,0.9362783674915489,0.0,0.0,0.0,15.0,39.0,40,0,0,0,0,normal
1,500.0,32,0.7105675988862342,0.9158420614079288,0.006024096385542169,11.74,0.9397590361445783,13.190980764717324,34.0,166,156,1,8,0,normal
1,500.0,33,0.6661473687914908,0.961911863641525,0.0,0.0,0.5,21.034110915334004,35.0,40,20,0,1,0,normal
1,500.0,34,0.8128909453608997,1.0,0.01680672268907563,13.11,0.6554621848739496,17.53710552976865,35.0,119,78,2,4,0,normal
1,500.0,35,0.7567520367447758,0.2380415827738775,0.9473684210526315,13.94,0.05263157894736842,36.61155558166636,25.0,76,4,72,5,1,blackhole
1,500.0,36,0.7700671531430022,0.9742818175637182,0.0,18.32,0.5128205128205128,19.31628811695027,26.0,39,20,0,1,0,normal
1,500.0,37,0.7070526494717797,1.0,0.0,14.15,1.0,18.701422241771617,11.0,1,1,0,1,0,normal
1,500.0,38,0.6872913551630244,1.0,0.0,0.0,1.0,10.263572645786923,9.0,40,40,0,2,0,normal
1,500.0,39,0.6927390103956244,0.9021673029323843,0.041237113402061855,10.86,0.7680412371134021,20.18629924000213,25.0,194,149,8,9,0,normal
1,500.0,40,0.7127897677047885,1.0,0.0,6.09,0.0,15.0,33.0,19,0,0,0,0,normal
1,500.0,41,0.8092434651190703,0.9491919360444508,0.0,17.54,1.0,22.750829908233264,23.0,9,9,0,1,0,normal
1,500.0,42,0.82416524153778,0.928062844149105,0.0,23.34,0.75,15.121356877662407,25.0,80,60,0,3,0,normal
1,500.0,43,0.7390255994881598,0.9728246950010164,0.0,9.07,0.5,13.98462961846209,9.0,78,39,0,2,0,normal
1,500.0,44,0.752867535609249,1.0,0.013157894736842105,12.38,0.4605263157894737,17.779900522749827,30.0,76,35,1,2,0,normal
1,500.0,45,0.7940843604451762,0.5858589585059463,0.55,6.46,0.45,26.9659140160416,8.0,20,9,11,1,1,greyhole
1,500.0,46,0.6571506680804537,0.6376177757387215,0.11578947368421053,19.9,0.49473684210526314,4.126694698173371,20.0,95,47,11,3,1,wormhole
1,500.0,47,0.8466786338181085,0.9745679139346819,0.0,5.03,0.34545454545454546,9.76481948562686,27.0,55,19,0,1,0,normal
1,500.0,48,0.7946342628396434,1.0,0.03278688524590164,6.45,0.6229508196721312,15.858386738121897,35.0,61,38,2,2,0,normal
1,500.0,49,0.7148835763980645,0.9435888936971477,0.010416666666666666,5.21,0.6145833333333334,13.305499229796487,37.0,96,59,1,3,0,normal
1,500.0,50,0.7448264359448686,1.0,0.0,7.62,0.3389830508474576,14.862392814021183,15.0,59,20,0,1,0,normal
1,500.0,51,0.8222140270848213,0.9529682495412372,0.0,0.0,0.0,15.0,5.0,20,0,0,0,0,normal
1,500.0,52,0.7608825647675239,1.0,0.0,17.66,0.0,15.0,11.0,59,0,0,0,0,normal
1,500.0,53,0.8372948119421937,1.0,0.0,16.18,1.0,15.0,17.0,0,0,0,0,0,normal
1,500.0,54,0.8475421071133786,1.0,0.0,0.0,0.4492753623188406,21.063086788597193,7.0,69,31,0,2,0,normal
1,500.0,55,0.7110574397047863,0.8985187953948085,0.01984126984126984,14.27,0.8253968253968254,20.4599453595587,18.0,252,208,5,12,0,normal
1,500.0,56,0.7178709590256398,0.9648134357681485,0.0,10.47,0.71875,17.461781975424124,14.0,64,46,0,3,0,normal
1,500.0,57,0.7246858312682973,0.9631708298168866,0.0,0.0,0.6666666666666666,18.9275827389296,10.0,60,40,0,2,0,normal
1,500.0,58,0.770804266297955,0.9497316006352475,0.0125,18.52,0.725,18.057989005344993,24.0,80,58,1,3,0,normal
1,500.0,59,0.6966273020329009,0.9619044507803511,0.02,7.09,0.58,20.14202453380671,25.0,100,58,2,3,0,normal
1,500.0,60,0.7467570463284945,0.989858031883691,0.0,21.25,0.5,22.190248428617814,22.0,40,20,0,1,0,normal
1,500.0,61,0.7672079833581179,0.9479698171496856,0.0,6.68,0.797979797979798,17.0925943615741,30.0,99,79,0,4,0,normal
1,500.0,62,0.7153544509524463,0.970901511690227,0.0125,11.89,0.9875,16.9061901826459,25.0,80,79,1,4,0,normal
1,500.0,63,0.7938278170413473,0.7022163841599345,0.3854166666666667,19.18,0.03125,37.04436657090444,10.0,96,3,37,2,1,blackhole
1,500.0,64,0.8041721982930453,0.6243439313244133,0.525,19.02,0.475,22.374074114020868,16.0,40,19,21,2,1,greyhole
1,500.0,65,0.8743932437736737,0.9341161948037102,0.0,13.64,0.45454545454545453,21.407051003548645,13.0,88,40,0,2,0,normal
1,500.0,66,0.7625112274519024,1.0,0.0,24.42,0.5128205128205128,12.439865301959298,15.0,39,20,0,1,0,normal
1,500.0,67,0.729739689065028,0.9214149827353737,0.06,7.3,0.74,14.075313402411346,4.0,50,37,3,2,0,normal
1,500.0,68,0.7417378972745524,0.9259273636369971,0.05172413793103448,12.52,0.6379310344827587,15.261372266354805,10.0,58,37,3,2,0,normal
1,500.0,69,0.8137656303798226,0.9484122907889402,0.025,8.58,0.975,10.769507751873995,15.0,40,39,1,2,0,normal
1,500.0,70,0.7668897376524044,1.0,0.0,13.27,0.29411764705882354,21.55339107758187,11.0,68,20,0,1,0,normal
1,500.0,71,0.7273155411401613,0.9464326604091893,0.034482758620689655,7.35,0.6551724137931034,20.447019739096024,30.0,58,38,2,2,0,normal
1,500.0,72,0.8166895985147576,1.0,0.0,22.98,0.0,15.0,11.0,1,0,0,0,0,normal
1,500.0,73,0.7915871222670685,0.9426455312124675,0.006369426751592357,6.99,0.8662420382165605,18.363514922999975,36.0,157,136,1,8,0,normal
1,500.0,74,0.7659430418835722,0.9691750446998023,0.0,5.27,0.6285714285714286,19.733430315528697,36.0,105,66,0,4,0,normal
1,500.0,75,0.7444930226048828,0.77401862751323,0.0,0.0,0.0,15.0,12.0,19,0,0,0,1,wormhole
1,500.0,76,0.7460121480624827,0.9390373115835231,0.01020408163265306,0.0,0.5816326530612245,14.785472165767905,37.0,98,57,1,3,0,normal
1,500.0,77,0.7989506431956945,1.0,0.0,6.68,0.0,15.0,30.0,55,0,0,0,0,normal
1,500.0,78,0.7480908379608249,0.9204582363429419,0.03389830508474576,0.0,0.9661016949152542,17.217962096954107,32.0,118,114,4,6,0,normal
1,500.0,79,0.7714627184048333,1.0,0.0,20.09,0.6666666666666666,16.028327604762975,31.0,60,40,0,2,0,normal
1,500.0,80,0.8309220818838593,0.9744719296476879,0.0,5.77,0.5,14.36231262812222,27.0,80,40,0,2,0,normal
1,500.0,81,0.8129342818777262,0.9523097866772816,0.008403361344537815,17.38,0.4957983193277311,17.91478642892608,35.0,119,59,1,3,0,normal
1,500.0,82,0.7292895307619294,0.9721107711983045,0.025,9.66,0.975,20.588152319809346,3.0,40,39,1,2,0,normal
1,500.0,83,0.8210353878247699,0.9740257817644974,0.01694915254237288,24.35,0.4915254237288136,14.43822717814632,19.0,118,58,2,3,0,normal
1,500.0,84,0.7479126737246615,1.0,0.0,0.0,0.5128205128205128,11.134269327023306,11.0,78,40,0,2,0,normal
1,500.0,85,0.7159742030869443,0.6290694431513512,0.10204081632653061,18.0,0.8979591836734694,3.4513497145928462,39.0,98,88,10,5,1,wormhole
1,500.0,86,0.7711979530255475,0.9469689010696356,0.020618556701030927,19.14,0.5979381443298969,18.904389479370106,35.0,97,58,2,3,0,normal
1,500.0,87,0.814297678681979,0.9821573176278308,0.0,9.18,0.5128205128205128,9.376344168016898,14.0,39,20,0,1,0,normal
1,500.0,88,0.7185576183949319,0.9758123159639092,0.0,6.85,0.5194805194805194,22.63483408319563,20.0,77,40,0,2,0,normal
1,500.0,89,0.7559137942131475,0.9531901010074961,0.03,20.48,0.57,20.309254237324097,31.0,100,57,3,3,0,normal
1,500.0,90,0.7658588134421656,0.9802437469366636,0.0,5.69,1.0,14.573678402893826,20.0,20,20,0,1,0,normal
1,500.0,91,0.7717558873666746,0.9985872882646687,0.0,6.39,1.0,20.124434883918155,15.0,40,40,0,2,0,normal
1,500.0,92,0.7463353631910867,0.9968723067816394,0.05,6.43,0.95,21.014168188287705,28.0,20,19,1,1,0,normal
1,500.0,93,0.7903082468900013,0.9704580863427517,0.0,0.0,0.0,15.0,9.0,35,0,0,0,0,normal
1,500.0,94,0.8515650306166506,0.9976897327479022,0.025,7.09,0.975,17.67370834508779,16.0,40,39,1,2,0,normal
1,500.0,95,0.816986552081651,1.0,0.0,8.24,0.7142857142857143,18.85982418305733,25.0,56,40,0,2,0,normal
1,500.0,96,0.8665464267328846,0.943730811808699,0.025,8.46,0.4666666666666667,23.008086634442495,25.0,120,56,3,3,0,normal
1,500.0,97,0.7590244208077427,0.949109887385067,0.0,10.07,0.3448275862068966,18.527765158067847,16.0,116,40,0,2,0,normal
1,500.0,98,0.739716352904003,0.9939312082011488,0.0,8.08,0.26666666666666666,24.404916756924223,24.0,75,20,0,1,0,normal
1,500.0,99,0.751824327709456,0.9866605717643028,0.0,0.0,0.38461538461538464,24.499110957201882,5.0,52,20,0,1,0,normal
