run,model,time,node_id,label,prediction
5,Static-GCN,350.0,0,0,0
5,Static-GCN,350.0,1,0,0
5,Static-GCN,350.0,2,0,0
5,Static-GCN,350.0,3,0,0
5,Static-GCN,350.0,4,0,0
5,Static-GCN,350.0,5,0,0
5,Static-GCN,350.0,6,1,0
5,Static-GCN,350.0,7,0,0
5,Static-GCN,350.0,8,0,0
5,Static-GCN,350.0,9,0,0
5,Static-GCN,350.0,10,0,0
5,Static-GCN,350.0,11,1,0
5,Static-GCN,350.0,12,0,0
5,Static-GCN,350.0,13,0,0
5,Static-GCN,350.0,14,0,0
5,Static-GCN,350.0,15,0,0
5,Static-GCN,350.0,16,0,0
5,Static-GCN,350.0,17,0,0
5,Static-GCN,350.0,18,0,0
5,Static-GCN,350.0,19,0,0
5,Static-GCN,350.0,20,0,0
5,Static-GCN,350.0,21,0,0
5,Static-GCN,350.0,22,0,0
5,Static-GCN,350.0,23,0,0
5,Static-GCN,350.0,24,0,0
5,Static-GCN,350.0,25,0,0
5,Static-GCN,350.0,26,0,0
5,Static-GCN,350.0,27,0,0
5,Static-GCN,350.0,28,0,0
5,Static-GCN,350.0,29,0,0
5,Static-GCN,350.0,30,0,0
5,Static-GCN,350.0,31,0,0
5,Static-GCN,350.0,32,0,0
5,Static-GCN,350.0,33,1,0
5,Static-GCN,350.0,34,0,0
5,Static-GCN,350.0,35,0,0
5,Static-GCN,350.0,36,0,0
5,Static-GCN,350.0,37,0,0
5,Static-GCN,350.0,38,0,0
5,Static-GCN,350.0,39,0,0
5,Static-GCN,350.0,40,0,0
5,Static-GCN,350.0,41,0,0
5,Static-GCN,350.0,42,0,0
5,Static-GCN,350.0,43,1,0
5,Static-GCN,350.0,44,0,0
5,Static-GCN,350.0,45,0,0
5,Static-GCN,350.0,46,0,0
5,Static-GCN,350.0,47,0,0
5,Static-GCN,350.0,48,0,0
5,Static-GCN,350.0,49,0,0
5,Static-GCN,350.0,50,0,0
5,Static-GCN,350.0,51,0,0
5,Static-GCN,350.0,52,0,0
5,Static-GCN,350.0,53,1,0
5,Static-GCN,350.0,54,0,0
5,Static-GCN,350.0,55,0,0
5,Static-GCN,350.0,56,0,0
5,Static-GCN,350.0,57,0,0
5,Static-GCN,350.0,58,0,0
5,Static-GCN,350.0,59,0,0
5,Static-GCN,350.0,60,1,0
5,Static-GCN,350.0,61,1,0
5,Static-GCN,350.0,62,0,0
5,Static-GCN,350.0,63,0,0
5,Static-GCN,350.0,64,0,0
5,Static-GCN,350.0,65,0,0
5,Static-GCN,350.0,66,0,0
5,Static-GCN,350.0,67,0,0
5,Static-GCN,350.0,68,0,0
5,Static-GCN,350.0,69,0,0
5,Static-GCN,350.0,70,0,0
5,Static-GCN,350.0,71,0,0
5,Static-GCN,350.0,72,0,0
5,Static-GCN,350.0,73,0,0
5,Static-GCN,350.0,74,0,0
5,Static-GCN,350.0,75,0,0
5,Static-GCN,350.0,76,0,0
5,Static-GCN,350.0,77,0,0
5,Static-GCN,350.0,78,0,0
5,Static-GCN,350.0,79,0,0
5,Static-GCN,350.0,80,0,0
5,Static-GCN,350.0,81,0,0
5,Static-GCN,350.0,82,0,0
5,Static-GCN,350.0,83,0,0
5,Static-GCN,350.0,84,0,0
5,Static-GCN,350.0,85,0,0
5,Static-GCN,350.0,86,0,0
5,Static-GCN,350.0,87,0,0
5,Static-GCN,350.0,88,0,0
5,Static-GCN,350.0,89,0,0
5,Static-GCN,350.0,90,0,0
5,Static-GCN,350.0,91,0,0
5,Static-GCN,350.0,92,0,0
5,Static-GCN,350.0,93,0,0
5,Static-GCN,350.0,94,0,0
5,Static-GCN,350.0,95,0,0
5,Static-GCN,350.0,96,0,0
5,Static-GCN,350.0,97,0,0
5,Static-GCN,350.0,98,0,0
5,Static-GCN,350.0,99,0,0
5,Static-GCN,350.0,100,1,0
5,Static-GCN,350.0,101,1,0
5,Static-GCN,350.0,102,0,0
5,Static-GCN,350.0,103,0,0
5,Static-GCN,350.0,104,1,0
5,Static-GCN,350.0,105,1,0
5,Static-GCN,350.0,106,0,0
5,Static-GCN,350.0,107,0,0
5,Static-GCN,350.0,108,0,0
5,Static-GCN,350.0,109,0,0
5,Static-GCN,350.0,110,0,0
5,Static-GCN,350.0,111,1,0
5,Static-GCN,350.0,112,0,0
5,Static-GCN,350.0,113,0,0
5,Static-GCN,350.0,114,0,0
5,Static-GCN,350.0,115,0,0
5,Static-GCN,350.0,116,0,0
5,Static-GCN,350.0,117,1,0
5,Static-GCN,350.0,118,0,0
5,Static-GCN,350.0,119,0,0
5,Static-GCN,350.0,120,0,0
5,Static-GCN,350.0,121,0,0
5,Static-GCN,350.0,122,0,0
5,Static-GCN,350.0,123,0,0
5,Static-GCN,350.0,124,0,0
5,Static-GCN,350.0,125,0,0
5,Static-GCN,350.0,126,0,0
5,Static-GCN,350.0,127,0,0
5,Static-GCN,350.0,128,0,0
5,Static-GCN,350.0,129,1,0
5,Static-GCN,350.0,130,0,0
5,Static-GCN,350.0,131,0,0
5,Static-GCN,350.0,132,0,0
5,Static-GCN,350.0,133,0,0
5,Static-GCN,350.0,134,1,0
5,Static-GCN,350.0,135,0,0
5,Static-GCN,350.0,136,0,0
5,Static-GCN,350.0,137,0,0
5,Static-GCN,350.0,138,0,0
5,Static-GCN,350.0,139,0,0
5,Static-GCN,350.0,140,0,0
5,Static-GCN,350.0,141,0,0
5,Static-GCN,350.0,142,0,0
5,Static-GCN,350.0,143,0,0
5,Static-GCN,350.0,144,0,0
5,Static-GCN,350.0,145,1,0
5,Static-GCN,350.0,146,0,0
5,Static-GCN,350.0,147,0,0
5,Static-GCN,350.0,148,0,0
5,Static-GCN,350.0,149,0,0
5,Static-GCN,360.0,0,0,0
5,Static-GCN,360.0,1,0,0
5,Static-GCN,360.0,2,0,0
5,Static-GCN,360.0,3,0,0
5,Static-GCN,360.0,4,0,0
5,Static-GCN,360.0,5,0,0
5,Static-GCN,360.0,6,1,0
5,Static-GCN,360.0,7,0,0
5,Static-GCN,360.0,8,0,0
5,Static-GCN,360.0,9,0,0
5,Static-GCN,360.0,10,0,0
5,Static-GCN,360.0,11,1,0
5,Static-GCN,360.0,12,0,0
5,Static-GCN,360.0,13,0,0
5,Static-GCN,360.0,14,0,0
5,Static-GCN,360.0,15,0,0
5,Static-GCN,360.0,16,0,0
5,Static-GCN,360.0,17,0,0
5,Static-GCN,360.0,18,0,0
5,Static-GCN,360.0,19,0,0
5,Static-GCN,360.0,20,0,0
5,Static-GCN,360.0,21,0,0
5,Static-GCN,360.0,22,0,0
5,Static-GCN,360.0,23,0,0
5,Static-GCN,360.0,24,0,0
5,Static-GCN,360.0,25,0,0
5,Static-GCN,360.0,26,0,0
5,Static-GCN,360.0,27,0,0
5,Static-GCN,360.0,28,0,0
5,Static-GCN,360.0,29,0,0
5,Static-GCN,360.0,30,0,0
5,Static-GCN,360.0,31,0,0
5,Static-GCN,360.0,32,0,0
5,Static-GCN,360.0,33,1,0
5,Static-GCN,360.0,34,0,0
5,Static-GCN,360.0,35,0,0
5,Static-GCN,360.0,36,0,0
5,Static-GCN,360.0,37,0,0
5,Static-GCN,360.0,38,0,0
5,Static-GCN,360.0,39,0,0
5,Static-GCN,360.0,40,0,0
5,Static-GCN,360.0,41,0,0
5,Static-GCN,360.0,42,0,0
5,Static-GCN,360.0,43,1,0
5,Static-GCN,360.0,44,0,0
5,Static-GCN,360.0,45,0,0
5,Static-GCN,360.0,46,0,0
5,Static-GCN,360.0,47,0,0
5,Static-GCN,360.0,48,0,0
5,Static-GCN,360.0,49,0,0
5,Static-GCN,360.0,50,0,0
5,Static-GCN,360.0,51,0,0
5,Static-GCN,360.0,52,0,0
5,Static-GCN,360.0,53,1,0
5,Static-GCN,360.0,54,0,0
5,Static-GCN,360.0,55,0,0
5,Static-GCN,360.0,56,0,0
5,Static-GCN,360.0,57,0,0
5,Static-GCN,360.0,58,0,0
5,Static-GCN,360.0,59,0,0
5,Static-GCN,360.0,60,1,0
5,Static-GCN,360.0,61,1,0
5,Static-GCN,360.0,62,0,0
5,Static-GCN,360.0,63,0,0
5,Static-GCN,360.0,64,0,0
5,Static-GCN,360.0,65,0,0
5,Static-GCN,360.0,66,0,0
5,Static-GCN,360.0,67,0,0
5,Static-GCN,360.0,68,0,0
5,Static-GCN,360.0,69,0,0
5,Static-GCN,360.0,70,0,0
5,Static-GCN,360.0,71,0,0
5,Static-GCN,360.0,72,0,0
5,Static-GCN,360.0,73,0,0
5,Static-GCN,360.0,74,0,0
5,Static-GCN,360.0,75,0,0
5,Static-GCN,360.0,76,0,0
5,Static-GCN,360.0,77,0,0
5,Static-GCN,360.0,78,0,0
5,Static-GCN,360.0,79,0,0
5,Static-GCN,360.0,80,0,0
5,Static-GCN,360.0,81,0,0
5,Static-GCN,360.0,82,0,0
5,Static-GCN,360.0,83,0,0
5,Static-GCN,360.0,84,0,0
5,Static-GCN,360.0,85,0,0
5,Static-GCN,360.0,86,0,0
5,Static-GCN,360.0,87,0,0
5,Static-GCN,360.0,88,0,0
5,Static-GCN,360.0,89,0,0
5,Static-GCN,360.0,90,0,0
5,Static-GCN,360.0,91,0,0
5,Static-GCN,360.0,92,0,0
5,Static-GCN,360.0,93,0,0
5,Static-GCN,360.0,94,0,0
5,Static-GCN,360.0,95,0,0
5,Static-GCN,360.0,96,0,0
5,Static-GCN,360.0,97,0,0
5,Static-GCN,360.0,98,0,0
5,Static-GCN,360.0,99,0,0
5,Static-GCN,360.0,100,1,0
5,Static-GCN,360.0,101,1,0
5,Static-GCN,360.0,102,0,0
5,Static-GCN,360.0,103,0,0
5,Static-GCN,360.0,104,1,0
5,Static-GCN,360.0,105,1,0
5,Static-GCN,360.0,106,0,0
5,Static-GCN,360.0,107,0,0
5,Static-GCN,360.0,108,0,0
5,Static-GCN,360.0,109,0,0
5,Static-GCN,360.0,110,0,0
5,Static-GCN,360.0,111,1,0
5,Static-GCN,360.0,112,0,0
5,Static-GCN,360.0,113,0,0
5,Static-GCN,360.0,114,0,0
5,Static-GCN,360.0,115,0,0
5,Static-GCN,360.0,116,0,0
5,Static-GCN,360.0,117,1,0
5,Static-GCN,360.0,118,0,0
5,Static-GCN,360.0,119,0,0
5,Static-GCN,360.0,120,0,0
5,Static-GCN,360.0,121,0,0
5,Static-GCN,360.0,122,0,0
5,Static-GCN,360.0,123,0,0
5,Static-GCN,360.0,124,0,0
5,Static-GCN,360.0,125,0,0
5,Static-GCN,360.0,126,0,0
5,Static-GCN,360.0,127,0,0
5,Static-GCN,360.0,128,0,0
5,Static-GCN,360.0,129,1,0
5,Static-GCN,360.0,130,0,0
5,Static-GCN,360.0,131,0,0
5,Static-GCN,360.0,132,0,0
5,Static-GCN,360.0,133,0,0
5,Static-GCN,360.0,134,1,0
5,Static-GCN,360.0,135,0,0
5,Static-GCN,360.0,136,0,0
5,Static-GCN,360.0,137,0,0
5,Static-GCN,360.0,138,0,0
5,Static-GCN,360.0,139,0,0
5,Static-GCN,360.0,140,0,0
5,Static-GCN,360.0,141,0,0
5,Static-GCN,360.0,142,0,0
5,Static-GCN,360.0,143,0,0
5,Static-GCN,360.0,144,0,0
5,Static-GCN,360.0,145,1,0
5,Static-GCN,360.0,146,0,0
5,Static-GCN,360.0,147,0,0
5,Static-GCN,360.0,148,0,0
5,Static-GCN,360.0,149,0,0
5,Static-GCN,370.0,0,0,0
5,Static-GCN,370.0,1,0,0
5,Static-GCN,370.0,2,0,0
5,Static-GCN,370.0,3,0,0
5,Static-GCN,370.0,4,0,0
5,Static-GCN,370.0,5,0,0
5,Static-GCN,370.0,6,1,0
5,Static-GCN,370.0,7,0,0
5,Static-GCN,370.0,8,0,0
5,Static-GCN,370.0,9,0,0
5,Static-GCN,370.0,10,0,0
5,Static-GCN,370.0,11,1,0
5,Static-GCN,370.0,12,0,0
5,Static-GCN,370.0,13,0,0
5,Static-GCN,370.0,14,0,0
5,Static-GCN,370.0,15,0,0
5,Static-GCN,370.0,16,0,0
5,Static-GCN,370.0,17,0,0
5,Static-GCN,370.0,18,0,0
5,Static-GCN,370.0,19,0,0
5,Static-GCN,370.0,20,0,0
5,Static-GCN,370.0,21,0,0
5,Static-GCN,370.0,22,0,0
5,Static-GCN,370.0,23,0,0
5,Static-GCN,370.0,24,0,0
5,Static-GCN,370.0,25,0,0
5,Static-GCN,370.0,26,0,0
5,Static-GCN,370.0,27,0,0
5,Static-GCN,370.0,28,0,0
5,Static-GCN,370.0,29,0,0
5,Static-GCN,370.0,30,0,0
5,Static-GCN,370.0,31,0,0
5,Static-GCN,370.0,32,0,0
5,Static-GCN,370.0,33,1,0
5,Static-GCN,370.0,34,0,0
5,Static-GCN,370.0,35,0,0
5,Static-GCN,370.0,36,0,0
5,Static-GCN,370.0,37,0,0
5,Static-GCN,370.0,38,0,0
5,Static-GCN,370.0,39,0,0
5,Static-GCN,370.0,40,0,0
5,Static-GCN,370.0,41,0,0
5,Static-GCN,370.0,42,0,0
5,Static-GCN,370.0,43,1,0
5,Static-GCN,370.0,44,0,0
5,Static-GCN,370.0,45,0,0
5,Static-GCN,370.0,46,0,0
5,Static-GCN,370.0,47,0,0
5,Static-GCN,370.0,48,0,0
5,Static-GCN,370.0,49,0,0
5,Static-GCN,370.0,50,0,0
5,Static-GCN,370.0,51,0,0
5,Static-GCN,370.0,52,0,0
5,Static-GCN,370.0,53,1,0
5,Static-GCN,370.0,54,0,0
5,Static-GCN,370.0,55,0,0
5,Static-GCN,370.0,56,0,0
5,Static-GCN,370.0,57,0,0
5,Static-GCN,370.0,58,0,0
5,Static-GCN,370.0,59,0,0
5,Static-GCN,370.0,60,1,0
5,Static-GCN,370.0,61,1,0
5,Static-GCN,370.0,62,0,0
5,Static-GCN,370.0,63,0,0
5,Static-GCN,370.0,64,0,0
5,Static-GCN,370.0,65,0,0
5,Static-GCN,370.0,66,0,0
5,Static-GCN,370.0,67,0,0
5,Static-GCN,370.0,68,0,0
5,Static-GCN,370.0,69,0,0
5,Static-GCN,370.0,70,0,0
5,Static-GCN,370.0,71,0,0
5,Static-GCN,370.0,72,0,0
5,Static-GCN,370.0,73,0,0
5,Static-GCN,370.0,74,0,0
5,Static-GCN,370.0,75,0,0
5,Static-GCN,370.0,76,0,0
5,Static-GCN,370.0,77,0,0
5,Static-GCN,370.0,78,0,0
5,Static-GCN,370.0,79,0,0
5,Static-GCN,370.0,80,0,0
5,Static-GCN,370.0,81,0,0
5,Static-GCN,370.0,82,0,0
5,Static-GCN,370.0,83,0,0
5,Static-GCN,370.0,84,0,0
5,Static-GCN,370.0,85,0,0
5,Static-GCN,370.0,86,0,0
5,Static-GCN,370.0,87,0,0
5,Static-GCN,370.0,88,0,0
5,Static-GCN,370.0,89,0,0
5,Static-GCN,370.0,90,0,0
5,Static-GCN,370.0,91,0,0
5,Static-GCN,370.0,92,0,0
5,Static-GCN,370.0,93,0,0
5,Static-GCN,370.0,94,0,0
5,Static-GCN,370.0,95,0,0
5,Static-GCN,370.0,96,0,0
5,Static-GCN,370.0,97,0,0
5,Static-GCN,370.0,98,0,0
5,Static-GCN,370.0,99,0,0
5,Static-GCN,370.0,100,1,0
5,Static-GCN,370.0,101,1,0
5,Static-GCN,370.0,102,0,0
5,Static-GCN,370.0,103,0,0
5,Static-GCN,370.0,104,1,0
5,Static-GCN,370.0,105,1,0
5,Static-GCN,370.0,106,0,0
5,Static-GCN,370.0,107,0,0
5,Static-GCN,370.0,108,0,0
5,Static-GCN,370.0,109,0,0
5,Static-GCN,370.0,110,0,0
5,Static-GCN,370.0,111,1,0
5,Static-GCN,370.0,112,0,0
5,Static-GCN,370.0,113,0,0
5,Static-GCN,370.0,114,0,0
5,Static-GCN,370.0,115,0,0
5,Static-GCN,370.0,116,0,0
5,Static-GCN,370.0,117,1,0
5,Static-GCN,370.0,118,0,0
5,Static-GCN,370.0,119,0,0
5,Static-GCN,370.0,120,0,0
5,Static-GCN,370.0,121,0,0
5,Static-GCN,370.0,122,0,0
5,Static-GCN,370.0,123,0,0
5,Static-GCN,370.0,124,0,0
5,Static-GCN,370.0,125,0,0
5,Static-GCN,370.0,126,0,0
5,Static-GCN,370.0,127,0,0
5,Static-GCN,370.0,128,0,0
5,Static-GCN,370.0,129,1,0
5,Static-GCN,370.0,130,0,0
5,Static-GCN,370.0,131,0,0
5,Static-GCN,370.0,132,0,0
5,Static-GCN,370.0,133,0,0
5,Static-GCN,370.0,134,1,0
5,Static-GCN,370.0,135,0,0
5,Static-GCN,370.0,136,0,0
5,Static-GCN,370.0,137,0,0
5,Static-GCN,370.0,138,0,0
5,Static-GCN,370.0,139,0,0
5,Static-GCN,370.0,140,0,0
5,Static-GCN,370.0,141,0,0
5,Static-GCN,370.0,142,0,0
5,Static-GCN,370.0,143,0,0
5,Static-GCN,370.0,144,0,0
5,Static-GCN,370.0,145,1,0
5,Static-GCN,370.0,146,0,0
5,Static-GCN,370.0,147,0,0
5,Static-GCN,370.0,148,0,0
5,Static-GCN,370.0,149,0,0
5,Static-GCN,380.0,0,0,0
5,Static-GCN,380.0,1,0,0
5,Static-GCN,380.0,2,0,0
5,Static-GCN,380.0,3,0,0
5,Static-GCN,380.0,4,0,0
5,Static-GCN,380.0,5,0,0
5,Static-GCN,380.0,6,1,0
5,Static-GCN,380.0,7,0,0
5,Static-GCN,380.0,8,0,0
5,Static-GCN,380.0,9,0,0
5,Static-GCN,380.0,10,0,0
5,Static-GCN,380.0,11,1,0
5,Static-GCN,380.0,12,0,0
5,Static-GCN,380.0,13,0,0
5,Static-GCN,380.0,14,0,0
5,Static-GCN,380.0,15,0,0
5,Static-GCN,380.0,16,0,0
5,Static-GCN,380.0,17,0,0
5,Static-GCN,380.0,18,0,0
5,Static-GCN,380.0,19,0,0
5,Static-GCN,380.0,20,0,0
5,Static-GCN,380.0,21,0,0
5,Static-GCN,380.0,22,0,0
5,Static-GCN,380.0,23,0,0
5,Static-GCN,380.0,24,0,0
5,Static-GCN,380.0,25,0,0
5,Static-GCN,380.0,26,0,0
5,Static-GCN,380.0,27,0,0
5,Static-GCN,380.0,28,0,0
5,Static-GCN,380.0,29,0,0
5,Static-GCN,380.0,30,0,0
5,Static-GCN,380.0,31,0,0
5,Static-GCN,380.0,32,0,0
5,Static-GCN,380.0,33,1,0
5,Static-GCN,380.0,34,0,0
5,Static-GCN,380.0,35,0,0
5,Static-GCN,380.0,36,0,0
5,Static-GCN,380.0,37,0,0
5,Static-GCN,380.0,38,0,0
5,Static-GCN,380.0,39,0,0
5,Static-GCN,380.0,40,0,0
5,Static-GCN,380.0,41,0,0
5,Static-GCN,380.0,42,0,0
5,Static-GCN,380.0,43,1,0
5,Static-GCN,380.0,44,0,0
5,Static-GCN,380.0,45,0,0
5,Static-GCN,380.0,46,0,0
5,Static-GCN,380.0,47,0,0
5,Static-GCN,380.0,48,0,0
5,Static-GCN,380.0,49,0,0
5,Static-GCN,380.0,50,0,0
5,Static-GCN,380.0,51,0,0
5,Static-GCN,380.0,52,0,0
5,Static-GCN,380.0,53,1,0
5,Static-GCN,380.0,54,0,0
5,Static-GCN,380.0,55,0,0
5,Static-GCN,380.0,56,0,0
5,Static-GCN,380.0,57,0,0
5,Static-GCN,380.0,58,0,0
5,Static-GCN,380.0,59,0,0
5,Static-GCN,380.0,60,1,0
5,Static-GCN,380.0,61,1,0
5,Static-GCN,380.0,62,0,0
5,Static-GCN,380.0,63,0,0
5,Static-GCN,380.0,64,0,0
5,Static-GCN,380.0,65,0,0
5,Static-GCN,380.0,66,0,0
5,Static-GCN,380.0,67,0,0
5,Static-GCN,380.0,68,0,0
5,Static-GCN,380.0,69,0,0
5,Static-GCN,380.0,70,0,0
5,Static-GCN,380.0,71,0,0
5,Static-GCN,380.0,72,0,0
5,Static-GCN,380.0,73,0,0
5,Static-GCN,380.0,74,0,0
5,Static-GCN,380.0,75,0,0
5,Static-GCN,380.0,76,0,0
5,Static-GCN,380.0,77,0,0
5,Static-GCN,380.0,78,0,0
5,Static-GCN,380.0,79,0,0
5,Static-GCN,380.0,80,0,0
5,Static-GCN,380.0,81,0,0
5,Static-GCN,380.0,82,0,0
5,Static-GCN,380.0,83,0,0
5,Static-GCN,380.0,84,0,0
5,Static-GCN,380.0,85,0,0
5,Static-GCN,380.0,86,0,0
5,Static-GCN,380.0,87,0,0
5,Static-GCN,380.0,88,0,0
5,Static-GCN,380.0,89,0,0
5,Static-GCN,380.0,90,0,0
5,Static-GCN,380.0,91,0,0
5,Static-GCN,380.0,92,0,0
5,Static-GCN,380.0,93,0,0
5,Static-GCN,380.0,94,0,0
5,Static-GCN,380.0,95,0,0
5,Static-GCN,380.0,96,0,0
5,Static-GCN,380.0,97,0,0
5,Static-GCN,380.0,98,0,0
5,Static-GCN,380.0,99,0,0
5,Static-GCN,380.0,100,1,0
5,Static-GCN,380.0,101,1,0
5,Static-GCN,380.0,102,0,0
5,Static-GCN,380.0,103,0,0
5,Static-GCN,380.0,104,1,0
5,Static-GCN,380.0,105,1,0
5,Static-GCN,380.0,106,0,0
5,Static-GCN,380.0,107,0,0
5,Static-GCN,380.0,108,0,0
5,Static-GCN,380.0,109,0,0
5,Static-GCN,380.0,110,0,0
5,Static-GCN,380.0,111,1,0
5,Static-GCN,380.0,112,0,0
5,Static-GCN,380.0,113,0,0
5,Static-GCN,380.0,114,0,0
5,Static-GCN,380.0,115,0,0
5,Static-GCN,380.0,116,0,0
5,Static-GCN,380.0,117,1,0
5,Static-GCN,380.0,118,0,0
5,Static-GCN,380.0,119,0,0
5,Static-GCN,380.0,120,0,0
5,Static-GCN,380.0,121,0,0
5,Static-GCN,380.0,122,0,0
5,Static-GCN,380.0,123,0,0
5,Static-GCN,380.0,124,0,0
5,Static-GCN,380.0,125,0,0
5,Static-GCN,380.0,126,0,0
5,Static-GCN,380.0,127,0,0
5,Static-GCN,380.0,128,0,0
5,Static-GCN,380.0,129,1,0
5,Static-GCN,380.0,130,0,0
5,Static-GCN,380.0,131,0,0
5,Static-GCN,380.0,132,0,0
5,Static-GCN,380.0,133,0,0
5,Static-GCN,380.0,134,1,0
5,Static-GCN,380.0,135,0,0
5,Static-GCN,380.0,136,0,0
5,Static-GCN,380.0,137,0,0
5,Static-GCN,380.0,138,0,0
5,Static-GCN,380.0,139,0,0
5,Static-GCN,380.0,140,0,0
5,Static-GCN,380.0,141,0,0
5,Static-GCN,380.0,142,0,0
5,Static-GCN,380.0,143,0,0
5,Static-GCN,380.0,144,0,0
5,Static-GCN,380.0,145,1,0
5,Static-GCN,380.0,146,0,0
5,Static-GCN,380.0,147,0,0
5,Static-GCN,380.0,148,0,0
5,Static-GCN,380.0,149,0,0
5,Static-GCN,390.0,0,0,0
5,Static-GCN,390.0,1,0,0
5,Static-GCN,390.0,2,0,0
5,Static-GCN,390.0,3,0,0
5,Static-GCN,390.0,4,0,0
5,Static-GCN,390.0,5,0,0
5,Static-GCN,390.0,6,1,0
5,Static-GCN,390.0,7,0,0
5,Static-GCN,390.0,8,0,0
5,Static-GCN,390.0,9,0,0
5,Static-GCN,390.0,10,0,0
5,Static-GCN,390.0,11,1,0
5,Static-GCN,390.0,12,0,0
5,Static-GCN,390.0,13,0,0
5,Static-GCN,390.0,14,0,0
5,Static-GCN,390.0,15,0,0
5,Static-GCN,390.0,16,0,0
5,Static-GCN,390.0,17,0,0
5,Static-GCN,390.0,18,0,0
5,Static-GCN,390.0,19,0,0
5,Static-GCN,390.0,20,0,0
5,Static-GCN,390.0,21,0,0
5,Static-GCN,390.0,22,0,0
5,Static-GCN,390.0,23,0,0
5,Static-GCN,390.0,24,0,0
5,Static-GCN,390.0,25,0,0
5,Static-GCN,390.0,26,0,0
5,Static-GCN,390.0,27,0,0
5,Static-GCN,390.0,28,0,0
5,Static-GCN,390.0,29,0,0
5,Static-GCN,390.0,30,0,0
5,Static-GCN,390.0,31,0,0
5,Static-GCN,390.0,32,0,0
5,Static-GCN,390.0,33,1,0
5,Static-GCN,390.0,34,0,0
5,Static-GCN,390.0,35,0,0
5,Static-GCN,390.0,36,0,0
5,Static-GCN,390.0,37,0,0
5,Static-GCN,390.0,38,0,0
5,Static-GCN,390.0,39,0,0
5,Static-GCN,390.0,40,0,0
5,Static-GCN,390.0,41,0,0
5,Static-GCN,390.0,42,0,0
5,Static-GCN,390.0,43,1,0
5,Static-GCN,390.0,44,0,0
5,Static-GCN,390.0,45,0,0
5,Static-GCN,390.0,46,0,0
5,Static-GCN,390.0,47,0,0
5,Static-GCN,390.0,48,0,0
5,Static-GCN,390.0,49,0,0
5,Static-GCN,390.0,50,0,0
5,Static-GCN,390.0,51,0,0
5,Static-GCN,390.0,52,0,0
5,Static-GCN,390.0,53,1,0
5,Static-GCN,390.0,54,0,0
5,Static-GCN,390.0,55,0,0
5,Static-GCN,390.0,56,0,0
5,Static-GCN,390.0,57,0,0
5,Static-GCN,390.0,58,0,0
5,Static-GCN,390.0,59,0,0
5,Static-GCN,390.0,60,1,0
5,Static-GCN,390.0,61,1,0
5,Static-GCN,390.0,62,0,0
5,Static-GCN,390.0,63,0,0
5,Static-GCN,390.0,64,0,0
5,Static-GCN,390.0,65,0,0
5,Static-GCN,390.0,66,0,0
5,Static-GCN,390.0,67,0,0
5,Static-GCN,390.0,68,0,0
5,Static-GCN,390.0,69,0,0
5,Static-GCN,390.0,70,0,0
5,Static-GCN,390.0,71,0,0
5,Static-GCN,390.0,72,0,0
5,Static-GCN,390.0,73,0,0
5,Static-GCN,390.0,74,0,0
5,Static-GCN,390.0,75,0,0
5,Static-GCN,390.0,76,0,0
5,Static-GCN,390.0,77,0,0
5,Static-GCN,390.0,78,0,0
5,Static-GCN,390.0,79,0,0
5,Static-GCN,390.0,80,0,0
5,Static-GCN,390.0,81,0,0
5,Static-GCN,390.0,82,0,0
5,Static-GCN,390.0,83,0,0
5,Static-GCN,390.0,84,0,0
5,Static-GCN,390.0,85,0,0
5,Static-GCN,390.0,86,0,0
5,Static-GCN,390.0,87,0,0
5,Static-GCN,390.0,88,0,0
5,Static-GCN,390.0,89,0,0
5,Static-GCN,390.0,90,0,0
5,Static-GCN,390.0,91,0,0
5,Static-GCN,390.0,92,0,0
5,Static-GCN,390.0,93,0,0
5,Static-GCN,390.0,94,0,0
5,Static-GCN,390.0,95,0,0
5,Static-GCN,390.0,96,0,0
5,Static-GCN,390.0,97,0,0
5,Static-GCN,390.0,98,0,0
5,Static-GCN,390.0,99,0,0
5,Static-GCN,390.0,100,1,0
5,Static-GCN,390.0,101,1,0
5,Static-GCN,390.0,102,0,0
5,Static-GCN,390.0,103,0,0
5,Static-GCN,390.0,104,1,0
5,Static-GCN,390.0,105,1,0
5,Static-GCN,390.0,106,0,0
5,Static-GCN,390.0,107,0,0
5,Static-GCN,390.0,108,0,0
5,Static-GCN,390.0,109,0,0
5,Static-GCN,390.0,110,0,0
5,Static-GCN,390.0,111,1,0
5,Static-GCN,390.0,112,0,0
5,Static-GCN,390.0,113,0,0
5,Static-GCN,390.0,114,0,0
5,Static-GCN,390.0,115,0,0
5,Static-GCN,390.0,116,0,0
5,Static-GCN,390.0,117,1,0
5,Static-GCN,390.0,118,0,0
5,Static-GCN,390.0,119,0,0
5,Static-GCN,390.0,120,0,0
5,Static-GCN,390.0,121,0,0
5,Static-GCN,390.0,122,0,0
5,Static-GCN,390.0,123,0,0
5,Static-GCN,390.0,124,0,0
5,Static-GCN,390.0,125,0,0
5,Static-GCN,390.0,126,0,0
5,Static-GCN,390.0,127,0,0
5,Static-GCN,390.0,128,0,0
5,Static-GCN,390.0,129,1,0
5,Static-GCN,390.0,130,0,0
5,Static-GCN,390.0,131,0,0
5,Static-GCN,390.0,132,0,0
5,Static-GCN,390.0,133,0,0
5,Static-GCN,390.0,134,1,0
5,Static-GCN,390.0,135,0,0
5,Static-GCN,390.0,136,0,0
5,Static-GCN,390.0,137,0,0
5,Static-GCN,390.0,138,0,0
5,Static-GCN,390.0,139,0,0
5,Static-GCN,390.0,140,0,0
5,Static-GCN,390.0,141,0,0
5,Static-GCN,390.0,142,0,0
5,Static-GCN,390.0,143,0,0
5,Static-GCN,390.0,144,0,0
5,Static-GCN,390.0,145,1,0
5,Static-GCN,390.0,146,0,0
5,Static-GCN,390.0,147,0,0
5,Static-GCN,390.0,148,0,0
5,Static-GCN,390.0,149,0,0
5,Static-GCN,400.0,0,0,0
5,Static-GCN,400.0,1,0,0
5,Static-GCN,400.0,2,0,0
5,Static-GCN,400.0,3,0,0
5,Static-GCN,400.0,4,0,0
5,Static-GCN,400.0,5,0,0
5,Static-GCN,400.0,6,1,0
5,Static-GCN,400.0,7,0,0
5,Static-GCN,400.0,8,0,0
5,Static-GCN,400.0,9,0,0
5,Static-GCN,400.0,10,0,0
5,Static-GCN,400.0,11,1,0
5,Static-GCN,400.0,12,0,0
5,Static-GCN,400.0,13,0,0
5,Static-GCN,400.0,14,0,0
5,Static-GCN,400.0,15,0,0
5,Static-GCN,400.0,16,0,0
5,Static-GCN,400.0,17,0,0
5,Static-GCN,400.0,18,0,0
5,Static-GCN,400.0,19,0,0
5,Static-GCN,400.0,20,0,0
5,Static-GCN,400.0,21,0,0
5,Static-GCN,400.0,22,0,0
5,Static-GCN,400.0,23,0,0
5,Static-GCN,400.0,24,0,0
5,Static-GCN,400.0,25,0,0
5,Static-GCN,400.0,26,0,0
5,Static-GCN,400.0,27,0,0
5,Static-GCN,400.0,28,0,0
5,Static-GCN,400.0,29,0,0
5,Static-GCN,400.0,30,0,0
5,Static-GCN,400.0,31,0,0
5,Static-GCN,400.0,32,0,0
5,Static-GCN,400.0,33,1,0
5,Static-GCN,400.0,34,0,0
5,Static-GCN,400.0,35,0,0
5,Static-GCN,400.0,36,0,0
5,Static-GCN,400.0,37,0,0
5,Static-GCN,400.0,38,0,0
5,Static-GCN,400.0,39,0,0
5,Static-GCN,400.0,40,0,0
5,Static-GCN,400.0,41,0,0
5,Static-GCN,400.0,42,0,0
5,Static-GCN,400.0,43,1,0
5,Static-GCN,400.0,44,0,0
5,Static-GCN,400.0,45,0,0
5,Static-GCN,400.0,46,0,0
5,Static-GCN,400.0,47,0,0
5,Static-GCN,400.0,48,0,0
5,Static-GCN,400.0,49,0,0
5,Static-GCN,400.0,50,0,0
5,Static-GCN,400.0,51,0,0
5,Static-GCN,400.0,52,0,0
5,Static-GCN,400.0,53,1,0
5,Static-GCN,400.0,54,0,0
5,Static-GCN,400.0,55,0,0
5,Static-GCN,400.0,56,0,0
5,Static-GCN,400.0,57,0,0
5,Static-GCN,400.0,58,0,0
5,Static-GCN,400.0,59,0,0
5,Static-GCN,400.0,60,1,0
5,Static-GCN,400.0,61,1,0
5,Static-GCN,400.0,62,0,0
5,Static-GCN,400.0,63,0,0
5,Static-GCN,400.0,64,0,0
5,Static-GCN,400.0,65,0,0
5,Static-GCN,400.0,66,0,0
5,Static-GCN,400.0,67,0,0
5,Static-GCN,400.0,68,0,0
5,Static-GCN,400.0,69,0,0
5,Static-GCN,400.0,70,0,0
5,Static-GCN,400.0,71,0,0
5,Static-GCN,400.0,72,0,0
5,Static-GCN,400.0,73,0,0
5,Static-GCN,400.0,74,0,0
5,Static-GCN,400.0,75,0,0
5,Static-GCN,400.0,76,0,0
5,Static-GCN,400.0,77,0,0
5,Static-GCN,400.0,78,0,0
5,Static-GCN,400.0,79,0,0
5,Static-GCN,400.0,80,0,0
5,Static-GCN,400.0,81,0,0
5,Static-GCN,400.0,82,0,0
5,Static-GCN,400.0,83,0,0
5,Static-GCN,400.0,84,0,0
5,Static-GCN,400.0,85,0,0
5,Static-GCN,400.0,86,0,0
5,Static-GCN,400.0,87,0,0
5,Static-GCN,400.0,88,0,0
5,Static-GCN,400.0,89,0,0
5,Static-GCN,400.0,90,0,0
5,Static-GCN,400.0,91,0,0
5,Static-GCN,400.0,92,0,0
5,Static-GCN,400.0,93,0,0
5,Static-GCN,400.0,94,0,0
5,Static-GCN,400.0,95,0,0
5,Static-GCN,400.0,96,0,0
5,Static-GCN,400.0,97,0,0
5,Static-GCN,400.0,98,0,0
5,Static-GCN,400.0,99,0,0
5,Static-GCN,400.0,100,1,0
5,Static-GCN,400.0,101,1,0
5,Static-GCN,400.0,102,0,0
5,Static-GCN,400.0,103,0,0
5,Static-GCN,400.0,104,1,0
5,Static-GCN,400.0,105,1,0
5,Static-GCN,400.0,106,0,0
5,Static-GCN,400.0,107,0,0
5,Static-GCN,400.0,108,0,0
5,Static-GCN,400.0,109,0,0
5,Static-GCN,400.0,110,0,0
5,Static-GCN,400.0,111,1,0
5,Static-GCN,400.0,112,0,0
5,Static-GCN,400.0,113,0,0
5,Static-GCN,400.0,114,0,0
5,Static-GCN,400.0,115,0,0
5,Static-GCN,400.0,116,0,0
5,Static-GCN,400.0,117,1,0
5,Static-GCN,400.0,118,0,0
5,Static-GCN,400.0,119,0,0
5,Static-GCN,400.0,120,0,0
5,Static-GCN,400.0,121,0,0
5,Static-GCN,400.0,122,0,0
5,Static-GCN,400.0,123,0,0
5,Static-GCN,400.0,124,0,0
5,Static-GCN,400.0,125,0,0
5,Static-GCN,400.0,126,0,0
5,Static-GCN,400.0,127,0,0
5,Static-GCN,400.0,128,0,0
5,Static-GCN,400.0,129,1,0
5,Static-GCN,400.0,130,0,0
5,Static-GCN,400.0,131,0,0
5,Static-GCN,400.0,132,0,0
5,Static-GCN,400.0,133,0,0
5,Static-GCN,400.0,134,1,0
5,Static-GCN,400.0,135,0,0
5,Static-GCN,400.0,136,0,0
5,Static-GCN,400.0,137,0,0
5,Static-GCN,400.0,138,0,0
5,Static-GCN,400.0,139,0,0
5,Static-GCN,400.0,140,0,0
5,Static-GCN,400.0,141,0,0
5,Static-GCN,400.0,142,0,0
5,Static-GCN,400.0,143,0,0
5,Static-GCN,400.0,144,0,0
5,Static-GCN,400.0,145,1,0
5,Static-GCN,400.0,146,0,0
5,Static-GCN,400.0,147,0,0
5,Static-GCN,400.0,148,0,0
5,Static-GCN,400.0,149,0,0
5,Static-GCN,410.0,0,0,0
5,Static-GCN,410.0,1,0,0
5,Static-GCN,410.0,2,0,0
5,Static-GCN,410.0,3,0,0
5,Static-GCN,410.0,4,0,0
5,Static-GCN,410.0,5,0,0
5,Static-GCN,410.0,6,1,0
5,Static-GCN,410.0,7,0,0
5,Static-GCN,410.0,8,0,0
5,Static-GCN,410.0,9,0,0
5,Static-GCN,410.0,10,0,0
5,Static-GCN,410.0,11,1,0
5,Static-GCN,410.0,12,0,0
5,Static-GCN,410.0,13,0,0
5,Static-GCN,410.0,14,0,0
5,Static-GCN,410.0,15,0,0
5,Static-GCN,410.0,16,0,0
5,Static-GCN,410.0,17,0,0
5,Static-GCN,410.0,18,0,0
5,Static-GCN,410.0,19,0,0
5,Static-GCN,410.0,20,0,0
5,Static-GCN,410.0,21,0,0
5,Static-GCN,410.0,22,0,0
5,Static-GCN,410.0,23,0,0
5,Static-GCN,410.0,24,0,0
5,Static-GCN,410.0,25,0,0
5,Static-GCN,410.0,26,0,0
5,Static-GCN,410.0,27,0,0
5,Static-GCN,410.0,28,0,0
5,Static-GCN,410.0,29,0,0
5,Static-GCN,410.0,30,0,0
5,Static-GCN,410.0,31,0,0
5,Static-GCN,410.0,32,0,0
5,Static-GCN,410.0,33,1,0
5,Static-GCN,410.0,34,0,0
5,Static-GCN,410.0,35,0,0
5,Static-GCN,410.0,36,0,0
5,Static-GCN,410.0,37,0,0
5,Static-GCN,410.0,38,0,0
5,Static-GCN,410.0,39,0,0
5,Static-GCN,410.0,40,0,0
5,Static-GCN,410.0,41,0,0
5,Static-GCN,410.0,42,0,0
5,Static-GCN,410.0,43,1,0
5,Static-GCN,410.0,44,0,0
5,Static-GCN,410.0,45,0,0
5,Static-GCN,410.0,46,0,0
5,Static-GCN,410.0,47,0,0
5,Static-GCN,410.0,48,0,0
5,Static-GCN,410.0,49,0,0
5,Static-GCN,410.0,50,0,0
5,Static-GCN,410.0,51,0,0
5,Static-GCN,410.0,52,0,0
5,Static-GCN,410.0,53,1,0
5,Static-GCN,410.0,54,0,0
5,Static-GCN,410.0,55,0,0
5,Static-GCN,410.0,56,0,0
5,Static-GCN,410.0,57,0,0
5,Static-GCN,410.0,58,0,0
5,Static-GCN,410.0,59,0,0
5,Static-GCN,410.0,60,1,0
5,Static-GCN,410.0,61,1,0
5,Static-GCN,410.0,62,0,0
5,Static-GCN,410.0,63,0,0
5,Static-GCN,410.0,64,0,0
5,Static-GCN,410.0,65,0,0
5,Static-GCN,410.0,66,0,0
5,Static-GCN,410.0,67,0,0
5,Static-GCN,410.0,68,0,0
5,Static-GCN,410.0,69,0,0
5,Static-GCN,410.0,70,0,0
5,Static-GCN,410.0,71,0,0
5,Static-GCN,410.0,72,0,0
5,Static-GCN,410.0,73,0,0
5,Static-GCN,410.0,74,0,0
5,Static-GCN,410.0,75,0,0
5,Static-GCN,410.0,76,0,0
5,Static-GCN,410.0,77,0,0
5,Static-GCN,410.0,78,0,0
5,Static-GCN,410.0,79,0,0
5,Static-GCN,410.0,80,0,0
5,Static-GCN,410.0,81,0,0
5,Static-GCN,410.0,82,0,0
5,Static-GCN,410.0,83,0,0
5,Static-GCN,410.0,84,0,0
5,Static-GCN,410.0,85,0,0
5,Static-GCN,410.0,86,0,0
5,Static-GCN,410.0,87,0,0
5,Static-GCN,410.0,88,0,0
5,Static-GCN,410.0,89,0,0
5,Static-GCN,410.0,90,0,0
5,Static-GCN,410.0,91,0,0
5,Static-GCN,410.0,92,0,0
5,Static-GCN,410.0,93,0,0
5,Static-GCN,410.0,94,0,0
5,Static-GCN,410.0,95,0,0
5,Static-GCN,410.0,96,0,0
5,Static-GCN,410.0,97,0,0
5,Static-GCN,410.0,98,0,0
5,Static-GCN,410.0,99,0,0
5,Static-GCN,410.0,100,1,0
5,Static-GCN,410.0,101,1,0
5,Static-GCN,410.0,102,0,0
5,Static-GCN,410.0,103,0,0
5,Static-GCN,410.0,104,1,0
5,Static-GCN,410.0,105,1,0
5,Static-GCN,410.0,106,0,0
5,Static-GCN,410.0,107,0,0
5,Static-GCN,410.0,108,0,0
5,Static-GCN,410.0,109,0,0
5,Static-GCN,410.0,110,0,0
5,Static-GCN,410.0,111,1,0
5,Static-GCN,410.0,112,0,0
5,Static-GCN,410.0,113,0,0
5,Static-GCN,410.0,114,0,0
5,Static-GCN,410.0,115,0,0
5,Static-GCN,410.0,116,0,0
5,Static-GCN,410.0,117,1,0
5,Static-GCN,410.0,118,0,0
5,Static-GCN,410.0,119,0,0
5,Static-GCN,410.0,120,0,0
5,Static-GCN,410.0,121,0,0
5,Static-GCN,410.0,122,0,0
5,Static-GCN,410.0,123,0,0
5,Static-GCN,410.0,124,0,0
5,Static-GCN,410.0,125,0,0
5,Static-GCN,410.0,126,0,0
5,Static-GCN,410.0,127,0,0
5,Static-GCN,410.0,128,0,0
5,Static-GCN,410.0,129,1,0
5,Static-GCN,410.0,130,0,0
5,Static-GCN,410.0,131,0,0
5,Static-GCN,410.0,132,0,0
5,Static-GCN,410.0,133,0,0
5,Static-GCN,410.0,134,1,0
5,Static-GCN,410.0,135,0,0
5,Static-GCN,410.0,136,0,0
5,Static-GCN,410.0,137,0,0
5,Static-GCN,410.0,138,0,0
5,Static-GCN,410.0,139,0,0
5,Static-GCN,410.0,140,0,0
5,Static-GCN,410.0,141,0,0
5,Static-GCN,410.0,142,0,0
5,Static-GCN,410.0,143,0,0
5,Static-GCN,410.0,144,0,0
5,Static-GCN,410.0,145,1,0
5,Static-GCN,410.0,146,0,0
5,Static-GCN,410.0,147,0,0
5,Static-GCN,410.0,148,0,0
5,Static-GCN,410.0,149,0,0
5,Static-GCN,420.0,0,0,0
5,Static-GCN,420.0,1,0,0
5,Static-GCN,420.0,2,0,0
5,Static-GCN,420.0,3,0,0
5,Static-GCN,420.0,4,0,0
5,Static-GCN,420.0,5,0,0
5,Static-GCN,420.0,6,1,0
5,Static-GCN,420.0,7,0,0
5,Static-GCN,420.0,8,0,0
5,Static-GCN,420.0,9,0,0
5,Static-GCN,420.0,10,0,0
5,Static-GCN,420.0,11,1,0
5,Static-GCN,420.0,12,0,0
5,Static-GCN,420.0,13,0,0
5,Static-GCN,420.0,14,0,0
5,Static-GCN,420.0,15,0,0
5,Static-GCN,420.0,16,0,0
5,Static-GCN,420.0,17,0,0
5,Static-GCN,420.0,18,0,0
5,Static-GCN,420.0,19,0,0
5,Static-GCN,420.0,20,0,0
5,Static-GCN,420.0,21,0,0
5,Static-GCN,420.0,22,0,0
5,Static-GCN,420.0,23,0,0
5,Static-GCN,420.0,24,0,0
5,Static-GCN,420.0,25,0,0
5,Static-GCN,420.0,26,0,0
5,Static-GCN,420.0,27,0,0
5,Static-GCN,420.0,28,0,0
5,Static-GCN,420.0,29,0,0
5,Static-GCN,420.0,30,0,0
5,Static-GCN,420.0,31,0,0
5,Static-GCN,420.0,32,0,0
5,Static-GCN,420.0,33,1,0
5,Static-GCN,420.0,34,0,0
5,Static-GCN,420.0,35,0,0
5,Static-GCN,420.0,36,0,0
5,Static-GCN,420.0,37,0,0
5,Static-GCN,420.0,38,0,0
5,Static-GCN,420.0,39,0,0
5,Static-GCN,420.0,40,0,0
5,Static-GCN,420.0,41,0,0
5,Static-GCN,420.0,42,0,0
5,Static-GCN,420.0,43,1,0
5,Static-GCN,420.0,44,0,0
5,Static-GCN,420.0,45,0,0
5,Static-GCN,420.0,46,0,0
5,Static-GCN,420.0,47,0,0
5,Static-GCN,420.0,48,0,0
5,Static-GCN,420.0,49,0,0
5,Static-GCN,420.0,50,0,0
5,Static-GCN,420.0,51,0,0
5,Static-GCN,420.0,52,0,0
5,Static-GCN,420.0,53,1,0
5,Static-GCN,420.0,54,0,0
5,Static-GCN,420.0,55,0,0
5,Static-GCN,420.0,56,0,0
5,Static-GCN,420.0,57,0,0
5,Static-GCN,420.0,58,0,0
5,Static-GCN,420.0,59,0,0
5,Static-GCN,420.0,60,1,0
5,Static-GCN,420.0,61,1,0
5,Static-GCN,420.0,62,0,0
5,Static-GCN,420.0,63,0,0
5,Static-GCN,420.0,64,0,0
5,Static-GCN,420.0,65,0,0
5,Static-GCN,420.0,66,0,0
5,Static-GCN,420.0,67,0,0
5,Static-GCN,420.0,68,0,0
5,Static-GCN,420.0,69,0,0
5,Static-GCN,420.0,70,0,0
5,Static-GCN,420.0,71,0,0
5,Static-GCN,420.0,72,0,0
5,Static-GCN,420.0,73,0,0
5,Static-GCN,420.0,74,0,0
5,Static-GCN,420.0,75,0,0
5,Static-GCN,420.0,76,0,0
5,Static-GCN,420.0,77,0,0
5,Static-GCN,420.0,78,0,0
5,Static-GCN,420.0,79,0,0
5,Static-GCN,420.0,80,0,0
5,Static-GCN,420.0,81,0,0
5,Static-GCN,420.0,82,0,0
5,Static-GCN,420.0,83,0,0
5,Static-GCN,420.0,84,0,0
5,Static-GCN,420.0,85,0,0
5,Static-GCN,420.0,86,0,0
5,Static-GCN,420.0,87,0,0
5,Static-GCN,420.0,88,0,0
5,Static-GCN,420.0,89,0,0
5,Static-GCN,420.0,90,0,0
5,Static-GCN,420.0,91,0,0
5,Static-GCN,420.0,92,0,0
5,Static-GCN,420.0,93,0,0
5,Static-GCN,420.0,94,0,0
5,Static-GCN,420.0,95,0,0
5,Static-GCN,420.0,96,0,0
5,Static-GCN,420.0,97,0,0
5,Static-GCN,420.0,98,0,0
5,Static-GCN,420.0,99,0,0
5,Static-GCN,420.0,100,1,0
5,Static-GCN,420.0,101,1,0
5,Static-GCN,420.0,102,0,0
5,Static-GCN,420.0,103,0,0
5,Static-GCN,420.0,104,1,0
5,Static-GCN,420.0,105,1,0
5,Static-GCN,420.0,106,0,0
5,Static-GCN,420.0,107,0,0
5,Static-GCN,420.0,108,0,0
5,Static-GCN,420.0,109,0,0
5,Static-GCN,420.0,110,0,0
5,Static-GCN,420.0,111,1,0
5,Static-GCN,420.0,112,0,0
5,Static-GCN,420.0,113,0,0
5,Static-GCN,420.0,114,0,0
5,Static-GCN,420.0,115,0,0
5,Static-GCN,420.0,116,0,0
5,Static-GCN,420.0,117,1,0
5,Static-GCN,420.0,118,0,0
5,Static-GCN,420.0,119,0,0
5,Static-GCN,420.0,120,0,0
5,Static-GCN,420.0,121,0,0
5,Static-GCN,420.0,122,0,0
5,Static-GCN,420.0,123,0,0
5,Static-GCN,420.0,124,0,0
5,Static-GCN,420.0,125,0,0
5,Static-GCN,420.0,126,0,0
5,Static-GCN,420.0,127,0,0
5,Static-GCN,420.0,128,0,0
5,Static-GCN,420.0,129,1,0
5,Static-GCN,420.0,130,0,0
5,Static-GCN,420.0,131,0,0
5,Static-GCN,420.0,132,0,0
5,Static-GCN,420.0,133,0,0
5,Static-GCN,420.0,134,1,0
5,Static-GCN,420.0,135,0,0
5,Static-GCN,420.0,136,0,0
5,Static-GCN,420.0,137,0,0
5,Static-GCN,420.0,138,0,0
5,Static-GCN,420.0,139,0,0
5,Static-GCN,420.0,140,0,0
5,Static-GCN,420.0,141,0,0
5,Static-GCN,420.0,142,0,0
5,Static-GCN,420.0,143,0,0
5,Static-GCN,420.0,144,0,0
5,Static-GCN,420.0,145,1,0
5,Static-GCN,420.0,146,0,0
5,Static-GCN,420.0,147,0,0
5,Static-GCN,420.0,148,0,0
5,Static-GCN,420.0,149,0,0
5,Static-GCN,430.0,0,0,0
5,Static-GCN,430.0,1,0,0
5,Static-GCN,430.0,2,0,0
5,Static-GCN,430.0,3,0,0
5,Static-GCN,430.0,4,0,0
5,Static-GCN,430.0,5,0,0
5,Static-GCN,430.0,6,1,0
5,Static-GCN,430.0,7,0,0
5,Static-GCN,430.0,8,0,0
5,Static-GCN,430.0,9,0,0
5,Static-GCN,430.0,10,0,0
5,Static-GCN,430.0,11,1,0
5,Static-GCN,430.0,12,0,0
5,Static-GCN,430.0,13,0,0
5,Static-GCN,430.0,14,0,0
5,Static-GCN,430.0,15,0,0
5,Static-GCN,430.0,16,0,0
5,Static-GCN,430.0,17,0,0
5,Static-GCN,430.0,18,0,0
5,Static-GCN,430.0,19,0,0
5,Static-GCN,430.0,20,0,0
5,Static-GCN,430.0,21,0,0
5,Static-GCN,430.0,22,0,0
5,Static-GCN,430.0,23,0,0
5,Static-GCN,430.0,24,0,0
5,Static-GCN,430.0,25,0,0
5,Static-GCN,430.0,26,0,0
5,Static-GCN,430.0,27,0,0
5,Static-GCN,430.0,28,0,0
5,Static-GCN,430.0,29,0,0
5,Static-GCN,430.0,30,0,0
5,Static-GCN,430.0,31,0,0
5,Static-GCN,430.0,32,0,0
5,Static-GCN,430.0,33,1,0
5,Static-GCN,430.0,34,0,0
5,Static-GCN,430.0,35,0,0
5,Static-GCN,430.0,36,0,0
5,Static-GCN,430.0,37,0,0
5,Static-GCN,430.0,38,0,0
5,Static-GCN,430.0,39,0,0
5,Static-GCN,430.0,40,0,0
5,Static-GCN,430.0,41,0,0
5,Static-GCN,430.0,42,0,0
5,Static-GCN,430.0,43,1,0
5,Static-GCN,430.0,44,0,0
5,Static-GCN,430.0,45,0,0
5,Static-GCN,430.0,46,0,0
5,Static-GCN,430.0,47,0,0
5,Static-GCN,430.0,48,0,0
5,Static-GCN,430.0,49,0,0
5,Static-GCN,430.0,50,0,0
5,Static-GCN,430.0,51,0,0
5,Static-GCN,430.0,52,0,0
5,Static-GCN,430.0,53,1,0
5,Static-GCN,430.0,54,0,0
5,Static-GCN,430.0,55,0,0
5,Static-GCN,430.0,56,0,0
5,Static-GCN,430.0,57,0,0
5,Static-GCN,430.0,58,0,0
5,Static-GCN,430.0,59,0,0
5,Static-GCN,430.0,60,1,0
5,Static-GCN,430.0,61,1,0
5,Static-GCN,430.0,62,0,0
5,Static-GCN,430.0,63,0,0
5,Static-GCN,430.0,64,0,0
5,Static-GCN,430.0,65,0,0
5,Static-GCN,430.0,66,0,0
5,Static-GCN,430.0,67,0,0
5,Static-GCN,430.0,68,0,0
5,Static-GCN,430.0,69,0,0
5,Static-GCN,430.0,70,0,0
5,Static-GCN,430.0,71,0,0
5,Static-GCN,430.0,72,0,0
5,Static-GCN,430.0,73,0,0
5,Static-GCN,430.0,74,0,0
5,Static-GCN,430.0,75,0,0
5,Static-GCN,430.0,76,0,0
5,Static-GCN,430.0,77,0,0
5,Static-GCN,430.0,78,0,0
5,Static-GCN,430.0,79,0,0
5,Static-GCN,430.0,80,0,0
5,Static-GCN,430.0,81,0,0
5,Static-GCN,430.0,82,0,0
5,Static-GCN,430.0,83,0,0
5,Static-GCN,430.0,84,0,0
5,Static-GCN,430.0,85,0,0
5,Static-GCN,430.0,86,0,0
5,Static-GCN,430.0,87,0,0
5,Static-GCN,430.0,88,0,0
5,Static-GCN,430.0,89,0,0
5,Static-GCN,430.0,90,0,0
5,Static-GCN,430.0,91,0,0
5,Static-GCN,430.0,92,0,0
5,Static-GCN,430.0,93,0,0
5,Static-GCN,430.0,94,0,0
5,Static-GCN,430.0,95,0,0
5,Static-GCN,430.0,96,0,0
5,Static-GCN,430.0,97,0,0
5,Static-GCN,430.0,98,0,0
5,Static-GCN,430.0,99,0,0
5,Static-GCN,430.0,100,1,0
5,Static-GCN,430.0,101,1,0
5,Static-GCN,430.0,102,0,0
5,Static-GCN,430.0,103,0,0
5,Static-GCN,430.0,104,1,0
5,Static-GCN,430.0,105,1,0
5,Static-GCN,430.0,106,0,0
5,Static-GCN,430.0,107,0,0
5,Static-GCN,430.0,108,0,0
5,Static-GCN,430.0,109,0,0
5,Static-GCN,430.0,110,0,0
5,Static-GCN,430.0,111,1,0
5,Static-GCN,430.0,112,0,0
5,Static-GCN,430.0,113,0,0
5,Static-GCN,430.0,114,0,0
5,Static-GCN,430.0,115,0,0
5,Static-GCN,430.0,116,0,0
5,Static-GCN,430.0,117,1,0
5,Static-GCN,430.0,118,0,0
5,Static-GCN,430.0,119,0,0
5,Static-GCN,430.0,120,0,0
5,Static-GCN,430.0,121,0,0
5,Static-GCN,430.0,122,0,0
5,Static-GCN,430.0,123,0,0
5,Static-GCN,430.0,124,0,0
5,Static-GCN,430.0,125,0,0
5,Static-GCN,430.0,126,0,0
5,Static-GCN,430.0,127,0,0
5,Static-GCN,430.0,128,0,0
5,Static-GCN,430.0,129,1,0
5,Static-GCN,430.0,130,0,0
5,Static-GCN,430.0,131,0,0
5,Static-GCN,430.0,132,0,0
5,Static-GCN,430.0,133,0,0
5,Static-GCN,430.0,134,1,0
5,Static-GCN,430.0,135,0,0
5,Static-GCN,430.0,136,0,0
5,Static-GCN,430.0,137,0,0
5,Static-GCN,430.0,138,0,0
5,Static-GCN,430.0,139,0,0
5,Static-GCN,430.0,140,0,0
5,Static-GCN,430.0,141,0,0
5,Static-GCN,430.0,142,0,0
5,Static-GCN,430.0,143,0,0
5,Static-GCN,430.0,144,0,0
5,Static-GCN,430.0,145,1,0
5,Static-GCN,430.0,146,0,0
5,Static-GCN,430.0,147,0,0
5,Static-GCN,430.0,148,0,0
5,Static-GCN,430.0,149,0,0
5,Static-GCN,440.0,0,0,0
5,Static-GCN,440.0,1,0,0
5,Static-GCN,440.0,2,0,0
5,Static-GCN,440.0,3,0,0
5,Static-GCN,440.0,4,0,0
5,Static-GCN,440.0,5,0,0
5,Static-GCN,440.0,6,1,0
5,Static-GCN,440.0,7,0,0
5,Static-GCN,440.0,8,0,0
5,Static-GCN,440.0,9,0,0
5,Static-GCN,440.0,10,0,0
5,Static-GCN,440.0,11,1,0
5,Static-GCN,440.0,12,0,0
5,Static-GCN,440.0,13,0,0
5,Static-GCN,440.0,14,0,0
5,Static-GCN,440.0,15,0,0
5,Static-GCN,440.0,16,0,0
5,Static-GCN,440.0,17,0,0
5,Static-GCN,440.0,18,0,0
5,Static-GCN,440.0,19,0,0
5,Static-GCN,440.0,20,0,0
5,Static-GCN,440.0,21,0,0
5,Static-GCN,440.0,22,0,0
5,Static-GCN,440.0,23,0,0
5,Static-GCN,440.0,24,0,0
5,Static-GCN,440.0,25,0,0
5,Static-GCN,440.0,26,0,0
5,Static-GCN,440.0,27,0,0
5,Static-GCN,440.0,28,0,0
5,Static-GCN,440.0,29,0,0
5,Static-GCN,440.0,30,0,0
5,Static-GCN,440.0,31,0,0
5,Static-GCN,440.0,32,0,0
5,Static-GCN,440.0,33,1,0
5,Static-GCN,440.0,34,0,0
5,Static-GCN,440.0,35,0,0
5,Static-GCN,440.0,36,0,0
5,Static-GCN,440.0,37,0,0
5,Static-GCN,440.0,38,0,0
5,Static-GCN,440.0,39,0,0
5,Static-GCN,440.0,40,0,0
5,Static-GCN,440.0,41,0,0
5,Static-GCN,440.0,42,0,0
5,Static-GCN,440.0,43,1,0
5,Static-GCN,440.0,44,0,0
5,Static-GCN,440.0,45,0,0
5,Static-GCN,440.0,46,0,0
5,Static-GCN,440.0,47,0,0
5,Static-GCN,440.0,48,0,0
5,Static-GCN,440.0,49,0,0
5,Static-GCN,440.0,50,0,0
5,Static-GCN,440.0,51,0,0
5,Static-GCN,440.0,52,0,0
5,Static-GCN,440.0,53,1,0
5,Static-GCN,440.0,54,0,0
5,Static-GCN,440.0,55,0,0
5,Static-GCN,440.0,56,0,0
5,Static-GCN,440.0,57,0,0
5,Static-GCN,440.0,58,0,0
5,Static-GCN,440.0,59,0,0
5,Static-GCN,440.0,60,1,0
5,Static-GCN,440.0,61,1,0
5,Static-GCN,440.0,62,0,0
5,Static-GCN,440.0,63,0,0
5,Static-GCN,440.0,64,0,0
5,Static-GCN,440.0,65,0,0
5,Static-GCN,440.0,66,0,0
5,Static-GCN,440.0,67,0,0
5,Static-GCN,440.0,68,0,0
5,Static-GCN,440.0,69,0,0
5,Static-GCN,440.0,70,0,0
5,Static-GCN,440.0,71,0,0
5,Static-GCN,440.0,72,0,0
5,Static-GCN,440.0,73,0,0
5,Static-GCN,440.0,74,0,0
5,Static-GCN,440.0,75,0,0
5,Static-GCN,440.0,76,0,0
5,Static-GCN,440.0,77,0,0
5,Static-GCN,440.0,78,0,0
5,Static-GCN,440.0,79,0,0
5,Static-GCN,440.0,80,0,0
5,Static-GCN,440.0,81,0,0
5,Static-GCN,440.0,82,0,0
5,Static-GCN,440.0,83,0,0
5,Static-GCN,440.0,84,0,0
5,Static-GCN,440.0,85,0,0
5,Static-GCN,440.0,86,0,0
5,Static-GCN,440.0,87,0,0
5,Static-GCN,440.0,88,0,0
5,Static-GCN,440.0,89,0,0
5,Static-GCN,440.0,90,0,0
5,Static-GCN,440.0,91,0,0
5,Static-GCN,440.0,92,0,0
5,Static-GCN,440.0,93,0,0
5,Static-GCN,440.0,94,0,0
5,Static-GCN,440.0,95,0,0
5,Static-GCN,440.0,96,0,0
5,Static-GCN,440.0,97,0,0
5,Static-GCN,440.0,98,0,0
5,Static-GCN,440.0,99,0,0
5,Static-GCN,440.0,100,1,0
5,Static-GCN,440.0,101,1,0
5,Static-GCN,440.0,102,0,0
5,Static-GCN,440.0,103,0,0
5,Static-GCN,440.0,104,1,0
5,Static-GCN,440.0,105,1,0
5,Static-GCN,440.0,106,0,0
5,Static-GCN,440.0,107,0,0
5,Static-GCN,440.0,108,0,0
5,Static-GCN,440.0,109,0,0
5,Static-GCN,440.0,110,0,0
5,Static-GCN,440.0,111,1,0
5,Static-GCN,440.0,112,0,0
5,Static-GCN,440.0,113,0,0
5,Static-GCN,440.0,114,0,0
5,Static-GCN,440.0,115,0,0
5,Static-GCN,440.0,116,0,0
5,Static-GCN,440.0,117,1,0
5,Static-GCN,440.0,118,0,0
5,Static-GCN,440.0,119,0,0
5,Static-GCN,440.0,120,0,0
5,Static-GCN,440.0,121,0,0
5,Static-GCN,440.0,122,0,0
5,Static-GCN,440.0,123,0,0
5,Static-GCN,440.0,124,0,0
5,Static-GCN,440.0,125,0,0
5,Static-GCN,440.0,126,0,0
5,Static-GCN,440.0,127,0,0
5,Static-GCN,440.0,128,0,0
5,Static-GCN,440.0,129,1,0
5,Static-GCN,440.0,130,0,0
5,Static-GCN,440.0,131,0,0
5,Static-GCN,440.0,132,0,0
5,Static-GCN,440.0,133,0,0
5,Static-GCN,440.0,134,1,0
5,Static-GCN,440.0,135,0,0
5,Static-GCN,440.0,136,0,0
5,Static-GCN,440.0,137,0,0
5,Static-GCN,440.0,138,0,0
5,Static-GCN,440.0,139,0,0
5,Static-GCN,440.0,140,0,0
5,Static-GCN,440.0,141,0,0
5,Static-GCN,440.0,142,0,0
5,Static-GCN,440.0,143,0,0
5,Static-GCN,440.0,144,0,0
5,Static-GCN,440.0,145,1,0
5,Static-GCN,440.0,146,0,0
5,Static-GCN,440.0,147,0,0
5,Static-GCN,440.0,148,0,0
5,Static-GCN,440.0,149,0,0
5,Static-GCN,450.0,0,0,0
5,Static-GCN,450.0,1,0,0
5,Static-GCN,450.0,2,0,0
5,Static-GCN,450.0,3,0,1
5,Static-GCN,450.0,4,0,0
5,Static-GCN,450.0,5,0,0
5,Static-GCN,450.0,6,1,0
5,Static-GCN,450.0,7,0,0
5,Static-GCN,450.0,8,0,0
5,Static-GCN,450.0,9,0,0
5,Static-GCN,450.0,10,0,0
5,Static-GCN,450.0,11,1,0
5,Static-GCN,450.0,12,0,0
5,Static-GCN,450.0,13,0,0
5,Static-GCN,450.0,14,0,0
5,Static-GCN,450.0,15,0,0
5,Static-GCN,450.0,16,0,0
5,Static-GCN,450.0,17,0,0
5,Static-GCN,450.0,18,0,0
5,Static-GCN,450.0,19,0,0
5,Static-GCN,450.0,20,0,0
5,Static-GCN,450.0,21,0,0
5,Static-GCN,450.0,22,0,0
5,Static-GCN,450.0,23,0,0
5,Static-GCN,450.0,24,0,0
5,Static-GCN,450.0,25,0,0
5,Static-GCN,450.0,26,0,1
5,Static-GCN,450.0,27,0,0
5,Static-GCN,450.0,28,0,0
5,Static-GCN,450.0,29,0,0
5,Static-GCN,450.0,30,0,0
5,Static-GCN,450.0,31,0,0
5,Static-GCN,450.0,32,0,1
5,Static-GCN,450.0,33,1,1
5,Static-GCN,450.0,34,0,0
5,Static-GCN,450.0,35,0,0
5,Static-GCN,450.0,36,0,0
5,Static-GCN,450.0,37,0,0
5,Static-GCN,450.0,38,0,0
5,Static-GCN,450.0,39,0,0
5,Static-GCN,450.0,40,0,0
5,Static-GCN,450.0,41,0,0
5,Static-GCN,450.0,42,0,1
5,Static-GCN,450.0,43,1,0
5,Static-GCN,450.0,44,0,0
5,Static-GCN,450.0,45,0,0
5,Static-GCN,450.0,46,0,0
5,Static-GCN,450.0,47,0,0
5,Static-GCN,450.0,48,0,0
5,Static-GCN,450.0,49,0,0
5,Static-GCN,450.0,50,0,0
5,Static-GCN,450.0,51,0,0
5,Static-GCN,450.0,52,0,0
5,Static-GCN,450.0,53,1,0
5,Static-GCN,450.0,54,0,0
5,Static-GCN,450.0,55,0,0
5,Static-GCN,450.0,56,0,1
5,Static-GCN,450.0,57,0,1
5,Static-GCN,450.0,58,0,0
5,Static-GCN,450.0,59,0,0
5,Static-GCN,450.0,60,1,1
5,Static-GCN,450.0,61,1,0
5,Static-GCN,450.0,62,0,0
5,Static-GCN,450.0,63,0,0
5,Static-GCN,450.0,64,0,0
5,Static-GCN,450.0,65,0,0
5,Static-GCN,450.0,66,0,0
5,Static-GCN,450.0,67,0,1
5,Static-GCN,450.0,68,0,0
5,Static-GCN,450.0,69,0,0
5,Static-GCN,450.0,70,0,0
5,Static-GCN,450.0,71,0,0
5,Static-GCN,450.0,72,0,0
5,Static-GCN,450.0,73,0,0
5,Static-GCN,450.0,74,0,0
5,Static-GCN,450.0,75,0,0
5,Static-GCN,450.0,76,0,1
5,Static-GCN,450.0,77,0,0
5,Static-GCN,450.0,78,0,0
5,Static-GCN,450.0,79,0,0
5,Static-GCN,450.0,80,0,0
5,Static-GCN,450.0,81,0,1
5,Static-GCN,450.0,82,0,0
5,Static-GCN,450.0,83,0,0
5,Static-GCN,450.0,84,0,0
5,Static-GCN,450.0,85,0,0
5,Static-GCN,450.0,86,0,0
5,Static-GCN,450.0,87,0,0
5,Static-GCN,450.0,88,0,0
5,Static-GCN,450.0,89,0,0
5,Static-GCN,450.0,90,0,0
5,Static-GCN,450.0,91,0,0
5,Static-GCN,450.0,92,0,0
5,Static-GCN,450.0,93,0,0
5,Static-GCN,450.0,94,0,1
5,Static-GCN,450.0,95,0,0
5,Static-GCN,450.0,96,0,1
5,Static-GCN,450.0,97,0,0
5,Static-GCN,450.0,98,0,0
5,Static-GCN,450.0,99,0,0
5,Static-GCN,450.0,100,1,1
5,Static-GCN,450.0,101,1,0
5,Static-GCN,450.0,102,0,0
5,Static-GCN,450.0,103,0,0
5,Static-GCN,450.0,104,1,0
5,Static-GCN,450.0,105,1,0
5,Static-GCN,450.0,106,0,0
5,Static-GCN,450.0,107,0,0
5,Static-GCN,450.0,108,0,0
5,Static-GCN,450.0,109,0,0
5,Static-GCN,450.0,110,0,0
5,Static-GCN,450.0,111,1,1
5,Static-GCN,450.0,112,0,0
5,Static-GCN,450.0,113,0,0
5,Static-GCN,450.0,114,0,0
5,Static-GCN,450.0,115,0,0
5,Static-GCN,450.0,116,0,0
5,Static-GCN,450.0,117,1,1
5,Static-GCN,450.0,118,0,0
5,Static-GCN,450.0,119,0,0
5,Static-GCN,450.0,120,0,0
5,Static-GCN,450.0,121,0,0
5,Static-GCN,450.0,122,0,0
5,Static-GCN,450.0,123,0,0
5,Static-GCN,450.0,124,0,0
5,Static-GCN,450.0,125,0,0
5,Static-GCN,450.0,126,0,0
5,Static-GCN,450.0,127,0,0
5,Static-GCN,450.0,128,0,0
5,Static-GCN,450.0,129,1,1
5,Static-GCN,450.0,130,0,0
5,Static-GCN,450.0,131,0,0
5,Static-GCN,450.0,132,0,0
5,Static-GCN,450.0,133,0,0
5,Static-GCN,450.0,134,1,0
5,Static-GCN,450.0,135,0,0
5,Static-GCN,450.0,136,0,0
5,Static-GCN,450.0,137,0,0
5,Static-GCN,450.0,138,0,0
5,Static-GCN,450.0,139,0,0
5,Static-GCN,450.0,140,0,0
5,Static-GCN,450.0,141,0,0
5,Static-GCN,450.0,142,0,0
5,Static-GCN,450.0,143,0,0
5,Static-GCN,450.0,144,0,0
5,Static-GCN,450.0,145,1,0
5,Static-GCN,450.0,146,0,0
5,Static-GCN,450.0,147,0,0
5,Static-GCN,450.0,148,0,0
5,Static-GCN,450.0,149,0,0
5,Static-GCN,460.0,0,0,0
5,Static-GCN,460.0,1,0,0
5,Static-GCN,460.0,2,0,0
5,Static-GCN,460.0,3,0,0
5,Static-GCN,460.0,4,0,0
5,Static-GCN,460.0,5,0,0
5,Static-GCN,460.0,6,1,0
5,Static-GCN,460.0,7,0,0
5,Static-GCN,460.0,8,0,0
5,Static-GCN,460.0,9,0,0
5,Static-GCN,460.0,10,0,0
5,Static-GCN,460.0,11,1,0
5,Static-GCN,460.0,12,0,0
5,Static-GCN,460.0,13,0,0
5,Static-GCN,460.0,14,0,0
5,Static-GCN,460.0,15,0,0
5,Static-GCN,460.0,16,0,0
5,Static-GCN,460.0,17,0,0
5,Static-GCN,460.0,18,0,0
5,Static-GCN,460.0,19,0,0
5,Static-GCN,460.0,20,0,0
5,Static-GCN,460.0,21,0,0
5,Static-GCN,460.0,22,0,0
5,Static-GCN,460.0,23,0,0
5,Static-GCN,460.0,24,0,0
5,Static-GCN,460.0,25,0,0
5,Static-GCN,460.0,26,0,0
5,Static-GCN,460.0,27,0,0
5,Static-GCN,460.0,28,0,0
5,Static-GCN,460.0,29,0,0
5,Static-GCN,460.0,30,0,0
5,Static-GCN,460.0,31,0,0
5,Static-GCN,460.0,32,0,0
5,Static-GCN,460.0,33,1,0
5,Static-GCN,460.0,34,0,0
5,Static-GCN,460.0,35,0,0
5,Static-GCN,460.0,36,0,0
5,Static-GCN,460.0,37,0,0
5,Static-GCN,460.0,38,0,0
5,Static-GCN,460.0,39,0,0
5,Static-GCN,460.0,40,0,0
5,Static-GCN,460.0,41,0,0
5,Static-GCN,460.0,42,0,0
5,Static-GCN,460.0,43,1,0
5,Static-GCN,460.0,44,0,0
5,Static-GCN,460.0,45,0,0
5,Static-GCN,460.0,46,0,0
5,Static-GCN,460.0,47,0,0
5,Static-GCN,460.0,48,0,0
5,Static-GCN,460.0,49,0,0
5,Static-GCN,460.0,50,0,0
5,Static-GCN,460.0,51,0,0
5,Static-GCN,460.0,52,0,0
5,Static-GCN,460.0,53,1,0
5,Static-GCN,460.0,54,0,0
5,Static-GCN,460.0,55,0,0
5,Static-GCN,460.0,56,0,0
5,Static-GCN,460.0,57,0,0
5,Static-GCN,460.0,58,0,0
5,Static-GCN,460.0,59,0,0
5,Static-GCN,460.0,60,1,0
5,Static-GCN,460.0,61,1,0
5,Static-GCN,460.0,62,0,0
5,Static-GCN,460.0,63,0,0
5,Static-GCN,460.0,64,0,0
5,Static-GCN,460.0,65,0,0
5,Static-GCN,460.0,66,0,0
5,Static-GCN,460.0,67,0,0
5,Static-GCN,460.0,68,0,0
5,Static-GCN,460.0,69,0,0
5,Static-GCN,460.0,70,0,0
5,Static-GCN,460.0,71,0,0
5,Static-GCN,460.0,72,0,0
5,Static-GCN,460.0,73,0,0
5,Static-GCN,460.0,74,0,0
5,Static-GCN,460.0,75,0,0
5,Static-GCN,460.0,76,0,0
5,Static-GCN,460.0,77,0,0
5,Static-GCN,460.0,78,0,0
5,Static-GCN,460.0,79,0,0
5,Static-GCN,460.0,80,0,0
5,Static-GCN,460.0,81,0,0
5,Static-GCN,460.0,82,0,0
5,Static-GCN,460.0,83,0,0
5,Static-GCN,460.0,84,0,0
5,Static-GCN,460.0,85,0,0
5,Static-GCN,460.0,86,0,0
5,Static-GCN,460.0,87,0,0
5,Static-GCN,460.0,88,0,0
5,Static-GCN,460.0,89,0,0
5,Static-GCN,460.0,90,0,0
5,Static-GCN,460.0,91,0,0
5,Static-GCN,460.0,92,0,0
5,Static-GCN,460.0,93,0,0
5,Static-GCN,460.0,94,0,0
5,Static-GCN,460.0,95,0,0
5,Static-GCN,460.0,96,0,0
5,Static-GCN,460.0,97,0,0
5,Static-GCN,460.0,98,0,0
5,Static-GCN,460.0,99,0,0
5,Static-GCN,460.0,100,1,0
5,Static-GCN,460.0,101,1,0
5,Static-GCN,460.0,102,0,0
5,Static-GCN,460.0,103,0,0
5,Static-GCN,460.0,104,1,0
5,Static-GCN,460.0,105,1,0
5,Static-GCN,460.0,106,0,0
5,Static-GCN,460.0,107,0,0
5,Static-GCN,460.0,108,0,0
5,Static-GCN,460.0,109,0,0
5,Static-GCN,460.0,110,0,0
5,Static-GCN,460.0,111,1,0
5,Static-GCN,460.0,112,0,0
5,Static-GCN,460.0,113,0,0
5,Static-GCN,460.0,114,0,0
5,Static-GCN,460.0,115,0,0
5,Static-GCN,460.0,116,0,0
5,Static-GCN,460.0,117,1,0
5,Static-GCN,460.0,118,0,0
5,Static-GCN,460.0,119,0,0
5,Static-GCN,460.0,120,0,0
5,Static-GCN,460.0,121,0,0
5,Static-GCN,460.0,122,0,0
5,Static-GCN,460.0,123,0,0
5,Static-GCN,460.0,124,0,0
5,Static-GCN,460.0,125,0,0
5,Static-GCN,460.0,126,0,0
5,Static-GCN,460.0,127,0,0
5,Static-GCN,460.0,128,0,0
5,Static-GCN,460.0,129,1,0
5,Static-GCN,460.0,130,0,0
5,Static-GCN,460.0,131,0,0
5,Static-GCN,460.0,132,0,0
5,Static-GCN,460.0,133,0,0
5,Static-GCN,460.0,134,1,0
5,Static-GCN,460.0,135,0,0
5,Static-GCN,460.0,136,0,0
5,Static-GCN,460.0,137,0,0
5,Static-GCN,460.0,138,0,0
5,Static-GCN,460.0,139,0,0
5,Static-GCN,460.0,140,0,0
5,Static-GCN,460.0,141,0,0
5,Static-GCN,460.0,142,0,0
5,Static-GCN,460.0,143,0,0
5,Static-GCN,460.0,144,0,0
5,Static-GCN,460.0,145,1,0
5,Static-GCN,460.0,146,0,0
5,Static-GCN,460.0,147,0,0
5,Static-GCN,460.0,148,0,0
5,Static-GCN,460.0,149,0,0
5,Static-GCN,470.0,0,0,0
5,Static-GCN,470.0,1,0,0
5,Static-GCN,470.0,2,0,0
5,Static-GCN,470.0,3,0,0
5,Static-GCN,470.0,4,0,0
5,Static-GCN,470.0,5,0,0
5,Static-GCN,470.0,6,1,0
5,Static-GCN,470.0,7,0,0
5,Static-GCN,470.0,8,0,0
5,Static-GCN,470.0,9,0,0
5,Static-GCN,470.0,10,0,0
5,Static-GCN,470.0,11,1,0
5,Static-GCN,470.0,12,0,0
5,Static-GCN,470.0,13,0,0
5,Static-GCN,470.0,14,0,0
5,Static-GCN,470.0,15,0,0
5,Static-GCN,470.0,16,0,0
5,Static-GCN,470.0,17,0,0
5,Static-GCN,470.0,18,0,0
5,Static-GCN,470.0,19,0,0
5,Static-GCN,470.0,20,0,0
5,Static-GCN,470.0,21,0,0
5,Static-GCN,470.0,22,0,0
5,Static-GCN,470.0,23,0,0
5,Static-GCN,470.0,24,0,0
5,Static-GCN,470.0,25,0,0
5,Static-GCN,470.0,26,0,0
5,Static-GCN,470.0,27,0,0
5,Static-GCN,470.0,28,0,0
5,Static-GCN,470.0,29,0,0
5,Static-GCN,470.0,30,0,0
5,Static-GCN,470.0,31,0,0
5,Static-GCN,470.0,32,0,0
5,Static-GCN,470.0,33,1,0
5,Static-GCN,470.0,34,0,0
5,Static-GCN,470.0,35,0,0
5,Static-GCN,470.0,36,0,0
5,Static-GCN,470.0,37,0,0
5,Static-GCN,470.0,38,0,0
5,Static-GCN,470.0,39,0,0
5,Static-GCN,470.0,40,0,0
5,Static-GCN,470.0,41,0,0
5,Static-GCN,470.0,42,0,0
5,Static-GCN,470.0,43,1,0
5,Static-GCN,470.0,44,0,0
5,Static-GCN,470.0,45,0,0
5,Static-GCN,470.0,46,0,0
5,Static-GCN,470.0,47,0,0
5,Static-GCN,470.0,48,0,0
5,Static-GCN,470.0,49,0,0
5,Static-GCN,470.0,50,0,0
5,Static-GCN,470.0,51,0,0
5,Static-GCN,470.0,52,0,0
5,Static-GCN,470.0,53,1,0
5,Static-GCN,470.0,54,0,0
5,Static-GCN,470.0,55,0,0
5,Static-GCN,470.0,56,0,0
5,Static-GCN,470.0,57,0,0
5,Static-GCN,470.0,58,0,0
5,Static-GCN,470.0,59,0,0
5,Static-GCN,470.0,60,1,0
5,Static-GCN,470.0,61,1,0
5,Static-GCN,470.0,62,0,0
5,Static-GCN,470.0,63,0,0
5,Static-GCN,470.0,64,0,0
5,Static-GCN,470.0,65,0,0
5,Static-GCN,470.0,66,0,0
5,Static-GCN,470.0,67,0,0
5,Static-GCN,470.0,68,0,0
5,Static-GCN,470.0,69,0,0
5,Static-GCN,470.0,70,0,0
5,Static-GCN,470.0,71,0,0
5,Static-GCN,470.0,72,0,0
5,Static-GCN,470.0,73,0,0
5,Static-GCN,470.0,74,0,0
5,Static-GCN,470.0,75,0,0
5,Static-GCN,470.0,76,0,0
5,Static-GCN,470.0,77,0,0
5,Static-GCN,470.0,78,0,0
5,Static-GCN,470.0,79,0,0
5,Static-GCN,470.0,80,0,0
5,Static-GCN,470.0,81,0,0
5,Static-GCN,470.0,82,0,0
5,Static-GCN,470.0,83,0,0
5,Static-GCN,470.0,84,0,0
5,Static-GCN,470.0,85,0,0
5,Static-GCN,470.0,86,0,0
5,Static-GCN,470.0,87,0,0
5,Static-GCN,470.0,88,0,0
5,Static-GCN,470.0,89,0,0
5,Static-GCN,470.0,90,0,0
5,Static-GCN,470.0,91,0,0
5,Static-GCN,470.0,92,0,0
5,Static-GCN,470.0,93,0,0
5,Static-GCN,470.0,94,0,0
5,Static-GCN,470.0,95,0,0
5,Static-GCN,470.0,96,0,0
5,Static-GCN,470.0,97,0,0
5,Static-GCN,470.0,98,0,0
5,Static-GCN,470.0,99,0,0
5,Static-GCN,470.0,100,1,0
5,Static-GCN,470.0,101,1,0
5,Static-GCN,470.0,102,0,0
5,Static-GCN,470.0,103,0,0
5,Static-GCN,470.0,104,1,0
5,Static-GCN,470.0,105,1,0
5,Static-GCN,470.0,106,0,0
5,Static-GCN,470.0,107,0,0
5,Static-GCN,470.0,108,0,0
5,Static-GCN,470.0,109,0,0
5,Static-GCN,470.0,110,0,0
5,Static-GCN,470.0,111,1,0
5,Static-GCN,470.0,112,0,0
5,Static-GCN,470.0,113,0,0
5,Static-GCN,470.0,114,0,0
5,Static-GCN,470.0,115,0,0
5,Static-GCN,470.0,116,0,0
5,Static-GCN,470.0,117,1,0
5,Static-GCN,470.0,118,0,0
5,Static-GCN,470.0,119,0,0
5,Static-GCN,470.0,120,0,0
5,Static-GCN,470.0,121,0,0
5,Static-GCN,470.0,122,0,0
5,Static-GCN,470.0,123,0,0
5,Static-GCN,470.0,124,0,0
5,Static-GCN,470.0,125,0,0
5,Static-GCN,470.0,126,0,0
5,Static-GCN,470.0,127,0,0
5,Static-GCN,470.0,128,0,0
5,Static-GCN,470.0,129,1,0
5,Static-GCN,470.0,130,0,0
5,Static-GCN,470.0,131,0,0
5,Static-GCN,470.0,132,0,0
5,Static-GCN,470.0,133,0,0
5,Static-GCN,470.0,134,1,0
5,Static-GCN,470.0,135,0,0
5,Static-GCN,470.0,136,0,0
5,Static-GCN,470.0,137,0,0
5,Static-GCN,470.0,138,0,0
5,Static-GCN,470.0,139,0,0
5,Static-GCN,470.0,140,0,0
5,Static-GCN,470.0,141,0,0
5,Static-GCN,470.0,142,0,0
5,Static-GCN,470.0,143,0,0
5,Static-GCN,470.0,144,0,0
5,Static-GCN,470.0,145,1,0
5,Static-GCN,470.0,146,0,0
5,Static-GCN,470.0,147,0,0
5,Static-GCN,470.0,148,0,0
5,Static-GCN,470.0,149,0,0
5,Static-GCN,480.0,0,0,0
5,Static-GCN,480.0,1,0,0
5,Static-GCN,480.0,2,0,0
5,Static-GCN,480.0,3,0,0
5,Static-GCN,480.0,4,0,0
5,Static-GCN,480.0,5,0,0
5,Static-GCN,480.0,6,1,0
5,Static-GCN,480.0,7,0,0
5,Static-GCN,480.0,8,0,0
5,Static-GCN,480.0,9,0,0
5,Static-GCN,480.0,10,0,0
5,Static-GCN,480.0,11,1,0
5,Static-GCN,480.0,12,0,0
5,Static-GCN,480.0,13,0,0
5,Static-GCN,480.0,14,0,0
5,Static-GCN,480.0,15,0,0
5,Static-GCN,480.0,16,0,0
5,Static-GCN,480.0,17,0,0
5,Static-GCN,480.0,18,0,0
5,Static-GCN,480.0,19,0,0
5,Static-GCN,480.0,20,0,0
5,Static-GCN,480.0,21,0,0
5,Static-GCN,480.0,22,0,0
5,Static-GCN,480.0,23,0,0
5,Static-GCN,480.0,24,0,0
5,Static-GCN,480.0,25,0,0
5,Static-GCN,480.0,26,0,0
5,Static-GCN,480.0,27,0,0
5,Static-GCN,480.0,28,0,0
5,Static-GCN,480.0,29,0,0
5,Static-GCN,480.0,30,0,0
5,Static-GCN,480.0,31,0,0
5,Static-GCN,480.0,32,0,0
5,Static-GCN,480.0,33,1,0
5,Static-GCN,480.0,34,0,0
5,Static-GCN,480.0,35,0,0
5,Static-GCN,480.0,36,0,0
5,Static-GCN,480.0,37,0,0
5,Static-GCN,480.0,38,0,0
5,Static-GCN,480.0,39,0,0
5,Static-GCN,480.0,40,0,0
5,Static-GCN,480.0,41,0,0
5,Static-GCN,480.0,42,0,0
5,Static-GCN,480.0,43,1,0
5,Static-GCN,480.0,44,0,0
5,Static-GCN,480.0,45,0,0
5,Static-GCN,480.0,46,0,0
5,Static-GCN,480.0,47,0,0
5,Static-GCN,480.0,48,0,0
5,Static-GCN,480.0,49,0,0
5,Static-GCN,480.0,50,0,0
5,Static-GCN,480.0,51,0,0
5,Static-GCN,480.0,52,0,0
5,Static-GCN,480.0,53,1,0
5,Static-GCN,480.0,54,0,0
5,Static-GCN,480.0,55,0,0
5,Static-GCN,480.0,56,0,0
5,Static-GCN,480.0,57,0,0
5,Static-GCN,480.0,58,0,0
5,Static-GCN,480.0,59,0,0
5,Static-GCN,480.0,60,1,0
5,Static-GCN,480.0,61,1,0
5,Static-GCN,480.0,62,0,0
5,Static-GCN,480.0,63,0,0
5,Static-GCN,480.0,64,0,0
5,Static-GCN,480.0,65,0,0
5,Static-GCN,480.0,66,0,0
5,Static-GCN,480.0,67,0,0
5,Static-GCN,480.0,68,0,0
5,Static-GCN,480.0,69,0,0
5,Static-GCN,480.0,70,0,0
5,Static-GCN,480.0,71,0,0
5,Static-GCN,480.0,72,0,0
5,Static-GCN,480.0,73,0,0
5,Static-GCN,480.0,74,0,0
5,Static-GCN,480.0,75,0,0
5,Static-GCN,480.0,76,0,0
5,Static-GCN,480.0,77,0,0
5,Static-GCN,480.0,78,0,0
5,Static-GCN,480.0,79,0,0
5,Static-GCN,480.0,80,0,0
5,Static-GCN,480.0,81,0,0
5,Static-GCN,480.0,82,0,0
5,Static-GCN,480.0,83,0,0
5,Static-GCN,480.0,84,0,0
5,Static-GCN,480.0,85,0,0
5,Static-GCN,480.0,86,0,0
5,Static-GCN,480.0,87,0,0
5,Static-GCN,480.0,88,0,0
5,Static-GCN,480.0,89,0,0
5,Static-GCN,480.0,90,0,0
5,Static-GCN,480.0,91,0,0
5,Static-GCN,480.0,92,0,0
5,Static-GCN,480.0,93,0,0
5,Static-GCN,480.0,94,0,0
5,Static-GCN,480.0,95,0,0
5,Static-GCN,480.0,96,0,0
5,Static-GCN,480.0,97,0,0
5,Static-GCN,480.0,98,0,0
5,Static-GCN,480.0,99,0,0
5,Static-GCN,480.0,100,1,0
5,Static-GCN,480.0,101,1,0
5,Static-GCN,480.0,102,0,0
5,Static-GCN,480.0,103,0,0
5,Static-GCN,480.0,104,1,0
5,Static-GCN,480.0,105,1,0
5,Static-GCN,480.0,106,0,0
5,Static-GCN,480.0,107,0,0
5,Static-GCN,480.0,108,0,0
5,Static-GCN,480.0,109,0,0
5,Static-GCN,480.0,110,0,0
5,Static-GCN,480.0,111,1,0
5,Static-GCN,480.0,112,0,0
5,Static-GCN,480.0,113,0,0
5,Static-GCN,480.0,114,0,0
5,Static-GCN,480.0,115,0,0
5,Static-GCN,480.0,116,0,0
5,Static-GCN,480.0,117,1,0
5,Static-GCN,480.0,118,0,0
5,Static-GCN,480.0,119,0,0
5,Static-GCN,480.0,120,0,0
5,Static-GCN,480.0,121,0,0
5,Static-GCN,480.0,122,0,0
5,Static-GCN,480.0,123,0,0
5,Static-GCN,480.0,124,0,0
5,Static-GCN,480.0,125,0,0
5,Static-GCN,480.0,126,0,0
5,Static-GCN,480.0,127,0,0
5,Static-GCN,480.0,128,0,0
5,Static-GCN,480.0,129,1,0
5,Static-GCN,480.0,130,0,0
5,Static-GCN,480.0,131,0,0
5,Static-GCN,480.0,132,0,0
5,Static-GCN,480.0,133,0,0
5,Static-GCN,480.0,134,1,0
5,Static-GCN,480.0,135,0,0
5,Static-GCN,480.0,136,0,0
5,Static-GCN,480.0,137,0,0
5,Static-GCN,480.0,138,0,0
5,Static-GCN,480.0,139,0,0
5,Static-GCN,480.0,140,0,0
5,Static-GCN,480.0,141,0,0
5,Static-GCN,480.0,142,0,0
5,Static-GCN,480.0,143,0,0
5,Static-GCN,480.0,144,0,0
5,Static-GCN,480.0,145,1,0
5,Static-GCN,480.0,146,0,0
5,Static-GCN,480.0,147,0,0
5,Static-GCN,480.0,148,0,0
5,Static-GCN,480.0,149,0,0
5,Static-GCN,490.0,0,0,0
5,Static-GCN,490.0,1,0,0
5,Static-GCN,490.0,2,0,0
5,Static-GCN,490.0,3,0,0
5,Static-GCN,490.0,4,0,0
5,Static-GCN,490.0,5,0,0
5,Static-GCN,490.0,6,1,0
5,Static-GCN,490.0,7,0,0
5,Static-GCN,490.0,8,0,0
5,Static-GCN,490.0,9,0,0
5,Static-GCN,490.0,10,0,0
5,Static-GCN,490.0,11,1,0
5,Static-GCN,490.0,12,0,0
5,Static-GCN,490.0,13,0,0
5,Static-GCN,490.0,14,0,0
5,Static-GCN,490.0,15,0,0
5,Static-GCN,490.0,16,0,0
5,Static-GCN,490.0,17,0,0
5,Static-GCN,490.0,18,0,0
5,Static-GCN,490.0,19,0,0
5,Static-GCN,490.0,20,0,0
5,Static-GCN,490.0,21,0,0
5,Static-GCN,490.0,22,0,0
5,Static-GCN,490.0,23,0,0
5,Static-GCN,490.0,24,0,0
5,Static-GCN,490.0,25,0,0
5,Static-GCN,490.0,26,0,0
5,Static-GCN,490.0,27,0,0
5,Static-GCN,490.0,28,0,0
5,Static-GCN,490.0,29,0,0
5,Static-GCN,490.0,30,0,0
5,Static-GCN,490.0,31,0,0
5,Static-GCN,490.0,32,0,0
5,Static-GCN,490.0,33,1,0
5,Static-GCN,490.0,34,0,0
5,Static-GCN,490.0,35,0,0
5,Static-GCN,490.0,36,0,0
5,Static-GCN,490.0,37,0,0
5,Static-GCN,490.0,38,0,0
5,Static-GCN,490.0,39,0,0
5,Static-GCN,490.0,40,0,0
5,Static-GCN,490.0,41,0,0
5,Static-GCN,490.0,42,0,0
5,Static-GCN,490.0,43,1,0
5,Static-GCN,490.0,44,0,0
5,Static-GCN,490.0,45,0,0
5,Static-GCN,490.0,46,0,0
5,Static-GCN,490.0,47,0,0
5,Static-GCN,490.0,48,0,0
5,Static-GCN,490.0,49,0,0
5,Static-GCN,490.0,50,0,0
5,Static-GCN,490.0,51,0,0
5,Static-GCN,490.0,52,0,0
5,Static-GCN,490.0,53,1,0
5,Static-GCN,490.0,54,0,0
5,Static-GCN,490.0,55,0,0
5,Static-GCN,490.0,56,0,0
5,Static-GCN,490.0,57,0,0
5,Static-GCN,490.0,58,0,0
5,Static-GCN,490.0,59,0,0
5,Static-GCN,490.0,60,1,0
5,Static-GCN,490.0,61,1,0
5,Static-GCN,490.0,62,0,0
5,Static-GCN,490.0,63,0,0
5,Static-GCN,490.0,64,0,0
5,Static-GCN,490.0,65,0,0
5,Static-GCN,490.0,66,0,0
5,Static-GCN,490.0,67,0,0
5,Static-GCN,490.0,68,0,0
5,Static-GCN,490.0,69,0,0
5,Static-GCN,490.0,70,0,0
5,Static-GCN,490.0,71,0,0
5,Static-GCN,490.0,72,0,0
5,Static-GCN,490.0,73,0,0
5,Static-GCN,490.0,74,0,0
5,Static-GCN,490.0,75,0,0
5,Static-GCN,490.0,76,0,0
5,Static-GCN,490.0,77,0,0
5,Static-GCN,490.0,78,0,0
5,Static-GCN,490.0,79,0,0
5,Static-GCN,490.0,80,0,0
5,Static-GCN,490.0,81,0,0
5,Static-GCN,490.0,82,0,0
5,Static-GCN,490.0,83,0,0
5,Static-GCN,490.0,84,0,0
5,Static-GCN,490.0,85,0,0
5,Static-GCN,490.0,86,0,0
5,Static-GCN,490.0,87,0,0
5,Static-GCN,490.0,88,0,0
5,Static-GCN,490.0,89,0,0
5,Static-GCN,490.0,90,0,0
5,Static-GCN,490.0,91,0,0
5,Static-GCN,490.0,92,0,0
5,Static-GCN,490.0,93,0,0
5,Static-GCN,490.0,94,0,0
5,Static-GCN,490.0,95,0,0
5,Static-GCN,490.0,96,0,0
5,Static-GCN,490.0,97,0,0
5,Static-GCN,490.0,98,0,0
5,Static-GCN,490.0,99,0,0
5,Static-GCN,490.0,100,1,0
5,Static-GCN,490.0,101,1,0
5,Static-GCN,490.0,102,0,0
5,Static-GCN,490.0,103,0,0
5,Static-GCN,490.0,104,1,0
5,Static-GCN,490.0,105,1,0
5,Static-GCN,490.0,106,0,0
5,Static-GCN,490.0,107,0,0
5,Static-GCN,490.0,108,0,0
5,Static-GCN,490.0,109,0,0
5,Static-GCN,490.0,110,0,0
5,Static-GCN,490.0,111,1,0
5,Static-GCN,490.0,112,0,0
5,Static-GCN,490.0,113,0,0
5,Static-GCN,490.0,114,0,0
5,Static-GCN,490.0,115,0,0
5,Static-GCN,490.0,116,0,0
5,Static-GCN,490.0,117,1,0
5,Static-GCN,490.0,118,0,0
5,Static-GCN,490.0,119,0,0
5,Static-GCN,490.0,120,0,0
5,Static-GCN,490.0,121,0,0
5,Static-GCN,490.0,122,0,0
5,Static-GCN,490.0,123,0,0
5,Static-GCN,490.0,124,0,0
5,Static-GCN,490.0,125,0,0
5,Static-GCN,490.0,126,0,0
5,Static-GCN,490.0,127,0,0
5,Static-GCN,490.0,128,0,0
5,Static-GCN,490.0,129,1,0
5,Static-GCN,490.0,130,0,0
5,Static-GCN,490.0,131,0,0
5,Static-GCN,490.0,132,0,0
5,Static-GCN,490.0,133,0,0
5,Static-GCN,490.0,134,1,0
5,Static-GCN,490.0,135,0,0
5,Static-GCN,490.0,136,0,0
5,Static-GCN,490.0,137,0,0
5,Static-GCN,490.0,138,0,0
5,Static-GCN,490.0,139,0,0
5,Static-GCN,490.0,140,0,0
5,Static-GCN,490.0,141,0,0
5,Static-GCN,490.0,142,0,0
5,Static-GCN,490.0,143,0,0
5,Static-GCN,490.0,144,0,0
5,Static-GCN,490.0,145,1,0
5,Static-GCN,490.0,146,0,0
5,Static-GCN,490.0,147,0,0
5,Static-GCN,490.0,148,0,0
5,Static-GCN,490.0,149,0,0
5,Static-GCN,500.0,0,0,0
5,Static-GCN,500.0,1,0,0
5,Static-GCN,500.0,2,0,0
5,Static-GCN,500.0,3,0,0
5,Static-GCN,500.0,4,0,0
5,Static-GCN,500.0,5,0,0
5,Static-GCN,500.0,6,1,0
5,Static-GCN,500.0,7,0,0
5,Static-GCN,500.0,8,0,0
5,Static-GCN,500.0,9,0,0
5,Static-GCN,500.0,10,0,0
5,Static-GCN,500.0,11,1,0
5,Static-GCN,500.0,12,0,0
5,Static-GCN,500.0,13,0,0
5,Static-GCN,500.0,14,0,0
5,Static-GCN,500.0,15,0,0
5,Static-GCN,500.0,16,0,0
5,Static-GCN,500.0,17,0,0
5,Static-GCN,500.0,18,0,0
5,Static-GCN,500.0,19,0,0
5,Static-GCN,500.0,20,0,0
5,Static-GCN,500.0,21,0,0
5,Static-GCN,500.0,22,0,0
5,Static-GCN,500.0,23,0,0
5,Static-GCN,500.0,24,0,0
5,Static-GCN,500.0,25,0,0
5,Static-GCN,500.0,26,0,0
5,Static-GCN,500.0,27,0,0
5,Static-GCN,500.0,28,0,0
5,Static-GCN,500.0,29,0,0
5,Static-GCN,500.0,30,0,0
5,Static-GCN,500.0,31,0,0
5,Static-GCN,500.0,32,0,0
5,Static-GCN,500.0,33,1,0
5,Static-GCN,500.0,34,0,0
5,Static-GCN,500.0,35,0,0
5,Static-GCN,500.0,36,0,0
5,Static-GCN,500.0,37,0,0
5,Static-GCN,500.0,38,0,0
5,Static-GCN,500.0,39,0,0
5,Static-GCN,500.0,40,0,0
5,Static-GCN,500.0,41,0,0
5,Static-GCN,500.0,42,0,0
5,Static-GCN,500.0,43,1,0
5,Static-GCN,500.0,44,0,0
5,Static-GCN,500.0,45,0,0
5,Static-GCN,500.0,46,0,0
5,Static-GCN,500.0,47,0,0
5,Static-GCN,500.0,48,0,0
5,Static-GCN,500.0,49,0,0
5,Static-GCN,500.0,50,0,0
5,Static-GCN,500.0,51,0,0
5,Static-GCN,500.0,52,0,0
5,Static-GCN,500.0,53,1,0
5,Static-GCN,500.0,54,0,0
5,Static-GCN,500.0,55,0,0
5,Static-GCN,500.0,56,0,0
5,Static-GCN,500.0,57,0,0
5,Static-GCN,500.0,58,0,0
5,Static-GCN,500.0,59,0,0
5,Static-GCN,500.0,60,1,0
5,Static-GCN,500.0,61,1,0
5,Static-GCN,500.0,62,0,0
5,Static-GCN,500.0,63,0,0
5,Static-GCN,500.0,64,0,0
5,Static-GCN,500.0,65,0,0
5,Static-GCN,500.0,66,0,0
5,Static-GCN,500.0,67,0,0
5,Static-GCN,500.0,68,0,0
5,Static-GCN,500.0,69,0,0
5,Static-GCN,500.0,70,0,0
5,Static-GCN,500.0,71,0,0
5,Static-GCN,500.0,72,0,0
5,Static-GCN,500.0,73,0,0
5,Static-GCN,500.0,74,0,0
5,Static-GCN,500.0,75,0,0
5,Static-GCN,500.0,76,0,0
5,Static-GCN,500.0,77,0,0
5,Static-GCN,500.0,78,0,0
5,Static-GCN,500.0,79,0,0
5,Static-GCN,500.0,80,0,0
5,Static-GCN,500.0,81,0,0
5,Static-GCN,500.0,82,0,0
5,Static-GCN,500.0,83,0,0
5,Static-GCN,500.0,84,0,0
5,Static-GCN,500.0,85,0,0
5,Static-GCN,500.0,86,0,0
5,Static-GCN,500.0,87,0,0
5,Static-GCN,500.0,88,0,0
5,Static-GCN,500.0,89,0,0
5,Static-GCN,500.0,90,0,0
5,Static-GCN,500.0,91,0,0
5,Static-GCN,500.0,92,0,0
5,Static-GCN,500.0,93,0,0
5,Static-GCN,500.0,94,0,0
5,Static-GCN,500.0,95,0,0
5,Static-GCN,500.0,96,0,0
5,Static-GCN,500.0,97,0,0
5,Static-GCN,500.0,98,0,0
5,Static-GCN,500.0,99,0,0
5,Static-GCN,500.0,100,1,0
5,Static-GCN,500.0,101,1,0
5,Static-GCN,500.0,102,0,0
5,Static-GCN,500.0,103,0,0
5,Static-GCN,500.0,104,1,0
5,Static-GCN,500.0,105,1,0
5,Static-GCN,500.0,106,0,0
5,Static-GCN,500.0,107,0,0
5,Static-GCN,500.0,108,0,0
5,Static-GCN,500.0,109,0,0
5,Static-GCN,500.0,110,0,0
5,Static-GCN,500.0,111,1,0
5,Static-GCN,500.0,112,0,0
5,Static-GCN,500.0,113,0,0
5,Static-GCN,500.0,114,0,0
5,Static-GCN,500.0,115,0,0
5,Static-GCN,500.0,116,0,0
5,Static-GCN,500.0,117,1,0
5,Static-GCN,500.0,118,0,0
5,Static-GCN,500.0,119,0,0
5,Static-GCN,500.0,120,0,0
5,Static-GCN,500.0,121,0,0
5,Static-GCN,500.0,122,0,0
5,Static-GCN,500.0,123,0,0
5,Static-GCN,500.0,124,0,0
5,Static-GCN,500.0,125,0,0
5,Static-GCN,500.0,126,0,0
5,Static-GCN,500.0,127,0,0
5,Static-GCN,500.0,128,0,0
5,Static-GCN,500.0,129,1,0
5,Static-GCN,500.0,130,0,0
5,Static-GCN,500.0,131,0,0
5,Static-GCN,500.0,132,0,0
5,Static-GCN,500.0,133,0,0
5,Static-GCN,500.0,134,1,0
5,Static-GCN,500.0,135,0,0
5,Static-GCN,500.0,136,0,0
5,Static-GCN,500.0,137,0,0
5,Static-GCN,500.0,138,0,0
5,Static-GCN,500.0,139,0,0
5,Static-GCN,500.0,140,0,0
5,Static-GCN,500.0,141,0,0
5,Static-GCN,500.0,142,0,0
5,Static-GCN,500.0,143,0,0
5,Static-GCN,500.0,144,0,0
5,Static-GCN,500.0,145,1,0
5,Static-GCN,500.0,146,0,0
5,Static-GCN,500.0,147,0,0
5,Static-GCN,500.0,148,0,0
5,Static-GCN,500.0,149,0,0
5,GraphSAGE,350.0,0,0,0
5,GraphSAGE,350.0,1,0,0
5,GraphSAGE,350.0,2,0,0
5,GraphSAGE,350.0,3,0,0
5,GraphSAGE,350.0,4,0,0
5,GraphSAGE,350.0,5,0,0
5,GraphSAGE,350.0,6,1,1
5,GraphSAGE,350.0,7,0,0
5,GraphSAGE,350.0,8,0,0
5,GraphSAGE,350.0,9,0,0
5,GraphSAGE,350.0,10,0,0
5,GraphSAGE,350.0,11,1,1
5,GraphSAGE,350.0,12,0,0
5,GraphSAGE,350.0,13,0,0
5,GraphSAGE,350.0,14,0,0
5,GraphSAGE,350.0,15,0,0
5,GraphSAGE,350.0,16,0,0
5,GraphSAGE,350.0,17,0,0
5,GraphSAGE,350.0,18,0,0
5,GraphSAGE,350.0,19,0,0
5,GraphSAGE,350.0,20,0,0
5,GraphSAGE,350.0,21,0,0
5,GraphSAGE,350.0,22,0,0
5,GraphSAGE,350.0,23,0,0
5,GraphSAGE,350.0,24,0,0
5,GraphSAGE,350.0,25,0,0
5,GraphSAGE,350.0,26,0,0
5,GraphSAGE,350.0,27,0,0
5,GraphSAGE,350.0,28,0,0
5,GraphSAGE,350.0,29,0,0
5,GraphSAGE,350.0,30,0,0
5,GraphSAGE,350.0,31,0,0
5,GraphSAGE,350.0,32,0,0
5,GraphSAGE,350.0,33,1,1
5,GraphSAGE,350.0,34,0,0
5,GraphSAGE,350.0,35,0,0
5,GraphSAGE,350.0,36,0,0
5,GraphSAGE,350.0,37,0,0
5,GraphSAGE,350.0,38,0,0
5,GraphSAGE,350.0,39,0,0
5,GraphSAGE,350.0,40,0,0
5,GraphSAGE,350.0,41,0,0
5,GraphSAGE,350.0,42,0,0
5,GraphSAGE,350.0,43,1,1
5,GraphSAGE,350.0,44,0,0
5,GraphSAGE,350.0,45,0,0
5,GraphSAGE,350.0,46,0,0
5,GraphSAGE,350.0,47,0,0
5,GraphSAGE,350.0,48,0,0
5,GraphSAGE,350.0,49,0,0
5,GraphSAGE,350.0,50,0,0
5,GraphSAGE,350.0,51,0,0
5,GraphSAGE,350.0,52,0,0
5,GraphSAGE,350.0,53,1,1
5,GraphSAGE,350.0,54,0,0
5,GraphSAGE,350.0,55,0,0
5,GraphSAGE,350.0,56,0,0
5,GraphSAGE,350.0,57,0,0
5,GraphSAGE,350.0,58,0,0
5,GraphSAGE,350.0,59,0,0
5,GraphSAGE,350.0,60,1,0
5,GraphSAGE,350.0,61,1,0
5,GraphSAGE,350.0,62,0,0
5,GraphSAGE,350.0,63,0,0
5,GraphSAGE,350.0,64,0,0
5,GraphSAGE,350.0,65,0,0
5,GraphSAGE,350.0,66,0,0
5,GraphSAGE,350.0,67,0,0
5,GraphSAGE,350.0,68,0,0
5,GraphSAGE,350.0,69,0,0
5,GraphSAGE,350.0,70,0,0
5,GraphSAGE,350.0,71,0,0
5,GraphSAGE,350.0,72,0,0
5,GraphSAGE,350.0,73,0,0
5,GraphSAGE,350.0,74,0,0
5,GraphSAGE,350.0,75,0,0
5,GraphSAGE,350.0,76,0,0
5,GraphSAGE,350.0,77,0,0
5,GraphSAGE,350.0,78,0,0
5,GraphSAGE,350.0,79,0,0
5,GraphSAGE,350.0,80,0,0
5,GraphSAGE,350.0,81,0,0
5,GraphSAGE,350.0,82,0,0
5,GraphSAGE,350.0,83,0,0
5,GraphSAGE,350.0,84,0,0
5,GraphSAGE,350.0,85,0,0
5,GraphSAGE,350.0,86,0,0
5,GraphSAGE,350.0,87,0,0
5,GraphSAGE,350.0,88,0,0
5,GraphSAGE,350.0,89,0,0
5,GraphSAGE,350.0,90,0,0
5,GraphSAGE,350.0,91,0,0
5,GraphSAGE,350.0,92,0,0
5,GraphSAGE,350.0,93,0,0
5,GraphSAGE,350.0,94,0,0
5,GraphSAGE,350.0,95,0,0
5,GraphSAGE,350.0,96,0,0
5,GraphSAGE,350.0,97,0,0
5,GraphSAGE,350.0,98,0,0
5,GraphSAGE,350.0,99,0,0
5,GraphSAGE,350.0,100,1,0
5,GraphSAGE,350.0,101,1,1
5,GraphSAGE,350.0,102,0,0
5,GraphSAGE,350.0,103,0,0
5,GraphSAGE,350.0,104,1,0
5,GraphSAGE,350.0,105,1,1
5,GraphSAGE,350.0,106,0,0
5,GraphSAGE,350.0,107,0,0
5,GraphSAGE,350.0,108,0,0
5,GraphSAGE,350.0,109,0,0
5,GraphSAGE,350.0,110,0,0
5,GraphSAGE,350.0,111,1,1
5,GraphSAGE,350.0,112,0,0
5,GraphSAGE,350.0,113,0,0
5,GraphSAGE,350.0,114,0,0
5,GraphSAGE,350.0,115,0,0
5,GraphSAGE,350.0,116,0,0
5,GraphSAGE,350.0,117,1,1
5,GraphSAGE,350.0,118,0,0
5,GraphSAGE,350.0,119,0,0
5,GraphSAGE,350.0,120,0,0
5,GraphSAGE,350.0,121,0,0
5,GraphSAGE,350.0,122,0,0
5,GraphSAGE,350.0,123,0,0
5,GraphSAGE,350.0,124,0,0
5,GraphSAGE,350.0,125,0,0
5,GraphSAGE,350.0,126,0,0
5,GraphSAGE,350.0,127,0,0
5,GraphSAGE,350.0,128,0,0
5,GraphSAGE,350.0,129,1,1
5,GraphSAGE,350.0,130,0,0
5,GraphSAGE,350.0,131,0,0
5,GraphSAGE,350.0,132,0,0
5,GraphSAGE,350.0,133,0,0
5,GraphSAGE,350.0,134,1,1
5,GraphSAGE,350.0,135,0,0
5,GraphSAGE,350.0,136,0,0
5,GraphSAGE,350.0,137,0,0
5,GraphSAGE,350.0,138,0,0
5,GraphSAGE,350.0,139,0,0
5,GraphSAGE,350.0,140,0,0
5,GraphSAGE,350.0,141,0,0
5,GraphSAGE,350.0,142,0,0
5,GraphSAGE,350.0,143,0,0
5,GraphSAGE,350.0,144,0,0
5,GraphSAGE,350.0,145,1,1
5,GraphSAGE,350.0,146,0,0
5,GraphSAGE,350.0,147,0,0
5,GraphSAGE,350.0,148,0,0
5,GraphSAGE,350.0,149,0,0
5,GraphSAGE,360.0,0,0,0
5,GraphSAGE,360.0,1,0,0
5,GraphSAGE,360.0,2,0,0
5,GraphSAGE,360.0,3,0,0
5,GraphSAGE,360.0,4,0,0
5,GraphSAGE,360.0,5,0,0
5,GraphSAGE,360.0,6,1,0
5,GraphSAGE,360.0,7,0,0
5,GraphSAGE,360.0,8,0,0
5,GraphSAGE,360.0,9,0,0
5,GraphSAGE,360.0,10,0,0
5,GraphSAGE,360.0,11,1,1
5,GraphSAGE,360.0,12,0,0
5,GraphSAGE,360.0,13,0,0
5,GraphSAGE,360.0,14,0,0
5,GraphSAGE,360.0,15,0,0
5,GraphSAGE,360.0,16,0,0
5,GraphSAGE,360.0,17,0,0
5,GraphSAGE,360.0,18,0,0
5,GraphSAGE,360.0,19,0,0
5,GraphSAGE,360.0,20,0,0
5,GraphSAGE,360.0,21,0,0
5,GraphSAGE,360.0,22,0,0
5,GraphSAGE,360.0,23,0,0
5,GraphSAGE,360.0,24,0,0
5,GraphSAGE,360.0,25,0,0
5,GraphSAGE,360.0,26,0,0
5,GraphSAGE,360.0,27,0,0
5,GraphSAGE,360.0,28,0,0
5,GraphSAGE,360.0,29,0,0
5,GraphSAGE,360.0,30,0,0
5,GraphSAGE,360.0,31,0,0
5,GraphSAGE,360.0,32,0,0
5,GraphSAGE,360.0,33,1,1
5,GraphSAGE,360.0,34,0,0
5,GraphSAGE,360.0,35,0,0
5,GraphSAGE,360.0,36,0,0
5,GraphSAGE,360.0,37,0,0
5,GraphSAGE,360.0,38,0,0
5,GraphSAGE,360.0,39,0,0
5,GraphSAGE,360.0,40,0,0
5,GraphSAGE,360.0,41,0,0
5,GraphSAGE,360.0,42,0,0
5,GraphSAGE,360.0,43,1,1
5,GraphSAGE,360.0,44,0,0
5,GraphSAGE,360.0,45,0,0
5,GraphSAGE,360.0,46,0,0
5,GraphSAGE,360.0,47,0,0
5,GraphSAGE,360.0,48,0,0
5,GraphSAGE,360.0,49,0,0
5,GraphSAGE,360.0,50,0,0
5,GraphSAGE,360.0,51,0,0
5,GraphSAGE,360.0,52,0,0
5,GraphSAGE,360.0,53,1,1
5,GraphSAGE,360.0,54,0,0
5,GraphSAGE,360.0,55,0,0
5,GraphSAGE,360.0,56,0,0
5,GraphSAGE,360.0,57,0,0
5,GraphSAGE,360.0,58,0,0
5,GraphSAGE,360.0,59,0,0
5,GraphSAGE,360.0,60,1,1
5,GraphSAGE,360.0,61,1,1
5,GraphSAGE,360.0,62,0,0
5,GraphSAGE,360.0,63,0,0
5,GraphSAGE,360.0,64,0,0
5,GraphSAGE,360.0,65,0,0
5,GraphSAGE,360.0,66,0,0
5,GraphSAGE,360.0,67,0,0
5,GraphSAGE,360.0,68,0,0
5,GraphSAGE,360.0,69,0,0
5,GraphSAGE,360.0,70,0,0
5,GraphSAGE,360.0,71,0,0
5,GraphSAGE,360.0,72,0,0
5,GraphSAGE,360.0,73,0,0
5,GraphSAGE,360.0,74,0,0
5,GraphSAGE,360.0,75,0,0
5,GraphSAGE,360.0,76,0,0
5,GraphSAGE,360.0,77,0,0
5,GraphSAGE,360.0,78,0,0
5,GraphSAGE,360.0,79,0,0
5,GraphSAGE,360.0,80,0,0
5,GraphSAGE,360.0,81,0,0
5,GraphSAGE,360.0,82,0,0
5,GraphSAGE,360.0,83,0,0
5,GraphSAGE,360.0,84,0,0
5,GraphSAGE,360.0,85,0,0
5,GraphSAGE,360.0,86,0,0
5,GraphSAGE,360.0,87,0,0
5,GraphSAGE,360.0,88,0,0
5,GraphSAGE,360.0,89,0,0
5,GraphSAGE,360.0,90,0,0
5,GraphSAGE,360.0,91,0,0
5,GraphSAGE,360.0,92,0,0
5,GraphSAGE,360.0,93,0,0
5,GraphSAGE,360.0,94,0,0
5,GraphSAGE,360.0,95,0,0
5,GraphSAGE,360.0,96,0,0
5,GraphSAGE,360.0,97,0,0
5,GraphSAGE,360.0,98,0,0
5,GraphSAGE,360.0,99,0,0
5,GraphSAGE,360.0,100,1,1
5,GraphSAGE,360.0,101,1,1
5,GraphSAGE,360.0,102,0,0
5,GraphSAGE,360.0,103,0,0
5,GraphSAGE,360.0,104,1,0
5,GraphSAGE,360.0,105,1,1
5,GraphSAGE,360.0,106,0,0
5,GraphSAGE,360.0,107,0,0
5,GraphSAGE,360.0,108,0,0
5,GraphSAGE,360.0,109,0,0
5,GraphSAGE,360.0,110,0,0
5,GraphSAGE,360.0,111,1,1
5,GraphSAGE,360.0,112,0,0
5,GraphSAGE,360.0,113,0,0
5,GraphSAGE,360.0,114,0,0
5,GraphSAGE,360.0,115,0,0
5,GraphSAGE,360.0,116,0,0
5,GraphSAGE,360.0,117,1,1
5,GraphSAGE,360.0,118,0,0
5,GraphSAGE,360.0,119,0,0
5,GraphSAGE,360.0,120,0,0
5,GraphSAGE,360.0,121,0,0
5,GraphSAGE,360.0,122,0,0
5,GraphSAGE,360.0,123,0,0
5,GraphSAGE,360.0,124,0,0
5,GraphSAGE,360.0,125,0,0
5,GraphSAGE,360.0,126,0,0
5,GraphSAGE,360.0,127,0,0
5,GraphSAGE,360.0,128,0,0
5,GraphSAGE,360.0,129,1,0
5,GraphSAGE,360.0,130,0,0
5,GraphSAGE,360.0,131,0,0
5,GraphSAGE,360.0,132,0,0
5,GraphSAGE,360.0,133,0,0
5,GraphSAGE,360.0,134,1,1
5,GraphSAGE,360.0,135,0,0
5,GraphSAGE,360.0,136,0,0
5,GraphSAGE,360.0,137,0,0
5,GraphSAGE,360.0,138,0,0
5,GraphSAGE,360.0,139,0,0
5,GraphSAGE,360.0,140,0,0
5,GraphSAGE,360.0,141,0,0
5,GraphSAGE,360.0,142,0,0
5,GraphSAGE,360.0,143,0,0
5,GraphSAGE,360.0,144,0,0
5,GraphSAGE,360.0,145,1,1
5,GraphSAGE,360.0,146,0,0
5,GraphSAGE,360.0,147,0,0
5,GraphSAGE,360.0,148,0,0
5,GraphSAGE,360.0,149,0,0
5,GraphSAGE,370.0,0,0,0
5,GraphSAGE,370.0,1,0,0
5,GraphSAGE,370.0,2,0,0
5,GraphSAGE,370.0,3,0,0
5,GraphSAGE,370.0,4,0,0
5,GraphSAGE,370.0,5,0,0
5,GraphSAGE,370.0,6,1,1
5,GraphSAGE,370.0,7,0,0
5,GraphSAGE,370.0,8,0,0
5,GraphSAGE,370.0,9,0,0
5,GraphSAGE,370.0,10,0,0
5,GraphSAGE,370.0,11,1,1
5,GraphSAGE,370.0,12,0,0
5,GraphSAGE,370.0,13,0,0
5,GraphSAGE,370.0,14,0,0
5,GraphSAGE,370.0,15,0,0
5,GraphSAGE,370.0,16,0,0
5,GraphSAGE,370.0,17,0,0
5,GraphSAGE,370.0,18,0,0
5,GraphSAGE,370.0,19,0,0
5,GraphSAGE,370.0,20,0,0
5,GraphSAGE,370.0,21,0,0
5,GraphSAGE,370.0,22,0,0
5,GraphSAGE,370.0,23,0,0
5,GraphSAGE,370.0,24,0,0
5,GraphSAGE,370.0,25,0,0
5,GraphSAGE,370.0,26,0,0
5,GraphSAGE,370.0,27,0,0
5,GraphSAGE,370.0,28,0,0
5,GraphSAGE,370.0,29,0,0
5,GraphSAGE,370.0,30,0,0
5,GraphSAGE,370.0,31,0,0
5,GraphSAGE,370.0,32,0,0
5,GraphSAGE,370.0,33,1,1
5,GraphSAGE,370.0,34,0,0
5,GraphSAGE,370.0,35,0,0
5,GraphSAGE,370.0,36,0,0
5,GraphSAGE,370.0,37,0,0
5,GraphSAGE,370.0,38,0,0
5,GraphSAGE,370.0,39,0,0
5,GraphSAGE,370.0,40,0,0
5,GraphSAGE,370.0,41,0,0
5,GraphSAGE,370.0,42,0,0
5,GraphSAGE,370.0,43,1,1
5,GraphSAGE,370.0,44,0,0
5,GraphSAGE,370.0,45,0,0
5,GraphSAGE,370.0,46,0,0
5,GraphSAGE,370.0,47,0,0
5,GraphSAGE,370.0,48,0,0
5,GraphSAGE,370.0,49,0,0
5,GraphSAGE,370.0,50,0,0
5,GraphSAGE,370.0,51,0,0
5,GraphSAGE,370.0,52,0,0
5,GraphSAGE,370.0,53,1,1
5,GraphSAGE,370.0,54,0,0
5,GraphSAGE,370.0,55,0,0
5,GraphSAGE,370.0,56,0,0
5,GraphSAGE,370.0,57,0,0
5,GraphSAGE,370.0,58,0,0
5,GraphSAGE,370.0,59,0,0
5,GraphSAGE,370.0,60,1,1
5,GraphSAGE,370.0,61,1,1
5,GraphSAGE,370.0,62,0,0
5,GraphSAGE,370.0,63,0,0
5,GraphSAGE,370.0,64,0,0
5,GraphSAGE,370.0,65,0,0
5,GraphSAGE,370.0,66,0,0
5,GraphSAGE,370.0,67,0,0
5,GraphSAGE,370.0,68,0,0
5,GraphSAGE,370.0,69,0,0
5,GraphSAGE,370.0,70,0,0
5,GraphSAGE,370.0,71,0,0
5,GraphSAGE,370.0,72,0,0
5,GraphSAGE,370.0,73,0,0
5,GraphSAGE,370.0,74,0,0
5,GraphSAGE,370.0,75,0,0
5,GraphSAGE,370.0,76,0,0
5,GraphSAGE,370.0,77,0,0
5,GraphSAGE,370.0,78,0,0
5,GraphSAGE,370.0,79,0,0
5,GraphSAGE,370.0,80,0,0
5,GraphSAGE,370.0,81,0,0
5,GraphSAGE,370.0,82,0,0
5,GraphSAGE,370.0,83,0,0
5,GraphSAGE,370.0,84,0,0
5,GraphSAGE,370.0,85,0,0
5,GraphSAGE,370.0,86,0,0
5,GraphSAGE,370.0,87,0,0
5,GraphSAGE,370.0,88,0,0
5,GraphSAGE,370.0,89,0,0
5,GraphSAGE,370.0,90,0,0
5,GraphSAGE,370.0,91,0,0
5,GraphSAGE,370.0,92,0,0
5,GraphSAGE,370.0,93,0,0
5,GraphSAGE,370.0,94,0,0
5,GraphSAGE,370.0,95,0,0
5,GraphSAGE,370.0,96,0,0
5,GraphSAGE,370.0,97,0,0
5,GraphSAGE,370.0,98,0,0
5,GraphSAGE,370.0,99,0,0
5,GraphSAGE,370.0,100,1,1
5,GraphSAGE,370.0,101,1,1
5,GraphSAGE,370.0,102,0,0
5,GraphSAGE,370.0,103,0,0
5,GraphSAGE,370.0,104,1,0
5,GraphSAGE,370.0,105,1,0
5,GraphSAGE,370.0,106,0,0
5,GraphSAGE,370.0,107,0,0
5,GraphSAGE,370.0,108,0,0
5,GraphSAGE,370.0,109,0,0
5,GraphSAGE,370.0,110,0,0
5,GraphSAGE,370.0,111,1,1
5,GraphSAGE,370.0,112,0,0
5,GraphSAGE,370.0,113,0,0
5,GraphSAGE,370.0,114,0,0
5,GraphSAGE,370.0,115,0,0
5,GraphSAGE,370.0,116,0,0
5,GraphSAGE,370.0,117,1,0
5,GraphSAGE,370.0,118,0,0
5,GraphSAGE,370.0,119,0,0
5,GraphSAGE,370.0,120,0,0
5,GraphSAGE,370.0,121,0,0
5,GraphSAGE,370.0,122,0,0
5,GraphSAGE,370.0,123,0,0
5,GraphSAGE,370.0,124,0,0
5,GraphSAGE,370.0,125,0,0
5,GraphSAGE,370.0,126,0,0
5,GraphSAGE,370.0,127,0,0
5,GraphSAGE,370.0,128,0,0
5,GraphSAGE,370.0,129,1,1
5,GraphSAGE,370.0,130,0,0
5,GraphSAGE,370.0,131,0,0
5,GraphSAGE,370.0,132,0,0
5,GraphSAGE,370.0,133,0,0
5,GraphSAGE,370.0,134,1,1
5,GraphSAGE,370.0,135,0,0
5,GraphSAGE,370.0,136,0,0
5,GraphSAGE,370.0,137,0,0
5,GraphSAGE,370.0,138,0,0
5,GraphSAGE,370.0,139,0,0
5,GraphSAGE,370.0,140,0,0
5,GraphSAGE,370.0,141,0,0
5,GraphSAGE,370.0,142,0,0
5,GraphSAGE,370.0,143,0,0
5,GraphSAGE,370.0,144,0,0
5,GraphSAGE,370.0,145,1,1
5,GraphSAGE,370.0,146,0,0
5,GraphSAGE,370.0,147,0,0
5,GraphSAGE,370.0,148,0,0
5,GraphSAGE,370.0,149,0,0
5,GraphSAGE,380.0,0,0,0
5,GraphSAGE,380.0,1,0,0
5,GraphSAGE,380.0,2,0,0
5,GraphSAGE,380.0,3,0,0
5,GraphSAGE,380.0,4,0,0
5,GraphSAGE,380.0,5,0,0
5,GraphSAGE,380.0,6,1,0
5,GraphSAGE,380.0,7,0,0
5,GraphSAGE,380.0,8,0,0
5,GraphSAGE,380.0,9,0,0
5,GraphSAGE,380.0,10,0,0
5,GraphSAGE,380.0,11,1,1
5,GraphSAGE,380.0,12,0,0
5,GraphSAGE,380.0,13,0,0
5,GraphSAGE,380.0,14,0,0
5,GraphSAGE,380.0,15,0,0
5,GraphSAGE,380.0,16,0,0
5,GraphSAGE,380.0,17,0,0
5,GraphSAGE,380.0,18,0,0
5,GraphSAGE,380.0,19,0,0
5,GraphSAGE,380.0,20,0,0
5,GraphSAGE,380.0,21,0,0
5,GraphSAGE,380.0,22,0,0
5,GraphSAGE,380.0,23,0,0
5,GraphSAGE,380.0,24,0,0
5,GraphSAGE,380.0,25,0,0
5,GraphSAGE,380.0,26,0,0
5,GraphSAGE,380.0,27,0,0
5,GraphSAGE,380.0,28,0,0
5,GraphSAGE,380.0,29,0,0
5,GraphSAGE,380.0,30,0,0
5,GraphSAGE,380.0,31,0,0
5,GraphSAGE,380.0,32,0,0
5,GraphSAGE,380.0,33,1,1
5,GraphSAGE,380.0,34,0,0
5,GraphSAGE,380.0,35,0,0
5,GraphSAGE,380.0,36,0,0
5,GraphSAGE,380.0,37,0,0
5,GraphSAGE,380.0,38,0,0
5,GraphSAGE,380.0,39,0,0
5,GraphSAGE,380.0,40,0,0
5,GraphSAGE,380.0,41,0,0
5,GraphSAGE,380.0,42,0,0
5,GraphSAGE,380.0,43,1,1
5,GraphSAGE,380.0,44,0,0
5,GraphSAGE,380.0,45,0,0
5,GraphSAGE,380.0,46,0,0
5,GraphSAGE,380.0,47,0,0
5,GraphSAGE,380.0,48,0,0
5,GraphSAGE,380.0,49,0,0
5,GraphSAGE,380.0,50,0,0
5,GraphSAGE,380.0,51,0,0
5,GraphSAGE,380.0,52,0,0
5,GraphSAGE,380.0,53,1,1
5,GraphSAGE,380.0,54,0,0
5,GraphSAGE,380.0,55,0,0
5,GraphSAGE,380.0,56,0,0
5,GraphSAGE,380.0,57,0,0
5,GraphSAGE,380.0,58,0,0
5,GraphSAGE,380.0,59,0,0
5,GraphSAGE,380.0,60,1,0
5,GraphSAGE,380.0,61,1,1
5,GraphSAGE,380.0,62,0,0
5,GraphSAGE,380.0,63,0,0
5,GraphSAGE,380.0,64,0,1
5,GraphSAGE,380.0,65,0,0
5,GraphSAGE,380.0,66,0,0
5,GraphSAGE,380.0,67,0,0
5,GraphSAGE,380.0,68,0,0
5,GraphSAGE,380.0,69,0,0
5,GraphSAGE,380.0,70,0,0
5,GraphSAGE,380.0,71,0,0
5,GraphSAGE,380.0,72,0,0
5,GraphSAGE,380.0,73,0,0
5,GraphSAGE,380.0,74,0,0
5,GraphSAGE,380.0,75,0,0
5,GraphSAGE,380.0,76,0,0
5,GraphSAGE,380.0,77,0,0
5,GraphSAGE,380.0,78,0,0
5,GraphSAGE,380.0,79,0,0
5,GraphSAGE,380.0,80,0,0
5,GraphSAGE,380.0,81,0,0
5,GraphSAGE,380.0,82,0,0
5,GraphSAGE,380.0,83,0,0
5,GraphSAGE,380.0,84,0,0
5,GraphSAGE,380.0,85,0,0
5,GraphSAGE,380.0,86,0,0
5,GraphSAGE,380.0,87,0,0
5,GraphSAGE,380.0,88,0,0
5,GraphSAGE,380.0,89,0,0
5,GraphSAGE,380.0,90,0,0
5,GraphSAGE,380.0,91,0,0
5,GraphSAGE,380.0,92,0,0
5,GraphSAGE,380.0,93,0,0
5,GraphSAGE,380.0,94,0,0
5,GraphSAGE,380.0,95,0,0
5,GraphSAGE,380.0,96,0,0
5,GraphSAGE,380.0,97,0,0
5,GraphSAGE,380.0,98,0,0
5,GraphSAGE,380.0,99,0,0
5,GraphSAGE,380.0,100,1,1
5,GraphSAGE,380.0,101,1,1
5,GraphSAGE,380.0,102,0,0
5,GraphSAGE,380.0,103,0,0
5,GraphSAGE,380.0,104,1,1
5,GraphSAGE,380.0,105,1,0
5,GraphSAGE,380.0,106,0,0
5,GraphSAGE,380.0,107,0,0
5,GraphSAGE,380.0,108,0,0
5,GraphSAGE,380.0,109,0,0
5,GraphSAGE,380.0,110,0,0
5,GraphSAGE,380.0,111,1,1
5,GraphSAGE,380.0,112,0,0
5,GraphSAGE,380.0,113,0,0
5,GraphSAGE,380.0,114,0,0
5,GraphSAGE,380.0,115,0,0
5,GraphSAGE,380.0,116,0,0
5,GraphSAGE,380.0,117,1,1
5,GraphSAGE,380.0,118,0,0
5,GraphSAGE,380.0,119,0,0
5,GraphSAGE,380.0,120,0,0
5,GraphSAGE,380.0,121,0,0
5,GraphSAGE,380.0,122,0,0
5,GraphSAGE,380.0,123,0,0
5,GraphSAGE,380.0,124,0,0
5,GraphSAGE,380.0,125,0,0
5,GraphSAGE,380.0,126,0,0
5,GraphSAGE,380.0,127,0,0
5,GraphSAGE,380.0,128,0,0
5,GraphSAGE,380.0,129,1,0
5,GraphSAGE,380.0,130,0,0
5,GraphSAGE,380.0,131,0,0
5,GraphSAGE,380.0,132,0,0
5,GraphSAGE,380.0,133,0,0
5,GraphSAGE,380.0,134,1,0
5,GraphSAGE,380.0,135,0,0
5,GraphSAGE,380.0,136,0,0
5,GraphSAGE,380.0,137,0,0
5,GraphSAGE,380.0,138,0,0
5,GraphSAGE,380.0,139,0,0
5,GraphSAGE,380.0,140,0,0
5,GraphSAGE,380.0,141,0,0
5,GraphSAGE,380.0,142,0,0
5,GraphSAGE,380.0,143,0,0
5,GraphSAGE,380.0,144,0,0
5,GraphSAGE,380.0,145,1,1
5,GraphSAGE,380.0,146,0,0
5,GraphSAGE,380.0,147,0,0
5,GraphSAGE,380.0,148,0,0
5,GraphSAGE,380.0,149,0,0
5,GraphSAGE,390.0,0,0,0
5,GraphSAGE,390.0,1,0,0
5,GraphSAGE,390.0,2,0,0
5,GraphSAGE,390.0,3,0,0
5,GraphSAGE,390.0,4,0,0
5,GraphSAGE,390.0,5,0,0
5,GraphSAGE,390.0,6,1,1
5,GraphSAGE,390.0,7,0,0
5,GraphSAGE,390.0,8,0,0
5,GraphSAGE,390.0,9,0,0
5,GraphSAGE,390.0,10,0,0
5,GraphSAGE,390.0,11,1,1
5,GraphSAGE,390.0,12,0,0
5,GraphSAGE,390.0,13,0,0
5,GraphSAGE,390.0,14,0,0
5,GraphSAGE,390.0,15,0,0
5,GraphSAGE,390.0,16,0,0
5,GraphSAGE,390.0,17,0,0
5,GraphSAGE,390.0,18,0,0
5,GraphSAGE,390.0,19,0,0
5,GraphSAGE,390.0,20,0,0
5,GraphSAGE,390.0,21,0,0
5,GraphSAGE,390.0,22,0,0
5,GraphSAGE,390.0,23,0,0
5,GraphSAGE,390.0,24,0,0
5,GraphSAGE,390.0,25,0,0
5,GraphSAGE,390.0,26,0,0
5,GraphSAGE,390.0,27,0,0
5,GraphSAGE,390.0,28,0,0
5,GraphSAGE,390.0,29,0,0
5,GraphSAGE,390.0,30,0,0
5,GraphSAGE,390.0,31,0,0
5,GraphSAGE,390.0,32,0,0
5,GraphSAGE,390.0,33,1,0
5,GraphSAGE,390.0,34,0,0
5,GraphSAGE,390.0,35,0,0
5,GraphSAGE,390.0,36,0,0
5,GraphSAGE,390.0,37,0,0
5,GraphSAGE,390.0,38,0,0
5,GraphSAGE,390.0,39,0,0
5,GraphSAGE,390.0,40,0,0
5,GraphSAGE,390.0,41,0,0
5,GraphSAGE,390.0,42,0,0
5,GraphSAGE,390.0,43,1,1
5,GraphSAGE,390.0,44,0,0
5,GraphSAGE,390.0,45,0,0
5,GraphSAGE,390.0,46,0,0
5,GraphSAGE,390.0,47,0,0
5,GraphSAGE,390.0,48,0,0
5,GraphSAGE,390.0,49,0,0
5,GraphSAGE,390.0,50,0,0
5,GraphSAGE,390.0,51,0,0
5,GraphSAGE,390.0,52,0,0
5,GraphSAGE,390.0,53,1,1
5,GraphSAGE,390.0,54,0,0
5,GraphSAGE,390.0,55,0,0
5,GraphSAGE,390.0,56,0,0
5,GraphSAGE,390.0,57,0,0
5,GraphSAGE,390.0,58,0,0
5,GraphSAGE,390.0,59,0,0
5,GraphSAGE,390.0,60,1,0
5,GraphSAGE,390.0,61,1,1
5,GraphSAGE,390.0,62,0,0
5,GraphSAGE,390.0,63,0,0
5,GraphSAGE,390.0,64,0,0
5,GraphSAGE,390.0,65,0,0
5,GraphSAGE,390.0,66,0,0
5,GraphSAGE,390.0,67,0,0
5,GraphSAGE,390.0,68,0,0
5,GraphSAGE,390.0,69,0,0
5,GraphSAGE,390.0,70,0,0
5,GraphSAGE,390.0,71,0,0
5,GraphSAGE,390.0,72,0,0
5,GraphSAGE,390.0,73,0,0
5,GraphSAGE,390.0,74,0,0
5,GraphSAGE,390.0,75,0,0
5,GraphSAGE,390.0,76,0,0
5,GraphSAGE,390.0,77,0,0
5,GraphSAGE,390.0,78,0,0
5,GraphSAGE,390.0,79,0,0
5,GraphSAGE,390.0,80,0,0
5,GraphSAGE,390.0,81,0,0
5,GraphSAGE,390.0,82,0,0
5,GraphSAGE,390.0,83,0,0
5,GraphSAGE,390.0,84,0,0
5,GraphSAGE,390.0,85,0,0
5,GraphSAGE,390.0,86,0,0
5,GraphSAGE,390.0,87,0,0
5,GraphSAGE,390.0,88,0,0
5,GraphSAGE,390.0,89,0,0
5,GraphSAGE,390.0,90,0,0
5,GraphSAGE,390.0,91,0,0
5,GraphSAGE,390.0,92,0,0
5,GraphSAGE,390.0,93,0,0
5,GraphSAGE,390.0,94,0,0
5,GraphSAGE,390.0,95,0,0
5,GraphSAGE,390.0,96,0,0
5,GraphSAGE,390.0,97,0,0
5,GraphSAGE,390.0,98,0,0
5,GraphSAGE,390.0,99,0,0
5,GraphSAGE,390.0,100,1,1
5,GraphSAGE,390.0,101,1,1
5,GraphSAGE,390.0,102,0,0
5,GraphSAGE,390.0,103,0,0
5,GraphSAGE,390.0,104,1,1
5,GraphSAGE,390.0,105,1,1
5,GraphSAGE,390.0,106,0,0
5,GraphSAGE,390.0,107,0,0
5,GraphSAGE,390.0,108,0,0
5,GraphSAGE,390.0,109,0,0
5,GraphSAGE,390.0,110,0,0
5,GraphSAGE,390.0,111,1,1
5,GraphSAGE,390.0,112,0,0
5,GraphSAGE,390.0,113,0,0
5,GraphSAGE,390.0,114,0,0
5,GraphSAGE,390.0,115,0,0
5,GraphSAGE,390.0,116,0,0
5,GraphSAGE,390.0,117,1,1
5,GraphSAGE,390.0,118,0,0
5,GraphSAGE,390.0,119,0,0
5,GraphSAGE,390.0,120,0,0
5,GraphSAGE,390.0,121,0,0
5,GraphSAGE,390.0,122,0,0
5,GraphSAGE,390.0,123,0,0
5,GraphSAGE,390.0,124,0,0
5,GraphSAGE,390.0,125,0,0
5,GraphSAGE,390.0,126,0,0
5,GraphSAGE,390.0,127,0,0
5,GraphSAGE,390.0,128,0,0
5,GraphSAGE,390.0,129,1,0
5,GraphSAGE,390.0,130,0,0
5,GraphSAGE,390.0,131,0,0
5,GraphSAGE,390.0,132,0,0
5,GraphSAGE,390.0,133,0,0
5,GraphSAGE,390.0,134,1,1
5,GraphSAGE,390.0,135,0,0
5,GraphSAGE,390.0,136,0,0
5,GraphSAGE,390.0,137,0,0
5,GraphSAGE,390.0,138,0,0
5,GraphSAGE,390.0,139,0,0
5,GraphSAGE,390.0,140,0,0
5,GraphSAGE,390.0,141,0,0
5,GraphSAGE,390.0,142,0,0
5,GraphSAGE,390.0,143,0,0
5,GraphSAGE,390.0,144,0,0
5,GraphSAGE,390.0,145,1,0
5,GraphSAGE,390.0,146,0,0
5,GraphSAGE,390.0,147,0,0
5,GraphSAGE,390.0,148,0,0
5,GraphSAGE,390.0,149,0,0
5,GraphSAGE,400.0,0,0,0
5,GraphSAGE,400.0,1,0,0
5,GraphSAGE,400.0,2,0,0
5,GraphSAGE,400.0,3,0,0
5,GraphSAGE,400.0,4,0,0
5,GraphSAGE,400.0,5,0,0
5,GraphSAGE,400.0,6,1,1
5,GraphSAGE,400.0,7,0,0
5,GraphSAGE,400.0,8,0,0
5,GraphSAGE,400.0,9,0,0
5,GraphSAGE,400.0,10,0,0
5,GraphSAGE,400.0,11,1,1
5,GraphSAGE,400.0,12,0,0
5,GraphSAGE,400.0,13,0,0
5,GraphSAGE,400.0,14,0,0
5,GraphSAGE,400.0,15,0,0
5,GraphSAGE,400.0,16,0,0
5,GraphSAGE,400.0,17,0,0
5,GraphSAGE,400.0,18,0,0
5,GraphSAGE,400.0,19,0,0
5,GraphSAGE,400.0,20,0,0
5,GraphSAGE,400.0,21,0,0
5,GraphSAGE,400.0,22,0,0
5,GraphSAGE,400.0,23,0,0
5,GraphSAGE,400.0,24,0,0
5,GraphSAGE,400.0,25,0,0
5,GraphSAGE,400.0,26,0,0
5,GraphSAGE,400.0,27,0,0
5,GraphSAGE,400.0,28,0,0
5,GraphSAGE,400.0,29,0,0
5,GraphSAGE,400.0,30,0,0
5,GraphSAGE,400.0,31,0,0
5,GraphSAGE,400.0,32,0,0
5,GraphSAGE,400.0,33,1,1
5,GraphSAGE,400.0,34,0,0
5,GraphSAGE,400.0,35,0,0
5,GraphSAGE,400.0,36,0,0
5,GraphSAGE,400.0,37,0,0
5,GraphSAGE,400.0,38,0,0
5,GraphSAGE,400.0,39,0,0
5,GraphSAGE,400.0,40,0,0
5,GraphSAGE,400.0,41,0,0
5,GraphSAGE,400.0,42,0,0
5,GraphSAGE,400.0,43,1,1
5,GraphSAGE,400.0,44,0,0
5,GraphSAGE,400.0,45,0,0
5,GraphSAGE,400.0,46,0,0
5,GraphSAGE,400.0,47,0,0
5,GraphSAGE,400.0,48,0,0
5,GraphSAGE,400.0,49,0,0
5,GraphSAGE,400.0,50,0,0
5,GraphSAGE,400.0,51,0,0
5,GraphSAGE,400.0,52,0,0
5,GraphSAGE,400.0,53,1,0
5,GraphSAGE,400.0,54,0,0
5,GraphSAGE,400.0,55,0,0
5,GraphSAGE,400.0,56,0,0
5,GraphSAGE,400.0,57,0,0
5,GraphSAGE,400.0,58,0,0
5,GraphSAGE,400.0,59,0,0
5,GraphSAGE,400.0,60,1,0
5,GraphSAGE,400.0,61,1,0
5,GraphSAGE,400.0,62,0,0
5,GraphSAGE,400.0,63,0,0
5,GraphSAGE,400.0,64,0,0
5,GraphSAGE,400.0,65,0,0
5,GraphSAGE,400.0,66,0,0
5,GraphSAGE,400.0,67,0,0
5,GraphSAGE,400.0,68,0,0
5,GraphSAGE,400.0,69,0,0
5,GraphSAGE,400.0,70,0,0
5,GraphSAGE,400.0,71,0,0
5,GraphSAGE,400.0,72,0,0
5,GraphSAGE,400.0,73,0,0
5,GraphSAGE,400.0,74,0,0
5,GraphSAGE,400.0,75,0,0
5,GraphSAGE,400.0,76,0,0
5,GraphSAGE,400.0,77,0,0
5,GraphSAGE,400.0,78,0,0
5,GraphSAGE,400.0,79,0,0
5,GraphSAGE,400.0,80,0,0
5,GraphSAGE,400.0,81,0,0
5,GraphSAGE,400.0,82,0,0
5,GraphSAGE,400.0,83,0,0
5,GraphSAGE,400.0,84,0,0
5,GraphSAGE,400.0,85,0,0
5,GraphSAGE,400.0,86,0,0
5,GraphSAGE,400.0,87,0,0
5,GraphSAGE,400.0,88,0,0
5,GraphSAGE,400.0,89,0,0
5,GraphSAGE,400.0,90,0,0
5,GraphSAGE,400.0,91,0,0
5,GraphSAGE,400.0,92,0,0
5,GraphSAGE,400.0,93,0,0
5,GraphSAGE,400.0,94,0,0
5,GraphSAGE,400.0,95,0,0
5,GraphSAGE,400.0,96,0,0
5,GraphSAGE,400.0,97,0,0
5,GraphSAGE,400.0,98,0,0
5,GraphSAGE,400.0,99,0,0
5,GraphSAGE,400.0,100,1,1
5,GraphSAGE,400.0,101,1,1
5,GraphSAGE,400.0,102,0,0
5,GraphSAGE,400.0,103,0,0
5,GraphSAGE,400.0,104,1,1
5,GraphSAGE,400.0,105,1,0
5,GraphSAGE,400.0,106,0,0
5,GraphSAGE,400.0,107,0,0
5,GraphSAGE,400.0,108,0,0
5,GraphSAGE,400.0,109,0,0
5,GraphSAGE,400.0,110,0,0
5,GraphSAGE,400.0,111,1,1
5,GraphSAGE,400.0,112,0,0
5,GraphSAGE,400.0,113,0,0
5,GraphSAGE,400.0,114,0,0
5,GraphSAGE,400.0,115,0,0
5,GraphSAGE,400.0,116,0,0
5,GraphSAGE,400.0,117,1,0
5,GraphSAGE,400.0,118,0,0
5,GraphSAGE,400.0,119,0,0
5,GraphSAGE,400.0,120,0,0
5,GraphSAGE,400.0,121,0,0
5,GraphSAGE,400.0,122,0,0
5,GraphSAGE,400.0,123,0,0
5,GraphSAGE,400.0,124,0,0
5,GraphSAGE,400.0,125,0,0
5,GraphSAGE,400.0,126,0,0
5,GraphSAGE,400.0,127,0,0
5,GraphSAGE,400.0,128,0,0
5,GraphSAGE,400.0,129,1,1
5,GraphSAGE,400.0,130,0,0
5,GraphSAGE,400.0,131,0,0
5,GraphSAGE,400.0,132,0,0
5,GraphSAGE,400.0,133,0,0
5,GraphSAGE,400.0,134,1,1
5,GraphSAGE,400.0,135,0,0
5,GraphSAGE,400.0,136,0,0
5,GraphSAGE,400.0,137,0,0
5,GraphSAGE,400.0,138,0,0
5,GraphSAGE,400.0,139,0,0
5,GraphSAGE,400.0,140,0,0
5,GraphSAGE,400.0,141,0,0
5,GraphSAGE,400.0,142,0,0
5,GraphSAGE,400.0,143,0,0
5,GraphSAGE,400.0,144,0,0
5,GraphSAGE,400.0,145,1,0
5,GraphSAGE,400.0,146,0,0
5,GraphSAGE,400.0,147,0,0
5,GraphSAGE,400.0,148,0,0
5,GraphSAGE,400.0,149,0,0
5,GraphSAGE,410.0,0,0,0
5,GraphSAGE,410.0,1,0,0
5,GraphSAGE,410.0,2,0,0
5,GraphSAGE,410.0,3,0,0
5,GraphSAGE,410.0,4,0,0
5,GraphSAGE,410.0,5,0,0
5,GraphSAGE,410.0,6,1,1
5,GraphSAGE,410.0,7,0,0
5,GraphSAGE,410.0,8,0,0
5,GraphSAGE,410.0,9,0,0
5,GraphSAGE,410.0,10,0,0
5,GraphSAGE,410.0,11,1,1
5,GraphSAGE,410.0,12,0,0
5,GraphSAGE,410.0,13,0,0
5,GraphSAGE,410.0,14,0,0
5,GraphSAGE,410.0,15,0,0
5,GraphSAGE,410.0,16,0,0
5,GraphSAGE,410.0,17,0,0
5,GraphSAGE,410.0,18,0,0
5,GraphSAGE,410.0,19,0,0
5,GraphSAGE,410.0,20,0,0
5,GraphSAGE,410.0,21,0,0
5,GraphSAGE,410.0,22,0,0
5,GraphSAGE,410.0,23,0,0
5,GraphSAGE,410.0,24,0,0
5,GraphSAGE,410.0,25,0,0
5,GraphSAGE,410.0,26,0,0
5,GraphSAGE,410.0,27,0,0
5,GraphSAGE,410.0,28,0,0
5,GraphSAGE,410.0,29,0,0
5,GraphSAGE,410.0,30,0,0
5,GraphSAGE,410.0,31,0,0
5,GraphSAGE,410.0,32,0,0
5,GraphSAGE,410.0,33,1,1
5,GraphSAGE,410.0,34,0,0
5,GraphSAGE,410.0,35,0,0
5,GraphSAGE,410.0,36,0,0
5,GraphSAGE,410.0,37,0,0
5,GraphSAGE,410.0,38,0,0
5,GraphSAGE,410.0,39,0,0
5,GraphSAGE,410.0,40,0,0
5,GraphSAGE,410.0,41,0,0
5,GraphSAGE,410.0,42,0,0
5,GraphSAGE,410.0,43,1,1
5,GraphSAGE,410.0,44,0,0
5,GraphSAGE,410.0,45,0,0
5,GraphSAGE,410.0,46,0,0
5,GraphSAGE,410.0,47,0,0
5,GraphSAGE,410.0,48,0,0
5,GraphSAGE,410.0,49,0,0
5,GraphSAGE,410.0,50,0,0
5,GraphSAGE,410.0,51,0,0
5,GraphSAGE,410.0,52,0,0
5,GraphSAGE,410.0,53,1,0
5,GraphSAGE,410.0,54,0,0
5,GraphSAGE,410.0,55,0,0
5,GraphSAGE,410.0,56,0,0
5,GraphSAGE,410.0,57,0,0
5,GraphSAGE,410.0,58,0,0
5,GraphSAGE,410.0,59,0,0
5,GraphSAGE,410.0,60,1,1
5,GraphSAGE,410.0,61,1,0
5,GraphSAGE,410.0,62,0,0
5,GraphSAGE,410.0,63,0,0
5,GraphSAGE,410.0,64,0,0
5,GraphSAGE,410.0,65,0,0
5,GraphSAGE,410.0,66,0,0
5,GraphSAGE,410.0,67,0,0
5,GraphSAGE,410.0,68,0,0
5,GraphSAGE,410.0,69,0,0
5,GraphSAGE,410.0,70,0,0
5,GraphSAGE,410.0,71,0,0
5,GraphSAGE,410.0,72,0,0
5,GraphSAGE,410.0,73,0,0
5,GraphSAGE,410.0,74,0,0
5,GraphSAGE,410.0,75,0,0
5,GraphSAGE,410.0,76,0,0
5,GraphSAGE,410.0,77,0,0
5,GraphSAGE,410.0,78,0,0
5,GraphSAGE,410.0,79,0,0
5,GraphSAGE,410.0,80,0,0
5,GraphSAGE,410.0,81,0,0
5,GraphSAGE,410.0,82,0,0
5,GraphSAGE,410.0,83,0,0
5,GraphSAGE,410.0,84,0,0
5,GraphSAGE,410.0,85,0,0
5,GraphSAGE,410.0,86,0,0
5,GraphSAGE,410.0,87,0,0
5,GraphSAGE,410.0,88,0,0
5,GraphSAGE,410.0,89,0,0
5,GraphSAGE,410.0,90,0,0
5,GraphSAGE,410.0,91,0,0
5,GraphSAGE,410.0,92,0,0
5,GraphSAGE,410.0,93,0,0
5,GraphSAGE,410.0,94,0,0
5,GraphSAGE,410.0,95,0,0
5,GraphSAGE,410.0,96,0,0
5,GraphSAGE,410.0,97,0,0
5,GraphSAGE,410.0,98,0,0
5,GraphSAGE,410.0,99,0,0
5,GraphSAGE,410.0,100,1,1
5,GraphSAGE,410.0,101,1,1
5,GraphSAGE,410.0,102,0,0
5,GraphSAGE,410.0,103,0,0
5,GraphSAGE,410.0,104,1,0
5,GraphSAGE,410.0,105,1,1
5,GraphSAGE,410.0,106,0,0
5,GraphSAGE,410.0,107,0,0
5,GraphSAGE,410.0,108,0,0
5,GraphSAGE,410.0,109,0,0
5,GraphSAGE,410.0,110,0,0
5,GraphSAGE,410.0,111,1,1
5,GraphSAGE,410.0,112,0,0
5,GraphSAGE,410.0,113,0,0
5,GraphSAGE,410.0,114,0,0
5,GraphSAGE,410.0,115,0,0
5,GraphSAGE,410.0,116,0,0
5,GraphSAGE,410.0,117,1,0
5,GraphSAGE,410.0,118,0,0
5,GraphSAGE,410.0,119,0,0
5,GraphSAGE,410.0,120,0,0
5,GraphSAGE,410.0,121,0,0
5,GraphSAGE,410.0,122,0,0
5,GraphSAGE,410.0,123,0,0
5,GraphSAGE,410.0,124,0,0
5,GraphSAGE,410.0,125,0,0
5,GraphSAGE,410.0,126,0,0
5,GraphSAGE,410.0,127,0,0
5,GraphSAGE,410.0,128,0,0
5,GraphSAGE,410.0,129,1,1
5,GraphSAGE,410.0,130,0,0
5,GraphSAGE,410.0,131,0,0
5,GraphSAGE,410.0,132,0,0
5,GraphSAGE,410.0,133,0,0
5,GraphSAGE,410.0,134,1,1
5,GraphSAGE,410.0,135,0,0
5,GraphSAGE,410.0,136,0,0
5,GraphSAGE,410.0,137,0,0
5,GraphSAGE,410.0,138,0,0
5,GraphSAGE,410.0,139,0,0
5,GraphSAGE,410.0,140,0,0
5,GraphSAGE,410.0,141,0,0
5,GraphSAGE,410.0,142,0,0
5,GraphSAGE,410.0,143,0,0
5,GraphSAGE,410.0,144,0,0
5,GraphSAGE,410.0,145,1,1
5,GraphSAGE,410.0,146,0,0
5,GraphSAGE,410.0,147,0,0
5,GraphSAGE,410.0,148,0,0
5,GraphSAGE,410.0,149,0,0
5,GraphSAGE,420.0,0,0,0
5,GraphSAGE,420.0,1,0,0
5,GraphSAGE,420.0,2,0,0
5,GraphSAGE,420.0,3,0,0
5,GraphSAGE,420.0,4,0,0
5,GraphSAGE,420.0,5,0,0
5,GraphSAGE,420.0,6,1,1
5,GraphSAGE,420.0,7,0,0
5,GraphSAGE,420.0,8,0,0
5,GraphSAGE,420.0,9,0,0
5,GraphSAGE,420.0,10,0,0
5,GraphSAGE,420.0,11,1,1
5,GraphSAGE,420.0,12,0,0
5,GraphSAGE,420.0,13,0,0
5,GraphSAGE,420.0,14,0,0
5,GraphSAGE,420.0,15,0,0
5,GraphSAGE,420.0,16,0,0
5,GraphSAGE,420.0,17,0,0
5,GraphSAGE,420.0,18,0,0
5,GraphSAGE,420.0,19,0,0
5,GraphSAGE,420.0,20,0,0
5,GraphSAGE,420.0,21,0,0
5,GraphSAGE,420.0,22,0,0
5,GraphSAGE,420.0,23,0,0
5,GraphSAGE,420.0,24,0,0
5,GraphSAGE,420.0,25,0,0
5,GraphSAGE,420.0,26,0,0
5,GraphSAGE,420.0,27,0,0
5,GraphSAGE,420.0,28,0,0
5,GraphSAGE,420.0,29,0,0
5,GraphSAGE,420.0,30,0,0
5,GraphSAGE,420.0,31,0,0
5,GraphSAGE,420.0,32,0,0
5,GraphSAGE,420.0,33,1,1
5,GraphSAGE,420.0,34,0,0
5,GraphSAGE,420.0,35,0,0
5,GraphSAGE,420.0,36,0,0
5,GraphSAGE,420.0,37,0,0
5,GraphSAGE,420.0,38,0,0
5,GraphSAGE,420.0,39,0,0
5,GraphSAGE,420.0,40,0,0
5,GraphSAGE,420.0,41,0,0
5,GraphSAGE,420.0,42,0,0
5,GraphSAGE,420.0,43,1,1
5,GraphSAGE,420.0,44,0,0
5,GraphSAGE,420.0,45,0,0
5,GraphSAGE,420.0,46,0,0
5,GraphSAGE,420.0,47,0,0
5,GraphSAGE,420.0,48,0,0
5,GraphSAGE,420.0,49,0,0
5,GraphSAGE,420.0,50,0,0
5,GraphSAGE,420.0,51,0,0
5,GraphSAGE,420.0,52,0,0
5,GraphSAGE,420.0,53,1,1
5,GraphSAGE,420.0,54,0,0
5,GraphSAGE,420.0,55,0,0
5,GraphSAGE,420.0,56,0,0
5,GraphSAGE,420.0,57,0,0
5,GraphSAGE,420.0,58,0,0
5,GraphSAGE,420.0,59,0,0
5,GraphSAGE,420.0,60,1,1
5,GraphSAGE,420.0,61,1,1
5,GraphSAGE,420.0,62,0,0
5,GraphSAGE,420.0,63,0,0
5,GraphSAGE,420.0,64,0,0
5,GraphSAGE,420.0,65,0,0
5,GraphSAGE,420.0,66,0,0
5,GraphSAGE,420.0,67,0,0
5,GraphSAGE,420.0,68,0,0
5,GraphSAGE,420.0,69,0,0
5,GraphSAGE,420.0,70,0,0
5,GraphSAGE,420.0,71,0,0
5,GraphSAGE,420.0,72,0,0
5,GraphSAGE,420.0,73,0,0
5,GraphSAGE,420.0,74,0,0
5,GraphSAGE,420.0,75,0,0
5,GraphSAGE,420.0,76,0,0
5,GraphSAGE,420.0,77,0,0
5,GraphSAGE,420.0,78,0,0
5,GraphSAGE,420.0,79,0,0
5,GraphSAGE,420.0,80,0,0
5,GraphSAGE,420.0,81,0,0
5,GraphSAGE,420.0,82,0,0
5,GraphSAGE,420.0,83,0,0
5,GraphSAGE,420.0,84,0,0
5,GraphSAGE,420.0,85,0,0
5,GraphSAGE,420.0,86,0,0
5,GraphSAGE,420.0,87,0,0
5,GraphSAGE,420.0,88,0,0
5,GraphSAGE,420.0,89,0,0
5,GraphSAGE,420.0,90,0,0
5,GraphSAGE,420.0,91,0,0
5,GraphSAGE,420.0,92,0,0
5,GraphSAGE,420.0,93,0,0
5,GraphSAGE,420.0,94,0,0
5,GraphSAGE,420.0,95,0,0
5,GraphSAGE,420.0,96,0,0
5,GraphSAGE,420.0,97,0,0
5,GraphSAGE,420.0,98,0,0
5,GraphSAGE,420.0,99,0,0
5,GraphSAGE,420.0,100,1,1
5,GraphSAGE,420.0,101,1,1
5,GraphSAGE,420.0,102,0,0
5,GraphSAGE,420.0,103,0,0
5,GraphSAGE,420.0,104,1,1
5,GraphSAGE,420.0,105,1,1
5,GraphSAGE,420.0,106,0,0
5,GraphSAGE,420.0,107,0,0
5,GraphSAGE,420.0,108,0,0
5,GraphSAGE,420.0,109,0,0
5,GraphSAGE,420.0,110,0,0
5,GraphSAGE,420.0,111,1,1
5,GraphSAGE,420.0,112,0,0
5,GraphSAGE,420.0,113,0,0
5,GraphSAGE,420.0,114,0,0
5,GraphSAGE,420.0,115,0,0
5,GraphSAGE,420.0,116,0,0
5,GraphSAGE,420.0,117,1,0
5,GraphSAGE,420.0,118,0,0
5,GraphSAGE,420.0,119,0,0
5,GraphSAGE,420.0,120,0,0
5,GraphSAGE,420.0,121,0,0
5,GraphSAGE,420.0,122,0,0
5,GraphSAGE,420.0,123,0,0
5,GraphSAGE,420.0,124,0,0
5,GraphSAGE,420.0,125,0,0
5,GraphSAGE,420.0,126,0,0
5,GraphSAGE,420.0,127,0,0
5,GraphSAGE,420.0,128,0,0
5,GraphSAGE,420.0,129,1,1
5,GraphSAGE,420.0,130,0,0
5,GraphSAGE,420.0,131,0,0
5,GraphSAGE,420.0,132,0,0
5,GraphSAGE,420.0,133,0,0
5,GraphSAGE,420.0,134,1,0
5,GraphSAGE,420.0,135,0,0
5,GraphSAGE,420.0,136,0,0
5,GraphSAGE,420.0,137,0,0
5,GraphSAGE,420.0,138,0,0
5,GraphSAGE,420.0,139,0,0
5,GraphSAGE,420.0,140,0,0
5,GraphSAGE,420.0,141,0,0
5,GraphSAGE,420.0,142,0,0
5,GraphSAGE,420.0,143,0,0
5,GraphSAGE,420.0,144,0,0
5,GraphSAGE,420.0,145,1,1
5,GraphSAGE,420.0,146,0,0
5,GraphSAGE,420.0,147,0,0
5,GraphSAGE,420.0,148,0,0
5,GraphSAGE,420.0,149,0,0
5,GraphSAGE,430.0,0,0,0
5,GraphSAGE,430.0,1,0,0
5,GraphSAGE,430.0,2,0,0
5,GraphSAGE,430.0,3,0,0
5,GraphSAGE,430.0,4,0,0
5,GraphSAGE,430.0,5,0,0
5,GraphSAGE,430.0,6,1,1
5,GraphSAGE,430.0,7,0,0
5,GraphSAGE,430.0,8,0,0
5,GraphSAGE,430.0,9,0,0
5,GraphSAGE,430.0,10,0,0
5,GraphSAGE,430.0,11,1,1
5,GraphSAGE,430.0,12,0,0
5,GraphSAGE,430.0,13,0,0
5,GraphSAGE,430.0,14,0,0
5,GraphSAGE,430.0,15,0,0
5,GraphSAGE,430.0,16,0,0
5,GraphSAGE,430.0,17,0,0
5,GraphSAGE,430.0,18,0,0
5,GraphSAGE,430.0,19,0,0
5,GraphSAGE,430.0,20,0,0
5,GraphSAGE,430.0,21,0,0
5,GraphSAGE,430.0,22,0,0
5,GraphSAGE,430.0,23,0,0
5,GraphSAGE,430.0,24,0,0
5,GraphSAGE,430.0,25,0,0
5,GraphSAGE,430.0,26,0,0
5,GraphSAGE,430.0,27,0,0
5,GraphSAGE,430.0,28,0,0
5,GraphSAGE,430.0,29,0,0
5,GraphSAGE,430.0,30,0,0
5,GraphSAGE,430.0,31,0,0
5,GraphSAGE,430.0,32,0,0
5,GraphSAGE,430.0,33,1,1
5,GraphSAGE,430.0,34,0,0
5,GraphSAGE,430.0,35,0,0
5,GraphSAGE,430.0,36,0,0
5,GraphSAGE,430.0,37,0,0
5,GraphSAGE,430.0,38,0,0
5,GraphSAGE,430.0,39,0,0
5,GraphSAGE,430.0,40,0,0
5,GraphSAGE,430.0,41,0,0
5,GraphSAGE,430.0,42,0,0
5,GraphSAGE,430.0,43,1,1
5,GraphSAGE,430.0,44,0,0
5,GraphSAGE,430.0,45,0,0
5,GraphSAGE,430.0,46,0,0
5,GraphSAGE,430.0,47,0,0
5,GraphSAGE,430.0,48,0,0
5,GraphSAGE,430.0,49,0,0
5,GraphSAGE,430.0,50,0,0
5,GraphSAGE,430.0,51,0,0
5,GraphSAGE,430.0,52,0,0
5,GraphSAGE,430.0,53,1,1
5,GraphSAGE,430.0,54,0,0
5,GraphSAGE,430.0,55,0,0
5,GraphSAGE,430.0,56,0,0
5,GraphSAGE,430.0,57,0,0
5,GraphSAGE,430.0,58,0,0
5,GraphSAGE,430.0,59,0,0
5,GraphSAGE,430.0,60,1,1
5,GraphSAGE,430.0,61,1,0
5,GraphSAGE,430.0,62,0,0
5,GraphSAGE,430.0,63,0,0
5,GraphSAGE,430.0,64,0,0
5,GraphSAGE,430.0,65,0,0
5,GraphSAGE,430.0,66,0,0
5,GraphSAGE,430.0,67,0,0
5,GraphSAGE,430.0,68,0,0
5,GraphSAGE,430.0,69,0,0
5,GraphSAGE,430.0,70,0,0
5,GraphSAGE,430.0,71,0,0
5,GraphSAGE,430.0,72,0,0
5,GraphSAGE,430.0,73,0,0
5,GraphSAGE,430.0,74,0,0
5,GraphSAGE,430.0,75,0,0
5,GraphSAGE,430.0,76,0,0
5,GraphSAGE,430.0,77,0,0
5,GraphSAGE,430.0,78,0,0
5,GraphSAGE,430.0,79,0,0
5,GraphSAGE,430.0,80,0,0
5,GraphSAGE,430.0,81,0,0
5,GraphSAGE,430.0,82,0,0
5,GraphSAGE,430.0,83,0,0
5,GraphSAGE,430.0,84,0,0
5,GraphSAGE,430.0,85,0,0
5,GraphSAGE,430.0,86,0,0
5,GraphSAGE,430.0,87,0,0
5,GraphSAGE,430.0,88,0,0
5,GraphSAGE,430.0,89,0,0
5,GraphSAGE,430.0,90,0,0
5,GraphSAGE,430.0,91,0,0
5,GraphSAGE,430.0,92,0,0
5,GraphSAGE,430.0,93,0,0
5,GraphSAGE,430.0,94,0,0
5,GraphSAGE,430.0,95,0,0
5,GraphSAGE,430.0,96,0,0
5,GraphSAGE,430.0,97,0,0
5,GraphSAGE,430.0,98,0,0
5,GraphSAGE,430.0,99,0,0
5,GraphSAGE,430.0,100,1,1
5,GraphSAGE,430.0,101,1,1
5,GraphSAGE,430.0,102,0,0
5,GraphSAGE,430.0,103,0,0
5,GraphSAGE,430.0,104,1,0
5,GraphSAGE,430.0,105,1,0
5,GraphSAGE,430.0,106,0,0
5,GraphSAGE,430.0,107,0,0
5,GraphSAGE,430.0,108,0,0
5,GraphSAGE,430.0,109,0,0
5,GraphSAGE,430.0,110,0,0
5,GraphSAGE,430.0,111,1,0
5,GraphSAGE,430.0,112,0,0
5,GraphSAGE,430.0,113,0,0
5,GraphSAGE,430.0,114,0,0
5,GraphSAGE,430.0,115,0,0
5,GraphSAGE,430.0,116,0,0
5,GraphSAGE,430.0,117,1,1
5,GraphSAGE,430.0,118,0,0
5,GraphSAGE,430.0,119,0,0
5,GraphSAGE,430.0,120,0,0
5,GraphSAGE,430.0,121,0,0
5,GraphSAGE,430.0,122,0,0
5,GraphSAGE,430.0,123,0,0
5,GraphSAGE,430.0,124,0,0
5,GraphSAGE,430.0,125,0,0
5,GraphSAGE,430.0,126,0,0
5,GraphSAGE,430.0,127,0,0
5,GraphSAGE,430.0,128,0,0
5,GraphSAGE,430.0,129,1,1
5,GraphSAGE,430.0,130,0,0
5,GraphSAGE,430.0,131,0,0
5,GraphSAGE,430.0,132,0,0
5,GraphSAGE,430.0,133,0,0
5,GraphSAGE,430.0,134,1,0
5,GraphSAGE,430.0,135,0,0
5,GraphSAGE,430.0,136,0,0
5,GraphSAGE,430.0,137,0,0
5,GraphSAGE,430.0,138,0,0
5,GraphSAGE,430.0,139,0,0
5,GraphSAGE,430.0,140,0,0
5,GraphSAGE,430.0,141,0,0
5,GraphSAGE,430.0,142,0,0
5,GraphSAGE,430.0,143,0,0
5,GraphSAGE,430.0,144,0,0
5,GraphSAGE,430.0,145,1,1
5,GraphSAGE,430.0,146,0,0
5,GraphSAGE,430.0,147,0,0
5,GraphSAGE,430.0,148,0,0
5,GraphSAGE,430.0,149,0,0
5,GraphSAGE,440.0,0,0,0
5,GraphSAGE,440.0,1,0,0
5,GraphSAGE,440.0,2,0,0
5,GraphSAGE,440.0,3,0,0
5,GraphSAGE,440.0,4,0,0
5,GraphSAGE,440.0,5,0,0
5,GraphSAGE,440.0,6,1,1
5,GraphSAGE,440.0,7,0,0
5,GraphSAGE,440.0,8,0,0
5,GraphSAGE,440.0,9,0,0
5,GraphSAGE,440.0,10,0,0
5,GraphSAGE,440.0,11,1,1
5,GraphSAGE,440.0,12,0,0
5,GraphSAGE,440.0,13,0,0
5,GraphSAGE,440.0,14,0,0
5,GraphSAGE,440.0,15,0,0
5,GraphSAGE,440.0,16,0,0
5,GraphSAGE,440.0,17,0,0
5,GraphSAGE,440.0,18,0,0
5,GraphSAGE,440.0,19,0,0
5,GraphSAGE,440.0,20,0,0
5,GraphSAGE,440.0,21,0,0
5,GraphSAGE,440.0,22,0,0
5,GraphSAGE,440.0,23,0,0
5,GraphSAGE,440.0,24,0,0
5,GraphSAGE,440.0,25,0,0
5,GraphSAGE,440.0,26,0,0
5,GraphSAGE,440.0,27,0,0
5,GraphSAGE,440.0,28,0,0
5,GraphSAGE,440.0,29,0,0
5,GraphSAGE,440.0,30,0,0
5,GraphSAGE,440.0,31,0,0
5,GraphSAGE,440.0,32,0,0
5,GraphSAGE,440.0,33,1,1
5,GraphSAGE,440.0,34,0,0
5,GraphSAGE,440.0,35,0,0
5,GraphSAGE,440.0,36,0,0
5,GraphSAGE,440.0,37,0,0
5,GraphSAGE,440.0,38,0,0
5,GraphSAGE,440.0,39,0,0
5,GraphSAGE,440.0,40,0,0
5,GraphSAGE,440.0,41,0,0
5,GraphSAGE,440.0,42,0,0
5,GraphSAGE,440.0,43,1,1
5,GraphSAGE,440.0,44,0,0
5,GraphSAGE,440.0,45,0,0
5,GraphSAGE,440.0,46,0,0
5,GraphSAGE,440.0,47,0,0
5,GraphSAGE,440.0,48,0,0
5,GraphSAGE,440.0,49,0,0
5,GraphSAGE,440.0,50,0,0
5,GraphSAGE,440.0,51,0,0
5,GraphSAGE,440.0,52,0,0
5,GraphSAGE,440.0,53,1,1
5,GraphSAGE,440.0,54,0,0
5,GraphSAGE,440.0,55,0,0
5,GraphSAGE,440.0,56,0,0
5,GraphSAGE,440.0,57,0,0
5,GraphSAGE,440.0,58,0,0
5,GraphSAGE,440.0,59,0,0
5,GraphSAGE,440.0,60,1,0
5,GraphSAGE,440.0,61,1,1
5,GraphSAGE,440.0,62,0,0
5,GraphSAGE,440.0,63,0,0
5,GraphSAGE,440.0,64,0,0
5,GraphSAGE,440.0,65,0,0
5,GraphSAGE,440.0,66,0,0
5,GraphSAGE,440.0,67,0,0
5,GraphSAGE,440.0,68,0,0
5,GraphSAGE,440.0,69,0,0
5,GraphSAGE,440.0,70,0,0
5,GraphSAGE,440.0,71,0,0
5,GraphSAGE,440.0,72,0,0
5,GraphSAGE,440.0,73,0,0
5,GraphSAGE,440.0,74,0,0
5,GraphSAGE,440.0,75,0,0
5,GraphSAGE,440.0,76,0,0
5,GraphSAGE,440.0,77,0,0
5,GraphSAGE,440.0,78,0,0
5,GraphSAGE,440.0,79,0,0
5,GraphSAGE,440.0,80,0,0
5,GraphSAGE,440.0,81,0,0
5,GraphSAGE,440.0,82,0,0
5,GraphSAGE,440.0,83,0,0
5,GraphSAGE,440.0,84,0,0
5,GraphSAGE,440.0,85,0,0
5,GraphSAGE,440.0,86,0,0
5,GraphSAGE,440.0,87,0,0
5,GraphSAGE,440.0,88,0,0
5,GraphSAGE,440.0,89,0,0
5,GraphSAGE,440.0,90,0,0
5,GraphSAGE,440.0,91,0,0
5,GraphSAGE,440.0,92,0,0
5,GraphSAGE,440.0,93,0,0
5,GraphSAGE,440.0,94,0,0
5,GraphSAGE,440.0,95,0,0
5,GraphSAGE,440.0,96,0,0
5,GraphSAGE,440.0,97,0,0
5,GraphSAGE,440.0,98,0,0
5,GraphSAGE,440.0,99,0,0
5,GraphSAGE,440.0,100,1,1
5,GraphSAGE,440.0,101,1,0
5,GraphSAGE,440.0,102,0,0
5,GraphSAGE,440.0,103,0,0
5,GraphSAGE,440.0,104,1,0
5,GraphSAGE,440.0,105,1,1
5,GraphSAGE,440.0,106,0,0
5,GraphSAGE,440.0,107,0,0
5,GraphSAGE,440.0,108,0,0
5,GraphSAGE,440.0,109,0,0
5,GraphSAGE,440.0,110,0,0
5,GraphSAGE,440.0,111,1,1
5,GraphSAGE,440.0,112,0,0
5,GraphSAGE,440.0,113,0,0
5,GraphSAGE,440.0,114,0,0
5,GraphSAGE,440.0,115,0,0
5,GraphSAGE,440.0,116,0,0
5,GraphSAGE,440.0,117,1,1
5,GraphSAGE,440.0,118,0,0
5,GraphSAGE,440.0,119,0,0
5,GraphSAGE,440.0,120,0,0
5,GraphSAGE,440.0,121,0,0
5,GraphSAGE,440.0,122,0,0
5,GraphSAGE,440.0,123,0,0
5,GraphSAGE,440.0,124,0,0
5,GraphSAGE,440.0,125,0,0
5,GraphSAGE,440.0,126,0,0
5,GraphSAGE,440.0,127,0,0
5,GraphSAGE,440.0,128,0,0
5,GraphSAGE,440.0,129,1,0
5,GraphSAGE,440.0,130,0,0
5,GraphSAGE,440.0,131,0,0
5,GraphSAGE,440.0,132,0,0
5,GraphSAGE,440.0,133,0,0
5,GraphSAGE,440.0,134,1,1
5,GraphSAGE,440.0,135,0,0
5,GraphSAGE,440.0,136,0,0
5,GraphSAGE,440.0,137,0,0
5,GraphSAGE,440.0,138,0,0
5,GraphSAGE,440.0,139,0,0
5,GraphSAGE,440.0,140,0,0
5,GraphSAGE,440.0,141,0,0
5,GraphSAGE,440.0,142,0,0
5,GraphSAGE,440.0,143,0,0
5,GraphSAGE,440.0,144,0,0
5,GraphSAGE,440.0,145,1,1
5,GraphSAGE,440.0,146,0,0
5,GraphSAGE,440.0,147,0,0
5,GraphSAGE,440.0,148,0,0
5,GraphSAGE,440.0,149,0,0
5,GraphSAGE,450.0,0,0,0
5,GraphSAGE,450.0,1,0,0
5,GraphSAGE,450.0,2,0,0
5,GraphSAGE,450.0,3,0,0
5,GraphSAGE,450.0,4,0,0
5,GraphSAGE,450.0,5,0,0
5,GraphSAGE,450.0,6,1,1
5,GraphSAGE,450.0,7,0,0
5,GraphSAGE,450.0,8,0,0
5,GraphSAGE,450.0,9,0,0
5,GraphSAGE,450.0,10,0,0
5,GraphSAGE,450.0,11,1,1
5,GraphSAGE,450.0,12,0,0
5,GraphSAGE,450.0,13,0,0
5,GraphSAGE,450.0,14,0,0
5,GraphSAGE,450.0,15,0,0
5,GraphSAGE,450.0,16,0,0
5,GraphSAGE,450.0,17,0,0
5,GraphSAGE,450.0,18,0,0
5,GraphSAGE,450.0,19,0,0
5,GraphSAGE,450.0,20,0,0
5,GraphSAGE,450.0,21,0,0
5,GraphSAGE,450.0,22,0,0
5,GraphSAGE,450.0,23,0,0
5,GraphSAGE,450.0,24,0,0
5,GraphSAGE,450.0,25,0,0
5,GraphSAGE,450.0,26,0,0
5,GraphSAGE,450.0,27,0,0
5,GraphSAGE,450.0,28,0,0
5,GraphSAGE,450.0,29,0,0
5,GraphSAGE,450.0,30,0,0
5,GraphSAGE,450.0,31,0,0
5,GraphSAGE,450.0,32,0,0
5,GraphSAGE,450.0,33,1,1
5,GraphSAGE,450.0,34,0,0
5,GraphSAGE,450.0,35,0,0
5,GraphSAGE,450.0,36,0,0
5,GraphSAGE,450.0,37,0,0
5,GraphSAGE,450.0,38,0,0
5,GraphSAGE,450.0,39,0,0
5,GraphSAGE,450.0,40,0,0
5,GraphSAGE,450.0,41,0,0
5,GraphSAGE,450.0,42,0,0
5,GraphSAGE,450.0,43,1,1
5,GraphSAGE,450.0,44,0,0
5,GraphSAGE,450.0,45,0,0
5,GraphSAGE,450.0,46,0,0
5,GraphSAGE,450.0,47,0,0
5,GraphSAGE,450.0,48,0,0
5,GraphSAGE,450.0,49,0,0
5,GraphSAGE,450.0,50,0,0
5,GraphSAGE,450.0,51,0,0
5,GraphSAGE,450.0,52,0,0
5,GraphSAGE,450.0,53,1,1
5,GraphSAGE,450.0,54,0,0
5,GraphSAGE,450.0,55,0,0
5,GraphSAGE,450.0,56,0,0
5,GraphSAGE,450.0,57,0,0
5,GraphSAGE,450.0,58,0,0
5,GraphSAGE,450.0,59,0,0
5,GraphSAGE,450.0,60,1,1
5,GraphSAGE,450.0,61,1,0
5,GraphSAGE,450.0,62,0,0
5,GraphSAGE,450.0,63,0,0
5,GraphSAGE,450.0,64,0,0
5,GraphSAGE,450.0,65,0,0
5,GraphSAGE,450.0,66,0,0
5,GraphSAGE,450.0,67,0,0
5,GraphSAGE,450.0,68,0,0
5,GraphSAGE,450.0,69,0,0
5,GraphSAGE,450.0,70,0,0
5,GraphSAGE,450.0,71,0,0
5,GraphSAGE,450.0,72,0,0
5,GraphSAGE,450.0,73,0,0
5,GraphSAGE,450.0,74,0,0
5,GraphSAGE,450.0,75,0,0
5,GraphSAGE,450.0,76,0,0
5,GraphSAGE,450.0,77,0,0
5,GraphSAGE,450.0,78,0,0
5,GraphSAGE,450.0,79,0,0
5,GraphSAGE,450.0,80,0,0
5,GraphSAGE,450.0,81,0,0
5,GraphSAGE,450.0,82,0,0
5,GraphSAGE,450.0,83,0,0
5,GraphSAGE,450.0,84,0,0
5,GraphSAGE,450.0,85,0,0
5,GraphSAGE,450.0,86,0,0
5,GraphSAGE,450.0,87,0,0
5,GraphSAGE,450.0,88,0,0
5,GraphSAGE,450.0,89,0,0
5,GraphSAGE,450.0,90,0,0
5,GraphSAGE,450.0,91,0,0
5,GraphSAGE,450.0,92,0,0
5,GraphSAGE,450.0,93,0,0
5,GraphSAGE,450.0,94,0,0
5,GraphSAGE,450.0,95,0,0
5,GraphSAGE,450.0,96,0,0
5,GraphSAGE,450.0,97,0,0
5,GraphSAGE,450.0,98,0,0
5,GraphSAGE,450.0,99,0,0
5,GraphSAGE,450.0,100,1,1
5,GraphSAGE,450.0,101,1,1
5,GraphSAGE,450.0,102,0,0
5,GraphSAGE,450.0,103,0,0
5,GraphSAGE,450.0,104,1,1
5,GraphSAGE,450.0,105,1,0
5,GraphSAGE,450.0,106,0,0
5,GraphSAGE,450.0,107,0,0
5,GraphSAGE,450.0,108,0,0
5,GraphSAGE,450.0,109,0,0
5,GraphSAGE,450.0,110,0,0
5,GraphSAGE,450.0,111,1,1
5,GraphSAGE,450.0,112,0,0
5,GraphSAGE,450.0,113,0,0
5,GraphSAGE,450.0,114,0,0
5,GraphSAGE,450.0,115,0,0
5,GraphSAGE,450.0,116,0,0
5,GraphSAGE,450.0,117,1,1
5,GraphSAGE,450.0,118,0,0
5,GraphSAGE,450.0,119,0,0
5,GraphSAGE,450.0,120,0,0
5,GraphSAGE,450.0,121,0,0
5,GraphSAGE,450.0,122,0,0
5,GraphSAGE,450.0,123,0,0
5,GraphSAGE,450.0,124,0,0
5,GraphSAGE,450.0,125,0,0
5,GraphSAGE,450.0,126,0,0
5,GraphSAGE,450.0,127,0,0
5,GraphSAGE,450.0,128,0,0
5,GraphSAGE,450.0,129,1,1
5,GraphSAGE,450.0,130,0,0
5,GraphSAGE,450.0,131,0,0
5,GraphSAGE,450.0,132,0,0
5,GraphSAGE,450.0,133,0,0
5,GraphSAGE,450.0,134,1,1
5,GraphSAGE,450.0,135,0,0
5,GraphSAGE,450.0,136,0,0
5,GraphSAGE,450.0,137,0,0
5,GraphSAGE,450.0,138,0,0
5,GraphSAGE,450.0,139,0,0
5,GraphSAGE,450.0,140,0,0
5,GraphSAGE,450.0,141,0,0
5,GraphSAGE,450.0,142,0,0
5,GraphSAGE,450.0,143,0,0
5,GraphSAGE,450.0,144,0,0
5,GraphSAGE,450.0,145,1,0
5,GraphSAGE,450.0,146,0,0
5,GraphSAGE,450.0,147,0,0
5,GraphSAGE,450.0,148,0,0
5,GraphSAGE,450.0,149,0,0
5,GraphSAGE,460.0,0,0,0
5,GraphSAGE,460.0,1,0,0
5,GraphSAGE,460.0,2,0,0
5,GraphSAGE,460.0,3,0,0
5,GraphSAGE,460.0,4,0,0
5,GraphSAGE,460.0,5,0,0
5,GraphSAGE,460.0,6,1,1
5,GraphSAGE,460.0,7,0,0
5,GraphSAGE,460.0,8,0,0
5,GraphSAGE,460.0,9,0,0
5,GraphSAGE,460.0,10,0,0
5,GraphSAGE,460.0,11,1,1
5,GraphSAGE,460.0,12,0,0
5,GraphSAGE,460.0,13,0,0
5,GraphSAGE,460.0,14,0,0
5,GraphSAGE,460.0,15,0,0
5,GraphSAGE,460.0,16,0,0
5,GraphSAGE,460.0,17,0,0
5,GraphSAGE,460.0,18,0,0
5,GraphSAGE,460.0,19,0,0
5,GraphSAGE,460.0,20,0,0
5,GraphSAGE,460.0,21,0,0
5,GraphSAGE,460.0,22,0,0
5,GraphSAGE,460.0,23,0,0
5,GraphSAGE,460.0,24,0,0
5,GraphSAGE,460.0,25,0,0
5,GraphSAGE,460.0,26,0,0
5,GraphSAGE,460.0,27,0,0
5,GraphSAGE,460.0,28,0,0
5,GraphSAGE,460.0,29,0,0
5,GraphSAGE,460.0,30,0,0
5,GraphSAGE,460.0,31,0,0
5,GraphSAGE,460.0,32,0,0
5,GraphSAGE,460.0,33,1,1
5,GraphSAGE,460.0,34,0,0
5,GraphSAGE,460.0,35,0,0
5,GraphSAGE,460.0,36,0,0
5,GraphSAGE,460.0,37,0,0
5,GraphSAGE,460.0,38,0,0
5,GraphSAGE,460.0,39,0,0
5,GraphSAGE,460.0,40,0,0
5,GraphSAGE,460.0,41,0,0
5,GraphSAGE,460.0,42,0,0
5,GraphSAGE,460.0,43,1,1
5,GraphSAGE,460.0,44,0,0
5,GraphSAGE,460.0,45,0,0
5,GraphSAGE,460.0,46,0,0
5,GraphSAGE,460.0,47,0,0
5,GraphSAGE,460.0,48,0,0
5,GraphSAGE,460.0,49,0,0
5,GraphSAGE,460.0,50,0,0
5,GraphSAGE,460.0,51,0,0
5,GraphSAGE,460.0,52,0,0
5,GraphSAGE,460.0,53,1,1
5,GraphSAGE,460.0,54,0,0
5,GraphSAGE,460.0,55,0,0
5,GraphSAGE,460.0,56,0,0
5,GraphSAGE,460.0,57,0,0
5,GraphSAGE,460.0,58,0,0
5,GraphSAGE,460.0,59,0,0
5,GraphSAGE,460.0,60,1,1
5,GraphSAGE,460.0,61,1,1
5,GraphSAGE,460.0,62,0,0
5,GraphSAGE,460.0,63,0,0
5,GraphSAGE,460.0,64,0,0
5,GraphSAGE,460.0,65,0,0
5,GraphSAGE,460.0,66,0,0
5,GraphSAGE,460.0,67,0,0
5,GraphSAGE,460.0,68,0,0
5,GraphSAGE,460.0,69,0,0
5,GraphSAGE,460.0,70,0,0
5,GraphSAGE,460.0,71,0,0
5,GraphSAGE,460.0,72,0,0
5,GraphSAGE,460.0,73,0,0
5,GraphSAGE,460.0,74,0,0
5,GraphSAGE,460.0,75,0,0
5,GraphSAGE,460.0,76,0,0
5,GraphSAGE,460.0,77,0,0
5,GraphSAGE,460.0,78,0,0
5,GraphSAGE,460.0,79,0,0
5,GraphSAGE,460.0,80,0,0
5,GraphSAGE,460.0,81,0,0
5,GraphSAGE,460.0,82,0,0
5,GraphSAGE,460.0,83,0,0
5,GraphSAGE,460.0,84,0,0
5,GraphSAGE,460.0,85,0,0
5,GraphSAGE,460.0,86,0,0
5,GraphSAGE,460.0,87,0,0
5,GraphSAGE,460.0,88,0,0
5,GraphSAGE,460.0,89,0,0
5,GraphSAGE,460.0,90,0,0
5,GraphSAGE,460.0,91,0,0
5,GraphSAGE,460.0,92,0,0
5,GraphSAGE,460.0,93,0,0
5,GraphSAGE,460.0,94,0,0
5,GraphSAGE,460.0,95,0,0
5,GraphSAGE,460.0,96,0,0
5,GraphSAGE,460.0,97,0,0
5,GraphSAGE,460.0,98,0,0
5,GraphSAGE,460.0,99,0,0
5,GraphSAGE,460.0,100,1,1
5,GraphSAGE,460.0,101,1,1
5,GraphSAGE,460.0,102,0,0
5,GraphSAGE,460.0,103,0,0
5,GraphSAGE,460.0,104,1,1
5,GraphSAGE,460.0,105,1,1
5,GraphSAGE,460.0,106,0,0
5,GraphSAGE,460.0,107,0,0
5,GraphSAGE,460.0,108,0,0
5,GraphSAGE,460.0,109,0,0
5,GraphSAGE,460.0,110,0,0
5,GraphSAGE,460.0,111,1,1
5,GraphSAGE,460.0,112,0,0
5,GraphSAGE,460.0,113,0,0
5,GraphSAGE,460.0,114,0,0
5,GraphSAGE,460.0,115,0,0
5,GraphSAGE,460.0,116,0,0
5,GraphSAGE,460.0,117,1,0
5,GraphSAGE,460.0,118,0,0
5,GraphSAGE,460.0,119,0,0
5,GraphSAGE,460.0,120,0,0
5,GraphSAGE,460.0,121,0,0
5,GraphSAGE,460.0,122,0,0
5,GraphSAGE,460.0,123,0,0
5,GraphSAGE,460.0,124,0,0
5,GraphSAGE,460.0,125,0,0
5,GraphSAGE,460.0,126,0,0
5,GraphSAGE,460.0,127,0,0
5,GraphSAGE,460.0,128,0,0
5,GraphSAGE,460.0,129,1,0
5,GraphSAGE,460.0,130,0,0
5,GraphSAGE,460.0,131,0,0
5,GraphSAGE,460.0,132,0,0
5,GraphSAGE,460.0,133,0,0
5,GraphSAGE,460.0,134,1,1
5,GraphSAGE,460.0,135,0,0
5,GraphSAGE,460.0,136,0,0
5,GraphSAGE,460.0,137,0,0
5,GraphSAGE,460.0,138,0,0
5,GraphSAGE,460.0,139,0,0
5,GraphSAGE,460.0,140,0,0
5,GraphSAGE,460.0,141,0,1
5,GraphSAGE,460.0,142,0,0
5,GraphSAGE,460.0,143,0,0
5,GraphSAGE,460.0,144,0,0
5,GraphSAGE,460.0,145,1,1
5,GraphSAGE,460.0,146,0,0
5,GraphSAGE,460.0,147,0,0
5,GraphSAGE,460.0,148,0,0
5,GraphSAGE,460.0,149,0,0
5,GraphSAGE,470.0,0,0,0
5,GraphSAGE,470.0,1,0,0
5,GraphSAGE,470.0,2,0,0
5,GraphSAGE,470.0,3,0,0
5,GraphSAGE,470.0,4,0,0
5,GraphSAGE,470.0,5,0,0
5,GraphSAGE,470.0,6,1,1
5,GraphSAGE,470.0,7,0,0
5,GraphSAGE,470.0,8,0,0
5,GraphSAGE,470.0,9,0,0
5,GraphSAGE,470.0,10,0,0
5,GraphSAGE,470.0,11,1,1
5,GraphSAGE,470.0,12,0,0
5,GraphSAGE,470.0,13,0,0
5,GraphSAGE,470.0,14,0,0
5,GraphSAGE,470.0,15,0,0
5,GraphSAGE,470.0,16,0,0
5,GraphSAGE,470.0,17,0,0
5,GraphSAGE,470.0,18,0,0
5,GraphSAGE,470.0,19,0,0
5,GraphSAGE,470.0,20,0,0
5,GraphSAGE,470.0,21,0,0
5,GraphSAGE,470.0,22,0,0
5,GraphSAGE,470.0,23,0,0
5,GraphSAGE,470.0,24,0,0
5,GraphSAGE,470.0,25,0,0
5,GraphSAGE,470.0,26,0,0
5,GraphSAGE,470.0,27,0,0
5,GraphSAGE,470.0,28,0,0
5,GraphSAGE,470.0,29,0,0
5,GraphSAGE,470.0,30,0,0
5,GraphSAGE,470.0,31,0,0
5,GraphSAGE,470.0,32,0,0
5,GraphSAGE,470.0,33,1,1
5,GraphSAGE,470.0,34,0,0
5,GraphSAGE,470.0,35,0,0
5,GraphSAGE,470.0,36,0,0
5,GraphSAGE,470.0,37,0,0
5,GraphSAGE,470.0,38,0,0
5,GraphSAGE,470.0,39,0,0
5,GraphSAGE,470.0,40,0,0
5,GraphSAGE,470.0,41,0,0
5,GraphSAGE,470.0,42,0,0
5,GraphSAGE,470.0,43,1,0
5,GraphSAGE,470.0,44,0,0
5,GraphSAGE,470.0,45,0,0
5,GraphSAGE,470.0,46,0,0
5,GraphSAGE,470.0,47,0,0
5,GraphSAGE,470.0,48,0,0
5,GraphSAGE,470.0,49,0,0
5,GraphSAGE,470.0,50,0,0
5,GraphSAGE,470.0,51,0,0
5,GraphSAGE,470.0,52,0,0
5,GraphSAGE,470.0,53,1,1
5,GraphSAGE,470.0,54,0,0
5,GraphSAGE,470.0,55,0,0
5,GraphSAGE,470.0,56,0,0
5,GraphSAGE,470.0,57,0,0
5,GraphSAGE,470.0,58,0,0
5,GraphSAGE,470.0,59,0,0
5,GraphSAGE,470.0,60,1,1
5,GraphSAGE,470.0,61,1,1
5,GraphSAGE,470.0,62,0,0
5,GraphSAGE,470.0,63,0,0
5,GraphSAGE,470.0,64,0,0
5,GraphSAGE,470.0,65,0,0
5,GraphSAGE,470.0,66,0,0
5,GraphSAGE,470.0,67,0,0
5,GraphSAGE,470.0,68,0,0
5,GraphSAGE,470.0,69,0,0
5,GraphSAGE,470.0,70,0,0
5,GraphSAGE,470.0,71,0,0
5,GraphSAGE,470.0,72,0,0
5,GraphSAGE,470.0,73,0,0
5,GraphSAGE,470.0,74,0,0
5,GraphSAGE,470.0,75,0,0
5,GraphSAGE,470.0,76,0,0
5,GraphSAGE,470.0,77,0,0
5,GraphSAGE,470.0,78,0,0
5,GraphSAGE,470.0,79,0,0
5,GraphSAGE,470.0,80,0,0
5,GraphSAGE,470.0,81,0,0
5,GraphSAGE,470.0,82,0,0
5,GraphSAGE,470.0,83,0,0
5,GraphSAGE,470.0,84,0,0
5,GraphSAGE,470.0,85,0,0
5,GraphSAGE,470.0,86,0,0
5,GraphSAGE,470.0,87,0,0
5,GraphSAGE,470.0,88,0,0
5,GraphSAGE,470.0,89,0,0
5,GraphSAGE,470.0,90,0,0
5,GraphSAGE,470.0,91,0,0
5,GraphSAGE,470.0,92,0,0
5,GraphSAGE,470.0,93,0,0
5,GraphSAGE,470.0,94,0,0
5,GraphSAGE,470.0,95,0,0
5,GraphSAGE,470.0,96,0,0
5,GraphSAGE,470.0,97,0,0
5,GraphSAGE,470.0,98,0,0
5,GraphSAGE,470.0,99,0,0
5,GraphSAGE,470.0,100,1,1
5,GraphSAGE,470.0,101,1,1
5,GraphSAGE,470.0,102,0,0
5,GraphSAGE,470.0,103,0,0
5,GraphSAGE,470.0,104,1,1
5,GraphSAGE,470.0,105,1,0
5,GraphSAGE,470.0,106,0,0
5,GraphSAGE,470.0,107,0,0
5,GraphSAGE,470.0,108,0,0
5,GraphSAGE,470.0,109,0,0
5,GraphSAGE,470.0,110,0,0
5,GraphSAGE,470.0,111,1,0
5,GraphSAGE,470.0,112,0,0
5,GraphSAGE,470.0,113,0,0
5,GraphSAGE,470.0,114,0,0
5,GraphSAGE,470.0,115,0,0
5,GraphSAGE,470.0,116,0,0
5,GraphSAGE,470.0,117,1,0
5,GraphSAGE,470.0,118,0,0
5,GraphSAGE,470.0,119,0,0
5,GraphSAGE,470.0,120,0,0
5,GraphSAGE,470.0,121,0,0
5,GraphSAGE,470.0,122,0,0
5,GraphSAGE,470.0,123,0,0
5,GraphSAGE,470.0,124,0,0
5,GraphSAGE,470.0,125,0,0
5,GraphSAGE,470.0,126,0,0
5,GraphSAGE,470.0,127,0,0
5,GraphSAGE,470.0,128,0,0
5,GraphSAGE,470.0,129,1,0
5,GraphSAGE,470.0,130,0,0
5,GraphSAGE,470.0,131,0,0
5,GraphSAGE,470.0,132,0,0
5,GraphSAGE,470.0,133,0,0
5,GraphSAGE,470.0,134,1,1
5,GraphSAGE,470.0,135,0,0
5,GraphSAGE,470.0,136,0,0
5,GraphSAGE,470.0,137,0,0
5,GraphSAGE,470.0,138,0,0
5,GraphSAGE,470.0,139,0,0
5,GraphSAGE,470.0,140,0,0
5,GraphSAGE,470.0,141,0,0
5,GraphSAGE,470.0,142,0,0
5,GraphSAGE,470.0,143,0,0
5,GraphSAGE,470.0,144,0,0
5,GraphSAGE,470.0,145,1,0
5,GraphSAGE,470.0,146,0,0
5,GraphSAGE,470.0,147,0,0
5,GraphSAGE,470.0,148,0,0
5,GraphSAGE,470.0,149,0,0
5,GraphSAGE,480.0,0,0,0
5,GraphSAGE,480.0,1,0,0
5,GraphSAGE,480.0,2,0,0
5,GraphSAGE,480.0,3,0,0
5,GraphSAGE,480.0,4,0,0
5,GraphSAGE,480.0,5,0,0
5,GraphSAGE,480.0,6,1,1
5,GraphSAGE,480.0,7,0,0
5,GraphSAGE,480.0,8,0,0
5,GraphSAGE,480.0,9,0,0
5,GraphSAGE,480.0,10,0,0
5,GraphSAGE,480.0,11,1,1
5,GraphSAGE,480.0,12,0,0
5,GraphSAGE,480.0,13,0,0
5,GraphSAGE,480.0,14,0,0
5,GraphSAGE,480.0,15,0,0
5,GraphSAGE,480.0,16,0,0
5,GraphSAGE,480.0,17,0,0
5,GraphSAGE,480.0,18,0,0
5,GraphSAGE,480.0,19,0,0
5,GraphSAGE,480.0,20,0,0
5,GraphSAGE,480.0,21,0,0
5,GraphSAGE,480.0,22,0,0
5,GraphSAGE,480.0,23,0,0
5,GraphSAGE,480.0,24,0,0
5,GraphSAGE,480.0,25,0,0
5,GraphSAGE,480.0,26,0,0
5,GraphSAGE,480.0,27,0,0
5,GraphSAGE,480.0,28,0,0
5,GraphSAGE,480.0,29,0,0
5,GraphSAGE,480.0,30,0,0
5,GraphSAGE,480.0,31,0,0
5,GraphSAGE,480.0,32,0,0
5,GraphSAGE,480.0,33,1,1
5,GraphSAGE,480.0,34,0,0
5,GraphSAGE,480.0,35,0,0
5,GraphSAGE,480.0,36,0,0
5,GraphSAGE,480.0,37,0,0
5,GraphSAGE,480.0,38,0,0
5,GraphSAGE,480.0,39,0,0
5,GraphSAGE,480.0,40,0,0
5,GraphSAGE,480.0,41,0,0
5,GraphSAGE,480.0,42,0,0
5,GraphSAGE,480.0,43,1,1
5,GraphSAGE,480.0,44,0,0
5,GraphSAGE,480.0,45,0,0
5,GraphSAGE,480.0,46,0,0
5,GraphSAGE,480.0,47,0,0
5,GraphSAGE,480.0,48,0,0
5,GraphSAGE,480.0,49,0,0
5,GraphSAGE,480.0,50,0,0
5,GraphSAGE,480.0,51,0,0
5,GraphSAGE,480.0,52,0,0
5,GraphSAGE,480.0,53,1,1
5,GraphSAGE,480.0,54,0,0
5,GraphSAGE,480.0,55,0,0
5,GraphSAGE,480.0,56,0,0
5,GraphSAGE,480.0,57,0,0
5,GraphSAGE,480.0,58,0,0
5,GraphSAGE,480.0,59,0,0
5,GraphSAGE,480.0,60,1,1
5,GraphSAGE,480.0,61,1,1
5,GraphSAGE,480.0,62,0,0
5,GraphSAGE,480.0,63,0,0
5,GraphSAGE,480.0,64,0,0
5,GraphSAGE,480.0,65,0,0
5,GraphSAGE,480.0,66,0,0
5,GraphSAGE,480.0,67,0,0
5,GraphSAGE,480.0,68,0,0
5,GraphSAGE,480.0,69,0,0
5,GraphSAGE,480.0,70,0,0
5,GraphSAGE,480.0,71,0,0
5,GraphSAGE,480.0,72,0,0
5,GraphSAGE,480.0,73,0,0
5,GraphSAGE,480.0,74,0,0
5,GraphSAGE,480.0,75,0,0
5,GraphSAGE,480.0,76,0,0
5,GraphSAGE,480.0,77,0,0
5,GraphSAGE,480.0,78,0,0
5,GraphSAGE,480.0,79,0,0
5,GraphSAGE,480.0,80,0,0
5,GraphSAGE,480.0,81,0,0
5,GraphSAGE,480.0,82,0,0
5,GraphSAGE,480.0,83,0,0
5,GraphSAGE,480.0,84,0,0
5,GraphSAGE,480.0,85,0,0
5,GraphSAGE,480.0,86,0,0
5,GraphSAGE,480.0,87,0,0
5,GraphSAGE,480.0,88,0,0
5,GraphSAGE,480.0,89,0,0
5,GraphSAGE,480.0,90,0,0
5,GraphSAGE,480.0,91,0,0
5,GraphSAGE,480.0,92,0,0
5,GraphSAGE,480.0,93,0,0
5,GraphSAGE,480.0,94,0,0
5,GraphSAGE,480.0,95,0,0
5,GraphSAGE,480.0,96,0,0
5,GraphSAGE,480.0,97,0,0
5,GraphSAGE,480.0,98,0,0
5,GraphSAGE,480.0,99,0,0
5,GraphSAGE,480.0,100,1,1
5,GraphSAGE,480.0,101,1,1
5,GraphSAGE,480.0,102,0,0
5,GraphSAGE,480.0,103,0,0
5,GraphSAGE,480.0,104,1,0
5,GraphSAGE,480.0,105,1,1
5,GraphSAGE,480.0,106,0,0
5,GraphSAGE,480.0,107,0,0
5,GraphSAGE,480.0,108,0,0
5,GraphSAGE,480.0,109,0,0
5,GraphSAGE,480.0,110,0,0
5,GraphSAGE,480.0,111,1,1
5,GraphSAGE,480.0,112,0,0
5,GraphSAGE,480.0,113,0,0
5,GraphSAGE,480.0,114,0,0
5,GraphSAGE,480.0,115,0,0
5,GraphSAGE,480.0,116,0,0
5,GraphSAGE,480.0,117,1,0
5,GraphSAGE,480.0,118,0,0
5,GraphSAGE,480.0,119,0,0
5,GraphSAGE,480.0,120,0,0
5,GraphSAGE,480.0,121,0,0
5,GraphSAGE,480.0,122,0,0
5,GraphSAGE,480.0,123,0,0
5,GraphSAGE,480.0,124,0,0
5,GraphSAGE,480.0,125,0,0
5,GraphSAGE,480.0,126,0,0
5,GraphSAGE,480.0,127,0,0
5,GraphSAGE,480.0,128,0,0
5,GraphSAGE,480.0,129,1,1
5,GraphSAGE,480.0,130,0,0
5,GraphSAGE,480.0,131,0,0
5,GraphSAGE,480.0,132,0,0
5,GraphSAGE,480.0,133,0,0
5,GraphSAGE,480.0,134,1,1
5,GraphSAGE,480.0,135,0,0
5,GraphSAGE,480.0,136,0,0
5,GraphSAGE,480.0,137,0,0
5,GraphSAGE,480.0,138,0,0
5,GraphSAGE,480.0,139,0,0
5,GraphSAGE,480.0,140,0,0
5,GraphSAGE,480.0,141,0,0
5,GraphSAGE,480.0,142,0,0
5,GraphSAGE,480.0,143,0,0
5,GraphSAGE,480.0,144,0,0
5,GraphSAGE,480.0,145,1,1
5,GraphSAGE,480.0,146,0,0
5,GraphSAGE,480.0,147,0,0
5,GraphSAGE,480.0,148,0,0
5,GraphSAGE,480.0,149,0,0
5,GraphSAGE,490.0,0,0,0
5,GraphSAGE,490.0,1,0,0
5,GraphSAGE,490.0,2,0,0
5,GraphSAGE,490.0,3,0,0
5,GraphSAGE,490.0,4,0,0
5,GraphSAGE,490.0,5,0,0
5,GraphSAGE,490.0,6,1,1
5,GraphSAGE,490.0,7,0,0
5,GraphSAGE,490.0,8,0,0
5,GraphSAGE,490.0,9,0,0
5,GraphSAGE,490.0,10,0,0
5,GraphSAGE,490.0,11,1,1
5,GraphSAGE,490.0,12,0,0
5,GraphSAGE,490.0,13,0,0
5,GraphSAGE,490.0,14,0,0
5,GraphSAGE,490.0,15,0,0
5,GraphSAGE,490.0,16,0,0
5,GraphSAGE,490.0,17,0,0
5,GraphSAGE,490.0,18,0,0
5,GraphSAGE,490.0,19,0,0
5,GraphSAGE,490.0,20,0,0
5,GraphSAGE,490.0,21,0,0
5,GraphSAGE,490.0,22,0,0
5,GraphSAGE,490.0,23,0,0
5,GraphSAGE,490.0,24,0,0
5,GraphSAGE,490.0,25,0,0
5,GraphSAGE,490.0,26,0,0
5,GraphSAGE,490.0,27,0,0
5,GraphSAGE,490.0,28,0,0
5,GraphSAGE,490.0,29,0,0
5,GraphSAGE,490.0,30,0,0
5,GraphSAGE,490.0,31,0,0
5,GraphSAGE,490.0,32,0,0
5,GraphSAGE,490.0,33,1,1
5,GraphSAGE,490.0,34,0,0
5,GraphSAGE,490.0,35,0,0
5,GraphSAGE,490.0,36,0,0
5,GraphSAGE,490.0,37,0,0
5,GraphSAGE,490.0,38,0,0
5,GraphSAGE,490.0,39,0,0
5,GraphSAGE,490.0,40,0,0
5,GraphSAGE,490.0,41,0,0
5,GraphSAGE,490.0,42,0,0
5,GraphSAGE,490.0,43,1,0
5,GraphSAGE,490.0,44,0,0
5,GraphSAGE,490.0,45,0,0
5,GraphSAGE,490.0,46,0,0
5,GraphSAGE,490.0,47,0,0
5,GraphSAGE,490.0,48,0,0
5,GraphSAGE,490.0,49,0,0
5,GraphSAGE,490.0,50,0,0
5,GraphSAGE,490.0,51,0,0
5,GraphSAGE,490.0,52,0,0
5,GraphSAGE,490.0,53,1,0
5,GraphSAGE,490.0,54,0,0
5,GraphSAGE,490.0,55,0,0
5,GraphSAGE,490.0,56,0,0
5,GraphSAGE,490.0,57,0,0
5,GraphSAGE,490.0,58,0,0
5,GraphSAGE,490.0,59,0,0
5,GraphSAGE,490.0,60,1,1
5,GraphSAGE,490.0,61,1,1
5,GraphSAGE,490.0,62,0,0
5,GraphSAGE,490.0,63,0,0
5,GraphSAGE,490.0,64,0,0
5,GraphSAGE,490.0,65,0,0
5,GraphSAGE,490.0,66,0,0
5,GraphSAGE,490.0,67,0,0
5,GraphSAGE,490.0,68,0,0
5,GraphSAGE,490.0,69,0,0
5,GraphSAGE,490.0,70,0,0
5,GraphSAGE,490.0,71,0,0
5,GraphSAGE,490.0,72,0,0
5,GraphSAGE,490.0,73,0,0
5,GraphSAGE,490.0,74,0,0
5,GraphSAGE,490.0,75,0,0
5,GraphSAGE,490.0,76,0,0
5,GraphSAGE,490.0,77,0,0
5,GraphSAGE,490.0,78,0,0
5,GraphSAGE,490.0,79,0,0
5,GraphSAGE,490.0,80,0,0
5,GraphSAGE,490.0,81,0,0
5,GraphSAGE,490.0,82,0,0
5,GraphSAGE,490.0,83,0,0
5,GraphSAGE,490.0,84,0,0
5,GraphSAGE,490.0,85,0,0
5,GraphSAGE,490.0,86,0,0
5,GraphSAGE,490.0,87,0,0
5,GraphSAGE,490.0,88,0,0
5,GraphSAGE,490.0,89,0,0
5,GraphSAGE,490.0,90,0,0
5,GraphSAGE,490.0,91,0,0
5,GraphSAGE,490.0,92,0,0
5,GraphSAGE,490.0,93,0,0
5,GraphSAGE,490.0,94,0,0
5,GraphSAGE,490.0,95,0,0
5,GraphSAGE,490.0,96,0,0
5,GraphSAGE,490.0,97,0,0
5,GraphSAGE,490.0,98,0,0
5,GraphSAGE,490.0,99,0,0
5,GraphSAGE,490.0,100,1,1
5,GraphSAGE,490.0,101,1,1
5,GraphSAGE,490.0,102,0,0
5,GraphSAGE,490.0,103,0,0
5,GraphSAGE,490.0,104,1,1
5,GraphSAGE,490.0,105,1,1
5,GraphSAGE,490.0,106,0,0
5,GraphSAGE,490.0,107,0,0
5,GraphSAGE,490.0,108,0,0
5,GraphSAGE,490.0,109,0,0
5,GraphSAGE,490.0,110,0,0
5,GraphSAGE,490.0,111,1,1
5,GraphSAGE,490.0,112,0,0
5,GraphSAGE,490.0,113,0,0
5,GraphSAGE,490.0,114,0,0
5,GraphSAGE,490.0,115,0,0
5,GraphSAGE,490.0,116,0,0
5,GraphSAGE,490.0,117,1,1
5,GraphSAGE,490.0,118,0,0
5,GraphSAGE,490.0,119,0,0
5,GraphSAGE,490.0,120,0,0
5,GraphSAGE,490.0,121,0,0
5,GraphSAGE,490.0,122,0,0
5,GraphSAGE,490.0,123,0,0
5,GraphSAGE,490.0,124,0,0
5,GraphSAGE,490.0,125,0,0
5,GraphSAGE,490.0,126,0,0
5,GraphSAGE,490.0,127,0,0
5,GraphSAGE,490.0,128,0,0
5,GraphSAGE,490.0,129,1,1
5,GraphSAGE,490.0,130,0,0
5,GraphSAGE,490.0,131,0,0
5,GraphSAGE,490.0,132,0,0
5,GraphSAGE,490.0,133,0,0
5,GraphSAGE,490.0,134,1,0
5,GraphSAGE,490.0,135,0,0
5,GraphSAGE,490.0,136,0,0
5,GraphSAGE,490.0,137,0,0
5,GraphSAGE,490.0,138,0,0
5,GraphSAGE,490.0,139,0,0
5,GraphSAGE,490.0,140,0,0
5,GraphSAGE,490.0,141,0,0
5,GraphSAGE,490.0,142,0,0
5,GraphSAGE,490.0,143,0,0
5,GraphSAGE,490.0,144,0,0
5,GraphSAGE,490.0,145,1,1
5,GraphSAGE,490.0,146,0,1
5,GraphSAGE,490.0,147,0,0
5,GraphSAGE,490.0,148,0,0
5,GraphSAGE,490.0,149,0,0
5,GraphSAGE,500.0,0,0,0
5,GraphSAGE,500.0,1,0,0
5,GraphSAGE,500.0,2,0,0
5,GraphSAGE,500.0,3,0,0
5,GraphSAGE,500.0,4,0,0
5,GraphSAGE,500.0,5,0,0
5,GraphSAGE,500.0,6,1,1
5,GraphSAGE,500.0,7,0,0
5,GraphSAGE,500.0,8,0,0
5,GraphSAGE,500.0,9,0,0
5,GraphSAGE,500.0,10,0,0
5,GraphSAGE,500.0,11,1,1
5,GraphSAGE,500.0,12,0,0
5,GraphSAGE,500.0,13,0,0
5,GraphSAGE,500.0,14,0,0
5,GraphSAGE,500.0,15,0,0
5,GraphSAGE,500.0,16,0,0
5,GraphSAGE,500.0,17,0,0
5,GraphSAGE,500.0,18,0,0
5,GraphSAGE,500.0,19,0,0
5,GraphSAGE,500.0,20,0,0
5,GraphSAGE,500.0,21,0,0
5,GraphSAGE,500.0,22,0,0
5,GraphSAGE,500.0,23,0,0
5,GraphSAGE,500.0,24,0,0
5,GraphSAGE,500.0,25,0,0
5,GraphSAGE,500.0,26,0,0
5,GraphSAGE,500.0,27,0,0
5,GraphSAGE,500.0,28,0,0
5,GraphSAGE,500.0,29,0,0
5,GraphSAGE,500.0,30,0,0
5,GraphSAGE,500.0,31,0,0
5,GraphSAGE,500.0,32,0,0
5,GraphSAGE,500.0,33,1,1
5,GraphSAGE,500.0,34,0,0
5,GraphSAGE,500.0,35,0,0
5,GraphSAGE,500.0,36,0,0
5,GraphSAGE,500.0,37,0,0
5,GraphSAGE,500.0,38,0,0
5,GraphSAGE,500.0,39,0,0
5,GraphSAGE,500.0,40,0,0
5,GraphSAGE,500.0,41,0,0
5,GraphSAGE,500.0,42,0,0
5,GraphSAGE,500.0,43,1,0
5,GraphSAGE,500.0,44,0,0
5,GraphSAGE,500.0,45,0,0
5,GraphSAGE,500.0,46,0,0
5,GraphSAGE,500.0,47,0,0
5,GraphSAGE,500.0,48,0,0
5,GraphSAGE,500.0,49,0,0
5,GraphSAGE,500.0,50,0,0
5,GraphSAGE,500.0,51,0,0
5,GraphSAGE,500.0,52,0,0
5,GraphSAGE,500.0,53,1,1
5,GraphSAGE,500.0,54,0,0
5,GraphSAGE,500.0,55,0,0
5,GraphSAGE,500.0,56,0,0
5,GraphSAGE,500.0,57,0,0
5,GraphSAGE,500.0,58,0,0
5,GraphSAGE,500.0,59,0,0
5,GraphSAGE,500.0,60,1,1
5,GraphSAGE,500.0,61,1,1
5,GraphSAGE,500.0,62,0,0
5,GraphSAGE,500.0,63,0,0
5,GraphSAGE,500.0,64,0,0
5,GraphSAGE,500.0,65,0,0
5,GraphSAGE,500.0,66,0,0
5,GraphSAGE,500.0,67,0,0
5,GraphSAGE,500.0,68,0,0
5,GraphSAGE,500.0,69,0,0
5,GraphSAGE,500.0,70,0,0
5,GraphSAGE,500.0,71,0,0
5,GraphSAGE,500.0,72,0,0
5,GraphSAGE,500.0,73,0,0
5,GraphSAGE,500.0,74,0,0
5,GraphSAGE,500.0,75,0,0
5,GraphSAGE,500.0,76,0,0
5,GraphSAGE,500.0,77,0,0
5,GraphSAGE,500.0,78,0,0
5,GraphSAGE,500.0,79,0,0
5,GraphSAGE,500.0,80,0,0
5,GraphSAGE,500.0,81,0,0
5,GraphSAGE,500.0,82,0,0
5,GraphSAGE,500.0,83,0,0
5,GraphSAGE,500.0,84,0,0
5,GraphSAGE,500.0,85,0,0
5,GraphSAGE,500.0,86,0,0
5,GraphSAGE,500.0,87,0,0
5,GraphSAGE,500.0,88,0,0
5,GraphSAGE,500.0,89,0,0
5,GraphSAGE,500.0,90,0,0
5,GraphSAGE,500.0,91,0,0
5,GraphSAGE,500.0,92,0,0
5,GraphSAGE,500.0,93,0,0
5,GraphSAGE,500.0,94,0,0
5,GraphSAGE,500.0,95,0,0
5,GraphSAGE,500.0,96,0,0
5,GraphSAGE,500.0,97,0,0
5,GraphSAGE,500.0,98,0,0
5,GraphSAGE,500.0,99,0,0
5,GraphSAGE,500.0,100,1,1
5,GraphSAGE,500.0,101,1,1
5,GraphSAGE,500.0,102,0,0
5,GraphSAGE,500.0,103,0,0
5,GraphSAGE,500.0,104,1,1
5,GraphSAGE,500.0,105,1,1
5,GraphSAGE,500.0,106,0,0
5,GraphSAGE,500.0,107,0,0
5,GraphSAGE,500.0,108,0,0
5,GraphSAGE,500.0,109,0,0
5,GraphSAGE,500.0,110,0,0
5,GraphSAGE,500.0,111,1,0
5,GraphSAGE,500.0,112,0,0
5,GraphSAGE,500.0,113,0,0
5,GraphSAGE,500.0,114,0,0
5,GraphSAGE,500.0,115,0,0
5,GraphSAGE,500.0,116,0,0
5,GraphSAGE,500.0,117,1,0
5,GraphSAGE,500.0,118,0,0
5,GraphSAGE,500.0,119,0,0
5,GraphSAGE,500.0,120,0,0
5,GraphSAGE,500.0,121,0,0
5,GraphSAGE,500.0,122,0,0
5,GraphSAGE,500.0,123,0,0
5,GraphSAGE,500.0,124,0,0
5,GraphSAGE,500.0,125,0,0
5,GraphSAGE,500.0,126,0,0
5,GraphSAGE,500.0,127,0,0
5,GraphSAGE,500.0,128,0,0
5,GraphSAGE,500.0,129,1,1
5,GraphSAGE,500.0,130,0,0
5,GraphSAGE,500.0,131,0,0
5,GraphSAGE,500.0,132,0,0
5,GraphSAGE,500.0,133,0,0
5,GraphSAGE,500.0,134,1,1
5,GraphSAGE,500.0,135,0,0
5,GraphSAGE,500.0,136,0,0
5,GraphSAGE,500.0,137,0,0
5,GraphSAGE,500.0,138,0,0
5,GraphSAGE,500.0,139,0,0
5,GraphSAGE,500.0,140,0,0
5,GraphSAGE,500.0,141,0,0
5,GraphSAGE,500.0,142,0,0
5,GraphSAGE,500.0,143,0,0
5,GraphSAGE,500.0,144,0,0
5,GraphSAGE,500.0,145,1,1
5,GraphSAGE,500.0,146,0,0
5,GraphSAGE,500.0,147,0,0
5,GraphSAGE,500.0,148,0,0
5,GraphSAGE,500.0,149,0,0
5,GAT,350.0,0,0,0
5,GAT,350.0,1,0,0
5,GAT,350.0,2,0,0
5,GAT,350.0,3,0,0
5,GAT,350.0,4,0,0
5,GAT,350.0,5,0,0
5,GAT,350.0,6,1,1
5,GAT,350.0,7,0,0
5,GAT,350.0,8,0,0
5,GAT,350.0,9,0,0
5,GAT,350.0,10,0,0
5,GAT,350.0,11,1,0
5,GAT,350.0,12,0,0
5,GAT,350.0,13,0,0
5,GAT,350.0,14,0,0
5,GAT,350.0,15,0,0
5,GAT,350.0,16,0,0
5,GAT,350.0,17,0,0
5,GAT,350.0,18,0,0
5,GAT,350.0,19,0,0
5,GAT,350.0,20,0,0
5,GAT,350.0,21,0,0
5,GAT,350.0,22,0,0
5,GAT,350.0,23,0,0
5,GAT,350.0,24,0,0
5,GAT,350.0,25,0,0
5,GAT,350.0,26,0,0
5,GAT,350.0,27,0,0
5,GAT,350.0,28,0,0
5,GAT,350.0,29,0,0
5,GAT,350.0,30,0,0
5,GAT,350.0,31,0,0
5,GAT,350.0,32,0,0
5,GAT,350.0,33,1,0
5,GAT,350.0,34,0,0
5,GAT,350.0,35,0,0
5,GAT,350.0,36,0,0
5,GAT,350.0,37,0,0
5,GAT,350.0,38,0,0
5,GAT,350.0,39,0,0
5,GAT,350.0,40,0,0
5,GAT,350.0,41,0,0
5,GAT,350.0,42,0,0
5,GAT,350.0,43,1,1
5,GAT,350.0,44,0,0
5,GAT,350.0,45,0,0
5,GAT,350.0,46,0,0
5,GAT,350.0,47,0,0
5,GAT,350.0,48,0,0
5,GAT,350.0,49,0,0
5,GAT,350.0,50,0,0
5,GAT,350.0,51,0,0
5,GAT,350.0,52,0,0
5,GAT,350.0,53,1,1
5,GAT,350.0,54,0,0
5,GAT,350.0,55,0,0
5,GAT,350.0,56,0,0
5,GAT,350.0,57,0,0
5,GAT,350.0,58,0,0
5,GAT,350.0,59,0,0
5,GAT,350.0,60,1,0
5,GAT,350.0,61,1,0
5,GAT,350.0,62,0,0
5,GAT,350.0,63,0,0
5,GAT,350.0,64,0,0
5,GAT,350.0,65,0,0
5,GAT,350.0,66,0,0
5,GAT,350.0,67,0,0
5,GAT,350.0,68,0,0
5,GAT,350.0,69,0,0
5,GAT,350.0,70,0,0
5,GAT,350.0,71,0,0
5,GAT,350.0,72,0,0
5,GAT,350.0,73,0,0
5,GAT,350.0,74,0,0
5,GAT,350.0,75,0,0
5,GAT,350.0,76,0,0
5,GAT,350.0,77,0,0
5,GAT,350.0,78,0,0
5,GAT,350.0,79,0,0
5,GAT,350.0,80,0,0
5,GAT,350.0,81,0,0
5,GAT,350.0,82,0,0
5,GAT,350.0,83,0,0
5,GAT,350.0,84,0,0
5,GAT,350.0,85,0,0
5,GAT,350.0,86,0,0
5,GAT,350.0,87,0,0
5,GAT,350.0,88,0,0
5,GAT,350.0,89,0,0
5,GAT,350.0,90,0,0
5,GAT,350.0,91,0,0
5,GAT,350.0,92,0,0
5,GAT,350.0,93,0,0
5,GAT,350.0,94,0,0
5,GAT,350.0,95,0,0
5,GAT,350.0,96,0,0
5,GAT,350.0,97,0,0
5,GAT,350.0,98,0,0
5,GAT,350.0,99,0,0
5,GAT,350.0,100,1,0
5,GAT,350.0,101,1,0
5,GAT,350.0,102,0,0
5,GAT,350.0,103,0,0
5,GAT,350.0,104,1,0
5,GAT,350.0,105,1,1
5,GAT,350.0,106,0,0
5,GAT,350.0,107,0,0
5,GAT,350.0,108,0,0
5,GAT,350.0,109,0,0
5,GAT,350.0,110,0,0
5,GAT,350.0,111,1,0
5,GAT,350.0,112,0,0
5,GAT,350.0,113,0,0
5,GAT,350.0,114,0,0
5,GAT,350.0,115,0,0
5,GAT,350.0,116,0,0
5,GAT,350.0,117,1,0
5,GAT,350.0,118,0,0
5,GAT,350.0,119,0,0
5,GAT,350.0,120,0,0
5,GAT,350.0,121,0,0
5,GAT,350.0,122,0,0
5,GAT,350.0,123,0,0
5,GAT,350.0,124,0,0
5,GAT,350.0,125,0,0
5,GAT,350.0,126,0,0
5,GAT,350.0,127,0,0
5,GAT,350.0,128,0,0
5,GAT,350.0,129,1,1
5,GAT,350.0,130,0,0
5,GAT,350.0,131,0,0
5,GAT,350.0,132,0,0
5,GAT,350.0,133,0,0
5,GAT,350.0,134,1,0
5,GAT,350.0,135,0,0
5,GAT,350.0,136,0,0
5,GAT,350.0,137,0,0
5,GAT,350.0,138,0,0
5,GAT,350.0,139,0,0
5,GAT,350.0,140,0,0
5,GAT,350.0,141,0,0
5,GAT,350.0,142,0,0
5,GAT,350.0,143,0,0
5,GAT,350.0,144,0,0
5,GAT,350.0,145,1,0
5,GAT,350.0,146,0,0
5,GAT,350.0,147,0,0
5,GAT,350.0,148,0,0
5,GAT,350.0,149,0,0
5,GAT,360.0,0,0,0
5,GAT,360.0,1,0,0
5,GAT,360.0,2,0,0
5,GAT,360.0,3,0,0
5,GAT,360.0,4,0,0
5,GAT,360.0,5,0,0
5,GAT,360.0,6,1,0
5,GAT,360.0,7,0,0
5,GAT,360.0,8,0,0
5,GAT,360.0,9,0,0
5,GAT,360.0,10,0,0
5,GAT,360.0,11,1,1
5,GAT,360.0,12,0,0
5,GAT,360.0,13,0,0
5,GAT,360.0,14,0,0
5,GAT,360.0,15,0,0
5,GAT,360.0,16,0,0
5,GAT,360.0,17,0,0
5,GAT,360.0,18,0,0
5,GAT,360.0,19,0,0
5,GAT,360.0,20,0,0
5,GAT,360.0,21,0,0
5,GAT,360.0,22,0,0
5,GAT,360.0,23,0,0
5,GAT,360.0,24,0,0
5,GAT,360.0,25,0,0
5,GAT,360.0,26,0,0
5,GAT,360.0,27,0,0
5,GAT,360.0,28,0,0
5,GAT,360.0,29,0,0
5,GAT,360.0,30,0,0
5,GAT,360.0,31,0,0
5,GAT,360.0,32,0,0
5,GAT,360.0,33,1,0
5,GAT,360.0,34,0,0
5,GAT,360.0,35,0,0
5,GAT,360.0,36,0,0
5,GAT,360.0,37,0,0
5,GAT,360.0,38,0,0
5,GAT,360.0,39,0,0
5,GAT,360.0,40,0,0
5,GAT,360.0,41,0,0
5,GAT,360.0,42,0,0
5,GAT,360.0,43,1,1
5,GAT,360.0,44,0,0
5,GAT,360.0,45,0,0
5,GAT,360.0,46,0,0
5,GAT,360.0,47,0,0
5,GAT,360.0,48,0,0
5,GAT,360.0,49,0,0
5,GAT,360.0,50,0,0
5,GAT,360.0,51,0,0
5,GAT,360.0,52,0,0
5,GAT,360.0,53,1,0
5,GAT,360.0,54,0,0
5,GAT,360.0,55,0,0
5,GAT,360.0,56,0,0
5,GAT,360.0,57,0,0
5,GAT,360.0,58,0,0
5,GAT,360.0,59,0,0
5,GAT,360.0,60,1,1
5,GAT,360.0,61,1,1
5,GAT,360.0,62,0,0
5,GAT,360.0,63,0,0
5,GAT,360.0,64,0,0
5,GAT,360.0,65,0,0
5,GAT,360.0,66,0,0
5,GAT,360.0,67,0,0
5,GAT,360.0,68,0,0
5,GAT,360.0,69,0,0
5,GAT,360.0,70,0,0
5,GAT,360.0,71,0,0
5,GAT,360.0,72,0,0
5,GAT,360.0,73,0,0
5,GAT,360.0,74,0,0
5,GAT,360.0,75,0,0
5,GAT,360.0,76,0,0
5,GAT,360.0,77,0,0
5,GAT,360.0,78,0,0
5,GAT,360.0,79,0,0
5,GAT,360.0,80,0,0
5,GAT,360.0,81,0,0
5,GAT,360.0,82,0,0
5,GAT,360.0,83,0,0
5,GAT,360.0,84,0,0
5,GAT,360.0,85,0,0
5,GAT,360.0,86,0,0
5,GAT,360.0,87,0,0
5,GAT,360.0,88,0,0
5,GAT,360.0,89,0,0
5,GAT,360.0,90,0,0
5,GAT,360.0,91,0,0
5,GAT,360.0,92,0,0
5,GAT,360.0,93,0,0
5,GAT,360.0,94,0,0
5,GAT,360.0,95,0,0
5,GAT,360.0,96,0,0
5,GAT,360.0,97,0,0
5,GAT,360.0,98,0,0
5,GAT,360.0,99,0,0
5,GAT,360.0,100,1,1
5,GAT,360.0,101,1,0
5,GAT,360.0,102,0,0
5,GAT,360.0,103,0,0
5,GAT,360.0,104,1,0
5,GAT,360.0,105,1,1
5,GAT,360.0,106,0,0
5,GAT,360.0,107,0,0
5,GAT,360.0,108,0,0
5,GAT,360.0,109,0,0
5,GAT,360.0,110,0,0
5,GAT,360.0,111,1,0
5,GAT,360.0,112,0,0
5,GAT,360.0,113,0,0
5,GAT,360.0,114,0,0
5,GAT,360.0,115,0,0
5,GAT,360.0,116,0,0
5,GAT,360.0,117,1,0
5,GAT,360.0,118,0,0
5,GAT,360.0,119,0,0
5,GAT,360.0,120,0,0
5,GAT,360.0,121,0,0
5,GAT,360.0,122,0,0
5,GAT,360.0,123,0,0
5,GAT,360.0,124,0,0
5,GAT,360.0,125,0,0
5,GAT,360.0,126,0,0
5,GAT,360.0,127,0,0
5,GAT,360.0,128,0,0
5,GAT,360.0,129,1,0
5,GAT,360.0,130,0,0
5,GAT,360.0,131,0,0
5,GAT,360.0,132,0,0
5,GAT,360.0,133,0,0
5,GAT,360.0,134,1,1
5,GAT,360.0,135,0,0
5,GAT,360.0,136,0,0
5,GAT,360.0,137,0,0
5,GAT,360.0,138,0,0
5,GAT,360.0,139,0,0
5,GAT,360.0,140,0,0
5,GAT,360.0,141,0,0
5,GAT,360.0,142,0,0
5,GAT,360.0,143,0,0
5,GAT,360.0,144,0,0
5,GAT,360.0,145,1,1
5,GAT,360.0,146,0,0
5,GAT,360.0,147,0,0
5,GAT,360.0,148,0,0
5,GAT,360.0,149,0,0
5,GAT,370.0,0,0,0
5,GAT,370.0,1,0,0
5,GAT,370.0,2,0,0
5,GAT,370.0,3,0,0
5,GAT,370.0,4,0,0
5,GAT,370.0,5,0,0
5,GAT,370.0,6,1,1
5,GAT,370.0,7,0,0
5,GAT,370.0,8,0,0
5,GAT,370.0,9,0,0
5,GAT,370.0,10,0,0
5,GAT,370.0,11,1,0
5,GAT,370.0,12,0,0
5,GAT,370.0,13,0,0
5,GAT,370.0,14,0,0
5,GAT,370.0,15,0,0
5,GAT,370.0,16,0,0
5,GAT,370.0,17,0,0
5,GAT,370.0,18,0,0
5,GAT,370.0,19,0,0
5,GAT,370.0,20,0,0
5,GAT,370.0,21,0,0
5,GAT,370.0,22,0,0
5,GAT,370.0,23,0,0
5,GAT,370.0,24,0,0
5,GAT,370.0,25,0,0
5,GAT,370.0,26,0,0
5,GAT,370.0,27,0,0
5,GAT,370.0,28,0,0
5,GAT,370.0,29,0,0
5,GAT,370.0,30,0,0
5,GAT,370.0,31,0,0
5,GAT,370.0,32,0,0
5,GAT,370.0,33,1,0
5,GAT,370.0,34,0,0
5,GAT,370.0,35,0,0
5,GAT,370.0,36,0,0
5,GAT,370.0,37,0,0
5,GAT,370.0,38,0,0
5,GAT,370.0,39,0,0
5,GAT,370.0,40,0,0
5,GAT,370.0,41,0,0
5,GAT,370.0,42,0,0
5,GAT,370.0,43,1,1
5,GAT,370.0,44,0,0
5,GAT,370.0,45,0,0
5,GAT,370.0,46,0,0
5,GAT,370.0,47,0,0
5,GAT,370.0,48,0,0
5,GAT,370.0,49,0,0
5,GAT,370.0,50,0,0
5,GAT,370.0,51,0,0
5,GAT,370.0,52,0,0
5,GAT,370.0,53,1,1
5,GAT,370.0,54,0,0
5,GAT,370.0,55,0,0
5,GAT,370.0,56,0,0
5,GAT,370.0,57,0,0
5,GAT,370.0,58,0,0
5,GAT,370.0,59,0,0
5,GAT,370.0,60,1,1
5,GAT,370.0,61,1,1
5,GAT,370.0,62,0,0
5,GAT,370.0,63,0,0
5,GAT,370.0,64,0,0
5,GAT,370.0,65,0,0
5,GAT,370.0,66,0,0
5,GAT,370.0,67,0,0
5,GAT,370.0,68,0,0
5,GAT,370.0,69,0,0
5,GAT,370.0,70,0,0
5,GAT,370.0,71,0,0
5,GAT,370.0,72,0,0
5,GAT,370.0,73,0,0
5,GAT,370.0,74,0,0
5,GAT,370.0,75,0,0
5,GAT,370.0,76,0,0
5,GAT,370.0,77,0,0
5,GAT,370.0,78,0,0
5,GAT,370.0,79,0,0
5,GAT,370.0,80,0,0
5,GAT,370.0,81,0,0
5,GAT,370.0,82,0,0
5,GAT,370.0,83,0,0
5,GAT,370.0,84,0,0
5,GAT,370.0,85,0,0
5,GAT,370.0,86,0,0
5,GAT,370.0,87,0,0
5,GAT,370.0,88,0,0
5,GAT,370.0,89,0,0
5,GAT,370.0,90,0,0
5,GAT,370.0,91,0,0
5,GAT,370.0,92,0,0
5,GAT,370.0,93,0,0
5,GAT,370.0,94,0,0
5,GAT,370.0,95,0,0
5,GAT,370.0,96,0,0
5,GAT,370.0,97,0,0
5,GAT,370.0,98,0,0
5,GAT,370.0,99,0,0
5,GAT,370.0,100,1,0
5,GAT,370.0,101,1,1
5,GAT,370.0,102,0,0
5,GAT,370.0,103,0,0
5,GAT,370.0,104,1,0
5,GAT,370.0,105,1,0
5,GAT,370.0,106,0,0
5,GAT,370.0,107,0,0
5,GAT,370.0,108,0,0
5,GAT,370.0,109,0,0
5,GAT,370.0,110,0,0
5,GAT,370.0,111,1,0
5,GAT,370.0,112,0,0
5,GAT,370.0,113,0,0
5,GAT,370.0,114,0,0
5,GAT,370.0,115,0,0
5,GAT,370.0,116,0,0
5,GAT,370.0,117,1,0
5,GAT,370.0,118,0,0
5,GAT,370.0,119,0,0
5,GAT,370.0,120,0,0
5,GAT,370.0,121,0,0
5,GAT,370.0,122,0,0
5,GAT,370.0,123,0,0
5,GAT,370.0,124,0,0
5,GAT,370.0,125,0,0
5,GAT,370.0,126,0,0
5,GAT,370.0,127,0,0
5,GAT,370.0,128,0,0
5,GAT,370.0,129,1,1
5,GAT,370.0,130,0,0
5,GAT,370.0,131,0,0
5,GAT,370.0,132,0,0
5,GAT,370.0,133,0,0
5,GAT,370.0,134,1,1
5,GAT,370.0,135,0,0
5,GAT,370.0,136,0,0
5,GAT,370.0,137,0,0
5,GAT,370.0,138,0,0
5,GAT,370.0,139,0,0
5,GAT,370.0,140,0,0
5,GAT,370.0,141,0,0
5,GAT,370.0,142,0,0
5,GAT,370.0,143,0,0
5,GAT,370.0,144,0,0
5,GAT,370.0,145,1,1
5,GAT,370.0,146,0,0
5,GAT,370.0,147,0,0
5,GAT,370.0,148,0,0
5,GAT,370.0,149,0,0
5,GAT,380.0,0,0,0
5,GAT,380.0,1,0,0
5,GAT,380.0,2,0,0
5,GAT,380.0,3,0,0
5,GAT,380.0,4,0,0
5,GAT,380.0,5,0,0
5,GAT,380.0,6,1,0
5,GAT,380.0,7,0,0
5,GAT,380.0,8,0,0
5,GAT,380.0,9,0,0
5,GAT,380.0,10,0,0
5,GAT,380.0,11,1,0
5,GAT,380.0,12,0,0
5,GAT,380.0,13,0,0
5,GAT,380.0,14,0,0
5,GAT,380.0,15,0,0
5,GAT,380.0,16,0,0
5,GAT,380.0,17,0,0
5,GAT,380.0,18,0,0
5,GAT,380.0,19,0,0
5,GAT,380.0,20,0,0
5,GAT,380.0,21,0,0
5,GAT,380.0,22,0,0
5,GAT,380.0,23,0,0
5,GAT,380.0,24,0,0
5,GAT,380.0,25,0,0
5,GAT,380.0,26,0,0
5,GAT,380.0,27,0,0
5,GAT,380.0,28,0,0
5,GAT,380.0,29,0,0
5,GAT,380.0,30,0,0
5,GAT,380.0,31,0,0
5,GAT,380.0,32,0,0
5,GAT,380.0,33,1,1
5,GAT,380.0,34,0,0
5,GAT,380.0,35,0,0
5,GAT,380.0,36,0,0
5,GAT,380.0,37,0,0
5,GAT,380.0,38,0,0
5,GAT,380.0,39,0,0
5,GAT,380.0,40,0,0
5,GAT,380.0,41,0,0
5,GAT,380.0,42,0,0
5,GAT,380.0,43,1,1
5,GAT,380.0,44,0,0
5,GAT,380.0,45,0,0
5,GAT,380.0,46,0,0
5,GAT,380.0,47,0,0
5,GAT,380.0,48,0,0
5,GAT,380.0,49,0,0
5,GAT,380.0,50,0,0
5,GAT,380.0,51,0,0
5,GAT,380.0,52,0,0
5,GAT,380.0,53,1,1
5,GAT,380.0,54,0,0
5,GAT,380.0,55,0,0
5,GAT,380.0,56,0,0
5,GAT,380.0,57,0,0
5,GAT,380.0,58,0,0
5,GAT,380.0,59,0,0
5,GAT,380.0,60,1,0
5,GAT,380.0,61,1,1
5,GAT,380.0,62,0,0
5,GAT,380.0,63,0,0
5,GAT,380.0,64,0,0
5,GAT,380.0,65,0,0
5,GAT,380.0,66,0,0
5,GAT,380.0,67,0,0
5,GAT,380.0,68,0,0
5,GAT,380.0,69,0,0
5,GAT,380.0,70,0,0
5,GAT,380.0,71,0,0
5,GAT,380.0,72,0,0
5,GAT,380.0,73,0,0
5,GAT,380.0,74,0,0
5,GAT,380.0,75,0,0
5,GAT,380.0,76,0,0
5,GAT,380.0,77,0,0
5,GAT,380.0,78,0,0
5,GAT,380.0,79,0,0
5,GAT,380.0,80,0,0
5,GAT,380.0,81,0,0
5,GAT,380.0,82,0,0
5,GAT,380.0,83,0,0
5,GAT,380.0,84,0,0
5,GAT,380.0,85,0,0
5,GAT,380.0,86,0,0
5,GAT,380.0,87,0,0
5,GAT,380.0,88,0,0
5,GAT,380.0,89,0,0
5,GAT,380.0,90,0,0
5,GAT,380.0,91,0,0
5,GAT,380.0,92,0,0
5,GAT,380.0,93,0,0
5,GAT,380.0,94,0,0
5,GAT,380.0,95,0,0
5,GAT,380.0,96,0,0
5,GAT,380.0,97,0,0
5,GAT,380.0,98,0,0
5,GAT,380.0,99,0,0
5,GAT,380.0,100,1,0
5,GAT,380.0,101,1,1
5,GAT,380.0,102,0,0
5,GAT,380.0,103,0,0
5,GAT,380.0,104,1,1
5,GAT,380.0,105,1,0
5,GAT,380.0,106,0,0
5,GAT,380.0,107,0,0
5,GAT,380.0,108,0,0
5,GAT,380.0,109,0,0
5,GAT,380.0,110,0,0
5,GAT,380.0,111,1,1
5,GAT,380.0,112,0,0
5,GAT,380.0,113,0,0
5,GAT,380.0,114,0,0
5,GAT,380.0,115,0,0
5,GAT,380.0,116,0,0
5,GAT,380.0,117,1,0
5,GAT,380.0,118,0,0
5,GAT,380.0,119,0,0
5,GAT,380.0,120,0,0
5,GAT,380.0,121,0,0
5,GAT,380.0,122,0,0
5,GAT,380.0,123,0,0
5,GAT,380.0,124,0,0
5,GAT,380.0,125,0,0
5,GAT,380.0,126,0,0
5,GAT,380.0,127,0,0
5,GAT,380.0,128,0,0
5,GAT,380.0,129,1,0
5,GAT,380.0,130,0,0
5,GAT,380.0,131,0,0
5,GAT,380.0,132,0,0
5,GAT,380.0,133,0,0
5,GAT,380.0,134,1,0
5,GAT,380.0,135,0,0
5,GAT,380.0,136,0,0
5,GAT,380.0,137,0,0
5,GAT,380.0,138,0,0
5,GAT,380.0,139,0,0
5,GAT,380.0,140,0,0
5,GAT,380.0,141,0,0
5,GAT,380.0,142,0,0
5,GAT,380.0,143,0,0
5,GAT,380.0,144,0,0
5,GAT,380.0,145,1,1
5,GAT,380.0,146,0,0
5,GAT,380.0,147,0,0
5,GAT,380.0,148,0,0
5,GAT,380.0,149,0,0
5,GAT,390.0,0,0,0
5,GAT,390.0,1,0,0
5,GAT,390.0,2,0,0
5,GAT,390.0,3,0,0
5,GAT,390.0,4,0,0
5,GAT,390.0,5,0,0
5,GAT,390.0,6,1,1
5,GAT,390.0,7,0,0
5,GAT,390.0,8,0,0
5,GAT,390.0,9,0,0
5,GAT,390.0,10,0,0
5,GAT,390.0,11,1,0
5,GAT,390.0,12,0,0
5,GAT,390.0,13,0,0
5,GAT,390.0,14,0,0
5,GAT,390.0,15,0,0
5,GAT,390.0,16,0,0
5,GAT,390.0,17,0,0
5,GAT,390.0,18,0,0
5,GAT,390.0,19,0,0
5,GAT,390.0,20,0,0
5,GAT,390.0,21,0,0
5,GAT,390.0,22,0,0
5,GAT,390.0,23,0,0
5,GAT,390.0,24,0,0
5,GAT,390.0,25,0,0
5,GAT,390.0,26,0,0
5,GAT,390.0,27,0,0
5,GAT,390.0,28,0,0
5,GAT,390.0,29,0,0
5,GAT,390.0,30,0,0
5,GAT,390.0,31,0,0
5,GAT,390.0,32,0,0
5,GAT,390.0,33,1,1
5,GAT,390.0,34,0,0
5,GAT,390.0,35,0,0
5,GAT,390.0,36,0,0
5,GAT,390.0,37,0,0
5,GAT,390.0,38,0,0
5,GAT,390.0,39,0,0
5,GAT,390.0,40,0,0
5,GAT,390.0,41,0,0
5,GAT,390.0,42,0,0
5,GAT,390.0,43,1,1
5,GAT,390.0,44,0,0
5,GAT,390.0,45,0,0
5,GAT,390.0,46,0,0
5,GAT,390.0,47,0,0
5,GAT,390.0,48,0,0
5,GAT,390.0,49,0,0
5,GAT,390.0,50,0,0
5,GAT,390.0,51,0,0
5,GAT,390.0,52,0,0
5,GAT,390.0,53,1,1
5,GAT,390.0,54,0,0
5,GAT,390.0,55,0,0
5,GAT,390.0,56,0,0
5,GAT,390.0,57,0,0
5,GAT,390.0,58,0,0
5,GAT,390.0,59,0,0
5,GAT,390.0,60,1,0
5,GAT,390.0,61,1,1
5,GAT,390.0,62,0,0
5,GAT,390.0,63,0,0
5,GAT,390.0,64,0,0
5,GAT,390.0,65,0,0
5,GAT,390.0,66,0,0
5,GAT,390.0,67,0,0
5,GAT,390.0,68,0,0
5,GAT,390.0,69,0,0
5,GAT,390.0,70,0,0
5,GAT,390.0,71,0,0
5,GAT,390.0,72,0,0
5,GAT,390.0,73,0,0
5,GAT,390.0,74,0,0
5,GAT,390.0,75,0,0
5,GAT,390.0,76,0,0
5,GAT,390.0,77,0,0
5,GAT,390.0,78,0,0
5,GAT,390.0,79,0,0
5,GAT,390.0,80,0,0
5,GAT,390.0,81,0,0
5,GAT,390.0,82,0,0
5,GAT,390.0,83,0,0
5,GAT,390.0,84,0,0
5,GAT,390.0,85,0,0
5,GAT,390.0,86,0,0
5,GAT,390.0,87,0,0
5,GAT,390.0,88,0,0
5,GAT,390.0,89,0,0
5,GAT,390.0,90,0,0
5,GAT,390.0,91,0,0
5,GAT,390.0,92,0,0
5,GAT,390.0,93,0,0
5,GAT,390.0,94,0,0
5,GAT,390.0,95,0,0
5,GAT,390.0,96,0,0
5,GAT,390.0,97,0,0
5,GAT,390.0,98,0,0
5,GAT,390.0,99,0,0
5,GAT,390.0,100,1,1
5,GAT,390.0,101,1,0
5,GAT,390.0,102,0,0
5,GAT,390.0,103,0,0
5,GAT,390.0,104,1,1
5,GAT,390.0,105,1,0
5,GAT,390.0,106,0,0
5,GAT,390.0,107,0,0
5,GAT,390.0,108,0,0
5,GAT,390.0,109,0,0
5,GAT,390.0,110,0,0
5,GAT,390.0,111,1,1
5,GAT,390.0,112,0,0
5,GAT,390.0,113,0,0
5,GAT,390.0,114,0,0
5,GAT,390.0,115,0,0
5,GAT,390.0,116,0,0
5,GAT,390.0,117,1,0
5,GAT,390.0,118,0,0
5,GAT,390.0,119,0,0
5,GAT,390.0,120,0,0
5,GAT,390.0,121,0,0
5,GAT,390.0,122,0,0
5,GAT,390.0,123,0,0
5,GAT,390.0,124,0,0
5,GAT,390.0,125,0,0
5,GAT,390.0,126,0,0
5,GAT,390.0,127,0,0
5,GAT,390.0,128,0,0
5,GAT,390.0,129,1,0
5,GAT,390.0,130,0,0
5,GAT,390.0,131,0,0
5,GAT,390.0,132,0,0
5,GAT,390.0,133,0,0
5,GAT,390.0,134,1,0
5,GAT,390.0,135,0,0
5,GAT,390.0,136,0,0
5,GAT,390.0,137,0,0
5,GAT,390.0,138,0,0
5,GAT,390.0,139,0,0
5,GAT,390.0,140,0,0
5,GAT,390.0,141,0,0
5,GAT,390.0,142,0,0
5,GAT,390.0,143,0,0
5,GAT,390.0,144,0,0
5,GAT,390.0,145,1,0
5,GAT,390.0,146,0,0
5,GAT,390.0,147,0,0
5,GAT,390.0,148,0,0
5,GAT,390.0,149,0,0
5,GAT,400.0,0,0,0
5,GAT,400.0,1,0,0
5,GAT,400.0,2,0,0
5,GAT,400.0,3,0,0
5,GAT,400.0,4,0,0
5,GAT,400.0,5,0,0
5,GAT,400.0,6,1,1
5,GAT,400.0,7,0,0
5,GAT,400.0,8,0,0
5,GAT,400.0,9,0,0
5,GAT,400.0,10,0,0
5,GAT,400.0,11,1,1
5,GAT,400.0,12,0,0
5,GAT,400.0,13,0,0
5,GAT,400.0,14,0,0
5,GAT,400.0,15,0,0
5,GAT,400.0,16,0,0
5,GAT,400.0,17,0,0
5,GAT,400.0,18,0,0
5,GAT,400.0,19,0,0
5,GAT,400.0,20,0,0
5,GAT,400.0,21,0,0
5,GAT,400.0,22,0,0
5,GAT,400.0,23,0,0
5,GAT,400.0,24,0,0
5,GAT,400.0,25,0,0
5,GAT,400.0,26,0,0
5,GAT,400.0,27,0,0
5,GAT,400.0,28,0,0
5,GAT,400.0,29,0,0
5,GAT,400.0,30,0,0
5,GAT,400.0,31,0,0
5,GAT,400.0,32,0,0
5,GAT,400.0,33,1,0
5,GAT,400.0,34,0,0
5,GAT,400.0,35,0,0
5,GAT,400.0,36,0,0
5,GAT,400.0,37,0,0
5,GAT,400.0,38,0,0
5,GAT,400.0,39,0,0
5,GAT,400.0,40,0,0
5,GAT,400.0,41,0,0
5,GAT,400.0,42,0,0
5,GAT,400.0,43,1,1
5,GAT,400.0,44,0,0
5,GAT,400.0,45,0,0
5,GAT,400.0,46,0,0
5,GAT,400.0,47,0,0
5,GAT,400.0,48,0,0
5,GAT,400.0,49,0,0
5,GAT,400.0,50,0,0
5,GAT,400.0,51,0,0
5,GAT,400.0,52,0,0
5,GAT,400.0,53,1,0
5,GAT,400.0,54,0,0
5,GAT,400.0,55,0,0
5,GAT,400.0,56,0,0
5,GAT,400.0,57,0,0
5,GAT,400.0,58,0,0
5,GAT,400.0,59,0,0
5,GAT,400.0,60,1,0
5,GAT,400.0,61,1,0
5,GAT,400.0,62,0,0
5,GAT,400.0,63,0,0
5,GAT,400.0,64,0,0
5,GAT,400.0,65,0,0
5,GAT,400.0,66,0,0
5,GAT,400.0,67,0,0
5,GAT,400.0,68,0,0
5,GAT,400.0,69,0,0
5,GAT,400.0,70,0,0
5,GAT,400.0,71,0,0
5,GAT,400.0,72,0,0
5,GAT,400.0,73,0,0
5,GAT,400.0,74,0,0
5,GAT,400.0,75,0,0
5,GAT,400.0,76,0,0
5,GAT,400.0,77,0,0
5,GAT,400.0,78,0,0
5,GAT,400.0,79,0,0
5,GAT,400.0,80,0,0
5,GAT,400.0,81,0,0
5,GAT,400.0,82,0,0
5,GAT,400.0,83,0,0
5,GAT,400.0,84,0,0
5,GAT,400.0,85,0,0
5,GAT,400.0,86,0,0
5,GAT,400.0,87,0,0
5,GAT,400.0,88,0,0
5,GAT,400.0,89,0,0
5,GAT,400.0,90,0,0
5,GAT,400.0,91,0,0
5,GAT,400.0,92,0,0
5,GAT,400.0,93,0,0
5,GAT,400.0,94,0,0
5,GAT,400.0,95,0,0
5,GAT,400.0,96,0,0
5,GAT,400.0,97,0,0
5,GAT,400.0,98,0,0
5,GAT,400.0,99,0,0
5,GAT,400.0,100,1,0
5,GAT,400.0,101,1,1
5,GAT,400.0,102,0,0
5,GAT,400.0,103,0,0
5,GAT,400.0,104,1,1
5,GAT,400.0,105,1,0
5,GAT,400.0,106,0,0
5,GAT,400.0,107,0,0
5,GAT,400.0,108,0,0
5,GAT,400.0,109,0,0
5,GAT,400.0,110,0,0
5,GAT,400.0,111,1,1
5,GAT,400.0,112,0,0
5,GAT,400.0,113,0,0
5,GAT,400.0,114,0,0
5,GAT,400.0,115,0,0
5,GAT,400.0,116,0,0
5,GAT,400.0,117,1,0
5,GAT,400.0,118,0,0
5,GAT,400.0,119,0,0
5,GAT,400.0,120,0,0
5,GAT,400.0,121,0,0
5,GAT,400.0,122,0,0
5,GAT,400.0,123,0,0
5,GAT,400.0,124,0,0
5,GAT,400.0,125,0,0
5,GAT,400.0,126,0,0
5,GAT,400.0,127,0,0
5,GAT,400.0,128,0,0
5,GAT,400.0,129,1,1
5,GAT,400.0,130,0,0
5,GAT,400.0,131,0,0
5,GAT,400.0,132,0,0
5,GAT,400.0,133,0,0
5,GAT,400.0,134,1,0
5,GAT,400.0,135,0,0
5,GAT,400.0,136,0,0
5,GAT,400.0,137,0,0
5,GAT,400.0,138,0,0
5,GAT,400.0,139,0,0
5,GAT,400.0,140,0,0
5,GAT,400.0,141,0,0
5,GAT,400.0,142,0,0
5,GAT,400.0,143,0,0
5,GAT,400.0,144,0,0
5,GAT,400.0,145,1,0
5,GAT,400.0,146,0,0
5,GAT,400.0,147,0,0
5,GAT,400.0,148,0,0
5,GAT,400.0,149,0,0
5,GAT,410.0,0,0,0
5,GAT,410.0,1,0,0
5,GAT,410.0,2,0,0
5,GAT,410.0,3,0,0
5,GAT,410.0,4,0,0
5,GAT,410.0,5,0,0
5,GAT,410.0,6,1,1
5,GAT,410.0,7,0,0
5,GAT,410.0,8,0,0
5,GAT,410.0,9,0,0
5,GAT,410.0,10,0,0
5,GAT,410.0,11,1,1
5,GAT,410.0,12,0,0
5,GAT,410.0,13,0,0
5,GAT,410.0,14,0,0
5,GAT,410.0,15,0,0
5,GAT,410.0,16,0,0
5,GAT,410.0,17,0,0
5,GAT,410.0,18,0,0
5,GAT,410.0,19,0,0
5,GAT,410.0,20,0,0
5,GAT,410.0,21,0,0
5,GAT,410.0,22,0,0
5,GAT,410.0,23,0,0
5,GAT,410.0,24,0,0
5,GAT,410.0,25,0,0
5,GAT,410.0,26,0,0
5,GAT,410.0,27,0,0
5,GAT,410.0,28,0,0
5,GAT,410.0,29,0,0
5,GAT,410.0,30,0,0
5,GAT,410.0,31,0,0
5,GAT,410.0,32,0,0
5,GAT,410.0,33,1,1
5,GAT,410.0,34,0,0
5,GAT,410.0,35,0,0
5,GAT,410.0,36,0,0
5,GAT,410.0,37,0,0
5,GAT,410.0,38,0,0
5,GAT,410.0,39,0,0
5,GAT,410.0,40,0,0
5,GAT,410.0,41,0,0
5,GAT,410.0,42,0,0
5,GAT,410.0,43,1,1
5,GAT,410.0,44,0,0
5,GAT,410.0,45,0,0
5,GAT,410.0,46,0,0
5,GAT,410.0,47,0,0
5,GAT,410.0,48,0,0
5,GAT,410.0,49,0,0
5,GAT,410.0,50,0,0
5,GAT,410.0,51,0,0
5,GAT,410.0,52,0,0
5,GAT,410.0,53,1,0
5,GAT,410.0,54,0,0
5,GAT,410.0,55,0,0
5,GAT,410.0,56,0,0
5,GAT,410.0,57,0,0
5,GAT,410.0,58,0,0
5,GAT,410.0,59,0,0
5,GAT,410.0,60,1,1
5,GAT,410.0,61,1,0
5,GAT,410.0,62,0,0
5,GAT,410.0,63,0,0
5,GAT,410.0,64,0,0
5,GAT,410.0,65,0,0
5,GAT,410.0,66,0,0
5,GAT,410.0,67,0,0
5,GAT,410.0,68,0,0
5,GAT,410.0,69,0,0
5,GAT,410.0,70,0,0
5,GAT,410.0,71,0,0
5,GAT,410.0,72,0,0
5,GAT,410.0,73,0,0
5,GAT,410.0,74,0,0
5,GAT,410.0,75,0,0
5,GAT,410.0,76,0,0
5,GAT,410.0,77,0,0
5,GAT,410.0,78,0,0
5,GAT,410.0,79,0,0
5,GAT,410.0,80,0,0
5,GAT,410.0,81,0,0
5,GAT,410.0,82,0,0
5,GAT,410.0,83,0,0
5,GAT,410.0,84,0,0
5,GAT,410.0,85,0,0
5,GAT,410.0,86,0,0
5,GAT,410.0,87,0,0
5,GAT,410.0,88,0,0
5,GAT,410.0,89,0,0
5,GAT,410.0,90,0,0
5,GAT,410.0,91,0,0
5,GAT,410.0,92,0,0
5,GAT,410.0,93,0,0
5,GAT,410.0,94,0,0
5,GAT,410.0,95,0,0
5,GAT,410.0,96,0,0
5,GAT,410.0,97,0,0
5,GAT,410.0,98,0,0
5,GAT,410.0,99,0,0
5,GAT,410.0,100,1,0
5,GAT,410.0,101,1,0
5,GAT,410.0,102,0,0
5,GAT,410.0,103,0,0
5,GAT,410.0,104,1,0
5,GAT,410.0,105,1,1
5,GAT,410.0,106,0,0
5,GAT,410.0,107,0,0
5,GAT,410.0,108,0,0
5,GAT,410.0,109,0,0
5,GAT,410.0,110,0,0
5,GAT,410.0,111,1,1
5,GAT,410.0,112,0,0
5,GAT,410.0,113,0,0
5,GAT,410.0,114,0,0
5,GAT,410.0,115,0,0
5,GAT,410.0,116,0,0
5,GAT,410.0,117,1,0
5,GAT,410.0,118,0,0
5,GAT,410.0,119,0,0
5,GAT,410.0,120,0,0
5,GAT,410.0,121,0,0
5,GAT,410.0,122,0,0
5,GAT,410.0,123,0,0
5,GAT,410.0,124,0,0
5,GAT,410.0,125,0,0
5,GAT,410.0,126,0,0
5,GAT,410.0,127,0,0
5,GAT,410.0,128,0,0
5,GAT,410.0,129,1,1
5,GAT,410.0,130,0,0
5,GAT,410.0,131,0,0
5,GAT,410.0,132,0,0
5,GAT,410.0,133,0,0
5,GAT,410.0,134,1,1
5,GAT,410.0,135,0,0
5,GAT,410.0,136,0,0
5,GAT,410.0,137,0,0
5,GAT,410.0,138,0,0
5,GAT,410.0,139,0,0
5,GAT,410.0,140,0,0
5,GAT,410.0,141,0,0
5,GAT,410.0,142,0,0
5,GAT,410.0,143,0,0
5,GAT,410.0,144,0,0
5,GAT,410.0,145,1,1
5,GAT,410.0,146,0,0
5,GAT,410.0,147,0,0
5,GAT,410.0,148,0,0
5,GAT,410.0,149,0,0
5,GAT,420.0,0,0,0
5,GAT,420.0,1,0,0
5,GAT,420.0,2,0,0
5,GAT,420.0,3,0,0
5,GAT,420.0,4,0,0
5,GAT,420.0,5,0,0
5,GAT,420.0,6,1,1
5,GAT,420.0,7,0,0
5,GAT,420.0,8,0,0
5,GAT,420.0,9,0,0
5,GAT,420.0,10,0,0
5,GAT,420.0,11,1,0
5,GAT,420.0,12,0,0
5,GAT,420.0,13,0,0
5,GAT,420.0,14,0,0
5,GAT,420.0,15,0,0
5,GAT,420.0,16,0,0
5,GAT,420.0,17,0,0
5,GAT,420.0,18,0,0
5,GAT,420.0,19,0,0
5,GAT,420.0,20,0,0
5,GAT,420.0,21,0,0
5,GAT,420.0,22,0,0
5,GAT,420.0,23,0,0
5,GAT,420.0,24,0,0
5,GAT,420.0,25,0,0
5,GAT,420.0,26,0,0
5,GAT,420.0,27,0,0
5,GAT,420.0,28,0,0
5,GAT,420.0,29,0,0
5,GAT,420.0,30,0,0
5,GAT,420.0,31,0,0
5,GAT,420.0,32,0,0
5,GAT,420.0,33,1,0
5,GAT,420.0,34,0,0
5,GAT,420.0,35,0,0
5,GAT,420.0,36,0,0
5,GAT,420.0,37,0,0
5,GAT,420.0,38,0,0
5,GAT,420.0,39,0,0
5,GAT,420.0,40,0,0
5,GAT,420.0,41,0,0
5,GAT,420.0,42,0,0
5,GAT,420.0,43,1,1
5,GAT,420.0,44,0,0
5,GAT,420.0,45,0,0
5,GAT,420.0,46,0,0
5,GAT,420.0,47,0,0
5,GAT,420.0,48,0,0
5,GAT,420.0,49,0,0
5,GAT,420.0,50,0,0
5,GAT,420.0,51,0,0
5,GAT,420.0,52,0,0
5,GAT,420.0,53,1,1
5,GAT,420.0,54,0,0
5,GAT,420.0,55,0,0
5,GAT,420.0,56,0,0
5,GAT,420.0,57,0,0
5,GAT,420.0,58,0,0
5,GAT,420.0,59,0,0
5,GAT,420.0,60,1,1
5,GAT,420.0,61,1,0
5,GAT,420.0,62,0,0
5,GAT,420.0,63,0,0
5,GAT,420.0,64,0,0
5,GAT,420.0,65,0,0
5,GAT,420.0,66,0,0
5,GAT,420.0,67,0,0
5,GAT,420.0,68,0,0
5,GAT,420.0,69,0,0
5,GAT,420.0,70,0,0
5,GAT,420.0,71,0,0
5,GAT,420.0,72,0,0
5,GAT,420.0,73,0,0
5,GAT,420.0,74,0,0
5,GAT,420.0,75,0,0
5,GAT,420.0,76,0,0
5,GAT,420.0,77,0,0
5,GAT,420.0,78,0,0
5,GAT,420.0,79,0,0
5,GAT,420.0,80,0,0
5,GAT,420.0,81,0,0
5,GAT,420.0,82,0,0
5,GAT,420.0,83,0,0
5,GAT,420.0,84,0,0
5,GAT,420.0,85,0,0
5,GAT,420.0,86,0,0
5,GAT,420.0,87,0,0
5,GAT,420.0,88,0,0
5,GAT,420.0,89,0,0
5,GAT,420.0,90,0,0
5,GAT,420.0,91,0,0
5,GAT,420.0,92,0,0
5,GAT,420.0,93,0,0
5,GAT,420.0,94,0,0
5,GAT,420.0,95,0,0
5,GAT,420.0,96,0,0
5,GAT,420.0,97,0,0
5,GAT,420.0,98,0,0
5,GAT,420.0,99,0,0
5,GAT,420.0,100,1,0
5,GAT,420.0,101,1,1
5,GAT,420.0,102,0,0
5,GAT,420.0,103,0,0
5,GAT,420.0,104,1,1
5,GAT,420.0,105,1,1
5,GAT,420.0,106,0,0
5,GAT,420.0,107,0,0
5,GAT,420.0,108,0,0
5,GAT,420.0,109,0,0
5,GAT,420.0,110,0,0
5,GAT,420.0,111,1,1
5,GAT,420.0,112,0,0
5,GAT,420.0,113,0,0
5,GAT,420.0,114,0,0
5,GAT,420.0,115,0,0
5,GAT,420.0,116,0,0
5,GAT,420.0,117,1,0
5,GAT,420.0,118,0,0
5,GAT,420.0,119,0,0
5,GAT,420.0,120,0,0
5,GAT,420.0,121,0,0
5,GAT,420.0,122,0,0
5,GAT,420.0,123,0,0
5,GAT,420.0,124,0,0
5,GAT,420.0,125,0,0
5,GAT,420.0,126,0,0
5,GAT,420.0,127,0,0
5,GAT,420.0,128,0,0
5,GAT,420.0,129,1,1
5,GAT,420.0,130,0,0
5,GAT,420.0,131,0,0
5,GAT,420.0,132,0,0
5,GAT,420.0,133,0,0
5,GAT,420.0,134,1,0
5,GAT,420.0,135,0,0
5,GAT,420.0,136,0,0
5,GAT,420.0,137,0,0
5,GAT,420.0,138,0,0
5,GAT,420.0,139,0,0
5,GAT,420.0,140,0,0
5,GAT,420.0,141,0,0
5,GAT,420.0,142,0,0
5,GAT,420.0,143,0,0
5,GAT,420.0,144,0,0
5,GAT,420.0,145,1,1
5,GAT,420.0,146,0,0
5,GAT,420.0,147,0,0
5,GAT,420.0,148,0,0
5,GAT,420.0,149,0,0
5,GAT,430.0,0,0,0
5,GAT,430.0,1,0,0
5,GAT,430.0,2,0,0
5,GAT,430.0,3,0,0
5,GAT,430.0,4,0,0
5,GAT,430.0,5,0,0
5,GAT,430.0,6,1,1
5,GAT,430.0,7,0,0
5,GAT,430.0,8,0,0
5,GAT,430.0,9,0,0
5,GAT,430.0,10,0,0
5,GAT,430.0,11,1,1
5,GAT,430.0,12,0,0
5,GAT,430.0,13,0,0
5,GAT,430.0,14,0,0
5,GAT,430.0,15,0,0
5,GAT,430.0,16,0,0
5,GAT,430.0,17,0,0
5,GAT,430.0,18,0,0
5,GAT,430.0,19,0,0
5,GAT,430.0,20,0,0
5,GAT,430.0,21,0,0
5,GAT,430.0,22,0,0
5,GAT,430.0,23,0,0
5,GAT,430.0,24,0,0
5,GAT,430.0,25,0,0
5,GAT,430.0,26,0,0
5,GAT,430.0,27,0,0
5,GAT,430.0,28,0,0
5,GAT,430.0,29,0,0
5,GAT,430.0,30,0,0
5,GAT,430.0,31,0,0
5,GAT,430.0,32,0,0
5,GAT,430.0,33,1,0
5,GAT,430.0,34,0,0
5,GAT,430.0,35,0,0
5,GAT,430.0,36,0,0
5,GAT,430.0,37,0,0
5,GAT,430.0,38,0,0
5,GAT,430.0,39,0,0
5,GAT,430.0,40,0,0
5,GAT,430.0,41,0,0
5,GAT,430.0,42,0,0
5,GAT,430.0,43,1,1
5,GAT,430.0,44,0,0
5,GAT,430.0,45,0,0
5,GAT,430.0,46,0,0
5,GAT,430.0,47,0,0
5,GAT,430.0,48,0,0
5,GAT,430.0,49,0,0
5,GAT,430.0,50,0,0
5,GAT,430.0,51,0,0
5,GAT,430.0,52,0,0
5,GAT,430.0,53,1,1
5,GAT,430.0,54,0,0
5,GAT,430.0,55,0,0
5,GAT,430.0,56,0,0
5,GAT,430.0,57,0,0
5,GAT,430.0,58,0,0
5,GAT,430.0,59,0,0
5,GAT,430.0,60,1,1
5,GAT,430.0,61,1,0
5,GAT,430.0,62,0,0
5,GAT,430.0,63,0,0
5,GAT,430.0,64,0,0
5,GAT,430.0,65,0,0
5,GAT,430.0,66,0,0
5,GAT,430.0,67,0,0
5,GAT,430.0,68,0,0
5,GAT,430.0,69,0,0
5,GAT,430.0,70,0,0
5,GAT,430.0,71,0,0
5,GAT,430.0,72,0,0
5,GAT,430.0,73,0,0
5,GAT,430.0,74,0,0
5,GAT,430.0,75,0,0
5,GAT,430.0,76,0,0
5,GAT,430.0,77,0,0
5,GAT,430.0,78,0,0
5,GAT,430.0,79,0,0
5,GAT,430.0,80,0,0
5,GAT,430.0,81,0,0
5,GAT,430.0,82,0,0
5,GAT,430.0,83,0,0
5,GAT,430.0,84,0,0
5,GAT,430.0,85,0,0
5,GAT,430.0,86,0,0
5,GAT,430.0,87,0,0
5,GAT,430.0,88,0,0
5,GAT,430.0,89,0,0
5,GAT,430.0,90,0,0
5,GAT,430.0,91,0,0
5,GAT,430.0,92,0,0
5,GAT,430.0,93,0,0
5,GAT,430.0,94,0,0
5,GAT,430.0,95,0,0
5,GAT,430.0,96,0,0
5,GAT,430.0,97,0,0
5,GAT,430.0,98,0,0
5,GAT,430.0,99,0,0
5,GAT,430.0,100,1,0
5,GAT,430.0,101,1,1
5,GAT,430.0,102,0,0
5,GAT,430.0,103,0,0
5,GAT,430.0,104,1,0
5,GAT,430.0,105,1,0
5,GAT,430.0,106,0,0
5,GAT,430.0,107,0,0
5,GAT,430.0,108,0,0
5,GAT,430.0,109,0,0
5,GAT,430.0,110,0,0
5,GAT,430.0,111,1,0
5,GAT,430.0,112,0,0
5,GAT,430.0,113,0,0
5,GAT,430.0,114,0,0
5,GAT,430.0,115,0,0
5,GAT,430.0,116,0,0
5,GAT,430.0,117,1,1
5,GAT,430.0,118,0,0
5,GAT,430.0,119,0,0
5,GAT,430.0,120,0,0
5,GAT,430.0,121,0,0
5,GAT,430.0,122,0,0
5,GAT,430.0,123,0,0
5,GAT,430.0,124,0,0
5,GAT,430.0,125,0,0
5,GAT,430.0,126,0,0
5,GAT,430.0,127,0,0
5,GAT,430.0,128,0,0
5,GAT,430.0,129,1,1
5,GAT,430.0,130,0,0
5,GAT,430.0,131,0,0
5,GAT,430.0,132,0,0
5,GAT,430.0,133,0,0
5,GAT,430.0,134,1,0
5,GAT,430.0,135,0,0
5,GAT,430.0,136,0,0
5,GAT,430.0,137,0,0
5,GAT,430.0,138,0,0
5,GAT,430.0,139,0,0
5,GAT,430.0,140,0,0
5,GAT,430.0,141,0,0
5,GAT,430.0,142,0,0
5,GAT,430.0,143,0,0
5,GAT,430.0,144,0,0
5,GAT,430.0,145,1,1
5,GAT,430.0,146,0,0
5,GAT,430.0,147,0,0
5,GAT,430.0,148,0,0
5,GAT,430.0,149,0,0
5,GAT,440.0,0,0,0
5,GAT,440.0,1,0,0
5,GAT,440.0,2,0,0
5,GAT,440.0,3,0,0
5,GAT,440.0,4,0,0
5,GAT,440.0,5,0,0
5,GAT,440.0,6,1,1
5,GAT,440.0,7,0,0
5,GAT,440.0,8,0,0
5,GAT,440.0,9,0,0
5,GAT,440.0,10,0,0
5,GAT,440.0,11,1,0
5,GAT,440.0,12,0,0
5,GAT,440.0,13,0,0
5,GAT,440.0,14,0,0
5,GAT,440.0,15,0,0
5,GAT,440.0,16,0,0
5,GAT,440.0,17,0,0
5,GAT,440.0,18,0,0
5,GAT,440.0,19,0,0
5,GAT,440.0,20,0,0
5,GAT,440.0,21,0,0
5,GAT,440.0,22,0,0
5,GAT,440.0,23,0,0
5,GAT,440.0,24,0,0
5,GAT,440.0,25,0,0
5,GAT,440.0,26,0,0
5,GAT,440.0,27,0,0
5,GAT,440.0,28,0,0
5,GAT,440.0,29,0,0
5,GAT,440.0,30,0,0
5,GAT,440.0,31,0,0
5,GAT,440.0,32,0,0
5,GAT,440.0,33,1,0
5,GAT,440.0,34,0,0
5,GAT,440.0,35,0,0
5,GAT,440.0,36,0,0
5,GAT,440.0,37,0,0
5,GAT,440.0,38,0,0
5,GAT,440.0,39,0,0
5,GAT,440.0,40,0,0
5,GAT,440.0,41,0,0
5,GAT,440.0,42,0,0
5,GAT,440.0,43,1,1
5,GAT,440.0,44,0,0
5,GAT,440.0,45,0,0
5,GAT,440.0,46,0,0
5,GAT,440.0,47,0,0
5,GAT,440.0,48,0,0
5,GAT,440.0,49,0,0
5,GAT,440.0,50,0,0
5,GAT,440.0,51,0,0
5,GAT,440.0,52,0,0
5,GAT,440.0,53,1,1
5,GAT,440.0,54,0,0
5,GAT,440.0,55,0,0
5,GAT,440.0,56,0,0
5,GAT,440.0,57,0,0
5,GAT,440.0,58,0,0
5,GAT,440.0,59,0,0
5,GAT,440.0,60,1,0
5,GAT,440.0,61,1,0
5,GAT,440.0,62,0,0
5,GAT,440.0,63,0,0
5,GAT,440.0,64,0,0
5,GAT,440.0,65,0,0
5,GAT,440.0,66,0,0
5,GAT,440.0,67,0,0
5,GAT,440.0,68,0,0
5,GAT,440.0,69,0,0
5,GAT,440.0,70,0,0
5,GAT,440.0,71,0,0
5,GAT,440.0,72,0,0
5,GAT,440.0,73,0,0
5,GAT,440.0,74,0,0
5,GAT,440.0,75,0,0
5,GAT,440.0,76,0,0
5,GAT,440.0,77,0,0
5,GAT,440.0,78,0,0
5,GAT,440.0,79,0,0
5,GAT,440.0,80,0,0
5,GAT,440.0,81,0,0
5,GAT,440.0,82,0,0
5,GAT,440.0,83,0,0
5,GAT,440.0,84,0,0
5,GAT,440.0,85,0,0
5,GAT,440.0,86,0,0
5,GAT,440.0,87,0,0
5,GAT,440.0,88,0,0
5,GAT,440.0,89,0,0
5,GAT,440.0,90,0,1
5,GAT,440.0,91,0,0
5,GAT,440.0,92,0,0
5,GAT,440.0,93,0,0
5,GAT,440.0,94,0,0
5,GAT,440.0,95,0,0
5,GAT,440.0,96,0,0
5,GAT,440.0,97,0,0
5,GAT,440.0,98,0,0
5,GAT,440.0,99,0,0
5,GAT,440.0,100,1,0
5,GAT,440.0,101,1,0
5,GAT,440.0,102,0,0
5,GAT,440.0,103,0,0
5,GAT,440.0,104,1,0
5,GAT,440.0,105,1,0
5,GAT,440.0,106,0,0
5,GAT,440.0,107,0,0
5,GAT,440.0,108,0,0
5,GAT,440.0,109,0,0
5,GAT,440.0,110,0,0
5,GAT,440.0,111,1,1
5,GAT,440.0,112,0,0
5,GAT,440.0,113,0,0
5,GAT,440.0,114,0,0
5,GAT,440.0,115,0,0
5,GAT,440.0,116,0,0
5,GAT,440.0,117,1,0
5,GAT,440.0,118,0,0
5,GAT,440.0,119,0,0
5,GAT,440.0,120,0,0
5,GAT,440.0,121,0,0
5,GAT,440.0,122,0,0
5,GAT,440.0,123,0,0
5,GAT,440.0,124,0,0
5,GAT,440.0,125,0,0
5,GAT,440.0,126,0,0
5,GAT,440.0,127,0,0
5,GAT,440.0,128,0,0
5,GAT,440.0,129,1,0
5,GAT,440.0,130,0,0
5,GAT,440.0,131,0,0
5,GAT,440.0,132,0,0
5,GAT,440.0,133,0,0
5,GAT,440.0,134,1,1
5,GAT,440.0,135,0,0
5,GAT,440.0,136,0,0
5,GAT,440.0,137,0,0
5,GAT,440.0,138,0,0
5,GAT,440.0,139,0,0
5,GAT,440.0,140,0,0
5,GAT,440.0,141,0,0
5,GAT,440.0,142,0,0
5,GAT,440.0,143,0,0
5,GAT,440.0,144,0,0
5,GAT,440.0,145,1,1
5,GAT,440.0,146,0,0
5,GAT,440.0,147,0,0
5,GAT,440.0,148,0,0
5,GAT,440.0,149,0,0
5,GAT,450.0,0,0,0
5,GAT,450.0,1,0,0
5,GAT,450.0,2,0,0
5,GAT,450.0,3,0,0
5,GAT,450.0,4,0,0
5,GAT,450.0,5,0,0
5,GAT,450.0,6,1,1
5,GAT,450.0,7,0,0
5,GAT,450.0,8,0,0
5,GAT,450.0,9,0,0
5,GAT,450.0,10,0,0
5,GAT,450.0,11,1,0
5,GAT,450.0,12,0,0
5,GAT,450.0,13,0,0
5,GAT,450.0,14,0,0
5,GAT,450.0,15,0,0
5,GAT,450.0,16,0,0
5,GAT,450.0,17,0,0
5,GAT,450.0,18,0,0
5,GAT,450.0,19,0,0
5,GAT,450.0,20,0,0
5,GAT,450.0,21,0,0
5,GAT,450.0,22,0,0
5,GAT,450.0,23,0,0
5,GAT,450.0,24,0,0
5,GAT,450.0,25,0,0
5,GAT,450.0,26,0,0
5,GAT,450.0,27,0,0
5,GAT,450.0,28,0,0
5,GAT,450.0,29,0,0
5,GAT,450.0,30,0,0
5,GAT,450.0,31,0,0
5,GAT,450.0,32,0,0
5,GAT,450.0,33,1,1
5,GAT,450.0,34,0,0
5,GAT,450.0,35,0,0
5,GAT,450.0,36,0,0
5,GAT,450.0,37,0,0
5,GAT,450.0,38,0,0
5,GAT,450.0,39,0,0
5,GAT,450.0,40,0,0
5,GAT,450.0,41,0,0
5,GAT,450.0,42,0,0
5,GAT,450.0,43,1,1
5,GAT,450.0,44,0,0
5,GAT,450.0,45,0,0
5,GAT,450.0,46,0,0
5,GAT,450.0,47,0,0
5,GAT,450.0,48,0,0
5,GAT,450.0,49,0,0
5,GAT,450.0,50,0,0
5,GAT,450.0,51,0,0
5,GAT,450.0,52,0,0
5,GAT,450.0,53,1,1
5,GAT,450.0,54,0,0
5,GAT,450.0,55,0,0
5,GAT,450.0,56,0,0
5,GAT,450.0,57,0,0
5,GAT,450.0,58,0,0
5,GAT,450.0,59,0,0
5,GAT,450.0,60,1,1
5,GAT,450.0,61,1,0
5,GAT,450.0,62,0,0
5,GAT,450.0,63,0,0
5,GAT,450.0,64,0,0
5,GAT,450.0,65,0,0
5,GAT,450.0,66,0,0
5,GAT,450.0,67,0,0
5,GAT,450.0,68,0,0
5,GAT,450.0,69,0,0
5,GAT,450.0,70,0,0
5,GAT,450.0,71,0,0
5,GAT,450.0,72,0,0
5,GAT,450.0,73,0,0
5,GAT,450.0,74,0,0
5,GAT,450.0,75,0,0
5,GAT,450.0,76,0,0
5,GAT,450.0,77,0,0
5,GAT,450.0,78,0,0
5,GAT,450.0,79,0,0
5,GAT,450.0,80,0,0
5,GAT,450.0,81,0,0
5,GAT,450.0,82,0,0
5,GAT,450.0,83,0,0
5,GAT,450.0,84,0,0
5,GAT,450.0,85,0,0
5,GAT,450.0,86,0,0
5,GAT,450.0,87,0,0
5,GAT,450.0,88,0,0
5,GAT,450.0,89,0,0
5,GAT,450.0,90,0,0
5,GAT,450.0,91,0,0
5,GAT,450.0,92,0,0
5,GAT,450.0,93,0,0
5,GAT,450.0,94,0,0
5,GAT,450.0,95,0,0
5,GAT,450.0,96,0,0
5,GAT,450.0,97,0,0
5,GAT,450.0,98,0,0
5,GAT,450.0,99,0,0
5,GAT,450.0,100,1,0
5,GAT,450.0,101,1,0
5,GAT,450.0,102,0,0
5,GAT,450.0,103,0,0
5,GAT,450.0,104,1,1
5,GAT,450.0,105,1,0
5,GAT,450.0,106,0,0
5,GAT,450.0,107,0,0
5,GAT,450.0,108,0,0
5,GAT,450.0,109,0,0
5,GAT,450.0,110,0,0
5,GAT,450.0,111,1,1
5,GAT,450.0,112,0,0
5,GAT,450.0,113,0,0
5,GAT,450.0,114,0,0
5,GAT,450.0,115,0,0
5,GAT,450.0,116,0,0
5,GAT,450.0,117,1,1
5,GAT,450.0,118,0,0
5,GAT,450.0,119,0,0
5,GAT,450.0,120,0,0
5,GAT,450.0,121,0,0
5,GAT,450.0,122,0,0
5,GAT,450.0,123,0,0
5,GAT,450.0,124,0,0
5,GAT,450.0,125,0,0
5,GAT,450.0,126,0,0
5,GAT,450.0,127,0,0
5,GAT,450.0,128,0,0
5,GAT,450.0,129,1,1
5,GAT,450.0,130,0,0
5,GAT,450.0,131,0,0
5,GAT,450.0,132,0,0
5,GAT,450.0,133,0,0
5,GAT,450.0,134,1,0
5,GAT,450.0,135,0,0
5,GAT,450.0,136,0,0
5,GAT,450.0,137,0,0
5,GAT,450.0,138,0,0
5,GAT,450.0,139,0,0
5,GAT,450.0,140,0,0
5,GAT,450.0,141,0,0
5,GAT,450.0,142,0,0
5,GAT,450.0,143,0,0
5,GAT,450.0,144,0,0
5,GAT,450.0,145,1,0
5,GAT,450.0,146,0,0
5,GAT,450.0,147,0,0
5,GAT,450.0,148,0,0
5,GAT,450.0,149,0,0
5,GAT,460.0,0,0,0
5,GAT,460.0,1,0,0
5,GAT,460.0,2,0,0
5,GAT,460.0,3,0,0
5,GAT,460.0,4,0,0
5,GAT,460.0,5,0,0
5,GAT,460.0,6,1,1
5,GAT,460.0,7,0,0
5,GAT,460.0,8,0,0
5,GAT,460.0,9,0,0
5,GAT,460.0,10,0,0
5,GAT,460.0,11,1,1
5,GAT,460.0,12,0,0
5,GAT,460.0,13,0,0
5,GAT,460.0,14,0,0
5,GAT,460.0,15,0,0
5,GAT,460.0,16,0,0
5,GAT,460.0,17,0,0
5,GAT,460.0,18,0,0
5,GAT,460.0,19,0,0
5,GAT,460.0,20,0,0
5,GAT,460.0,21,0,0
5,GAT,460.0,22,0,0
5,GAT,460.0,23,0,0
5,GAT,460.0,24,0,0
5,GAT,460.0,25,0,0
5,GAT,460.0,26,0,0
5,GAT,460.0,27,0,0
5,GAT,460.0,28,0,0
5,GAT,460.0,29,0,0
5,GAT,460.0,30,0,0
5,GAT,460.0,31,0,0
5,GAT,460.0,32,0,0
5,GAT,460.0,33,1,0
5,GAT,460.0,34,0,0
5,GAT,460.0,35,0,0
5,GAT,460.0,36,0,0
5,GAT,460.0,37,0,0
5,GAT,460.0,38,0,0
5,GAT,460.0,39,0,0
5,GAT,460.0,40,0,0
5,GAT,460.0,41,0,0
5,GAT,460.0,42,0,0
5,GAT,460.0,43,1,1
5,GAT,460.0,44,0,0
5,GAT,460.0,45,0,0
5,GAT,460.0,46,0,0
5,GAT,460.0,47,0,0
5,GAT,460.0,48,0,0
5,GAT,460.0,49,0,0
5,GAT,460.0,50,0,0
5,GAT,460.0,51,0,0
5,GAT,460.0,52,0,0
5,GAT,460.0,53,1,0
5,GAT,460.0,54,0,0
5,GAT,460.0,55,0,0
5,GAT,460.0,56,0,0
5,GAT,460.0,57,0,0
5,GAT,460.0,58,0,0
5,GAT,460.0,59,0,0
5,GAT,460.0,60,1,1
5,GAT,460.0,61,1,0
5,GAT,460.0,62,0,0
5,GAT,460.0,63,0,0
5,GAT,460.0,64,0,0
5,GAT,460.0,65,0,0
5,GAT,460.0,66,0,0
5,GAT,460.0,67,0,0
5,GAT,460.0,68,0,0
5,GAT,460.0,69,0,0
5,GAT,460.0,70,0,0
5,GAT,460.0,71,0,0
5,GAT,460.0,72,0,0
5,GAT,460.0,73,0,0
5,GAT,460.0,74,0,0
5,GAT,460.0,75,0,0
5,GAT,460.0,76,0,0
5,GAT,460.0,77,0,0
5,GAT,460.0,78,0,0
5,GAT,460.0,79,0,0
5,GAT,460.0,80,0,0
5,GAT,460.0,81,0,0
5,GAT,460.0,82,0,0
5,GAT,460.0,83,0,0
5,GAT,460.0,84,0,0
5,GAT,460.0,85,0,0
5,GAT,460.0,86,0,0
5,GAT,460.0,87,0,0
5,GAT,460.0,88,0,0
5,GAT,460.0,89,0,0
5,GAT,460.0,90,0,0
5,GAT,460.0,91,0,0
5,GAT,460.0,92,0,0
5,GAT,460.0,93,0,0
5,GAT,460.0,94,0,0
5,GAT,460.0,95,0,0
5,GAT,460.0,96,0,0
5,GAT,460.0,97,0,0
5,GAT,460.0,98,0,0
5,GAT,460.0,99,0,0
5,GAT,460.0,100,1,0
5,GAT,460.0,101,1,0
5,GAT,460.0,102,0,0
5,GAT,460.0,103,0,0
5,GAT,460.0,104,1,1
5,GAT,460.0,105,1,0
5,GAT,460.0,106,0,0
5,GAT,460.0,107,0,0
5,GAT,460.0,108,0,0
5,GAT,460.0,109,0,0
5,GAT,460.0,110,0,0
5,GAT,460.0,111,1,1
5,GAT,460.0,112,0,0
5,GAT,460.0,113,0,0
5,GAT,460.0,114,0,0
5,GAT,460.0,115,0,0
5,GAT,460.0,116,0,0
5,GAT,460.0,117,1,0
5,GAT,460.0,118,0,0
5,GAT,460.0,119,0,0
5,GAT,460.0,120,0,0
5,GAT,460.0,121,0,0
5,GAT,460.0,122,0,0
5,GAT,460.0,123,0,0
5,GAT,460.0,124,0,0
5,GAT,460.0,125,0,0
5,GAT,460.0,126,0,0
5,GAT,460.0,127,0,0
5,GAT,460.0,128,0,0
5,GAT,460.0,129,1,0
5,GAT,460.0,130,0,0
5,GAT,460.0,131,0,0
5,GAT,460.0,132,0,0
5,GAT,460.0,133,0,0
5,GAT,460.0,134,1,1
5,GAT,460.0,135,0,0
5,GAT,460.0,136,0,0
5,GAT,460.0,137,0,0
5,GAT,460.0,138,0,0
5,GAT,460.0,139,0,0
5,GAT,460.0,140,0,0
5,GAT,460.0,141,0,0
5,GAT,460.0,142,0,0
5,GAT,460.0,143,0,0
5,GAT,460.0,144,0,0
5,GAT,460.0,145,1,1
5,GAT,460.0,146,0,0
5,GAT,460.0,147,0,0
5,GAT,460.0,148,0,0
5,GAT,460.0,149,0,0
5,GAT,470.0,0,0,0
5,GAT,470.0,1,0,0
5,GAT,470.0,2,0,0
5,GAT,470.0,3,0,0
5,GAT,470.0,4,0,0
5,GAT,470.0,5,0,0
5,GAT,470.0,6,1,1
5,GAT,470.0,7,0,0
5,GAT,470.0,8,0,0
5,GAT,470.0,9,0,0
5,GAT,470.0,10,0,0
5,GAT,470.0,11,1,1
5,GAT,470.0,12,0,0
5,GAT,470.0,13,0,0
5,GAT,470.0,14,0,0
5,GAT,470.0,15,0,0
5,GAT,470.0,16,0,0
5,GAT,470.0,17,0,0
5,GAT,470.0,18,0,0
5,GAT,470.0,19,0,0
5,GAT,470.0,20,0,0
5,GAT,470.0,21,0,0
5,GAT,470.0,22,0,0
5,GAT,470.0,23,0,0
5,GAT,470.0,24,0,0
5,GAT,470.0,25,0,0
5,GAT,470.0,26,0,0
5,GAT,470.0,27,0,0
5,GAT,470.0,28,0,0
5,GAT,470.0,29,0,0
5,GAT,470.0,30,0,0
5,GAT,470.0,31,0,0
5,GAT,470.0,32,0,0
5,GAT,470.0,33,1,1
5,GAT,470.0,34,0,0
5,GAT,470.0,35,0,0
5,GAT,470.0,36,0,0
5,GAT,470.0,37,0,0
5,GAT,470.0,38,0,0
5,GAT,470.0,39,0,0
5,GAT,470.0,40,0,0
5,GAT,470.0,41,0,0
5,GAT,470.0,42,0,0
5,GAT,470.0,43,1,0
5,GAT,470.0,44,0,0
5,GAT,470.0,45,0,0
5,GAT,470.0,46,0,0
5,GAT,470.0,47,0,0
5,GAT,470.0,48,0,0
5,GAT,470.0,49,0,0
5,GAT,470.0,50,0,0
5,GAT,470.0,51,0,0
5,GAT,470.0,52,0,0
5,GAT,470.0,53,1,0
5,GAT,470.0,54,0,0
5,GAT,470.0,55,0,0
5,GAT,470.0,56,0,0
5,GAT,470.0,57,0,0
5,GAT,470.0,58,0,0
5,GAT,470.0,59,0,0
5,GAT,470.0,60,1,1
5,GAT,470.0,61,1,0
5,GAT,470.0,62,0,0
5,GAT,470.0,63,0,0
5,GAT,470.0,64,0,0
5,GAT,470.0,65,0,0
5,GAT,470.0,66,0,0
5,GAT,470.0,67,0,0
5,GAT,470.0,68,0,0
5,GAT,470.0,69,0,0
5,GAT,470.0,70,0,0
5,GAT,470.0,71,0,0
5,GAT,470.0,72,0,0
5,GAT,470.0,73,0,0
5,GAT,470.0,74,0,0
5,GAT,470.0,75,0,0
5,GAT,470.0,76,0,0
5,GAT,470.0,77,0,0
5,GAT,470.0,78,0,0
5,GAT,470.0,79,0,0
5,GAT,470.0,80,0,0
5,GAT,470.0,81,0,0
5,GAT,470.0,82,0,0
5,GAT,470.0,83,0,0
5,GAT,470.0,84,0,0
5,GAT,470.0,85,0,0
5,GAT,470.0,86,0,0
5,GAT,470.0,87,0,0
5,GAT,470.0,88,0,0
5,GAT,470.0,89,0,0
5,GAT,470.0,90,0,0
5,GAT,470.0,91,0,0
5,GAT,470.0,92,0,0
5,GAT,470.0,93,0,0
5,GAT,470.0,94,0,0
5,GAT,470.0,95,0,0
5,GAT,470.0,96,0,0
5,GAT,470.0,97,0,0
5,GAT,470.0,98,0,0
5,GAT,470.0,99,0,0
5,GAT,470.0,100,1,1
5,GAT,470.0,101,1,0
5,GAT,470.0,102,0,0
5,GAT,470.0,103,0,0
5,GAT,470.0,104,1,0
5,GAT,470.0,105,1,0
5,GAT,470.0,106,0,0
5,GAT,470.0,107,0,0
5,GAT,470.0,108,0,0
5,GAT,470.0,109,0,0
5,GAT,470.0,110,0,0
5,GAT,470.0,111,1,0
5,GAT,470.0,112,0,0
5,GAT,470.0,113,0,0
5,GAT,470.0,114,0,0
5,GAT,470.0,115,0,0
5,GAT,470.0,116,0,0
5,GAT,470.0,117,1,0
5,GAT,470.0,118,0,0
5,GAT,470.0,119,0,0
5,GAT,470.0,120,0,0
5,GAT,470.0,121,0,0
5,GAT,470.0,122,0,0
5,GAT,470.0,123,0,0
5,GAT,470.0,124,0,0
5,GAT,470.0,125,0,0
5,GAT,470.0,126,0,0
5,GAT,470.0,127,0,0
5,GAT,470.0,128,0,0
5,GAT,470.0,129,1,0
5,GAT,470.0,130,0,0
5,GAT,470.0,131,0,0
5,GAT,470.0,132,0,0
5,GAT,470.0,133,0,0
5,GAT,470.0,134,1,1
5,GAT,470.0,135,0,0
5,GAT,470.0,136,0,0
5,GAT,470.0,137,0,0
5,GAT,470.0,138,0,0
5,GAT,470.0,139,0,0
5,GAT,470.0,140,0,0
5,GAT,470.0,141,0,0
5,GAT,470.0,142,0,0
5,GAT,470.0,143,0,0
5,GAT,470.0,144,0,0
5,GAT,470.0,145,1,0
5,GAT,470.0,146,0,0
5,GAT,470.0,147,0,0
5,GAT,470.0,148,0,0
5,GAT,470.0,149,0,0
5,GAT,480.0,0,0,0
5,GAT,480.0,1,0,0
5,GAT,480.0,2,0,0
5,GAT,480.0,3,0,0
5,GAT,480.0,4,0,0
5,GAT,480.0,5,0,0
5,GAT,480.0,6,1,1
5,GAT,480.0,7,0,0
5,GAT,480.0,8,0,0
5,GAT,480.0,9,0,0
5,GAT,480.0,10,0,0
5,GAT,480.0,11,1,1
5,GAT,480.0,12,0,0
5,GAT,480.0,13,0,0
5,GAT,480.0,14,0,0
5,GAT,480.0,15,0,0
5,GAT,480.0,16,0,0
5,GAT,480.0,17,0,0
5,GAT,480.0,18,0,0
5,GAT,480.0,19,0,0
5,GAT,480.0,20,0,0
5,GAT,480.0,21,0,0
5,GAT,480.0,22,0,0
5,GAT,480.0,23,0,0
5,GAT,480.0,24,0,0
5,GAT,480.0,25,0,0
5,GAT,480.0,26,0,0
5,GAT,480.0,27,0,0
5,GAT,480.0,28,0,0
5,GAT,480.0,29,0,0
5,GAT,480.0,30,0,0
5,GAT,480.0,31,0,0
5,GAT,480.0,32,0,0
5,GAT,480.0,33,1,0
5,GAT,480.0,34,0,0
5,GAT,480.0,35,0,0
5,GAT,480.0,36,0,0
5,GAT,480.0,37,0,0
5,GAT,480.0,38,0,0
5,GAT,480.0,39,0,0
5,GAT,480.0,40,0,0
5,GAT,480.0,41,0,0
5,GAT,480.0,42,0,0
5,GAT,480.0,43,1,1
5,GAT,480.0,44,0,0
5,GAT,480.0,45,0,0
5,GAT,480.0,46,0,0
5,GAT,480.0,47,0,0
5,GAT,480.0,48,0,0
5,GAT,480.0,49,0,0
5,GAT,480.0,50,0,0
5,GAT,480.0,51,0,0
5,GAT,480.0,52,0,0
5,GAT,480.0,53,1,0
5,GAT,480.0,54,0,0
5,GAT,480.0,55,0,0
5,GAT,480.0,56,0,0
5,GAT,480.0,57,0,0
5,GAT,480.0,58,0,0
5,GAT,480.0,59,0,0
5,GAT,480.0,60,1,1
5,GAT,480.0,61,1,1
5,GAT,480.0,62,0,0
5,GAT,480.0,63,0,0
5,GAT,480.0,64,0,0
5,GAT,480.0,65,0,0
5,GAT,480.0,66,0,0
5,GAT,480.0,67,0,0
5,GAT,480.0,68,0,0
5,GAT,480.0,69,0,0
5,GAT,480.0,70,0,0
5,GAT,480.0,71,0,0
5,GAT,480.0,72,0,0
5,GAT,480.0,73,0,0
5,GAT,480.0,74,0,0
5,GAT,480.0,75,0,0
5,GAT,480.0,76,0,0
5,GAT,480.0,77,0,0
5,GAT,480.0,78,0,0
5,GAT,480.0,79,0,0
5,GAT,480.0,80,0,0
5,GAT,480.0,81,0,0
5,GAT,480.0,82,0,0
5,GAT,480.0,83,0,0
5,GAT,480.0,84,0,0
5,GAT,480.0,85,0,0
5,GAT,480.0,86,0,0
5,GAT,480.0,87,0,0
5,GAT,480.0,88,0,0
5,GAT,480.0,89,0,0
5,GAT,480.0,90,0,0
5,GAT,480.0,91,0,0
5,GAT,480.0,92,0,0
5,GAT,480.0,93,0,0
5,GAT,480.0,94,0,0
5,GAT,480.0,95,0,0
5,GAT,480.0,96,0,0
5,GAT,480.0,97,0,0
5,GAT,480.0,98,0,0
5,GAT,480.0,99,0,0
5,GAT,480.0,100,1,1
5,GAT,480.0,101,1,0
5,GAT,480.0,102,0,0
5,GAT,480.0,103,0,0
5,GAT,480.0,104,1,0
5,GAT,480.0,105,1,1
5,GAT,480.0,106,0,0
5,GAT,480.0,107,0,0
5,GAT,480.0,108,0,0
5,GAT,480.0,109,0,0
5,GAT,480.0,110,0,0
5,GAT,480.0,111,1,1
5,GAT,480.0,112,0,0
5,GAT,480.0,113,0,0
5,GAT,480.0,114,0,0
5,GAT,480.0,115,0,0
5,GAT,480.0,116,0,0
5,GAT,480.0,117,1,0
5,GAT,480.0,118,0,0
5,GAT,480.0,119,0,0
5,GAT,480.0,120,0,0
5,GAT,480.0,121,0,0
5,GAT,480.0,122,0,0
5,GAT,480.0,123,0,0
5,GAT,480.0,124,0,0
5,GAT,480.0,125,0,0
5,GAT,480.0,126,0,0
5,GAT,480.0,127,0,0
5,GAT,480.0,128,0,0
5,GAT,480.0,129,1,1
5,GAT,480.0,130,0,0
5,GAT,480.0,131,0,0
5,GAT,480.0,132,0,0
5,GAT,480.0,133,0,0
5,GAT,480.0,134,1,1
5,GAT,480.0,135,0,0
5,GAT,480.0,136,0,0
5,GAT,480.0,137,0,0
5,GAT,480.0,138,0,0
5,GAT,480.0,139,0,0
5,GAT,480.0,140,0,0
5,GAT,480.0,141,0,0
5,GAT,480.0,142,0,0
5,GAT,480.0,143,0,0
5,GAT,480.0,144,0,0
5,GAT,480.0,145,1,0
5,GAT,480.0,146,0,0
5,GAT,480.0,147,0,0
5,GAT,480.0,148,0,0
5,GAT,480.0,149,0,0
5,GAT,490.0,0,0,0
5,GAT,490.0,1,0,0
5,GAT,490.0,2,0,0
5,GAT,490.0,3,0,0
5,GAT,490.0,4,0,0
5,GAT,490.0,5,0,0
5,GAT,490.0,6,1,1
5,GAT,490.0,7,0,0
5,GAT,490.0,8,0,0
5,GAT,490.0,9,0,0
5,GAT,490.0,10,0,0
5,GAT,490.0,11,1,0
5,GAT,490.0,12,0,0
5,GAT,490.0,13,0,0
5,GAT,490.0,14,0,0
5,GAT,490.0,15,0,0
5,GAT,490.0,16,0,0
5,GAT,490.0,17,0,0
5,GAT,490.0,18,0,0
5,GAT,490.0,19,0,0
5,GAT,490.0,20,0,0
5,GAT,490.0,21,0,0
5,GAT,490.0,22,0,0
5,GAT,490.0,23,0,0
5,GAT,490.0,24,0,0
5,GAT,490.0,25,0,0
5,GAT,490.0,26,0,0
5,GAT,490.0,27,0,0
5,GAT,490.0,28,0,0
5,GAT,490.0,29,0,0
5,GAT,490.0,30,0,0
5,GAT,490.0,31,0,0
5,GAT,490.0,32,0,0
5,GAT,490.0,33,1,1
5,GAT,490.0,34,0,0
5,GAT,490.0,35,0,0
5,GAT,490.0,36,0,0
5,GAT,490.0,37,0,0
5,GAT,490.0,38,0,0
5,GAT,490.0,39,0,0
5,GAT,490.0,40,0,0
5,GAT,490.0,41,0,0
5,GAT,490.0,42,0,0
5,GAT,490.0,43,1,0
5,GAT,490.0,44,0,0
5,GAT,490.0,45,0,0
5,GAT,490.0,46,0,0
5,GAT,490.0,47,0,0
5,GAT,490.0,48,0,0
5,GAT,490.0,49,0,0
5,GAT,490.0,50,0,0
5,GAT,490.0,51,0,0
5,GAT,490.0,52,0,0
5,GAT,490.0,53,1,0
5,GAT,490.0,54,0,0
5,GAT,490.0,55,0,0
5,GAT,490.0,56,0,0
5,GAT,490.0,57,0,0
5,GAT,490.0,58,0,0
5,GAT,490.0,59,0,0
5,GAT,490.0,60,1,1
5,GAT,490.0,61,1,1
5,GAT,490.0,62,0,0
5,GAT,490.0,63,0,0
5,GAT,490.0,64,0,0
5,GAT,490.0,65,0,0
5,GAT,490.0,66,0,0
5,GAT,490.0,67,0,0
5,GAT,490.0,68,0,0
5,GAT,490.0,69,0,0
5,GAT,490.0,70,0,0
5,GAT,490.0,71,0,0
5,GAT,490.0,72,0,0
5,GAT,490.0,73,0,0
5,GAT,490.0,74,0,0
5,GAT,490.0,75,0,0
5,GAT,490.0,76,0,0
5,GAT,490.0,77,0,0
5,GAT,490.0,78,0,0
5,GAT,490.0,79,0,0
5,GAT,490.0,80,0,0
5,GAT,490.0,81,0,0
5,GAT,490.0,82,0,0
5,GAT,490.0,83,0,0
5,GAT,490.0,84,0,0
5,GAT,490.0,85,0,0
5,GAT,490.0,86,0,0
5,GAT,490.0,87,0,0
5,GAT,490.0,88,0,0
5,GAT,490.0,89,0,0
5,GAT,490.0,90,0,0
5,GAT,490.0,91,0,0
5,GAT,490.0,92,0,0
5,GAT,490.0,93,0,0
5,GAT,490.0,94,0,0
5,GAT,490.0,95,0,0
5,GAT,490.0,96,0,0
5,GAT,490.0,97,0,0
5,GAT,490.0,98,0,0
5,GAT,490.0,99,0,0
5,GAT,490.0,100,1,0
5,GAT,490.0,101,1,0
5,GAT,490.0,102,0,0
5,GAT,490.0,103,0,0
5,GAT,490.0,104,1,1
5,GAT,490.0,105,1,1
5,GAT,490.0,106,0,0
5,GAT,490.0,107,0,0
5,GAT,490.0,108,0,0
5,GAT,490.0,109,0,0
5,GAT,490.0,110,0,0
5,GAT,490.0,111,1,1
5,GAT,490.0,112,0,0
5,GAT,490.0,113,0,0
5,GAT,490.0,114,0,0
5,GAT,490.0,115,0,0
5,GAT,490.0,116,0,0
5,GAT,490.0,117,1,0
5,GAT,490.0,118,0,0
5,GAT,490.0,119,0,0
5,GAT,490.0,120,0,0
5,GAT,490.0,121,0,0
5,GAT,490.0,122,0,0
5,GAT,490.0,123,0,0
5,GAT,490.0,124,0,0
5,GAT,490.0,125,0,0
5,GAT,490.0,126,0,0
5,GAT,490.0,127,0,0
5,GAT,490.0,128,0,0
5,GAT,490.0,129,1,1
5,GAT,490.0,130,0,0
5,GAT,490.0,131,0,0
5,GAT,490.0,132,0,0
5,GAT,490.0,133,0,0
5,GAT,490.0,134,1,0
5,GAT,490.0,135,0,0
5,GAT,490.0,136,0,0
5,GAT,490.0,137,0,0
5,GAT,490.0,138,0,0
5,GAT,490.0,139,0,0
5,GAT,490.0,140,0,0
5,GAT,490.0,141,0,0
5,GAT,490.0,142,0,0
5,GAT,490.0,143,0,0
5,GAT,490.0,144,0,0
5,GAT,490.0,145,1,0
5,GAT,490.0,146,0,0
5,GAT,490.0,147,0,0
5,GAT,490.0,148,0,0
5,GAT,490.0,149,0,0
5,GAT,500.0,0,0,0
5,GAT,500.0,1,0,0
5,GAT,500.0,2,0,0
5,GAT,500.0,3,0,0
5,GAT,500.0,4,0,0
5,GAT,500.0,5,0,0
5,GAT,500.0,6,1,1
5,GAT,500.0,7,0,0
5,GAT,500.0,8,0,0
5,GAT,500.0,9,0,0
5,GAT,500.0,10,0,0
5,GAT,500.0,11,1,0
5,GAT,500.0,12,0,0
5,GAT,500.0,13,0,0
5,GAT,500.0,14,0,0
5,GAT,500.0,15,0,0
5,GAT,500.0,16,0,0
5,GAT,500.0,17,0,0
5,GAT,500.0,18,0,0
5,GAT,500.0,19,0,0
5,GAT,500.0,20,0,0
5,GAT,500.0,21,0,0
5,GAT,500.0,22,0,0
5,GAT,500.0,23,0,0
5,GAT,500.0,24,0,0
5,GAT,500.0,25,0,0
5,GAT,500.0,26,0,0
5,GAT,500.0,27,0,0
5,GAT,500.0,28,0,0
5,GAT,500.0,29,0,0
5,GAT,500.0,30,0,0
5,GAT,500.0,31,0,0
5,GAT,500.0,32,0,0
5,GAT,500.0,33,1,1
5,GAT,500.0,34,0,0
5,GAT,500.0,35,0,0
5,GAT,500.0,36,0,0
5,GAT,500.0,37,0,0
5,GAT,500.0,38,0,0
5,GAT,500.0,39,0,0
5,GAT,500.0,40,0,0
5,GAT,500.0,41,0,0
5,GAT,500.0,42,0,0
5,GAT,500.0,43,1,0
5,GAT,500.0,44,0,0
5,GAT,500.0,45,0,1
5,GAT,500.0,46,0,0
5,GAT,500.0,47,0,0
5,GAT,500.0,48,0,0
5,GAT,500.0,49,0,0
5,GAT,500.0,50,0,0
5,GAT,500.0,51,0,0
5,GAT,500.0,52,0,0
5,GAT,500.0,53,1,1
5,GAT,500.0,54,0,0
5,GAT,500.0,55,0,0
5,GAT,500.0,56,0,0
5,GAT,500.0,57,0,0
5,GAT,500.0,58,0,0
5,GAT,500.0,59,0,0
5,GAT,500.0,60,1,1
5,GAT,500.0,61,1,1
5,GAT,500.0,62,0,0
5,GAT,500.0,63,0,0
5,GAT,500.0,64,0,0
5,GAT,500.0,65,0,0
5,GAT,500.0,66,0,0
5,GAT,500.0,67,0,0
5,GAT,500.0,68,0,0
5,GAT,500.0,69,0,0
5,GAT,500.0,70,0,0
5,GAT,500.0,71,0,0
5,GAT,500.0,72,0,0
5,GAT,500.0,73,0,0
5,GAT,500.0,74,0,0
5,GAT,500.0,75,0,0
5,GAT,500.0,76,0,0
5,GAT,500.0,77,0,0
5,GAT,500.0,78,0,0
5,GAT,500.0,79,0,0
5,GAT,500.0,80,0,0
5,GAT,500.0,81,0,0
5,GAT,500.0,82,0,0
5,GAT,500.0,83,0,0
5,GAT,500.0,84,0,0
5,GAT,500.0,85,0,0
5,GAT,500.0,86,0,0
5,GAT,500.0,87,0,0
5,GAT,500.0,88,0,0
5,GAT,500.0,89,0,0
5,GAT,500.0,90,0,0
5,GAT,500.0,91,0,0
5,GAT,500.0,92,0,0
5,GAT,500.0,93,0,0
5,GAT,500.0,94,0,0
5,GAT,500.0,95,0,0
5,GAT,500.0,96,0,0
5,GAT,500.0,97,0,0
5,GAT,500.0,98,0,0
5,GAT,500.0,99,0,0
5,GAT,500.0,100,1,0
5,GAT,500.0,101,1,0
5,GAT,500.0,102,0,0
5,GAT,500.0,103,0,0
5,GAT,500.0,104,1,1
5,GAT,500.0,105,1,1
5,GAT,500.0,106,0,0
5,GAT,500.0,107,0,0
5,GAT,500.0,108,0,0
5,GAT,500.0,109,0,0
5,GAT,500.0,110,0,0
5,GAT,500.0,111,1,0
5,GAT,500.0,112,0,0
5,GAT,500.0,113,0,0
5,GAT,500.0,114,0,0
5,GAT,500.0,115,0,0
5,GAT,500.0,116,0,0
5,GAT,500.0,117,1,0
5,GAT,500.0,118,0,0
5,GAT,500.0,119,0,0
5,GAT,500.0,120,0,0
5,GAT,500.0,121,0,0
5,GAT,500.0,122,0,0
5,GAT,500.0,123,0,0
5,GAT,500.0,124,0,0
5,GAT,500.0,125,0,0
5,GAT,500.0,126,0,0
5,GAT,500.0,127,0,0
5,GAT,500.0,128,0,0
5,GAT,500.0,129,1,1
5,GAT,500.0,130,0,0
5,GAT,500.0,131,0,0
5,GAT,500.0,132,0,0
5,GAT,500.0,133,0,0
5,GAT,500.0,134,1,1
5,GAT,500.0,135,0,0
5,GAT,500.0,136,0,0
5,GAT,500.0,137,0,0
5,GAT,500.0,138,0,0
5,GAT,500.0,139,0,0
5,GAT,500.0,140,0,0
5,GAT,500.0,141,0,0
5,GAT,500.0,142,0,0
5,GAT,500.0,143,0,0
5,GAT,500.0,144,0,0
5,GAT,500.0,145,1,0
5,GAT,500.0,146,0,0
5,GAT,500.0,147,0,0
5,GAT,500.0,148,0,0
5,GAT,500.0,149,0,0
5,EvolveGCN-H,350.0,0,0,0
5,EvolveGCN-H,350.0,1,0,0
5,EvolveGCN-H,350.0,2,0,0
5,EvolveGCN-H,350.0,3,0,0
5,EvolveGCN-H,350.0,4,0,0
5,EvolveGCN-H,350.0,5,0,0
5,EvolveGCN-H,350.0,6,1,0
5,EvolveGCN-H,350.0,7,0,0
5,EvolveGCN-H,350.0,8,0,0
5,EvolveGCN-H,350.0,9,0,0
5,EvolveGCN-H,350.0,10,0,0
5,EvolveGCN-H,350.0,11,1,0
5,EvolveGCN-H,350.0,12,0,0
5,EvolveGCN-H,350.0,13,0,0
5,EvolveGCN-H,350.0,14,0,0
5,EvolveGCN-H,350.0,15,0,0
5,EvolveGCN-H,350.0,16,0,0
5,EvolveGCN-H,350.0,17,0,0
5,EvolveGCN-H,350.0,18,0,0
5,EvolveGCN-H,350.0,19,0,0
5,EvolveGCN-H,350.0,20,0,0
5,EvolveGCN-H,350.0,21,0,0
5,EvolveGCN-H,350.0,22,0,0
5,EvolveGCN-H,350.0,23,0,0
5,EvolveGCN-H,350.0,24,0,0
5,EvolveGCN-H,350.0,25,0,0
5,EvolveGCN-H,350.0,26,0,0
5,EvolveGCN-H,350.0,27,0,0
5,EvolveGCN-H,350.0,28,0,0
5,EvolveGCN-H,350.0,29,0,0
5,EvolveGCN-H,350.0,30,0,0
5,EvolveGCN-H,350.0,31,0,0
5,EvolveGCN-H,350.0,32,0,0
5,EvolveGCN-H,350.0,33,1,0
5,EvolveGCN-H,350.0,34,0,0
5,EvolveGCN-H,350.0,35,0,0
5,EvolveGCN-H,350.0,36,0,0
5,EvolveGCN-H,350.0,37,0,0
5,EvolveGCN-H,350.0,38,0,0
5,EvolveGCN-H,350.0,39,0,0
5,EvolveGCN-H,350.0,40,0,0
5,EvolveGCN-H,350.0,41,0,0
5,EvolveGCN-H,350.0,42,0,0
5,EvolveGCN-H,350.0,43,1,0
5,EvolveGCN-H,350.0,44,0,0
5,EvolveGCN-H,350.0,45,0,0
5,EvolveGCN-H,350.0,46,0,0
5,EvolveGCN-H,350.0,47,0,0
5,EvolveGCN-H,350.0,48,0,0
5,EvolveGCN-H,350.0,49,0,0
5,EvolveGCN-H,350.0,50,0,0
5,EvolveGCN-H,350.0,51,0,0
5,EvolveGCN-H,350.0,52,0,0
5,EvolveGCN-H,350.0,53,1,0
5,EvolveGCN-H,350.0,54,0,0
5,EvolveGCN-H,350.0,55,0,0
5,EvolveGCN-H,350.0,56,0,0
5,EvolveGCN-H,350.0,57,0,0
5,EvolveGCN-H,350.0,58,0,0
5,EvolveGCN-H,350.0,59,0,0
5,EvolveGCN-H,350.0,60,1,0
5,EvolveGCN-H,350.0,61,1,0
5,EvolveGCN-H,350.0,62,0,0
5,EvolveGCN-H,350.0,63,0,0
5,EvolveGCN-H,350.0,64,0,0
5,EvolveGCN-H,350.0,65,0,0
5,EvolveGCN-H,350.0,66,0,0
5,EvolveGCN-H,350.0,67,0,0
5,EvolveGCN-H,350.0,68,0,0
5,EvolveGCN-H,350.0,69,0,0
5,EvolveGCN-H,350.0,70,0,0
5,EvolveGCN-H,350.0,71,0,0
5,EvolveGCN-H,350.0,72,0,0
5,EvolveGCN-H,350.0,73,0,0
5,EvolveGCN-H,350.0,74,0,0
5,EvolveGCN-H,350.0,75,0,0
5,EvolveGCN-H,350.0,76,0,0
5,EvolveGCN-H,350.0,77,0,0
5,EvolveGCN-H,350.0,78,0,0
5,EvolveGCN-H,350.0,79,0,0
5,EvolveGCN-H,350.0,80,0,0
5,EvolveGCN-H,350.0,81,0,0
5,EvolveGCN-H,350.0,82,0,0
5,EvolveGCN-H,350.0,83,0,0
5,EvolveGCN-H,350.0,84,0,0
5,EvolveGCN-H,350.0,85,0,0
5,EvolveGCN-H,350.0,86,0,0
5,EvolveGCN-H,350.0,87,0,0
5,EvolveGCN-H,350.0,88,0,0
5,EvolveGCN-H,350.0,89,0,0
5,EvolveGCN-H,350.0,90,0,0
5,EvolveGCN-H,350.0,91,0,0
5,EvolveGCN-H,350.0,92,0,0
5,EvolveGCN-H,350.0,93,0,0
5,EvolveGCN-H,350.0,94,0,0
5,EvolveGCN-H,350.0,95,0,0
5,EvolveGCN-H,350.0,96,0,0
5,EvolveGCN-H,350.0,97,0,0
5,EvolveGCN-H,350.0,98,0,0
5,EvolveGCN-H,350.0,99,0,0
5,EvolveGCN-H,350.0,100,1,0
5,EvolveGCN-H,350.0,101,1,0
5,EvolveGCN-H,350.0,102,0,0
5,EvolveGCN-H,350.0,103,0,0
5,EvolveGCN-H,350.0,104,1,0
5,EvolveGCN-H,350.0,105,1,0
5,EvolveGCN-H,350.0,106,0,0
5,EvolveGCN-H,350.0,107,0,0
5,EvolveGCN-H,350.0,108,0,0
5,EvolveGCN-H,350.0,109,0,0
5,EvolveGCN-H,350.0,110,0,0
5,EvolveGCN-H,350.0,111,1,0
5,EvolveGCN-H,350.0,112,0,0
5,EvolveGCN-H,350.0,113,0,0
5,EvolveGCN-H,350.0,114,0,0
5,EvolveGCN-H,350.0,115,0,0
5,EvolveGCN-H,350.0,116,0,0
5,EvolveGCN-H,350.0,117,1,0
5,EvolveGCN-H,350.0,118,0,0
5,EvolveGCN-H,350.0,119,0,0
5,EvolveGCN-H,350.0,120,0,0
5,EvolveGCN-H,350.0,121,0,0
5,EvolveGCN-H,350.0,122,0,0
5,EvolveGCN-H,350.0,123,0,0
5,EvolveGCN-H,350.0,124,0,0
5,EvolveGCN-H,350.0,125,0,0
5,EvolveGCN-H,350.0,126,0,0
5,EvolveGCN-H,350.0,127,0,0
5,EvolveGCN-H,350.0,128,0,0
5,EvolveGCN-H,350.0,129,1,0
5,EvolveGCN-H,350.0,130,0,0
5,EvolveGCN-H,350.0,131,0,0
5,EvolveGCN-H,350.0,132,0,0
5,EvolveGCN-H,350.0,133,0,0
5,EvolveGCN-H,350.0,134,1,0
5,EvolveGCN-H,350.0,135,0,0
5,EvolveGCN-H,350.0,136,0,0
5,EvolveGCN-H,350.0,137,0,0
5,EvolveGCN-H,350.0,138,0,0
5,EvolveGCN-H,350.0,139,0,0
5,EvolveGCN-H,350.0,140,0,0
5,EvolveGCN-H,350.0,141,0,0
5,EvolveGCN-H,350.0,142,0,0
5,EvolveGCN-H,350.0,143,0,0
5,EvolveGCN-H,350.0,144,0,0
5,EvolveGCN-H,350.0,145,1,0
5,EvolveGCN-H,350.0,146,0,0
5,EvolveGCN-H,350.0,147,0,0
5,EvolveGCN-H,350.0,148,0,0
5,EvolveGCN-H,350.0,149,0,0
5,EvolveGCN-H,360.0,0,0,0
5,EvolveGCN-H,360.0,1,0,0
5,EvolveGCN-H,360.0,2,0,0
5,EvolveGCN-H,360.0,3,0,0
5,EvolveGCN-H,360.0,4,0,0
5,EvolveGCN-H,360.0,5,0,0
5,EvolveGCN-H,360.0,6,1,0
5,EvolveGCN-H,360.0,7,0,0
5,EvolveGCN-H,360.0,8,0,0
5,EvolveGCN-H,360.0,9,0,0
5,EvolveGCN-H,360.0,10,0,0
5,EvolveGCN-H,360.0,11,1,0
5,EvolveGCN-H,360.0,12,0,0
5,EvolveGCN-H,360.0,13,0,0
5,EvolveGCN-H,360.0,14,0,0
5,EvolveGCN-H,360.0,15,0,0
5,EvolveGCN-H,360.0,16,0,0
5,EvolveGCN-H,360.0,17,0,0
5,EvolveGCN-H,360.0,18,0,0
5,EvolveGCN-H,360.0,19,0,0
5,EvolveGCN-H,360.0,20,0,0
5,EvolveGCN-H,360.0,21,0,0
5,EvolveGCN-H,360.0,22,0,0
5,EvolveGCN-H,360.0,23,0,0
5,EvolveGCN-H,360.0,24,0,0
5,EvolveGCN-H,360.0,25,0,0
5,EvolveGCN-H,360.0,26,0,0
5,EvolveGCN-H,360.0,27,0,0
5,EvolveGCN-H,360.0,28,0,0
5,EvolveGCN-H,360.0,29,0,0
5,EvolveGCN-H,360.0,30,0,0
5,EvolveGCN-H,360.0,31,0,0
5,EvolveGCN-H,360.0,32,0,0
5,EvolveGCN-H,360.0,33,1,0
5,EvolveGCN-H,360.0,34,0,0
5,EvolveGCN-H,360.0,35,0,0
5,EvolveGCN-H,360.0,36,0,0
5,EvolveGCN-H,360.0,37,0,0
5,EvolveGCN-H,360.0,38,0,0
5,EvolveGCN-H,360.0,39,0,0
5,EvolveGCN-H,360.0,40,0,0
5,EvolveGCN-H,360.0,41,0,0
5,EvolveGCN-H,360.0,42,0,0
5,EvolveGCN-H,360.0,43,1,0
5,EvolveGCN-H,360.0,44,0,0
5,EvolveGCN-H,360.0,45,0,0
5,EvolveGCN-H,360.0,46,0,0
5,EvolveGCN-H,360.0,47,0,0
5,EvolveGCN-H,360.0,48,0,0
5,EvolveGCN-H,360.0,49,0,0
5,EvolveGCN-H,360.0,50,0,0
5,EvolveGCN-H,360.0,51,0,0
5,EvolveGCN-H,360.0,52,0,0
5,EvolveGCN-H,360.0,53,1,0
5,EvolveGCN-H,360.0,54,0,0
5,EvolveGCN-H,360.0,55,0,0
5,EvolveGCN-H,360.0,56,0,0
5,EvolveGCN-H,360.0,57,0,0
5,EvolveGCN-H,360.0,58,0,0
5,EvolveGCN-H,360.0,59,0,0
5,EvolveGCN-H,360.0,60,1,0
5,EvolveGCN-H,360.0,61,1,0
5,EvolveGCN-H,360.0,62,0,0
5,EvolveGCN-H,360.0,63,0,0
5,EvolveGCN-H,360.0,64,0,0
5,EvolveGCN-H,360.0,65,0,0
5,EvolveGCN-H,360.0,66,0,0
5,EvolveGCN-H,360.0,67,0,0
5,EvolveGCN-H,360.0,68,0,0
5,EvolveGCN-H,360.0,69,0,0
5,EvolveGCN-H,360.0,70,0,0
5,EvolveGCN-H,360.0,71,0,0
5,EvolveGCN-H,360.0,72,0,0
5,EvolveGCN-H,360.0,73,0,0
5,EvolveGCN-H,360.0,74,0,0
5,EvolveGCN-H,360.0,75,0,0
5,EvolveGCN-H,360.0,76,0,0
5,EvolveGCN-H,360.0,77,0,0
5,EvolveGCN-H,360.0,78,0,0
5,EvolveGCN-H,360.0,79,0,0
5,EvolveGCN-H,360.0,80,0,0
5,EvolveGCN-H,360.0,81,0,0
5,EvolveGCN-H,360.0,82,0,0
5,EvolveGCN-H,360.0,83,0,0
5,EvolveGCN-H,360.0,84,0,0
5,EvolveGCN-H,360.0,85,0,0
5,EvolveGCN-H,360.0,86,0,0
5,EvolveGCN-H,360.0,87,0,0
5,EvolveGCN-H,360.0,88,0,0
5,EvolveGCN-H,360.0,89,0,0
5,EvolveGCN-H,360.0,90,0,0
5,EvolveGCN-H,360.0,91,0,0
5,EvolveGCN-H,360.0,92,0,0
5,EvolveGCN-H,360.0,93,0,0
5,EvolveGCN-H,360.0,94,0,0
5,EvolveGCN-H,360.0,95,0,0
5,EvolveGCN-H,360.0,96,0,0
5,EvolveGCN-H,360.0,97,0,0
5,EvolveGCN-H,360.0,98,0,0
5,EvolveGCN-H,360.0,99,0,0
5,EvolveGCN-H,360.0,100,1,0
5,EvolveGCN-H,360.0,101,1,0
5,EvolveGCN-H,360.0,102,0,0
5,EvolveGCN-H,360.0,103,0,0
5,EvolveGCN-H,360.0,104,1,0
5,EvolveGCN-H,360.0,105,1,0
5,EvolveGCN-H,360.0,106,0,0
5,EvolveGCN-H,360.0,107,0,0
5,EvolveGCN-H,360.0,108,0,0
5,EvolveGCN-H,360.0,109,0,0
5,EvolveGCN-H,360.0,110,0,0
5,EvolveGCN-H,360.0,111,1,0
5,EvolveGCN-H,360.0,112,0,0
5,EvolveGCN-H,360.0,113,0,0
5,EvolveGCN-H,360.0,114,0,0
5,EvolveGCN-H,360.0,115,0,0
5,EvolveGCN-H,360.0,116,0,0
5,EvolveGCN-H,360.0,117,1,0
5,EvolveGCN-H,360.0,118,0,0
5,EvolveGCN-H,360.0,119,0,0
5,EvolveGCN-H,360.0,120,0,0
5,EvolveGCN-H,360.0,121,0,0
5,EvolveGCN-H,360.0,122,0,0
5,EvolveGCN-H,360.0,123,0,0
5,EvolveGCN-H,360.0,124,0,0
5,EvolveGCN-H,360.0,125,0,0
5,EvolveGCN-H,360.0,126,0,0
5,EvolveGCN-H,360.0,127,0,0
5,EvolveGCN-H,360.0,128,0,0
5,EvolveGCN-H,360.0,129,1,0
5,EvolveGCN-H,360.0,130,0,0
5,EvolveGCN-H,360.0,131,0,0
5,EvolveGCN-H,360.0,132,0,0
5,EvolveGCN-H,360.0,133,0,0
5,EvolveGCN-H,360.0,134,1,0
5,EvolveGCN-H,360.0,135,0,0
5,EvolveGCN-H,360.0,136,0,0
5,EvolveGCN-H,360.0,137,0,0
5,EvolveGCN-H,360.0,138,0,0
5,EvolveGCN-H,360.0,139,0,0
5,EvolveGCN-H,360.0,140,0,0
5,EvolveGCN-H,360.0,141,0,0
5,EvolveGCN-H,360.0,142,0,0
5,EvolveGCN-H,360.0,143,0,0
5,EvolveGCN-H,360.0,144,0,0
5,EvolveGCN-H,360.0,145,1,0
5,EvolveGCN-H,360.0,146,0,0
5,EvolveGCN-H,360.0,147,0,0
5,EvolveGCN-H,360.0,148,0,0
5,EvolveGCN-H,360.0,149,0,0
5,EvolveGCN-H,370.0,0,0,0
5,EvolveGCN-H,370.0,1,0,0
5,EvolveGCN-H,370.0,2,0,0
5,EvolveGCN-H,370.0,3,0,0
5,EvolveGCN-H,370.0,4,0,0
5,EvolveGCN-H,370.0,5,0,0
5,EvolveGCN-H,370.0,6,1,0
5,EvolveGCN-H,370.0,7,0,0
5,EvolveGCN-H,370.0,8,0,0
5,EvolveGCN-H,370.0,9,0,0
5,EvolveGCN-H,370.0,10,0,0
5,EvolveGCN-H,370.0,11,1,0
5,EvolveGCN-H,370.0,12,0,0
5,EvolveGCN-H,370.0,13,0,0
5,EvolveGCN-H,370.0,14,0,0
5,EvolveGCN-H,370.0,15,0,0
5,EvolveGCN-H,370.0,16,0,0
5,EvolveGCN-H,370.0,17,0,0
5,EvolveGCN-H,370.0,18,0,0
5,EvolveGCN-H,370.0,19,0,0
5,EvolveGCN-H,370.0,20,0,0
5,EvolveGCN-H,370.0,21,0,0
5,EvolveGCN-H,370.0,22,0,0
5,EvolveGCN-H,370.0,23,0,0
5,EvolveGCN-H,370.0,24,0,0
5,EvolveGCN-H,370.0,25,0,0
5,EvolveGCN-H,370.0,26,0,0
5,EvolveGCN-H,370.0,27,0,0
5,EvolveGCN-H,370.0,28,0,0
5,EvolveGCN-H,370.0,29,0,0
5,EvolveGCN-H,370.0,30,0,0
5,EvolveGCN-H,370.0,31,0,0
5,EvolveGCN-H,370.0,32,0,0
5,EvolveGCN-H,370.0,33,1,0
5,EvolveGCN-H,370.0,34,0,0
5,EvolveGCN-H,370.0,35,0,0
5,EvolveGCN-H,370.0,36,0,0
5,EvolveGCN-H,370.0,37,0,0
5,EvolveGCN-H,370.0,38,0,0
5,EvolveGCN-H,370.0,39,0,0
5,EvolveGCN-H,370.0,40,0,0
5,EvolveGCN-H,370.0,41,0,0
5,EvolveGCN-H,370.0,42,0,0
5,EvolveGCN-H,370.0,43,1,0
5,EvolveGCN-H,370.0,44,0,0
5,EvolveGCN-H,370.0,45,0,0
5,EvolveGCN-H,370.0,46,0,0
5,EvolveGCN-H,370.0,47,0,0
5,EvolveGCN-H,370.0,48,0,0
5,EvolveGCN-H,370.0,49,0,0
5,EvolveGCN-H,370.0,50,0,0
5,EvolveGCN-H,370.0,51,0,0
5,EvolveGCN-H,370.0,52,0,0
5,EvolveGCN-H,370.0,53,1,0
5,EvolveGCN-H,370.0,54,0,0
5,EvolveGCN-H,370.0,55,0,0
5,EvolveGCN-H,370.0,56,0,0
5,EvolveGCN-H,370.0,57,0,0
5,EvolveGCN-H,370.0,58,0,0
5,EvolveGCN-H,370.0,59,0,0
5,EvolveGCN-H,370.0,60,1,0
5,EvolveGCN-H,370.0,61,1,0
5,EvolveGCN-H,370.0,62,0,0
5,EvolveGCN-H,370.0,63,0,0
5,EvolveGCN-H,370.0,64,0,0
5,EvolveGCN-H,370.0,65,0,0
5,EvolveGCN-H,370.0,66,0,0
5,EvolveGCN-H,370.0,67,0,0
5,EvolveGCN-H,370.0,68,0,0
5,EvolveGCN-H,370.0,69,0,0
5,EvolveGCN-H,370.0,70,0,0
5,EvolveGCN-H,370.0,71,0,0
5,EvolveGCN-H,370.0,72,0,0
5,EvolveGCN-H,370.0,73,0,0
5,EvolveGCN-H,370.0,74,0,0
5,EvolveGCN-H,370.0,75,0,0
5,EvolveGCN-H,370.0,76,0,0
5,EvolveGCN-H,370.0,77,0,0
5,EvolveGCN-H,370.0,78,0,0
5,EvolveGCN-H,370.0,79,0,0
5,EvolveGCN-H,370.0,80,0,0
5,EvolveGCN-H,370.0,81,0,0
5,EvolveGCN-H,370.0,82,0,0
5,EvolveGCN-H,370.0,83,0,0
5,EvolveGCN-H,370.0,84,0,0
5,EvolveGCN-H,370.0,85,0,0
5,EvolveGCN-H,370.0,86,0,0
5,EvolveGCN-H,370.0,87,0,0
5,EvolveGCN-H,370.0,88,0,0
5,EvolveGCN-H,370.0,89,0,0
5,EvolveGCN-H,370.0,90,0,0
5,EvolveGCN-H,370.0,91,0,0
5,EvolveGCN-H,370.0,92,0,0
5,EvolveGCN-H,370.0,93,0,0
5,EvolveGCN-H,370.0,94,0,0
5,EvolveGCN-H,370.0,95,0,0
5,EvolveGCN-H,370.0,96,0,0
5,EvolveGCN-H,370.0,97,0,0
5,EvolveGCN-H,370.0,98,0,0
5,EvolveGCN-H,370.0,99,0,0
5,EvolveGCN-H,370.0,100,1,0
5,EvolveGCN-H,370.0,101,1,0
5,EvolveGCN-H,370.0,102,0,0
5,EvolveGCN-H,370.0,103,0,0
5,EvolveGCN-H,370.0,104,1,0
5,EvolveGCN-H,370.0,105,1,0
5,EvolveGCN-H,370.0,106,0,0
5,EvolveGCN-H,370.0,107,0,0
5,EvolveGCN-H,370.0,108,0,0
5,EvolveGCN-H,370.0,109,0,0
5,EvolveGCN-H,370.0,110,0,0
5,EvolveGCN-H,370.0,111,1,0
5,EvolveGCN-H,370.0,112,0,0
5,EvolveGCN-H,370.0,113,0,0
5,EvolveGCN-H,370.0,114,0,0
5,EvolveGCN-H,370.0,115,0,0
5,EvolveGCN-H,370.0,116,0,0
5,EvolveGCN-H,370.0,117,1,0
5,EvolveGCN-H,370.0,118,0,0
5,EvolveGCN-H,370.0,119,0,0
5,EvolveGCN-H,370.0,120,0,0
5,EvolveGCN-H,370.0,121,0,0
5,EvolveGCN-H,370.0,122,0,0
5,EvolveGCN-H,370.0,123,0,0
5,EvolveGCN-H,370.0,124,0,0
5,EvolveGCN-H,370.0,125,0,0
5,EvolveGCN-H,370.0,126,0,0
5,EvolveGCN-H,370.0,127,0,0
5,EvolveGCN-H,370.0,128,0,0
5,EvolveGCN-H,370.0,129,1,0
5,EvolveGCN-H,370.0,130,0,0
5,EvolveGCN-H,370.0,131,0,0
5,EvolveGCN-H,370.0,132,0,0
5,EvolveGCN-H,370.0,133,0,0
5,EvolveGCN-H,370.0,134,1,0
5,EvolveGCN-H,370.0,135,0,0
5,EvolveGCN-H,370.0,136,0,0
5,EvolveGCN-H,370.0,137,0,0
5,EvolveGCN-H,370.0,138,0,0
5,EvolveGCN-H,370.0,139,0,0
5,EvolveGCN-H,370.0,140,0,0
5,EvolveGCN-H,370.0,141,0,0
5,EvolveGCN-H,370.0,142,0,0
5,EvolveGCN-H,370.0,143,0,0
5,EvolveGCN-H,370.0,144,0,0
5,EvolveGCN-H,370.0,145,1,0
5,EvolveGCN-H,370.0,146,0,0
5,EvolveGCN-H,370.0,147,0,0
5,EvolveGCN-H,370.0,148,0,0
5,EvolveGCN-H,370.0,149,0,0
5,EvolveGCN-H,380.0,0,0,0
5,EvolveGCN-H,380.0,1,0,0
5,EvolveGCN-H,380.0,2,0,0
5,EvolveGCN-H,380.0,3,0,0
5,EvolveGCN-H,380.0,4,0,0
5,EvolveGCN-H,380.0,5,0,0
5,EvolveGCN-H,380.0,6,1,0
5,EvolveGCN-H,380.0,7,0,0
5,EvolveGCN-H,380.0,8,0,0
5,EvolveGCN-H,380.0,9,0,0
5,EvolveGCN-H,380.0,10,0,0
5,EvolveGCN-H,380.0,11,1,0
5,EvolveGCN-H,380.0,12,0,0
5,EvolveGCN-H,380.0,13,0,0
5,EvolveGCN-H,380.0,14,0,0
5,EvolveGCN-H,380.0,15,0,0
5,EvolveGCN-H,380.0,16,0,0
5,EvolveGCN-H,380.0,17,0,0
5,EvolveGCN-H,380.0,18,0,0
5,EvolveGCN-H,380.0,19,0,0
5,EvolveGCN-H,380.0,20,0,0
5,EvolveGCN-H,380.0,21,0,0
5,EvolveGCN-H,380.0,22,0,0
5,EvolveGCN-H,380.0,23,0,0
5,EvolveGCN-H,380.0,24,0,0
5,EvolveGCN-H,380.0,25,0,0
5,EvolveGCN-H,380.0,26,0,0
5,EvolveGCN-H,380.0,27,0,0
5,EvolveGCN-H,380.0,28,0,0
5,EvolveGCN-H,380.0,29,0,0
5,EvolveGCN-H,380.0,30,0,0
5,EvolveGCN-H,380.0,31,0,0
5,EvolveGCN-H,380.0,32,0,0
5,EvolveGCN-H,380.0,33,1,0
5,EvolveGCN-H,380.0,34,0,0
5,EvolveGCN-H,380.0,35,0,0
5,EvolveGCN-H,380.0,36,0,0
5,EvolveGCN-H,380.0,37,0,0
5,EvolveGCN-H,380.0,38,0,0
5,EvolveGCN-H,380.0,39,0,0
5,EvolveGCN-H,380.0,40,0,0
5,EvolveGCN-H,380.0,41,0,0
5,EvolveGCN-H,380.0,42,0,0
5,EvolveGCN-H,380.0,43,1,0
5,EvolveGCN-H,380.0,44,0,0
5,EvolveGCN-H,380.0,45,0,0
5,EvolveGCN-H,380.0,46,0,0
5,EvolveGCN-H,380.0,47,0,0
5,EvolveGCN-H,380.0,48,0,0
5,EvolveGCN-H,380.0,49,0,0
5,EvolveGCN-H,380.0,50,0,0
5,EvolveGCN-H,380.0,51,0,0
5,EvolveGCN-H,380.0,52,0,0
5,EvolveGCN-H,380.0,53,1,0
5,EvolveGCN-H,380.0,54,0,0
5,EvolveGCN-H,380.0,55,0,0
5,EvolveGCN-H,380.0,56,0,0
5,EvolveGCN-H,380.0,57,0,0
5,EvolveGCN-H,380.0,58,0,0
5,EvolveGCN-H,380.0,59,0,0
5,EvolveGCN-H,380.0,60,1,0
5,EvolveGCN-H,380.0,61,1,0
5,EvolveGCN-H,380.0,62,0,0
5,EvolveGCN-H,380.0,63,0,0
5,EvolveGCN-H,380.0,64,0,0
5,EvolveGCN-H,380.0,65,0,0
5,EvolveGCN-H,380.0,66,0,0
5,EvolveGCN-H,380.0,67,0,0
5,EvolveGCN-H,380.0,68,0,0
5,EvolveGCN-H,380.0,69,0,0
5,EvolveGCN-H,380.0,70,0,0
5,EvolveGCN-H,380.0,71,0,0
5,EvolveGCN-H,380.0,72,0,0
5,EvolveGCN-H,380.0,73,0,0
5,EvolveGCN-H,380.0,74,0,0
5,EvolveGCN-H,380.0,75,0,0
5,EvolveGCN-H,380.0,76,0,0
5,EvolveGCN-H,380.0,77,0,0
5,EvolveGCN-H,380.0,78,0,0
5,EvolveGCN-H,380.0,79,0,0
5,EvolveGCN-H,380.0,80,0,0
5,EvolveGCN-H,380.0,81,0,0
5,EvolveGCN-H,380.0,82,0,0
5,EvolveGCN-H,380.0,83,0,0
5,EvolveGCN-H,380.0,84,0,0
5,EvolveGCN-H,380.0,85,0,0
5,EvolveGCN-H,380.0,86,0,0
5,EvolveGCN-H,380.0,87,0,0
5,EvolveGCN-H,380.0,88,0,0
5,EvolveGCN-H,380.0,89,0,0
5,EvolveGCN-H,380.0,90,0,0
5,EvolveGCN-H,380.0,91,0,0
5,EvolveGCN-H,380.0,92,0,0
5,EvolveGCN-H,380.0,93,0,0
5,EvolveGCN-H,380.0,94,0,0
5,EvolveGCN-H,380.0,95,0,0
5,EvolveGCN-H,380.0,96,0,0
5,EvolveGCN-H,380.0,97,0,0
5,EvolveGCN-H,380.0,98,0,0
5,EvolveGCN-H,380.0,99,0,0
5,EvolveGCN-H,380.0,100,1,0
5,EvolveGCN-H,380.0,101,1,0
5,EvolveGCN-H,380.0,102,0,0
5,EvolveGCN-H,380.0,103,0,0
5,EvolveGCN-H,380.0,104,1,0
5,EvolveGCN-H,380.0,105,1,0
5,EvolveGCN-H,380.0,106,0,0
5,EvolveGCN-H,380.0,107,0,0
5,EvolveGCN-H,380.0,108,0,0
5,EvolveGCN-H,380.0,109,0,0
5,EvolveGCN-H,380.0,110,0,0
5,EvolveGCN-H,380.0,111,1,0
5,EvolveGCN-H,380.0,112,0,0
5,EvolveGCN-H,380.0,113,0,0
5,EvolveGCN-H,380.0,114,0,0
5,EvolveGCN-H,380.0,115,0,0
5,EvolveGCN-H,380.0,116,0,0
5,EvolveGCN-H,380.0,117,1,0
5,EvolveGCN-H,380.0,118,0,0
5,EvolveGCN-H,380.0,119,0,0
5,EvolveGCN-H,380.0,120,0,0
5,EvolveGCN-H,380.0,121,0,0
5,EvolveGCN-H,380.0,122,0,0
5,EvolveGCN-H,380.0,123,0,0
5,EvolveGCN-H,380.0,124,0,0
5,EvolveGCN-H,380.0,125,0,0
5,EvolveGCN-H,380.0,126,0,0
5,EvolveGCN-H,380.0,127,0,0
5,EvolveGCN-H,380.0,128,0,0
5,EvolveGCN-H,380.0,129,1,0
5,EvolveGCN-H,380.0,130,0,0
5,EvolveGCN-H,380.0,131,0,0
5,EvolveGCN-H,380.0,132,0,0
5,EvolveGCN-H,380.0,133,0,0
5,EvolveGCN-H,380.0,134,1,0
5,EvolveGCN-H,380.0,135,0,0
5,EvolveGCN-H,380.0,136,0,0
5,EvolveGCN-H,380.0,137,0,0
5,EvolveGCN-H,380.0,138,0,0
5,EvolveGCN-H,380.0,139,0,0
5,EvolveGCN-H,380.0,140,0,0
5,EvolveGCN-H,380.0,141,0,0
5,EvolveGCN-H,380.0,142,0,0
5,EvolveGCN-H,380.0,143,0,0
5,EvolveGCN-H,380.0,144,0,0
5,EvolveGCN-H,380.0,145,1,0
5,EvolveGCN-H,380.0,146,0,0
5,EvolveGCN-H,380.0,147,0,0
5,EvolveGCN-H,380.0,148,0,0
5,EvolveGCN-H,380.0,149,0,0
5,EvolveGCN-H,390.0,0,0,0
5,EvolveGCN-H,390.0,1,0,0
5,EvolveGCN-H,390.0,2,0,0
5,EvolveGCN-H,390.0,3,0,0
5,EvolveGCN-H,390.0,4,0,0
5,EvolveGCN-H,390.0,5,0,0
5,EvolveGCN-H,390.0,6,1,0
5,EvolveGCN-H,390.0,7,0,0
5,EvolveGCN-H,390.0,8,0,0
5,EvolveGCN-H,390.0,9,0,0
5,EvolveGCN-H,390.0,10,0,0
5,EvolveGCN-H,390.0,11,1,0
5,EvolveGCN-H,390.0,12,0,0
5,EvolveGCN-H,390.0,13,0,0
5,EvolveGCN-H,390.0,14,0,0
5,EvolveGCN-H,390.0,15,0,0
5,EvolveGCN-H,390.0,16,0,0
5,EvolveGCN-H,390.0,17,0,0
5,EvolveGCN-H,390.0,18,0,0
5,EvolveGCN-H,390.0,19,0,0
5,EvolveGCN-H,390.0,20,0,0
5,EvolveGCN-H,390.0,21,0,0
5,EvolveGCN-H,390.0,22,0,0
5,EvolveGCN-H,390.0,23,0,0
5,EvolveGCN-H,390.0,24,0,0
5,EvolveGCN-H,390.0,25,0,0
5,EvolveGCN-H,390.0,26,0,0
5,EvolveGCN-H,390.0,27,0,0
5,EvolveGCN-H,390.0,28,0,0
5,EvolveGCN-H,390.0,29,0,0
5,EvolveGCN-H,390.0,30,0,0
5,EvolveGCN-H,390.0,31,0,0
5,EvolveGCN-H,390.0,32,0,0
5,EvolveGCN-H,390.0,33,1,0
5,EvolveGCN-H,390.0,34,0,0
5,EvolveGCN-H,390.0,35,0,0
5,EvolveGCN-H,390.0,36,0,0
5,EvolveGCN-H,390.0,37,0,0
5,EvolveGCN-H,390.0,38,0,0
5,EvolveGCN-H,390.0,39,0,0
5,EvolveGCN-H,390.0,40,0,0
5,EvolveGCN-H,390.0,41,0,0
5,EvolveGCN-H,390.0,42,0,0
5,EvolveGCN-H,390.0,43,1,0
5,EvolveGCN-H,390.0,44,0,0
5,EvolveGCN-H,390.0,45,0,0
5,EvolveGCN-H,390.0,46,0,0
5,EvolveGCN-H,390.0,47,0,0
5,EvolveGCN-H,390.0,48,0,0
5,EvolveGCN-H,390.0,49,0,0
5,EvolveGCN-H,390.0,50,0,0
5,EvolveGCN-H,390.0,51,0,0
5,EvolveGCN-H,390.0,52,0,0
5,EvolveGCN-H,390.0,53,1,0
5,EvolveGCN-H,390.0,54,0,0
5,EvolveGCN-H,390.0,55,0,0
5,EvolveGCN-H,390.0,56,0,0
5,EvolveGCN-H,390.0,57,0,0
5,EvolveGCN-H,390.0,58,0,0
5,EvolveGCN-H,390.0,59,0,0
5,EvolveGCN-H,390.0,60,1,0
5,EvolveGCN-H,390.0,61,1,0
5,EvolveGCN-H,390.0,62,0,0
5,EvolveGCN-H,390.0,63,0,0
5,EvolveGCN-H,390.0,64,0,0
5,EvolveGCN-H,390.0,65,0,0
5,EvolveGCN-H,390.0,66,0,0
5,EvolveGCN-H,390.0,67,0,0
5,EvolveGCN-H,390.0,68,0,0
5,EvolveGCN-H,390.0,69,0,0
5,EvolveGCN-H,390.0,70,0,0
5,EvolveGCN-H,390.0,71,0,0
5,EvolveGCN-H,390.0,72,0,0
5,EvolveGCN-H,390.0,73,0,0
5,EvolveGCN-H,390.0,74,0,0
5,EvolveGCN-H,390.0,75,0,0
5,EvolveGCN-H,390.0,76,0,0
5,EvolveGCN-H,390.0,77,0,0
5,EvolveGCN-H,390.0,78,0,0
5,EvolveGCN-H,390.0,79,0,0
5,EvolveGCN-H,390.0,80,0,0
5,EvolveGCN-H,390.0,81,0,0
5,EvolveGCN-H,390.0,82,0,0
5,EvolveGCN-H,390.0,83,0,0
5,EvolveGCN-H,390.0,84,0,0
5,EvolveGCN-H,390.0,85,0,0
5,EvolveGCN-H,390.0,86,0,0
5,EvolveGCN-H,390.0,87,0,0
5,EvolveGCN-H,390.0,88,0,0
5,EvolveGCN-H,390.0,89,0,0
5,EvolveGCN-H,390.0,90,0,0
5,EvolveGCN-H,390.0,91,0,0
5,EvolveGCN-H,390.0,92,0,0
5,EvolveGCN-H,390.0,93,0,0
5,EvolveGCN-H,390.0,94,0,0
5,EvolveGCN-H,390.0,95,0,0
5,EvolveGCN-H,390.0,96,0,0
5,EvolveGCN-H,390.0,97,0,0
5,EvolveGCN-H,390.0,98,0,0
5,EvolveGCN-H,390.0,99,0,0
5,EvolveGCN-H,390.0,100,1,0
5,EvolveGCN-H,390.0,101,1,0
5,EvolveGCN-H,390.0,102,0,0
5,EvolveGCN-H,390.0,103,0,0
5,EvolveGCN-H,390.0,104,1,0
5,EvolveGCN-H,390.0,105,1,0
5,EvolveGCN-H,390.0,106,0,0
5,EvolveGCN-H,390.0,107,0,0
5,EvolveGCN-H,390.0,108,0,0
5,EvolveGCN-H,390.0,109,0,0
5,EvolveGCN-H,390.0,110,0,0
5,EvolveGCN-H,390.0,111,1,0
5,EvolveGCN-H,390.0,112,0,0
5,EvolveGCN-H,390.0,113,0,0
5,EvolveGCN-H,390.0,114,0,0
5,EvolveGCN-H,390.0,115,0,0
5,EvolveGCN-H,390.0,116,0,0
5,EvolveGCN-H,390.0,117,1,0
5,EvolveGCN-H,390.0,118,0,0
5,EvolveGCN-H,390.0,119,0,0
5,EvolveGCN-H,390.0,120,0,0
5,EvolveGCN-H,390.0,121,0,0
5,EvolveGCN-H,390.0,122,0,0
5,EvolveGCN-H,390.0,123,0,0
5,EvolveGCN-H,390.0,124,0,0
5,EvolveGCN-H,390.0,125,0,0
5,EvolveGCN-H,390.0,126,0,0
5,EvolveGCN-H,390.0,127,0,0
5,EvolveGCN-H,390.0,128,0,0
5,EvolveGCN-H,390.0,129,1,0
5,EvolveGCN-H,390.0,130,0,0
5,EvolveGCN-H,390.0,131,0,0
5,EvolveGCN-H,390.0,132,0,0
5,EvolveGCN-H,390.0,133,0,0
5,EvolveGCN-H,390.0,134,1,0
5,EvolveGCN-H,390.0,135,0,0
5,EvolveGCN-H,390.0,136,0,0
5,EvolveGCN-H,390.0,137,0,0
5,EvolveGCN-H,390.0,138,0,0
5,EvolveGCN-H,390.0,139,0,0
5,EvolveGCN-H,390.0,140,0,0
5,EvolveGCN-H,390.0,141,0,0
5,EvolveGCN-H,390.0,142,0,0
5,EvolveGCN-H,390.0,143,0,0
5,EvolveGCN-H,390.0,144,0,0
5,EvolveGCN-H,390.0,145,1,0
5,EvolveGCN-H,390.0,146,0,0
5,EvolveGCN-H,390.0,147,0,0
5,EvolveGCN-H,390.0,148,0,0
5,EvolveGCN-H,390.0,149,0,0
5,EvolveGCN-H,400.0,0,0,0
5,EvolveGCN-H,400.0,1,0,0
5,EvolveGCN-H,400.0,2,0,0
5,EvolveGCN-H,400.0,3,0,0
5,EvolveGCN-H,400.0,4,0,0
5,EvolveGCN-H,400.0,5,0,0
5,EvolveGCN-H,400.0,6,1,0
5,EvolveGCN-H,400.0,7,0,0
5,EvolveGCN-H,400.0,8,0,0
5,EvolveGCN-H,400.0,9,0,0
5,EvolveGCN-H,400.0,10,0,0
5,EvolveGCN-H,400.0,11,1,0
5,EvolveGCN-H,400.0,12,0,0
5,EvolveGCN-H,400.0,13,0,0
5,EvolveGCN-H,400.0,14,0,0
5,EvolveGCN-H,400.0,15,0,0
5,EvolveGCN-H,400.0,16,0,0
5,EvolveGCN-H,400.0,17,0,0
5,EvolveGCN-H,400.0,18,0,0
5,EvolveGCN-H,400.0,19,0,0
5,EvolveGCN-H,400.0,20,0,0
5,EvolveGCN-H,400.0,21,0,0
5,EvolveGCN-H,400.0,22,0,0
5,EvolveGCN-H,400.0,23,0,0
5,EvolveGCN-H,400.0,24,0,0
5,EvolveGCN-H,400.0,25,0,0
5,EvolveGCN-H,400.0,26,0,0
5,EvolveGCN-H,400.0,27,0,0
5,EvolveGCN-H,400.0,28,0,0
5,EvolveGCN-H,400.0,29,0,0
5,EvolveGCN-H,400.0,30,0,0
5,EvolveGCN-H,400.0,31,0,0
5,EvolveGCN-H,400.0,32,0,0
5,EvolveGCN-H,400.0,33,1,0
5,EvolveGCN-H,400.0,34,0,0
5,EvolveGCN-H,400.0,35,0,0
5,EvolveGCN-H,400.0,36,0,0
5,EvolveGCN-H,400.0,37,0,0
5,EvolveGCN-H,400.0,38,0,0
5,EvolveGCN-H,400.0,39,0,0
5,EvolveGCN-H,400.0,40,0,0
5,EvolveGCN-H,400.0,41,0,0
5,EvolveGCN-H,400.0,42,0,0
5,EvolveGCN-H,400.0,43,1,0
5,EvolveGCN-H,400.0,44,0,0
5,EvolveGCN-H,400.0,45,0,0
5,EvolveGCN-H,400.0,46,0,0
5,EvolveGCN-H,400.0,47,0,0
5,EvolveGCN-H,400.0,48,0,0
5,EvolveGCN-H,400.0,49,0,0
5,EvolveGCN-H,400.0,50,0,0
5,EvolveGCN-H,400.0,51,0,0
5,EvolveGCN-H,400.0,52,0,0
5,EvolveGCN-H,400.0,53,1,0
5,EvolveGCN-H,400.0,54,0,0
5,EvolveGCN-H,400.0,55,0,0
5,EvolveGCN-H,400.0,56,0,0
5,EvolveGCN-H,400.0,57,0,0
5,EvolveGCN-H,400.0,58,0,0
5,EvolveGCN-H,400.0,59,0,0
5,EvolveGCN-H,400.0,60,1,0
5,EvolveGCN-H,400.0,61,1,0
5,EvolveGCN-H,400.0,62,0,0
5,EvolveGCN-H,400.0,63,0,0
5,EvolveGCN-H,400.0,64,0,0
5,EvolveGCN-H,400.0,65,0,0
5,EvolveGCN-H,400.0,66,0,0
5,EvolveGCN-H,400.0,67,0,0
5,EvolveGCN-H,400.0,68,0,0
5,EvolveGCN-H,400.0,69,0,0
5,EvolveGCN-H,400.0,70,0,0
5,EvolveGCN-H,400.0,71,0,0
5,EvolveGCN-H,400.0,72,0,0
5,EvolveGCN-H,400.0,73,0,0
5,EvolveGCN-H,400.0,74,0,0
5,EvolveGCN-H,400.0,75,0,0
5,EvolveGCN-H,400.0,76,0,0
5,EvolveGCN-H,400.0,77,0,0
5,EvolveGCN-H,400.0,78,0,0
5,EvolveGCN-H,400.0,79,0,0
5,EvolveGCN-H,400.0,80,0,0
5,EvolveGCN-H,400.0,81,0,0
5,EvolveGCN-H,400.0,82,0,0
5,EvolveGCN-H,400.0,83,0,0
5,EvolveGCN-H,400.0,84,0,0
5,EvolveGCN-H,400.0,85,0,0
5,EvolveGCN-H,400.0,86,0,0
5,EvolveGCN-H,400.0,87,0,0
5,EvolveGCN-H,400.0,88,0,0
5,EvolveGCN-H,400.0,89,0,0
5,EvolveGCN-H,400.0,90,0,0
5,EvolveGCN-H,400.0,91,0,0
5,EvolveGCN-H,400.0,92,0,0
5,EvolveGCN-H,400.0,93,0,0
5,EvolveGCN-H,400.0,94,0,0
5,EvolveGCN-H,400.0,95,0,0
5,EvolveGCN-H,400.0,96,0,0
5,EvolveGCN-H,400.0,97,0,0
5,EvolveGCN-H,400.0,98,0,0
5,EvolveGCN-H,400.0,99,0,0
5,EvolveGCN-H,400.0,100,1,0
5,EvolveGCN-H,400.0,101,1,0
5,EvolveGCN-H,400.0,102,0,0
5,EvolveGCN-H,400.0,103,0,0
5,EvolveGCN-H,400.0,104,1,0
5,EvolveGCN-H,400.0,105,1,0
5,EvolveGCN-H,400.0,106,0,0
5,EvolveGCN-H,400.0,107,0,0
5,EvolveGCN-H,400.0,108,0,0
5,EvolveGCN-H,400.0,109,0,0
5,EvolveGCN-H,400.0,110,0,0
5,EvolveGCN-H,400.0,111,1,0
5,EvolveGCN-H,400.0,112,0,0
5,EvolveGCN-H,400.0,113,0,0
5,EvolveGCN-H,400.0,114,0,0
5,EvolveGCN-H,400.0,115,0,0
5,EvolveGCN-H,400.0,116,0,0
5,EvolveGCN-H,400.0,117,1,0
5,EvolveGCN-H,400.0,118,0,0
5,EvolveGCN-H,400.0,119,0,0
5,EvolveGCN-H,400.0,120,0,0
5,EvolveGCN-H,400.0,121,0,0
5,EvolveGCN-H,400.0,122,0,0
5,EvolveGCN-H,400.0,123,0,0
5,EvolveGCN-H,400.0,124,0,0
5,EvolveGCN-H,400.0,125,0,0
5,EvolveGCN-H,400.0,126,0,0
5,EvolveGCN-H,400.0,127,0,0
5,EvolveGCN-H,400.0,128,0,0
5,EvolveGCN-H,400.0,129,1,0
5,EvolveGCN-H,400.0,130,0,0
5,EvolveGCN-H,400.0,131,0,0
5,EvolveGCN-H,400.0,132,0,0
5,EvolveGCN-H,400.0,133,0,0
5,EvolveGCN-H,400.0,134,1,0
5,EvolveGCN-H,400.0,135,0,0
5,EvolveGCN-H,400.0,136,0,0
5,EvolveGCN-H,400.0,137,0,0
5,EvolveGCN-H,400.0,138,0,0
5,EvolveGCN-H,400.0,139,0,0
5,EvolveGCN-H,400.0,140,0,0
5,EvolveGCN-H,400.0,141,0,0
5,EvolveGCN-H,400.0,142,0,0
5,EvolveGCN-H,400.0,143,0,0
5,EvolveGCN-H,400.0,144,0,0
5,EvolveGCN-H,400.0,145,1,0
5,EvolveGCN-H,400.0,146,0,0
5,EvolveGCN-H,400.0,147,0,0
5,EvolveGCN-H,400.0,148,0,0
5,EvolveGCN-H,400.0,149,0,0
5,EvolveGCN-H,410.0,0,0,0
5,EvolveGCN-H,410.0,1,0,0
5,EvolveGCN-H,410.0,2,0,0
5,EvolveGCN-H,410.0,3,0,0
5,EvolveGCN-H,410.0,4,0,0
5,EvolveGCN-H,410.0,5,0,0
5,EvolveGCN-H,410.0,6,1,0
5,EvolveGCN-H,410.0,7,0,0
5,EvolveGCN-H,410.0,8,0,0
5,EvolveGCN-H,410.0,9,0,0
5,EvolveGCN-H,410.0,10,0,0
5,EvolveGCN-H,410.0,11,1,0
5,EvolveGCN-H,410.0,12,0,0
5,EvolveGCN-H,410.0,13,0,0
5,EvolveGCN-H,410.0,14,0,0
5,EvolveGCN-H,410.0,15,0,0
5,EvolveGCN-H,410.0,16,0,0
5,EvolveGCN-H,410.0,17,0,0
5,EvolveGCN-H,410.0,18,0,0
5,EvolveGCN-H,410.0,19,0,0
5,EvolveGCN-H,410.0,20,0,0
5,EvolveGCN-H,410.0,21,0,0
5,EvolveGCN-H,410.0,22,0,0
5,EvolveGCN-H,410.0,23,0,0
5,EvolveGCN-H,410.0,24,0,0
5,EvolveGCN-H,410.0,25,0,0
5,EvolveGCN-H,410.0,26,0,0
5,EvolveGCN-H,410.0,27,0,0
5,EvolveGCN-H,410.0,28,0,0
5,EvolveGCN-H,410.0,29,0,0
5,EvolveGCN-H,410.0,30,0,0
5,EvolveGCN-H,410.0,31,0,0
5,EvolveGCN-H,410.0,32,0,0
5,EvolveGCN-H,410.0,33,1,0
5,EvolveGCN-H,410.0,34,0,0
5,EvolveGCN-H,410.0,35,0,0
5,EvolveGCN-H,410.0,36,0,0
5,EvolveGCN-H,410.0,37,0,0
5,EvolveGCN-H,410.0,38,0,0
5,EvolveGCN-H,410.0,39,0,0
5,EvolveGCN-H,410.0,40,0,0
5,EvolveGCN-H,410.0,41,0,0
5,EvolveGCN-H,410.0,42,0,0
5,EvolveGCN-H,410.0,43,1,0
5,EvolveGCN-H,410.0,44,0,0
5,EvolveGCN-H,410.0,45,0,0
5,EvolveGCN-H,410.0,46,0,0
5,EvolveGCN-H,410.0,47,0,0
5,EvolveGCN-H,410.0,48,0,0
5,EvolveGCN-H,410.0,49,0,0
5,EvolveGCN-H,410.0,50,0,0
5,EvolveGCN-H,410.0,51,0,0
5,EvolveGCN-H,410.0,52,0,0
5,EvolveGCN-H,410.0,53,1,0
5,EvolveGCN-H,410.0,54,0,0
5,EvolveGCN-H,410.0,55,0,0
5,EvolveGCN-H,410.0,56,0,0
5,EvolveGCN-H,410.0,57,0,0
5,EvolveGCN-H,410.0,58,0,0
5,EvolveGCN-H,410.0,59,0,0
5,EvolveGCN-H,410.0,60,1,0
5,EvolveGCN-H,410.0,61,1,0
5,EvolveGCN-H,410.0,62,0,0
5,EvolveGCN-H,410.0,63,0,0
5,EvolveGCN-H,410.0,64,0,0
5,EvolveGCN-H,410.0,65,0,0
5,EvolveGCN-H,410.0,66,0,0
5,EvolveGCN-H,410.0,67,0,0
5,EvolveGCN-H,410.0,68,0,0
5,EvolveGCN-H,410.0,69,0,0
5,EvolveGCN-H,410.0,70,0,0
5,EvolveGCN-H,410.0,71,0,0
5,EvolveGCN-H,410.0,72,0,0
5,EvolveGCN-H,410.0,73,0,0
5,EvolveGCN-H,410.0,74,0,0
5,EvolveGCN-H,410.0,75,0,0
5,EvolveGCN-H,410.0,76,0,0
5,EvolveGCN-H,410.0,77,0,0
5,EvolveGCN-H,410.0,78,0,0
5,EvolveGCN-H,410.0,79,0,0
5,EvolveGCN-H,410.0,80,0,0
5,EvolveGCN-H,410.0,81,0,0
5,EvolveGCN-H,410.0,82,0,0
5,EvolveGCN-H,410.0,83,0,0
5,EvolveGCN-H,410.0,84,0,0
5,EvolveGCN-H,410.0,85,0,0
5,EvolveGCN-H,410.0,86,0,0
5,EvolveGCN-H,410.0,87,0,0
5,EvolveGCN-H,410.0,88,0,0
5,EvolveGCN-H,410.0,89,0,0
5,EvolveGCN-H,410.0,90,0,0
5,EvolveGCN-H,410.0,91,0,0
5,EvolveGCN-H,410.0,92,0,0
5,EvolveGCN-H,410.0,93,0,0
5,EvolveGCN-H,410.0,94,0,0
5,EvolveGCN-H,410.0,95,0,0
5,EvolveGCN-H,410.0,96,0,0
5,EvolveGCN-H,410.0,97,0,0
5,EvolveGCN-H,410.0,98,0,0
5,EvolveGCN-H,410.0,99,0,0
5,EvolveGCN-H,410.0,100,1,0
5,EvolveGCN-H,410.0,101,1,0
5,EvolveGCN-H,410.0,102,0,0
5,EvolveGCN-H,410.0,103,0,0
5,EvolveGCN-H,410.0,104,1,0
5,EvolveGCN-H,410.0,105,1,0
5,EvolveGCN-H,410.0,106,0,0
5,EvolveGCN-H,410.0,107,0,0
5,EvolveGCN-H,410.0,108,0,0
5,EvolveGCN-H,410.0,109,0,0
5,EvolveGCN-H,410.0,110,0,0
5,EvolveGCN-H,410.0,111,1,0
5,EvolveGCN-H,410.0,112,0,0
5,EvolveGCN-H,410.0,113,0,0
5,EvolveGCN-H,410.0,114,0,0
5,EvolveGCN-H,410.0,115,0,0
5,EvolveGCN-H,410.0,116,0,0
5,EvolveGCN-H,410.0,117,1,0
5,EvolveGCN-H,410.0,118,0,0
5,EvolveGCN-H,410.0,119,0,0
5,EvolveGCN-H,410.0,120,0,0
5,EvolveGCN-H,410.0,121,0,0
5,EvolveGCN-H,410.0,122,0,0
5,EvolveGCN-H,410.0,123,0,0
5,EvolveGCN-H,410.0,124,0,0
5,EvolveGCN-H,410.0,125,0,0
5,EvolveGCN-H,410.0,126,0,0
5,EvolveGCN-H,410.0,127,0,0
5,EvolveGCN-H,410.0,128,0,0
5,EvolveGCN-H,410.0,129,1,0
5,EvolveGCN-H,410.0,130,0,0
5,EvolveGCN-H,410.0,131,0,0
5,EvolveGCN-H,410.0,132,0,0
5,EvolveGCN-H,410.0,133,0,0
5,EvolveGCN-H,410.0,134,1,0
5,EvolveGCN-H,410.0,135,0,0
5,EvolveGCN-H,410.0,136,0,0
5,EvolveGCN-H,410.0,137,0,0
5,EvolveGCN-H,410.0,138,0,0
5,EvolveGCN-H,410.0,139,0,0
5,EvolveGCN-H,410.0,140,0,0
5,EvolveGCN-H,410.0,141,0,0
5,EvolveGCN-H,410.0,142,0,0
5,EvolveGCN-H,410.0,143,0,0
5,EvolveGCN-H,410.0,144,0,0
5,EvolveGCN-H,410.0,145,1,0
5,EvolveGCN-H,410.0,146,0,0
5,EvolveGCN-H,410.0,147,0,0
5,EvolveGCN-H,410.0,148,0,0
5,EvolveGCN-H,410.0,149,0,0
5,EvolveGCN-H,420.0,0,0,0
5,EvolveGCN-H,420.0,1,0,0
5,EvolveGCN-H,420.0,2,0,0
5,EvolveGCN-H,420.0,3,0,0
5,EvolveGCN-H,420.0,4,0,0
5,EvolveGCN-H,420.0,5,0,0
5,EvolveGCN-H,420.0,6,1,0
5,EvolveGCN-H,420.0,7,0,0
5,EvolveGCN-H,420.0,8,0,0
5,EvolveGCN-H,420.0,9,0,0
5,EvolveGCN-H,420.0,10,0,0
5,EvolveGCN-H,420.0,11,1,0
5,EvolveGCN-H,420.0,12,0,0
5,EvolveGCN-H,420.0,13,0,0
5,EvolveGCN-H,420.0,14,0,0
5,EvolveGCN-H,420.0,15,0,0
5,EvolveGCN-H,420.0,16,0,0
5,EvolveGCN-H,420.0,17,0,0
5,EvolveGCN-H,420.0,18,0,0
5,EvolveGCN-H,420.0,19,0,0
5,EvolveGCN-H,420.0,20,0,0
5,EvolveGCN-H,420.0,21,0,0
5,EvolveGCN-H,420.0,22,0,0
5,EvolveGCN-H,420.0,23,0,0
5,EvolveGCN-H,420.0,24,0,0
5,EvolveGCN-H,420.0,25,0,0
5,EvolveGCN-H,420.0,26,0,0
5,EvolveGCN-H,420.0,27,0,0
5,EvolveGCN-H,420.0,28,0,0
5,EvolveGCN-H,420.0,29,0,0
5,EvolveGCN-H,420.0,30,0,0
5,EvolveGCN-H,420.0,31,0,0
5,EvolveGCN-H,420.0,32,0,0
5,EvolveGCN-H,420.0,33,1,0
5,EvolveGCN-H,420.0,34,0,0
5,EvolveGCN-H,420.0,35,0,0
5,EvolveGCN-H,420.0,36,0,0
5,EvolveGCN-H,420.0,37,0,0
5,EvolveGCN-H,420.0,38,0,0
5,EvolveGCN-H,420.0,39,0,0
5,EvolveGCN-H,420.0,40,0,0
5,EvolveGCN-H,420.0,41,0,0
5,EvolveGCN-H,420.0,42,0,0
5,EvolveGCN-H,420.0,43,1,0
5,EvolveGCN-H,420.0,44,0,0
5,EvolveGCN-H,420.0,45,0,0
5,EvolveGCN-H,420.0,46,0,0
5,EvolveGCN-H,420.0,47,0,0
5,EvolveGCN-H,420.0,48,0,0
5,EvolveGCN-H,420.0,49,0,0
5,EvolveGCN-H,420.0,50,0,0
5,EvolveGCN-H,420.0,51,0,0
5,EvolveGCN-H,420.0,52,0,0
5,EvolveGCN-H,420.0,53,1,0
5,EvolveGCN-H,420.0,54,0,0
5,EvolveGCN-H,420.0,55,0,0
5,EvolveGCN-H,420.0,56,0,0
5,EvolveGCN-H,420.0,57,0,0
5,EvolveGCN-H,420.0,58,0,0
5,EvolveGCN-H,420.0,59,0,0
5,EvolveGCN-H,420.0,60,1,0
5,EvolveGCN-H,420.0,61,1,0
5,EvolveGCN-H,420.0,62,0,0
5,EvolveGCN-H,420.0,63,0,0
5,EvolveGCN-H,420.0,64,0,0
5,EvolveGCN-H,420.0,65,0,0
5,EvolveGCN-H,420.0,66,0,0
5,EvolveGCN-H,420.0,67,0,0
5,EvolveGCN-H,420.0,68,0,0
5,EvolveGCN-H,420.0,69,0,0
5,EvolveGCN-H,420.0,70,0,0
5,EvolveGCN-H,420.0,71,0,0
5,EvolveGCN-H,420.0,72,0,0
5,EvolveGCN-H,420.0,73,0,0
5,EvolveGCN-H,420.0,74,0,0
5,EvolveGCN-H,420.0,75,0,0
5,EvolveGCN-H,420.0,76,0,0
5,EvolveGCN-H,420.0,77,0,0
5,EvolveGCN-H,420.0,78,0,0
5,EvolveGCN-H,420.0,79,0,0
5,EvolveGCN-H,420.0,80,0,0
5,EvolveGCN-H,420.0,81,0,0
5,EvolveGCN-H,420.0,82,0,0
5,EvolveGCN-H,420.0,83,0,0
5,EvolveGCN-H,420.0,84,0,0
5,EvolveGCN-H,420.0,85,0,0
5,EvolveGCN-H,420.0,86,0,0
5,EvolveGCN-H,420.0,87,0,0
5,EvolveGCN-H,420.0,88,0,0
5,EvolveGCN-H,420.0,89,0,0
5,EvolveGCN-H,420.0,90,0,0
5,EvolveGCN-H,420.0,91,0,0
5,EvolveGCN-H,420.0,92,0,0
5,EvolveGCN-H,420.0,93,0,0
5,EvolveGCN-H,420.0,94,0,0
5,EvolveGCN-H,420.0,95,0,0
5,EvolveGCN-H,420.0,96,0,0
5,EvolveGCN-H,420.0,97,0,0
5,EvolveGCN-H,420.0,98,0,0
5,EvolveGCN-H,420.0,99,0,0
5,EvolveGCN-H,420.0,100,1,0
5,EvolveGCN-H,420.0,101,1,0
5,EvolveGCN-H,420.0,102,0,0
5,EvolveGCN-H,420.0,103,0,0
5,EvolveGCN-H,420.0,104,1,0
5,EvolveGCN-H,420.0,105,1,0
5,EvolveGCN-H,420.0,106,0,0
5,EvolveGCN-H,420.0,107,0,0
5,EvolveGCN-H,420.0,108,0,0
5,EvolveGCN-H,420.0,109,0,0
5,EvolveGCN-H,420.0,110,0,0
5,EvolveGCN-H,420.0,111,1,0
5,EvolveGCN-H,420.0,112,0,0
5,EvolveGCN-H,420.0,113,0,0
5,EvolveGCN-H,420.0,114,0,0
5,EvolveGCN-H,420.0,115,0,0
5,EvolveGCN-H,420.0,116,0,0
5,EvolveGCN-H,420.0,117,1,0
5,EvolveGCN-H,420.0,118,0,0
5,EvolveGCN-H,420.0,119,0,0
5,EvolveGCN-H,420.0,120,0,0
5,EvolveGCN-H,420.0,121,0,0
5,EvolveGCN-H,420.0,122,0,0
5,EvolveGCN-H,420.0,123,0,0
5,EvolveGCN-H,420.0,124,0,0
5,EvolveGCN-H,420.0,125,0,0
5,EvolveGCN-H,420.0,126,0,0
5,EvolveGCN-H,420.0,127,0,0
5,EvolveGCN-H,420.0,128,0,0
5,EvolveGCN-H,420.0,129,1,0
5,EvolveGCN-H,420.0,130,0,0
5,EvolveGCN-H,420.0,131,0,0
5,EvolveGCN-H,420.0,132,0,0
5,EvolveGCN-H,420.0,133,0,0
5,EvolveGCN-H,420.0,134,1,0
5,EvolveGCN-H,420.0,135,0,0
5,EvolveGCN-H,420.0,136,0,0
5,EvolveGCN-H,420.0,137,0,0
5,EvolveGCN-H,420.0,138,0,0
5,EvolveGCN-H,420.0,139,0,0
5,EvolveGCN-H,420.0,140,0,0
5,EvolveGCN-H,420.0,141,0,0
5,EvolveGCN-H,420.0,142,0,0
5,EvolveGCN-H,420.0,143,0,0
5,EvolveGCN-H,420.0,144,0,0
5,EvolveGCN-H,420.0,145,1,0
5,EvolveGCN-H,420.0,146,0,0
5,EvolveGCN-H,420.0,147,0,0
5,EvolveGCN-H,420.0,148,0,0
5,EvolveGCN-H,420.0,149,0,0
5,EvolveGCN-H,430.0,0,0,0
5,EvolveGCN-H,430.0,1,0,0
5,EvolveGCN-H,430.0,2,0,0
5,EvolveGCN-H,430.0,3,0,0
5,EvolveGCN-H,430.0,4,0,0
5,EvolveGCN-H,430.0,5,0,0
5,EvolveGCN-H,430.0,6,1,0
5,EvolveGCN-H,430.0,7,0,0
5,EvolveGCN-H,430.0,8,0,0
5,EvolveGCN-H,430.0,9,0,0
5,EvolveGCN-H,430.0,10,0,0
5,EvolveGCN-H,430.0,11,1,0
5,EvolveGCN-H,430.0,12,0,0
5,EvolveGCN-H,430.0,13,0,0
5,EvolveGCN-H,430.0,14,0,0
5,EvolveGCN-H,430.0,15,0,0
5,EvolveGCN-H,430.0,16,0,0
5,EvolveGCN-H,430.0,17,0,0
5,EvolveGCN-H,430.0,18,0,0
5,EvolveGCN-H,430.0,19,0,0
5,EvolveGCN-H,430.0,20,0,0
5,EvolveGCN-H,430.0,21,0,0
5,EvolveGCN-H,430.0,22,0,0
5,EvolveGCN-H,430.0,23,0,0
5,EvolveGCN-H,430.0,24,0,0
5,EvolveGCN-H,430.0,25,0,0
5,EvolveGCN-H,430.0,26,0,0
5,EvolveGCN-H,430.0,27,0,0
5,EvolveGCN-H,430.0,28,0,0
5,EvolveGCN-H,430.0,29,0,0
5,EvolveGCN-H,430.0,30,0,0
5,EvolveGCN-H,430.0,31,0,0
5,EvolveGCN-H,430.0,32,0,0
5,EvolveGCN-H,430.0,33,1,0
5,EvolveGCN-H,430.0,34,0,0
5,EvolveGCN-H,430.0,35,0,0
5,EvolveGCN-H,430.0,36,0,0
5,EvolveGCN-H,430.0,37,0,0
5,EvolveGCN-H,430.0,38,0,0
5,EvolveGCN-H,430.0,39,0,0
5,EvolveGCN-H,430.0,40,0,0
5,EvolveGCN-H,430.0,41,0,0
5,EvolveGCN-H,430.0,42,0,0
5,EvolveGCN-H,430.0,43,1,0
5,EvolveGCN-H,430.0,44,0,0
5,EvolveGCN-H,430.0,45,0,0
5,EvolveGCN-H,430.0,46,0,0
5,EvolveGCN-H,430.0,47,0,0
5,EvolveGCN-H,430.0,48,0,0
5,EvolveGCN-H,430.0,49,0,0
5,EvolveGCN-H,430.0,50,0,0
5,EvolveGCN-H,430.0,51,0,0
5,EvolveGCN-H,430.0,52,0,0
5,EvolveGCN-H,430.0,53,1,0
5,EvolveGCN-H,430.0,54,0,0
5,EvolveGCN-H,430.0,55,0,0
5,EvolveGCN-H,430.0,56,0,0
5,EvolveGCN-H,430.0,57,0,0
5,EvolveGCN-H,430.0,58,0,0
5,EvolveGCN-H,430.0,59,0,0
5,EvolveGCN-H,430.0,60,1,0
5,EvolveGCN-H,430.0,61,1,0
5,EvolveGCN-H,430.0,62,0,0
5,EvolveGCN-H,430.0,63,0,0
5,EvolveGCN-H,430.0,64,0,0
5,EvolveGCN-H,430.0,65,0,0
5,EvolveGCN-H,430.0,66,0,0
5,EvolveGCN-H,430.0,67,0,0
5,EvolveGCN-H,430.0,68,0,0
5,EvolveGCN-H,430.0,69,0,0
5,EvolveGCN-H,430.0,70,0,0
5,EvolveGCN-H,430.0,71,0,0
5,EvolveGCN-H,430.0,72,0,0
5,EvolveGCN-H,430.0,73,0,0
5,EvolveGCN-H,430.0,74,0,0
5,EvolveGCN-H,430.0,75,0,0
5,EvolveGCN-H,430.0,76,0,0
5,EvolveGCN-H,430.0,77,0,0
5,EvolveGCN-H,430.0,78,0,0
5,EvolveGCN-H,430.0,79,0,0
5,EvolveGCN-H,430.0,80,0,0
5,EvolveGCN-H,430.0,81,0,0
5,EvolveGCN-H,430.0,82,0,0
5,EvolveGCN-H,430.0,83,0,0
5,EvolveGCN-H,430.0,84,0,0
5,EvolveGCN-H,430.0,85,0,0
5,EvolveGCN-H,430.0,86,0,0
5,EvolveGCN-H,430.0,87,0,0
5,EvolveGCN-H,430.0,88,0,0
5,EvolveGCN-H,430.0,89,0,0
5,EvolveGCN-H,430.0,90,0,0
5,EvolveGCN-H,430.0,91,0,0
5,EvolveGCN-H,430.0,92,0,0
5,EvolveGCN-H,430.0,93,0,0
5,EvolveGCN-H,430.0,94,0,0
5,EvolveGCN-H,430.0,95,0,0
5,EvolveGCN-H,430.0,96,0,0
5,EvolveGCN-H,430.0,97,0,0
5,EvolveGCN-H,430.0,98,0,0
5,EvolveGCN-H,430.0,99,0,0
5,EvolveGCN-H,430.0,100,1,0
5,EvolveGCN-H,430.0,101,1,0
5,EvolveGCN-H,430.0,102,0,0
5,EvolveGCN-H,430.0,103,0,0
5,EvolveGCN-H,430.0,104,1,0
5,EvolveGCN-H,430.0,105,1,0
5,EvolveGCN-H,430.0,106,0,0
5,EvolveGCN-H,430.0,107,0,0
5,EvolveGCN-H,430.0,108,0,0
5,EvolveGCN-H,430.0,109,0,0
5,EvolveGCN-H,430.0,110,0,0
5,EvolveGCN-H,430.0,111,1,0
5,EvolveGCN-H,430.0,112,0,0
5,EvolveGCN-H,430.0,113,0,0
5,EvolveGCN-H,430.0,114,0,0
5,EvolveGCN-H,430.0,115,0,0
5,EvolveGCN-H,430.0,116,0,0
5,EvolveGCN-H,430.0,117,1,0
5,EvolveGCN-H,430.0,118,0,0
5,EvolveGCN-H,430.0,119,0,0
5,EvolveGCN-H,430.0,120,0,0
5,EvolveGCN-H,430.0,121,0,0
5,EvolveGCN-H,430.0,122,0,0
5,EvolveGCN-H,430.0,123,0,0
5,EvolveGCN-H,430.0,124,0,0
5,EvolveGCN-H,430.0,125,0,0
5,EvolveGCN-H,430.0,126,0,0
5,EvolveGCN-H,430.0,127,0,0
5,EvolveGCN-H,430.0,128,0,0
5,EvolveGCN-H,430.0,129,1,0
5,EvolveGCN-H,430.0,130,0,0
5,EvolveGCN-H,430.0,131,0,0
5,EvolveGCN-H,430.0,132,0,0
5,EvolveGCN-H,430.0,133,0,0
5,EvolveGCN-H,430.0,134,1,0
5,EvolveGCN-H,430.0,135,0,0
5,EvolveGCN-H,430.0,136,0,0
5,EvolveGCN-H,430.0,137,0,0
5,EvolveGCN-H,430.0,138,0,0
5,EvolveGCN-H,430.0,139,0,0
5,EvolveGCN-H,430.0,140,0,0
5,EvolveGCN-H,430.0,141,0,0
5,EvolveGCN-H,430.0,142,0,0
5,EvolveGCN-H,430.0,143,0,0
5,EvolveGCN-H,430.0,144,0,0
5,EvolveGCN-H,430.0,145,1,0
5,EvolveGCN-H,430.0,146,0,0
5,EvolveGCN-H,430.0,147,0,0
5,EvolveGCN-H,430.0,148,0,0
5,EvolveGCN-H,430.0,149,0,0
5,EvolveGCN-H,440.0,0,0,0
5,EvolveGCN-H,440.0,1,0,0
5,EvolveGCN-H,440.0,2,0,0
5,EvolveGCN-H,440.0,3,0,0
5,EvolveGCN-H,440.0,4,0,0
5,EvolveGCN-H,440.0,5,0,0
5,EvolveGCN-H,440.0,6,1,0
5,EvolveGCN-H,440.0,7,0,0
5,EvolveGCN-H,440.0,8,0,0
5,EvolveGCN-H,440.0,9,0,0
5,EvolveGCN-H,440.0,10,0,0
5,EvolveGCN-H,440.0,11,1,0
5,EvolveGCN-H,440.0,12,0,0
5,EvolveGCN-H,440.0,13,0,0
5,EvolveGCN-H,440.0,14,0,0
5,EvolveGCN-H,440.0,15,0,0
5,EvolveGCN-H,440.0,16,0,0
5,EvolveGCN-H,440.0,17,0,0
5,EvolveGCN-H,440.0,18,0,0
5,EvolveGCN-H,440.0,19,0,0
5,EvolveGCN-H,440.0,20,0,0
5,EvolveGCN-H,440.0,21,0,0
5,EvolveGCN-H,440.0,22,0,0
5,EvolveGCN-H,440.0,23,0,0
5,EvolveGCN-H,440.0,24,0,0
5,EvolveGCN-H,440.0,25,0,0
5,EvolveGCN-H,440.0,26,0,0
5,EvolveGCN-H,440.0,27,0,0
5,EvolveGCN-H,440.0,28,0,0
5,EvolveGCN-H,440.0,29,0,0
5,EvolveGCN-H,440.0,30,0,0
5,EvolveGCN-H,440.0,31,0,0
5,EvolveGCN-H,440.0,32,0,0
5,EvolveGCN-H,440.0,33,1,0
5,EvolveGCN-H,440.0,34,0,0
5,EvolveGCN-H,440.0,35,0,0
5,EvolveGCN-H,440.0,36,0,0
5,EvolveGCN-H,440.0,37,0,0
5,EvolveGCN-H,440.0,38,0,0
5,EvolveGCN-H,440.0,39,0,0
5,EvolveGCN-H,440.0,40,0,0
5,EvolveGCN-H,440.0,41,0,0
5,EvolveGCN-H,440.0,42,0,0
5,EvolveGCN-H,440.0,43,1,0
5,EvolveGCN-H,440.0,44,0,0
5,EvolveGCN-H,440.0,45,0,0
5,EvolveGCN-H,440.0,46,0,0
5,EvolveGCN-H,440.0,47,0,0
5,EvolveGCN-H,440.0,48,0,0
5,EvolveGCN-H,440.0,49,0,0
5,EvolveGCN-H,440.0,50,0,0
5,EvolveGCN-H,440.0,51,0,0
5,EvolveGCN-H,440.0,52,0,0
5,EvolveGCN-H,440.0,53,1,0
5,EvolveGCN-H,440.0,54,0,0
5,EvolveGCN-H,440.0,55,0,0
5,EvolveGCN-H,440.0,56,0,0
5,EvolveGCN-H,440.0,57,0,0
5,EvolveGCN-H,440.0,58,0,0
5,EvolveGCN-H,440.0,59,0,0
5,EvolveGCN-H,440.0,60,1,0
5,EvolveGCN-H,440.0,61,1,0
5,EvolveGCN-H,440.0,62,0,0
5,EvolveGCN-H,440.0,63,0,0
5,EvolveGCN-H,440.0,64,0,0
5,EvolveGCN-H,440.0,65,0,0
5,EvolveGCN-H,440.0,66,0,0
5,EvolveGCN-H,440.0,67,0,0
5,EvolveGCN-H,440.0,68,0,0
5,EvolveGCN-H,440.0,69,0,0
5,EvolveGCN-H,440.0,70,0,0
5,EvolveGCN-H,440.0,71,0,0
5,EvolveGCN-H,440.0,72,0,0
5,EvolveGCN-H,440.0,73,0,0
5,EvolveGCN-H,440.0,74,0,0
5,EvolveGCN-H,440.0,75,0,0
5,EvolveGCN-H,440.0,76,0,0
5,EvolveGCN-H,440.0,77,0,0
5,EvolveGCN-H,440.0,78,0,0
5,EvolveGCN-H,440.0,79,0,0
5,EvolveGCN-H,440.0,80,0,0
5,EvolveGCN-H,440.0,81,0,0
5,EvolveGCN-H,440.0,82,0,0
5,EvolveGCN-H,440.0,83,0,0
5,EvolveGCN-H,440.0,84,0,0
5,EvolveGCN-H,440.0,85,0,0
5,EvolveGCN-H,440.0,86,0,0
5,EvolveGCN-H,440.0,87,0,0
5,EvolveGCN-H,440.0,88,0,0
5,EvolveGCN-H,440.0,89,0,0
5,EvolveGCN-H,440.0,90,0,0
5,EvolveGCN-H,440.0,91,0,0
5,EvolveGCN-H,440.0,92,0,0
5,EvolveGCN-H,440.0,93,0,0
5,EvolveGCN-H,440.0,94,0,0
5,EvolveGCN-H,440.0,95,0,0
5,EvolveGCN-H,440.0,96,0,0
5,EvolveGCN-H,440.0,97,0,0
5,EvolveGCN-H,440.0,98,0,0
5,EvolveGCN-H,440.0,99,0,0
5,EvolveGCN-H,440.0,100,1,0
5,EvolveGCN-H,440.0,101,1,0
5,EvolveGCN-H,440.0,102,0,0
5,EvolveGCN-H,440.0,103,0,0
5,EvolveGCN-H,440.0,104,1,0
5,EvolveGCN-H,440.0,105,1,0
5,EvolveGCN-H,440.0,106,0,0
5,EvolveGCN-H,440.0,107,0,0
5,EvolveGCN-H,440.0,108,0,0
5,EvolveGCN-H,440.0,109,0,0
5,EvolveGCN-H,440.0,110,0,0
5,EvolveGCN-H,440.0,111,1,0
5,EvolveGCN-H,440.0,112,0,0
5,EvolveGCN-H,440.0,113,0,0
5,EvolveGCN-H,440.0,114,0,0
5,EvolveGCN-H,440.0,115,0,0
5,EvolveGCN-H,440.0,116,0,0
5,EvolveGCN-H,440.0,117,1,0
5,EvolveGCN-H,440.0,118,0,0
5,EvolveGCN-H,440.0,119,0,0
5,EvolveGCN-H,440.0,120,0,0
5,EvolveGCN-H,440.0,121,0,0
5,EvolveGCN-H,440.0,122,0,0
5,EvolveGCN-H,440.0,123,0,0
5,EvolveGCN-H,440.0,124,0,0
5,EvolveGCN-H,440.0,125,0,0
5,EvolveGCN-H,440.0,126,0,0
5,EvolveGCN-H,440.0,127,0,0
5,EvolveGCN-H,440.0,128,0,0
5,EvolveGCN-H,440.0,129,1,0
5,EvolveGCN-H,440.0,130,0,0
5,EvolveGCN-H,440.0,131,0,0
5,EvolveGCN-H,440.0,132,0,0
5,EvolveGCN-H,440.0,133,0,0
5,EvolveGCN-H,440.0,134,1,0
5,EvolveGCN-H,440.0,135,0,0
5,EvolveGCN-H,440.0,136,0,0
5,EvolveGCN-H,440.0,137,0,0
5,EvolveGCN-H,440.0,138,0,0
5,EvolveGCN-H,440.0,139,0,0
5,EvolveGCN-H,440.0,140,0,0
5,EvolveGCN-H,440.0,141,0,0
5,EvolveGCN-H,440.0,142,0,0
5,EvolveGCN-H,440.0,143,0,0
5,EvolveGCN-H,440.0,144,0,0
5,EvolveGCN-H,440.0,145,1,0
5,EvolveGCN-H,440.0,146,0,0
5,EvolveGCN-H,440.0,147,0,0
5,EvolveGCN-H,440.0,148,0,0
5,EvolveGCN-H,440.0,149,0,0
5,EvolveGCN-H,450.0,0,0,0
5,EvolveGCN-H,450.0,1,0,0
5,EvolveGCN-H,450.0,2,0,0
5,EvolveGCN-H,450.0,3,0,0
5,EvolveGCN-H,450.0,4,0,0
5,EvolveGCN-H,450.0,5,0,0
5,EvolveGCN-H,450.0,6,1,0
5,EvolveGCN-H,450.0,7,0,0
5,EvolveGCN-H,450.0,8,0,0
5,EvolveGCN-H,450.0,9,0,0
5,EvolveGCN-H,450.0,10,0,0
5,EvolveGCN-H,450.0,11,1,0
5,EvolveGCN-H,450.0,12,0,0
5,EvolveGCN-H,450.0,13,0,0
5,EvolveGCN-H,450.0,14,0,0
5,EvolveGCN-H,450.0,15,0,0
5,EvolveGCN-H,450.0,16,0,0
5,EvolveGCN-H,450.0,17,0,0
5,EvolveGCN-H,450.0,18,0,0
5,EvolveGCN-H,450.0,19,0,0
5,EvolveGCN-H,450.0,20,0,0
5,EvolveGCN-H,450.0,21,0,0
5,EvolveGCN-H,450.0,22,0,0
5,EvolveGCN-H,450.0,23,0,0
5,EvolveGCN-H,450.0,24,0,0
5,EvolveGCN-H,450.0,25,0,0
5,EvolveGCN-H,450.0,26,0,0
5,EvolveGCN-H,450.0,27,0,0
5,EvolveGCN-H,450.0,28,0,0
5,EvolveGCN-H,450.0,29,0,0
5,EvolveGCN-H,450.0,30,0,0
5,EvolveGCN-H,450.0,31,0,0
5,EvolveGCN-H,450.0,32,0,0
5,EvolveGCN-H,450.0,33,1,0
5,EvolveGCN-H,450.0,34,0,0
5,EvolveGCN-H,450.0,35,0,0
5,EvolveGCN-H,450.0,36,0,0
5,EvolveGCN-H,450.0,37,0,0
5,EvolveGCN-H,450.0,38,0,0
5,EvolveGCN-H,450.0,39,0,0
5,EvolveGCN-H,450.0,40,0,0
5,EvolveGCN-H,450.0,41,0,0
5,EvolveGCN-H,450.0,42,0,0
5,EvolveGCN-H,450.0,43,1,0
5,EvolveGCN-H,450.0,44,0,0
5,EvolveGCN-H,450.0,45,0,0
5,EvolveGCN-H,450.0,46,0,0
5,EvolveGCN-H,450.0,47,0,0
5,EvolveGCN-H,450.0,48,0,0
5,EvolveGCN-H,450.0,49,0,0
5,EvolveGCN-H,450.0,50,0,0
5,EvolveGCN-H,450.0,51,0,0
5,EvolveGCN-H,450.0,52,0,0
5,EvolveGCN-H,450.0,53,1,0
5,EvolveGCN-H,450.0,54,0,0
5,EvolveGCN-H,450.0,55,0,0
5,EvolveGCN-H,450.0,56,0,0
5,EvolveGCN-H,450.0,57,0,0
5,EvolveGCN-H,450.0,58,0,0
5,EvolveGCN-H,450.0,59,0,0
5,EvolveGCN-H,450.0,60,1,0
5,EvolveGCN-H,450.0,61,1,0
5,EvolveGCN-H,450.0,62,0,0
5,EvolveGCN-H,450.0,63,0,0
5,EvolveGCN-H,450.0,64,0,0
5,EvolveGCN-H,450.0,65,0,0
5,EvolveGCN-H,450.0,66,0,0
5,EvolveGCN-H,450.0,67,0,0
5,EvolveGCN-H,450.0,68,0,0
5,EvolveGCN-H,450.0,69,0,0
5,EvolveGCN-H,450.0,70,0,0
5,EvolveGCN-H,450.0,71,0,0
5,EvolveGCN-H,450.0,72,0,0
5,EvolveGCN-H,450.0,73,0,0
5,EvolveGCN-H,450.0,74,0,0
5,EvolveGCN-H,450.0,75,0,0
5,EvolveGCN-H,450.0,76,0,1
5,EvolveGCN-H,450.0,77,0,0
5,EvolveGCN-H,450.0,78,0,0
5,EvolveGCN-H,450.0,79,0,0
5,EvolveGCN-H,450.0,80,0,0
5,EvolveGCN-H,450.0,81,0,0
5,EvolveGCN-H,450.0,82,0,0
5,EvolveGCN-H,450.0,83,0,0
5,EvolveGCN-H,450.0,84,0,0
5,EvolveGCN-H,450.0,85,0,0
5,EvolveGCN-H,450.0,86,0,0
5,EvolveGCN-H,450.0,87,0,0
5,EvolveGCN-H,450.0,88,0,0
5,EvolveGCN-H,450.0,89,0,0
5,EvolveGCN-H,450.0,90,0,0
5,EvolveGCN-H,450.0,91,0,0
5,EvolveGCN-H,450.0,92,0,0
5,EvolveGCN-H,450.0,93,0,0
5,EvolveGCN-H,450.0,94,0,0
5,EvolveGCN-H,450.0,95,0,0
5,EvolveGCN-H,450.0,96,0,0
5,EvolveGCN-H,450.0,97,0,0
5,EvolveGCN-H,450.0,98,0,0
5,EvolveGCN-H,450.0,99,0,0
5,EvolveGCN-H,450.0,100,1,0
5,EvolveGCN-H,450.0,101,1,0
5,EvolveGCN-H,450.0,102,0,0
5,EvolveGCN-H,450.0,103,0,0
5,EvolveGCN-H,450.0,104,1,0
5,EvolveGCN-H,450.0,105,1,0
5,EvolveGCN-H,450.0,106,0,0
5,EvolveGCN-H,450.0,107,0,0
5,EvolveGCN-H,450.0,108,0,0
5,EvolveGCN-H,450.0,109,0,0
5,EvolveGCN-H,450.0,110,0,0
5,EvolveGCN-H,450.0,111,1,0
5,EvolveGCN-H,450.0,112,0,0
5,EvolveGCN-H,450.0,113,0,0
5,EvolveGCN-H,450.0,114,0,0
5,EvolveGCN-H,450.0,115,0,0
5,EvolveGCN-H,450.0,116,0,0
5,EvolveGCN-H,450.0,117,1,0
5,EvolveGCN-H,450.0,118,0,0
5,EvolveGCN-H,450.0,119,0,0
5,EvolveGCN-H,450.0,120,0,0
5,EvolveGCN-H,450.0,121,0,0
5,EvolveGCN-H,450.0,122,0,0
5,EvolveGCN-H,450.0,123,0,0
5,EvolveGCN-H,450.0,124,0,0
5,EvolveGCN-H,450.0,125,0,0
5,EvolveGCN-H,450.0,126,0,0
5,EvolveGCN-H,450.0,127,0,0
5,EvolveGCN-H,450.0,128,0,0
5,EvolveGCN-H,450.0,129,1,0
5,EvolveGCN-H,450.0,130,0,0
5,EvolveGCN-H,450.0,131,0,0
5,EvolveGCN-H,450.0,132,0,0
5,EvolveGCN-H,450.0,133,0,0
5,EvolveGCN-H,450.0,134,1,0
5,EvolveGCN-H,450.0,135,0,0
5,EvolveGCN-H,450.0,136,0,0
5,EvolveGCN-H,450.0,137,0,0
5,EvolveGCN-H,450.0,138,0,0
5,EvolveGCN-H,450.0,139,0,0
5,EvolveGCN-H,450.0,140,0,0
5,EvolveGCN-H,450.0,141,0,0
5,EvolveGCN-H,450.0,142,0,0
5,EvolveGCN-H,450.0,143,0,0
5,EvolveGCN-H,450.0,144,0,0
5,EvolveGCN-H,450.0,145,1,0
5,EvolveGCN-H,450.0,146,0,0
5,EvolveGCN-H,450.0,147,0,0
5,EvolveGCN-H,450.0,148,0,0
5,EvolveGCN-H,450.0,149,0,0
5,EvolveGCN-H,460.0,0,0,0
5,EvolveGCN-H,460.0,1,0,0
5,EvolveGCN-H,460.0,2,0,0
5,EvolveGCN-H,460.0,3,0,0
5,EvolveGCN-H,460.0,4,0,0
5,EvolveGCN-H,460.0,5,0,0
5,EvolveGCN-H,460.0,6,1,0
5,EvolveGCN-H,460.0,7,0,0
5,EvolveGCN-H,460.0,8,0,0
5,EvolveGCN-H,460.0,9,0,0
5,EvolveGCN-H,460.0,10,0,0
5,EvolveGCN-H,460.0,11,1,0
5,EvolveGCN-H,460.0,12,0,0
5,EvolveGCN-H,460.0,13,0,0
5,EvolveGCN-H,460.0,14,0,0
5,EvolveGCN-H,460.0,15,0,0
5,EvolveGCN-H,460.0,16,0,0
5,EvolveGCN-H,460.0,17,0,0
5,EvolveGCN-H,460.0,18,0,0
5,EvolveGCN-H,460.0,19,0,0
5,EvolveGCN-H,460.0,20,0,0
5,EvolveGCN-H,460.0,21,0,0
5,EvolveGCN-H,460.0,22,0,0
5,EvolveGCN-H,460.0,23,0,0
5,EvolveGCN-H,460.0,24,0,0
5,EvolveGCN-H,460.0,25,0,0
5,EvolveGCN-H,460.0,26,0,0
5,EvolveGCN-H,460.0,27,0,0
5,EvolveGCN-H,460.0,28,0,0
5,EvolveGCN-H,460.0,29,0,0
5,EvolveGCN-H,460.0,30,0,0
5,EvolveGCN-H,460.0,31,0,0
5,EvolveGCN-H,460.0,32,0,0
5,EvolveGCN-H,460.0,33,1,0
5,EvolveGCN-H,460.0,34,0,0
5,EvolveGCN-H,460.0,35,0,0
5,EvolveGCN-H,460.0,36,0,0
5,EvolveGCN-H,460.0,37,0,0
5,EvolveGCN-H,460.0,38,0,0
5,EvolveGCN-H,460.0,39,0,0
5,EvolveGCN-H,460.0,40,0,0
5,EvolveGCN-H,460.0,41,0,0
5,EvolveGCN-H,460.0,42,0,0
5,EvolveGCN-H,460.0,43,1,0
5,EvolveGCN-H,460.0,44,0,0
5,EvolveGCN-H,460.0,45,0,0
5,EvolveGCN-H,460.0,46,0,0
5,EvolveGCN-H,460.0,47,0,0
5,EvolveGCN-H,460.0,48,0,0
5,EvolveGCN-H,460.0,49,0,0
5,EvolveGCN-H,460.0,50,0,0
5,EvolveGCN-H,460.0,51,0,0
5,EvolveGCN-H,460.0,52,0,0
5,EvolveGCN-H,460.0,53,1,0
5,EvolveGCN-H,460.0,54,0,0
5,EvolveGCN-H,460.0,55,0,0
5,EvolveGCN-H,460.0,56,0,0
5,EvolveGCN-H,460.0,57,0,0
5,EvolveGCN-H,460.0,58,0,0
5,EvolveGCN-H,460.0,59,0,0
5,EvolveGCN-H,460.0,60,1,0
5,EvolveGCN-H,460.0,61,1,0
5,EvolveGCN-H,460.0,62,0,0
5,EvolveGCN-H,460.0,63,0,0
5,EvolveGCN-H,460.0,64,0,0
5,EvolveGCN-H,460.0,65,0,0
5,EvolveGCN-H,460.0,66,0,0
5,EvolveGCN-H,460.0,67,0,0
5,EvolveGCN-H,460.0,68,0,0
5,EvolveGCN-H,460.0,69,0,0
5,EvolveGCN-H,460.0,70,0,0
5,EvolveGCN-H,460.0,71,0,0
5,EvolveGCN-H,460.0,72,0,0
5,EvolveGCN-H,460.0,73,0,0
5,EvolveGCN-H,460.0,74,0,0
5,EvolveGCN-H,460.0,75,0,0
5,EvolveGCN-H,460.0,76,0,0
5,EvolveGCN-H,460.0,77,0,0
5,EvolveGCN-H,460.0,78,0,0
5,EvolveGCN-H,460.0,79,0,0
5,EvolveGCN-H,460.0,80,0,0
5,EvolveGCN-H,460.0,81,0,0
5,EvolveGCN-H,460.0,82,0,0
5,EvolveGCN-H,460.0,83,0,0
5,EvolveGCN-H,460.0,84,0,0
5,EvolveGCN-H,460.0,85,0,0
5,EvolveGCN-H,460.0,86,0,0
5,EvolveGCN-H,460.0,87,0,0
5,EvolveGCN-H,460.0,88,0,0
5,EvolveGCN-H,460.0,89,0,0
5,EvolveGCN-H,460.0,90,0,0
5,EvolveGCN-H,460.0,91,0,0
5,EvolveGCN-H,460.0,92,0,0
5,EvolveGCN-H,460.0,93,0,0
5,EvolveGCN-H,460.0,94,0,0
5,EvolveGCN-H,460.0,95,0,0
5,EvolveGCN-H,460.0,96,0,0
5,EvolveGCN-H,460.0,97,0,0
5,EvolveGCN-H,460.0,98,0,0
5,EvolveGCN-H,460.0,99,0,0
5,EvolveGCN-H,460.0,100,1,0
5,EvolveGCN-H,460.0,101,1,0
5,EvolveGCN-H,460.0,102,0,0
5,EvolveGCN-H,460.0,103,0,0
5,EvolveGCN-H,460.0,104,1,0
5,EvolveGCN-H,460.0,105,1,0
5,EvolveGCN-H,460.0,106,0,0
5,EvolveGCN-H,460.0,107,0,0
5,EvolveGCN-H,460.0,108,0,0
5,EvolveGCN-H,460.0,109,0,0
5,EvolveGCN-H,460.0,110,0,0
5,EvolveGCN-H,460.0,111,1,0
5,EvolveGCN-H,460.0,112,0,0
5,EvolveGCN-H,460.0,113,0,0
5,EvolveGCN-H,460.0,114,0,0
5,EvolveGCN-H,460.0,115,0,0
5,EvolveGCN-H,460.0,116,0,0
5,EvolveGCN-H,460.0,117,1,0
5,EvolveGCN-H,460.0,118,0,0
5,EvolveGCN-H,460.0,119,0,0
5,EvolveGCN-H,460.0,120,0,0
5,EvolveGCN-H,460.0,121,0,0
5,EvolveGCN-H,460.0,122,0,0
5,EvolveGCN-H,460.0,123,0,0
5,EvolveGCN-H,460.0,124,0,0
5,EvolveGCN-H,460.0,125,0,0
5,EvolveGCN-H,460.0,126,0,0
5,EvolveGCN-H,460.0,127,0,0
5,EvolveGCN-H,460.0,128,0,0
5,EvolveGCN-H,460.0,129,1,0
5,EvolveGCN-H,460.0,130,0,0
5,EvolveGCN-H,460.0,131,0,0
5,EvolveGCN-H,460.0,132,0,0
5,EvolveGCN-H,460.0,133,0,0
5,EvolveGCN-H,460.0,134,1,0
5,EvolveGCN-H,460.0,135,0,0
5,EvolveGCN-H,460.0,136,0,0
5,EvolveGCN-H,460.0,137,0,0
5,EvolveGCN-H,460.0,138,0,0
5,EvolveGCN-H,460.0,139,0,0
5,EvolveGCN-H,460.0,140,0,0
5,EvolveGCN-H,460.0,141,0,0
5,EvolveGCN-H,460.0,142,0,0
5,EvolveGCN-H,460.0,143,0,0
5,EvolveGCN-H,460.0,144,0,0
5,EvolveGCN-H,460.0,145,1,0
5,EvolveGCN-H,460.0,146,0,0
5,EvolveGCN-H,460.0,147,0,0
5,EvolveGCN-H,460.0,148,0,0
5,EvolveGCN-H,460.0,149,0,0
5,EvolveGCN-H,470.0,0,0,0
5,EvolveGCN-H,470.0,1,0,0
5,EvolveGCN-H,470.0,2,0,0
5,EvolveGCN-H,470.0,3,0,0
5,EvolveGCN-H,470.0,4,0,0
5,EvolveGCN-H,470.0,5,0,0
5,EvolveGCN-H,470.0,6,1,0
5,EvolveGCN-H,470.0,7,0,0
5,EvolveGCN-H,470.0,8,0,0
5,EvolveGCN-H,470.0,9,0,0
5,EvolveGCN-H,470.0,10,0,0
5,EvolveGCN-H,470.0,11,1,0
5,EvolveGCN-H,470.0,12,0,0
5,EvolveGCN-H,470.0,13,0,0
5,EvolveGCN-H,470.0,14,0,0
5,EvolveGCN-H,470.0,15,0,0
5,EvolveGCN-H,470.0,16,0,0
5,EvolveGCN-H,470.0,17,0,0
5,EvolveGCN-H,470.0,18,0,0
5,EvolveGCN-H,470.0,19,0,0
5,EvolveGCN-H,470.0,20,0,0
5,EvolveGCN-H,470.0,21,0,0
5,EvolveGCN-H,470.0,22,0,0
5,EvolveGCN-H,470.0,23,0,0
5,EvolveGCN-H,470.0,24,0,0
5,EvolveGCN-H,470.0,25,0,0
5,EvolveGCN-H,470.0,26,0,0
5,EvolveGCN-H,470.0,27,0,0
5,EvolveGCN-H,470.0,28,0,0
5,EvolveGCN-H,470.0,29,0,0
5,EvolveGCN-H,470.0,30,0,0
5,EvolveGCN-H,470.0,31,0,0
5,EvolveGCN-H,470.0,32,0,0
5,EvolveGCN-H,470.0,33,1,0
5,EvolveGCN-H,470.0,34,0,0
5,EvolveGCN-H,470.0,35,0,0
5,EvolveGCN-H,470.0,36,0,0
5,EvolveGCN-H,470.0,37,0,0
5,EvolveGCN-H,470.0,38,0,0
5,EvolveGCN-H,470.0,39,0,0
5,EvolveGCN-H,470.0,40,0,0
5,EvolveGCN-H,470.0,41,0,0
5,EvolveGCN-H,470.0,42,0,0
5,EvolveGCN-H,470.0,43,1,0
5,EvolveGCN-H,470.0,44,0,0
5,EvolveGCN-H,470.0,45,0,0
5,EvolveGCN-H,470.0,46,0,0
5,EvolveGCN-H,470.0,47,0,0
5,EvolveGCN-H,470.0,48,0,0
5,EvolveGCN-H,470.0,49,0,0
5,EvolveGCN-H,470.0,50,0,0
5,EvolveGCN-H,470.0,51,0,0
5,EvolveGCN-H,470.0,52,0,0
5,EvolveGCN-H,470.0,53,1,0
5,EvolveGCN-H,470.0,54,0,0
5,EvolveGCN-H,470.0,55,0,0
5,EvolveGCN-H,470.0,56,0,0
5,EvolveGCN-H,470.0,57,0,0
5,EvolveGCN-H,470.0,58,0,0
5,EvolveGCN-H,470.0,59,0,0
5,EvolveGCN-H,470.0,60,1,0
5,EvolveGCN-H,470.0,61,1,0
5,EvolveGCN-H,470.0,62,0,0
5,EvolveGCN-H,470.0,63,0,0
5,EvolveGCN-H,470.0,64,0,0
5,EvolveGCN-H,470.0,65,0,0
5,EvolveGCN-H,470.0,66,0,0
5,EvolveGCN-H,470.0,67,0,0
5,EvolveGCN-H,470.0,68,0,0
5,EvolveGCN-H,470.0,69,0,0
5,EvolveGCN-H,470.0,70,0,0
5,EvolveGCN-H,470.0,71,0,0
5,EvolveGCN-H,470.0,72,0,0
5,EvolveGCN-H,470.0,73,0,0
5,EvolveGCN-H,470.0,74,0,0
5,EvolveGCN-H,470.0,75,0,0
5,EvolveGCN-H,470.0,76,0,0
5,EvolveGCN-H,470.0,77,0,0
5,EvolveGCN-H,470.0,78,0,0
5,EvolveGCN-H,470.0,79,0,0
5,EvolveGCN-H,470.0,80,0,0
5,EvolveGCN-H,470.0,81,0,0
5,EvolveGCN-H,470.0,82,0,0
5,EvolveGCN-H,470.0,83,0,0
5,EvolveGCN-H,470.0,84,0,0
5,EvolveGCN-H,470.0,85,0,0
5,EvolveGCN-H,470.0,86,0,0
5,EvolveGCN-H,470.0,87,0,0
5,EvolveGCN-H,470.0,88,0,0
5,EvolveGCN-H,470.0,89,0,0
5,EvolveGCN-H,470.0,90,0,0
5,EvolveGCN-H,470.0,91,0,0
5,EvolveGCN-H,470.0,92,0,0
5,EvolveGCN-H,470.0,93,0,0
5,EvolveGCN-H,470.0,94,0,0
5,EvolveGCN-H,470.0,95,0,0
5,EvolveGCN-H,470.0,96,0,0
5,EvolveGCN-H,470.0,97,0,0
5,EvolveGCN-H,470.0,98,0,0
5,EvolveGCN-H,470.0,99,0,0
5,EvolveGCN-H,470.0,100,1,0
5,EvolveGCN-H,470.0,101,1,0
5,EvolveGCN-H,470.0,102,0,0
5,EvolveGCN-H,470.0,103,0,0
5,EvolveGCN-H,470.0,104,1,0
5,EvolveGCN-H,470.0,105,1,0
5,EvolveGCN-H,470.0,106,0,0
5,EvolveGCN-H,470.0,107,0,0
5,EvolveGCN-H,470.0,108,0,0
5,EvolveGCN-H,470.0,109,0,0
5,EvolveGCN-H,470.0,110,0,0
5,EvolveGCN-H,470.0,111,1,0
5,EvolveGCN-H,470.0,112,0,0
5,EvolveGCN-H,470.0,113,0,0
5,EvolveGCN-H,470.0,114,0,0
5,EvolveGCN-H,470.0,115,0,0
5,EvolveGCN-H,470.0,116,0,0
5,EvolveGCN-H,470.0,117,1,0
5,EvolveGCN-H,470.0,118,0,0
5,EvolveGCN-H,470.0,119,0,0
5,EvolveGCN-H,470.0,120,0,0
5,EvolveGCN-H,470.0,121,0,0
5,EvolveGCN-H,470.0,122,0,0
5,EvolveGCN-H,470.0,123,0,0
5,EvolveGCN-H,470.0,124,0,0
5,EvolveGCN-H,470.0,125,0,0
5,EvolveGCN-H,470.0,126,0,0
5,EvolveGCN-H,470.0,127,0,0
5,EvolveGCN-H,470.0,128,0,0
5,EvolveGCN-H,470.0,129,1,0
5,EvolveGCN-H,470.0,130,0,0
5,EvolveGCN-H,470.0,131,0,0
5,EvolveGCN-H,470.0,132,0,0
5,EvolveGCN-H,470.0,133,0,0
5,EvolveGCN-H,470.0,134,1,0
5,EvolveGCN-H,470.0,135,0,0
5,EvolveGCN-H,470.0,136,0,0
5,EvolveGCN-H,470.0,137,0,0
5,EvolveGCN-H,470.0,138,0,0
5,EvolveGCN-H,470.0,139,0,0
5,EvolveGCN-H,470.0,140,0,0
5,EvolveGCN-H,470.0,141,0,0
5,EvolveGCN-H,470.0,142,0,0
5,EvolveGCN-H,470.0,143,0,0
5,EvolveGCN-H,470.0,144,0,0
5,EvolveGCN-H,470.0,145,1,0
5,EvolveGCN-H,470.0,146,0,0
5,EvolveGCN-H,470.0,147,0,0
5,EvolveGCN-H,470.0,148,0,0
5,EvolveGCN-H,470.0,149,0,0
5,EvolveGCN-H,480.0,0,0,0
5,EvolveGCN-H,480.0,1,0,0
5,EvolveGCN-H,480.0,2,0,0
5,EvolveGCN-H,480.0,3,0,0
5,EvolveGCN-H,480.0,4,0,0
5,EvolveGCN-H,480.0,5,0,0
5,EvolveGCN-H,480.0,6,1,0
5,EvolveGCN-H,480.0,7,0,0
5,EvolveGCN-H,480.0,8,0,0
5,EvolveGCN-H,480.0,9,0,0
5,EvolveGCN-H,480.0,10,0,0
5,EvolveGCN-H,480.0,11,1,0
5,EvolveGCN-H,480.0,12,0,0
5,EvolveGCN-H,480.0,13,0,0
5,EvolveGCN-H,480.0,14,0,0
5,EvolveGCN-H,480.0,15,0,0
5,EvolveGCN-H,480.0,16,0,0
5,EvolveGCN-H,480.0,17,0,0
5,EvolveGCN-H,480.0,18,0,0
5,EvolveGCN-H,480.0,19,0,0
5,EvolveGCN-H,480.0,20,0,0
5,EvolveGCN-H,480.0,21,0,0
5,EvolveGCN-H,480.0,22,0,0
5,EvolveGCN-H,480.0,23,0,0
5,EvolveGCN-H,480.0,24,0,0
5,EvolveGCN-H,480.0,25,0,0
5,EvolveGCN-H,480.0,26,0,0
5,EvolveGCN-H,480.0,27,0,0
5,EvolveGCN-H,480.0,28,0,0
5,EvolveGCN-H,480.0,29,0,0
5,EvolveGCN-H,480.0,30,0,0
5,EvolveGCN-H,480.0,31,0,0
5,EvolveGCN-H,480.0,32,0,0
5,EvolveGCN-H,480.0,33,1,0
5,EvolveGCN-H,480.0,34,0,0
5,EvolveGCN-H,480.0,35,0,0
5,EvolveGCN-H,480.0,36,0,0
5,EvolveGCN-H,480.0,37,0,0
5,EvolveGCN-H,480.0,38,0,0
5,EvolveGCN-H,480.0,39,0,0
5,EvolveGCN-H,480.0,40,0,0
5,EvolveGCN-H,480.0,41,0,0
5,EvolveGCN-H,480.0,42,0,0
5,EvolveGCN-H,480.0,43,1,0
5,EvolveGCN-H,480.0,44,0,0
5,EvolveGCN-H,480.0,45,0,0
5,EvolveGCN-H,480.0,46,0,0
5,EvolveGCN-H,480.0,47,0,0
5,EvolveGCN-H,480.0,48,0,0
5,EvolveGCN-H,480.0,49,0,0
5,EvolveGCN-H,480.0,50,0,0
5,EvolveGCN-H,480.0,51,0,0
5,EvolveGCN-H,480.0,52,0,0
5,EvolveGCN-H,480.0,53,1,0
5,EvolveGCN-H,480.0,54,0,0
5,EvolveGCN-H,480.0,55,0,0
5,EvolveGCN-H,480.0,56,0,0
5,EvolveGCN-H,480.0,57,0,0
5,EvolveGCN-H,480.0,58,0,0
5,EvolveGCN-H,480.0,59,0,0
5,EvolveGCN-H,480.0,60,1,0
5,EvolveGCN-H,480.0,61,1,0
5,EvolveGCN-H,480.0,62,0,0
5,EvolveGCN-H,480.0,63,0,0
5,EvolveGCN-H,480.0,64,0,0
5,EvolveGCN-H,480.0,65,0,0
5,EvolveGCN-H,480.0,66,0,0
5,EvolveGCN-H,480.0,67,0,0
5,EvolveGCN-H,480.0,68,0,0
5,EvolveGCN-H,480.0,69,0,0
5,EvolveGCN-H,480.0,70,0,0
5,EvolveGCN-H,480.0,71,0,0
5,EvolveGCN-H,480.0,72,0,0
5,EvolveGCN-H,480.0,73,0,0
5,EvolveGCN-H,480.0,74,0,0
5,EvolveGCN-H,480.0,75,0,0
5,EvolveGCN-H,480.0,76,0,0
5,EvolveGCN-H,480.0,77,0,0
5,EvolveGCN-H,480.0,78,0,0
5,EvolveGCN-H,480.0,79,0,0
5,EvolveGCN-H,480.0,80,0,0
5,EvolveGCN-H,480.0,81,0,0
5,EvolveGCN-H,480.0,82,0,0
5,EvolveGCN-H,480.0,83,0,0
5,EvolveGCN-H,480.0,84,0,0
5,EvolveGCN-H,480.0,85,0,0
5,EvolveGCN-H,480.0,86,0,0
5,EvolveGCN-H,480.0,87,0,0
5,EvolveGCN-H,480.0,88,0,0
5,EvolveGCN-H,480.0,89,0,0
5,EvolveGCN-H,480.0,90,0,0
5,EvolveGCN-H,480.0,91,0,0
5,EvolveGCN-H,480.0,92,0,0
5,EvolveGCN-H,480.0,93,0,0
5,EvolveGCN-H,480.0,94,0,0
5,EvolveGCN-H,480.0,95,0,0
5,EvolveGCN-H,480.0,96,0,0
5,EvolveGCN-H,480.0,97,0,0
5,EvolveGCN-H,480.0,98,0,0
5,EvolveGCN-H,480.0,99,0,0
5,EvolveGCN-H,480.0,100,1,0
5,EvolveGCN-H,480.0,101,1,0
5,EvolveGCN-H,480.0,102,0,0
5,EvolveGCN-H,480.0,103,0,0
5,EvolveGCN-H,480.0,104,1,0
5,EvolveGCN-H,480.0,105,1,0
5,EvolveGCN-H,480.0,106,0,0
5,EvolveGCN-H,480.0,107,0,0
5,EvolveGCN-H,480.0,108,0,0
5,EvolveGCN-H,480.0,109,0,0
5,EvolveGCN-H,480.0,110,0,0
5,EvolveGCN-H,480.0,111,1,0
5,EvolveGCN-H,480.0,112,0,0
5,EvolveGCN-H,480.0,113,0,0
5,EvolveGCN-H,480.0,114,0,0
5,EvolveGCN-H,480.0,115,0,0
5,EvolveGCN-H,480.0,116,0,0
5,EvolveGCN-H,480.0,117,1,0
5,EvolveGCN-H,480.0,118,0,0
5,EvolveGCN-H,480.0,119,0,0
5,EvolveGCN-H,480.0,120,0,0
5,EvolveGCN-H,480.0,121,0,0
5,EvolveGCN-H,480.0,122,0,0
5,EvolveGCN-H,480.0,123,0,0
5,EvolveGCN-H,480.0,124,0,0
5,EvolveGCN-H,480.0,125,0,0
5,EvolveGCN-H,480.0,126,0,0
5,EvolveGCN-H,480.0,127,0,0
5,EvolveGCN-H,480.0,128,0,0
5,EvolveGCN-H,480.0,129,1,0
5,EvolveGCN-H,480.0,130,0,0
5,EvolveGCN-H,480.0,131,0,0
5,EvolveGCN-H,480.0,132,0,0
5,EvolveGCN-H,480.0,133,0,0
5,EvolveGCN-H,480.0,134,1,0
5,EvolveGCN-H,480.0,135,0,0
5,EvolveGCN-H,480.0,136,0,0
5,EvolveGCN-H,480.0,137,0,0
5,EvolveGCN-H,480.0,138,0,0
5,EvolveGCN-H,480.0,139,0,0
5,EvolveGCN-H,480.0,140,0,0
5,EvolveGCN-H,480.0,141,0,0
5,EvolveGCN-H,480.0,142,0,0
5,EvolveGCN-H,480.0,143,0,0
5,EvolveGCN-H,480.0,144,0,0
5,EvolveGCN-H,480.0,145,1,0
5,EvolveGCN-H,480.0,146,0,0
5,EvolveGCN-H,480.0,147,0,0
5,EvolveGCN-H,480.0,148,0,0
5,EvolveGCN-H,480.0,149,0,0
5,EvolveGCN-H,490.0,0,0,0
5,EvolveGCN-H,490.0,1,0,0
5,EvolveGCN-H,490.0,2,0,0
5,EvolveGCN-H,490.0,3,0,0
5,EvolveGCN-H,490.0,4,0,0
5,EvolveGCN-H,490.0,5,0,0
5,EvolveGCN-H,490.0,6,1,0
5,EvolveGCN-H,490.0,7,0,1
5,EvolveGCN-H,490.0,8,0,0
5,EvolveGCN-H,490.0,9,0,0
5,EvolveGCN-H,490.0,10,0,0
5,EvolveGCN-H,490.0,11,1,0
5,EvolveGCN-H,490.0,12,0,0
5,EvolveGCN-H,490.0,13,0,0
5,EvolveGCN-H,490.0,14,0,0
5,EvolveGCN-H,490.0,15,0,0
5,EvolveGCN-H,490.0,16,0,0
5,EvolveGCN-H,490.0,17,0,0
5,EvolveGCN-H,490.0,18,0,0
5,EvolveGCN-H,490.0,19,0,0
5,EvolveGCN-H,490.0,20,0,0
5,EvolveGCN-H,490.0,21,0,0
5,EvolveGCN-H,490.0,22,0,0
5,EvolveGCN-H,490.0,23,0,0
5,EvolveGCN-H,490.0,24,0,0
5,EvolveGCN-H,490.0,25,0,0
5,EvolveGCN-H,490.0,26,0,0
5,EvolveGCN-H,490.0,27,0,0
5,EvolveGCN-H,490.0,28,0,0
5,EvolveGCN-H,490.0,29,0,0
5,EvolveGCN-H,490.0,30,0,0
5,EvolveGCN-H,490.0,31,0,0
5,EvolveGCN-H,490.0,32,0,0
5,EvolveGCN-H,490.0,33,1,0
5,EvolveGCN-H,490.0,34,0,0
5,EvolveGCN-H,490.0,35,0,0
5,EvolveGCN-H,490.0,36,0,0
5,EvolveGCN-H,490.0,37,0,0
5,EvolveGCN-H,490.0,38,0,0
5,EvolveGCN-H,490.0,39,0,0
5,EvolveGCN-H,490.0,40,0,0
5,EvolveGCN-H,490.0,41,0,0
5,EvolveGCN-H,490.0,42,0,0
5,EvolveGCN-H,490.0,43,1,0
5,EvolveGCN-H,490.0,44,0,0
5,EvolveGCN-H,490.0,45,0,0
5,EvolveGCN-H,490.0,46,0,0
5,EvolveGCN-H,490.0,47,0,0
5,EvolveGCN-H,490.0,48,0,0
5,EvolveGCN-H,490.0,49,0,0
5,EvolveGCN-H,490.0,50,0,0
5,EvolveGCN-H,490.0,51,0,0
5,EvolveGCN-H,490.0,52,0,0
5,EvolveGCN-H,490.0,53,1,0
5,EvolveGCN-H,490.0,54,0,0
5,EvolveGCN-H,490.0,55,0,0
5,EvolveGCN-H,490.0,56,0,0
5,EvolveGCN-H,490.0,57,0,0
5,EvolveGCN-H,490.0,58,0,0
5,EvolveGCN-H,490.0,59,0,0
5,EvolveGCN-H,490.0,60,1,0
5,EvolveGCN-H,490.0,61,1,0
5,EvolveGCN-H,490.0,62,0,0
5,EvolveGCN-H,490.0,63,0,0
5,EvolveGCN-H,490.0,64,0,0
5,EvolveGCN-H,490.0,65,0,0
5,EvolveGCN-H,490.0,66,0,0
5,EvolveGCN-H,490.0,67,0,0
5,EvolveGCN-H,490.0,68,0,0
5,EvolveGCN-H,490.0,69,0,0
5,EvolveGCN-H,490.0,70,0,0
5,EvolveGCN-H,490.0,71,0,0
5,EvolveGCN-H,490.0,72,0,0
5,EvolveGCN-H,490.0,73,0,0
5,EvolveGCN-H,490.0,74,0,0
5,EvolveGCN-H,490.0,75,0,0
5,EvolveGCN-H,490.0,76,0,0
5,EvolveGCN-H,490.0,77,0,0
5,EvolveGCN-H,490.0,78,0,0
5,EvolveGCN-H,490.0,79,0,0
5,EvolveGCN-H,490.0,80,0,0
5,EvolveGCN-H,490.0,81,0,0
5,EvolveGCN-H,490.0,82,0,0
5,EvolveGCN-H,490.0,83,0,0
5,EvolveGCN-H,490.0,84,0,0
5,EvolveGCN-H,490.0,85,0,0
5,EvolveGCN-H,490.0,86,0,0
5,EvolveGCN-H,490.0,87,0,0
5,EvolveGCN-H,490.0,88,0,0
5,EvolveGCN-H,490.0,89,0,0
5,EvolveGCN-H,490.0,90,0,0
5,EvolveGCN-H,490.0,91,0,0
5,EvolveGCN-H,490.0,92,0,0
5,EvolveGCN-H,490.0,93,0,0
5,EvolveGCN-H,490.0,94,0,0
5,EvolveGCN-H,490.0,95,0,0
5,EvolveGCN-H,490.0,96,0,0
5,EvolveGCN-H,490.0,97,0,1
5,EvolveGCN-H,490.0,98,0,0
5,EvolveGCN-H,490.0,99,0,0
5,EvolveGCN-H,490.0,100,1,0
5,EvolveGCN-H,490.0,101,1,0
5,EvolveGCN-H,490.0,102,0,0
5,EvolveGCN-H,490.0,103,0,0
5,EvolveGCN-H,490.0,104,1,0
5,EvolveGCN-H,490.0,105,1,0
5,EvolveGCN-H,490.0,106,0,0
5,EvolveGCN-H,490.0,107,0,0
5,EvolveGCN-H,490.0,108,0,0
5,EvolveGCN-H,490.0,109,0,0
5,EvolveGCN-H,490.0,110,0,0
5,EvolveGCN-H,490.0,111,1,0
5,EvolveGCN-H,490.0,112,0,0
5,EvolveGCN-H,490.0,113,0,0
5,EvolveGCN-H,490.0,114,0,0
5,EvolveGCN-H,490.0,115,0,0
5,EvolveGCN-H,490.0,116,0,0
5,EvolveGCN-H,490.0,117,1,0
5,EvolveGCN-H,490.0,118,0,0
5,EvolveGCN-H,490.0,119,0,0
5,EvolveGCN-H,490.0,120,0,0
5,EvolveGCN-H,490.0,121,0,0
5,EvolveGCN-H,490.0,122,0,0
5,EvolveGCN-H,490.0,123,0,0
5,EvolveGCN-H,490.0,124,0,0
5,EvolveGCN-H,490.0,125,0,0
5,EvolveGCN-H,490.0,126,0,0
5,EvolveGCN-H,490.0,127,0,0
5,EvolveGCN-H,490.0,128,0,0
5,EvolveGCN-H,490.0,129,1,0
5,EvolveGCN-H,490.0,130,0,0
5,EvolveGCN-H,490.0,131,0,0
5,EvolveGCN-H,490.0,132,0,0
5,EvolveGCN-H,490.0,133,0,0
5,EvolveGCN-H,490.0,134,1,0
5,EvolveGCN-H,490.0,135,0,0
5,EvolveGCN-H,490.0,136,0,0
5,EvolveGCN-H,490.0,137,0,0
5,EvolveGCN-H,490.0,138,0,0
5,EvolveGCN-H,490.0,139,0,0
5,EvolveGCN-H,490.0,140,0,0
5,EvolveGCN-H,490.0,141,0,1
5,EvolveGCN-H,490.0,142,0,0
5,EvolveGCN-H,490.0,143,0,0
5,EvolveGCN-H,490.0,144,0,0
5,EvolveGCN-H,490.0,145,1,0
5,EvolveGCN-H,490.0,146,0,0
5,EvolveGCN-H,490.0,147,0,0
5,EvolveGCN-H,490.0,148,0,0
5,EvolveGCN-H,490.0,149,0,0
5,EvolveGCN-H,500.0,0,0,0
5,EvolveGCN-H,500.0,1,0,0
5,EvolveGCN-H,500.0,2,0,0
5,EvolveGCN-H,500.0,3,0,0
5,EvolveGCN-H,500.0,4,0,0
5,EvolveGCN-H,500.0,5,0,0
5,EvolveGCN-H,500.0,6,1,0
5,EvolveGCN-H,500.0,7,0,0
5,EvolveGCN-H,500.0,8,0,0
5,EvolveGCN-H,500.0,9,0,0
5,EvolveGCN-H,500.0,10,0,0
5,EvolveGCN-H,500.0,11,1,0
5,EvolveGCN-H,500.0,12,0,0
5,EvolveGCN-H,500.0,13,0,0
5,EvolveGCN-H,500.0,14,0,0
5,EvolveGCN-H,500.0,15,0,0
5,EvolveGCN-H,500.0,16,0,0
5,EvolveGCN-H,500.0,17,0,0
5,EvolveGCN-H,500.0,18,0,0
5,EvolveGCN-H,500.0,19,0,0
5,EvolveGCN-H,500.0,20,0,0
5,EvolveGCN-H,500.0,21,0,0
5,EvolveGCN-H,500.0,22,0,0
5,EvolveGCN-H,500.0,23,0,0
5,EvolveGCN-H,500.0,24,0,0
5,EvolveGCN-H,500.0,25,0,0
5,EvolveGCN-H,500.0,26,0,0
5,EvolveGCN-H,500.0,27,0,0
5,EvolveGCN-H,500.0,28,0,0
5,EvolveGCN-H,500.0,29,0,0
5,EvolveGCN-H,500.0,30,0,0
5,EvolveGCN-H,500.0,31,0,0
5,EvolveGCN-H,500.0,32,0,0
5,EvolveGCN-H,500.0,33,1,0
5,EvolveGCN-H,500.0,34,0,0
5,EvolveGCN-H,500.0,35,0,0
5,EvolveGCN-H,500.0,36,0,0
5,EvolveGCN-H,500.0,37,0,0
5,EvolveGCN-H,500.0,38,0,0
5,EvolveGCN-H,500.0,39,0,0
5,EvolveGCN-H,500.0,40,0,0
5,EvolveGCN-H,500.0,41,0,0
5,EvolveGCN-H,500.0,42,0,0
5,EvolveGCN-H,500.0,43,1,0
5,EvolveGCN-H,500.0,44,0,0
5,EvolveGCN-H,500.0,45,0,0
5,EvolveGCN-H,500.0,46,0,0
5,EvolveGCN-H,500.0,47,0,0
5,EvolveGCN-H,500.0,48,0,0
5,EvolveGCN-H,500.0,49,0,0
5,EvolveGCN-H,500.0,50,0,0
5,EvolveGCN-H,500.0,51,0,0
5,EvolveGCN-H,500.0,52,0,0
5,EvolveGCN-H,500.0,53,1,0
5,EvolveGCN-H,500.0,54,0,0
5,EvolveGCN-H,500.0,55,0,0
5,EvolveGCN-H,500.0,56,0,0
5,EvolveGCN-H,500.0,57,0,0
5,EvolveGCN-H,500.0,58,0,0
5,EvolveGCN-H,500.0,59,0,0
5,EvolveGCN-H,500.0,60,1,0
5,EvolveGCN-H,500.0,61,1,0
5,EvolveGCN-H,500.0,62,0,0
5,EvolveGCN-H,500.0,63,0,0
5,EvolveGCN-H,500.0,64,0,0
5,EvolveGCN-H,500.0,65,0,0
5,EvolveGCN-H,500.0,66,0,0
5,EvolveGCN-H,500.0,67,0,0
5,EvolveGCN-H,500.0,68,0,0
5,EvolveGCN-H,500.0,69,0,0
5,EvolveGCN-H,500.0,70,0,0
5,EvolveGCN-H,500.0,71,0,0
5,EvolveGCN-H,500.0,72,0,0
5,EvolveGCN-H,500.0,73,0,0
5,EvolveGCN-H,500.0,74,0,0
5,EvolveGCN-H,500.0,75,0,0
5,EvolveGCN-H,500.0,76,0,0
5,EvolveGCN-H,500.0,77,0,0
5,EvolveGCN-H,500.0,78,0,0
5,EvolveGCN-H,500.0,79,0,0
5,EvolveGCN-H,500.0,80,0,0
5,EvolveGCN-H,500.0,81,0,0
5,EvolveGCN-H,500.0,82,0,0
5,EvolveGCN-H,500.0,83,0,0
5,EvolveGCN-H,500.0,84,0,0
5,EvolveGCN-H,500.0,85,0,0
5,EvolveGCN-H,500.0,86,0,0
5,EvolveGCN-H,500.0,87,0,0
5,EvolveGCN-H,500.0,88,0,0
5,EvolveGCN-H,500.0,89,0,0
5,EvolveGCN-H,500.0,90,0,0
5,EvolveGCN-H,500.0,91,0,0
5,EvolveGCN-H,500.0,92,0,0
5,EvolveGCN-H,500.0,93,0,0
5,EvolveGCN-H,500.0,94,0,0
5,EvolveGCN-H,500.0,95,0,0
5,EvolveGCN-H,500.0,96,0,0
5,EvolveGCN-H,500.0,97,0,0
5,EvolveGCN-H,500.0,98,0,0
5,EvolveGCN-H,500.0,99,0,0
5,EvolveGCN-H,500.0,100,1,0
5,EvolveGCN-H,500.0,101,1,0
5,EvolveGCN-H,500.0,102,0,0
5,EvolveGCN-H,500.0,103,0,0
5,EvolveGCN-H,500.0,104,1,0
5,EvolveGCN-H,500.0,105,1,0
5,EvolveGCN-H,500.0,106,0,0
5,EvolveGCN-H,500.0,107,0,0
5,EvolveGCN-H,500.0,108,0,0
5,EvolveGCN-H,500.0,109,0,0
5,EvolveGCN-H,500.0,110,0,0
5,EvolveGCN-H,500.0,111,1,0
5,EvolveGCN-H,500.0,112,0,0
5,EvolveGCN-H,500.0,113,0,0
5,EvolveGCN-H,500.0,114,0,0
5,EvolveGCN-H,500.0,115,0,0
5,EvolveGCN-H,500.0,116,0,0
5,EvolveGCN-H,500.0,117,1,0
5,EvolveGCN-H,500.0,118,0,0
5,EvolveGCN-H,500.0,119,0,0
5,EvolveGCN-H,500.0,120,0,0
5,EvolveGCN-H,500.0,121,0,0
5,EvolveGCN-H,500.0,122,0,0
5,EvolveGCN-H,500.0,123,0,0
5,EvolveGCN-H,500.0,124,0,0
5,EvolveGCN-H,500.0,125,0,0
5,EvolveGCN-H,500.0,126,0,0
5,EvolveGCN-H,500.0,127,0,0
5,EvolveGCN-H,500.0,128,0,0
5,EvolveGCN-H,500.0,129,1,0
5,EvolveGCN-H,500.0,130,0,0
5,EvolveGCN-H,500.0,131,0,0
5,EvolveGCN-H,500.0,132,0,0
5,EvolveGCN-H,500.0,133,0,0
5,EvolveGCN-H,500.0,134,1,0
5,EvolveGCN-H,500.0,135,0,0
5,EvolveGCN-H,500.0,136,0,0
5,EvolveGCN-H,500.0,137,0,0
5,EvolveGCN-H,500.0,138,0,0
5,EvolveGCN-H,500.0,139,0,0
5,EvolveGCN-H,500.0,140,0,0
5,EvolveGCN-H,500.0,141,0,0
5,EvolveGCN-H,500.0,142,0,0
5,EvolveGCN-H,500.0,143,0,0
5,EvolveGCN-H,500.0,144,0,0
5,EvolveGCN-H,500.0,145,1,0
5,EvolveGCN-H,500.0,146,0,0
5,EvolveGCN-H,500.0,147,0,0
5,EvolveGCN-H,500.0,148,0,0
5,EvolveGCN-H,500.0,149,0,0
