run,time,node_id,x,y,speed
4,0.00,0,173.45,975.09,0.00
4,0.00,1,32.86,50.17,0.00
4,0.00,2,264.32,91.48,0.00
4,0.00,3,305.94,616.07,0.00
4,0.00,4,547.63,792.65,0.00
4,0.00,5,924.01,861.16,0.00
4,0.00,6,18.23,581.63,0.00
4,0.00,7,400.62,344.83,0.00
4,0.00,8,903.16,286.68,0.00
4,0.00,9,698.79,656.39,0.00
4,0.00,10,252.20,518.93,0.00
4,0.00,11,81.71,962.02,0.00
4,0.00,12,473.33,468.63,0.00
4,0.00,13,370.59,629.16,0.00
4,0.00,14,374.84,191.27,0.00
4,0.00,15,963.81,94.33,0.00
4,0.00,16,627.90,314.68,0.00
4,0.00,17,802.50,165.53,0.00
4,0.00,18,961.54,667.72,0.00
4,0.00,19,74.72,795.33,0.00
4,0.00,20,406.26,205.34,0.00
4,0.00,21,487.57,150.39,0.00
4,0.00,22,318.14,217.64,0.00
4,0.00,23,532.78,571.23,0.00
4,0.00,24,855.73,343.58,0.00
4,0.00,25,145.25,236.92,0.00
4,0.00,26,503.77,105.75,0.00
4,0.00,27,615.57,826.63,0.00
4,0.00,28,521.85,68.52,0.00
4,0.00,29,242.96,637.08,0.00
4,0.00,30,171.47,699.23,0.00
4,0.00,31,526.04,559.44,0.00
4,0.00,32,66.63,256.84,0.00
4,0.00,33,741.92,108.78,0.00
4,0.00,34,3.28,286.50,0.00
4,0.00,35,473.73,420.59,0.00
4,0.00,36,620.88,816.99,0.00
4,0.00,37,624.27,445.90,0.00
4,0.00,38,836.10,19.05,0.00
4,0.00,39,967.13,168.74,0.00
4,0.00,40,586.83,73.69,0.00
4,0.00,41,916.88,703.71,0.00
4,0.00,42,816.66,586.04,0.00
4,0.00,43,433.02,55.48,0.00
4,0.00,44,417.08,66.74,0.00
4,0.00,45,442.29,22.06,0.00
4,0.00,46,207.02,140.60,0.00
4,0.00,47,323.25,485.70,0.00
4,0.00,48,874.58,165.33,0.00
4,0.00,49,315.23,100.50,0.00
4,0.00,50,8.09,47.40,0.00
4,0.00,51,72.36,594.74,0.00
4,0.00,52,989.10,594.81,0.00
4,0.00,53,934.98,327.86,0.00
4,0.00,54,803.51,407.92,0.00
4,0.00,55,14.86,432.27,0.00
4,0.00,56,425.44,163.22,0.00
4,0.00,57,26.89,261.94,0.00
4,0.00,58,406.98,452.68,0.00
4,0.00,59,826.69,335.60,0.00
4,0.00,60,149.04,937.15,0.00
4,0.00,61,344.33,282.57,0.00
4,0.00,62,209.53,273.75,0.00
4,0.00,63,856.14,192.23,0.00
4,0.00,64,880.70,368.43,0.00
4,0.00,65,394.86,273.37,0.00
4,0.00,66,509.98,243.54,0.00
4,0.00,67,810.67,650.82,0.00
4,0.00,68,69.41,896.50,0.00
4,0.00,69,528.88,593.92,0.00
4,0.00,70,59.74,480.92,0.00
4,0.00,71,0.22,549.13,0.00
4,0.00,72,258.04,386.71,0.00
4,0.00,73,709.67,573.02,0.00
4,0.00,74,264.86,93.51,0.00
4,0.00,75,958.72,65.06,0.00
4,0.00,76,981.61,335.99,0.00
4,0.00,77,904.85,270.74,0.00
4,0.00,78,332.14,59.44,0.00
4,0.00,79,115.98,265.80,0.00
4,0.00,80,465.66,393.69,0.00
4,0.00,81,246.44,950.64,0.00
4,0.00,82,354.60,721.58,0.00
4,0.00,83,539.76,161.48,0.00
4,0.00,84,193.43,500.43,0.00
4,0.00,85,51.52,763.20,0.00
4,0.00,86,184.07,987.08,0.00
4,0.00,87,724.38,493.25,0.00
4,0.00,88,536.40,410.89,0.00
4,0.00,89,109.97,85.70,0.00
4,0.00,90,338.01,157.32,0.00
4,0.00,91,61.24,819.41,0.00
4,0.00,92,501.83,538.36,0.00
4,0.00,93,897.23,409.82,0.00
4,0.00,94,301.23,652.44,0.00
4,0.00,95,233.09,368.01,0.00
4,0.00,96,993.22,213.57,0.00
4,0.00,97,290.51,177.38,0.00
4,0.00,98,595.27,729.13,0.00
4,0.00,99,471.09,306.00,0.00
4,0.00,100,769.67,871.43,0.00
4,0.00,101,164.17,657.82,0.00
4,0.00,102,482.53,514.04,0.00
4,0.00,103,148.98,5.59,0.00
4,0.00,104,535.07,63.94,0.00
4,0.00,105,944.01,136.30,0.00
4,0.00,106,883.98,173.49,0.00
4,0.00,107,979.65,470.46,0.00
4,0.00,108,569.15,599.05,0.00
4,0.00,109,48.70,55.41,0.00
4,0.00,110,91.20,845.21,0.00
4,0.00,111,554.19,774.75,0.00
4,0.00,112,206.55,83.37,0.00
4,0.00,113,49.66,763.68,0.00
4,0.00,114,620.89,120.41,0.00
4,0.00,115,79.51,425.97,0.00
4,0.00,116,710.88,16.50,0.00
4,0.00,117,252.08,48.13,0.00
4,0.00,118,179.92,372.39,0.00
4,0.00,119,23.24,693.96,0.00
4,0.00,120,261.81,146.75,0.00
4,0.00,121,489.75,720.72,0.00
4,0.00,122,804.56,47.31,0.00
4,0.00,123,305.97,633.03,0.00
4,0.00,124,8.49,14.41,0.00
4,0.00,125,149.17,186.82,0.00
4,0.00,126,415.60,147.92,0.00
4,0.00,127,497.52,185.81,0.00
4,0.00,128,325.96,206.24,0.00
4,0.00,129,723.83,146.99,0.00
4,0.00,130,765.10,765.68,0.00
4,0.00,131,270.98,628.89,0.00
4,0.00,132,982.07,661.91,0.00
4,0.00,133,22.40,192.17,0.00
4,0.00,134,798.67,209.33,0.00
4,0.00,135,134.17,135.96,0.00
4,0.00,136,812.29,138.89,0.00
4,0.00,137,205.14,656.75,0.00
4,0.00,138,870.73,227.98,0.00
4,0.00,139,938.72,747.62,0.00
4,0.00,140,300.61,833.04,0.00
4,0.00,141,727.22,984.05,0.00
4,0.00,142,47.33,402.49,0.00
4,0.00,143,980.15,755.60,0.00
4,0.00,144,47.74,776.40,0.00
4,0.00,145,673.63,544.81,0.00
4,0.00,146,56.43,25.04,0.00
4,0.00,147,756.46,51.78,0.00
4,0.00,148,286.44,271.74,0.00
4,0.00,149,54.62,558.15,0.00
4,10.00,0,173.45,975.09,7.36
4,10.00,1,32.86,50.17,21.77
4,10.00,2,264.32,91.48,12.59
4,10.00,3,305.94,616.07,23.84
4,10.00,4,547.63,792.65,22.44
4,10.00,5,924.01,861.16,18.83
4,10.00,6,18.23,581.63,7.32
4,10.00,7,400.62,344.83,8.09
4,10.00,8,903.16,286.68,19.10
4,10.00,9,698.79,656.39,7.53
4,10.00,10,252.20,518.93,9.53
4,10.00,11,81.71,962.02,8.16
4,10.00,12,473.33,468.63,12.30
4,10.00,13,370.59,629.16,8.11
4,10.00,14,374.84,191.27,13.55
4,10.00,15,963.81,94.33,24.18
4,10.00,16,627.90,314.68,24.01
4,10.00,17,802.50,165.53,5.76
4,10.00,18,961.54,667.72,14.18
4,10.00,19,74.72,795.33,21.10
4,10.00,20,406.26,205.34,9.86
4,10.00,21,487.57,150.39,10.60
4,10.00,22,318.14,217.64,16.72
4,10.00,23,532.78,571.23,12.91
4,10.00,24,855.73,343.58,8.18
4,10.00,25,145.25,236.92,8.15
4,10.00,26,503.77,105.75,15.85
4,10.00,27,615.57,826.63,7.77
4,10.00,28,521.85,68.52,22.78
4,10.00,29,242.96,637.08,8.96
4,10.00,30,171.47,699.23,6.70
4,10.00,31,526.04,559.44,11.09
4,10.00,32,66.63,256.84,16.20
4,10.00,33,741.92,108.78,11.12
4,10.00,34,3.28,286.50,9.56
4,10.00,35,473.73,420.59,17.52
4,10.00,36,620.88,816.99,18.32
4,10.00,37,624.27,445.90,15.19
4,10.00,38,836.10,19.05,12.52
4,10.00,39,967.13,168.74,11.29
4,10.00,40,586.83,73.69,20.39
4,10.00,41,916.88,703.71,20.22
4,10.00,42,816.66,586.04,6.80
4,10.00,43,433.02,55.48,13.93
4,10.00,44,417.08,66.74,18.71
4,10.00,45,442.29,22.06,19.99
4,10.00,46,207.02,140.60,23.22
4,10.00,47,323.25,485.70,13.19
4,10.00,48,874.58,165.33,12.33
4,10.00,49,315.23,100.50,19.05
4,10.00,50,8.09,47.40,22.00
4,10.00,51,72.36,594.74,9.21
4,10.00,52,989.10,594.81,19.94
4,10.00,53,934.98,327.86,17.27
4,10.00,54,803.51,407.92,12.85
4,10.00,55,14.86,432.27,5.31
4,10.00,56,425.44,163.22,17.61
4,10.00,57,26.89,261.94,10.36
4,10.00,58,406.98,452.68,20.74
4,10.00,59,826.69,335.60,10.69
4,10.00,60,149.04,937.15,12.00
4,10.00,61,344.33,282.57,19.56
4,10.00,62,209.53,273.75,12.05
4,10.00,63,856.14,192.23,19.17
4,10.00,64,880.70,368.43,15.28
4,10.00,65,394.86,273.37,12.30
4,10.00,66,509.98,243.54,17.23
4,10.00,67,810.67,650.82,6.33
4,10.00,68,69.41,896.50,18.14
4,10.00,69,528.88,593.92,13.83
4,10.00,70,59.74,480.92,20.98
4,10.00,71,0.22,549.13,13.50
4,10.00,72,258.04,386.71,22.67
4,10.00,73,709.67,573.02,5.35
4,10.00,74,264.86,93.51,20.46
4,10.00,75,958.72,65.06,5.91
4,10.00,76,981.61,335.99,13.99
4,10.00,77,904.85,270.74,6.66
4,10.00,78,332.14,59.44,17.94
4,10.00,79,115.98,265.80,18.92
4,10.00,80,465.66,393.69,14.31
4,10.00,81,246.44,950.64,21.76
4,10.00,82,354.60,721.58,19.46
4,10.00,83,539.76,161.48,21.13
4,10.00,84,193.43,500.43,9.62
4,10.00,85,51.52,763.20,18.60
4,10.00,86,184.07,987.08,5.62
4,10.00,87,724.38,493.25,17.67
4,10.00,88,536.40,410.89,16.74
4,10.00,89,109.97,85.70,21.14
4,10.00,90,338.01,157.32,24.99
4,10.00,91,61.24,819.41,22.11
4,10.00,92,501.83,538.36,15.65
4,10.00,93,897.23,409.82,21.31
4,10.00,94,301.23,652.44,20.18
4,10.00,95,233.09,368.01,23.41
4,10.00,96,993.22,213.57,7.19
4,10.00,97,290.51,177.38,8.75
4,10.00,98,595.27,729.13,8.75
4,10.00,99,471.09,306.00,9.35
4,10.00,100,769.67,871.43,9.13
4,10.00,101,164.17,657.82,8.75
4,10.00,102,482.53,514.04,20.70
4,10.00,103,148.98,5.59,15.90
4,10.00,104,535.07,63.94,16.47
4,10.00,105,944.01,136.30,17.26
4,10.00,106,883.98,173.49,15.06
4,10.00,107,979.65,470.46,19.51
4,10.00,108,569.15,599.05,18.76
4,10.00,109,48.70,55.41,5.88
4,10.00,110,91.20,845.21,11.58
4,10.00,111,554.19,774.75,16.99
4,10.00,112,206.55,83.37,6.79
4,10.00,113,49.66,763.68,9.76
4,10.00,114,620.89,120.41,21.06
4,10.00,115,79.51,425.97,6.42
4,10.00,116,710.88,16.50,7.10
4,10.00,117,252.08,48.13,9.55
4,10.00,118,179.92,372.39,24.41
4,10.00,119,23.24,693.96,23.65
4,10.00,120,261.81,146.75,7.79
4,10.00,121,489.75,720.72,10.98
4,10.00,122,804.56,47.31,5.03
4,10.00,123,305.97,633.03,20.42
4,10.00,124,8.49,14.41,20.03
4,10.00,125,149.17,186.82,7.65
4,10.00,126,415.60,147.92,13.43
4,10.00,127,497.52,185.81,8.90
4,10.00,128,325.96,206.24,15.70
4,10.00,129,723.83,146.99,11.23
4,10.00,130,765.10,765.68,15.89
4,10.00,131,270.98,628.89,13.88
4,10.00,132,982.07,661.91,8.28
4,10.00,133,22.40,192.17,8.72
4,10.00,134,798.67,209.33,9.97
4,10.00,135,134.17,135.96,23.90
4,10.00,136,812.29,138.89,7.71
4,10.00,137,205.14,656.75,19.85
4,10.00,138,870.73,227.98,9.87
4,10.00,139,938.72,747.62,9.31
4,10.00,140,300.61,833.04,5.76
4,10.00,141,727.22,984.05,12.52
4,10.00,142,47.33,402.49,23.99
4,10.00,143,980.15,755.60,9.59
4,10.00,144,47.74,776.40,18.44
4,10.00,145,673.63,544.81,11.66
4,10.00,146,56.43,25.04,12.21
4,10.00,147,756.46,51.78,14.40
4,10.00,148,286.44,271.74,18.07
4,10.00,149,54.62,558.15,11.78
4,20.00,0,207.04,909.59,7.36
4,20.00,1,122.54,248.58,21.77
4,20.00,2,359.40,174.02,12.59
4,20.00,3,436.31,416.44,23.84
4,20.00,4,417.23,610.02,22.44
4,20.00,5,847.28,689.16,18.83
4,20.00,6,83.47,548.44,7.32
4,20.00,7,384.13,423.99,8.09
4,20.00,8,921.47,476.79,19.10
4,20.00,9,642.16,606.75,7.53
4,20.00,10,231.78,425.88,9.53
4,20.00,11,121.59,890.83,8.16
4,20.00,12,364.48,411.42,12.30
4,20.00,13,300.33,669.63,8.11
4,20.00,14,246.75,235.43,13.55
4,20.00,15,850.23,307.85,24.18
4,20.00,16,432.41,454.13,24.01
4,20.00,17,753.47,195.79,5.76
4,20.00,18,859.81,568.88,14.18
4,20.00,19,196.96,623.32,21.10
4,20.00,20,383.79,301.29,9.86
4,20.00,21,417.78,230.22,10.60
4,20.00,22,429.45,342.46,16.72
4,20.00,23,440.44,481.07,12.91
4,20.00,24,786.16,300.56,8.18
4,20.00,25,226.47,244.00,8.15
4,20.00,26,573.77,247.91,15.85
4,20.00,27,572.48,762.02,7.77
4,20.00,28,734.62,149.75,22.78
4,20.00,29,238.73,547.61,8.96
4,20.00,30,231.42,669.32,6.70
4,20.00,31,630.67,522.61,11.09
4,20.00,32,228.58,253.10,16.20
4,20.00,33,682.46,202.71,11.12
4,20.00,34,98.83,290.66,9.56
4,20.00,35,359.48,341.94,0.00
4,20.00,36,575.83,798.32,0.00
4,20.00,37,571.36,303.56,15.19
4,20.00,38,775.90,128.81,12.52
4,20.00,39,908.09,265.02,11.29
4,20.00,40,465.10,237.28,20.39
4,20.00,41,738.26,608.85,20.22
4,20.00,42,786.67,525.05,6.80
4,20.00,43,388.90,187.59,13.93
4,20.00,44,381.04,250.37,18.71
4,20.00,45,431.30,221.64,19.99
4,20.00,46,439.16,136.21,23.22
4,20.00,47,389.17,371.40,13.19
4,20.00,48,752.47,182.47,12.33
4,20.00,49,125.06,88.77,19.05
4,20.00,50,6.22,267.40,22.00
4,20.00,51,83.70,503.32,9.21
4,20.00,52,800.54,530.10,19.94
4,20.00,53,878.53,331.75,0.00
4,20.00,54,690.29,347.07,12.85
4,20.00,55,67.22,423.38,5.31
4,20.00,56,601.15,151.29,17.61
4,20.00,57,36.64,365.09,10.36
4,20.00,58,245.93,321.92,20.74
4,20.00,59,835.27,442.12,10.69
4,20.00,60,255.85,882.34,12.00
4,20.00,61,444.58,450.50,19.56
4,20.00,62,300.96,352.19,12.05
4,20.00,63,672.72,247.97,19.17
4,20.00,64,739.44,310.15,15.28
4,20.00,65,507.94,225.09,12.30
4,20.00,66,393.78,370.75,17.23
4,20.00,67,747.51,654.83,6.33
4,20.00,68,59.31,715.42,18.14
4,20.00,69,393.09,567.88,13.83
4,20.00,70,180.02,511.81,0.00
4,20.00,71,93.94,646.29,13.50
4,20.00,72,475.15,321.43,22.67
4,20.00,73,663.03,599.19,5.35
4,20.00,74,362.52,273.26,20.46
4,20.00,75,907.54,94.67,5.91
4,20.00,76,921.94,462.56,13.99
4,20.00,77,856.55,316.60,6.66
4,20.00,78,392.91,228.24,17.94
4,20.00,79,118.85,455.00,18.92
4,20.00,80,473.96,536.52,14.31
4,20.00,81,464.06,953.07,21.76
4,20.00,82,349.20,527.11,19.46
4,20.00,83,341.91,235.57,21.13
4,20.00,84,284.23,532.26,9.62
4,20.00,85,17.25,946.06,18.60
4,20.00,86,175.02,931.58,5.62
4,20.00,87,649.13,653.11,17.67
4,20.00,88,689.58,478.43,16.74
4,20.00,89,239.01,253.20,21.14
4,20.00,90,549.62,290.18,24.99
4,20.00,91,183.79,635.38,22.11
4,20.00,92,571.48,598.76,0.00
4,20.00,93,698.23,486.00,21.31
4,20.00,94,495.60,598.33,20.18
4,20.00,95,388.96,542.70,23.41
4,20.00,96,955.28,274.65,7.19
4,20.00,97,298.68,264.51,8.75
4,20.00,98,617.79,813.63,8.75
4,20.00,99,377.84,298.73,9.35
4,20.00,100,750.72,960.75,9.13
4,20.00,101,238.25,611.18,8.75
4,20.00,102,579.41,331.14,20.70
4,20.00,103,304.27,39.81,15.90
4,20.00,104,586.08,220.50,16.47
4,20.00,105,772.26,152.84,17.26
4,20.00,106,771.20,273.29,15.06
4,20.00,107,802.39,551.91,19.51
4,20.00,108,437.24,465.70,18.76
4,20.00,109,107.36,60.06,5.88
4,20.00,110,68.71,731.58,11.58
4,20.00,111,385.79,797.14,16.99
4,20.00,112,255.30,130.65,6.79
4,20.00,113,142.38,733.06,9.76
4,20.00,114,410.75,106.49,21.06
4,20.00,115,91.40,489.08,6.42
4,20.00,116,733.81,83.69,7.10
4,20.00,117,208.62,133.22,9.55
4,20.00,118,246.72,607.22,24.41
4,20.00,119,173.21,511.07,23.65
4,20.00,120,256.24,224.44,7.79
4,20.00,121,579.24,784.28,10.98
4,20.00,122,758.30,67.16,5.03
4,20.00,123,441.20,785.99,20.42
4,20.00,124,154.63,151.39,20.03
4,20.00,125,113.10,254.26,7.65
4,20.00,126,539.07,95.10,13.43
4,20.00,127,512.98,273.41,8.90
4,20.00,128,360.21,359.47,15.70
4,20.00,129,661.67,240.51,11.23
4,20.00,130,820.61,616.77,15.89
4,20.00,131,221.65,499.11,13.88
4,20.00,132,899.66,670.21,8.28
4,20.00,133,89.93,247.41,8.72
4,20.00,134,718.88,149.49,9.97
4,20.00,135,334.41,266.49,23.90
4,20.00,136,738.81,162.25,7.71
4,20.00,137,294.65,479.57,19.85
4,20.00,138,855.30,130.48,9.87
4,20.00,139,846.46,735.42,9.31
4,20.00,140,358.21,833.66,5.76
4,20.00,141,702.53,861.31,12.52
4,20.00,142,267.80,497.10,23.99
4,20.00,143,884.28,756.37,9.59
4,20.00,144,95.71,847.97,0.00
4,20.00,145,559.78,569.99,11.66
4,20.00,146,165.34,80.18,12.21
4,20.00,147,631.92,124.14,14.40
4,20.00,148,463.55,235.83,18.07
4,20.00,149,172.25,551.37,11.78
4,30.00,0,240.62,844.09,7.36
4,30.00,1,212.21,446.99,21.77
4,30.00,2,454.48,256.57,12.59
4,30.00,3,566.68,216.82,23.84
4,30.00,4,368.53,541.81,0.00
4,30.00,5,831.00,652.67,0.00
4,30.00,6,148.72,515.24,7.32
4,30.00,7,367.65,503.15,8.09
4,30.00,8,924.89,512.28,0.00
4,30.00,9,585.53,557.12,7.53
4,30.00,10,211.36,332.83,9.53
4,30.00,11,151.44,837.53,0.00
4,30.00,12,255.63,354.20,12.30
4,30.00,13,271.36,686.32,0.00
4,30.00,14,118.67,279.59,13.55
4,30.00,15,736.65,521.37,24.18
4,30.00,16,236.92,593.58,24.01
4,30.00,17,704.45,226.05,5.76
4,30.00,18,758.09,470.04,14.18
4,30.00,19,319.20,451.30,21.10
4,30.00,20,361.32,397.25,9.86
4,30.00,21,347.99,310.06,10.60
4,30.00,22,478.33,397.27,0.00
4,30.00,23,348.10,390.91,12.91
4,30.00,24,716.58,257.53,8.18
4,30.00,25,307.68,251.08,8.15
4,30.00,26,643.78,390.07,15.85
4,30.00,27,529.39,697.40,7.77
4,30.00,28,947.40,230.98,22.78
4,30.00,29,234.50,458.14,8.96
4,30.00,30,291.37,639.41,6.70
4,30.00,31,735.31,485.78,11.09
4,30.00,32,390.53,249.36,16.20
4,30.00,33,623.00,296.63,11.12
4,30.00,34,194.37,294.82,9.56
4,30.00,35,376.97,353.97,10.19
4,30.00,36,486.16,733.49,15.08
4,30.00,37,552.36,252.44,0.00
4,30.00,38,715.70,238.57,12.52
4,30.00,39,849.05,361.29,11.29
4,30.00,40,343.37,400.86,20.39
4,30.00,41,559.65,513.98,20.22
4,30.00,42,756.68,464.05,6.80
4,30.00,43,344.77,319.70,13.93
4,30.00,44,344.99,434.00,18.71
4,30.00,45,420.31,421.23,19.99
4,30.00,46,671.30,131.83,23.22
4,30.00,47,455.10,257.09,13.19
4,30.00,48,630.37,199.61,12.33
4,30.00,49,118.94,88.40,0.00
4,30.00,50,5.14,394.93,0.00
4,30.00,51,84.09,500.15,0.00
4,30.00,52,611.98,465.39,19.94
4,30.00,53,814.53,425.71,16.91
4,30.00,54,577.07,286.22,12.85
4,30.00,55,119.57,414.49,5.31
4,30.00,56,758.45,140.61,0.00
4,30.00,57,46.39,468.24,10.36
4,30.00,58,195.90,281.30,0.00
4,30.00,59,843.85,548.64,10.69
4,30.00,60,362.65,827.52,12.00
4,30.00,61,544.82,618.43,19.56
4,30.00,62,376.78,417.23,0.00
4,30.00,63,622.70,263.17,0.00
4,30.00,64,598.18,251.86,15.28
4,30.00,65,567.70,199.58,0.00
4,30.00,66,277.57,497.95,17.23
4,30.00,67,684.34,658.84,6.33
4,30.00,68,49.22,534.34,18.14
4,30.00,69,257.29,541.84,13.83
4,30.00,70,231.83,510.57,12.70
4,30.00,71,187.65,743.44,13.50
4,30.00,72,599.92,283.92,0.00
4,30.00,73,616.39,625.36,5.35
4,30.00,74,460.18,453.01,20.46
4,30.00,75,856.36,124.27,5.91
4,30.00,76,862.27,589.12,13.99
4,30.00,77,808.25,362.46,6.66
4,30.00,78,453.69,397.03,17.94
4,30.00,79,121.73,644.19,18.92
4,30.00,80,482.26,679.36,14.31
4,30.00,81,670.83,955.38,0.00
4,30.00,82,343.80,332.63,19.46
4,30.00,83,144.05,309.65,21.13
4,30.00,84,375.02,564.08,9.62
4,30.00,85,9.19,989.08,0.00
4,30.00,86,165.96,876.07,5.62
4,30.00,87,573.87,812.96,17.67
4,30.00,88,842.77,545.97,16.74
4,30.00,89,368.05,420.69,21.14
4,30.00,90,739.62,409.47,0.00
4,30.00,91,306.34,451.35,22.11
4,30.00,92,524.47,653.47,17.55
4,30.00,93,499.23,562.19,21.31
4,30.00,94,689.98,544.23,20.18
4,30.00,95,544.84,717.40,23.41
4,30.00,96,917.34,335.73,7.19
4,30.00,97,306.86,351.63,8.75
4,30.00,98,639.17,893.82,0.00
4,30.00,99,342.57,295.97,0.00
4,30.00,100,749.17,968.07,0.00
4,30.00,101,312.33,564.53,8.75
4,30.00,102,648.13,201.41,0.00
4,30.00,103,459.56,74.03,15.90
4,30.00,104,637.08,377.05,16.47
4,30.00,105,600.50,169.38,17.26
4,30.00,106,753.46,288.99,0.00
4,30.00,107,625.13,633.37,19.51
4,30.00,108,305.33,332.34,18.76
4,30.00,109,166.02,64.71,5.88
4,30.00,110,46.22,617.94,11.58
4,30.00,111,268.28,812.76,0.00
4,30.00,112,304.04,177.92,6.79
4,30.00,113,235.10,702.43,9.76
4,30.00,114,276.45,97.58,0.00
4,30.00,115,103.29,552.18,6.42
4,30.00,116,756.75,150.88,7.10
4,30.00,117,165.15,218.30,9.55
4,30.00,118,310.44,831.23,0.00
4,30.00,119,296.02,361.31,0.00
4,30.00,120,250.66,302.13,7.79
4,30.00,121,668.73,847.83,10.98
4,30.00,122,712.04,87.00,5.03
4,30.00,123,499.95,852.45,0.00
4,30.00,124,300.77,288.37,20.03
4,30.00,125,77.03,321.70,7.65
4,30.00,126,558.22,86.91,0.00
4,30.00,127,528.44,361.01,8.90
4,30.00,128,394.46,512.71,15.70
4,30.00,129,599.50,334.03,11.23
4,30.00,130,876.13,467.85,15.89
4,30.00,131,172.32,369.34,13.88
4,30.00,132,817.26,678.50,8.28
4,30.00,133,157.46,302.65,8.72
4,30.00,134,647.92,96.27,0.00
4,30.00,135,534.65,397.01,23.90
4,30.00,136,665.32,185.60,7.71
4,30.00,137,340.51,388.79,0.00
4,30.00,138,839.87,32.99,9.87
4,30.00,139,754.21,723.21,9.31
4,30.00,140,415.81,834.27,5.76
4,30.00,141,677.83,738.57,12.52
4,30.00,142,488.27,591.71,23.99
4,30.00,143,788.40,757.15,9.59
4,30.00,144,204.92,870.96,20.95
4,30.00,145,445.93,595.18,11.66
4,30.00,146,274.25,135.32,12.21
4,30.00,147,507.39,196.49,14.40
4,30.00,148,594.35,209.30,0.00
4,30.00,149,289.87,544.59,11.78
4,40.00,0,274.20,778.58,7.36
4,40.00,1,301.88,645.40,21.77
4,40.00,2,549.57,339.11,12.59
4,40.00,3,569.04,213.20,0.00
4,40.00,4,442.10,474.62,15.90
4,40.00,5,726.77,490.20,24.50
4,40.00,6,213.96,482.05,7.32
4,40.00,7,351.16,582.30,8.09
4,40.00,8,873.63,478.95,7.52
4,40.00,9,528.90,507.49,7.53
4,40.00,10,192.68,247.66,0.00
4,40.00,11,209.38,834.09,23.11
4,40.00,12,146.78,296.98,12.30
4,40.00,13,199.70,651.86,13.53
4,40.00,14,0.34,320.39,0.00
4,40.00,15,727.95,537.73,0.00
4,40.00,16,170.36,641.06,0.00
4,40.00,17,655.42,256.31,5.76
4,40.00,18,656.37,371.20,14.18
4,40.00,19,345.09,414.87,0.00
4,40.00,20,338.85,493.21,9.86
4,40.00,21,278.21,389.89,10.60
4,40.00,22,561.45,502.90,23.96
4,40.00,23,302.72,346.60,0.00
4,40.00,24,647.01,214.50,8.18
4,40.00,25,388.90,258.16,8.15
4,40.00,26,713.78,532.24,15.85
4,40.00,27,486.30,632.79,7.77
4,40.00,28,975.52,241.72,0.00
4,40.00,29,230.26,368.67,8.96
4,40.00,30,351.32,609.49,6.70
4,40.00,31,839.94,448.95,11.09
4,40.00,32,513.48,246.52,0.00
4,40.00,33,563.54,390.56,11.12
4,40.00,34,289.92,298.98,9.56
4,40.00,35,460.91,411.73,10.19
4,40.00,36,363.95,645.13,15.08
4,40.00,37,593.01,255.93,6.37
4,40.00,38,655.51,348.33,12.52
4,40.00,39,790.01,457.57,11.29
4,40.00,40,221.64,564.45,20.39
4,40.00,41,381.04,419.12,20.22
4,40.00,42,726.68,403.05,6.80
4,40.00,43,315.25,408.08,0.00
4,40.00,44,308.94,617.62,18.71
4,40.00,45,409.32,620.81,19.99
4,40.00,46,903.44,127.45,23.22
4,40.00,47,517.16,149.48,0.00
4,40.00,48,508.26,216.75,12.33
4,40.00,49,215.14,187.09,14.24
4,40.00,50,66.86,394.92,14.68
4,40.00,51,173.52,557.67,0.00
4,40.00,52,423.42,400.68,19.94
4,40.00,53,746.73,525.25,0.00
4,40.00,54,463.85,225.37,12.85
4,40.00,55,171.93,405.60,5.31
4,40.00,56,762.66,153.51,12.95
4,40.00,57,56.14,571.40,10.36
4,40.00,58,272.08,353.51,15.23
4,40.00,59,852.43,655.16,10.69
4,40.00,60,469.45,772.71,12.00
4,40.00,61,645.06,786.36,19.56
4,40.00,62,387.65,422.17,6.99
4,40.00,63,717.15,192.79,16.20
4,40.00,64,456.92,193.58,15.28
4,40.00,65,592.00,302.10,22.35
4,40.00,66,214.63,566.85,0.00
4,40.00,67,621.17,662.85,6.33
4,40.00,68,39.12,353.26,18.14
4,40.00,69,121.49,515.80,13.83
4,40.00,70,358.76,507.52,12.70
4,40.00,71,267.17,825.89,0.00
4,40.00,72,570.51,241.37,12.16
4,40.00,73,569.75,651.53,5.35
4,40.00,74,557.83,632.76,20.46
4,40.00,75,805.18,153.87,5.91
4,40.00,76,802.60,715.68,13.99
4,40.00,77,759.95,408.32,6.66
4,40.00,78,514.47,565.83,17.94
4,40.00,79,122.02,663.67,0.00
4,40.00,80,486.31,749.08,0.00
4,40.00,81,664.57,946.16,22.37
4,40.00,82,338.39,138.16,19.46
4,40.00,83,78.42,334.23,0.00
4,40.00,84,465.81,595.90,9.62
4,40.00,85,45.31,943.99,7.55
4,40.00,86,156.91,820.57,5.62
4,40.00,87,498.62,972.82,17.67
4,40.00,88,931.48,585.09,0.00
4,40.00,89,497.08,588.18,21.14
4,40.00,90,741.13,397.82,11.51
4,40.00,91,378.10,343.59,0.00
4,40.00,92,410.09,786.61,17.55
4,40.00,93,300.23,638.38,21.31
4,40.00,94,754.19,526.35,0.00
4,40.00,95,568.08,743.45,0.00
4,40.00,96,879.40,396.81,7.19
4,40.00,97,315.03,438.75,8.75
4,40.00,98,636.64,892.52,5.57
4,40.00,99,405.21,379.43,16.79
4,40.00,100,750.39,879.02,9.70
4,40.00,101,386.41,517.89,8.75
4,40.00,102,646.13,232.27,10.64
4,40.00,103,614.86,108.25,15.90
4,40.00,104,688.09,533.60,16.47
4,40.00,105,428.74,185.92,17.26
4,40.00,106,718.31,322.11,5.73
4,40.00,107,447.87,714.83,19.51
4,40.00,108,173.42,198.98,18.76
4,40.00,109,224.69,69.37,5.88
4,40.00,110,23.73,504.30,11.58
4,40.00,111,264.49,797.44,5.22
4,40.00,112,352.79,225.19,6.79
4,40.00,113,327.83,671.81,9.76
4,40.00,114,303.34,150.40,16.42
4,40.00,115,115.17,615.29,6.42
4,40.00,116,779.68,218.07,7.10
4,40.00,117,121.69,303.39,9.55
4,40.00,118,308.29,835.13,9.65
4,40.00,119,302.58,382.48,12.24
4,40.00,120,245.09,379.82,7.79
4,40.00,121,731.54,892.44,0.00
4,40.00,122,665.78,106.85,5.03
4,40.00,123,516.00,805.41,8.79
4,40.00,124,373.00,356.07,0.00
4,40.00,125,40.96,389.13,7.65
4,40.00,126,585.30,168.24,10.14
4,40.00,127,543.90,448.60,8.90
4,40.00,128,428.71,665.94,15.70
4,40.00,129,537.34,427.55,11.23
4,40.00,130,931.65,318.94,15.89
4,40.00,131,125.73,246.78,0.00
4,40.00,132,734.85,686.80,8.28
4,40.00,133,225.00,357.90,8.72
4,40.00,134,652.19,118.79,20.70
4,40.00,135,734.89,527.54,23.90
4,40.00,136,591.84,208.96,7.71
4,40.00,137,302.15,429.75,11.51
4,40.00,138,835.75,6.90,0.00
4,40.00,139,661.95,711.01,9.31
4,40.00,140,473.40,834.89,5.76
4,40.00,141,653.13,615.84,12.52
4,40.00,142,708.73,686.31,23.99
4,40.00,143,692.52,757.92,9.59
4,40.00,144,409.95,914.12,20.95
4,40.00,145,332.09,620.36,11.66
4,40.00,146,383.16,190.45,12.21
4,40.00,147,382.85,268.85,14.40
4,40.00,148,570.10,186.18,12.82
4,40.00,149,407.50,537.81,11.78
4,50.00,0,307.79,713.08,7.36
4,50.00,1,391.55,843.81,21.77
4,50.00,2,644.65,421.66,12.59
4,50.00,3,486.33,172.74,0.00
4,50.00,4,559.53,367.36,15.90
4,50.00,5,594.46,283.97,24.50
4,50.00,6,279.20,448.85,7.32
4,50.00,7,334.68,661.46,8.09
4,50.00,8,810.60,437.98,7.52
4,50.00,9,472.27,457.85,7.53
4,50.00,10,212.39,243.00,23.90
4,50.00,11,440.03,820.40,23.11
4,50.00,12,101.66,273.26,0.00
4,50.00,13,77.77,593.23,13.53
4,50.00,14,16.83,325.55,22.66
4,50.00,15,688.38,572.55,5.71
4,50.00,16,286.96,602.22,18.64
4,50.00,17,606.39,286.57,5.76
4,50.00,18,554.64,272.36,14.18
4,50.00,19,506.05,513.47,23.95
4,50.00,20,316.38,589.16,9.86
4,50.00,21,208.42,469.72,10.60
4,50.00,22,709.63,691.20,23.96
4,50.00,23,360.21,327.62,11.90
4,50.00,24,577.43,171.47,8.18
4,50.00,25,470.12,265.23,8.15
4,50.00,26,783.79,674.40,15.85
4,50.00,27,443.21,568.17,7.77
4,50.00,28,909.75,274.40,8.46
4,50.00,29,226.03,279.20,8.96
4,50.00,30,411.27,579.58,6.70
4,50.00,31,944.58,412.12,11.09
4,50.00,32,543.81,253.87,12.96
4,50.00,33,504.08,484.48,11.12
4,50.00,34,385.47,303.15,9.56
4,50.00,35,544.85,469.49,10.19
4,50.00,36,241.74,556.78,15.08
4,50.00,37,656.44,261.38,6.37
4,50.00,38,595.31,458.09,12.52
4,50.00,39,755.36,514.08,0.00
4,50.00,40,99.92,728.03,20.39
4,50.00,41,202.42,324.26,20.22
4,50.00,42,696.69,342.05,6.80
4,50.00,43,364.45,456.73,20.90
4,50.00,44,272.90,801.25,18.71
4,50.00,45,404.80,702.81,0.00
4,50.00,46,913.53,127.26,0.00
4,50.00,47,519.65,158.62,16.18
4,50.00,48,386.15,233.88,12.33
4,50.00,49,314.56,289.08,14.24
4,50.00,50,213.70,394.90,14.68
4,50.00,51,211.75,537.12,11.20
4,50.00,52,310.83,362.04,0.00
4,50.00,53,731.73,508.64,7.78
4,50.00,54,381.88,181.32,0.00
4,50.00,55,224.28,396.70,5.31
4,50.00,56,802.88,276.65,12.95
4,50.00,57,65.89,674.55,10.36
4,50.00,58,382.59,458.26,15.23
4,50.00,59,861.01,761.68,10.69
4,50.00,60,576.26,717.89,12.00
4,50.00,61,741.65,948.17,0.00
4,50.00,62,451.31,451.09,6.99
4,50.00,63,820.99,115.41,0.00
4,50.00,64,315.66,135.30,15.28
4,50.00,65,643.53,519.54,22.35
4,50.00,66,263.93,607.18,13.90
4,50.00,67,558.01,666.86,6.33
4,50.00,68,29.02,172.18,18.14
4,50.00,69,58.61,503.74,0.00
4,50.00,70,485.70,504.47,12.70
4,50.00,71,301.95,822.33,23.09
4,50.00,72,501.36,141.34,12.16
4,50.00,73,523.11,677.70,5.35
4,50.00,74,604.84,719.28,0.00
4,50.00,75,754.00,183.48,5.91
4,50.00,76,781.44,760.55,0.00
4,50.00,77,711.64,454.18,6.66
4,50.00,78,524.17,592.77,0.00
4,50.00,79,195.24,641.31,8.53
4,50.00,80,537.65,785.29,12.27
4,50.00,81,538.80,761.11,22.37
4,50.00,82,338.21,131.66,0.00
4,50.00,83,164.00,255.54,17.40
4,50.00,84,556.60,627.73,9.62
4,50.00,85,92.55,885.04,7.55
4,50.00,86,147.85,765.07,5.62
4,50.00,87,488.35,994.63,0.00
4,50.00,88,846.41,618.52,21.72
4,50.00,89,535.83,638.47,0.00
4,50.00,90,755.93,283.69,11.51
4,50.00,91,421.24,388.76,15.07
4,50.00,92,295.70,919.75,17.55
4,50.00,93,101.23,714.57,21.31
4,50.00,94,777.89,551.94,5.21
4,50.00,95,575.91,600.48,16.83
4,50.00,96,841.46,457.88,7.19
4,50.00,97,323.20,525.87,8.75
4,50.00,98,587.13,867.05,5.57
4,50.00,99,505.99,513.68,16.79
4,50.00,100,751.72,782.02,9.70
4,50.00,101,418.51,497.68,0.00
4,50.00,102,639.27,338.41,10.64
4,50.00,103,770.15,142.47,15.90
4,50.00,104,739.10,690.15,16.47
4,50.00,105,256.99,202.46,17.26
4,50.00,106,676.59,361.42,5.73
4,50.00,107,270.61,796.29,19.51
4,50.00,108,127.18,152.24,0.00
4,50.00,109,283.35,74.02,5.88
4,50.00,110,13.25,451.36,0.00
4,50.00,111,251.97,746.74,5.22
4,50.00,112,401.54,272.46,6.79
4,50.00,113,420.55,641.19,9.76
4,50.00,114,377.84,296.75,16.42
4,50.00,115,127.06,678.40,6.42
4,50.00,116,802.61,285.26,7.10
4,50.00,117,119.38,307.91,0.00
4,50.00,118,261.73,919.66,9.65
4,50.00,119,338.77,499.37,12.24
4,50.00,120,239.52,457.52,7.79
4,50.00,121,724.56,860.71,10.90
4,50.00,122,619.51,126.70,5.03
4,50.00,123,544.36,722.23,8.79
4,50.00,124,409.82,443.16,18.69
4,50.00,125,24.04,420.77,0.00
4,50.00,126,617.35,264.49,10.14
4,50.00,127,559.36,536.20,8.90
4,50.00,128,431.07,676.48,0.00
4,50.00,129,476.26,519.42,0.00
4,50.00,130,961.68,238.38,0.00
4,50.00,131,131.61,247.17,10.61
4,50.00,132,652.45,695.09,8.28
4,50.00,133,262.69,388.73,0.00
4,50.00,134,690.71,322.14,20.70
4,50.00,135,795.22,566.87,0.00
4,50.00,136,518.36,232.32,7.71
4,50.00,137,223.49,513.76,11.51
4,50.00,138,790.50,51.05,8.63
4,50.00,139,569.69,698.81,9.31
4,50.00,140,531.00,835.50,5.76
4,50.00,141,628.43,493.10,12.52
4,50.00,142,769.70,712.48,0.00
4,50.00,143,596.65,758.69,9.59
4,50.00,144,614.97,957.27,20.95
4,50.00,145,218.24,645.55,11.66
4,50.00,146,492.07,245.59,12.21
4,50.00,147,258.31,341.20,14.40
4,50.00,148,477.36,97.72,12.82
4,50.00,149,525.12,531.04,11.78
4,60.00,0,341.37,647.58,7.36
4,60.00,1,402.99,869.11,0.00
4,60.00,2,724.39,490.88,0.00
4,60.00,3,478.44,135.83,6.83
4,60.00,4,676.96,260.11,15.90
4,60.00,5,567.16,241.42,0.00
4,60.00,6,344.44,415.66,7.32
4,60.00,7,320.96,727.32,0.00
4,60.00,8,747.58,397.00,7.52
4,60.00,9,415.64,408.22,7.53
4,60.00,10,444.94,187.99,23.90
4,60.00,11,670.69,806.71,23.11
4,60.00,12,141.42,384.35,20.16
4,60.00,13,52.15,580.91,0.00
4,60.00,14,233.12,393.27,22.66
4,60.00,15,645.52,610.26,5.71
4,60.00,16,463.78,543.32,18.64
4,60.00,17,557.36,316.82,5.76
4,60.00,18,480.86,200.67,0.00
4,60.00,19,710.25,638.56,23.95
4,60.00,20,293.91,685.12,9.86
4,60.00,21,138.63,549.56,10.60
4,60.00,22,811.21,820.29,0.00
4,60.00,23,473.25,290.29,11.90
4,60.00,24,510.49,130.07,0.00
4,60.00,25,551.33,272.31,8.15
4,60.00,26,833.32,775.00,0.00
4,60.00,27,400.12,503.56,7.77
4,60.00,28,833.97,312.07,8.46
4,60.00,29,221.79,189.73,8.96
4,60.00,30,471.22,549.67,6.70
4,60.00,31,996.95,393.69,0.00
4,60.00,32,669.75,284.40,12.96
4,60.00,33,444.62,578.41,11.12
4,60.00,34,481.02,307.31,9.56
4,60.00,35,628.79,527.25,10.19
4,60.00,36,119.54,468.42,15.08
4,60.00,37,719.88,266.83,6.37
4,60.00,38,535.12,567.85,12.52
4,60.00,39,736.28,577.88,16.12
4,60.00,40,21.00,834.09,0.00
4,60.00,41,47.12,241.78,0.00
4,60.00,42,666.70,281.05,6.80
4,60.00,43,513.05,603.69,20.90
4,60.00,44,245.41,941.25,0.00
4,60.00,45,382.99,639.91,11.30
4,60.00,46,889.80,176.86,5.75
4,60.00,47,562.10,314.80,16.18
4,60.00,48,264.05,251.02,12.33
4,60.00,49,413.97,391.06,14.24
4,60.00,50,360.55,394.88,14.68
4,60.00,51,310.44,484.07,11.20
4,60.00,52,392.90,399.20,22.36
4,60.00,53,679.58,450.93,7.78
4,60.00,54,405.12,234.09,20.89
4,60.00,55,276.63,387.81,5.31
4,60.00,56,843.10,399.80,12.95
4,60.00,57,75.63,777.71,10.36
4,60.00,58,493.11,563.01,15.23
4,60.00,59,865.26,814.51,0.00
4,60.00,60,683.06,663.08,12.00
4,60.00,61,742.64,944.85,9.51
4,60.00,62,514.97,480.01,6.99
4,60.00,63,807.99,130.16,9.81
4,60.00,64,174.40,77.02,15.28
4,60.00,65,695.06,736.98,22.35
4,60.00,66,371.48,695.18,13.90
4,60.00,67,532.47,668.48,0.00
4,60.00,68,26.76,131.72,0.00
4,60.00,69,149.85,498.21,17.02
4,60.00,70,499.29,504.14,0.00
4,60.00,71,531.66,798.85,23.09
4,60.00,72,489.19,123.73,0.00
4,60.00,73,476.47,703.87,5.35
4,60.00,74,612.45,660.36,11.45
4,60.00,75,702.82,213.08,5.91
4,60.00,76,760.98,687.13,11.81
4,60.00,77,663.34,500.04,6.66
4,60.00,78,587.98,522.72,11.28
4,60.00,79,276.85,616.38,8.53
4,60.00,80,637.94,856.02,12.27
4,60.00,81,413.02,576.07,22.37
4,60.00,82,250.06,284.33,18.24
4,60.00,83,292.06,137.79,17.40
4,60.00,84,647.39,659.55,9.62
4,60.00,85,139.78,826.09,7.55
4,60.00,86,138.80,709.57,5.62
4,60.00,87,394.47,970.78,11.22
4,60.00,88,644.29,697.95,21.72
4,60.00,89,487.36,497.46,21.31
4,60.00,90,760.50,248.47,0.00
4,60.00,91,525.34,497.75,15.07
4,60.00,92,256.62,965.24,0.00
4,60.00,93,59.82,730.42,0.00
4,60.00,94,813.27,590.15,5.21
4,60.00,95,585.10,432.46,16.83
4,60.00,96,836.53,465.83,0.00
4,60.00,97,324.17,536.14,0.00
4,60.00,98,537.61,841.58,5.57
4,60.00,99,606.76,647.93,16.79
4,60.00,100,753.04,685.03,9.70
4,60.00,101,471.93,465.18,11.03
4,60.00,102,632.40,444.55,10.64
4,60.00,103,867.92,164.02,0.00
4,60.00,104,790.10,846.71,16.47
4,60.00,105,156.20,212.16,0.00
4,60.00,106,634.88,400.73,5.73
4,60.00,107,151.88,850.85,0.00
4,60.00,108,162.29,139.76,5.74
4,60.00,109,342.01,78.68,5.88
4,60.00,110,21.69,422.11,5.70
4,60.00,111,242.47,708.24,0.00
4,60.00,112,450.28,319.73,6.79
4,60.00,113,513.27,610.57,9.76
4,60.00,114,452.34,443.11,16.42
4,60.00,115,138.95,741.50,6.42
4,60.00,116,825.55,352.45,7.10
4,60.00,117,173.26,322.06,5.88
4,60.00,118,250.21,940.58,0.00
4,60.00,119,374.97,616.26,12.24
4,60.00,120,233.94,535.21,7.79
4,60.00,121,701.15,754.26,10.90
4,60.00,122,573.25,146.55,5.03
4,60.00,123,572.73,639.05,8.79
4,60.00,124,482.64,615.34,18.69
4,60.00,125,66.97,372.93,0.00
4,60.00,126,649.39,360.74,10.14
4,60.00,127,562.90,556.25,0.00
4,60.00,128,609.23,722.99,19.77
4,60.00,129,476.89,520.14,5.43
4,60.00,130,924.41,272.58,11.02
4,60.00,131,237.50,254.18,10.61
4,60.00,132,570.04,703.39,8.28
4,60.00,133,329.34,316.00,22.33
4,60.00,134,729.23,525.48,20.70
4,60.00,135,732.44,538.62,9.85
4,60.00,136,444.87,255.68,7.71
4,60.00,137,144.82,597.76,11.51
4,60.00,138,728.73,111.33,8.63
4,60.00,139,485.78,687.71,0.00
4,60.00,140,588.60,836.11,5.76
4,60.00,141,603.73,370.36,12.52
4,60.00,142,759.99,754.47,0.00
4,60.00,143,500.77,759.47,9.59
4,60.00,144,803.41,996.94,0.00
4,60.00,145,125.28,666.11,0.00
4,60.00,146,600.98,300.73,12.21
4,60.00,147,133.78,413.55,14.40
4,60.00,148,424.81,47.59,0.00
4,60.00,149,642.75,524.26,11.78
4,70.00,0,374.95,582.07,7.36
4,70.00,1,439.81,750.87,14.19
4,70.00,2,707.10,501.97,12.73
4,70.00,3,464.18,69.06,6.83
4,70.00,4,794.38,152.86,15.90
4,70.00,5,436.23,225.23,0.00
4,70.00,6,409.68,382.46,7.32
4,70.00,7,335.27,721.60,9.17
4,70.00,8,684.56,356.02,7.52
4,70.00,9,359.01,358.58,7.53
4,70.00,10,653.21,138.72,0.00
4,70.00,11,872.31,794.75,0.00
4,70.00,12,209.35,574.12,20.16
4,70.00,13,97.11,391.09,24.70
4,70.00,14,449.42,460.99,22.66
4,70.00,15,602.66,647.96,5.71
4,70.00,16,640.59,484.41,18.64
4,70.00,17,508.33,347.08,5.76
4,70.00,18,482.92,251.74,18.60
4,70.00,19,732.85,652.40,0.00
4,70.00,20,287.23,713.62,0.00
4,70.00,21,68.84,629.39,10.60
4,70.00,22,789.89,785.50,12.97
4,70.00,23,586.29,252.97,11.90
4,70.00,24,508.50,135.53,15.36
4,70.00,25,568.47,273.81,0.00
4,70.00,26,814.44,777.45,6.51
4,70.00,27,357.03,438.94,7.77
4,70.00,28,758.18,349.73,8.46
4,70.00,29,219.96,151.02,0.00
4,70.00,30,531.17,519.75,6.70
4,70.00,31,887.19,341.57,24.33
4,70.00,32,795.69,314.94,12.96
4,70.00,33,436.94,590.54,0.00
4,70.00,34,576.56,311.47,9.56
4,70.00,35,712.73,585.01,10.19
4,70.00,36,104.67,457.67,0.00
4,70.00,37,783.31,272.29,6.37
4,70.00,38,474.92,677.61,12.52
4,70.00,39,690.09,732.36,16.12
4,70.00,40,63.54,833.40,12.10
4,70.00,41,75.16,248.31,22.07
4,70.00,42,636.71,220.05,6.80
4,70.00,43,661.64,750.66,20.90
4,70.00,44,277.24,928.28,14.47
4,70.00,45,345.97,533.12,11.30
4,70.00,46,864.99,228.71,5.75
4,70.00,47,604.54,470.98,16.18
4,70.00,48,141.94,268.16,12.33
4,70.00,49,513.38,493.05,14.24
4,70.00,50,507.40,394.86,14.68
4,70.00,51,409.14,431.02,11.20
4,70.00,52,596.60,491.43,22.36
4,70.00,53,627.44,393.21,7.78
4,70.00,54,489.32,425.26,20.89
4,70.00,55,328.99,378.92,5.31
4,70.00,56,883.33,522.94,12.95
4,70.00,57,76.80,790.02,0.00
4,70.00,58,603.62,667.76,15.23
4,70.00,59,766.87,828.70,19.72
4,70.00,60,789.87,608.26,12.00
4,70.00,61,769.76,853.73,9.51
4,70.00,62,578.63,508.93,6.99
4,70.00,63,743.12,203.76,9.81
4,70.00,64,59.86,29.76,0.00
4,70.00,65,746.00,951.96,0.00
4,70.00,66,479.03,783.18,13.90
4,70.00,67,503.96,656.55,5.19
4,70.00,68,115.78,167.69,12.36
4,70.00,69,319.73,487.92,17.02
4,70.00,70,597.17,553.88,12.30
4,70.00,71,556.70,796.29,0.00
4,70.00,72,459.49,237.62,14.28
4,70.00,73,429.83,730.04,5.35
4,70.00,74,627.13,546.77,11.45
4,70.00,75,651.64,242.69,5.91
4,70.00,76,729.27,573.38,11.81
4,70.00,77,615.04,545.90,6.66
4,70.00,78,663.91,439.37,11.28
4,70.00,79,358.47,591.44,8.53
4,70.00,80,738.23,926.75,12.27
4,70.00,81,287.25,391.02,22.37
4,70.00,82,217.49,340.73,0.00
4,70.00,83,351.56,83.08,0.00
4,70.00,84,738.18,691.37,9.62
4,70.00,85,187.02,767.13,7.55
4,70.00,86,129.75,654.07,5.62
4,70.00,87,343.55,957.85,0.00
4,70.00,88,620.51,707.30,0.00
4,70.00,89,423.28,311.00,0.00
4,70.00,90,667.95,347.36,19.59
4,70.00,91,629.44,606.75,15.07
4,70.00,92,312.97,897.17,13.42
4,70.00,93,191.96,696.63,17.22
4,70.00,94,848.66,628.36,5.21
4,70.00,95,585.90,417.99,0.00
4,70.00,96,661.45,587.89,24.54
4,70.00,97,394.65,566.51,8.70
4,70.00,98,488.09,816.11,5.57
4,70.00,99,621.91,668.11,0.00
4,70.00,100,754.37,588.04,9.70
4,70.00,101,566.20,407.83,11.03
4,70.00,102,625.53,550.69,10.64
4,70.00,103,832.39,208.63,15.40
4,70.00,104,839.46,998.19,0.00
4,70.00,105,132.97,251.52,11.06
4,70.00,106,593.16,440.04,5.73
4,70.00,107,185.25,860.04,10.48
4,70.00,108,216.34,120.56,5.74
4,70.00,109,400.67,83.33,5.88
4,70.00,110,37.48,367.33,5.70
4,70.00,111,246.73,674.17,14.26
4,70.00,112,499.03,367.01,6.79
4,70.00,113,605.99,579.95,9.76
4,70.00,114,513.26,562.77,0.00
4,70.00,115,146.24,780.24,0.00
4,70.00,116,848.48,419.63,7.10
4,70.00,117,230.17,337.00,5.88
4,70.00,118,233.17,836.63,14.00
4,70.00,119,405.98,716.42,0.00
4,70.00,120,228.37,612.90,7.79
4,70.00,121,677.74,647.80,10.90
4,70.00,122,526.99,166.40,5.03
4,70.00,123,601.10,555.87,8.79
4,70.00,124,555.45,787.52,18.69
4,70.00,125,85.09,387.54,15.87
4,70.00,126,681.44,456.99,10.14
4,70.00,127,649.11,420.75,20.83
4,70.00,128,800.55,772.95,19.77
4,70.00,129,512.67,560.92,5.43
4,70.00,130,843.22,347.09,11.02
4,70.00,131,343.39,261.18,10.61
4,70.00,132,487.64,711.68,8.28
4,70.00,133,480.18,151.38,22.33
4,70.00,134,766.56,722.57,0.00
4,70.00,135,642.58,498.20,9.85
4,70.00,136,371.39,279.03,7.71
4,70.00,137,71.31,676.26,0.00
4,70.00,138,666.95,171.61,8.63
4,70.00,139,479.41,667.07,23.86
4,70.00,140,646.20,836.73,5.76
4,70.00,141,579.03,247.62,12.52
4,70.00,142,751.68,745.71,6.40
4,70.00,143,404.90,760.24,9.59
4,70.00,144,804.30,980.36,20.52
4,70.00,145,163.35,691.02,24.80
4,70.00,146,709.89,355.87,12.21
4,70.00,147,9.24,485.91,14.40
4,70.00,148,407.88,85.24,9.52
4,70.00,149,760.37,517.48,11.78
4,80.00,0,408.54,516.57,7.36
4,80.00,1,482.02,615.34,14.19
4,80.00,2,599.93,570.66,12.73
4,80.00,3,450.09,3.14,0.00
4,80.00,4,911.81,45.61,15.90
4,80.00,5,463.85,247.11,24.39
4,80.00,6,474.92,349.27,7.32
4,80.00,7,420.40,687.51,9.17
4,80.00,8,621.53,315.05,7.52
4,80.00,9,302.38,308.95,7.53
4,80.00,10,661.13,155.34,17.64
4,80.00,11,848.35,788.40,19.69
4,80.00,12,274.34,755.68,0.00
4,80.00,13,154.02,150.77,24.70
4,80.00,14,471.44,467.88,0.00
4,80.00,15,559.81,685.67,5.71
4,80.00,16,817.40,425.51,18.64
4,80.00,17,459.30,377.34,5.76
4,80.00,18,490.42,437.63,18.60
4,80.00,19,678.93,613.74,7.46
4,80.00,20,411.75,671.31,18.71
4,80.00,21,65.06,633.71,0.00
4,80.00,22,722.09,674.88,12.97
4,80.00,23,638.82,235.62,0.00
4,80.00,24,455.84,279.88,15.36
4,80.00,25,427.79,271.84,17.83
4,80.00,26,749.86,785.83,6.51
4,80.00,27,313.94,374.33,7.77
4,80.00,28,682.39,387.39,8.46
4,80.00,29,231.42,211.53,10.86
4,80.00,30,564.52,503.11,0.00
4,80.00,31,667.45,237.23,24.33
4,80.00,32,853.39,328.92,0.00
4,80.00,33,250.48,525.84,22.66
4,80.00,34,672.11,315.63,9.56
4,80.00,35,796.67,642.77,10.19
4,80.00,36,176.93,456.51,8.23
4,80.00,37,846.75,277.74,6.37
4,80.00,38,414.72,787.37,12.52
4,80.00,39,643.90,886.85,16.12
4,80.00,40,184.53,831.45,12.10
4,80.00,41,290.08,298.35,22.07
4,80.00,42,606.71,159.05,6.80
4,80.00,43,669.44,758.36,0.00
4,80.00,44,411.21,873.66,14.47
4,80.00,45,308.95,426.34,11.30
4,80.00,46,840.17,280.57,5.75
4,80.00,47,646.99,627.16,16.18
4,80.00,48,117.95,271.53,0.00
4,80.00,49,612.79,595.03,14.24
4,80.00,50,654.25,394.83,14.68
4,80.00,51,507.83,377.98,11.20
4,80.00,52,800.30,583.67,22.36
4,80.00,53,575.29,335.50,7.78
4,80.00,54,515.70,485.16,0.00
4,80.00,55,381.34,370.03,5.31
4,80.00,56,923.55,646.08,12.95
4,80.00,57,103.88,723.44,0.00
4,80.00,58,632.25,694.90,0.00
4,80.00,59,571.67,856.87,19.72
4,80.00,60,856.11,574.26,0.00
4,80.00,61,796.88,762.61,9.51
4,80.00,62,642.29,537.85,6.99
4,80.00,63,678.25,277.36,9.81
4,80.00,64,60.60,53.86,12.74
4,80.00,65,746.33,949.74,19.71
4,80.00,66,586.58,871.18,13.90
4,80.00,67,456.10,636.53,5.19
4,80.00,68,230.40,214.02,12.36
4,80.00,69,489.62,477.63,17.02
4,80.00,70,706.79,609.59,12.30
4,80.00,71,595.59,750.76,6.72
4,80.00,72,423.45,375.84,14.28
4,80.00,73,383.19,756.21,5.35
4,80.00,74,641.81,433.18,11.45
4,80.00,75,633.14,253.39,0.00
4,80.00,76,697.57,459.63,11.81
4,80.00,77,566.74,591.76,6.66
4,80.00,78,739.84,356.02,11.28
4,80.00,79,440.09,566.51,8.53
4,80.00,80,838.52,997.48,12.27
4,80.00,81,203.63,268.00,0.00
4,80.00,82,276.91,341.65,9.24
4,80.00,83,350.23,199.59,21.76
4,80.00,84,828.97,723.20,9.62
4,80.00,85,234.25,708.18,7.55
4,80.00,86,120.69,598.57,5.62
4,80.00,87,272.85,902.05,16.94
4,80.00,88,466.43,730.99,17.67
4,80.00,89,433.89,317.94,16.98
4,80.00,90,534.09,490.38,19.59
4,80.00,91,733.54,715.75,15.07
4,80.00,92,398.57,793.78,13.42
4,80.00,93,358.83,653.96,17.22
4,80.00,94,884.04,666.57,5.21
4,80.00,95,625.37,377.51,6.19
4,80.00,96,460.18,728.20,24.54
4,80.00,97,474.54,600.94,8.70
4,80.00,98,438.58,790.65,5.57
4,80.00,99,663.95,516.39,18.53
4,80.00,100,755.70,491.04,9.70
4,80.00,101,660.46,350.48,11.03
4,80.00,102,618.66,656.83,10.64
4,80.00,103,736.45,329.11,15.40
4,80.00,104,840.48,995.19,9.80
4,80.00,105,76.76,346.78,11.06
4,80.00,106,551.45,479.35,5.73
4,80.00,107,286.33,887.86,10.48
4,80.00,108,270.39,101.35,5.74
4,80.00,109,459.34,87.98,5.88
4,80.00,110,53.27,312.55,5.70
4,80.00,111,263.84,537.50,0.00
4,80.00,112,547.77,414.28,6.79
4,80.00,113,620.91,575.02,0.00
4,80.00,114,525.38,550.90,9.30
4,80.00,115,202.84,732.16,19.23
4,80.00,116,871.41,486.82,7.10
4,80.00,117,287.07,351.94,5.88
4,80.00,118,210.54,698.50,14.00
4,80.00,119,407.77,708.89,5.41
4,80.00,120,222.80,690.60,7.79
4,80.00,121,654.33,541.35,10.90
4,80.00,122,480.73,186.24,5.03
4,80.00,123,629.47,472.69,8.79
4,80.00,124,564.55,809.05,0.00
4,80.00,125,208.61,487.15,15.87
4,80.00,126,713.49,553.24,10.14
4,80.00,127,658.32,406.26,0.00
4,80.00,128,932.93,807.51,0.00
4,80.00,129,548.44,601.71,5.43
4,80.00,130,762.02,421.60,11.02
4,80.00,131,449.28,268.19,10.61
4,80.00,132,405.23,719.98,8.28
4,80.00,133,606.00,14.08,0.00
4,80.00,134,764.81,721.47,6.72
4,80.00,135,552.72,457.77,9.85
4,80.00,136,325.70,293.56,0.00
4,80.00,137,84.74,684.74,24.24
4,80.00,138,605.18,231.89,8.63
4,80.00,139,408.98,439.12,23.86
4,80.00,140,703.80,837.34,5.76
4,80.00,141,562.51,165.50,0.00
4,80.00,142,707.66,699.27,6.40
4,80.00,143,309.02,761.01,9.59
4,80.00,144,815.30,775.48,20.52
4,80.00,145,370.88,826.82,24.80
4,80.00,146,818.80,411.00,12.21
4,80.00,147,6.85,487.30,0.00
4,80.00,148,368.82,172.10,9.52
4,80.00,149,811.81,514.52,0.00
4,90.00,0,442.12,451.06,7.36
4,90.00,1,524.24,479.82,14.19
4,90.00,2,492.76,639.35,12.73
4,90.00,3,449.67,3.86,6.53
4,90.00,4,940.19,19.68,0.00
4,90.00,5,552.95,317.68,0.00
4,90.00,6,540.17,316.08,7.32
4,90.00,7,505.54,653.42,9.17
4,90.00,8,558.51,274.07,7.52
4,90.00,9,245.76,259.32,7.53
4,90.00,10,736.95,314.56,17.64
4,90.00,11,658.04,738.00,19.69
4,90.00,12,278.42,757.65,10.48
4,90.00,13,180.26,39.99,0.00
4,90.00,14,536.79,285.32,21.59
4,90.00,15,516.95,723.38,5.71
4,90.00,16,961.56,377.49,0.00
4,90.00,17,447.77,384.46,0.00
4,90.00,18,497.92,623.53,18.60
4,90.00,19,618.30,570.27,7.46
4,90.00,20,458.79,655.32,0.00
4,90.00,21,208.14,639.89,15.14
4,90.00,22,654.29,564.26,12.97
4,90.00,23,709.29,182.54,16.48
4,90.00,24,403.19,424.22,15.36
4,90.00,25,249.48,269.36,17.83
4,90.00,26,685.29,794.21,6.51
4,90.00,27,270.85,309.71,7.77
4,90.00,28,606.61,425.06,8.46
4,90.00,29,251.63,318.18,10.86
4,90.00,30,493.42,557.97,20.24
4,90.00,31,503.01,159.15,0.00
4,90.00,32,797.06,332.28,10.41
4,90.00,33,181.61,501.95,0.00
4,90.00,34,767.66,319.79,9.56
4,90.00,35,875.54,697.04,0.00
4,90.00,36,259.21,455.18,8.23
4,90.00,37,910.18,283.19,6.37
4,90.00,38,354.53,897.13,12.52
4,90.00,39,641.88,893.59,0.00
4,90.00,40,305.51,829.50,12.10
4,90.00,41,505.00,348.40,22.07
4,90.00,42,576.72,98.05,6.80
4,90.00,43,624.21,853.55,11.12
4,90.00,44,545.18,819.04,14.47
4,90.00,45,271.93,319.56,11.30
4,90.00,46,815.36,332.43,5.75
4,90.00,47,689.44,783.34,16.18
4,90.00,48,193.98,249.04,9.87
4,90.00,49,712.20,697.01,14.24
4,90.00,50,801.09,394.81,14.68
4,90.00,51,606.52,324.93,11.20
4,90.00,52,804.67,585.64,0.00
4,90.00,53,523.14,277.78,7.78
4,90.00,54,470.69,464.32,0.00
4,90.00,55,433.69,361.14,5.31
4,90.00,56,963.77,769.23,12.95
4,90.00,57,173.81,636.99,19.98
4,90.00,58,595.94,539.57,21.53
4,90.00,59,376.47,885.04,19.72
4,90.00,60,806.89,614.93,16.82
4,90.00,61,823.99,671.49,9.51
4,90.00,62,705.95,566.77,6.99
4,90.00,63,613.38,350.95,9.81
4,90.00,64,64.52,181.21,12.74
4,90.00,65,774.79,754.68,19.71
4,90.00,66,680.31,947.87,0.00
4,90.00,67,408.24,616.51,5.19
4,90.00,68,345.03,260.35,12.36
4,90.00,69,659.50,467.33,17.02
4,90.00,70,816.41,665.29,12.30
4,90.00,71,639.25,699.66,6.72
4,90.00,72,387.40,514.07,14.28
4,90.00,73,336.55,782.38,5.35
4,90.00,74,656.49,319.59,11.45
4,90.00,75,566.28,356.55,19.25
4,90.00,76,665.86,345.89,11.81
4,90.00,77,518.44,637.62,6.66
4,90.00,78,815.77,272.67,11.28
4,90.00,79,521.71,541.58,8.53
4,90.00,80,840.28,998.72,0.00
4,90.00,81,251.06,300.90,17.22
4,90.00,82,369.32,343.09,9.24
4,90.00,83,347.76,417.22,21.76
4,90.00,84,899.39,747.88,0.00
4,90.00,85,281.49,649.22,7.55
4,90.00,86,111.64,543.07,5.62
4,90.00,87,193.23,839.20,0.00
4,90.00,88,291.79,757.83,17.67
4,90.00,89,575.99,410.81,16.98
4,90.00,90,400.23,633.40,19.59
4,90.00,91,837.63,824.74,15.07
4,90.00,92,484.17,690.39,13.42
4,90.00,93,525.70,611.28,17.22
4,90.00,94,919.43,704.78,5.21
4,90.00,95,668.56,333.21,6.19
4,90.00,96,258.91,868.52,24.54
4,90.00,97,554.43,635.37,8.70
4,90.00,98,389.06,765.18,5.57
4,90.00,99,713.44,337.83,18.53
4,90.00,100,757.03,394.05,9.70
4,90.00,101,754.73,293.13,11.03
4,90.00,102,612.07,758.72,0.00
4,90.00,103,640.51,449.58,15.40
4,90.00,104,872.11,902.47,9.80
4,90.00,105,69.22,359.55,0.00
4,90.00,106,509.73,518.66,5.73
4,90.00,107,387.41,915.69,10.48
4,90.00,108,324.45,82.14,5.74
4,90.00,109,518.00,92.64,5.88
4,90.00,110,69.06,257.77,5.70
4,90.00,111,268.58,536.32,14.25
4,90.00,112,586.76,452.09,0.00
4,90.00,113,636.81,376.02,23.79
4,90.00,114,591.83,485.78,9.30
4,90.00,115,349.43,607.62,19.23
4,90.00,116,894.34,554.01,7.10
4,90.00,117,343.98,366.88,5.88
4,90.00,118,187.90,560.36,14.00
4,90.00,119,420.28,656.26,5.41
4,90.00,120,217.22,768.29,7.79
4,90.00,121,630.91,434.89,10.90
4,90.00,122,434.46,206.09,5.03
4,90.00,123,657.84,389.51,8.79
4,90.00,124,646.37,944.94,0.00
4,90.00,125,332.13,586.77,15.87
4,90.00,126,745.54,649.49,10.14
4,90.00,127,515.43,325.01,17.92
4,90.00,128,929.33,779.44,9.18
4,90.00,129,584.22,642.49,5.43
4,90.00,130,680.83,496.11,11.02
4,90.00,131,555.18,275.20,10.61
4,90.00,132,322.82,728.27,8.28
4,90.00,133,575.09,40.60,24.54
4,90.00,134,708.10,685.49,6.72
4,90.00,135,462.86,417.34,9.85
4,90.00,136,377.38,343.87,19.07
4,90.00,137,289.77,814.14,24.24
4,90.00,138,543.40,292.18,8.63
4,90.00,139,338.54,211.16,23.86
4,90.00,140,761.39,837.96,5.76
4,90.00,141,533.24,183.22,10.34
4,90.00,142,663.64,652.83,6.40
4,90.00,143,213.14,761.79,9.59
4,90.00,144,826.30,570.60,20.52
4,90.00,145,396.07,843.30,0.00
4,90.00,146,870.89,437.38,0.00
4,90.00,147,34.27,445.26,5.12
4,90.00,148,329.77,258.96,9.52
4,90.00,149,769.66,587.28,14.94
4,100.00,0,475.70,385.56,7.36
4,100.00,1,566.45,344.29,14.19
4,100.00,2,385.59,708.04,12.73
4,100.00,3,416.77,60.25,6.53
4,100.00,4,863.70,30.13,10.18
4,100.00,5,513.96,357.89,10.49
4,100.00,6,605.41,282.88,7.32
4,100.00,7,590.67,619.33,9.17
4,100.00,8,495.49,233.10,7.52
4,100.00,9,202.93,221.78,0.00
4,100.00,10,812.78,473.78,17.64
4,100.00,11,467.74,687.61,19.69
4,100.00,12,372.83,803.25,10.48
4,100.00,13,260.57,120.25,21.06
4,100.00,14,609.55,82.07,21.59
4,100.00,15,474.09,761.08,5.71
4,100.00,16,934.83,392.73,16.66
4,100.00,17,394.82,454.75,11.51
4,100.00,18,501.62,715.17,0.00
4,100.00,19,557.67,526.80,7.46
4,100.00,20,555.73,562.51,18.27
4,100.00,21,359.43,646.43,15.14
4,100.00,22,643.68,546.96,0.00
4,100.00,23,840.94,83.36,16.48
4,100.00,24,350.53,568.57,15.36
4,100.00,25,71.18,266.87,17.83
4,100.00,26,620.71,802.60,6.51
4,100.00,27,227.77,245.10,7.77
4,100.00,28,530.82,462.72,8.46
4,100.00,29,271.83,424.84,10.86
4,100.00,30,342.60,674.34,0.00
4,100.00,31,475.97,184.12,14.63
4,100.00,32,693.10,338.47,10.41
4,100.00,33,256.13,546.81,12.82
4,100.00,34,863.20,323.95,9.56
4,100.00,35,866.68,685.78,23.76
4,100.00,36,341.49,453.86,8.23
4,100.00,37,958.77,287.36,0.00
4,100.00,38,335.02,932.71,0.00
4,100.00,39,683.24,847.80,6.45
4,100.00,40,426.49,827.54,12.10
4,100.00,41,719.92,398.44,22.07
4,100.00,42,562.03,68.17,0.00
4,100.00,43,576.48,954.00,11.12
4,100.00,44,679.15,764.42,14.47
4,100.00,45,257.91,279.14,0.00
4,100.00,46,790.55,384.28,5.75
4,100.00,47,731.89,939.52,16.18
4,100.00,48,288.61,221.05,9.87
4,100.00,49,728.58,713.82,0.00
4,100.00,50,923.25,394.79,0.00
4,100.00,51,671.83,289.82,0.00
4,100.00,52,646.76,527.06,17.21
4,100.00,53,471.00,220.07,7.78
4,100.00,54,489.16,450.60,15.37
4,100.00,55,486.05,352.25,5.31
4,100.00,56,972.30,795.34,0.00
4,100.00,57,299.47,481.65,19.98
4,100.00,58,571.91,436.80,0.00
4,100.00,59,181.26,913.21,19.72
4,100.00,60,677.24,722.05,16.82
4,100.00,61,851.11,580.38,9.51
4,100.00,62,753.14,588.20,0.00
4,100.00,63,570.18,399.96,0.00
4,100.00,64,68.44,308.57,12.74
4,100.00,65,803.25,559.62,19.71
4,100.00,66,677.34,923.55,19.07
4,100.00,67,360.38,596.49,5.19
4,100.00,68,459.66,306.68,12.36
4,100.00,69,829.39,457.04,17.02
4,100.00,70,856.36,685.60,0.00
4,100.00,71,682.91,648.56,6.72
4,100.00,72,351.36,652.29,14.28
4,100.00,73,289.91,808.55,5.35
4,100.00,74,671.16,206.00,11.45
4,100.00,75,461.55,518.12,19.25
4,100.00,76,634.16,232.14,11.81
4,100.00,77,470.14,683.48,6.66
4,100.00,78,891.70,189.31,11.28
4,100.00,79,603.32,516.64,8.53
4,100.00,80,707.68,804.37,23.95
4,100.00,81,392.55,399.06,17.22
4,100.00,82,461.74,344.52,9.24
4,100.00,83,345.28,634.85,21.76
4,100.00,84,867.04,722.17,18.42
4,100.00,85,328.72,590.27,7.55
4,100.00,86,102.59,487.57,5.62
4,100.00,87,203.23,775.39,16.10
4,100.00,88,117.16,784.68,17.67
4,100.00,89,704.75,494.97,0.00
4,100.00,90,266.38,776.42,19.59
4,100.00,91,941.73,933.74,15.07
4,100.00,92,569.76,587.00,13.42
4,100.00,93,692.56,568.61,17.22
4,100.00,94,954.81,742.99,5.21
4,100.00,95,711.76,288.91,6.19
4,100.00,96,143.75,948.80,0.00
4,100.00,97,634.32,669.80,8.70
4,100.00,98,339.54,739.71,5.57
4,100.00,99,758.65,174.68,0.00
4,100.00,100,758.36,297.05,9.70
4,100.00,101,849.00,235.78,11.03
4,100.00,102,611.28,756.82,5.13
4,100.00,103,544.57,570.05,15.40
4,100.00,104,903.73,809.75,9.80
4,100.00,105,90.44,406.06,5.90
4,100.00,106,468.01,557.97,5.73
4,100.00,107,475.36,939.90,0.00
4,100.00,108,378.50,62.93,5.74
4,100.00,109,576.66,97.29,5.88
4,100.00,110,84.85,203.00,5.70
4,100.00,111,406.92,501.97,14.25
4,100.00,112,554.07,449.38,16.38
4,100.00,113,655.44,142.70,0.00
4,100.00,114,658.29,420.66,9.30
4,100.00,115,496.02,483.09,19.23
4,100.00,116,917.28,621.20,7.10
4,100.00,117,400.89,381.82,5.88
4,100.00,118,165.26,422.22,14.00
4,100.00,119,432.79,603.62,5.41
4,100.00,120,211.65,845.98,7.79
4,100.00,121,607.50,328.44,10.90
4,100.00,122,388.20,225.94,5.03
4,100.00,123,686.21,306.33,8.79
4,100.00,124,647.98,907.18,17.14
4,100.00,125,455.65,686.39,15.87
4,100.00,126,777.59,745.75,10.14
4,100.00,127,359.69,236.46,17.92
4,100.00,128,917.66,688.35,9.18
4,100.00,129,619.99,683.27,5.43
4,100.00,130,599.63,570.63,11.02
4,100.00,131,661.07,282.20,10.61
4,100.00,132,240.42,736.57,8.28
4,100.00,133,388.87,200.36,24.54
4,100.00,134,651.38,649.51,6.72
4,100.00,135,372.99,376.91,9.85
4,100.00,136,422.17,387.47,0.00
4,100.00,137,291.94,815.51,0.00
4,100.00,138,481.62,352.46,8.63
4,100.00,139,295.91,73.18,0.00
4,100.00,140,818.99,838.57,5.76
4,100.00,141,444.79,236.77,10.34
4,100.00,142,619.62,606.40,6.40
4,100.00,143,117.27,762.56,9.59
4,100.00,144,837.31,365.72,20.52
4,100.00,145,331.98,915.24,10.97
4,100.00,146,841.07,465.83,7.90
4,100.00,147,62.24,402.40,5.12
4,100.00,148,290.71,345.82,9.52
4,100.00,149,694.75,716.58,14.94
4,110.00,0,509.29,320.06,7.36
4,110.00,1,608.66,208.76,14.19
4,110.00,2,352.97,728.95,0.00
4,110.00,3,383.87,116.64,6.53
4,110.00,4,762.82,43.90,10.18
4,110.00,5,440.95,433.20,10.49
4,110.00,6,670.65,249.69,7.32
4,110.00,7,675.81,585.24,9.17
4,110.00,8,432.47,192.12,7.52
4,110.00,9,254.22,202.21,22.53
4,110.00,10,888.60,632.99,17.64
4,110.00,11,277.43,637.21,19.69
4,110.00,12,467.24,848.85,10.48
4,110.00,13,409.56,269.16,21.06
4,110.00,14,632.19,18.84,0.00
4,110.00,15,431.24,798.79,5.71
4,110.00,16,790.04,475.23,16.66
4,110.00,17,325.59,546.66,11.51
4,110.00,18,582.92,659.40,19.44
4,110.00,19,497.03,483.33,7.46
4,110.00,20,687.72,436.14,18.27
4,110.00,21,510.71,652.96,15.14
4,110.00,22,506.88,459.26,19.26
4,110.00,23,922.97,21.57,0.00
4,110.00,24,301.04,704.25,0.00
4,110.00,25,43.66,266.49,0.00
4,110.00,26,556.13,810.98,6.51
4,110.00,27,184.68,180.48,7.77
4,110.00,28,455.03,500.38,8.46
4,110.00,29,292.04,531.49,10.86
4,110.00,30,337.80,680.52,13.31
4,110.00,31,368.50,283.37,14.63
4,110.00,32,589.14,344.66,10.41
4,110.00,33,365.98,612.94,12.82
4,110.00,34,891.51,325.18,0.00
4,110.00,35,719.73,499.13,23.76
4,110.00,36,423.76,452.53,8.23
4,110.00,37,918.03,272.48,18.53
4,110.00,38,199.83,910.83,20.26
4,110.00,39,726.49,799.92,6.45
4,110.00,40,547.47,825.59,12.10
4,110.00,41,934.84,448.48,22.07
4,110.00,42,602.76,168.64,21.25
4,110.00,43,567.10,973.73,0.00
4,110.00,44,813.12,709.80,14.47
4,110.00,45,367.65,369.94,22.92
4,110.00,46,765.74,436.14,5.75
4,110.00,47,742.83,979.77,0.00
4,110.00,48,383.24,193.07,9.87
4,110.00,49,704.27,601.44,13.77
4,110.00,50,891.83,394.34,18.68
4,110.00,51,686.93,299.37,5.28
4,110.00,52,525.99,482.25,0.00
4,110.00,53,418.85,162.35,7.78
4,110.00,54,612.53,358.94,15.37
4,110.00,55,538.40,343.36,5.31
4,110.00,56,941.98,739.68,8.04
4,110.00,57,389.04,370.93,0.00
4,110.00,58,541.68,367.78,14.78
4,110.00,59,146.22,918.26,0.00
4,110.00,60,547.60,829.16,16.82
4,110.00,61,878.23,489.26,9.51
4,110.00,62,739.03,577.58,6.83
4,110.00,63,552.10,413.96,6.84
4,110.00,64,72.35,435.93,12.74
4,110.00,65,831.71,364.55,19.71
4,110.00,66,654.18,734.27,19.07
4,110.00,67,312.52,576.47,5.19
4,110.00,68,574.28,353.01,12.36
4,110.00,69,862.01,455.06,0.00
4,110.00,70,846.63,676.06,0.00
4,110.00,71,726.57,597.45,6.72
4,110.00,72,315.32,790.51,14.28
4,110.00,73,243.27,834.72,5.35
4,110.00,74,685.84,92.41,11.45
4,110.00,75,356.82,679.68,19.25
4,110.00,76,613.88,159.40,0.00
4,110.00,77,421.83,729.34,6.66
4,110.00,78,902.88,177.04,0.00
4,110.00,79,684.94,491.71,8.53
4,110.00,80,572.72,606.55,23.95
4,110.00,81,527.47,492.67,0.00
4,110.00,82,554.15,345.96,9.24
4,110.00,83,342.80,852.47,21.76
4,110.00,84,722.88,607.59,18.42
4,110.00,85,375.96,531.32,7.55
4,110.00,86,93.53,432.07,5.62
4,110.00,87,224.45,639.97,0.00
4,110.00,88,14.02,800.54,0.00
4,110.00,89,706.86,507.03,13.06
4,110.00,90,132.52,919.44,19.59
4,110.00,91,977.97,971.68,0.00
4,110.00,92,655.36,483.61,13.42
4,110.00,93,696.29,567.66,0.00
4,110.00,94,963.79,752.68,0.00
4,110.00,95,754.95,244.62,6.19
4,110.00,96,159.08,866.83,19.49
4,110.00,97,714.21,704.23,8.70
4,110.00,98,290.03,714.24,5.57
4,110.00,99,760.01,192.00,20.14
4,110.00,100,759.69,200.06,9.70
4,110.00,101,943.27,178.43,11.03
4,110.00,102,591.55,709.47,5.13
4,110.00,103,448.62,690.52,15.40
4,110.00,104,935.36,717.02,9.80
4,110.00,105,114.95,459.77,5.90
4,110.00,106,426.30,597.28,5.73
4,110.00,107,485.41,921.08,16.43
4,110.00,108,432.55,43.72,5.74
4,110.00,109,635.32,101.94,5.88
4,110.00,110,86.89,195.92,0.00
4,110.00,111,545.27,467.61,14.25
4,110.00,112,390.79,435.83,16.38
4,110.00,113,656.12,143.95,8.80
4,110.00,114,724.74,355.54,9.30
4,110.00,115,642.61,358.55,19.23
4,110.00,116,940.21,688.39,7.10
4,110.00,117,457.80,396.76,5.88
4,110.00,118,142.63,284.08,14.00
4,110.00,119,445.29,550.99,5.41
4,110.00,120,207.24,907.49,0.00
4,110.00,121,590.04,249.04,0.00
4,110.00,122,341.94,245.79,5.03
4,110.00,123,714.58,223.15,8.79
4,110.00,124,655.28,735.95,17.14
4,110.00,125,579.18,786.01,15.87
4,110.00,126,808.45,838.44,0.00
4,110.00,127,203.95,147.90,17.92
4,110.00,128,905.98,597.25,9.18
4,110.00,129,655.77,724.06,5.43
4,110.00,130,518.44,645.14,11.02
4,110.00,131,766.96,289.21,10.61
4,110.00,132,158.01,744.86,8.28
4,110.00,133,342.64,240.01,0.00
4,110.00,134,594.66,613.54,6.72
4,110.00,135,283.13,336.48,9.85
4,110.00,136,579.04,399.12,23.40
4,110.00,137,475.10,725.79,20.61
4,110.00,138,419.85,412.74,8.63
4,110.00,139,315.80,80.87,5.40
4,110.00,140,876.59,839.19,5.76
4,110.00,141,356.34,290.32,10.34
4,110.00,142,575.60,559.96,6.40
4,110.00,143,21.39,763.33,9.59
4,110.00,144,848.31,160.84,20.52
4,110.00,145,290.81,961.45,0.00
4,110.00,146,783.90,520.38,7.90
4,110.00,147,75.03,382.80,0.00
4,110.00,148,251.65,432.68,9.52
4,110.00,149,619.85,845.88,14.94
4,120.00,0,542.87,254.55,7.36
4,120.00,1,631.67,134.87,0.00
4,120.00,2,303.88,625.93,16.41
4,120.00,3,350.97,173.02,6.53
4,120.00,4,661.94,57.68,10.18
4,120.00,5,367.94,508.50,10.49
4,120.00,6,735.89,216.49,7.32
4,120.00,7,760.95,551.16,9.17
4,120.00,8,369.44,151.14,7.52
4,120.00,9,464.72,121.92,22.53
4,120.00,10,964.42,792.21,17.64
4,120.00,11,229.19,624.43,0.00
4,120.00,12,501.74,865.51,0.00
4,120.00,13,527.70,387.23,0.00
4,120.00,14,698.09,55.20,10.93
4,120.00,15,388.38,836.50,5.71
4,120.00,16,645.26,557.73,16.66
4,120.00,17,256.35,638.56,11.51
4,120.00,18,743.26,549.41,19.44
4,120.00,19,436.40,439.86,7.46
4,120.00,20,793.70,334.68,0.00
4,120.00,21,661.99,659.50,15.14
4,120.00,22,344.71,355.30,19.26
4,120.00,23,852.28,68.75,22.55
4,120.00,24,294.67,706.61,11.32
4,120.00,25,100.77,321.21,9.35
4,120.00,26,491.55,819.36,6.51
4,120.00,27,141.59,115.87,7.77
4,120.00,28,379.25,538.04,8.46
4,120.00,29,312.24,638.15,10.86
4,120.00,30,256.21,785.69,13.31
4,120.00,31,261.03,382.61,14.63
4,120.00,32,485.17,350.85,10.41
4,120.00,33,475.83,679.07,12.82
4,120.00,34,740.45,412.65,24.80
4,120.00,35,572.78,312.48,23.76
4,120.00,36,506.04,451.21,8.23
4,120.00,37,744.00,208.91,18.53
4,120.00,38,47.07,886.11,0.00
4,120.00,39,769.74,752.04,6.45
4,120.00,40,668.46,823.63,12.10
4,120.00,41,980.62,459.14,0.00
4,120.00,42,682.60,365.56,21.25
4,120.00,43,470.08,826.94,21.90
4,120.00,44,947.09,655.19,14.47
4,120.00,45,544.23,516.06,22.92
4,120.00,46,740.92,487.99,5.75
4,120.00,47,613.24,954.06,17.80
4,120.00,48,447.53,174.06,0.00
4,120.00,49,675.17,466.87,13.77
4,120.00,50,705.00,391.67,18.68
4,120.00,51,731.56,327.58,5.28
4,120.00,52,543.27,512.99,14.02
4,120.00,53,366.70,104.64,7.78
4,120.00,54,735.91,267.28,15.37
4,120.00,55,590.76,334.46,5.31
4,120.00,56,903.51,669.03,8.04
4,120.00,57,430.56,334.19,19.30
4,120.00,58,482.40,232.40,14.78
4,120.00,59,280.43,855.63,18.05
4,120.00,60,417.96,936.28,16.82
4,120.00,61,905.35,398.14,9.51
4,120.00,62,684.46,536.53,6.83
4,120.00,63,498.00,455.85,6.84
4,120.00,64,76.27,563.29,12.74
4,120.00,65,860.17,169.49,19.71
4,120.00,66,631.02,544.98,19.07
4,120.00,67,264.66,556.44,5.19
4,120.00,68,630.56,375.75,0.00
4,120.00,69,741.38,459.07,14.94
4,120.00,70,872.68,571.71,18.64
4,120.00,71,770.23,546.35,6.72
4,120.00,72,291.99,879.97,0.00
4,120.00,73,196.63,860.89,5.35
4,120.00,74,689.64,62.98,0.00
4,120.00,75,252.09,841.25,19.25
4,120.00,76,642.98,171.63,8.75
4,120.00,77,396.86,753.05,0.00
4,120.00,78,805.99,168.92,11.40
4,120.00,79,766.56,466.78,8.53
4,120.00,80,437.76,408.73,23.95
4,120.00,81,523.85,490.35,9.25
4,120.00,82,646.57,347.40,9.24
4,120.00,83,341.93,929.11,0.00
4,120.00,84,578.71,493.01,18.42
4,120.00,85,423.19,472.36,7.55
4,120.00,86,84.48,376.57,5.62
4,120.00,87,232.21,636.18,5.82
4,120.00,88,53.60,819.74,10.75
4,120.00,89,729.37,635.65,13.06
4,120.00,90,65.83,990.69,0.00
4,120.00,91,892.06,884.52,18.77
4,120.00,92,740.96,380.22,13.42
4,120.00,93,826.08,760.86,23.81
4,120.00,94,919.44,765.53,6.19
4,120.00,95,798.15,200.32,6.19
4,120.00,96,194.91,675.23,19.49
4,120.00,97,794.10,738.66,8.70
4,120.00,98,240.51,688.77,5.57
4,120.00,99,775.75,392.79,20.14
4,120.00,100,760.26,158.26,0.00
4,120.00,101,968.01,163.38,0.00
4,120.00,102,571.83,662.13,5.13
4,120.00,103,352.68,811.00,15.40
4,120.00,104,946.69,683.80,0.00
4,120.00,105,139.46,513.48,5.90
4,120.00,106,402.71,619.51,0.00
4,120.00,107,562.82,776.19,16.43
4,120.00,108,486.60,24.51,5.74
4,120.00,109,693.98,106.60,5.88
4,120.00,110,41.06,368.26,20.48
4,120.00,111,683.62,433.26,14.25
4,120.00,112,227.50,422.29,16.38
4,120.00,113,697.85,221.47,8.80
4,120.00,114,791.19,290.42,9.30
4,120.00,115,684.33,323.11,0.00
4,120.00,116,950.74,719.24,0.00
4,120.00,117,514.71,411.70,5.88
4,120.00,118,119.99,145.95,14.00
4,120.00,119,457.80,498.35,5.41
4,120.00,120,220.43,891.11,10.10
4,120.00,121,609.80,258.67,8.64
4,120.00,122,295.68,265.63,5.03
4,120.00,123,717.17,215.56,0.00
4,120.00,124,658.11,669.51,0.00
4,120.00,125,702.70,885.62,15.87
4,120.00,126,806.70,837.08,5.98
4,120.00,127,67.70,70.43,0.00
4,120.00,128,894.31,506.16,9.18
4,120.00,129,691.54,764.84,5.43
4,120.00,130,437.24,719.65,11.02
4,120.00,131,868.91,295.95,0.00
4,120.00,132,77.55,752.96,0.00
4,120.00,133,411.88,335.43,15.68
4,120.00,134,537.95,577.56,6.72
4,120.00,135,231.49,313.24,0.00
4,120.00,136,812.37,416.45,23.40
4,120.00,137,660.23,635.11,20.61
4,120.00,138,358.07,473.03,8.63
4,120.00,139,366.20,100.35,5.40
4,120.00,140,921.14,839.66,0.00
4,120.00,141,267.89,343.88,10.34
4,120.00,142,531.59,513.53,6.40
4,120.00,143,12.65,763.40,0.00
4,120.00,144,849.04,147.26,0.00
4,120.00,145,359.37,914.26,19.11
4,120.00,146,726.72,574.92,7.90
4,120.00,147,138.12,359.24,12.41
4,120.00,148,212.60,519.55,9.52
4,120.00,149,607.18,867.76,0.00
4,130.00,0,576.45,189.05,7.36
4,130.00,1,574.97,163.42,13.96
4,130.00,2,233.31,477.83,16.41
4,130.00,3,318.07,229.41,6.53
4,130.00,4,561.07,71.45,10.18
4,130.00,5,294.92,583.81,10.49
4,130.00,6,801.13,183.30,7.32
4,130.00,7,846.08,517.07,9.17
4,130.00,8,306.42,110.17,7.52
4,130.00,9,464.77,121.90,0.00
4,130.00,10,973.63,811.55,0.00
4,130.00,11,209.73,500.00,16.87
4,130.00,12,455.91,846.23,7.83
4,130.00,13,494.56,384.89,16.05
4,130.00,14,706.38,59.78,0.00
4,130.00,15,345.52,874.20,5.71
4,130.00,16,500.48,640.23,16.66
4,130.00,17,187.12,730.47,11.51
4,130.00,18,903.60,439.42,19.44
4,130.00,19,375.77,396.39,7.46
4,130.00,20,777.64,345.57,9.85
4,130.00,21,781.86,664.67,0.00
4,130.00,22,182.54,251.34,19.26
4,130.00,23,664.73,193.92,22.55
4,130.00,24,188.56,745.94,11.32
4,130.00,25,168.31,385.93,9.35
4,130.00,26,426.97,827.75,6.51
4,130.00,27,98.50,51.25,7.77
4,130.00,28,303.46,575.71,8.46
4,130.00,29,318.24,669.84,0.00
4,130.00,30,174.62,890.87,13.31
4,130.00,31,153.56,481.86,14.63
4,130.00,32,381.21,357.04,10.41
4,130.00,33,585.69,745.20,12.82
4,130.00,34,525.79,536.94,24.80
4,130.00,35,546.14,278.64,0.00
4,130.00,36,588.32,449.88,8.23
4,130.00,37,581.22,149.46,0.00
4,130.00,38,48.01,839.65,19.67
4,130.00,39,812.99,704.16,6.45
4,130.00,40,759.97,822.16,0.00
4,130.00,41,963.65,408.81,6.75
4,130.00,42,762.43,562.47,21.25
4,130.00,43,349.35,644.27,21.90
4,130.00,44,980.38,641.61,0.00
4,130.00,45,720.81,662.17,22.92
4,130.00,46,716.11,539.85,5.75
4,130.00,47,447.09,921.08,0.00
4,130.00,48,421.12,200.33,11.62
4,130.00,49,646.06,332.31,13.77
4,130.00,50,536.37,389.26,0.00
4,130.00,51,776.19,355.79,5.28
4,130.00,52,612.00,635.22,14.02
4,130.00,53,337.19,71.98,0.00
4,130.00,54,859.28,175.62,15.37
4,130.00,55,643.11,325.57,5.31
4,130.00,56,865.03,598.37,8.04
4,130.00,57,503.24,269.89,0.00
4,130.00,58,423.11,97.02,14.78
4,130.00,59,444.00,779.28,18.05
4,130.00,60,399.91,951.19,0.00
4,130.00,61,932.47,307.02,9.51
4,130.00,62,629.89,495.47,6.83
4,130.00,63,443.89,497.73,6.84
4,130.00,64,78.50,635.94,0.00
4,130.00,65,871.67,90.64,0.00
4,130.00,66,607.86,355.69,19.07
4,130.00,67,216.80,536.42,5.19
4,130.00,68,730.33,355.06,20.02
4,130.00,69,592.07,464.04,14.94
4,130.00,70,917.82,390.84,18.64
4,130.00,71,813.89,495.25,6.72
4,130.00,72,281.63,828.14,14.98
4,130.00,73,149.99,887.06,5.35
4,130.00,74,621.62,218.64,22.93
4,130.00,75,168.64,969.99,0.00
4,130.00,76,723.66,205.53,8.75
4,130.00,77,445.71,682.63,17.74
4,130.00,78,792.37,167.77,0.00
4,130.00,79,848.18,441.84,8.53
4,130.00,80,314.74,228.41,0.00
4,130.00,81,446.00,440.43,9.25
4,130.00,82,738.98,348.83,9.24
4,130.00,83,430.71,934.82,13.73
4,130.00,84,499.50,430.06,0.00
4,130.00,85,470.43,413.41,7.55
4,130.00,86,76.99,330.69,0.00
4,130.00,87,284.51,610.68,5.82
4,130.00,88,150.26,866.66,10.75
4,130.00,89,751.87,764.26,13.06
4,130.00,90,54.90,931.72,11.95
4,130.00,91,760.30,750.82,18.77
4,130.00,92,826.55,276.83,13.42
4,130.00,93,908.74,883.90,0.00
4,130.00,94,860.03,782.76,6.19
4,130.00,95,841.34,156.03,6.19
4,130.00,96,222.06,530.04,0.00
4,130.00,97,854.97,764.89,0.00
4,130.00,98,191.00,663.31,5.57
4,130.00,99,791.50,593.58,20.14
4,130.00,100,721.14,289.14,24.00
4,130.00,101,935.20,196.01,6.28
4,130.00,102,552.10,614.79,5.13
4,130.00,103,264.30,921.98,0.00
4,130.00,104,868.06,568.97,21.69
4,130.00,105,163.97,567.19,5.90
4,130.00,106,428.50,522.82,23.03
4,130.00,107,640.22,631.30,16.43
4,130.00,108,527.83,9.86,0.00
4,130.00,109,752.65,111.25,5.88
4,130.00,110,18.64,452.57,0.00
4,130.00,111,821.97,398.90,14.25
4,130.00,112,66.59,408.95,0.00
4,130.00,113,739.58,298.99,8.80
4,130.00,114,857.65,225.30,9.30
4,130.00,115,586.95,292.72,14.26
4,130.00,116,879.18,772.13,16.45
4,130.00,117,571.62,426.65,5.88
4,130.00,118,106.11,61.23,0.00
4,130.00,119,468.68,452.58,0.00
4,130.00,120,283.74,812.43,10.10
4,130.00,121,687.51,296.51,8.64
4,130.00,122,249.41,285.48,5.03
4,130.00,123,755.23,344.01,14.74
4,130.00,124,677.95,606.58,10.78
4,130.00,125,794.40,959.58,0.00
4,130.00,126,759.35,800.50,5.98
4,130.00,127,74.15,88.10,15.03
4,130.00,128,882.63,415.06,9.18
4,130.00,129,727.32,805.63,5.43
4,130.00,130,356.04,794.16,11.02
4,130.00,131,864.03,293.05,15.26
4,130.00,132,78.76,752.79,5.18
4,130.00,133,503.98,462.36,15.68
4,130.00,134,481.23,541.59,6.72
4,130.00,135,313.77,310.18,19.36
4,130.00,136,998.16,430.24,0.00
4,130.00,137,845.35,544.43,20.61
4,130.00,138,296.30,533.31,8.63
4,130.00,139,416.59,119.83,5.40
4,130.00,140,909.48,838.98,5.16
4,130.00,141,179.43,397.43,10.34
4,130.00,142,487.57,467.09,6.40
4,130.00,143,98.57,706.39,11.35
4,130.00,144,902.11,301.05,17.43
4,130.00,145,516.77,805.92,19.11
4,130.00,146,669.55,629.46,7.90
4,130.00,147,254.42,315.81,12.41
4,130.00,148,173.54,606.41,9.52
4,130.00,149,649.89,734.99,16.79
4,140.00,0,610.03,123.55,7.36
4,140.00,1,450.30,226.17,13.96
4,140.00,2,162.74,329.73,16.41
4,140.00,3,285.17,285.80,6.53
4,140.00,4,460.19,85.22,10.18
4,140.00,5,221.91,659.12,10.49
4,140.00,6,804.80,181.43,0.00
4,140.00,7,887.98,500.29,0.00
4,140.00,8,243.40,69.19,7.52
4,140.00,9,351.88,160.02,11.92
4,140.00,10,803.54,821.32,19.39
4,140.00,11,183.66,333.31,16.87
4,140.00,12,383.69,815.85,7.83
4,140.00,13,469.12,383.08,0.00
4,140.00,14,572.19,185.09,20.10
4,140.00,15,332.49,885.67,0.00
4,140.00,16,355.70,722.73,16.66
4,140.00,17,130.45,805.70,0.00
4,140.00,18,975.38,390.18,0.00
4,140.00,19,315.14,352.92,7.46
4,140.00,20,696.16,400.87,9.85
4,140.00,21,770.28,639.10,13.52
4,140.00,22,101.97,199.69,0.00
4,140.00,23,477.18,319.09,22.55
4,140.00,24,162.25,755.70,0.00
4,140.00,25,235.85,450.65,9.35
4,140.00,26,362.40,836.13,6.51
4,140.00,27,81.86,26.30,0.00
4,140.00,28,227.67,613.37,8.46
4,140.00,29,346.93,690.16,5.00
4,140.00,30,98.51,988.97,0.00
4,140.00,31,102.72,528.81,0.00
4,140.00,32,277.25,363.23,10.41
4,140.00,33,647.84,782.62,0.00
4,140.00,34,514.19,543.66,0.00
4,140.00,35,527.41,325.66,6.18
4,140.00,36,670.60,448.55,8.23
4,140.00,37,582.54,163.12,21.22
4,140.00,38,52.01,642.98,19.67
4,140.00,39,856.24,656.28,6.45
4,140.00,40,758.35,795.86,10.82
4,140.00,41,942.08,344.85,6.75
4,140.00,42,823.08,712.05,0.00
4,140.00,43,228.61,461.59,21.90
4,140.00,44,961.74,563.35,10.71
4,140.00,45,782.63,713.33,0.00
4,140.00,46,691.30,591.70,5.75
4,140.00,47,448.24,918.42,6.00
4,140.00,48,338.78,282.27,11.62
4,140.00,49,616.96,197.75,13.77
4,140.00,50,528.43,389.91,8.17
4,140.00,51,820.82,384.00,5.28
4,140.00,52,680.73,757.44,14.02
4,140.00,53,385.60,138.93,19.03
4,140.00,54,929.36,123.56,0.00
4,140.00,55,695.46,316.68,5.31
4,140.00,56,826.55,527.72,8.04
4,140.00,57,466.65,237.72,9.80
4,140.00,58,389.57,20.44,0.00
4,140.00,59,607.57,702.94,18.05
4,140.00,60,490.18,783.09,22.17
4,140.00,61,959.58,215.91,9.51
4,140.00,62,575.32,454.42,6.83
4,140.00,63,389.79,539.62,6.84
4,140.00,64,184.96,646.35,24.90
4,140.00,65,785.04,176.92,20.52
4,140.00,66,584.71,166.41,19.07
4,140.00,67,168.94,516.40,5.19
4,140.00,68,926.32,314.42,20.02
4,140.00,69,442.77,469.00,14.94
4,140.00,70,962.97,209.97,18.64
4,140.00,71,857.54,444.15,6.72
4,140.00,72,252.27,681.26,14.98
4,140.00,73,134.67,895.65,0.00
4,140.00,74,529.82,428.72,22.93
4,140.00,75,178.88,959.44,7.24
4,140.00,76,804.34,239.43,8.75
4,140.00,77,546.85,536.84,17.74
4,140.00,78,611.17,165.82,20.59
4,140.00,79,886.09,430.26,0.00
4,140.00,80,314.44,241.34,14.61
4,140.00,81,368.16,390.51,9.25
4,140.00,82,831.39,350.27,9.24
4,140.00,83,567.75,943.63,13.73
4,140.00,84,438.38,414.23,14.01
4,140.00,85,517.66,354.45,7.55
4,140.00,86,100.94,333.59,13.91
4,140.00,87,336.81,585.18,5.82
4,140.00,88,246.93,913.58,10.75
4,140.00,89,762.69,826.13,0.00
4,140.00,90,33.12,814.19,11.95
4,140.00,91,628.53,617.13,18.77
4,140.00,92,912.15,173.44,13.42
4,140.00,93,846.46,914.17,18.35
4,140.00,94,800.61,799.98,6.19
4,140.00,95,884.53,111.73,6.19
4,140.00,96,240.62,539.48,8.60
4,140.00,97,813.97,724.36,24.22
4,140.00,98,141.48,637.84,5.57
4,140.00,99,807.24,794.36,20.14
4,140.00,100,652.39,519.13,24.00
4,140.00,101,890.72,240.27,6.28
4,140.00,102,532.38,567.44,5.13
4,140.00,103,268.83,915.06,10.49
4,140.00,104,745.54,390.02,21.69
4,140.00,105,169.15,578.55,0.00
4,140.00,106,487.88,300.29,23.03
4,140.00,107,717.62,486.42,16.43
4,140.00,108,529.78,46.66,15.54
4,140.00,109,811.31,115.91,5.88
4,140.00,110,82.98,507.54,14.74
4,140.00,111,886.13,382.96,0.00
4,140.00,112,68.13,406.57,19.54
4,140.00,113,781.32,376.52,8.80
4,140.00,114,924.10,160.18,9.30
4,140.00,115,450.83,250.24,14.26
4,140.00,116,746.87,869.92,16.45
4,140.00,117,628.52,441.59,5.88
4,140.00,118,133.55,96.84,11.63
4,140.00,119,451.55,447.11,13.78
4,140.00,120,347.06,733.75,10.10
4,140.00,121,765.22,334.36,8.64
4,140.00,122,203.15,305.33,5.03
4,140.00,123,797.10,485.36,14.74
4,140.00,124,695.19,551.89,0.00
4,140.00,125,763.15,957.72,12.15
4,140.00,126,712.01,763.92,5.98
4,140.00,127,125.68,229.31,15.03
4,140.00,128,870.95,323.96,9.18
4,140.00,129,763.10,846.41,5.43
4,140.00,130,274.85,868.67,11.02
4,140.00,131,732.85,215.07,15.26
4,140.00,132,130.04,745.69,5.18
4,140.00,133,596.08,589.28,15.68
4,140.00,134,424.51,505.61,6.72
4,140.00,135,507.27,302.99,19.36
4,140.00,136,971.89,409.01,16.57
4,140.00,137,895.67,519.78,0.00
4,140.00,138,234.52,593.59,8.63
4,140.00,139,466.98,139.32,5.40
4,140.00,140,858.01,835.97,5.16
4,140.00,141,90.98,450.98,10.34
4,140.00,142,443.55,420.65,6.40
4,140.00,143,193.11,643.66,11.35
4,140.00,144,933.41,391.74,0.00
4,140.00,145,674.17,697.58,19.11
4,140.00,146,612.38,684.00,7.90
4,140.00,147,370.73,272.38,12.41
4,140.00,148,134.48,693.27,9.52
4,140.00,149,692.96,601.12,0.00
4,150.00,0,643.62,58.04,7.36
4,150.00,1,325.63,288.93,13.96
4,150.00,2,92.17,181.62,16.41
4,150.00,3,252.28,342.19,6.53
4,150.00,4,359.31,99.00,10.18
4,150.00,5,173.26,709.30,0.00
4,150.00,6,801.35,354.84,18.38
4,150.00,7,805.13,596.25,24.97
4,150.00,8,240.72,67.46,0.00
4,150.00,9,238.97,198.14,11.92
4,150.00,10,609.93,832.43,19.39
4,150.00,11,160.22,183.42,0.00
4,150.00,12,311.47,785.47,7.83
4,150.00,13,495.28,423.62,5.74
4,150.00,14,425.25,322.31,20.10
4,150.00,15,427.10,887.45,13.60
4,150.00,16,210.91,805.24,16.66
4,150.00,17,141.05,808.43,6.03
4,150.00,18,906.04,377.54,12.76
4,150.00,19,254.51,309.45,7.46
4,150.00,20,614.68,456.16,9.85
4,150.00,21,714.50,515.94,13.52
4,150.00,22,160.41,229.04,13.00
4,150.00,23,289.63,444.25,22.55
4,150.00,24,192.26,627.91,17.45
4,150.00,25,303.39,515.37,9.35
4,150.00,26,297.82,844.51,6.51
4,150.00,27,132.68,45.06,8.83
4,150.00,28,151.89,651.03,8.46
4,150.00,29,387.73,719.08,5.00
4,150.00,30,98.69,982.69,9.33
4,150.00,31,199.89,615.15,24.67
4,150.00,32,207.64,367.38,0.00
4,150.00,33,618.10,801.68,8.13
4,150.00,34,557.46,721.76,19.37
4,150.00,35,504.53,383.08,6.18
4,150.00,36,685.02,448.32,0.00
4,150.00,37,602.92,374.37,21.22
4,150.00,38,55.04,494.38,0.00
4,150.00,39,899.49,608.40,6.45
4,150.00,40,751.70,687.89,10.82
4,150.00,41,920.52,280.89,6.75
4,150.00,42,813.22,697.37,7.36
4,150.00,43,171.61,375.36,0.00
4,150.00,44,936.95,459.21,10.71
4,150.00,45,652.31,626.96,24.06
4,150.00,46,666.49,643.56,5.75
4,150.00,47,472.06,863.30,6.00
4,150.00,48,256.44,364.21,11.62
4,150.00,49,598.06,110.38,0.00
4,150.00,50,447.00,396.59,8.17
4,150.00,51,865.45,412.21,5.28
4,150.00,52,689.89,773.74,0.00
4,150.00,53,497.12,293.17,19.03
4,150.00,54,904.66,174.91,13.19
4,150.00,55,747.82,307.79,5.31
4,150.00,56,788.08,457.07,8.04
4,150.00,57,393.08,173.02,9.80
4,150.00,58,374.82,66.86,11.21
4,150.00,59,730.37,645.63,0.00
4,150.00,60,595.06,587.79,22.17
4,150.00,61,979.22,149.93,0.00
4,150.00,62,520.76,413.36,6.83
4,150.00,63,335.68,581.51,6.84
4,150.00,64,432.78,670.58,24.90
4,150.00,65,639.61,321.75,20.52
4,150.00,66,565.29,7.70,0.00
4,150.00,67,121.08,496.38,5.19
4,150.00,68,950.89,309.32,0.00
4,150.00,69,295.51,473.90,0.00
4,150.00,70,983.62,127.26,0.00
4,150.00,71,901.18,393.07,0.00
4,150.00,72,222.91,534.38,14.98
4,150.00,73,120.00,842.09,8.27
4,150.00,74,438.02,638.81,22.93
4,150.00,75,229.30,907.51,7.24
4,150.00,76,885.02,273.33,8.75
4,150.00,77,647.98,391.05,17.74
4,150.00,78,405.29,163.60,20.59
4,150.00,79,868.43,310.17,22.67
4,150.00,80,311.03,387.36,14.61
4,150.00,81,290.31,340.60,9.25
4,150.00,82,923.81,351.71,9.24
4,150.00,83,704.79,952.45,13.73
4,150.00,84,302.73,379.09,14.01
4,150.00,85,564.90,295.50,7.55
4,150.00,86,239.08,350.28,13.91
4,150.00,87,389.11,559.68,5.82
4,150.00,88,343.60,960.49,10.75
4,150.00,89,685.67,771.22,18.23
4,150.00,90,11.33,696.66,11.95
4,150.00,91,592.13,580.20,0.00
4,150.00,92,964.15,110.63,0.00
4,150.00,93,681.43,994.37,18.35
4,150.00,94,741.19,817.21,6.19
4,150.00,95,927.73,67.44,6.19
4,150.00,96,317.23,578.43,8.60
4,150.00,97,641.72,554.13,24.22
4,150.00,98,113.72,623.56,0.00
4,150.00,99,821.43,975.41,0.00
4,150.00,100,603.07,684.10,0.00
4,150.00,101,846.23,284.52,6.28
4,150.00,102,512.65,520.10,5.13
4,150.00,103,326.38,827.35,10.49
4,150.00,104,623.01,211.08,21.69
4,150.00,105,248.18,535.15,11.44
4,150.00,106,547.25,77.75,23.03
4,150.00,107,795.02,341.53,16.43
4,150.00,108,537.97,201.88,15.54
4,150.00,109,848.50,118.86,0.00
4,150.00,110,195.10,603.30,14.74
4,150.00,111,828.74,400.21,11.17
4,150.00,112,147.54,284.28,0.00
4,150.00,113,821.26,450.71,0.00
4,150.00,114,936.21,148.31,0.00
4,150.00,115,314.71,207.76,14.26
4,150.00,116,706.62,899.66,0.00
4,150.00,117,685.43,456.53,5.88
4,150.00,118,204.50,188.95,11.63
4,150.00,119,320.25,405.13,13.78
4,150.00,120,410.38,655.07,10.10
4,150.00,121,842.93,372.20,8.64
4,150.00,122,156.89,325.18,5.03
4,150.00,123,838.98,626.70,14.74
4,150.00,124,706.58,449.88,21.93
4,150.00,125,641.85,950.50,12.15
4,150.00,126,664.67,727.34,5.98
4,150.00,127,177.22,370.52,15.03
4,150.00,128,859.28,232.87,9.18
4,150.00,129,798.87,887.19,5.43
4,150.00,130,193.65,943.18,11.02
4,150.00,131,601.66,137.09,15.26
4,150.00,132,181.32,738.58,5.18
4,150.00,133,688.17,716.21,15.68
4,150.00,134,367.80,469.64,6.72
4,150.00,135,700.77,295.80,19.36
4,150.00,136,842.96,304.85,16.57
4,150.00,137,753.15,629.48,24.70
4,150.00,138,172.74,653.87,8.63
4,150.00,139,517.38,158.80,5.40
4,150.00,140,806.53,832.97,5.16
4,150.00,141,8.66,500.82,0.00
4,150.00,142,399.53,374.22,6.40
4,150.00,143,287.66,580.93,11.35
4,150.00,144,905.03,455.18,15.46
4,150.00,145,831.58,589.23,19.11
4,150.00,146,555.21,738.55,7.90
4,150.00,147,487.03,228.95,12.41
4,150.00,148,95.42,780.13,9.52
4,150.00,149,682.47,610.56,8.70
4,160.00,0,670.30,5.99,0.00
4,160.00,1,200.95,351.69,13.96
4,160.00,2,37.19,66.24,0.00
4,160.00,3,219.38,398.57,6.53
4,160.00,4,258.43,112.77,10.18
4,160.00,5,168.83,766.75,17.27
4,160.00,6,797.69,538.58,18.38
4,160.00,7,641.97,785.22,24.97
4,160.00,8,398.61,193.57,21.10
4,160.00,9,126.06,236.27,11.92
4,160.00,10,416.33,843.55,19.39
4,160.00,11,178.88,187.52,18.95
4,160.00,12,239.26,755.09,7.83
4,160.00,13,526.38,471.81,5.74
4,160.00,14,337.93,403.85,0.00
4,160.00,15,563.03,890.02,13.60
4,160.00,16,145.52,842.50,0.00
4,160.00,17,199.44,823.48,6.03
4,160.00,18,780.48,354.66,12.76
4,160.00,19,193.88,265.98,7.46
4,160.00,20,533.20,511.46,9.85
4,160.00,21,658.73,392.78,13.52
4,160.00,22,276.55,287.37,13.00
4,160.00,23,170.57,523.71,0.00
4,160.00,24,226.57,481.87,0.00
4,160.00,25,370.93,580.09,9.35
4,160.00,26,233.24,852.89,6.51
4,160.00,27,215.48,75.61,8.83
4,160.00,28,76.10,688.70,8.46
4,160.00,29,428.54,748.00,5.00
4,160.00,30,101.34,889.40,9.33
4,160.00,31,384.29,779.02,24.67
4,160.00,32,208.58,410.19,12.96
4,160.00,33,549.63,845.58,8.13
4,160.00,34,603.21,910.03,19.37
4,160.00,35,481.65,440.51,6.18
4,160.00,36,850.01,360.14,22.69
4,160.00,37,623.30,585.63,21.22
4,160.00,38,85.80,474.77,14.93
4,160.00,39,922.26,583.19,0.00
4,160.00,40,745.05,579.92,10.82
4,160.00,41,898.96,216.93,6.75
4,160.00,42,772.19,636.33,7.36
4,160.00,43,228.38,381.80,10.82
4,160.00,44,930.47,431.99,0.00
4,160.00,45,451.78,494.05,24.06
4,160.00,46,641.68,695.41,5.75
4,160.00,47,495.88,808.18,6.00
4,160.00,48,174.10,446.15,11.62
4,160.00,49,653.85,96.90,16.36
4,160.00,50,365.57,403.28,8.17
4,160.00,51,910.08,440.42,5.28
4,160.00,52,509.72,745.75,21.04
4,160.00,53,608.63,447.41,19.03
4,160.00,54,847.49,293.77,13.19
4,160.00,55,753.60,306.81,0.00
4,160.00,56,760.04,405.60,0.00
4,160.00,57,334.98,121.94,0.00
4,160.00,58,340.85,173.71,11.21
4,160.00,59,714.43,648.31,6.48
4,160.00,60,644.63,495.48,0.00
4,160.00,61,958.02,183.89,14.51
4,160.00,62,466.19,372.31,6.83
4,160.00,63,281.58,623.40,6.84
4,160.00,64,467.23,673.95,0.00
4,160.00,65,494.19,466.59,20.52
4,160.00,66,574.75,43.35,22.83
4,160.00,67,95.70,485.76,0.00
4,160.00,68,868.27,409.19,14.82
4,160.00,69,294.61,472.08,14.84
4,160.00,70,975.66,212.06,15.69
4,160.00,71,901.14,393.12,13.47
4,160.00,72,193.55,387.49,14.98
4,160.00,73,98.16,762.35,8.27
4,160.00,74,425.85,666.66,0.00
4,160.00,75,279.71,855.57,7.24
4,160.00,76,965.71,307.22,8.75
4,160.00,77,749.12,245.26,17.74
4,160.00,78,199.40,161.38,20.59
4,160.00,79,835.45,85.90,22.67
4,160.00,80,307.61,533.39,14.61
4,160.00,81,212.46,290.68,9.25
4,160.00,82,967.88,352.39,0.00
4,160.00,83,818.15,959.74,0.00
4,160.00,84,167.08,343.96,14.01
4,160.00,85,612.13,236.55,7.55
4,160.00,86,377.21,366.97,13.91
4,160.00,87,441.41,534.18,5.82
4,160.00,88,404.80,990.20,0.00
4,160.00,89,537.26,665.43,18.23
4,160.00,90,11.12,695.54,0.00
4,160.00,91,593.05,460.97,16.47
4,160.00,92,946.94,142.39,9.21
4,160.00,93,677.66,996.20,0.00
4,160.00,94,681.78,834.43,6.19
4,160.00,95,970.92,23.14,6.19
4,160.00,96,393.85,617.39,8.60
4,160.00,97,469.47,383.90,24.22
4,160.00,98,138.97,572.37,12.99
4,160.00,99,810.49,968.80,13.00
4,160.00,100,598.84,665.11,6.88
4,160.00,101,801.74,328.77,6.28
4,160.00,102,492.93,472.75,5.13
4,160.00,103,383.93,739.63,10.49
4,160.00,104,570.41,134.25,0.00
4,160.00,105,348.43,480.11,11.44
4,160.00,106,551.68,61.16,0.00
4,160.00,107,872.43,196.64,16.43
4,160.00,108,546.16,357.09,15.54
4,160.00,109,839.01,140.70,6.51
4,160.00,110,307.21,699.07,14.74
4,160.00,111,721.72,432.36,11.17
4,160.00,112,162.95,284.66,6.07
4,160.00,113,816.75,453.59,12.45
4,160.00,114,876.13,145.49,7.36
4,160.00,115,178.59,165.28,14.26
4,160.00,116,751.74,807.05,14.81
4,160.00,117,742.34,471.47,5.88
4,160.00,118,275.46,281.06,11.63
4,160.00,119,188.96,363.16,13.78
4,160.00,120,473.69,576.39,10.10
4,160.00,121,870.71,385.73,0.00
4,160.00,122,110.63,345.02,5.03
4,160.00,123,841.94,636.70,0.00
4,160.00,124,730.92,231.98,21.93
4,160.00,125,520.54,943.27,12.15
4,160.00,126,617.32,690.77,5.98
4,160.00,127,228.76,511.72,15.03
4,160.00,128,854.37,194.62,0.00
4,160.00,129,834.65,927.98,5.43
4,160.00,130,167.45,967.23,0.00
4,160.00,131,470.47,59.11,15.26
4,160.00,132,232.61,731.47,5.18
4,160.00,133,749.79,801.14,0.00
4,160.00,134,311.08,433.66,6.72
4,160.00,135,758.11,293.67,0.00
4,160.00,136,714.04,200.68,16.57
4,160.00,137,557.41,780.14,24.70
4,160.00,138,111.17,713.96,0.00
4,160.00,139,567.77,178.28,5.40
4,160.00,140,755.05,829.96,5.16
4,160.00,141,21.79,511.53,24.46
4,160.00,142,355.51,327.78,6.40
4,160.00,143,382.20,518.19,11.35
4,160.00,144,841.90,596.34,15.46
4,160.00,145,972.91,491.95,0.00
4,160.00,146,498.04,793.09,7.90
4,160.00,147,603.33,185.52,12.41
4,160.00,148,76.57,822.06,0.00
4,160.00,149,617.77,668.78,8.70
4,170.00,0,653.36,40.45,18.70
4,170.00,1,80.36,412.40,0.00
4,170.00,2,50.03,77.49,7.73
4,170.00,3,186.48,454.96,6.53
4,170.00,4,157.56,126.55,10.18
4,170.00,5,161.84,857.31,0.00
4,170.00,6,794.04,722.32,18.38
4,170.00,7,478.82,974.19,24.97
4,170.00,8,563.50,325.27,21.10
4,170.00,9,119.23,238.57,0.00
4,170.00,10,222.72,854.66,19.39
4,170.00,11,363.91,228.22,18.95
4,170.00,12,192.93,735.60,0.00
4,170.00,13,557.48,520.01,5.74
4,170.00,14,318.15,357.57,12.40
4,170.00,15,598.54,890.69,0.00
4,170.00,16,172.42,823.20,6.04
4,170.00,17,257.82,838.53,6.03
4,170.00,18,654.92,331.77,12.76
4,170.00,19,133.48,222.67,0.00
4,170.00,20,451.72,566.76,9.85
4,170.00,21,602.95,269.62,13.52
4,170.00,22,392.70,345.71,13.00
4,170.00,23,255.41,518.70,23.27
4,170.00,24,241.51,500.07,16.76
4,170.00,25,438.47,644.81,9.35
4,170.00,26,168.66,861.28,6.51
4,170.00,27,298.28,106.17,8.83
4,170.00,28,48.18,702.57,0.00
4,170.00,29,469.34,776.92,5.00
4,170.00,30,103.99,796.10,9.33
4,170.00,31,551.54,927.66,0.00
4,170.00,32,211.40,539.78,12.96
4,170.00,33,481.15,889.48,8.13
4,170.00,34,617.24,967.76,0.00
4,170.00,35,458.78,497.93,6.18
4,170.00,36,885.21,341.32,0.00
4,170.00,37,639.18,750.22,0.00
4,170.00,38,211.68,394.54,14.93
4,170.00,39,863.72,585.50,12.37
4,170.00,40,738.40,471.95,10.82
4,170.00,41,877.39,152.97,6.75
4,170.00,42,731.16,575.29,7.36
4,170.00,43,335.92,393.99,10.82
4,170.00,44,895.74,454.19,5.58
4,170.00,45,251.24,361.14,24.06
4,170.00,46,616.86,747.27,5.75
4,170.00,47,519.71,753.06,6.00
4,170.00,48,118.64,501.34,0.00
4,170.00,49,812.91,58.46,16.36
4,170.00,50,284.14,409.97,8.17
4,170.00,51,954.71,468.63,5.28
4,170.00,52,301.83,713.46,21.04
4,170.00,53,720.15,601.65,19.03
4,170.00,54,790.32,412.63,13.19
4,170.00,55,672.05,143.77,20.49
4,170.00,56,764.97,382.23,8.80
4,170.00,57,329.79,142.78,10.21
4,170.00,58,306.88,280.55,11.21
4,170.00,59,650.49,659.06,6.48
4,170.00,60,536.56,567.73,24.65
4,170.00,61,881.19,306.95,14.51
4,170.00,62,411.62,331.25,6.83
4,170.00,63,227.47,665.28,6.84
4,170.00,64,404.93,695.38,7.65
4,170.00,65,348.77,611.42,20.52
4,170.00,66,633.31,264.04,22.83
4,170.00,67,135.05,464.37,9.54
4,170.00,68,773.80,523.38,14.82
4,170.00,69,228.92,339.02,14.84
4,170.00,70,960.99,368.31,15.69
4,170.00,71,802.51,484.87,13.47
4,170.00,72,180.84,323.91,0.00
4,170.00,73,88.61,727.52,0.00
4,170.00,74,439.86,589.88,0.00
4,170.00,75,330.13,803.64,7.24
4,170.00,76,983.75,314.81,0.00
4,170.00,77,850.25,99.47,17.74
4,170.00,78,52.93,159.80,0.00
4,170.00,79,831.59,59.65,0.00
4,170.00,80,305.66,616.84,0.00
4,170.00,81,134.62,240.76,9.25
4,170.00,82,949.79,239.80,21.80
4,170.00,83,811.62,954.01,5.03
4,170.00,84,94.72,325.21,0.00
4,170.00,85,659.37,177.59,7.55
4,170.00,86,515.35,383.66,13.91
4,170.00,87,493.70,508.67,5.82
4,170.00,88,447.64,936.16,18.79
4,170.00,89,388.85,559.64,18.23
4,170.00,90,102.95,765.32,11.64
4,170.00,91,594.33,296.24,16.47
4,170.00,92,903.07,223.32,9.21
4,170.00,93,732.38,783.28,0.00
4,170.00,94,622.36,851.65,6.19
4,170.00,95,982.82,10.94,0.00
4,170.00,96,405.20,623.16,0.00
4,170.00,97,453.51,368.13,0.00
4,170.00,98,196.45,455.85,12.99
4,170.00,99,714.01,910.57,0.00
4,170.00,100,583.89,597.94,6.88
4,170.00,101,757.25,373.03,6.28
4,170.00,102,473.20,425.41,5.13
4,170.00,103,418.06,687.62,0.00
4,170.00,104,552.12,215.70,14.63
4,170.00,105,417.01,442.44,0.00
4,170.00,106,510.84,239.07,19.72
4,170.00,107,892.15,159.71,0.00
4,170.00,108,554.35,512.30,15.54
4,170.00,109,813.08,200.37,6.51
4,170.00,110,419.32,794.84,14.74
4,170.00,111,614.70,464.51,11.17
4,170.00,112,223.65,286.13,6.07
4,170.00,113,711.84,520.63,12.45
4,170.00,114,802.65,142.04,7.36
4,170.00,115,127.26,149.26,0.00
4,170.00,116,798.13,711.79,0.00
4,170.00,117,799.25,486.41,5.88
4,170.00,118,346.42,373.17,11.63
4,170.00,119,76.68,327.27,0.00
4,170.00,120,537.01,497.72,10.10
4,170.00,121,742.19,335.59,21.47
4,170.00,122,64.37,364.87,5.03
4,170.00,123,793.53,572.91,8.62
4,170.00,124,750.89,53.28,0.00
4,170.00,125,399.23,936.05,12.15
4,170.00,126,569.98,654.19,5.98
4,170.00,127,280.29,652.93,15.03
4,170.00,128,811.12,276.39,15.95
4,170.00,129,869.81,968.07,0.00
4,170.00,130,328.23,923.36,24.61
4,170.00,131,455.63,50.29,0.00
4,170.00,132,283.89,724.37,5.18
4,170.00,133,810.18,813.37,18.62
4,170.00,134,254.36,397.69,6.72
4,170.00,135,710.31,291.23,6.80
4,170.00,136,625.68,129.28,0.00
4,170.00,137,469.02,848.17,0.00
4,170.00,138,111.41,713.75,9.86
4,170.00,139,607.45,193.62,0.00
4,170.00,140,703.57,826.95,5.16
4,170.00,141,211.27,666.13,24.46
4,170.00,142,311.49,281.34,6.40
4,170.00,143,476.74,455.46,11.35
4,170.00,144,778.76,737.49,15.46
4,170.00,145,960.96,493.78,11.85
4,170.00,146,440.87,847.63,7.90
4,170.00,147,679.31,157.15,0.00
4,170.00,148,74.56,782.04,7.75
4,170.00,149,565.63,715.70,0.00
4,180.00,0,570.86,208.22,18.70
4,180.00,1,83.61,414.56,11.91
4,180.00,2,108.17,128.38,7.73
4,180.00,3,153.58,511.35,6.53
4,180.00,4,88.20,136.02,0.00
4,180.00,5,209.62,806.60,14.70
4,180.00,6,790.38,906.06,18.38
4,180.00,7,463.40,992.06,0.00
4,180.00,8,728.39,456.98,21.10
4,180.00,9,213.03,240.24,9.98
4,180.00,10,196.57,856.16,0.00
4,180.00,11,548.95,268.91,18.95
4,180.00,12,235.44,722.04,12.45
4,180.00,13,588.58,568.20,5.74
4,180.00,14,269.40,243.50,12.40
4,180.00,15,634.05,860.40,6.32
4,180.00,16,221.48,788.00,6.04
4,180.00,17,316.20,853.59,6.03
4,180.00,18,529.37,308.89,12.76
4,180.00,19,133.75,222.71,7.11
4,180.00,20,370.23,622.05,9.85
4,180.00,21,547.17,146.47,13.52
4,180.00,22,508.84,404.04,13.00
4,180.00,23,487.69,504.99,23.27
4,180.00,24,347.84,629.62,16.76
4,180.00,25,506.01,709.52,9.35
4,180.00,26,110.20,868.87,0.00
4,180.00,27,381.08,136.73,8.83
4,180.00,28,98.56,607.55,17.03
4,180.00,29,510.15,805.84,5.00
4,180.00,30,106.64,702.80,9.33
4,180.00,31,546.25,919.27,10.67
4,180.00,32,214.23,669.36,12.96
4,180.00,33,412.67,933.38,8.13
4,180.00,34,560.43,812.37,23.86
4,180.00,35,435.90,555.36,6.18
4,180.00,36,829.27,318.59,7.33
4,180.00,37,648.88,714.83,16.61
4,180.00,38,337.56,314.31,14.93
4,180.00,39,740.08,590.39,12.37
4,180.00,40,731.75,363.98,10.82
4,180.00,41,855.83,89.01,6.75
4,180.00,42,690.13,514.24,7.36
4,180.00,43,443.46,406.19,10.82
4,180.00,44,848.73,484.24,5.58
4,180.00,45,167.70,305.77,0.00
4,180.00,46,592.05,799.12,5.75
4,180.00,47,543.53,697.94,6.00
4,180.00,48,167.06,505.22,14.88
4,180.00,49,958.55,23.27,0.00
4,180.00,50,202.71,416.65,8.17
4,180.00,51,979.94,484.57,0.00
4,180.00,52,112.44,684.05,0.00
4,180.00,53,734.69,621.76,0.00
4,180.00,54,733.15,531.49,13.19
4,180.00,55,623.87,47.45,0.00
4,180.00,56,783.10,296.13,8.80
4,180.00,57,305.13,241.82,10.21
4,180.00,58,272.91,387.40,11.21
4,180.00,59,586.56,669.81,6.48
4,180.00,60,331.64,704.73,24.65
4,180.00,61,804.37,430.01,14.51
4,180.00,62,357.05,290.20,6.83
4,180.00,63,173.36,707.17,6.84
4,180.00,64,332.58,720.27,7.65
4,180.00,65,295.76,664.21,0.00
4,180.00,66,691.87,484.74,22.83
4,180.00,67,218.83,418.83,9.54
4,180.00,68,679.34,637.57,14.82
4,180.00,69,163.24,205.96,14.84
4,180.00,70,946.33,524.56,15.69
4,180.00,71,703.89,576.62,13.47
4,180.00,72,268.01,366.43,17.10
4,180.00,73,77.92,794.46,12.04
4,180.00,74,451.46,511.94,16.24
4,180.00,75,380.54,751.70,7.24
4,180.00,76,940.30,333.88,6.11
4,180.00,77,871.71,68.54,0.00
4,180.00,78,97.68,178.63,16.83
4,180.00,79,787.76,241.57,21.19
4,180.00,80,342.76,670.53,15.23
4,180.00,81,56.77,190.85,9.25
4,180.00,82,943.10,198.11,0.00
4,180.00,83,773.83,920.84,5.03
4,180.00,84,159.54,372.59,17.21
4,180.00,85,706.60,118.64,7.55
4,180.00,86,626.29,397.06,0.00
4,180.00,87,546.00,483.17,5.82
4,180.00,88,483.44,891.00,0.00
4,180.00,89,240.44,453.85,18.23
4,180.00,90,195.66,835.76,11.64
4,180.00,91,595.61,131.51,16.47
4,180.00,92,859.20,304.24,9.21
4,180.00,93,729.30,778.51,10.32
4,180.00,94,562.94,868.88,6.19
4,180.00,95,851.41,117.68,23.36
4,180.00,96,565.09,616.39,18.79
4,180.00,97,335.41,235.44,19.58
4,180.00,98,253.93,339.33,12.99
4,180.00,99,708.47,898.38,10.04
4,180.00,100,568.94,530.76,6.88
4,180.00,101,712.76,417.28,6.28
4,180.00,102,453.48,378.07,5.13
4,180.00,103,437.84,668.44,6.77
4,180.00,104,520.06,358.40,14.63
4,180.00,105,392.81,492.90,17.72
4,180.00,106,466.71,431.30,19.72
4,180.00,107,798.61,291.08,21.64
4,180.00,108,555.16,527.56,0.00
4,180.00,109,787.16,260.03,6.51
4,180.00,110,531.43,890.60,14.74
4,180.00,111,507.68,496.67,11.17
4,180.00,112,284.36,287.60,6.07
4,180.00,113,606.93,587.67,12.45
4,180.00,114,729.17,138.58,7.36
4,180.00,115,209.80,164.05,13.46
4,180.00,116,782.99,698.25,7.14
4,180.00,117,856.16,501.35,5.88
4,180.00,118,417.37,465.28,11.63
4,180.00,119,81.41,334.39,5.91
4,180.00,120,600.33,419.04,10.10
4,180.00,121,542.19,257.55,21.47
4,180.00,122,18.10,384.72,5.03
4,180.00,123,741.42,504.26,8.62
4,180.00,124,756.97,97.67,24.90
4,180.00,125,277.93,928.83,12.15
4,180.00,126,522.64,617.61,5.98
4,180.00,127,331.83,794.14,15.03
4,180.00,128,736.55,417.34,15.95
4,180.00,129,869.04,965.51,15.70
4,180.00,130,565.62,858.58,24.61
4,180.00,131,501.48,39.55,5.31
4,180.00,132,335.17,717.26,5.18
4,180.00,133,974.40,846.66,0.00
4,180.00,134,197.65,361.71,6.72
4,180.00,135,642.38,287.77,6.80
4,180.00,136,618.33,197.21,21.72
4,180.00,137,565.61,771.88,22.44
4,180.00,138,184.27,647.39,9.86
4,180.00,139,561.95,191.73,21.40
4,180.00,140,652.10,823.95,5.16
4,180.00,141,400.76,820.73,24.46
4,180.00,142,267.48,234.91,6.40
4,180.00,143,571.28,392.73,11.35
4,180.00,144,715.62,878.65,15.46
4,180.00,145,843.84,511.72,11.85
4,180.00,146,426.56,861.28,0.00
4,180.00,147,672.75,205.57,14.10
4,180.00,148,70.66,704.68,7.75
4,180.00,149,519.59,713.64,23.74
4,190.00,0,488.36,375.99,18.70
4,190.00,1,182.72,480.58,11.91
4,190.00,2,166.32,179.27,7.73
4,190.00,3,120.68,567.74,6.53
4,190.00,4,108.19,159.14,9.78
4,190.00,5,310.39,699.61,14.70
4,190.00,6,789.93,928.56,0.00
4,190.00,7,427.14,776.16,24.18
4,190.00,8,893.27,588.68,21.10
4,190.00,9,312.86,242.02,9.98
4,190.00,10,158.02,652.66,23.95
4,190.00,11,733.98,309.60,18.95
4,190.00,12,354.01,684.24,12.45
4,190.00,13,619.68,616.40,5.74
4,190.00,14,220.65,129.43,12.40
4,190.00,15,682.12,819.39,6.32
4,190.00,16,270.54,752.81,6.04
4,190.00,17,374.58,868.64,6.03
4,190.00,18,483.86,300.59,0.00
4,190.00,19,204.10,232.70,7.11
4,190.00,20,337.10,644.54,0.00
4,190.00,21,494.99,31.23,0.00
4,190.00,22,624.98,462.38,13.00
4,190.00,23,719.98,491.28,23.27
4,190.00,24,396.70,689.15,0.00
4,190.00,25,573.55,774.24,9.35
4,190.00,26,124.33,870.99,15.09
4,190.00,27,463.88,167.29,8.83
4,190.00,28,178.34,457.11,17.03
4,190.00,29,550.96,834.76,5.00
4,190.00,30,109.29,609.50,9.33
4,190.00,31,489.36,829.01,10.67
4,190.00,32,217.06,798.94,12.96
4,190.00,33,394.51,945.03,0.00
4,190.00,34,478.50,588.26,23.86
4,190.00,35,413.02,612.78,6.18
4,190.00,36,761.37,291.00,7.33
4,190.00,37,692.77,554.62,16.61
4,190.00,38,463.44,234.08,14.93
4,190.00,39,616.44,595.28,12.37
4,190.00,40,725.10,256.01,10.82
4,190.00,41,849.14,69.16,0.00
4,190.00,42,649.10,453.20,7.36
4,190.00,43,550.99,418.38,10.82
4,190.00,44,801.72,514.29,5.58
4,190.00,45,209.79,352.55,10.79
4,190.00,46,571.25,842.59,0.00
4,190.00,47,567.36,642.82,6.00
4,190.00,48,315.37,517.11,14.88
4,190.00,49,946.60,24.05,14.21
4,190.00,50,171.67,419.20,0.00
4,190.00,51,934.55,455.35,12.41
4,190.00,52,114.85,673.53,12.12
4,190.00,53,675.21,645.68,7.37
4,190.00,54,684.67,632.28,0.00
4,190.00,55,614.23,72.76,5.71
4,190.00,56,801.23,210.04,8.80
4,190.00,57,280.47,340.86,10.21
4,190.00,58,238.94,494.25,11.21
4,190.00,59,522.63,680.56,6.48
4,190.00,60,309.43,719.58,0.00
4,190.00,61,727.54,553.07,14.51
4,190.00,62,302.49,249.14,6.83
4,190.00,63,119.26,749.06,6.84
4,190.00,64,260.22,745.16,7.65
4,190.00,65,339.94,648.52,7.38
4,190.00,66,750.43,705.44,22.83
4,190.00,67,302.61,373.28,9.54
4,190.00,68,584.87,751.76,14.82
4,190.00,69,97.55,72.89,14.84
4,190.00,70,931.66,680.81,15.69
4,190.00,71,605.27,668.38,13.47
4,190.00,72,421.71,441.41,17.10
4,190.00,73,58.94,913.34,12.04
4,190.00,74,475.37,351.34,16.24
4,190.00,75,430.96,699.77,7.24
4,190.00,76,884.33,358.46,6.11
4,190.00,77,834.13,178.41,14.74
4,190.00,78,252.78,243.91,16.83
4,190.00,79,738.12,447.61,21.19
4,190.00,80,425.55,790.38,0.00
4,190.00,81,56.75,190.83,0.00
4,190.00,82,812.08,327.46,22.84
4,190.00,83,736.04,887.67,5.03
4,190.00,84,298.46,474.13,17.21
4,190.00,85,718.40,103.92,0.00
4,190.00,86,624.21,380.55,8.45
4,190.00,87,598.30,457.67,5.82
4,190.00,88,375.36,801.80,20.21
4,190.00,89,92.03,348.07,18.23
4,190.00,90,288.37,906.20,11.64
4,190.00,91,595.99,82.34,0.00
4,190.00,92,815.33,385.17,9.21
4,190.00,93,673.31,691.82,10.32
4,190.00,94,503.53,886.10,6.19
4,190.00,95,670.06,264.99,23.36
4,190.00,96,752.79,608.43,18.79
4,190.00,97,205.25,89.20,19.58
4,190.00,98,311.41,222.81,12.99
4,190.00,99,666.90,807.00,10.04
4,190.00,100,553.99,463.59,6.88
4,190.00,101,668.28,461.54,6.28
4,190.00,102,433.75,330.72,5.13
4,190.00,103,486.44,621.32,6.77
4,190.00,104,488.01,501.11,14.63
4,190.00,105,316.19,652.67,17.72
4,190.00,106,422.59,623.54,19.72
4,190.00,107,673.06,467.40,21.64
4,190.00,108,468.68,454.70,12.54
4,190.00,109,761.24,319.70,6.51
4,190.00,110,643.55,986.37,14.74
4,190.00,111,461.69,510.49,0.00
4,190.00,112,345.07,289.08,6.07
4,190.00,113,502.02,654.72,12.45
4,190.00,114,655.69,135.13,7.36
4,190.00,115,342.30,187.79,13.46
4,190.00,116,729.75,650.63,7.14
4,190.00,117,913.07,516.29,5.88
4,190.00,118,419.87,468.53,0.00
4,190.00,119,114.09,383.58,5.91
4,190.00,120,663.64,340.36,10.10
4,190.00,121,397.23,200.99,0.00
4,190.00,122,13.70,386.61,0.00
4,190.00,123,689.32,435.62,8.62
4,190.00,124,774.37,224.61,0.00
4,190.00,125,184.13,923.24,0.00
4,190.00,126,475.29,581.03,5.98
4,190.00,127,335.13,803.18,0.00
4,190.00,128,728.77,432.03,0.00
4,190.00,129,823.47,815.23,15.70
4,190.00,130,803.01,793.80,24.61
4,190.00,131,506.21,38.45,0.00
4,190.00,132,386.45,710.16,5.18
4,190.00,133,963.57,847.71,10.87
4,190.00,134,140.93,325.74,6.72
4,190.00,135,574.44,284.31,6.80
4,190.00,136,594.99,413.12,21.72
4,190.00,137,609.08,737.54,0.00
4,190.00,138,257.14,581.02,9.86
4,190.00,139,348.09,182.86,21.40
4,190.00,140,600.62,820.94,5.16
4,190.00,141,511.97,911.47,0.00
4,190.00,142,223.46,188.47,6.40
4,190.00,143,665.82,330.00,11.35
4,190.00,144,672.84,974.29,0.00
4,190.00,145,726.72,529.66,11.85
4,190.00,146,468.60,789.94,11.04
4,190.00,147,653.81,345.25,14.10
4,190.00,148,66.76,627.32,7.75
4,190.00,149,282.45,703.02,23.74
4,200.00,0,405.86,543.76,18.70
4,200.00,1,281.82,546.59,11.91
4,200.00,2,224.46,230.16,7.73
4,200.00,3,112.43,581.88,0.00
4,200.00,4,172.18,233.14,9.78
4,200.00,5,411.17,592.63,14.70
4,200.00,6,636.37,783.79,24.05
4,200.00,7,423.75,755.98,0.00
4,200.00,8,900.57,594.50,0.00
4,200.00,9,383.06,243.27,0.00
4,200.00,10,121.29,458.79,0.00
4,200.00,11,915.26,349.47,0.00
4,200.00,12,472.59,646.44,12.45
4,200.00,13,650.78,664.60,5.74
4,200.00,14,185.06,46.14,0.00
4,200.00,15,730.19,778.38,6.32
4,200.00,16,319.60,717.61,6.04
4,200.00,17,432.96,883.69,6.03
4,200.00,18,575.27,286.38,14.51
4,200.00,19,274.45,242.70,7.11
4,200.00,20,270.70,543.27,20.41
4,200.00,21,491.61,37.64,11.27
4,200.00,22,741.13,520.72,13.00
4,200.00,23,872.35,482.29,0.00
4,200.00,24,350.99,632.45,13.47
4,200.00,25,641.09,838.96,9.35
4,200.00,26,273.53,893.38,15.09
4,200.00,27,546.68,197.84,8.83
4,200.00,28,258.11,306.66,17.03
4,200.00,29,591.76,863.68,5.00
4,200.00,30,111.94,516.20,9.33
4,200.00,31,432.47,738.75,10.67
4,200.00,32,219.89,928.53,12.96
4,200.00,33,522.74,955.81,17.51
4,200.00,34,396.56,364.16,23.86
4,200.00,35,390.14,670.21,6.18
4,200.00,36,693.48,263.42,7.33
4,200.00,37,724.95,437.12,0.00
4,200.00,38,582.11,158.43,0.00
4,200.00,39,492.80,600.17,12.37
4,200.00,40,718.45,148.04,10.82
4,200.00,41,758.42,111.07,14.49
4,200.00,42,608.07,392.15,7.36
4,200.00,43,658.53,430.58,10.82
4,200.00,44,754.71,544.34,5.58
4,200.00,45,281.92,432.74,10.79
4,200.00,46,546.04,811.45,24.77
4,200.00,47,591.18,587.70,6.00
4,200.00,48,463.67,529.00,14.88
4,200.00,49,804.80,33.40,14.21
4,200.00,50,219.05,443.20,8.58
4,200.00,51,830.17,388.15,12.41
4,200.00,52,141.87,555.41,12.12
4,200.00,53,606.81,673.18,7.37
4,200.00,54,686.38,660.54,18.63
4,200.00,55,593.92,126.09,5.71
4,200.00,56,818.99,125.72,0.00
4,200.00,57,255.81,439.90,10.21
4,200.00,58,204.97,601.10,11.21
4,200.00,59,458.69,691.31,6.48
4,200.00,60,334.54,641.90,9.16
4,200.00,61,650.71,676.13,14.51
4,200.00,62,247.92,208.09,6.83
4,200.00,63,65.15,790.95,6.84
4,200.00,64,187.87,770.05,7.65
4,200.00,65,409.46,623.83,7.38
4,200.00,66,808.98,926.14,22.83
4,200.00,67,386.39,327.74,9.54
4,200.00,68,505.62,847.56,0.00
4,200.00,69,81.01,39.39,0.00
4,200.00,70,917.00,837.06,15.69
4,200.00,71,550.27,719.55,0.00
4,200.00,72,575.41,516.38,17.10
4,200.00,73,58.10,918.58,0.00
4,200.00,74,499.28,190.73,16.24
4,200.00,75,481.37,647.83,7.24
4,200.00,76,828.37,383.03,6.11
4,200.00,77,786.44,317.86,14.74
4,200.00,78,407.88,309.19,16.83
4,200.00,79,688.48,653.65,21.19
4,200.00,80,417.65,784.98,22.05
4,200.00,81,132.39,345.10,17.19
4,200.00,82,649.57,487.89,22.84
4,200.00,83,698.25,854.50,5.03
4,200.00,84,437.38,575.67,17.21
4,200.00,85,665.22,95.48,7.18
4,200.00,86,613.63,296.67,8.45
4,200.00,87,650.60,432.17,5.82
4,200.00,88,219.46,673.14,20.21
4,200.00,89,61.03,325.97,0.00
4,200.00,90,381.07,976.65,11.64
4,200.00,91,592.87,132.57,7.17
4,200.00,92,771.46,466.10,9.21
4,200.00,93,617.32,605.14,10.32
4,200.00,94,444.11,903.33,6.19
4,200.00,95,488.72,412.29,23.36
4,200.00,96,820.44,605.57,0.00
4,200.00,97,194.75,77.41,0.00
4,200.00,98,364.55,115.09,0.00
4,200.00,99,625.33,715.63,10.04
4,200.00,100,539.03,396.41,6.88
4,200.00,101,623.79,505.79,6.28
4,200.00,102,414.02,283.38,5.13
4,200.00,103,535.04,574.19,6.77
4,200.00,104,487.36,504.01,0.00
4,200.00,105,307.63,670.52,0.00
4,200.00,106,405.27,698.95,0.00
4,200.00,107,606.32,561.13,0.00
4,200.00,108,372.77,373.90,12.54
4,200.00,109,735.31,379.37,6.51
4,200.00,110,643.99,986.74,0.00
4,200.00,111,534.42,537.46,13.60
4,200.00,112,405.77,290.55,6.07
4,200.00,113,397.11,721.76,12.45
4,200.00,114,582.21,131.68,7.36
4,200.00,115,474.81,211.52,13.46
4,200.00,116,676.50,603.01,7.14
4,200.00,117,924.31,519.24,0.00
4,200.00,118,519.95,524.91,11.91
4,200.00,119,146.78,432.77,5.91
4,200.00,120,726.96,261.68,10.10
4,200.00,121,403.78,220.60,7.51
4,200.00,122,187.31,530.96,24.95
4,200.00,123,637.22,366.97,8.62
4,200.00,124,714.48,292.98,18.72
4,200.00,125,194.22,911.62,6.79
4,200.00,126,427.95,544.45,5.98
4,200.00,127,463.60,772.51,14.11
4,200.00,128,574.97,426.12,17.18
4,200.00,129,777.90,664.94,15.70
4,200.00,130,934.98,757.79,0.00
4,200.00,131,477.77,212.12,19.37
4,200.00,132,437.73,703.05,5.18
4,200.00,133,855.35,858.24,10.87
4,200.00,134,118.82,311.71,0.00
4,200.00,135,506.51,280.84,6.80
4,200.00,136,571.65,629.02,21.72
4,200.00,137,477.96,642.82,21.48
4,200.00,138,330.01,514.66,9.86
4,200.00,139,134.24,173.98,21.40
4,200.00,140,549.14,817.94,5.16
4,200.00,141,522.55,848.94,15.35
4,200.00,142,182.82,145.60,0.00
4,200.00,143,760.36,267.27,11.35
4,200.00,144,713.12,923.26,20.17
4,200.00,145,609.60,547.59,11.85
4,200.00,146,524.66,694.80,11.04
4,200.00,147,634.88,484.93,14.10
4,200.00,148,62.87,549.96,7.75
4,200.00,149,232.87,700.80,0.00
4,210.00,0,323.36,711.53,18.70
4,210.00,1,380.93,612.61,11.91
4,210.00,2,282.60,281.05,7.73
4,210.00,3,149.71,512.97,10.46
4,210.00,4,236.17,307.14,9.78
4,210.00,5,511.95,485.64,14.70
4,210.00,6,461.37,618.82,24.05
4,210.00,7,334.07,654.05,14.83
4,210.00,8,830.79,539.36,9.30
4,210.00,9,394.49,254.15,5.32
4,210.00,10,136.15,451.15,9.50
4,210.00,11,911.30,346.68,23.84
4,210.00,12,591.16,608.63,12.45
4,210.00,13,681.88,712.79,5.74
4,210.00,14,194.15,63.42,7.23
4,210.00,15,778.25,737.37,6.32
4,210.00,16,368.66,682.42,6.04
4,210.00,17,491.35,898.74,6.03
4,210.00,18,718.62,264.08,14.51
4,210.00,19,344.80,252.69,7.11
4,210.00,20,158.78,372.58,20.41
4,210.00,21,439.12,137.33,11.27
4,210.00,22,856.76,578.79,0.00
4,210.00,23,854.03,480.91,5.34
4,210.00,24,266.43,527.54,13.47
4,210.00,25,708.63,903.68,9.35
4,210.00,26,422.72,915.77,15.09
4,210.00,27,594.32,215.42,0.00
4,210.00,28,293.57,239.78,0.00
4,210.00,29,632.57,892.61,5.00
4,210.00,30,114.59,422.90,9.33
4,210.00,31,375.58,648.50,10.67
4,210.00,32,221.23,989.88,0.00
4,210.00,33,697.25,970.48,17.51
4,210.00,34,381.63,323.32,0.00
4,210.00,35,367.26,727.63,6.18
4,210.00,36,625.58,235.83,7.33
4,210.00,37,686.06,455.22,16.09
4,210.00,38,577.13,170.14,22.24
4,210.00,39,369.17,605.06,12.37
4,210.00,40,716.50,116.38,0.00
4,210.00,41,626.90,171.84,14.49
4,210.00,42,567.04,331.11,7.36
4,210.00,43,766.06,442.77,10.82
4,210.00,44,707.70,574.40,5.58
4,210.00,45,354.05,512.92,10.79
4,210.00,46,390.16,618.93,24.77
4,210.00,47,615.00,532.58,6.00
4,210.00,48,611.98,540.89,14.88
4,210.00,49,663.00,42.74,14.21
4,210.00,50,295.61,481.98,8.58
4,210.00,51,725.80,320.94,12.41
4,210.00,52,168.90,437.28,12.12
4,210.00,53,538.41,700.68,7.37
4,210.00,54,697.58,846.45,18.63
4,210.00,55,573.61,179.43,5.71
4,210.00,56,815.90,126.67,15.66
4,210.00,57,231.14,538.95,10.21
4,210.00,58,171.00,707.94,11.21
4,210.00,59,394.76,702.06,6.48
4,210.00,60,362.70,554.77,9.16
4,210.00,61,573.88,799.19,14.51
4,210.00,62,193.35,167.03,6.83
4,210.00,63,47.18,804.86,0.00
4,210.00,64,115.51,794.94,7.65
4,210.00,65,478.97,599.14,7.38
4,210.00,66,813.67,943.78,0.00
4,210.00,67,469.00,282.84,0.00
4,210.00,68,502.40,839.44,5.43
4,210.00,69,174.81,107.70,15.51
4,210.00,70,907.07,942.87,0.00
4,210.00,71,496.88,747.78,13.65
4,210.00,72,729.11,591.35,17.10
4,210.00,73,216.09,760.99,23.34
4,210.00,74,514.58,87.96,0.00
4,210.00,75,531.79,595.90,7.24
4,210.00,76,772.40,407.60,6.11
4,210.00,77,738.75,457.31,14.74
4,210.00,78,562.97,374.47,16.83
4,210.00,79,638.84,859.69,21.19
4,210.00,80,235.57,660.60,22.05
4,210.00,81,208.07,499.42,17.19
4,210.00,82,487.07,648.33,22.84
4,210.00,83,660.46,821.33,5.03
4,210.00,84,468.92,598.72,0.00
4,210.00,85,594.34,84.24,7.18
4,210.00,86,603.06,212.79,8.45
4,210.00,87,702.89,406.66,5.82
4,210.00,88,128.03,597.69,0.00
4,210.00,89,96.85,375.10,7.69
4,210.00,90,397.25,988.94,0.00
4,210.00,91,588.43,204.16,7.17
4,210.00,92,727.59,547.02,9.21
4,210.00,93,583.88,553.36,0.00
4,210.00,94,384.69,920.55,6.19
4,210.00,95,307.37,559.59,23.36
4,210.00,96,783.88,588.84,6.29
4,210.00,97,271.72,216.15,0.00
4,210.00,98,370.46,129.08,20.12
4,210.00,99,583.77,624.25,10.04
4,210.00,100,524.08,329.24,6.88
4,210.00,101,579.30,550.04,6.28
4,210.00,102,394.30,236.03,5.13
4,210.00,103,583.64,527.07,6.77
4,210.00,104,460.28,608.61,11.03
4,210.00,105,353.42,576.28,11.80
4,210.00,106,465.68,577.39,22.34
4,210.00,107,721.77,580.40,24.99
4,210.00,108,276.87,293.09,12.54
4,210.00,109,709.39,439.04,6.51
4,210.00,110,620.23,857.27,13.22
4,210.00,111,661.95,584.78,13.60
4,210.00,112,466.48,292.02,6.07
4,210.00,113,292.20,788.80,12.45
4,210.00,114,508.73,128.23,7.36
4,210.00,115,607.32,235.26,13.46
4,210.00,116,623.25,555.39,7.14
4,210.00,117,744.16,573.23,23.44
4,210.00,118,545.04,539.05,0.00
4,210.00,119,179.46,481.96,5.91
4,210.00,120,790.28,183.01,10.10
4,210.00,121,427.62,291.87,7.51
4,210.00,122,379.20,690.50,24.95
4,210.00,123,585.11,298.33,8.62
4,210.00,124,591.12,433.81,18.72
4,210.00,125,238.71,860.34,6.79
4,210.00,126,380.61,507.87,5.98
4,210.00,127,600.86,739.74,14.11
4,210.00,128,403.27,419.52,17.18
4,210.00,129,732.33,514.66,15.70
4,210.00,130,868.40,784.49,16.16
4,210.00,131,446.46,403.29,19.37
4,210.00,132,489.01,695.94,5.18
4,210.00,133,747.13,868.77,10.87
4,210.00,134,209.45,258.46,17.23
4,210.00,135,438.58,277.38,6.80
4,210.00,136,548.31,844.92,21.72
4,210.00,137,303.86,517.04,21.48
4,210.00,138,402.88,448.30,9.86
4,210.00,139,4.57,168.60,0.00
4,210.00,140,497.67,814.93,5.16
4,210.00,141,548.15,697.56,15.35
4,210.00,142,182.27,150.25,6.09
4,210.00,143,854.90,204.53,11.35
4,210.00,144,838.04,764.95,20.17
4,210.00,145,492.48,565.53,11.85
4,210.00,146,580.73,599.66,11.04
4,210.00,147,623.58,568.24,0.00
4,210.00,148,58.97,472.60,7.75
4,210.00,149,239.97,657.26,5.58
4,220.00,0,286.76,785.96,0.00
4,220.00,1,480.03,678.63,11.91
4,220.00,2,288.08,285.84,0.00
4,220.00,3,199.46,420.99,10.46
4,220.00,4,300.16,381.14,9.78
4,220.00,5,612.72,378.66,14.70
4,220.00,6,286.38,453.86,24.05
4,220.00,7,236.11,542.69,14.83
4,220.00,8,757.79,481.67,9.30
4,220.00,9,432.99,290.84,5.32
4,220.00,10,220.63,407.71,9.50
4,220.00,11,716.35,209.49,23.84
4,220.00,12,709.74,570.83,12.45
4,220.00,13,712.98,760.99,5.74
4,220.00,14,227.83,127.44,7.23
4,220.00,15,826.32,696.37,6.32
4,220.00,16,417.72,647.22,6.04
4,220.00,17,515.05,904.85,0.00
4,220.00,18,774.66,255.36,0.00
4,220.00,19,415.15,262.69,7.11
4,220.00,20,59.97,221.88,0.00
4,220.00,21,386.64,237.01,11.27
4,220.00,22,856.14,579.10,15.71
4,220.00,23,800.77,476.89,5.34
4,220.00,24,181.86,422.64,13.47
4,220.00,25,740.04,933.78,0.00
4,220.00,26,571.91,938.16,15.09
4,220.00,27,535.27,190.10,15.13
4,220.00,28,284.45,280.55,7.52
4,220.00,29,673.38,921.53,5.00
4,220.00,30,117.24,329.60,9.33
4,220.00,31,318.69,558.24,10.67
4,220.00,32,222.19,898.60,17.34
4,220.00,33,742.95,974.32,0.00
4,220.00,34,427.28,357.20,6.95
4,220.00,35,344.39,785.06,6.18
4,220.00,36,570.14,213.31,0.00
4,220.00,37,540.20,523.10,16.09
4,220.00,38,490.07,374.83,22.24
4,220.00,39,332.54,606.51,0.00
4,220.00,40,689.23,241.32,18.10
4,220.00,41,495.38,232.60,14.49
4,220.00,42,559.38,319.70,0.00
4,220.00,43,873.60,454.96,10.82
4,220.00,44,660.69,604.45,5.58
4,220.00,45,426.18,593.10,10.79
4,220.00,46,234.28,426.40,24.77
4,220.00,47,638.83,477.46,6.00
4,220.00,48,733.73,550.65,0.00
4,220.00,49,521.20,52.08,14.21
4,220.00,50,372.17,520.76,8.58
4,220.00,51,621.42,253.74,12.41
4,220.00,52,195.92,319.15,12.12
4,220.00,53,470.01,728.18,7.37
4,220.00,54,699.04,870.69,0.00
4,220.00,55,553.30,232.77,5.71
4,220.00,56,666.28,172.96,15.66
4,220.00,57,218.24,590.77,0.00
4,220.00,58,137.03,814.79,11.21
4,220.00,59,330.82,712.81,6.48
4,220.00,60,390.86,467.65,9.16
4,220.00,61,497.06,922.24,14.51
4,220.00,62,138.78,125.97,6.83
4,220.00,63,211.58,821.43,24.74
4,220.00,64,43.15,819.83,7.65
4,220.00,65,548.49,574.45,7.38
4,220.00,66,794.73,876.23,7.63
4,220.00,67,470.08,284.64,15.03
4,220.00,68,482.37,788.98,5.43
4,220.00,69,300.17,198.99,15.51
4,220.00,70,896.30,928.15,5.65
4,220.00,71,376.17,811.60,13.65
4,220.00,72,882.81,666.33,17.10
4,220.00,73,381.36,596.12,23.34
4,220.00,74,471.97,142.97,19.32
4,220.00,75,582.20,543.96,7.24
4,220.00,76,716.44,432.18,6.11
4,220.00,77,691.05,596.76,14.74
4,220.00,78,718.07,439.75,16.83
4,220.00,79,615.59,956.20,0.00
4,220.00,80,157.97,607.58,0.00
4,220.00,81,283.74,653.73,17.19
4,220.00,82,324.56,808.76,22.84
4,220.00,83,622.67,788.16,5.03
4,220.00,84,424.57,672.67,11.15
4,220.00,85,580.79,82.09,0.00
4,220.00,86,597.95,172.28,0.00
4,220.00,87,755.19,381.16,5.82
4,220.00,88,166.29,578.61,10.34
4,220.00,89,142.14,437.21,7.69
4,220.00,90,428.91,961.80,5.05
4,220.00,91,583.99,275.75,7.17
4,220.00,92,683.72,627.95,9.21
4,220.00,93,579.68,477.33,18.91
4,220.00,94,325.43,937.73,0.00
4,220.00,95,126.03,706.90,23.36
4,220.00,96,726.72,562.69,6.29
4,220.00,97,304.99,204.06,14.96
4,220.00,98,448.70,314.44,20.12
4,220.00,99,542.20,532.87,10.04
4,220.00,100,509.13,262.06,6.88
4,220.00,101,534.81,594.30,6.28
4,220.00,102,374.57,188.69,5.13
4,220.00,103,632.24,479.94,6.77
4,220.00,104,432.65,715.38,11.03
4,220.00,105,384.87,511.53,0.00
4,220.00,106,565.08,377.35,22.34
4,220.00,107,792.55,592.22,0.00
4,220.00,108,180.96,212.29,12.54
4,220.00,109,683.47,498.71,6.51
4,220.00,110,596.38,727.28,13.22
4,220.00,111,789.48,632.09,13.60
4,220.00,112,527.18,293.49,6.07
4,220.00,113,202.26,846.28,0.00
4,220.00,114,435.25,124.77,7.36
4,220.00,115,734.01,257.96,0.00
4,220.00,116,570.01,507.77,7.14
4,220.00,117,519.68,640.51,23.44
4,220.00,118,480.19,605.69,12.27
4,220.00,119,212.14,531.15,5.91
4,220.00,120,853.59,104.33,10.10
4,220.00,121,451.45,363.14,7.51
4,220.00,122,422.21,726.26,0.00
4,220.00,123,533.01,229.68,8.62
4,220.00,124,467.76,574.64,18.72
4,220.00,125,283.20,809.06,6.79
4,220.00,126,333.26,471.29,5.98
4,220.00,127,738.12,706.98,14.11
4,220.00,128,231.57,412.92,17.18
4,220.00,129,686.76,364.38,15.70
4,220.00,130,718.45,844.62,16.16
4,220.00,131,432.09,491.06,0.00
4,220.00,132,540.29,688.84,5.18
4,220.00,133,638.90,879.30,10.87
4,220.00,134,357.99,171.19,17.23
4,220.00,135,372.41,274.01,0.00
4,220.00,136,546.94,857.62,0.00
4,220.00,137,135.58,395.47,0.00
4,220.00,138,436.86,417.35,0.00
4,220.00,139,16.70,204.22,9.56
4,220.00,140,446.19,811.92,5.16
4,220.00,141,573.76,546.18,15.35
4,220.00,142,175.02,210.75,6.09
4,220.00,143,894.82,178.04,0.00
4,220.00,144,906.12,678.69,0.00
4,220.00,145,375.36,583.47,11.85
4,220.00,146,636.79,504.52,11.04
4,220.00,147,683.51,511.42,20.47
4,220.00,148,55.07,395.23,7.75
4,220.00,149,248.95,602.20,5.58
4,230.00,0,352.86,772.26,12.13
4,230.00,1,553.60,727.63,0.00
4,230.00,2,245.71,182.97,12.28
4,230.00,3,248.51,330.33,0.00
4,230.00,4,364.16,455.14,9.78
4,230.00,5,713.50,271.68,14.70
4,230.00,6,136.10,312.20,0.00
4,230.00,7,227.77,533.22,0.00
4,230.00,8,696.18,432.98,0.00
4,230.00,9,471.49,327.53,5.32
4,230.00,10,305.10,364.27,9.50
4,230.00,11,666.38,174.33,0.00
4,230.00,12,828.31,533.03,12.45
4,230.00,13,744.09,809.18,5.74
4,230.00,14,261.51,191.46,7.23
4,230.00,15,874.39,655.36,6.32
4,230.00,16,466.78,612.03,6.04
4,230.00,17,584.56,907.76,11.71
4,230.00,18,793.77,348.93,15.68
4,230.00,19,485.51,272.68,7.11
4,230.00,20,83.39,231.69,21.68
4,230.00,21,334.15,336.70,11.27
4,230.00,22,715.63,649.48,15.71
4,230.00,23,747.51,472.86,5.34
4,230.00,24,97.30,317.74,13.47
4,230.00,25,722.85,864.25,13.39
4,230.00,26,721.10,960.55,15.09
4,230.00,27,396.21,130.45,15.13
4,230.00,28,268.01,353.96,7.52
4,230.00,29,714.18,950.45,5.00
4,230.00,30,119.89,236.30,9.33
4,230.00,31,284.51,504.00,0.00
4,230.00,32,224.02,725.22,17.34
4,230.00,33,625.57,947.09,16.32
4,230.00,34,483.10,398.62,6.95
4,230.00,35,337.07,803.43,0.00
4,230.00,36,584.61,240.53,16.80
4,230.00,37,394.34,590.97,16.09
4,230.00,38,418.34,543.48,0.00
4,230.00,39,411.72,647.24,12.65
4,230.00,40,650.64,418.11,18.10
4,230.00,41,481.63,238.95,0.00
4,230.00,42,707.52,436.57,23.21
4,230.00,43,941.41,462.65,0.00
4,230.00,44,613.68,634.50,5.58
4,230.00,45,498.31,673.29,10.79
4,230.00,46,78.39,233.88,24.77
4,230.00,47,662.65,422.34,6.00
4,230.00,48,724.50,552.11,5.22
4,230.00,49,379.40,61.42,14.21
4,230.00,50,448.73,559.54,8.58
4,230.00,51,517.04,186.53,12.41
4,230.00,52,216.23,230.37,0.00
4,230.00,53,401.61,755.68,7.37
4,230.00,54,658.43,820.51,7.42
4,230.00,55,533.00,286.11,5.71
4,230.00,56,516.66,219.24,15.66
4,230.00,57,249.08,577.19,7.07
4,230.00,58,103.06,921.64,11.21
4,230.00,59,266.89,723.56,6.48
4,230.00,60,419.03,380.53,9.16
4,230.00,61,460.18,981.31,0.00
4,230.00,62,84.22,84.92,6.83
4,230.00,63,457.71,846.25,24.74
4,230.00,64,2.38,833.86,0.00
4,230.00,65,618.00,549.76,7.38
4,230.00,66,774.15,802.81,7.63
4,230.00,67,547.23,413.67,15.03
4,230.00,68,462.35,738.53,5.43
4,230.00,69,425.53,290.29,15.51
4,230.00,70,862.93,882.56,5.65
4,230.00,71,255.47,875.42,13.65
4,230.00,72,935.05,691.81,0.00
4,230.00,73,519.84,457.98,0.00
4,230.00,74,353.68,295.69,19.32
4,230.00,75,632.62,492.03,7.24
4,230.00,76,660.47,456.75,6.11
4,230.00,77,643.36,736.21,14.74
4,230.00,78,838.04,490.24,0.00
4,230.00,79,600.64,875.51,15.44
4,230.00,80,265.96,560.19,20.55
4,230.00,81,359.42,808.05,17.19
4,230.00,82,172.67,958.71,0.00
4,230.00,83,584.88,754.99,5.03
4,230.00,84,367.20,768.34,11.15
4,230.00,85,464.98,93.40,14.39
4,230.00,86,569.03,271.02,19.90
4,230.00,87,777.08,370.49,0.00
4,230.00,88,258.79,532.48,10.34
4,230.00,89,187.42,499.32,7.69
4,230.00,90,467.27,928.92,5.05
4,230.00,91,579.55,347.34,7.17
4,230.00,92,639.85,708.88,9.21
4,230.00,93,569.26,288.49,18.91
4,230.00,94,325.88,937.59,18.68
4,230.00,95,5.54,804.76,0.00
4,230.00,96,669.56,536.54,6.29
4,230.00,97,434.71,156.94,0.00
4,230.00,98,526.94,499.80,20.12
4,230.00,99,537.46,522.45,0.00
4,230.00,100,494.18,194.88,6.88
4,230.00,101,490.32,638.55,6.28
4,230.00,102,354.85,141.34,5.13
4,230.00,103,680.84,432.82,6.77
4,230.00,104,418.31,770.77,0.00
4,230.00,105,334.70,468.18,17.01
4,230.00,106,652.59,201.23,0.00
4,230.00,107,694.54,522.85,16.84
4,230.00,108,152.75,188.52,0.00
4,230.00,109,657.54,558.37,6.51
4,230.00,110,572.53,597.30,13.22
4,230.00,111,917.02,679.40,13.60
4,230.00,112,587.89,294.97,6.07
4,230.00,113,224.71,836.55,17.15
4,230.00,114,415.80,123.86,0.00
4,230.00,115,728.13,262.99,17.64
4,230.00,116,528.76,470.88,0.00
4,230.00,117,295.19,707.79,23.44
4,230.00,118,394.64,693.59,12.27
4,230.00,119,244.82,580.33,5.91
4,230.00,120,899.20,47.66,0.00
4,230.00,121,475.28,434.40,7.51
4,230.00,122,420.71,678.04,6.22
4,230.00,123,480.91,161.03,8.62
4,230.00,124,373.57,682.17,0.00
4,230.00,125,327.69,757.79,6.79
4,230.00,126,302.59,447.59,0.00
4,230.00,127,861.78,677.46,0.00
4,230.00,128,139.11,409.36,0.00
4,230.00,129,641.19,214.10,15.70
4,230.00,130,568.50,904.75,16.16
4,230.00,131,554.12,542.41,24.48
4,230.00,132,591.58,681.73,5.18
4,230.00,133,530.68,889.83,10.87
4,230.00,134,506.52,83.93,17.23
4,230.00,135,373.16,277.55,13.94
4,230.00,136,525.99,821.01,0.00
4,230.00,137,142.24,393.98,20.42
4,230.00,138,395.67,479.84,14.03
4,230.00,139,47.54,294.71,9.56
4,230.00,140,394.71,808.92,5.16
4,230.00,141,599.36,394.81,15.35
4,230.00,142,167.77,271.24,6.09
4,230.00,143,770.74,219.29,22.63
4,230.00,144,878.36,687.16,6.38
4,230.00,145,258.23,601.41,11.85
4,230.00,146,692.86,409.38,11.04
4,230.00,147,832.04,370.59,20.47
4,230.00,148,51.18,317.87,7.75
4,230.00,149,257.92,547.15,5.58
4,240.00,0,471.66,747.63,12.13
4,240.00,1,545.16,711.05,7.22
4,240.00,2,198.93,69.39,12.28
4,240.00,3,247.95,332.04,12.59
4,240.00,4,428.15,529.14,9.78
4,240.00,5,738.27,245.38,0.00
4,240.00,6,147.42,321.24,10.26
4,240.00,7,389.40,387.49,23.79
4,240.00,8,691.79,422.74,7.14
4,240.00,9,509.99,364.22,5.32
4,240.00,10,389.57,320.83,9.50
4,240.00,11,653.77,318.45,19.45
4,240.00,12,946.50,495.35,0.00
4,240.00,13,775.19,857.38,5.74
4,240.00,14,295.19,255.49,7.23
4,240.00,15,922.45,614.35,6.32
4,240.00,16,515.84,576.83,6.04
4,240.00,17,701.59,912.66,11.71
4,240.00,18,825.14,502.56,15.68
4,240.00,19,555.86,282.68,7.11
4,240.00,20,283.36,315.49,21.68
4,240.00,21,281.66,436.38,11.27
4,240.00,22,575.13,719.86,15.71
4,240.00,23,694.25,468.84,5.34
4,240.00,24,51.12,260.46,0.00
4,240.00,25,690.71,734.27,13.39
4,240.00,26,808.16,973.62,0.00
4,240.00,27,351.71,111.36,0.00
4,240.00,28,251.58,427.37,7.52
4,240.00,29,728.62,960.68,0.00
4,240.00,30,122.54,143.01,9.33
4,240.00,31,243.25,536.39,13.14
4,240.00,32,224.07,719.95,0.00
4,240.00,33,466.55,910.21,16.32
4,240.00,34,538.92,440.05,6.95
4,240.00,35,280.85,786.52,0.00
4,240.00,36,663.48,388.92,16.80
4,240.00,37,248.48,658.85,16.09
4,240.00,38,443.93,520.69,19.46
4,240.00,39,524.23,705.10,12.65
4,240.00,40,612.05,594.90,18.10
4,240.00,41,532.14,314.69,10.17
4,240.00,42,889.71,580.31,23.21
4,240.00,43,930.32,442.84,6.15
4,240.00,44,566.67,664.55,5.58
4,240.00,45,570.44,753.47,10.79
4,240.00,46,46.99,195.09,0.00
4,240.00,47,686.47,367.22,6.00
4,240.00,48,672.95,560.23,5.22
4,240.00,49,297.85,66.80,0.00
4,240.00,50,525.29,598.32,8.58
4,240.00,51,412.67,119.33,12.41
4,240.00,52,245.49,218.52,12.71
4,240.00,53,369.99,768.39,0.00
4,240.00,54,611.73,762.80,7.42
4,240.00,55,512.69,339.45,5.71
4,240.00,56,385.45,259.82,0.00
4,240.00,57,313.77,548.70,7.07
4,240.00,58,81.66,988.95,0.00
4,240.00,59,202.96,734.31,6.48
4,240.00,60,447.19,293.41,9.16
4,240.00,61,486.97,905.50,15.46
4,240.00,62,79.34,81.25,0.00
4,240.00,63,551.86,855.74,0.00
4,240.00,64,48.42,800.80,12.98
4,240.00,65,687.52,525.07,7.38
4,240.00,66,753.56,729.39,7.63
4,240.00,67,624.39,542.70,15.03
4,240.00,68,442.33,688.07,5.43
4,240.00,69,550.89,381.59,15.51
4,240.00,70,829.56,836.98,5.65
4,240.00,71,163.75,923.91,0.00
4,240.00,72,862.49,602.81,17.39
4,240.00,73,521.06,448.29,6.02
4,240.00,74,235.39,448.41,19.32
4,240.00,75,683.03,440.09,7.24
4,240.00,76,604.50,481.32,6.11
4,240.00,77,595.67,875.66,14.74
4,240.00,78,815.02,502.85,11.59
4,240.00,79,572.51,723.69,15.44
4,240.00,80,454.18,477.60,20.55
4,240.00,81,382.77,855.67,0.00
4,240.00,82,182.88,956.16,16.11
4,240.00,83,547.09,721.82,5.03
4,240.00,84,309.83,864.00,11.15
4,240.00,85,321.79,107.40,14.39
4,240.00,86,513.07,462.04,19.90
4,240.00,87,808.32,334.72,8.17
4,240.00,88,351.29,486.36,10.34
4,240.00,89,232.70,561.43,7.69
4,240.00,90,505.63,896.04,5.05
4,240.00,91,575.11,418.93,7.17
4,240.00,92,595.98,789.80,9.21
4,240.00,93,561.40,146.04,0.00
4,240.00,94,503.66,880.39,18.68
4,240.00,95,32.30,747.44,18.85
4,240.00,96,612.40,510.39,6.29
4,240.00,97,421.59,153.23,17.56
4,240.00,98,605.18,685.16,20.12
4,240.00,99,634.54,460.21,13.02
4,240.00,100,479.23,127.71,6.88
4,240.00,101,452.58,676.10,0.00
4,240.00,102,335.12,94.00,5.13
4,240.00,103,729.44,385.70,6.77
4,240.00,104,445.99,717.60,12.45
4,240.00,105,205.96,356.96,17.01
4,240.00,106,635.92,190.81,16.44
4,240.00,107,557.06,425.53,16.84
4,240.00,108,219.33,145.15,11.26
4,240.00,109,631.62,618.04,6.51
4,240.00,110,548.68,467.31,13.22
4,240.00,111,955.87,693.81,0.00
4,240.00,112,648.60,296.44,6.07
4,240.00,113,382.04,768.37,17.15
4,240.00,114,297.53,224.60,21.13
4,240.00,115,594.06,377.63,17.64
4,240.00,116,489.11,493.25,20.20
4,240.00,117,282.91,711.47,0.00
4,240.00,118,309.09,781.50,12.27
4,240.00,119,277.51,629.52,5.91
4,240.00,120,839.87,44.89,21.23
4,240.00,121,499.11,505.67,7.51
4,240.00,122,418.78,615.89,6.22
4,240.00,123,428.80,92.39,8.62
4,240.00,124,381.90,653.79,12.51
4,240.00,125,372.18,706.51,6.79
4,240.00,126,302.16,424.40,6.59
4,240.00,127,857.71,656.45,21.60
4,240.00,128,189.45,443.28,13.15
4,240.00,129,595.62,63.82,15.70
4,240.00,130,418.56,964.87,16.16
4,240.00,131,779.73,637.36,24.48
4,240.00,132,642.86,674.63,5.18
4,240.00,133,422.46,900.37,10.87
4,240.00,134,623.95,14.93,0.00
4,240.00,135,401.90,413.98,13.94
4,240.00,136,397.72,776.00,20.04
4,240.00,137,341.54,349.58,20.42
4,240.00,138,318.47,596.96,14.03
4,240.00,139,78.37,385.20,9.56
4,240.00,140,343.23,805.91,5.16
4,240.00,141,624.96,243.43,15.35
4,240.00,142,160.52,331.73,6.09
4,240.00,143,555.96,290.68,22.63
4,240.00,144,817.38,705.76,6.38
4,240.00,145,170.25,614.88,0.00
4,240.00,146,748.92,314.24,11.04
4,240.00,147,980.57,229.77,20.47
4,240.00,148,47.28,240.51,7.75
4,240.00,149,266.90,492.10,5.58
4,250.00,0,506.43,740.42,0.00
4,250.00,1,512.41,646.75,7.22
4,250.00,2,196.53,63.56,0.00
4,250.00,3,208.51,451.63,12.59
4,250.00,4,430.42,531.77,0.00
4,250.00,5,731.54,383.26,18.30
4,250.00,6,227.55,385.31,10.26
4,250.00,7,566.07,228.21,23.79
4,250.00,8,663.69,357.09,7.14
4,250.00,9,548.49,400.90,5.32
4,250.00,10,474.04,277.39,9.50
4,250.00,11,637.34,506.26,0.00
4,250.00,12,946.22,495.44,9.43
4,250.00,13,806.29,905.57,5.74
4,250.00,14,328.86,319.51,7.23
4,250.00,15,965.59,577.55,0.00
4,250.00,16,564.90,541.64,6.04
4,250.00,17,779.64,915.93,0.00
4,250.00,18,856.31,655.20,0.00
4,250.00,19,626.21,292.67,7.11
4,250.00,20,367.00,350.54,0.00
4,250.00,21,229.18,536.07,11.27
4,250.00,22,434.63,790.24,15.71
4,250.00,23,640.98,464.82,5.34
4,250.00,24,49.85,306.92,10.24
4,250.00,25,658.57,604.29,13.39
4,250.00,26,803.09,945.74,6.81
4,250.00,27,483.27,187.02,22.32
4,250.00,28,235.15,500.79,7.52
4,250.00,29,601.43,911.92,21.08
4,250.00,30,124.26,82.17,0.00
4,250.00,31,139.88,617.55,13.14
4,250.00,32,412.52,709.40,19.47
4,250.00,33,307.54,873.33,16.32
4,250.00,34,594.74,481.47,6.95
4,250.00,35,360.94,743.39,23.50
4,250.00,36,742.34,537.30,16.80
4,250.00,37,174.97,693.06,0.00
4,250.00,38,589.22,391.31,19.46
4,250.00,39,632.58,760.82,0.00
4,250.00,40,609.07,608.59,0.00
4,250.00,41,588.54,399.27,10.17
4,250.00,42,912.00,597.89,0.00
4,250.00,43,900.31,389.19,6.15
4,250.00,44,519.66,694.61,5.58
4,250.00,45,597.26,783.29,0.00
4,250.00,46,135.13,260.72,13.76
4,250.00,47,710.30,312.10,6.00
4,250.00,48,621.39,568.36,5.22
4,250.00,49,281.50,124.29,14.07
4,250.00,50,601.85,637.10,8.58
4,250.00,51,410.97,118.24,0.00
4,250.00,52,363.28,170.82,12.71
4,250.00,53,450.41,662.09,24.79
4,250.00,54,565.03,705.09,7.42
4,250.00,55,492.38,392.79,5.71
4,250.00,56,399.84,260.45,11.70
4,250.00,57,378.46,520.21,7.07
4,250.00,58,109.03,910.75,22.39
4,250.00,59,164.28,740.81,0.00
4,250.00,60,475.35,206.28,9.16
4,250.00,61,538.51,759.71,15.46
4,250.00,62,174.28,161.81,13.67
4,250.00,63,609.75,744.22,20.35
4,250.00,64,153.89,725.08,12.98
4,250.00,65,757.04,500.38,7.38
4,250.00,66,732.98,655.97,7.63
4,250.00,67,701.55,671.72,15.03
4,250.00,68,422.31,637.61,5.43
4,250.00,69,676.25,472.88,15.51
4,250.00,70,796.19,791.39,5.65
4,250.00,71,205.00,888.11,22.74
4,250.00,72,752.57,467.99,17.39
4,250.00,73,528.63,388.52,6.02
4,250.00,74,117.10,601.14,19.32
4,250.00,75,733.45,388.16,7.24
4,250.00,76,548.54,505.90,6.11
4,250.00,77,589.42,893.93,0.00
4,250.00,78,713.39,558.55,11.59
4,250.00,79,544.38,571.88,15.44
4,250.00,80,642.40,395.00,20.55
4,250.00,81,439.26,781.94,13.43
4,250.00,82,339.17,916.99,16.11
4,250.00,83,509.30,688.65,5.03
4,250.00,84,296.77,885.78,0.00
4,250.00,85,234.86,115.90,0.00
4,250.00,86,457.12,653.06,19.90
4,250.00,87,862.05,273.21,8.17
4,250.00,88,443.79,440.23,10.34
4,250.00,89,277.98,623.54,7.69
4,250.00,90,543.98,863.17,5.05
4,250.00,91,570.67,490.52,7.17
4,250.00,92,552.11,870.73,9.21
4,250.00,93,543.19,180.51,15.87
4,250.00,94,681.45,823.19,18.68
4,250.00,95,112.02,576.63,18.85
4,250.00,96,555.24,484.23,6.29
4,250.00,97,252.65,105.41,17.56
4,250.00,98,636.54,759.45,0.00
4,250.00,99,662.05,442.57,0.00
4,250.00,100,464.28,60.53,6.88
4,250.00,101,434.61,702.67,21.16
4,250.00,102,315.40,46.66,5.13
4,250.00,103,778.04,338.57,6.77
4,250.00,104,503.50,607.13,12.45
4,250.00,105,139.02,299.13,0.00
4,250.00,106,496.56,103.63,16.44
4,250.00,107,419.57,328.22,16.84
4,250.00,108,313.65,83.70,11.26
4,250.00,109,605.69,677.71,6.51
4,250.00,110,524.84,337.32,13.22
4,250.00,111,845.95,734.84,16.87
4,250.00,112,659.76,296.71,0.00
4,250.00,113,539.36,700.19,17.15
4,250.00,114,172.20,331.35,0.00
4,250.00,115,459.99,492.26,17.64
4,250.00,116,313.15,592.49,20.20
4,250.00,117,352.93,701.60,7.48
4,250.00,118,223.53,869.41,12.27
4,250.00,119,310.19,678.71,5.91
4,250.00,120,627.79,34.98,21.23
4,250.00,121,522.95,576.93,7.51
4,250.00,122,416.84,553.74,6.22
4,250.00,123,384.85,34.47,0.00
4,250.00,124,417.11,533.79,12.51
4,250.00,125,416.67,655.23,6.79
4,250.00,126,300.93,358.53,6.59
4,250.00,127,816.61,444.44,21.60
4,250.00,128,298.55,516.78,13.15
4,250.00,129,579.36,10.19,0.00
4,250.00,130,403.65,970.85,0.00
4,250.00,131,875.04,677.46,0.00
4,250.00,132,694.14,667.52,5.18
4,250.00,133,314.24,910.90,10.87
4,250.00,134,626.48,65.20,24.04
4,250.00,135,430.65,550.41,13.94
4,250.00,136,378.23,769.16,0.00
4,250.00,137,540.84,305.18,20.42
4,250.00,138,241.28,714.08,14.03
4,250.00,139,109.20,475.69,9.56
4,250.00,140,291.76,802.91,5.16
4,250.00,141,650.57,92.05,15.35
4,250.00,142,153.27,392.23,6.09
4,250.00,143,341.18,362.06,22.63
4,250.00,144,756.40,724.37,6.38
4,250.00,145,185.54,569.05,19.42
4,250.00,146,777.16,266.32,0.00
4,250.00,147,981.35,229.02,0.00
4,250.00,148,43.38,163.15,7.75
4,250.00,149,275.87,437.05,5.58
4,260.00,0,617.84,714.52,16.17
4,260.00,1,479.66,582.44,7.22
4,260.00,2,203.71,207.31,15.17
4,260.00,3,184.51,524.40,0.00
4,260.00,4,555.34,645.37,17.51
4,260.00,5,722.61,566.06,18.30
4,260.00,6,307.69,449.37,10.26
4,260.00,7,601.28,196.46,0.00
4,260.00,8,635.58,291.44,7.14
4,260.00,9,586.99,437.59,5.32
4,260.00,10,558.52,233.96,9.50
4,260.00,11,631.72,503.01,20.97
4,260.00,12,856.63,524.75,9.43
4,260.00,13,837.39,953.77,5.74
4,260.00,14,362.54,383.53,7.23
4,260.00,15,941.67,581.08,23.58
4,260.00,16,613.96,506.44,6.04
4,260.00,17,741.75,845.40,24.04
4,260.00,18,855.94,654.98,6.77
4,260.00,19,696.56,302.67,7.11
4,260.00,20,479.21,338.22,19.41
4,260.00,21,176.69,635.75,11.27
4,260.00,22,294.12,860.61,15.71
4,260.00,23,587.72,460.80,5.34
4,260.00,24,47.07,409.28,10.24
4,260.00,25,626.43,474.31,13.39
4,260.00,26,790.89,878.78,6.81
4,260.00,27,676.75,298.30,22.32
4,260.00,28,218.71,574.20,7.52
4,260.00,29,404.58,836.46,21.08
4,260.00,30,118.36,150.16,19.61
4,260.00,31,75.00,668.50,0.00
4,260.00,32,535.19,702.53,0.00
4,260.00,33,172.39,841.99,0.00
4,260.00,34,650.57,522.89,6.95
4,260.00,35,567.81,631.98,23.50
4,260.00,36,821.20,685.69,16.80
4,260.00,37,224.12,694.16,9.91
4,260.00,38,608.74,373.93,0.00
4,260.00,39,633.51,758.82,5.96
4,260.00,40,432.37,729.35,23.20
4,260.00,41,644.95,483.85,10.17
4,260.00,42,915.87,539.29,6.69
4,260.00,43,870.30,335.55,6.15
4,260.00,44,472.64,724.66,5.58
4,260.00,45,617.73,659.30,20.01
4,260.00,46,245.50,342.90,13.76
4,260.00,47,732.30,261.20,0.00
4,260.00,48,569.84,576.48,5.22
4,260.00,49,243.03,259.58,14.07
4,260.00,50,678.41,675.88,8.58
4,260.00,51,479.70,232.14,13.52
4,260.00,52,481.08,123.12,12.71
4,260.00,53,599.96,464.41,24.79
4,260.00,54,518.33,647.38,7.42
4,260.00,55,472.07,446.12,5.71
4,260.00,56,516.78,265.59,11.70
4,260.00,57,443.15,491.72,7.07
4,260.00,58,158.22,770.15,0.00
4,260.00,59,155.34,829.75,22.63
4,260.00,60,503.51,119.16,9.16
4,260.00,61,590.04,613.92,15.46
4,260.00,62,278.53,250.27,13.67
4,260.00,63,703.50,563.63,20.35
4,260.00,64,259.35,649.36,12.98
4,260.00,65,826.55,475.69,7.38
4,260.00,66,712.40,582.56,7.63
4,260.00,67,778.70,800.75,15.03
4,260.00,68,402.29,587.16,5.43
4,260.00,69,801.61,564.18,15.51
4,260.00,70,778.14,766.72,0.00
4,260.00,71,376.72,739.03,22.74
4,260.00,72,642.65,333.18,17.39
4,260.00,73,535.10,337.41,0.00
4,260.00,74,67.88,664.69,0.00
4,260.00,75,783.86,336.22,7.24
4,260.00,76,492.57,530.47,6.11
4,260.00,77,565.79,967.08,0.00
4,260.00,78,611.76,614.25,11.59
4,260.00,79,516.25,420.06,15.44
4,260.00,80,830.62,312.41,20.55
4,260.00,81,520.97,675.31,13.43
4,260.00,82,495.46,877.83,16.11
4,260.00,83,471.51,655.48,5.03
4,260.00,84,318.73,711.46,22.75
4,260.00,85,239.49,198.85,21.14
4,260.00,86,457.00,653.47,0.00
4,260.00,87,915.77,211.71,8.17
4,260.00,88,536.29,394.10,10.34
4,260.00,89,323.26,685.64,7.69
4,260.00,90,582.34,830.29,5.05
4,260.00,91,566.23,562.10,7.17
4,260.00,92,537.28,898.08,0.00
4,260.00,93,469.04,320.80,15.87
4,260.00,94,719.79,810.86,0.00
4,260.00,95,191.74,405.82,18.85
4,260.00,96,498.08,458.08,6.29
4,260.00,97,109.49,64.88,0.00
4,260.00,98,547.23,672.00,20.86
4,260.00,99,614.22,424.26,6.84
4,260.00,100,460.94,45.55,0.00
4,260.00,101,402.03,750.84,0.00
4,260.00,102,298.67,6.52,0.00
4,260.00,103,819.14,298.72,0.00
4,260.00,104,561.01,496.65,12.45
4,260.00,105,179.69,311.14,8.83
4,260.00,106,417.32,54.06,0.00
4,260.00,107,282.09,230.91,16.84
4,260.00,108,376.84,42.53,0.00
4,260.00,109,579.77,737.38,6.51
4,260.00,110,500.99,207.34,13.22
4,260.00,111,687.88,793.84,16.87
4,260.00,112,552.55,328.98,13.72
4,260.00,113,679.91,639.28,0.00
4,260.00,114,182.03,307.69,11.61
4,260.00,115,325.92,606.90,17.64
4,260.00,116,137.20,691.74,20.20
4,260.00,117,427.01,691.15,7.48
4,260.00,118,145.15,949.95,0.00
4,260.00,119,342.87,727.90,5.91
4,260.00,120,415.71,25.07,21.23
4,260.00,121,546.78,648.20,7.51
4,260.00,122,414.91,491.59,6.22
4,260.00,123,401.21,66.08,22.76
4,260.00,124,452.32,413.79,12.51
4,260.00,125,461.16,603.96,6.79
4,260.00,126,300.50,335.17,0.00
4,260.00,127,775.52,232.43,21.60
4,260.00,128,407.64,590.28,13.15
4,260.00,129,484.16,32.44,15.20
4,260.00,130,449.94,792.65,20.45
4,260.00,131,856.46,619.20,10.59
4,260.00,132,745.42,660.41,5.18
4,260.00,133,297.13,912.56,0.00
4,260.00,134,635.44,243.89,0.00
4,260.00,135,459.39,686.84,13.94
4,260.00,136,423.35,770.45,5.03
4,260.00,137,740.15,260.78,20.42
4,260.00,138,164.08,831.20,14.03
4,260.00,139,140.03,566.18,9.56
4,260.00,140,240.28,799.90,5.16
4,260.00,141,651.86,84.40,0.00
4,260.00,142,146.02,452.72,6.09
4,260.00,143,126.40,433.45,22.63
4,260.00,144,695.42,742.98,6.38
4,260.00,145,207.69,502.64,0.00
4,260.00,146,761.87,312.47,9.80
4,260.00,147,963.20,395.32,16.82
4,260.00,148,39.69,89.87,0.00
4,260.00,149,284.85,382.00,5.58
4,270.00,0,651.54,706.68,0.00
4,270.00,1,446.91,518.14,7.22
4,270.00,2,210.90,351.02,0.00
4,270.00,3,248.79,587.14,22.94
4,270.00,4,684.87,763.16,17.51
4,270.00,5,713.69,748.86,18.30
4,270.00,6,387.82,513.43,10.26
4,270.00,7,526.73,317.32,17.73
4,270.00,8,628.72,275.41,0.00
4,270.00,9,625.49,474.28,5.32
4,270.00,10,642.99,190.52,9.50
4,270.00,11,450.28,397.91,20.97
4,270.00,12,767.05,554.06,9.43
4,270.00,13,837.62,954.13,0.00
4,270.00,14,396.22,447.56,7.23
4,270.00,15,708.41,615.52,23.58
4,270.00,16,663.02,471.25,6.04
4,270.00,17,724.52,813.34,0.00
4,270.00,18,798.05,619.96,6.77
4,270.00,19,766.91,312.66,7.11
4,270.00,20,672.10,317.03,19.41
4,270.00,21,150.28,685.91,0.00
4,270.00,22,153.62,930.99,15.71
4,270.00,23,534.46,456.78,5.34
4,270.00,24,44.28,511.64,10.24
4,270.00,25,594.29,344.33,13.39
4,270.00,26,778.69,811.83,6.81
4,270.00,27,852.43,399.33,0.00
4,270.00,28,202.28,647.61,7.52
4,270.00,29,293.04,793.70,0.00
4,270.00,30,101.41,345.53,19.61
4,270.00,31,128.57,691.28,15.64
4,270.00,32,577.36,661.13,16.02
4,270.00,33,189.79,833.98,12.76
4,270.00,34,706.39,564.32,6.95
4,270.00,35,774.68,520.58,23.50
4,270.00,36,892.12,819.12,0.00
4,270.00,37,323.21,696.38,9.91
4,270.00,38,641.30,415.30,6.08
4,270.00,39,658.58,704.76,5.96
4,270.00,40,240.84,860.25,23.20
4,270.00,41,701.36,568.43,10.17
4,270.00,42,920.28,472.51,6.69
4,270.00,43,840.29,281.91,6.15
4,270.00,44,425.63,754.71,5.58
4,270.00,45,650.31,461.91,20.01
4,270.00,46,355.87,425.08,13.76
4,270.00,47,735.41,267.60,9.31
4,270.00,48,518.29,584.60,5.22
4,270.00,49,204.55,394.88,14.07
4,270.00,50,754.97,714.66,8.58
4,270.00,51,549.56,347.91,13.52
4,270.00,52,492.78,118.38,0.00
4,270.00,53,733.35,288.10,0.00
4,270.00,54,471.63,589.68,7.42
4,270.00,55,451.76,499.46,5.71
4,270.00,56,627.82,270.46,0.00
4,270.00,57,507.84,463.23,7.07
4,270.00,58,215.14,772.70,17.03
4,270.00,59,144.09,941.71,0.00
4,270.00,60,509.65,100.15,0.00
4,270.00,61,641.57,468.13,15.46
4,270.00,62,382.78,338.73,13.67
4,270.00,63,797.24,383.04,20.35
4,270.00,64,364.81,573.65,12.98
4,270.00,65,896.07,451.00,7.38
4,270.00,66,691.81,509.14,7.63
4,270.00,67,855.86,929.78,15.03
4,270.00,68,382.27,536.70,5.43
4,270.00,69,816.69,575.16,0.00
4,270.00,70,736.21,825.63,15.76
4,270.00,71,548.45,589.96,22.74
4,270.00,72,532.74,198.36,17.39
4,270.00,73,540.74,329.81,6.54
4,270.00,74,90.58,685.01,5.22
4,270.00,75,834.28,284.29,7.24
4,270.00,76,436.61,555.04,6.11
4,270.00,77,471.44,921.89,19.51
4,270.00,78,510.13,669.95,11.59
4,270.00,79,488.12,268.24,15.44
4,270.00,80,920.09,273.14,0.00
4,270.00,81,602.67,568.68,13.43
4,270.00,82,651.75,838.67,16.11
4,270.00,83,433.72,622.31,5.03
4,270.00,84,347.17,485.75,22.75
4,270.00,85,251.27,409.94,21.14
4,270.00,86,553.99,575.12,12.50
4,270.00,87,921.57,205.06,0.00
4,270.00,88,628.79,347.97,10.34
4,270.00,89,368.54,747.75,7.69
4,270.00,90,620.70,797.41,5.05
4,270.00,91,561.79,633.69,7.17
4,270.00,92,669.30,863.52,20.61
4,270.00,93,394.89,461.09,15.87
4,270.00,94,643.81,741.50,13.12
4,270.00,95,271.46,235.01,18.85
4,270.00,96,440.92,431.93,6.29
4,270.00,97,123.71,67.86,9.52
4,270.00,98,398.19,526.08,20.86
4,270.00,99,550.37,399.80,6.84
4,270.00,100,447.37,95.27,6.63
4,270.00,101,486.08,637.23,19.49
4,270.00,102,317.14,33.22,21.33
4,270.00,103,810.27,310.39,9.50
4,270.00,104,618.52,386.18,12.45
4,270.00,105,264.42,336.16,8.83
4,270.00,106,418.23,157.08,23.88
4,270.00,107,144.61,133.59,16.84
4,270.00,108,396.36,89.25,15.34
4,270.00,109,553.85,797.05,6.51
4,270.00,110,477.14,77.35,13.22
4,270.00,111,600.82,826.34,0.00
4,270.00,112,421.18,368.52,13.72
4,270.00,113,685.42,637.51,5.42
4,270.00,114,226.59,200.50,11.61
4,270.00,115,191.85,721.54,17.64
4,270.00,116,122.49,700.03,0.00
4,270.00,117,501.09,680.70,7.48
4,270.00,118,148.26,941.59,10.65
4,270.00,119,375.56,777.09,5.91
4,270.00,120,203.64,15.16,21.23
4,270.00,121,570.61,719.46,7.51
4,270.00,122,412.98,429.44,6.22
4,270.00,123,505.87,268.22,22.76
4,270.00,124,487.53,293.79,12.51
4,270.00,125,505.64,552.68,6.79
4,270.00,126,344.49,326.55,6.95
4,270.00,127,748.70,94.06,0.00
4,270.00,128,516.73,663.78,13.15
4,270.00,129,336.14,67.04,15.20
4,270.00,130,501.34,594.76,20.45
4,270.00,131,824.29,518.32,10.59
4,270.00,132,796.70,653.31,5.18
4,270.00,133,294.77,783.15,15.37
4,270.00,134,654.76,227.10,10.01
4,270.00,135,488.14,823.28,13.94
4,270.00,136,473.65,771.89,5.03
4,270.00,137,929.44,218.61,0.00
4,270.00,138,106.37,918.75,0.00
4,270.00,139,170.86,656.67,9.56
4,270.00,140,188.80,796.89,5.16
4,270.00,141,451.67,156.81,22.42
4,270.00,142,138.77,513.21,6.09
4,270.00,143,31.82,464.89,0.00
4,270.00,144,634.43,761.58,6.38
4,270.00,145,190.89,469.29,5.84
4,270.00,146,731.06,405.47,9.80
4,270.00,147,944.96,562.50,16.82
4,270.00,148,40.46,92.56,5.31
4,270.00,149,293.82,326.95,5.58
4,280.00,0,689.33,661.93,7.45
4,280.00,1,427.14,479.32,0.00
4,280.00,2,214.53,354.15,9.29
4,280.00,3,412.98,747.41,22.94
4,280.00,4,772.41,842.77,0.00
4,280.00,5,710.31,817.99,0.00
4,280.00,6,467.95,577.49,10.26
4,280.00,7,433.62,468.26,17.73
4,280.00,8,555.80,334.23,12.40
4,280.00,9,663.99,510.96,5.32
4,280.00,10,727.46,147.08,9.50
4,280.00,11,268.85,292.81,20.97
4,280.00,12,677.47,583.37,9.43
4,280.00,13,658.73,823.85,22.30
4,280.00,14,429.90,511.58,7.23
4,280.00,15,503.37,645.80,0.00
4,280.00,16,712.08,436.05,6.04
4,280.00,17,696.29,744.71,0.00
4,280.00,18,740.15,584.95,6.77
4,280.00,19,837.27,322.66,7.11
4,280.00,20,769.19,306.37,0.00
4,280.00,21,100.91,636.24,14.10
4,280.00,22,22.89,996.47,0.00
4,280.00,23,481.20,452.76,5.34
4,280.00,24,41.49,614.00,10.24
4,280.00,25,562.15,214.35,13.39
4,280.00,26,766.50,744.87,6.81
4,280.00,27,840.27,389.12,17.27
4,280.00,28,201.16,652.62,0.00
4,280.00,29,258.09,882.97,22.12
4,280.00,30,84.46,540.89,19.61
4,280.00,31,272.47,752.45,15.64
4,280.00,32,691.70,548.89,16.02
4,280.00,33,305.66,780.64,12.76
4,280.00,34,729.27,581.30,0.00
4,280.00,35,884.36,461.51,0.00
4,280.00,36,888.77,806.75,12.72
4,280.00,37,422.31,698.59,9.91
4,280.00,38,678.90,463.10,6.08
4,280.00,39,683.65,650.70,5.96
4,280.00,40,86.24,965.91,0.00
4,280.00,41,757.76,653.01,10.17
4,280.00,42,924.69,405.74,6.69
4,280.00,43,814.40,235.62,0.00
4,280.00,44,378.62,784.76,5.58
4,280.00,45,673.91,318.92,0.00
4,280.00,46,466.24,507.26,13.76
4,280.00,47,776.11,351.37,9.31
4,280.00,48,466.74,592.73,5.22
4,280.00,49,167.07,526.69,0.00
4,280.00,50,831.53,753.44,8.58
4,280.00,51,619.42,463.69,13.52
4,280.00,52,485.64,247.95,14.41
4,280.00,53,738.58,306.56,17.76
4,280.00,54,424.93,531.97,7.42
4,280.00,55,431.45,552.80,5.71
4,280.00,56,632.04,272.37,9.19
4,280.00,57,572.53,434.74,7.07
4,280.00,58,385.23,780.34,17.03
4,280.00,59,165.14,957.15,0.00
4,280.00,60,562.45,168.82,0.00
4,280.00,61,646.73,453.51,0.00
4,280.00,62,487.03,427.19,13.67
4,280.00,63,890.99,202.45,20.35
4,280.00,64,470.28,497.93,12.98
4,280.00,65,964.70,426.63,0.00
4,280.00,66,671.23,435.72,7.63
4,280.00,67,874.50,960.96,0.00
4,280.00,68,362.25,486.25,5.43
4,280.00,69,833.90,492.29,9.62
4,280.00,70,663.93,927.19,0.00
4,280.00,71,720.17,440.89,22.74
4,280.00,72,516.22,178.11,0.00
4,280.00,73,579.72,277.32,6.54
4,280.00,74,129.46,719.82,5.22
4,280.00,75,884.69,232.35,7.24
4,280.00,76,380.64,579.62,6.11
4,280.00,77,295.51,837.63,19.51
4,280.00,78,408.50,725.64,11.59
4,280.00,79,480.11,225.02,0.00
4,280.00,80,918.38,332.13,11.25
4,280.00,81,684.38,462.05,13.43
4,280.00,82,808.04,799.51,16.11
4,280.00,83,395.93,589.14,5.03
4,280.00,84,375.61,260.04,22.75
4,280.00,85,262.51,611.25,0.00
4,280.00,86,651.19,496.60,12.50
4,280.00,87,872.57,195.33,5.60
4,280.00,88,721.29,301.84,10.34
4,280.00,89,413.82,809.86,7.69
4,280.00,90,659.06,764.54,5.05
4,280.00,91,561.70,635.09,0.00
4,280.00,92,752.35,841.78,0.00
4,280.00,93,320.74,601.37,15.87
4,280.00,94,546.95,653.07,13.12
4,280.00,95,324.67,121.01,0.00
4,280.00,96,383.76,405.78,6.29
4,280.00,97,216.87,87.33,9.52
4,280.00,98,274.48,404.94,0.00
4,280.00,99,486.52,375.34,6.84
4,280.00,100,429.89,159.28,6.63
4,280.00,101,601.99,480.55,19.49
4,280.00,102,438.46,208.67,21.33
4,280.00,103,752.82,386.06,9.50
4,280.00,104,659.66,307.15,0.00
4,280.00,105,349.15,361.18,8.83
4,280.00,106,420.33,395.88,23.88
4,280.00,107,49.64,66.37,0.00
4,280.00,108,455.51,230.78,15.34
4,280.00,109,531.55,848.36,0.00
4,280.00,110,473.10,55.36,0.00
4,280.00,111,613.27,764.46,14.05
4,280.00,112,326.87,396.90,0.00
4,280.00,113,737.05,620.98,5.42
4,280.00,114,229.90,192.53,0.00
4,280.00,115,97.59,802.13,0.00
4,280.00,116,136.14,633.33,7.43
4,280.00,117,575.17,670.26,7.48
4,280.00,118,185.44,841.80,10.65
4,280.00,119,408.24,826.28,5.91
4,280.00,120,68.88,8.86,0.00
4,280.00,121,594.45,790.73,7.51
4,280.00,122,411.04,367.28,6.22
4,280.00,123,610.53,470.37,22.76
4,280.00,124,522.74,173.79,12.51
4,280.00,125,550.13,501.40,6.79
4,280.00,126,412.64,313.18,6.95
4,280.00,127,739.50,145.05,14.92
4,280.00,128,625.82,737.29,13.15
4,280.00,129,188.11,101.63,15.20
4,280.00,130,547.33,417.70,0.00
4,280.00,131,792.12,417.44,10.59
4,280.00,132,847.98,646.20,5.18
4,280.00,133,291.97,629.42,15.37
4,280.00,134,730.34,161.41,10.01
4,280.00,135,497.32,866.86,0.00
4,280.00,136,523.96,773.33,5.03
4,280.00,137,928.01,224.34,11.75
4,280.00,138,158.20,916.39,20.56
4,280.00,139,201.70,747.16,9.56
4,280.00,140,137.33,793.89,5.16
4,280.00,141,447.72,158.24,0.00
4,280.00,142,131.52,573.71,6.09
4,280.00,143,147.69,432.30,21.51
4,280.00,144,573.45,780.19,6.38
4,280.00,145,164.61,417.14,5.84
4,280.00,146,700.25,498.47,9.80
4,280.00,147,926.72,729.68,16.82
4,280.00,148,54.93,143.61,5.31
4,280.00,149,302.80,271.89,5.58
4,290.00,0,737.40,605.00,7.45
4,290.00,1,455.22,470.52,7.42
4,290.00,2,284.80,414.87,9.29
4,290.00,3,515.40,847.39,0.00
4,290.00,4,723.75,811.03,17.93
4,290.00,5,620.41,785.85,15.35
4,290.00,6,548.08,641.55,10.26
4,290.00,7,370.38,570.77,0.00
4,290.00,8,459.33,412.07,12.40
4,290.00,9,702.49,547.65,5.32
4,290.00,10,811.93,103.64,9.50
4,290.00,11,87.41,187.71,20.97
4,290.00,12,587.89,612.68,9.43
4,290.00,13,478.46,692.58,22.30
4,290.00,14,463.58,575.60,7.23
4,290.00,15,512.40,636.92,10.47
4,290.00,16,761.14,400.86,6.04
4,290.00,17,644.75,797.64,24.41
4,290.00,18,682.26,549.93,6.77
4,290.00,19,902.26,331.89,0.00
4,290.00,20,676.41,381.71,24.06
4,290.00,21,100.09,635.42,0.00
4,290.00,22,33.52,991.35,16.96
4,290.00,23,427.94,448.74,5.34
4,290.00,24,38.70,716.36,10.24
4,290.00,25,530.01,84.37,13.39
4,290.00,26,754.30,677.91,6.81
4,290.00,27,708.04,278.02,17.27
4,290.00,28,35.43,592.14,18.94
4,290.00,29,237.83,934.72,0.00
4,290.00,30,67.51,736.26,19.61
4,290.00,31,416.37,813.62,15.64
4,290.00,32,806.05,436.64,16.02
4,290.00,33,421.52,727.30,12.76
4,290.00,34,695.85,574.97,5.76
4,290.00,35,876.46,488.82,6.05
4,290.00,36,855.53,683.98,12.72
4,290.00,37,521.40,700.81,9.91
4,290.00,38,716.51,510.89,6.08
4,290.00,39,708.73,596.64,5.96
4,290.00,40,108.57,944.62,16.00
4,290.00,41,788.29,698.78,0.00
4,290.00,42,929.11,338.96,6.69
4,290.00,43,807.10,252.88,13.67
4,290.00,44,340.96,808.84,0.00
4,290.00,45,663.08,340.92,8.90
4,290.00,46,576.61,589.44,13.76
4,290.00,47,816.80,435.14,9.31
4,290.00,48,415.19,600.85,5.22
4,290.00,49,169.31,527.47,9.23
4,290.00,50,908.09,792.22,8.58
4,290.00,51,686.12,574.22,0.00
4,290.00,52,477.72,391.81,14.41
4,290.00,53,787.01,477.42,17.76
4,290.00,54,378.23,474.26,7.42
4,290.00,55,411.14,606.14,5.71
4,290.00,56,715.76,310.29,9.19
4,290.00,57,637.22,406.25,7.07
4,290.00,58,555.32,787.97,17.03
4,290.00,59,169.22,924.38,9.56
4,290.00,60,598.06,253.47,22.57
4,290.00,61,553.73,297.75,20.16
4,290.00,62,591.28,515.65,13.67
4,290.00,63,954.56,79.99,0.00
4,290.00,64,506.64,471.82,0.00
4,290.00,65,963.11,427.10,13.02
4,290.00,66,650.65,362.30,7.63
4,290.00,67,933.26,803.71,22.14
4,290.00,68,343.85,439.89,0.00
4,290.00,69,853.48,398.09,9.62
4,290.00,70,635.42,920.36,14.03
4,290.00,71,891.89,291.81,22.74
4,290.00,72,593.11,272.05,14.29
4,290.00,73,618.70,224.83,6.54
4,290.00,74,168.33,754.63,5.22
4,290.00,75,935.11,180.42,7.24
4,290.00,76,324.68,604.19,6.11
4,290.00,77,195.96,789.95,0.00
4,290.00,78,306.87,781.34,11.59
4,290.00,79,506.35,105.18,17.15
4,290.00,80,915.13,444.57,11.25
4,290.00,81,766.09,355.42,13.43
4,290.00,82,851.48,788.62,0.00
4,290.00,83,358.14,555.97,5.03
4,290.00,84,387.02,169.49,0.00
4,290.00,85,259.55,604.94,15.03
4,290.00,86,748.39,418.08,12.50
4,290.00,87,817.63,184.41,5.60
4,290.00,88,785.98,269.58,0.00
4,290.00,89,459.11,871.97,7.69
4,290.00,90,697.41,731.66,5.05
4,290.00,91,519.46,528.57,11.69
4,290.00,92,697.60,844.18,9.39
4,290.00,93,246.59,741.66,15.87
4,290.00,94,450.09,564.64,13.12
4,290.00,95,370.90,146.46,0.00
4,290.00,96,326.60,379.63,6.29
4,290.00,97,310.03,106.80,9.52
4,290.00,98,294.75,390.71,14.58
4,290.00,99,422.67,350.89,6.84
4,290.00,100,412.42,223.28,6.63
4,290.00,101,717.90,323.88,19.49
4,290.00,102,559.78,384.12,21.33
4,290.00,103,695.36,461.72,9.50
4,290.00,104,616.94,268.45,20.25
4,290.00,105,416.09,380.95,0.00
4,290.00,106,422.27,616.10,0.00
4,290.00,107,66.69,138.03,23.82
4,290.00,108,514.66,372.32,15.34
4,290.00,109,518.58,821.13,21.55
4,290.00,110,433.59,232.91,0.00
4,290.00,111,640.98,626.72,14.05
4,290.00,112,295.19,342.62,22.28
4,290.00,113,788.68,604.44,5.42
4,290.00,114,422.60,294.33,23.54
4,290.00,115,99.81,783.35,6.37
4,290.00,116,151.03,560.56,7.43
4,290.00,117,649.25,659.81,7.48
4,290.00,118,222.63,742.01,10.65
4,290.00,119,440.92,875.46,5.91
4,290.00,120,83.09,22.16,5.34
4,290.00,121,618.28,861.99,7.51
4,290.00,122,409.11,305.13,6.22
4,290.00,123,715.20,672.52,22.76
4,290.00,124,552.16,73.53,0.00
4,290.00,125,594.62,450.13,6.79
4,290.00,126,480.79,299.81,6.95
4,290.00,127,713.03,291.85,14.92
4,290.00,128,734.91,810.79,13.15
4,290.00,129,62.11,131.08,0.00
4,290.00,130,550.72,440.66,22.05
4,290.00,131,759.95,316.56,10.59
4,290.00,132,899.26,639.10,5.18
4,290.00,133,289.17,475.70,15.37
4,290.00,134,805.91,95.73,10.01
4,290.00,135,489.05,779.94,12.83
4,290.00,136,574.26,774.77,5.03
4,290.00,137,899.67,338.35,11.75
4,290.00,138,363.54,907.03,20.56
4,290.00,139,232.53,837.65,9.56
4,290.00,140,87.85,791.00,0.00
4,290.00,141,326.52,344.90,22.68
4,290.00,142,124.27,634.20,6.09
4,290.00,143,354.72,374.09,21.51
4,290.00,144,512.47,798.80,6.38
4,290.00,145,138.34,365.00,5.84
4,290.00,146,669.45,591.47,9.80
4,290.00,147,914.17,844.70,0.00
4,290.00,148,69.40,194.66,5.31
4,290.00,149,311.77,216.84,5.58
4,300.00,0,785.48,548.07,7.45
4,300.00,1,501.52,456.00,0.00
4,300.00,2,355.08,475.59,9.29
4,300.00,3,574.77,873.60,17.25
4,300.00,4,573.59,713.10,17.93
4,300.00,5,475.85,734.15,15.35
4,300.00,6,628.21,705.61,10.26
4,300.00,7,412.02,550.24,14.47
4,300.00,8,362.85,489.90,12.40
4,300.00,9,740.99,584.34,5.32
4,300.00,10,896.41,60.20,9.50
4,300.00,11,52.42,167.44,0.00
4,300.00,12,498.30,641.99,9.43
4,300.00,13,298.20,561.30,22.30
4,300.00,14,497.26,639.63,7.23
4,300.00,15,587.04,563.49,10.47
4,300.00,16,810.20,365.66,6.04
4,300.00,17,640.36,802.15,0.00
4,300.00,18,624.36,514.91,6.77
4,300.00,19,892.88,318.97,20.98
4,300.00,20,489.60,533.41,24.06
4,300.00,21,205.86,626.41,10.70
4,300.00,22,186.35,917.73,16.96
4,300.00,23,374.68,444.72,5.34
4,300.00,24,35.91,818.72,10.24
4,300.00,25,519.98,43.80,0.00
4,300.00,26,742.10,610.95,6.81
4,300.00,27,575.82,166.92,17.27
4,300.00,28,29.97,590.15,0.00
4,300.00,29,317.77,833.03,17.28
4,300.00,30,50.56,931.63,19.61
4,300.00,31,560.26,874.79,15.64
4,300.00,32,920.39,324.40,16.02
4,300.00,33,537.39,673.96,12.76
4,300.00,34,639.21,564.24,5.76
4,300.00,35,859.64,546.94,6.05
4,300.00,36,822.30,561.21,12.72
4,300.00,37,620.49,703.03,9.91
4,300.00,38,754.11,558.69,6.08
4,300.00,39,733.80,542.58,5.96
4,300.00,40,224.39,834.18,16.00
4,300.00,41,715.16,634.43,21.23
4,300.00,42,933.52,272.18,6.69
4,300.00,43,753.84,378.78,13.67
4,300.00,44,348.84,790.99,9.81
4,300.00,45,623.77,420.74,8.90
4,300.00,46,686.98,671.62,13.76
4,300.00,47,857.50,518.91,9.31
4,300.00,48,363.64,608.97,5.22
4,300.00,49,256.44,557.84,9.23
4,300.00,50,922.20,799.37,0.00
4,300.00,51,678.22,570.77,19.03
4,300.00,52,469.80,535.66,14.41
4,300.00,53,835.43,648.28,17.76
4,300.00,54,331.53,416.55,7.42
4,300.00,55,390.83,659.48,5.71
4,300.00,56,799.48,348.21,9.19
4,300.00,57,701.91,377.76,7.07
4,300.00,58,725.41,795.60,17.03
4,300.00,59,181.05,829.46,9.56
4,300.00,60,685.59,461.53,22.57
4,300.00,61,450.36,124.62,20.16
4,300.00,62,695.53,604.12,13.67
4,300.00,63,927.15,85.04,8.66
4,300.00,64,412.62,582.38,22.15
4,300.00,65,838.37,464.25,13.02
4,300.00,66,630.06,288.88,7.63
4,300.00,67,938.24,790.37,0.00
4,300.00,68,357.76,445.03,18.28
4,300.00,69,873.05,303.89,9.62
4,300.00,70,498.97,887.68,14.03
4,300.00,71,938.39,251.45,0.00
4,300.00,72,683.58,382.61,14.29
4,300.00,73,657.67,172.35,6.54
4,300.00,74,207.20,789.44,5.22
4,300.00,75,949.06,166.05,0.00
4,300.00,76,268.71,628.76,6.11
4,300.00,77,173.51,710.04,19.12
4,300.00,78,205.24,837.04,11.59
4,300.00,79,518.78,48.42,0.00
4,300.00,80,912.10,549.55,0.00
4,300.00,81,775.97,342.53,0.00
4,300.00,82,748.63,809.50,14.53
4,300.00,83,320.35,522.81,5.03
4,300.00,84,354.53,190.30,6.44
4,300.00,85,195.90,468.77,15.03
4,300.00,86,830.32,351.90,0.00
4,300.00,87,762.68,173.50,5.60
4,300.00,88,766.13,286.41,8.66
4,300.00,89,504.39,934.08,7.69
4,300.00,90,735.77,698.78,5.05
4,300.00,91,476.39,419.93,11.69
4,300.00,92,603.77,848.29,9.39
4,300.00,93,172.43,881.95,15.87
4,300.00,94,353.22,476.22,13.12
4,300.00,95,377.86,151.97,9.05
4,300.00,96,269.44,353.48,6.29
4,300.00,97,358.58,116.95,0.00
4,300.00,98,414.03,306.94,14.58
4,300.00,99,358.81,326.43,6.84
4,300.00,100,394.95,287.29,6.63
4,300.00,101,833.81,167.21,19.49
4,300.00,102,681.10,559.57,21.33
4,300.00,103,646.47,526.12,0.00
4,300.00,104,555.69,212.96,0.00
4,300.00,105,432.22,374.81,8.22
4,300.00,106,411.64,620.03,14.58
4,300.00,107,121.85,369.75,23.82
4,300.00,108,573.81,513.86,15.34
4,300.00,109,425.92,626.62,21.55
4,300.00,110,436.05,241.91,12.51
4,300.00,111,668.70,488.98,14.05
4,300.00,112,193.64,168.55,0.00
4,300.00,113,840.31,587.90,5.42
4,300.00,114,609.25,392.93,0.00
4,300.00,115,107.27,720.11,6.37
4,300.00,116,165.92,487.78,7.43
4,300.00,117,723.33,649.36,7.48
4,300.00,118,259.81,642.23,10.65
4,300.00,119,453.74,894.76,0.00
4,300.00,120,122.05,58.64,5.34
4,300.00,121,620.13,867.54,0.00
4,300.00,122,407.18,242.98,6.22
4,300.00,123,774.41,786.88,0.00
4,300.00,124,568.16,71.54,9.80
4,300.00,125,639.11,398.85,6.79
4,300.00,126,548.94,286.44,6.95
4,300.00,127,686.57,438.65,14.92
4,300.00,128,844.00,884.29,13.15
4,300.00,129,87.48,152.30,22.24
4,300.00,130,556.84,482.06,0.00
4,300.00,131,727.78,215.68,10.59
4,300.00,132,950.55,631.99,5.18
4,300.00,133,286.37,321.98,15.37
4,300.00,134,847.38,59.69,0.00
4,300.00,135,476.90,652.23,12.83
4,300.00,136,624.56,776.21,5.03
4,300.00,137,871.34,452.37,11.75
4,300.00,138,550.34,898.53,0.00
4,300.00,139,237.11,851.10,0.00
4,300.00,140,93.60,790.19,15.00
4,300.00,141,280.04,416.50,0.00
4,300.00,142,117.03,694.69,6.09
4,300.00,143,561.75,315.87,21.51
4,300.00,144,451.49,817.40,6.38
4,300.00,145,135.89,360.14,0.00
4,300.00,146,638.64,684.46,9.80
4,300.00,147,871.04,809.29,17.88
4,300.00,148,83.87,245.71,5.31
4,300.00,149,312.75,210.86,0.00
4,310.00,0,833.55,491.14,7.45
4,310.00,1,466.70,403.09,18.29
4,310.00,2,425.36,536.31,9.29
4,310.00,3,614.67,891.22,0.00
4,310.00,4,423.44,615.17,17.93
4,310.00,5,331.28,682.46,15.35
4,310.00,6,708.34,769.67,10.26
4,310.00,7,541.82,486.24,14.47
4,310.00,8,292.18,546.92,0.00
4,310.00,9,761.03,603.43,0.00
4,310.00,10,980.88,16.76,9.50
4,310.00,11,80.79,336.68,21.26
4,310.00,12,451.33,657.36,0.00
4,310.00,13,117.94,430.02,22.30
4,310.00,14,524.33,691.07,0.00
4,310.00,15,661.67,490.07,10.47
4,310.00,16,859.26,330.47,6.04
4,310.00,17,615.38,609.73,19.92
4,310.00,18,566.47,479.90,6.77
4,310.00,19,769.64,149.23,20.98
4,310.00,20,302.79,685.10,24.06
4,310.00,21,312.51,617.33,10.70
4,310.00,22,339.17,844.12,16.96
4,310.00,23,321.42,440.70,5.34
4,310.00,24,33.12,921.08,10.24
4,310.00,25,551.45,161.41,17.70
4,310.00,26,729.91,544.00,6.81
4,310.00,27,443.60,55.82,17.27
4,310.00,28,81.58,457.97,14.64
4,310.00,29,424.53,697.21,17.28
4,310.00,30,46.20,981.80,0.00
4,310.00,31,704.16,935.96,15.64
4,310.00,32,963.26,282.32,0.00
4,310.00,33,653.25,620.62,12.76
4,310.00,34,582.57,553.51,5.76
4,310.00,35,842.81,605.05,6.05
4,310.00,36,789.06,438.43,12.72
4,310.00,37,719.59,705.25,9.91
4,310.00,38,791.72,606.49,6.08
4,310.00,39,758.87,488.51,5.96
4,310.00,40,340.22,723.74,16.00
4,310.00,41,668.67,593.51,0.00
4,310.00,42,937.93,205.41,6.69
4,310.00,43,700.59,504.68,13.67
4,310.00,44,388.46,701.26,9.81
4,310.00,45,584.46,500.56,8.90
4,310.00,46,722.73,698.23,0.00
4,310.00,47,898.19,602.69,9.31
4,310.00,48,312.09,617.10,5.22
4,310.00,49,343.57,588.20,9.23
4,310.00,50,871.31,801.09,6.24
4,310.00,51,503.93,494.43,19.03
4,310.00,52,464.72,627.88,0.00
4,310.00,53,840.46,666.00,0.00
4,310.00,54,284.83,358.84,7.42
4,310.00,55,370.52,712.81,5.71
4,310.00,56,883.19,386.14,9.19
4,310.00,57,766.60,349.27,7.07
4,310.00,58,895.50,803.23,17.03
4,310.00,59,192.87,734.55,9.56
4,310.00,60,773.11,669.59,22.57
4,310.00,61,400.33,40.82,0.00
4,310.00,62,799.79,692.58,13.67
4,310.00,63,841.97,100.74,8.66
4,310.00,64,269.14,751.10,22.15
4,310.00,65,713.63,501.40,13.02
4,310.00,66,609.48,215.46,7.63
4,310.00,67,919.85,745.30,0.00
4,310.00,68,529.19,508.36,18.28
4,310.00,69,892.62,209.70,9.62
4,310.00,70,362.52,855.00,14.03
4,310.00,71,891.73,324.07,11.84
4,310.00,72,774.05,493.16,14.29
4,310.00,73,696.65,119.86,6.54
4,310.00,74,246.08,824.25,5.22
4,310.00,75,897.53,209.70,9.34
4,310.00,76,264.88,630.44,0.00
4,310.00,77,121.80,526.00,19.12
4,310.00,78,103.61,892.74,11.59
4,310.00,79,516.37,174.87,19.13
4,310.00,80,915.34,533.95,24.01
4,310.00,81,596.17,277.35,21.75
4,310.00,82,606.18,838.40,14.53
4,310.00,83,282.56,489.64,5.03
4,310.00,84,300.28,225.05,6.44
4,310.00,85,132.24,332.60,15.03
4,310.00,86,802.88,344.43,18.10
4,310.00,87,707.74,162.58,5.60
4,310.00,88,700.11,342.39,8.66
4,310.00,89,521.94,958.15,0.00
4,310.00,90,774.13,665.91,5.05
4,310.00,91,433.31,311.30,11.69
4,310.00,92,509.94,852.40,9.39
4,310.00,93,161.35,902.92,0.00
4,310.00,94,256.36,387.79,13.12
4,310.00,95,448.77,208.17,9.05
4,310.00,96,212.28,327.32,6.29
4,310.00,97,335.30,159.01,10.04
4,310.00,98,533.31,223.17,14.58
4,310.00,99,294.96,301.97,6.84
4,310.00,100,377.47,351.29,6.63
4,310.00,101,935.43,29.87,0.00
4,310.00,102,802.43,735.02,21.33
4,310.00,103,630.02,511.36,14.83
4,310.00,104,512.77,135.91,0.00
4,310.00,105,509.03,345.57,8.22
4,310.00,106,274.90,670.50,14.58
4,310.00,107,177.01,601.46,23.82
4,310.00,108,632.96,655.39,15.34
4,310.00,109,333.25,432.12,21.55
4,310.00,110,469.04,362.60,12.51
4,310.00,111,696.42,351.24,14.05
4,310.00,112,187.09,172.43,7.96
4,310.00,113,891.93,571.37,5.42
4,310.00,114,599.52,391.45,9.52
4,310.00,115,114.73,656.87,6.37
4,310.00,116,180.82,415.00,7.43
4,310.00,117,797.40,638.91,7.48
4,310.00,118,296.99,542.44,10.65
4,310.00,119,494.91,842.91,10.90
4,310.00,120,161.01,95.12,5.34
4,310.00,121,724.29,687.88,22.52
4,310.00,122,405.24,180.83,6.22
4,310.00,123,776.59,742.44,10.24
4,310.00,124,646.71,61.77,0.00
4,310.00,125,683.60,347.57,6.79
4,310.00,126,617.10,273.07,6.95
4,310.00,127,680.08,474.63,0.00
4,310.00,128,897.72,920.48,0.00
4,310.00,129,258.08,294.92,22.24
4,310.00,130,532.16,629.70,18.48
4,310.00,131,697.22,119.84,0.00
4,310.00,132,972.80,628.91,0.00
4,310.00,133,283.57,168.26,15.37
4,310.00,134,819.55,153.09,21.60
4,310.00,135,464.75,524.52,12.83
4,310.00,136,650.71,776.95,0.00
4,310.00,137,843.00,566.38,11.75
4,310.00,138,557.70,879.69,22.39
4,310.00,139,352.94,728.86,19.78
4,310.00,140,242.14,769.25,15.00
4,310.00,141,319.10,428.19,6.54
4,310.00,142,109.78,755.19,6.09
4,310.00,143,661.55,287.80,0.00
4,310.00,144,390.50,836.01,6.38
4,310.00,145,269.69,371.25,14.80
4,310.00,146,607.83,777.46,9.80
4,310.00,147,732.82,695.80,17.88
4,310.00,148,98.34,296.75,5.31
4,310.00,149,362.74,185.99,6.26
4,320.00,0,853.83,467.12,0.00
4,320.00,1,366.18,250.34,18.29
4,320.00,2,495.64,597.03,9.29
4,320.00,3,760.08,918.70,19.81
4,320.00,4,273.28,517.23,17.93
4,320.00,5,186.72,630.76,15.35
4,320.00,6,779.51,826.56,0.00
4,320.00,7,671.61,422.24,14.47
4,320.00,8,276.42,535.11,7.36
4,320.00,9,646.16,627.09,24.46
4,320.00,10,985.02,14.63,0.00
4,320.00,11,115.93,546.35,21.26
4,320.00,12,411.45,564.09,21.33
4,320.00,13,97.54,415.17,0.00
4,320.00,14,501.76,702.01,12.77
4,320.00,15,736.30,416.64,10.47
4,320.00,16,908.32,295.27,6.04
4,320.00,17,613.67,596.52,0.00
4,320.00,18,508.57,444.88,6.77
4,320.00,19,704.80,59.92,0.00
4,320.00,20,115.98,836.80,24.06
4,320.00,21,419.15,608.25,10.70
4,320.00,22,491.99,770.50,16.96
4,320.00,23,268.15,436.68,5.34
4,320.00,24,33.00,925.39,0.00
4,320.00,25,597.21,332.38,17.70
4,320.00,26,717.71,477.04,6.81
4,320.00,27,388.13,9.22,0.00
4,320.00,28,127.71,339.81,0.00
4,320.00,29,531.29,561.40,17.28
4,320.00,30,126.07,910.47,0.00
4,320.00,31,815.36,983.23,0.00
4,320.00,32,874.77,275.34,14.20
4,320.00,33,716.12,591.67,0.00
4,320.00,34,525.93,542.77,5.76
4,320.00,35,825.99,663.17,6.05
4,320.00,36,755.83,315.66,12.72
4,320.00,37,782.66,706.66,0.00
4,320.00,38,829.32,654.28,6.08
4,320.00,39,783.95,434.45,5.96
4,320.00,40,436.12,632.31,0.00
4,320.00,41,645.41,517.83,11.18
4,320.00,42,942.34,138.63,6.69
4,320.00,43,647.33,630.59,13.67
4,320.00,44,428.08,611.52,9.81
4,320.00,45,545.15,580.38,8.90
4,320.00,46,607.79,804.96,23.20
4,320.00,47,934.83,678.09,0.00
4,320.00,48,260.53,625.22,5.22
4,320.00,49,430.70,618.56,9.23
4,320.00,50,808.93,803.20,6.24
4,320.00,51,329.64,418.09,19.03
4,320.00,52,442.86,621.04,6.38
4,320.00,53,706.71,781.73,19.73
4,320.00,54,238.13,301.14,7.42
4,320.00,55,350.21,766.15,5.71
4,320.00,56,903.55,395.36,0.00
4,320.00,57,831.29,320.78,7.07
4,320.00,58,999.33,807.89,0.00
4,320.00,59,204.70,639.64,9.56
4,320.00,60,834.95,816.60,0.00
4,320.00,61,432.53,143.99,20.95
4,320.00,62,904.04,781.04,13.67
4,320.00,63,756.79,116.44,8.66
4,320.00,64,130.99,913.55,0.00
4,320.00,65,588.89,538.55,13.02
4,320.00,66,605.26,200.40,0.00
4,320.00,67,823.47,754.17,14.26
4,320.00,68,558.48,519.18,0.00
4,320.00,69,912.19,115.50,9.62
4,320.00,70,226.07,822.32,14.03
4,320.00,71,827.74,423.66,11.84
4,320.00,72,838.97,572.48,0.00
4,320.00,73,719.85,88.62,0.00
4,320.00,74,284.95,859.06,5.22
4,320.00,75,826.30,270.06,9.34
4,320.00,76,458.40,611.09,20.88
4,320.00,77,108.46,478.55,0.00
4,320.00,78,1.98,948.43,11.59
4,320.00,79,512.73,366.09,19.13
4,320.00,80,964.19,298.92,24.01
4,320.00,81,549.01,260.25,0.00
4,320.00,82,463.74,867.31,14.53
4,320.00,83,244.77,456.47,5.03
4,320.00,84,246.03,259.80,6.44
4,320.00,85,68.59,196.43,15.03
4,320.00,86,628.27,296.91,18.10
4,320.00,87,652.80,151.66,5.60
4,320.00,88,634.09,398.37,8.66
4,320.00,89,496.51,907.42,9.27
4,320.00,90,812.49,633.03,5.05
4,320.00,91,411.22,255.59,0.00
4,320.00,92,416.12,856.51,9.39
4,320.00,93,287.26,775.13,21.09
4,320.00,94,206.00,341.81,0.00
4,320.00,95,519.69,264.37,9.05
4,320.00,96,174.36,309.97,0.00
4,320.00,97,286.69,246.85,10.04
4,320.00,98,640.22,148.09,0.00
4,320.00,99,231.11,277.51,6.84
4,320.00,100,360.00,415.30,6.63
4,320.00,101,935.55,59.79,24.26
4,320.00,102,923.75,910.46,21.33
4,320.00,103,519.65,412.32,14.83
4,320.00,104,516.52,158.22,22.46
4,320.00,105,585.85,316.33,8.22
4,320.00,106,138.16,720.97,14.58
4,320.00,107,232.17,833.18,23.82
4,320.00,108,692.11,796.93,15.34
4,320.00,109,240.59,237.61,21.55
4,320.00,110,502.03,483.29,12.51
4,320.00,111,724.13,213.50,14.05
4,320.00,112,118.56,213.00,7.96
4,320.00,113,900.60,568.59,0.00
4,320.00,114,505.41,377.08,9.52
4,320.00,115,122.19,593.63,6.37
4,320.00,116,195.71,342.23,7.43
4,320.00,117,837.38,633.28,0.00
4,320.00,118,334.18,442.65,10.65
4,320.00,119,562.65,757.58,10.90
4,320.00,120,199.97,131.60,5.34
4,320.00,121,837.24,493.07,22.52
4,320.00,122,403.31,118.68,6.22
4,320.00,123,781.61,640.12,10.24
4,320.00,124,680.70,63.66,17.69
4,320.00,125,728.09,296.30,6.79
4,320.00,126,685.25,259.71,6.95
4,320.00,127,607.61,580.85,17.03
4,320.00,128,881.86,887.69,7.17
4,320.00,129,428.68,437.54,22.24
4,320.00,130,518.82,709.53,0.00
4,320.00,131,695.59,125.44,11.69
4,320.00,132,911.81,595.77,12.26
4,320.00,133,283.17,146.21,0.00
4,320.00,134,757.88,360.05,21.60
4,320.00,135,452.60,396.80,12.83
4,320.00,136,650.40,722.65,11.31
4,320.00,137,842.93,566.65,0.00
4,320.00,138,639.18,671.14,22.39
4,320.00,139,488.97,585.30,19.78
4,320.00,140,274.62,764.67,0.00
4,320.00,141,381.74,446.94,6.54
4,320.00,142,103.90,804.25,0.00
4,320.00,143,670.34,259.65,5.69
4,320.00,144,352.34,847.66,0.00
4,320.00,145,417.20,383.49,14.80
4,320.00,146,577.02,870.46,9.80
4,320.00,147,594.59,582.31,17.88
4,320.00,148,112.81,347.80,5.31
4,320.00,149,418.83,158.10,6.26
4,330.00,0,777.26,480.18,13.44
4,330.00,1,265.66,97.58,18.29
4,330.00,2,565.91,657.75,9.29
4,330.00,3,895.90,944.37,0.00
4,330.00,4,123.13,419.30,17.93
4,330.00,5,76.21,591.25,0.00
4,330.00,6,770.49,822.90,8.70
4,330.00,7,801.40,358.23,14.47
4,330.00,8,217.50,490.93,7.36
4,330.00,9,406.63,676.43,24.46
4,330.00,10,970.41,72.86,6.31
4,330.00,11,151.08,756.02,21.26
4,330.00,12,327.61,367.97,21.33
4,330.00,13,150.99,438.33,6.57
4,330.00,14,386.87,757.68,12.77
4,330.00,15,764.10,389.29,0.00
4,330.00,16,916.20,289.62,0.00
4,330.00,17,540.72,800.78,23.24
4,330.00,18,450.68,409.87,6.77
4,330.00,19,596.55,96.19,24.09
4,330.00,20,10.05,922.83,0.00
4,330.00,21,525.80,599.16,10.70
4,330.00,22,644.82,696.88,16.96
4,330.00,23,214.89,432.66,5.34
4,330.00,24,84.16,879.71,7.16
4,330.00,25,603.78,356.93,0.00
4,330.00,26,705.52,410.08,6.81
4,330.00,27,370.37,47.55,7.28
4,330.00,28,140.29,361.26,18.63
4,330.00,29,638.05,425.59,17.28
4,330.00,30,195.87,896.54,23.90
4,330.00,31,814.72,960.85,9.85
4,330.00,32,733.22,264.18,14.20
4,330.00,33,699.37,564.87,6.91
4,330.00,34,469.29,532.04,5.76
4,330.00,35,809.17,721.29,6.05
4,330.00,36,722.59,192.88,12.72
4,330.00,37,733.77,748.98,17.79
4,330.00,38,841.77,670.10,0.00
4,330.00,39,809.02,380.39,5.96
4,330.00,40,459.74,598.00,24.21
4,330.00,41,612.56,410.97,11.18
4,330.00,42,946.75,71.86,6.69
4,330.00,43,646.24,633.16,0.00
4,330.00,44,467.69,521.79,9.81
4,330.00,45,505.84,660.20,8.90
4,330.00,46,549.81,858.80,0.00
4,330.00,47,934.09,667.70,10.44
4,330.00,48,208.98,633.34,5.22
4,330.00,49,517.83,648.92,9.23
4,330.00,50,746.55,805.31,6.24
4,330.00,51,155.35,341.75,19.03
4,330.00,52,381.98,601.97,6.38
4,330.00,53,591.37,881.54,0.00
4,330.00,54,191.43,243.43,7.42
4,330.00,55,334.85,806.51,0.00
4,330.00,56,819.54,453.19,13.48
4,330.00,57,895.98,292.29,7.07
4,330.00,58,957.11,778.39,13.22
4,330.00,59,216.53,544.72,9.56
4,330.00,60,862.36,750.78,24.30
4,330.00,61,494.93,343.95,20.95
4,330.00,62,998.52,861.21,0.00
4,330.00,63,671.61,132.14,8.66
4,330.00,64,128.99,915.91,8.31
4,330.00,65,464.15,575.70,13.02
4,330.00,66,762.88,293.25,23.01
4,330.00,67,681.49,767.23,14.26
4,330.00,68,477.91,387.85,18.58
4,330.00,69,931.76,21.30,9.62
4,330.00,70,183.65,812.16,0.00
4,330.00,71,779.98,497.99,0.00
4,330.00,72,787.69,554.84,19.19
4,330.00,73,716.00,115.40,6.68
4,330.00,74,323.41,893.50,0.00
4,330.00,75,755.07,330.41,9.34
4,330.00,76,666.13,590.31,20.88
4,330.00,77,215.47,496.87,14.63
4,330.00,78,0.49,949.25,0.00
4,330.00,79,509.09,557.31,19.13
4,330.00,80,981.01,218.00,0.00
4,330.00,81,621.13,336.22,13.61
4,330.00,82,321.29,896.22,14.53
4,330.00,83,206.98,423.30,5.03
4,330.00,84,191.78,294.55,6.44
4,330.00,85,26.01,105.36,0.00
4,330.00,86,453.67,249.39,18.10
4,330.00,87,597.86,140.75,5.60
4,330.00,88,632.29,399.89,0.00
4,330.00,89,454.98,824.57,9.27
4,330.00,90,850.85,600.15,5.05
4,330.00,91,359.99,364.16,24.64
4,330.00,92,361.58,858.89,0.00
4,330.00,93,435.30,624.87,21.09
4,330.00,94,235.25,398.36,13.26
4,330.00,95,590.60,320.57,9.05
4,330.00,96,172.10,332.90,6.84
4,330.00,97,238.08,334.69,10.04
4,330.00,98,630.20,167.15,20.75
4,330.00,99,223.12,274.45,0.00
4,330.00,100,342.53,479.30,6.63
4,330.00,101,936.51,302.37,24.26
4,330.00,102,957.41,959.14,0.00
4,330.00,103,409.28,313.29,14.83
4,330.00,104,553.74,379.71,22.46
4,330.00,105,662.66,287.09,8.22
4,330.00,106,21.90,763.87,0.00
4,330.00,107,271.86,999.90,0.00
4,330.00,108,735.96,901.86,0.00
4,330.00,109,172.79,95.30,0.00
4,330.00,110,503.34,488.08,0.00
4,330.00,111,751.85,75.76,14.05
4,330.00,112,50.04,253.57,7.96
4,330.00,113,826.26,551.73,9.16
4,330.00,114,411.30,362.71,9.52
4,330.00,115,129.65,530.39,6.37
4,330.00,116,210.60,269.45,7.43
4,330.00,117,737.89,590.74,23.50
4,330.00,118,371.36,342.86,10.65
4,330.00,119,630.40,672.24,10.90
4,330.00,120,238.93,168.08,5.34
4,330.00,121,840.95,486.67,0.00
4,330.00,122,402.93,106.59,0.00
4,330.00,123,786.63,537.79,10.24
4,330.00,124,857.36,73.50,17.69
4,330.00,125,772.58,245.02,6.79
4,330.00,126,694.63,257.87,0.00
4,330.00,127,546.83,669.94,0.00
4,330.00,128,850.63,823.11,7.17
4,330.00,129,599.27,580.16,22.24
4,330.00,130,548.79,576.56,24.25
4,330.00,131,663.02,237.67,11.69
4,330.00,132,804.08,537.25,12.26
4,330.00,133,342.58,226.04,11.62
4,330.00,134,696.97,564.45,0.00
4,330.00,135,440.45,269.09,12.83
4,330.00,136,649.76,609.54,11.31
4,330.00,137,653.41,519.56,19.57
4,330.00,138,654.34,632.35,0.00
4,330.00,139,625.01,441.74,19.78
4,330.00,140,388.46,650.17,20.66
4,330.00,141,444.38,465.69,6.54
4,330.00,142,99.23,835.30,16.61
4,330.00,143,674.80,245.35,0.00
4,330.00,144,400.47,874.86,14.78
4,330.00,145,564.72,395.73,14.80
4,330.00,146,546.22,963.46,9.80
4,330.00,147,456.37,468.82,17.88
4,330.00,148,127.28,398.85,5.31
4,330.00,149,474.92,130.20,6.26
4,340.00,0,644.82,502.76,13.44
4,340.00,1,258.10,86.10,0.00
4,340.00,2,610.85,696.57,0.00
4,340.00,3,884.81,930.75,5.81
4,340.00,4,112.14,412.14,0.00
4,340.00,5,117.19,616.03,20.33
4,340.00,6,689.87,790.13,8.70
4,340.00,7,896.41,311.39,0.00
4,340.00,8,158.58,446.76,7.36
4,340.00,9,167.11,725.76,24.46
4,340.00,10,955.05,134.10,6.31
4,340.00,11,153.32,769.41,0.00
4,340.00,12,243.76,171.85,21.33
4,340.00,13,177.76,449.94,0.00
4,340.00,14,271.98,813.35,12.77
4,340.00,15,678.49,290.75,20.80
4,340.00,16,913.06,467.11,21.15
4,340.00,17,527.01,839.15,0.00
4,340.00,18,392.79,374.85,6.77
4,340.00,19,368.10,172.75,24.09
4,340.00,20,39.90,879.88,12.08
4,340.00,21,632.45,590.08,10.70
4,340.00,22,797.64,623.27,16.96
4,340.00,23,161.63,428.64,5.34
4,340.00,24,137.56,832.03,7.16
4,340.00,25,753.78,411.30,18.63
4,340.00,26,693.32,343.12,6.81
4,340.00,27,339.78,113.59,7.28
4,340.00,28,234.56,521.95,18.63
4,340.00,29,727.48,311.82,0.00
4,340.00,30,430.28,849.75,23.90
4,340.00,31,811.89,862.36,9.85
4,340.00,32,591.67,253.02,14.20
4,340.00,33,662.75,506.27,6.91
4,340.00,34,412.65,521.31,5.76
4,340.00,35,792.34,779.41,6.05
4,340.00,36,692.48,81.65,0.00
4,340.00,37,599.32,865.39,17.79
4,340.00,38,833.60,607.06,9.50
4,340.00,39,834.09,326.33,5.96
4,340.00,40,597.03,398.63,24.21
4,340.00,41,579.71,304.11,11.18
4,340.00,42,949.38,32.10,0.00
4,340.00,43,569.29,628.16,7.87
4,340.00,44,507.31,432.05,9.81
4,340.00,45,469.45,734.09,0.00
4,340.00,46,508.49,731.93,20.25
4,340.00,47,926.69,563.53,10.44
4,340.00,48,157.43,641.47,5.22
4,340.00,49,604.97,679.29,9.23
4,340.00,50,684.16,807.42,6.24
4,340.00,51,44.46,293.19,0.00
4,340.00,52,321.10,582.91,6.38
4,340.00,53,561.41,866.73,14.72
4,340.00,54,144.73,185.72,7.42
4,340.00,55,348.77,781.47,11.77
4,340.00,56,708.54,529.60,13.48
4,340.00,57,911.77,285.34,0.00
4,340.00,58,848.77,702.66,13.22
4,340.00,59,219.50,520.87,0.00
4,340.00,60,947.81,545.58,0.00
4,340.00,61,504.76,375.44,0.00
4,340.00,62,988.19,851.14,15.40
4,340.00,63,586.43,147.84,8.66
4,340.00,64,99.31,951.08,0.00
4,340.00,65,339.41,612.84,13.02
4,340.00,66,853.88,346.86,0.00
4,340.00,67,539.51,780.30,14.26
4,340.00,68,380.74,229.44,18.58
4,340.00,69,933.22,14.27,0.00
4,340.00,70,255.81,805.10,10.52
4,340.00,71,732.91,500.18,18.58
4,340.00,72,606.21,492.38,19.19
4,340.00,73,706.48,181.55,6.68
4,340.00,74,323.18,892.73,7.53
4,340.00,75,683.84,390.76,9.34
4,340.00,76,754.77,581.45,0.00
4,340.00,77,359.65,521.55,14.63
4,340.00,78,115.77,852.07,15.30
4,340.00,79,505.46,748.53,19.13
4,340.00,80,910.95,204.17,10.89
4,340.00,81,714.87,434.96,13.61
4,340.00,82,282.96,903.99,0.00
4,340.00,83,169.19,390.13,5.03
4,340.00,84,137.53,329.30,6.44
4,340.00,85,28.98,130.17,7.55
4,340.00,86,279.06,201.87,18.10
4,340.00,87,542.92,129.83,5.60
4,340.00,88,580.87,566.98,17.97
4,340.00,89,413.45,741.72,9.27
4,340.00,90,889.20,567.27,5.05
4,340.00,91,254.81,587.01,24.64
4,340.00,92,343.23,789.15,17.22
4,340.00,93,583.34,474.62,21.09
4,340.00,94,296.19,516.15,13.26
4,340.00,95,661.52,376.77,9.05
4,340.00,96,165.37,401.01,6.84
4,340.00,97,189.47,422.52,10.04
4,340.00,98,533.64,350.81,20.75
4,340.00,99,342.07,127.01,21.66
4,340.00,100,325.05,543.31,6.63
4,340.00,101,937.48,544.95,24.26
4,340.00,102,891.75,910.36,11.32
4,340.00,103,298.91,214.25,14.83
4,340.00,104,590.95,601.20,22.46
4,340.00,105,739.48,257.85,8.22
4,340.00,106,52.50,759.88,20.60
4,340.00,107,296.55,989.82,9.51
4,340.00,108,734.20,884.63,6.70
4,340.00,109,205.06,111.14,13.40
4,340.00,110,695.78,610.71,23.76
4,340.00,111,760.58,32.37,0.00
4,340.00,112,14.74,274.47,0.00
4,340.00,113,736.94,531.47,9.16
4,340.00,114,317.18,348.34,9.52
4,340.00,115,137.11,467.14,6.37
4,340.00,116,225.49,196.68,7.43
4,340.00,117,521.82,498.35,23.50
4,340.00,118,408.54,243.07,10.65
4,340.00,119,698.14,586.91,10.90
4,340.00,120,277.89,204.56,5.34
4,340.00,121,898.71,357.85,0.00
4,340.00,122,380.41,223.68,14.80
4,340.00,123,791.65,435.47,10.24
4,340.00,124,949.45,78.63,0.00
4,340.00,125,817.07,193.74,6.79
4,340.00,126,587.50,301.25,13.40
4,340.00,127,560.66,641.63,8.59
4,340.00,128,819.39,758.53,7.17
4,340.00,129,769.87,722.79,22.24
4,340.00,130,602.10,339.96,24.25
4,340.00,131,630.46,349.90,11.69
4,340.00,132,696.35,478.72,12.26
4,340.00,133,411.94,319.23,11.62
4,340.00,134,698.05,566.69,20.07
4,340.00,135,436.42,226.75,0.00
4,340.00,136,649.11,496.43,11.31
4,340.00,137,463.44,472.35,19.57
4,340.00,138,568.91,700.20,13.40
4,340.00,139,761.05,298.18,19.78
4,340.00,140,534.16,503.64,20.66
4,340.00,141,507.02,484.44,6.54
4,340.00,142,84.90,930.63,0.00
4,340.00,143,629.28,314.73,11.26
4,340.00,144,529.10,947.57,14.78
4,340.00,145,712.24,407.97,14.80
4,340.00,146,545.79,964.74,0.00
4,340.00,147,318.15,355.33,17.88
4,340.00,148,141.75,449.90,5.31
4,340.00,149,517.63,108.96,0.00
4,350.00,0,512.38,525.34,13.44
4,350.00,1,367.58,232.24,19.74
4,350.00,2,559.25,636.06,22.05
4,350.00,3,848.10,885.68,5.81
4,350.00,4,192.62,355.54,10.62
4,350.00,5,291.18,721.25,20.33
4,350.00,6,609.25,757.37,8.70
4,350.00,7,881.50,321.01,6.62
4,350.00,8,99.66,402.59,7.36
4,350.00,9,26.75,754.67,0.00
4,350.00,10,939.68,195.34,6.31
4,350.00,11,219.79,697.86,10.43
4,350.00,12,185.75,36.16,0.00
4,350.00,13,293.70,431.68,21.12
4,350.00,14,157.09,869.02,12.77
4,350.00,15,542.06,133.72,20.80
4,350.00,16,909.31,678.58,21.15
4,350.00,17,656.21,862.34,15.92
4,350.00,18,334.89,339.84,6.77
4,350.00,19,320.60,188.67,0.00
4,350.00,20,108.87,780.69,12.08
4,350.00,21,739.09,580.99,10.70
4,350.00,22,827.34,608.96,0.00
4,350.00,23,115.52,425.16,0.00
4,350.00,24,190.97,784.34,7.16
4,350.00,25,928.93,474.78,18.63
4,350.00,26,681.12,276.17,6.81
4,350.00,27,309.18,179.63,7.28
4,350.00,28,319.93,667.48,0.00
4,350.00,29,721.31,323.30,8.03
4,350.00,30,664.70,802.96,23.90
4,350.00,31,809.05,763.87,9.85
4,350.00,32,450.12,241.86,14.20
4,350.00,33,626.14,447.67,6.91
4,350.00,34,356.00,510.58,5.76
4,350.00,35,775.52,837.53,6.05
4,350.00,36,680.45,101.04,24.27
4,350.00,37,464.86,981.81,17.79
4,350.00,38,821.39,512.85,9.50
4,350.00,39,859.17,272.27,5.96
4,350.00,40,734.31,199.26,24.21
4,350.00,41,574.90,288.47,0.00
4,350.00,42,905.09,48.07,11.64
4,350.00,43,490.73,623.05,7.87
4,350.00,44,546.93,342.32,9.81
4,350.00,45,459.93,740.79,15.65
4,350.00,46,445.78,539.38,20.25
4,350.00,47,919.30,459.37,10.44
4,350.00,48,105.88,649.59,5.22
4,350.00,49,659.48,698.28,0.00
4,350.00,50,621.78,809.54,6.24
4,350.00,51,75.67,314.08,10.32
4,350.00,52,260.21,563.85,6.38
4,350.00,53,429.45,801.49,14.72
4,350.00,54,98.03,128.01,7.42
4,350.00,55,405.94,678.62,11.77
4,350.00,56,597.54,606.01,13.48
4,350.00,57,853.12,332.75,9.98
4,350.00,58,740.42,626.94,13.22
4,350.00,59,277.88,481.90,9.37
4,350.00,60,943.88,541.07,7.03
4,350.00,61,643.46,247.57,22.39
4,350.00,62,877.89,743.65,15.40
4,350.00,63,501.26,163.54,8.66
4,350.00,64,128.27,921.95,9.21
4,350.00,65,214.67,649.99,13.02
4,350.00,66,809.44,359.85,8.56
4,350.00,67,397.53,793.36,14.26
4,350.00,68,283.56,71.04,18.58
4,350.00,69,781.71,119.75,19.95
4,350.00,70,360.54,794.85,10.52
4,350.00,71,547.35,508.79,18.58
4,350.00,72,468.00,444.81,0.00
4,350.00,73,696.97,247.69,6.68
4,350.00,74,301.00,820.73,7.53
4,350.00,75,612.60,451.12,9.34
4,350.00,76,686.53,457.34,24.71
4,350.00,77,503.83,546.22,14.63
4,350.00,78,232.75,753.46,15.30
4,350.00,79,502.49,904.47,0.00
4,350.00,80,840.50,190.28,0.00
4,350.00,81,808.60,533.69,13.61
4,350.00,82,324.44,741.20,22.98
4,350.00,83,131.40,356.96,5.03
4,350.00,84,83.28,364.05,6.44
4,350.00,85,33.18,165.31,0.00
4,350.00,86,105.33,154.58,0.00
4,350.00,87,487.98,118.92,5.60
4,350.00,88,539.31,702.01,0.00
4,350.00,89,371.91,658.87,9.27
4,350.00,90,927.56,534.40,5.05
4,350.00,91,149.64,809.85,24.64
4,350.00,92,299.42,622.59,17.22
4,350.00,93,731.38,324.36,21.09
4,350.00,94,357.13,633.95,13.26
4,350.00,95,732.43,432.96,9.05
4,350.00,96,158.65,469.13,6.84
4,350.00,97,140.86,510.36,10.04
4,350.00,98,437.07,534.47,20.75
4,350.00,99,358.92,106.11,0.00
4,350.00,100,307.58,607.31,6.63
4,350.00,101,938.45,787.53,24.26
4,350.00,102,800.89,842.84,11.32
4,350.00,103,188.54,115.22,14.83
4,350.00,104,628.16,822.69,22.46
4,350.00,105,816.30,228.60,8.22
4,350.00,106,256.74,733.20,20.60
4,350.00,107,384.57,953.87,9.51
4,350.00,108,727.39,818.00,6.70
4,350.00,109,325.33,170.15,13.40
4,350.00,110,896.17,738.41,23.76
4,350.00,111,759.17,67.18,5.09
4,350.00,112,14.45,323.04,10.02
4,350.00,113,647.62,511.22,9.16
4,350.00,114,223.07,333.97,9.52
4,350.00,115,144.57,403.90,6.37
4,350.00,116,240.38,123.90,7.43
4,350.00,117,305.74,405.96,23.50
4,350.00,118,445.72,143.29,10.65
4,350.00,119,765.89,501.57,10.90
4,350.00,120,316.85,241.04,5.34
4,350.00,121,852.91,366.37,17.42
4,350.00,122,352.45,369.04,14.80
4,350.00,123,796.68,333.15,10.24
4,350.00,124,848.64,116.30,22.48
4,350.00,125,861.56,142.47,6.79
4,350.00,126,463.27,351.56,13.40
4,350.00,127,598.36,564.44,8.59
4,350.00,128,788.16,693.95,7.17
4,350.00,129,845.05,785.64,0.00
4,350.00,130,655.41,103.37,24.25
4,350.00,131,597.89,462.12,11.69
4,350.00,132,588.62,420.19,12.26
4,350.00,133,481.30,412.43,11.62
4,350.00,134,784.94,747.57,20.07
4,350.00,135,460.19,142.51,13.09
4,350.00,136,648.47,383.32,11.31
4,350.00,137,273.47,425.14,19.57
4,350.00,138,463.95,783.56,13.40
4,350.00,139,830.93,224.42,0.00
4,350.00,140,679.85,357.10,20.66
4,350.00,141,569.66,503.19,6.54
4,350.00,142,168.43,880.19,23.25
4,350.00,143,567.50,408.89,11.26
4,350.00,144,549.77,959.25,0.00
4,350.00,145,738.87,410.18,0.00
4,350.00,146,500.78,743.81,22.86
4,350.00,147,200.89,259.05,0.00
4,350.00,148,156.22,500.95,5.31
4,350.00,149,519.81,129.28,8.57
4,360.00,0,462.83,533.79,0.00
4,360.00,1,485.96,390.26,19.74
4,360.00,2,498.71,565.06,0.00
4,360.00,3,811.40,840.62,5.81
4,360.00,4,279.46,294.48,10.62
4,360.00,5,465.18,826.46,20.33
4,360.00,6,528.64,724.61,8.70
4,360.00,7,825.88,356.90,6.62
4,360.00,8,65.32,376.85,0.00
4,360.00,9,71.07,738.79,11.37
4,360.00,10,924.32,256.57,6.31
4,360.00,11,290.79,621.42,10.43
4,360.00,12,207.54,52.41,8.82
4,360.00,13,502.32,398.83,21.12
4,360.00,14,43.30,924.15,0.00
4,360.00,15,470.82,51.72,0.00
4,360.00,16,907.48,781.38,0.00
4,360.00,17,812.87,890.45,15.92
4,360.00,18,277.00,304.82,6.77
4,360.00,19,305.93,226.25,5.09
4,360.00,20,177.83,681.49,12.08
4,360.00,21,830.69,573.19,0.00
4,360.00,22,861.76,666.30,8.30
4,360.00,23,130.32,411.26,15.14
4,360.00,24,244.37,736.65,7.16
4,360.00,25,995.22,498.80,0.00
4,360.00,26,668.93,209.21,6.81
4,360.00,27,278.59,245.67,7.28
4,360.00,28,315.98,658.82,10.08
4,360.00,29,683.31,394.02,8.03
4,360.00,30,871.52,761.68,0.00
4,360.00,31,806.22,665.39,9.85
4,360.00,32,308.57,230.70,14.20
4,360.00,33,589.52,389.07,6.91
4,360.00,34,299.36,499.85,5.76
4,360.00,35,758.70,895.65,6.05
4,360.00,36,552.47,307.31,24.27
4,360.00,37,459.85,986.14,0.00
4,360.00,38,809.18,418.63,9.50
4,360.00,39,884.24,218.21,5.96
4,360.00,40,869.74,2.57,0.00
4,360.00,41,457.93,433.31,21.81
4,360.00,42,795.62,87.56,11.64
4,360.00,43,412.17,617.94,7.87
4,360.00,44,586.55,252.58,9.81
4,360.00,45,360.57,810.68,0.00
4,360.00,46,383.06,346.82,20.25
4,360.00,47,911.91,355.21,10.44
4,360.00,48,54.33,657.71,5.22
4,360.00,49,695.91,676.68,11.31
4,360.00,50,559.40,811.65,6.24
4,360.00,51,151.92,365.12,0.00
4,360.00,52,199.33,544.78,6.38
4,360.00,53,297.49,736.24,14.72
4,360.00,54,63.88,85.81,0.00
4,360.00,55,463.10,575.78,11.77
4,360.00,56,486.55,682.42,13.48
4,360.00,57,775.53,395.49,9.98
4,360.00,58,632.07,551.21,13.22
4,360.00,59,355.85,429.86,9.37
4,360.00,60,897.68,488.12,7.03
4,360.00,61,808.08,95.81,22.39
4,360.00,62,767.60,636.16,15.40
4,360.00,63,416.08,179.24,8.66
4,360.00,64,193.18,856.66,9.21
4,360.00,65,109.04,681.45,0.00
4,360.00,66,727.31,383.84,8.56
4,360.00,67,255.55,806.43,14.26
4,360.00,68,271.90,52.04,0.00
4,360.00,69,617.97,233.75,19.95
4,360.00,70,465.26,784.60,10.52
4,360.00,71,361.78,517.41,18.58
4,360.00,72,478.52,473.96,13.00
4,360.00,73,687.45,313.84,6.68
4,360.00,74,278.82,748.73,7.53
4,360.00,75,541.37,511.47,9.34
4,360.00,76,567.50,240.86,24.71
4,360.00,77,648.01,570.90,14.63
4,360.00,78,349.73,654.85,15.30
4,360.00,79,534.15,900.75,17.28
4,360.00,80,788.40,206.34,16.00
4,360.00,81,809.20,534.33,0.00
4,360.00,82,381.20,518.47,22.98
4,360.00,83,93.61,323.79,5.03
4,360.00,84,29.02,398.80,6.44
4,360.00,85,125.90,241.10,22.55
4,360.00,86,105.01,155.32,15.90
4,360.00,87,433.03,108.00,5.60
4,360.00,88,495.95,710.42,20.65
4,360.00,89,330.38,576.02,9.27
4,360.00,90,965.32,502.03,0.00
4,360.00,91,128.93,853.73,0.00
4,360.00,92,255.61,456.02,17.22
4,360.00,93,806.07,248.55,0.00
4,360.00,94,418.08,751.74,13.26
4,360.00,95,803.34,489.16,9.05
4,360.00,96,151.93,537.25,6.84
4,360.00,97,92.25,598.20,10.04
4,360.00,98,340.50,718.13,20.75
4,360.00,99,419.41,178.32,10.75
4,360.00,100,290.11,671.32,6.63
4,360.00,101,939.20,978.29,0.00
4,360.00,102,710.02,775.33,11.32
4,360.00,103,125.22,58.40,0.00
4,360.00,104,654.19,977.58,0.00
4,360.00,105,893.11,199.36,8.22
4,360.00,106,460.98,706.52,20.60
4,360.00,107,472.58,917.92,9.51
4,360.00,108,720.58,751.36,6.70
4,360.00,109,445.60,229.17,13.40
4,360.00,110,908.09,746.00,0.00
4,360.00,111,757.10,117.99,5.09
4,360.00,112,14.44,324.46,0.00
4,360.00,113,620.45,505.05,0.00
4,360.00,114,220.55,333.58,0.00
4,360.00,115,152.03,340.66,6.37
4,360.00,116,255.27,51.12,7.43
4,360.00,117,178.60,351.60,0.00
4,360.00,118,463.84,94.68,0.00
4,360.00,119,833.63,416.24,10.90
4,360.00,120,355.81,277.52,5.34
4,360.00,121,681.65,398.22,17.42
4,360.00,122,333.54,467.35,0.00
4,360.00,123,801.70,230.83,10.24
4,360.00,124,638.06,195.01,22.48
4,360.00,125,906.05,91.19,6.79
4,360.00,126,339.05,401.87,13.40
4,360.00,127,636.07,487.26,8.59
4,360.00,128,756.92,629.37,7.17
4,360.00,129,738.40,711.79,23.20
4,360.00,130,673.43,23.42,0.00
4,360.00,131,583.05,513.25,0.00
4,360.00,132,480.89,361.66,12.26
4,360.00,133,533.42,482.47,0.00
4,360.00,134,801.23,781.48,0.00
4,360.00,135,492.64,27.48,0.00
4,360.00,136,647.83,270.21,11.31
4,360.00,137,83.51,377.93,19.57
4,360.00,138,359.00,866.92,13.40
4,360.00,139,821.33,247.50,5.14
4,360.00,140,717.82,318.91,0.00
4,360.00,141,632.31,521.94,6.54
4,360.00,142,367.49,760.01,23.25
4,360.00,143,505.72,503.05,11.26
4,360.00,144,580.56,790.88,20.39
4,360.00,145,687.01,379.92,7.33
4,360.00,146,455.13,519.79,22.86
4,360.00,147,189.29,284.49,18.43
4,360.00,148,161.35,519.03,0.00
4,360.00,149,528.93,214.49,8.57
4,370.00,0,429.41,593.22,10.89
4,370.00,1,604.34,548.28,19.74
4,370.00,2,549.52,582.62,9.32
4,370.00,3,774.70,795.56,5.81
4,370.00,4,366.29,233.42,10.62
4,370.00,5,496.61,845.47,0.00
4,370.00,6,448.02,691.84,8.70
4,370.00,7,770.25,392.78,6.62
4,370.00,8,89.77,399.79,8.04
4,370.00,9,178.11,700.44,11.37
4,370.00,10,908.96,317.81,6.31
4,370.00,11,361.79,544.99,10.43
4,370.00,12,278.24,105.17,8.82
4,370.00,13,672.40,372.04,0.00
4,370.00,14,44.32,923.02,15.89
4,370.00,15,474.04,80.97,6.16
4,370.00,16,864.06,801.87,9.34
4,370.00,17,841.04,895.50,0.00
4,370.00,18,219.10,269.81,6.77
4,370.00,19,287.41,273.70,5.09
4,370.00,20,246.80,582.30,12.08
4,370.00,21,809.91,554.97,19.59
4,370.00,22,904.48,737.47,8.30
4,370.00,23,240.66,307.64,15.14
4,370.00,24,297.78,688.96,7.16
4,370.00,25,937.80,536.77,11.08
4,370.00,26,656.73,142.25,6.81
4,370.00,27,247.99,311.71,7.28
4,370.00,28,274.15,567.11,10.08
4,370.00,29,645.30,464.74,8.03
4,370.00,30,861.22,741.08,19.56
4,370.00,31,803.38,566.90,9.85
4,370.00,32,287.00,228.99,0.00
4,370.00,33,552.91,330.48,6.91
4,370.00,34,242.72,489.11,5.76
4,370.00,35,743.53,948.05,0.00
4,370.00,36,424.50,513.57,24.27
4,370.00,37,493.99,928.91,6.92
4,370.00,38,796.97,324.42,9.50
4,370.00,39,909.31,164.15,5.96
4,370.00,40,869.58,3.37,6.06
4,370.00,41,330.07,591.62,0.00
4,370.00,42,686.15,127.05,11.64
4,370.00,43,333.61,612.84,7.87
4,370.00,44,626.16,162.85,9.81
4,370.00,45,360.77,791.20,8.70
4,370.00,46,320.35,154.26,20.25
4,370.00,47,904.51,251.04,10.44
4,370.00,48,26.32,662.13,0.00
4,370.00,49,793.21,618.98,11.31
4,370.00,50,497.01,813.76,6.24
4,370.00,51,160.71,388.59,22.55
4,370.00,52,138.45,525.72,6.38
4,370.00,53,165.53,671.00,14.72
4,370.00,54,99.07,105.52,15.02
4,370.00,55,520.27,472.93,11.77
4,370.00,56,375.55,758.83,13.48
4,370.00,57,697.94,458.22,9.98
4,370.00,58,523.73,475.48,13.22
4,370.00,59,433.82,377.81,9.37
4,370.00,60,851.48,435.17,7.03
4,370.00,61,882.00,27.66,0.00
4,370.00,62,657.30,528.67,15.40
4,370.00,63,378.14,186.23,0.00
4,370.00,64,258.08,791.37,9.21
4,370.00,65,117.82,674.41,7.34
4,370.00,66,645.18,407.84,8.56
4,370.00,67,113.56,819.49,14.26
4,370.00,68,412.61,137.23,18.69
4,370.00,69,454.23,347.75,19.95
4,370.00,70,569.98,774.35,10.52
4,370.00,71,340.31,518.41,0.00
4,370.00,72,522.65,596.24,13.00
4,370.00,73,677.94,379.99,6.68
4,370.00,74,256.64,676.74,7.53
4,370.00,75,470.14,571.83,9.34
4,370.00,76,539.91,190.68,0.00
4,370.00,77,782.46,593.91,0.00
4,370.00,78,466.72,556.24,15.30
4,370.00,79,705.73,880.60,17.28
4,370.00,80,635.50,253.48,16.00
4,370.00,81,858.21,372.85,16.98
4,370.00,82,388.30,490.57,0.00
4,370.00,83,80.76,312.52,0.00
4,370.00,84,17.09,406.44,0.00
4,370.00,85,160.78,269.61,0.00
4,370.00,86,42.33,301.48,15.90
4,370.00,87,378.09,97.08,5.60
4,370.00,88,319.25,744.70,0.00
4,370.00,89,288.85,493.17,9.27
4,370.00,90,964.90,503.67,10.83
4,370.00,91,40.61,871.10,11.21
4,370.00,92,234.29,375.00,0.00
4,370.00,93,691.20,216.80,24.06
4,370.00,94,479.02,869.54,13.26
4,370.00,95,874.26,545.36,9.05
4,370.00,96,147.68,580.38,0.00
4,370.00,97,43.64,686.03,10.04
4,370.00,98,257.58,875.84,0.00
4,370.00,99,488.46,260.74,10.75
4,370.00,100,272.63,735.32,6.63
4,370.00,101,926.60,957.85,11.24
4,370.00,102,619.15,707.81,11.32
4,370.00,103,133.04,113.09,12.96
4,370.00,104,664.20,920.09,19.41
4,370.00,105,967.72,170.96,0.00
4,370.00,106,665.22,679.84,20.60
4,370.00,107,560.60,881.97,9.51
4,370.00,108,713.77,684.73,6.70
4,370.00,109,565.87,288.18,13.40
4,370.00,110,741.13,639.19,21.07
4,370.00,111,755.04,168.80,5.09
4,370.00,112,28.97,376.58,5.49
4,370.00,113,595.89,539.96,6.13
4,370.00,114,331.33,261.64,13.57
4,370.00,115,159.49,277.42,6.37
4,370.00,116,260.34,26.34,0.00
4,370.00,117,243.77,326.98,16.93
4,370.00,118,496.96,133.25,9.91
4,370.00,119,901.38,330.90,10.90
4,370.00,120,394.77,313.99,5.34
4,370.00,121,510.38,430.08,17.42
4,370.00,122,381.55,431.15,18.58
4,370.00,123,806.72,128.50,10.24
4,370.00,124,427.48,273.71,22.48
4,370.00,125,913.28,82.85,0.00
4,370.00,126,214.82,452.17,13.40
4,370.00,127,673.77,410.07,8.59
4,370.00,128,725.69,564.79,7.17
4,370.00,129,547.70,579.75,23.20
4,370.00,130,762.14,73.12,15.36
4,370.00,131,571.82,645.14,24.31
4,370.00,132,373.17,303.13,12.26
4,370.00,133,567.39,444.41,20.53
4,370.00,134,830.33,684.80,12.43
4,370.00,135,490.77,40.06,14.59
4,370.00,136,647.18,157.10,11.31
4,370.00,137,11.90,360.14,0.00
4,370.00,138,318.94,898.74,0.00
4,370.00,139,801.59,294.96,5.14
4,370.00,140,828.20,206.37,21.32
4,370.00,141,694.95,540.69,6.54
4,370.00,142,566.54,639.83,23.25
4,370.00,143,443.94,597.20,11.26
4,370.00,144,617.25,590.29,20.39
4,370.00,145,623.74,342.99,7.33
4,370.00,146,409.49,295.77,22.86
4,370.00,147,112.84,452.17,18.43
4,370.00,148,197.61,419.56,16.40
4,370.00,149,538.05,299.70,8.57
4,380.00,0,376.00,688.18,10.89
4,380.00,1,722.72,706.30,19.74
4,380.00,2,579.50,592.98,0.00
4,380.00,3,738.00,750.49,5.81
4,380.00,4,453.13,172.36,10.62
4,380.00,5,485.80,746.87,12.11
4,380.00,6,367.40,659.08,8.70
4,380.00,7,714.63,428.67,6.62
4,380.00,8,148.37,454.77,8.04
4,380.00,9,285.15,662.09,11.37
4,380.00,10,893.59,379.04,6.31
4,380.00,11,432.78,468.55,10.43
4,380.00,12,348.95,157.92,8.82
4,380.00,13,657.92,379.70,8.87
4,380.00,14,151.28,805.52,15.89
4,380.00,15,480.79,142.17,6.16
4,380.00,16,779.57,841.72,9.34
4,380.00,17,681.01,795.56,23.00
4,380.00,18,161.21,234.79,6.77
4,380.00,19,268.89,321.14,5.09
4,380.00,20,305.05,498.52,0.00
4,380.00,21,662.64,425.81,19.59
4,380.00,22,927.95,776.58,0.00
4,380.00,23,350.99,204.03,15.14
4,380.00,24,351.18,641.27,7.16
4,380.00,25,845.40,597.87,11.08
4,380.00,26,655.70,136.59,0.00
4,380.00,27,217.40,377.75,7.28
4,380.00,28,232.33,475.40,10.08
4,380.00,29,607.29,535.46,8.03
4,380.00,30,773.75,566.10,19.56
4,380.00,31,800.55,468.41,9.85
4,380.00,32,379.06,353.04,18.22
4,380.00,33,516.29,271.88,6.91
4,380.00,34,186.08,478.38,5.76
4,380.00,35,734.61,937.39,14.11
4,380.00,36,296.53,719.83,24.27
4,380.00,37,529.44,869.47,6.92
4,380.00,38,784.76,230.21,9.50
4,380.00,39,934.39,110.09,5.96
4,380.00,40,857.62,62.81,6.06
4,380.00,41,333.69,598.05,11.03
4,380.00,42,576.67,166.53,11.64
4,380.00,43,255.05,607.73,7.87
4,380.00,44,665.78,73.12,9.81
4,380.00,45,361.68,704.16,8.70
4,380.00,46,291.13,64.56,0.00
4,380.00,47,897.12,146.88,10.44
4,380.00,48,138.32,646.53,24.76
4,380.00,49,890.51,561.28,11.31
4,380.00,50,434.63,815.87,6.24
4,380.00,51,239.79,599.81,22.55
4,380.00,52,104.77,515.18,0.00
4,380.00,53,72.38,624.95,0.00
4,380.00,54,230.08,178.90,15.02
4,380.00,55,577.44,370.08,11.77
4,380.00,56,264.55,835.24,13.48
4,380.00,57,620.35,520.95,9.98
4,380.00,58,415.38,399.76,13.22
4,380.00,59,479.99,346.99,0.00
4,380.00,60,805.28,382.22,7.03
4,380.00,61,858.85,61.73,7.48
4,380.00,62,547.01,421.18,15.40
4,380.00,63,358.57,213.42,6.04
4,380.00,64,322.99,726.08,9.21
4,380.00,65,175.10,628.53,7.34
4,380.00,66,563.05,431.84,8.56
4,380.00,67,69.08,823.58,0.00
4,380.00,68,572.49,234.05,18.69
4,380.00,69,290.96,461.41,0.00
4,380.00,70,674.71,764.10,10.52
4,380.00,71,409.12,525.68,7.83
4,380.00,72,566.79,718.51,13.00
4,380.00,73,668.42,446.13,6.68
4,380.00,74,234.46,604.74,7.53
4,380.00,75,398.91,632.18,9.34
4,380.00,76,631.55,316.20,20.23
4,380.00,77,768.32,598.78,22.17
4,380.00,78,583.70,457.62,15.30
4,380.00,79,877.31,860.44,17.28
4,380.00,80,482.59,300.62,16.00
4,380.00,81,907.53,210.32,16.98
4,380.00,82,540.46,572.87,19.78
4,380.00,83,192.76,372.12,19.22
4,380.00,84,172.61,350.98,21.17
4,380.00,85,82.63,388.09,17.74
4,380.00,86,29.40,331.62,0.00
4,380.00,87,323.15,86.17,5.60
4,380.00,88,330.94,716.64,23.67
4,380.00,89,247.32,410.32,9.27
4,380.00,90,938.11,608.64,10.83
4,380.00,91,14.84,876.16,0.00
4,380.00,92,190.33,265.60,22.96
4,380.00,93,459.33,152.71,24.06
4,380.00,94,524.57,957.59,0.00
4,380.00,95,903.63,568.64,0.00
4,380.00,96,90.21,631.07,20.89
4,380.00,97,26.33,717.31,0.00
4,380.00,98,253.64,842.68,23.63
4,380.00,99,557.51,343.16,10.75
4,380.00,100,255.16,799.33,6.63
4,380.00,101,867.58,862.19,11.24
4,380.00,102,528.29,640.29,11.32
4,380.00,103,151.37,241.38,12.96
4,380.00,104,697.49,728.90,19.41
4,380.00,105,965.21,173.31,11.91
4,380.00,106,843.90,656.50,0.00
4,380.00,107,648.61,846.02,9.51
4,380.00,108,706.97,618.10,6.70
4,380.00,109,686.14,347.20,13.40
4,380.00,110,563.61,525.62,21.07
4,380.00,111,752.98,219.61,5.09
4,380.00,112,43.71,429.46,5.49
4,380.00,113,560.60,590.11,6.13
4,380.00,114,445.15,187.72,13.57
4,380.00,115,166.95,214.18,6.37
4,380.00,116,297.70,99.39,12.44
4,380.00,117,402.12,267.16,16.93
4,380.00,118,561.53,208.47,9.91
4,380.00,119,922.66,304.10,0.00
4,380.00,120,433.73,350.47,5.34
4,380.00,121,422.14,446.49,0.00
4,380.00,122,529.86,319.30,18.58
4,380.00,123,811.71,26.85,0.00
4,380.00,124,347.06,303.77,0.00
4,380.00,125,917.35,250.56,20.03
4,380.00,126,171.41,469.75,0.00
4,380.00,127,711.47,332.89,8.59
4,380.00,128,694.45,500.21,7.17
4,380.00,129,357.00,447.71,23.20
4,380.00,130,872.35,134.86,0.00
4,380.00,131,563.02,748.55,0.00
4,380.00,132,316.69,272.45,0.00
4,380.00,133,704.05,291.25,20.53
4,380.00,134,866.15,565.81,12.43
4,380.00,135,469.29,184.40,14.59
4,380.00,136,646.72,75.37,0.00
4,380.00,137,50.29,380.15,6.95
4,380.00,138,344.88,821.50,13.18
4,380.00,139,781.84,342.42,5.14
4,380.00,140,843.39,190.88,0.00
4,380.00,141,757.59,559.43,6.54
4,380.00,142,747.84,530.37,0.00
4,380.00,143,382.16,691.36,11.26
4,380.00,144,653.93,389.70,20.39
4,380.00,145,560.47,306.07,7.33
4,380.00,146,379.00,146.16,0.00
4,380.00,147,60.89,566.11,0.00
4,380.00,148,253.76,265.53,16.40
4,380.00,149,547.17,384.91,8.57
4,390.00,0,322.60,783.15,10.89
4,390.00,1,802.48,812.77,0.00
4,390.00,2,544.05,593.76,5.38
4,390.00,3,701.29,705.43,5.81
4,390.00,4,539.96,111.30,10.62
4,390.00,5,472.60,626.52,12.11
4,390.00,6,286.79,626.32,8.70
4,390.00,7,659.01,464.56,6.62
4,390.00,8,206.97,509.76,8.04
4,390.00,9,392.19,623.74,11.37
4,390.00,10,878.23,440.28,6.31
4,390.00,11,463.67,435.30,0.00
4,390.00,12,419.65,210.68,8.82
4,390.00,13,579.50,421.13,8.87
4,390.00,14,258.23,688.01,15.89
4,390.00,15,487.54,203.37,6.16
4,390.00,16,777.70,842.61,0.00
4,390.00,17,582.15,733.81,0.00
4,390.00,18,103.31,199.77,6.77
4,390.00,19,250.37,368.59,5.09
4,390.00,20,335.28,490.28,20.16
4,390.00,21,515.36,296.66,19.59
4,390.00,22,906.44,683.45,21.21
4,390.00,23,459.19,102.42,0.00
4,390.00,24,404.58,593.58,7.16
4,390.00,25,753.00,658.96,11.08
4,390.00,26,591.16,171.97,8.04
4,390.00,27,186.80,443.79,7.28
4,390.00,28,190.50,383.68,10.08
4,390.00,29,569.28,606.18,8.03
4,390.00,30,686.28,391.13,19.56
4,390.00,31,797.72,369.93,9.85
4,390.00,32,487.66,499.38,18.22
4,390.00,33,490.57,230.70,0.00
4,390.00,34,168.30,475.01,0.00
4,390.00,35,644.01,829.18,14.11
4,390.00,36,234.23,820.25,0.00
4,390.00,37,564.89,810.03,6.92
4,390.00,38,772.55,135.99,9.50
4,390.00,39,959.46,56.03,5.96
4,390.00,40,845.66,122.26,6.06
4,390.00,41,387.88,694.11,11.03
4,390.00,42,467.20,206.02,11.64
4,390.00,43,178.81,602.77,0.00
4,390.00,44,695.70,5.36,0.00
4,390.00,45,362.58,617.11,8.70
4,390.00,46,315.24,77.74,5.14
4,390.00,47,889.72,42.72,10.44
4,390.00,48,383.59,612.38,24.76
4,390.00,49,904.15,553.19,0.00
4,390.00,50,372.25,817.98,6.24
4,390.00,51,311.32,790.86,0.00
4,390.00,52,144.53,501.93,9.38
4,390.00,53,103.26,634.29,10.97
4,390.00,54,361.09,252.27,15.02
4,390.00,55,634.61,267.24,11.77
4,390.00,56,251.92,843.94,0.00
4,390.00,57,542.75,583.69,9.98
4,390.00,58,307.04,324.03,13.22
4,390.00,59,550.38,405.79,22.49
4,390.00,60,759.08,329.26,7.03
4,390.00,61,816.83,123.55,7.48
4,390.00,62,436.71,313.68,15.40
4,390.00,63,323.30,262.45,6.04
4,390.00,64,387.90,660.80,9.21
4,390.00,65,232.39,582.64,7.34
4,390.00,66,480.92,455.84,8.56
4,390.00,67,129.36,671.47,23.83
4,390.00,68,732.38,330.86,18.69
4,390.00,69,290.74,461.62,10.63
4,390.00,70,779.43,753.84,10.52
4,390.00,71,486.94,533.91,7.83
4,390.00,72,610.93,840.79,13.00
4,390.00,73,658.91,512.28,6.68
4,390.00,74,212.28,532.74,7.53
4,390.00,75,338.06,683.73,0.00
4,390.00,76,750.86,479.59,20.23
4,390.00,77,558.75,670.97,22.17
4,390.00,78,700.68,359.01,15.30
4,390.00,79,989.08,847.31,0.00
4,390.00,80,329.68,347.76,16.00
4,390.00,81,911.50,197.22,0.00
4,390.00,82,714.39,666.95,19.78
4,390.00,83,362.42,462.40,19.22
4,390.00,84,371.96,279.89,21.17
4,390.00,85,20.63,482.10,0.00
4,390.00,86,106.61,473.13,20.31
4,390.00,87,268.21,75.25,5.60
4,390.00,88,421.97,498.13,23.67
4,390.00,89,205.78,327.47,9.27
4,390.00,90,935.78,617.76,0.00
4,390.00,91,44.87,792.76,11.58
4,390.00,92,104.72,52.60,22.96
4,390.00,93,227.46,88.63,24.06
4,390.00,94,464.49,960.14,23.82
4,390.00,95,844.35,513.10,13.87
4,390.00,96,54.57,662.50,0.00
4,390.00,97,95.58,665.22,13.46
4,390.00,98,225.75,608.04,23.63
4,390.00,99,626.56,425.59,10.75
4,390.00,100,237.69,863.33,6.63
4,390.00,101,808.57,766.52,11.24
4,390.00,102,437.42,572.78,11.32
4,390.00,103,169.70,369.67,12.96
4,390.00,104,730.79,537.70,19.41
4,390.00,105,878.19,254.68,11.91
4,390.00,106,827.45,663.67,14.34
4,390.00,107,736.63,810.07,9.51
4,390.00,108,700.16,551.47,6.70
4,390.00,109,806.41,406.21,13.40
4,390.00,110,386.10,412.06,21.07
4,390.00,111,750.91,270.41,5.09
4,390.00,112,58.45,482.33,5.49
4,390.00,113,525.31,640.27,6.13
4,390.00,114,558.97,113.80,13.57
4,390.00,115,174.41,150.93,6.37
4,390.00,116,354.36,210.18,12.44
4,390.00,117,556.03,209.01,0.00
4,390.00,118,626.10,283.68,9.91
4,390.00,119,880.49,196.66,16.83
4,390.00,120,472.69,386.95,5.34
4,390.00,121,430.75,473.38,5.83
4,390.00,122,678.18,207.45,18.58
4,390.00,123,811.27,27.27,9.36
4,390.00,124,228.46,337.95,19.97
4,390.00,125,922.20,450.84,20.03
4,390.00,126,289.13,456.67,18.21
4,390.00,127,718.34,318.81,0.00
4,390.00,128,663.22,435.63,7.17
4,390.00,129,166.30,315.67,23.20
4,390.00,130,866.46,141.96,5.20
4,390.00,131,483.07,676.71,18.76
4,390.00,132,261.98,359.48,21.61
4,390.00,133,831.99,147.87,0.00
4,390.00,134,901.96,446.82,12.43
4,390.00,135,447.81,328.73,14.59
4,390.00,136,618.07,72.55,10.37
4,390.00,137,111.89,412.26,6.95
4,390.00,138,368.51,751.14,0.00
4,390.00,139,762.10,389.88,5.14
4,390.00,140,875.31,363.83,19.58
4,390.00,141,820.23,578.18,6.54
4,390.00,142,751.04,523.89,8.11
4,390.00,143,320.37,785.52,11.26
4,390.00,144,690.62,189.11,20.39
4,390.00,145,497.19,269.15,7.33
4,390.00,146,400.65,195.71,16.28
4,390.00,147,108.00,584.12,15.73
4,390.00,148,309.92,111.49,16.40
4,390.00,149,556.29,470.12,8.57
4,400.00,0,269.20,878.11,10.89
4,400.00,1,795.41,789.24,7.53
4,400.00,2,490.31,594.94,5.38
4,400.00,3,664.59,660.37,5.81
4,400.00,4,611.09,61.29,0.00
4,400.00,5,459.41,506.17,12.11
4,400.00,6,227.14,602.08,0.00
4,400.00,7,603.39,500.45,6.62
4,400.00,8,265.57,564.74,8.04
4,400.00,9,499.24,585.39,11.37
4,400.00,10,862.87,501.51,6.31
4,400.00,11,476.94,476.21,7.61
4,400.00,12,490.36,263.43,8.82
4,400.00,13,501.09,462.57,8.87
4,400.00,14,365.19,570.51,15.89
4,400.00,15,494.29,264.58,6.16
4,400.00,16,589.19,814.34,19.49
4,400.00,17,544.26,718.95,8.25
4,400.00,18,70.73,180.07,0.00
4,400.00,19,231.85,416.04,5.09
4,400.00,20,529.81,437.23,20.16
4,400.00,21,452.82,241.81,0.00
4,400.00,22,858.70,476.76,21.21
4,400.00,23,457.00,103.43,12.45
4,400.00,24,457.99,545.89,7.16
4,400.00,25,660.61,720.05,11.08
4,400.00,26,520.66,210.62,8.04
4,400.00,27,156.21,509.83,7.28
4,400.00,28,148.67,291.97,10.08
4,400.00,29,531.27,676.90,8.03
4,400.00,30,598.82,216.15,19.56
4,400.00,31,794.88,271.44,9.85
4,400.00,32,596.27,645.73,18.22
4,400.00,33,487.97,262.92,10.87
4,400.00,34,282.02,505.94,17.18
4,400.00,35,641.14,825.75,0.00
4,400.00,36,236.67,765.43,10.69
4,400.00,37,594.70,760.05,0.00
4,400.00,38,760.34,41.78,9.50
4,400.00,39,976.25,19.83,0.00
4,400.00,40,833.70,181.71,6.06
4,400.00,41,442.06,790.16,11.03
4,400.00,42,443.71,214.49,0.00
4,400.00,43,178.73,599.95,9.56
4,400.00,44,702.59,33.24,11.73
4,400.00,45,363.49,530.07,8.70
4,400.00,46,360.38,102.41,5.14
4,400.00,47,888.65,27.61,0.00
4,400.00,48,628.85,578.22,24.76
4,400.00,49,875.60,376.74,20.79
4,400.00,50,309.86,820.09,6.24
4,400.00,51,305.26,781.14,12.00
4,400.00,52,233.51,472.28,9.38
4,400.00,53,208.25,666.07,10.97
4,400.00,54,492.10,325.65,15.02
4,400.00,55,691.78,164.39,11.77
4,400.00,56,250.95,754.08,10.14
4,400.00,57,465.16,646.42,9.98
4,400.00,58,198.69,248.31,13.22
4,400.00,59,722.96,549.95,22.49
4,400.00,60,712.88,276.31,7.03
4,400.00,61,774.81,185.37,7.48
4,400.00,62,427.55,304.76,0.00
4,400.00,63,288.02,311.48,6.04
4,400.00,64,452.81,595.51,9.21
4,400.00,65,289.67,536.75,7.34
4,400.00,66,398.80,479.84,8.56
4,400.00,67,173.67,559.64,0.00
4,400.00,68,865.32,411.35,0.00
4,400.00,69,213.01,534.07,10.63
4,400.00,70,784.38,753.36,0.00
4,400.00,71,564.76,542.14,7.83
4,400.00,72,655.06,963.06,13.00
4,400.00,73,649.39,578.43,6.68
4,400.00,74,190.10,460.74,7.53
4,400.00,75,353.04,674.75,11.98
4,400.00,76,870.16,642.99,20.23
4,400.00,77,515.88,685.74,0.00
4,400.00,78,817.66,260.40,15.30
4,400.00,79,932.19,833.75,16.78
4,400.00,80,243.40,374.36,0.00
4,400.00,81,839.79,310.41,14.58
4,400.00,82,837.72,733.65,0.00
4,400.00,83,532.07,552.69,19.22
4,400.00,84,571.32,208.79,21.17
4,400.00,85,72.02,517.65,17.12
4,400.00,86,203.87,651.40,20.31
4,400.00,87,213.27,64.34,5.60
4,400.00,88,513.00,279.62,23.67
4,400.00,89,164.25,244.62,9.27
4,400.00,90,858.48,607.01,8.55
4,400.00,91,84.09,683.83,11.58
4,400.00,92,104.33,51.63,0.00
4,400.00,93,187.82,77.67,0.00
4,400.00,94,372.22,964.04,0.00
4,400.00,95,743.13,418.28,13.87
4,400.00,96,123.34,647.14,9.12
4,400.00,97,203.12,584.32,13.46
4,400.00,98,215.99,525.91,0.00
4,400.00,99,695.61,508.01,10.75
4,400.00,100,220.21,927.34,6.63
4,400.00,101,749.56,670.86,11.24
4,400.00,102,346.55,505.26,11.32
4,400.00,103,188.03,497.95,12.96
4,400.00,104,764.08,346.50,19.41
4,400.00,105,791.17,336.06,11.91
4,400.00,106,695.96,720.91,14.34
4,400.00,107,824.65,774.12,9.51
4,400.00,108,693.35,484.84,6.70
4,400.00,109,921.78,462.83,0.00
4,400.00,110,208.59,298.49,21.07
4,400.00,111,748.85,321.22,5.09
4,400.00,112,73.19,535.21,5.49
4,400.00,113,490.02,690.43,6.13
4,400.00,114,672.78,39.88,13.57
4,400.00,115,181.87,87.69,6.37
4,400.00,116,411.01,320.96,12.44
4,400.00,117,561.31,208.38,18.99
4,400.00,118,690.68,358.90,9.91
4,400.00,119,851.21,122.04,0.00
4,400.00,120,511.65,423.43,5.34
4,400.00,121,448.50,528.87,5.83
4,400.00,122,776.96,132.95,0.00
4,400.00,123,743.59,91.93,9.36
4,400.00,124,36.58,393.23,19.97
4,400.00,125,927.06,651.11,20.03
4,400.00,126,470.09,436.55,18.21
4,400.00,127,654.99,403.73,12.96
4,400.00,128,645.46,398.93,0.00
4,400.00,129,35.93,225.40,0.00
4,400.00,130,833.22,181.97,5.20
4,400.00,131,343.57,551.34,18.76
4,400.00,132,155.39,529.06,0.00
4,400.00,133,828.85,156.23,13.99
4,400.00,134,937.78,327.83,12.43
4,400.00,135,426.33,473.07,14.59
4,400.00,136,514.85,62.39,10.37
4,400.00,137,173.49,444.37,6.95
4,400.00,138,393.42,654.38,22.88
4,400.00,139,742.35,437.35,5.14
4,400.00,140,910.85,556.37,19.58
4,400.00,141,882.87,596.93,6.54
4,400.00,142,786.98,451.19,8.11
4,400.00,143,304.87,809.15,0.00
4,400.00,144,704.04,115.73,0.00
4,400.00,145,433.92,232.22,7.33
4,400.00,146,465.81,344.90,16.28
4,400.00,147,254.98,640.29,15.73
4,400.00,148,333.19,47.64,0.00
4,400.00,149,565.41,555.34,8.57
4,410.00,0,243.41,923.97,0.00
4,410.00,1,773.76,717.11,7.53
4,410.00,2,436.57,596.13,5.38
4,410.00,3,627.89,615.30,5.81
4,410.00,4,597.14,96.17,20.77
4,410.00,5,446.41,387.62,0.00
4,410.00,6,249.16,610.17,9.02
4,410.00,7,547.76,536.34,6.62
4,410.00,8,324.17,619.73,8.04
4,410.00,9,556.82,564.76,0.00
4,410.00,10,847.50,562.75,6.31
4,410.00,11,500.43,548.62,7.61
4,410.00,12,550.16,308.05,0.00
4,410.00,13,422.68,504.01,8.87
4,410.00,14,472.14,453.00,15.89
4,410.00,15,501.04,325.78,6.16
4,410.00,16,396.41,785.44,19.49
4,410.00,17,467.46,688.82,8.25
4,410.00,18,93.77,262.30,19.53
4,410.00,19,213.33,463.48,5.09
4,410.00,20,665.20,400.31,0.00
4,410.00,21,411.24,361.76,22.07
4,410.00,22,810.96,270.07,21.21
4,410.00,23,343.88,155.37,12.45
4,410.00,24,511.39,498.20,7.16
4,410.00,25,568.21,781.15,11.08
4,410.00,26,450.15,249.27,8.04
4,410.00,27,125.61,575.87,7.28
4,410.00,28,106.84,200.26,10.08
4,410.00,29,493.26,747.62,8.03
4,410.00,30,552.00,122.51,0.00
4,410.00,31,794.45,256.51,0.00
4,410.00,32,673.53,749.83,0.00
4,410.00,33,479.24,371.25,10.87
4,410.00,34,447.79,551.02,17.18
4,410.00,35,495.60,789.14,15.50
4,410.00,36,241.44,658.60,10.69
4,410.00,37,594.32,744.42,9.83
4,410.00,38,759.48,35.16,0.00
4,410.00,39,945.79,57.63,14.69
4,410.00,40,821.74,241.15,6.06
4,410.00,41,496.25,886.22,11.03
4,410.00,42,501.57,238.93,8.00
4,410.00,43,175.91,504.39,9.56
4,410.00,44,730.72,147.08,11.73
4,410.00,45,364.40,443.02,8.70
4,410.00,46,405.51,127.08,5.14
4,410.00,47,783.50,147.71,18.67
4,410.00,48,726.51,564.62,0.00
4,410.00,49,842.40,171.51,20.79
4,410.00,50,247.48,822.20,6.24
4,410.00,51,241.80,679.36,12.00
4,410.00,52,322.49,442.63,9.38
4,410.00,53,313.24,697.84,10.97
4,410.00,54,595.75,383.70,0.00
4,410.00,55,711.21,129.44,0.00
4,410.00,56,250.05,671.65,0.00
4,410.00,57,387.57,709.15,9.98
4,410.00,58,90.34,172.58,13.22
4,410.00,59,895.54,694.10,22.49
4,410.00,60,666.68,223.36,7.03
4,410.00,61,732.79,247.19,7.48
4,410.00,62,614.21,213.68,22.65
4,410.00,63,252.74,360.51,6.04
4,410.00,64,517.72,530.22,9.21
4,410.00,65,346.95,490.86,7.34
4,410.00,66,316.67,503.84,8.56
4,410.00,67,187.67,575.00,0.00
4,410.00,68,838.87,412.38,15.70
4,410.00,69,135.28,606.52,10.63
4,410.00,70,577.96,754.17,21.67
4,410.00,71,642.58,550.37,7.83
4,410.00,72,663.43,986.24,0.00
4,410.00,73,639.88,644.57,6.68
4,410.00,74,167.92,388.74,7.53
4,410.00,75,455.83,613.12,11.98
4,410.00,76,948.65,750.49,0.00
4,410.00,77,668.42,618.33,20.97
4,410.00,78,875.00,212.06,0.00
4,410.00,79,769.01,794.86,16.78
4,410.00,80,299.15,367.41,0.00
4,410.00,81,761.78,433.53,14.58
4,410.00,82,817.22,709.25,10.95
4,410.00,83,630.32,604.98,0.00
4,410.00,84,770.67,137.70,21.17
4,410.00,85,212.77,615.04,17.12
4,410.00,86,301.14,829.67,20.31
4,410.00,87,194.84,60.68,0.00
4,410.00,88,604.03,61.11,23.67
4,410.00,89,122.72,161.77,9.27
4,410.00,90,773.83,595.23,8.55
4,410.00,91,123.31,574.90,11.58
4,410.00,92,182.65,151.42,12.74
4,410.00,93,165.99,176.24,12.18
4,410.00,94,433.30,841.81,22.31
4,410.00,95,641.91,323.45,13.87
4,410.00,96,212.36,627.26,9.12
4,410.00,97,272.19,532.37,0.00
4,410.00,98,156.35,451.24,14.70
4,410.00,99,764.66,590.43,10.75
4,410.00,100,202.74,991.34,6.63
4,410.00,101,690.54,575.19,11.24
4,410.00,102,255.69,437.75,11.32
4,410.00,103,206.36,626.24,12.96
4,410.00,104,797.37,155.31,19.41
4,410.00,105,704.15,417.44,11.91
4,410.00,106,564.48,778.16,14.34
4,410.00,107,898.58,743.92,0.00
4,410.00,108,690.61,458.01,0.00
4,410.00,109,918.39,462.67,8.34
4,410.00,110,95.71,226.28,0.00
4,410.00,111,746.79,372.03,5.09
4,410.00,112,87.92,588.08,5.49
4,410.00,113,454.73,740.59,6.13
4,410.00,114,730.49,2.41,0.00
4,410.00,115,189.20,25.56,0.00
4,410.00,116,467.66,431.75,12.44
4,410.00,117,749.90,185.96,18.99
4,410.00,118,755.25,434.11,9.91
4,410.00,119,779.36,152.94,14.94
4,410.00,120,550.61,459.91,5.34
4,410.00,121,466.24,584.35,5.83
4,410.00,122,717.89,143.25,17.96
4,410.00,123,675.91,156.59,9.36
4,410.00,124,20.34,397.91,0.00
4,410.00,125,931.92,851.39,20.03
4,410.00,126,651.05,416.43,18.21
4,410.00,127,577.50,507.59,12.96
4,410.00,128,689.62,403.37,10.28
4,410.00,129,69.70,214.03,11.26
4,410.00,130,799.98,221.99,5.20
4,410.00,131,204.06,425.97,18.76
4,410.00,132,165.62,527.98,14.07
4,410.00,133,779.68,287.18,13.99
4,410.00,134,973.60,208.84,12.43
4,410.00,135,404.85,617.40,14.59
4,410.00,136,411.63,52.22,10.37
4,410.00,137,235.09,476.49,6.95
4,410.00,138,450.44,432.81,22.88
4,410.00,139,722.61,484.81,5.14
4,410.00,140,946.39,748.91,19.58
4,410.00,141,945.51,615.68,6.54
4,410.00,142,822.91,378.48,8.11
4,410.00,143,460.03,819.46,20.76
4,410.00,144,697.46,242.03,19.94
4,410.00,145,370.65,195.30,7.33
4,410.00,146,530.97,494.09,16.28
4,410.00,147,401.96,696.46,15.73
4,410.00,148,315.37,94.68,8.59
4,410.00,149,574.53,640.55,8.57
4,420.00,0,155.29,829.62,24.97
4,420.00,1,752.10,644.98,7.53
4,420.00,2,382.84,597.31,5.38
4,420.00,3,591.19,570.24,5.81
4,420.00,4,520.02,289.01,20.77
4,420.00,5,447.32,388.36,7.88
4,420.00,6,333.77,641.30,9.02
4,420.00,7,492.14,572.23,6.62
4,420.00,8,382.76,674.71,8.04
4,420.00,9,493.14,570.86,13.85
4,420.00,10,832.14,623.98,6.31
4,420.00,11,523.92,621.03,7.61
4,420.00,12,514.12,317.67,24.19
4,420.00,13,344.27,545.44,8.87
4,420.00,14,579.10,335.50,15.89
4,420.00,15,507.79,386.99,6.16
4,420.00,16,393.44,784.99,0.00
4,420.00,17,390.66,658.70,8.25
4,420.00,18,146.45,450.35,19.53
4,420.00,19,194.81,510.93,5.09
4,420.00,20,633.71,428.59,13.92
4,420.00,21,338.97,570.24,22.07
4,420.00,22,763.21,63.37,21.21
4,420.00,23,306.95,172.32,0.00
4,420.00,24,564.80,450.51,7.16
4,420.00,25,482.12,838.07,0.00
4,420.00,26,379.65,287.92,8.04
4,420.00,27,95.02,641.91,7.28
4,420.00,28,65.01,108.55,10.08
4,420.00,29,455.25,818.34,8.03
4,420.00,30,500.48,215.10,22.80
4,420.00,31,866.54,181.08,0.00
4,420.00,32,661.60,679.08,24.85
4,420.00,33,470.51,479.58,10.87
4,420.00,34,613.56,596.10,17.18
4,420.00,35,345.30,751.34,15.50
4,420.00,36,246.21,551.77,10.69
4,420.00,37,591.89,646.19,9.83
4,420.00,38,657.95,159.47,17.26
4,420.00,39,853.66,171.99,14.69
4,420.00,40,809.78,300.60,6.06
4,420.00,41,550.44,982.28,11.03
4,420.00,42,575.23,270.04,8.00
4,420.00,43,173.10,408.83,9.56
4,420.00,44,758.85,260.91,11.73
4,420.00,45,365.30,355.98,8.70
4,420.00,46,450.64,151.74,5.14
4,420.00,47,660.51,288.20,18.67
4,420.00,48,694.40,473.44,16.06
4,420.00,49,834.79,124.45,0.00
4,420.00,50,185.10,824.31,6.24
4,420.00,51,178.34,577.57,12.00
4,420.00,52,411.47,412.99,9.38
4,420.00,53,418.24,729.61,10.97
4,420.00,54,581.34,381.27,7.00
4,420.00,55,696.62,284.76,23.63
4,420.00,56,245.03,633.68,20.47
4,420.00,57,309.98,771.89,9.98
4,420.00,58,82.29,166.95,0.00
4,420.00,59,961.55,749.24,0.00
4,420.00,60,620.48,170.41,7.03
4,420.00,61,690.77,309.01,7.48
4,420.00,62,817.77,114.36,22.65
4,420.00,63,217.46,409.54,6.04
4,420.00,64,582.63,464.93,9.21
4,420.00,65,404.24,444.97,7.34
4,420.00,66,234.54,527.84,8.56
4,420.00,67,242.94,587.90,18.19
4,420.00,68,681.98,418.49,15.70
4,420.00,69,70.97,666.46,0.00
4,420.00,70,361.31,755.02,21.67
4,420.00,71,720.40,558.60,7.83
4,420.00,72,596.33,902.00,13.29
4,420.00,73,630.36,710.72,6.68
4,420.00,74,145.74,316.75,7.53
4,420.00,75,558.62,551.49,11.98
4,420.00,76,886.26,728.92,19.30
4,420.00,77,682.94,611.92,0.00
4,420.00,78,806.62,202.91,13.53
4,420.00,79,617.05,758.65,0.00
4,420.00,80,309.01,381.64,21.53
4,420.00,81,683.77,556.65,14.58
4,420.00,82,746.76,625.39,10.95
4,420.00,83,607.51,589.90,6.50
4,420.00,84,942.88,76.29,0.00
4,420.00,85,353.53,712.43,17.12
4,420.00,86,357.36,932.73,0.00
4,420.00,87,284.03,78.98,13.70
4,420.00,88,626.12,8.07,0.00
4,420.00,89,92.69,101.87,0.00
4,420.00,90,689.17,583.45,8.55
4,420.00,91,153.24,491.79,0.00
4,420.00,92,261.33,251.66,12.74
4,420.00,93,139.66,295.13,12.18
4,420.00,94,533.05,642.20,22.31
4,420.00,95,540.69,228.63,13.87
4,420.00,96,301.38,607.37,9.12
4,420.00,97,320.38,553.95,14.76
4,420.00,98,64.61,336.38,14.70
4,420.00,99,833.71,672.85,10.75
4,420.00,100,201.34,996.46,0.00
4,420.00,101,631.53,479.53,11.24
4,420.00,102,164.82,370.23,11.32
4,420.00,103,224.68,754.53,12.96
4,420.00,104,824.19,1.33,0.00
4,420.00,105,617.13,498.81,11.91
4,420.00,106,432.99,835.40,14.34
4,420.00,107,897.70,719.18,15.48
4,420.00,108,648.39,451.27,7.16
4,420.00,109,835.12,458.71,8.34
4,420.00,110,91.26,267.17,11.30
4,420.00,111,746.65,375.34,0.00
4,420.00,112,102.66,640.96,5.49
4,420.00,113,419.44,790.75,6.13
4,420.00,114,655.23,28.63,16.17
4,420.00,115,193.19,27.27,24.84
4,420.00,116,524.32,542.53,12.44
4,420.00,117,881.94,170.26,0.00
4,420.00,118,819.83,509.33,9.91
4,420.00,119,642.14,211.97,14.94
4,420.00,120,589.57,496.39,5.34
4,420.00,121,483.99,639.84,5.83
4,420.00,122,541.00,174.11,17.96
4,420.00,123,608.23,221.26,9.36
4,420.00,124,77.34,397.93,6.23
4,420.00,125,932.27,866.09,0.00
4,420.00,126,668.05,414.53,0.00
4,420.00,127,500.01,611.45,12.96
4,420.00,128,791.92,413.66,10.28
4,420.00,129,176.45,178.09,11.26
4,420.00,130,766.74,262.00,5.20
4,420.00,131,86.81,320.60,0.00
4,420.00,132,305.56,513.17,14.07
4,420.00,133,730.52,418.14,13.99
4,420.00,134,985.44,169.50,0.00
4,420.00,135,383.37,761.74,14.59
4,420.00,136,308.41,42.06,10.37
4,420.00,137,296.69,508.60,6.95
4,420.00,138,507.47,211.24,22.88
4,420.00,139,702.86,532.27,5.14
4,420.00,140,976.10,909.90,0.00
4,420.00,141,949.56,616.89,0.00
4,420.00,142,858.84,305.78,8.11
4,420.00,143,667.18,833.22,20.76
4,420.00,144,687.10,441.18,19.94
4,420.00,145,307.38,158.37,7.33
4,420.00,146,596.13,643.29,16.28
4,420.00,147,548.95,752.63,15.73
4,420.00,148,284.93,175.03,8.59
4,420.00,149,583.65,725.76,8.57
4,430.00,0,133.04,805.81,0.00
4,430.00,1,730.44,572.85,7.53
4,430.00,2,329.10,598.50,5.38
4,430.00,3,554.49,525.18,5.81
4,430.00,4,512.21,308.56,0.00
4,430.00,5,508.41,438.20,7.88
4,430.00,6,418.39,672.42,9.02
4,430.00,7,445.88,602.08,0.00
4,430.00,8,435.44,724.14,0.00
4,430.00,9,461.05,573.93,0.00
4,430.00,10,816.78,685.22,6.31
4,430.00,11,547.41,693.44,7.61
4,430.00,12,280.42,380.04,24.19
4,430.00,13,270.10,584.64,0.00
4,430.00,14,602.96,309.28,0.00
4,430.00,15,514.53,448.19,6.16
4,430.00,16,380.24,729.83,5.76
4,430.00,17,313.85,628.57,8.25
4,430.00,18,199.13,638.40,19.53
4,430.00,19,176.29,558.37,5.09
4,430.00,20,530.15,521.63,13.92
4,430.00,21,266.70,778.73,22.07
4,430.00,22,753.07,19.46,0.00
4,430.00,23,337.17,211.50,7.35
4,430.00,24,618.20,402.82,7.16
4,430.00,25,493.97,841.29,18.02
4,430.00,26,309.15,326.57,8.04
4,430.00,27,64.42,707.95,7.28
4,430.00,28,23.18,16.84,10.08
4,430.00,29,417.25,889.07,8.03
4,430.00,30,389.62,414.33,22.80
4,430.00,31,819.55,214.38,19.20
4,430.00,32,620.28,434.01,24.85
4,430.00,33,461.79,587.90,10.87
4,430.00,34,779.33,641.18,17.18
4,430.00,35,195.00,713.54,15.50
4,430.00,36,250.97,444.95,10.69
4,430.00,37,589.47,547.97,9.83
4,430.00,38,548.75,293.16,17.26
4,430.00,39,761.52,286.35,14.69
4,430.00,40,797.82,360.04,6.06
4,430.00,41,555.01,990.39,0.00
4,430.00,42,648.90,301.15,8.00
4,430.00,43,170.28,313.28,9.56
4,430.00,44,786.98,374.74,11.73
4,430.00,45,366.21,268.94,8.70
4,430.00,46,495.77,176.41,5.14
4,430.00,47,537.51,428.68,18.67
4,430.00,48,641.05,321.93,16.06
4,430.00,49,767.46,178.37,11.19
4,430.00,50,182.71,824.39,0.00
4,430.00,51,114.88,475.78,12.00
4,430.00,52,500.44,383.34,9.38
4,430.00,53,523.23,761.38,10.97
4,430.00,54,512.33,369.60,7.00
4,430.00,55,674.53,520.04,23.63
4,430.00,56,218.20,430.71,20.47
4,430.00,57,264.94,808.29,0.00
4,430.00,58,250.73,249.52,20.27
4,430.00,59,906.18,745.13,8.99
4,430.00,60,586.04,130.94,0.00
4,430.00,61,648.75,370.84,7.48
4,430.00,62,979.70,35.36,0.00
4,430.00,63,182.18,458.57,6.04
4,430.00,64,647.53,399.65,9.21
4,430.00,65,461.52,399.09,7.34
4,430.00,66,166.06,547.85,0.00
4,430.00,67,420.06,629.23,18.19
4,430.00,68,525.09,424.59,15.70
4,430.00,69,89.97,660.61,11.51
4,430.00,70,317.27,755.19,0.00
4,430.00,71,798.22,566.83,7.83
4,430.00,72,513.55,798.06,13.29
4,430.00,73,620.85,776.87,6.68
4,430.00,74,123.57,244.75,7.53
4,430.00,75,661.40,489.86,11.98
4,430.00,76,703.90,665.86,19.30
4,430.00,77,580.68,565.82,12.14
4,430.00,78,672.49,184.95,13.53
4,430.00,79,611.22,749.84,15.34
4,430.00,80,431.64,558.58,21.53
4,430.00,81,605.76,679.78,14.58
4,430.00,82,676.30,541.53,10.95
4,430.00,83,553.31,554.07,6.50
4,430.00,84,936.00,103.81,20.83
4,430.00,85,494.28,809.82,17.12
4,430.00,86,355.35,898.64,8.09
4,430.00,87,418.21,106.52,13.70
4,430.00,88,559.37,103.49,15.38
4,430.00,89,131.71,126.31,16.62
4,430.00,90,604.51,571.67,8.55
4,430.00,91,149.33,531.96,17.03
4,430.00,92,340.01,351.90,12.74
4,430.00,93,113.32,414.03,12.18
4,430.00,94,632.79,442.59,22.31
4,430.00,95,457.44,150.65,0.00
4,430.00,96,390.41,587.49,9.12
4,430.00,97,455.08,614.28,14.76
4,430.00,98,63.95,335.55,0.00
4,430.00,99,902.76,755.27,10.75
4,430.00,100,401.58,948.83,22.37
4,430.00,101,572.52,383.86,11.24
4,430.00,102,152.57,361.13,0.00
4,430.00,103,243.01,882.81,12.96
4,430.00,104,793.17,16.35,17.70
4,430.00,105,530.11,580.19,11.91
4,430.00,106,301.51,892.64,14.34
4,430.00,107,892.21,564.48,15.48
4,430.00,108,577.72,439.99,7.16
4,430.00,109,751.85,454.76,8.34
4,430.00,110,79.03,379.46,11.30
4,430.00,111,554.65,382.45,20.55
4,430.00,112,117.40,693.84,5.49
4,430.00,113,387.64,835.95,0.00
4,430.00,114,599.29,48.13,0.00
4,430.00,115,421.53,124.96,24.84
4,430.00,116,580.97,653.31,12.44
4,430.00,117,829.86,214.15,22.71
4,430.00,118,884.40,584.54,9.91
4,430.00,119,504.92,270.99,14.94
4,430.00,120,628.53,532.87,5.34
4,430.00,121,501.74,695.32,5.83
4,430.00,122,364.10,204.96,17.96
4,430.00,123,540.56,285.92,9.36
4,430.00,124,139.62,397.94,6.23
4,430.00,125,913.67,809.54,6.43
4,430.00,126,682.71,331.05,9.36
4,430.00,127,422.53,715.31,12.96
4,430.00,128,894.22,423.95,10.28
4,430.00,129,283.21,142.16,11.26
4,430.00,130,733.49,302.02,5.20
4,430.00,131,96.06,321.03,5.80
4,430.00,132,445.50,498.37,14.07
4,430.00,133,681.35,549.09,13.99
4,430.00,134,921.69,164.95,9.55
4,430.00,135,374.25,823.03,0.00
4,430.00,136,205.18,31.89,10.37
4,430.00,137,358.30,540.71,6.95
4,430.00,138,555.85,23.26,0.00
4,430.00,139,683.12,579.73,5.14
4,430.00,140,954.60,889.81,17.96
4,430.00,141,782.59,599.37,17.95
4,430.00,142,882.06,258.80,0.00
4,430.00,143,813.57,842.95,0.00
4,430.00,144,676.73,640.33,19.94
4,430.00,145,244.10,121.45,7.33
4,430.00,146,654.89,777.83,0.00
4,430.00,147,695.93,808.81,15.73
4,430.00,148,254.49,255.37,8.59
4,430.00,149,592.77,810.97,8.57
4,440.00,0,296.57,720.39,21.22
4,440.00,1,708.78,500.72,7.53
4,440.00,2,275.36,599.68,5.38
4,440.00,3,517.78,480.11,5.81
4,440.00,4,448.61,491.88,21.59
4,440.00,5,569.50,488.04,7.88
4,440.00,6,503.01,703.54,9.02
4,440.00,7,456.45,596.64,7.07
4,440.00,8,441.28,715.73,10.13
4,440.00,9,328.31,478.05,0.00
4,440.00,10,801.41,746.45,6.31
4,440.00,11,570.90,765.85,7.61
4,440.00,12,274.22,381.69,0.00
4,440.00,13,279.16,589.35,18.88
4,440.00,14,542.41,289.95,8.18
4,440.00,15,521.28,509.39,6.16
4,440.00,16,366.83,673.80,5.76
4,440.00,17,237.05,598.44,8.25
4,440.00,18,220.67,715.31,0.00
4,440.00,19,157.77,605.82,5.09
4,440.00,20,426.59,614.68,13.92
4,440.00,21,241.52,851.39,0.00
4,440.00,22,670.36,79.22,12.96
4,440.00,23,382.03,269.66,7.35
4,440.00,24,671.61,355.13,7.16
4,440.00,25,667.84,888.51,18.02
4,440.00,26,238.65,365.22,8.04
4,440.00,27,33.83,773.99,7.28
4,440.00,28,15.50,0.00,0.00
4,440.00,29,403.74,914.20,0.00
4,440.00,30,278.77,613.56,22.80
4,440.00,31,662.87,325.39,19.20
4,440.00,32,578.96,188.94,24.85
4,440.00,33,453.06,696.23,10.87
4,440.00,34,918.31,678.97,0.00
4,440.00,35,109.02,691.91,0.00
4,440.00,36,255.74,338.12,10.69
4,440.00,37,587.55,470.48,0.00
4,440.00,38,439.55,426.86,17.26
4,440.00,39,669.38,400.72,14.69
4,440.00,40,785.86,419.49,6.06
4,440.00,41,497.59,799.75,21.75
4,440.00,42,722.57,332.25,8.00
4,440.00,43,167.46,217.72,9.56
4,440.00,44,805.14,448.22,0.00
4,440.00,45,367.12,181.89,8.70
4,440.00,46,540.90,201.08,5.14
4,440.00,47,414.52,569.17,18.67
4,440.00,48,617.54,255.16,0.00
4,440.00,49,680.09,248.33,11.19
4,440.00,50,318.89,899.53,16.17
4,440.00,51,51.42,373.99,12.00
4,440.00,52,589.42,353.69,9.38
4,440.00,53,628.22,793.16,10.97
4,440.00,54,443.31,357.94,7.00
4,440.00,55,663.30,639.63,0.00
4,440.00,56,208.42,356.71,0.00
4,440.00,57,342.89,790.98,19.03
4,440.00,58,432.71,338.71,20.27
4,440.00,59,816.54,738.49,8.99
4,440.00,60,608.31,142.20,9.80
4,440.00,61,606.73,432.66,7.48
4,440.00,62,971.12,53.18,9.67
4,440.00,63,146.90,507.59,6.04
4,440.00,64,712.44,334.36,9.21
4,440.00,65,518.81,353.20,7.34
4,440.00,66,161.19,574.88,16.53
4,440.00,67,465.84,639.91,0.00
4,440.00,68,368.20,430.70,15.70
4,440.00,69,200.02,626.72,11.51
4,440.00,70,343.76,576.88,22.63
4,440.00,71,876.04,575.06,7.83
4,440.00,72,430.76,694.11,13.29
4,440.00,73,611.33,843.01,6.68
4,440.00,74,101.39,172.75,7.53
4,440.00,75,690.21,472.59,0.00
4,440.00,76,664.90,652.38,0.00
4,440.00,77,470.03,515.95,12.14
4,440.00,78,538.37,167.00,13.53
4,440.00,79,526.54,621.89,15.34
4,440.00,80,445.62,578.74,0.00
4,440.00,81,527.75,802.90,14.58
4,440.00,82,605.84,457.67,10.95
4,440.00,83,499.11,518.24,6.50
4,440.00,84,885.52,305.88,20.83
4,440.00,85,506.51,818.28,0.00
4,440.00,86,350.59,817.84,8.09
4,440.00,87,552.39,134.07,13.70
4,440.00,88,471.23,229.50,15.38
4,440.00,89,272.56,214.55,16.62
4,440.00,90,519.86,559.90,8.55
4,440.00,91,132.85,701.50,17.03
4,440.00,92,418.69,452.15,12.74
4,440.00,93,86.99,532.92,12.18
4,440.00,94,636.18,435.81,0.00
4,440.00,95,460.05,179.16,16.13
4,440.00,96,479.43,567.60,9.12
4,440.00,97,589.77,674.61,14.76
4,440.00,98,234.22,417.82,19.05
4,440.00,99,953.30,815.60,0.00
4,440.00,100,619.19,897.06,22.37
4,440.00,101,513.51,288.20,11.24
4,440.00,102,227.84,293.16,11.72
4,440.00,103,244.23,891.34,0.00
4,440.00,104,633.84,93.53,17.70
4,440.00,105,443.09,661.57,11.91
4,440.00,106,200.88,936.45,0.00
4,440.00,107,886.71,409.78,15.48
4,440.00,108,507.04,428.70,7.16
4,440.00,109,668.59,450.81,8.34
4,440.00,110,66.80,491.75,11.30
4,440.00,111,349.25,390.05,20.55
4,440.00,112,132.14,746.71,5.49
4,440.00,113,392.58,827.38,10.00
4,440.00,114,598.03,80.44,5.10
4,440.00,115,649.87,222.66,24.84
4,440.00,116,585.85,662.86,0.00
4,440.00,117,656.24,360.50,22.71
4,440.00,118,948.98,659.76,9.91
4,440.00,119,367.70,330.01,14.94
4,440.00,120,667.49,569.35,5.34
4,440.00,121,519.49,750.80,5.83
4,440.00,122,355.69,206.43,0.00
4,440.00,123,472.88,350.58,9.36
4,440.00,124,201.90,397.96,6.23
4,440.00,125,893.60,748.51,6.43
4,440.00,126,698.89,238.90,9.36
4,440.00,127,345.04,819.17,12.96
4,440.00,128,977.27,432.30,0.00
4,440.00,129,389.96,106.22,11.26
4,440.00,130,700.25,342.03,5.20
4,440.00,131,154.03,323.74,5.80
4,440.00,132,585.44,483.57,14.07
4,440.00,133,632.19,680.04,13.99
4,440.00,134,826.45,158.15,9.55
4,440.00,135,395.82,751.70,12.95
4,440.00,136,101.96,21.73,10.37
4,440.00,137,419.90,572.83,6.95
4,440.00,138,556.66,36.64,8.84
4,440.00,139,663.37,627.19,5.14
4,440.00,140,823.36,767.16,17.96
4,440.00,141,604.06,580.64,17.95
4,440.00,142,877.88,193.03,0.00
4,440.00,143,766.63,850.02,16.19
4,440.00,144,666.36,839.48,19.94
4,440.00,145,184.22,86.50,0.00
4,440.00,146,645.17,758.25,22.27
4,440.00,147,842.91,864.98,15.73
4,440.00,148,224.06,335.72,8.59
4,440.00,149,598.86,867.88,0.00
4,450.00,0,484.65,622.14,21.22
4,450.00,1,687.12,428.59,7.53
4,450.00,2,221.62,600.87,5.38
4,450.00,3,481.08,435.05,5.81
4,450.00,4,377.84,695.89,21.59
4,450.00,5,629.54,537.02,0.00
4,450.00,6,587.63,734.66,9.02
4,450.00,7,519.29,564.33,7.07
4,450.00,8,499.04,632.49,10.13
4,450.00,9,340.72,463.68,21.46
4,450.00,10,786.05,807.69,6.31
4,450.00,11,594.39,838.26,7.61
4,450.00,12,353.23,435.57,9.82
4,450.00,13,446.61,676.56,18.88
4,450.00,14,464.47,265.07,8.18
4,450.00,15,528.03,570.60,6.16
4,450.00,16,353.42,617.77,5.76
4,450.00,17,160.24,568.32,8.25
4,450.00,18,325.70,692.86,18.17
4,450.00,19,139.25,653.26,5.09
4,450.00,20,323.03,707.72,13.92
4,450.00,21,222.15,816.15,6.17
4,450.00,22,565.34,155.09,12.96
4,450.00,23,426.89,327.82,7.35
4,450.00,24,725.01,307.44,7.16
4,450.00,25,841.71,935.74,18.02
4,450.00,26,168.14,403.87,8.04
4,450.00,27,6.56,832.86,0.00
4,450.00,28,143.54,45.71,16.65
4,450.00,29,453.81,818.46,16.76
4,450.00,30,167.92,812.78,22.80
4,450.00,31,506.19,436.39,19.20
4,450.00,32,548.87,10.43,0.00
4,450.00,33,444.33,804.56,10.87
4,450.00,34,917.23,670.07,5.54
4,450.00,35,105.96,665.55,6.20
4,450.00,36,260.51,231.29,10.69
4,450.00,37,544.61,464.99,20.51
4,450.00,38,330.35,560.55,17.26
4,450.00,39,577.24,515.08,14.69
4,450.00,40,773.90,478.93,6.06
4,450.00,41,434.87,591.53,21.75
4,450.00,42,796.23,363.36,8.00
4,450.00,43,165.57,153.46,0.00
4,450.00,44,763.31,476.79,14.29
4,450.00,45,368.02,94.85,8.70
4,450.00,46,586.03,225.75,5.14
4,450.00,47,291.53,709.65,18.67
4,450.00,48,640.92,345.17,16.63
4,450.00,49,592.73,318.29,11.19
4,450.00,50,460.49,977.66,16.17
4,450.00,51,12.75,311.97,0.00
4,450.00,52,678.40,324.04,9.38
4,450.00,53,733.22,824.93,10.97
4,450.00,54,374.30,346.27,7.00
4,450.00,55,643.70,679.88,9.10
4,450.00,56,275.68,391.44,11.91
4,450.00,57,528.62,749.72,19.03
4,450.00,58,614.68,427.91,20.27
4,450.00,59,726.89,731.84,8.99
4,450.00,60,695.74,186.41,9.80
4,450.00,61,564.71,494.48,7.48
4,450.00,62,929.18,140.31,9.67
4,450.00,63,111.62,556.62,6.04
4,450.00,64,777.35,269.07,9.21
4,450.00,65,576.09,307.31,7.34
4,450.00,66,151.68,627.64,0.00
4,450.00,67,542.14,637.01,10.30
4,450.00,68,211.31,436.81,15.70
4,450.00,69,310.07,592.84,11.51
4,450.00,70,377.01,353.08,22.63
4,450.00,71,953.86,583.29,7.83
4,450.00,72,347.97,590.17,13.29
4,450.00,73,601.82,909.16,6.68
4,450.00,74,79.21,100.75,7.53
4,450.00,75,595.29,451.81,13.50
4,450.00,76,803.49,614.03,18.29
4,450.00,77,390.78,480.23,0.00
4,450.00,78,508.94,163.06,0.00
4,450.00,79,441.86,493.95,15.34
4,450.00,80,550.58,693.17,17.52
4,450.00,81,449.74,926.02,14.58
4,450.00,82,535.38,373.81,10.95
4,450.00,83,444.91,482.41,6.50
4,450.00,84,835.04,507.95,20.83
4,450.00,85,395.12,754.51,14.06
4,450.00,86,345.83,737.05,8.09
4,450.00,87,686.57,161.61,13.70
4,450.00,88,383.09,355.51,15.38
4,450.00,89,413.42,302.80,16.62
4,450.00,90,435.20,548.12,8.55
4,450.00,91,116.37,871.04,17.03
4,450.00,92,497.37,552.39,12.74
4,450.00,93,67.22,622.14,0.00
4,450.00,94,696.80,321.74,13.37
4,450.00,95,474.73,339.77,16.13
4,450.00,96,568.45,547.72,9.12
4,450.00,97,724.47,734.94,14.76
4,450.00,98,405.72,500.67,19.05
4,450.00,99,924.50,802.56,11.79
4,450.00,100,621.90,896.42,0.00
4,450.00,101,454.49,192.53,11.24
4,450.00,102,314.84,214.60,11.72
4,450.00,103,299.02,747.23,16.52
4,450.00,104,474.52,170.71,17.70
4,450.00,105,390.25,710.98,0.00
4,450.00,106,239.20,912.35,19.29
4,450.00,107,882.12,280.49,0.00
4,450.00,108,436.37,417.42,7.16
4,450.00,109,585.32,446.86,8.34
4,450.00,110,54.56,604.04,11.30
4,450.00,111,334.45,390.60,0.00
4,450.00,112,146.88,799.59,5.49
4,450.00,113,442.54,740.78,10.00
4,450.00,114,596.04,131.43,5.10
4,450.00,115,878.21,320.36,24.84
4,450.00,116,579.06,606.56,6.21
4,450.00,117,482.61,506.84,22.71
4,450.00,118,954.85,666.60,0.00
4,450.00,119,230.48,389.04,14.94
4,450.00,120,706.45,605.83,5.34
4,450.00,121,537.23,806.29,5.83
4,450.00,122,555.53,143.78,21.99
4,450.00,123,405.20,415.24,9.36
4,450.00,124,264.18,397.97,6.23
4,450.00,125,873.52,687.47,6.43
4,450.00,126,715.06,146.76,9.36
4,450.00,127,267.55,923.02,12.96
4,450.00,128,967.07,437.87,6.18
4,450.00,129,496.71,70.28,11.26
4,450.00,130,667.01,382.04,5.20
4,450.00,131,212.00,326.44,5.80
4,450.00,132,725.38,468.77,14.07
4,450.00,133,583.02,810.99,13.99
4,450.00,134,731.21,151.35,9.55
4,450.00,135,433.33,627.73,12.95
4,450.00,136,22.45,13.90,0.00
4,450.00,137,481.50,604.94,6.95
4,450.00,138,561.97,124.87,8.84
4,450.00,139,643.63,674.65,5.14
4,450.00,140,692.12,644.52,17.96
4,450.00,141,531.45,573.02,0.00
4,450.00,142,873.39,200.84,17.98
4,450.00,143,606.57,874.12,16.19
4,450.00,144,663.04,903.23,0.00
4,450.00,145,190.39,91.60,14.93
4,450.00,146,546.17,558.80,22.27
4,450.00,147,989.89,921.15,15.73
4,450.00,148,193.62,416.06,8.59
4,450.00,149,602.84,845.19,6.94
4,460.00,0,567.59,578.82,0.00
4,460.00,1,665.46,356.46,7.53
4,460.00,2,167.88,602.05,5.38
4,460.00,3,444.38,389.99,5.81
4,460.00,4,361.67,742.51,0.00
4,460.00,5,630.91,538.13,10.24
4,460.00,6,672.25,765.78,9.02
4,460.00,7,582.13,532.01,7.07
4,460.00,8,556.80,549.24,10.13
4,460.00,9,480.94,301.23,21.46
4,460.00,10,770.68,868.92,6.31
4,460.00,11,598.37,850.55,0.00
4,460.00,12,434.38,490.91,9.82
4,460.00,13,614.07,763.77,18.88
4,460.00,14,386.54,240.19,8.18
4,460.00,15,528.33,573.34,0.00
4,460.00,16,340.00,561.74,5.76
4,460.00,17,83.44,538.19,8.25
4,460.00,18,503.39,654.89,18.17
4,460.00,19,129.94,677.13,0.00
4,460.00,20,270.01,755.35,0.00
4,460.00,21,192.43,762.05,6.17
4,460.00,22,460.32,230.96,12.96
4,460.00,23,471.75,385.98,7.35
4,460.00,24,778.42,259.75,7.16
4,460.00,25,902.26,952.18,0.00
4,460.00,26,97.64,442.52,8.04
4,460.00,27,22.85,817.61,20.54
4,460.00,28,300.36,101.69,16.65
4,460.00,29,531.50,669.91,16.76
4,460.00,30,102.56,930.24,0.00
4,460.00,31,349.52,547.40,19.20
4,460.00,32,549.39,24.59,5.22
4,460.00,33,435.60,912.89,10.87
4,460.00,34,910.57,615.04,5.54
4,460.00,35,98.81,603.96,6.20
4,460.00,36,264.85,134.00,0.00
4,460.00,37,341.17,438.99,20.51
4,460.00,38,221.15,694.24,17.26
4,460.00,39,485.11,629.44,14.69
4,460.00,40,761.94,538.38,6.06
4,460.00,41,372.15,383.32,21.75
4,460.00,42,869.90,394.47,8.00
4,460.00,43,235.87,194.57,24.86
4,460.00,44,645.31,557.37,14.29
4,460.00,45,368.78,21.91,0.00
4,460.00,46,631.17,250.42,5.14
4,460.00,47,268.13,736.38,0.00
4,460.00,48,682.74,506.09,16.63
4,460.00,49,505.36,388.26,11.19
4,460.00,50,482.59,989.85,0.00
4,460.00,51,78.79,356.33,20.36
4,460.00,52,767.37,294.39,9.38
4,460.00,53,793.50,843.17,0.00
4,460.00,54,305.28,334.61,7.00
4,460.00,55,603.85,761.72,9.10
4,460.00,56,310.51,409.42,0.00
4,460.00,57,714.35,708.46,19.03
4,460.00,58,731.75,485.29,0.00
4,460.00,59,637.24,725.20,8.99
4,460.00,60,777.91,227.97,0.00
4,460.00,61,522.69,556.30,7.48
4,460.00,62,887.25,227.44,9.67
4,460.00,63,76.34,605.65,6.04
4,460.00,64,780.50,265.91,0.00
4,460.00,65,633.37,261.42,7.34
4,460.00,66,283.70,726.70,24.43
4,460.00,67,645.02,633.10,10.30
4,460.00,68,54.42,442.91,15.70
4,460.00,69,420.12,558.95,11.51
4,460.00,70,387.64,281.55,0.00
4,460.00,71,994.69,587.61,0.00
4,460.00,72,331.30,569.23,0.00
4,460.00,73,596.06,949.19,0.00
4,460.00,74,57.03,28.75,7.53
4,460.00,75,463.41,422.94,13.50
4,460.00,76,950.93,573.23,0.00
4,460.00,77,348.71,483.71,14.88
4,460.00,78,644.86,223.03,19.03
4,460.00,79,357.19,366.00,15.34
4,460.00,80,593.94,740.43,0.00
4,460.00,81,411.37,986.58,0.00
4,460.00,82,464.92,289.95,10.95
4,460.00,83,390.71,446.58,6.50
4,460.00,84,791.30,683.03,0.00
4,460.00,85,273.13,684.66,14.06
4,460.00,86,341.07,656.25,8.09
4,460.00,87,732.08,170.95,0.00
4,460.00,88,353.38,397.98,0.00
4,460.00,89,554.27,391.04,16.62
4,460.00,90,350.54,536.34,8.55
4,460.00,91,110.93,927.02,0.00
4,460.00,92,576.05,652.63,12.74
4,460.00,93,92.85,615.38,10.62
4,460.00,94,759.55,203.67,13.37
4,460.00,95,489.40,500.38,16.13
4,460.00,96,657.47,527.83,9.12
4,460.00,97,859.16,795.26,14.76
4,460.00,98,577.21,583.53,19.05
4,460.00,99,817.09,753.94,11.79
4,460.00,100,553.12,790.57,12.78
4,460.00,101,395.48,96.87,11.24
4,460.00,102,401.84,136.05,11.72
4,460.00,103,357.72,592.85,16.52
4,460.00,104,340.93,235.42,0.00
4,460.00,105,404.91,674.07,10.11
4,460.00,106,402.47,809.65,19.29
4,460.00,107,853.69,278.68,17.34
4,460.00,108,365.70,406.14,7.16
4,460.00,109,502.05,442.91,8.34
4,460.00,110,42.33,716.33,11.30
4,460.00,111,319.17,472.90,9.02
4,460.00,112,161.62,852.46,5.49
4,460.00,113,492.51,654.17,10.00
4,460.00,114,594.05,182.42,5.10
4,460.00,115,910.46,334.16,0.00
4,460.00,116,571.63,544.94,6.21
4,460.00,117,473.41,514.59,0.00
4,460.00,118,903.20,472.74,22.07
4,460.00,119,166.32,416.64,0.00
4,460.00,120,745.41,642.31,5.34
4,460.00,121,554.98,861.77,5.83
4,460.00,122,765.35,78.00,21.99
4,460.00,123,337.52,479.91,9.36
4,460.00,124,326.46,397.98,6.23
4,460.00,125,853.44,626.44,6.43
4,460.00,126,721.12,112.30,0.00
4,460.00,127,232.29,970.28,0.00
4,460.00,128,912.88,467.49,6.18
4,460.00,129,555.36,50.54,0.00
4,460.00,130,633.77,422.06,5.20
4,460.00,131,269.96,329.15,5.80
4,460.00,132,731.30,468.14,0.00
4,460.00,133,543.73,915.66,0.00
4,460.00,134,635.96,144.55,9.55
4,460.00,135,470.83,503.76,12.95
4,460.00,136,36.89,64.36,22.86
4,460.00,137,543.10,637.05,6.95
4,460.00,138,564.65,169.54,0.00
4,460.00,139,636.58,691.60,0.00
4,460.00,140,560.88,521.87,17.96
4,460.00,141,484.65,472.83,18.64
4,460.00,142,783.83,356.77,17.98
4,460.00,143,465.06,895.43,0.00
4,460.00,144,738.56,844.81,14.04
4,460.00,145,305.55,186.69,14.93
4,460.00,146,447.16,359.35,22.27
4,460.00,147,993.30,922.45,0.00
4,460.00,148,163.18,496.40,8.59
4,460.00,149,614.82,776.88,6.94
4,470.00,0,534.42,547.74,8.13
4,470.00,1,643.80,284.33,7.53
4,470.00,2,114.14,603.23,5.38
4,470.00,3,407.68,344.92,5.81
4,470.00,4,416.01,725.98,7.36
4,470.00,5,710.33,602.78,10.24
4,470.00,6,756.87,796.90,9.02
4,470.00,7,619.60,512.75,0.00
4,470.00,8,614.57,465.99,10.13
4,470.00,9,621.15,138.79,21.46
4,470.00,10,755.39,929.90,0.00
4,470.00,11,483.48,697.11,23.09
4,470.00,12,515.54,546.25,9.82
4,470.00,13,781.52,850.97,18.88
4,470.00,14,308.60,215.31,8.18
4,470.00,15,527.34,649.73,0.00
4,470.00,16,326.59,505.71,5.76
4,470.00,17,56.79,527.74,0.00
4,470.00,18,681.08,616.92,18.17
4,470.00,19,158.38,699.52,7.28
4,470.00,20,319.61,709.00,13.91
4,470.00,21,162.70,707.96,6.17
4,470.00,22,355.30,306.83,12.96
4,470.00,23,516.61,444.14,7.35
4,470.00,24,831.82,212.06,7.16
4,470.00,25,879.65,824.13,19.95
4,470.00,26,27.14,481.16,8.04
4,470.00,27,172.84,677.21,20.54
4,470.00,28,457.17,157.66,16.65
4,470.00,29,609.19,521.37,16.76
4,470.00,30,108.45,879.67,12.41
4,470.00,31,192.84,658.41,19.20
4,470.00,32,551.31,76.74,5.22
4,470.00,33,430.63,974.60,0.00
4,470.00,34,903.91,560.00,5.54
4,470.00,35,91.66,542.36,6.20
4,470.00,36,272.81,134.61,8.95
4,470.00,37,339.14,438.73,0.00
4,470.00,38,111.94,827.94,17.26
4,470.00,39,392.97,743.80,14.69
4,470.00,40,749.98,597.83,6.06
4,470.00,41,344.98,293.11,0.00
4,470.00,42,943.56,425.58,8.00
4,470.00,43,450.50,320.07,24.86
4,470.00,44,527.32,637.95,14.29
4,470.00,45,362.02,27.89,5.57
4,470.00,46,676.30,275.08,5.14
4,470.00,47,184.83,608.53,18.84
4,470.00,48,687.23,523.38,0.00
4,470.00,49,466.40,419.45,0.00
4,470.00,50,468.97,884.59,12.58
4,470.00,51,247.81,469.88,20.36
4,470.00,52,856.35,264.75,9.38
4,470.00,53,766.40,776.33,16.94
4,470.00,54,256.14,326.30,0.00
4,470.00,55,564.01,843.56,9.10
4,470.00,56,327.17,439.11,5.07
4,470.00,57,787.50,692.21,0.00
4,470.00,58,701.77,419.18,20.35
4,470.00,59,550.33,718.76,0.00
4,470.00,60,778.61,234.48,10.89
4,470.00,61,480.67,618.13,7.48
4,470.00,62,845.31,314.57,9.67
4,470.00,63,41.07,654.68,6.04
4,470.00,64,801.33,417.88,16.12
4,470.00,65,690.66,215.53,7.34
4,470.00,66,328.54,760.35,0.00
4,470.00,67,684.36,631.60,0.00
4,470.00,68,7.41,444.74,0.00
4,470.00,69,530.17,525.07,11.51
4,470.00,70,448.92,401.39,19.78
4,470.00,71,950.02,512.43,18.40
4,470.00,72,302.01,501.29,9.26
4,470.00,73,619.34,921.77,9.11
4,470.00,74,51.91,12.15,0.00
4,470.00,75,399.07,408.86,0.00
4,470.00,76,942.85,569.60,5.42
4,470.00,77,200.41,495.99,14.88
4,470.00,78,694.85,245.08,0.00
4,470.00,79,272.51,238.05,15.34
4,470.00,80,560.61,750.00,5.47
4,470.00,81,381.67,947.78,9.62
4,470.00,82,427.39,245.30,0.00
4,470.00,83,336.51,410.75,6.50
4,470.00,84,790.68,671.29,8.81
4,470.00,85,205.09,645.71,0.00
4,470.00,86,336.31,575.45,8.09
4,470.00,87,681.20,265.92,16.31
4,470.00,88,399.23,374.41,7.78
4,470.00,89,695.12,479.28,16.62
4,470.00,90,265.89,524.57,8.55
4,470.00,91,116.72,840.02,13.02
4,470.00,92,654.72,752.87,12.74
4,470.00,93,195.53,588.27,10.62
4,470.00,94,822.31,85.59,13.37
4,470.00,95,504.08,660.99,16.13
4,470.00,96,746.49,507.94,9.12
4,470.00,97,989.80,853.77,0.00
4,470.00,98,748.71,666.39,19.05
4,470.00,99,709.68,705.31,11.79
4,470.00,100,483.46,683.38,12.78
4,470.00,101,375.50,64.47,0.00
4,470.00,102,449.82,92.72,0.00
4,470.00,103,416.41,438.47,16.52
4,470.00,104,355.93,247.39,11.88
4,470.00,105,442.24,580.08,10.11
4,470.00,106,502.21,746.91,0.00
4,470.00,107,680.64,267.71,17.34
4,470.00,108,295.03,394.85,7.16
4,470.00,109,418.78,438.95,8.34
4,470.00,110,30.10,828.62,11.30
4,470.00,111,302.70,561.59,9.02
4,470.00,112,176.36,905.34,5.49
4,470.00,113,542.48,567.57,10.00
4,470.00,114,592.06,233.42,5.10
4,470.00,115,846.02,405.18,11.17
4,470.00,116,564.19,483.32,6.21
4,470.00,117,596.54,403.09,17.54
4,470.00,118,846.38,259.49,22.07
4,470.00,119,219.49,471.67,14.37
4,470.00,120,784.37,678.79,5.34
4,470.00,121,572.73,917.25,5.83
4,470.00,122,886.59,39.99,0.00
4,470.00,123,269.84,544.57,9.36
4,470.00,124,388.74,398.00,6.23
4,470.00,125,833.37,565.41,6.43
4,470.00,126,689.44,165.41,9.88
4,470.00,127,218.18,912.84,10.85
4,470.00,128,858.69,497.11,6.18
4,470.00,129,582.78,151.72,23.26
4,470.00,130,600.53,462.07,5.20
4,470.00,131,327.93,331.85,5.80
4,470.00,132,739.75,305.13,17.04
4,470.00,133,539.15,905.33,5.63
4,470.00,134,540.72,137.76,9.55
4,470.00,135,508.33,379.79,12.95
4,470.00,136,99.81,284.09,22.86
4,470.00,137,567.43,649.73,0.00
4,470.00,138,563.63,194.69,0.00
4,470.00,139,694.92,691.46,9.08
4,470.00,140,429.64,399.23,17.96
4,470.00,141,405.77,303.95,18.64
4,470.00,142,694.27,512.69,17.98
4,470.00,143,462.81,869.88,22.12
4,470.00,144,810.75,788.96,0.00
4,470.00,145,420.70,281.79,14.93
4,470.00,146,441.66,348.26,0.00
4,470.00,147,830.34,917.74,16.69
4,470.00,148,132.74,576.75,8.59
4,470.00,149,626.80,708.56,6.94
4,480.00,0,475.08,492.14,8.13
4,480.00,1,622.14,212.20,7.53
4,480.00,2,60.40,604.42,5.38
4,480.00,3,386.15,318.49,0.00
4,480.00,4,486.46,704.55,7.36
4,480.00,5,747.22,632.80,0.00
4,480.00,6,841.49,828.02,9.02
4,480.00,7,578.11,490.14,11.70
4,480.00,8,672.33,382.74,10.13
4,480.00,9,720.13,24.12,0.00
4,480.00,10,755.16,929.64,8.19
4,480.00,11,345.09,512.30,23.09
4,480.00,12,596.70,601.60,9.82
4,480.00,13,836.43,879.57,0.00
4,480.00,14,230.66,190.43,8.18
4,480.00,15,475.80,620.87,13.06
4,480.00,16,313.18,449.68,5.76
4,480.00,17,115.24,553.95,9.81
4,480.00,18,833.07,584.44,0.00
4,480.00,19,215.62,744.57,7.28
4,480.00,20,421.22,614.05,13.91
4,480.00,21,132.98,653.86,6.17
4,480.00,22,250.28,382.70,12.96
4,480.00,23,561.48,502.30,7.35
4,480.00,24,885.22,164.37,7.16
4,480.00,25,844.98,627.67,19.95
4,480.00,26,11.27,489.86,0.00
4,480.00,27,322.82,536.82,20.54
4,480.00,28,613.99,213.64,16.65
4,480.00,29,686.88,372.82,16.76
4,480.00,30,122.81,756.45,12.41
4,480.00,31,170.87,673.98,0.00
4,480.00,32,553.24,128.90,5.22
4,480.00,33,333.18,965.86,22.74
4,480.00,34,897.24,504.96,5.54
4,480.00,35,84.51,480.76,6.20
4,480.00,36,362.01,141.43,8.95
4,480.00,37,225.62,651.64,24.37
4,480.00,38,74.09,874.28,0.00
4,480.00,39,300.83,858.16,14.69
4,480.00,40,738.02,657.27,6.06
4,480.00,41,273.79,236.15,16.09
4,480.00,42,988.33,444.49,0.00
4,480.00,43,660.71,442.98,0.00
4,480.00,44,494.24,660.54,0.00
4,480.00,45,320.30,64.83,5.57
4,480.00,46,677.48,275.73,0.00
4,480.00,47,167.25,581.55,0.00
4,480.00,48,811.29,704.43,24.59
4,480.00,49,500.40,444.99,7.67
4,480.00,50,452.83,759.86,12.58
4,480.00,51,416.83,583.43,20.36
4,480.00,52,931.07,239.85,0.00
4,480.00,53,721.77,666.21,0.00
4,480.00,54,248.07,367.67,14.64
4,480.00,55,524.16,925.40,9.10
4,480.00,56,352.00,483.36,5.07
4,480.00,57,732.10,793.43,19.04
4,480.00,58,661.67,330.73,0.00
4,480.00,59,545.76,718.24,15.05
4,480.00,60,790.29,342.76,10.89
4,480.00,61,438.65,679.95,7.48
4,480.00,62,803.37,401.70,9.67
4,480.00,63,17.00,688.13,0.00
4,480.00,64,823.23,577.60,16.12
4,480.00,65,747.94,169.64,7.34
4,480.00,66,408.98,689.57,13.91
4,480.00,67,741.27,512.11,21.43
4,480.00,68,153.84,374.53,23.19
4,480.00,69,549.95,518.98,0.00
4,480.00,70,538.98,577.52,19.78
4,480.00,71,856.03,354.27,18.40
4,480.00,72,265.33,416.21,9.26
4,480.00,73,675.16,856.03,0.00
4,480.00,74,114.88,35.86,8.75
4,480.00,75,379.39,524.26,22.86
4,480.00,76,893.45,547.38,5.42
4,480.00,77,193.81,496.54,0.00
4,480.00,78,689.17,235.86,0.00
4,480.00,79,248.85,202.31,0.00
4,480.00,80,508.04,765.10,5.47
4,480.00,81,323.22,871.43,9.62
4,480.00,82,446.36,228.02,5.49
4,480.00,83,282.31,374.92,6.50
4,480.00,84,786.04,583.35,8.81
4,480.00,85,164.93,579.43,17.52
4,480.00,86,331.54,494.66,8.09
4,480.00,87,604.20,409.66,16.31
4,480.00,88,468.38,338.85,7.78
4,480.00,89,817.57,555.99,0.00
4,480.00,90,181.23,512.79,8.55
4,480.00,91,125.38,710.16,13.02
4,480.00,92,733.03,852.64,0.00
4,480.00,93,298.22,561.16,10.62
4,480.00,94,830.23,70.69,0.00
4,480.00,95,509.66,722.01,0.00
4,480.00,96,835.52,488.06,9.12
4,480.00,97,985.43,855.05,15.11
4,480.00,98,854.54,717.52,0.00
4,480.00,99,602.27,656.69,11.79
4,480.00,100,413.81,576.19,12.78
4,480.00,101,306.07,0.12,0.00
4,480.00,102,477.63,145.81,13.36
4,480.00,103,475.11,284.10,16.52
4,480.00,104,448.77,321.45,11.88
4,480.00,105,479.56,486.10,10.11
4,480.00,106,457.40,755.74,11.74
4,480.00,107,507.58,256.74,17.34
4,480.00,108,238.35,385.80,0.00
4,480.00,109,335.52,435.00,8.34
4,480.00,110,28.03,847.63,0.00
4,480.00,111,286.24,650.29,9.02
4,480.00,112,183.40,930.59,0.00
4,480.00,113,592.45,480.96,10.00
4,480.00,114,590.06,284.41,5.10
4,480.00,115,770.98,487.87,11.17
4,480.00,116,556.76,421.71,6.21
4,480.00,117,726.54,285.35,17.54
4,480.00,118,812.44,132.11,0.00
4,480.00,119,319.35,575.02,14.37
4,480.00,120,823.33,715.27,5.34
4,480.00,121,587.89,964.65,0.00
4,480.00,122,847.83,131.04,23.44
4,480.00,123,202.16,609.23,9.36
4,480.00,124,451.01,398.01,6.23
4,480.00,125,813.29,504.38,6.43
4,480.00,126,638.85,250.25,9.88
4,480.00,127,192.28,807.44,10.85
4,480.00,128,804.50,526.73,6.18
4,480.00,129,643.63,376.25,23.26
4,480.00,130,567.29,502.09,5.20
4,480.00,131,385.90,334.56,5.80
4,480.00,132,748.58,134.92,17.04
4,480.00,133,516.34,853.87,5.63
4,480.00,134,478.94,133.35,0.00
4,480.00,135,545.83,255.82,12.95
4,480.00,136,162.72,503.83,22.86
4,480.00,137,422.67,649.67,23.92
4,480.00,138,560.65,198.61,10.36
4,480.00,139,785.68,691.25,9.08
4,480.00,140,384.21,356.77,0.00
4,480.00,141,326.88,135.07,18.64
4,480.00,142,622.56,637.54,0.00
4,480.00,143,443.36,649.54,22.12
4,480.00,144,800.89,765.79,7.19
4,480.00,145,535.85,376.88,14.93
4,480.00,146,526.74,347.21,0.00
4,480.00,147,663.52,912.92,16.69
4,480.00,148,102.30,657.09,8.59
4,480.00,149,638.78,640.25,6.94
4,490.00,0,415.74,436.54,8.13
4,490.00,1,611.28,176.03,0.00
4,490.00,2,59.35,604.44,0.00
4,490.00,3,384.47,409.15,21.93
4,490.00,4,556.91,683.13,7.36
4,490.00,5,867.53,627.19,22.49
4,490.00,6,926.10,859.15,9.02
4,490.00,7,475.39,434.14,11.70
4,490.00,8,730.09,299.50,10.13
4,490.00,9,695.59,68.87,17.35
4,490.00,10,701.70,867.58,8.19
4,490.00,11,246.27,380.33,0.00
4,490.00,12,677.85,656.94,9.82
4,490.00,13,786.10,727.54,23.83
4,490.00,14,152.73,165.54,8.18
4,490.00,15,361.89,557.08,13.06
4,490.00,16,299.77,393.65,5.76
4,490.00,17,204.73,594.08,9.81
4,490.00,18,865.94,579.13,23.02
4,490.00,19,272.86,789.62,7.28
4,490.00,20,522.84,519.10,13.91
4,490.00,21,103.25,599.77,6.17
4,490.00,22,145.26,458.57,12.96
4,490.00,23,606.34,560.45,7.35
4,490.00,24,938.63,116.68,7.16
4,490.00,25,821.05,492.09,0.00
4,490.00,26,77.40,538.39,10.58
4,490.00,27,472.81,396.42,20.54
4,490.00,28,770.80,269.62,16.65
4,490.00,29,736.16,278.59,0.00
4,490.00,30,137.17,633.23,12.41
4,490.00,31,246.22,690.46,8.97
4,490.00,32,555.16,181.05,5.22
4,490.00,33,106.72,945.57,22.74
4,490.00,34,890.58,449.93,5.54
4,490.00,35,77.36,419.16,6.20
4,490.00,36,451.21,148.25,8.95
4,490.00,37,152.14,789.44,0.00
4,490.00,38,114.78,849.30,7.31
4,490.00,39,222.99,954.79,0.00
4,490.00,40,737.16,661.53,0.00
4,490.00,41,148.18,135.66,16.09
4,490.00,42,988.23,394.10,12.84
4,490.00,43,658.08,441.90,13.76
4,490.00,44,502.45,609.44,7.19
4,490.00,45,278.58,101.76,5.57
4,490.00,46,518.29,353.95,18.22
4,490.00,47,328.92,658.60,21.60
4,490.00,48,931.11,879.31,0.00
4,490.00,49,561.77,491.06,7.67
4,490.00,50,436.69,635.12,12.58
4,490.00,51,585.85,696.97,20.36
4,490.00,52,918.36,236.45,8.21
4,490.00,53,697.71,667.60,8.08
4,490.00,54,220.06,511.35,14.64
4,490.00,55,508.34,957.88,0.00
4,490.00,56,376.82,527.62,5.07
4,490.00,57,696.43,858.60,0.00
4,490.00,58,578.29,427.55,24.44
4,490.00,59,396.16,701.41,15.05
4,490.00,60,801.97,451.03,10.89
4,490.00,61,396.64,741.77,7.48
4,490.00,62,761.43,488.83,9.67
4,490.00,63,79.57,684.94,19.71
4,490.00,64,845.13,737.32,16.12
4,490.00,65,805.22,123.76,7.34
4,490.00,66,513.38,597.72,13.91
4,490.00,67,833.40,318.66,21.43
4,490.00,68,362.91,274.29,23.19
4,490.00,69,436.02,388.80,21.09
4,490.00,70,629.03,753.64,19.78
4,490.00,71,762.04,196.11,18.40
4,490.00,72,228.65,331.14,9.26
4,490.00,73,662.57,853.33,24.02
4,490.00,74,196.73,66.68,8.75
4,490.00,75,340.95,749.59,22.86
4,490.00,76,844.06,525.16,5.42
4,490.00,77,283.23,424.24,12.03
4,490.00,78,723.66,325.24,14.51
4,490.00,79,346.22,269.51,16.42
4,490.00,80,455.48,780.20,5.47
4,490.00,81,264.77,795.07,9.62
4,490.00,82,486.93,191.05,5.49
4,490.00,83,228.11,339.09,6.50
4,490.00,84,781.41,495.40,8.81
4,490.00,85,74.14,429.56,17.52
4,490.00,86,326.78,413.86,8.09
4,490.00,87,527.19,553.39,16.31
4,490.00,88,537.54,303.30,7.78
4,490.00,89,810.27,544.89,10.17
4,490.00,90,96.57,501.01,8.55
4,490.00,91,134.04,580.29,13.02
4,490.00,92,732.66,852.18,12.44
4,490.00,93,400.91,534.05,10.62
4,490.00,94,741.41,100.81,10.73
4,490.00,95,568.89,772.49,12.55
4,490.00,96,924.54,468.17,9.12
4,490.00,97,840.37,897.45,15.11
4,490.00,98,820.27,720.56,8.99
4,490.00,99,494.86,608.06,11.79
4,490.00,100,344.15,469.01,12.78
4,490.00,101,360.22,33.33,23.16
4,490.00,102,539.64,264.18,13.36
4,490.00,103,533.80,129.72,16.52
4,490.00,104,541.62,395.52,11.88
4,490.00,105,516.89,392.11,10.11
4,490.00,106,342.24,778.44,11.74
4,490.00,107,334.52,245.77,17.34
4,490.00,108,260.72,374.71,12.61
4,490.00,109,252.25,431.05,8.34
4,490.00,110,191.03,870.31,19.81
4,490.00,111,269.77,738.98,9.02
4,490.00,112,202.58,892.27,8.20
4,490.00,113,642.41,394.35,10.00
4,490.00,114,588.07,335.40,5.10
4,490.00,115,695.95,570.57,11.17
4,490.00,116,549.33,360.09,6.21
4,490.00,117,828.96,192.60,0.00
4,490.00,118,715.92,124.62,24.04
4,490.00,119,419.22,678.37,14.37
4,490.00,120,862.29,751.75,5.34
4,490.00,121,613.45,951.68,19.67
4,490.00,122,756.00,346.71,23.44
4,490.00,123,134.49,673.89,9.36
4,490.00,124,513.29,398.03,6.23
4,490.00,125,793.22,443.34,6.43
4,490.00,126,588.25,335.10,9.88
4,490.00,127,166.38,702.04,10.85
4,490.00,128,750.31,556.34,6.18
4,490.00,129,663.46,449.44,0.00
4,490.00,130,534.05,542.10,5.20
4,490.00,131,443.87,337.26,5.80
4,490.00,132,750.79,92.31,0.00
4,490.00,133,493.53,802.40,5.63
4,490.00,134,468.62,153.59,0.00
4,490.00,135,583.33,131.85,12.95
4,490.00,136,211.39,673.84,0.00
4,490.00,137,183.45,649.57,23.92
4,490.00,138,497.98,281.13,10.36
4,490.00,139,876.43,691.04,9.08
4,490.00,140,304.50,381.33,12.76
4,490.00,141,281.61,38.14,0.00
4,490.00,142,597.97,618.20,15.70
4,490.00,143,423.92,429.20,22.12
4,490.00,144,772.72,699.59,7.19
4,490.00,145,651.00,471.97,14.93
4,490.00,146,531.92,330.56,5.06
4,490.00,147,593.08,910.88,0.00
4,490.00,148,71.86,737.44,8.59
4,490.00,149,650.76,571.94,6.94
4,500.00,0,356.40,380.94,8.13
4,500.00,1,551.74,260.31,20.70
4,500.00,2,124.91,622.67,6.94
4,500.00,3,380.39,628.43,21.93
4,500.00,4,627.36,661.71,7.36
4,500.00,5,934.63,624.06,0.00
4,500.00,6,978.40,878.38,0.00
4,500.00,7,372.67,378.14,11.70
4,500.00,8,787.85,216.25,10.13
4,500.00,9,612.15,221.03,17.35
4,500.00,10,648.23,805.53,8.19
4,500.00,11,285.36,403.69,15.93
4,500.00,12,759.01,712.28,9.82
4,500.00,13,726.82,548.47,0.00
4,500.00,14,74.79,140.66,8.18
4,500.00,15,247.97,493.29,13.06
4,500.00,16,286.36,337.63,5.76
4,500.00,17,294.22,634.22,9.81
4,500.00,18,951.16,565.36,0.00
4,500.00,19,330.10,834.67,7.28
4,500.00,20,624.45,424.15,13.91
4,500.00,21,73.53,545.67,6.17
4,500.00,22,40.24,534.44,12.96
4,500.00,23,651.20,618.61,7.35
4,500.00,24,978.52,81.06,0.00
4,500.00,25,781.53,492.84,12.75
4,500.00,26,162.72,601.02,10.58
4,500.00,27,622.79,256.03,20.54
4,500.00,28,878.10,307.92,0.00
4,500.00,29,716.34,280.02,5.43
4,500.00,30,151.53,510.01,12.41
4,500.00,31,333.86,709.63,8.97
4,500.00,32,557.08,233.20,5.22
4,500.00,33,68.35,942.13,0.00
4,500.00,34,883.92,394.89,5.54
4,500.00,35,70.21,357.56,6.20
4,500.00,36,540.41,155.07,8.95
4,500.00,37,186.58,760.00,12.61
4,500.00,38,177.04,811.07,7.31
4,500.00,39,225.23,933.68,13.69
4,500.00,40,668.65,658.71,7.39
4,500.00,41,59.36,64.60,0.00
4,500.00,42,988.16,361.52,0.00
4,500.00,43,530.81,389.59,13.76
4,500.00,44,513.85,538.44,7.19
4,500.00,45,236.85,138.70,5.57
4,500.00,46,354.80,434.28,18.22
4,500.00,47,523.89,751.51,21.60
4,500.00,48,922.42,870.52,8.96
4,500.00,49,623.14,537.14,7.67
4,500.00,50,429.19,577.10,0.00
4,500.00,51,598.86,705.71,0.00
4,500.00,52,839.00,215.24,8.21
4,500.00,53,617.07,672.27,8.08
4,500.00,54,214.78,538.42,0.00
4,500.00,55,549.99,909.75,10.55
4,500.00,56,401.65,571.87,5.07
4,500.00,57,670.00,815.52,8.29
4,500.00,58,419.33,612.11,0.00
4,500.00,59,246.56,684.57,15.05
4,500.00,60,813.66,559.31,10.89
4,500.00,61,354.62,803.59,7.48
4,500.00,62,719.49,575.96,9.67
4,500.00,63,276.43,674.93,19.71
4,500.00,64,858.72,836.38,0.00
4,500.00,65,862.51,77.87,7.34
4,500.00,66,617.78,505.86,13.91
4,500.00,67,925.52,125.20,21.43
4,500.00,68,571.97,174.05,23.19
4,500.00,69,297.13,230.09,21.09
4,500.00,70,719.09,929.77,19.78
4,500.00,71,691.93,78.14,0.00
4,500.00,72,204.94,276.14,0.00
4,500.00,73,427.71,803.03,24.02
4,500.00,74,278.57,97.49,8.75
4,500.00,75,327.67,827.49,0.00
4,500.00,76,794.66,502.94,5.42
4,500.00,77,376.81,348.58,12.03
4,500.00,78,775.87,460.57,14.51
4,500.00,79,481.33,362.77,16.42
4,500.00,80,402.91,795.30,5.47
4,500.00,81,206.32,718.71,9.62
4,500.00,82,527.50,154.09,5.49
4,500.00,83,173.91,303.26,6.50
4,500.00,84,776.78,407.46,8.81
4,500.00,85,45.82,382.83,0.00
4,500.00,86,322.02,333.06,8.09
4,500.00,87,450.18,697.12,16.31
4,500.00,88,606.69,267.74,7.78
4,500.00,89,754.40,459.88,10.17
4,500.00,90,76.91,498.28,0.00
4,500.00,91,142.70,450.42,13.02
4,500.00,92,655.06,755.00,12.44
4,500.00,93,503.59,506.94,10.62
4,500.00,94,639.77,135.27,10.73
4,500.00,95,661.11,851.09,0.00
4,500.00,96,974.35,457.05,0.00
4,500.00,97,695.31,939.84,15.11
4,500.00,98,730.77,728.52,8.99
4,500.00,99,387.45,559.44,11.79
4,500.00,100,274.50,361.82,12.78
4,500.00,101,557.67,154.42,23.16
4,500.00,102,601.65,382.56,13.36
4,500.00,103,578.81,11.32,0.00
4,500.00,104,634.46,469.59,11.88
4,500.00,105,554.22,298.12,10.11
4,500.00,106,227.08,801.13,11.74
4,500.00,107,161.47,234.80,17.34
4,500.00,108,373.70,318.64,12.61
4,500.00,109,168.98,427.10,8.34
4,500.00,110,387.23,897.63,19.81
4,500.00,111,253.30,827.67,9.02
4,500.00,112,239.31,818.92,8.20
4,500.00,113,692.38,307.75,10.00
4,500.00,114,586.08,386.40,5.10
4,500.00,115,620.91,653.27,11.17
4,500.00,116,541.89,298.48,6.21
4,500.00,117,796.18,170.11,18.73
4,500.00,118,476.25,106.01,24.04
4,500.00,119,509.84,772.16,0.00
4,500.00,120,901.25,788.23,5.34
4,500.00,121,788.88,862.63,19.67
4,500.00,122,664.17,562.38,23.44
4,500.00,123,74.14,731.54,0.00
4,500.00,124,575.57,398.04,6.23
4,500.00,125,789.85,433.12,0.00
4,500.00,126,537.65,419.95,9.88
4,500.00,127,140.48,596.64,10.85
4,500.00,128,696.12,585.96,6.18
4,500.00,129,570.70,463.77,13.93
4,500.00,130,500.81,582.12,5.20
4,500.00,131,465.97,338.29,0.00
4,500.00,132,735.73,183.17,12.29
4,500.00,133,470.73,750.94,5.63
4,500.00,134,495.50,170.59,16.04
4,500.00,135,617.46,19.01,0.00
4,500.00,136,237.30,675.83,11.48
4,500.00,137,110.40,649.54,0.00
4,500.00,138,435.31,363.65,10.36
4,500.00,139,957.80,690.85,0.00
4,500.00,140,182.59,418.88,12.76
4,500.00,141,371.22,75.46,22.78
4,500.00,142,474.54,521.15,15.70
4,500.00,143,404.47,208.86,22.12
4,500.00,144,744.56,633.39,7.19
4,500.00,145,763.20,564.63,0.00
4,500.00,146,546.93,282.28,5.06
4,500.00,147,537.70,827.23,17.36
4,500.00,148,41.42,817.78,8.59
4,500.00,149,662.74,503.63,6.94
