run,time,node_id,x,y,speed
5,0.00,0,549.73,219.46,0.00
5,0.00,1,353.42,679.79,0.00
5,0.00,2,10.32,864.60,0.00
5,0.00,3,368.47,128.38,0.00
5,0.00,4,847.61,574.94,0.00
5,0.00,5,294.68,2.54,0.00
5,0.00,6,157.36,302.61,0.00
5,0.00,7,809.82,27.27,0.00
5,0.00,8,610.26,298.70,0.00
5,0.00,9,119.03,161.49,0.00
5,0.00,10,277.98,113.33,0.00
5,0.00,11,125.26,358.81,0.00
5,0.00,12,523.67,654.57,0.00
5,0.00,13,85.74,866.54,0.00
5,0.00,14,983.52,782.44,0.00
5,0.00,15,45.56,123.00,0.00
5,0.00,16,180.24,576.18,0.00
5,0.00,17,759.41,381.23,0.00
5,0.00,18,397.36,401.52,0.00
5,0.00,19,13.14,358.91,0.00
5,0.00,20,200.10,965.72,0.00
5,0.00,21,744.54,983.12,0.00
5,0.00,22,220.60,356.94,0.00
5,0.00,23,926.23,945.03,0.00
5,0.00,24,870.19,469.02,0.00
5,0.00,25,246.02,259.10,0.00
5,0.00,26,592.18,516.29,0.00
5,0.00,27,254.63,211.04,0.00
5,0.00,28,695.22,743.46,0.00
5,0.00,29,447.59,631.58,0.00
5,0.00,30,827.61,538.29,0.00
5,0.00,31,423.35,957.25,0.00
5,0.00,32,932.34,228.34,0.00
5,0.00,33,351.12,882.86,0.00
5,0.00,34,616.21,642.20,0.00
5,0.00,35,35.96,419.75,0.00
5,0.00,36,191.21,798.54,0.00
5,0.00,37,684.22,192.90,0.00
5,0.00,38,239.71,68.84,0.00
5,0.00,39,770.12,99.14,0.00
5,0.00,40,997.85,332.43,0.00
5,0.00,41,274.53,755.14,0.00
5,0.00,42,235.54,282.57,0.00
5,0.00,43,85.58,926.93,0.00
5,0.00,44,734.46,984.80,0.00
5,0.00,45,900.42,312.03,0.00
5,0.00,46,104.05,122.27,0.00
5,0.00,47,670.01,367.99,0.00
5,0.00,48,335.84,462.12,0.00
5,0.00,49,255.00,803.56,0.00
5,0.00,50,40.52,724.80,0.00
5,0.00,51,530.47,94.93,0.00
5,0.00,52,704.13,966.10,0.00
5,0.00,53,655.36,862.59,0.00
5,0.00,54,671.36,75.88,0.00
5,0.00,55,627.42,222.11,0.00
5,0.00,56,670.73,978.42,0.00
5,0.00,57,963.57,87.82,0.00
5,0.00,58,896.22,175.64,0.00
5,0.00,59,242.04,763.81,0.00
5,0.00,60,856.35,856.69,0.00
5,0.00,61,70.39,282.01,0.00
5,0.00,62,170.23,33.88,0.00
5,0.00,63,476.59,771.38,0.00
5,0.00,64,120.49,773.82,0.00
5,0.00,65,3.98,253.54,0.00
5,0.00,66,24.43,656.51,0.00
5,0.00,67,856.47,630.45,0.00
5,0.00,68,265.13,843.77,0.00
5,0.00,69,741.57,386.14,0.00
5,0.00,70,68.29,714.78,0.00
5,0.00,71,669.70,348.49,0.00
5,0.00,72,597.07,450.01,0.00
5,0.00,73,156.32,760.34,0.00
5,0.00,74,773.09,327.59,0.00
5,0.00,75,504.75,334.99,0.00
5,0.00,76,452.12,341.38,0.00
5,0.00,77,808.32,774.57,0.00
5,0.00,78,660.66,1.48,0.00
5,0.00,79,175.38,508.10,0.00
5,0.00,80,554.16,567.41,0.00
5,0.00,81,675.58,910.08,0.00
5,0.00,82,697.50,342.78,0.00
5,0.00,83,214.80,29.28,0.00
5,0.00,84,19.05,841.58,0.00
5,0.00,85,540.11,13.22,0.00
5,0.00,86,835.58,553.55,0.00
5,0.00,87,938.63,163.30,0.00
5,0.00,88,335.51,355.70,0.00
5,0.00,89,981.24,371.78,0.00
5,0.00,90,870.56,373.02,0.00
5,0.00,91,940.06,59.55,0.00
5,0.00,92,187.23,405.93,0.00
5,0.00,93,25.64,320.27,0.00
5,0.00,94,629.85,210.45,0.00
5,0.00,95,866.30,363.44,0.00
5,0.00,96,770.38,251.73,0.00
5,0.00,97,820.34,882.82,0.00
5,0.00,98,171.19,909.02,0.00
5,0.00,99,525.27,261.72,0.00
5,0.00,100,580.77,67.79,0.00
5,0.00,101,947.69,993.74,0.00
5,0.00,102,752.77,980.30,0.00
5,0.00,103,665.78,97.31,0.00
5,0.00,104,116.49,823.16,0.00
5,0.00,105,892.36,78.14,0.00
5,0.00,106,481.08,635.10,0.00
5,0.00,107,49.71,604.24,0.00
5,0.00,108,248.32,154.23,0.00
5,0.00,109,290.90,789.29,0.00
5,0.00,110,586.21,938.64,0.00
5,0.00,111,74.31,589.78,0.00
5,0.00,112,328.84,632.90,0.00
5,0.00,113,454.14,125.25,0.00
5,0.00,114,152.90,682.45,0.00
5,0.00,115,88.24,811.26,0.00
5,0.00,116,108.15,191.97,0.00
5,0.00,117,992.43,142.46,0.00
5,0.00,118,39.07,478.42,0.00
5,0.00,119,82.67,647.04,0.00
5,0.00,120,44.09,38.28,0.00
5,0.00,121,733.33,407.22,0.00
5,0.00,122,714.90,114.71,0.00
5,0.00,123,894.66,724.19,0.00
5,0.00,124,44.36,787.09,0.00
5,0.00,125,882.61,600.04,0.00
5,0.00,126,150.36,481.84,0.00
5,0.00,127,329.13,952.20,0.00
5,0.00,128,725.48,744.97,0.00
5,0.00,129,494.46,588.12,0.00
5,0.00,130,362.38,954.87,0.00
5,0.00,131,909.08,558.27,0.00
5,0.00,132,353.00,48.95,0.00
5,0.00,133,980.06,128.48,0.00
5,0.00,134,136.46,609.76,0.00
5,0.00,135,290.86,785.87,0.00
5,0.00,136,458.39,88.70,0.00
5,0.00,137,889.70,96.80,0.00
5,0.00,138,732.69,585.80,0.00
5,0.00,139,492.62,589.17,0.00
5,0.00,140,595.86,372.67,0.00
5,0.00,141,913.42,707.94,0.00
5,0.00,142,799.93,650.36,0.00
5,0.00,143,909.47,736.34,0.00
5,0.00,144,333.80,953.35,0.00
5,0.00,145,525.83,25.33,0.00
5,0.00,146,672.95,644.06,0.00
5,0.00,147,705.98,886.82,0.00
5,0.00,148,996.95,178.85,0.00
5,0.00,149,813.44,980.21,0.00
5,10.00,0,549.73,219.46,13.00
5,10.00,1,353.42,679.79,5.44
5,10.00,2,10.32,864.60,7.46
5,10.00,3,368.47,128.38,10.95
5,10.00,4,847.61,574.94,23.10
5,10.00,5,294.68,2.54,15.76
5,10.00,6,157.36,302.61,14.52
5,10.00,7,809.82,27.27,6.58
5,10.00,8,610.26,298.70,21.01
5,10.00,9,119.03,161.49,20.05
5,10.00,10,277.98,113.33,16.19
5,10.00,11,125.26,358.81,17.90
5,10.00,12,523.67,654.57,19.24
5,10.00,13,85.74,866.54,9.66
5,10.00,14,983.52,782.44,10.99
5,10.00,15,45.56,123.00,12.68
5,10.00,16,180.24,576.18,10.50
5,10.00,17,759.41,381.23,15.06
5,10.00,18,397.36,401.52,21.18
5,10.00,19,13.14,358.91,18.47
5,10.00,20,200.10,965.72,6.47
5,10.00,21,744.54,983.12,12.17
5,10.00,22,220.60,356.94,20.58
5,10.00,23,926.23,945.03,8.94
5,10.00,24,870.19,469.02,9.33
5,10.00,25,246.02,259.10,10.22
5,10.00,26,592.18,516.29,6.03
5,10.00,27,254.63,211.04,15.50
5,10.00,28,695.22,743.46,12.29
5,10.00,29,447.59,631.58,23.44
5,10.00,30,827.61,538.29,10.19
5,10.00,31,423.35,957.25,19.89
5,10.00,32,932.34,228.34,13.08
5,10.00,33,351.12,882.86,17.72
5,10.00,34,616.21,642.20,11.77
5,10.00,35,35.96,419.75,10.47
5,10.00,36,191.21,798.54,19.84
5,10.00,37,684.22,192.90,20.38
5,10.00,38,239.71,68.84,21.92
5,10.00,39,770.12,99.14,19.65
5,10.00,40,997.85,332.43,15.79
5,10.00,41,274.53,755.14,9.04
5,10.00,42,235.54,282.57,11.36
5,10.00,43,85.58,926.93,12.63
5,10.00,44,734.46,984.80,21.93
5,10.00,45,900.42,312.03,20.16
5,10.00,46,104.05,122.27,17.37
5,10.00,47,670.01,367.99,12.00
5,10.00,48,335.84,462.12,24.04
5,10.00,49,255.00,803.56,7.46
5,10.00,50,40.52,724.80,6.29
5,10.00,51,530.47,94.93,10.66
5,10.00,52,704.13,966.10,8.00
5,10.00,53,655.36,862.59,21.04
5,10.00,54,671.36,75.88,14.53
5,10.00,55,627.42,222.11,21.97
5,10.00,56,670.73,978.42,14.74
5,10.00,57,963.57,87.82,10.44
5,10.00,58,896.22,175.64,16.65
5,10.00,59,242.04,763.81,10.31
5,10.00,60,856.35,856.69,19.20
5,10.00,61,70.39,282.01,7.54
5,10.00,62,170.23,33.88,14.23
5,10.00,63,476.59,771.38,16.19
5,10.00,64,120.49,773.82,16.93
5,10.00,65,3.98,253.54,23.00
5,10.00,66,24.43,656.51,12.08
5,10.00,67,856.47,630.45,22.32
5,10.00,68,265.13,843.77,13.16
5,10.00,69,741.57,386.14,11.88
5,10.00,70,68.29,714.78,12.61
5,10.00,71,669.70,348.49,23.52
5,10.00,72,597.07,450.01,23.80
5,10.00,73,156.32,760.34,11.45
5,10.00,74,773.09,327.59,24.58
5,10.00,75,504.75,334.99,15.96
5,10.00,76,452.12,341.38,22.26
5,10.00,77,808.32,774.57,14.96
5,10.00,78,660.66,1.48,8.85
5,10.00,79,175.38,508.10,12.16
5,10.00,80,554.16,567.41,8.83
5,10.00,81,675.58,910.08,5.05
5,10.00,82,697.50,342.78,15.93
5,10.00,83,214.80,29.28,19.45
5,10.00,84,19.05,841.58,17.52
5,10.00,85,540.11,13.22,11.05
5,10.00,86,835.58,553.55,21.17
5,10.00,87,938.63,163.30,22.10
5,10.00,88,335.51,355.70,8.09
5,10.00,89,981.24,371.78,8.64
5,10.00,90,870.56,373.02,12.28
5,10.00,91,940.06,59.55,10.06
5,10.00,92,187.23,405.93,16.39
5,10.00,93,25.64,320.27,21.16
5,10.00,94,629.85,210.45,24.22
5,10.00,95,866.30,363.44,22.69
5,10.00,96,770.38,251.73,10.20
5,10.00,97,820.34,882.82,14.53
5,10.00,98,171.19,909.02,12.54
5,10.00,99,525.27,261.72,21.07
5,10.00,100,580.77,67.79,12.30
5,10.00,101,947.69,993.74,23.72
5,10.00,102,752.77,980.30,9.51
5,10.00,103,665.78,97.31,7.81
5,10.00,104,116.49,823.16,22.81
5,10.00,105,892.36,78.14,9.28
5,10.00,106,481.08,635.10,21.48
5,10.00,107,49.71,604.24,22.91
5,10.00,108,248.32,154.23,14.65
5,10.00,109,290.90,789.29,14.35
5,10.00,110,586.21,938.64,18.04
5,10.00,111,74.31,589.78,5.80
5,10.00,112,328.84,632.90,20.10
5,10.00,113,454.14,125.25,16.70
5,10.00,114,152.90,682.45,24.36
5,10.00,115,88.24,811.26,9.68
5,10.00,116,108.15,191.97,15.27
5,10.00,117,992.43,142.46,14.98
5,10.00,118,39.07,478.42,6.92
5,10.00,119,82.67,647.04,12.16
5,10.00,120,44.09,38.28,10.06
5,10.00,121,733.33,407.22,11.13
5,10.00,122,714.90,114.71,12.99
5,10.00,123,894.66,724.19,15.32
5,10.00,124,44.36,787.09,9.55
5,10.00,125,882.61,600.04,13.66
5,10.00,126,150.36,481.84,6.17
5,10.00,127,329.13,952.20,21.46
5,10.00,128,725.48,744.97,5.47
5,10.00,129,494.46,588.12,22.81
5,10.00,130,362.38,954.87,14.60
5,10.00,131,909.08,558.27,13.36
5,10.00,132,353.00,48.95,14.64
5,10.00,133,980.06,128.48,13.21
5,10.00,134,136.46,609.76,7.49
5,10.00,135,290.86,785.87,24.42
5,10.00,136,458.39,88.70,21.05
5,10.00,137,889.70,96.80,5.88
5,10.00,138,732.69,585.80,21.78
5,10.00,139,492.62,589.17,22.00
5,10.00,140,595.86,372.67,23.94
5,10.00,141,913.42,707.94,20.46
5,10.00,142,799.93,650.36,5.50
5,10.00,143,909.47,736.34,21.14
5,10.00,144,333.80,953.35,12.14
5,10.00,145,525.83,25.33,12.93
5,10.00,146,672.95,644.06,6.98
5,10.00,147,705.98,886.82,12.35
5,10.00,148,996.95,178.85,15.51
5,10.00,149,813.44,980.21,23.32
5,20.00,0,464.48,317.54,13.00
5,20.00,1,396.97,647.26,5.44
5,20.00,2,68.58,818.00,7.46
5,20.00,3,414.42,227.79,10.95
5,20.00,4,637.25,479.51,23.10
5,20.00,5,179.49,110.08,15.76
5,20.00,6,84.36,177.13,14.52
5,20.00,7,747.00,46.92,6.58
5,20.00,8,677.61,497.70,21.01
5,20.00,9,301.46,244.66,20.05
5,20.00,10,437.80,139.00,16.19
5,20.00,11,165.92,278.75,0.00
5,20.00,12,331.26,657.83,19.24
5,20.00,13,154.27,798.45,9.66
5,20.00,14,876.76,808.40,10.99
5,20.00,15,89.75,241.82,12.68
5,20.00,16,213.61,476.66,10.50
5,20.00,17,903.73,424.32,15.06
5,20.00,18,567.21,528.02,21.18
5,20.00,19,107.18,517.91,18.47
5,20.00,20,259.77,940.76,6.47
5,20.00,21,655.87,899.79,12.17
5,20.00,22,418.78,301.54,20.58
5,20.00,23,847.17,903.31,8.94
5,20.00,24,788.75,514.61,9.33
5,20.00,25,276.65,356.57,10.22
5,20.00,26,554.35,469.40,6.03
5,20.00,27,258.97,365.96,15.50
5,20.00,28,809.39,788.95,12.29
5,20.00,29,359.20,414.49,23.44
5,20.00,30,861.34,442.15,10.19
5,20.00,31,581.68,836.84,19.89
5,20.00,32,940.46,358.86,13.08
5,20.00,33,442.58,731.05,17.72
5,20.00,34,607.10,524.87,11.77
5,20.00,35,104.75,498.68,10.47
5,20.00,36,389.52,793.08,19.84
5,20.00,37,570.83,362.25,20.38
5,20.00,38,46.71,141.60,0.00
5,20.00,39,709.31,286.04,19.65
5,20.00,40,900.49,456.69,15.79
5,20.00,41,245.36,669.59,9.04
5,20.00,42,348.92,274.83,11.36
5,20.00,43,206.31,889.87,12.63
5,20.00,44,799.56,775.38,21.93
5,20.00,45,699.96,333.16,20.16
5,20.00,46,187.95,274.40,17.37
5,20.00,47,589.12,456.57,12.00
5,20.00,48,486.95,649.03,24.04
5,20.00,49,263.88,729.45,7.46
5,20.00,50,94.70,692.77,6.29
5,20.00,51,469.06,182.08,10.66
5,20.00,52,655.53,902.51,8.00
5,20.00,53,446.75,890.18,21.04
5,20.00,54,526.43,86.86,14.53
5,20.00,55,494.36,396.93,21.97
5,20.00,56,710.05,836.36,14.74
5,20.00,57,859.16,89.55,10.44
5,20.00,58,751.54,93.29,16.65
5,20.00,59,344.57,753.19,10.31
5,20.00,60,713.62,728.23,19.20
5,20.00,61,141.34,307.51,7.54
5,20.00,62,252.34,150.15,14.23
5,20.00,63,578.87,645.90,16.19
5,20.00,64,289.59,765.55,16.93
5,20.00,65,195.68,380.64,23.00
5,20.00,66,144.98,648.53,12.08
5,20.00,67,868.90,799.56,0.00
5,20.00,68,396.29,832.62,13.16
5,20.00,69,667.85,292.97,11.88
5,20.00,70,161.84,630.29,12.61
5,20.00,71,530.16,537.77,23.52
5,20.00,72,651.02,681.82,23.80
5,20.00,73,184.34,649.35,11.45
5,20.00,74,892.57,344.53,0.00
5,20.00,75,569.27,480.98,15.96
5,20.00,76,588.88,165.78,22.26
5,20.00,77,743.54,639.73,14.96
5,20.00,78,582.72,43.31,8.85
5,20.00,79,172.55,629.65,12.16
5,20.00,80,631.15,524.19,8.83
5,20.00,81,698.05,864.82,5.05
5,20.00,82,540.27,368.23,15.93
5,20.00,83,349.69,169.45,19.45
5,20.00,84,161.82,740.00,17.52
5,20.00,85,637.70,65.05,11.05
5,20.00,86,638.67,631.31,21.17
5,20.00,87,717.71,167.54,22.10
5,20.00,88,307.67,431.68,8.09
5,20.00,89,914.97,427.17,8.64
5,20.00,90,798.95,472.77,12.28
5,20.00,91,865.46,127.03,10.06
5,20.00,92,350.35,421.99,16.39
5,20.00,93,211.00,422.24,21.16
5,20.00,94,636.36,452.60,24.22
5,20.00,95,953.99,218.50,0.00
5,20.00,96,689.38,313.75,10.20
5,20.00,97,724.37,776.29,0.00
5,20.00,98,292.73,878.37,12.54
5,20.00,99,581.75,464.70,21.07
5,20.00,100,663.99,158.34,12.30
5,20.00,101,816.56,796.11,23.72
5,20.00,102,688.31,910.41,9.51
5,20.00,103,671.03,175.19,7.81
5,20.00,104,333.10,751.55,22.81
5,20.00,105,830.73,147.56,9.28
5,20.00,106,431.86,426.04,21.48
5,20.00,107,278.02,585.58,22.91
5,20.00,108,333.18,273.64,14.65
5,20.00,109,416.78,720.40,14.35
5,20.00,110,501.44,779.38,18.04
5,20.00,111,132.00,595.79,5.80
5,20.00,112,528.28,607.50,20.10
5,20.00,113,329.94,236.91,16.70
5,20.00,114,299.05,487.62,24.36
5,20.00,115,175.66,769.60,9.68
5,20.00,116,229.16,285.13,15.27
5,20.00,117,859.11,210.78,14.98
5,20.00,118,98.31,514.17,6.92
5,20.00,119,204.30,645.49,12.16
5,20.00,120,140.51,66.91,10.06
5,20.00,121,640.68,468.83,11.13
5,20.00,122,701.45,243.94,12.99
5,20.00,123,774.00,629.87,15.32
5,20.00,124,34.87,692.07,9.55
5,20.00,125,802.36,489.46,13.66
5,20.00,126,188.14,433.04,6.17
5,20.00,127,379.78,743.64,21.46
5,20.00,128,768.01,710.55,5.47
5,20.00,129,694.86,479.22,22.81
5,20.00,130,346.34,809.72,14.60
5,20.00,131,778.72,528.83,13.36
5,20.00,132,332.60,74.75,0.00
5,20.00,133,926.51,249.24,13.21
5,20.00,134,112.77,538.74,7.49
5,20.00,135,321.90,543.65,24.42
5,20.00,136,540.52,282.52,21.05
5,20.00,137,855.85,144.88,5.88
5,20.00,138,550.30,704.85,21.78
5,20.00,139,681.79,476.87,22.00
5,20.00,140,760.97,545.96,23.94
5,20.00,141,797.82,539.17,20.46
5,20.00,142,812.41,596.78,5.50
5,20.00,143,897.25,525.32,21.14
5,20.00,144,307.62,834.79,12.14
5,20.00,145,551.04,152.16,12.93
5,20.00,146,628.42,697.88,6.98
5,20.00,147,606.34,813.92,12.35
5,20.00,148,854.60,240.48,15.51
5,20.00,149,817.04,747.04,23.32
5,30.00,0,391.43,401.58,0.00
5,30.00,1,440.52,614.73,5.44
5,30.00,2,126.84,771.39,7.46
5,30.00,3,460.36,327.21,10.95
5,30.00,4,426.89,384.08,23.10
5,30.00,5,152.33,135.43,0.00
5,30.00,6,33.16,89.14,0.00
5,30.00,7,684.17,66.56,6.58
5,30.00,8,695.76,551.35,0.00
5,30.00,9,471.39,322.12,0.00
5,30.00,10,597.62,164.68,16.19
5,30.00,11,158.46,328.58,10.11
5,30.00,12,138.84,661.09,19.24
5,30.00,13,222.81,730.36,9.66
5,30.00,14,770.01,834.37,10.99
5,30.00,15,133.94,360.63,12.68
5,30.00,16,246.97,377.14,10.50
5,30.00,17,909.37,426.01,0.00
5,30.00,18,737.06,654.52,21.18
5,30.00,19,163.33,612.84,0.00
5,30.00,20,319.45,915.80,6.47
5,30.00,21,567.19,816.45,12.17
5,30.00,22,551.72,264.38,0.00
5,30.00,23,768.11,861.58,8.94
5,30.00,24,707.31,560.20,9.33
5,30.00,25,307.28,454.05,10.22
5,30.00,26,516.51,422.50,6.03
5,30.00,27,263.30,520.87,15.50
5,30.00,28,923.56,834.43,12.29
5,30.00,29,358.94,413.85,0.00
5,30.00,30,895.08,346.00,10.19
5,30.00,31,740.00,716.44,19.89
5,30.00,32,945.04,432.50,0.00
5,30.00,33,534.04,579.24,17.72
5,30.00,34,597.98,407.53,11.77
5,30.00,35,173.54,577.61,10.47
5,30.00,36,579.84,787.84,0.00
5,30.00,37,457.44,531.59,20.38
5,30.00,38,51.61,152.64,20.45
5,30.00,39,648.51,472.94,19.65
5,30.00,40,803.13,580.95,15.79
5,30.00,41,216.20,584.03,9.04
5,30.00,42,462.31,267.09,11.36
5,30.00,43,327.05,852.80,12.63
5,30.00,44,864.66,565.97,21.93
5,30.00,45,499.50,354.29,20.16
5,30.00,46,271.85,426.54,17.37
5,30.00,47,508.24,545.15,12.00
5,30.00,48,638.05,835.95,24.04
5,30.00,49,272.75,655.35,7.46
5,30.00,50,148.89,660.73,6.29
5,30.00,51,407.66,269.23,10.66
5,30.00,52,606.93,838.91,8.00
5,30.00,53,238.15,917.78,21.04
5,30.00,54,381.50,97.83,14.53
5,30.00,55,361.30,571.74,21.97
5,30.00,56,749.38,694.30,14.74
5,30.00,57,754.75,91.27,10.44
5,30.00,58,606.85,10.94,16.65
5,30.00,59,447.10,742.57,10.31
5,30.00,60,570.90,599.78,19.20
5,30.00,61,212.30,333.01,7.54
5,30.00,62,334.46,266.43,14.23
5,30.00,63,681.14,520.42,16.19
5,30.00,64,458.68,757.27,16.93
5,30.00,65,387.38,507.73,23.00
5,30.00,66,265.53,640.55,12.08
5,30.00,67,840.42,804.76,12.05
5,30.00,68,527.46,821.47,13.16
5,30.00,69,594.13,199.79,11.88
5,30.00,70,255.39,545.79,12.61
5,30.00,71,390.61,727.05,23.52
5,30.00,72,704.96,913.64,23.80
5,30.00,73,212.37,538.36,11.45
5,30.00,74,888.93,448.30,20.40
5,30.00,75,633.78,626.97,15.96
5,30.00,76,668.56,63.47,0.00
5,30.00,77,678.76,504.90,14.96
5,30.00,78,504.78,85.14,8.85
5,30.00,79,169.72,751.19,12.16
5,30.00,80,708.14,480.96,8.83
5,30.00,81,720.51,819.56,5.05
5,30.00,82,383.04,393.68,15.93
5,30.00,83,484.57,309.62,19.45
5,30.00,84,304.60,638.42,17.52
5,30.00,85,735.29,116.88,11.05
5,30.00,86,441.75,709.07,21.17
5,30.00,87,591.57,169.96,0.00
5,30.00,88,279.82,507.67,8.09
5,30.00,89,848.70,482.56,8.64
5,30.00,90,727.34,572.52,12.28
5,30.00,91,790.87,194.50,10.06
5,30.00,92,513.47,438.05,16.39
5,30.00,93,396.37,524.20,21.16
5,30.00,94,642.87,694.75,24.22
5,30.00,95,924.38,247.65,16.39
5,30.00,96,637.84,353.21,0.00
5,30.00,97,725.43,774.50,15.74
5,30.00,98,414.28,847.72,12.54
5,30.00,99,607.09,555.75,0.00
5,30.00,100,747.22,248.89,12.30
5,30.00,101,685.43,598.48,23.72
5,30.00,102,623.85,840.52,9.51
5,30.00,103,676.28,253.07,7.81
5,30.00,104,549.71,679.93,22.81
5,30.00,105,769.09,216.97,9.28
5,30.00,106,382.64,216.98,21.48
5,30.00,107,506.34,566.93,22.91
5,30.00,108,418.05,393.05,14.65
5,30.00,109,542.65,651.52,14.35
5,30.00,110,416.68,620.11,18.04
5,30.00,111,189.70,601.80,5.80
5,30.00,112,561.05,603.33,0.00
5,30.00,113,255.00,304.28,0.00
5,30.00,114,445.19,292.79,24.36
5,30.00,115,263.08,727.94,9.68
5,30.00,116,350.18,378.30,15.27
5,30.00,117,725.79,279.09,14.98
5,30.00,118,157.54,549.93,6.92
5,30.00,119,325.93,643.93,12.16
5,30.00,120,236.92,95.54,10.06
5,30.00,121,548.04,530.44,11.13
5,30.00,122,687.99,373.17,12.99
5,30.00,123,653.33,535.55,15.32
5,30.00,124,25.39,597.04,9.55
5,30.00,125,722.12,378.89,13.66
5,30.00,126,225.92,384.24,6.17
5,30.00,127,430.43,535.07,21.46
5,30.00,128,810.53,676.13,5.47
5,30.00,129,860.47,389.23,0.00
5,30.00,130,330.30,664.56,14.60
5,30.00,131,648.36,499.38,13.36
5,30.00,132,363.62,102.34,5.35
5,30.00,133,872.97,370.01,13.21
5,30.00,134,89.09,467.72,7.49
5,30.00,135,342.83,380.32,0.00
5,30.00,136,622.64,476.34,21.05
5,30.00,137,822.01,192.95,5.88
5,30.00,138,367.91,823.90,21.78
5,30.00,139,775.51,421.24,0.00
5,30.00,140,780.42,566.37,0.00
5,30.00,141,682.22,370.40,20.46
5,30.00,142,824.89,543.20,5.50
5,30.00,143,885.03,314.31,21.14
5,30.00,144,281.44,716.23,12.14
5,30.00,145,576.26,278.99,12.93
5,30.00,146,583.89,751.69,6.98
5,30.00,147,506.69,741.02,12.35
5,30.00,148,712.25,302.12,15.51
5,30.00,149,820.64,513.87,23.32
5,40.00,0,420.71,388.51,22.39
5,40.00,1,471.22,591.80,0.00
5,40.00,2,185.10,724.79,7.46
5,40.00,3,506.31,426.62,10.95
5,40.00,4,317.62,334.50,0.00
5,40.00,5,260.86,262.24,21.84
5,40.00,6,53.92,81.58,7.40
5,40.00,7,621.35,86.21,6.58
5,40.00,8,837.73,611.01,21.08
5,40.00,9,467.08,328.13,10.79
5,40.00,10,628.56,169.65,0.00
5,40.00,11,143.48,428.53,10.11
5,40.00,12,17.56,663.14,0.00
5,40.00,13,291.34,662.27,9.66
5,40.00,14,663.26,860.33,10.99
5,40.00,15,178.13,479.45,12.68
5,40.00,16,280.34,277.63,10.50
5,40.00,17,726.90,309.39,22.54
5,40.00,18,893.11,770.74,0.00
5,40.00,19,206.35,626.11,11.17
5,40.00,20,379.12,890.84,6.47
5,40.00,21,478.52,733.11,12.17
5,40.00,22,522.11,255.01,9.44
5,40.00,23,689.05,819.86,8.94
5,40.00,24,625.86,605.79,9.33
5,40.00,25,337.92,551.52,10.22
5,40.00,26,478.68,375.61,6.03
5,40.00,27,267.64,675.79,15.50
5,40.00,28,957.17,847.82,0.00
5,40.00,29,485.19,336.67,14.84
5,40.00,30,921.21,271.52,0.00
5,40.00,31,807.55,665.06,0.00
5,40.00,32,904.66,438.77,9.38
5,40.00,33,625.50,427.43,17.72
5,40.00,34,588.87,290.19,11.77
5,40.00,35,242.33,656.54,10.47
5,40.00,36,574.89,788.07,12.29
5,40.00,37,344.04,700.94,20.38
5,40.00,38,134.56,339.58,20.45
5,40.00,39,587.71,659.84,19.65
5,40.00,40,705.77,705.22,15.79
5,40.00,41,187.04,498.48,9.04
5,40.00,42,575.70,259.36,11.36
5,40.00,43,412.40,826.60,0.00
5,40.00,44,929.76,356.56,21.93
5,40.00,45,299.04,375.41,20.16
5,40.00,46,355.76,578.67,17.37
5,40.00,47,427.36,633.73,12.00
5,40.00,48,733.92,954.53,0.00
5,40.00,49,281.63,581.24,7.46
5,40.00,50,203.08,628.70,6.29
5,40.00,51,346.25,356.38,10.66
5,40.00,52,558.33,775.32,8.00
5,40.00,53,72.49,939.69,0.00
5,40.00,54,291.53,104.64,0.00
5,40.00,55,228.24,746.56,21.97
5,40.00,56,788.71,552.25,14.74
5,40.00,57,650.34,93.00,10.44
5,40.00,58,589.19,0.89,0.00
5,40.00,59,549.63,731.95,10.31
5,40.00,60,428.18,471.32,19.20
5,40.00,61,283.26,358.51,7.54
5,40.00,62,416.57,382.70,14.23
5,40.00,63,783.42,394.94,16.19
5,40.00,64,627.78,749.00,16.93
5,40.00,65,405.79,519.94,0.00
5,40.00,66,386.08,632.58,12.08
5,40.00,67,721.86,826.43,12.05
5,40.00,68,658.62,810.32,13.16
5,40.00,69,520.40,106.62,11.88
5,40.00,70,348.94,461.30,12.61
5,40.00,71,315.42,829.04,0.00
5,40.00,72,714.37,954.11,0.00
5,40.00,73,240.39,427.37,11.45
5,40.00,74,881.78,652.15,20.40
5,40.00,75,698.29,772.97,15.96
5,40.00,76,653.66,137.76,18.16
5,40.00,77,613.98,370.07,14.96
5,40.00,78,426.84,126.97,8.85
5,40.00,79,168.36,809.38,0.00
5,40.00,80,785.13,437.73,8.83
5,40.00,81,742.97,774.30,5.05
5,40.00,82,225.81,419.14,15.93
5,40.00,83,619.46,449.79,19.45
5,40.00,84,447.37,536.83,17.52
5,40.00,85,775.23,138.09,0.00
5,40.00,86,306.40,762.52,0.00
5,40.00,87,508.09,119.08,22.79
5,40.00,88,251.98,583.65,8.09
5,40.00,89,782.43,537.94,8.64
5,40.00,90,655.73,672.27,12.28
5,40.00,91,716.27,261.97,10.06
5,40.00,92,676.60,454.11,16.39
5,40.00,93,581.73,626.16,21.16
5,40.00,94,646.30,822.66,0.00
5,40.00,95,807.58,362.61,16.39
5,40.00,96,643.56,317.27,10.01
5,40.00,97,806.00,639.33,15.74
5,40.00,98,535.83,817.07,12.54
5,40.00,99,674.70,462.13,20.94
5,40.00,100,830.44,339.44,12.30
5,40.00,101,681.08,591.93,0.00
5,40.00,102,559.39,770.64,9.51
5,40.00,103,681.53,330.95,7.81
5,40.00,104,754.39,612.25,0.00
5,40.00,105,707.46,286.38,9.28
5,40.00,106,337.74,26.28,0.00
5,40.00,107,701.55,550.98,0.00
5,40.00,108,502.91,512.46,14.65
5,40.00,109,668.53,582.63,14.35
5,40.00,110,331.92,460.84,18.04
5,40.00,111,247.40,607.81,5.80
5,40.00,112,536.52,543.50,7.74
5,40.00,113,298.60,349.05,15.76
5,40.00,114,574.11,120.94,0.00
5,40.00,115,350.50,686.28,9.68
5,40.00,116,471.19,471.46,15.27
5,40.00,117,592.47,347.41,14.98
5,40.00,118,216.77,585.68,6.92
5,40.00,119,447.55,642.37,12.16
5,40.00,120,333.33,124.17,10.06
5,40.00,121,455.40,592.05,11.13
5,40.00,122,674.54,502.39,12.99
5,40.00,123,532.66,441.23,15.32
5,40.00,124,15.91,502.02,9.55
5,40.00,125,641.88,268.32,13.66
5,40.00,126,263.70,335.44,6.17
5,40.00,127,481.07,326.51,21.46
5,40.00,128,853.05,641.71,5.47
5,40.00,129,836.79,377.31,15.27
5,40.00,130,314.26,519.41,14.60
5,40.00,131,518.00,469.94,13.36
5,40.00,132,403.64,137.91,5.35
5,40.00,133,819.43,490.78,13.21
5,40.00,134,65.41,396.70,7.49
5,40.00,135,305.20,339.51,17.04
5,40.00,136,704.76,670.16,21.05
5,40.00,137,788.16,241.02,5.88
5,40.00,138,185.52,942.95,21.78
5,40.00,139,706.96,437.04,13.94
5,40.00,140,644.49,547.08,15.56
5,40.00,141,566.62,201.63,20.46
5,40.00,142,837.37,489.62,5.50
5,40.00,143,878.50,201.51,0.00
5,40.00,144,256.80,604.64,0.00
5,40.00,145,601.47,405.82,12.93
5,40.00,146,539.36,805.50,6.98
5,40.00,147,407.05,668.12,12.35
5,40.00,148,569.89,363.75,15.51
5,40.00,149,823.68,317.22,0.00
5,50.00,0,625.18,297.22,22.39
5,50.00,1,428.31,569.50,16.38
5,50.00,2,243.36,678.18,7.46
5,50.00,3,552.26,526.04,10.95
5,50.00,4,315.45,382.84,10.07
5,50.00,5,402.87,428.18,21.84
5,50.00,6,123.44,56.29,7.40
5,50.00,7,558.52,105.86,6.58
5,50.00,8,873.89,626.21,0.00
5,50.00,9,404.24,415.79,10.79
5,50.00,10,514.96,313.97,22.77
5,50.00,11,128.49,528.48,10.11
5,50.00,12,47.72,672.09,8.51
5,50.00,13,359.87,594.18,9.66
5,50.00,14,556.51,886.30,10.99
5,50.00,15,222.32,598.27,12.68
5,50.00,16,313.71,178.11,10.50
5,50.00,17,703.60,294.50,0.00
5,50.00,18,881.75,764.62,15.89
5,50.00,19,313.12,659.04,11.17
5,50.00,20,438.79,865.88,6.47
5,50.00,21,475.09,729.90,0.00
5,50.00,22,432.14,226.55,9.44
5,50.00,23,609.99,778.14,8.94
5,50.00,24,544.42,651.38,9.33
5,50.00,25,368.55,648.99,10.22
5,50.00,26,440.85,328.71,6.03
5,50.00,27,271.98,830.70,15.50
5,50.00,28,853.28,797.89,16.34
5,50.00,29,611.81,259.26,14.84
5,50.00,30,904.03,269.18,7.69
5,50.00,31,747.34,649.61,10.84
5,50.00,32,812.00,453.15,9.38
5,50.00,33,716.96,275.63,17.72
5,50.00,34,588.48,285.17,0.00
5,50.00,35,303.75,727.01,0.00
5,50.00,36,452.13,793.84,12.29
5,50.00,37,308.94,753.35,0.00
5,50.00,38,217.51,526.51,20.45
5,50.00,39,526.91,846.74,19.65
5,50.00,40,608.40,829.48,15.79
5,50.00,41,157.88,412.92,9.04
5,50.00,42,689.08,251.62,11.36
5,50.00,43,420.00,802.03,8.77
5,50.00,44,988.64,167.16,0.00
5,50.00,45,271.58,378.31,0.00
5,50.00,46,360.76,587.75,0.00
5,50.00,47,346.48,722.31,12.00
5,50.00,48,700.01,876.27,23.33
5,50.00,49,290.51,507.14,7.46
5,50.00,50,257.27,596.67,6.29
5,50.00,51,284.84,443.53,10.66
5,50.00,52,509.73,711.72,8.00
5,50.00,53,75.41,914.55,12.29
5,50.00,54,318.86,156.86,15.54
5,50.00,55,122.95,884.89,0.00
5,50.00,56,828.04,410.19,14.74
5,50.00,57,545.93,94.73,10.44
5,50.00,58,666.44,66.31,0.00
5,50.00,59,652.16,721.33,10.31
5,50.00,60,285.46,342.87,19.20
5,50.00,61,354.22,384.01,7.54
5,50.00,62,498.69,498.97,14.23
5,50.00,63,885.70,269.46,16.19
5,50.00,64,796.88,740.72,16.93
5,50.00,65,391.92,601.96,9.20
5,50.00,66,506.63,624.60,12.08
5,50.00,67,603.31,848.10,12.05
5,50.00,68,789.79,799.17,13.16
5,50.00,69,487.35,64.85,0.00
5,50.00,70,442.48,376.80,12.61
5,50.00,71,372.15,747.53,21.53
5,50.00,72,664.27,948.05,6.11
5,50.00,73,268.41,316.39,11.45
5,50.00,74,875.48,831.74,0.00
5,50.00,75,702.41,782.31,0.00
5,50.00,76,617.94,315.79,18.16
5,50.00,77,549.19,235.24,14.96
5,50.00,78,348.90,168.80,8.85
5,50.00,79,264.84,799.19,18.61
5,50.00,80,862.13,394.51,8.83
5,50.00,81,765.44,729.04,5.05
5,50.00,82,172.40,427.78,0.00
5,50.00,83,648.51,479.98,0.00
5,50.00,84,590.15,435.25,17.52
5,50.00,85,765.11,173.32,6.20
5,50.00,86,343.64,779.20,13.05
5,50.00,87,433.46,73.58,0.00
5,50.00,88,224.13,659.64,8.09
5,50.00,89,716.16,593.33,8.64
5,50.00,90,584.13,772.02,12.28
5,50.00,91,641.68,329.44,10.06
5,50.00,92,745.28,460.87,0.00
5,50.00,93,767.09,728.12,21.16
5,50.00,94,612.65,753.18,16.36
5,50.00,95,690.78,477.58,16.39
5,50.00,96,659.28,218.46,10.01
5,50.00,97,866.40,537.99,0.00
5,50.00,98,657.37,786.42,12.54
5,50.00,99,797.31,292.36,20.94
5,50.00,100,913.66,429.99,12.30
5,50.00,101,571.89,535.34,12.72
5,50.00,102,494.94,700.75,9.51
5,50.00,103,686.78,408.82,7.81
5,50.00,104,751.10,613.59,6.46
5,50.00,105,645.82,355.79,9.28
5,50.00,106,340.16,46.85,23.58
5,50.00,107,672.73,546.99,20.07
5,50.00,108,587.78,631.87,14.65
5,50.00,109,731.19,548.33,0.00
5,50.00,110,281.43,365.98,0.00
5,50.00,111,305.09,613.82,5.80
5,50.00,112,507.17,471.91,7.74
5,50.00,113,408.54,461.93,15.76
5,50.00,114,577.47,144.05,19.80
5,50.00,115,437.92,644.63,9.68
5,50.00,116,592.20,564.63,15.27
5,50.00,117,459.15,415.72,14.98
5,50.00,118,276.01,621.44,6.92
5,50.00,119,569.18,640.81,12.16
5,50.00,120,429.75,152.80,10.06
5,50.00,121,362.76,653.66,11.13
5,50.00,122,661.09,631.62,12.99
5,50.00,123,411.99,346.92,15.32
5,50.00,124,6.42,406.99,9.55
5,50.00,125,561.63,157.74,13.66
5,50.00,126,301.48,286.64,6.17
5,50.00,127,504.01,232.05,0.00
5,50.00,128,895.57,607.29,5.47
5,50.00,129,700.36,308.67,15.27
5,50.00,130,300.95,398.98,0.00
5,50.00,131,387.63,440.50,13.36
5,50.00,132,443.65,173.48,5.35
5,50.00,133,776.45,587.72,0.00
5,50.00,134,41.73,325.68,7.49
5,50.00,135,189.68,214.21,17.04
5,50.00,136,786.89,863.98,21.05
5,50.00,137,754.31,289.10,5.88
5,50.00,138,138.17,973.86,0.00
5,50.00,139,571.10,468.37,13.94
5,50.00,140,490.43,525.22,15.56
5,50.00,141,531.56,150.44,0.00
5,50.00,142,849.85,436.03,5.50
5,50.00,143,849.78,236.01,9.64
5,50.00,144,269.06,608.35,21.79
5,50.00,145,626.69,532.65,12.93
5,50.00,146,494.83,859.32,6.98
5,50.00,147,362.93,635.84,0.00
5,50.00,148,427.54,425.38,15.51
5,50.00,149,797.56,340.50,22.34
5,60.00,0,829.64,205.94,22.39
5,60.00,1,282.97,493.99,16.38
5,60.00,2,301.62,631.58,7.46
5,60.00,3,598.20,625.46,10.95
5,60.00,4,310.95,483.43,10.07
5,60.00,5,544.89,594.11,21.84
5,60.00,6,192.95,31.00,7.40
5,60.00,7,495.70,125.51,6.58
5,60.00,8,734.19,676.65,18.25
5,60.00,9,341.40,503.45,10.79
5,60.00,10,374.11,492.93,22.77
5,60.00,11,113.51,628.43,10.11
5,60.00,12,129.28,696.29,8.51
5,60.00,13,428.41,526.09,9.66
5,60.00,14,528.84,893.03,0.00
5,60.00,15,242.77,653.23,0.00
5,60.00,16,347.08,78.60,10.50
5,60.00,17,756.49,392.29,12.67
5,60.00,18,741.88,689.18,15.89
5,60.00,19,419.89,691.96,11.17
5,60.00,20,464.42,855.16,0.00
5,60.00,21,324.06,617.59,19.58
5,60.00,22,342.17,198.08,9.44
5,60.00,23,530.93,736.41,8.94
5,60.00,24,462.98,696.97,9.33
5,60.00,25,399.18,746.47,10.22
5,60.00,26,403.02,281.82,6.03
5,60.00,27,273.73,893.42,0.00
5,60.00,28,706.06,727.12,16.34
5,60.00,29,738.43,181.85,14.84
5,60.00,30,827.81,258.83,7.69
5,60.00,31,642.33,622.64,10.84
5,60.00,32,719.34,467.54,9.38
5,60.00,33,808.42,123.82,17.72
5,60.00,34,518.82,364.92,11.06
5,60.00,35,323.96,713.75,22.54
5,60.00,36,329.36,799.60,12.29
5,60.00,37,315.77,890.72,19.92
5,60.00,38,300.46,713.45,20.45
5,60.00,39,495.35,943.74,0.00
5,60.00,40,511.04,953.74,15.79
5,60.00,41,128.72,327.37,9.04
5,60.00,42,802.47,243.88,11.36
5,60.00,43,445.93,718.22,8.77
5,60.00,44,985.21,177.19,11.09
5,60.00,45,423.29,293.54,20.14
5,60.00,46,421.99,564.72,0.00
5,60.00,47,265.59,810.89,12.00
5,60.00,48,607.28,662.21,23.33
5,60.00,49,299.38,433.03,7.46
5,60.00,50,311.46,564.64,6.29
5,60.00,51,223.44,530.67,10.66
5,60.00,52,461.13,648.13,8.00
5,60.00,53,89.58,792.46,12.29
5,60.00,54,390.90,294.56,15.54
5,60.00,55,170.82,897.69,23.74
5,60.00,56,867.36,268.14,14.74
5,60.00,57,449.90,96.31,0.00
5,60.00,58,642.59,138.27,17.88
5,60.00,59,754.70,710.71,10.31
5,60.00,60,142.74,214.41,19.20
5,60.00,61,425.18,409.51,7.54
5,60.00,62,580.80,615.25,14.23
5,60.00,63,955.11,184.30,0.00
5,60.00,64,927.31,734.34,0.00
5,60.00,65,376.58,692.69,9.20
5,60.00,66,627.18,616.62,12.08
5,60.00,67,484.76,869.77,12.05
5,60.00,68,920.95,788.02,13.16
5,60.00,69,565.66,162.05,22.63
5,60.00,70,536.03,292.31,12.61
5,60.00,71,495.17,570.81,21.53
5,60.00,72,603.58,940.71,6.11
5,60.00,73,294.33,213.74,0.00
5,60.00,74,878.52,818.04,11.79
5,60.00,75,646.87,718.35,9.05
5,60.00,76,582.22,493.82,18.16
5,60.00,77,484.41,100.41,14.96
5,60.00,78,270.97,210.63,8.85
5,60.00,79,449.91,779.64,18.61
5,60.00,80,933.92,354.20,0.00
5,60.00,81,787.90,683.77,5.05
5,60.00,82,54.81,424.76,0.00
5,60.00,83,707.09,540.61,10.74
5,60.00,84,682.90,369.26,0.00
5,60.00,85,747.97,232.95,6.20
5,60.00,86,462.76,832.57,13.05
5,60.00,87,495.51,178.62,19.79
5,60.00,88,196.29,735.62,8.09
5,60.00,89,649.88,648.72,8.64
5,60.00,90,523.74,856.13,0.00
5,60.00,91,567.08,396.91,10.06
5,60.00,92,718.59,476.50,5.34
5,60.00,93,809.57,751.49,0.00
5,60.00,94,541.31,605.91,16.36
5,60.00,95,573.98,592.54,16.39
5,60.00,96,674.99,119.64,10.01
5,60.00,97,827.03,542.68,15.84
5,60.00,98,778.92,755.77,12.54
5,60.00,99,902.27,147.02,0.00
5,60.00,100,970.05,491.34,0.00
5,60.00,101,458.96,476.82,12.72
5,60.00,102,430.48,630.87,9.51
5,60.00,103,692.03,486.70,7.81
5,60.00,104,691.28,637.92,6.46
5,60.00,105,584.18,425.21,9.28
5,60.00,106,367.66,281.08,23.58
5,60.00,107,573.48,533.22,0.00
5,60.00,108,672.64,751.27,14.65
5,60.00,109,692.66,526.43,8.83
5,60.00,110,300.92,386.73,7.04
5,60.00,111,362.79,619.83,5.80
5,60.00,112,477.81,400.31,7.74
5,60.00,113,518.47,574.80,15.76
5,60.00,114,606.03,340.00,19.80
5,60.00,115,525.35,602.97,9.68
5,60.00,116,713.21,657.79,15.27
5,60.00,117,417.68,436.97,0.00
5,60.00,118,335.24,657.19,6.92
5,60.00,119,690.81,639.25,12.16
5,60.00,120,526.16,181.43,10.06
5,60.00,121,299.09,696.01,0.00
5,60.00,122,647.63,760.85,12.99
5,60.00,123,291.32,252.60,15.32
5,60.00,124,4.16,384.35,0.00
5,60.00,125,553.66,146.75,0.00
5,60.00,126,339.26,237.84,6.17
5,60.00,127,471.25,273.54,9.66
5,60.00,128,911.55,594.36,0.00
5,60.00,129,563.94,240.04,15.27
5,60.00,130,326.50,398.16,15.01
5,60.00,131,309.24,422.80,0.00
5,60.00,132,483.67,209.06,5.35
5,60.00,133,761.14,572.94,10.79
5,60.00,134,18.05,254.66,7.49
5,60.00,135,124.69,143.72,0.00
5,60.00,136,829.13,963.69,0.00
5,60.00,137,720.46,337.17,5.88
5,60.00,138,200.10,932.55,10.05
5,60.00,139,435.23,499.70,13.94
5,60.00,140,336.37,503.35,15.56
5,60.00,141,591.32,179.53,9.54
5,60.00,142,862.33,382.45,5.50
5,60.00,143,788.09,310.12,9.64
5,60.00,144,374.66,640.28,0.00
5,60.00,145,651.91,659.48,12.93
5,60.00,146,458.17,903.62,0.00
5,60.00,147,291.61,570.29,17.38
5,60.00,148,285.19,487.01,15.51
5,60.00,149,630.77,489.16,22.34
5,70.00,0,925.16,163.30,0.00
5,70.00,1,190.26,445.81,0.00
5,70.00,2,359.88,584.97,7.46
5,70.00,3,644.15,724.87,10.95
5,70.00,4,306.44,584.01,10.07
5,70.00,5,686.91,760.05,21.84
5,70.00,6,259.99,6.61,0.00
5,70.00,7,432.87,145.15,6.58
5,70.00,8,562.55,738.62,18.25
5,70.00,9,278.55,591.11,10.79
5,70.00,10,233.26,671.89,22.77
5,70.00,11,98.53,728.39,10.11
5,70.00,12,210.85,720.49,8.51
5,70.00,13,496.94,458.00,9.66
5,70.00,14,571.39,755.16,19.48
5,70.00,15,314.89,671.07,13.82
5,70.00,16,368.05,16.06,0.00
5,70.00,17,816.77,503.75,12.67
5,70.00,18,602.00,613.75,15.89
5,70.00,19,526.65,724.89,11.17
5,70.00,20,524.16,776.16,17.36
5,70.00,21,255.65,566.73,0.00
5,70.00,22,252.20,169.62,9.44
5,70.00,23,500.70,720.46,0.00
5,70.00,24,381.53,742.56,9.33
5,70.00,25,429.39,842.62,0.00
5,70.00,26,365.19,234.92,6.03
5,70.00,27,324.05,801.26,17.64
5,70.00,28,558.83,656.36,16.34
5,70.00,29,858.99,108.14,0.00
5,70.00,30,751.58,248.47,7.69
5,70.00,31,537.32,595.68,10.84
5,70.00,32,626.68,481.92,9.38
5,70.00,33,871.01,19.93,0.00
5,70.00,34,446.05,448.24,11.06
5,70.00,35,512.45,590.08,22.54
5,70.00,36,206.60,805.37,12.29
5,70.00,37,319.56,967.05,0.00
5,70.00,38,342.12,807.35,0.00
5,70.00,39,536.90,840.00,23.23
5,70.00,40,493.07,976.68,0.00
5,70.00,41,99.55,241.81,9.04
5,70.00,42,874.47,238.96,0.00
5,70.00,43,471.86,634.41,8.77
5,70.00,44,949.37,282.11,11.09
5,70.00,45,599.07,195.32,20.14
5,70.00,46,510.45,641.71,18.36
5,70.00,47,184.71,899.47,12.00
5,70.00,48,514.54,448.15,23.33
5,70.00,49,305.14,384.93,0.00
5,70.00,50,365.64,532.61,6.29
5,70.00,51,208.06,552.50,0.00
5,70.00,52,412.52,584.53,8.00
5,70.00,53,103.75,670.37,12.29
5,70.00,54,462.95,432.26,15.54
5,70.00,55,400.19,959.01,23.74
5,70.00,56,880.91,219.19,0.00
5,70.00,57,451.63,101.91,7.30
5,70.00,58,586.35,307.96,17.88
5,70.00,59,857.23,700.09,10.31
5,70.00,60,126.72,199.99,0.00
5,70.00,61,496.14,435.01,7.54
5,70.00,62,662.92,731.52,14.23
5,70.00,63,923.82,216.12,13.89
5,70.00,64,914.49,694.61,18.26
5,70.00,65,361.24,783.42,9.20
5,70.00,66,702.77,611.62,0.00
5,70.00,67,366.21,891.43,12.05
5,70.00,68,987.15,782.39,0.00
5,70.00,69,705.51,335.64,0.00
5,70.00,70,615.93,220.14,0.00
5,70.00,71,618.19,394.08,21.53
5,70.00,72,542.88,933.37,6.11
5,70.00,73,304.25,227.96,23.10
5,70.00,74,886.31,782.82,0.00
5,70.00,75,587.54,650.02,9.05
5,70.00,76,546.50,671.85,18.16
5,70.00,77,443.44,15.13,0.00
5,70.00,78,193.03,252.46,8.85
5,70.00,79,634.99,760.09,18.61
5,70.00,80,927.69,357.85,10.70
5,70.00,81,810.37,638.51,5.05
5,70.00,82,69.94,384.46,23.85
5,70.00,83,781.75,617.88,10.74
5,70.00,84,640.48,354.22,12.84
5,70.00,85,730.84,292.58,6.20
5,70.00,86,581.88,885.94,13.05
5,70.00,87,596.19,349.02,19.79
5,70.00,88,168.45,811.61,8.09
5,70.00,89,583.61,704.11,8.64
5,70.00,90,521.38,864.78,5.72
5,70.00,91,492.49,464.38,10.06
5,70.00,92,672.48,503.50,5.34
5,70.00,93,693.56,686.68,0.00
5,70.00,94,469.97,458.64,16.36
5,70.00,95,457.18,707.51,16.39
5,70.00,96,689.61,27.76,0.00
5,70.00,97,669.78,561.39,15.84
5,70.00,98,900.46,725.12,12.54
5,70.00,99,892.45,153.87,8.32
5,70.00,100,909.80,453.36,22.08
5,70.00,101,346.03,418.29,12.72
5,70.00,102,366.02,560.98,9.51
5,70.00,103,697.28,564.58,7.81
5,70.00,104,631.46,662.25,6.46
5,70.00,105,522.55,494.62,9.28
5,70.00,106,395.17,515.31,23.58
5,70.00,107,549.79,559.89,7.12
5,70.00,108,757.51,870.68,14.65
5,70.00,109,615.94,482.81,8.83
5,70.00,110,349.10,438.04,7.04
5,70.00,111,420.49,625.84,5.80
5,70.00,112,448.46,328.72,7.74
5,70.00,113,628.41,687.68,15.76
5,70.00,114,634.59,535.96,19.80
5,70.00,115,560.76,586.09,0.00
5,70.00,116,727.34,668.67,0.00
5,70.00,117,566.74,499.11,23.44
5,70.00,118,394.48,692.94,6.92
5,70.00,119,812.44,637.69,12.16
5,70.00,120,622.57,210.06,10.06
5,70.00,121,346.74,652.87,20.55
5,70.00,122,634.18,890.08,12.99
5,70.00,123,269.43,235.49,0.00
5,70.00,124,159.30,477.14,23.73
5,70.00,125,463.88,298.94,19.62
5,70.00,126,377.04,189.04,6.17
5,70.00,127,411.37,349.38,9.66
5,70.00,128,877.03,571.06,6.67
5,70.00,129,427.52,171.40,15.27
5,70.00,130,476.48,393.35,15.01
5,70.00,131,337.64,397.92,9.47
5,70.00,132,523.68,244.63,5.35
5,70.00,133,683.54,498.02,10.79
5,70.00,134,2.10,206.84,0.00
5,70.00,135,168.02,148.37,9.96
5,70.00,136,750.18,965.12,16.26
5,70.00,137,686.62,385.25,5.88
5,70.00,138,283.74,876.76,10.05
5,70.00,139,299.36,531.03,13.94
5,70.00,140,325.53,501.81,0.00
5,70.00,141,677.10,221.28,9.54
5,70.00,142,874.81,328.87,5.50
5,70.00,143,726.40,384.23,9.64
5,70.00,144,451.36,620.13,16.07
5,70.00,145,670.48,752.91,0.00
5,70.00,146,460.58,889.12,8.31
5,70.00,147,163.64,452.66,17.38
5,70.00,148,142.83,548.64,15.51
5,70.00,149,463.98,637.81,22.34
5,80.00,0,877.76,213.76,12.99
5,80.00,1,266.69,492.93,24.80
5,80.00,2,418.14,538.37,7.46
5,80.00,3,683.74,810.55,0.00
5,80.00,4,301.94,684.60,10.07
5,80.00,5,828.92,925.98,21.84
5,80.00,6,259.57,8.43,5.23
5,80.00,7,370.05,164.80,6.58
5,80.00,8,390.91,800.59,18.25
5,80.00,9,215.71,678.77,10.79
5,80.00,10,130.11,802.93,0.00
5,80.00,11,84.37,822.85,0.00
5,80.00,12,292.41,744.69,8.51
5,80.00,13,565.47,389.90,9.66
5,80.00,14,628.84,569.06,19.48
5,80.00,15,449.09,704.27,13.82
5,80.00,16,385.57,41.63,8.34
5,80.00,17,877.06,615.21,12.67
5,80.00,18,462.13,538.32,15.89
5,80.00,19,622.81,754.55,0.00
5,80.00,20,539.29,756.15,0.00
5,80.00,21,193.39,517.87,14.02
5,80.00,22,163.97,141.71,0.00
5,80.00,23,441.54,646.83,15.29
5,80.00,24,300.09,788.15,9.33
5,80.00,25,427.48,841.10,17.96
5,80.00,26,327.36,188.03,6.03
5,80.00,27,408.60,646.42,17.64
5,80.00,28,411.60,585.59,16.34
5,80.00,29,854.28,111.46,12.04
5,80.00,30,675.35,238.11,7.69
5,80.00,31,432.31,568.72,10.84
5,80.00,32,534.03,496.30,9.38
5,80.00,33,817.14,31.04,17.43
5,80.00,34,373.28,531.56,11.06
5,80.00,35,700.93,466.42,22.54
5,80.00,36,114.06,809.72,0.00
5,80.00,37,347.43,929.03,7.65
5,80.00,38,306.15,734.58,16.31
5,80.00,39,623.26,624.32,23.23
5,80.00,40,462.94,939.27,5.89
5,80.00,41,76.41,173.91,0.00
5,80.00,42,855.35,255.35,6.90
5,80.00,43,497.79,550.60,8.77
5,80.00,44,913.53,387.04,11.09
5,80.00,45,774.86,97.10,20.14
5,80.00,46,648.92,762.21,18.36
5,80.00,47,110.14,981.14,0.00
5,80.00,48,421.81,234.09,23.33
5,80.00,49,360.37,396.79,16.10
5,80.00,50,419.83,500.58,6.29
5,80.00,51,270.18,413.00,20.37
5,80.00,52,363.92,520.94,8.00
5,80.00,53,117.92,548.29,12.29
5,80.00,54,522.24,545.59,0.00
5,80.00,55,527.90,993.15,0.00
5,80.00,56,855.90,281.98,10.31
5,80.00,57,473.26,171.66,7.30
5,80.00,58,530.11,477.64,17.88
5,80.00,59,959.76,689.48,10.31
5,80.00,60,268.33,97.63,19.68
5,80.00,61,567.10,460.51,7.54
5,80.00,62,745.03,847.79,14.23
5,80.00,63,826.43,315.18,13.89
5,80.00,64,858.46,520.83,18.26
5,80.00,65,345.90,874.15,9.20
5,80.00,66,635.57,594.16,18.61
5,80.00,67,247.66,913.10,12.05
5,80.00,68,894.87,732.08,21.22
5,80.00,69,702.69,336.55,20.04
5,80.00,70,605.43,233.94,11.88
5,80.00,71,741.20,217.35,21.53
5,80.00,72,490.72,927.06,0.00
5,80.00,73,436.44,417.41,23.10
5,80.00,74,904.69,611.38,24.84
5,80.00,75,528.20,581.69,9.05
5,80.00,76,538.49,711.79,0.00
5,80.00,77,490.39,90.03,24.05
5,80.00,78,115.09,294.29,8.85
5,80.00,79,759.20,746.97,0.00
5,80.00,80,835.38,412.02,10.70
5,80.00,81,820.11,618.88,0.00
5,80.00,82,144.44,186.04,0.00
5,80.00,83,856.40,695.15,10.74
5,80.00,84,519.43,311.30,12.84
5,80.00,85,713.70,352.22,6.20
5,80.00,86,701.00,939.31,13.05
5,80.00,87,696.86,519.42,19.79
5,80.00,88,140.60,887.59,8.09
5,80.00,89,517.34,759.49,8.64
5,80.00,90,506.60,919.05,0.00
5,80.00,91,417.89,531.85,10.06
5,80.00,92,626.37,530.51,5.34
5,80.00,93,662.97,685.31,24.78
5,80.00,94,398.63,311.38,16.36
5,80.00,95,353.43,809.63,0.00
5,80.00,96,678.58,37.72,21.18
5,80.00,97,512.52,580.10,15.84
5,80.00,98,988.27,702.98,0.00
5,80.00,99,824.22,201.43,8.32
5,80.00,100,878.14,433.40,0.00
5,80.00,101,238.78,362.71,0.00
5,80.00,102,353.24,547.12,0.00
5,80.00,103,702.53,642.46,7.81
5,80.00,104,571.63,686.58,6.46
5,80.00,105,460.91,564.03,9.28
5,80.00,106,422.68,749.54,23.58
5,80.00,107,502.48,613.15,7.12
5,80.00,108,820.66,959.54,0.00
5,80.00,109,539.22,439.18,8.83
5,80.00,110,397.28,489.35,7.04
5,80.00,111,478.18,631.85,5.80
5,80.00,112,419.11,257.13,7.74
5,80.00,113,738.34,800.56,15.76
5,80.00,114,663.16,731.91,19.80
5,80.00,115,502.98,627.77,11.98
5,80.00,116,548.75,673.15,20.22
5,80.00,117,783.13,589.30,23.44
5,80.00,118,453.71,728.70,6.92
5,80.00,119,822.25,637.57,0.00
5,80.00,120,636.92,214.32,0.00
5,80.00,121,499.10,514.92,20.55
5,80.00,122,623.17,995.76,0.00
5,80.00,123,198.60,402.22,22.13
5,80.00,124,362.96,598.95,23.73
5,80.00,125,364.19,467.92,19.62
5,80.00,126,414.82,140.24,6.17
5,80.00,127,351.49,425.21,9.66
5,80.00,128,821.75,533.75,6.67
5,80.00,129,291.09,102.77,15.27
5,80.00,130,626.46,388.54,15.01
5,80.00,131,408.88,335.53,9.47
5,80.00,132,563.70,280.21,5.35
5,80.00,133,605.94,423.11,10.79
5,80.00,134,55.23,199.24,16.43
5,80.00,135,267.06,159.00,9.96
5,80.00,136,587.58,968.05,16.26
5,80.00,137,652.77,433.32,5.88
5,80.00,138,367.39,820.96,10.05
5,80.00,139,163.49,562.36,13.94
5,80.00,140,384.49,679.94,20.18
5,80.00,141,762.89,263.03,9.54
5,80.00,142,887.29,275.29,5.50
5,80.00,143,664.71,458.35,9.64
5,80.00,144,606.75,579.31,16.07
5,80.00,145,648.03,731.70,11.73
5,80.00,146,474.19,807.12,8.31
5,80.00,147,35.66,335.03,17.38
5,80.00,148,135.14,551.97,0.00
5,80.00,149,327.21,759.70,0.00
5,90.00,0,788.81,308.47,12.99
5,90.00,1,477.78,623.05,24.80
5,90.00,2,476.40,491.76,7.46
5,90.00,3,684.12,790.73,14.34
5,90.00,4,300.43,718.26,0.00
5,90.00,5,840.98,940.07,0.00
5,90.00,6,247.77,59.42,5.23
5,90.00,7,307.22,184.45,6.58
5,90.00,8,219.27,862.56,18.25
5,90.00,9,152.87,766.43,10.79
5,90.00,10,138.92,763.38,15.14
5,90.00,11,88.33,817.95,11.48
5,90.00,12,373.98,768.88,8.51
5,90.00,13,634.01,321.81,9.66
5,90.00,14,686.30,382.95,19.48
5,90.00,15,583.29,737.47,13.82
5,90.00,16,432.74,110.43,8.34
5,90.00,17,937.34,726.67,12.67
5,90.00,18,322.26,462.88,15.89
5,90.00,19,636.35,767.66,18.97
5,90.00,20,497.72,821.10,9.01
5,90.00,21,127.74,466.34,0.00
5,90.00,22,166.86,143.69,18.23
5,90.00,23,345.75,527.61,15.29
5,90.00,24,218.64,833.74,9.33
5,90.00,25,286.96,729.27,17.96
5,90.00,26,289.53,141.13,6.03
5,90.00,27,493.14,491.57,17.64
5,90.00,28,322.38,542.71,0.00
5,90.00,29,755.81,180.70,12.04
5,90.00,30,599.13,227.76,7.69
5,90.00,31,335.39,543.84,0.00
5,90.00,32,441.37,510.69,9.38
5,90.00,33,646.45,66.23,17.43
5,90.00,34,300.51,614.88,11.06
5,90.00,35,782.03,413.21,0.00
5,90.00,36,125.43,804.66,5.06
5,90.00,37,392.65,867.33,7.65
5,90.00,38,233.87,588.36,16.31
5,90.00,39,709.62,408.64,23.23
5,90.00,40,425.98,893.40,5.89
5,90.00,41,111.91,197.13,20.56
5,90.00,42,802.98,300.25,6.90
5,90.00,43,523.72,466.79,8.77
5,90.00,44,877.69,491.96,11.09
5,90.00,45,873.50,41.99,0.00
5,90.00,46,714.09,818.93,0.00
5,90.00,47,115.69,962.57,24.84
5,90.00,48,413.62,215.18,0.00
5,90.00,49,517.74,430.59,16.10
5,90.00,50,474.02,468.55,6.29
5,90.00,51,353.05,226.92,20.37
5,90.00,52,315.32,457.34,8.00
5,90.00,53,130.13,443.12,0.00
5,90.00,54,496.81,528.92,17.19
5,90.00,55,526.90,958.92,7.73
5,90.00,56,817.75,377.76,10.31
5,90.00,57,494.89,241.41,7.30
5,90.00,58,473.87,647.32,17.88
5,90.00,59,993.38,685.99,0.00
5,90.00,60,374.89,20.61,0.00
5,90.00,61,638.05,486.01,7.54
5,90.00,62,827.15,964.07,14.23
5,90.00,63,729.04,414.24,13.89
5,90.00,64,802.43,347.05,18.26
5,90.00,65,344.95,879.75,0.00
5,90.00,66,455.42,547.36,18.61
5,90.00,67,140.17,932.75,0.00
5,90.00,68,826.07,694.57,0.00
5,90.00,69,512.00,398.12,20.04
5,90.00,70,533.47,328.53,11.88
5,90.00,71,774.27,169.85,0.00
5,90.00,72,484.20,914.30,10.19
5,90.00,73,568.63,606.85,23.10
5,90.00,74,931.17,364.36,24.84
5,90.00,75,468.86,513.37,9.05
5,90.00,76,556.02,593.77,15.38
5,90.00,77,618.15,293.84,24.05
5,90.00,78,37.15,336.12,8.85
5,90.00,79,805.36,755.70,14.28
5,90.00,80,743.06,466.19,10.70
5,90.00,81,696.41,638.02,22.11
5,90.00,82,171.33,187.18,24.15
5,90.00,83,877.78,717.28,0.00
5,90.00,84,398.38,268.38,12.84
5,90.00,85,696.57,411.85,6.20
5,90.00,86,753.32,962.75,0.00
5,90.00,87,797.53,689.82,19.79
5,90.00,88,125.89,927.73,0.00
5,90.00,89,451.07,814.88,8.64
5,90.00,90,507.74,918.37,8.05
5,90.00,91,343.30,599.32,10.06
5,90.00,92,580.26,557.51,5.34
5,90.00,93,415.39,674.21,24.78
5,90.00,94,327.30,164.11,16.36
5,90.00,95,350.34,793.97,14.28
5,90.00,96,521.47,179.77,21.18
5,90.00,97,449.30,587.62,0.00
5,90.00,98,943.70,685.80,17.21
5,90.00,99,756.00,248.99,8.32
5,90.00,100,769.99,415.43,13.20
5,90.00,101,247.54,369.42,21.90
5,90.00,102,385.27,506.71,6.43
5,90.00,103,707.78,720.34,7.81
5,90.00,104,511.81,710.90,6.46
5,90.00,105,399.28,633.44,9.28
5,90.00,106,426.72,783.96,0.00
5,90.00,107,455.16,666.41,7.12
5,90.00,108,788.76,923.54,18.80
5,90.00,109,462.49,395.56,8.83
5,90.00,110,445.46,540.67,7.04
5,90.00,111,535.88,637.86,5.80
5,90.00,112,409.59,233.92,0.00
5,90.00,113,848.27,913.44,15.76
5,90.00,114,691.72,927.86,19.80
5,90.00,115,405.84,697.83,11.98
5,90.00,116,417.60,676.45,0.00
5,90.00,117,910.58,642.42,0.00
5,90.00,118,512.94,764.45,6.92
5,90.00,119,847.43,493.75,15.88
5,90.00,120,558.01,272.11,11.49
5,90.00,121,651.47,376.97,20.55
5,90.00,122,613.98,987.34,6.84
5,90.00,123,160.94,490.89,0.00
5,90.00,124,566.61,720.76,23.73
5,90.00,125,264.50,636.90,19.62
5,90.00,126,452.60,91.44,6.17
5,90.00,127,291.61,501.05,9.66
5,90.00,128,766.47,496.44,6.67
5,90.00,129,186.30,50.04,0.00
5,90.00,130,776.43,383.73,15.01
5,90.00,131,480.12,273.13,9.47
5,90.00,132,603.71,315.78,5.35
5,90.00,133,528.34,348.20,10.79
5,90.00,134,217.83,175.99,16.43
5,90.00,135,366.11,169.62,9.96
5,90.00,136,424.99,970.98,16.26
5,90.00,137,618.92,481.40,5.88
5,90.00,138,451.03,765.16,10.05
5,90.00,139,66.12,584.81,0.00
5,90.00,140,400.18,727.36,0.00
5,90.00,141,848.67,304.79,9.54
5,90.00,142,899.77,221.71,5.50
5,90.00,143,648.19,478.19,0.00
5,90.00,144,762.13,538.50,16.07
5,90.00,145,562.79,651.15,11.73
5,90.00,146,487.80,725.12,8.31
5,90.00,147,11.68,312.98,0.00
5,90.00,148,234.12,525.90,0.00
5,90.00,149,366.64,761.78,21.93
5,100.00,0,699.85,403.18,12.99
5,100.00,1,688.86,753.17,24.80
5,100.00,2,534.66,445.15,7.46
5,100.00,3,686.86,647.32,14.34
5,100.00,4,244.34,716.18,8.44
5,100.00,5,793.75,801.55,15.99
5,100.00,6,235.97,110.42,5.23
5,100.00,7,244.40,204.10,6.58
5,100.00,8,90.65,909.00,0.00
5,100.00,9,107.10,830.27,0.00
5,100.00,10,171.83,615.65,15.14
5,100.00,11,160.40,728.57,11.48
5,100.00,12,455.54,793.08,8.51
5,100.00,13,702.54,253.72,9.66
5,100.00,14,736.88,219.09,0.00
5,100.00,15,656.00,755.46,0.00
5,100.00,16,479.90,179.23,8.34
5,100.00,17,977.91,801.69,0.00
5,100.00,18,182.39,387.45,15.89
5,100.00,19,735.92,864.10,0.00
5,100.00,20,449.12,897.02,9.01
5,100.00,21,90.11,484.97,10.38
5,100.00,22,317.26,246.77,18.23
5,100.00,23,249.97,408.39,15.29
5,100.00,24,179.00,855.93,0.00
5,100.00,25,260.00,707.81,0.00
5,100.00,26,251.70,94.24,6.03
5,100.00,27,577.69,336.73,17.64
5,100.00,28,305.35,510.95,9.15
5,100.00,29,657.34,249.93,12.04
5,100.00,30,522.90,217.40,7.69
5,100.00,31,331.15,537.63,9.76
5,100.00,32,348.71,525.07,9.38
5,100.00,33,475.76,101.42,17.43
5,100.00,34,227.74,698.20,11.06
5,100.00,35,785.77,483.97,12.44
5,100.00,36,171.63,784.11,5.06
5,100.00,37,437.87,805.63,7.65
5,100.00,38,161.58,442.14,16.31
5,100.00,39,795.98,192.97,23.23
5,100.00,40,389.03,847.52,5.89
5,100.00,41,283.98,309.71,20.56
5,100.00,42,750.61,345.16,6.90
5,100.00,43,549.65,382.98,8.77
5,100.00,44,841.84,596.88,11.09
5,100.00,45,824.34,89.95,15.65
5,100.00,46,711.27,716.41,19.37
5,100.00,47,186.81,724.54,24.84
5,100.00,48,422.06,306.44,10.05
5,100.00,49,675.12,464.40,16.10
5,100.00,50,528.21,436.52,6.29
5,100.00,51,383.50,158.54,0.00
5,100.00,52,266.72,393.75,8.00
5,100.00,53,151.02,434.96,16.18
5,100.00,54,427.66,483.58,0.00
5,100.00,55,524.67,881.68,7.73
5,100.00,56,779.60,473.54,10.31
5,100.00,57,516.51,311.16,7.30
5,100.00,58,417.63,817.01,17.88
5,100.00,59,881.49,702.37,16.83
5,100.00,60,361.24,66.36,14.38
5,100.00,61,709.01,511.51,7.54
5,100.00,62,849.21,995.30,0.00
5,100.00,63,631.65,513.30,13.89
5,100.00,64,746.40,173.27,18.26
5,100.00,65,416.00,745.25,16.21
5,100.00,66,275.27,500.56,18.61
5,100.00,67,158.07,925.47,20.71
5,100.00,68,735.45,643.08,16.52
5,100.00,69,321.32,459.70,20.04
5,100.00,70,461.51,423.11,11.88
5,100.00,71,733.68,208.80,7.69
5,100.00,72,437.81,823.53,10.19
5,100.00,73,694.35,787.03,0.00
5,100.00,74,957.65,117.33,24.84
5,100.00,75,430.02,468.64,0.00
5,100.00,76,578.61,441.61,15.38
5,100.00,77,745.91,497.64,24.05
5,100.00,78,36.59,336.42,0.00
5,100.00,79,876.75,769.20,0.00
5,100.00,80,650.75,520.36,10.70
5,100.00,81,477.93,671.84,22.11
5,100.00,82,412.56,197.41,24.15
5,100.00,83,887.33,563.62,21.57
5,100.00,84,277.33,225.46,12.84
5,100.00,85,679.43,471.49,6.20
5,100.00,86,733.33,895.54,12.50
5,100.00,87,898.20,860.22,19.79
5,100.00,88,147.55,890.22,9.18
5,100.00,89,384.80,870.27,8.64
5,100.00,90,576.99,877.34,8.05
5,100.00,91,268.70,666.79,10.06
5,100.00,92,534.15,584.51,5.34
5,100.00,93,293.32,668.73,0.00
5,100.00,94,255.96,16.85,16.36
5,100.00,95,322.67,653.83,14.28
5,100.00,96,364.36,321.81,21.18
5,100.00,97,580.46,618.01,22.52
5,100.00,98,783.14,623.90,17.21
5,100.00,99,687.78,296.55,8.32
5,100.00,100,639.78,393.80,13.20
5,100.00,101,421.45,502.59,21.90
5,100.00,102,425.23,456.31,6.43
5,100.00,103,713.03,798.21,7.81
5,100.00,104,451.99,735.23,6.46
5,100.00,105,395.86,637.29,0.00
5,100.00,106,612.09,726.64,22.75
5,100.00,107,407.84,719.67,7.12
5,100.00,108,664.08,782.79,18.80
5,100.00,109,385.77,351.94,8.83
5,100.00,110,493.64,591.98,7.04
5,100.00,111,593.58,643.87,5.80
5,100.00,112,503.03,321.52,18.95
5,100.00,113,926.10,993.34,0.00
5,100.00,114,693.04,936.92,0.00
5,100.00,115,322.99,757.59,0.00
5,100.00,116,435.75,742.04,19.37
5,100.00,117,815.51,658.77,23.47
5,100.00,118,572.18,800.20,6.92
5,100.00,119,874.82,337.31,15.88
5,100.00,120,465.31,340.00,11.49
5,100.00,121,689.01,342.99,0.00
5,100.00,122,563.54,941.17,6.84
5,100.00,123,251.07,469.65,16.40
5,100.00,124,719.34,812.12,0.00
5,100.00,125,261.47,642.03,0.00
5,100.00,126,490.38,42.64,6.17
5,100.00,127,231.73,576.89,9.66
5,100.00,128,711.19,459.12,6.67
5,100.00,129,215.51,70.59,15.40
5,100.00,130,921.91,379.06,0.00
5,100.00,131,551.36,210.74,9.47
5,100.00,132,643.73,351.35,5.35
5,100.00,133,450.74,273.28,10.79
5,100.00,134,380.44,152.74,16.43
5,100.00,135,465.15,180.25,9.96
5,100.00,136,262.39,973.92,16.26
5,100.00,137,585.07,529.47,5.88
5,100.00,138,534.68,709.37,10.05
5,100.00,139,95.04,559.25,13.62
5,100.00,140,519.21,659.69,18.19
5,100.00,141,908.59,333.95,0.00
5,100.00,142,912.25,168.13,5.50
5,100.00,143,582.01,533.83,11.81
5,100.00,144,917.52,497.69,16.07
5,100.00,145,477.54,570.61,11.73
5,100.00,146,501.42,643.12,8.31
5,100.00,147,55.72,274.80,7.17
5,100.00,148,209.76,570.42,15.53
5,100.00,149,585.61,773.29,21.93
5,110.00,0,610.89,497.89,12.99
5,110.00,1,738.33,783.66,0.00
5,110.00,2,592.92,398.55,7.46
5,110.00,3,689.60,503.91,14.34
5,110.00,4,160.03,713.06,8.44
5,110.00,5,742.14,650.17,15.99
5,110.00,6,224.18,161.41,5.23
5,110.00,7,181.57,223.74,6.58
5,110.00,8,152.70,907.49,24.77
5,110.00,9,142.08,811.27,14.65
5,110.00,10,204.74,467.91,15.14
5,110.00,11,232.48,639.19,11.48
5,110.00,12,500.86,806.53,0.00
5,110.00,13,771.07,185.63,9.66
5,110.00,14,755.39,220.19,15.51
5,110.00,15,579.07,722.01,18.31
5,110.00,16,527.06,248.02,8.34
5,110.00,17,911.83,764.45,23.20
5,110.00,18,84.95,334.90,0.00
5,110.00,19,711.67,830.77,15.30
5,110.00,20,400.53,972.93,9.01
5,110.00,21,6.56,526.34,0.00
5,110.00,22,467.67,349.85,18.23
5,110.00,23,154.19,289.18,15.29
5,110.00,24,213.84,801.04,12.67
5,110.00,25,365.52,566.84,21.79
5,110.00,26,251.68,94.21,0.00
5,110.00,27,630.75,239.55,0.00
5,110.00,28,262.11,430.36,9.15
5,110.00,29,558.87,319.17,12.04
5,110.00,30,446.67,207.04,7.69
5,110.00,31,276.07,457.08,9.76
5,110.00,32,256.05,539.45,9.38
5,110.00,33,357.20,125.87,0.00
5,110.00,34,154.97,781.51,11.06
5,110.00,35,790.11,566.08,0.00
5,110.00,36,217.82,763.56,5.06
5,110.00,37,483.09,743.93,7.65
5,110.00,38,89.30,295.92,16.31
5,110.00,39,863.15,25.24,0.00
5,110.00,40,352.08,801.64,5.89
5,110.00,41,450.97,418.97,0.00
5,110.00,42,698.23,390.06,6.90
5,110.00,43,575.59,299.16,8.77
5,110.00,44,806.00,701.81,11.09
5,110.00,45,712.32,199.25,15.65
5,110.00,46,705.94,522.73,19.37
5,110.00,47,189.64,715.06,0.00
5,110.00,48,431.33,406.55,10.05
5,110.00,49,728.21,475.80,0.00
5,110.00,50,582.40,404.49,6.29
5,110.00,51,503.28,231.35,22.16
5,110.00,52,250.61,372.67,0.00
5,110.00,53,301.73,376.10,16.18
5,110.00,54,460.12,501.61,7.15
5,110.00,55,522.43,804.44,7.73
5,110.00,56,748.31,552.08,0.00
5,110.00,57,538.14,380.92,7.30
5,110.00,58,396.43,880.97,0.00
5,110.00,59,715.01,726.72,16.83
5,110.00,60,320.15,204.14,14.38
5,110.00,61,779.97,537.01,7.54
5,110.00,62,778.81,928.88,13.23
5,110.00,63,534.26,612.36,13.89
5,110.00,64,694.79,13.21,0.00
5,110.00,65,491.72,601.91,16.21
5,110.00,66,95.12,453.76,18.61
5,110.00,67,349.93,847.46,20.71
5,110.00,68,591.79,561.45,16.52
5,110.00,69,241.75,485.39,0.00
5,110.00,70,389.55,517.69,11.88
5,110.00,71,678.18,262.08,7.69
5,110.00,72,391.42,732.75,10.19
5,110.00,73,705.57,789.50,23.50
5,110.00,74,966.40,35.66,0.00
5,110.00,75,414.21,449.02,7.29
5,110.00,76,601.21,289.45,15.38
5,110.00,77,873.67,701.44,24.05
5,110.00,78,192.56,358.74,15.87
5,110.00,79,808.00,726.54,16.47
5,110.00,80,558.43,574.52,10.70
5,110.00,81,446.18,676.75,0.00
5,110.00,82,653.80,207.64,24.15
5,110.00,83,900.71,348.30,21.57
5,110.00,84,156.27,182.54,12.84
5,110.00,85,662.30,531.12,6.20
5,110.00,86,720.01,850.78,0.00
5,110.00,87,907.92,876.68,0.00
5,110.00,88,193.47,810.71,9.18
5,110.00,89,366.87,885.25,0.00
5,110.00,90,646.24,836.30,8.05
5,110.00,91,194.11,734.26,10.06
5,110.00,92,488.04,611.52,5.34
5,110.00,93,356.89,625.52,15.16
5,110.00,94,250.69,5.98,0.00
5,110.00,95,295.00,513.70,14.28
5,110.00,96,224.50,448.26,0.00
5,110.00,97,722.71,650.98,0.00
5,110.00,98,622.59,562.01,17.21
5,110.00,99,619.56,344.11,8.32
5,110.00,100,509.56,372.17,13.20
5,110.00,101,595.36,635.76,21.90
5,110.00,102,465.19,405.90,6.43
5,110.00,103,718.28,876.09,7.81
5,110.00,104,392.17,759.56,6.46
5,110.00,105,319.88,732.42,12.89
5,110.00,106,829.41,659.44,22.75
5,110.00,107,376.32,755.15,0.00
5,110.00,108,539.40,642.05,18.80
5,110.00,109,309.05,308.32,8.83
5,110.00,110,541.82,643.29,7.04
5,110.00,111,628.67,647.52,0.00
5,110.00,112,641.27,451.13,18.95
5,110.00,113,914.20,982.35,5.54
5,110.00,114,648.16,914.06,5.28
5,110.00,115,322.49,746.57,7.50
5,110.00,116,442.62,766.89,0.00
5,110.00,117,584.19,698.54,23.47
5,110.00,118,604.48,819.70,0.00
5,110.00,119,883.68,286.72,0.00
5,110.00,120,372.60,407.90,11.49
5,110.00,121,579.57,434.29,18.91
5,110.00,122,513.09,894.99,6.84
5,110.00,123,410.69,432.03,16.40
5,110.00,124,675.23,827.98,18.75
5,110.00,125,377.25,651.53,11.98
5,110.00,126,522.63,0.99,0.00
5,110.00,127,208.92,605.78,0.00
5,110.00,128,655.91,421.81,6.67
5,110.00,129,341.50,159.18,15.40
5,110.00,130,915.10,378.54,22.80
5,110.00,131,622.59,148.34,9.47
5,110.00,132,683.74,386.93,5.35
5,110.00,133,373.13,198.37,10.79
5,110.00,134,536.41,130.43,0.00
5,110.00,135,564.20,190.88,9.96
5,110.00,136,99.80,976.85,16.26
5,110.00,137,551.23,577.54,5.88
5,110.00,138,618.32,653.57,10.05
5,110.00,139,197.11,469.04,13.62
5,110.00,140,677.37,569.78,18.19
5,110.00,141,908.32,353.14,6.36
5,110.00,142,924.73,114.55,5.50
5,110.00,143,491.62,609.82,11.81
5,110.00,144,995.63,477.17,0.00
5,110.00,145,392.29,490.06,11.73
5,110.00,146,515.03,561.12,8.31
5,110.00,147,109.92,227.81,7.17
5,110.00,148,135.20,706.67,15.53
5,110.00,149,804.59,784.81,21.93
5,120.00,0,521.94,592.59,12.99
5,120.00,1,676.76,784.29,8.04
5,120.00,2,651.17,351.94,7.46
5,120.00,3,692.33,360.50,14.34
5,120.00,4,151.69,712.75,0.00
5,120.00,5,690.53,498.79,15.99
5,120.00,6,212.38,212.40,5.23
5,120.00,7,118.75,243.39,6.58
5,120.00,8,400.30,901.47,24.77
5,120.00,9,270.83,741.35,14.65
5,120.00,10,237.65,320.18,15.14
5,120.00,11,304.55,549.81,11.48
5,120.00,12,522.55,728.21,18.29
5,120.00,13,823.43,133.61,0.00
5,120.00,14,910.22,229.37,15.51
5,120.00,15,411.18,649.02,18.31
5,120.00,16,574.22,316.82,8.34
5,120.00,17,709.73,650.55,23.20
5,120.00,18,90.35,354.98,6.86
5,120.00,19,621.64,707.04,15.30
5,120.00,20,395.12,981.39,0.00
5,120.00,21,13.04,539.84,14.74
5,120.00,22,618.07,452.93,18.23
5,120.00,23,147.01,280.25,0.00
5,120.00,24,281.73,694.08,12.67
5,120.00,25,496.09,392.41,21.79
5,120.00,26,360.90,243.36,18.50
5,120.00,27,676.42,298.70,20.07
5,120.00,28,218.86,349.76,9.15
5,120.00,29,460.40,388.41,12.04
5,120.00,30,370.45,196.68,7.69
5,120.00,31,220.99,376.53,9.76
5,120.00,32,249.79,540.43,0.00
5,120.00,33,407.67,175.81,23.25
5,120.00,34,128.39,811.95,0.00
5,120.00,35,812.15,489.55,23.50
5,120.00,36,264.02,743.01,5.06
5,120.00,37,528.31,682.23,7.65
5,120.00,38,31.03,178.04,0.00
5,120.00,39,850.49,72.47,22.00
5,120.00,40,315.12,755.77,5.89
5,120.00,41,445.32,416.98,20.29
5,120.00,42,645.86,434.96,6.90
5,120.00,43,601.52,215.35,8.77
5,120.00,44,770.16,806.73,11.09
5,120.00,45,600.30,308.55,15.65
5,120.00,46,701.79,372.01,0.00
5,120.00,47,289.83,596.06,16.20
5,120.00,48,440.59,506.66,10.05
5,120.00,49,651.46,515.20,13.02
5,120.00,50,636.58,372.46,6.29
5,120.00,51,692.66,346.45,22.16
5,120.00,52,269.33,486.73,17.29
5,120.00,53,452.45,317.24,16.18
5,120.00,54,522.66,536.35,7.15
5,120.00,55,520.19,727.21,7.73
5,120.00,56,738.78,549.48,5.49
5,120.00,57,559.77,450.67,7.30
5,120.00,58,404.18,831.92,7.97
5,120.00,59,548.53,751.08,16.83
5,120.00,60,279.06,341.92,14.38
5,120.00,61,825.25,553.29,0.00
5,120.00,62,682.56,838.05,13.23
5,120.00,63,436.87,711.42,13.89
5,120.00,64,676.21,13.30,23.53
5,120.00,65,567.44,458.58,16.21
5,120.00,66,33.21,437.68,0.00
5,120.00,67,541.79,769.46,20.71
5,120.00,68,448.13,479.82,16.52
5,120.00,69,187.42,514.12,10.55
5,120.00,70,317.60,612.28,11.88
5,120.00,71,622.67,315.35,7.69
5,120.00,72,345.03,641.98,10.19
5,120.00,73,761.98,801.94,0.00
5,120.00,74,952.09,172.42,20.54
5,120.00,75,368.45,392.24,7.29
5,120.00,76,608.95,237.27,0.00
5,120.00,77,974.77,862.72,0.00
5,120.00,78,349.66,381.21,15.87
5,120.00,79,668.05,639.72,16.47
5,120.00,80,466.11,628.69,10.70
5,120.00,81,476.59,638.27,5.74
5,120.00,82,750.54,211.75,0.00
5,120.00,83,907.86,233.08,0.00
5,120.00,84,35.22,139.62,12.84
5,120.00,85,654.42,558.53,0.00
5,120.00,86,748.53,781.39,11.97
5,120.00,87,818.79,748.89,17.25
5,120.00,88,239.39,731.20,9.18
5,120.00,89,339.52,742.08,19.98
5,120.00,90,715.49,795.27,8.05
5,120.00,91,119.52,801.73,10.06
5,120.00,92,441.93,638.52,5.34
5,120.00,93,482.28,540.28,15.16
5,120.00,94,303.13,98.67,11.50
5,120.00,95,267.33,373.56,14.28
5,120.00,96,227.73,442.28,6.19
5,120.00,97,684.31,623.95,13.36
5,120.00,98,462.03,500.11,17.21
5,120.00,99,551.34,391.67,8.32
5,120.00,100,379.35,350.54,13.20
5,120.00,101,600.01,639.32,0.00
5,120.00,102,505.14,355.50,6.43
5,120.00,103,723.53,953.97,7.81
5,120.00,104,332.35,783.89,6.46
5,120.00,105,239.44,833.12,12.89
5,120.00,106,938.95,625.57,0.00
5,120.00,107,386.83,703.81,15.70
5,120.00,108,414.72,501.31,18.80
5,120.00,109,232.33,264.70,8.83
5,120.00,110,590.01,694.60,7.04
5,120.00,111,620.07,616.34,8.26
5,120.00,112,779.51,580.74,18.95
5,120.00,113,873.48,944.72,5.54
5,120.00,114,601.12,890.10,5.28
5,120.00,115,319.08,671.62,7.50
5,120.00,116,442.79,643.18,14.27
5,120.00,117,583.95,698.58,0.00
5,120.00,118,626.40,737.97,18.61
5,120.00,119,773.15,411.61,24.65
5,120.00,120,297.68,462.77,0.00
5,120.00,121,434.36,555.44,18.91
5,120.00,122,462.64,848.82,6.84
5,120.00,123,570.30,394.42,16.40
5,120.00,124,498.83,891.42,18.75
5,120.00,125,496.66,661.33,11.98
5,120.00,126,504.05,18.75,17.54
5,120.00,127,247.74,570.27,8.50
5,120.00,128,600.62,384.50,6.67
5,120.00,129,467.49,247.78,15.40
5,120.00,130,687.74,361.31,22.80
5,120.00,131,693.83,85.94,9.47
5,120.00,132,723.76,422.50,5.35
5,120.00,133,295.53,123.45,10.79
5,120.00,134,538.19,138.59,20.45
5,120.00,135,663.25,201.51,9.96
5,120.00,136,93.98,976.96,0.00
5,120.00,137,517.38,625.62,5.88
5,120.00,138,701.97,597.77,10.05
5,120.00,139,299.18,378.83,13.62
5,120.00,140,835.54,479.86,18.19
5,120.00,141,907.43,416.77,6.36
5,120.00,142,935.90,66.60,0.00
5,120.00,143,401.23,685.81,11.81
5,120.00,144,960.74,467.85,7.26
5,120.00,145,307.04,409.51,11.73
5,120.00,146,526.56,491.68,0.00
5,120.00,147,164.13,180.81,7.17
5,120.00,148,60.64,842.92,15.53
5,120.00,149,885.73,789.07,0.00
5,130.00,0,432.98,687.30,12.99
5,130.00,1,596.36,785.12,8.04
5,130.00,2,709.43,305.34,7.46
5,130.00,3,695.07,217.08,14.34
5,130.00,4,191.23,681.12,5.62
5,130.00,5,638.92,347.41,15.99
5,130.00,6,200.59,263.40,5.23
5,130.00,7,98.03,249.87,0.00
5,130.00,8,647.90,895.45,24.77
5,130.00,9,399.58,671.43,14.65
5,130.00,10,241.77,301.72,0.00
5,130.00,11,376.62,460.42,11.48
5,130.00,12,571.37,551.97,18.29
5,130.00,13,812.45,153.82,9.75
5,130.00,14,912.15,229.48,0.00
5,130.00,15,243.29,576.02,18.31
5,130.00,16,621.38,385.62,8.34
5,130.00,17,507.64,536.65,23.20
5,130.00,18,108.15,421.21,6.86
5,130.00,19,531.61,583.31,15.30
5,130.00,20,373.45,910.82,0.00
5,130.00,21,76.83,672.70,14.74
5,130.00,22,742.94,538.51,0.00
5,130.00,23,178.06,461.98,19.93
5,130.00,24,349.62,587.12,12.67
5,130.00,25,626.66,217.98,21.79
5,130.00,26,470.20,392.61,18.50
5,130.00,27,799.06,457.53,20.07
5,130.00,28,175.62,269.16,9.15
5,130.00,29,361.92,457.64,12.04
5,130.00,30,294.22,186.33,7.69
5,130.00,31,165.92,295.97,9.76
5,130.00,32,444.40,472.30,22.11
5,130.00,33,572.90,339.31,23.25
5,130.00,34,140.61,772.62,6.49
5,130.00,35,877.17,263.73,23.50
5,130.00,36,310.22,722.46,5.06
5,130.00,37,573.53,620.54,7.65
5,130.00,38,45.72,191.62,10.32
5,130.00,39,793.58,284.94,22.00
5,130.00,40,278.17,709.89,5.89
5,130.00,41,253.87,349.79,20.29
5,130.00,42,593.49,479.86,6.90
5,130.00,43,605.75,201.66,0.00
5,130.00,44,734.32,911.66,11.09
5,130.00,45,488.28,417.85,15.65
5,130.00,46,687.02,400.32,14.40
5,130.00,47,394.18,472.12,16.20
5,130.00,48,449.86,606.77,10.05
5,130.00,49,535.64,574.65,13.02
5,130.00,50,690.77,340.43,6.29
5,130.00,51,882.04,461.56,22.16
5,130.00,52,297.34,657.37,17.29
5,130.00,53,463.86,312.79,0.00
5,130.00,54,585.20,571.09,7.15
5,130.00,55,517.95,649.97,7.73
5,130.00,56,685.86,535.06,5.49
5,130.00,57,581.39,520.42,7.30
5,130.00,58,416.61,753.19,7.97
5,130.00,59,382.04,775.44,16.83
5,130.00,60,237.97,479.70,14.38
5,130.00,61,780.65,556.82,12.37
5,130.00,62,586.31,747.23,13.23
5,130.00,63,367.23,782.25,0.00
5,130.00,64,440.87,14.41,23.53
5,130.00,65,643.16,315.24,16.21
5,130.00,66,108.25,446.35,11.51
5,130.00,67,731.02,692.52,0.00
5,130.00,68,304.46,398.19,16.52
5,130.00,69,94.18,563.42,10.55
5,130.00,70,245.64,706.86,11.88
5,130.00,71,568.44,367.40,0.00
5,130.00,72,298.64,551.20,10.19
5,130.00,73,668.47,649.84,23.67
5,130.00,74,930.70,376.72,20.54
5,130.00,75,322.68,335.45,7.29
5,130.00,76,670.41,138.08,17.76
5,130.00,77,972.83,841.36,10.27
5,130.00,78,506.76,403.69,15.87
5,130.00,79,528.10,552.89,16.47
5,130.00,80,373.80,682.86,10.70
5,130.00,81,512.16,593.24,5.74
5,130.00,82,657.15,215.89,15.61
5,130.00,83,910.17,289.28,12.10
5,130.00,84,28.84,137.35,0.00
5,130.00,85,636.76,585.73,6.00
5,130.00,86,794.04,670.64,11.97
5,130.00,87,720.12,607.42,17.25
5,130.00,88,285.30,651.68,9.18
5,130.00,89,302.03,545.84,19.98
5,130.00,90,784.74,754.24,8.05
5,130.00,91,97.08,822.02,0.00
5,130.00,92,405.24,660.01,0.00
5,130.00,93,607.67,455.04,15.16
5,130.00,94,359.74,198.75,11.50
5,130.00,95,239.66,233.43,14.28
5,130.00,96,257.22,387.80,6.19
5,130.00,97,575.04,547.03,13.36
5,130.00,98,331.81,449.92,0.00
5,130.00,99,483.11,439.23,8.32
5,130.00,100,249.13,328.91,13.20
5,130.00,101,444.14,598.01,16.57
5,130.00,102,545.10,305.09,6.43
5,130.00,103,724.86,973.65,0.00
5,130.00,104,272.52,808.21,6.46
5,130.00,105,165.55,925.63,0.00
5,130.00,106,866.54,694.45,20.15
5,130.00,107,418.30,550.02,15.70
5,130.00,108,290.04,360.57,18.80
5,130.00,109,155.60,221.07,8.83
5,130.00,110,620.75,727.35,0.00
5,130.00,111,598.12,536.72,8.26
5,130.00,112,917.75,710.35,18.95
5,130.00,113,832.75,907.09,5.54
5,130.00,114,554.07,866.13,5.28
5,130.00,115,315.66,596.68,7.50
5,130.00,116,442.99,500.47,14.27
5,130.00,117,678.62,655.14,10.43
5,130.00,118,674.60,558.22,18.61
5,130.00,119,609.82,596.18,24.65
5,130.00,120,334.57,443.20,21.77
5,130.00,121,289.15,676.59,18.91
5,130.00,122,412.20,802.64,6.84
5,130.00,123,729.91,356.81,16.40
5,130.00,124,322.43,954.86,18.75
5,130.00,125,616.07,671.13,11.98
5,130.00,126,377.22,139.93,17.54
5,130.00,127,310.45,512.92,8.50
5,130.00,128,545.34,347.19,6.67
5,130.00,129,562.53,314.62,0.00
5,130.00,130,460.38,344.08,22.80
5,130.00,131,724.48,59.10,0.00
5,130.00,132,763.77,458.08,5.35
5,130.00,133,255.40,84.71,0.00
5,130.00,134,581.73,338.36,20.45
5,130.00,135,762.29,212.14,9.96
5,130.00,136,148.56,856.08,13.76
5,130.00,137,483.53,673.69,5.88
5,130.00,138,785.61,541.98,10.05
5,130.00,139,401.25,288.62,13.62
5,130.00,140,961.93,408.01,0.00
5,130.00,141,906.53,480.41,6.36
5,130.00,142,925.62,70.15,10.33
5,130.00,143,310.85,761.80,11.81
5,130.00,144,890.58,449.12,7.26
5,130.00,145,272.96,377.30,0.00
5,130.00,146,551.08,517.80,23.39
5,130.00,147,195.98,153.19,0.00
5,130.00,148,20.92,915.50,0.00
5,130.00,149,886.09,745.92,6.86
5,140.00,0,344.02,782.01,12.99
5,140.00,1,515.95,785.95,8.04
5,140.00,2,767.69,258.73,7.46
5,140.00,3,697.81,73.67,14.34
5,140.00,4,235.12,646.02,5.62
5,140.00,5,618.01,286.08,0.00
5,140.00,6,188.79,314.39,5.23
5,140.00,7,133.00,246.06,5.25
5,140.00,8,895.50,889.44,24.77
5,140.00,9,528.33,601.52,14.65
5,140.00,10,255.84,418.31,13.42
5,140.00,11,448.70,371.04,11.48
5,140.00,12,620.18,375.73,18.29
5,140.00,13,765.91,239.44,9.75
5,140.00,14,845.20,220.44,6.84
5,140.00,15,75.40,503.03,18.31
5,140.00,16,668.54,454.42,8.34
5,140.00,17,305.54,422.74,23.20
5,140.00,18,125.95,487.44,6.86
5,140.00,19,441.58,459.58,15.30
5,140.00,20,398.88,886.05,6.75
5,140.00,21,127.90,779.07,0.00
5,140.00,22,714.81,525.20,18.33
5,140.00,23,211.62,658.42,19.93
5,140.00,24,417.51,480.16,12.67
5,140.00,25,757.23,43.55,21.79
5,140.00,26,579.50,541.86,18.50
5,140.00,27,856.84,532.36,0.00
5,140.00,28,132.38,188.56,9.15
5,140.00,29,263.45,526.88,12.04
5,140.00,30,218.00,175.97,7.69
5,140.00,31,110.84,215.42,9.76
5,140.00,32,653.11,399.24,22.11
5,140.00,33,738.13,502.81,23.25
5,140.00,34,159.87,710.65,6.49
5,140.00,35,942.19,37.91,23.50
5,140.00,36,356.41,701.91,5.06
5,140.00,37,618.75,558.84,7.65
5,140.00,38,121.50,261.69,10.32
5,140.00,39,736.67,497.41,22.00
5,140.00,40,241.22,664.02,5.89
5,140.00,41,140.39,309.96,0.00
5,140.00,42,541.11,524.76,6.90
5,140.00,43,524.04,323.80,17.56
5,140.00,44,710.48,981.45,0.00
5,140.00,45,376.27,527.15,15.65
5,140.00,46,620.41,527.98,14.40
5,140.00,47,498.52,348.18,16.20
5,140.00,48,459.12,706.89,10.05
5,140.00,49,419.82,634.09,13.02
5,140.00,50,744.96,308.40,6.29
5,140.00,51,913.74,480.83,0.00
5,140.00,52,318.97,789.21,0.00
5,140.00,53,591.48,427.86,18.59
5,140.00,54,647.74,605.83,7.15
5,140.00,55,515.72,572.74,7.73
5,140.00,56,632.94,520.63,5.49
5,140.00,57,603.02,590.17,7.30
5,140.00,58,429.05,674.46,7.97
5,140.00,59,379.09,775.88,0.00
5,140.00,60,196.87,617.48,14.38
5,140.00,61,657.38,566.60,12.37
5,140.00,62,490.06,656.41,13.23
5,140.00,63,391.04,786.98,8.52
5,140.00,64,205.53,15.53,23.53
5,140.00,65,718.88,171.91,16.21
5,140.00,66,222.58,459.57,11.51
5,140.00,67,728.08,691.03,24.13
5,140.00,68,229.65,355.67,0.00
5,140.00,69,9.68,608.10,0.00
5,140.00,70,173.68,801.44,11.88
5,140.00,71,570.34,364.62,14.63
5,140.00,72,252.25,460.43,10.19
5,140.00,73,544.48,448.18,23.67
5,140.00,74,909.32,581.03,20.54
5,140.00,75,276.92,278.66,7.29
5,140.00,76,727.46,46.00,0.00
5,140.00,77,963.56,739.03,10.27
5,140.00,78,663.87,426.17,15.87
5,140.00,79,388.16,466.06,16.47
5,140.00,80,281.48,737.03,10.70
5,140.00,81,547.74,548.22,5.74
5,140.00,82,501.24,222.81,15.61
5,140.00,83,915.13,410.19,12.10
5,140.00,84,37.46,214.23,8.17
5,140.00,85,604.08,636.07,6.00
5,140.00,86,839.55,559.88,11.97
5,140.00,87,709.53,592.24,0.00
5,140.00,88,331.22,572.17,9.18
5,140.00,89,264.54,349.60,19.98
5,140.00,90,853.99,713.21,8.05
5,140.00,91,148.94,823.57,7.42
5,140.00,92,453.96,655.75,23.96
5,140.00,93,733.06,369.81,15.16
5,140.00,94,416.36,298.83,11.50
5,140.00,95,211.99,93.30,14.28
5,140.00,96,286.70,333.32,6.19
5,140.00,97,465.76,470.12,13.36
5,140.00,98,366.39,463.95,19.75
5,140.00,99,414.89,486.79,8.32
5,140.00,100,180.10,317.44,0.00
5,140.00,101,283.98,555.57,16.57
5,140.00,102,585.06,254.69,6.43
5,140.00,103,659.01,940.54,9.86
5,140.00,104,212.70,832.54,6.46
5,140.00,105,176.76,923.58,14.00
5,140.00,106,720.51,833.33,20.15
5,140.00,107,449.77,396.24,15.70
5,140.00,108,165.36,219.83,18.80
5,140.00,109,78.88,177.45,8.83
5,140.00,110,588.99,647.54,23.74
5,140.00,111,576.16,457.10,8.26
5,140.00,112,933.30,724.92,0.00
5,140.00,113,792.03,869.46,5.54
5,140.00,114,507.02,842.17,5.28
5,140.00,115,312.25,521.73,7.50
5,140.00,116,443.18,357.76,14.27
5,140.00,117,773.38,611.65,10.43
5,140.00,118,722.81,378.47,18.61
5,140.00,119,595.02,612.89,0.00
5,140.00,120,526.92,341.16,21.77
5,140.00,121,143.94,797.75,18.91
5,140.00,122,361.75,756.47,6.84
5,140.00,123,886.62,319.88,0.00
5,140.00,124,257.37,978.25,0.00
5,140.00,125,684.27,676.73,0.00
5,140.00,126,262.91,249.16,0.00
5,140.00,127,373.16,455.57,8.50
5,140.00,128,490.06,309.88,6.67
5,140.00,129,597.64,276.43,21.12
5,140.00,130,233.02,326.85,22.80
5,140.00,131,684.06,143.68,16.45
5,140.00,132,786.59,478.36,0.00
5,140.00,133,266.69,181.59,20.20
5,140.00,134,625.27,538.12,20.45
5,140.00,135,861.34,222.76,9.96
5,140.00,136,205.17,730.71,13.76
5,140.00,137,451.27,719.51,0.00
5,140.00,138,844.02,503.02,0.00
5,140.00,139,482.98,216.39,0.00
5,140.00,140,917.84,417.07,22.40
5,140.00,141,905.64,544.04,6.36
5,140.00,142,828.01,103.84,10.33
5,140.00,143,251.80,811.44,0.00
5,140.00,144,820.42,430.39,7.26
5,140.00,145,252.22,422.57,8.30
5,140.00,146,711.18,688.32,23.39
5,140.00,147,226.86,196.97,12.99
5,140.00,148,116.10,905.90,20.47
5,140.00,149,886.66,677.36,6.86
5,150.00,0,255.07,876.72,12.99
5,150.00,1,435.54,786.78,8.04
5,150.00,2,798.52,234.07,0.00
5,150.00,3,698.62,30.97,0.00
5,150.00,4,279.01,610.92,5.62
5,150.00,5,579.45,322.22,8.88
5,150.00,6,177.00,365.39,5.23
5,150.00,7,185.20,240.36,5.25
5,150.00,8,896.92,889.40,0.00
5,150.00,9,657.08,531.60,14.65
5,150.00,10,271.92,551.54,13.42
5,150.00,11,520.77,281.66,11.48
5,150.00,12,668.99,199.49,18.29
5,150.00,13,719.36,325.07,9.75
5,150.00,14,777.40,211.28,6.84
5,150.00,15,37.48,486.54,0.00
5,150.00,16,715.71,523.22,8.34
5,150.00,17,194.82,360.34,0.00
5,150.00,18,143.75,553.66,6.86
5,150.00,19,351.55,335.85,15.30
5,150.00,20,447.26,838.93,6.75
5,150.00,21,141.41,734.16,23.52
5,150.00,22,549.12,446.81,18.33
5,150.00,23,245.19,854.86,19.93
5,150.00,24,485.40,373.20,12.67
5,150.00,25,766.91,30.60,0.00
5,150.00,26,688.79,691.12,18.50
5,150.00,27,773.46,532.03,15.76
5,150.00,28,89.14,107.97,9.15
5,150.00,29,164.98,596.12,12.04
5,150.00,30,152.71,167.10,0.00
5,150.00,31,77.08,166.05,0.00
5,150.00,32,861.82,326.18,22.11
5,150.00,33,827.13,590.87,0.00
5,150.00,34,179.12,648.69,6.49
5,150.00,35,944.27,30.70,0.00
5,150.00,36,402.61,681.36,5.06
5,150.00,37,663.97,497.14,7.65
5,150.00,38,193.44,328.20,0.00
5,150.00,39,720.47,557.89,0.00
5,150.00,40,204.26,618.14,5.89
5,150.00,41,191.91,289.94,13.57
5,150.00,42,488.74,569.67,6.90
5,150.00,43,426.37,469.78,17.56
5,150.00,44,642.58,956.76,21.58
5,150.00,45,264.25,636.45,15.65
5,150.00,46,553.80,655.63,14.40
5,150.00,47,602.86,224.25,16.20
5,150.00,48,468.38,807.00,10.05
5,150.00,49,384.70,652.12,0.00
5,150.00,50,799.15,276.37,6.29
5,150.00,51,928.18,618.59,16.64
5,150.00,52,314.42,734.37,24.21
5,150.00,53,722.81,546.28,0.00
5,150.00,54,710.28,640.57,7.15
5,150.00,55,513.48,495.50,7.73
5,150.00,56,580.02,506.20,5.49
5,150.00,57,624.65,659.93,7.30
5,150.00,58,441.48,595.74,7.97
5,150.00,59,404.85,684.55,9.66
5,150.00,60,183.22,663.25,0.00
5,150.00,61,534.12,576.37,12.37
5,150.00,62,478.08,645.10,0.00
5,150.00,63,474.61,803.56,8.52
5,150.00,64,61.50,16.21,0.00
5,150.00,65,724.55,161.19,0.00
5,150.00,66,336.91,472.78,11.51
5,150.00,67,512.82,582.04,24.13
5,150.00,68,210.45,398.31,9.76
5,150.00,69,23.98,598.68,18.28
5,150.00,70,101.72,896.02,11.88
5,150.00,71,652.75,243.77,14.63
5,150.00,72,218.27,393.94,0.00
5,150.00,73,420.50,246.52,23.67
5,150.00,74,887.94,785.33,20.54
5,150.00,75,231.15,221.88,7.29
5,150.00,76,717.64,72.63,7.28
5,150.00,77,954.30,636.70,10.27
5,150.00,78,820.97,448.65,15.87
5,150.00,79,303.35,413.44,0.00
5,150.00,80,189.17,791.19,10.70
5,150.00,81,583.31,503.19,5.74
5,150.00,82,345.34,229.72,15.61
5,150.00,83,920.09,531.09,12.10
5,150.00,84,46.55,295.38,8.17
5,150.00,85,571.39,686.41,6.00
5,150.00,86,885.06,449.13,11.97
5,150.00,87,574.16,694.55,19.01
5,150.00,88,377.13,492.66,9.18
5,150.00,89,227.05,153.36,19.98
5,150.00,90,923.24,672.18,8.05
5,150.00,91,223.09,825.78,7.42
5,150.00,92,692.66,634.89,23.96
5,150.00,93,813.98,314.80,0.00
5,150.00,94,472.97,398.91,11.50
5,150.00,95,199.51,30.09,0.00
5,150.00,96,316.19,278.84,6.19
5,150.00,97,356.48,393.20,13.36
5,150.00,98,549.38,538.25,19.75
5,150.00,99,346.67,534.35,8.32
5,150.00,100,210.46,388.54,16.45
5,150.00,101,228.80,540.94,0.00
5,150.00,102,625.02,204.28,6.43
5,150.00,103,570.89,896.22,9.86
5,150.00,104,152.88,856.87,6.46
5,150.00,105,314.45,898.43,14.00
5,150.00,106,704.60,848.47,0.00
5,150.00,107,481.24,242.46,15.70
5,150.00,108,106.33,153.19,0.00
5,150.00,109,47.61,159.67,0.00
5,150.00,110,501.21,427.02,23.74
5,150.00,111,554.20,377.48,8.26
5,150.00,112,746.51,695.77,21.30
5,150.00,113,751.30,831.84,5.54
5,150.00,114,459.97,818.21,5.28
5,150.00,115,308.84,446.79,7.50
5,150.00,116,443.37,215.06,14.27
5,150.00,117,824.83,588.03,0.00
5,150.00,118,771.02,198.72,18.61
5,150.00,119,549.77,648.79,6.35
5,150.00,120,719.27,239.11,21.77
5,150.00,121,79.81,851.25,0.00
5,150.00,122,311.30,710.29,6.84
5,150.00,123,885.18,322.93,18.52
5,150.00,124,304.23,901.37,14.26
5,150.00,125,706.52,756.01,19.20
5,150.00,126,269.64,262.27,14.93
5,150.00,127,435.86,398.22,8.50
5,150.00,128,434.78,272.57,6.67
5,150.00,129,637.42,233.14,0.00
5,150.00,130,165.55,321.74,0.00
5,150.00,131,613.13,292.12,16.45
5,150.00,132,758.59,445.28,10.09
5,150.00,133,290.07,382.26,20.20
5,150.00,134,631.30,565.81,0.00
5,150.00,135,899.52,226.86,0.00
5,150.00,136,261.79,605.35,13.76
5,150.00,137,462.09,719.66,23.06
5,150.00,138,807.46,525.50,14.22
5,150.00,139,487.95,231.81,8.13
5,150.00,140,760.99,449.31,0.00
5,150.00,141,904.74,607.68,6.36
5,150.00,142,730.40,137.54,10.33
5,150.00,143,216.63,799.61,10.70
5,150.00,144,750.26,411.66,7.26
5,150.00,145,217.68,498.00,8.30
5,150.00,146,716.01,693.46,0.00
5,150.00,147,301.75,303.15,12.99
5,150.00,148,319.81,885.37,20.47
5,150.00,149,887.24,608.79,6.86
5,160.00,0,243.29,889.26,0.00
5,160.00,1,355.13,787.61,8.04
5,160.00,2,730.44,216.58,14.93
5,160.00,3,718.15,79.84,7.49
5,160.00,4,322.90,575.82,5.62
5,160.00,5,516.33,381.38,0.00
5,160.00,6,165.20,416.38,5.23
5,160.00,7,237.39,234.67,5.25
5,160.00,8,780.40,725.43,20.23
5,160.00,9,785.82,461.68,14.65
5,160.00,10,288.01,684.78,13.42
5,160.00,11,592.85,192.28,11.48
5,160.00,12,679.86,160.24,0.00
5,160.00,13,672.82,410.69,9.75
5,160.00,14,709.59,202.12,6.84
5,160.00,15,99.64,476.16,8.14
5,160.00,16,762.87,592.02,8.34
5,160.00,17,204.69,419.28,13.22
5,160.00,18,161.55,619.89,6.86
5,160.00,19,261.52,212.12,15.30
5,160.00,20,495.64,791.80,6.75
5,160.00,21,203.27,528.58,0.00
5,160.00,22,383.43,368.41,18.33
5,160.00,23,250.16,883.96,0.00
5,160.00,24,513.53,328.89,0.00
5,160.00,25,727.62,44.29,0.00
5,160.00,26,751.30,776.48,0.00
5,160.00,27,615.82,531.41,15.76
5,160.00,28,69.79,71.90,0.00
5,160.00,29,66.51,665.35,12.04
5,160.00,30,144.85,151.54,12.14
5,160.00,31,136.56,198.42,17.50
5,160.00,32,890.05,316.30,0.00
5,160.00,33,792.80,616.03,9.22
5,160.00,34,198.38,586.72,6.49
5,160.00,35,912.99,242.61,22.13
5,160.00,36,448.81,660.82,5.06
5,160.00,37,709.19,435.44,7.65
5,160.00,38,202.27,326.92,17.56
5,160.00,39,681.98,538.76,6.01
5,160.00,40,167.31,572.26,5.89
5,160.00,41,318.42,240.79,13.57
5,160.00,42,436.37,614.57,6.90
5,160.00,43,328.70,615.76,17.56
5,160.00,44,439.81,883.01,21.58
5,160.00,45,199.03,700.09,0.00
5,160.00,46,505.13,748.91,0.00
5,160.00,47,676.68,136.56,0.00
5,160.00,48,472.88,855.59,0.00
5,160.00,49,419.97,641.40,5.29
5,160.00,50,853.33,244.33,6.29
5,160.00,51,936.54,698.35,0.00
5,160.00,52,294.40,493.08,24.21
5,160.00,53,728.21,544.54,11.62
5,160.00,54,772.83,675.31,7.15
5,160.00,55,511.24,418.26,7.73
5,160.00,56,527.10,491.78,5.49
5,160.00,57,626.95,667.37,0.00
5,160.00,58,453.92,517.01,7.97
5,160.00,59,431.08,591.58,9.66
5,160.00,60,231.47,548.87,18.59
5,160.00,61,410.85,586.15,12.37
5,160.00,62,324.05,561.41,20.02
5,160.00,63,558.17,820.14,8.52
5,160.00,64,111.99,61.78,17.53
5,160.00,65,548.49,140.84,0.00
5,160.00,66,451.24,486.00,11.51
5,160.00,67,297.56,473.05,24.13
5,160.00,68,170.39,487.27,9.76
5,160.00,69,176.70,498.17,18.28
5,160.00,70,93.96,906.23,0.00
5,160.00,71,735.15,122.91,14.63
5,160.00,72,237.76,411.63,9.84
5,160.00,73,415.31,238.08,0.00
5,160.00,74,871.71,940.35,0.00
5,160.00,75,185.39,165.09,7.29
5,160.00,76,692.47,140.92,7.28
5,160.00,77,945.03,534.37,10.27
5,160.00,78,937.37,465.30,0.00
5,160.00,79,282.38,384.10,9.15
5,160.00,80,96.85,845.36,10.70
5,160.00,81,618.89,458.16,5.74
5,160.00,82,189.43,236.64,15.61
5,160.00,83,924.74,644.47,0.00
5,160.00,84,55.65,376.53,8.17
5,160.00,85,538.71,736.75,6.00
5,160.00,86,930.56,338.37,11.97
5,160.00,87,422.52,809.16,19.01
5,160.00,88,423.05,413.15,9.18
5,160.00,89,201.57,19.98,0.00
5,160.00,90,953.40,654.30,0.00
5,160.00,91,297.24,827.99,7.42
5,160.00,92,931.36,614.04,23.96
5,160.00,93,805.20,293.50,6.50
5,160.00,94,529.59,498.99,11.50
5,160.00,95,264.55,119.29,20.11
5,160.00,96,345.67,224.36,6.19
5,160.00,97,276.22,336.71,0.00
5,160.00,98,732.37,612.55,19.75
5,160.00,99,278.45,581.90,8.32
5,160.00,100,275.07,539.87,16.45
5,160.00,101,274.31,515.47,7.96
5,160.00,102,634.56,192.24,0.00
5,160.00,103,482.78,851.91,9.86
5,160.00,104,93.06,881.20,6.46
5,160.00,105,452.14,873.28,14.00
5,160.00,106,744.26,696.01,17.68
5,160.00,107,509.39,104.91,0.00
5,160.00,108,110.06,180.31,5.20
5,160.00,109,66.02,252.97,16.05
5,160.00,110,413.43,206.49,23.74
5,160.00,111,537.85,318.17,0.00
5,160.00,112,536.05,662.92,21.30
5,160.00,113,710.58,794.21,5.54
5,160.00,114,412.93,794.24,5.28
5,160.00,115,306.04,385.26,0.00
5,160.00,116,443.40,198.39,0.00
5,160.00,117,763.98,593.11,13.36
5,160.00,118,782.59,155.57,0.00
5,160.00,119,500.02,688.26,6.35
5,160.00,120,911.63,137.07,21.77
5,160.00,121,143.12,786.74,16.19
5,160.00,122,260.86,664.12,6.84
5,160.00,123,806.41,490.50,18.52
5,160.00,124,378.45,779.59,14.26
5,160.00,125,731.34,844.47,0.00
5,160.00,126,337.83,395.05,14.93
5,160.00,127,498.57,340.87,8.50
5,160.00,128,405.13,252.56,0.00
5,160.00,129,586.37,380.85,21.66
5,160.00,130,205.32,344.98,6.55
5,160.00,131,542.19,440.56,16.45
5,160.00,132,693.44,368.29,10.09
5,160.00,133,313.46,582.94,20.20
5,160.00,134,737.10,408.24,22.03
5,160.00,135,843.74,293.38,14.12
5,160.00,136,318.40,479.98,13.76
5,160.00,137,692.65,722.92,23.06
5,160.00,138,686.30,600.00,14.22
5,160.00,139,512.91,309.21,8.13
5,160.00,140,730.90,465.47,11.98
5,160.00,141,903.85,671.31,6.36
5,160.00,142,632.79,171.23,10.33
5,160.00,143,137.16,772.86,0.00
5,160.00,144,680.10,392.93,7.26
5,160.00,145,183.13,573.43,8.30
5,160.00,146,566.50,716.42,15.60
5,160.00,147,376.65,409.32,12.99
5,160.00,148,523.52,864.83,20.47
5,160.00,149,887.81,540.23,6.86
5,170.00,0,262.76,674.39,24.87
5,170.00,1,274.72,788.44,8.04
5,170.00,2,585.87,179.42,14.93
5,170.00,3,745.94,149.43,7.49
5,170.00,4,366.79,540.72,5.62
5,170.00,5,514.32,383.38,10.90
5,170.00,6,153.41,467.37,5.23
5,170.00,7,266.71,231.47,0.00
5,170.00,8,663.20,560.52,20.23
5,170.00,9,878.82,411.17,0.00
5,170.00,10,302.52,805.03,0.00
5,170.00,11,664.92,102.90,11.48
5,170.00,12,624.00,174.85,7.43
5,170.00,13,626.28,496.32,9.75
5,170.00,14,641.79,192.96,6.84
5,170.00,15,179.93,462.74,8.14
5,170.00,16,810.03,660.82,8.34
5,170.00,17,226.52,549.64,13.22
5,170.00,18,179.35,686.12,6.86
5,170.00,19,219.62,154.53,0.00
5,170.00,20,544.02,744.68,6.75
5,170.00,21,219.58,525.69,19.00
5,170.00,22,217.74,290.02,18.33
5,170.00,23,401.82,767.79,22.43
5,170.00,24,535.41,417.81,15.63
5,170.00,25,758.48,155.25,16.08
5,170.00,26,719.18,756.32,8.86
5,170.00,27,458.18,530.80,15.76
5,170.00,28,138.47,171.70,21.93
5,170.00,29,49.21,677.52,0.00
5,170.00,30,116.29,95.02,0.00
5,170.00,31,290.24,282.06,17.50
5,170.00,32,766.30,367.70,15.50
5,170.00,33,718.42,670.56,9.22
5,170.00,34,217.64,524.76,6.49
5,170.00,35,880.69,461.50,22.13
5,170.00,36,495.01,640.27,5.06
5,170.00,37,741.75,391.01,0.00
5,170.00,38,376.03,301.75,17.56
5,170.00,39,628.18,512.00,6.01
5,170.00,40,130.36,526.39,5.89
5,170.00,41,444.92,191.63,13.57
5,170.00,42,385.89,657.84,0.00
5,170.00,43,231.03,761.75,17.56
5,170.00,44,237.04,809.26,21.58
5,170.00,45,266.77,624.03,24.38
5,170.00,46,523.07,688.28,23.48
5,170.00,47,699.66,149.82,9.07
5,170.00,48,473.21,777.89,15.10
5,170.00,49,470.60,626.00,5.29
5,170.00,50,907.52,212.30,6.29
5,170.00,51,867.31,689.14,13.48
5,170.00,52,274.37,251.80,24.21
5,170.00,53,838.82,508.86,11.62
5,170.00,54,835.37,710.05,7.15
5,170.00,55,509.00,341.03,7.73
5,170.00,56,474.18,477.35,5.49
5,170.00,57,525.51,540.21,18.21
5,170.00,58,466.35,438.28,7.97
5,170.00,59,457.30,498.60,9.66
5,170.00,60,303.72,377.60,18.59
5,170.00,61,287.58,595.92,12.37
5,170.00,62,148.11,465.82,20.02
5,170.00,63,641.74,836.72,8.52
5,170.00,64,242.12,179.22,17.53
5,170.00,65,556.96,180.92,19.74
5,170.00,66,565.57,499.21,11.51
5,170.00,67,121.07,383.68,0.00
5,170.00,68,139.93,554.92,0.00
5,170.00,69,329.42,397.65,18.28
5,170.00,70,232.71,868.46,16.12
5,170.00,71,775.97,63.04,0.00
5,170.00,72,310.60,477.73,9.84
5,170.00,73,567.51,171.54,17.34
5,170.00,74,858.59,935.21,5.84
5,170.00,75,179.12,157.31,0.00
5,170.00,76,667.31,209.22,7.28
5,170.00,77,936.87,444.37,0.00
5,170.00,78,945.43,509.73,0.00
5,170.00,79,229.15,309.63,9.15
5,170.00,80,51.86,871.77,0.00
5,170.00,81,654.46,413.14,5.74
5,170.00,82,148.68,238.45,0.00
5,170.00,83,913.27,645.23,18.49
5,170.00,84,64.74,457.68,8.17
5,170.00,85,506.03,787.08,6.00
5,170.00,86,970.01,242.39,0.00
5,170.00,87,305.72,897.44,0.00
5,170.00,88,468.97,333.64,9.18
5,170.00,89,197.19,36.52,5.34
5,170.00,90,851.93,684.69,18.77
5,170.00,91,371.39,830.21,7.42
5,170.00,92,940.22,613.26,0.00
5,170.00,93,780.44,233.45,6.50
5,170.00,94,586.20,599.07,11.50
5,170.00,95,383.05,281.80,20.11
5,170.00,96,375.15,169.88,6.19
5,170.00,97,252.13,334.77,9.10
5,170.00,98,739.52,615.46,0.00
5,170.00,99,210.22,629.46,8.32
5,170.00,100,339.68,691.19,16.45
5,170.00,101,343.74,476.61,7.96
5,170.00,102,712.00,323.46,20.02
5,170.00,103,394.66,807.59,9.86
5,170.00,104,72.67,889.49,0.00
5,170.00,105,589.84,848.14,14.00
5,170.00,106,788.78,524.91,17.68
5,170.00,107,510.16,124.79,18.84
5,170.00,108,117.15,231.83,5.20
5,170.00,109,97.08,410.42,16.05
5,170.00,110,331.82,1.45,0.00
5,170.00,111,554.37,374.09,22.86
5,170.00,112,325.60,630.07,21.30
5,170.00,113,669.85,756.58,5.54
5,170.00,114,384.89,779.96,0.00
5,170.00,115,345.42,384.54,22.01
5,170.00,116,376.85,320.90,15.78
5,170.00,117,630.83,604.21,13.36
5,170.00,118,693.19,228.01,15.14
5,170.00,119,450.26,727.74,6.35
5,170.00,120,953.37,114.93,0.00
5,170.00,121,256.52,671.19,16.19
5,170.00,122,210.41,617.94,6.84
5,170.00,123,727.65,658.07,18.52
5,170.00,124,452.67,657.80,14.26
5,170.00,125,695.15,807.79,9.88
5,170.00,126,406.03,527.83,14.93
5,170.00,127,561.27,283.52,8.50
5,170.00,128,421.29,293.50,9.49
5,170.00,129,515.61,585.54,21.66
5,170.00,130,261.88,378.02,6.55
5,170.00,131,471.26,589.00,16.45
5,170.00,132,628.28,291.30,10.09
5,170.00,133,336.84,783.61,20.20
5,170.00,134,859.92,225.32,22.03
5,170.00,135,752.99,401.61,14.12
5,170.00,136,341.71,428.35,0.00
5,170.00,137,714.67,723.23,0.00
5,170.00,138,565.14,674.51,14.22
5,170.00,139,537.88,386.61,8.13
5,170.00,140,625.38,522.17,11.98
5,170.00,141,902.95,734.95,6.36
5,170.00,142,535.18,204.92,10.33
5,170.00,143,132.80,728.57,20.56
5,170.00,144,609.94,374.20,7.26
5,170.00,145,148.58,648.86,8.30
5,170.00,146,412.35,740.10,15.60
5,170.00,147,451.54,515.50,12.99
5,170.00,148,640.43,853.04,0.00
5,170.00,149,888.38,471.67,6.86
5,180.00,0,285.20,426.73,24.87
5,180.00,1,226.04,788.94,0.00
5,180.00,2,495.41,156.18,0.00
5,180.00,3,773.74,219.03,7.49
5,180.00,4,410.68,505.62,5.62
5,180.00,5,437.00,460.22,10.90
5,180.00,6,141.61,518.37,5.23
5,180.00,7,279.65,292.74,14.29
5,180.00,8,649.29,540.94,0.00
5,180.00,9,853.90,448.50,16.16
5,180.00,10,311.22,796.41,12.56
5,180.00,11,730.04,22.14,0.00
5,180.00,12,552.14,193.65,7.43
5,180.00,13,579.73,581.94,9.75
5,180.00,14,573.99,183.81,6.84
5,180.00,15,260.23,449.33,8.14
5,180.00,16,857.19,729.62,8.34
5,180.00,17,248.36,679.99,13.22
5,180.00,18,191.84,732.61,0.00
5,180.00,19,257.58,203.34,11.57
5,180.00,20,592.40,697.55,6.75
5,180.00,21,406.68,492.61,19.00
5,180.00,22,54.99,213.02,0.00
5,180.00,23,579.86,631.43,22.43
5,180.00,24,572.78,569.61,15.63
5,180.00,25,801.56,310.18,16.08
5,180.00,26,644.14,709.22,8.86
5,180.00,27,300.54,530.18,15.76
5,180.00,28,152.99,192.81,0.00
5,180.00,29,200.26,651.95,18.58
5,180.00,30,172.70,127.61,13.62
5,180.00,31,443.91,365.70,17.50
5,180.00,32,623.19,427.14,15.50
5,180.00,33,644.03,725.09,9.22
5,180.00,34,236.89,462.80,6.49
5,180.00,35,849.92,669.96,0.00
5,180.00,36,541.20,619.72,5.06
5,180.00,37,692.35,410.69,19.00
5,180.00,38,549.79,276.58,17.56
5,180.00,39,574.37,485.25,6.01
5,180.00,40,93.40,480.51,5.89
5,180.00,41,561.20,146.45,0.00
5,180.00,42,390.42,661.64,16.28
5,180.00,43,133.36,907.73,17.56
5,180.00,44,83.34,753.36,0.00
5,180.00,45,416.13,456.35,0.00
5,180.00,46,589.71,463.14,23.48
5,180.00,47,778.22,195.14,9.07
5,180.00,48,473.84,626.92,15.10
5,180.00,49,521.23,610.61,5.29
5,180.00,50,961.71,180.27,6.29
5,180.00,51,733.65,671.36,13.48
5,180.00,52,265.54,145.33,0.00
5,180.00,53,918.22,483.24,0.00
5,180.00,54,865.69,726.89,0.00
5,180.00,55,508.08,309.13,0.00
5,180.00,56,421.26,462.92,5.49
5,180.00,57,411.94,397.85,18.21
5,180.00,58,468.71,423.32,0.00
5,180.00,59,483.53,405.63,9.66
5,180.00,60,375.97,206.33,18.59
5,180.00,61,164.31,605.70,12.37
5,180.00,62,115.91,448.32,0.00
5,180.00,63,725.31,853.30,8.52
5,180.00,64,372.25,296.67,17.53
5,180.00,65,597.80,374.04,19.74
5,180.00,66,679.90,512.43,11.51
5,180.00,67,150.43,384.46,16.31
5,180.00,68,176.40,544.31,15.86
5,180.00,69,446.75,320.42,0.00
5,180.00,70,388.24,826.13,16.12
5,180.00,71,734.01,113.01,12.93
5,180.00,72,383.43,543.84,9.84
5,180.00,73,726.36,102.09,17.34
5,180.00,74,804.16,913.91,5.84
5,180.00,75,213.56,288.43,15.71
5,180.00,76,642.14,277.51,7.28
5,180.00,77,935.02,455.88,9.68
5,180.00,78,943.41,508.82,7.39
5,180.00,79,175.92,235.15,9.15
5,180.00,80,66.67,798.07,14.66
5,180.00,81,690.04,368.11,5.74
5,180.00,82,180.13,343.96,14.91
5,180.00,83,728.72,657.35,18.49
5,180.00,84,73.84,538.83,8.17
5,180.00,85,473.35,837.42,6.00
5,180.00,86,959.11,241.66,8.19
5,180.00,87,298.19,847.24,22.09
5,180.00,88,514.88,254.13,9.18
5,180.00,89,183.53,88.16,5.34
5,180.00,90,672.15,738.52,18.77
5,180.00,91,445.54,832.42,7.42
5,180.00,92,856.70,638.85,9.07
5,180.00,93,755.68,173.39,6.50
5,180.00,94,642.82,699.16,11.50
5,180.00,95,428.15,343.65,0.00
5,180.00,96,404.64,115.40,6.19
5,180.00,97,208.19,331.25,0.00
5,180.00,98,615.42,533.62,15.47
5,180.00,99,148.41,672.56,0.00
5,180.00,100,375.23,774.44,0.00
5,180.00,101,413.18,437.75,7.96
5,180.00,102,736.94,365.73,0.00
5,180.00,103,306.55,763.28,9.86
5,180.00,104,169.61,768.07,23.57
5,180.00,105,727.53,822.99,14.00
5,180.00,106,833.29,353.81,17.68
5,180.00,107,517.52,313.09,18.84
5,180.00,108,124.24,283.35,5.20
5,180.00,109,128.14,567.88,16.05
5,180.00,110,339.89,11.66,18.53
5,180.00,111,619.13,593.29,22.86
5,180.00,112,177.90,607.02,0.00
5,180.00,113,629.13,718.95,5.54
5,180.00,114,451.22,732.48,20.19
5,180.00,115,565.52,380.52,22.01
5,180.00,116,301.50,459.60,15.78
5,180.00,117,497.68,615.32,13.36
5,180.00,118,575.54,323.34,15.14
5,180.00,119,400.50,767.21,6.35
5,180.00,120,830.59,260.89,24.36
5,180.00,121,369.91,555.65,16.19
5,180.00,122,159.96,571.77,6.84
5,180.00,123,721.82,670.46,0.00
5,180.00,124,526.90,536.02,14.26
5,180.00,125,625.75,737.45,9.88
5,180.00,126,474.22,660.61,14.93
5,180.00,127,623.98,226.17,8.50
5,180.00,128,456.13,381.80,9.49
5,180.00,129,450.49,773.92,0.00
5,180.00,130,318.44,411.07,6.55
5,180.00,131,450.74,631.93,0.00
5,180.00,132,563.13,214.32,10.09
5,180.00,133,358.81,972.17,0.00
5,180.00,134,875.80,201.67,0.00
5,180.00,135,662.23,509.85,14.12
5,180.00,136,398.24,478.19,0.00
5,180.00,137,544.83,643.44,20.75
5,180.00,138,507.87,709.72,0.00
5,180.00,139,562.84,464.01,8.13
5,180.00,140,519.85,578.86,11.98
5,180.00,141,902.05,798.58,6.36
5,180.00,142,437.57,238.61,10.33
5,180.00,143,112.69,524.00,20.56
5,180.00,144,539.78,355.47,7.26
5,180.00,145,131.99,685.09,0.00
5,180.00,146,391.41,743.31,0.00
5,180.00,147,526.43,621.67,12.99
5,180.00,148,568.01,791.90,22.24
5,180.00,149,888.96,403.11,6.86
5,190.00,0,307.64,179.07,24.87
5,190.00,1,249.05,729.72,16.10
5,190.00,2,449.46,207.00,18.30
5,190.00,3,801.54,288.62,7.49
5,190.00,4,414.84,502.29,0.00
5,190.00,5,359.69,537.06,10.90
5,190.00,6,129.82,569.36,5.23
5,190.00,7,309.19,432.54,14.29
5,190.00,8,552.13,596.80,12.72
5,190.00,9,764.18,582.94,16.16
5,190.00,10,400.43,707.93,12.56
5,190.00,11,727.57,28.18,6.77
5,190.00,12,480.27,212.45,7.43
5,190.00,13,561.61,615.28,0.00
5,190.00,14,506.18,174.65,6.84
5,190.00,15,340.53,435.92,8.14
5,190.00,16,904.35,798.42,8.34
5,190.00,17,268.16,798.25,0.00
5,190.00,18,219.31,696.53,15.22
5,190.00,19,328.60,294.66,11.57
5,190.00,20,640.78,650.43,6.75
5,190.00,21,593.77,459.54,19.00
5,190.00,22,59.20,213.68,23.98
5,190.00,23,757.89,495.06,22.43
5,190.00,24,580.42,600.64,0.00
5,190.00,25,844.64,465.10,16.08
5,190.00,26,569.09,662.12,8.86
5,190.00,27,142.90,529.56,15.76
5,190.00,28,290.15,328.02,21.81
5,190.00,29,383.49,620.93,18.58
5,190.00,30,290.62,195.73,13.62
5,190.00,31,597.59,449.35,17.50
5,190.00,32,480.08,486.58,15.50
5,190.00,33,569.64,779.62,9.22
5,190.00,34,256.15,400.83,6.49
5,190.00,35,845.89,666.85,10.70
5,190.00,36,587.40,599.17,5.06
5,190.00,37,515.85,480.97,19.00
5,190.00,38,553.57,276.03,0.00
5,190.00,39,520.56,458.49,6.01
5,190.00,40,77.92,461.28,0.00
5,190.00,41,553.40,160.59,19.98
5,190.00,42,464.88,724.20,0.00
5,190.00,43,73.60,997.05,0.00
5,190.00,44,111.12,739.38,12.85
5,190.00,45,401.03,447.65,22.08
5,190.00,46,656.34,238.00,23.48
5,190.00,47,817.66,217.90,0.00
5,190.00,48,474.48,475.94,15.10
5,190.00,49,571.86,595.22,5.29
5,190.00,50,995.58,160.25,0.00
5,190.00,51,599.98,653.57,13.48
5,190.00,52,252.53,220.32,13.62
5,190.00,53,854.71,512.48,24.78
5,190.00,54,859.37,677.79,9.61
5,190.00,55,565.58,314.65,9.84
5,190.00,56,368.34,448.50,5.49
5,190.00,57,298.37,255.50,18.21
5,190.00,58,370.46,455.60,12.77
5,190.00,59,509.75,312.65,9.66
5,190.00,60,384.37,186.42,0.00
5,190.00,61,78.59,612.49,0.00
5,190.00,62,214.92,445.03,12.13
5,190.00,63,808.88,869.88,8.52
5,190.00,64,502.38,414.11,17.53
5,190.00,65,638.64,567.16,19.74
5,190.00,66,794.23,525.64,11.51
5,190.00,67,313.48,388.75,16.31
5,190.00,68,328.64,500.00,15.86
5,190.00,69,436.53,357.83,16.74
5,190.00,70,543.77,783.80,16.12
5,190.00,71,650.85,212.03,12.93
5,190.00,72,456.27,609.94,9.84
5,190.00,73,885.22,32.64,17.34
5,190.00,74,749.74,892.61,5.84
5,190.00,75,253.47,440.34,15.71
5,190.00,76,616.97,345.80,7.28
5,190.00,77,923.69,526.04,0.00
5,190.00,78,876.02,478.40,7.39
5,190.00,79,122.69,160.68,9.15
5,190.00,80,83.47,714.49,0.00
5,190.00,81,725.62,323.08,5.74
5,190.00,82,207.42,435.54,0.00
5,190.00,83,544.18,669.46,18.49
5,190.00,84,82.94,619.98,8.17
5,190.00,85,440.66,887.76,6.00
5,190.00,86,877.42,236.21,8.19
5,190.00,87,265.42,628.73,22.09
5,190.00,88,560.80,174.62,9.18
5,190.00,89,169.87,139.80,5.34
5,190.00,90,509.37,787.26,0.00
5,190.00,91,519.69,834.63,7.42
5,190.00,92,769.96,665.43,9.07
5,190.00,93,730.92,113.34,6.50
5,190.00,94,694.74,790.94,0.00
5,190.00,95,338.54,333.84,14.55
5,190.00,96,434.12,60.92,6.19
5,190.00,97,264.55,288.65,13.70
5,190.00,98,486.28,448.46,15.47
5,190.00,99,159.50,671.02,11.92
5,190.00,100,473.17,799.35,22.46
5,190.00,101,466.73,407.78,0.00
5,190.00,102,726.43,424.72,7.94
5,190.00,103,252.44,736.07,0.00
5,190.00,104,316.64,583.91,23.57
5,190.00,105,813.01,807.38,0.00
5,190.00,106,852.19,281.17,0.00
5,190.00,107,524.88,501.39,18.84
5,190.00,108,131.33,334.86,5.20
5,190.00,109,159.19,725.33,16.05
5,190.00,110,454.77,156.98,18.53
5,190.00,111,671.61,770.91,0.00
5,190.00,112,228.28,631.04,18.71
5,190.00,113,588.40,681.32,5.54
5,190.00,114,615.39,614.97,20.19
5,190.00,115,785.61,376.50,22.01
5,190.00,116,226.16,598.30,15.78
5,190.00,117,364.53,626.42,13.36
5,190.00,118,457.89,418.66,15.14
5,190.00,119,350.75,806.68,6.35
5,190.00,120,673.79,447.30,24.36
5,190.00,121,414.89,509.82,0.00
5,190.00,122,142.51,555.79,0.00
5,190.00,123,760.87,819.38,16.62
5,190.00,124,601.12,414.23,14.26
5,190.00,125,556.34,667.10,9.88
5,190.00,126,542.41,793.38,14.93
5,190.00,127,654.01,198.71,0.00
5,190.00,128,490.97,470.10,9.49
5,190.00,129,447.92,768.88,7.11
5,190.00,130,374.99,444.11,6.55
5,190.00,131,623.72,655.12,24.55
5,190.00,132,497.97,137.33,10.09
5,190.00,133,355.61,972.13,5.31
5,190.00,134,846.73,283.09,9.93
5,190.00,135,571.48,618.08,14.12
5,190.00,136,439.75,475.38,17.35
5,190.00,137,357.05,555.23,20.75
5,190.00,138,522.31,649.77,0.00
5,190.00,139,587.80,541.41,8.13
5,190.00,140,414.33,635.56,11.98
5,190.00,141,901.16,862.22,6.36
5,190.00,142,339.96,272.30,10.33
5,190.00,143,92.57,319.42,20.56
5,190.00,144,469.62,336.74,7.26
5,190.00,145,135.83,644.58,7.83
5,190.00,146,464.66,547.71,24.17
5,190.00,147,601.32,727.85,12.99
5,190.00,148,398.06,648.39,22.24
5,190.00,149,889.53,334.54,6.86
5,200.00,0,323.09,8.52,0.00
5,200.00,1,307.38,579.61,16.10
5,200.00,2,326.69,342.78,18.30
5,200.00,3,829.34,358.22,7.49
5,200.00,4,216.96,420.86,23.64
5,200.00,5,282.38,613.90,10.90
5,200.00,6,118.02,620.36,5.23
5,200.00,7,312.74,449.32,0.00
5,200.00,8,441.88,660.19,12.72
5,200.00,9,686.65,699.11,0.00
5,200.00,10,489.64,619.45,12.56
5,200.00,11,701.99,90.88,6.77
5,200.00,12,408.40,231.26,7.43
5,200.00,13,423.13,620.68,22.70
5,200.00,14,438.38,165.49,6.84
5,200.00,15,420.82,422.51,8.14
5,200.00,16,913.39,811.59,0.00
5,200.00,17,268.54,791.86,6.90
5,200.00,18,311.48,575.44,15.22
5,200.00,19,399.62,385.98,11.57
5,200.00,20,689.15,603.30,6.75
5,200.00,21,637.95,451.72,0.00
5,200.00,22,296.08,250.73,23.98
5,200.00,23,935.93,358.70,22.43
5,200.00,24,572.93,723.19,15.43
5,200.00,25,887.73,620.03,16.08
5,200.00,26,494.05,615.02,8.86
5,200.00,27,49.47,529.19,0.00
5,200.00,28,445.45,481.12,21.81
5,200.00,29,566.72,589.91,18.58
5,200.00,30,408.53,263.85,13.62
5,200.00,31,751.27,532.99,17.50
5,200.00,32,466.11,492.38,0.00
5,200.00,33,495.25,834.15,9.22
5,200.00,34,269.43,358.08,0.00
5,200.00,35,761.29,601.40,10.70
5,200.00,36,633.60,578.62,5.06
5,200.00,37,339.35,551.26,19.00
5,200.00,38,714.80,203.69,18.06
5,200.00,39,466.76,431.74,6.01
5,200.00,40,123.15,489.82,9.21
5,200.00,41,456.91,335.58,19.98
5,200.00,42,489.66,734.90,6.70
5,200.00,43,117.04,957.63,15.11
5,200.00,44,225.92,681.59,12.85
5,200.00,45,209.64,337.49,22.08
5,200.00,46,717.16,32.49,0.00
5,200.00,47,742.41,280.50,19.66
5,200.00,48,475.12,324.97,15.10
5,200.00,49,622.49,579.83,5.29
5,200.00,50,926.97,219.20,24.13
5,200.00,51,466.31,635.79,13.48
5,200.00,52,229.24,354.55,13.62
5,200.00,53,778.26,547.67,0.00
5,200.00,54,847.11,582.46,9.61
5,200.00,55,663.53,324.06,9.84
5,200.00,56,315.42,434.07,5.49
5,200.00,57,184.80,113.14,18.21
5,200.00,58,249.17,495.44,12.77
5,200.00,59,535.98,219.68,9.66
5,200.00,60,471.54,184.69,0.00
5,200.00,61,110.15,578.71,15.18
5,200.00,62,336.11,441.00,12.13
5,200.00,63,892.44,886.46,8.52
5,200.00,64,576.07,480.62,0.00
5,200.00,65,679.47,760.28,19.74
5,200.00,66,908.55,538.86,11.51
5,200.00,67,476.53,393.05,16.31
5,200.00,68,480.89,455.69,15.86
5,200.00,69,392.41,519.28,16.74
5,200.00,70,699.30,741.48,16.12
5,200.00,71,567.70,311.04,12.93
5,200.00,72,529.10,676.05,9.84
5,200.00,73,911.87,20.99,0.00
5,200.00,74,695.31,871.31,5.84
5,200.00,75,293.37,592.25,15.71
5,200.00,76,591.80,414.10,7.28
5,200.00,77,884.68,553.44,17.91
5,200.00,78,808.64,447.99,7.39
5,200.00,79,69.46,86.21,9.15
5,200.00,80,132.25,630.44,23.21
5,200.00,81,761.19,278.06,5.74
5,200.00,82,227.81,430.64,5.84
5,200.00,83,448.89,675.72,0.00
5,200.00,84,92.03,701.13,8.17
5,200.00,85,407.98,938.10,6.00
5,200.00,86,795.72,230.76,8.19
5,200.00,87,265.32,628.08,0.00
5,200.00,88,583.31,135.63,0.00
5,200.00,89,156.20,191.44,5.34
5,200.00,90,501.97,777.22,13.19
5,200.00,91,593.84,836.84,7.42
5,200.00,92,683.22,692.01,9.07
5,200.00,93,706.16,53.29,6.50
5,200.00,94,701.63,782.04,13.59
5,200.00,95,275.90,326.97,0.00
5,200.00,96,435.71,57.99,0.00
5,200.00,97,373.81,206.05,13.70
5,200.00,98,357.14,363.30,15.47
5,200.00,99,277.59,654.59,11.92
5,200.00,100,643.20,842.58,0.00
5,200.00,101,432.85,406.56,14.82
5,200.00,102,712.50,502.88,7.94
5,200.00,103,311.49,716.62,16.11
5,200.00,104,463.67,399.75,23.57
5,200.00,105,789.34,808.22,6.25
5,200.00,106,817.37,346.33,12.84
5,200.00,107,530.37,642.14,0.00
5,200.00,108,138.42,386.38,5.20
5,200.00,109,190.25,882.78,16.05
5,200.00,110,569.66,302.31,18.53
5,200.00,111,659.46,743.24,15.93
5,200.00,112,397.20,711.61,18.71
5,200.00,113,547.68,643.69,5.54
5,200.00,114,779.56,497.46,20.19
5,200.00,115,792.76,376.37,0.00
5,200.00,116,150.82,737.00,15.78
5,200.00,117,231.38,637.52,13.36
5,200.00,118,340.25,513.99,15.14
5,200.00,119,300.99,846.16,6.35
5,200.00,120,516.99,633.71,24.36
5,200.00,121,541.57,526.37,21.17
5,200.00,122,103.71,657.58,16.66
5,200.00,123,795.16,950.17,0.00
5,200.00,124,675.34,292.44,14.26
5,200.00,125,486.93,596.75,9.88
5,200.00,126,610.60,926.16,14.93
5,200.00,127,562.63,177.67,17.99
5,200.00,128,525.81,558.39,9.49
5,200.00,129,415.60,705.58,7.11
5,200.00,130,431.55,477.16,6.55
5,200.00,131,867.07,687.74,24.55
5,200.00,132,478.80,114.67,0.00
5,200.00,133,302.48,971.44,5.31
5,200.00,134,813.34,376.58,9.93
5,200.00,135,480.72,726.32,14.12
5,200.00,136,508.34,470.74,0.00
5,200.00,137,169.28,467.02,20.75
5,200.00,138,512.09,697.30,24.24
5,200.00,139,612.76,618.82,8.13
5,200.00,140,308.80,692.25,11.98
5,200.00,141,900.26,925.85,6.36
5,200.00,142,242.35,305.99,10.33
5,200.00,143,72.45,114.85,20.56
5,200.00,144,399.46,318.01,7.26
5,200.00,145,143.21,566.62,7.83
5,200.00,146,549.42,321.36,24.17
5,200.00,147,676.21,834.03,12.99
5,200.00,148,228.12,504.89,22.24
5,200.00,149,890.10,265.98,6.86
5,210.00,0,379.38,15.36,18.21
5,210.00,1,365.70,429.51,16.10
5,210.00,2,203.92,478.55,18.30
5,210.00,3,857.14,427.81,7.49
5,210.00,4,1.75,332.29,0.00
5,210.00,5,205.06,690.74,10.90
5,210.00,6,106.23,671.35,5.23
5,210.00,7,434.32,526.53,16.37
5,210.00,8,331.64,723.57,12.72
5,210.00,9,675.27,699.16,8.37
5,210.00,10,578.86,530.98,12.56
5,210.00,11,676.40,153.58,6.77
5,210.00,12,336.53,250.06,7.43
5,210.00,13,196.35,629.51,22.70
5,210.00,14,370.58,156.33,6.84
5,210.00,15,435.42,420.07,0.00
5,210.00,16,743.45,787.62,21.23
5,210.00,17,272.60,723.01,6.90
5,210.00,18,403.64,454.36,15.22
5,210.00,19,470.63,477.30,11.57
5,210.00,20,737.53,556.18,6.75
5,210.00,21,691.98,285.84,22.84
5,210.00,22,532.97,287.79,23.98
5,210.00,23,952.95,345.66,0.00
5,210.00,24,570.97,755.15,0.00
5,210.00,25,929.63,770.72,0.00
5,210.00,26,419.01,567.92,8.86
5,210.00,27,144.25,520.58,23.37
5,210.00,28,600.75,634.22,21.81
5,210.00,29,749.95,558.89,18.58
5,210.00,30,526.44,331.97,13.62
5,210.00,31,887.67,607.23,0.00
5,210.00,32,625.05,617.38,22.41
5,210.00,33,420.86,888.68,9.22
5,210.00,34,315.04,339.98,15.82
5,210.00,35,676.69,535.96,10.70
5,210.00,36,679.79,558.07,5.06
5,210.00,37,162.85,621.54,19.00
5,210.00,38,879.61,129.74,18.06
5,210.00,39,412.95,404.98,6.01
5,210.00,40,201.02,538.95,9.21
5,210.00,41,360.41,510.56,19.98
5,210.00,42,551.19,761.49,6.70
5,210.00,43,228.93,856.08,15.11
5,210.00,44,340.72,623.79,12.85
5,210.00,45,27.22,232.48,0.00
5,210.00,46,709.99,40.53,12.35
5,210.00,47,591.25,406.26,19.66
5,210.00,48,475.75,173.99,15.10
5,210.00,49,673.12,564.44,5.29
5,210.00,50,743.96,376.44,24.13
5,210.00,51,332.64,618.00,13.48
5,210.00,52,205.95,488.78,13.62
5,210.00,53,738.88,401.63,22.90
5,210.00,54,834.85,487.13,9.61
5,210.00,55,761.49,333.47,9.84
5,210.00,56,262.50,419.64,5.49
5,210.00,57,146.36,64.95,0.00
5,210.00,58,234.96,500.11,0.00
5,210.00,59,562.20,126.71,9.66
5,210.00,60,487.91,271.55,17.15
5,210.00,61,147.40,538.85,0.00
5,210.00,62,457.30,436.97,12.13
5,210.00,63,976.01,903.04,8.52
5,210.00,64,515.38,440.64,16.76
5,210.00,65,694.58,831.70,0.00
5,210.00,66,964.34,545.30,0.00
5,210.00,67,551.84,395.04,0.00
5,210.00,68,633.13,411.39,15.86
5,210.00,69,348.29,680.72,16.74
5,210.00,70,846.70,701.36,0.00
5,210.00,71,484.55,410.06,12.93
5,210.00,72,599.86,740.27,0.00
5,210.00,73,918.01,125.01,12.52
5,210.00,74,640.88,850.01,5.84
5,210.00,75,333.28,744.16,15.71
5,210.00,76,566.63,482.39,7.28
5,210.00,77,738.10,656.36,17.91
5,210.00,78,741.25,417.57,7.39
5,210.00,79,65.88,81.20,0.00
5,210.00,80,248.76,429.64,23.21
5,210.00,81,796.77,233.03,5.74
5,210.00,82,284.59,416.98,5.84
5,210.00,83,466.91,657.97,5.23
5,210.00,84,101.13,782.28,8.17
5,210.00,85,375.30,988.43,6.00
5,210.00,86,714.02,225.31,8.19
5,210.00,87,379.95,429.73,22.98
5,210.00,88,595.64,194.56,11.81
5,210.00,89,142.54,243.08,5.34
5,210.00,90,423.68,671.07,13.19
5,210.00,91,604.48,837.16,0.00
5,210.00,92,596.48,718.58,9.07
5,210.00,93,694.63,25.32,0.00
5,210.00,94,784.79,674.54,13.59
5,210.00,95,315.29,332.07,7.00
5,210.00,96,420.07,109.55,5.70
5,210.00,97,378.21,202.73,0.00
5,210.00,98,227.99,278.14,15.47
5,210.00,99,395.69,638.17,11.92
5,210.00,100,644.88,827.74,6.82
5,210.00,101,313.36,402.26,0.00
5,210.00,102,698.57,581.04,7.94
5,210.00,103,464.48,666.24,16.11
5,210.00,104,555.32,284.95,0.00
5,210.00,105,726.93,810.44,6.25
5,210.00,106,756.85,459.56,12.84
5,210.00,107,563.92,608.39,18.84
5,210.00,108,145.51,437.90,5.20
5,210.00,109,202.23,943.48,0.00
5,210.00,110,684.55,447.64,18.53
5,210.00,111,595.44,597.39,15.93
5,210.00,112,566.12,792.17,18.71
5,210.00,113,506.96,606.06,5.54
5,210.00,114,896.14,414.02,0.00
5,210.00,115,650.70,296.18,16.86
5,210.00,116,75.47,875.70,15.78
5,210.00,117,171.28,642.54,0.00
5,210.00,118,222.60,609.31,15.14
5,210.00,119,251.24,885.63,6.35
5,210.00,120,360.19,820.12,24.36
5,210.00,121,751.52,553.82,21.17
5,210.00,122,44.39,813.21,16.66
5,210.00,123,753.44,939.62,23.06
5,210.00,124,713.09,230.50,0.00
5,210.00,125,417.52,526.40,9.88
5,210.00,126,648.16,999.30,0.00
5,210.00,127,387.28,137.29,17.99
5,210.00,128,560.65,646.69,9.49
5,210.00,129,383.28,642.28,7.11
5,210.00,130,488.11,510.20,6.55
5,210.00,131,922.55,695.18,0.00
5,210.00,132,644.50,79.61,24.00
5,210.00,133,249.34,970.75,5.31
5,210.00,134,779.96,470.08,9.93
5,210.00,135,389.97,834.55,14.12
5,210.00,136,414.76,464.16,15.54
5,210.00,137,68.34,419.59,0.00
5,210.00,138,498.19,762.00,0.00
5,210.00,139,637.72,696.22,8.13
5,210.00,140,203.28,748.95,11.98
5,210.00,141,900.16,933.02,0.00
5,210.00,142,144.74,339.69,10.33
5,210.00,143,62.42,12.83,0.00
5,210.00,144,329.30,299.28,7.26
5,210.00,145,150.60,488.66,7.83
5,210.00,146,621.79,128.11,0.00
5,210.00,147,751.11,940.20,12.99
5,210.00,148,121.83,415.14,0.00
5,210.00,149,890.51,217.03,0.00
5,220.00,0,560.18,37.33,18.21
5,220.00,1,424.03,279.41,16.10
5,220.00,2,81.15,614.33,18.30
5,220.00,3,884.94,497.40,7.49
5,220.00,4,1.83,331.50,5.12
5,220.00,5,127.75,767.58,10.90
5,220.00,6,94.43,722.35,5.23
5,220.00,7,572.49,614.27,16.37
5,220.00,8,221.39,786.95,12.72
5,220.00,9,591.52,699.52,8.37
5,220.00,10,668.07,442.50,12.56
5,220.00,11,650.81,216.27,6.77
5,220.00,12,264.66,268.86,7.43
5,220.00,13,99.48,633.28,0.00
5,220.00,14,302.77,147.17,6.84
5,220.00,15,475.12,360.39,8.76
5,220.00,16,533.24,757.96,21.23
5,220.00,17,276.67,654.16,6.90
5,220.00,18,495.81,333.27,15.22
5,220.00,19,541.65,568.62,11.57
5,220.00,20,785.91,509.06,6.75
5,220.00,21,762.71,68.67,22.84
5,220.00,22,769.85,324.84,23.98
5,220.00,23,816.11,428.84,17.71
5,220.00,24,760.10,703.58,24.74
5,220.00,25,929.85,766.63,14.99
5,220.00,26,343.96,520.82,8.86
5,220.00,27,376.95,499.43,23.37
5,220.00,28,756.05,787.32,21.81
5,220.00,29,848.56,542.19,0.00
5,220.00,30,644.36,400.10,13.62
5,220.00,31,883.75,597.71,9.16
5,220.00,32,801.20,755.90,22.41
5,220.00,33,346.47,943.21,9.22
5,220.00,34,462.12,281.60,15.82
5,220.00,35,592.10,470.52,10.70
5,220.00,36,725.99,537.52,5.06
5,220.00,37,158.62,623.23,0.00
5,220.00,38,964.95,91.46,0.00
5,220.00,39,359.14,378.23,6.01
5,220.00,40,278.88,588.07,9.21
5,220.00,41,263.92,685.55,19.98
5,220.00,42,612.73,788.07,6.70
5,220.00,43,340.82,754.54,15.11
5,220.00,44,455.52,566.00,12.85
5,220.00,45,30.65,231.63,7.53
5,220.00,46,627.77,132.74,12.35
5,220.00,47,440.09,532.01,19.66
5,220.00,48,476.39,23.02,15.10
5,220.00,49,723.75,549.04,5.29
5,220.00,50,560.94,533.68,24.13
5,220.00,51,198.97,600.22,13.48
5,220.00,52,182.66,623.01,13.62
5,220.00,53,679.25,180.49,22.90
5,220.00,54,822.58,391.80,9.61
5,220.00,55,859.44,342.87,9.84
5,220.00,56,209.58,405.22,5.49
5,220.00,57,206.05,136.18,14.05
5,220.00,58,284.11,490.79,5.67
5,220.00,59,582.46,54.88,0.00
5,220.00,60,519.68,440.12,17.15
5,220.00,61,285.93,596.76,23.44
5,220.00,62,578.49,432.93,12.13
5,220.00,63,987.19,905.25,0.00
5,220.00,64,375.45,348.48,16.76
5,220.00,65,636.22,736.43,17.73
5,220.00,66,923.31,536.02,8.22
5,220.00,67,599.21,422.61,10.19
5,220.00,68,785.37,367.08,15.86
5,220.00,69,304.18,842.17,16.74
5,220.00,70,841.43,694.38,16.72
5,220.00,71,471.33,425.80,0.00
5,220.00,72,601.61,736.85,13.47
5,220.00,73,925.38,250.01,12.52
5,220.00,74,586.46,828.71,5.84
5,220.00,75,368.03,876.45,0.00
5,220.00,76,541.47,550.69,7.28
5,220.00,77,591.52,759.28,17.91
5,220.00,78,673.86,387.16,7.39
5,220.00,79,60.75,213.00,14.14
5,220.00,80,365.27,228.85,23.21
5,220.00,81,832.34,188.00,5.74
5,220.00,82,341.38,403.33,5.84
5,220.00,83,504.17,621.28,5.23
5,220.00,84,110.22,863.43,8.17
5,220.00,85,372.81,992.26,0.00
5,220.00,86,632.32,219.86,8.19
5,220.00,87,494.92,230.79,22.98
5,220.00,88,619.83,310.21,11.81
5,220.00,89,128.88,294.72,5.34
5,220.00,90,345.39,564.93,13.19
5,220.00,91,574.39,783.76,7.16
5,220.00,92,509.74,745.16,9.07
5,220.00,93,686.97,92.14,12.59
5,220.00,94,867.96,567.03,13.59
5,220.00,95,384.76,341.05,7.00
5,220.00,96,403.54,164.06,5.70
5,220.00,97,586.67,119.03,23.41
5,220.00,98,98.85,192.98,15.47
5,220.00,99,513.78,621.75,11.92
5,220.00,100,652.56,759.98,6.82
5,220.00,101,307.90,371.00,16.44
5,220.00,102,684.65,659.20,7.94
5,220.00,103,617.47,615.86,16.11
5,220.00,104,600.65,263.37,13.33
5,220.00,105,664.51,812.66,6.25
5,220.00,106,696.33,572.78,12.84
5,220.00,107,696.73,474.76,18.84
5,220.00,108,152.60,489.42,5.20
5,220.00,109,215.26,828.18,18.88
5,220.00,110,799.43,592.96,18.53
5,220.00,111,561.03,519.01,0.00
5,220.00,112,714.78,863.07,0.00
5,220.00,113,466.23,568.43,5.54
5,220.00,114,910.65,456.49,15.48
5,220.00,115,503.87,213.30,16.86
5,220.00,116,52.60,917.81,0.00
5,220.00,117,273.60,624.58,18.94
5,220.00,118,198.00,629.25,0.00
5,220.00,119,201.48,925.10,6.35
5,220.00,120,313.95,875.10,0.00
5,220.00,121,771.93,556.49,0.00
5,220.00,122,37.44,831.46,0.00
5,220.00,123,529.91,883.13,23.06
5,220.00,124,637.13,320.40,23.95
5,220.00,125,348.12,456.06,9.88
5,220.00,126,681.51,910.91,21.03
5,220.00,127,211.93,96.91,17.99
5,220.00,128,595.49,734.99,9.49
5,220.00,129,350.96,578.99,7.11
5,220.00,130,544.66,543.25,6.55
5,220.00,131,879.60,666.49,6.69
5,220.00,132,822.63,41.92,0.00
5,220.00,133,196.21,970.05,5.31
5,220.00,134,746.57,563.58,9.93
5,220.00,135,375.22,852.14,0.00
5,220.00,136,259.78,453.26,15.54
5,220.00,137,80.46,447.94,6.67
5,220.00,138,432.67,699.10,12.49
5,220.00,139,662.68,773.62,8.13
5,220.00,140,97.75,805.64,11.98
5,220.00,141,770.43,790.99,21.68
5,220.00,142,113.54,350.45,0.00
5,220.00,143,106.58,21.57,8.98
5,220.00,144,259.14,280.55,7.26
5,220.00,145,157.99,410.70,7.83
5,220.00,146,632.09,143.73,12.80
5,220.00,147,792.40,998.75,0.00
5,220.00,148,149.24,429.90,8.31
5,220.00,149,832.54,234.67,21.18
5,230.00,0,740.99,59.30,18.21
5,230.00,1,457.20,194.06,0.00
5,230.00,2,19.99,681.97,0.00
5,230.00,3,912.73,567.00,7.49
5,230.00,4,6.83,280.56,5.12
5,230.00,5,69.83,825.13,0.00
5,230.00,6,90.88,737.69,0.00
5,230.00,7,710.66,702.01,16.37
5,230.00,8,111.15,850.34,12.72
5,230.00,9,507.77,699.88,8.37
5,230.00,10,757.28,354.02,12.56
5,230.00,11,625.22,278.97,6.77
5,230.00,12,206.57,284.06,0.00
5,230.00,13,144.26,531.56,19.40
5,230.00,14,234.97,138.02,6.84
5,230.00,15,523.64,287.46,8.76
5,230.00,16,516.32,755.57,0.00
5,230.00,17,280.73,585.32,6.90
5,230.00,18,587.98,212.19,15.22
5,230.00,19,597.05,639.86,0.00
5,230.00,20,834.29,461.93,6.75
5,230.00,21,765.23,60.95,0.00
5,230.00,22,823.84,333.29,0.00
5,230.00,23,664.79,520.81,17.71
5,230.00,24,797.14,693.47,0.00
5,230.00,25,937.83,616.92,14.99
5,230.00,26,268.92,473.72,8.86
5,230.00,27,609.65,478.28,23.37
5,230.00,28,911.36,940.42,21.81
5,230.00,29,823.35,555.89,6.21
5,230.00,30,688.24,425.45,0.00
5,230.00,31,848.90,512.99,9.16
5,230.00,32,905.13,837.63,0.00
5,230.00,33,325.97,958.24,0.00
5,230.00,34,609.21,223.22,15.82
5,230.00,35,507.50,405.07,10.70
5,230.00,36,772.19,516.97,5.06
5,230.00,37,47.33,560.54,0.00
5,230.00,38,919.03,159.17,16.97
5,230.00,39,357.08,377.20,0.00
5,230.00,40,356.75,637.20,9.21
5,230.00,41,167.42,860.53,19.98
5,230.00,42,674.26,814.66,6.70
5,230.00,43,452.71,652.99,15.11
5,230.00,44,570.32,508.21,12.85
5,230.00,45,103.72,213.33,7.53
5,230.00,46,545.55,224.96,12.35
5,230.00,47,288.93,657.77,19.66
5,230.00,48,476.40,20.03,0.00
5,230.00,49,774.37,533.65,5.29
5,230.00,50,377.92,690.92,24.13
5,230.00,51,170.60,596.45,0.00
5,230.00,52,159.95,753.93,0.00
5,230.00,53,650.41,73.55,0.00
5,230.00,54,820.42,374.98,0.00
5,230.00,55,930.63,349.71,0.00
5,230.00,56,156.66,390.79,5.49
5,230.00,57,296.30,243.87,14.05
5,230.00,58,339.79,480.24,5.67
5,230.00,59,539.24,90.49,24.61
5,230.00,60,551.45,608.68,17.15
5,230.00,61,502.19,687.16,23.44
5,230.00,62,699.68,428.90,12.13
5,230.00,63,844.28,773.59,22.43
5,230.00,64,235.52,256.32,16.76
5,230.00,65,543.63,585.25,17.73
5,230.00,66,843.19,517.88,8.22
5,230.00,67,687.24,473.85,10.19
5,230.00,68,848.16,348.81,0.00
5,230.00,69,284.57,913.90,0.00
5,230.00,70,740.71,560.93,16.72
5,230.00,71,533.16,397.45,8.09
5,230.00,72,663.02,616.92,13.47
5,230.00,73,932.75,375.01,12.52
5,230.00,74,532.03,807.41,5.84
5,230.00,75,359.38,869.62,8.54
5,230.00,76,516.30,618.98,7.28
5,230.00,77,444.94,862.20,17.91
5,230.00,78,606.47,356.75,7.39
5,230.00,79,55.25,354.30,14.14
5,230.00,80,471.54,45.70,0.00
5,230.00,81,867.92,142.98,5.74
5,230.00,82,398.17,389.68,5.84
5,230.00,83,541.42,584.58,5.23
5,230.00,84,116.04,915.33,0.00
5,230.00,85,492.12,892.11,16.86
5,230.00,86,550.63,214.41,8.19
5,230.00,87,582.29,79.60,0.00
5,230.00,88,644.02,425.85,11.81
5,230.00,89,115.22,346.35,5.34
5,230.00,90,267.09,458.78,13.19
5,230.00,91,539.25,721.42,7.16
5,230.00,92,423.01,771.74,9.07
5,230.00,93,672.63,217.22,12.59
5,230.00,94,916.35,504.47,0.00
5,230.00,95,454.23,350.03,7.00
5,230.00,96,387.01,218.57,5.70
5,230.00,97,740.53,57.26,0.00
5,230.00,98,58.61,166.44,0.00
5,230.00,99,617.90,607.27,0.00
5,230.00,100,660.23,692.21,6.82
5,230.00,101,279.63,209.05,16.44
5,230.00,102,670.72,737.36,7.94
5,230.00,103,770.47,565.47,16.11
5,230.00,104,721.01,206.07,13.33
5,230.00,105,602.10,814.88,6.25
5,230.00,106,635.81,686.01,12.84
5,230.00,107,829.54,341.13,18.84
5,230.00,108,159.69,540.93,5.20
5,230.00,109,236.48,640.57,18.88
5,230.00,110,914.32,738.29,18.53
5,230.00,111,487.95,499.17,16.37
5,230.00,112,693.76,843.07,24.19
5,230.00,113,425.51,530.80,5.54
5,230.00,114,960.71,602.99,15.48
5,230.00,115,357.05,130.43,16.86
5,230.00,116,117.90,835.77,15.06
5,230.00,117,418.40,599.17,0.00
5,230.00,118,339.37,647.43,18.02
5,230.00,119,200.90,925.57,0.00
5,230.00,120,303.89,830.46,6.49
5,230.00,121,574.63,515.75,22.31
5,230.00,122,185.86,741.68,19.65
5,230.00,123,324.77,831.28,0.00
5,230.00,124,482.55,503.34,23.95
5,230.00,125,290.06,397.21,0.00
5,230.00,126,755.75,714.14,21.03
5,230.00,127,107.64,72.90,0.00
5,230.00,128,630.33,823.29,9.49
5,230.00,129,318.64,515.69,7.11
5,230.00,130,601.22,576.30,6.55
5,230.00,131,823.98,629.33,6.69
5,230.00,132,778.22,49.32,18.65
5,230.00,133,143.08,969.36,5.31
5,230.00,134,713.19,657.08,9.93
5,230.00,135,331.83,716.26,17.03
5,230.00,136,104.81,442.36,15.54
5,230.00,137,106.67,509.25,6.67
5,230.00,138,342.54,612.59,12.49
5,230.00,139,687.64,851.02,8.13
5,230.00,140,17.26,848.89,0.00
5,230.00,141,624.22,630.92,21.68
5,230.00,142,186.54,450.20,0.00
5,230.00,143,194.66,38.99,8.98
5,230.00,144,188.98,261.82,7.26
5,230.00,145,165.38,332.74,7.83
5,230.00,146,702.56,250.55,12.80
5,230.00,147,771.03,988.33,5.30
5,230.00,148,222.41,469.30,8.31
5,230.00,149,629.88,296.32,21.18
5,240.00,0,908.81,79.69,0.00
5,240.00,1,535.64,177.76,18.57
5,240.00,2,34.17,652.19,6.57
5,240.00,3,925.27,598.38,0.00
5,240.00,4,11.82,229.62,5.12
5,240.00,5,85.88,816.71,7.22
5,240.00,6,145.95,739.68,7.88
5,240.00,7,848.82,789.75,16.37
5,240.00,8,1.74,913.24,0.00
5,240.00,9,424.02,700.25,8.37
5,240.00,10,846.50,265.54,12.56
5,240.00,11,599.63,341.67,6.77
5,240.00,12,235.15,282.08,14.95
5,240.00,13,222.45,353.98,19.40
5,240.00,14,167.17,128.86,6.84
5,240.00,15,572.16,214.53,8.76
5,240.00,16,576.63,642.67,13.92
5,240.00,17,284.79,516.47,6.90
5,240.00,18,606.50,187.85,0.00
5,240.00,19,556.96,615.83,21.26
5,240.00,20,877.17,420.17,0.00
5,240.00,21,671.76,212.29,18.44
5,240.00,22,795.96,281.67,7.60
5,240.00,23,513.48,612.79,17.71
5,240.00,24,702.26,641.20,12.82
5,240.00,25,945.81,467.20,14.99
5,240.00,26,193.88,426.62,8.86
5,240.00,27,677.05,472.15,0.00
5,240.00,28,936.25,964.96,0.00
5,240.00,29,768.74,585.55,6.21
5,240.00,30,671.40,555.27,20.85
5,240.00,31,814.06,428.28,9.16
5,240.00,32,904.87,814.17,5.72
5,240.00,33,408.19,885.64,15.14
5,240.00,34,703.09,185.96,0.00
5,240.00,35,422.90,339.63,10.70
5,240.00,36,818.38,496.43,5.06
5,240.00,37,84.50,564.63,11.44
5,240.00,38,823.80,299.58,16.97
5,240.00,39,382.74,605.01,23.84
5,240.00,40,434.62,686.32,9.21
5,240.00,41,161.81,870.71,0.00
5,240.00,42,725.86,836.95,0.00
5,240.00,43,564.60,551.44,15.11
5,240.00,44,663.67,461.22,0.00
5,240.00,45,176.80,195.03,7.53
5,240.00,46,463.33,317.17,12.35
5,240.00,47,267.53,675.57,0.00
5,240.00,48,405.38,105.44,11.33
5,240.00,49,825.00,518.26,5.29
5,240.00,50,363.93,702.94,0.00
5,240.00,51,237.90,527.06,12.27
5,240.00,52,165.70,752.50,24.12
5,240.00,53,715.68,97.65,13.47
5,240.00,54,866.12,253.10,0.00
5,240.00,55,909.07,380.69,13.81
5,240.00,56,103.74,376.36,5.49
5,240.00,57,386.55,351.56,14.05
5,240.00,58,395.47,469.68,5.67
5,240.00,59,349.28,246.99,24.61
5,240.00,60,581.29,767.02,0.00
5,240.00,61,512.37,691.42,0.00
5,240.00,62,820.87,424.87,12.13
5,240.00,63,679.32,621.61,22.43
5,240.00,64,210.50,239.85,0.00
5,240.00,65,451.03,434.06,17.73
5,240.00,66,763.07,499.74,8.22
5,240.00,67,775.27,525.09,10.19
5,240.00,68,822.58,394.70,8.94
5,240.00,69,280.98,840.25,13.27
5,240.00,70,639.99,427.47,16.72
5,240.00,71,606.68,363.74,8.09
5,240.00,72,724.44,496.99,13.47
5,240.00,73,940.12,500.00,12.52
5,240.00,74,477.61,786.10,5.84
5,240.00,75,292.36,816.70,8.54
5,240.00,76,491.13,687.27,7.28
5,240.00,77,298.35,965.12,17.91
5,240.00,78,539.08,326.33,7.39
5,240.00,79,50.39,479.21,0.00
5,240.00,80,467.97,50.10,6.45
5,240.00,81,902.37,99.37,0.00
5,240.00,82,454.96,376.03,5.84
5,240.00,83,578.68,547.88,5.23
5,240.00,84,158.21,898.81,12.56
5,240.00,85,621.24,783.71,16.86
5,240.00,86,468.93,208.96,8.19
5,240.00,87,597.86,71.78,7.26
5,240.00,88,668.21,541.49,11.81
5,240.00,89,101.55,397.99,5.34
5,240.00,90,188.80,352.64,13.19
5,240.00,91,504.11,659.08,7.16
5,240.00,92,336.27,798.31,9.07
5,240.00,93,658.30,342.30,12.59
5,240.00,94,844.23,548.78,20.25
5,240.00,95,523.69,359.01,7.00
5,240.00,96,370.48,273.08,5.70
5,240.00,97,697.21,114.12,24.51
5,240.00,98,195.35,261.81,24.22
5,240.00,99,590.74,611.52,23.24
5,240.00,100,667.91,624.44,6.82
5,240.00,101,264.42,121.95,0.00
5,240.00,102,663.18,779.66,0.00
5,240.00,103,876.02,530.71,0.00
5,240.00,104,841.37,148.78,13.33
5,240.00,105,539.69,817.10,6.25
5,240.00,106,592.79,766.50,0.00
5,240.00,107,962.35,207.50,18.84
5,240.00,108,166.79,592.45,5.20
5,240.00,109,257.69,452.95,18.88
5,240.00,110,959.17,795.03,0.00
5,240.00,111,329.95,456.28,16.37
5,240.00,112,518.44,676.36,24.19
5,240.00,113,384.78,493.17,5.54
5,240.00,114,960.92,603.60,0.00
5,240.00,115,210.22,47.55,16.86
5,240.00,116,211.67,717.96,15.06
5,240.00,117,418.53,569.03,13.47
5,240.00,118,518.11,670.42,18.02
5,240.00,119,380.43,928.32,18.17
5,240.00,120,289.62,767.15,6.49
5,240.00,121,478.40,495.88,0.00
5,240.00,122,354.00,639.97,19.65
5,240.00,123,336.38,817.75,21.68
5,240.00,124,327.97,686.28,23.95
5,240.00,125,306.96,399.64,10.44
5,240.00,126,829.99,517.37,21.03
5,240.00,127,132.19,111.80,11.35
5,240.00,128,651.55,877.04,0.00
5,240.00,129,286.32,452.40,7.11
5,240.00,130,657.78,609.34,6.55
5,240.00,131,768.35,592.17,6.69
5,240.00,132,594.23,79.97,18.65
5,240.00,133,89.95,968.67,5.31
5,240.00,134,698.69,697.67,0.00
5,240.00,135,280.02,554.02,17.03
5,240.00,136,84.78,440.96,0.00
5,240.00,137,132.89,570.56,6.67
5,240.00,138,252.42,526.08,12.49
5,240.00,139,704.93,904.64,0.00
5,240.00,140,42.43,796.28,24.58
5,240.00,141,478.02,470.85,21.68
5,240.00,142,202.29,453.77,9.57
5,240.00,143,282.74,56.42,8.98
5,240.00,144,118.82,243.08,7.26
5,240.00,145,167.18,313.73,0.00
5,240.00,146,773.02,357.37,12.80
5,240.00,147,723.39,965.09,5.30
5,240.00,148,295.58,508.70,8.31
5,240.00,149,427.21,357.98,21.18
5,250.00,0,899.52,80.93,13.05
5,250.00,1,717.49,139.97,18.57
5,250.00,2,62.44,592.86,6.57
5,250.00,3,848.81,561.17,15.48
5,250.00,4,16.82,178.68,5.12
5,250.00,5,149.83,783.13,7.22
5,250.00,6,224.73,742.54,7.88
5,250.00,7,940.32,847.86,0.00
5,250.00,8,2.21,913.26,6.14
5,250.00,9,340.27,700.61,8.37
5,250.00,10,935.71,177.06,12.56
5,250.00,11,574.04,404.36,6.77
5,250.00,12,384.28,271.78,14.95
5,250.00,13,300.64,176.40,19.40
5,250.00,14,99.37,119.70,6.84
5,250.00,15,620.68,141.60,8.76
5,250.00,16,642.22,519.89,13.92
5,250.00,17,288.86,447.62,6.90
5,250.00,18,582.69,229.78,0.00
5,250.00,19,374.60,506.57,21.26
5,250.00,20,859.45,412.49,16.97
5,250.00,21,574.85,369.21,18.44
5,250.00,22,759.85,214.82,7.60
5,250.00,23,362.16,704.77,17.71
5,250.00,24,589.96,579.31,12.82
5,250.00,25,953.79,317.49,14.99
5,250.00,26,182.10,419.23,0.00
5,250.00,27,528.39,466.22,20.95
5,250.00,28,846.38,864.50,16.05
5,250.00,29,714.14,615.21,6.21
5,250.00,30,644.57,762.06,20.85
5,250.00,31,779.21,343.57,9.16
5,250.00,32,904.24,756.94,5.72
5,250.00,33,521.70,785.40,15.14
5,250.00,34,670.08,193.76,9.38
5,250.00,35,338.31,274.19,10.70
5,250.00,36,864.58,475.88,5.06
5,250.00,37,198.20,577.16,11.44
5,250.00,38,728.57,439.99,16.97
5,250.00,39,390.19,671.13,0.00
5,250.00,40,512.48,735.45,9.21
5,250.00,41,257.65,694.72,21.28
5,250.00,42,743.78,801.84,24.41
5,250.00,43,676.48,449.90,15.11
5,250.00,44,656.22,432.92,15.66
5,250.00,45,249.88,176.73,7.53
5,250.00,46,381.11,409.38,12.35
5,250.00,47,331.94,598.02,11.74
5,250.00,48,332.93,192.57,11.33
5,250.00,49,875.63,502.87,5.29
5,250.00,50,397.11,663.83,5.55
5,250.00,51,323.35,438.97,12.27
5,250.00,52,399.77,694.22,24.12
5,250.00,53,842.06,144.33,13.47
5,250.00,54,828.54,248.70,12.57
5,250.00,55,830.17,494.06,13.81
5,250.00,56,50.82,361.94,5.49
5,250.00,57,476.80,459.25,14.05
5,250.00,58,451.14,459.13,5.67
5,250.00,59,159.31,403.49,24.61
5,250.00,60,570.22,760.78,20.94
5,250.00,61,459.81,751.47,8.38
5,250.00,62,942.06,420.84,12.13
5,250.00,63,514.36,469.62,22.43
5,250.00,64,297.38,217.73,10.92
5,250.00,65,358.43,282.87,17.73
5,250.00,66,682.94,481.61,8.22
5,250.00,67,776.39,525.74,0.00
5,250.00,68,779.03,472.81,8.94
5,250.00,69,274.51,707.70,13.27
5,250.00,70,539.27,294.01,16.72
5,250.00,71,680.21,330.03,8.09
5,250.00,72,785.85,377.06,13.47
5,250.00,73,947.50,625.00,12.52
5,250.00,74,423.18,764.80,5.84
5,250.00,75,225.34,763.77,8.54
5,250.00,76,467.34,751.83,0.00
5,250.00,77,280.42,977.72,0.00
5,250.00,78,471.70,295.92,7.39
5,250.00,79,57.14,472.99,7.91
5,250.00,80,427.27,100.12,6.45
5,250.00,81,902.24,102.48,9.83
5,250.00,82,511.75,362.38,5.84
5,250.00,83,597.57,529.27,0.00
5,250.00,84,275.19,852.99,12.56
5,250.00,85,750.36,675.32,16.86
5,250.00,86,387.23,203.52,8.19
5,250.00,87,662.73,39.20,7.26
5,250.00,88,692.40,657.13,11.81
5,250.00,89,87.89,449.63,5.34
5,250.00,90,110.51,246.50,13.19
5,250.00,91,468.97,596.74,7.16
5,250.00,92,249.53,824.89,9.07
5,250.00,93,650.31,412.04,0.00
5,250.00,94,671.69,654.77,20.25
5,250.00,95,593.16,367.99,7.00
5,250.00,96,353.95,327.59,5.70
5,250.00,97,548.65,309.10,24.51
5,250.00,98,393.97,400.33,24.22
5,250.00,99,361.08,647.40,23.24
5,250.00,100,675.58,556.67,6.82
5,250.00,101,369.83,135.10,22.98
5,250.00,102,599.61,727.80,17.88
5,250.00,103,802.46,522.87,23.86
5,250.00,104,933.20,105.07,0.00
5,250.00,105,477.28,819.32,6.25
5,250.00,106,535.84,782.96,20.50
5,250.00,107,991.17,178.50,0.00
5,250.00,108,173.88,643.97,5.20
5,250.00,109,258.92,442.08,0.00
5,250.00,110,911.11,777.26,8.41
5,250.00,111,259.82,437.24,0.00
5,250.00,112,343.13,509.65,24.19
5,250.00,113,344.06,455.54,5.54
5,250.00,114,899.83,577.28,6.68
5,250.00,115,181.34,31.24,0.00
5,250.00,116,305.43,600.15,15.06
5,250.00,117,419.16,434.29,13.47
5,250.00,118,696.86,693.41,18.02
5,250.00,119,562.10,931.10,18.17
5,250.00,120,275.36,703.83,6.49
5,250.00,121,391.54,535.68,17.07
5,250.00,122,522.15,538.26,19.65
5,250.00,123,477.60,653.30,21.68
5,250.00,124,173.39,869.22,23.95
5,250.00,125,410.33,414.48,10.44
5,250.00,126,904.24,320.60,21.03
5,250.00,127,192.75,207.76,11.35
5,250.00,128,622.68,929.29,15.26
5,250.00,129,254.00,389.10,7.11
5,250.00,130,714.33,642.39,6.55
5,250.00,131,712.73,555.01,6.69
5,250.00,132,410.25,110.61,18.65
5,250.00,133,42.45,968.05,0.00
5,250.00,134,622.01,708.78,13.70
5,250.00,135,265.91,509.83,0.00
5,250.00,136,221.10,438.02,15.66
5,250.00,137,159.10,631.87,6.67
5,250.00,138,162.29,439.57,12.49
5,250.00,139,687.01,861.99,15.06
5,250.00,140,132.64,607.68,0.00
5,250.00,141,444.01,433.61,0.00
5,250.00,142,295.61,474.90,9.57
5,250.00,143,370.82,73.84,8.98
5,250.00,144,117.82,242.82,0.00
5,250.00,145,325.60,387.70,23.12
5,250.00,146,825.54,436.99,0.00
5,250.00,147,675.75,941.86,5.30
5,250.00,148,368.74,548.10,8.31
5,250.00,149,224.54,419.64,21.18
5,260.00,0,770.12,98.15,13.05
5,260.00,1,760.18,131.10,0.00
5,260.00,2,90.71,533.53,6.57
5,260.00,3,709.59,493.41,15.48
5,260.00,4,21.82,127.74,5.12
5,260.00,5,213.78,749.55,7.22
5,260.00,6,303.51,745.40,7.88
5,260.00,7,967.35,830.26,0.00
5,260.00,8,63.61,915.68,6.14
5,260.00,9,256.52,700.97,8.37
5,260.00,10,941.77,171.04,0.00
5,260.00,11,553.18,455.48,0.00
5,260.00,12,533.41,261.47,14.95
5,260.00,13,371.11,16.35,0.00
5,260.00,14,31.63,110.55,0.00
5,260.00,15,669.20,68.67,8.76
5,260.00,16,707.81,397.11,13.92
5,260.00,17,292.92,378.77,6.90
5,260.00,18,592.04,218.64,10.57
5,260.00,19,202.05,403.18,0.00
5,260.00,20,703.75,345.03,16.97
5,260.00,21,477.94,526.12,18.44
5,260.00,22,723.74,147.96,7.60
5,260.00,23,210.85,796.74,17.71
5,260.00,24,477.66,517.43,12.82
5,260.00,25,961.77,167.77,14.99
5,260.00,26,272.93,548.98,18.79
5,260.00,27,319.10,457.86,20.95
5,260.00,28,739.36,744.86,16.05
5,260.00,29,659.54,644.88,6.21
5,260.00,30,624.46,917.03,0.00
5,260.00,31,744.36,258.86,9.16
5,260.00,32,903.60,699.70,5.72
5,260.00,33,635.21,685.16,15.14
5,260.00,34,578.82,215.32,9.38
5,260.00,35,253.71,208.75,10.70
5,260.00,36,910.78,455.33,5.06
5,260.00,37,311.90,589.68,11.44
5,260.00,38,633.34,580.41,16.97
5,260.00,39,539.91,759.60,24.12
5,260.00,40,590.35,784.58,9.21
5,260.00,41,359.41,507.86,21.28
5,260.00,42,854.73,584.36,24.41
5,260.00,43,788.37,348.35,15.11
5,260.00,44,616.31,281.48,15.66
5,260.00,45,322.96,158.44,7.53
5,260.00,46,298.90,501.59,12.35
5,260.00,47,406.98,507.69,11.74
5,260.00,48,260.47,279.71,11.33
5,260.00,49,926.26,487.48,5.29
5,260.00,50,433.03,621.48,5.55
5,260.00,51,408.80,350.88,12.27
5,260.00,52,633.84,635.94,24.12
5,260.00,53,968.44,191.01,13.47
5,260.00,54,703.71,234.09,12.57
5,260.00,55,751.27,607.42,13.81
5,260.00,56,5.15,349.49,0.00
5,260.00,57,567.05,566.94,14.05
5,260.00,58,506.82,448.58,5.67
5,260.00,59,44.60,498.00,0.00
5,260.00,60,416.64,674.14,0.00
5,260.00,61,404.66,814.49,8.38
5,260.00,62,988.78,419.28,0.00
5,260.00,63,349.39,317.64,22.43
5,260.00,64,403.18,190.80,10.92
5,260.00,65,265.84,131.69,17.73
5,260.00,66,602.82,463.47,8.22
5,260.00,67,644.91,539.80,13.39
5,260.00,68,735.49,550.92,8.94
5,260.00,69,268.05,575.15,13.27
5,260.00,70,438.55,160.56,16.72
5,260.00,71,753.73,296.32,8.09
5,260.00,72,847.26,257.13,13.47
5,260.00,73,954.87,750.00,12.52
5,260.00,74,368.75,743.50,5.84
5,260.00,75,158.33,710.85,8.54
5,260.00,76,462.71,747.50,11.58
5,260.00,77,309.74,871.62,12.54
5,260.00,78,404.31,265.50,7.39
5,260.00,79,115.32,419.44,7.91
5,260.00,80,386.58,150.15,6.45
5,260.00,81,898.08,200.64,9.83
5,260.00,82,568.54,348.72,5.84
5,260.00,83,485.24,481.08,24.80
5,260.00,84,392.17,807.17,12.56
5,260.00,85,879.49,566.92,16.86
5,260.00,86,305.54,198.07,8.19
5,260.00,87,688.94,26.04,0.00
5,260.00,88,716.59,772.77,11.81
5,260.00,89,79.23,482.35,0.00
5,260.00,90,81.44,207.08,0.00
5,260.00,91,433.84,534.40,7.16
5,260.00,92,236.26,828.95,0.00
5,260.00,93,699.56,360.39,16.13
5,260.00,94,556.02,725.82,0.00
5,260.00,95,662.62,376.97,7.00
5,260.00,96,337.42,382.09,5.70
5,260.00,97,400.09,504.07,24.51
5,260.00,98,592.60,538.85,24.22
5,260.00,99,312.32,655.02,0.00
5,260.00,100,683.25,488.90,6.82
5,260.00,101,597.90,163.54,22.98
5,260.00,102,461.06,614.80,17.88
5,260.00,103,565.17,497.58,23.86
5,260.00,104,920.83,118.62,7.74
5,260.00,105,461.65,819.88,0.00
5,260.00,106,381.00,827.71,0.00
5,260.00,107,896.65,269.06,16.72
5,260.00,108,180.97,695.49,5.20
5,260.00,109,365.81,374.38,0.00
5,260.00,110,832.26,748.12,8.41
5,260.00,111,248.56,404.02,6.31
5,260.00,112,167.82,342.94,24.19
5,260.00,113,303.44,418.01,0.00
5,260.00,114,838.48,550.84,6.68
5,260.00,115,282.53,190.49,23.49
5,260.00,116,399.20,482.34,15.06
5,260.00,117,419.78,299.55,13.47
5,260.00,118,875.61,716.41,18.02
5,260.00,119,743.77,933.89,18.17
5,260.00,120,261.09,640.52,6.49
5,260.00,121,236.33,606.80,17.07
5,260.00,122,690.29,436.54,19.65
5,260.00,123,618.82,488.86,21.68
5,260.00,124,76.13,984.33,0.00
5,260.00,125,513.71,429.32,10.44
5,260.00,126,966.48,155.64,0.00
5,260.00,127,253.31,303.73,11.35
5,260.00,128,599.84,970.65,0.00
5,260.00,129,221.68,325.80,7.11
5,260.00,130,770.89,675.43,6.55
5,260.00,131,657.10,517.85,6.69
5,260.00,132,377.87,116.00,0.00
5,260.00,133,51.05,953.61,15.84
5,260.00,134,486.47,728.42,13.70
5,260.00,135,308.14,506.88,5.82
5,260.00,136,377.64,434.65,15.66
5,260.00,137,185.32,693.17,6.67
5,260.00,138,72.17,353.06,12.49
5,260.00,139,628.63,723.12,15.06
5,260.00,140,146.63,630.13,17.70
5,260.00,141,323.20,568.77,23.62
5,260.00,142,388.93,496.03,9.57
5,260.00,143,458.90,91.27,8.98
5,260.00,144,75.26,430.19,0.00
5,260.00,145,535.11,485.52,23.12
5,260.00,146,829.95,468.35,12.44
5,260.00,147,628.11,918.62,5.30
5,260.00,148,441.91,587.50,8.31
5,260.00,149,139.81,445.41,0.00
5,270.00,0,640.73,115.36,13.05
5,270.00,1,712.26,66.15,0.00
5,270.00,2,118.98,474.19,6.57
5,270.00,3,570.36,425.66,15.48
5,270.00,4,26.81,76.80,5.12
5,270.00,5,277.73,715.97,7.22
5,270.00,6,382.29,748.25,7.88
5,270.00,7,944.06,815.17,17.25
5,270.00,8,125.00,918.11,6.14
5,270.00,9,172.78,701.33,8.37
5,270.00,10,724.09,221.12,23.97
5,270.00,11,570.00,442.51,11.50
5,270.00,12,682.54,251.16,14.95
5,270.00,13,367.20,21.17,6.28
5,270.00,14,31.72,110.60,11.37
5,270.00,15,712.32,3.84,0.00
5,270.00,16,773.39,274.33,13.92
5,270.00,17,296.99,309.93,6.90
5,270.00,18,660.04,137.65,10.57
5,270.00,19,214.65,407.07,24.52
5,270.00,20,548.06,277.57,16.97
5,270.00,21,440.16,587.29,0.00
5,270.00,22,687.62,81.11,7.60
5,270.00,23,59.53,888.72,17.71
5,270.00,24,387.25,467.61,0.00
5,270.00,25,965.82,91.69,0.00
5,270.00,26,380.65,702.88,18.79
5,270.00,27,208.43,453.44,0.00
5,270.00,28,632.33,625.23,16.05
5,270.00,29,604.93,674.54,6.21
5,270.00,30,630.70,904.69,5.52
5,270.00,31,709.51,174.15,9.16
5,270.00,32,902.97,642.47,5.72
5,270.00,33,680.00,645.61,0.00
5,270.00,34,487.56,236.88,9.38
5,270.00,35,220.27,182.88,0.00
5,270.00,36,956.97,434.78,5.06
5,270.00,37,425.60,602.21,11.44
5,270.00,38,538.12,720.82,16.97
5,270.00,39,747.58,882.31,24.12
5,270.00,40,668.22,833.70,9.21
5,270.00,41,455.48,331.46,0.00
5,270.00,42,928.53,439.72,0.00
5,270.00,43,900.26,246.81,15.11
5,270.00,44,576.40,130.04,15.66
5,270.00,45,396.04,140.14,7.53
5,270.00,46,216.68,593.80,12.35
5,270.00,47,482.01,417.35,11.74
5,270.00,48,188.02,366.85,11.33
5,270.00,49,962.08,476.58,0.00
5,270.00,50,468.95,579.14,5.55
5,270.00,51,468.71,289.13,0.00
5,270.00,52,867.91,577.65,24.12
5,270.00,53,972.64,192.56,0.00
5,270.00,54,578.88,219.49,12.57
5,270.00,55,672.38,720.78,13.81
5,270.00,56,9.57,364.98,11.76
5,270.00,57,657.30,674.63,14.05
5,270.00,58,562.49,438.02,5.67
5,270.00,59,113.79,560.24,23.49
5,270.00,60,430.41,689.21,12.94
5,270.00,61,349.50,877.52,8.38
5,270.00,62,965.85,397.73,5.12
5,270.00,63,339.04,308.09,0.00
5,270.00,64,508.98,163.88,10.92
5,270.00,65,200.84,25.57,0.00
5,270.00,66,522.69,445.33,8.22
5,270.00,67,511.74,554.05,13.39
5,270.00,68,691.95,629.04,8.94
5,270.00,69,261.58,442.60,13.27
5,270.00,70,337.83,27.10,16.72
5,270.00,71,827.26,262.61,8.09
5,270.00,72,870.14,212.46,0.00
5,270.00,73,962.24,875.00,12.52
5,270.00,74,314.33,722.20,5.84
5,270.00,75,128.06,686.95,0.00
5,270.00,76,378.10,668.48,11.58
5,270.00,77,343.16,750.74,12.54
5,270.00,78,336.92,235.09,7.39
5,270.00,79,173.49,365.88,7.91
5,270.00,80,345.88,200.17,6.45
5,270.00,81,893.92,298.80,9.83
5,270.00,82,625.33,335.07,5.84
5,270.00,83,257.30,383.28,24.80
5,270.00,84,509.15,761.35,12.56
5,270.00,85,983.78,479.37,0.00
5,270.00,86,223.84,192.62,8.19
5,270.00,87,748.42,103.74,16.42
5,270.00,88,727.22,823.55,0.00
5,270.00,89,97.38,468.93,6.16
5,270.00,90,101.15,334.04,20.44
5,270.00,91,398.70,472.06,7.16
5,270.00,92,179.16,662.21,20.81
5,270.00,93,810.87,243.68,16.13
5,270.00,94,528.47,751.99,11.53
5,270.00,95,732.09,385.95,7.00
5,270.00,96,320.89,436.60,5.70
5,270.00,97,251.53,699.05,24.51
5,270.00,98,791.22,677.38,24.22
5,270.00,99,411.29,810.64,23.41
5,270.00,100,690.93,421.13,6.82
5,270.00,101,626.63,167.12,0.00
5,270.00,102,322.51,501.79,17.88
5,270.00,103,327.89,472.29,23.86
5,270.00,104,868.69,175.76,7.74
5,270.00,105,458.35,707.81,14.96
5,270.00,106,393.19,811.96,9.32
5,270.00,107,775.94,384.71,16.72
5,270.00,108,188.06,747.01,5.20
5,270.00,109,393.23,393.56,9.18
5,270.00,110,753.41,718.97,8.41
5,270.00,111,228.33,344.30,6.31
5,270.00,112,139.23,315.75,0.00
5,270.00,113,302.93,417.66,23.96
5,270.00,114,777.13,524.41,6.68
5,270.00,115,408.51,388.75,23.49
5,270.00,116,492.97,364.53,15.06
5,270.00,117,420.40,164.81,13.47
5,270.00,118,943.97,725.20,0.00
5,270.00,119,920.72,936.60,0.00
5,270.00,120,246.83,577.20,6.49
5,270.00,121,214.40,616.85,0.00
5,270.00,122,858.43,334.83,19.65
5,270.00,123,760.04,324.41,21.68
5,270.00,124,97.63,981.36,5.85
5,270.00,125,617.09,444.16,10.44
5,270.00,126,962.90,173.67,11.38
5,270.00,127,313.87,399.70,11.35
5,270.00,128,583.14,814.42,22.76
5,270.00,129,189.36,262.51,7.11
5,270.00,130,827.45,708.48,6.55
5,270.00,131,601.48,480.69,6.69
5,270.00,132,450.09,212.95,14.67
5,270.00,133,132.12,817.48,15.84
5,270.00,134,350.93,748.05,13.70
5,270.00,135,366.18,502.83,5.82
5,270.00,136,534.18,431.27,15.66
5,270.00,137,211.53,754.48,6.67
5,270.00,138,38.94,321.17,0.00
5,270.00,139,570.26,584.24,15.06
5,270.00,140,240.23,780.36,17.70
5,270.00,141,165.78,744.90,23.62
5,270.00,142,482.25,517.17,9.57
5,270.00,143,546.97,108.69,8.98
5,270.00,144,75.05,449.54,11.82
5,270.00,145,600.62,516.11,0.00
5,270.00,146,847.24,591.50,12.44
5,270.00,147,580.47,895.39,5.30
5,270.00,148,515.08,626.89,8.31
5,270.00,149,152.94,409.49,6.57
5,280.00,0,511.33,132.58,13.05
5,280.00,1,666.49,88.02,19.87
5,280.00,2,147.25,414.86,6.57
5,280.00,3,431.14,357.90,15.48
5,280.00,4,31.81,25.85,5.12
5,280.00,5,341.68,682.40,7.22
5,280.00,6,461.06,751.11,7.88
5,280.00,7,799.31,721.36,17.25
5,280.00,8,186.40,920.54,6.14
5,280.00,9,159.78,701.39,0.00
5,280.00,10,490.52,274.85,23.97
5,280.00,11,661.08,372.29,11.50
5,280.00,12,804.77,242.71,0.00
5,280.00,13,327.65,69.94,6.28
5,280.00,14,134.59,159.09,11.37
5,280.00,15,698.59,13.91,15.32
5,280.00,16,838.98,151.55,13.92
5,280.00,17,300.10,257.17,0.00
5,280.00,18,728.03,56.66,10.57
5,280.00,19,443.70,477.79,0.00
5,280.00,20,422.79,223.29,0.00
5,280.00,21,414.45,538.04,9.10
5,280.00,22,653.58,18.09,0.00
5,280.00,23,51.82,893.41,0.00
5,280.00,24,380.60,457.59,6.17
5,280.00,25,894.11,102.18,14.74
5,280.00,26,393.74,721.57,0.00
5,280.00,27,189.87,528.17,16.34
5,280.00,28,525.31,505.59,16.05
5,280.00,29,550.33,704.20,6.21
5,280.00,30,655.57,855.43,5.52
5,280.00,31,674.67,89.43,9.16
5,280.00,32,902.34,585.24,5.72
5,280.00,33,709.00,785.78,23.64
5,280.00,34,396.30,258.43,9.38
5,280.00,35,228.74,281.51,16.37
5,280.00,36,988.08,420.94,0.00
5,280.00,37,539.30,614.73,11.44
5,280.00,38,442.89,861.23,16.97
5,280.00,39,865.62,952.06,0.00
5,280.00,40,746.08,882.83,9.21
5,280.00,41,456.04,336.76,9.53
5,280.00,42,878.79,451.58,15.27
5,280.00,43,988.65,166.59,0.00
5,280.00,44,542.92,2.99,0.00
5,280.00,45,408.37,137.05,0.00
5,280.00,46,183.14,631.41,0.00
5,280.00,47,546.95,339.18,0.00
5,280.00,48,115.56,453.99,11.33
5,280.00,49,895.46,450.19,24.51
5,280.00,50,504.87,536.79,5.55
5,280.00,51,485.80,325.59,13.47
5,280.00,52,996.32,545.68,0.00
5,280.00,53,939.71,370.84,18.75
5,280.00,54,454.05,204.88,12.57
5,280.00,55,593.48,834.15,13.81
5,280.00,56,41.83,478.06,11.76
5,280.00,57,747.55,782.32,14.05
5,280.00,58,618.17,427.47,5.67
5,280.00,59,288.45,717.38,23.49
5,280.00,60,517.70,784.75,12.94
5,280.00,61,315.20,916.70,0.00
5,280.00,62,928.53,362.65,5.12
5,280.00,63,295.31,466.58,17.54
5,280.00,64,530.56,158.38,0.00
5,280.00,65,219.65,37.12,7.40
5,280.00,66,442.57,427.20,8.22
5,280.00,67,378.57,568.29,13.39
5,280.00,68,648.40,707.15,8.94
5,280.00,69,255.11,310.05,13.27
5,280.00,70,322.55,6.85,0.00
5,280.00,71,900.78,228.90,8.09
5,280.00,72,739.38,279.68,23.43
5,280.00,73,963.37,894.09,0.00
5,280.00,74,259.90,700.90,5.84
5,280.00,75,98.07,591.15,18.31
5,280.00,76,293.48,589.46,11.58
5,280.00,77,376.58,629.85,12.54
5,280.00,78,269.53,204.68,7.39
5,280.00,79,231.67,312.32,7.91
5,280.00,80,305.18,250.19,6.45
5,280.00,81,889.77,396.96,9.83
5,280.00,82,682.12,321.42,5.84
5,280.00,83,132.60,329.79,0.00
5,280.00,84,626.13,715.54,12.56
5,280.00,85,970.91,479.25,6.70
5,280.00,86,142.14,187.17,8.19
5,280.00,87,848.21,234.11,16.42
5,280.00,88,750.83,769.26,10.55
5,280.00,89,146.91,432.32,6.16
5,280.00,90,132.50,535.99,20.44
5,280.00,91,363.56,409.72,7.16
5,280.00,92,111.74,465.35,20.81
5,280.00,93,848.68,204.03,0.00
5,280.00,94,444.89,831.37,11.53
5,280.00,95,801.56,394.94,7.00
5,280.00,96,304.36,491.11,5.70
5,280.00,97,163.88,814.09,0.00
5,280.00,98,889.04,745.60,0.00
5,280.00,99,426.27,834.19,0.00
5,280.00,100,698.60,353.36,6.82
5,280.00,101,566.97,265.79,13.19
5,280.00,102,188.14,392.20,0.00
5,280.00,103,312.72,470.68,0.00
5,280.00,104,816.54,232.90,7.74
5,280.00,105,456.22,635.32,0.00
5,280.00,106,450.20,738.26,9.32
5,280.00,107,723.24,435.21,0.00
5,280.00,108,195.15,798.52,5.20
5,280.00,109,468.43,446.18,9.18
5,280.00,110,674.57,689.83,8.41
5,280.00,111,208.09,284.57,6.31
5,280.00,112,189.54,295.23,6.49
5,280.00,113,155.14,316.34,0.00
5,280.00,114,715.79,497.97,6.68
5,280.00,115,534.48,587.01,23.49
5,280.00,116,586.73,246.72,15.06
5,280.00,117,421.02,30.07,13.47
5,280.00,118,898.42,595.08,22.32
5,280.00,119,919.96,934.69,7.92
5,280.00,120,232.56,513.89,6.49
5,280.00,121,404.68,703.34,24.34
5,280.00,122,978.10,262.44,0.00
5,280.00,123,873.54,192.24,0.00
5,280.00,124,155.61,973.35,5.85
5,280.00,125,720.46,459.01,10.44
5,280.00,126,943.26,272.51,0.00
5,280.00,127,374.43,495.66,11.35
5,280.00,128,558.95,588.12,22.76
5,280.00,129,157.04,199.21,7.11
5,280.00,130,884.00,741.52,6.55
5,280.00,131,545.85,443.53,6.69
5,280.00,132,522.80,310.54,0.00
5,280.00,133,213.19,681.35,15.84
5,280.00,134,297.07,755.85,0.00
5,280.00,135,424.22,498.78,5.82
5,280.00,136,555.28,430.82,0.00
5,280.00,137,214.51,761.44,0.00
5,280.00,138,71.69,321.46,5.19
5,280.00,139,511.89,445.37,15.06
5,280.00,140,333.83,930.58,17.70
5,280.00,141,113.78,803.08,0.00
5,280.00,142,525.80,527.03,0.00
5,280.00,143,635.05,126.12,8.98
5,280.00,144,73.79,567.71,11.82
5,280.00,145,646.35,478.61,8.60
5,280.00,146,864.54,714.65,12.44
5,280.00,147,532.83,872.15,5.30
5,280.00,148,588.24,666.29,8.31
5,280.00,149,175.49,347.75,6.57
5,290.00,0,448.91,140.89,0.00
5,290.00,1,487.20,173.68,19.87
5,290.00,2,175.52,355.52,6.57
5,290.00,3,291.91,290.14,15.48
5,290.00,4,31.99,24.03,0.00
5,290.00,5,405.63,648.82,7.22
5,290.00,6,539.84,753.96,7.88
5,290.00,7,654.56,627.56,17.25
5,290.00,8,191.64,920.75,0.00
5,290.00,9,177.14,609.19,11.11
5,290.00,10,256.95,328.58,23.97
5,290.00,11,752.16,302.08,11.50
5,290.00,12,769.38,241.45,19.63
5,290.00,13,288.11,118.71,6.28
5,290.00,14,237.45,207.57,11.37
5,290.00,15,574.99,104.43,15.32
5,290.00,16,859.56,113.02,0.00
5,290.00,17,335.61,261.18,15.29
5,290.00,18,768.26,8.74,0.00
5,290.00,19,442.39,479.81,10.80
5,290.00,20,424.83,255.35,16.43
5,290.00,21,372.32,457.33,9.10
5,290.00,22,655.53,24.17,11.13
5,290.00,23,201.22,716.07,24.43
5,290.00,24,346.49,406.17,6.17
5,290.00,25,748.31,123.51,14.74
5,290.00,26,371.23,768.04,5.88
5,290.00,27,150.47,686.78,16.34
5,290.00,28,418.29,385.95,16.05
5,290.00,29,495.72,733.86,6.21
5,290.00,30,680.45,806.17,5.52
5,290.00,31,639.82,4.72,9.16
5,290.00,32,901.70,528.00,5.72
5,290.00,33,742.92,949.71,0.00
5,290.00,34,305.04,279.99,9.38
5,290.00,35,239.53,407.15,0.00
5,290.00,36,944.01,426.02,13.58
5,290.00,37,622.20,623.86,0.00
5,290.00,38,415.58,901.50,0.00
5,290.00,39,870.82,912.52,9.24
5,290.00,40,767.29,896.20,0.00
5,290.00,41,465.92,431.59,9.53
5,290.00,42,730.28,486.99,15.27
5,290.00,43,975.68,174.39,7.20
5,290.00,44,522.72,34.65,23.32
5,290.00,45,422.74,257.60,14.60
5,290.00,46,312.10,582.08,23.32
5,290.00,47,568.16,348.87,17.33
5,290.00,48,64.75,515.09,0.00
5,290.00,49,667.62,359.95,24.51
5,290.00,50,540.79,494.45,5.55
5,290.00,51,542.96,447.55,13.47
5,290.00,52,987.48,630.31,18.85
5,290.00,53,905.66,555.24,18.75
5,290.00,54,329.22,190.27,12.57
5,290.00,55,580.12,853.35,0.00
5,290.00,56,74.09,591.15,11.76
5,290.00,57,748.60,783.58,0.00
5,290.00,58,673.84,416.91,5.67
5,290.00,59,360.66,782.35,0.00
5,290.00,60,605.00,880.29,12.94
5,290.00,61,316.50,854.73,16.39
5,290.00,62,891.21,327.57,5.12
5,290.00,63,251.60,625.05,0.00
5,290.00,64,430.44,226.81,15.23
5,290.00,65,282.74,75.86,7.40
5,290.00,66,362.44,409.06,8.22
5,290.00,67,245.39,582.54,13.39
5,290.00,68,604.86,785.26,8.94
5,290.00,69,248.64,177.50,13.27
5,290.00,70,286.10,135.08,15.72
5,290.00,71,974.31,195.19,8.09
5,290.00,72,531.00,386.80,23.43
5,290.00,73,919.92,818.39,10.30
5,290.00,74,229.22,688.89,0.00
5,290.00,75,43.38,416.45,18.31
5,290.00,76,208.87,510.43,11.58
5,290.00,77,409.99,508.97,12.54
5,290.00,78,202.14,174.26,7.39
5,290.00,79,289.84,258.76,7.91
5,290.00,80,264.49,300.22,6.45
5,290.00,81,885.61,495.13,9.83
5,290.00,82,738.90,307.77,5.84
5,290.00,83,190.40,410.19,21.86
5,290.00,84,743.11,669.72,12.56
5,290.00,85,903.94,478.67,6.70
5,290.00,86,65.48,182.05,0.00
5,290.00,87,917.02,324.01,0.00
5,290.00,88,792.92,672.49,10.55
5,290.00,89,196.43,395.71,6.16
5,290.00,90,163.85,737.94,20.44
5,290.00,91,339.33,366.73,0.00
5,290.00,92,84.60,386.09,0.00
5,290.00,93,889.84,145.01,0.00
5,290.00,94,374.53,898.19,0.00
5,290.00,95,871.02,403.92,7.00
5,290.00,96,287.83,545.62,5.70
5,290.00,97,228.85,756.38,21.20
5,290.00,98,897.27,693.98,10.30
5,290.00,99,482.40,729.37,13.50
5,290.00,100,706.28,285.59,6.82
5,290.00,101,498.71,378.69,13.19
5,290.00,102,192.47,394.64,16.46
5,290.00,103,304.72,570.37,10.68
5,290.00,104,764.39,290.04,7.74
5,290.00,105,422.95,539.42,19.71
5,290.00,106,507.20,664.56,9.32
5,290.00,107,638.26,510.49,20.15
5,290.00,108,202.24,850.04,5.20
5,290.00,109,543.64,498.80,9.18
5,290.00,110,595.72,660.68,8.41
5,290.00,111,187.85,224.84,6.31
5,290.00,112,249.65,270.70,6.49
5,290.00,113,180.82,344.99,15.26
5,290.00,114,654.44,471.53,6.68
5,290.00,115,643.29,758.24,0.00
5,290.00,116,655.85,159.89,0.00
5,290.00,117,421.07,19.55,0.00
5,290.00,118,824.65,384.37,22.32
5,290.00,119,890.51,861.18,7.92
5,290.00,120,218.29,450.57,6.49
5,290.00,121,491.22,742.68,0.00
5,290.00,122,957.13,302.14,15.57
5,290.00,123,841.83,198.20,16.43
5,290.00,124,213.59,965.35,5.85
5,290.00,125,823.84,473.85,10.44
5,290.00,126,925.28,287.23,20.37
5,290.00,127,434.98,591.63,11.35
5,290.00,128,534.76,361.83,22.76
5,290.00,129,124.72,135.91,7.11
5,290.00,130,898.73,750.13,0.00
5,290.00,131,490.23,406.37,6.69
5,290.00,132,527.24,344.86,20.30
5,290.00,133,294.26,545.22,15.84
5,290.00,134,365.57,730.75,12.11
5,290.00,135,482.26,494.73,5.82
5,290.00,136,607.40,528.16,12.76
5,290.00,137,272.51,728.49,7.53
5,290.00,138,123.56,321.92,5.19
5,290.00,139,453.51,306.50,15.06
5,290.00,140,333.91,930.70,0.00
5,290.00,141,206.28,786.26,14.04
5,290.00,142,493.05,479.93,10.76
5,290.00,143,723.13,143.54,8.98
5,290.00,144,72.53,685.88,11.82
5,290.00,145,712.88,424.06,8.60
5,290.00,146,870.19,754.89,0.00
5,290.00,147,485.18,848.92,5.30
5,290.00,148,661.41,705.69,8.31
5,290.00,149,185.39,320.65,0.00
5,300.00,0,526.15,162.20,15.48
5,300.00,1,307.91,259.34,19.87
5,300.00,2,203.79,296.19,6.57
5,300.00,3,152.69,222.39,15.48
5,300.00,4,171.00,126.50,17.91
5,300.00,5,469.58,615.24,7.22
5,300.00,6,618.62,756.82,7.88
5,300.00,7,509.81,533.75,17.25
5,300.00,8,173.80,867.78,6.11
5,300.00,9,193.61,521.79,0.00
5,300.00,10,51.19,375.91,0.00
5,300.00,11,843.24,231.86,11.50
5,300.00,12,573.23,234.47,19.63
5,300.00,13,248.56,167.48,6.28
5,300.00,14,340.32,256.06,11.37
5,300.00,15,531.82,136.04,0.00
5,300.00,16,820.18,186.46,12.14
5,300.00,17,487.52,278.31,15.29
5,300.00,18,741.41,40.45,10.18
5,300.00,19,383.78,570.54,10.80
5,300.00,20,435.25,419.35,16.43
5,300.00,21,336.62,388.95,0.00
5,300.00,22,689.58,130.17,11.13
5,300.00,23,352.57,536.42,0.00
5,300.00,24,312.38,354.75,6.17
5,300.00,25,602.50,144.83,14.74
5,300.00,26,345.61,820.94,5.88
5,300.00,27,111.07,845.38,16.34
5,300.00,28,311.26,266.32,16.05
5,300.00,29,441.12,763.52,6.21
5,300.00,30,705.32,756.92,5.52
5,300.00,31,639.02,2.79,0.00
5,300.00,32,901.26,488.17,0.00
5,300.00,33,759.91,941.61,6.45
5,300.00,34,273.81,287.37,0.00
5,300.00,35,246.45,418.80,5.90
5,300.00,36,809.12,441.56,13.58
5,300.00,37,584.17,652.80,17.64
5,300.00,38,545.24,805.21,22.64
5,300.00,39,882.88,820.92,9.24
5,300.00,40,778.29,724.64,23.62
5,300.00,41,475.81,526.43,9.53
5,300.00,42,615.05,514.47,0.00
5,300.00,43,913.95,211.51,7.20
5,300.00,44,397.33,231.22,23.32
5,300.00,45,440.03,402.62,14.60
5,300.00,46,516.74,503.80,0.00
5,300.00,47,725.76,420.93,17.33
5,300.00,48,95.85,538.40,13.01
5,300.00,49,602.76,334.26,0.00
5,300.00,50,576.71,452.10,5.55
5,300.00,51,600.13,569.52,13.47
5,300.00,52,967.91,817.77,18.85
5,300.00,53,871.60,739.64,18.75
5,300.00,54,204.39,175.67,12.57
5,300.00,55,574.81,800.21,6.43
5,300.00,56,106.34,704.23,11.76
5,300.00,57,760.83,730.99,5.46
5,300.00,58,729.52,406.36,5.67
5,300.00,59,432.98,728.87,15.33
5,300.00,60,692.29,975.83,12.94
5,300.00,61,316.99,831.19,0.00
5,300.00,62,853.90,292.49,5.12
5,300.00,63,238.98,631.71,22.68
5,300.00,64,304.66,312.78,15.23
5,300.00,65,345.84,114.60,7.40
5,300.00,66,282.32,390.92,8.22
5,300.00,67,228.45,584.35,0.00
5,300.00,68,561.31,863.37,8.94
5,300.00,69,245.76,118.45,0.00
5,300.00,70,243.14,286.25,15.72
5,300.00,71,985.17,190.21,0.00
5,300.00,72,322.62,493.93,23.43
5,300.00,73,868.63,729.05,10.30
5,300.00,74,186.18,601.63,22.30
5,300.00,75,36.24,393.64,0.00
5,300.00,76,124.26,431.41,11.58
5,300.00,77,443.41,388.08,12.54
5,300.00,78,173.22,161.21,0.00
5,300.00,79,348.02,205.20,7.91
5,300.00,80,243.11,326.50,0.00
5,300.00,81,881.46,593.29,9.83
5,300.00,82,795.69,294.12,5.84
5,300.00,83,295.86,556.92,0.00
5,300.00,84,860.08,623.90,12.56
5,300.00,85,836.97,478.08,6.70
5,300.00,86,66.46,185.20,5.36
5,300.00,87,890.15,342.75,10.55
5,300.00,88,835.01,575.72,10.55
5,300.00,89,245.96,359.10,6.16
5,300.00,90,177.26,824.35,0.00
5,300.00,91,290.56,418.95,23.02
5,300.00,92,170.71,342.62,16.15
5,300.00,93,856.98,145.45,9.96
5,300.00,94,407.66,903.58,21.22
5,300.00,95,940.49,412.90,7.00
5,300.00,96,271.30,600.13,5.70
5,300.00,97,387.35,615.61,21.20
5,300.00,98,913.47,592.28,10.30
5,300.00,99,546.13,610.36,13.50
5,300.00,100,713.95,217.82,6.82
5,300.00,101,430.46,491.59,13.19
5,300.00,102,335.89,475.51,16.46
5,300.00,103,296.18,676.87,10.68
5,300.00,104,712.25,347.18,7.74
5,300.00,105,358.38,353.25,19.71
5,300.00,106,564.21,590.86,9.32
5,300.00,107,487.42,644.12,20.15
5,300.00,108,203.83,861.58,0.00
5,300.00,109,618.85,551.42,9.18
5,300.00,110,516.87,631.54,8.41
5,300.00,111,167.61,165.12,6.31
5,300.00,112,309.76,246.17,6.49
5,300.00,113,282.64,458.60,15.26
5,300.00,114,593.09,445.10,6.68
5,300.00,115,625.67,749.61,14.39
5,300.00,116,711.29,188.76,23.77
5,300.00,117,515.98,160.87,18.46
5,300.00,118,780.46,258.13,0.00
5,300.00,119,861.06,787.67,7.92
5,300.00,120,204.03,387.26,6.49
5,300.00,121,512.13,697.76,8.13
5,300.00,122,884.38,439.84,15.57
5,300.00,123,680.32,228.52,16.43
5,300.00,124,271.58,957.34,5.85
5,300.00,125,901.89,485.06,0.00
5,300.00,126,767.67,416.21,20.37
5,300.00,127,495.54,687.60,11.35
5,300.00,128,527.27,291.85,0.00
5,300.00,129,114.33,115.57,0.00
5,300.00,130,836.23,604.40,21.44
5,300.00,131,435.92,370.09,0.00
5,300.00,132,553.28,546.18,20.30
5,300.00,133,350.10,451.45,0.00
5,300.00,134,479.24,689.10,12.11
5,300.00,135,540.30,490.68,5.82
5,300.00,136,667.65,640.66,12.76
5,300.00,137,337.95,691.31,7.53
5,300.00,138,175.42,322.39,5.19
5,300.00,139,395.14,167.62,15.06
5,300.00,140,371.09,813.96,12.26
5,300.00,141,344.42,761.14,14.04
5,300.00,142,431.64,391.63,10.76
5,300.00,143,801.14,158.97,0.00
5,300.00,144,72.38,700.49,0.00
5,300.00,145,779.41,369.50,8.60
5,300.00,146,792.02,733.81,12.03
5,300.00,147,437.54,825.69,5.30
5,300.00,148,734.58,745.09,8.31
5,300.00,149,250.93,349.23,12.74
5,310.00,0,675.36,203.38,15.48
5,310.00,1,187.56,316.83,0.00
5,310.00,2,232.06,236.85,6.57
5,310.00,3,15.60,155.67,0.00
5,310.00,4,315.16,232.78,17.91
5,310.00,5,533.52,581.66,7.22
5,310.00,6,697.39,759.67,7.88
5,310.00,7,468.29,506.85,0.00
5,310.00,8,154.29,809.86,6.11
5,310.00,9,225.44,517.50,16.13
5,310.00,10,63.95,374.12,10.82
5,310.00,11,934.32,161.64,11.50
5,310.00,12,377.07,227.49,19.63
5,310.00,13,209.01,216.25,6.28
5,310.00,14,443.18,304.55,11.37
5,310.00,15,481.44,196.12,12.05
5,310.00,16,762.80,293.47,12.14
5,310.00,17,639.43,295.43,15.29
5,310.00,18,675.65,118.12,10.18
5,310.00,19,325.17,661.27,10.80
5,310.00,20,445.68,583.35,16.43
5,310.00,21,317.01,402.65,15.66
5,310.00,22,723.62,236.17,11.13
5,310.00,23,346.43,536.74,15.91
5,310.00,24,278.27,303.34,6.17
5,310.00,25,456.70,166.16,14.74
5,310.00,26,320.00,873.83,5.88
5,310.00,27,105.24,868.86,0.00
5,310.00,28,204.24,146.68,16.05
5,310.00,29,386.52,793.18,6.21
5,310.00,30,730.20,707.66,5.52
5,310.00,31,695.45,64.75,8.58
5,310.00,32,836.89,507.25,22.08
5,310.00,33,818.12,913.87,6.45
5,310.00,34,294.63,242.52,7.52
5,310.00,35,276.60,469.48,5.90
5,310.00,36,674.23,457.10,13.58
5,310.00,37,552.90,676.59,0.00
5,310.00,38,727.03,670.19,22.64
5,310.00,39,894.94,729.32,9.24
5,310.00,40,793.41,488.88,23.62
5,310.00,41,479.76,564.30,0.00
5,310.00,42,599.02,518.75,7.40
5,310.00,43,852.22,248.63,7.20
5,310.00,44,271.94,427.78,23.32
5,310.00,45,457.33,547.64,14.60
5,310.00,46,520.19,498.64,10.27
5,310.00,47,883.35,492.98,17.33
5,310.00,48,199.92,616.39,13.01
5,310.00,49,479.57,454.35,24.05
5,310.00,50,612.64,409.76,5.55
5,310.00,51,645.76,666.88,0.00
5,310.00,52,954.96,941.91,0.00
5,310.00,53,845.65,880.14,0.00
5,310.00,54,166.13,171.19,0.00
5,310.00,55,568.42,736.23,6.43
5,310.00,56,138.60,817.31,11.76
5,310.00,57,773.21,677.79,5.46
5,310.00,58,785.19,395.81,5.67
5,310.00,59,556.29,637.71,15.33
5,310.00,60,714.19,999.80,0.00
5,310.00,61,466.81,802.53,17.81
5,310.00,62,816.58,257.41,5.12
5,310.00,63,88.54,711.16,0.00
5,310.00,64,178.88,398.74,15.23
5,310.00,65,408.93,153.34,7.40
5,310.00,66,202.20,372.79,8.22
5,310.00,67,305.71,632.08,10.41
5,310.00,68,517.77,941.48,8.94
5,310.00,69,225.67,18.84,0.00
5,310.00,70,200.17,437.42,15.72
5,310.00,71,889.61,202.63,11.31
5,310.00,72,114.24,601.06,23.43
5,310.00,73,817.35,639.71,10.30
5,310.00,74,87.53,401.61,22.30
5,310.00,75,189.32,470.87,19.72
5,310.00,76,62.42,373.67,0.00
5,310.00,77,476.83,267.19,12.54
5,310.00,78,278.43,174.16,18.57
5,310.00,79,406.19,151.64,7.91
5,310.00,80,221.56,355.24,7.57
5,310.00,81,877.30,691.45,9.83
5,310.00,82,852.48,280.46,5.84
5,310.00,83,283.70,540.69,11.69
5,310.00,84,946.09,590.21,0.00
5,310.00,85,770.00,477.50,6.70
5,310.00,86,82.46,236.36,5.36
5,310.00,87,803.58,403.13,10.55
5,310.00,88,877.10,478.94,10.55
5,310.00,89,295.49,322.49,6.16
5,310.00,90,218.19,786.60,9.73
5,310.00,91,133.42,587.18,23.02
5,310.00,92,314.86,269.84,16.15
5,310.00,93,757.41,146.78,9.96
5,310.00,94,582.09,931.95,0.00
5,310.00,95,997.84,420.31,0.00
5,310.00,96,254.77,654.64,5.70
5,310.00,97,545.84,474.83,21.20
5,310.00,98,929.67,490.57,10.30
5,310.00,99,609.87,491.35,13.50
5,310.00,100,721.62,150.06,6.82
5,310.00,101,364.34,600.94,0.00
5,310.00,102,479.31,556.38,16.46
5,310.00,103,287.63,783.36,10.68
5,310.00,104,660.10,404.32,7.74
5,310.00,105,350.03,329.20,0.00
5,310.00,106,621.21,517.17,9.32
5,310.00,107,336.59,777.75,20.15
5,310.00,108,241.45,757.32,14.28
5,310.00,109,694.05,604.04,9.18
5,310.00,110,438.03,602.39,8.41
5,310.00,111,147.37,105.39,6.31
5,310.00,112,369.87,221.65,6.49
5,310.00,113,384.45,572.20,15.26
5,310.00,114,531.74,418.66,6.68
5,310.00,115,496.43,686.29,14.39
5,310.00,116,922.17,298.54,23.77
5,310.00,117,547.66,208.04,0.00
5,310.00,118,790.78,278.02,5.59
5,310.00,119,837.48,728.79,0.00
5,310.00,120,189.76,323.94,6.49
5,310.00,121,546.45,624.05,8.13
5,310.00,122,811.63,577.53,15.57
5,310.00,123,518.81,258.84,16.43
5,310.00,124,329.56,949.33,5.85
5,310.00,125,897.88,497.73,5.43
5,310.00,126,610.06,545.18,20.37
5,310.00,127,556.10,783.56,11.35
5,310.00,128,501.45,325.55,6.15
5,310.00,129,214.38,194.98,18.83
5,310.00,130,751.72,407.38,21.44
5,310.00,131,440.27,367.23,21.91
5,310.00,132,556.94,574.46,0.00
5,310.00,133,334.33,437.28,6.81
5,310.00,134,592.91,647.46,12.11
5,310.00,135,598.34,486.63,5.82
5,310.00,136,727.90,753.16,12.76
5,310.00,137,403.39,654.13,7.53
5,310.00,138,227.29,322.85,5.19
5,310.00,139,336.77,28.75,15.06
5,310.00,140,408.31,697.11,12.26
5,310.00,141,482.55,736.02,14.04
5,310.00,142,370.24,303.33,10.76
5,310.00,143,796.12,180.75,19.54
5,310.00,144,222.83,600.91,20.59
5,310.00,145,845.94,314.95,8.60
5,310.00,146,675.92,702.49,12.03
5,310.00,147,389.90,802.45,5.30
5,310.00,148,807.74,784.49,8.31
5,310.00,149,367.72,400.16,12.74
5,320.00,0,824.58,244.55,15.48
5,320.00,1,221.08,356.77,15.86
5,320.00,2,260.33,177.52,6.57
5,320.00,3,17.06,157.87,17.15
5,320.00,4,459.33,339.05,17.91
5,320.00,5,597.47,548.08,7.22
5,320.00,6,776.17,762.53,7.88
5,320.00,7,625.17,571.10,23.77
5,320.00,8,134.79,751.95,6.11
5,320.00,9,385.30,495.97,16.13
5,320.00,10,171.06,359.09,10.82
5,320.00,11,987.42,120.70,0.00
5,320.00,12,196.51,221.06,0.00
5,320.00,13,169.46,265.02,6.28
5,320.00,14,546.05,353.04,11.37
5,320.00,15,404.00,288.45,12.05
5,320.00,16,705.41,400.49,12.14
5,320.00,17,791.33,312.56,15.29
5,320.00,18,609.89,195.79,10.18
5,320.00,19,266.55,752.00,10.80
5,320.00,20,456.11,747.36,16.43
5,320.00,21,188.63,492.35,15.66
5,320.00,22,757.66,342.17,11.13
5,320.00,23,187.55,545.15,15.91
5,320.00,24,277.79,302.60,0.00
5,320.00,25,310.89,187.49,14.74
5,320.00,26,294.38,926.73,5.88
5,320.00,27,18.90,812.57,0.00
5,320.00,28,116.06,48.11,0.00
5,320.00,29,331.91,822.84,6.21
5,320.00,30,755.07,658.40,5.52
5,320.00,31,753.20,128.16,8.58
5,320.00,32,625.16,570.00,22.08
5,320.00,33,857.38,895.16,0.00
5,320.00,34,326.29,174.33,7.52
5,320.00,35,306.74,520.16,5.90
5,320.00,36,539.34,472.65,13.58
5,320.00,37,432.04,527.88,24.66
5,320.00,38,908.82,535.18,22.64
5,320.00,39,907.00,637.73,9.24
5,320.00,40,808.53,253.12,23.62
5,320.00,41,518.78,465.83,17.64
5,320.00,42,527.52,537.84,7.40
5,320.00,43,790.49,285.75,7.20
5,320.00,44,146.55,624.35,23.32
5,320.00,45,474.62,692.66,14.60
5,320.00,46,577.30,413.23,10.27
5,320.00,47,890.07,496.05,0.00
5,320.00,48,303.99,694.38,13.01
5,320.00,49,307.34,622.23,24.05
5,320.00,50,648.56,367.41,5.55
5,320.00,51,627.48,673.70,9.67
5,320.00,52,925.00,922.73,10.53
5,320.00,53,828.26,876.64,7.45
5,320.00,54,201.34,260.83,13.89
5,320.00,55,562.03,672.26,6.43
5,320.00,56,141.11,826.12,0.00
5,320.00,57,785.59,624.59,5.46
5,320.00,58,840.87,385.25,5.67
5,320.00,59,679.59,546.55,15.33
5,320.00,60,724.77,958.77,5.66
5,320.00,61,641.77,769.08,17.81
5,320.00,62,779.26,222.33,5.12
5,320.00,63,74.49,659.59,21.40
5,320.00,64,57.33,481.82,0.00
5,320.00,65,472.03,192.08,7.40
5,320.00,66,122.07,354.65,8.22
5,320.00,67,394.25,686.76,10.41
5,320.00,68,499.07,975.01,0.00
5,320.00,69,229.64,22.03,7.93
5,320.00,70,157.20,588.59,15.72
5,320.00,71,777.48,217.20,11.31
5,320.00,72,56.91,630.53,0.00
5,320.00,73,766.06,550.37,10.30
5,320.00,74,19.06,262.79,0.00
5,320.00,75,365.39,559.70,19.72
5,320.00,76,70.13,418.60,16.93
5,320.00,77,510.25,146.31,12.54
5,320.00,78,462.77,196.86,18.57
5,320.00,79,464.37,98.08,7.91
5,320.00,80,176.17,415.80,7.57
5,320.00,81,873.14,789.61,9.83
5,320.00,82,909.27,266.81,5.84
5,320.00,83,213.60,447.12,11.69
5,320.00,84,894.03,552.93,24.19
5,320.00,85,703.03,476.92,6.70
5,320.00,86,98.45,287.51,5.36
5,320.00,87,717.01,463.52,10.55
5,320.00,88,919.19,382.17,10.55
5,320.00,89,345.01,285.88,6.16
5,320.00,90,289.74,720.62,9.73
5,320.00,91,96.26,626.96,0.00
5,320.00,92,459.01,197.07,16.15
5,320.00,93,657.83,148.10,9.96
5,320.00,94,577.69,903.95,16.96
5,320.00,95,967.82,403.93,19.61
5,320.00,96,238.24,709.14,5.70
5,320.00,97,704.33,334.05,21.20
5,320.00,98,945.87,388.86,10.30
5,320.00,99,669.54,379.92,0.00
5,320.00,100,729.30,82.29,6.82
5,320.00,101,361.38,605.16,16.41
5,320.00,102,622.73,637.25,16.46
5,320.00,103,279.09,889.86,10.68
5,320.00,104,607.96,461.46,7.74
5,320.00,105,422.73,416.21,13.02
5,320.00,106,678.22,443.47,9.32
5,320.00,107,185.76,911.38,20.15
5,320.00,108,289.93,622.97,14.28
5,320.00,109,769.26,656.66,9.18
5,320.00,110,359.18,573.25,8.41
5,320.00,111,127.13,45.67,6.31
5,320.00,112,429.98,197.12,6.49
5,320.00,113,389.34,577.66,0.00
5,320.00,114,470.39,392.23,6.68
5,320.00,115,367.18,622.97,14.39
5,320.00,116,944.29,310.06,0.00
5,320.00,117,446.62,173.52,15.42
5,320.00,118,816.52,327.62,5.59
5,320.00,119,830.96,740.79,6.86
5,320.00,120,175.49,260.63,6.49
5,320.00,121,580.77,550.35,8.13
5,320.00,122,738.88,715.23,15.57
5,320.00,123,357.29,289.16,16.43
5,320.00,124,387.54,941.32,5.85
5,320.00,125,881.51,549.49,5.43
5,320.00,126,452.45,674.16,20.37
5,320.00,127,616.66,879.53,11.35
5,320.00,128,464.07,374.35,6.15
5,320.00,129,361.83,312.02,18.83
5,320.00,130,724.95,344.97,0.00
5,320.00,131,623.45,247.09,21.91
5,320.00,132,410.29,459.35,21.69
5,320.00,133,283.67,391.71,6.81
5,320.00,134,706.58,605.81,12.11
5,320.00,135,656.38,482.58,5.82
5,320.00,136,788.15,865.66,12.76
5,320.00,137,468.82,616.96,7.53
5,320.00,138,279.16,323.32,5.19
5,320.00,139,335.52,25.78,0.00
5,320.00,140,445.53,580.27,12.26
5,320.00,141,554.92,722.86,0.00
5,320.00,142,308.84,215.03,10.76
5,320.00,143,752.30,371.17,19.54
5,320.00,144,394.51,487.28,20.59
5,320.00,145,912.47,260.40,8.60
5,320.00,146,559.82,671.17,12.03
5,320.00,147,343.79,779.96,0.00
5,320.00,148,880.91,823.88,8.31
5,320.00,149,484.51,451.08,12.74
5,330.00,0,897.58,264.70,0.00
5,330.00,1,323.02,478.23,15.86
5,330.00,2,288.60,118.19,6.57
5,330.00,3,111.66,300.91,17.15
5,330.00,4,603.50,445.33,17.91
5,330.00,5,644.02,523.64,0.00
5,330.00,6,854.95,765.38,7.88
5,330.00,7,845.16,661.20,23.77
5,330.00,8,115.28,694.03,6.11
5,330.00,9,545.15,474.43,16.13
5,330.00,10,278.17,344.06,10.82
5,330.00,11,984.80,145.06,5.87
5,330.00,12,193.52,235.01,17.95
5,330.00,13,169.12,265.44,0.00
5,330.00,14,648.91,401.53,11.37
5,330.00,15,326.57,380.77,12.05
5,330.00,16,648.02,507.50,12.14
5,330.00,17,925.60,327.70,0.00
5,330.00,18,544.14,273.46,10.18
5,330.00,19,207.94,842.73,10.80
5,330.00,20,464.45,878.60,0.00
5,330.00,21,160.74,511.84,0.00
5,330.00,22,791.70,448.17,11.13
5,330.00,23,172.03,545.97,0.00
5,330.00,24,313.04,264.01,5.30
5,330.00,25,165.09,208.82,14.74
5,330.00,26,268.76,979.62,5.88
5,330.00,27,20.80,876.24,22.76
5,330.00,28,107.60,60.51,8.53
5,330.00,29,277.31,852.50,6.21
5,330.00,30,779.95,609.14,5.52
5,330.00,31,810.95,191.57,8.58
5,330.00,32,413.43,632.75,22.08
5,330.00,33,818.86,879.98,12.71
5,330.00,34,338.34,148.38,0.00
5,330.00,35,336.89,570.84,5.90
5,330.00,36,404.45,488.19,13.58
5,330.00,37,276.54,336.55,24.66
5,330.00,38,978.51,483.42,0.00
5,330.00,39,919.06,546.13,9.24
5,330.00,40,810.75,218.61,0.00
5,330.00,41,583.74,301.86,17.64
5,330.00,42,456.02,556.94,7.40
5,330.00,43,728.76,322.87,7.20
5,330.00,44,124.00,659.69,0.00
5,330.00,45,478.01,721.09,0.00
5,330.00,46,634.42,327.82,10.27
5,330.00,47,828.01,485.28,6.58
5,330.00,48,408.07,772.38,13.01
5,330.00,49,205.17,721.82,0.00
5,330.00,50,684.48,325.07,5.55
5,330.00,51,536.86,707.54,9.67
5,330.00,52,836.32,865.98,10.53
5,330.00,53,755.21,861.95,7.45
5,330.00,54,252.10,390.08,13.89
5,330.00,55,555.64,608.29,6.43
5,330.00,56,175.42,651.76,19.27
5,330.00,57,797.96,571.39,5.46
5,330.00,58,852.54,383.04,0.00
5,330.00,59,802.89,455.39,15.33
5,330.00,60,738.90,903.99,5.66
5,330.00,61,816.73,735.62,17.81
5,330.00,62,741.94,187.25,5.12
5,330.00,63,45.66,553.81,0.00
5,330.00,64,63.15,482.10,17.37
5,330.00,65,535.12,230.82,7.40
5,330.00,66,108.58,351.60,0.00
5,330.00,67,482.78,741.44,10.41
5,330.00,68,492.27,850.33,21.88
5,330.00,69,291.44,71.66,7.93
5,330.00,70,114.24,739.76,15.72
5,330.00,71,665.35,231.76,11.31
5,330.00,72,148.01,666.39,13.51
5,330.00,73,714.78,461.03,10.30
5,330.00,74,58.55,239.43,15.00
5,330.00,75,541.46,648.53,19.72
5,330.00,76,98.75,585.50,16.93
5,330.00,77,531.23,70.40,0.00
5,330.00,78,647.11,219.55,18.57
5,330.00,79,465.04,97.46,0.00
5,330.00,80,130.77,476.35,7.57
5,330.00,81,868.99,887.78,9.83
5,330.00,82,966.06,253.16,5.84
5,330.00,83,143.49,353.56,11.69
5,330.00,84,697.39,412.09,24.19
5,330.00,85,636.06,476.33,6.70
5,330.00,86,114.45,338.67,5.36
5,330.00,87,630.44,523.90,10.55
5,330.00,88,961.28,285.39,10.55
5,330.00,89,379.20,260.61,0.00
5,330.00,90,361.29,654.63,9.73
5,330.00,91,192.43,493.78,21.52
5,330.00,92,603.16,124.30,16.15
5,330.00,93,558.26,149.43,9.96
5,330.00,94,551.34,736.40,16.96
5,330.00,95,795.67,309.99,19.61
5,330.00,96,229.01,739.59,0.00
5,330.00,97,862.82,193.28,21.20
5,330.00,98,961.83,288.69,0.00
5,330.00,99,657.66,380.70,18.69
5,330.00,100,736.38,19.70,0.00
5,330.00,101,267.18,739.59,16.41
5,330.00,102,766.15,718.12,16.46
5,330.00,103,273.56,958.82,0.00
5,330.00,104,555.81,518.60,7.74
5,330.00,105,506.22,516.12,13.02
5,330.00,106,709.22,403.40,0.00
5,330.00,107,133.55,957.64,0.00
5,330.00,108,338.42,488.62,14.28
5,330.00,109,805.43,681.97,0.00
5,330.00,110,280.33,544.10,8.41
5,330.00,111,115.79,12.19,0.00
5,330.00,112,490.09,172.60,6.49
5,330.00,113,465.41,575.57,7.99
5,330.00,114,409.05,365.79,6.68
5,330.00,115,237.94,559.65,14.39
5,330.00,116,957.25,457.61,16.55
5,330.00,117,300.65,123.66,15.42
5,330.00,118,824.83,343.62,0.00
5,330.00,119,798.20,801.09,6.86
5,330.00,120,161.23,197.31,6.49
5,330.00,121,615.09,476.65,8.13
5,330.00,122,666.13,852.93,15.57
5,330.00,123,294.73,300.91,0.00
5,330.00,124,445.52,933.32,5.85
5,330.00,125,865.13,601.25,5.43
5,330.00,126,420.65,700.18,0.00
5,330.00,127,630.07,900.78,0.00
5,330.00,128,426.70,423.15,6.15
5,330.00,129,509.27,429.06,18.83
5,330.00,130,743.75,405.04,9.21
5,330.00,131,806.63,126.94,21.91
5,330.00,132,239.69,325.44,21.69
5,330.00,133,233.01,346.15,6.81
5,330.00,134,820.25,564.16,12.11
5,330.00,135,714.43,478.53,5.82
5,330.00,136,807.26,901.36,0.00
5,330.00,137,534.26,579.78,7.53
5,330.00,138,331.03,323.78,5.19
5,330.00,139,377.70,75.28,6.65
5,330.00,140,482.74,463.43,12.26
5,330.00,141,459.69,715.61,20.06
5,330.00,142,247.44,126.74,10.76
5,330.00,143,708.47,561.59,19.54
5,330.00,144,566.20,373.64,20.59
5,330.00,145,953.23,226.97,0.00
5,330.00,146,443.71,639.85,12.03
5,330.00,147,350.75,778.32,22.21
5,330.00,148,928.87,849.71,0.00
5,330.00,149,601.31,502.00,12.74
5,340.00,0,796.10,279.25,20.08
5,340.00,1,330.09,486.65,0.00
5,340.00,2,316.87,58.85,6.57
5,340.00,3,206.27,443.94,17.15
5,340.00,4,747.67,551.61,17.91
5,340.00,5,661.44,561.49,15.31
5,340.00,6,867.90,765.85,0.00
5,340.00,7,869.55,671.19,0.00
5,340.00,8,95.77,636.12,6.11
5,340.00,9,705.01,452.90,16.13
5,340.00,10,385.28,329.02,10.82
5,340.00,11,978.52,203.47,5.87
5,340.00,12,155.83,410.52,17.95
5,340.00,13,258.33,409.86,17.12
5,340.00,14,751.78,450.02,11.37
5,340.00,15,251.08,470.78,0.00
5,340.00,16,590.63,614.52,12.14
5,340.00,17,916.23,340.74,13.82
5,340.00,18,485.40,342.83,0.00
5,340.00,19,150.86,931.09,0.00
5,340.00,20,446.28,847.36,18.09
5,340.00,21,114.80,647.52,18.30
5,340.00,22,825.74,554.17,11.13
5,340.00,23,223.17,570.64,6.29
5,340.00,24,348.81,224.86,5.30
5,340.00,25,102.94,217.91,0.00
5,340.00,26,262.22,993.13,0.00
5,340.00,27,21.51,900.18,0.00
5,340.00,28,87.68,89.71,0.00
5,340.00,29,222.71,882.17,6.21
5,340.00,30,804.82,559.88,5.52
5,340.00,31,868.69,254.98,8.58
5,340.00,32,320.68,660.23,0.00
5,340.00,33,700.58,833.39,12.71
5,340.00,34,414.13,235.86,18.69
5,340.00,35,367.03,621.52,5.90
5,340.00,36,269.56,503.73,13.58
5,340.00,37,206.02,249.77,0.00
5,340.00,38,847.14,502.71,21.53
5,340.00,39,931.12,454.53,9.24
5,340.00,40,624.53,168.58,22.59
5,340.00,41,648.71,137.89,17.64
5,340.00,42,384.52,576.03,7.40
5,340.00,43,667.03,359.99,7.20
5,340.00,44,178.44,675.05,6.90
5,340.00,45,529.58,611.82,15.03
5,340.00,46,656.37,294.98,0.00
5,340.00,47,763.18,474.02,6.58
5,340.00,48,432.34,790.57,0.00
5,340.00,49,295.29,677.06,24.73
5,340.00,50,720.40,282.72,5.55
5,340.00,51,446.24,741.37,9.67
5,340.00,52,747.65,809.23,10.53
5,340.00,53,682.16,847.26,7.45
5,340.00,54,302.85,519.34,13.89
5,340.00,55,549.25,544.32,6.43
5,340.00,56,212.61,462.68,19.27
5,340.00,57,810.34,518.19,5.46
5,340.00,58,740.74,354.37,14.61
5,340.00,59,926.19,364.22,15.33
5,340.00,60,753.02,849.22,5.66
5,340.00,61,980.14,704.37,0.00
5,340.00,62,704.62,152.17,5.12
5,340.00,63,114.10,571.04,14.47
5,340.00,64,236.65,490.56,17.37
5,340.00,65,598.22,269.56,7.40
5,340.00,66,226.29,325.92,14.49
5,340.00,67,571.32,796.13,10.41
5,340.00,68,486.67,747.59,0.00
5,340.00,69,353.24,121.30,7.93
5,340.00,70,71.27,890.93,15.72
5,340.00,71,553.22,246.33,11.31
5,340.00,72,273.69,715.86,13.51
5,340.00,73,663.50,371.69,10.30
5,340.00,74,187.63,163.06,15.00
5,340.00,75,717.53,737.36,19.72
5,340.00,76,106.09,628.29,0.00
5,340.00,77,480.89,61.45,13.74
5,340.00,78,831.45,242.25,18.57
5,340.00,79,461.16,291.75,19.66
5,340.00,80,129.29,478.34,0.00
5,340.00,81,867.45,924.11,0.00
5,340.00,82,984.89,248.63,0.00
5,340.00,83,73.39,259.99,11.69
5,340.00,84,500.75,271.26,24.19
5,340.00,85,569.09,475.75,6.70
5,340.00,86,130.44,389.82,5.36
5,340.00,87,543.87,584.28,10.55
5,340.00,88,972.83,258.86,0.00
5,340.00,89,443.63,289.74,22.83
5,340.00,90,432.84,588.64,9.73
5,340.00,91,318.40,319.33,21.52
5,340.00,92,676.77,87.13,0.00
5,340.00,93,458.69,150.76,9.96
5,340.00,94,525.00,568.85,16.96
5,340.00,95,623.53,216.05,19.61
5,340.00,96,314.51,762.68,20.06
5,340.00,97,995.24,75.66,0.00
5,340.00,98,961.04,288.36,5.66
5,340.00,99,471.21,392.93,18.69
5,340.00,100,740.45,29.75,14.16
5,340.00,101,172.99,874.02,16.41
5,340.00,102,909.56,799.00,16.46
5,340.00,103,312.78,950.34,11.38
5,340.00,104,503.66,575.74,7.74
5,340.00,105,589.70,616.04,13.02
5,340.00,106,681.40,426.80,7.97
5,340.00,107,136.44,899.11,8.96
5,340.00,108,386.90,354.28,14.28
5,340.00,109,739.29,729.86,15.73
5,340.00,110,201.49,514.96,8.41
5,340.00,111,133.21,70.34,13.81
5,340.00,112,550.20,148.07,6.49
5,340.00,113,545.32,573.37,7.99
5,340.00,114,347.70,339.35,6.68
5,340.00,115,108.69,496.34,14.39
5,340.00,116,961.86,510.05,0.00
5,340.00,117,154.68,73.80,15.42
5,340.00,118,737.64,465.22,22.09
5,340.00,119,796.18,804.81,0.00
5,340.00,120,146.96,134.00,6.49
5,340.00,121,649.41,402.94,8.13
5,340.00,122,639.75,902.85,0.00
5,340.00,123,231.36,374.99,15.91
5,340.00,124,503.50,925.31,5.85
5,340.00,125,848.76,653.00,5.43
5,340.00,126,267.85,629.63,21.08
5,340.00,127,589.75,844.41,8.90
5,340.00,128,389.32,471.95,6.15
5,340.00,129,656.72,546.10,18.83
5,340.00,130,771.28,492.98,9.21
5,340.00,131,907.77,60.61,0.00
5,340.00,132,69.09,191.52,21.69
5,340.00,133,182.35,300.59,6.81
5,340.00,134,933.92,522.51,12.11
5,340.00,135,772.47,474.48,5.82
5,340.00,136,756.78,869.22,0.00
5,340.00,137,599.69,542.60,7.53
5,340.00,138,382.89,324.24,5.19
5,340.00,139,420.80,125.86,6.65
5,340.00,140,519.96,346.58,12.26
5,340.00,141,259.66,700.39,20.06
5,340.00,142,212.80,76.93,0.00
5,340.00,143,664.64,752.02,19.54
5,340.00,144,737.88,260.00,20.59
5,340.00,145,933.69,240.84,6.18
5,340.00,146,327.61,608.53,12.03
5,340.00,147,566.86,727.23,22.21
5,340.00,148,902.96,832.67,9.00
5,340.00,149,718.10,552.93,12.74
5,350.00,0,597.38,307.73,20.08
5,350.00,1,255.88,284.51,23.14
5,350.00,2,337.64,15.26,0.00
5,350.00,3,300.87,586.97,17.15
5,350.00,4,891.84,657.88,17.91
5,350.00,5,725.47,700.58,15.31
5,350.00,6,907.65,651.07,14.54
5,350.00,7,774.76,727.62,12.41
5,350.00,8,76.26,578.20,6.11
5,350.00,9,864.86,431.36,16.13
5,350.00,10,492.39,313.99,10.82
5,350.00,11,972.23,261.88,5.87
5,350.00,12,118.15,586.03,17.95
5,350.00,13,348.32,555.54,17.12
5,350.00,14,854.65,498.50,11.37
5,350.00,15,255.92,472.35,20.31
5,350.00,16,533.25,721.54,12.14
5,350.00,17,835.56,452.98,13.82
5,350.00,18,469.94,361.58,22.76
5,350.00,19,153.47,925.54,23.49
5,350.00,20,355.36,691.02,18.09
5,350.00,21,56.11,820.86,18.30
5,350.00,22,830.19,568.01,0.00
5,350.00,23,279.85,597.98,6.29
5,350.00,24,384.57,185.71,5.30
5,350.00,25,227.61,201.37,21.92
5,350.00,26,273.47,828.88,22.11
5,350.00,27,51.96,853.18,6.26
5,350.00,28,157.26,145.52,15.23
5,350.00,29,168.10,911.83,6.21
5,350.00,30,829.70,510.63,5.52
5,350.00,31,926.44,318.39,8.58
5,350.00,32,301.22,683.64,0.00
5,350.00,33,582.30,786.80,12.71
5,350.00,34,532.61,372.61,0.00
5,350.00,35,397.18,672.20,5.90
5,350.00,36,134.67,519.27,13.58
5,350.00,37,119.83,308.01,19.04
5,350.00,38,634.09,533.98,21.53
5,350.00,39,939.11,393.86,0.00
5,350.00,40,406.39,109.96,22.59
5,350.00,41,653.72,125.25,0.00
5,350.00,42,313.01,595.13,7.40
5,350.00,43,605.30,397.11,7.20
5,350.00,44,244.81,693.78,6.90
5,350.00,45,593.73,475.92,15.03
5,350.00,46,624.47,268.90,6.70
5,350.00,47,698.36,462.76,6.58
5,350.00,48,536.98,872.50,17.33
5,350.00,49,516.79,567.03,24.73
5,350.00,50,756.32,240.38,5.55
5,350.00,51,355.62,775.21,9.67
5,350.00,52,658.97,752.48,10.53
5,350.00,53,609.11,832.58,7.45
5,350.00,54,353.61,648.59,13.89
5,350.00,55,542.86,480.35,6.43
5,350.00,56,249.81,273.59,19.27
5,350.00,57,822.72,464.99,5.46
5,350.00,58,599.26,318.10,14.61
5,350.00,59,934.12,358.37,0.00
5,350.00,60,767.15,794.44,5.66
5,350.00,61,972.29,699.69,13.86
5,350.00,62,677.03,126.23,0.00
5,350.00,63,254.42,606.36,14.47
5,350.00,64,332.12,495.21,0.00
5,350.00,65,661.31,308.30,7.40
5,350.00,66,367.83,295.05,14.49
5,350.00,67,627.14,830.60,0.00
5,350.00,68,458.12,626.16,23.55
5,350.00,69,393.49,153.63,0.00
5,350.00,70,61.90,923.90,0.00
5,350.00,71,441.09,260.90,11.31
5,350.00,72,399.36,765.33,13.51
5,350.00,73,612.21,282.35,10.30
5,350.00,74,316.72,86.70,15.00
5,350.00,75,893.60,826.19,19.72
5,350.00,76,228.54,625.17,16.47
5,350.00,77,397.28,46.59,0.00
5,350.00,78,836.72,242.90,0.00
5,350.00,79,457.23,488.30,19.66
5,350.00,80,311.50,444.34,19.16
5,350.00,81,759.78,897.86,17.59
5,350.00,82,914.10,370.93,21.14
5,350.00,83,43.76,220.45,0.00
5,350.00,84,304.11,130.42,24.19
5,350.00,85,502.12,475.16,6.70
5,350.00,86,146.44,440.97,5.36
5,350.00,87,457.29,644.66,10.55
5,350.00,88,850.15,197.03,18.93
5,350.00,89,651.69,383.78,22.83
5,350.00,90,504.38,522.66,9.73
5,350.00,91,444.37,144.89,21.52
5,350.00,92,661.60,152.02,13.62
5,350.00,93,359.11,152.08,9.96
5,350.00,94,498.65,401.30,16.96
5,350.00,95,451.38,122.12,19.61
5,350.00,96,359.72,774.89,0.00
5,350.00,97,962.51,74.30,19.92
5,350.00,98,908.76,266.81,5.66
5,350.00,99,436.75,395.20,0.00
5,350.00,100,793.54,161.04,14.16
5,350.00,101,158.47,894.74,0.00
5,350.00,102,991.18,845.02,0.00
5,350.00,103,424.05,926.26,11.38
5,350.00,104,451.52,632.88,7.74
5,350.00,105,673.19,715.95,13.02
5,350.00,106,630.21,469.86,0.00
5,350.00,107,140.86,809.60,8.96
5,350.00,108,409.84,290.71,0.00
5,350.00,109,611.86,822.12,15.73
5,350.00,110,122.64,485.81,8.41
5,350.00,111,172.84,202.66,13.81
5,350.00,112,610.31,123.54,6.49
5,350.00,113,625.23,571.18,7.99
5,350.00,114,286.35,312.92,6.68
5,350.00,115,1.73,443.93,0.00
5,350.00,116,905.29,650.08,22.15
5,350.00,117,11.30,24.83,0.00
5,350.00,118,608.93,644.75,22.09
5,350.00,119,737.49,706.14,12.23
5,350.00,120,134.60,79.15,0.00
5,350.00,121,683.73,329.24,8.13
5,350.00,122,662.16,990.80,0.00
5,350.00,123,137.07,485.25,0.00
5,350.00,124,548.09,919.15,0.00
5,350.00,125,832.39,704.76,5.43
5,350.00,126,76.42,541.25,21.08
5,350.00,127,537.96,772.00,8.90
5,350.00,128,351.94,520.74,6.15
5,350.00,129,804.17,663.14,18.83
5,350.00,130,798.80,580.91,9.21
5,350.00,131,839.62,84.34,16.11
5,350.00,132,24.47,156.50,0.00
5,350.00,133,131.69,255.02,6.81
5,350.00,134,985.15,503.73,0.00
5,350.00,135,830.51,470.42,5.82
5,350.00,136,752.20,867.45,8.48
5,350.00,137,663.38,506.42,0.00
5,350.00,138,434.76,324.71,5.19
5,350.00,139,463.90,176.44,6.65
5,350.00,140,557.17,229.74,12.26
5,350.00,141,59.62,685.17,20.06
5,350.00,142,174.40,169.73,23.04
5,350.00,143,655.37,792.29,0.00
5,350.00,144,796.38,221.28,0.00
5,350.00,145,883.24,276.62,6.18
5,350.00,146,211.51,577.21,12.03
5,350.00,147,635.08,711.10,0.00
5,350.00,148,827.74,783.20,9.00
5,350.00,149,834.89,603.85,12.74
5,360.00,0,398.65,336.21,20.08
5,360.00,1,176.13,67.30,23.14
5,360.00,2,360.64,45.12,14.21
5,360.00,3,349.73,660.83,0.00
5,360.00,4,893.48,659.09,0.00
5,360.00,5,789.49,839.66,15.31
5,360.00,6,955.23,513.70,14.54
5,360.00,7,668.14,791.09,12.41
5,360.00,8,65.22,545.40,0.00
5,360.00,9,955.00,419.22,0.00
5,360.00,10,599.50,298.96,10.82
5,360.00,11,965.95,320.29,5.87
5,360.00,12,88.66,723.33,0.00
5,360.00,13,438.31,701.21,17.12
5,360.00,14,902.37,521.00,0.00
5,360.00,15,449.12,534.87,20.31
5,360.00,16,510.33,764.27,0.00
5,360.00,17,754.89,565.21,13.82
5,360.00,18,418.41,424.10,0.00
5,360.00,19,233.48,755.96,0.00
5,360.00,20,264.45,534.67,18.09
5,360.00,21,15.19,941.73,0.00
5,360.00,22,722.49,741.53,23.49
5,360.00,23,336.53,625.32,6.29
5,360.00,24,420.34,146.56,5.30
5,360.00,25,444.87,172.55,21.92
5,360.00,26,288.57,608.31,22.11
5,360.00,27,85.98,800.67,6.26
5,360.00,28,276.05,240.82,15.23
5,360.00,29,158.83,916.87,0.00
5,360.00,30,854.57,461.37,5.52
5,360.00,31,932.55,325.10,0.00
5,360.00,32,214.96,644.03,24.72
5,360.00,33,464.02,740.21,12.71
5,360.00,34,536.84,376.30,17.70
5,360.00,35,427.32,722.88,5.90
5,360.00,36,57.04,528.22,0.00
5,360.00,37,8.34,383.34,0.00
5,360.00,38,570.78,543.28,0.00
5,360.00,39,879.48,432.11,20.98
5,360.00,40,263.75,71.63,0.00
5,360.00,41,665.68,342.97,23.63
5,360.00,42,241.51,614.22,7.40
5,360.00,43,543.57,434.23,7.20
5,360.00,44,311.19,712.51,6.90
5,360.00,45,657.89,340.01,15.03
5,360.00,46,624.18,268.66,0.00
5,360.00,47,633.54,451.51,6.58
5,360.00,48,608.54,928.54,0.00
5,360.00,49,517.78,566.54,0.00
5,360.00,50,792.24,198.03,5.55
5,360.00,51,265.00,809.04,9.67
5,360.00,52,570.29,695.73,10.53
5,360.00,53,536.06,817.89,7.45
5,360.00,54,404.37,777.84,13.89
5,360.00,55,536.47,416.37,6.43
5,360.00,56,280.47,117.74,0.00
5,360.00,57,835.10,411.79,5.46
5,360.00,58,457.78,281.83,14.61
5,360.00,59,868.62,362.23,7.01
5,360.00,60,781.27,739.66,5.66
5,360.00,61,853.22,628.81,13.86
5,360.00,62,677.89,148.99,8.74
5,360.00,63,394.74,641.68,14.47
5,360.00,64,276.80,436.01,18.01
5,360.00,65,724.41,347.04,7.40
5,360.00,66,509.38,264.18,14.49
5,360.00,67,553.37,835.07,20.00
5,360.00,68,404.25,396.93,23.55
5,360.00,69,400.98,112.15,12.09
5,360.00,70,77.37,815.66,13.98
5,360.00,71,390.48,267.47,0.00
5,360.00,72,525.03,814.80,13.51
5,360.00,73,560.93,193.01,10.30
5,360.00,74,317.85,86.03,0.00
5,360.00,75,958.68,859.02,0.00
5,360.00,76,393.22,620.98,16.47
5,360.00,77,433.54,93.47,15.51
5,360.00,78,758.26,230.82,8.17
5,360.00,79,453.31,684.85,19.66
5,360.00,80,499.88,409.18,19.16
5,360.00,81,588.85,856.17,17.59
5,360.00,82,900.85,393.82,0.00
5,360.00,83,66.19,304.28,15.03
5,360.00,84,153.68,22.68,0.00
5,360.00,85,435.15,474.58,6.70
5,360.00,86,162.44,492.13,5.36
5,360.00,87,370.72,705.04,10.55
5,360.00,88,681.12,111.83,18.93
5,360.00,89,743.28,425.19,0.00
5,360.00,90,550.21,480.39,0.00
5,360.00,91,527.60,29.63,0.00
5,360.00,92,630.60,284.64,13.62
5,360.00,93,259.54,153.41,9.96
5,360.00,94,472.31,233.75,16.96
5,360.00,95,398.90,93.48,0.00
5,360.00,96,309.17,678.49,14.20
5,360.00,97,763.53,66.03,19.92
5,360.00,98,856.47,245.25,5.66
5,360.00,99,445.98,549.34,18.94
5,360.00,100,797.95,171.92,0.00
5,360.00,101,259.73,722.84,23.58
5,360.00,102,899.76,790.43,24.71
5,360.00,103,535.33,902.19,11.38
5,360.00,104,399.37,690.02,7.74
5,360.00,105,718.33,769.98,0.00
5,360.00,106,615.29,481.78,11.90
5,360.00,107,145.29,720.08,8.96
5,360.00,108,434.01,418.44,24.68
5,360.00,109,484.43,914.39,15.73
5,360.00,110,43.80,456.67,8.41
5,360.00,111,212.48,334.97,13.81
5,360.00,112,670.42,99.02,6.49
5,360.00,113,705.13,568.98,7.99
5,360.00,114,225.00,286.48,6.68
5,360.00,115,18.33,422.94,15.52
5,360.00,116,822.33,855.44,22.15
5,360.00,117,12.64,24.92,7.55
5,360.00,118,480.21,824.28,22.09
5,360.00,119,674.96,601.01,12.23
5,360.00,120,154.87,85.22,15.83
5,360.00,121,718.05,255.54,8.13
5,360.00,122,632.16,937.69,22.93
5,360.00,123,147.05,486.27,11.37
5,360.00,124,539.42,902.62,8.08
5,360.00,125,816.01,756.52,5.43
5,360.00,126,13.49,512.20,0.00
5,360.00,127,502.50,722.43,0.00
5,360.00,128,314.56,569.54,6.15
5,360.00,129,872.76,717.59,0.00
5,360.00,130,823.89,661.05,0.00
5,360.00,131,687.44,137.33,16.11
5,360.00,132,139.08,293.28,24.16
5,360.00,133,81.03,209.46,6.81
5,360.00,134,943.37,585.01,16.64
5,360.00,135,888.55,466.37,5.82
5,360.00,136,673.06,836.93,8.48
5,360.00,137,665.27,504.13,11.12
5,360.00,138,486.63,325.17,5.19
5,360.00,139,507.00,227.02,6.65
5,360.00,140,594.39,112.90,12.26
5,360.00,141,3.31,680.89,0.00
5,360.00,142,86.30,382.61,23.04
5,360.00,143,740.57,620.85,24.28
5,360.00,144,729.43,229.83,10.24
5,360.00,145,832.80,312.41,6.18
5,360.00,146,126.03,554.15,0.00
5,360.00,147,681.32,695.91,7.11
5,360.00,148,752.52,733.72,9.00
5,360.00,149,951.69,654.78,12.74
5,370.00,0,374.34,339.70,0.00
5,370.00,1,155.52,11.14,0.00
5,370.00,2,447.32,157.66,14.21
5,370.00,3,365.58,630.56,7.07
5,370.00,4,784.33,698.62,11.74
5,370.00,5,799.65,861.74,0.00
5,370.00,6,965.60,483.76,0.00
5,370.00,7,561.52,854.56,12.41
5,370.00,8,86.06,555.79,5.37
5,370.00,9,912.30,403.88,10.40
5,370.00,10,706.61,283.93,10.82
5,370.00,11,959.66,378.70,5.87
5,370.00,12,126.78,710.82,18.44
5,370.00,13,506.98,812.37,0.00
5,370.00,14,827.21,496.15,14.77
5,370.00,15,449.18,534.89,0.00
5,370.00,16,557.98,758.01,0.00
5,370.00,17,674.22,677.45,13.82
5,370.00,18,434.83,498.25,11.79
5,370.00,19,211.20,722.65,19.86
5,370.00,20,173.53,378.33,18.09
5,370.00,21,36.60,893.24,17.51
5,370.00,22,709.65,762.21,0.00
5,370.00,23,393.21,652.66,6.29
5,370.00,24,456.10,107.41,5.30
5,370.00,25,662.13,143.73,21.92
5,370.00,26,293.86,531.05,0.00
5,370.00,27,120.00,748.15,6.26
5,370.00,28,394.85,336.11,15.23
5,370.00,29,65.16,806.70,17.42
5,370.00,30,879.45,412.11,5.52
5,370.00,31,865.73,507.89,21.77
5,370.00,32,127.79,604.00,0.00
5,370.00,33,345.74,693.62,12.71
5,370.00,34,670.33,492.60,17.70
5,370.00,35,455.22,769.78,0.00
5,370.00,36,85.32,454.32,18.64
5,370.00,37,68.15,370.32,20.88
5,370.00,38,491.30,614.50,15.18
5,370.00,39,702.86,545.40,20.98
5,370.00,40,285.36,123.41,16.21
5,370.00,41,678.64,578.89,23.63
5,370.00,42,224.64,618.73,0.00
5,370.00,43,481.84,471.35,7.20
5,370.00,44,377.56,731.24,6.90
5,370.00,45,700.65,249.42,0.00
5,370.00,46,565.53,263.02,5.93
5,370.00,47,568.72,440.25,6.58
5,370.00,48,610.64,896.57,6.74
5,370.00,49,480.68,711.02,14.98
5,370.00,50,828.17,155.69,5.55
5,370.00,51,174.38,842.88,9.67
5,370.00,52,481.62,638.98,10.53
5,370.00,53,463.01,803.20,7.45
5,370.00,54,455.13,907.09,13.89
5,370.00,55,535.26,404.25,0.00
5,370.00,56,291.11,95.70,13.92
5,370.00,57,847.47,358.59,5.46
5,370.00,58,316.30,245.56,14.61
5,370.00,59,798.63,366.35,7.01
5,370.00,60,795.40,684.89,5.66
5,370.00,61,734.16,557.93,13.86
5,370.00,62,681.19,236.37,8.74
5,370.00,63,535.06,677.00,14.47
5,370.00,64,153.81,304.40,18.01
5,370.00,65,731.16,351.19,0.00
5,370.00,66,650.92,233.31,14.49
5,370.00,67,353.75,847.15,20.00
5,370.00,68,357.96,200.03,0.00
5,370.00,69,411.17,55.69,0.00
5,370.00,70,90.44,724.14,0.00
5,370.00,71,359.73,322.82,11.54
5,370.00,72,650.71,864.27,13.51
5,370.00,73,558.79,189.29,0.00
5,370.00,74,461.77,129.04,15.15
5,370.00,75,878.04,733.00,23.73
5,370.00,76,557.89,616.79,16.47
5,370.00,77,528.44,216.17,15.51
5,370.00,78,677.48,218.39,8.17
5,370.00,79,451.76,762.24,0.00
5,370.00,80,688.27,374.03,19.16
5,370.00,81,417.91,814.48,17.59
5,370.00,82,719.66,476.73,22.77
5,370.00,83,105.02,449.48,15.03
5,370.00,84,175.09,37.53,11.09
5,370.00,85,368.19,474.00,6.70
5,370.00,86,178.43,543.28,5.36
5,370.00,87,284.15,765.43,10.55
5,370.00,88,562.81,52.20,0.00
5,370.00,89,738.96,335.89,15.97
5,370.00,90,532.39,512.70,10.27
5,370.00,91,577.62,41.75,15.17
5,370.00,92,599.60,417.25,13.62
5,370.00,93,159.97,154.74,9.96
5,370.00,94,457.84,141.75,0.00
5,370.00,95,475.27,91.11,10.99
5,370.00,96,243.22,552.73,14.20
5,370.00,97,564.55,57.76,19.92
5,370.00,98,804.19,223.69,5.66
5,370.00,99,457.30,738.43,18.94
5,370.00,100,661.92,244.51,16.81
5,370.00,101,379.44,519.63,23.58
5,370.00,102,687.59,663.75,24.71
5,370.00,103,646.60,878.12,11.38
5,370.00,104,347.23,747.16,7.74
5,370.00,105,759.29,783.21,9.37
5,370.00,106,522.32,556.06,11.90
5,370.00,107,149.71,630.57,8.96
5,370.00,108,479.88,660.90,24.68
5,370.00,109,433.39,951.34,0.00
5,370.00,110,24.70,449.61,0.00
5,370.00,111,252.11,467.29,13.81
5,370.00,112,730.53,74.49,6.49
5,370.00,113,785.04,566.79,7.99
5,370.00,114,224.39,286.22,0.00
5,370.00,115,114.61,301.17,15.52
5,370.00,116,805.68,896.67,0.00
5,370.00,117,87.95,30.20,7.55
5,370.00,118,442.79,876.47,0.00
5,370.00,119,612.42,495.87,12.23
5,370.00,120,306.45,130.66,15.83
5,370.00,121,752.37,181.83,8.13
5,370.00,122,519.38,738.02,22.93
5,370.00,123,260.17,497.74,11.37
5,370.00,124,501.90,831.02,8.08
5,370.00,125,799.64,808.27,5.43
5,370.00,126,172.57,532.25,23.89
5,370.00,127,518.22,703.74,7.74
5,370.00,128,277.18,618.34,6.15
5,370.00,129,788.00,619.20,24.28
5,370.00,130,813.69,654.47,13.70
5,370.00,131,535.26,190.31,16.11
5,370.00,132,294.27,478.51,24.16
5,370.00,133,57.08,187.92,0.00
5,370.00,134,867.30,732.97,16.64
5,370.00,135,889.34,466.32,0.00
5,370.00,136,593.93,806.40,8.48
5,370.00,137,736.08,418.40,11.12
5,370.00,138,538.50,325.64,5.19
5,370.00,139,550.11,277.60,6.65
5,370.00,140,622.50,24.65,0.00
5,370.00,141,93.58,715.84,13.47
5,370.00,142,74.97,410.00,0.00
5,370.00,143,848.63,403.41,24.28
5,370.00,144,627.88,242.80,10.24
5,370.00,145,782.36,348.19,6.18
5,370.00,146,165.39,574.69,16.83
5,370.00,147,748.89,673.70,7.11
5,370.00,148,677.30,684.25,9.00
5,370.00,149,974.65,664.79,0.00
5,380.00,0,422.29,272.15,9.44
5,380.00,1,333.10,48.75,24.48
5,380.00,2,534.00,270.20,14.21
5,380.00,3,398.36,567.97,7.07
5,380.00,4,783.40,698.95,0.00
5,380.00,5,711.24,745.22,17.39
5,380.00,6,923.54,514.16,6.64
5,380.00,7,454.91,918.02,12.41
5,380.00,8,134.13,579.75,5.37
5,380.00,9,814.41,368.73,10.40
5,380.00,10,799.93,270.83,0.00
5,380.00,11,953.38,437.11,5.87
5,380.00,12,301.95,653.29,18.44
5,380.00,13,518.39,817.85,5.34
5,380.00,14,687.00,449.81,14.77
5,380.00,15,390.35,605.00,9.16
5,380.00,16,532.01,751.67,8.56
5,380.00,17,653.60,706.14,0.00
5,380.00,18,460.32,613.39,11.79
5,380.00,19,100.77,557.54,19.86
5,380.00,20,82.61,221.98,18.09
5,380.00,21,107.35,733.05,17.51
5,380.00,22,801.38,580.46,22.71
5,380.00,23,449.88,679.99,6.29
5,380.00,24,472.47,89.49,0.00
5,380.00,25,855.08,118.14,0.00
5,380.00,26,214.43,454.18,17.01
5,380.00,27,154.02,695.63,6.26
5,380.00,28,513.64,431.41,15.23
5,380.00,29,32.02,767.71,0.00
5,380.00,30,893.20,384.87,0.00
5,380.00,31,791.00,712.32,21.77
5,380.00,32,249.14,512.81,24.81
5,380.00,33,227.46,647.02,12.71
5,380.00,34,803.81,608.89,17.70
5,380.00,35,447.60,765.24,11.89
5,380.00,36,151.93,280.25,18.64
5,380.00,37,272.13,325.89,20.88
5,380.00,38,456.38,645.81,0.00
5,380.00,39,526.24,658.70,20.98
5,380.00,40,347.79,273.03,16.21
5,380.00,41,681.79,636.24,0.00
5,380.00,42,134.28,690.72,15.12
5,380.00,43,420.11,508.47,7.20
5,380.00,44,443.93,749.97,6.90
5,380.00,45,654.94,276.38,15.91
5,380.00,46,506.54,257.34,5.93
5,380.00,47,503.90,428.99,6.58
5,380.00,48,615.05,829.33,6.74
5,380.00,49,458.65,796.78,0.00
5,380.00,50,864.09,113.34,5.55
5,380.00,51,122.04,862.42,0.00
5,380.00,52,392.94,582.23,10.53
5,380.00,53,389.96,788.51,7.45
5,380.00,54,477.19,963.26,0.00
5,380.00,55,697.63,328.96,22.08
5,380.00,56,318.46,39.03,0.00
5,380.00,57,859.85,305.38,5.46
5,380.00,58,174.81,209.29,14.61
5,380.00,59,728.64,370.48,7.01
5,380.00,60,809.52,630.11,5.66
5,380.00,61,615.10,487.05,13.86
5,380.00,62,684.49,323.76,8.74
5,380.00,63,675.38,712.32,14.47
5,380.00,64,53.26,196.79,0.00
5,380.00,65,586.70,411.13,17.52
5,380.00,66,779.73,205.21,0.00
5,380.00,67,213.51,855.64,0.00
5,380.00,68,341.99,193.84,12.15
5,380.00,69,536.65,85.06,24.52
5,380.00,70,131.73,676.83,18.53
5,380.00,71,303.69,423.69,11.54
5,380.00,72,776.38,913.74,13.51
5,380.00,73,520.09,331.64,15.39
5,380.00,74,606.97,172.43,15.15
5,380.00,75,750.10,533.09,23.73
5,380.00,76,722.57,612.60,16.47
5,380.00,77,623.34,338.87,15.51
5,380.00,78,596.71,205.95,8.17
5,380.00,79,500.07,689.17,14.45
5,380.00,80,876.65,338.88,19.16
5,380.00,81,246.97,772.79,17.59
5,380.00,82,512.56,571.50,22.77
5,380.00,83,107.38,458.31,0.00
5,380.00,84,266.20,100.72,11.09
5,380.00,85,301.22,473.41,6.70
5,380.00,86,194.43,594.44,5.36
5,380.00,87,197.58,825.81,10.55
5,380.00,88,553.80,67.11,5.80
5,380.00,89,731.69,185.68,0.00
5,380.00,90,482.80,602.60,10.27
5,380.00,91,725.06,77.45,15.17
5,380.00,92,568.60,549.86,13.62
5,380.00,93,60.39,156.06,9.96
5,380.00,94,529.58,169.38,17.05
5,380.00,95,585.13,87.70,10.99
5,380.00,96,177.28,426.98,14.20
5,380.00,97,365.57,49.50,19.92
5,380.00,98,781.31,214.25,0.00
5,380.00,99,462.36,822.92,0.00
5,380.00,100,513.59,323.66,16.81
5,380.00,101,425.19,441.99,0.00
5,380.00,102,475.43,537.07,24.71
5,380.00,103,658.14,875.62,0.00
5,380.00,104,295.08,804.30,7.74
5,380.00,105,811.55,800.09,0.00
5,380.00,106,429.35,630.33,11.90
5,380.00,107,154.14,541.06,8.96
5,380.00,108,525.75,903.36,24.68
5,380.00,109,509.21,844.08,21.91
5,380.00,110,178.12,523.28,22.46
5,380.00,111,290.22,594.48,0.00
5,380.00,112,769.70,58.51,0.00
5,380.00,113,864.95,564.59,7.99
5,380.00,114,197.61,143.01,14.72
5,380.00,115,210.90,179.39,15.52
5,380.00,116,841.08,782.09,15.01
5,380.00,117,163.27,35.48,7.55
5,380.00,118,381.78,847.27,9.54
5,380.00,119,549.89,390.74,12.23
5,380.00,120,458.04,176.10,15.83
5,380.00,121,786.69,108.13,8.13
5,380.00,122,406.61,538.36,22.93
5,380.00,123,373.30,509.21,11.37
5,380.00,124,464.37,759.43,8.08
5,380.00,125,783.26,860.03,5.43
5,380.00,126,409.55,562.13,23.89
5,380.00,127,568.08,644.49,7.74
5,380.00,128,239.80,667.14,6.15
5,380.00,129,704.53,522.30,0.00
5,380.00,130,698.63,580.19,13.70
5,380.00,131,383.09,243.30,16.11
5,380.00,132,449.47,663.73,24.16
5,380.00,133,150.66,234.25,19.81
5,380.00,134,791.23,880.93,16.64
5,380.00,135,796.94,467.63,9.37
5,380.00,136,514.79,775.88,8.48
5,380.00,137,806.89,332.66,11.12
5,380.00,138,590.36,326.10,5.19
5,380.00,139,593.21,328.18,6.65
5,380.00,140,610.24,41.63,8.56
5,380.00,141,219.21,764.49,13.47
5,380.00,142,145.27,602.97,23.57
5,380.00,143,940.52,218.51,0.00
5,380.00,144,526.32,255.76,10.24
5,380.00,145,731.91,383.98,6.18
5,380.00,146,314.58,652.56,16.83
5,380.00,147,775.94,664.82,0.00
5,380.00,148,602.07,634.78,9.00
5,380.00,149,860.44,591.14,16.91
5,390.00,0,476.93,195.19,9.44
5,390.00,1,451.35,73.80,0.00
5,390.00,2,620.68,382.74,14.21
5,390.00,3,431.15,505.38,7.07
5,390.00,4,662.88,586.96,0.00
5,390.00,5,606.15,606.73,17.39
5,390.00,6,869.76,553.04,6.64
5,390.00,7,449.73,921.11,0.00
5,390.00,8,182.19,603.71,5.37
5,390.00,9,716.53,333.58,10.40
5,390.00,10,789.17,276.61,9.49
5,390.00,11,947.09,495.52,5.87
5,390.00,12,318.26,647.94,0.00
5,390.00,13,566.53,840.98,5.34
5,390.00,14,546.79,403.46,14.77
5,390.00,15,331.50,675.14,9.16
5,390.00,16,448.86,731.36,8.56
5,390.00,17,661.64,561.79,19.42
5,390.00,18,484.24,721.41,0.00
5,390.00,19,33.89,457.54,0.00
5,390.00,20,63.64,189.36,0.00
5,390.00,21,178.09,572.86,17.51
5,390.00,22,864.15,456.07,0.00
5,390.00,23,506.56,707.33,6.29
5,390.00,24,466.87,196.22,19.71
5,390.00,25,846.48,128.29,11.88
5,390.00,26,169.63,410.81,0.00
5,390.00,27,188.04,643.11,6.26
5,390.00,28,632.44,526.70,15.23
5,390.00,29,89.84,765.54,8.19
5,390.00,30,915.43,425.62,10.39
5,390.00,31,716.27,916.74,21.77
5,390.00,32,447.45,363.80,24.81
5,390.00,33,109.18,600.43,12.71
5,390.00,34,849.32,648.54,0.00
5,390.00,35,345.44,704.44,11.89
5,390.00,36,205.19,141.05,0.00
5,390.00,37,476.11,281.47,20.88
5,390.00,38,534.26,644.17,11.27
5,390.00,39,349.63,772.00,20.98
5,390.00,40,410.23,422.64,16.21
5,390.00,41,582.78,762.66,21.22
5,390.00,42,32.44,771.85,0.00
5,390.00,43,358.38,545.59,7.20
5,390.00,44,510.30,768.70,6.90
5,390.00,45,517.89,357.22,15.91
5,390.00,46,447.56,251.67,5.93
5,390.00,47,439.08,417.74,6.58
5,390.00,48,619.46,762.09,6.74
5,390.00,49,485.09,768.89,9.39
5,390.00,50,900.01,71.00,5.55
5,390.00,51,158.51,850.09,9.11
5,390.00,52,304.27,525.47,10.53
5,390.00,53,316.92,773.82,7.45
5,390.00,54,399.89,931.15,14.80
5,390.00,55,897.98,236.07,22.08
5,390.00,56,373.04,57.50,10.52
5,390.00,57,872.23,252.18,5.46
5,390.00,58,101.29,190.44,0.00
5,390.00,59,658.65,374.61,7.01
5,390.00,60,823.64,575.34,5.66
5,390.00,61,496.04,416.18,13.86
5,390.00,62,687.79,411.15,8.74
5,390.00,63,815.70,747.65,14.47
5,390.00,64,80.39,206.95,15.88
5,390.00,65,424.92,478.26,17.52
5,390.00,66,763.26,218.00,23.18
5,390.00,67,232.41,815.06,15.05
5,390.00,68,228.66,149.97,12.15
5,390.00,69,775.43,140.94,24.52
5,390.00,70,253.55,537.23,18.53
5,390.00,71,247.64,524.57,11.54
5,390.00,72,902.06,963.22,13.51
5,390.00,73,479.70,480.18,15.39
5,390.00,74,730.79,209.42,0.00
5,390.00,75,622.17,333.17,23.73
5,390.00,76,812.64,610.31,0.00
5,390.00,77,718.24,461.56,15.51
5,390.00,78,515.93,193.52,8.17
5,390.00,79,579.75,568.66,14.45
5,390.00,80,886.05,337.13,0.00
5,390.00,81,175.92,755.47,0.00
5,390.00,82,305.46,666.26,22.77
5,390.00,83,193.89,426.42,9.82
5,390.00,84,357.32,163.91,11.09
5,390.00,85,234.25,472.83,6.70
5,390.00,86,210.42,645.59,5.36
5,390.00,87,111.00,886.19,10.55
5,390.00,88,523.78,116.78,5.80
5,390.00,89,738.89,194.38,19.31
5,390.00,90,433.20,692.51,10.27
5,390.00,91,746.52,82.64,0.00
5,390.00,92,537.60,682.47,13.62
5,390.00,93,6.99,156.78,0.00
5,390.00,94,688.68,230.66,17.05
5,390.00,95,694.99,84.29,10.99
5,390.00,96,134.14,344.71,0.00
5,390.00,97,166.60,41.23,19.92
5,390.00,98,726.61,253.84,12.01
5,390.00,99,427.76,887.52,13.25
5,390.00,100,365.27,402.81,16.81
5,390.00,101,533.47,420.19,17.88
5,390.00,102,420.33,504.17,0.00
5,390.00,103,622.33,923.35,6.66
5,390.00,104,242.93,861.44,7.74
5,390.00,105,819.40,757.71,10.41
5,390.00,106,339.74,701.91,0.00
5,390.00,107,156.45,494.16,0.00
5,390.00,108,536.58,960.62,0.00
5,390.00,109,635.69,665.13,21.91
5,390.00,110,380.59,620.50,22.46
5,390.00,111,294.86,589.75,17.14
5,390.00,112,748.25,130.80,21.64
5,390.00,113,872.87,564.38,0.00
5,390.00,114,193.87,123.05,0.00
5,390.00,115,257.38,120.60,0.00
5,390.00,116,885.37,638.72,15.01
5,390.00,117,238.59,40.76,7.55
5,390.00,118,295.77,806.10,9.54
5,390.00,119,542.29,377.96,0.00
5,390.00,120,609.63,221.53,15.83
5,390.00,121,801.54,76.23,0.00
5,390.00,122,293.83,338.69,22.93
5,390.00,123,486.42,520.68,11.37
5,390.00,124,426.85,687.84,8.08
5,390.00,125,767.61,909.52,0.00
5,390.00,126,646.53,592.01,23.89
5,390.00,127,617.94,585.24,7.74
5,390.00,128,202.42,715.93,6.15
5,390.00,129,701.09,497.86,5.21
5,390.00,130,583.57,505.92,13.70
5,390.00,131,230.91,296.29,16.11
5,390.00,132,541.68,773.79,0.00
5,390.00,133,328.16,322.12,19.81
5,390.00,134,760.34,941.02,0.00
5,390.00,135,703.25,468.95,9.37
5,390.00,136,435.66,745.36,8.48
5,390.00,137,877.69,246.92,11.12
5,390.00,138,642.23,326.57,5.19
5,390.00,139,636.31,378.76,6.65
5,390.00,140,560.17,111.01,8.56
5,390.00,141,344.84,813.14,13.47
5,390.00,142,225.95,824.44,23.57
5,390.00,143,931.54,226.88,8.20
5,390.00,144,424.77,268.73,10.24
5,390.00,145,681.47,419.76,6.18
5,390.00,146,463.77,730.43,16.83
5,390.00,147,689.77,587.21,19.33
5,390.00,148,526.85,585.30,9.00
5,390.00,149,718.29,499.47,16.91
5,400.00,0,531.57,118.22,9.44
5,400.00,1,513.07,80.80,12.27
5,400.00,2,707.36,495.28,14.21
5,400.00,3,463.93,442.79,7.07
5,400.00,4,652.88,592.54,6.70
5,400.00,5,501.06,468.23,17.39
5,400.00,6,815.98,591.91,6.64
5,400.00,7,460.00,834.61,9.16
5,400.00,8,230.25,627.67,5.37
5,400.00,9,618.64,298.42,10.40
5,400.00,10,705.56,321.51,9.49
5,400.00,11,940.81,553.94,5.87
5,400.00,12,230.30,474.47,21.45
5,400.00,13,614.68,864.10,5.34
5,400.00,14,406.59,357.11,14.77
5,400.00,15,272.64,745.28,9.16
5,400.00,16,365.70,711.06,8.56
5,400.00,17,672.45,367.85,19.42
5,400.00,18,492.30,710.89,21.44
5,400.00,19,43.90,492.59,9.25
5,400.00,20,205.95,289.29,21.98
5,400.00,21,228.44,458.88,0.00
5,400.00,22,825.61,368.33,24.79
5,400.00,23,563.24,734.67,6.29
5,400.00,24,456.54,393.05,19.71
5,400.00,25,796.33,187.47,0.00
5,400.00,26,292.15,355.73,21.20
5,400.00,27,222.06,590.59,6.26
5,400.00,28,751.23,621.99,15.23
5,400.00,29,171.72,762.47,8.19
5,400.00,30,959.33,506.12,0.00
5,400.00,31,701.85,956.20,0.00
5,400.00,32,645.75,214.79,24.81
5,400.00,33,69.34,584.74,0.00
5,400.00,34,847.03,687.80,5.97
5,400.00,35,243.28,643.65,11.89
5,400.00,36,167.31,138.40,18.96
5,400.00,37,680.09,237.04,20.88
5,400.00,38,598.65,642.82,0.00
5,400.00,39,187.17,876.21,0.00
5,400.00,40,472.66,572.26,16.21
5,400.00,41,530.96,828.83,0.00
5,400.00,42,57.94,749.74,24.27
5,400.00,43,296.65,582.71,7.20
5,400.00,44,576.67,787.42,6.90
5,400.00,45,380.84,438.07,15.91
5,400.00,46,388.58,245.99,5.93
5,400.00,47,374.26,406.48,6.58
5,400.00,48,623.87,694.86,6.74
5,400.00,49,549.73,700.73,9.39
5,400.00,50,911.00,58.05,0.00
5,400.00,51,244.82,820.91,9.11
5,400.00,52,215.59,468.72,10.53
5,400.00,53,243.87,759.13,7.45
5,400.00,54,392.82,928.21,0.00
5,400.00,55,909.30,230.82,0.00
5,400.00,56,472.65,91.22,10.52
5,400.00,57,884.61,198.98,5.46
5,400.00,58,151.13,215.93,11.65
5,400.00,59,588.66,378.73,7.01
5,400.00,60,837.77,520.56,5.66
5,400.00,61,376.97,345.30,13.86
5,400.00,62,691.09,498.53,8.74
5,400.00,63,834.24,752.31,0.00
5,400.00,64,229.12,262.64,15.88
5,400.00,65,263.14,545.38,17.52
5,400.00,66,580.22,360.23,23.18
5,400.00,67,295.93,678.64,15.05
5,400.00,68,115.34,106.09,12.15
5,400.00,69,833.08,154.44,0.00
5,400.00,70,275.47,512.12,0.00
5,400.00,71,191.60,625.44,11.54
5,400.00,72,952.85,983.21,0.00
5,400.00,73,439.32,628.72,15.39
5,400.00,74,720.63,220.32,10.11
5,400.00,75,494.24,133.25,23.73
5,400.00,76,808.44,549.68,13.41
5,400.00,77,813.15,584.26,15.51
5,400.00,78,435.15,181.08,8.17
5,400.00,79,659.42,448.14,14.45
5,400.00,80,896.20,389.15,5.58
5,400.00,81,260.40,661.86,21.58
5,400.00,82,98.36,761.03,22.77
5,400.00,83,286.00,392.46,9.82
5,400.00,84,448.44,227.10,11.09
5,400.00,85,167.28,472.24,6.70
5,400.00,86,226.42,696.74,5.36
5,400.00,87,35.01,939.20,0.00
5,400.00,88,493.76,166.45,5.80
5,400.00,89,861.98,343.17,19.31
5,400.00,90,383.61,782.41,10.27
5,400.00,91,760.95,268.77,21.85
5,400.00,92,526.15,731.46,0.00
5,400.00,93,86.86,191.76,18.81
5,400.00,94,821.69,281.89,0.00
5,400.00,95,804.85,80.88,10.99
5,400.00,96,165.30,317.96,11.88
5,400.00,97,136.25,39.97,0.00
5,400.00,98,629.35,324.23,12.01
5,400.00,99,370.47,994.45,0.00
5,400.00,100,228.11,476.00,0.00
5,400.00,101,708.73,384.91,17.88
5,400.00,102,483.12,557.93,11.17
5,400.00,103,594.29,960.73,0.00
5,400.00,104,190.79,918.58,7.74
5,400.00,105,838.36,655.36,10.41
5,400.00,106,336.41,705.53,13.60
5,400.00,107,183.90,456.73,9.75
5,400.00,108,653.39,880.57,18.54
5,400.00,109,762.18,486.19,21.91
5,400.00,110,491.96,673.98,0.00
5,400.00,111,414.99,467.46,17.14
5,400.00,112,686.71,338.23,21.64
5,400.00,113,904.44,433.08,14.99
5,400.00,114,355.47,65.67,19.89
5,400.00,115,285.66,177.07,12.21
5,400.00,116,929.66,495.35,15.01
5,400.00,117,313.90,46.04,7.55
5,400.00,118,209.75,764.94,9.54
5,400.00,119,682.28,509.46,21.86
5,400.00,120,635.35,229.25,0.00
5,400.00,121,812.49,128.28,9.38
5,400.00,122,242.09,247.10,0.00
5,400.00,123,580.48,530.22,0.00
5,400.00,124,389.32,616.25,8.08
5,400.00,125,765.88,906.68,7.60
5,400.00,126,746.49,604.61,0.00
5,400.00,127,667.81,525.98,7.74
5,400.00,128,165.04,764.73,6.15
5,400.00,129,693.82,446.23,5.21
5,400.00,130,474.89,435.78,0.00
5,400.00,131,124.09,333.48,0.00
5,400.00,132,518.49,737.34,10.65
5,400.00,133,505.65,409.99,19.81
5,400.00,134,726.34,849.08,16.51
5,400.00,135,609.57,470.28,9.37
5,400.00,136,356.52,714.83,8.48
5,400.00,137,948.50,161.19,11.12
5,400.00,138,694.10,327.03,5.19
5,400.00,139,679.41,429.34,6.65
5,400.00,140,510.09,180.38,8.56
5,400.00,141,470.48,861.79,13.47
5,400.00,142,247.47,883.50,0.00
5,400.00,143,871.49,282.79,8.20
5,400.00,144,378.06,274.69,0.00
5,400.00,145,631.03,455.55,6.18
5,400.00,146,513.54,756.40,0.00
5,400.00,147,546.10,457.81,19.33
5,400.00,148,504.03,570.29,0.00
5,400.00,149,576.14,407.80,16.91
5,410.00,0,586.21,41.26,9.44
5,410.00,1,634.98,94.63,12.27
5,410.00,2,794.05,607.82,14.21
5,410.00,3,496.72,380.20,7.07
5,410.00,4,594.41,625.19,6.70
5,410.00,5,395.98,329.74,17.39
5,410.00,6,762.20,630.79,6.64
5,410.00,7,470.79,743.69,9.16
5,410.00,8,278.32,651.62,5.37
5,410.00,9,520.75,263.27,10.40
5,410.00,10,621.95,366.41,9.49
5,410.00,11,939.57,565.41,0.00
5,410.00,12,133.31,283.18,21.45
5,410.00,13,662.82,887.23,5.34
5,410.00,14,266.38,310.77,14.77
5,410.00,15,213.79,815.42,9.16
5,410.00,16,282.55,690.75,8.56
5,410.00,17,683.26,173.92,19.42
5,410.00,18,622.71,540.74,21.44
5,410.00,19,67.61,575.58,0.00
5,410.00,20,346.88,388.24,0.00
5,410.00,21,258.41,432.31,13.89
5,410.00,22,794.02,296.41,0.00
5,410.00,23,619.92,762.01,6.29
5,410.00,24,446.21,589.87,19.71
5,410.00,25,738.52,190.07,16.66
5,410.00,26,485.53,268.77,21.20
5,410.00,27,256.08,538.07,6.26
5,410.00,28,870.03,717.29,15.23
5,410.00,29,253.61,759.39,8.19
5,410.00,30,955.70,528.19,19.07
5,410.00,31,640.88,894.15,10.78
5,410.00,32,844.05,65.77,24.81
5,410.00,33,160.98,527.43,16.30
5,410.00,34,843.54,747.37,5.97
5,410.00,35,141.12,582.85,11.89
5,410.00,36,35.03,129.17,0.00
5,410.00,37,841.80,201.82,0.00
5,410.00,38,508.62,684.64,23.16
5,410.00,39,202.48,865.97,22.96
5,410.00,40,535.09,721.87,16.21
5,410.00,41,487.08,837.99,7.42
5,410.00,42,241.34,590.72,24.27
5,410.00,43,234.93,619.83,7.20
5,410.00,44,643.05,806.15,6.90
5,410.00,45,243.78,518.91,15.91
5,410.00,46,386.04,245.75,0.00
5,410.00,47,309.43,395.23,6.58
5,410.00,48,628.28,627.62,6.74
5,410.00,49,614.37,632.56,9.39
5,410.00,50,831.26,164.06,19.11
5,410.00,51,331.13,791.74,9.11
5,410.00,52,126.91,411.97,10.53
5,410.00,53,231.76,756.70,0.00
5,410.00,54,471.88,893.92,9.09
5,410.00,55,873.37,267.82,5.47
5,410.00,56,572.26,124.94,10.52
5,410.00,57,896.98,145.78,5.46
5,410.00,58,254.89,268.99,11.65
5,410.00,59,518.67,382.86,7.01
5,410.00,60,851.89,465.79,5.66
5,410.00,61,257.91,274.42,13.86
5,410.00,62,694.39,585.92,8.74
5,410.00,63,704.03,840.41,0.00
5,410.00,64,377.84,318.32,15.88
5,410.00,65,101.35,612.51,17.52
5,410.00,66,397.17,502.45,23.18
5,410.00,67,359.46,542.23,15.05
5,410.00,68,69.67,88.40,0.00
5,410.00,69,771.12,145.49,8.25
5,410.00,70,254.87,411.18,12.56
5,410.00,71,167.20,669.35,0.00
5,410.00,72,932.60,928.25,9.83
5,410.00,73,398.93,777.26,15.39
5,410.00,74,651.64,294.29,10.11
5,410.00,75,468.48,92.99,0.00
5,410.00,76,799.16,415.85,13.41
5,410.00,77,908.05,706.95,15.51
5,410.00,78,354.38,168.65,8.17
5,410.00,79,730.62,340.46,0.00
5,410.00,80,906.88,443.90,5.58
5,410.00,81,404.98,501.67,21.58
5,410.00,82,61.63,777.84,0.00
5,410.00,83,378.11,358.50,9.82
5,410.00,84,539.55,290.29,11.09
5,410.00,85,160.64,472.19,0.00
5,410.00,86,242.41,747.90,5.36
5,410.00,87,42.68,927.71,11.31
5,410.00,88,463.74,216.13,5.80
5,410.00,89,965.76,468.61,0.00
5,410.00,90,334.02,872.31,10.27
5,410.00,91,777.85,486.59,21.85
5,410.00,92,564.68,666.28,12.01
5,410.00,93,259.11,267.22,18.81
5,410.00,94,790.97,278.56,18.85
5,410.00,95,824.89,80.26,0.00
5,410.00,96,255.43,240.62,11.88
5,410.00,97,202.83,69.53,8.60
5,410.00,98,532.09,394.61,12.01
5,410.00,99,379.53,985.60,15.04
5,410.00,100,235.48,461.04,22.15
5,410.00,101,875.31,351.38,0.00
5,410.00,102,567.93,630.55,11.17
5,410.00,103,587.55,899.19,20.77
5,410.00,104,190.15,919.28,0.00
5,410.00,105,857.32,553.00,10.41
5,410.00,106,244.20,805.53,13.60
5,410.00,107,241.55,378.11,9.75
5,410.00,108,806.31,775.77,18.54
5,410.00,109,818.14,407.01,0.00
5,410.00,110,487.57,582.47,20.36
5,410.00,111,535.11,345.17,17.14
5,410.00,112,625.17,545.67,21.64
5,410.00,113,935.22,305.12,0.00
5,410.00,114,435.45,37.27,0.00
5,410.00,115,340.35,286.26,12.21
5,410.00,116,973.95,351.99,15.01
5,410.00,117,389.22,51.32,7.55
5,410.00,118,123.74,723.77,9.54
5,410.00,119,841.64,659.13,21.86
5,410.00,120,649.47,321.98,11.30
5,410.00,121,831.79,220.08,9.38
5,410.00,122,273.16,199.46,10.51
5,410.00,123,550.06,517.65,19.53
5,410.00,124,351.79,544.66,8.08
5,410.00,125,726.41,841.74,7.60
5,410.00,126,693.92,595.41,9.23
5,410.00,127,717.67,466.73,7.74
5,410.00,128,127.66,813.53,6.15
5,410.00,129,686.54,394.60,5.21
5,410.00,130,463.58,438.10,20.81
5,410.00,131,138.71,338.55,5.19
5,410.00,132,461.32,647.51,10.65
5,410.00,133,683.14,497.86,19.81
5,410.00,134,669.10,694.26,16.51
5,410.00,135,515.89,471.60,9.37
5,410.00,136,279.35,685.07,0.00
5,410.00,137,962.29,144.48,0.00
5,410.00,138,745.96,327.49,5.19
5,410.00,139,722.51,479.92,6.65
5,410.00,140,460.02,249.76,8.56
5,410.00,141,596.11,910.44,13.47
5,410.00,142,358.09,768.84,21.73
5,410.00,143,811.44,338.70,8.20
5,410.00,144,350.68,290.17,5.82
5,410.00,145,580.58,491.33,6.18
5,410.00,146,469.93,616.97,21.92
5,410.00,147,402.44,328.41,19.33
5,410.00,148,457.70,631.62,11.03
5,410.00,149,433.98,316.12,16.91
5,420.00,0,612.38,4.40,0.00
5,420.00,1,756.89,108.45,12.27
5,420.00,2,880.73,720.35,14.21
5,420.00,3,529.50,317.61,7.07
5,420.00,4,535.94,657.83,6.70
5,420.00,5,290.89,191.24,17.39
5,420.00,6,708.42,669.67,6.64
5,420.00,7,481.58,652.78,9.16
5,420.00,8,326.38,675.58,5.37
5,420.00,9,422.86,228.11,10.40
5,420.00,10,538.34,411.30,9.49
5,420.00,11,867.02,608.26,10.49
5,420.00,12,126.41,269.57,0.00
5,420.00,13,710.97,910.36,5.34
5,420.00,14,126.17,264.42,14.77
5,420.00,15,207.00,823.51,0.00
5,420.00,16,199.40,670.45,8.56
5,420.00,17,689.61,59.98,0.00
5,420.00,18,624.50,538.41,0.00
5,420.00,19,66.88,580.40,7.32
5,420.00,20,359.42,360.50,14.06
5,420.00,21,362.33,340.18,13.89
5,420.00,22,739.02,330.85,9.50
5,420.00,23,676.60,789.35,6.29
5,420.00,24,438.02,745.89,0.00
5,420.00,25,589.30,196.78,0.00
5,420.00,26,678.92,181.82,21.20
5,420.00,27,290.11,485.55,6.26
5,420.00,28,951.12,782.33,0.00
5,420.00,29,335.49,756.32,8.19
5,420.00,30,924.79,716.32,19.07
5,420.00,31,565.33,817.25,10.78
5,420.00,32,846.81,63.70,0.00
5,420.00,33,299.18,441.00,16.30
5,420.00,34,840.06,806.94,5.97
5,420.00,35,71.27,541.28,0.00
5,420.00,36,102.62,144.73,23.08
5,420.00,37,820.23,231.49,17.70
5,420.00,38,298.59,782.21,23.16
5,420.00,39,393.30,738.33,22.96
5,420.00,40,597.53,871.49,16.21
5,420.00,41,414.42,853.16,7.42
5,420.00,42,424.74,431.70,24.27
5,420.00,43,173.20,656.95,7.20
5,420.00,44,709.42,824.88,6.90
5,420.00,45,196.34,546.90,0.00
5,420.00,46,386.95,452.97,21.66
5,420.00,47,244.61,383.97,6.58
5,420.00,48,632.69,560.38,6.74
5,420.00,49,679.01,564.39,9.39
5,420.00,50,716.40,316.80,19.11
5,420.00,51,417.44,762.56,9.11
5,420.00,52,38.24,355.22,10.53
5,420.00,53,304.54,832.31,12.58
5,420.00,54,555.26,857.75,9.09
5,420.00,55,835.28,307.05,5.47
5,420.00,56,671.87,158.65,10.52
5,420.00,57,909.36,92.58,5.46
5,420.00,58,358.65,322.04,11.65
5,420.00,59,448.68,386.98,7.01
5,420.00,60,866.02,411.01,5.66
5,420.00,61,138.85,203.54,13.86
5,420.00,62,697.69,673.31,8.74
5,420.00,63,737.20,838.91,20.00
5,420.00,64,526.57,374.01,15.88
5,420.00,65,23.60,644.78,0.00
5,420.00,66,214.12,644.67,23.18
5,420.00,67,422.98,405.82,15.05
5,420.00,68,128.00,184.30,18.80
5,420.00,69,689.45,133.70,8.25
5,420.00,70,229.76,288.10,12.56
5,420.00,71,188.42,776.73,19.38
5,420.00,72,898.62,836.02,9.83
5,420.00,73,365.47,900.32,0.00
5,420.00,74,582.66,368.26,10.11
5,420.00,75,546.98,260.82,23.20
5,420.00,76,789.89,282.02,13.41
5,420.00,77,926.20,730.42,0.00
5,420.00,78,283.25,157.70,0.00
5,420.00,79,738.47,342.70,7.67
5,420.00,80,917.55,498.65,5.58
5,420.00,81,549.55,341.49,21.58
5,420.00,82,96.02,720.49,8.13
5,420.00,83,470.23,324.54,9.82
5,420.00,84,630.67,353.48,11.09
5,420.00,85,208.41,328.81,16.78
5,420.00,86,256.61,793.29,0.00
5,420.00,87,105.50,833.69,11.31
5,420.00,88,433.72,265.80,5.80
5,420.00,89,951.81,470.18,8.95
5,420.00,90,284.43,962.21,10.27
5,420.00,91,789.40,635.47,0.00
5,420.00,92,625.78,562.91,12.01
5,420.00,93,431.37,342.67,18.81
5,420.00,94,603.57,258.23,18.85
5,420.00,95,849.46,220.79,17.45
5,420.00,96,329.11,177.40,0.00
5,420.00,97,281.39,104.40,8.60
5,420.00,98,434.82,465.00,12.01
5,420.00,99,487.13,880.47,15.04
5,420.00,100,333.36,262.32,22.15
5,420.00,101,868.73,349.68,13.75
5,420.00,102,652.74,703.17,11.17
5,420.00,103,564.92,692.71,20.77
5,420.00,104,209.78,822.90,9.96
5,420.00,105,876.29,450.65,10.41
5,420.00,106,219.64,832.18,0.00
5,420.00,107,299.21,299.49,9.75
5,420.00,108,942.01,682.78,0.00
5,420.00,109,873.41,527.30,23.75
5,420.00,110,477.80,379.07,20.36
5,420.00,111,655.23,222.88,17.14
5,420.00,112,572.59,722.90,0.00
5,420.00,113,920.99,322.23,18.25
5,420.00,114,449.73,76.62,7.30
5,420.00,115,395.03,395.44,12.21
5,420.00,116,974.81,349.21,0.00
5,420.00,117,464.54,56.60,7.55
5,420.00,118,58.64,692.61,0.00
5,420.00,119,992.68,800.99,0.00
5,420.00,120,666.47,433.68,11.30
5,420.00,121,851.09,311.87,9.38
5,420.00,122,330.55,111.45,10.51
5,420.00,123,369.53,443.08,19.53
5,420.00,124,318.17,480.52,0.00
5,420.00,125,686.94,776.81,7.60
5,420.00,126,603.00,579.51,9.23
5,420.00,127,767.53,407.47,7.74
5,420.00,128,90.28,862.33,6.15
5,420.00,129,679.27,342.96,5.21
5,420.00,130,259.79,480.04,20.81
5,420.00,131,187.79,355.56,5.19
5,420.00,132,404.16,557.69,10.65
5,420.00,133,703.50,507.95,0.00
5,420.00,134,611.86,539.44,16.51
5,420.00,135,422.21,472.93,9.37
5,420.00,136,279.38,681.12,15.88
5,420.00,137,827.37,189.35,17.66
5,420.00,138,797.83,327.96,5.19
5,420.00,139,765.61,530.50,6.65
5,420.00,140,409.95,319.13,8.56
5,420.00,141,671.89,939.78,0.00
5,420.00,142,508.94,612.49,21.73
5,420.00,143,751.39,394.62,8.20
5,420.00,144,300.00,318.82,5.82
5,420.00,145,530.14,527.12,6.18
5,420.00,146,404.49,407.74,21.92
5,420.00,147,258.78,199.01,19.33
5,420.00,148,391.20,719.65,11.03
5,420.00,149,291.83,224.45,16.91
5,430.00,0,600.50,58.21,10.57
5,430.00,1,767.62,109.67,0.00
5,430.00,2,938.90,795.88,0.00
5,430.00,3,546.86,284.47,0.00
5,430.00,4,477.47,690.48,6.70
5,430.00,5,185.80,52.75,17.39
5,430.00,6,654.64,708.54,6.64
5,430.00,7,492.37,561.87,9.16
5,430.00,8,374.44,699.54,5.37
5,430.00,9,324.97,192.96,10.40
5,430.00,10,454.72,456.20,9.49
5,430.00,11,776.72,661.58,10.49
5,430.00,12,338.95,350.71,24.49
5,430.00,13,759.12,933.49,5.34
5,430.00,14,16.83,228.28,0.00
5,430.00,15,258.64,787.52,7.12
5,430.00,16,116.24,650.14,8.56
5,430.00,17,651.08,142.98,22.18
5,430.00,18,492.51,657.62,18.03
5,430.00,19,55.83,652.80,7.32
5,430.00,20,366.59,344.64,0.00
5,430.00,21,466.24,248.05,13.89
5,430.00,22,658.51,381.27,9.50
5,430.00,23,733.28,816.69,6.29
5,430.00,24,437.87,762.21,7.87
5,430.00,25,588.24,202.62,5.74
5,430.00,26,704.58,170.28,0.00
5,430.00,27,324.13,433.03,6.26
5,430.00,28,898.93,793.02,16.78
5,430.00,29,417.37,753.25,8.19
5,430.00,30,893.88,904.45,19.07
5,430.00,31,489.77,740.36,10.78
5,430.00,32,680.29,46.03,16.98
5,430.00,33,437.37,354.57,16.30
5,430.00,34,836.58,866.50,5.97
5,430.00,35,78.33,505.01,11.68
5,430.00,36,327.49,196.52,23.08
5,430.00,37,716.10,374.64,17.70
5,430.00,38,88.55,879.78,23.16
5,430.00,39,584.12,610.69,22.96
5,430.00,40,631.70,953.37,0.00
5,430.00,41,341.76,868.34,7.42
5,430.00,42,608.14,272.67,24.27
5,430.00,43,152.27,669.53,0.00
5,430.00,44,775.79,843.61,6.90
5,430.00,45,287.65,486.67,16.73
5,430.00,46,387.42,560.19,0.00
5,430.00,47,179.79,372.71,6.58
5,430.00,48,637.10,493.14,6.74
5,430.00,49,743.64,496.22,9.39
5,430.00,50,601.54,469.53,19.11
5,430.00,51,503.75,733.38,9.11
5,430.00,52,10.68,337.59,0.00
5,430.00,53,374.55,905.04,0.00
5,430.00,54,638.64,821.58,9.09
5,430.00,55,797.20,346.27,5.47
5,430.00,56,771.48,192.37,10.52
5,430.00,57,921.74,39.38,5.46
5,430.00,58,462.40,375.10,11.65
5,430.00,59,378.68,391.11,7.01
5,430.00,60,880.14,356.24,5.66
5,430.00,61,112.76,188.01,0.00
5,430.00,62,700.99,760.69,8.74
5,430.00,63,936.99,829.85,20.00
5,430.00,64,529.27,375.02,0.00
5,430.00,65,68.02,658.23,8.94
5,430.00,66,31.07,786.90,23.18
5,430.00,67,486.50,269.40,15.05
5,430.00,68,225.70,344.93,18.80
5,430.00,69,607.77,121.90,8.25
5,430.00,70,204.65,165.03,12.56
5,430.00,71,212.51,898.58,0.00
5,430.00,72,864.64,743.79,9.83
5,430.00,73,368.60,881.78,10.96
5,430.00,74,513.67,442.23,10.11
5,430.00,75,645.27,470.95,23.20
5,430.00,76,780.62,148.19,13.41
5,430.00,77,789.09,691.22,17.63
5,430.00,78,305.97,170.80,21.97
5,430.00,79,812.25,363.76,7.67
5,430.00,80,928.23,553.41,5.58
5,430.00,81,694.13,181.30,21.58
5,430.00,82,137.82,650.79,8.13
5,430.00,83,482.46,320.03,0.00
5,430.00,84,721.78,416.68,11.09
5,430.00,85,250.62,202.12,0.00
5,430.00,86,268.44,778.17,17.05
5,430.00,87,168.32,739.66,11.31
5,430.00,88,403.70,315.48,5.80
5,430.00,89,862.84,480.18,8.95
5,430.00,90,280.06,970.14,0.00
5,430.00,91,828.93,677.33,18.19
5,430.00,92,677.23,475.87,0.00
5,430.00,93,603.62,418.13,18.81
5,430.00,94,583.83,256.08,0.00
5,430.00,95,879.51,392.67,17.45
5,430.00,96,350.10,174.72,11.60
5,430.00,97,359.95,139.28,8.60
5,430.00,98,337.56,535.39,12.01
5,430.00,99,594.73,775.34,15.04
5,430.00,100,356.07,216.21,0.00
5,430.00,101,735.58,315.36,13.75
5,430.00,102,737.55,775.79,11.17
5,430.00,103,544.42,505.71,0.00
5,430.00,104,229.64,725.33,9.96
5,430.00,105,895.25,348.30,10.41
5,430.00,106,305.73,833.67,11.74
5,430.00,107,356.86,220.87,9.75
5,430.00,108,928.75,672.89,14.69
5,430.00,109,955.82,706.67,0.00
5,430.00,110,473.27,284.67,0.00
5,430.00,111,775.36,100.58,17.14
5,430.00,112,598.82,729.38,18.56
5,430.00,113,804.33,462.56,18.25
5,430.00,114,474.64,145.24,7.30
5,430.00,115,449.71,504.63,12.21
5,430.00,116,892.10,432.21,11.95
5,430.00,117,539.86,61.87,7.55
5,430.00,118,94.73,703.05,15.45
5,430.00,119,990.07,800.05,5.31
5,430.00,120,683.47,545.37,11.30
5,430.00,121,870.39,403.66,9.38
5,430.00,122,361.27,64.35,0.00
5,430.00,123,189.01,368.50,19.53
5,430.00,124,333.90,492.39,18.92
5,430.00,125,647.46,711.87,7.60
5,430.00,126,512.09,563.61,9.23
5,430.00,127,793.59,376.51,0.00
5,430.00,128,52.90,911.12,6.15
5,430.00,129,672.00,291.33,5.21
5,430.00,130,211.74,489.93,0.00
5,430.00,131,236.86,372.57,5.19
5,430.00,132,346.99,467.86,10.65
5,430.00,133,855.19,651.00,0.00
5,430.00,134,554.62,384.63,16.51
5,430.00,135,328.52,474.25,9.37
5,430.00,136,280.57,522.31,15.88
5,430.00,137,659.80,245.08,17.66
5,430.00,138,849.70,328.42,5.19
5,430.00,139,808.71,581.08,6.65
5,430.00,140,359.88,388.51,8.56
5,430.00,141,700.85,852.43,23.19
5,430.00,142,539.17,581.16,0.00
5,430.00,143,691.34,450.53,8.20
5,430.00,144,249.32,347.47,5.82
5,430.00,145,479.70,562.90,6.18
5,430.00,146,339.06,198.52,21.92
5,430.00,147,115.11,69.62,19.33
5,430.00,148,324.70,807.68,11.03
5,430.00,149,235.30,187.99,0.00
5,440.00,0,577.71,161.44,10.57
5,440.00,1,786.39,207.90,10.97
5,440.00,2,896.43,779.09,13.88
5,440.00,3,604.97,269.21,12.77
5,440.00,4,419.00,723.12,6.70
5,440.00,5,160.25,19.07,0.00
5,440.00,6,600.85,747.42,6.64
5,440.00,7,503.16,470.95,9.16
5,440.00,8,422.51,723.49,5.37
5,440.00,9,227.09,157.80,10.40
5,440.00,10,390.63,490.62,0.00
5,440.00,11,686.42,714.90,10.49
5,440.00,12,567.78,438.06,24.49
5,440.00,13,807.26,956.62,5.34
5,440.00,14,18.61,257.43,13.26
5,440.00,15,317.03,746.83,7.12
5,440.00,16,98.96,645.93,0.00
5,440.00,17,625.17,198.80,0.00
5,440.00,18,358.68,778.50,18.03
5,440.00,19,44.78,725.21,7.32
5,440.00,20,255.94,233.23,17.92
5,440.00,21,507.82,211.19,0.00
5,440.00,22,578.00,431.68,9.50
5,440.00,23,789.95,844.03,6.29
5,440.00,24,437.11,840.95,7.87
5,440.00,25,577.93,259.05,5.74
5,440.00,26,655.49,190.56,6.12
5,440.00,27,358.15,380.51,6.26
5,440.00,28,734.54,826.67,16.78
5,440.00,29,499.25,750.17,8.19
5,440.00,30,890.55,924.71,0.00
5,440.00,31,414.22,663.46,10.78
5,440.00,32,596.37,37.12,0.00
5,440.00,33,575.57,268.15,16.30
5,440.00,34,835.12,891.54,0.00
5,440.00,35,100.67,390.33,11.68
5,440.00,36,552.36,248.31,23.08
5,440.00,37,611.97,517.80,17.70
5,440.00,38,24.59,909.49,0.00
5,440.00,39,774.94,483.05,22.96
5,440.00,40,616.65,885.78,15.29
5,440.00,41,269.10,883.51,7.42
5,440.00,42,732.81,164.57,0.00
5,440.00,43,181.07,689.50,5.30
5,440.00,44,842.16,862.34,6.90
5,440.00,45,427.31,394.55,16.73
5,440.00,46,484.59,627.79,23.44
5,440.00,47,114.97,361.46,6.58
5,440.00,48,641.51,425.91,6.74
5,440.00,49,808.28,428.06,9.39
5,440.00,50,486.68,622.26,19.11
5,440.00,51,590.07,704.20,9.11
5,440.00,52,70.92,383.60,11.00
5,440.00,53,420.15,903.02,23.11
5,440.00,54,722.03,785.41,9.09
5,440.00,55,759.11,385.50,5.47
5,440.00,56,871.09,226.09,10.52
5,440.00,57,929.93,4.16,0.00
5,440.00,58,541.06,415.32,0.00
5,440.00,59,308.69,395.24,7.01
5,440.00,60,894.27,301.46,5.66
5,440.00,61,246.59,134.32,18.47
5,440.00,62,702.82,809.20,0.00
5,440.00,63,996.29,827.17,0.00
5,440.00,64,502.89,422.53,5.53
5,440.00,65,153.55,684.12,8.94
5,440.00,66,2.79,808.87,0.00
5,440.00,67,496.53,247.86,0.00
5,440.00,68,323.40,505.56,18.80
5,440.00,69,526.10,110.11,8.25
5,440.00,70,199.57,140.13,0.00
5,440.00,71,217.21,851.29,13.23
5,440.00,72,846.51,694.57,0.00
5,440.00,73,386.86,773.71,10.96
5,440.00,74,444.68,516.20,10.11
5,440.00,75,699.87,587.68,0.00
5,440.00,76,775.98,81.26,0.00
5,440.00,77,619.56,642.74,17.63
5,440.00,78,496.29,280.49,21.97
5,440.00,79,886.03,384.82,7.67
5,440.00,80,938.91,608.16,5.58
5,440.00,81,838.70,21.11,21.58
5,440.00,82,179.63,581.08,8.13
5,440.00,83,467.94,378.58,6.96
5,440.00,84,812.90,479.87,11.09
5,440.00,85,260.29,221.86,10.77
5,440.00,86,373.54,643.94,17.05
5,440.00,87,231.14,645.64,11.31
5,440.00,88,373.68,365.15,5.80
5,440.00,89,773.87,490.18,8.95
5,440.00,90,412.00,951.67,14.61
5,440.00,91,953.84,809.60,18.19
5,440.00,92,663.60,469.27,9.59
5,440.00,93,775.87,493.58,18.81
5,440.00,94,675.98,105.48,19.73
5,440.00,95,909.57,564.55,17.45
5,440.00,96,465.15,160.03,11.60
5,440.00,97,438.52,174.16,8.60
5,440.00,98,240.30,605.78,12.01
5,440.00,99,702.34,670.20,15.04
5,440.00,100,463.44,187.73,14.47
5,440.00,101,602.43,281.05,13.75
5,440.00,102,740.18,778.05,0.00
5,440.00,103,538.76,501.62,7.40
5,440.00,104,249.51,627.76,9.96
5,440.00,105,896.14,343.51,0.00
5,440.00,106,423.10,835.70,11.74
5,440.00,107,414.52,142.25,9.75
5,440.00,108,810.98,585.09,14.69
5,440.00,109,941.02,695.81,10.88
5,440.00,110,465.02,332.62,9.08
5,440.00,111,786.41,89.33,0.00
5,440.00,112,641.74,739.98,0.00
5,440.00,113,687.66,602.88,18.25
5,440.00,114,499.55,213.87,7.30
5,440.00,115,504.39,613.81,12.21
5,440.00,116,807.75,516.85,11.95
5,440.00,117,615.17,67.15,7.55
5,440.00,118,243.17,745.98,15.45
5,440.00,119,940.11,781.95,5.31
5,440.00,120,700.47,657.07,11.30
5,440.00,121,877.72,438.50,0.00
5,440.00,122,438.49,124.73,21.09
5,440.00,123,155.60,354.70,0.00
5,440.00,124,484.91,606.39,18.92
5,440.00,125,607.99,646.93,7.60
5,440.00,126,421.17,547.70,9.23
5,440.00,127,687.74,363.33,22.34
5,440.00,128,28.77,942.63,0.00
5,440.00,129,664.72,239.70,5.21
5,440.00,130,277.63,482.81,8.67
5,440.00,131,285.93,389.57,5.19
5,440.00,132,289.83,378.04,10.65
5,440.00,133,854.90,650.98,6.99
5,440.00,134,547.18,364.50,0.00
5,440.00,135,234.84,475.58,9.37
5,440.00,136,281.77,363.50,15.88
5,440.00,137,659.60,245.15,0.00
5,440.00,138,901.57,328.89,5.19
5,440.00,139,851.81,631.66,6.65
5,440.00,140,309.80,457.88,8.56
5,440.00,141,773.84,632.28,23.19
5,440.00,142,619.13,452.05,18.99
5,440.00,143,631.29,506.44,8.20
5,440.00,144,198.64,376.12,5.82
5,440.00,145,468.76,570.66,0.00
5,440.00,146,309.82,105.05,0.00
5,440.00,147,76.48,34.82,0.00
5,440.00,148,296.42,845.11,0.00
5,440.00,149,287.12,328.95,24.93
5,450.00,0,554.93,264.68,10.57
5,450.00,1,806.98,315.60,10.97
5,450.00,2,767.31,728.07,13.88
5,450.00,3,728.46,236.78,12.77
5,450.00,4,360.53,755.77,6.70
5,450.00,5,308.68,117.92,23.56
5,450.00,6,547.07,786.30,6.64
5,450.00,7,513.95,380.04,9.16
5,450.00,8,470.57,747.45,5.37
5,450.00,9,129.20,122.65,10.40
5,450.00,10,405.75,492.48,6.53
5,450.00,11,596.13,768.23,10.49
5,450.00,12,761.32,511.94,0.00
5,450.00,13,814.95,960.31,0.00
5,450.00,14,26.67,389.84,13.26
5,450.00,15,375.42,706.14,7.12
5,450.00,16,88.95,553.91,11.68
5,450.00,17,651.93,343.05,20.30
5,450.00,18,224.86,899.37,18.03
5,450.00,19,37.18,774.97,0.00
5,450.00,20,190.69,167.52,0.00
5,450.00,21,415.03,242.30,16.31
5,450.00,22,497.49,482.10,9.50
5,450.00,23,800.19,848.96,0.00
5,450.00,24,436.35,919.69,7.87
5,450.00,25,567.62,315.48,5.74
5,450.00,26,598.88,213.94,6.12
5,450.00,27,392.17,327.99,6.26
5,450.00,28,570.14,860.33,16.78
5,450.00,29,581.14,747.10,8.19
5,450.00,30,759.71,860.72,16.32
5,450.00,31,338.67,586.57,10.78
5,450.00,32,560.63,126.98,19.22
5,450.00,33,713.76,181.72,16.30
5,450.00,34,719.02,907.55,20.21
5,450.00,35,115.74,312.95,0.00
5,450.00,36,777.22,300.09,23.08
5,450.00,37,507.84,660.95,17.70
5,450.00,38,113.32,847.22,15.59
5,450.00,39,960.02,359.24,0.00
5,450.00,40,583.43,736.51,15.29
5,450.00,41,234.83,890.67,0.00
5,450.00,42,706.48,182.79,10.00
5,450.00,43,224.65,719.69,5.30
5,450.00,44,908.53,881.07,6.90
5,450.00,45,566.96,302.43,16.73
5,450.00,46,677.04,761.66,23.44
5,450.00,47,93.17,357.67,0.00
5,450.00,48,645.92,358.67,6.74
5,450.00,49,872.92,359.89,9.39
5,450.00,50,371.81,774.99,19.11
5,450.00,51,676.38,675.03,9.11
5,450.00,52,158.30,450.36,11.00
5,450.00,53,651.02,892.81,23.11
5,450.00,54,805.41,749.24,9.09
5,450.00,55,721.02,424.72,5.47
5,450.00,56,926.29,244.77,0.00
5,450.00,57,901.51,50.70,16.13
5,450.00,58,594.93,406.63,22.55
5,450.00,59,238.70,399.36,7.01
5,450.00,60,905.55,257.68,0.00
5,450.00,61,369.29,85.10,0.00
5,450.00,62,640.14,811.45,14.10
5,450.00,63,875.32,745.67,20.74
5,450.00,64,476.03,470.92,5.53
5,450.00,65,239.07,710.01,8.94
5,450.00,66,76.26,832.16,0.00
5,450.00,67,602.29,199.07,0.00
5,450.00,68,421.11,666.20,18.80
5,450.00,69,444.43,98.32,8.25
5,450.00,70,260.84,266.06,17.56
5,450.00,71,230.29,719.64,13.23
5,450.00,72,766.80,629.28,22.09
5,450.00,73,405.11,665.65,10.96
5,450.00,74,375.70,590.17,10.11
5,450.00,75,670.60,562.42,8.70
5,450.00,76,747.47,93.94,6.24
5,450.00,77,450.03,594.27,17.63
5,450.00,78,564.62,319.87,0.00
5,450.00,79,907.75,391.03,0.00
5,450.00,80,949.59,662.91,5.58
5,450.00,81,846.89,12.04,0.00
5,450.00,82,221.43,511.37,8.13
5,450.00,83,451.19,446.11,6.96
5,450.00,84,904.01,543.06,11.09
5,450.00,85,307.65,318.61,10.77
5,450.00,86,478.64,509.71,17.05
5,450.00,87,293.96,551.61,11.31
5,450.00,88,343.66,414.83,5.80
5,450.00,89,684.91,500.19,8.95
5,450.00,90,556.69,931.42,14.61
5,450.00,91,995.27,853.47,0.00
5,450.00,92,577.21,427.51,9.59
5,450.00,93,948.13,569.04,18.81
5,450.00,94,731.15,15.30,0.00
5,450.00,95,939.62,736.44,17.45
5,450.00,96,580.19,145.35,11.60
5,450.00,97,517.08,209.03,8.60
5,450.00,98,161.64,662.71,0.00
5,450.00,99,809.94,565.07,15.04
5,450.00,100,580.13,156.77,0.00
5,450.00,101,469.28,246.73,13.75
5,450.00,102,731.00,569.83,0.00
5,450.00,103,478.80,458.25,7.40
5,450.00,104,269.38,530.19,9.96
5,450.00,105,826.59,397.86,9.26
5,450.00,106,540.48,837.74,11.74
5,450.00,107,472.17,63.63,9.75
5,450.00,108,693.21,497.28,14.69
5,450.00,109,853.33,631.43,10.88
5,450.00,110,449.63,422.11,9.08
5,450.00,111,757.25,235.25,16.39
5,450.00,112,693.22,732.06,6.84
5,450.00,113,571.00,743.21,18.25
5,450.00,114,524.46,282.50,7.30
5,450.00,115,559.08,723.00,12.21
5,450.00,116,723.40,601.49,11.95
5,450.00,117,673.34,71.23,0.00
5,450.00,118,391.61,788.91,15.45
5,450.00,119,890.16,763.84,5.31
5,450.00,120,717.47,768.76,11.30
5,450.00,121,839.81,458.55,6.91
5,450.00,122,509.36,180.15,0.00
5,450.00,123,291.72,333.07,16.91
5,450.00,124,635.92,720.39,18.92
5,450.00,125,568.52,582.00,7.60
5,450.00,126,330.26,531.80,9.23
5,450.00,127,466.05,335.71,22.34
5,450.00,128,80.59,914.72,16.61
5,450.00,129,657.45,188.07,5.21
5,450.00,130,363.85,473.50,8.67
5,450.00,131,335.01,406.58,5.19
5,450.00,132,232.66,288.22,10.65
5,450.00,133,785.23,644.96,6.99
5,450.00,134,536.97,419.04,6.38
5,450.00,135,170.98,476.48,0.00
5,450.00,136,282.96,204.69,15.88
5,450.00,137,535.39,282.57,12.99
5,450.00,138,953.43,329.35,5.19
5,450.00,139,894.92,682.24,6.65
5,450.00,140,259.73,527.26,8.56
5,450.00,141,846.83,412.14,23.19
5,450.00,142,719.12,290.58,18.99
5,450.00,143,571.25,562.35,8.20
5,450.00,144,147.95,404.77,5.82
5,450.00,145,502.76,468.52,13.75
5,450.00,146,264.33,148.53,11.38
5,450.00,147,133.87,107.83,12.70
5,450.00,148,420.54,832.43,21.71
5,450.00,149,314.85,404.37,0.00
5,460.00,0,532.14,367.91,10.57
5,460.00,1,827.57,423.31,10.97
5,460.00,2,638.20,677.04,13.88
5,460.00,3,851.96,204.34,12.77
5,460.00,4,302.06,788.41,6.70
5,460.00,5,310.80,119.33,0.00
5,460.00,6,493.29,825.17,6.64
5,460.00,7,524.75,289.13,9.16
5,460.00,8,518.63,771.41,5.37
5,460.00,9,31.31,87.49,10.40
5,460.00,10,470.52,500.42,6.53
5,460.00,11,505.83,821.55,10.49
5,460.00,12,774.01,503.09,10.03
5,460.00,13,860.90,827.22,16.76
5,460.00,14,34.72,522.24,13.26
5,460.00,15,433.81,665.45,7.12
5,460.00,16,76.31,437.75,11.68
5,460.00,17,688.96,542.69,20.30
5,460.00,18,200.48,921.39,0.00
5,460.00,19,80.98,740.31,17.85
5,460.00,20,165.97,277.41,23.31
5,460.00,21,260.38,294.16,16.31
5,460.00,22,416.98,532.51,9.50
5,460.00,23,808.25,796.89,6.43
5,460.00,24,435.85,972.18,0.00
5,460.00,25,557.31,371.92,5.74
5,460.00,26,542.27,237.32,6.12
5,460.00,27,426.19,275.47,6.26
5,460.00,28,405.75,893.98,16.78
5,460.00,29,662.91,744.03,0.00
5,460.00,30,613.09,789.01,16.32
5,460.00,31,263.17,509.72,0.00
5,460.00,32,489.60,305.57,19.22
5,460.00,33,717.46,179.41,0.00
5,460.00,34,518.78,935.17,20.21
5,460.00,35,132.43,318.34,5.39
5,460.00,36,954.88,341.00,0.00
5,460.00,37,403.71,804.11,17.70
5,460.00,38,240.89,757.68,15.59
5,460.00,39,955.92,357.22,15.20
5,460.00,40,577.51,709.90,0.00
5,460.00,41,270.70,825.67,14.05
5,460.00,42,652.71,219.99,0.00
5,460.00,43,268.22,749.89,5.30
5,460.00,44,974.90,899.79,6.90
5,460.00,45,706.62,210.31,16.73
5,460.00,46,869.49,895.54,23.44
5,460.00,47,166.48,298.42,14.20
5,460.00,48,650.33,291.43,6.74
5,460.00,49,909.65,321.15,0.00
5,460.00,50,271.99,907.72,0.00
5,460.00,51,762.69,645.85,9.11
5,460.00,52,245.69,517.12,11.00
5,460.00,53,881.90,882.60,23.11
5,460.00,54,888.79,713.07,9.09
5,460.00,55,682.94,463.94,5.47
5,460.00,56,843.85,313.61,24.09
5,460.00,57,817.44,188.39,16.13
5,460.00,58,707.47,388.47,0.00
5,460.00,59,168.71,403.49,7.01
5,460.00,60,874.57,268.88,16.41
5,460.00,61,400.29,107.98,13.56
5,460.00,62,505.55,816.28,0.00
5,460.00,63,703.30,629.77,20.74
5,460.00,64,449.17,519.30,5.53
5,460.00,65,324.60,735.91,8.94
5,460.00,66,101.06,774.58,13.61
5,460.00,67,576.51,229.79,17.23
5,460.00,68,518.81,826.83,18.80
5,460.00,69,362.75,86.53,8.25
5,460.00,70,337.65,423.91,17.56
5,460.00,71,243.38,587.98,13.23
5,460.00,72,595.88,489.27,22.09
5,460.00,73,423.36,557.58,10.96
5,460.00,74,306.71,664.14,10.11
5,460.00,75,604.75,505.59,8.70
5,460.00,76,690.44,119.31,6.24
5,460.00,77,280.50,545.80,17.63
5,460.00,78,444.62,416.20,24.01
5,460.00,79,892.20,520.87,18.53
5,460.00,80,960.26,717.67,5.58
5,460.00,81,868.89,143.85,14.17
5,460.00,82,263.24,441.66,8.13
5,460.00,83,434.43,513.63,6.96
5,460.00,84,973.95,591.56,0.00
5,460.00,85,355.02,415.36,10.77
5,460.00,86,583.73,375.48,17.05
5,460.00,87,356.78,457.59,11.31
5,460.00,88,313.64,464.50,5.80
5,460.00,89,595.94,510.19,8.95
5,460.00,90,701.39,911.17,14.61
5,460.00,91,850.50,842.98,21.72
5,460.00,92,490.83,385.75,9.59
5,460.00,93,956.08,572.52,0.00
5,460.00,94,662.69,57.86,17.36
5,460.00,95,969.67,908.32,17.45
5,460.00,96,695.24,130.67,11.60
5,460.00,97,562.88,229.37,0.00
5,460.00,98,170.82,659.87,5.02
5,460.00,99,859.65,516.50,0.00
5,460.00,100,585.37,165.51,6.16
5,460.00,101,336.14,212.41,13.75
5,460.00,102,730.44,569.53,12.23
5,460.00,103,418.83,414.87,7.40
5,460.00,104,289.24,432.62,9.96
5,460.00,105,753.63,454.89,9.26
5,460.00,106,657.85,839.77,11.74
5,460.00,107,514.21,6.31,0.00
5,460.00,108,575.44,409.48,14.69
5,460.00,109,765.63,567.04,10.88
5,460.00,110,434.23,511.60,9.08
5,460.00,111,725.14,395.95,16.39
5,460.00,112,760.80,721.66,6.84
5,460.00,113,454.33,883.53,18.25
5,460.00,114,549.37,351.12,7.30
5,460.00,115,613.76,832.19,12.21
5,460.00,116,639.06,686.12,11.95
5,460.00,117,699.52,102.29,17.84
5,460.00,118,540.04,831.84,15.45
5,460.00,119,840.21,745.74,5.31
5,460.00,120,734.47,880.46,11.30
5,460.00,121,778.73,490.86,6.91
5,460.00,122,476.82,262.75,15.48
5,460.00,123,458.75,306.53,16.91
5,460.00,124,763.30,816.55,0.00
5,460.00,125,529.05,517.06,7.60
5,460.00,126,266.71,520.69,0.00
5,460.00,127,244.35,308.10,22.34
5,460.00,128,226.85,835.95,16.61
5,460.00,129,653.10,157.19,0.00
5,460.00,130,450.06,464.19,8.67
5,460.00,131,384.08,423.59,5.19
5,460.00,132,175.50,198.39,10.65
5,460.00,133,715.56,638.94,6.99
5,460.00,134,525.24,481.74,6.38
5,460.00,135,147.80,494.21,9.17
5,460.00,136,283.52,129.99,0.00
5,460.00,137,411.02,320.03,12.99
5,460.00,138,969.47,329.50,0.00
5,460.00,139,919.24,710.78,0.00
5,460.00,140,209.66,596.63,8.56
5,460.00,141,919.81,191.99,23.19
5,460.00,142,819.11,129.11,18.99
5,460.00,143,511.20,618.27,8.20
5,460.00,144,142.76,407.71,0.00
5,460.00,145,546.18,338.08,13.75
5,460.00,146,182.09,227.14,11.38
5,460.00,147,212.37,207.69,12.70
5,460.00,148,636.47,810.39,21.71
5,460.00,149,312.50,447.22,6.33
5,470.00,0,509.35,471.15,10.57
5,470.00,1,848.16,531.01,10.97
5,470.00,2,509.08,626.02,13.88
5,470.00,3,975.46,171.91,12.77
5,470.00,4,243.59,821.06,6.70
5,470.00,5,326.40,171.99,5.55
5,470.00,6,456.36,851.87,0.00
5,470.00,7,535.54,198.22,9.16
5,470.00,8,566.70,795.37,5.37
5,470.00,9,13.60,81.13,0.00
5,470.00,10,535.29,508.37,6.53
5,470.00,11,415.53,874.87,10.49
5,470.00,12,807.16,479.96,0.00
5,470.00,13,897.12,722.29,0.00
5,470.00,14,37.52,568.16,0.00
5,470.00,15,492.19,624.76,7.12
5,470.00,16,63.66,321.60,11.68
5,470.00,17,726.00,742.34,20.30
5,470.00,18,335.79,829.98,19.97
5,470.00,19,220.98,629.54,17.85
5,470.00,20,117.54,492.73,0.00
5,470.00,21,105.73,346.01,16.31
5,470.00,22,336.47,582.93,9.50
5,470.00,23,818.08,733.33,6.43
5,470.00,24,446.78,940.14,10.16
5,470.00,25,547.00,428.35,5.74
5,470.00,26,485.66,260.71,6.12
5,470.00,27,460.21,222.95,6.26
5,470.00,28,241.35,927.64,16.78
5,470.00,29,662.72,744.02,15.46
5,470.00,30,466.46,717.30,16.32
5,470.00,31,263.14,509.88,22.73
5,470.00,32,418.56,484.16,19.22
5,470.00,33,801.83,242.97,0.00
5,470.00,34,325.96,961.77,0.00
5,470.00,35,183.76,334.90,5.39
5,470.00,36,958.20,360.94,9.63
5,470.00,37,331.67,903.15,0.00
5,470.00,38,368.46,668.15,15.59
5,470.00,39,819.60,290.04,15.20
5,470.00,40,684.94,598.10,18.87
5,470.00,41,338.61,702.65,14.05
5,470.00,42,647.73,259.65,11.55
5,470.00,43,311.80,780.09,5.30
5,470.00,44,992.33,904.71,0.00
5,470.00,45,763.90,172.53,0.00
5,470.00,46,951.71,952.74,0.00
5,470.00,47,276.94,209.14,14.20
5,470.00,48,650.47,289.41,0.00
5,470.00,49,936.00,256.66,16.14
5,470.00,50,274.45,885.55,17.03
5,470.00,51,849.00,616.67,9.11
5,470.00,52,333.07,583.88,11.00
5,470.00,53,916.18,881.08,0.00
5,470.00,54,920.72,699.22,0.00
5,470.00,55,644.85,503.17,5.47
5,470.00,56,667.70,460.68,0.00
5,470.00,57,733.37,326.08,16.13
5,470.00,58,725.61,459.94,14.91
5,470.00,59,98.72,407.62,7.01
5,470.00,60,720.27,324.65,16.41
5,470.00,61,509.43,188.51,13.56
5,470.00,62,503.48,813.49,7.77
5,470.00,63,531.28,513.88,20.74
5,470.00,64,422.31,567.69,5.53
5,470.00,65,410.13,761.80,8.94
5,470.00,66,154.90,649.54,13.61
5,470.00,67,465.70,361.78,17.23
5,470.00,68,589.43,942.93,0.00
5,470.00,69,337.33,82.86,0.00
5,470.00,70,409.59,571.76,0.00
5,470.00,71,256.47,456.32,13.23
5,470.00,72,424.97,349.27,22.09
5,470.00,73,441.61,449.52,10.96
5,470.00,74,237.73,738.12,10.11
5,470.00,75,538.89,448.75,8.70
5,470.00,76,633.41,144.67,6.24
5,470.00,77,181.81,517.58,0.00
5,470.00,78,257.40,566.48,24.01
5,470.00,79,870.15,704.90,18.53
5,470.00,80,966.24,748.30,0.00
5,470.00,81,892.22,283.57,14.17
5,470.00,82,305.05,371.95,8.13
5,470.00,83,417.68,581.16,6.96
5,470.00,84,958.80,589.87,6.56
5,470.00,85,402.38,512.11,10.77
5,470.00,86,608.91,343.32,0.00
5,470.00,87,419.60,363.56,11.31
5,470.00,88,283.62,514.18,5.80
5,470.00,89,565.36,513.62,0.00
5,470.00,90,846.09,890.92,14.61
5,470.00,91,633.88,827.27,21.72
5,470.00,92,404.44,343.98,9.59
5,470.00,93,894.64,581.22,6.51
5,470.00,94,515.21,149.51,17.36
5,470.00,95,982.98,984.44,0.00
5,470.00,96,758.38,122.61,0.00
5,470.00,97,535.52,177.29,14.11
5,470.00,98,218.83,645.05,5.02
5,470.00,99,821.71,549.79,9.38
5,470.00,100,617.06,218.33,6.16
5,470.00,101,202.99,178.10,13.75
5,470.00,102,621.94,513.01,12.23
5,470.00,103,358.87,371.50,7.40
5,470.00,104,309.11,335.05,9.96
5,470.00,105,680.67,511.91,9.26
5,470.00,106,765.58,841.64,0.00
5,470.00,107,505.88,40.65,13.04
5,470.00,108,457.67,321.67,14.69
5,470.00,109,677.93,502.66,10.88
5,470.00,110,418.83,601.09,9.08
5,470.00,111,693.02,556.65,16.39
5,470.00,112,828.37,711.26,6.84
5,470.00,113,371.03,983.73,0.00
5,470.00,114,574.28,419.75,7.30
5,470.00,115,660.97,926.44,0.00
5,470.00,116,554.71,770.76,11.95
5,470.00,117,814.47,238.71,17.84
5,470.00,118,688.48,874.77,15.45
5,470.00,119,790.25,727.64,5.31
5,470.00,120,742.85,935.54,0.00
5,470.00,121,717.64,523.17,6.91
5,470.00,122,420.07,406.82,15.48
5,470.00,123,625.78,279.98,16.91
5,470.00,124,738.53,786.71,24.79
5,470.00,125,489.58,452.12,7.60
5,470.00,126,304.32,535.31,13.40
5,470.00,127,100.81,290.22,0.00
5,470.00,128,373.12,757.17,16.61
5,470.00,129,665.33,241.76,21.26
5,470.00,130,536.28,454.88,8.67
5,470.00,131,433.15,440.60,5.19
5,470.00,132,118.33,108.57,10.65
5,470.00,133,645.89,632.92,6.99
5,470.00,134,513.51,544.44,6.38
5,470.00,135,74.97,549.91,9.17
5,470.00,136,185.85,134.39,18.46
5,470.00,137,286.66,357.48,12.99
5,470.00,138,932.65,349.39,6.06
5,470.00,139,902.40,639.80,16.75
5,470.00,140,159.59,666.01,8.56
5,470.00,141,975.80,23.13,0.00
5,470.00,142,861.61,60.49,0.00
5,470.00,143,451.15,674.18,8.20
5,470.00,144,184.60,387.73,5.17
5,470.00,145,589.60,207.64,13.75
5,470.00,146,99.85,305.74,11.38
5,470.00,147,290.86,307.55,12.70
5,470.00,148,658.19,808.17,0.00
5,470.00,149,309.04,510.44,6.33
5,480.00,0,486.56,574.38,10.57
5,480.00,1,868.75,638.72,10.97
5,480.00,2,379.97,575.00,13.88
5,480.00,3,996.99,166.25,0.00
5,480.00,4,185.22,853.64,0.00
5,480.00,5,342.17,225.23,5.55
5,480.00,6,499.16,814.61,18.11
5,480.00,7,546.33,107.30,9.16
5,480.00,8,614.76,819.32,5.37
5,480.00,9,158.64,134.51,18.87
5,480.00,10,600.06,516.32,6.53
5,480.00,11,325.23,928.19,10.49
5,480.00,12,696.59,452.81,19.07
5,480.00,13,830.30,710.14,20.12
5,480.00,14,118.28,589.51,12.79
5,480.00,15,550.58,584.06,7.12
5,480.00,16,51.02,205.44,11.68
5,480.00,17,732.17,775.61,0.00
5,480.00,18,466.39,741.74,0.00
5,480.00,19,360.97,518.78,17.85
5,480.00,20,125.21,489.36,15.77
5,480.00,21,29.71,371.50,0.00
5,480.00,22,281.04,617.64,0.00
5,480.00,23,827.91,669.78,6.43
5,480.00,24,479.59,843.99,10.16
5,480.00,25,536.69,484.78,5.74
5,480.00,26,429.05,284.09,6.12
5,480.00,27,494.23,170.43,6.26
5,480.00,28,204.49,935.18,0.00
5,480.00,29,508.19,739.02,15.46
5,480.00,30,319.84,645.59,16.32
5,480.00,31,225.59,734.03,22.73
5,480.00,32,347.53,662.74,19.22
5,480.00,33,797.29,250.72,23.93
5,480.00,34,323.75,960.26,7.23
5,480.00,35,235.09,351.46,5.39
5,480.00,36,973.99,455.92,9.63
5,480.00,37,313.27,847.62,18.98
5,480.00,38,496.03,578.61,15.59
5,480.00,39,752.92,257.18,0.00
5,480.00,40,815.68,462.04,18.87
5,480.00,41,406.51,579.64,14.05
5,480.00,42,633.34,374.30,11.55
5,480.00,43,355.37,810.29,5.30
5,480.00,44,929.55,919.71,8.75
5,480.00,45,718.42,191.05,8.33
5,480.00,46,950.40,889.37,11.07
5,480.00,47,360.77,141.39,0.00
5,480.00,48,542.78,485.15,23.03
5,480.00,49,986.58,132.91,0.00
5,480.00,50,293.21,716.25,17.03
5,480.00,51,934.24,587.86,0.00
5,480.00,52,420.45,650.64,11.00
5,480.00,53,890.67,779.18,12.34
5,480.00,54,821.14,596.08,23.23
5,480.00,55,606.76,542.39,5.47
5,480.00,56,664.80,470.98,22.50
5,480.00,57,649.30,463.77,16.13
5,480.00,58,762.28,604.45,14.91
5,480.00,59,85.16,408.42,0.00
5,480.00,60,565.96,380.41,16.41
5,480.00,61,594.75,251.46,0.00
5,480.00,62,457.11,751.12,7.77
5,480.00,63,359.26,397.98,20.74
5,480.00,64,395.45,616.07,5.53
5,480.00,65,495.66,787.70,8.94
5,480.00,66,208.75,524.50,13.61
5,480.00,67,354.89,493.77,17.23
5,480.00,68,534.50,915.19,22.20
5,480.00,69,434.89,218.50,24.26
5,480.00,70,400.13,581.16,21.03
5,480.00,71,269.55,324.66,13.23
5,480.00,72,416.42,342.27,0.00
5,480.00,73,445.76,424.96,0.00
5,480.00,74,168.74,812.09,10.11
5,480.00,75,473.04,391.92,8.70
5,480.00,76,576.38,170.04,6.24
5,480.00,77,230.08,465.25,17.04
5,480.00,78,164.30,641.21,0.00
5,480.00,79,848.11,888.93,18.53
5,480.00,80,914.75,759.73,11.97
5,480.00,81,912.34,404.12,0.00
5,480.00,82,346.85,302.24,8.13
5,480.00,83,400.93,648.68,6.96
5,480.00,84,893.62,582.61,6.56
5,480.00,85,449.75,608.86,10.77
5,480.00,86,650.85,330.07,5.78
5,480.00,87,482.42,269.54,11.31
5,480.00,88,253.60,563.85,5.80
5,480.00,89,601.29,508.89,5.52
5,480.00,90,856.36,889.48,0.00
5,480.00,91,417.25,811.57,21.72
5,480.00,92,318.06,302.22,9.59
5,480.00,93,830.23,590.35,6.51
5,480.00,94,367.74,241.17,17.36
5,480.00,95,942.21,923.14,13.21
5,480.00,96,748.04,188.77,14.84
5,480.00,97,470.28,53.12,0.00
5,480.00,98,266.84,630.22,5.02
5,480.00,99,751.19,611.66,9.38
5,480.00,100,648.75,271.16,6.16
5,480.00,101,70.52,143.96,0.00
5,480.00,102,513.43,456.49,12.23
5,480.00,103,298.91,328.12,7.40
5,480.00,104,328.97,237.48,9.96
5,480.00,105,607.71,568.94,9.26
5,480.00,106,757.57,837.10,11.22
5,480.00,107,475.13,167.42,13.04
5,480.00,108,339.90,233.86,14.69
5,480.00,109,590.23,438.27,10.88
5,480.00,110,403.44,690.57,9.08
5,480.00,111,660.90,717.36,16.39
5,480.00,112,895.95,700.87,6.84
5,480.00,113,388.79,936.57,17.62
5,480.00,114,599.19,488.37,7.30
5,480.00,115,633.15,915.45,21.88
5,480.00,116,470.37,855.40,11.95
5,480.00,117,929.43,375.12,17.84
5,480.00,118,836.92,917.70,15.45
5,480.00,119,740.30,709.53,5.31
5,480.00,120,704.03,919.09,8.32
5,480.00,121,656.55,555.48,6.91
5,480.00,122,363.31,550.89,15.48
5,480.00,123,792.81,253.44,16.91
5,480.00,124,580.19,595.95,24.79
5,480.00,125,450.10,387.19,7.60
5,480.00,126,429.24,583.91,13.40
5,480.00,127,125.26,287.64,6.98
5,480.00,128,519.38,678.40,16.61
5,480.00,129,695.76,452.22,21.26
5,480.00,130,622.49,445.57,8.67
5,480.00,131,482.23,457.60,5.19
5,480.00,132,61.17,18.74,10.65
5,480.00,133,576.22,626.90,6.99
5,480.00,134,503.92,595.67,0.00
5,480.00,135,10.95,598.88,0.00
5,480.00,136,99.15,138.29,0.00
5,480.00,137,162.30,394.94,12.99
5,480.00,138,879.36,378.18,6.06
5,480.00,139,863.74,476.87,16.75
5,480.00,140,133.49,702.16,0.00
5,480.00,141,925.93,35.89,22.09
5,480.00,142,867.07,180.79,20.94
5,480.00,143,391.10,730.09,8.20
5,480.00,144,231.22,365.48,5.17
5,480.00,145,633.03,77.20,13.75
5,480.00,146,17.61,384.35,11.38
5,480.00,147,369.36,407.40,12.70
5,480.00,148,488.26,851.67,19.50
5,480.00,149,305.57,573.66,6.33
5,490.00,0,463.78,677.62,10.57
5,490.00,1,880.26,698.93,0.00
5,490.00,2,250.86,523.97,13.88
5,490.00,3,839.44,235.98,20.87
5,490.00,4,185.22,853.22,22.85
5,490.00,5,357.94,278.46,5.55
5,490.00,6,617.07,711.95,0.00
5,490.00,7,549.85,77.67,0.00
5,490.00,8,626.40,825.12,0.00
5,490.00,9,335.71,199.68,18.87
5,490.00,10,664.83,524.26,6.53
5,490.00,11,285.57,951.61,0.00
5,490.00,12,511.37,407.33,19.07
5,490.00,13,632.36,674.13,20.12
5,490.00,14,241.92,622.20,12.79
5,490.00,15,608.97,543.37,7.12
5,490.00,16,38.38,89.29,11.68
5,490.00,17,704.19,672.42,12.83
5,490.00,18,438.17,709.07,20.50
5,490.00,19,500.97,408.01,17.85
5,490.00,20,269.67,425.99,15.77
5,490.00,21,59.10,359.85,6.22
5,490.00,22,329.55,616.87,15.58
5,490.00,23,837.74,606.23,6.43
5,490.00,24,512.41,747.84,10.16
5,490.00,25,526.38,541.21,5.74
5,490.00,26,372.44,307.47,6.12
5,490.00,27,528.26,117.91,6.26
5,490.00,28,189.71,852.42,10.84
5,490.00,29,353.66,734.02,15.46
5,490.00,30,173.21,573.88,16.32
5,490.00,31,221.57,758.06,0.00
5,490.00,32,285.27,819.27,0.00
5,490.00,33,676.43,457.29,23.93
5,490.00,34,264.07,919.47,7.23
5,490.00,35,286.42,368.03,5.39
5,490.00,36,987.64,538.05,0.00
5,490.00,37,253.55,667.43,18.98
5,490.00,38,581.59,518.56,0.00
5,490.00,39,712.32,351.98,20.19
5,490.00,40,926.90,346.30,0.00
5,490.00,41,474.41,456.62,14.05
5,490.00,42,618.94,488.94,11.55
5,490.00,43,398.95,840.48,5.30
5,490.00,44,844.44,940.06,8.75
5,490.00,45,641.32,222.47,8.33
5,490.00,46,948.11,778.74,11.07
5,490.00,47,383.14,193.41,23.49
5,490.00,48,431.76,686.94,23.03
5,490.00,49,962.33,156.53,19.73
5,490.00,50,311.96,546.96,17.03
5,490.00,51,931.95,588.15,18.64
5,490.00,52,507.84,717.40,11.00
5,490.00,53,860.71,659.52,12.34
5,490.00,54,659.75,428.92,23.23
5,490.00,55,575.59,574.50,0.00
5,490.00,56,618.51,635.67,0.00
5,490.00,57,565.22,601.45,16.13
5,490.00,58,780.93,677.95,0.00
5,490.00,59,128.27,384.35,6.12
5,490.00,60,411.65,436.18,16.41
5,490.00,61,578.89,247.10,7.53
5,490.00,62,410.74,688.76,7.77
5,490.00,63,281.03,345.28,0.00
5,490.00,64,368.59,664.46,5.53
5,490.00,65,581.19,813.59,8.94
5,490.00,66,239.49,453.13,0.00
5,490.00,67,244.08,625.76,17.23
5,490.00,68,336.33,815.10,22.20
5,490.00,69,576.57,415.46,24.26
5,490.00,70,250.90,729.34,21.03
5,490.00,71,282.64,193.00,13.23
5,490.00,72,523.04,316.22,11.55
5,490.00,73,403.48,418.93,5.53
5,490.00,74,103.79,881.73,0.00
5,490.00,75,407.19,335.09,8.70
5,490.00,76,519.34,195.40,6.24
5,490.00,77,345.62,340.01,17.04
5,490.00,78,256.24,647.18,18.32
5,490.00,79,845.61,909.86,0.00
5,490.00,80,797.89,785.66,11.97
5,490.00,81,886.48,418.49,21.55
5,490.00,82,358.33,283.11,0.00
5,490.00,83,394.68,673.87,0.00
5,490.00,84,828.45,575.34,6.56
5,490.00,85,497.12,705.61,10.77
5,490.00,86,706.00,312.66,5.78
5,490.00,87,545.24,175.51,11.31
5,490.00,88,223.58,613.52,5.80
5,490.00,89,656.02,501.67,5.52
5,490.00,90,771.47,832.86,10.98
5,490.00,91,200.63,795.87,21.72
5,490.00,92,231.67,260.46,9.59
5,490.00,93,765.81,599.47,6.51
5,490.00,94,276.83,297.68,0.00
5,490.00,95,869.02,813.11,13.21
5,490.00,96,725.12,335.42,14.84
5,490.00,97,470.48,53.36,5.19
5,490.00,98,314.85,615.40,5.02
5,490.00,99,680.67,673.53,9.38
5,490.00,100,677.96,319.85,0.00
5,490.00,101,70.43,144.96,19.49
5,490.00,102,504.91,452.05,0.00
5,490.00,103,264.88,303.51,0.00
5,490.00,104,348.84,139.91,9.96
5,490.00,105,534.74,625.96,9.26
5,490.00,106,659.95,781.70,11.22
5,490.00,107,444.38,294.18,13.04
5,490.00,108,295.50,200.76,0.00
5,490.00,109,509.34,378.88,0.00
5,490.00,110,388.04,780.06,9.08
5,490.00,111,640.83,817.82,0.00
5,490.00,112,963.53,690.47,6.84
5,490.00,113,450.88,771.69,17.62
5,490.00,114,624.10,557.00,7.30
5,490.00,115,429.69,835.07,21.88
5,490.00,116,386.02,940.04,11.95
5,490.00,117,961.85,413.60,0.00
5,490.00,118,852.26,922.14,0.00
5,490.00,119,690.35,691.43,5.31
5,490.00,120,627.44,886.64,8.32
5,490.00,121,595.46,587.79,6.91
5,490.00,122,306.56,694.97,15.48
5,490.00,123,930.09,231.63,0.00
5,490.00,124,421.85,405.20,24.79
5,490.00,125,410.63,322.25,7.60
5,490.00,126,554.16,632.51,13.40
5,490.00,127,194.64,280.34,6.98
5,490.00,128,665.64,599.63,16.61
5,490.00,129,726.19,662.67,21.26
5,490.00,130,708.71,436.26,8.67
5,490.00,131,531.30,474.61,5.19
5,490.00,132,53.77,7.11,0.00
5,490.00,133,506.55,620.88,6.99
5,490.00,134,522.24,611.16,13.11
5,490.00,135,24.90,597.20,11.62
5,490.00,136,157.62,190.31,14.77
5,490.00,137,37.93,432.40,12.99
5,490.00,138,826.07,406.97,6.06
5,490.00,139,831.14,339.49,0.00
5,490.00,140,157.70,712.91,5.53
5,490.00,141,711.89,90.67,22.09
5,490.00,142,876.56,390.00,20.94
5,490.00,143,331.05,786.01,8.20
5,490.00,144,277.84,343.22,5.17
5,490.00,145,647.21,34.59,0.00
5,490.00,146,8.85,392.72,0.00
5,490.00,147,447.85,507.26,12.70
5,490.00,148,318.30,895.18,0.00
5,490.00,149,304.54,592.47,0.00
5,500.00,0,440.99,780.85,10.57
5,500.00,1,821.19,639.81,18.95
5,500.00,2,217.63,510.84,0.00
5,500.00,3,648.63,320.42,20.87
5,500.00,4,182.59,624.79,22.85
5,500.00,5,373.70,331.70,5.55
5,500.00,6,608.80,682.33,22.49
5,500.00,7,532.89,212.39,0.00
5,500.00,8,564.01,661.41,23.12
5,500.00,9,512.78,264.85,18.87
5,500.00,10,729.60,532.21,6.53
5,500.00,11,350.17,863.67,19.46
5,500.00,12,326.15,361.86,19.07
5,500.00,13,434.43,638.13,20.12
5,500.00,14,365.57,654.89,12.79
5,500.00,15,667.36,502.68,7.12
5,500.00,16,36.99,76.56,0.00
5,500.00,17,670.61,548.60,12.83
5,500.00,18,304.16,553.99,20.50
5,500.00,19,640.96,297.24,17.85
5,500.00,20,414.13,362.62,15.77
5,500.00,21,116.92,336.92,6.22
5,500.00,22,485.35,614.39,15.58
5,500.00,23,847.57,542.67,6.43
5,500.00,24,545.22,651.69,10.16
5,500.00,25,516.06,597.64,5.74
5,500.00,26,315.83,330.85,6.12
5,500.00,27,536.40,105.35,0.00
5,500.00,28,170.66,745.74,10.84
5,500.00,29,285.79,731.82,0.00
5,500.00,30,156.81,565.86,0.00
5,500.00,31,202.69,687.60,8.17
5,500.00,32,294.16,815.46,7.83
5,500.00,33,555.56,663.86,23.93
5,500.00,34,204.39,878.68,7.23
5,500.00,35,337.75,384.59,5.39
5,500.00,36,963.36,525.78,20.11
5,500.00,37,193.83,487.24,18.98
5,500.00,38,603.59,573.40,17.94
5,500.00,39,632.85,537.54,20.19
5,500.00,40,909.10,364.29,16.95
5,500.00,41,542.31,333.60,14.05
5,500.00,42,604.55,603.59,11.55
5,500.00,43,442.52,870.68,5.30
5,500.00,44,759.33,960.40,8.75
5,500.00,45,564.21,253.88,8.33
5,500.00,46,945.81,668.11,11.07
5,500.00,47,475.92,409.22,23.49
5,500.00,48,320.73,888.73,23.03
5,500.00,49,821.00,294.19,19.73
5,500.00,50,330.72,377.66,17.03
5,500.00,51,747.06,611.92,18.64
5,500.00,52,595.22,784.15,11.00
5,500.00,53,830.75,539.85,12.34
5,500.00,54,498.36,261.77,23.23
5,500.00,55,571.31,557.74,9.53
5,500.00,56,608.90,657.31,9.87
5,500.00,57,481.15,739.14,16.13
5,500.00,58,827.08,655.18,0.00
5,500.00,59,181.75,354.50,6.12
5,500.00,60,323.80,467.93,0.00
5,500.00,61,506.26,227.11,7.53
5,500.00,62,364.37,626.39,7.77
5,500.00,63,309.53,382.19,8.55
5,500.00,64,341.73,712.85,5.53
5,500.00,65,666.72,839.49,8.94
5,500.00,66,236.83,385.36,15.80
5,500.00,67,206.18,670.90,0.00
5,500.00,68,138.17,715.02,22.20
5,500.00,69,718.24,612.43,24.26
5,500.00,70,101.66,877.53,21.03
5,500.00,71,295.73,61.34,13.23
5,500.00,72,635.28,288.80,11.55
5,500.00,73,348.75,411.12,5.53
5,500.00,74,106.81,875.80,11.36
5,500.00,75,341.34,278.26,8.70
5,500.00,76,462.31,220.77,6.24
5,500.00,77,461.15,214.77,17.04
5,500.00,78,439.09,659.07,18.32
5,500.00,79,705.13,918.75,15.88
5,500.00,80,681.03,811.60,11.97
5,500.00,81,698.12,523.20,21.55
5,500.00,82,323.11,317.72,6.81
5,500.00,83,450.67,632.94,11.06
5,500.00,84,763.27,568.07,6.56
5,500.00,85,544.48,802.36,10.77
5,500.00,86,761.15,295.24,5.78
5,500.00,87,569.47,139.26,0.00
5,500.00,88,193.56,663.20,5.80
5,500.00,89,710.76,494.46,5.52
5,500.00,90,680.08,771.91,10.98
5,500.00,91,96.83,788.35,0.00
5,500.00,92,145.29,218.70,9.59
5,500.00,93,701.40,608.60,6.51
5,500.00,94,352.79,248.19,23.63
5,500.00,95,795.83,703.07,13.21
5,500.00,96,702.20,482.07,14.84
5,500.00,97,504.30,92.68,5.19
5,500.00,98,362.86,600.58,5.02
5,500.00,99,637.25,711.63,0.00
5,500.00,100,679.12,329.41,12.31
5,500.00,101,52.32,339.00,19.49
5,500.00,102,649.16,613.33,23.48
5,500.00,103,293.90,300.92,6.74
5,500.00,104,366.48,53.29,0.00
5,500.00,105,461.78,682.99,9.26
5,500.00,106,562.32,726.30,11.22
5,500.00,107,413.63,420.95,13.04
5,500.00,108,375.82,286.30,18.84
5,500.00,109,495.13,387.78,21.60
5,500.00,110,376.72,845.84,0.00
5,500.00,111,625.31,801.17,6.07
5,500.00,112,965.09,690.23,0.00
5,500.00,113,512.97,606.82,17.62
5,500.00,114,649.01,625.63,7.30
5,500.00,115,226.24,754.69,21.88
5,500.00,116,345.43,980.77,0.00
5,500.00,117,913.10,375.89,8.59
5,500.00,118,779.70,755.26,20.29
5,500.00,119,640.39,673.33,5.31
5,500.00,120,550.85,854.19,8.32
5,500.00,121,534.37,620.10,6.91
5,500.00,122,253.77,828.97,0.00
5,500.00,123,916.64,259.32,17.28
5,500.00,124,354.63,324.21,0.00
5,500.00,125,371.16,257.31,7.60
5,500.00,126,679.08,681.10,13.40
5,500.00,127,264.01,273.05,6.98
5,500.00,128,811.90,520.86,16.61
5,500.00,129,741.84,770.88,0.00
5,500.00,130,794.92,426.95,8.67
5,500.00,131,580.37,491.62,5.19
5,500.00,132,138.67,110.82,15.40
5,500.00,133,436.88,614.86,6.99
5,500.00,134,622.35,695.87,13.11
5,500.00,135,140.22,583.31,11.62
5,500.00,136,267.98,288.50,14.77
5,500.00,137,5.15,442.28,0.00
5,500.00,138,772.78,435.76,6.06
5,500.00,139,823.31,338.29,5.05
5,500.00,140,208.25,735.36,5.53
5,500.00,141,497.85,145.45,22.09
5,500.00,142,886.05,599.21,20.94
5,500.00,143,271.00,841.92,8.20
5,500.00,144,324.47,320.97,5.17
5,500.00,145,665.80,112.95,11.96
5,500.00,146,201.21,432.23,21.98
5,500.00,147,526.35,607.12,12.70
5,500.00,148,323.62,871.89,23.80
5,500.00,149,399.72,635.52,14.87
