run,time,node_id,x,y,speed
2,0.00,0,264.61,562.52,0.00
2,0.00,1,457.11,524.18,0.00
2,0.00,2,555.75,99.20,0.00
2,0.00,3,486.38,35.56,0.00
2,0.00,4,34.47,181.53,0.00
2,0.00,5,2.20,545.46,0.00
2,0.00,6,349.32,717.22,0.00
2,0.00,7,666.39,673.18,0.00
2,0.00,8,670.28,223.73,0.00
2,0.00,9,228.04,473.94,0.00
2,0.00,10,60.54,968.30,0.00
2,0.00,11,573.32,682.48,0.00
2,0.00,12,728.41,22.75,0.00
2,0.00,13,828.19,999.15,0.00
2,0.00,14,243.91,807.16,0.00
2,0.00,15,185.80,55.84,0.00
2,0.00,16,580.25,191.81,0.00
2,0.00,17,466.38,338.33,0.00
2,0.00,18,51.74,310.14,0.00
2,0.00,19,626.08,169.54,0.00
2,0.00,20,445.76,998.46,0.00
2,0.00,21,520.76,401.68,0.00
2,0.00,22,614.53,283.96,0.00
2,0.00,23,765.47,750.85,0.00
2,0.00,24,871.97,189.54,0.00
2,0.00,25,534.10,275.79,0.00
2,0.00,26,252.68,747.82,0.00
2,0.00,27,343.92,474.40,0.00
2,0.00,28,110.02,734.18,0.00
2,0.00,29,399.18,451.72,0.00
2,0.00,30,759.17,545.35,0.00
2,0.00,31,921.35,785.80,0.00
2,0.00,32,930.12,588.18,0.00
2,0.00,33,236.83,330.44,0.00
2,0.00,34,333.63,332.65,0.00
2,0.00,35,570.16,192.89,0.00
2,0.00,36,979.25,434.87,0.00
2,0.00,37,586.41,660.16,0.00
2,0.00,38,973.22,987.39,0.00
2,0.00,39,696.72,754.88,0.00
2,0.00,40,830.63,962.17,0.00
2,0.00,41,77.14,856.01,0.00
2,0.00,42,41.38,971.18,0.00
2,0.00,43,631.50,928.11,0.00
2,0.00,44,999.20,775.53,0.00
2,0.00,45,680.65,685.13,0.00
2,0.00,46,885.84,957.35,0.00
2,0.00,47,830.99,498.79,0.00
2,0.00,48,728.84,442.32,0.00
2,0.00,49,737.40,874.37,0.00
2,0.00,50,374.34,726.08,0.00
2,0.00,51,142.38,433.97,0.00
2,0.00,52,143.37,902.31,0.00
2,0.00,53,653.21,423.97,0.00
2,0.00,54,249.03,433.65,0.00
2,0.00,55,99.82,115.00,0.00
2,0.00,56,446.62,611.77,0.00
2,0.00,57,410.93,362.30,0.00
2,0.00,58,155.34,761.86,0.00
2,0.00,59,898.39,13.93,0.00
2,0.00,60,286.25,733.44,0.00
2,0.00,61,862.83,668.75,0.00
2,0.00,62,788.50,891.60,0.00
2,0.00,63,352.90,781.46,0.00
2,0.00,64,710.12,439.96,0.00
2,0.00,65,160.19,917.94,0.00
2,0.00,66,398.53,370.54,0.00
2,0.00,67,788.86,544.11,0.00
2,0.00,68,468.21,571.97,0.00
2,0.00,69,792.29,210.61,0.00
2,0.00,70,194.73,623.42,0.00
2,0.00,71,298.21,74.00,0.00
2,0.00,72,660.77,866.32,0.00
2,0.00,73,394.86,872.05,0.00
2,0.00,74,178.15,568.16,0.00
2,0.00,75,699.49,435.32,0.00
2,0.00,76,707.71,555.80,0.00
2,0.00,77,833.40,920.18,0.00
2,0.00,78,652.51,357.62,0.00
2,0.00,79,166.84,572.22,0.00
2,0.00,80,291.40,33.79,0.00
2,0.00,81,27.62,173.77,0.00
2,0.00,82,373.57,482.57,0.00
2,0.00,83,635.13,38.60,0.00
2,0.00,84,612.28,432.58,0.00
2,0.00,85,416.94,154.88,0.00
2,0.00,86,946.84,703.93,0.00
2,0.00,87,44.87,818.73,0.00
2,0.00,88,371.70,966.98,0.00
2,0.00,89,642.31,186.51,0.00
2,0.00,90,119.74,115.04,0.00
2,0.00,91,49.99,157.12,0.00
2,0.00,92,325.89,861.81,0.00
2,0.00,93,321.39,389.41,0.00
2,0.00,94,611.33,329.45,0.00
2,0.00,95,850.89,940.18,0.00
2,0.00,96,99.11,705.05,0.00
2,0.00,97,749.25,320.08,0.00
2,0.00,98,185.06,994.69,0.00
2,0.00,99,747.90,313.21,0.00
2,0.00,100,920.23,427.43,0.00
2,0.00,101,615.03,569.41,0.00
2,0.00,102,926.19,302.15,0.00
2,0.00,103,253.78,325.18,0.00
2,0.00,104,997.25,929.16,0.00
2,0.00,105,787.69,989.55,0.00
2,0.00,106,386.86,737.67,0.00
2,0.00,107,472.03,682.74,0.00
2,0.00,108,240.06,283.38,0.00
2,0.00,109,374.37,237.02,0.00
2,0.00,110,653.71,824.50,0.00
2,0.00,111,326.20,849.16,0.00
2,0.00,112,375.29,608.34,0.00
2,0.00,113,935.37,125.00,0.00
2,0.00,114,550.72,346.96,0.00
2,0.00,115,262.03,233.62,0.00
2,0.00,116,841.90,212.09,0.00
2,0.00,117,950.49,113.89,0.00
2,0.00,118,447.16,60.78,0.00
2,0.00,119,520.70,551.20,0.00
2,0.00,120,558.29,761.93,0.00
2,0.00,121,53.41,894.17,0.00
2,0.00,122,806.53,195.59,0.00
2,0.00,123,503.00,969.72,0.00
2,0.00,124,728.46,496.55,0.00
2,0.00,125,945.26,602.61,0.00
2,0.00,126,36.70,850.18,0.00
2,0.00,127,488.79,58.33,0.00
2,0.00,128,179.65,446.87,0.00
2,0.00,129,462.02,472.15,0.00
2,0.00,130,421.55,184.20,0.00
2,0.00,131,898.78,763.76,0.00
2,0.00,132,720.26,695.15,0.00
2,0.00,133,95.67,663.31,0.00
2,0.00,134,771.49,662.02,0.00
2,0.00,135,177.52,408.72,0.00
2,0.00,136,356.84,358.79,0.00
2,0.00,137,562.40,606.89,0.00
2,0.00,138,695.69,629.19,0.00
2,0.00,139,672.83,440.72,0.00
2,0.00,140,124.76,922.70,0.00
2,0.00,141,387.87,834.83,0.00
2,0.00,142,830.61,392.34,0.00
2,0.00,143,856.48,521.51,0.00
2,0.00,144,496.03,318.60,0.00
2,0.00,145,826.25,346.88,0.00
2,0.00,146,871.67,832.67,0.00
2,0.00,147,439.24,121.41,0.00
2,0.00,148,514.45,74.83,0.00
2,0.00,149,792.44,168.33,0.00
2,10.00,0,264.61,562.52,21.54
2,10.00,1,457.11,524.18,12.47
2,10.00,2,555.75,99.20,16.49
2,10.00,3,486.38,35.56,20.82
2,10.00,4,34.47,181.53,22.73
2,10.00,5,2.20,545.46,10.40
2,10.00,6,349.32,717.22,13.68
2,10.00,7,666.39,673.18,11.06
2,10.00,8,670.28,223.73,23.23
2,10.00,9,228.04,473.94,19.08
2,10.00,10,60.54,968.30,5.53
2,10.00,11,573.32,682.48,11.22
2,10.00,12,728.41,22.75,7.44
2,10.00,13,828.19,999.15,13.66
2,10.00,14,243.91,807.16,7.57
2,10.00,15,185.80,55.84,7.42
2,10.00,16,580.25,191.81,6.73
2,10.00,17,466.38,338.33,18.43
2,10.00,18,51.74,310.14,14.01
2,10.00,19,626.08,169.54,11.45
2,10.00,20,445.76,998.46,13.34
2,10.00,21,520.76,401.68,22.98
2,10.00,22,614.53,283.96,20.65
2,10.00,23,765.47,750.85,23.56
2,10.00,24,871.97,189.54,9.82
2,10.00,25,534.10,275.79,15.83
2,10.00,26,252.68,747.82,7.57
2,10.00,27,343.92,474.40,13.02
2,10.00,28,110.02,734.18,17.25
2,10.00,29,399.18,451.72,24.25
2,10.00,30,759.17,545.35,13.51
2,10.00,31,921.35,785.80,22.38
2,10.00,32,930.12,588.18,12.77
2,10.00,33,236.83,330.44,22.47
2,10.00,34,333.63,332.65,13.70
2,10.00,35,570.16,192.89,13.79
2,10.00,36,979.25,434.87,21.61
2,10.00,37,586.41,660.16,19.65
2,10.00,38,973.22,987.39,5.50
2,10.00,39,696.72,754.88,12.46
2,10.00,40,830.63,962.17,5.24
2,10.00,41,77.14,856.01,19.00
2,10.00,42,41.38,971.18,12.53
2,10.00,43,631.50,928.11,15.16
2,10.00,44,999.20,775.53,14.77
2,10.00,45,680.65,685.13,18.90
2,10.00,46,885.84,957.35,13.09
2,10.00,47,830.99,498.79,8.30
2,10.00,48,728.84,442.32,8.94
2,10.00,49,737.40,874.37,14.70
2,10.00,50,374.34,726.08,17.15
2,10.00,51,142.38,433.97,19.81
2,10.00,52,143.37,902.31,19.50
2,10.00,53,653.21,423.97,21.72
2,10.00,54,249.03,433.65,16.81
2,10.00,55,99.82,115.00,14.47
2,10.00,56,446.62,611.77,14.34
2,10.00,57,410.93,362.30,24.11
2,10.00,58,155.34,761.86,17.43
2,10.00,59,898.39,13.93,24.68
2,10.00,60,286.25,733.44,11.16
2,10.00,61,862.83,668.75,24.71
2,10.00,62,788.50,891.60,8.91
2,10.00,63,352.90,781.46,8.71
2,10.00,64,710.12,439.96,21.94
2,10.00,65,160.19,917.94,20.18
2,10.00,66,398.53,370.54,12.91
2,10.00,67,788.86,544.11,20.78
2,10.00,68,468.21,571.97,5.02
2,10.00,69,792.29,210.61,21.49
2,10.00,70,194.73,623.42,13.96
2,10.00,71,298.21,74.00,12.57
2,10.00,72,660.77,866.32,21.81
2,10.00,73,394.86,872.05,13.86
2,10.00,74,178.15,568.16,17.56
2,10.00,75,699.49,435.32,12.65
2,10.00,76,707.71,555.80,18.00
2,10.00,77,833.40,920.18,23.23
2,10.00,78,652.51,357.62,5.10
2,10.00,79,166.84,572.22,14.40
2,10.00,80,291.40,33.79,22.62
2,10.00,81,27.62,173.77,10.98
2,10.00,82,373.57,482.57,15.50
2,10.00,83,635.13,38.60,13.63
2,10.00,84,612.28,432.58,22.65
2,10.00,85,416.94,154.88,15.45
2,10.00,86,946.84,703.93,7.44
2,10.00,87,44.87,818.73,14.85
2,10.00,88,371.70,966.98,20.37
2,10.00,89,642.31,186.51,8.53
2,10.00,90,119.74,115.04,15.86
2,10.00,91,49.99,157.12,21.48
2,10.00,92,325.89,861.81,14.97
2,10.00,93,321.39,389.41,16.60
2,10.00,94,611.33,329.45,15.11
2,10.00,95,850.89,940.18,5.88
2,10.00,96,99.11,705.05,11.61
2,10.00,97,749.25,320.08,20.60
2,10.00,98,185.06,994.69,5.66
2,10.00,99,747.90,313.21,13.69
2,10.00,100,920.23,427.43,15.46
2,10.00,101,615.03,569.41,24.62
2,10.00,102,926.19,302.15,21.31
2,10.00,103,253.78,325.18,8.50
2,10.00,104,997.25,929.16,24.83
2,10.00,105,787.69,989.55,6.04
2,10.00,106,386.86,737.67,14.65
2,10.00,107,472.03,682.74,21.99
2,10.00,108,240.06,283.38,24.12
2,10.00,109,374.37,237.02,24.33
2,10.00,110,653.71,824.50,8.13
2,10.00,111,326.20,849.16,19.97
2,10.00,112,375.29,608.34,17.21
2,10.00,113,935.37,125.00,19.11
2,10.00,114,550.72,346.96,10.16
2,10.00,115,262.03,233.62,9.98
2,10.00,116,841.90,212.09,20.35
2,10.00,117,950.49,113.89,17.45
2,10.00,118,447.16,60.78,14.87
2,10.00,119,520.70,551.20,10.77
2,10.00,120,558.29,761.93,22.11
2,10.00,121,53.41,894.17,11.57
2,10.00,122,806.53,195.59,13.75
2,10.00,123,503.00,969.72,6.18
2,10.00,124,728.46,496.55,11.12
2,10.00,125,945.26,602.61,24.77
2,10.00,126,36.70,850.18,24.41
2,10.00,127,488.79,58.33,5.94
2,10.00,128,179.65,446.87,19.32
2,10.00,129,462.02,472.15,13.65
2,10.00,130,421.55,184.20,11.06
2,10.00,131,898.78,763.76,23.81
2,10.00,132,720.26,695.15,17.86
2,10.00,133,95.67,663.31,17.84
2,10.00,134,771.49,662.02,15.24
2,10.00,135,177.52,408.72,7.08
2,10.00,136,356.84,358.79,11.36
2,10.00,137,562.40,606.89,15.32
2,10.00,138,695.69,629.19,12.63
2,10.00,139,672.83,440.72,18.18
2,10.00,140,124.76,922.70,11.60
2,10.00,141,387.87,834.83,18.53
2,10.00,142,830.61,392.34,11.44
2,10.00,143,856.48,521.51,6.95
2,10.00,144,496.03,318.60,18.77
2,10.00,145,826.25,346.88,22.62
2,10.00,146,871.67,832.67,7.22
2,10.00,147,439.24,121.41,9.88
2,10.00,148,514.45,74.83,17.09
2,10.00,149,792.44,168.33,20.54
2,20.00,0,476.84,599.20,21.54
2,20.00,1,563.23,589.74,12.47
2,20.00,2,612.15,254.13,16.49
2,20.00,3,356.50,51.86,0.00
2,20.00,4,259.36,148.41,22.73
2,20.00,5,90.68,490.77,10.40
2,20.00,6,424.25,602.81,13.68
2,20.00,7,740.89,754.86,11.06
2,20.00,8,871.00,106.79,23.23
2,20.00,9,292.00,294.18,19.08
2,20.00,10,110.78,945.17,5.53
2,20.00,11,475.64,737.64,11.22
2,20.00,12,656.12,40.15,7.44
2,20.00,13,791.77,867.52,13.66
2,20.00,14,319.64,805.72,7.57
2,20.00,15,128.68,81.99,0.00
2,20.00,16,536.78,140.38,6.73
2,20.00,17,326.54,218.33,18.43
2,20.00,18,169.90,234.87,14.01
2,20.00,19,548.99,254.19,11.45
2,20.00,20,579.12,994.92,13.34
2,20.00,21,614.89,611.32,22.98
2,20.00,22,747.32,442.12,20.65
2,20.00,23,593.79,589.44,23.56
2,20.00,24,882.62,226.08,0.00
2,20.00,25,505.02,120.22,15.83
2,20.00,26,313.48,702.72,7.57
2,20.00,27,465.77,520.39,13.02
2,20.00,28,208.38,592.54,17.25
2,20.00,29,260.96,252.52,24.25
2,20.00,30,644.91,473.23,13.51
2,20.00,31,933.00,562.26,22.38
2,20.00,32,838.72,499.03,12.77
2,20.00,33,439.08,428.33,22.47
2,20.00,34,464.12,290.92,13.70
2,20.00,35,620.06,321.45,13.79
2,20.00,36,766.02,399.87,21.61
2,20.00,37,705.11,816.80,19.65
2,20.00,38,920.79,970.61,5.50
2,20.00,39,794.92,678.22,12.46
2,20.00,40,809.27,914.31,5.24
2,20.00,41,246.43,769.74,19.00
2,20.00,42,139.18,892.81,12.53
2,20.00,43,718.54,804.04,15.16
2,20.00,44,851.75,767.47,14.77
2,20.00,45,547.81,550.70,18.90
2,20.00,46,822.95,842.56,13.09
2,20.00,47,757.93,538.11,8.30
2,20.00,48,738.98,531.15,8.94
2,20.00,49,836.75,804.89,0.00
2,20.00,50,260.83,597.56,17.15
2,20.00,51,220.61,251.92,19.81
2,20.00,52,202.83,716.64,19.50
2,20.00,53,463.95,317.41,21.72
2,20.00,54,258.69,601.44,16.81
2,20.00,55,94.01,259.62,14.47
2,20.00,56,516.03,486.24,14.34
2,20.00,57,170.89,384.88,24.11
2,20.00,58,230.63,604.61,17.43
2,20.00,59,777.72,229.22,24.68
2,20.00,60,292.20,844.85,11.16
2,20.00,61,745.48,451.24,24.71
2,20.00,62,821.12,808.70,8.91
2,20.00,63,283.31,833.91,8.71
2,20.00,64,639.25,232.37,21.94
2,20.00,65,361.72,928.33,20.18
2,20.00,66,522.74,335.39,12.91
2,20.00,67,945.46,407.55,20.78
2,20.00,68,445.94,526.96,5.02
2,20.00,69,636.97,359.18,21.49
2,20.00,70,274.22,738.12,13.96
2,20.00,71,262.02,194.41,12.57
2,20.00,72,451.38,805.13,21.81
2,20.00,73,504.14,786.81,13.86
2,20.00,74,340.95,633.97,17.56
2,20.00,75,637.76,324.91,12.65
2,20.00,76,534.17,508.00,18.00
2,20.00,77,631.49,805.32,23.23
2,20.00,78,683.38,398.24,5.10
2,20.00,79,260.70,681.48,14.40
2,20.00,80,183.12,232.37,22.62
2,20.00,81,134.90,150.39,10.98
2,20.00,82,321.64,336.49,15.50
2,20.00,83,668.66,62.54,0.00
2,20.00,84,620.97,206.19,22.65
2,20.00,85,273.17,98.33,15.45
2,20.00,86,880.86,669.54,7.44
2,20.00,87,137.47,702.61,14.85
2,20.00,88,537.81,849.06,20.37
2,20.00,89,598.37,259.63,8.53
2,20.00,90,150.62,270.60,15.86
2,20.00,91,208.56,301.98,21.48
2,20.00,92,377.36,721.21,14.97
2,20.00,93,469.39,314.18,16.60
2,20.00,94,460.28,331.71,15.11
2,20.00,95,792.90,930.22,5.88
2,20.00,96,179.74,621.56,11.61
2,20.00,97,546.75,358.05,20.60
2,20.00,98,175.50,938.89,5.66
2,20.00,99,884.62,320.42,13.69
2,20.00,100,790.49,343.29,15.46
2,20.00,101,777.70,384.59,24.62
2,20.00,102,836.61,495.55,21.31
2,20.00,103,302.31,394.94,8.50
2,20.00,104,760.20,855.32,24.83
2,20.00,105,755.31,938.56,6.04
2,20.00,106,467.42,615.25,14.65
2,20.00,107,252.12,686.03,21.99
2,20.00,108,480.45,262.99,24.12
2,20.00,109,447.39,469.09,24.33
2,20.00,110,599.40,764.07,8.13
2,20.00,111,353.39,651.31,19.97
2,20.00,112,530.71,682.14,17.21
2,20.00,113,775.88,230.29,19.11
2,20.00,114,492.85,263.39,10.16
2,20.00,115,203.96,314.73,9.98
2,20.00,116,638.63,220.93,20.35
2,20.00,117,788.59,179.10,17.45
2,20.00,118,380.19,193.50,14.87
2,20.00,119,434.43,486.78,10.77
2,20.00,120,778.85,778.09,22.11
2,20.00,121,92.88,785.45,11.57
2,20.00,122,731.89,311.07,13.75
2,20.00,123,559.54,944.82,6.18
2,20.00,124,648.04,573.34,11.12
2,20.00,125,727.92,483.87,24.77
2,20.00,126,53.91,813.90,0.00
2,20.00,127,504.87,115.55,5.94
2,20.00,128,339.31,338.11,19.32
2,20.00,129,523.85,350.47,13.65
2,20.00,130,489.47,271.53,11.06
2,20.00,131,692.94,883.44,23.81
2,20.00,132,603.47,560.03,17.86
2,20.00,133,109.58,503.54,0.00
2,20.00,134,731.53,514.92,15.24
2,20.00,135,215.90,468.19,7.08
2,20.00,136,442.74,433.15,11.36
2,20.00,137,477.64,553.16,0.00
2,20.00,138,669.14,752.64,12.63
2,20.00,139,511.45,357.01,18.18
2,20.00,140,148.06,809.02,11.60
2,20.00,141,515.72,700.69,18.53
2,20.00,142,776.78,493.32,11.44
2,20.00,143,848.06,583.88,0.00
2,20.00,144,381.81,467.53,18.77
2,20.00,145,632.73,464.06,22.62
2,20.00,146,830.59,773.34,7.22
2,20.00,147,341.35,135.04,9.88
2,20.00,148,608.59,217.46,17.09
2,20.00,149,592.63,120.76,20.54
2,30.00,0,689.07,635.87,21.54
2,30.00,1,613.62,620.86,0.00
2,30.00,2,668.55,409.06,16.49
2,30.00,3,369.33,84.39,9.42
2,30.00,4,484.25,115.28,22.73
2,30.00,5,179.16,436.08,10.40
2,30.00,6,499.17,488.41,13.68
2,30.00,7,815.39,836.55,11.06
2,30.00,8,911.83,83.01,0.00
2,30.00,9,346.52,140.99,0.00
2,30.00,10,161.01,922.05,5.53
2,30.00,11,377.95,792.79,11.22
2,30.00,12,583.84,57.56,7.44
2,30.00,13,755.34,735.90,13.66
2,30.00,14,395.37,804.28,7.57
2,30.00,15,137.56,85.29,6.19
2,30.00,16,493.30,88.95,6.73
2,30.00,17,301.33,196.70,0.00
2,30.00,18,288.06,159.60,14.01
2,30.00,19,512.53,294.21,0.00
2,30.00,20,712.49,991.37,13.34
2,30.00,21,648.31,685.74,0.00
2,30.00,22,880.12,600.29,20.65
2,30.00,23,422.10,428.03,23.56
2,30.00,24,876.53,283.81,9.48
2,30.00,25,483.33,4.16,0.00
2,30.00,26,374.29,657.63,7.57
2,30.00,27,587.62,566.38,13.02
2,30.00,28,306.75,450.89,17.25
2,30.00,29,209.26,178.00,0.00
2,30.00,30,530.65,401.12,13.51
2,30.00,31,944.65,338.73,22.38
2,30.00,32,747.33,409.87,12.77
2,30.00,33,471.38,443.96,0.00
2,30.00,34,583.64,252.69,0.00
2,30.00,35,669.96,450.02,13.79
2,30.00,36,552.79,364.87,21.61
2,30.00,37,736.78,858.59,0.00
2,30.00,38,868.36,953.83,5.50
2,30.00,39,883.65,608.94,0.00
2,30.00,40,787.90,866.44,5.24
2,30.00,41,415.71,683.46,19.00
2,30.00,42,236.99,814.43,12.53
2,30.00,43,805.58,679.97,15.16
2,30.00,44,704.30,759.42,14.77
2,30.00,45,414.96,416.27,18.90
2,30.00,46,760.06,727.78,13.09
2,30.00,47,684.88,577.42,8.30
2,30.00,48,743.33,569.28,0.00
2,30.00,49,798.49,792.18,23.02
2,30.00,50,147.32,469.05,17.15
2,30.00,51,279.46,114.98,0.00
2,30.00,52,262.29,530.96,19.50
2,30.00,53,274.68,210.84,21.72
2,30.00,54,268.35,769.24,16.81
2,30.00,55,88.21,404.24,14.47
2,30.00,56,585.45,360.70,14.34
2,30.00,57,150.75,386.77,0.00
2,30.00,58,305.92,447.37,17.43
2,30.00,59,758.11,264.21,0.00
2,30.00,60,297.10,936.57,0.00
2,30.00,61,628.13,233.73,24.71
2,30.00,62,853.74,725.79,8.91
2,30.00,63,213.72,886.36,8.71
2,30.00,64,613.96,158.29,0.00
2,30.00,65,563.25,938.71,20.18
2,30.00,66,646.95,300.25,12.91
2,30.00,67,973.16,383.40,0.00
2,30.00,68,423.67,481.96,5.02
2,30.00,69,481.65,507.75,21.49
2,30.00,70,319.72,803.78,0.00
2,30.00,71,225.82,314.82,12.57
2,30.00,72,426.64,797.91,0.00
2,30.00,73,613.43,701.56,13.86
2,30.00,74,503.76,699.78,17.56
2,30.00,75,576.03,214.50,12.65
2,30.00,76,360.64,460.20,18.00
2,30.00,77,455.88,705.42,0.00
2,30.00,78,714.24,438.86,5.10
2,30.00,79,354.55,790.74,14.40
2,30.00,80,74.84,430.95,22.62
2,30.00,81,242.17,127.02,10.98
2,30.00,82,269.72,190.41,15.50
2,30.00,83,631.02,85.03,6.28
2,30.00,84,626.64,58.61,0.00
2,30.00,85,129.40,41.77,15.45
2,30.00,86,814.88,635.14,7.44
2,30.00,87,230.08,586.49,14.85
2,30.00,88,703.92,731.13,20.37
2,30.00,89,554.42,332.76,8.53
2,30.00,90,181.00,423.63,0.00
2,30.00,91,367.13,446.84,21.48
2,30.00,92,428.83,580.62,14.97
2,30.00,93,617.39,238.95,16.60
2,30.00,94,309.22,333.97,15.11
2,30.00,95,734.91,920.27,5.88
2,30.00,96,260.36,538.07,11.61
2,30.00,97,398.30,385.89,0.00
2,30.00,98,165.95,883.10,5.66
2,30.00,99,909.89,321.75,0.00
2,30.00,100,660.74,259.16,15.46
2,30.00,101,922.36,220.24,0.00
2,30.00,102,747.04,688.95,21.31
2,30.00,103,350.83,464.69,8.50
2,30.00,104,523.15,781.47,24.83
2,30.00,105,722.92,887.57,6.04
2,30.00,106,547.98,492.84,14.65
2,30.00,107,47.49,689.09,0.00
2,30.00,108,720.83,242.60,24.12
2,30.00,109,520.41,701.15,24.33
2,30.00,110,545.08,703.63,8.13
2,30.00,111,380.59,453.47,19.97
2,30.00,112,686.13,755.93,17.21
2,30.00,113,616.38,335.58,19.11
2,30.00,114,466.81,225.78,0.00
2,30.00,115,145.88,395.84,9.98
2,30.00,116,435.36,229.77,20.35
2,30.00,117,626.69,244.31,17.45
2,30.00,118,313.22,326.22,14.87
2,30.00,119,348.17,422.37,10.77
2,30.00,120,879.64,785.48,0.00
2,30.00,121,132.35,676.73,11.57
2,30.00,122,657.26,426.55,13.75
2,30.00,123,616.08,919.92,6.18
2,30.00,124,567.62,650.13,11.12
2,30.00,125,510.58,365.14,24.77
2,30.00,126,200.35,837.68,17.76
2,30.00,127,520.94,172.77,5.94
2,30.00,128,498.96,229.35,19.32
2,30.00,129,585.68,228.79,13.65
2,30.00,130,557.39,358.86,11.06
2,30.00,131,526.28,980.35,0.00
2,30.00,132,486.67,424.92,17.86
2,30.00,133,92.71,513.38,0.00
2,30.00,134,691.58,367.82,15.24
2,30.00,135,254.29,527.67,7.08
2,30.00,136,468.71,455.63,0.00
2,30.00,137,514.19,571.27,11.83
2,30.00,138,642.59,876.08,12.63
2,30.00,139,350.08,273.30,18.18
2,30.00,140,171.37,695.33,11.60
2,30.00,141,643.56,566.54,18.53
2,30.00,142,722.94,594.30,11.44
2,30.00,143,834.36,589.76,15.69
2,30.00,144,296.98,578.15,0.00
2,30.00,145,439.22,581.25,22.62
2,30.00,146,789.51,714.02,7.22
2,30.00,147,243.46,148.67,9.88
2,30.00,148,702.72,360.09,17.09
2,30.00,149,392.83,73.18,20.54
2,40.00,0,901.30,672.55,21.54
2,40.00,1,578.92,502.38,23.50
2,40.00,2,724.94,563.98,16.49
2,40.00,3,388.36,132.67,0.00
2,40.00,4,709.14,82.16,22.73
2,40.00,5,267.65,381.39,10.40
2,40.00,6,574.10,374.00,13.68
2,40.00,7,889.90,918.24,11.06
2,40.00,8,876.94,106.17,5.26
2,40.00,9,366.65,139.87,13.64
2,40.00,10,211.24,898.93,5.53
2,40.00,11,299.36,837.16,0.00
2,40.00,12,511.55,74.96,7.44
2,40.00,13,718.92,604.28,13.66
2,40.00,14,471.11,802.84,7.57
2,40.00,15,195.54,106.88,6.19
2,40.00,16,449.83,37.51,6.73
2,40.00,17,343.98,144.71,0.00
2,40.00,18,371.31,106.56,0.00
2,40.00,19,500.49,357.15,12.16
2,40.00,20,822.00,988.46,0.00
2,40.00,21,519.58,627.47,21.91
2,40.00,22,944.22,676.63,0.00
2,40.00,23,295.92,309.40,0.00
2,40.00,24,866.58,378.07,9.48
2,40.00,25,496.31,59.04,22.21
2,40.00,26,435.10,612.54,7.57
2,40.00,27,593.37,568.55,0.00
2,40.00,28,405.11,309.25,17.25
2,40.00,29,243.02,276.78,16.68
2,40.00,30,416.39,329.00,13.51
2,40.00,31,954.23,154.67,0.00
2,40.00,32,655.94,320.71,12.77
2,40.00,33,358.36,517.30,16.03
2,40.00,34,588.57,265.58,16.41
2,40.00,35,719.86,578.58,13.79
2,40.00,36,376.63,335.95,0.00
2,40.00,37,685.57,803.14,10.29
2,40.00,38,815.93,937.06,5.50
2,40.00,39,881.30,591.56,18.20
2,40.00,40,766.54,818.58,5.24
2,40.00,41,584.99,597.19,19.00
2,40.00,42,334.79,736.06,12.53
2,40.00,43,892.62,555.90,15.16
2,40.00,44,556.85,751.37,14.77
2,40.00,45,282.12,281.85,18.90
2,40.00,46,718.59,652.09,0.00
2,40.00,47,611.82,616.74,8.30
2,40.00,48,676.13,560.43,11.88
2,40.00,49,580.03,719.57,23.02
2,40.00,50,69.91,381.40,0.00
2,40.00,51,327.00,129.23,20.04
2,40.00,52,286.55,455.18,0.00
2,40.00,53,144.43,137.51,0.00
2,40.00,54,278.00,937.03,16.81
2,40.00,55,82.40,548.86,14.47
2,40.00,56,653.63,237.39,0.00
2,40.00,57,243.12,489.09,15.05
2,40.00,58,381.20,290.13,17.43
2,40.00,59,786.64,415.47,18.38
2,40.00,60,294.70,906.60,17.02
2,40.00,61,617.30,213.67,0.00
2,40.00,62,886.36,642.89,8.91
2,40.00,63,144.13,938.80,8.71
2,40.00,64,594.17,273.35,18.15
2,40.00,65,764.79,949.10,20.18
2,40.00,66,759.59,268.38,0.00
2,40.00,67,868.81,392.07,12.72
2,40.00,68,401.41,436.96,5.02
2,40.00,69,326.34,656.33,21.49
2,40.00,70,278.09,709.66,24.07
2,40.00,71,189.63,435.23,12.57
2,40.00,72,471.95,724.58,9.77
2,40.00,73,684.08,646.45,0.00
2,40.00,74,666.56,765.60,17.56
2,40.00,75,530.03,132.23,0.00
2,40.00,76,187.10,412.40,18.00
2,40.00,77,460.37,698.84,6.12
2,40.00,78,745.11,479.48,5.10
2,40.00,79,448.40,900.00,14.40
2,40.00,80,64.92,449.15,0.00
2,40.00,81,348.89,103.77,0.00
2,40.00,82,225.00,64.60,0.00
2,40.00,83,599.93,103.60,0.00
2,40.00,84,625.31,81.48,6.58
2,40.00,85,29.64,2.53,0.00
2,40.00,86,748.89,600.75,7.44
2,40.00,87,322.68,470.37,14.85
2,40.00,88,870.03,613.21,20.37
2,40.00,89,510.48,405.88,8.53
2,40.00,90,182.85,423.73,11.39
2,40.00,91,525.70,591.70,21.48
2,40.00,92,480.30,440.02,14.97
2,40.00,93,765.39,163.71,16.60
2,40.00,94,158.17,336.23,15.11
2,40.00,95,676.92,910.31,5.88
2,40.00,96,340.99,454.57,11.61
2,40.00,97,404.68,406.67,8.14
2,40.00,98,156.40,827.30,5.66
2,40.00,99,710.92,345.65,24.58
2,40.00,100,531.00,175.03,15.46
2,40.00,101,912.54,219.51,8.89
2,40.00,102,657.46,882.34,21.31
2,40.00,103,399.36,534.44,8.50
2,40.00,104,286.11,707.63,24.83
2,40.00,105,690.54,836.58,6.04
2,40.00,106,628.54,370.42,14.65
2,40.00,107,60.99,693.16,20.30
2,40.00,108,779.07,237.66,0.00
2,40.00,109,593.43,933.22,24.33
2,40.00,110,490.77,643.19,8.13
2,40.00,111,405.12,275.01,0.00
2,40.00,112,790.79,805.62,0.00
2,40.00,113,468.22,433.38,0.00
2,40.00,114,450.49,248.52,5.09
2,40.00,115,87.81,476.95,9.98
2,40.00,116,232.09,238.61,20.35
2,40.00,117,464.79,309.52,17.45
2,40.00,118,246.26,458.94,14.87
2,40.00,119,287.69,377.22,0.00
2,40.00,120,776.81,726.32,21.85
2,40.00,121,171.82,568.01,11.57
2,40.00,122,582.62,542.03,13.75
2,40.00,123,672.63,895.03,6.18
2,40.00,124,502.13,712.66,0.00
2,40.00,125,293.24,246.40,24.77
2,40.00,126,358.10,863.29,0.00
2,40.00,127,537.02,229.99,5.94
2,40.00,128,601.30,159.64,0.00
2,40.00,129,647.51,107.11,13.65
2,40.00,130,625.31,446.19,11.06
2,40.00,131,571.19,971.67,24.03
2,40.00,132,414.22,341.10,0.00
2,40.00,133,93.88,513.03,6.16
2,40.00,134,651.63,220.71,15.24
2,40.00,135,292.67,587.15,7.08
2,40.00,136,431.31,413.18,8.11
2,40.00,137,620.16,623.79,11.83
2,40.00,138,639.52,890.34,0.00
2,40.00,139,188.70,189.59,18.18
2,40.00,140,194.68,581.65,11.60
2,40.00,141,771.40,432.40,18.53
2,40.00,142,669.11,695.28,11.44
2,40.00,143,690.17,651.69,15.69
2,40.00,144,324.25,576.17,10.63
2,40.00,145,245.71,698.44,22.62
2,40.00,146,748.42,654.70,7.22
2,40.00,147,145.56,162.30,9.88
2,40.00,148,796.85,502.73,17.09
2,40.00,149,324.22,56.85,0.00
2,50.00,0,920.71,675.90,0.00
2,50.00,1,512.86,276.83,23.50
2,50.00,2,781.34,718.91,16.49
2,50.00,3,341.42,112.23,11.40
2,50.00,4,772.78,72.79,0.00
2,50.00,5,356.13,326.70,10.40
2,50.00,6,649.02,259.60,13.68
2,50.00,7,957.51,992.37,0.00
2,50.00,8,833.14,135.24,5.26
2,50.00,9,502.89,132.25,13.64
2,50.00,10,261.48,875.81,5.53
2,50.00,11,323.13,794.54,24.97
2,50.00,12,439.27,92.37,7.44
2,50.00,13,682.49,472.66,13.66
2,50.00,14,546.84,801.41,7.57
2,50.00,15,253.52,128.47,6.19
2,50.00,16,446.79,33.92,0.00
2,50.00,17,285.72,93.33,17.02
2,50.00,18,325.37,149.88,21.37
2,50.00,19,477.66,476.56,12.16
2,50.00,20,815.67,971.85,9.94
2,50.00,21,319.99,537.13,21.91
2,50.00,22,860.27,685.01,16.31
2,50.00,23,253.81,268.69,22.10
2,50.00,24,856.64,472.33,9.48
2,50.00,25,535.79,225.91,0.00
2,50.00,26,495.90,567.44,7.57
2,50.00,27,543.58,773.78,22.16
2,50.00,28,503.47,167.60,17.25
2,50.00,29,296.96,434.60,16.68
2,50.00,30,302.13,256.89,13.51
2,50.00,31,934.27,174.08,15.76
2,50.00,32,564.55,231.55,12.77
2,50.00,33,223.86,604.57,16.03
2,50.00,34,610.12,321.93,0.00
2,50.00,35,769.76,707.14,13.79
2,50.00,36,346.46,355.36,20.63
2,50.00,37,615.72,727.51,10.29
2,50.00,38,763.50,920.28,5.50
2,50.00,39,856.97,411.20,18.20
2,50.00,40,745.18,770.71,5.24
2,50.00,41,754.28,510.91,19.00
2,50.00,42,432.60,657.69,12.53
2,50.00,43,932.25,499.40,0.00
2,50.00,44,409.40,743.32,14.77
2,50.00,45,149.90,148.06,0.00
2,50.00,46,701.03,644.40,5.63
2,50.00,47,538.76,656.06,8.30
2,50.00,48,558.39,544.93,11.88
2,50.00,49,361.57,646.97,23.02
2,50.00,50,135.17,408.88,22.27
2,50.00,51,518.92,186.78,20.04
2,50.00,52,369.46,535.42,19.49
2,50.00,53,212.72,150.67,22.31
2,50.00,54,281.39,995.81,0.00
2,50.00,55,76.60,693.49,14.47
2,50.00,56,650.61,237.69,17.20
2,50.00,57,343.94,600.77,15.05
2,50.00,58,402.76,245.11,0.00
2,50.00,59,820.71,596.08,18.38
2,50.00,60,281.17,736.98,17.02
2,50.00,61,576.83,432.52,24.52
2,50.00,62,918.97,559.98,8.91
2,50.00,63,79.33,987.63,0.00
2,50.00,64,563.41,452.26,18.15
2,50.00,65,966.32,959.48,20.18
2,50.00,66,738.47,277.25,24.59
2,50.00,67,742.05,402.62,12.72
2,50.00,68,379.14,391.96,5.02
2,50.00,69,171.02,804.90,21.49
2,50.00,70,180.74,489.58,24.07
2,50.00,71,153.44,555.64,12.57
2,50.00,72,523.32,641.43,9.77
2,50.00,73,712.74,585.28,19.11
2,50.00,74,784.29,813.19,0.00
2,50.00,75,514.36,190.93,23.85
2,50.00,76,48.00,374.09,0.00
2,50.00,77,494.87,648.29,6.12
2,50.00,78,775.98,520.10,5.10
2,50.00,79,462.26,916.14,0.00
2,50.00,80,70.16,402.54,5.16
2,50.00,81,348.84,104.14,7.13
2,50.00,82,249.52,74.20,18.98
2,50.00,83,655.97,108.67,13.28
2,50.00,84,621.52,147.20,6.58
2,50.00,85,85.36,48.05,23.51
2,50.00,86,682.91,566.36,7.44
2,50.00,87,389.97,385.99,0.00
2,50.00,88,882.15,604.61,0.00
2,50.00,89,466.54,479.01,8.53
2,50.00,90,296.56,429.70,11.39
2,50.00,91,684.28,736.56,21.48
2,50.00,92,507.50,365.73,0.00
2,50.00,93,913.39,88.48,16.60
2,50.00,94,80.37,337.39,0.00
2,50.00,95,618.93,900.36,5.88
2,50.00,96,417.40,375.43,0.00
2,50.00,97,428.58,484.52,8.14
2,50.00,98,146.84,771.50,5.66
2,50.00,99,466.84,374.98,24.58
2,50.00,100,439.91,115.96,0.00
2,50.00,101,823.86,212.92,8.89
2,50.00,102,623.56,955.54,0.00
2,50.00,103,447.89,604.19,8.50
2,50.00,104,100.91,649.93,0.00
2,50.00,105,658.15,785.59,6.04
2,50.00,106,675.56,298.97,0.00
2,50.00,107,255.40,751.71,20.30
2,50.00,108,798.60,325.99,11.94
2,50.00,109,600.96,957.17,0.00
2,50.00,110,436.46,582.75,8.13
2,50.00,111,404.82,280.56,5.68
2,50.00,112,766.61,741.23,21.06
2,50.00,113,481.50,426.61,20.95
2,50.00,114,420.82,289.89,5.09
2,50.00,115,41.88,541.10,0.00
2,50.00,116,115.94,243.66,0.00
2,50.00,117,302.89,374.73,17.45
2,50.00,118,179.29,591.66,14.87
2,50.00,119,328.24,407.77,16.98
2,50.00,120,587.45,617.38,21.85
2,50.00,121,211.29,459.29,11.57
2,50.00,122,507.99,657.50,13.75
2,50.00,123,694.19,885.53,0.00
2,50.00,124,531.34,700.92,16.95
2,50.00,125,127.01,155.59,0.00
2,50.00,126,363.83,844.90,19.27
2,50.00,127,553.10,287.21,5.94
2,50.00,128,595.70,196.49,10.38
2,50.00,129,685.37,32.59,0.00
2,50.00,130,693.23,533.52,11.06
2,50.00,131,807.13,926.09,24.03
2,50.00,132,377.12,332.97,10.00
2,50.00,133,152.84,495.31,6.16
2,50.00,134,611.68,73.61,15.24
2,50.00,135,307.06,609.44,0.00
2,50.00,136,377.70,352.31,8.11
2,50.00,137,643.71,635.45,0.00
2,50.00,138,516.46,912.57,14.14
2,50.00,139,153.06,171.10,0.00
2,50.00,140,217.98,467.96,11.60
2,50.00,141,838.98,361.50,0.00
2,50.00,142,615.27,796.26,11.44
2,50.00,143,545.99,713.62,15.69
2,50.00,144,430.27,568.48,10.63
2,50.00,145,107.94,781.87,0.00
2,50.00,146,707.34,595.37,7.22
2,50.00,147,47.67,175.92,9.88
2,50.00,148,890.98,645.36,17.09
2,50.00,149,193.27,47.40,0.00
2,60.00,0,990.31,603.87,0.00
2,60.00,1,479.56,163.12,0.00
2,60.00,2,809.77,797.00,0.00
2,60.00,3,236.90,66.73,11.40
2,60.00,4,803.33,245.30,24.43
2,60.00,5,444.61,272.01,10.40
2,60.00,6,723.94,145.19,13.68
2,60.00,7,950.29,988.86,8.68
2,60.00,8,789.34,164.31,5.26
2,60.00,9,639.12,124.64,13.64
2,60.00,10,311.71,852.69,5.53
2,60.00,11,444.77,576.43,24.97
2,60.00,12,366.98,109.77,7.44
2,60.00,13,656.88,380.11,0.00
2,60.00,14,622.57,799.97,7.57
2,60.00,15,311.50,150.05,6.19
2,60.00,16,542.58,147.99,16.01
2,60.00,17,236.84,50.21,0.00
2,60.00,18,169.86,296.52,21.37
2,60.00,19,454.82,595.96,12.16
2,60.00,20,780.31,878.99,9.94
2,60.00,21,120.41,446.79,21.91
2,60.00,22,697.99,701.21,16.31
2,60.00,23,94.94,115.08,22.10
2,60.00,24,846.69,566.60,9.48
2,60.00,25,549.48,245.11,10.35
2,60.00,26,556.71,522.35,7.57
2,60.00,27,513.88,896.22,0.00
2,60.00,28,555.07,93.30,0.00
2,60.00,29,350.90,592.43,16.68
2,60.00,30,187.87,184.77,13.51
2,60.00,31,821.26,283.97,15.76
2,60.00,32,555.00,222.24,0.00
2,60.00,33,166.60,641.73,0.00
2,60.00,34,537.14,281.01,13.23
2,60.00,35,819.66,835.70,13.79
2,60.00,36,172.95,467.03,20.63
2,60.00,37,545.87,651.88,10.29
2,60.00,38,711.07,903.50,5.50
2,60.00,39,852.26,376.32,0.00
2,60.00,40,723.82,722.85,5.24
2,60.00,41,923.56,424.64,19.00
2,60.00,42,441.62,650.46,0.00
2,60.00,43,903.45,499.73,5.29
2,60.00,44,261.95,735.26,14.77
2,60.00,45,150.24,148.30,8.82
2,60.00,46,649.48,621.82,5.63
2,60.00,47,465.71,695.37,8.30
2,60.00,48,440.64,529.42,11.88
2,60.00,49,295.95,625.16,0.00
2,60.00,50,340.40,495.26,22.27
2,60.00,51,703.55,242.13,0.00
2,60.00,52,509.53,670.98,19.49
2,60.00,53,431.75,192.90,22.31
2,60.00,54,408.08,993.88,19.50
2,60.00,55,70.79,838.11,14.47
2,60.00,56,479.41,254.74,17.20
2,60.00,57,444.77,712.46,15.05
2,60.00,58,546.75,270.80,20.49
2,60.00,59,837.77,686.51,0.00
2,60.00,60,267.63,567.35,17.02
2,60.00,61,572.13,457.91,0.00
2,60.00,62,951.59,477.08,8.91
2,60.00,63,78.79,975.11,18.18
2,60.00,64,532.65,631.16,18.15
2,60.00,65,993.32,960.87,0.00
2,60.00,66,511.73,372.40,24.59
2,60.00,67,615.29,413.16,12.72
2,60.00,68,356.87,346.96,5.02
2,60.00,69,57.83,913.18,0.00
2,60.00,70,119.26,350.58,0.00
2,60.00,71,117.25,676.05,12.57
2,60.00,72,574.70,558.28,9.77
2,60.00,73,793.81,412.26,19.11
2,60.00,74,837.69,811.46,19.30
2,60.00,75,497.38,254.54,0.00
2,60.00,76,81.53,390.21,18.74
2,60.00,77,529.37,597.74,6.12
2,60.00,78,806.85,560.72,5.10
2,60.00,79,334.33,921.54,15.02
2,60.00,80,75.93,351.23,5.16
2,60.00,81,339.46,174.82,7.13
2,60.00,82,426.25,143.42,18.98
2,60.00,83,784.04,120.25,0.00
2,60.00,84,617.73,212.92,6.58
2,60.00,85,267.42,196.80,23.51
2,60.00,86,616.93,531.97,7.44
2,60.00,87,382.42,338.16,17.71
2,60.00,88,836.30,566.80,6.41
2,60.00,89,422.59,552.13,8.53
2,60.00,90,410.26,435.68,11.39
2,60.00,91,842.85,881.42,21.48
2,60.00,92,401.01,342.39,23.11
2,60.00,93,930.01,80.03,0.00
2,60.00,94,88.16,377.71,8.47
2,60.00,95,560.94,890.40,5.88
2,60.00,96,420.85,379.76,10.60
2,60.00,97,452.48,562.37,8.14
2,60.00,98,137.29,715.71,5.66
2,60.00,99,362.23,387.55,0.00
2,60.00,100,478.93,106.68,13.46
2,60.00,101,753.50,207.70,0.00
2,60.00,102,515.63,957.25,17.37
2,60.00,103,496.42,673.94,8.50
2,60.00,104,153.48,642.92,24.25
2,60.00,105,636.38,751.32,0.00
2,60.00,106,733.15,289.57,14.01
2,60.00,107,449.82,810.25,20.30
2,60.00,108,824.37,442.57,11.94
2,60.00,109,519.09,806.23,19.15
2,60.00,110,382.14,522.31,8.13
2,60.00,111,401.79,337.25,5.68
2,60.00,112,692.58,544.07,21.06
2,60.00,113,668.17,331.47,20.95
2,60.00,114,391.14,331.26,5.09
2,60.00,115,72.99,576.01,22.35
2,60.00,116,117.40,335.70,21.48
2,60.00,117,283.22,382.65,0.00
2,60.00,118,112.32,724.37,14.87
2,60.00,119,401.21,462.76,0.00
2,60.00,120,536.27,587.94,0.00
2,60.00,121,250.75,350.57,11.57
2,60.00,122,433.35,772.98,13.75
2,60.00,123,564.86,818.08,23.58
2,60.00,124,688.64,637.69,16.95
2,60.00,125,147.36,177.95,12.86
2,60.00,126,421.19,660.98,19.27
2,60.00,127,569.18,344.43,5.94
2,60.00,128,580.09,299.13,10.38
2,60.00,129,669.98,53.95,6.79
2,60.00,130,761.15,620.84,11.06
2,60.00,131,932.50,901.87,0.00
2,60.00,132,279.41,311.54,10.00
2,60.00,133,211.81,477.60,6.16
2,60.00,134,604.06,45.55,0.00
2,60.00,135,449.40,662.18,24.28
2,60.00,136,324.09,291.45,8.11
2,60.00,137,501.13,723.45,21.54
2,60.00,138,377.33,937.70,14.14
2,60.00,139,130.72,345.63,22.58
2,60.00,140,241.29,354.28,11.60
2,60.00,141,786.30,351.39,11.38
2,60.00,142,561.44,897.24,11.44
2,60.00,143,401.81,775.55,15.69
2,60.00,144,536.30,560.79,10.63
2,60.00,145,129.12,755.47,11.75
2,60.00,146,666.26,536.05,7.22
2,60.00,147,36.20,177.52,0.00
2,60.00,148,957.15,745.62,0.00
2,60.00,149,193.29,47.48,8.75
2,70.00,0,972.63,572.75,14.78
2,70.00,1,429.77,258.57,21.71
2,70.00,2,768.04,761.70,11.02
2,70.00,3,132.38,21.22,11.40
2,70.00,4,845.92,485.91,24.43
2,70.00,5,533.09,217.32,10.40
2,70.00,6,766.80,79.76,0.00
2,70.00,7,872.26,950.89,8.68
2,70.00,8,745.54,193.38,5.26
2,70.00,9,682.32,122.23,0.00
2,70.00,10,361.94,829.57,5.53
2,70.00,11,566.40,358.31,24.97
2,70.00,12,294.70,127.17,7.44
2,70.00,13,652.52,423.11,14.55
2,70.00,14,698.30,798.53,7.57
2,70.00,15,369.48,171.64,6.19
2,70.00,16,645.54,270.62,16.01
2,70.00,17,297.90,55.99,9.94
2,70.00,18,105.29,357.42,0.00
2,70.00,19,431.99,715.37,12.16
2,70.00,20,744.95,786.12,9.94
2,70.00,21,45.02,412.67,0.00
2,70.00,22,535.70,717.40,16.31
2,70.00,23,90.74,111.03,0.00
2,70.00,24,836.75,660.86,9.48
2,70.00,25,609.58,329.40,10.35
2,70.00,26,617.51,477.26,7.57
2,70.00,27,603.25,837.24,24.81
2,70.00,28,500.61,193.23,23.94
2,70.00,29,361.12,622.34,0.00
2,70.00,30,138.70,153.73,0.00
2,70.00,31,708.24,393.86,15.76
2,70.00,32,522.33,257.64,5.38
2,70.00,33,309.38,655.64,24.98
2,70.00,34,421.73,216.31,13.23
2,70.00,35,827.28,855.34,0.00
2,70.00,36,164.11,472.72,0.00
2,70.00,37,476.02,576.25,10.29
2,70.00,38,659.91,887.13,0.00
2,70.00,39,702.33,304.96,20.59
2,70.00,40,702.45,674.98,5.24
2,70.00,41,932.81,419.93,0.00
2,70.00,42,286.95,623.14,17.30
2,70.00,43,850.57,500.33,5.29
2,70.00,44,197.84,731.76,0.00
2,70.00,45,221.43,200.31,8.82
2,70.00,46,597.94,599.24,5.63
2,70.00,47,392.65,734.69,8.30
2,70.00,48,322.90,513.92,11.88
2,70.00,49,431.24,719.39,23.56
2,70.00,50,526.20,573.47,0.00
2,70.00,51,695.51,240.63,21.54
2,70.00,52,649.60,806.54,19.49
2,70.00,53,650.77,235.13,22.31
2,70.00,54,603.08,990.92,19.50
2,70.00,55,69.88,860.65,0.00
2,70.00,56,328.26,269.80,0.00
2,70.00,57,545.60,824.15,15.05
2,70.00,58,748.49,306.78,20.49
2,70.00,59,813.16,697.02,5.36
2,70.00,60,255.67,417.56,0.00
2,70.00,61,678.00,587.72,18.72
2,70.00,62,984.21,394.17,8.91
2,70.00,63,70.94,793.45,18.18
2,70.00,64,501.88,810.07,18.15
2,70.00,65,924.78,944.04,8.15
2,70.00,66,489.35,381.79,0.00
2,70.00,67,488.53,423.70,12.72
2,70.00,68,334.60,301.96,5.02
2,70.00,69,85.21,893.56,12.42
2,70.00,70,140.18,344.87,5.89
2,70.00,71,81.05,796.46,12.57
2,70.00,72,593.03,528.61,0.00
2,70.00,73,862.25,266.17,0.00
2,70.00,74,989.33,806.55,0.00
2,70.00,75,429.80,261.03,9.38
2,70.00,76,250.45,471.42,18.74
2,70.00,77,563.86,547.20,6.12
2,70.00,78,837.72,601.34,5.10
2,70.00,79,184.23,927.87,15.02
2,70.00,80,81.71,299.92,5.16
2,70.00,81,330.09,245.50,7.13
2,70.00,82,602.97,212.64,18.98
2,70.00,83,780.31,119.79,11.94
2,70.00,84,613.93,278.63,6.58
2,70.00,85,449.48,345.54,23.51
2,70.00,86,550.95,497.58,7.44
2,70.00,87,354.79,163.21,17.71
2,70.00,88,786.86,526.02,6.41
2,70.00,89,398.19,592.75,0.00
2,70.00,90,523.97,441.65,11.39
2,70.00,91,852.09,889.87,0.00
2,70.00,92,175.23,292.90,23.11
2,70.00,93,927.15,285.89,23.19
2,70.00,94,104.21,460.87,8.47
2,70.00,95,502.95,880.44,5.88
2,70.00,96,486.81,462.75,10.60
2,70.00,97,476.37,640.22,8.14
2,70.00,98,127.73,659.91,5.66
2,70.00,99,448.99,359.04,15.98
2,70.00,100,609.90,75.55,13.46
2,70.00,101,735.69,202.32,9.00
2,70.00,102,341.98,960.00,17.37
2,70.00,103,544.94,743.69,8.50
2,70.00,104,393.89,610.84,24.25
2,70.00,105,611.34,765.90,8.84
2,70.00,106,871.46,267.00,14.01
2,70.00,107,630.47,864.65,0.00
2,70.00,108,850.14,559.15,11.94
2,70.00,109,427.79,637.91,19.15
2,70.00,110,327.83,461.87,8.13
2,70.00,111,398.76,393.93,5.68
2,70.00,112,618.55,346.90,21.06
2,70.00,113,830.15,248.92,0.00
2,70.00,114,361.47,372.63,5.09
2,70.00,115,221.71,742.89,22.35
2,70.00,116,120.80,550.43,21.48
2,70.00,117,282.09,459.38,8.73
2,70.00,118,77.52,793.35,0.00
2,70.00,119,410.68,439.20,5.50
2,70.00,120,586.66,522.79,11.29
2,70.00,121,290.22,241.84,11.57
2,70.00,122,396.30,830.31,0.00
2,70.00,123,368.86,715.86,0.00
2,70.00,124,845.94,574.47,16.95
2,70.00,125,233.93,273.09,12.86
2,70.00,126,478.54,477.06,19.27
2,70.00,127,585.25,401.66,5.94
2,70.00,128,564.48,401.77,10.38
2,70.00,129,630.26,109.05,6.79
2,70.00,130,829.07,708.17,11.06
2,70.00,131,828.03,858.12,24.17
2,70.00,132,181.70,290.12,10.00
2,70.00,133,270.77,459.88,6.16
2,70.00,134,510.51,129.60,15.54
2,70.00,135,603.08,719.13,0.00
2,70.00,136,270.47,230.59,8.11
2,70.00,137,321.56,834.28,0.00
2,70.00,138,238.20,962.84,14.14
2,70.00,139,102.04,569.63,22.58
2,70.00,140,264.60,240.60,11.60
2,70.00,141,674.57,329.96,11.38
2,70.00,142,528.15,959.68,0.00
2,70.00,143,314.89,812.89,0.00
2,70.00,144,642.32,553.09,10.63
2,70.00,145,202.65,663.82,11.75
2,70.00,146,625.18,476.72,7.22
2,70.00,147,64.32,311.32,15.49
2,70.00,148,943.83,725.77,8.05
2,70.00,149,214.92,132.30,8.75
2,80.00,0,899.65,444.19,14.78
2,80.00,1,329.37,451.07,21.71
2,80.00,2,683.89,690.54,11.02
2,80.00,3,123.61,17.40,0.00
2,80.00,4,888.52,726.52,24.43
2,80.00,5,621.57,162.63,10.40
2,80.00,6,769.07,150.74,16.59
2,80.00,7,794.23,912.93,8.68
2,80.00,8,701.74,222.45,5.26
2,80.00,9,682.66,168.37,6.76
2,80.00,10,412.18,806.45,5.53
2,80.00,11,688.04,140.20,24.97
2,80.00,12,222.41,144.58,7.44
2,80.00,13,637.81,567.90,14.55
2,80.00,14,774.04,797.09,7.57
2,80.00,15,427.46,193.22,6.19
2,80.00,16,748.51,393.25,16.01
2,80.00,17,396.86,65.35,9.94
2,80.00,18,125.59,386.22,6.03
2,80.00,19,409.15,834.77,12.16
2,80.00,20,709.59,693.25,9.94
2,80.00,21,84.28,506.67,16.37
2,80.00,22,447.86,726.17,0.00
2,80.00,23,234.62,247.21,20.35
2,80.00,24,826.80,755.12,9.48
2,80.00,25,669.68,413.69,10.35
2,80.00,26,678.32,432.16,7.57
2,80.00,27,810.32,700.58,24.81
2,80.00,28,386.06,403.41,23.94
2,80.00,29,282.15,565.34,12.02
2,80.00,30,264.33,173.09,22.32
2,80.00,31,595.22,503.76,15.76
2,80.00,32,485.85,297.16,5.38
2,80.00,33,558.00,679.87,24.98
2,80.00,34,306.33,151.61,13.23
2,80.00,35,766.96,810.77,8.85
2,80.00,36,89.96,350.12,15.10
2,80.00,37,406.18,500.62,10.29
2,80.00,38,662.21,883.19,18.90
2,80.00,39,516.45,216.49,20.59
2,80.00,40,681.09,627.12,5.24
2,80.00,41,849.00,509.41,12.97
2,80.00,42,116.55,593.05,17.30
2,80.00,43,797.68,500.94,5.29
2,80.00,44,295.11,709.74,17.65
2,80.00,45,292.63,252.31,8.82
2,80.00,46,546.39,576.66,5.63
2,80.00,47,319.60,774.00,8.30
2,80.00,48,257.34,505.29,0.00
2,80.00,49,624.59,854.05,23.56
2,80.00,50,543.56,568.09,19.19
2,80.00,51,483.80,201.09,21.54
2,80.00,52,731.67,885.97,0.00
2,80.00,53,869.79,277.36,22.31
2,80.00,54,798.09,987.95,19.50
2,80.00,55,142.94,789.79,12.06
2,80.00,56,352.49,273.03,20.87
2,80.00,57,639.86,928.56,0.00
2,80.00,58,786.49,313.56,0.00
2,80.00,59,763.88,718.07,5.36
2,80.00,60,267.56,415.72,10.29
2,80.00,61,796.33,732.82,18.72
2,80.00,62,997.76,359.74,0.00
2,80.00,63,63.09,611.80,18.18
2,80.00,64,488.69,886.76,0.00
2,80.00,65,845.63,924.62,8.15
2,80.00,66,629.37,362.73,15.68
2,80.00,67,361.77,434.24,12.72
2,80.00,68,312.33,256.96,5.02
2,80.00,69,186.20,821.24,12.42
2,80.00,70,196.97,329.37,5.89
2,80.00,71,66.27,845.62,0.00
2,80.00,72,529.96,579.04,12.55
2,80.00,73,827.01,282.38,24.91
2,80.00,74,985.67,795.25,5.55
2,80.00,75,336.45,269.98,9.38
2,80.00,76,419.38,552.64,18.74
2,80.00,77,598.36,496.65,6.12
2,80.00,78,841.19,605.91,0.00
2,80.00,79,34.13,934.21,15.02
2,80.00,80,87.48,248.61,5.16
2,80.00,81,320.71,316.18,7.13
2,80.00,82,682.71,243.88,0.00
2,80.00,83,661.81,105.23,11.94
2,80.00,84,610.14,344.35,6.58
2,80.00,85,631.54,494.29,23.51
2,80.00,86,484.97,463.18,7.44
2,80.00,87,350.31,134.80,0.00
2,80.00,88,737.41,485.24,6.41
2,80.00,89,429.74,609.70,8.06
2,80.00,90,630.86,447.27,0.00
2,80.00,91,653.89,789.06,23.61
2,80.00,92,67.70,269.33,0.00
2,80.00,93,923.92,517.78,23.19
2,80.00,94,117.84,531.49,0.00
2,80.00,95,444.96,870.49,5.88
2,80.00,96,552.77,545.73,10.60
2,80.00,97,500.27,718.07,8.14
2,80.00,98,120.15,615.64,0.00
2,80.00,99,600.82,309.16,15.98
2,80.00,100,740.87,44.43,13.46
2,80.00,101,649.49,176.31,9.00
2,80.00,102,168.32,962.74,17.37
2,80.00,103,593.47,813.44,8.50
2,80.00,104,634.31,578.76,24.25
2,80.00,105,534.95,810.40,8.84
2,80.00,106,929.78,257.48,0.00
2,80.00,107,626.39,850.87,20.30
2,80.00,108,875.90,675.73,11.94
2,80.00,109,373.24,537.34,0.00
2,80.00,110,273.52,401.43,8.13
2,80.00,111,395.73,450.61,5.68
2,80.00,112,544.51,149.74,21.06
2,80.00,113,829.30,264.99,12.16
2,80.00,114,331.80,414.00,5.09
2,80.00,115,268.21,795.08,0.00
2,80.00,116,123.07,693.96,0.00
2,80.00,117,280.80,546.71,8.73
2,80.00,118,144.45,808.22,14.28
2,80.00,119,431.19,388.17,5.50
2,80.00,120,655.71,433.52,11.29
2,80.00,121,321.29,156.26,0.00
2,80.00,122,457.74,759.18,18.67
2,80.00,123,364.43,713.23,8.24
2,80.00,124,976.18,522.11,0.00
2,80.00,125,320.49,368.22,12.86
2,80.00,126,535.89,293.14,19.27
2,80.00,127,590.87,421.64,0.00
2,80.00,128,548.88,504.41,10.38
2,80.00,129,590.55,164.15,6.79
2,80.00,130,896.99,795.50,11.06
2,80.00,131,605.09,764.77,24.17
2,80.00,132,83.98,268.70,10.00
2,80.00,133,329.74,442.17,6.16
2,80.00,134,394.92,233.46,15.54
2,80.00,135,588.47,698.45,7.79
2,80.00,136,216.86,169.72,8.11
2,80.00,137,321.57,833.04,6.11
2,80.00,138,99.07,987.97,14.14
2,80.00,139,73.36,793.62,22.58
2,80.00,140,287.90,126.91,11.60
2,80.00,141,562.84,308.53,11.38
2,80.00,142,523.55,935.41,6.47
2,80.00,143,377.94,825.75,16.20
2,80.00,144,748.35,545.40,10.63
2,80.00,145,276.18,572.18,11.75
2,80.00,146,584.10,417.40,7.22
2,80.00,147,96.16,462.86,15.49
2,80.00,148,898.98,658.95,8.05
2,80.00,149,236.55,217.12,8.75
2,90.00,0,826.66,315.63,14.78
2,90.00,1,294.47,517.97,0.00
2,90.00,2,599.75,619.37,11.02
2,90.00,3,255.61,70.90,15.55
2,90.00,4,911.18,854.49,0.00
2,90.00,5,710.05,107.95,10.40
2,90.00,6,774.37,316.56,16.59
2,90.00,7,716.21,874.97,8.68
2,90.00,8,657.93,251.53,5.26
2,90.00,9,683.16,235.94,6.76
2,90.00,10,462.41,783.32,5.53
2,90.00,11,752.00,25.51,0.00
2,90.00,12,157.36,160.24,0.00
2,90.00,13,623.11,712.70,14.55
2,90.00,14,849.77,795.65,7.57
2,90.00,15,485.44,214.81,6.19
2,90.00,16,851.48,515.88,16.01
2,90.00,17,495.82,74.72,9.94
2,90.00,18,160.30,435.49,6.03
2,90.00,19,407.31,844.40,0.00
2,90.00,20,674.23,600.38,9.94
2,90.00,21,120.56,593.54,0.00
2,90.00,22,509.47,741.76,13.86
2,90.00,23,382.40,387.08,20.35
2,90.00,24,816.86,849.38,9.48
2,90.00,25,729.79,497.98,10.35
2,90.00,26,739.13,387.07,7.57
2,90.00,27,905.68,637.64,0.00
2,90.00,28,271.51,613.59,23.94
2,90.00,29,184.70,495.02,12.02
2,90.00,30,484.88,207.07,22.32
2,90.00,31,593.29,505.63,0.00
2,90.00,32,449.37,336.68,5.38
2,90.00,33,706.27,694.32,0.00
2,90.00,34,190.93,86.91,13.23
2,90.00,35,695.75,758.18,8.85
2,90.00,36,54.31,291.17,0.00
2,90.00,37,336.33,424.99,10.29
2,90.00,38,757.44,719.98,18.90
2,90.00,39,467.08,192.99,0.00
2,90.00,40,659.73,579.25,5.24
2,90.00,41,760.36,604.07,12.97
2,90.00,42,14.82,575.08,0.00
2,90.00,43,744.80,501.54,5.29
2,90.00,44,439.13,677.14,0.00
2,90.00,45,363.83,304.31,8.82
2,90.00,46,494.85,554.08,5.63
2,90.00,47,246.54,813.32,8.30
2,90.00,48,355.90,545.04,23.98
2,90.00,49,724.00,923.29,0.00
2,90.00,50,726.90,511.32,19.19
2,90.00,51,272.09,161.54,21.54
2,90.00,52,710.57,862.75,7.58
2,90.00,53,996.94,301.88,0.00
2,90.00,54,897.28,986.44,0.00
2,90.00,55,229.49,705.84,12.06
2,90.00,56,559.36,300.56,20.87
2,90.00,57,625.79,931.74,22.15
2,90.00,58,733.89,332.71,6.90
2,90.00,59,714.59,739.12,5.36
2,90.00,60,369.23,400.01,10.29
2,90.00,61,914.66,877.91,18.72
2,90.00,62,902.93,442.79,21.56
2,90.00,63,55.24,430.15,18.18
2,90.00,64,527.98,886.80,6.88
2,90.00,65,766.49,905.19,8.15
2,90.00,66,666.82,357.64,0.00
2,90.00,67,235.01,444.78,12.72
2,90.00,68,290.06,211.96,5.02
2,90.00,69,287.19,748.92,12.42
2,90.00,70,253.76,313.87,5.89
2,90.00,71,100.22,836.74,5.93
2,90.00,72,431.92,657.45,12.55
2,90.00,73,600.68,386.49,24.91
2,90.00,74,968.54,742.42,5.55
2,90.00,75,243.11,278.94,9.38
2,90.00,76,588.30,633.85,18.74
2,90.00,77,632.85,446.10,6.12
2,90.00,78,776.24,624.63,7.62
2,90.00,79,21.21,934.75,0.00
2,90.00,80,93.25,197.30,5.16
2,90.00,81,311.34,386.86,7.13
2,90.00,82,712.89,252.30,5.71
2,90.00,83,543.32,90.67,11.94
2,90.00,84,606.34,410.07,6.58
2,90.00,85,796.36,628.94,0.00
2,90.00,86,418.99,428.79,7.44
2,90.00,87,381.06,200.53,8.66
2,90.00,88,687.96,444.45,6.41
2,90.00,89,500.69,647.83,8.06
2,90.00,90,626.74,449.46,7.79
2,90.00,91,443.41,682.00,23.61
2,90.00,92,176.31,229.39,22.09
2,90.00,93,920.69,749.68,23.19
2,90.00,94,132.19,565.02,24.19
2,90.00,95,386.97,860.53,5.88
2,90.00,96,618.73,628.71,10.60
2,90.00,97,520.78,784.90,0.00
2,90.00,98,164.64,601.46,22.60
2,90.00,99,752.65,259.28,15.98
2,90.00,100,871.84,13.30,13.46
2,90.00,101,563.30,150.29,9.00
2,90.00,102,17.93,965.12,0.00
2,90.00,103,642.00,883.19,8.50
2,90.00,104,874.72,546.69,24.25
2,90.00,105,480.18,842.30,0.00
2,90.00,106,808.38,223.04,21.82
2,90.00,107,568.65,656.29,20.30
2,90.00,108,901.67,792.31,11.94
2,90.00,109,423.65,499.21,15.71
2,90.00,110,219.20,340.99,8.13
2,90.00,111,392.70,507.29,5.68
2,90.00,112,493.91,14.97,0.00
2,90.00,113,822.94,386.40,12.16
2,90.00,114,302.13,455.37,5.09
2,90.00,115,318.61,820.60,8.22
2,90.00,116,159.89,639.29,19.88
2,90.00,117,279.62,626.69,0.00
2,90.00,118,283.83,839.17,14.28
2,90.00,119,451.70,337.14,5.50
2,90.00,120,724.76,344.25,11.29
2,90.00,121,316.94,180.37,11.51
2,90.00,122,579.76,617.92,18.67
2,90.00,123,293.52,671.22,8.24
2,90.00,124,952.45,532.56,15.07
2,90.00,125,407.06,463.35,12.86
2,90.00,126,593.25,109.22,19.27
2,90.00,127,573.21,274.96,22.70
2,90.00,128,533.27,607.05,10.38
2,90.00,129,550.83,219.24,6.79
2,90.00,130,964.91,882.83,11.06
2,90.00,131,382.15,671.42,24.17
2,90.00,132,22.80,255.29,0.00
2,90.00,133,388.70,424.45,6.16
2,90.00,134,279.33,337.32,15.54
2,90.00,135,543.52,634.83,7.79
2,90.00,136,163.25,108.86,8.11
2,90.00,137,322.27,771.91,6.11
2,90.00,138,45.52,997.64,0.00
2,90.00,139,47.66,994.43,0.00
2,90.00,140,296.47,85.14,0.00
2,90.00,141,451.11,287.11,11.38
2,90.00,142,511.49,871.80,6.47
2,90.00,143,536.68,858.13,16.20
2,90.00,144,854.37,537.71,10.63
2,90.00,145,307.78,532.79,0.00
2,90.00,146,543.01,358.08,7.22
2,90.00,147,128.01,614.41,15.49
2,90.00,148,854.13,592.13,8.05
2,90.00,149,256.21,294.22,0.00
2,100.00,0,766.66,209.95,0.00
2,100.00,1,377.11,530.48,12.81
2,100.00,2,515.60,548.20,11.02
2,100.00,3,399.71,129.29,15.55
2,100.00,4,913.14,790.89,13.59
2,100.00,5,798.53,53.26,10.40
2,100.00,6,779.68,482.38,16.59
2,100.00,7,638.18,837.00,8.68
2,100.00,8,614.13,280.60,5.26
2,100.00,9,683.66,303.51,6.76
2,100.00,10,512.65,760.20,5.53
2,100.00,11,707.16,134.64,24.88
2,100.00,12,161.11,169.70,10.17
2,100.00,13,608.40,857.49,14.55
2,100.00,14,925.50,794.21,7.57
2,100.00,15,543.42,236.40,6.19
2,100.00,16,954.45,638.51,16.01
2,100.00,17,594.78,84.08,9.94
2,100.00,18,195.01,484.75,6.03
2,100.00,19,551.97,791.98,16.74
2,100.00,20,638.87,507.52,9.94
2,100.00,21,179.23,553.92,16.66
2,100.00,22,643.80,775.74,13.86
2,100.00,23,530.18,526.96,20.35
2,100.00,24,809.25,921.55,0.00
2,100.00,25,789.89,582.27,10.35
2,100.00,26,799.93,341.98,7.57
2,100.00,27,865.72,633.61,7.45
2,100.00,28,161.40,815.62,0.00
2,100.00,29,127.26,453.56,0.00
2,100.00,30,705.43,241.05,22.32
2,100.00,31,655.91,370.08,15.19
2,100.00,32,412.89,376.21,5.38
2,100.00,33,693.55,677.49,5.23
2,100.00,34,166.94,73.46,0.00
2,100.00,35,624.55,705.58,8.85
2,100.00,36,130.74,296.52,14.09
2,100.00,37,266.48,349.36,10.29
2,100.00,38,852.66,556.77,18.90
2,100.00,39,410.18,164.33,8.68
2,100.00,40,638.37,531.38,5.24
2,100.00,41,671.72,698.72,12.97
2,100.00,42,34.20,553.74,7.15
2,100.00,43,691.92,502.14,5.29
2,100.00,44,447.03,680.42,5.24
2,100.00,45,435.03,356.32,8.82
2,100.00,46,443.30,531.51,5.63
2,100.00,47,175.28,851.67,0.00
2,100.00,48,578.26,634.74,23.98
2,100.00,49,638.59,916.99,17.63
2,100.00,50,877.67,464.64,0.00
2,100.00,51,144.66,137.74,0.00
2,100.00,52,659.60,806.68,7.58
2,100.00,53,954.77,320.44,10.98
2,100.00,54,862.77,930.33,13.41
2,100.00,55,316.04,621.89,12.06
2,100.00,56,766.23,328.10,20.87
2,100.00,57,485.34,963.43,0.00
2,100.00,58,669.10,356.30,6.90
2,100.00,59,665.30,760.17,5.36
2,100.00,60,470.90,384.29,10.29
2,100.00,61,982.14,960.65,0.00
2,100.00,62,740.73,584.86,21.56
2,100.00,63,47.39,248.50,18.18
2,100.00,64,596.76,886.86,6.88
2,100.00,65,687.34,885.76,8.15
2,100.00,66,545.32,296.47,17.92
2,100.00,67,225.01,445.62,0.00
2,100.00,68,267.79,166.96,5.02
2,100.00,69,388.18,676.59,12.42
2,100.00,70,310.55,298.37,5.89
2,100.00,71,157.59,821.72,5.93
2,100.00,72,423.31,664.33,0.00
2,100.00,73,374.35,490.59,24.91
2,100.00,74,951.42,689.58,5.55
2,100.00,75,149.76,287.89,9.38
2,100.00,76,757.23,715.07,18.74
2,100.00,77,667.35,395.56,6.12
2,100.00,78,703.06,645.72,7.62
2,100.00,79,60.51,853.10,9.92
2,100.00,80,99.02,145.99,5.16
2,100.00,81,307.68,414.42,0.00
2,100.00,82,767.89,267.64,5.71
2,100.00,83,424.83,76.10,11.94
2,100.00,84,602.55,475.78,6.58
2,100.00,85,788.29,623.35,10.37
2,100.00,86,353.00,394.40,7.44
2,100.00,87,417.78,278.99,8.66
2,100.00,88,638.52,403.67,6.41
2,100.00,89,571.64,685.97,8.06
2,100.00,90,557.97,486.05,7.79
2,100.00,91,232.93,574.95,23.61
2,100.00,92,383.67,153.13,22.09
2,100.00,93,917.51,978.23,0.00
2,100.00,94,227.40,787.39,24.19
2,100.00,95,328.99,850.57,5.88
2,100.00,96,684.69,711.69,10.60
2,100.00,97,521.93,770.32,10.33
2,100.00,98,379.96,532.84,22.60
2,100.00,99,904.48,209.40,15.98
2,100.00,100,921.89,1.40,0.00
2,100.00,101,477.10,124.27,9.00
2,100.00,102,23.92,957.64,7.15
2,100.00,103,680.29,938.24,0.00
2,100.00,104,949.50,536.71,0.00
2,100.00,105,482.10,819.11,8.22
2,100.00,106,598.45,163.48,21.82
2,100.00,107,526.29,513.54,0.00
2,100.00,108,911.45,836.54,0.00
2,100.00,109,548.92,404.48,15.71
2,100.00,110,164.89,280.55,8.13
2,100.00,111,389.66,563.98,5.68
2,100.00,112,526.58,83.62,24.02
2,100.00,113,816.57,507.82,12.16
2,100.00,114,272.45,496.73,5.09
2,100.00,115,391.92,857.74,8.22
2,100.00,116,270.96,474.39,19.88
2,100.00,117,284.44,625.35,5.94
2,100.00,118,423.21,870.12,14.28
2,100.00,119,472.20,286.11,5.50
2,100.00,120,793.80,254.98,11.29
2,100.00,121,296.51,293.68,11.51
2,100.00,122,701.78,476.65,18.67
2,100.00,123,222.62,629.21,8.24
2,100.00,124,814.52,593.24,15.07
2,100.00,125,493.62,558.48,12.86
2,100.00,126,622.65,14.94,0.00
2,100.00,127,546.09,49.59,22.70
2,100.00,128,517.66,709.69,10.38
2,100.00,129,511.11,274.34,6.79
2,100.00,130,976.48,897.71,0.00
2,100.00,131,175.30,584.80,0.00
2,100.00,132,111.32,227.86,24.78
2,100.00,133,447.67,406.73,6.16
2,100.00,134,163.74,441.17,15.54
2,100.00,135,498.57,571.20,7.79
2,100.00,136,109.64,48.00,8.11
2,100.00,137,322.97,710.79,6.11
2,100.00,138,146.01,919.59,20.69
2,100.00,139,47.59,987.61,6.59
2,100.00,140,436.03,131.80,23.26
2,100.00,141,389.69,275.32,0.00
2,100.00,142,499.44,808.20,6.47
2,100.00,143,695.42,890.52,16.20
2,100.00,144,883.20,535.62,0.00
2,100.00,145,177.98,536.46,22.77
2,100.00,146,501.93,298.75,7.22
2,100.00,147,159.85,765.95,15.49
2,100.00,148,809.28,525.31,8.05
2,100.00,149,267.02,291.64,12.20
2,110.00,0,773.44,234.21,14.16
2,110.00,1,503.76,549.66,12.81
2,110.00,2,431.46,477.03,11.02
2,110.00,3,543.80,187.69,15.55
2,110.00,4,917.32,655.05,13.59
2,110.00,5,843.76,25.30,0.00
2,110.00,6,784.98,648.20,16.59
2,110.00,7,560.15,799.04,8.68
2,110.00,8,570.33,309.67,5.26
2,110.00,9,684.16,371.08,6.76
2,110.00,10,562.88,737.08,5.53
2,110.00,11,612.58,364.82,24.88
2,110.00,12,198.57,264.23,10.17
2,110.00,13,607.27,868.68,0.00
2,110.00,14,982.02,793.14,0.00
2,110.00,15,601.41,257.98,6.19
2,110.00,16,979.81,668.71,0.00
2,110.00,17,692.83,93.36,0.00
2,110.00,18,229.73,534.02,6.03
2,110.00,19,709.32,734.96,16.74
2,110.00,20,603.51,414.65,9.94
2,110.00,21,317.28,460.70,16.66
2,110.00,22,708.68,792.16,0.00
2,110.00,23,677.96,666.83,20.35
2,110.00,24,777.39,901.26,16.11
2,110.00,25,849.99,666.56,10.35
2,110.00,26,860.74,296.88,7.57
2,110.00,27,791.64,626.15,7.45
2,110.00,28,159.59,806.20,24.73
2,110.00,29,201.22,478.61,19.03
2,110.00,30,925.99,275.03,22.32
2,110.00,31,719.62,232.16,15.19
2,110.00,32,376.41,415.73,5.38
2,110.00,33,662.04,635.80,5.23
2,110.00,34,360.84,73.80,24.48
2,110.00,35,553.34,652.98,8.85
2,110.00,36,271.31,306.37,14.09
2,110.00,37,196.63,273.73,10.29
2,110.00,38,910.25,458.07,0.00
2,110.00,39,332.70,125.31,8.68
2,110.00,40,617.00,483.52,5.24
2,110.00,41,583.08,793.38,12.97
2,110.00,42,82.29,500.78,7.15
2,110.00,43,651.70,502.60,0.00
2,110.00,44,495.44,700.52,5.24
2,110.00,45,506.22,408.32,8.82
2,110.00,46,427.90,524.76,0.00
2,110.00,47,175.83,850.10,6.75
2,110.00,48,795.06,722.19,0.00
2,110.00,49,462.82,904.02,17.63
2,110.00,50,857.02,447.89,14.96
2,110.00,51,189.93,127.09,11.68
2,110.00,52,608.63,750.62,7.58
2,110.00,53,854.25,364.70,10.98
2,110.00,54,792.51,816.11,13.41
2,110.00,55,402.59,537.94,12.06
2,110.00,56,973.10,355.64,20.87
2,110.00,57,496.60,913.60,14.59
2,110.00,58,604.30,379.90,6.90
2,110.00,59,616.02,781.22,5.36
2,110.00,60,572.56,368.58,10.29
2,110.00,61,978.72,938.38,5.24
2,110.00,62,578.53,726.92,21.56
2,110.00,63,40.78,95.60,0.00
2,110.00,64,665.54,886.92,6.88
2,110.00,65,608.20,866.33,8.15
2,110.00,66,385.21,215.88,17.92
2,110.00,67,316.60,619.78,21.36
2,110.00,68,245.52,121.96,5.02
2,110.00,69,443.91,636.68,0.00
2,110.00,70,367.34,282.88,5.89
2,110.00,71,214.96,806.69,5.93
2,110.00,72,575.37,652.48,16.72
2,110.00,73,306.67,521.72,0.00
2,110.00,74,934.29,636.75,5.55
2,110.00,75,144.04,288.44,0.00
2,110.00,76,805.40,738.22,0.00
2,110.00,77,701.85,345.01,6.12
2,110.00,78,629.88,666.81,7.62
2,110.00,79,103.52,763.76,9.92
2,110.00,80,104.79,94.68,5.16
2,110.00,81,393.97,396.76,14.44
2,110.00,82,822.89,282.98,5.71
2,110.00,83,306.34,61.54,11.94
2,110.00,84,598.75,541.50,6.58
2,110.00,85,703.05,564.25,10.37
2,110.00,86,287.02,360.01,7.44
2,110.00,87,454.50,357.46,8.66
2,110.00,88,589.07,362.89,6.41
2,110.00,89,642.59,724.10,8.06
2,110.00,90,489.20,522.64,7.79
2,110.00,91,175.69,545.84,0.00
2,110.00,92,591.03,76.88,22.09
2,110.00,93,916.15,977.51,10.70
2,110.00,94,269.75,886.28,0.00
2,110.00,95,271.00,840.62,5.88
2,110.00,96,750.65,794.67,10.60
2,110.00,97,530.00,667.37,10.33
2,110.00,98,595.27,464.21,22.60
2,110.00,99,979.04,184.91,0.00
2,110.00,100,878.45,70.76,13.25
2,110.00,101,390.91,98.25,9.00
2,110.00,102,68.60,901.85,7.15
2,110.00,103,643.56,929.60,17.90
2,110.00,104,879.64,496.79,11.68
2,110.00,105,488.87,737.19,8.22
2,110.00,106,388.52,103.93,21.82
2,110.00,107,532.03,454.27,22.35
2,110.00,108,862.82,787.92,11.08
2,110.00,109,674.18,309.75,15.71
2,110.00,110,110.58,220.11,8.13
2,110.00,111,386.63,620.66,5.68
2,110.00,112,629.80,300.51,24.02
2,110.00,113,815.58,526.73,0.00
2,110.00,114,242.78,538.10,5.09
2,110.00,115,465.23,894.88,8.22
2,110.00,116,374.30,320.97,0.00
2,110.00,117,341.70,609.46,5.94
2,110.00,118,562.58,901.07,14.28
2,110.00,119,492.71,235.09,5.50
2,110.00,120,862.85,165.71,11.29
2,110.00,121,276.07,406.99,11.51
2,110.00,122,823.80,335.38,18.67
2,110.00,123,151.71,587.19,8.24
2,110.00,124,676.60,653.93,15.07
2,110.00,125,502.10,567.79,0.00
2,110.00,126,593.27,14.45,6.03
2,110.00,127,544.75,38.50,0.00
2,110.00,128,508.60,769.32,0.00
2,110.00,129,471.39,329.44,6.79
2,110.00,130,901.91,860.64,10.04
2,110.00,131,174.90,579.33,7.60
2,110.00,132,348.05,154.49,24.78
2,110.00,133,506.63,389.02,6.16
2,110.00,134,48.15,545.03,15.54
2,110.00,135,453.62,507.57,7.79
2,110.00,136,76.44,10.31,0.00
2,110.00,137,323.67,649.67,6.11
2,110.00,138,295.78,803.26,0.00
2,110.00,139,46.92,921.69,6.59
2,110.00,140,656.65,205.56,23.26
2,110.00,141,427.37,291.30,9.09
2,110.00,142,487.38,744.59,6.47
2,110.00,143,854.16,922.90,16.20
2,110.00,144,720.52,472.09,23.98
2,110.00,145,73.11,539.43,0.00
2,110.00,146,460.85,239.43,7.22
2,110.00,147,184.66,883.99,0.00
2,110.00,148,764.43,458.48,8.05
2,110.00,149,385.66,263.39,12.20
2,120.00,0,811.52,370.57,14.16
2,120.00,1,630.42,568.84,12.81
2,120.00,2,349.55,407.76,0.00
2,120.00,3,687.90,246.08,15.55
2,120.00,4,921.50,519.20,13.59
2,120.00,5,805.38,55.26,9.96
2,120.00,6,790.29,814.02,16.59
2,120.00,7,482.12,761.07,8.68
2,120.00,8,526.53,338.74,5.26
2,120.00,9,684.66,438.65,6.76
2,120.00,10,613.11,713.96,5.53
2,120.00,11,518.00,594.99,24.88
2,120.00,12,236.03,358.77,10.17
2,120.00,13,523.46,663.84,23.99
2,120.00,14,975.41,740.23,21.02
2,120.00,15,659.39,279.57,6.19
2,120.00,16,890.46,748.88,15.93
2,120.00,17,692.86,94.90,16.77
2,120.00,18,264.44,583.28,6.03
2,120.00,19,866.68,677.93,16.74
2,120.00,20,568.14,321.78,9.94
2,120.00,21,455.33,367.48,16.66
2,120.00,22,634.94,698.91,23.00
2,120.00,23,825.74,806.71,20.35
2,120.00,24,641.53,814.76,16.11
2,120.00,25,910.09,750.85,10.35
2,120.00,26,905.21,263.90,0.00
2,120.00,27,717.55,618.69,7.45
2,120.00,28,112.90,563.34,24.73
2,120.00,29,381.41,539.66,19.03
2,120.00,30,965.78,281.16,0.00
2,120.00,31,726.48,217.32,0.00
2,120.00,32,339.94,455.25,5.38
2,120.00,33,630.53,594.11,5.23
2,120.00,34,605.62,74.23,24.48
2,120.00,35,482.14,600.39,8.85
2,120.00,36,411.88,316.22,14.09
2,120.00,37,126.79,198.10,10.29
2,120.00,38,906.85,432.92,6.42
2,120.00,39,255.22,86.29,8.68
2,120.00,40,595.64,435.65,5.24
2,120.00,41,527.86,852.34,0.00
2,120.00,42,130.38,447.82,7.15
2,120.00,43,657.75,477.31,10.87
2,120.00,44,543.85,720.62,5.24
2,120.00,45,577.42,460.33,8.82
2,120.00,46,320.40,638.37,22.31
2,120.00,47,198.22,786.38,6.75
2,120.00,48,790.25,719.98,21.17
2,120.00,49,287.04,891.06,17.63
2,120.00,50,740.81,353.63,14.96
2,120.00,51,303.63,100.34,11.68
2,120.00,52,557.67,694.55,7.58
2,120.00,53,753.73,408.96,10.98
2,120.00,54,722.26,701.90,13.41
2,120.00,55,489.14,453.99,12.06
2,120.00,56,984.36,357.13,0.00
2,120.00,57,528.74,771.23,14.59
2,120.00,58,539.51,403.49,6.90
2,120.00,59,566.73,802.27,5.36
2,120.00,60,674.23,352.86,10.29
2,120.00,61,970.76,886.56,5.24
2,120.00,62,556.84,745.91,0.00
2,120.00,63,70.52,119.06,23.93
2,120.00,64,734.31,886.98,6.88
2,120.00,65,529.06,846.91,8.15
2,120.00,66,366.97,206.70,0.00
2,120.00,67,412.93,802.96,0.00
2,120.00,68,223.25,76.95,5.02
2,120.00,69,512.61,578.64,20.07
2,120.00,70,424.13,267.38,5.89
2,120.00,71,272.33,791.67,5.93
2,120.00,72,600.88,650.49,0.00
2,120.00,73,193.95,520.43,16.08
2,120.00,74,917.16,583.91,5.55
2,120.00,75,236.39,360.56,12.48
2,120.00,76,812.10,661.35,10.79
2,120.00,77,736.34,294.46,6.12
2,120.00,78,556.70,687.90,7.62
2,120.00,79,146.52,674.42,9.92
2,120.00,80,110.56,43.37,5.16
2,120.00,81,535.42,367.83,14.44
2,120.00,82,848.61,290.16,0.00
2,120.00,83,187.85,46.98,11.94
2,120.00,84,594.96,607.21,6.58
2,120.00,85,617.82,505.15,10.37
2,120.00,86,221.04,325.62,7.44
2,120.00,87,491.23,435.93,8.66
2,120.00,88,539.62,322.10,6.41
2,120.00,89,713.54,762.23,8.06
2,120.00,90,443.80,546.80,0.00
2,120.00,91,325.73,549.41,20.61
2,120.00,92,666.84,49.00,0.00
2,120.00,93,821.65,927.33,10.70
2,120.00,94,318.30,917.92,10.44
2,120.00,95,213.01,830.66,5.88
2,120.00,96,761.13,807.86,0.00
2,120.00,97,538.08,564.42,10.33
2,120.00,98,810.59,395.59,22.60
2,120.00,99,966.56,273.97,17.67
2,120.00,100,808.13,183.03,13.25
2,120.00,101,304.71,72.24,9.00
2,120.00,102,113.28,846.05,7.15
2,120.00,103,469.31,888.64,17.90
2,120.00,104,778.23,438.84,11.68
2,120.00,105,495.64,655.27,8.22
2,120.00,106,178.59,44.37,21.82
2,120.00,107,539.25,379.73,0.00
2,120.00,108,784.47,709.59,11.08
2,120.00,109,799.45,215.02,15.71
2,120.00,110,68.27,173.04,0.00
2,120.00,111,383.60,677.34,5.68
2,120.00,112,631.77,304.64,0.00
2,120.00,113,737.77,521.81,9.23
2,120.00,114,213.11,579.47,5.09
2,120.00,115,538.55,932.02,8.22
2,120.00,116,368.79,330.53,15.85
2,120.00,117,398.95,593.57,5.94
2,120.00,118,584.96,906.04,0.00
2,120.00,119,513.22,184.06,5.50
2,120.00,120,874.60,150.52,0.00
2,120.00,121,255.63,520.30,11.51
2,120.00,122,945.82,194.12,18.67
2,120.00,123,81.29,545.46,0.00
2,120.00,124,634.88,672.28,0.00
2,120.00,125,437.91,392.28,20.72
2,120.00,126,533.00,13.45,6.03
2,120.00,127,422.35,194.19,20.83
2,120.00,128,529.53,694.87,0.00
2,120.00,129,431.68,384.54,6.79
2,120.00,130,828.40,824.11,0.00
2,120.00,131,169.35,503.53,7.60
2,120.00,132,584.79,81.13,24.78
2,120.00,133,565.60,371.30,6.16
2,120.00,134,12.23,577.30,0.00
2,120.00,135,408.66,443.95,7.79
2,120.00,136,170.80,11.80,24.79
2,120.00,137,324.37,588.54,6.11
2,120.00,138,311.46,802.30,18.88
2,120.00,139,46.24,855.77,6.59
2,120.00,140,749.06,236.45,0.00
2,120.00,141,511.07,326.77,9.09
2,120.00,142,475.33,680.98,6.47
2,120.00,143,859.40,923.97,0.00
2,120.00,144,497.11,384.85,23.98
2,120.00,145,115.37,525.73,8.24
2,120.00,146,419.77,180.11,7.22
2,120.00,147,198.73,842.58,19.78
2,120.00,148,719.57,391.66,8.05
2,120.00,149,504.31,235.13,12.20
2,130.00,0,849.60,506.92,14.16
2,130.00,1,757.07,588.01,12.81
2,130.00,2,350.80,409.02,6.67
2,130.00,3,792.84,288.61,0.00
2,130.00,4,925.68,383.35,13.59
2,130.00,5,726.89,116.55,9.96
2,130.00,6,795.59,979.84,16.59
2,130.00,7,404.09,723.11,8.68
2,130.00,8,482.73,367.82,5.26
2,130.00,9,685.16,506.22,6.76
2,130.00,10,663.35,690.84,5.53
2,130.00,11,423.42,825.16,24.88
2,130.00,12,273.49,453.31,10.17
2,130.00,13,432.63,441.84,23.99
2,130.00,14,949.33,531.66,21.02
2,130.00,15,717.37,301.15,6.19
2,130.00,16,771.92,855.25,15.93
2,130.00,17,695.25,262.54,16.77
2,130.00,18,299.15,632.54,6.03
2,130.00,19,960.55,643.92,0.00
2,130.00,20,548.92,271.29,0.00
2,130.00,21,593.38,274.26,16.66
2,130.00,22,492.30,518.53,23.00
2,130.00,23,922.85,898.63,0.00
2,130.00,24,632.31,808.88,0.00
2,130.00,25,930.29,779.18,0.00
2,130.00,26,888.51,280.42,8.75
2,130.00,27,643.47,611.22,7.45
2,130.00,28,66.21,320.48,24.73
2,130.00,29,561.60,600.70,19.03
2,130.00,30,931.68,313.52,5.74
2,130.00,31,756.78,336.15,0.00
2,130.00,32,303.46,494.78,5.38
2,130.00,33,599.02,552.41,5.23
2,130.00,34,850.40,74.65,24.48
2,130.00,35,410.93,547.79,8.85
2,130.00,36,552.45,326.07,14.09
2,130.00,37,56.94,122.47,10.29
2,130.00,38,898.24,369.27,6.42
2,130.00,39,177.73,47.27,8.68
2,130.00,40,574.28,387.79,5.24
2,130.00,41,500.91,769.98,22.98
2,130.00,42,178.48,394.86,7.15
2,130.00,43,683.05,371.64,10.87
2,130.00,44,592.26,740.71,5.24
2,130.00,45,648.62,512.33,8.82
2,130.00,46,167.08,800.41,22.31
2,130.00,47,220.62,722.66,6.75
2,130.00,48,597.91,631.50,21.17
2,130.00,49,149.03,880.87,0.00
2,130.00,50,624.60,259.38,14.96
2,130.00,51,417.33,73.60,11.68
2,130.00,52,506.70,638.48,7.58
2,130.00,53,653.20,453.21,10.98
2,130.00,54,652.01,587.69,13.41
2,130.00,55,575.69,370.04,12.06
2,130.00,56,860.12,302.26,14.36
2,130.00,57,560.88,628.87,14.59
2,130.00,58,474.71,427.08,6.90
2,130.00,59,517.45,823.32,5.36
2,130.00,60,775.90,337.15,10.29
2,130.00,61,962.81,834.75,5.24
2,130.00,62,491.36,702.44,9.07
2,130.00,63,258.39,267.22,23.93
2,130.00,64,799.23,887.04,0.00
2,130.00,65,516.30,843.78,0.00
2,130.00,66,221.40,117.84,19.25
2,130.00,67,415.29,801.11,9.60
2,130.00,68,210.84,51.88,0.00
2,130.00,69,665.89,449.12,20.07
2,130.00,70,480.93,251.88,5.89
2,130.00,71,329.70,776.65,5.93
2,130.00,72,572.63,545.38,12.85
2,130.00,73,60.75,518.90,0.00
2,130.00,74,900.04,531.08,5.55
2,130.00,75,334.76,437.38,12.48
2,130.00,76,821.48,553.81,10.79
2,130.00,77,754.71,267.54,0.00
2,130.00,78,483.52,708.99,7.62
2,130.00,79,189.53,585.07,9.92
2,130.00,80,113.24,19.49,0.00
2,130.00,81,676.86,338.89,14.44
2,130.00,82,742.74,287.95,19.89
2,130.00,83,69.35,32.41,11.94
2,130.00,84,591.16,672.93,6.58
2,130.00,85,532.59,446.05,10.37
2,130.00,86,155.06,291.22,7.44
2,130.00,87,527.95,514.40,8.66
2,130.00,88,490.17,281.32,6.41
2,130.00,89,769.00,792.04,0.00
2,130.00,90,392.42,525.01,16.43
2,130.00,91,531.81,554.33,20.61
2,130.00,92,636.50,68.88,5.72
2,130.00,93,727.15,877.15,10.70
2,130.00,94,324.32,921.85,0.00
2,130.00,95,178.57,824.75,0.00
2,130.00,96,731.85,746.67,8.07
2,130.00,97,546.16,461.48,10.33
2,130.00,98,931.49,357.06,0.00
2,130.00,99,942.02,448.99,17.67
2,130.00,100,737.82,295.29,13.25
2,130.00,101,218.52,46.22,9.00
2,130.00,102,157.96,790.26,7.15
2,130.00,103,295.06,847.68,17.90
2,130.00,104,676.83,380.89,11.68
2,130.00,105,502.41,573.36,8.22
2,130.00,106,78.25,15.90,0.00
2,130.00,107,651.44,405.40,17.31
2,130.00,108,706.12,631.25,11.08
2,130.00,109,924.71,120.28,15.71
2,130.00,110,108.63,210.03,24.76
2,130.00,111,380.57,734.03,5.68
2,130.00,112,719.96,270.67,9.63
2,130.00,113,645.60,515.99,9.23
2,130.00,114,183.44,620.84,5.09
2,130.00,115,611.86,969.17,8.22
2,130.00,116,289.62,467.84,15.85
2,130.00,117,445.57,580.64,0.00
2,130.00,118,550.56,833.11,0.00
2,130.00,119,533.73,133.03,5.50
2,130.00,120,920.00,324.98,21.72
2,130.00,121,235.20,633.61,11.51
2,130.00,122,954.31,184.30,0.00
2,130.00,123,82.63,545.96,20.85
2,130.00,124,674.57,528.44,21.39
2,130.00,125,377.87,228.09,0.00
2,130.00,126,472.73,12.45,6.03
2,130.00,127,293.61,357.95,20.83
2,130.00,128,531.31,692.39,23.34
2,130.00,129,391.96,439.64,6.79
2,130.00,130,822.71,807.28,9.75
2,130.00,131,163.79,427.72,7.60
2,130.00,132,800.76,14.20,0.00
2,130.00,133,624.56,353.59,6.16
2,130.00,134,81.36,605.23,10.82
2,130.00,135,363.71,380.32,7.79
2,130.00,136,418.65,15.73,24.79
2,130.00,137,325.07,527.42,6.11
2,130.00,138,499.91,790.69,18.88
2,130.00,139,45.57,789.85,6.59
2,130.00,140,658.93,291.41,18.17
2,130.00,141,594.78,362.25,9.09
2,130.00,142,463.28,617.38,6.47
2,130.00,143,871.26,794.06,13.49
2,130.00,144,273.70,297.60,23.98
2,130.00,145,193.74,500.32,8.24
2,130.00,146,378.68,120.78,7.22
2,130.00,147,262.37,655.32,19.78
2,130.00,148,674.72,324.84,8.05
2,130.00,149,622.95,206.87,12.20
2,140.00,0,887.68,643.28,14.16
2,140.00,1,883.73,607.19,12.81
2,140.00,2,397.56,456.53,6.67
2,140.00,3,757.94,323.42,18.14
2,140.00,4,929.86,247.50,13.59
2,140.00,5,648.40,177.83,9.96
2,140.00,6,796.05,994.03,0.00
2,140.00,7,326.06,685.15,8.68
2,140.00,8,458.90,383.63,0.00
2,140.00,9,685.66,573.79,6.76
2,140.00,10,672.34,686.70,0.00
2,140.00,11,382.87,923.87,0.00
2,140.00,12,310.95,547.85,10.17
2,140.00,13,341.80,219.83,23.99
2,140.00,14,925.41,340.37,0.00
2,140.00,15,775.35,322.74,6.19
2,140.00,16,745.48,878.98,0.00
2,140.00,17,697.65,430.18,16.77
2,140.00,18,333.87,681.81,6.03
2,140.00,19,954.60,613.81,7.61
2,140.00,20,524.21,370.29,22.36
2,140.00,21,731.43,181.03,16.66
2,140.00,22,349.66,338.16,23.00
2,140.00,23,905.34,917.73,7.56
2,140.00,24,736.21,616.45,23.46
2,140.00,25,843.03,785.75,13.18
2,140.00,26,826.31,341.92,8.75
2,140.00,27,569.38,603.76,7.45
2,140.00,28,19.53,77.62,24.73
2,140.00,29,716.15,653.06,0.00
2,140.00,30,890.07,353.01,5.74
2,140.00,31,742.47,318.61,6.04
2,140.00,32,285.11,514.65,0.00
2,140.00,33,567.51,510.72,5.23
2,140.00,34,992.95,74.90,0.00
2,140.00,35,339.73,495.19,8.85
2,140.00,36,693.02,335.92,14.09
2,140.00,37,47.04,111.75,0.00
2,140.00,38,889.63,305.62,6.42
2,140.00,39,119.10,17.74,0.00
2,140.00,40,552.92,339.92,5.24
2,140.00,41,429.45,551.55,22.98
2,140.00,42,226.57,341.89,7.15
2,140.00,43,708.35,265.96,10.87
2,140.00,44,640.66,760.81,5.24
2,140.00,45,719.81,564.33,8.82
2,140.00,46,16.68,959.36,0.00
2,140.00,47,243.01,658.93,6.75
2,140.00,48,405.57,543.02,21.17
2,140.00,49,151.15,847.90,15.38
2,140.00,50,589.76,231.12,0.00
2,140.00,51,531.03,46.86,11.68
2,140.00,52,455.73,582.41,7.58
2,140.00,53,552.68,497.47,10.98
2,140.00,54,634.04,558.48,0.00
2,140.00,55,662.24,286.09,12.06
2,140.00,56,728.74,244.23,14.36
2,140.00,57,593.03,486.51,14.59
2,140.00,58,409.91,450.68,6.90
2,140.00,59,468.16,844.37,5.36
2,140.00,60,845.44,326.40,0.00
2,140.00,61,954.85,782.93,5.24
2,140.00,62,415.78,652.27,9.07
2,140.00,63,446.26,415.37,23.93
2,140.00,64,792.41,877.12,21.44
2,140.00,65,545.39,787.06,7.60
2,140.00,66,57.12,17.55,19.25
2,140.00,67,490.81,741.77,9.60
2,140.00,68,295.96,41.51,19.37
2,140.00,69,819.17,319.60,20.07
2,140.00,70,537.72,236.38,5.89
2,140.00,71,387.08,761.63,5.93
2,140.00,72,539.29,421.28,12.85
2,140.00,73,72.64,491.17,17.57
2,140.00,74,882.91,478.24,5.55
2,140.00,75,433.13,514.20,12.48
2,140.00,76,830.86,446.27,10.79
2,140.00,77,792.79,337.70,17.07
2,140.00,78,410.34,730.08,7.62
2,140.00,79,232.53,495.73,9.92
2,140.00,80,154.76,48.68,9.49
2,140.00,81,818.31,309.95,14.44
2,140.00,82,543.86,283.80,19.89
2,140.00,83,35.93,28.31,0.00
2,140.00,84,589.10,708.66,0.00
2,140.00,85,486.22,413.91,0.00
2,140.00,86,89.08,256.83,7.44
2,140.00,87,564.67,592.86,8.66
2,140.00,88,440.73,240.54,6.41
2,140.00,89,777.63,764.71,13.12
2,140.00,90,241.19,460.85,16.43
2,140.00,91,669.01,557.59,0.00
2,140.00,92,588.66,100.21,5.72
2,140.00,93,632.65,826.96,10.70
2,140.00,94,446.72,735.42,23.95
2,140.00,95,225.31,744.12,22.95
2,140.00,96,697.04,673.91,8.07
2,140.00,97,554.24,358.53,10.33
2,140.00,98,862.47,412.81,20.23
2,140.00,99,932.89,514.13,0.00
2,140.00,100,667.50,407.55,13.25
2,140.00,101,171.00,31.88,0.00
2,140.00,102,202.64,734.46,7.15
2,140.00,103,141.87,811.67,0.00
2,140.00,104,575.42,322.94,11.68
2,140.00,105,509.18,491.44,8.22
2,140.00,106,174.65,84.34,22.65
2,140.00,107,756.16,429.35,0.00
2,140.00,108,627.77,552.92,11.08
2,140.00,109,997.51,65.23,0.00
2,140.00,110,291.19,377.36,24.76
2,140.00,111,377.54,790.71,5.68
2,140.00,112,809.86,236.04,9.63
2,140.00,113,615.81,514.11,0.00
2,140.00,114,153.76,662.21,5.09
2,140.00,115,617.91,972.23,0.00
2,140.00,116,210.45,605.15,15.85
2,140.00,117,444.60,548.32,17.41
2,140.00,118,524.99,789.04,24.60
2,140.00,119,554.24,82.01,5.50
2,140.00,120,953.42,453.41,0.00
2,140.00,121,231.94,651.70,0.00
2,140.00,122,898.26,198.59,6.22
2,140.00,123,278.10,618.44,20.85
2,140.00,124,724.43,347.69,0.00
2,140.00,125,383.92,233.88,5.37
2,140.00,126,412.46,11.45,6.03
2,140.00,127,164.87,521.70,20.83
2,140.00,128,667.48,502.86,23.34
2,140.00,129,352.24,494.73,6.79
2,140.00,130,791.47,714.95,9.75
2,140.00,131,158.24,351.91,7.60
2,140.00,132,803.14,27.49,15.40
2,140.00,133,683.53,335.87,6.16
2,140.00,134,181.65,645.75,10.82
2,140.00,135,318.76,316.69,7.79
2,140.00,136,666.50,19.65,24.79
2,140.00,137,325.77,466.30,6.11
2,140.00,138,688.35,779.08,18.88
2,140.00,139,44.90,723.93,6.59
2,140.00,140,503.83,385.98,18.17
2,140.00,141,678.48,397.72,9.09
2,140.00,142,451.22,553.77,6.47
2,140.00,143,883.52,659.71,13.49
2,140.00,144,50.29,210.35,23.98
2,140.00,145,272.10,474.91,8.24
2,140.00,146,357.09,89.60,0.00
2,140.00,147,326.02,468.07,19.78
2,140.00,148,629.87,258.01,8.05
2,140.00,149,741.59,178.61,12.20
2,150.00,0,895.74,672.16,0.00
2,150.00,1,968.87,620.08,0.00
2,150.00,2,444.32,504.05,6.67
2,150.00,3,629.49,451.50,18.14
2,150.00,4,929.91,246.13,0.00
2,150.00,5,569.91,239.12,9.96
2,150.00,6,738.00,946.75,8.19
2,150.00,7,257.77,651.92,0.00
2,150.00,8,430.41,422.43,10.55
2,150.00,9,686.16,641.36,6.76
2,150.00,10,549.79,650.59,15.56
2,150.00,11,415.18,910.02,6.15
2,150.00,12,348.16,641.74,0.00
2,150.00,13,281.94,73.53,0.00
2,150.00,14,917.49,344.67,10.88
2,150.00,15,833.33,344.33,6.19
2,150.00,16,708.29,815.80,9.44
2,150.00,17,699.83,582.76,0.00
2,150.00,18,368.58,731.07,6.03
2,150.00,19,939.87,539.18,7.61
2,150.00,20,470.07,587.26,22.36
2,150.00,21,869.49,87.81,16.66
2,150.00,22,207.03,157.79,23.00
2,150.00,23,854.26,973.45,7.56
2,150.00,24,808.98,481.66,0.00
2,150.00,25,711.60,795.65,13.18
2,150.00,26,764.11,403.42,8.75
2,150.00,27,495.30,596.29,7.45
2,150.00,28,14.20,49.91,0.00
2,150.00,29,722.78,622.46,22.00
2,150.00,30,848.46,392.49,5.74
2,150.00,31,704.29,271.82,6.04
2,150.00,32,308.03,536.91,6.43
2,150.00,33,536.00,469.03,5.23
2,150.00,34,987.09,95.75,5.19
2,150.00,35,309.57,472.92,0.00
2,150.00,36,833.59,345.77,14.09
2,150.00,37,70.25,299.34,22.02
2,150.00,38,881.03,241.97,6.42
2,150.00,39,146.48,38.60,14.15
2,150.00,40,531.55,292.06,5.24
2,150.00,41,357.99,333.11,22.98
2,150.00,42,274.67,288.93,7.15
2,150.00,43,733.65,160.29,10.87
2,150.00,44,661.43,769.43,0.00
2,150.00,45,791.01,616.34,8.82
2,150.00,46,17.19,955.10,22.54
2,150.00,47,265.40,595.21,6.75
2,150.00,48,346.11,515.67,0.00
2,150.00,49,161.04,694.43,15.38
2,150.00,50,431.51,274.05,23.42
2,150.00,51,554.31,41.38,0.00
2,150.00,52,404.76,526.34,7.58
2,150.00,53,452.16,541.73,10.98
2,150.00,54,588.16,522.47,7.84
2,150.00,55,748.79,202.14,12.06
2,150.00,56,597.36,186.20,14.36
2,150.00,57,622.71,355.04,0.00
2,150.00,58,345.12,474.27,6.90
2,150.00,59,418.87,865.42,5.36
2,150.00,60,789.28,344.61,18.69
2,150.00,61,946.89,731.11,5.24
2,150.00,62,340.19,602.09,9.07
2,150.00,63,451.06,419.16,0.00
2,150.00,64,670.91,700.49,21.44
2,150.00,65,580.06,719.46,7.60
2,150.00,66,47.33,11.57,0.00
2,150.00,67,566.33,682.43,9.60
2,150.00,68,488.21,18.10,19.37
2,150.00,69,950.95,208.26,0.00
2,150.00,70,594.51,220.89,5.89
2,150.00,71,444.45,746.61,5.93
2,150.00,72,505.94,297.18,12.85
2,150.00,73,141.89,329.72,17.57
2,150.00,74,865.78,425.41,5.55
2,150.00,75,531.50,591.02,12.48
2,150.00,76,840.24,338.73,10.79
2,150.00,77,814.30,377.33,0.00
2,150.00,78,367.44,742.44,0.00
2,150.00,79,275.54,406.39,9.92
2,150.00,80,232.40,103.26,9.49
2,150.00,81,825.01,308.58,0.00
2,150.00,82,347.38,279.70,0.00
2,150.00,83,33.33,169.74,19.70
2,150.00,84,552.10,735.16,9.97
2,150.00,85,535.35,424.97,11.04
2,150.00,86,78.20,251.16,0.00
2,150.00,87,601.39,671.33,8.66
2,150.00,88,391.28,199.76,6.41
2,150.00,89,817.14,639.59,13.12
2,150.00,90,165.25,428.63,0.00
2,150.00,91,629.21,510.63,18.42
2,150.00,92,540.83,131.55,5.72
2,150.00,93,538.15,776.78,10.70
2,150.00,94,578.18,535.20,23.95
2,150.00,95,340.39,545.58,22.95
2,150.00,96,662.24,601.15,8.07
2,150.00,97,562.32,255.58,10.33
2,150.00,98,705.06,539.94,20.23
2,150.00,99,923.30,467.22,7.63
2,150.00,100,597.19,519.82,13.25
2,150.00,101,164.36,111.21,17.74
2,150.00,102,247.33,678.66,7.15
2,150.00,103,162.90,803.47,18.67
2,150.00,104,474.01,264.99,11.68
2,150.00,105,515.95,409.52,8.22
2,150.00,106,359.31,215.43,22.65
2,150.00,107,721.49,420.73,9.42
2,150.00,108,549.42,474.59,11.08
2,150.00,109,954.86,100.20,13.17
2,150.00,110,473.75,544.70,24.76
2,150.00,111,374.51,847.39,5.68
2,150.00,112,878.39,209.64,0.00
2,150.00,113,528.17,527.39,13.10
2,150.00,114,124.09,703.57,5.09
2,150.00,115,522.50,777.94,23.59
2,150.00,116,131.29,742.46,15.85
2,150.00,117,439.35,374.28,17.41
2,150.00,118,466.33,687.94,0.00
2,150.00,119,554.24,81.99,0.00
2,150.00,120,904.59,406.08,17.48
2,150.00,121,161.68,488.75,21.12
2,150.00,122,838.02,213.95,6.22
2,150.00,123,473.56,690.92,20.85
2,150.00,124,739.37,363.49,17.60
2,150.00,125,422.71,271.02,5.37
2,150.00,126,377.38,10.86,0.00
2,150.00,127,113.44,587.12,0.00
2,150.00,128,803.65,313.33,23.34
2,150.00,129,312.53,549.83,6.79
2,150.00,130,760.23,622.62,9.75
2,150.00,131,152.69,276.11,7.60
2,150.00,132,830.28,179.12,15.40
2,150.00,133,742.49,318.15,6.16
2,150.00,134,281.94,686.26,10.82
2,150.00,135,273.81,253.07,7.79
2,150.00,136,914.35,23.58,24.79
2,150.00,137,326.47,405.17,6.11
2,150.00,138,876.80,767.47,18.88
2,150.00,139,44.23,658.01,6.59
2,150.00,140,348.73,480.55,18.17
2,150.00,141,762.18,433.20,9.09
2,150.00,142,439.17,490.17,6.47
2,150.00,143,895.78,525.36,13.49
2,150.00,144,27.91,201.62,0.00
2,150.00,145,350.46,449.50,8.24
2,150.00,146,363.62,158.63,14.62
2,150.00,147,342.36,419.98,0.00
2,150.00,148,585.02,191.19,8.05
2,150.00,149,860.24,150.36,12.20
2,160.00,0,892.76,715.93,5.57
2,160.00,1,935.99,598.09,12.07
2,160.00,2,491.09,551.56,6.67
2,160.00,3,501.04,579.58,18.14
2,160.00,4,752.87,392.88,23.23
2,160.00,5,491.42,300.40,9.96
2,160.00,6,674.51,895.05,8.19
2,160.00,7,253.23,657.45,5.74
2,160.00,8,367.93,507.50,10.55
2,160.00,9,686.66,708.93,6.76
2,160.00,10,400.52,606.61,15.56
2,160.00,11,471.75,885.78,6.15
2,160.00,12,347.95,641.03,10.80
2,160.00,13,317.46,100.76,13.13
2,160.00,14,821.85,396.62,10.88
2,160.00,15,870.90,358.31,0.00
2,160.00,16,660.43,734.48,9.44
2,160.00,17,681.20,573.88,22.96
2,160.00,18,373.83,738.53,0.00
2,160.00,19,925.15,464.55,7.61
2,160.00,20,457.64,637.09,0.00
2,160.00,21,904.53,64.15,0.00
2,160.00,22,121.90,50.13,0.00
2,160.00,23,851.59,976.36,0.00
2,160.00,24,861.68,494.86,15.65
2,160.00,25,704.69,796.18,0.00
2,160.00,26,701.92,464.91,8.75
2,160.00,27,421.21,588.83,7.45
2,160.00,28,71.28,130.87,11.18
2,160.00,29,769.36,407.43,22.00
2,160.00,30,806.85,431.98,5.74
2,160.00,31,666.11,225.03,6.04
2,160.00,32,354.12,581.68,6.43
2,160.00,33,504.49,427.33,5.23
2,160.00,34,973.04,145.66,5.19
2,160.00,35,219.43,532.13,18.71
2,160.00,36,931.61,352.63,0.00
2,160.00,37,89.83,457.60,0.00
2,160.00,38,872.42,178.33,6.42
2,160.00,39,258.98,124.34,14.15
2,160.00,40,510.19,244.19,5.24
2,160.00,41,320.15,217.45,0.00
2,160.00,42,322.76,235.97,7.15
2,160.00,43,758.94,54.62,10.87
2,160.00,44,526.13,804.32,24.47
2,160.00,45,840.73,652.66,0.00
2,160.00,46,44.18,731.27,22.54
2,160.00,47,287.80,531.48,6.75
2,160.00,48,403.90,643.16,20.26
2,160.00,49,170.92,540.96,15.38
2,160.00,50,205.51,335.38,23.42
2,160.00,51,481.95,117.00,13.16
2,160.00,52,353.79,470.27,7.58
2,160.00,53,351.64,585.98,10.98
2,160.00,54,526.51,474.09,7.84
2,160.00,55,835.34,118.19,12.06
2,160.00,56,465.97,128.17,14.36
2,160.00,57,625.19,361.94,9.58
2,160.00,58,280.32,497.86,6.90
2,160.00,59,369.59,886.46,5.36
2,160.00,60,611.52,402.22,18.69
2,160.00,61,940.89,692.02,0.00
2,160.00,62,264.60,551.92,9.07
2,160.00,63,556.57,527.81,15.54
2,160.00,64,549.42,523.86,21.44
2,160.00,65,614.73,651.85,7.60
2,160.00,66,87.84,173.67,17.77
2,160.00,67,641.85,623.09,9.60
2,160.00,68,552.51,10.27,0.00
2,160.00,69,938.39,227.80,16.55
2,160.00,70,651.30,205.39,5.89
2,160.00,71,501.82,731.59,5.93
2,160.00,72,472.59,173.07,12.85
2,160.00,73,211.14,168.27,17.57
2,160.00,74,848.66,372.57,5.55
2,160.00,75,629.87,667.84,12.48
2,160.00,76,849.62,231.19,10.79
2,160.00,77,766.89,434.35,10.08
2,160.00,78,409.67,660.88,22.19
2,160.00,79,318.54,317.05,9.92
2,160.00,80,310.03,157.85,9.49
2,160.00,81,725.32,276.94,10.98
2,160.00,82,348.76,278.93,12.95
2,160.00,83,29.71,366.74,19.70
2,160.00,84,471.01,793.24,9.97
2,160.00,85,643.08,449.24,11.04
2,160.00,86,81.64,324.32,8.77
2,160.00,87,608.92,687.43,0.00
2,160.00,88,341.83,158.97,6.41
2,160.00,89,856.66,514.47,13.12
2,160.00,90,236.07,436.86,14.32
2,160.00,91,510.13,370.13,18.42
2,160.00,92,493.00,162.89,5.72
2,160.00,93,443.65,726.60,10.70
2,160.00,94,709.63,334.97,23.95
2,160.00,95,455.47,347.05,22.95
2,160.00,96,627.43,528.39,8.07
2,160.00,97,570.40,152.63,10.33
2,160.00,98,547.65,667.07,20.23
2,160.00,99,908.02,392.49,7.63
2,160.00,100,526.87,632.08,13.25
2,160.00,101,149.56,288.01,17.74
2,160.00,102,292.01,622.87,7.15
2,160.00,103,336.87,735.60,18.67
2,160.00,104,372.61,207.04,11.68
2,160.00,105,520.31,356.77,0.00
2,160.00,106,483.60,303.68,0.00
2,160.00,107,630.09,398.00,9.42
2,160.00,108,471.07,396.25,11.08
2,160.00,109,853.03,183.66,13.17
2,160.00,110,505.95,574.21,0.00
2,160.00,111,371.48,904.07,5.68
2,160.00,112,865.19,212.15,5.66
2,160.00,113,398.65,547.02,13.10
2,160.00,114,94.42,744.94,5.09
2,160.00,115,418.52,566.19,23.59
2,160.00,116,52.12,879.77,15.85
2,160.00,117,435.56,248.72,0.00
2,160.00,118,445.42,663.91,6.07
2,160.00,119,464.52,256.64,19.64
2,160.00,120,779.11,284.42,17.48
2,160.00,121,78.07,294.85,21.12
2,160.00,122,777.79,229.32,6.22
2,160.00,123,669.02,763.40,20.85
2,160.00,124,860.30,491.41,17.60
2,160.00,125,461.49,308.16,5.37
2,160.00,126,464.87,36.27,21.80
2,160.00,127,253.80,586.27,23.37
2,160.00,128,816.60,295.31,0.00
2,160.00,129,272.81,604.93,6.79
2,160.00,130,728.99,530.29,9.75
2,160.00,131,147.13,200.30,7.60
2,160.00,132,857.42,330.75,15.40
2,160.00,133,801.46,300.44,6.16
2,160.00,134,359.62,717.64,0.00
2,160.00,135,260.10,233.67,0.00
2,160.00,136,928.37,23.80,0.00
2,160.00,137,327.17,344.05,6.11
2,160.00,138,999.38,759.92,0.00
2,160.00,139,43.56,592.09,6.59
2,160.00,140,209.03,565.72,0.00
2,160.00,141,845.84,468.66,0.00
2,160.00,142,427.11,426.56,6.47
2,160.00,143,908.03,391.01,13.49
2,160.00,144,155.32,240.65,14.81
2,160.00,145,428.82,424.09,8.24
2,160.00,146,377.38,304.18,14.62
2,160.00,147,439.42,473.76,14.93
2,160.00,148,540.17,124.37,8.05
2,160.00,149,978.88,122.10,12.20
2,170.00,0,888.98,771.47,5.57
2,170.00,1,835.65,530.97,12.07
2,170.00,2,537.85,599.07,6.67
2,170.00,3,465.32,615.20,0.00
2,170.00,4,574.03,541.14,23.23
2,170.00,5,412.92,361.69,9.96
2,170.00,6,611.02,843.35,8.19
2,170.00,7,216.82,701.78,5.74
2,170.00,8,305.45,592.56,10.55
2,170.00,9,687.16,776.50,6.76
2,170.00,10,251.26,562.63,15.56
2,170.00,11,528.32,861.53,6.15
2,170.00,12,317.32,537.43,10.80
2,170.00,13,421.63,180.62,13.13
2,170.00,14,726.21,448.57,10.88
2,170.00,15,852.50,349.69,5.77
2,170.00,16,612.57,653.16,9.44
2,170.00,17,473.91,475.16,22.96
2,170.00,18,392.98,682.13,7.02
2,170.00,19,910.42,389.92,7.61
2,170.00,20,447.60,455.05,23.67
2,170.00,21,942.50,166.38,0.00
2,170.00,22,151.74,88.15,11.99
2,170.00,23,698.99,946.57,16.41
2,170.00,24,897.13,503.73,0.00
2,170.00,25,561.15,727.10,16.81
2,170.00,26,639.72,526.41,8.75
2,170.00,27,347.13,581.36,7.45
2,170.00,28,135.70,222.26,11.18
2,170.00,29,796.91,280.27,0.00
2,170.00,30,765.23,471.47,5.74
2,170.00,31,649.91,205.19,0.00
2,170.00,32,400.22,626.45,6.43
2,170.00,33,472.98,385.64,5.23
2,170.00,34,958.99,195.57,5.19
2,170.00,35,63.05,634.86,18.71
2,170.00,36,891.09,385.89,17.32
2,170.00,37,92.18,513.88,20.41
2,170.00,38,863.81,114.68,6.42
2,170.00,39,371.49,210.08,14.15
2,170.00,40,488.83,196.33,5.24
2,170.00,41,374.01,181.04,13.82
2,170.00,42,370.85,183.01,7.15
2,170.00,43,763.61,35.15,0.00
2,170.00,44,465.10,820.06,0.00
2,170.00,45,806.75,624.62,14.61
2,170.00,46,71.17,507.45,22.54
2,170.00,47,310.19,467.76,6.75
2,170.00,48,481.08,813.48,0.00
2,170.00,49,180.81,387.49,15.38
2,170.00,50,117.86,359.16,0.00
2,170.00,51,390.97,212.09,13.16
2,170.00,52,302.82,414.20,7.58
2,170.00,53,251.11,630.24,10.98
2,170.00,54,464.86,425.70,7.84
2,170.00,55,921.89,34.24,12.06
2,170.00,56,334.59,70.13,14.36
2,170.00,57,657.64,452.04,9.58
2,170.00,58,215.52,521.45,6.90
2,170.00,59,320.30,907.51,5.36
2,170.00,60,558.23,419.50,0.00
2,170.00,61,896.54,701.46,18.46
2,170.00,62,189.02,501.75,9.07
2,170.00,63,664.84,639.31,15.54
2,170.00,64,427.92,347.23,21.44
2,170.00,65,649.40,584.24,7.60
2,170.00,66,130.93,346.04,17.77
2,170.00,67,717.37,563.76,9.60
2,170.00,68,491.55,133.50,20.66
2,170.00,69,848.92,367.07,16.55
2,170.00,70,708.09,189.89,5.89
2,170.00,71,559.19,716.57,5.93
2,170.00,72,439.65,50.46,0.00
2,170.00,73,266.95,38.17,0.00
2,170.00,74,831.53,319.74,5.55
2,170.00,75,728.23,744.66,12.48
2,170.00,76,859.00,123.65,10.79
2,170.00,77,702.48,511.84,10.08
2,170.00,78,511.71,463.82,22.19
2,170.00,79,357.50,236.11,0.00
2,170.00,80,387.67,212.43,9.49
2,170.00,81,620.67,243.74,10.98
2,170.00,82,462.02,216.07,12.95
2,170.00,83,26.17,559.08,0.00
2,170.00,84,389.93,851.32,9.97
2,170.00,85,750.80,473.50,11.04
2,170.00,86,85.76,411.93,8.77
2,170.00,87,634.90,570.97,15.01
2,170.00,88,292.39,118.19,6.41
2,170.00,89,896.17,389.35,13.12
2,170.00,90,378.31,453.38,14.32
2,170.00,91,391.05,229.63,18.42
2,170.00,92,445.17,194.22,5.72
2,170.00,93,349.15,676.42,10.70
2,170.00,94,732.17,300.64,0.00
2,170.00,95,505.41,260.90,0.00
2,170.00,96,611.89,495.90,0.00
2,170.00,97,571.29,141.25,0.00
2,170.00,98,491.86,712.14,0.00
2,170.00,99,901.42,360.21,0.00
2,170.00,100,456.56,744.34,13.25
2,170.00,101,134.76,464.80,17.74
2,170.00,102,336.69,567.07,7.15
2,170.00,103,484.33,678.08,0.00
2,170.00,104,271.20,149.09,11.68
2,170.00,105,501.38,359.26,5.36
2,170.00,106,506.34,309.95,7.22
2,170.00,107,598.05,390.03,0.00
2,170.00,108,392.72,317.92,11.08
2,170.00,109,751.21,267.12,13.17
2,170.00,110,402.23,425.54,22.01
2,170.00,111,368.45,960.76,5.68
2,170.00,112,809.62,222.68,5.66
2,170.00,113,269.14,566.65,13.10
2,170.00,114,64.75,786.31,5.09
2,170.00,115,314.53,354.43,23.59
2,170.00,116,26.27,924.61,0.00
2,170.00,117,453.26,251.87,6.46
2,170.00,118,405.57,618.13,6.07
2,170.00,119,374.76,431.36,19.64
2,170.00,120,747.06,253.34,0.00
2,170.00,121,49.66,228.96,0.00
2,170.00,122,717.55,244.68,6.22
2,170.00,123,695.42,773.18,0.00
2,170.00,124,966.71,603.98,0.00
2,170.00,125,500.27,345.29,5.37
2,170.00,126,674.20,97.05,21.80
2,170.00,127,487.51,584.85,23.37
2,170.00,128,739.15,303.23,8.60
2,170.00,129,233.09,660.03,6.79
2,170.00,130,697.75,437.96,9.75
2,170.00,131,141.58,124.49,7.60
2,170.00,132,884.55,482.38,15.40
2,170.00,133,860.42,282.72,6.16
2,170.00,134,334.63,685.63,18.01
2,170.00,135,326.49,311.30,14.69
2,170.00,136,806.68,139.87,17.82
2,170.00,137,327.87,282.92,6.11
2,170.00,138,937.17,734.34,19.25
2,170.00,139,43.06,542.87,0.00
2,170.00,140,192.75,550.19,22.66
2,170.00,141,845.85,468.61,8.76
2,170.00,142,415.06,362.95,6.47
2,170.00,143,920.29,256.65,13.49
2,170.00,144,296.91,284.03,14.81
2,170.00,145,507.18,398.68,8.24
2,170.00,146,391.15,449.74,14.62
2,170.00,147,570.01,546.12,14.93
2,170.00,148,537.83,120.88,0.00
2,170.00,149,998.75,117.37,0.00
2,180.00,0,885.20,827.00,5.57
2,180.00,1,735.31,463.85,12.07
2,180.00,2,584.61,646.58,6.67
2,180.00,3,386.98,508.34,18.35
2,180.00,4,395.19,689.39,23.23
2,180.00,5,334.43,422.97,9.96
2,180.00,6,547.54,791.64,8.19
2,180.00,7,180.41,746.12,5.74
2,180.00,8,242.97,677.63,10.55
2,180.00,9,687.65,844.07,6.76
2,180.00,10,143.52,530.89,0.00
2,180.00,11,584.89,837.29,6.15
2,180.00,12,287.93,438.01,0.00
2,180.00,13,525.81,260.48,13.13
2,180.00,14,630.57,500.52,10.88
2,180.00,15,800.22,325.18,5.77
2,180.00,16,564.71,571.85,9.44
2,180.00,17,266.61,376.44,22.96
2,180.00,18,415.54,615.68,7.02
2,180.00,19,895.69,315.28,7.61
2,180.00,20,434.57,218.74,23.67
2,180.00,21,937.00,207.42,20.36
2,180.00,22,225.77,182.43,11.99
2,180.00,23,537.98,915.14,16.41
2,180.00,24,725.25,526.66,22.62
2,180.00,25,409.65,654.20,16.81
2,180.00,26,577.52,587.91,8.75
2,180.00,27,273.04,573.90,7.45
2,180.00,28,200.13,313.64,11.18
2,180.00,29,776.30,300.47,7.06
2,180.00,30,723.62,510.95,5.74
2,180.00,31,618.34,234.11,7.44
2,180.00,32,446.31,671.21,6.43
2,180.00,33,441.47,343.95,5.23
2,180.00,34,944.95,245.49,5.19
2,180.00,35,4.19,673.52,0.00
2,180.00,36,757.20,495.75,17.32
2,180.00,37,100.70,717.84,20.41
2,180.00,38,855.25,51.40,0.00
2,180.00,39,484.00,295.82,14.15
2,180.00,40,467.47,148.46,5.24
2,180.00,41,480.99,108.70,0.00
2,180.00,42,418.95,130.05,7.15
2,180.00,43,782.12,92.02,7.33
2,180.00,44,489.13,659.91,21.81
2,180.00,45,694.08,531.67,14.61
2,180.00,46,98.16,283.63,22.54
2,180.00,47,332.58,404.03,6.75
2,180.00,48,480.24,795.36,23.53
2,180.00,49,190.70,234.02,15.38
2,180.00,50,167.75,374.81,8.54
2,180.00,51,299.99,307.18,13.16
2,180.00,52,251.85,358.13,7.58
2,180.00,53,239.20,635.49,0.00
2,180.00,54,419.22,389.88,0.00
2,180.00,55,956.72,0.46,0.00
2,180.00,56,203.21,12.10,14.36
2,180.00,57,690.09,542.15,9.58
2,180.00,58,150.73,545.05,6.90
2,180.00,59,271.02,928.56,5.36
2,180.00,60,490.44,365.61,12.37
2,180.00,61,715.94,739.89,18.46
2,180.00,62,114.23,452.10,0.00
2,180.00,63,705.61,681.30,0.00
2,180.00,64,306.42,170.60,21.44
2,180.00,65,684.07,516.63,7.60
2,180.00,66,146.37,407.83,0.00
2,180.00,67,792.89,504.42,9.60
2,180.00,68,399.96,318.66,20.66
2,180.00,69,759.45,506.34,16.55
2,180.00,70,764.88,174.39,5.89
2,180.00,71,616.56,701.54,5.93
2,180.00,72,438.07,52.03,18.47
2,180.00,73,269.94,58.38,10.52
2,180.00,74,814.41,266.91,5.55
2,180.00,75,826.60,821.48,12.48
2,180.00,76,865.86,44.95,0.00
2,180.00,77,638.06,589.32,10.08
2,180.00,78,613.74,266.76,22.19
2,180.00,79,363.90,253.80,20.00
2,180.00,80,465.31,267.01,9.49
2,180.00,81,516.03,210.54,10.98
2,180.00,82,575.28,153.20,12.95
2,180.00,83,30.95,560.39,20.96
2,180.00,84,308.84,909.40,9.97
2,180.00,85,858.52,497.76,11.04
2,180.00,86,86.57,429.13,0.00
2,180.00,87,667.59,424.45,15.01
2,180.00,88,242.94,77.41,6.41
2,180.00,89,935.68,264.23,13.12
2,180.00,90,520.55,469.90,14.32
2,180.00,91,303.22,125.99,0.00
2,180.00,92,397.33,225.56,5.72
2,180.00,93,254.64,626.23,10.70
2,180.00,94,697.12,323.96,5.08
2,180.00,95,403.65,252.77,18.03
2,180.00,96,586.06,532.16,8.04
2,180.00,97,550.11,194.49,6.44
2,180.00,98,414.75,782.82,16.20
2,180.00,99,860.54,249.40,20.80
2,180.00,100,433.04,781.89,0.00
2,180.00,101,119.96,641.59,17.74
2,180.00,102,381.37,511.27,7.15
2,180.00,103,496.58,648.95,20.73
2,180.00,104,169.79,91.14,11.68
2,180.00,105,448.22,366.27,5.36
2,180.00,106,575.90,329.13,7.22
2,180.00,107,637.74,322.18,12.11
2,180.00,108,314.37,239.58,11.08
2,180.00,109,649.39,350.59,13.17
2,180.00,110,292.22,267.85,0.00
2,180.00,111,367.20,984.17,0.00
2,180.00,112,754.05,233.21,5.66
2,180.00,113,149.37,584.80,0.00
2,180.00,114,35.07,827.68,5.09
2,180.00,115,210.54,142.67,23.59
2,180.00,116,72.68,917.35,6.98
2,180.00,117,516.81,263.18,6.46
2,180.00,118,365.73,572.35,6.07
2,180.00,119,285.00,606.07,19.64
2,180.00,120,824.81,333.13,14.96
2,180.00,121,14.09,207.60,0.00
2,180.00,122,657.31,260.04,6.22
2,180.00,123,648.15,729.10,7.47
2,180.00,124,955.65,600.64,9.63
2,180.00,125,539.06,382.43,5.37
2,180.00,126,883.53,157.83,21.80
2,180.00,127,721.22,583.43,23.37
2,180.00,128,653.56,311.98,8.60
2,180.00,129,193.37,715.13,6.79
2,180.00,130,666.51,345.63,9.75
2,180.00,131,139.01,89.44,0.00
2,180.00,132,911.69,634.01,15.40
2,180.00,133,919.39,265.01,6.16
2,180.00,134,223.83,543.70,18.01
2,180.00,135,421.99,422.98,14.69
2,180.00,136,677.69,262.90,17.82
2,180.00,137,328.57,221.80,6.11
2,180.00,138,759.18,661.16,19.25
2,180.00,139,55.73,582.55,16.44
2,180.00,140,133.82,493.96,0.00
2,180.00,141,869.42,384.23,8.76
2,180.00,142,403.01,299.35,6.47
2,180.00,143,930.57,144.04,0.00
2,180.00,144,438.50,327.41,14.81
2,180.00,145,585.54,373.27,8.24
2,180.00,146,404.91,595.29,14.62
2,180.00,147,700.60,618.49,14.93
2,180.00,148,680.38,249.03,20.22
2,180.00,149,800.85,96.14,23.91
2,190.00,0,881.41,882.54,5.57
2,190.00,1,634.97,396.74,12.07
2,190.00,2,631.38,694.10,6.67
2,190.00,3,341.82,446.74,0.00
2,190.00,4,216.35,837.64,23.23
2,190.00,5,255.94,484.26,9.96
2,190.00,6,484.05,739.94,8.19
2,190.00,7,144.00,790.46,5.74
2,190.00,8,180.48,762.70,10.55
2,190.00,9,688.15,911.64,6.76
2,190.00,10,163.68,492.94,15.44
2,190.00,11,641.46,813.04,6.15
2,190.00,12,291.24,436.67,8.81
2,190.00,13,629.98,340.34,13.13
2,190.00,14,534.93,552.46,10.88
2,190.00,15,747.94,300.67,5.77
2,190.00,16,516.84,490.53,9.44
2,190.00,17,203.55,346.41,0.00
2,190.00,18,438.10,549.23,7.02
2,190.00,19,880.96,240.65,7.61
2,190.00,20,429.52,127.08,0.00
2,190.00,21,909.96,409.24,20.36
2,190.00,22,299.79,276.72,11.99
2,190.00,23,376.96,883.71,16.41
2,190.00,24,674.94,533.38,0.00
2,190.00,25,290.46,596.84,0.00
2,190.00,26,515.32,649.41,8.75
2,190.00,27,198.96,566.44,7.45
2,190.00,28,264.56,405.02,11.18
2,190.00,29,725.84,349.92,7.06
2,190.00,30,682.01,550.44,5.74
2,190.00,31,563.50,284.34,7.44
2,190.00,32,492.40,715.98,6.43
2,190.00,33,409.96,302.25,5.23
2,190.00,34,930.90,295.40,5.19
2,190.00,35,16.16,524.24,24.01
2,190.00,36,623.31,605.61,17.32
2,190.00,37,109.21,921.81,20.41
2,190.00,38,854.98,52.09,13.05
2,190.00,39,596.51,381.56,14.15
2,190.00,40,446.10,100.60,5.24
2,190.00,41,486.40,116.30,14.26
2,190.00,42,467.04,77.09,7.15
2,190.00,43,800.92,149.78,0.00
2,190.00,44,503.70,562.74,0.00
2,190.00,45,581.41,438.72,14.61
2,190.00,46,125.15,59.80,22.54
2,190.00,47,354.98,340.31,6.75
2,190.00,48,469.22,560.35,23.53
2,190.00,49,200.58,80.55,15.38
2,190.00,50,249.24,400.37,8.54
2,190.00,51,209.01,402.27,13.16
2,190.00,52,200.89,302.07,7.58
2,190.00,53,153.40,830.67,24.19
2,190.00,54,412.13,367.66,8.98
2,190.00,55,945.51,60.04,10.14
2,190.00,56,196.49,9.13,0.00
2,190.00,57,722.54,632.25,9.58
2,190.00,58,85.93,568.64,6.90
2,190.00,59,221.73,949.61,5.36
2,190.00,60,393.63,288.65,12.37
2,190.00,61,644.35,755.13,0.00
2,190.00,62,114.80,452.07,5.51
2,190.00,63,711.91,635.45,7.42
2,190.00,64,213.59,35.64,0.00
2,190.00,65,718.74,449.03,7.60
2,190.00,66,222.77,480.71,16.46
2,190.00,67,868.41,445.08,9.60
2,190.00,68,308.38,503.82,20.66
2,190.00,69,669.98,645.61,16.55
2,190.00,70,821.67,158.89,5.89
2,190.00,71,673.93,686.52,5.93
2,190.00,72,307.18,182.39,18.47
2,190.00,73,285.37,162.47,10.52
2,190.00,74,797.28,214.07,5.55
2,190.00,75,913.04,888.98,0.00
2,190.00,76,819.54,63.12,18.55
2,190.00,77,604.12,630.15,0.00
2,190.00,78,684.36,130.37,0.00
2,190.00,79,431.90,441.84,20.00
2,190.00,80,542.95,321.60,9.49
2,190.00,81,411.38,177.33,10.98
2,190.00,82,688.54,90.34,12.95
2,190.00,83,233.07,615.88,20.96
2,190.00,84,230.65,965.41,0.00
2,190.00,85,964.10,521.54,0.00
2,190.00,86,214.68,505.05,18.53
2,190.00,87,700.28,277.94,15.01
2,190.00,88,204.69,45.86,0.00
2,190.00,89,975.20,139.11,13.12
2,190.00,90,662.78,486.42,14.32
2,190.00,91,315.19,138.56,6.61
2,190.00,92,349.50,256.90,5.72
2,190.00,93,203.85,599.26,0.00
2,190.00,94,654.82,352.10,5.08
2,190.00,95,223.90,238.41,18.03
2,190.00,96,539.42,597.65,8.04
2,190.00,97,526.29,254.34,6.44
2,190.00,98,295.31,892.32,16.20
2,190.00,99,812.68,119.64,0.00
2,190.00,100,384.74,792.48,7.43
2,190.00,101,105.16,818.39,17.74
2,190.00,102,426.06,455.48,7.15
2,190.00,103,576.95,457.82,20.73
2,190.00,104,100.28,51.41,0.00
2,190.00,105,395.05,373.28,5.36
2,190.00,106,645.46,348.32,7.22
2,190.00,107,698.87,217.68,12.11
2,190.00,108,236.02,161.25,11.08
2,190.00,109,599.71,391.31,0.00
2,190.00,110,293.16,242.76,19.86
2,190.00,111,345.35,928.24,10.23
2,190.00,112,698.49,243.74,5.66
2,190.00,113,155.36,572.18,18.59
2,190.00,114,24.51,842.40,0.00
2,190.00,115,199.57,120.34,0.00
2,190.00,116,141.60,906.57,6.98
2,190.00,117,580.36,274.49,6.46
2,190.00,118,325.88,526.57,6.07
2,190.00,119,195.24,780.79,19.64
2,190.00,120,847.00,355.89,0.00
2,190.00,121,51.36,221.99,9.64
2,190.00,122,597.08,275.40,6.22
2,190.00,123,593.49,678.14,7.47
2,190.00,124,863.51,572.79,9.63
2,190.00,125,577.84,419.56,5.37
2,190.00,126,938.89,173.90,0.00
2,190.00,127,797.78,582.97,0.00
2,190.00,128,567.96,320.74,8.60
2,190.00,129,153.66,770.22,6.79
2,190.00,130,635.27,253.29,9.75
2,190.00,131,201.08,95.78,11.61
2,190.00,132,936.17,770.80,0.00
2,190.00,133,957.41,253.58,0.00
2,190.00,134,113.03,401.77,18.01
2,190.00,135,517.49,534.65,14.69
2,190.00,136,577.07,358.87,0.00
2,190.00,137,329.27,160.68,6.11
2,190.00,138,581.18,587.98,19.25
2,190.00,139,105.71,739.14,16.44
2,190.00,140,250.26,416.24,21.85
2,190.00,141,885.87,325.34,0.00
2,190.00,142,390.95,235.74,6.47
2,190.00,143,915.89,145.51,9.12
2,190.00,144,580.09,370.79,14.81
2,190.00,145,663.90,347.86,8.24
2,190.00,146,417.82,731.76,0.00
2,190.00,147,831.19,690.85,14.93
2,190.00,148,758.36,319.13,0.00
2,190.00,149,563.16,70.64,23.91
2,200.00,0,877.63,938.07,5.57
2,200.00,1,534.63,329.62,12.07
2,200.00,2,678.14,741.61,6.67
2,200.00,3,368.01,353.63,16.57
2,200.00,4,141.43,899.75,0.00
2,200.00,5,177.45,545.54,9.96
2,200.00,6,420.56,688.24,8.19
2,200.00,7,107.59,834.80,5.74
2,200.00,8,169.76,777.31,0.00
2,200.00,9,688.29,929.43,0.00
2,200.00,10,236.11,356.56,15.44
2,200.00,11,680.13,796.47,0.00
2,200.00,12,372.98,403.70,8.81
2,200.00,13,651.40,356.77,0.00
2,200.00,14,439.29,604.41,10.88
2,200.00,15,695.66,276.16,5.77
2,200.00,16,468.98,409.21,9.44
2,200.00,17,211.59,449.74,14.90
2,200.00,18,460.66,482.78,7.02
2,200.00,19,867.44,172.13,0.00
2,200.00,20,461.62,159.62,7.47
2,200.00,21,882.92,611.05,20.36
2,200.00,22,373.82,371.00,11.99
2,200.00,23,264.10,861.68,0.00
2,200.00,24,628.26,528.55,6.05
2,200.00,25,291.32,582.93,6.53
2,200.00,26,453.13,710.90,8.75
2,200.00,27,190.55,565.59,0.00
2,200.00,28,328.99,496.41,11.18
2,200.00,29,675.39,399.37,7.06
2,200.00,30,640.40,589.93,5.74
2,200.00,31,508.67,334.57,7.44
2,200.00,32,538.49,760.75,6.43
2,200.00,33,378.45,260.56,5.23
2,200.00,34,916.85,345.31,5.19
2,200.00,35,21.49,457.78,0.00
2,200.00,36,489.43,715.48,17.32
2,200.00,37,110.08,942.57,0.00
2,200.00,38,806.81,173.42,13.05
2,200.00,39,709.02,467.30,14.15
2,200.00,40,424.74,52.73,5.24
2,200.00,41,569.03,232.52,14.26
2,200.00,42,490.42,51.34,0.00
2,200.00,43,777.36,170.94,18.47
2,200.00,44,467.04,551.77,6.96
2,200.00,45,468.75,345.77,14.61
2,200.00,46,126.26,50.61,0.00
2,200.00,47,377.37,276.58,6.75
2,200.00,48,458.20,325.34,23.53
2,200.00,49,205.60,2.73,0.00
2,200.00,50,330.73,425.93,8.54
2,200.00,51,195.14,416.76,0.00
2,200.00,52,149.92,246.00,7.58
2,200.00,53,100.05,952.02,0.00
2,200.00,54,384.80,282.09,8.98
2,200.00,55,926.74,159.74,10.14
2,200.00,56,194.71,75.75,7.02
2,200.00,57,754.99,722.35,9.58
2,200.00,58,21.14,592.23,6.90
2,200.00,59,172.44,970.66,5.36
2,200.00,60,296.82,211.69,12.37
2,200.00,61,645.43,626.06,21.38
2,200.00,62,169.83,449.60,5.51
2,200.00,63,722.02,561.92,7.42
2,200.00,64,229.85,67.38,15.12
2,200.00,65,753.41,381.42,7.60
2,200.00,66,341.86,594.31,16.46
2,200.00,67,943.93,385.74,9.60
2,200.00,68,216.80,688.98,20.66
2,200.00,69,643.89,686.22,0.00
2,200.00,70,863.78,147.40,0.00
2,200.00,71,731.30,671.50,5.93
2,200.00,72,176.30,312.75,18.47
2,200.00,73,300.80,266.56,10.52
2,200.00,74,780.15,161.24,5.55
2,200.00,75,904.86,879.50,10.32
2,200.00,76,646.86,130.84,18.55
2,200.00,77,545.05,611.69,13.08
2,200.00,78,671.12,141.71,5.66
2,200.00,79,499.91,629.89,20.00
2,200.00,80,620.59,376.18,9.49
2,200.00,81,306.73,144.13,10.98
2,200.00,82,801.80,27.48,12.95
2,200.00,83,435.19,671.37,20.96
2,200.00,84,236.30,964.48,16.03
2,200.00,85,960.45,520.15,19.65
2,200.00,86,374.09,599.52,18.53
2,200.00,87,732.97,131.43,15.01
2,200.00,88,223.63,94.73,23.14
2,200.00,89,985.86,105.33,0.00
2,200.00,90,767.95,498.63,0.00
2,200.00,91,360.81,186.44,6.61
2,200.00,92,301.67,288.23,5.72
2,200.00,93,252.28,538.59,16.78
2,200.00,94,612.52,380.24,5.08
2,200.00,95,178.18,234.75,0.00
2,200.00,96,492.77,663.13,8.04
2,200.00,97,502.48,314.19,6.44
2,200.00,98,216.73,964.36,0.00
2,200.00,99,837.61,139.72,9.56
2,200.00,100,312.16,808.38,7.43
2,200.00,101,94.97,940.10,0.00
2,200.00,102,470.74,399.68,7.15
2,200.00,103,657.31,266.70,20.73
2,200.00,104,143.20,58.78,13.85
2,200.00,105,341.89,380.28,5.36
2,200.00,106,703.27,364.27,0.00
2,200.00,107,760.00,113.18,12.11
2,200.00,108,157.67,82.92,11.08
2,200.00,109,597.50,460.43,13.50
2,200.00,110,299.96,61.02,0.00
2,200.00,111,308.11,832.93,10.23
2,200.00,112,642.92,254.27,5.66
2,200.00,113,235.07,404.25,18.59
2,200.00,114,131.68,766.73,20.37
2,200.00,115,390.24,91.41,21.56
2,200.00,116,210.52,895.79,6.98
2,200.00,117,643.92,285.80,6.46
2,200.00,118,286.04,480.79,6.07
2,200.00,119,128.53,910.64,0.00
2,200.00,120,781.43,385.81,9.15
2,200.00,121,141.24,256.71,9.64
2,200.00,122,536.84,290.76,6.22
2,200.00,123,538.84,627.18,7.47
2,200.00,124,771.37,544.94,9.63
2,200.00,125,616.63,456.70,5.37
2,200.00,126,837.08,166.71,13.88
2,200.00,127,821.84,446.67,20.58
2,200.00,128,482.37,329.49,8.60
2,200.00,129,113.94,825.32,6.79
2,200.00,130,623.70,219.10,0.00
2,200.00,131,316.54,107.57,11.61
2,200.00,132,928.12,773.22,8.58
2,200.00,133,881.40,268.79,21.82
2,200.00,134,82.69,362.90,0.00
2,200.00,135,612.99,646.33,14.69
2,200.00,136,574.79,328.47,13.87
2,200.00,137,329.32,156.44,0.00
2,200.00,138,403.18,514.79,19.25
2,200.00,139,155.70,895.74,16.44
2,200.00,140,432.03,294.90,21.85
2,200.00,141,863.75,321.59,7.43
2,200.00,142,378.90,172.13,6.47
2,200.00,143,825.15,154.61,9.12
2,200.00,144,721.68,414.17,14.81
2,200.00,145,742.27,322.45,8.24
2,200.00,146,418.30,723.97,12.50
2,200.00,147,930.11,745.67,0.00
2,200.00,148,706.69,368.73,14.87
2,200.00,149,325.46,45.14,23.91
2,210.00,0,874.25,987.76,0.00
2,210.00,1,434.29,262.51,12.07
2,210.00,2,714.84,778.90,0.00
2,210.00,3,412.87,194.14,16.57
2,210.00,4,202.75,879.03,11.14
2,210.00,5,108.39,599.46,0.00
2,210.00,6,357.08,636.54,8.19
2,210.00,7,71.18,879.14,5.74
2,210.00,8,176.91,661.87,0.00
2,210.00,9,583.91,782.16,24.50
2,210.00,10,274.44,284.40,0.00
2,210.00,11,656.36,791.50,7.67
2,210.00,12,454.73,370.72,8.81
2,210.00,13,523.09,279.97,18.82
2,210.00,14,367.99,643.14,0.00
2,210.00,15,643.37,251.65,5.77
2,210.00,16,421.12,327.89,9.44
2,210.00,17,223.15,598.27,14.90
2,210.00,18,483.22,416.32,7.02
2,210.00,19,858.07,178.20,13.62
2,210.00,20,514.06,212.77,7.47
2,210.00,21,868.50,718.70,0.00
2,210.00,22,447.84,465.29,11.99
2,210.00,23,225.46,846.97,0.00
2,210.00,24,568.08,522.32,6.05
2,210.00,25,295.36,517.72,6.53
2,210.00,26,390.93,772.40,8.75
2,210.00,27,352.66,465.53,21.49
2,210.00,28,393.41,587.79,11.18
2,210.00,29,624.93,448.83,7.06
2,210.00,30,598.79,629.41,5.74
2,210.00,31,453.83,384.80,7.44
2,210.00,32,584.58,805.52,6.43
2,210.00,33,346.94,218.87,5.23
2,210.00,34,902.80,395.23,5.19
2,210.00,35,43.00,584.11,17.74
2,210.00,36,355.54,825.34,17.32
2,210.00,37,11.71,786.47,0.00
2,210.00,38,758.64,294.74,13.05
2,210.00,39,821.53,553.04,14.15
2,210.00,40,403.38,4.86,5.24
2,210.00,41,651.66,348.74,14.26
2,210.00,42,399.69,103.18,20.34
2,210.00,43,639.95,294.34,18.47
2,210.00,44,400.33,531.79,6.96
2,210.00,45,356.08,252.83,14.61
2,210.00,46,286.48,87.20,17.14
2,210.00,47,399.76,212.86,6.75
2,210.00,48,455.53,268.31,0.00
2,210.00,49,225.47,121.86,24.50
2,210.00,50,412.22,451.50,8.54
2,210.00,51,171.76,485.34,8.55
2,210.00,52,109.18,201.19,0.00
2,210.00,53,144.37,907.30,13.93
2,210.00,54,357.47,196.52,8.98
2,210.00,55,907.97,259.43,10.14
2,210.00,56,192.83,145.95,7.02
2,210.00,57,787.44,812.46,9.58
2,210.00,58,20.05,592.63,0.00
2,210.00,59,123.16,991.71,5.36
2,210.00,60,200.01,134.73,12.37
2,210.00,61,647.22,412.21,21.38
2,210.00,62,224.85,447.12,5.51
2,210.00,63,732.12,488.38,7.42
2,210.00,64,298.76,201.91,15.12
2,210.00,65,788.08,313.81,7.60
2,210.00,66,460.95,707.91,16.46
2,210.00,67,945.05,384.85,0.00
2,210.00,68,203.37,716.13,0.00
2,210.00,69,587.42,712.01,8.76
2,210.00,70,829.83,165.26,14.84
2,210.00,71,788.67,656.48,5.93
2,210.00,72,144.60,344.31,0.00
2,210.00,73,316.23,370.65,10.52
2,210.00,74,763.03,108.40,5.55
2,210.00,75,837.42,801.39,10.32
2,210.00,76,474.17,198.56,18.55
2,210.00,77,420.19,572.65,13.08
2,210.00,78,628.14,178.54,5.66
2,210.00,79,567.91,817.93,20.00
2,210.00,80,698.23,430.76,9.49
2,210.00,81,202.08,110.92,10.98
2,210.00,82,824.04,15.13,0.00
2,210.00,83,493.18,687.29,0.00
2,210.00,84,394.42,938.41,16.03
2,210.00,85,776.85,450.18,19.65
2,210.00,86,533.50,693.99,18.53
2,210.00,87,747.46,66.44,0.00
2,210.00,88,307.28,310.50,23.14
2,210.00,89,856.41,159.07,19.20
2,210.00,90,750.79,491.05,7.20
2,210.00,91,406.44,234.33,6.61
2,210.00,92,253.84,319.57,5.72
2,210.00,93,356.97,407.41,16.78
2,210.00,94,570.22,408.39,5.08
2,210.00,95,332.18,269.42,21.17
2,210.00,96,446.13,728.62,8.04
2,210.00,97,478.66,374.05,6.44
2,210.00,98,208.18,925.55,11.62
2,210.00,99,880.60,174.35,0.00
2,210.00,100,239.59,824.28,7.43
2,210.00,101,114.21,933.75,6.51
2,210.00,102,515.42,343.89,7.15
2,210.00,103,737.68,75.58,20.73
2,210.00,104,279.69,82.21,13.85
2,210.00,105,288.72,387.29,5.36
2,210.00,106,697.80,377.71,8.59
2,210.00,107,795.61,52.30,0.00
2,210.00,108,131.97,57.22,0.00
2,210.00,109,593.18,595.40,13.50
2,210.00,110,298.43,66.95,7.26
2,210.00,111,270.88,737.62,10.23
2,210.00,112,587.36,264.80,5.66
2,210.00,113,314.78,236.32,18.59
2,210.00,114,298.07,649.23,20.37
2,210.00,115,603.38,59.08,21.56
2,210.00,116,279.44,885.00,6.98
2,210.00,117,707.47,297.11,6.46
2,210.00,118,246.19,435.01,6.07
2,210.00,119,131.10,894.08,6.53
2,210.00,120,698.17,423.79,9.15
2,210.00,121,231.12,291.42,9.64
2,210.00,122,476.61,306.12,6.22
2,210.00,123,484.19,576.22,7.47
2,210.00,124,679.23,517.10,9.63
2,210.00,125,655.41,493.84,5.37
2,210.00,126,698.67,156.94,13.88
2,210.00,127,857.61,243.97,20.58
2,210.00,128,396.78,338.25,8.60
2,210.00,129,74.22,880.42,6.79
2,210.00,130,603.03,289.76,11.69
2,210.00,131,364.94,112.52,0.00
2,210.00,132,845.94,798.01,8.58
2,210.00,133,667.40,311.61,21.82
2,210.00,134,68.59,295.12,9.53
2,210.00,135,708.49,758.01,14.69
2,210.00,136,564.39,190.21,13.87
2,210.00,137,389.95,151.92,6.53
2,210.00,138,225.31,441.66,0.00
2,210.00,139,177.30,963.41,0.00
2,210.00,140,613.80,173.57,21.85
2,210.00,141,790.51,309.16,7.43
2,210.00,142,366.84,108.53,6.47
2,210.00,143,734.41,163.71,9.12
2,210.00,144,863.27,457.55,14.81
2,210.00,145,820.63,297.04,8.24
2,210.00,146,425.94,599.17,12.50
2,210.00,147,917.34,747.61,5.32
2,210.00,148,599.38,471.72,14.87
2,210.00,149,209.56,32.71,0.00
2,220.00,0,867.09,970.84,17.44
2,220.00,1,333.94,195.39,12.07
2,220.00,2,743.54,735.78,24.07
2,220.00,3,450.51,60.32,0.00
2,220.00,4,308.27,843.39,11.14
2,220.00,5,120.49,614.56,16.09
2,220.00,6,293.59,584.84,8.19
2,220.00,7,34.77,923.48,5.74
2,220.00,8,179.97,662.41,16.34
2,220.00,9,442.27,582.31,24.50
2,220.00,10,217.00,364.53,20.94
2,220.00,11,581.25,775.81,7.67
2,220.00,12,536.48,337.74,8.81
2,220.00,13,361.57,183.30,18.82
2,220.00,14,368.69,616.41,10.51
2,220.00,15,591.09,227.14,5.77
2,220.00,16,373.26,246.58,9.44
2,220.00,17,225.91,633.76,0.00
2,220.00,18,505.79,349.87,7.02
2,220.00,19,743.73,252.24,13.62
2,220.00,20,566.50,265.92,7.47
2,220.00,21,863.45,608.32,23.68
2,220.00,22,499.15,530.63,0.00
2,220.00,23,236.68,831.25,16.45
2,220.00,24,507.89,516.09,6.05
2,220.00,25,299.41,452.51,6.53
2,220.00,26,346.35,816.48,0.00
2,220.00,27,535.52,352.67,21.49
2,220.00,28,457.84,679.18,11.18
2,220.00,29,574.47,498.28,7.06
2,220.00,30,557.18,668.90,5.74
2,220.00,31,398.99,435.03,7.44
2,220.00,32,630.68,850.29,6.43
2,220.00,33,332.32,199.52,0.00
2,220.00,34,888.76,445.14,5.19
2,220.00,35,72.78,759.02,17.74
2,220.00,36,221.65,935.20,17.32
2,220.00,37,15.33,773.84,9.30
2,220.00,38,710.47,416.07,13.05
2,220.00,39,933.94,638.71,0.00
2,220.00,40,402.22,2.27,0.00
2,220.00,41,734.28,464.96,14.26
2,220.00,42,223.08,204.08,20.34
2,220.00,43,502.54,417.73,18.47
2,220.00,44,333.61,511.82,6.96
2,220.00,45,251.32,166.40,0.00
2,220.00,46,453.57,125.35,17.14
2,220.00,47,400.64,210.35,0.00
2,220.00,48,427.64,318.32,7.56
2,220.00,49,265.79,363.53,24.50
2,220.00,50,493.71,477.06,8.54
2,220.00,51,144.17,566.24,8.55
2,220.00,52,158.90,201.17,24.76
2,220.00,53,242.42,808.37,13.93
2,220.00,54,347.98,166.81,0.00
2,220.00,55,889.20,359.13,10.14
2,220.00,56,190.95,216.16,7.02
2,220.00,57,819.89,902.56,9.58
2,220.00,58,73.18,589.38,5.41
2,220.00,59,107.26,998.51,0.00
2,220.00,60,177.26,116.64,0.00
2,220.00,61,649.01,198.37,21.38
2,220.00,62,279.88,444.64,5.51
2,220.00,63,742.22,414.85,7.42
2,220.00,64,367.66,336.44,15.12
2,220.00,65,822.76,246.21,7.60
2,220.00,66,580.03,821.52,16.46
2,220.00,67,895.35,553.00,17.80
2,220.00,68,261.55,686.58,7.65
2,220.00,69,507.71,748.41,8.76
2,220.00,70,698.46,234.34,14.84
2,220.00,71,846.05,641.46,5.93
2,220.00,72,158.39,508.14,21.69
2,220.00,73,331.66,474.75,10.52
2,220.00,74,745.90,55.57,5.55
2,220.00,75,769.99,723.27,10.32
2,220.00,76,340.82,250.86,0.00
2,220.00,77,356.42,552.72,0.00
2,220.00,78,585.15,215.37,5.66
2,220.00,79,619.25,959.91,0.00
2,220.00,80,775.87,485.35,9.49
2,220.00,81,184.13,105.23,0.00
2,220.00,82,668.63,88.25,21.37
2,220.00,83,536.31,642.96,8.67
2,220.00,84,552.54,912.35,16.03
2,220.00,85,593.24,380.22,19.65
2,220.00,86,692.91,788.45,18.53
2,220.00,87,763.20,102.55,7.08
2,220.00,88,390.93,526.27,23.14
2,220.00,89,679.08,232.69,19.20
2,220.00,90,684.96,461.96,7.20
2,220.00,91,452.06,282.22,6.61
2,220.00,92,206.01,350.90,5.72
2,220.00,93,461.67,276.23,16.78
2,220.00,94,530.16,435.04,0.00
2,220.00,95,538.70,315.91,21.17
2,220.00,96,399.48,794.11,8.04
2,220.00,97,454.85,433.90,6.44
2,220.00,98,183.18,812.08,11.62
2,220.00,99,817.57,216.47,17.94
2,220.00,100,167.01,840.18,7.43
2,220.00,101,175.99,913.35,6.51
2,220.00,102,560.10,288.09,7.15
2,220.00,103,748.81,49.12,0.00
2,220.00,104,321.10,89.32,0.00
2,220.00,105,235.56,394.29,5.36
2,220.00,106,665.39,457.28,8.59
2,220.00,107,766.64,85.79,10.61
2,220.00,108,199.41,121.14,13.83
2,220.00,109,590.30,685.60,0.00
2,220.00,110,280.30,137.23,7.26
2,220.00,111,233.65,642.32,10.23
2,220.00,112,531.79,275.33,5.66
2,220.00,113,376.60,106.09,0.00
2,220.00,114,464.46,531.74,20.37
2,220.00,115,816.52,26.74,21.56
2,220.00,116,348.35,874.22,6.98
2,220.00,117,771.02,308.42,6.46
2,220.00,118,206.35,389.23,6.07
2,220.00,119,141.13,829.60,6.53
2,220.00,120,614.91,461.77,9.15
2,220.00,121,321.00,326.14,9.64
2,220.00,122,416.37,321.49,6.22
2,220.00,123,429.53,525.26,7.47
2,220.00,124,587.09,489.25,9.63
2,220.00,125,694.19,530.97,5.37
2,220.00,126,560.26,147.17,13.88
2,220.00,127,893.39,41.27,20.58
2,220.00,128,311.18,347.00,8.60
2,220.00,129,34.51,935.52,6.79
2,220.00,130,570.19,402.00,11.69
2,220.00,131,434.32,220.61,22.11
2,220.00,132,763.76,822.79,8.58
2,220.00,133,507.43,343.61,0.00
2,220.00,134,49.17,201.79,9.53
2,220.00,135,803.99,869.69,14.69
2,220.00,136,558.34,109.88,0.00
2,220.00,137,455.10,147.08,6.53
2,220.00,138,225.35,441.83,24.95
2,220.00,139,300.19,951.04,21.75
2,220.00,140,651.01,148.73,0.00
2,220.00,141,717.28,296.73,7.43
2,220.00,142,354.79,44.92,6.47
2,220.00,143,643.67,172.81,9.12
2,220.00,144,974.80,491.72,0.00
2,220.00,145,868.66,281.46,0.00
2,220.00,146,433.59,474.38,12.50
2,220.00,147,864.70,755.61,5.32
2,220.00,148,492.07,574.71,14.87
2,220.00,149,170.93,85.07,12.70
2,230.00,0,799.16,810.27,17.44
2,230.00,1,296.64,170.44,0.00
2,230.00,2,876.93,535.38,24.07
2,230.00,3,483.99,67.22,21.23
2,230.00,4,413.79,807.74,11.14
2,230.00,5,221.12,740.15,16.09
2,230.00,6,230.10,533.13,8.19
2,230.00,7,1.47,964.04,0.00
2,230.00,8,340.89,690.82,16.34
2,230.00,9,300.62,382.46,24.50
2,230.00,10,95.01,534.70,20.94
2,230.00,11,506.14,760.11,7.67
2,230.00,12,618.22,304.76,8.81
2,230.00,13,203.37,88.62,0.00
2,230.00,14,371.43,511.38,10.51
2,230.00,15,538.81,202.63,5.77
2,230.00,16,325.40,165.26,9.44
2,230.00,17,232.73,717.67,0.00
2,230.00,18,528.35,283.42,7.02
2,230.00,19,629.39,326.28,13.62
2,230.00,20,618.94,319.06,7.47
2,230.00,21,852.64,371.74,23.68
2,230.00,22,460.57,554.67,14.81
2,230.00,23,332.21,697.39,16.45
2,230.00,24,447.71,509.87,6.05
2,230.00,25,303.46,387.30,6.53
2,230.00,26,360.71,804.54,6.60
2,230.00,27,718.37,239.81,21.49
2,230.00,28,522.27,770.56,11.18
2,230.00,29,524.02,547.73,7.06
2,230.00,30,515.57,708.39,5.74
2,230.00,31,344.16,485.26,7.44
2,230.00,32,676.77,895.06,6.43
2,230.00,33,367.78,167.30,8.94
2,230.00,34,874.71,495.05,5.19
2,230.00,35,95.39,891.85,0.00
2,230.00,36,176.52,972.24,0.00
2,230.00,37,40.97,684.42,9.30
2,230.00,38,662.30,537.39,13.05
2,230.00,39,933.90,638.68,5.32
2,230.00,40,434.53,91.76,10.06
2,230.00,41,806.07,565.93,0.00
2,230.00,42,63.02,295.53,0.00
2,230.00,43,365.13,541.13,18.47
2,230.00,44,266.89,491.85,6.96
2,230.00,45,256.36,168.34,7.69
2,230.00,46,620.65,163.50,17.14
2,230.00,47,279.12,364.82,20.46
2,230.00,48,390.82,384.35,7.56
2,230.00,49,285.26,480.25,0.00
2,230.00,50,562.63,498.68,0.00
2,230.00,51,116.58,647.15,8.55
2,230.00,52,406.48,201.09,24.76
2,230.00,53,340.47,709.44,13.93
2,230.00,54,343.18,240.77,11.35
2,230.00,55,870.44,458.82,10.14
2,230.00,56,189.08,286.37,7.02
2,230.00,57,839.48,956.95,0.00
2,230.00,58,127.22,586.09,5.41
2,230.00,59,110.45,851.09,21.77
2,230.00,60,328.97,211.14,23.37
2,230.00,61,649.01,198.05,0.00
2,230.00,62,334.90,442.17,5.51
2,230.00,63,743.87,402.82,0.00
2,230.00,64,436.57,470.98,15.12
2,230.00,65,856.60,180.21,0.00
2,230.00,66,687.79,924.31,0.00
2,230.00,67,844.89,723.70,17.80
2,230.00,68,329.74,651.95,7.65
2,230.00,69,428.00,784.81,8.76
2,230.00,70,567.10,303.42,14.84
2,230.00,71,903.42,626.44,5.93
2,230.00,72,160.31,530.92,0.00
2,230.00,73,347.09,578.84,10.52
2,230.00,74,729.57,5.19,0.00
2,230.00,75,702.55,645.16,10.32
2,230.00,76,361.55,267.56,11.69
2,230.00,77,402.70,529.00,10.63
2,230.00,78,542.16,252.19,5.66
2,230.00,79,604.75,930.47,13.40
2,230.00,80,853.51,539.93,9.49
2,230.00,81,178.46,151.99,5.69
2,230.00,82,475.26,179.24,21.37
2,230.00,83,596.79,580.79,8.67
2,230.00,84,618.83,901.43,0.00
2,230.00,85,584.67,376.95,0.00
2,230.00,86,808.05,856.69,0.00
2,230.00,87,791.49,167.42,7.08
2,230.00,88,474.57,742.03,23.14
2,230.00,89,501.75,306.31,19.20
2,230.00,90,619.13,432.88,7.20
2,230.00,91,497.69,330.11,6.61
2,230.00,92,158.17,382.24,5.72
2,230.00,93,566.37,145.05,16.78
2,230.00,94,519.91,442.86,24.32
2,230.00,95,745.22,362.40,21.17
2,230.00,96,372.56,831.90,0.00
2,230.00,97,431.04,493.75,6.44
2,230.00,98,158.19,698.61,11.62
2,230.00,99,668.38,316.19,17.94
2,230.00,100,94.44,856.08,7.43
2,230.00,101,237.76,892.96,6.51
2,230.00,102,604.78,232.29,7.15
2,230.00,103,714.41,113.82,8.51
2,230.00,104,335.59,139.41,7.49
2,230.00,105,182.39,401.30,5.36
2,230.00,106,632.99,536.85,8.59
2,230.00,107,697.23,166.01,10.61
2,230.00,108,299.77,216.24,13.83
2,230.00,109,533.94,630.38,23.78
2,230.00,110,262.17,207.51,7.26
2,230.00,111,206.75,573.44,0.00
2,230.00,112,476.22,285.86,5.66
2,230.00,113,386.40,114.82,5.85
2,230.00,114,489.39,514.13,0.00
2,230.00,115,885.74,16.23,0.00
2,230.00,116,417.27,863.44,6.98
2,230.00,117,834.57,319.73,6.46
2,230.00,118,166.50,343.45,6.07
2,230.00,119,151.16,765.12,6.53
2,230.00,120,531.65,499.76,9.15
2,230.00,121,410.88,360.85,9.64
2,230.00,122,356.13,336.85,6.22
2,230.00,123,374.88,474.30,7.47
2,230.00,124,494.95,461.40,9.63
2,230.00,125,732.98,568.11,5.37
2,230.00,126,477.32,141.32,0.00
2,230.00,127,895.45,29.60,0.00
2,230.00,128,225.59,355.75,8.60
2,230.00,129,29.74,942.13,0.00
2,230.00,130,537.35,514.24,11.69
2,230.00,131,553.77,406.71,22.11
2,230.00,132,681.58,847.57,8.58
2,230.00,133,523.82,397.55,22.33
2,230.00,134,29.75,108.45,9.53
2,230.00,135,835.32,906.33,0.00
2,230.00,136,584.61,165.98,14.79
2,230.00,137,520.26,142.23,6.53
2,230.00,138,284.00,684.33,24.95
2,230.00,139,516.60,929.26,21.75
2,230.00,140,545.29,154.57,13.31
2,230.00,141,644.04,284.30,7.43
2,230.00,142,352.59,33.29,0.00
2,230.00,143,552.94,181.91,9.12
2,230.00,144,931.08,513.37,22.98
2,230.00,145,814.86,275.21,14.00
2,230.00,146,441.23,349.58,12.50
2,230.00,147,812.06,763.62,5.32
2,230.00,148,384.76,677.71,14.87
2,230.00,149,137.03,131.03,0.00
2,240.00,0,731.22,649.70,17.44
2,240.00,1,324.22,316.34,23.63
2,240.00,2,979.54,381.22,0.00
2,240.00,3,691.91,110.04,21.23
2,240.00,4,519.31,772.10,11.14
2,240.00,5,321.74,865.75,16.09
2,240.00,6,166.62,481.43,8.19
2,240.00,7,6.58,962.81,6.17
2,240.00,8,416.28,704.13,0.00
2,240.00,9,158.97,182.61,24.50
2,240.00,10,19.34,640.26,0.00
2,240.00,11,431.02,744.41,7.67
2,240.00,12,699.97,271.78,8.81
2,240.00,13,203.77,92.78,20.24
2,240.00,14,374.16,406.35,10.51
2,240.00,15,486.53,178.12,5.77
2,240.00,16,277.54,83.94,9.44
2,240.00,17,275.34,680.70,23.87
2,240.00,18,550.91,216.97,7.02
2,240.00,19,515.05,400.32,13.62
2,240.00,20,671.38,372.21,7.47
2,240.00,21,841.82,135.16,23.68
2,240.00,22,334.91,632.98,14.81
2,240.00,23,427.74,563.53,16.45
2,240.00,24,387.53,503.64,6.05
2,240.00,25,307.50,322.09,6.53
2,240.00,26,411.44,762.38,6.60
2,240.00,27,901.23,126.95,21.49
2,240.00,28,586.70,861.95,11.18
2,240.00,29,473.56,597.18,7.06
2,240.00,30,473.96,747.87,5.74
2,240.00,31,323.04,504.60,0.00
2,240.00,32,722.29,939.27,0.00
2,240.00,33,433.92,107.19,8.94
2,240.00,34,860.66,544.96,5.19
2,240.00,35,78.53,870.54,11.30
2,240.00,36,287.99,957.58,16.96
2,240.00,37,66.61,595.00,9.30
2,240.00,38,614.13,658.72,13.05
2,240.00,39,892.47,605.33,5.32
2,240.00,40,468.69,186.38,10.06
2,240.00,41,798.15,551.03,12.86
2,240.00,42,81.26,310.04,24.90
2,240.00,43,227.72,664.52,18.47
2,240.00,44,200.17,471.87,6.96
2,240.00,45,328.14,195.98,7.69
2,240.00,46,787.73,201.66,17.14
2,240.00,47,232.57,424.00,0.00
2,240.00,48,354.00,450.38,7.56
2,240.00,49,342.99,426.17,15.30
2,240.00,50,569.15,462.13,24.08
2,240.00,51,88.99,728.05,8.55
2,240.00,52,654.06,201.00,24.76
2,240.00,53,438.52,610.51,13.93
2,240.00,54,335.82,354.05,11.35
2,240.00,55,868.28,470.30,0.00
2,240.00,56,187.20,356.57,7.02
2,240.00,57,747.09,942.96,23.57
2,240.00,58,181.26,582.79,5.41
2,240.00,59,115.16,633.45,21.77
2,240.00,60,527.30,334.67,23.37
2,240.00,61,736.09,322.51,15.21
2,240.00,62,389.93,439.69,5.51
2,240.00,63,683.16,498.20,13.52
2,240.00,64,505.48,605.51,15.12
2,240.00,65,856.27,183.52,13.93
2,240.00,66,698.28,905.84,22.31
2,240.00,67,817.04,817.89,0.00
2,240.00,68,397.93,617.33,7.65
2,240.00,69,348.29,821.21,8.76
2,240.00,70,435.73,372.50,14.84
2,240.00,71,938.18,617.34,0.00
2,240.00,72,201.02,672.87,16.51
2,240.00,73,362.52,682.93,10.52
2,240.00,74,725.32,8.88,12.10
2,240.00,75,635.12,567.04,10.32
2,240.00,76,452.52,340.91,11.69
2,240.00,77,497.30,480.53,10.63
2,240.00,78,499.17,289.02,5.66
2,240.00,79,545.52,810.28,13.40
2,240.00,80,872.05,552.96,0.00
2,240.00,81,171.62,208.44,5.69
2,240.00,82,281.88,270.23,21.37
2,240.00,83,657.26,518.62,8.67
2,240.00,84,647.92,832.76,12.84
2,240.00,85,373.89,323.63,22.81
2,240.00,86,796.24,836.68,8.37
2,240.00,87,815.19,221.79,0.00
2,240.00,88,546.36,927.21,0.00
2,240.00,89,324.41,379.93,19.20
2,240.00,90,553.31,403.79,7.20
2,240.00,91,543.31,377.99,6.61
2,240.00,92,110.34,413.58,5.72
2,240.00,93,658.84,29.18,0.00
2,240.00,94,326.58,590.47,24.32
2,240.00,95,889.11,394.79,0.00
2,240.00,96,393.09,793.18,10.36
2,240.00,97,407.22,553.61,6.44
2,240.00,98,133.20,585.15,11.62
2,240.00,99,519.19,415.91,17.94
2,240.00,100,45.25,866.86,0.00
2,240.00,101,299.54,872.57,6.51
2,240.00,102,637.22,191.78,0.00
2,240.00,103,674.49,188.92,8.51
2,240.00,104,356.38,211.32,7.49
2,240.00,105,129.23,408.31,5.36
2,240.00,106,600.58,616.42,8.59
2,240.00,107,627.81,246.24,10.61
2,240.00,108,400.12,311.35,13.83
2,240.00,109,364.06,463.92,23.78
2,240.00,110,244.04,277.78,7.26
2,240.00,111,181.65,601.68,13.62
2,240.00,112,420.66,296.39,5.66
2,240.00,113,430.05,153.73,5.85
2,240.00,114,421.56,404.71,15.14
2,240.00,115,798.16,79.16,15.97
2,240.00,116,486.19,852.66,6.98
2,240.00,117,898.13,331.04,6.46
2,240.00,118,126.66,297.67,6.07
2,240.00,119,161.19,700.64,6.53
2,240.00,120,525.71,502.46,0.00
2,240.00,121,472.13,384.51,0.00
2,240.00,122,295.90,352.21,6.22
2,240.00,123,320.23,423.34,7.47
2,240.00,124,402.81,433.56,9.63
2,240.00,125,771.76,605.24,5.37
2,240.00,126,515.98,198.39,17.20
2,240.00,127,767.94,85.16,14.76
2,240.00,128,140.23,364.49,0.00
2,240.00,129,122.62,762.78,22.95
2,240.00,130,504.52,626.48,11.69
2,240.00,131,673.22,592.82,22.11
2,240.00,132,599.40,872.36,8.58
2,240.00,133,588.74,611.18,22.33
2,240.00,134,10.34,15.11,9.53
2,240.00,135,776.42,796.55,18.54
2,240.00,136,647.29,299.89,14.79
2,240.00,137,585.41,137.38,6.53
2,240.00,138,311.24,796.96,0.00
2,240.00,139,733.00,907.48,21.75
2,240.00,140,412.34,161.92,13.31
2,240.00,141,570.80,271.87,7.43
2,240.00,142,299.88,218.58,23.57
2,240.00,143,552.77,181.93,0.00
2,240.00,144,725.17,615.34,22.98
2,240.00,145,675.83,259.04,14.00
2,240.00,146,448.88,224.78,12.50
2,240.00,147,759.42,771.62,5.32
2,240.00,148,277.45,780.70,14.87
2,240.00,149,142.58,249.70,21.59
2,250.00,0,663.29,489.12,17.44
2,250.00,1,368.12,548.56,23.63
2,250.00,2,937.87,408.75,21.65
2,250.00,3,899.83,152.87,21.23
2,250.00,4,624.83,736.45,11.14
2,250.00,5,421.78,990.62,0.00
2,250.00,6,103.13,429.73,8.19
2,250.00,7,66.58,948.43,6.17
2,250.00,8,447.73,689.05,0.00
2,250.00,9,126.30,136.51,0.00
2,250.00,10,50.91,648.88,8.62
2,250.00,11,355.91,728.72,7.67
2,250.00,12,781.72,238.80,8.81
2,250.00,13,223.33,294.28,20.24
2,250.00,14,376.90,301.32,10.51
2,250.00,15,434.25,153.61,5.77
2,250.00,16,229.68,2.63,9.44
2,250.00,17,455.68,524.25,23.87
2,250.00,18,573.47,150.52,7.02
2,250.00,19,400.71,474.36,13.62
2,250.00,20,723.82,425.36,7.47
2,250.00,21,836.27,13.59,0.00
2,250.00,22,241.29,691.33,0.00
2,250.00,23,523.27,429.66,16.45
2,250.00,24,327.35,497.42,6.05
2,250.00,25,311.55,256.88,6.53
2,250.00,26,462.17,720.23,6.60
2,250.00,27,967.43,86.09,0.00
2,250.00,28,651.12,953.33,11.18
2,250.00,29,423.11,646.63,7.06
2,250.00,30,432.34,787.36,5.74
2,250.00,31,377.58,498.88,8.92
2,250.00,32,719.50,938.97,22.60
2,250.00,33,500.06,47.08,8.94
2,250.00,34,846.62,594.88,5.19
2,250.00,35,8.41,781.94,11.30
2,250.00,36,456.14,935.48,16.96
2,250.00,37,92.24,505.57,9.30
2,250.00,38,565.96,780.04,13.05
2,250.00,39,851.03,571.97,5.32
2,250.00,40,502.84,281.00,10.06
2,250.00,41,737.80,437.49,12.86
2,250.00,42,276.12,465.05,24.90
2,250.00,43,96.85,782.05,0.00
2,250.00,44,135.05,452.38,0.00
2,250.00,45,399.92,223.62,7.69
2,250.00,46,806.59,205.96,0.00
2,250.00,47,295.98,421.83,10.04
2,250.00,48,317.18,516.42,7.56
2,250.00,49,454.65,321.57,15.30
2,250.00,50,611.43,225.02,24.08
2,250.00,51,61.41,808.96,8.55
2,250.00,52,804.05,200.95,0.00
2,250.00,53,520.60,527.68,0.00
2,250.00,54,328.46,467.34,11.35
2,250.00,55,815.98,350.30,14.79
2,250.00,56,185.32,426.78,7.02
2,250.00,57,514.01,907.66,23.57
2,250.00,58,235.30,579.49,5.41
2,250.00,59,119.87,415.80,21.77
2,250.00,60,725.63,458.20,23.37
2,250.00,61,823.31,447.15,15.21
2,250.00,62,444.95,437.22,5.51
2,250.00,63,610.56,612.23,13.52
2,250.00,64,573.03,737.39,0.00
2,250.00,65,842.42,322.12,13.93
2,250.00,66,808.51,711.85,22.31
2,250.00,67,794.19,780.27,9.82
2,250.00,68,466.11,582.70,7.65
2,250.00,69,336.52,826.59,0.00
2,250.00,70,304.37,441.58,14.84
2,250.00,71,852.44,570.89,24.74
2,250.00,72,246.53,831.53,16.51
2,250.00,73,377.95,787.02,10.52
2,250.00,74,633.91,88.16,12.10
2,250.00,75,567.68,488.93,10.32
2,250.00,76,543.50,414.25,11.69
2,250.00,77,591.90,432.06,10.63
2,250.00,78,456.19,325.84,5.66
2,250.00,79,516.25,750.89,0.00
2,250.00,80,820.83,538.18,7.00
2,250.00,81,164.78,264.89,5.69
2,250.00,82,88.51,361.22,21.37
2,250.00,83,717.74,456.45,8.67
2,250.00,84,698.01,714.51,12.84
2,250.00,85,348.16,317.12,0.00
2,250.00,86,753.71,764.65,8.37
2,250.00,87,787.75,229.44,17.59
2,250.00,88,560.87,895.90,24.34
2,250.00,89,167.93,444.90,0.00
2,250.00,90,487.48,374.70,7.20
2,250.00,91,588.94,425.88,6.61
2,250.00,92,62.51,444.91,5.72
2,250.00,93,671.59,38.11,13.34
2,250.00,94,146.68,727.83,0.00
2,250.00,95,873.39,387.16,5.76
2,250.00,96,441.64,701.62,10.36
2,250.00,97,383.41,613.46,6.44
2,250.00,98,108.20,471.68,11.62
2,250.00,99,398.67,496.47,0.00
2,250.00,100,65.26,809.65,18.81
2,250.00,101,361.32,852.17,6.51
2,250.00,102,590.96,227.70,21.38
2,250.00,103,634.57,264.02,8.51
2,250.00,104,377.18,283.24,7.49
2,250.00,105,76.06,415.31,5.36
2,250.00,106,568.18,695.99,8.59
2,250.00,107,558.40,326.46,10.61
2,250.00,108,500.48,406.46,13.83
2,250.00,109,194.18,297.47,23.78
2,250.00,110,225.90,348.06,7.26
2,250.00,111,110.93,681.23,0.00
2,250.00,112,409.50,298.51,0.00
2,250.00,113,473.71,192.64,5.85
2,250.00,114,341.78,276.01,15.14
2,250.00,115,668.45,172.34,15.97
2,250.00,116,555.11,841.87,6.98
2,250.00,117,961.68,342.35,6.46
2,250.00,118,113.28,282.30,0.00
2,250.00,119,171.21,636.17,6.53
2,250.00,120,623.16,577.71,13.26
2,250.00,121,528.20,360.32,19.17
2,250.00,122,235.66,367.57,6.22
2,250.00,123,265.58,372.38,7.47
2,250.00,124,310.67,405.71,9.63
2,250.00,125,810.54,642.38,5.37
2,250.00,126,612.45,340.83,17.20
2,250.00,127,727.76,102.66,0.00
2,250.00,128,140.45,365.04,22.34
2,250.00,129,228.16,558.98,22.95
2,250.00,130,471.68,738.72,11.69
2,250.00,131,783.27,764.27,0.00
2,250.00,132,517.21,897.14,8.58
2,250.00,133,653.66,824.81,22.33
2,250.00,134,10.28,14.85,0.00
2,250.00,135,690.00,635.48,0.00
2,250.00,136,709.97,433.79,14.79
2,250.00,137,650.57,132.53,6.53
2,250.00,138,360.17,756.45,11.86
2,250.00,139,901.99,890.48,0.00
2,250.00,140,381.46,163.63,0.00
2,250.00,141,497.56,259.44,7.43
2,250.00,142,235.39,445.31,23.57
2,250.00,143,453.56,334.26,18.21
2,250.00,144,519.27,717.31,22.98
2,250.00,145,536.79,242.86,14.00
2,250.00,146,449.59,213.27,0.00
2,250.00,147,706.78,779.63,5.32
2,250.00,148,171.63,882.26,0.00
2,250.00,149,152.65,465.35,21.59
2,260.00,0,595.36,328.55,17.44
2,260.00,1,372.33,570.84,0.00
2,260.00,2,757.23,528.08,21.65
2,260.00,3,979.91,169.36,0.00
2,260.00,4,730.34,700.80,11.14
2,260.00,5,422.46,989.43,23.56
2,260.00,6,51.30,387.52,0.00
2,260.00,7,126.57,934.05,6.17
2,260.00,8,413.85,619.33,21.26
2,260.00,9,205.73,203.68,13.52
2,260.00,10,134.08,671.59,8.62
2,260.00,11,280.79,713.02,7.67
2,260.00,12,863.46,205.83,8.81
2,260.00,13,242.89,495.78,20.24
2,260.00,14,379.64,196.28,10.51
2,260.00,15,381.97,129.10,5.77
2,260.00,16,228.60,0.80,0.00
2,260.00,17,636.03,367.80,23.87
2,260.00,18,596.03,84.06,7.02
2,260.00,19,286.37,548.41,13.62
2,260.00,20,776.26,478.51,7.47
2,260.00,21,794.88,124.15,24.28
2,260.00,22,275.69,703.58,14.32
2,260.00,23,618.79,295.80,16.45
2,260.00,24,267.16,491.19,6.05
2,260.00,25,315.60,191.67,6.53
2,260.00,26,512.90,678.07,6.60
2,260.00,27,941.73,107.23,5.22
2,260.00,28,662.78,969.86,0.00
2,260.00,29,372.65,696.09,7.06
2,260.00,30,390.73,826.85,5.74
2,260.00,31,466.30,489.58,8.92
2,260.00,32,494.82,914.89,22.60
2,260.00,33,513.25,35.10,0.00
2,260.00,34,832.57,644.79,5.19
2,260.00,35,7.37,780.63,0.00
2,260.00,36,624.30,913.38,16.96
2,260.00,37,117.88,416.15,9.30
2,260.00,38,517.79,901.37,13.05
2,260.00,39,809.60,538.61,5.32
2,260.00,40,537.00,375.62,10.06
2,260.00,41,677.46,323.95,12.86
2,260.00,42,470.97,620.05,24.90
2,260.00,43,102.10,778.50,13.32
2,260.00,44,136.08,453.18,5.43
2,260.00,45,471.70,251.26,7.69
2,260.00,46,749.24,111.66,0.00
2,260.00,47,396.32,418.40,10.04
2,260.00,48,280.36,582.45,7.56
2,260.00,49,566.31,216.97,15.30
2,260.00,50,646.54,28.09,0.00
2,260.00,51,33.82,889.87,8.55
2,260.00,52,776.65,216.43,7.98
2,260.00,53,528.87,515.82,8.88
2,260.00,54,321.10,580.62,11.35
2,260.00,55,756.88,214.70,14.79
2,260.00,56,183.45,496.99,7.02
2,260.00,57,280.93,872.37,23.57
2,260.00,58,289.34,576.19,5.41
2,260.00,59,124.55,199.57,0.00
2,260.00,60,923.95,581.73,23.37
2,260.00,61,910.53,571.79,15.21
2,260.00,62,499.98,434.74,5.51
2,260.00,63,537.97,726.26,13.52
2,260.00,64,570.51,734.24,20.54
2,260.00,65,828.57,460.72,13.93
2,260.00,66,918.75,517.87,22.31
2,260.00,67,748.95,705.82,0.00
2,260.00,68,534.30,548.08,7.65
2,260.00,69,324.18,680.91,17.15
2,260.00,70,173.00,510.66,14.84
2,260.00,71,634.91,453.05,24.74
2,260.00,72,283.56,960.63,0.00
2,260.00,73,393.38,891.12,10.52
2,260.00,74,542.50,167.44,12.10
2,260.00,75,500.25,410.81,10.32
2,260.00,76,634.47,487.60,11.69
2,260.00,77,686.50,383.59,10.63
2,260.00,78,413.20,362.67,5.66
2,260.00,79,534.57,799.39,10.25
2,260.00,80,753.55,518.77,7.00
2,260.00,81,157.94,321.33,5.69
2,260.00,82,56.30,376.38,0.00
2,260.00,83,769.56,403.18,0.00
2,260.00,84,748.10,596.26,12.84
2,260.00,85,364.53,423.44,12.17
2,260.00,86,711.18,692.62,8.37
2,260.00,87,618.30,276.68,17.59
2,260.00,88,663.25,675.04,24.34
2,260.00,89,174.65,429.43,14.34
2,260.00,90,421.65,345.61,7.20
2,260.00,91,634.56,473.77,6.61
2,260.00,92,34.67,463.15,0.00
2,260.00,93,780.81,114.62,13.34
2,260.00,94,157.26,721.85,17.50
2,260.00,95,821.58,361.97,5.76
2,260.00,96,490.19,610.06,10.36
2,260.00,97,359.59,673.31,6.44
2,260.00,98,83.21,358.21,11.62
2,260.00,99,419.77,512.23,13.71
2,260.00,100,127.35,632.11,18.81
2,260.00,101,423.09,831.78,6.51
2,260.00,102,422.11,358.80,21.38
2,260.00,103,594.65,339.12,8.51
2,260.00,104,397.97,355.15,7.49
2,260.00,105,22.90,422.32,5.36
2,260.00,106,535.78,775.57,8.59
2,260.00,107,488.99,406.68,10.61
2,260.00,108,600.83,501.56,13.83
2,260.00,109,25.19,131.89,0.00
2,260.00,110,207.77,418.34,7.26
2,260.00,111,148.06,684.97,17.06
2,260.00,112,358.84,326.88,7.27
2,260.00,113,517.36,231.56,5.85
2,260.00,114,262.00,147.30,15.14
2,260.00,115,538.74,265.53,15.97
2,260.00,116,624.03,831.09,6.98
2,260.00,117,982.71,346.09,0.00
2,260.00,118,200.26,372.41,18.86
2,260.00,119,181.24,571.69,6.53
2,260.00,120,728.08,658.72,13.26
2,260.00,121,704.23,284.36,19.17
2,260.00,122,175.42,382.93,6.22
2,260.00,123,210.92,321.42,7.47
2,260.00,124,218.53,377.86,9.63
2,260.00,125,849.33,679.51,5.37
2,260.00,126,708.93,483.26,17.20
2,260.00,127,730.96,153.93,7.31
2,260.00,128,221.96,573.07,22.34
2,260.00,129,333.70,355.19,22.95
2,260.00,130,438.84,850.96,11.69
2,260.00,131,767.07,764.77,20.60
2,260.00,132,435.03,921.92,8.58
2,260.00,133,681.77,917.32,0.00
2,260.00,134,108.22,13.16,9.82
2,260.00,135,691.37,638.69,24.94
2,260.00,136,772.65,567.70,14.79
2,260.00,137,715.72,127.68,6.53
2,260.00,138,451.54,680.80,11.86
2,260.00,139,903.16,865.66,11.34
2,260.00,140,486.67,142.47,13.98
2,260.00,141,424.32,247.01,7.43
2,260.00,142,170.89,672.04,23.57
2,260.00,143,354.18,486.87,18.21
2,260.00,144,313.36,819.28,22.98
2,260.00,145,397.76,226.69,14.00
2,260.00,146,498.37,278.97,9.02
2,260.00,147,654.14,787.63,5.32
2,260.00,148,172.07,881.29,7.74
2,260.00,149,162.72,680.99,21.59
2,270.00,0,527.42,167.98,17.44
2,270.00,1,417.59,620.24,7.41
2,270.00,2,576.60,647.41,21.65
2,270.00,3,971.32,157.54,0.00
2,270.00,4,835.86,665.16,11.14
2,270.00,5,538.85,784.57,23.56
2,270.00,6,57.05,376.58,6.73
2,270.00,7,186.57,919.67,6.17
2,270.00,8,320.94,428.09,21.26
2,270.00,9,308.97,290.98,13.52
2,270.00,10,217.25,694.29,8.62
2,270.00,11,205.68,697.33,7.67
2,270.00,12,910.05,187.03,0.00
2,270.00,13,262.44,697.28,20.24
2,270.00,14,382.38,91.25,10.51
2,270.00,15,329.68,104.59,5.77
2,270.00,16,324.99,82.15,12.90
2,270.00,17,816.37,211.35,23.87
2,270.00,18,618.59,17.61,7.02
2,270.00,19,172.02,622.45,13.62
2,270.00,20,828.70,531.66,7.47
2,270.00,21,709.74,351.58,24.28
2,270.00,22,410.62,751.61,14.32
2,270.00,23,651.55,249.91,0.00
2,270.00,24,206.98,484.96,6.05
2,270.00,25,319.64,126.46,6.53
2,270.00,26,563.62,635.92,6.60
2,270.00,27,901.45,140.37,5.22
2,270.00,28,638.03,886.98,10.56
2,270.00,29,322.20,745.54,7.06
2,270.00,30,349.12,866.33,5.74
2,270.00,31,555.01,480.27,8.92
2,270.00,32,270.13,890.82,22.60
2,270.00,33,471.72,133.43,13.33
2,270.00,34,818.52,694.70,5.19
2,270.00,35,100.99,660.02,15.50
2,270.00,36,791.62,891.39,0.00
2,270.00,37,143.52,326.73,9.30
2,270.00,38,485.29,983.22,0.00
2,270.00,39,768.16,505.25,5.32
2,270.00,40,571.16,470.24,10.06
2,270.00,41,617.11,210.42,12.86
2,270.00,42,665.83,775.05,24.90
2,270.00,43,212.53,703.96,13.32
2,270.00,44,178.94,486.52,5.43
2,270.00,45,543.48,278.90,7.69
2,270.00,46,703.78,162.15,19.08
2,270.00,47,496.66,414.97,10.04
2,270.00,48,243.54,648.48,7.56
2,270.00,49,606.57,179.25,0.00
2,270.00,50,652.58,68.06,23.86
2,270.00,51,6.23,970.77,8.55
2,270.00,52,707.16,255.71,7.98
2,270.00,53,579.65,442.94,8.88
2,270.00,54,313.74,693.91,11.35
2,270.00,55,705.08,95.84,0.00
2,270.00,56,181.57,567.19,7.02
2,270.00,57,56.72,838.42,0.00
2,270.00,58,343.38,572.89,5.41
2,270.00,59,124.96,199.65,6.46
2,270.00,60,980.42,616.90,0.00
2,270.00,61,932.91,603.78,0.00
2,270.00,62,555.00,432.26,5.51
2,270.00,63,465.38,840.29,13.52
2,270.00,64,442.36,573.75,20.54
2,270.00,65,814.73,599.32,13.93
2,270.00,66,990.11,392.28,0.00
2,270.00,67,733.39,687.87,21.01
2,270.00,68,570.97,529.46,0.00
2,270.00,69,309.71,509.98,17.15
2,270.00,70,160.60,517.18,0.00
2,270.00,71,417.39,335.21,24.74
2,270.00,72,303.95,930.08,19.71
2,270.00,73,408.81,995.21,10.52
2,270.00,74,451.08,246.72,12.10
2,270.00,75,432.81,332.70,10.32
2,270.00,76,725.45,560.94,11.69
2,270.00,77,769.07,341.29,0.00
2,270.00,78,370.21,399.50,5.66
2,270.00,79,562.73,873.94,0.00
2,270.00,80,686.27,499.35,7.00
2,270.00,81,151.10,377.78,5.69
2,270.00,82,162.31,502.35,19.76
2,270.00,83,760.21,411.83,8.89
2,270.00,84,790.31,496.61,0.00
2,270.00,85,383.07,543.76,12.17
2,270.00,86,668.64,620.59,8.37
2,270.00,87,448.85,323.92,17.59
2,270.00,88,765.62,454.19,24.34
2,270.00,89,231.79,297.87,14.34
2,270.00,90,355.83,316.53,7.20
2,270.00,91,680.19,521.66,6.61
2,270.00,92,70.80,505.37,13.29
2,270.00,93,890.04,191.12,13.34
2,270.00,94,309.58,635.74,17.50
2,270.00,95,769.77,336.79,5.76
2,270.00,96,538.74,518.50,10.36
2,270.00,97,344.68,710.80,0.00
2,270.00,98,58.21,244.75,11.62
2,270.00,99,529.58,594.25,13.71
2,270.00,100,189.45,454.57,18.81
2,270.00,101,484.87,811.39,6.51
2,270.00,102,253.25,489.89,21.38
2,270.00,103,554.72,414.23,8.51
2,270.00,104,418.77,427.07,7.49
2,270.00,105,19.92,422.71,0.00
2,270.00,106,503.37,855.14,8.59
2,270.00,107,419.58,486.90,10.61
2,270.00,108,701.19,596.67,13.83
2,270.00,109,25.56,132.49,13.54
2,270.00,110,189.64,488.62,7.26
2,270.00,111,317.79,702.10,17.06
2,270.00,112,295.45,362.39,7.27
2,270.00,113,561.01,270.47,5.85
2,270.00,114,241.88,114.84,0.00
2,270.00,115,409.03,358.72,15.97
2,270.00,116,692.95,820.31,6.98
2,270.00,117,945.92,375.71,7.06
2,270.00,118,331.20,508.08,18.86
2,270.00,119,191.27,507.21,6.53
2,270.00,120,764.15,686.57,0.00
2,270.00,121,754.41,262.70,0.00
2,270.00,122,115.19,398.29,6.22
2,270.00,123,172.70,285.78,0.00
2,270.00,124,126.39,350.02,9.63
2,270.00,125,888.11,716.65,5.37
2,270.00,126,805.40,625.70,17.20
2,270.00,127,735.50,226.86,7.31
2,270.00,128,303.48,781.09,22.34
2,270.00,129,428.59,171.95,0.00
2,270.00,130,424.30,900.66,0.00
2,270.00,131,561.17,771.07,20.60
2,270.00,132,379.75,938.59,0.00
2,270.00,133,602.31,875.84,15.81
2,270.00,134,206.44,11.46,9.82
2,270.00,135,789.67,867.89,24.94
2,270.00,136,835.33,701.60,14.79
2,270.00,137,742.85,125.66,0.00
2,270.00,138,542.92,605.15,11.86
2,270.00,139,908.51,752.36,11.34
2,270.00,140,623.72,114.90,13.98
2,270.00,141,351.08,234.58,7.43
2,270.00,142,117.78,858.74,0.00
2,270.00,143,349.70,493.75,0.00
2,270.00,144,107.45,921.26,22.98
2,270.00,145,258.73,210.52,14.00
2,270.00,146,552.11,351.36,9.02
2,270.00,147,601.50,795.64,5.32
2,270.00,148,203.70,810.61,7.74
2,270.00,149,163.37,694.93,0.00
2,280.00,0,483.55,64.28,0.00
2,280.00,1,467.65,674.90,7.41
2,280.00,2,501.27,697.18,0.00
2,280.00,3,898.37,176.52,14.03
2,280.00,4,941.38,629.51,11.14
2,280.00,5,655.23,579.71,23.56
2,280.00,6,88.35,317.00,6.73
2,280.00,7,246.57,905.29,6.17
2,280.00,8,228.03,236.86,21.26
2,280.00,9,412.22,378.28,13.52
2,280.00,10,300.41,717.00,8.62
2,280.00,11,203.19,696.81,0.00
2,280.00,12,873.39,190.34,8.56
2,280.00,13,282.00,898.78,20.24
2,280.00,14,382.40,90.68,0.00
2,280.00,15,326.09,102.90,0.00
2,280.00,16,423.59,165.37,12.90
2,280.00,17,966.15,81.42,0.00
2,280.00,18,619.70,14.36,0.00
2,280.00,19,57.68,696.49,13.62
2,280.00,20,881.14,584.81,7.47
2,280.00,21,624.61,579.00,24.28
2,280.00,22,545.55,799.64,14.32
2,280.00,23,627.26,306.72,9.40
2,280.00,24,146.80,478.74,6.05
2,280.00,25,322.06,87.47,0.00
2,280.00,26,614.35,593.76,6.60
2,280.00,27,861.16,173.51,5.22
2,280.00,28,607.81,785.80,10.56
2,280.00,29,271.74,794.99,7.06
2,280.00,30,313.26,900.37,0.00
2,280.00,31,643.72,470.97,8.92
2,280.00,32,247.49,888.39,0.00
2,280.00,33,419.86,256.25,13.33
2,280.00,34,804.47,744.61,5.19
2,280.00,35,196.01,537.60,15.50
2,280.00,36,791.37,890.20,24.49
2,280.00,37,169.16,237.30,9.30
2,280.00,38,476.27,958.22,8.17
2,280.00,39,726.72,471.89,5.32
2,280.00,40,605.32,564.86,10.06
2,280.00,41,613.64,203.88,0.00
2,280.00,42,860.69,930.05,24.90
2,280.00,43,322.97,629.41,13.32
2,280.00,44,221.81,519.86,5.43
2,280.00,45,615.26,306.54,7.69
2,280.00,46,576.10,303.98,19.08
2,280.00,47,597.00,411.55,10.04
2,280.00,48,220.95,689.00,0.00
2,280.00,49,676.63,221.67,12.81
2,280.00,50,688.18,303.95,23.86
2,280.00,51,3.12,979.88,0.00
2,280.00,52,637.67,294.99,7.98
2,280.00,53,630.43,370.07,8.88
2,280.00,54,306.38,807.20,11.35
2,280.00,55,695.49,119.07,20.35
2,280.00,56,179.70,637.40,7.02
2,280.00,57,61.57,835.24,15.22
2,280.00,58,397.43,569.59,5.41
2,280.00,59,188.37,212.15,6.46
2,280.00,60,958.22,666.18,7.56
2,280.00,61,810.06,485.83,22.91
2,280.00,62,610.03,429.79,5.51
2,280.00,63,393.21,953.65,0.00
2,280.00,64,314.21,413.25,20.54
2,280.00,65,805.95,687.14,0.00
2,280.00,66,920.86,394.15,19.65
2,280.00,67,595.76,529.06,21.01
2,280.00,68,620.82,452.74,19.80
2,280.00,69,295.23,339.05,17.15
2,280.00,70,189.74,548.18,0.00
2,280.00,71,203.12,219.14,0.00
2,280.00,72,413.38,766.12,19.71
2,280.00,73,408.98,996.36,0.00
2,280.00,74,359.67,326.00,12.10
2,280.00,75,415.74,312.93,0.00
2,280.00,76,816.42,634.29,11.69
2,280.00,77,760.57,351.51,10.45
2,280.00,78,327.23,436.32,5.66
2,280.00,79,539.09,839.21,18.89
2,280.00,80,618.99,479.94,7.00
2,280.00,81,144.26,434.23,5.69
2,280.00,82,289.51,653.50,19.76
2,280.00,83,694.92,472.19,8.89
2,280.00,84,759.28,516.15,23.32
2,280.00,85,393.29,610.14,0.00
2,280.00,86,626.11,548.56,8.37
2,280.00,87,279.40,371.15,17.59
2,280.00,88,868.00,233.34,24.34
2,280.00,89,241.14,276.33,0.00
2,280.00,90,290.00,287.44,7.20
2,280.00,91,725.81,569.55,6.61
2,280.00,92,99.68,539.11,0.00
2,280.00,93,912.82,207.08,0.00
2,280.00,94,461.91,549.64,17.50
2,280.00,95,717.96,311.60,5.76
2,280.00,96,587.29,426.95,10.36
2,280.00,97,281.85,754.21,20.44
2,280.00,98,33.22,131.28,11.62
2,280.00,99,639.40,676.27,13.71
2,280.00,100,194.77,439.35,0.00
2,280.00,101,546.64,791.00,6.51
2,280.00,102,84.40,620.99,21.38
2,280.00,103,514.80,489.33,8.51
2,280.00,104,439.56,498.98,7.49
2,280.00,105,24.27,368.90,0.00
2,280.00,106,488.66,891.26,0.00
2,280.00,107,350.17,567.13,10.61
2,280.00,108,801.54,691.78,13.83
2,280.00,109,96.35,247.95,13.54
2,280.00,110,171.50,558.90,7.26
2,280.00,111,487.53,719.23,17.06
2,280.00,112,232.06,397.89,7.27
2,280.00,113,604.67,309.38,5.85
2,280.00,114,337.30,171.50,14.84
2,280.00,115,279.32,451.91,15.97
2,280.00,116,761.87,809.53,6.98
2,280.00,117,890.94,419.97,7.06
2,280.00,118,462.14,643.75,18.86
2,280.00,119,201.30,442.73,6.53
2,280.00,120,698.42,595.49,17.12
2,280.00,121,641.00,280.28,16.05
2,280.00,122,54.95,413.66,6.22
2,280.00,123,176.97,306.73,7.11
2,280.00,124,68.58,332.55,0.00
2,280.00,125,926.90,753.79,5.37
2,280.00,126,872.44,724.67,0.00
2,280.00,127,740.05,299.79,7.31
2,280.00,128,383.12,984.33,0.00
2,280.00,129,431.19,178.26,6.76
2,280.00,130,473.86,849.05,12.84
2,280.00,131,355.28,777.37,20.60
2,280.00,132,352.17,925.33,9.35
2,280.00,133,462.15,802.69,15.81
2,280.00,134,304.66,9.76,9.82
2,280.00,135,844.99,996.89,0.00
2,280.00,136,881.44,800.10,0.00
2,280.00,137,645.53,135.01,16.75
2,280.00,138,634.29,529.50,11.86
2,280.00,139,913.85,639.06,11.34
2,280.00,140,688.02,101.97,0.00
2,280.00,141,277.85,222.15,7.43
2,280.00,142,150.26,839.99,21.24
2,280.00,143,355.41,695.43,21.13
2,280.00,144,91.28,929.27,0.00
2,280.00,145,119.70,194.35,14.00
2,280.00,146,605.86,423.74,9.02
2,280.00,147,548.86,803.64,5.32
2,280.00,148,235.32,739.94,7.74
2,280.00,149,322.56,768.59,18.75
2,290.00,0,537.58,119.19,21.75
2,290.00,1,517.71,729.55,7.41
2,290.00,2,541.99,568.16,23.21
2,290.00,3,762.58,211.84,14.03
2,290.00,4,979.34,616.69,0.00
2,290.00,5,771.62,374.85,23.56
2,290.00,6,119.66,257.42,6.73
2,290.00,7,306.56,890.91,6.17
2,290.00,8,135.12,45.63,21.26
2,290.00,9,515.46,465.59,13.52
2,290.00,10,383.58,739.70,8.62
2,290.00,11,255.02,641.45,0.00
2,290.00,12,788.16,198.03,8.56
2,290.00,13,284.45,924.01,0.00
2,290.00,14,447.21,194.26,12.29
2,290.00,15,162.64,72.24,17.86
2,290.00,16,480.07,213.05,0.00
2,290.00,17,959.62,94.69,8.73
2,290.00,18,501.48,16.69,12.43
2,290.00,19,43.45,705.70,0.00
2,290.00,20,926.04,630.33,0.00
2,290.00,21,539.47,806.43,24.28
2,290.00,22,680.48,847.68,14.32
2,290.00,23,590.30,393.18,9.40
2,290.00,24,132.39,477.25,0.00
2,290.00,25,398.21,70.76,19.39
2,290.00,26,665.08,551.60,6.60
2,290.00,27,820.88,206.66,5.22
2,290.00,28,577.60,684.62,10.56
2,290.00,29,221.28,844.44,7.06
2,290.00,30,304.17,893.53,8.24
2,290.00,31,732.43,461.66,8.92
2,290.00,32,252.23,793.28,10.59
2,290.00,33,367.99,379.07,13.33
2,290.00,34,790.43,794.53,5.19
2,290.00,35,273.79,437.39,0.00
2,290.00,36,741.99,650.33,24.49
2,290.00,37,194.79,147.88,9.30
2,290.00,38,448.53,881.38,8.17
2,290.00,39,685.29,438.54,5.32
2,290.00,40,639.48,659.48,10.06
2,290.00,41,578.80,246.32,5.83
2,290.00,42,898.33,959.99,0.00
2,290.00,43,433.40,554.86,13.32
2,290.00,44,264.67,553.20,5.43
2,290.00,45,687.04,334.18,7.69
2,290.00,46,448.42,445.81,19.08
2,290.00,47,697.34,408.12,10.04
2,290.00,48,256.01,661.86,11.47
2,290.00,49,786.20,288.00,12.81
2,290.00,50,723.79,539.84,23.86
2,290.00,51,70.85,921.55,10.07
2,290.00,52,568.18,334.27,7.98
2,290.00,53,681.21,297.19,8.88
2,290.00,54,299.21,917.47,0.00
2,290.00,55,617.85,307.19,20.35
2,290.00,56,177.82,707.61,7.02
2,290.00,57,188.83,751.80,15.22
2,290.00,58,451.47,566.29,5.41
2,290.00,59,251.79,224.65,6.46
2,290.00,60,950.78,682.70,0.00
2,290.00,61,644.79,327.15,22.91
2,290.00,62,665.05,427.31,5.51
2,290.00,63,393.07,953.18,8.44
2,290.00,64,299.36,394.65,0.00
2,290.00,65,775.18,668.47,9.82
2,290.00,66,724.45,399.43,19.65
2,290.00,67,458.12,370.26,21.01
2,290.00,68,728.69,286.74,19.80
2,290.00,69,289.26,268.55,0.00
2,290.00,70,343.98,571.84,23.39
2,290.00,71,204.34,217.06,16.14
2,290.00,72,522.80,602.17,19.71
2,290.00,73,381.31,923.92,7.84
2,290.00,74,285.54,390.30,0.00
2,290.00,75,467.10,343.40,8.00
2,290.00,76,907.40,707.63,11.69
2,290.00,77,693.76,431.87,10.45
2,290.00,78,284.24,473.15,5.66
2,290.00,79,432.76,683.07,18.89
2,290.00,80,551.71,460.53,7.00
2,290.00,81,137.41,490.67,5.69
2,290.00,82,416.71,804.66,19.76
2,290.00,83,629.63,532.56,8.89
2,290.00,84,561.96,640.41,23.32
2,290.00,85,355.19,709.29,23.69
2,290.00,86,583.58,476.53,8.37
2,290.00,87,109.95,418.39,17.59
2,290.00,88,953.25,49.43,0.00
2,290.00,89,188.74,457.11,22.51
2,290.00,90,224.18,258.35,7.20
2,290.00,91,771.43,617.43,6.61
2,290.00,92,214.22,546.13,17.23
2,290.00,93,732.09,244.37,23.32
2,290.00,94,589.77,477.36,0.00
2,290.00,95,666.15,286.42,5.76
2,290.00,96,635.84,335.39,10.36
2,290.00,97,113.68,870.38,20.44
2,290.00,98,8.23,17.81,11.62
2,290.00,99,749.22,758.30,13.71
2,290.00,100,316.94,630.44,24.81
2,290.00,101,608.42,770.60,6.51
2,290.00,102,69.13,632.84,0.00
2,290.00,103,476.73,560.94,0.00
2,290.00,104,460.36,570.89,7.49
2,290.00,105,79.23,304.38,11.78
2,290.00,106,477.04,854.20,7.11
2,290.00,107,280.76,647.35,10.61
2,290.00,108,901.90,786.89,13.83
2,290.00,109,167.15,363.40,13.54
2,290.00,110,161.12,599.16,0.00
2,290.00,111,657.27,736.36,17.06
2,290.00,112,168.67,433.40,7.27
2,290.00,113,648.32,348.29,5.85
2,290.00,114,464.89,247.27,14.84
2,290.00,115,149.61,545.10,15.97
2,290.00,116,830.79,798.74,6.98
2,290.00,117,835.96,464.24,7.06
2,290.00,118,517.39,700.99,0.00
2,290.00,119,211.32,378.25,6.53
2,290.00,120,598.25,456.69,17.12
2,290.00,121,482.37,304.87,16.05
2,290.00,122,7.25,425.82,0.00
2,290.00,123,191.15,376.43,7.11
2,290.00,124,100.88,316.52,9.68
2,290.00,125,941.47,767.74,0.00
2,290.00,126,868.32,709.50,5.15
2,290.00,127,744.60,372.72,7.31
2,290.00,128,384.03,980.98,15.09
2,290.00,129,456.99,240.79,6.76
2,290.00,130,562.81,756.44,12.84
2,290.00,131,149.39,783.68,20.60
2,290.00,132,267.91,884.80,9.35
2,290.00,133,322.00,729.54,15.81
2,290.00,134,402.88,8.06,9.82
2,290.00,135,842.97,937.37,13.62
2,290.00,136,823.51,774.02,24.02
2,290.00,137,478.76,151.03,16.75
2,290.00,138,703.91,471.86,0.00
2,290.00,139,919.20,525.76,11.34
2,290.00,140,649.80,155.51,12.39
2,290.00,141,204.61,209.72,7.43
2,290.00,142,334.23,733.78,21.24
2,290.00,143,361.17,898.45,0.00
2,290.00,144,204.32,825.56,16.65
2,290.00,145,5.36,181.05,0.00
2,290.00,146,659.60,496.13,9.02
2,290.00,147,496.22,811.65,5.32
2,290.00,148,266.95,669.27,7.74
2,290.00,149,492.74,847.34,18.75
2,300.00,0,596.32,178.90,0.00
2,300.00,1,567.77,784.20,7.41
2,300.00,2,573.59,468.05,0.00
2,300.00,3,626.79,247.16,14.03
2,300.00,4,928.30,572.56,10.54
2,300.00,5,888.01,169.99,23.56
2,300.00,6,150.97,197.85,6.73
2,300.00,7,366.56,876.53,6.17
2,300.00,8,124.10,22.95,0.00
2,300.00,9,618.70,552.89,13.52
2,300.00,10,466.75,762.41,8.62
2,300.00,11,242.81,614.00,5.74
2,300.00,12,702.93,205.73,8.56
2,300.00,13,228.41,789.85,16.62
2,300.00,14,512.37,298.40,12.29
2,300.00,15,76.85,56.15,0.00
2,300.00,16,518.67,178.55,12.12
2,300.00,17,921.07,172.97,8.73
2,300.00,18,377.18,19.14,12.43
2,300.00,19,46.97,573.43,15.11
2,300.00,20,904.12,635.96,15.75
2,300.00,21,492.18,932.77,0.00
2,300.00,22,815.41,895.71,14.32
2,300.00,23,553.35,479.64,9.40
2,300.00,24,267.09,345.44,24.78
2,300.00,25,587.60,29.20,19.39
2,300.00,26,715.80,509.45,6.60
2,300.00,27,780.60,239.80,5.22
2,300.00,28,556.69,614.60,0.00
2,300.00,29,170.83,893.89,7.06
2,300.00,30,238.38,843.97,8.24
2,300.00,31,818.22,452.66,0.00
2,300.00,32,257.50,687.52,10.59
2,300.00,33,317.63,498.33,0.00
2,300.00,34,776.38,844.44,5.19
2,300.00,35,275.11,466.81,16.23
2,300.00,36,710.16,495.74,0.00
2,300.00,37,220.43,58.46,9.30
2,300.00,38,420.79,804.55,8.17
2,300.00,39,643.85,405.18,5.32
2,300.00,40,668.52,739.93,0.00
2,300.00,41,541.83,291.37,5.83
2,300.00,42,902.52,874.59,10.60
2,300.00,43,543.83,480.31,13.32
2,300.00,44,307.54,586.54,5.43
2,300.00,45,758.82,361.82,7.69
2,300.00,46,379.87,521.96,0.00
2,300.00,47,797.68,404.69,10.04
2,300.00,48,346.74,591.63,11.47
2,300.00,49,895.77,354.34,12.81
2,300.00,50,731.23,589.14,0.00
2,300.00,51,147.17,855.83,10.07
2,300.00,52,498.69,373.55,7.98
2,300.00,53,731.99,224.32,8.88
2,300.00,54,301.66,913.80,16.60
2,300.00,55,540.21,495.32,20.35
2,300.00,56,175.94,777.81,7.02
2,300.00,57,316.10,668.36,15.22
2,300.00,58,505.51,562.99,5.41
2,300.00,59,315.21,237.15,6.46
2,300.00,60,879.14,681.89,9.43
2,300.00,61,621.40,304.70,0.00
2,300.00,62,717.15,424.97,0.00
2,300.00,63,368.99,872.31,8.44
2,300.00,64,482.71,341.56,21.59
2,300.00,65,691.22,617.54,9.82
2,300.00,66,528.05,404.72,19.65
2,300.00,67,320.49,211.46,21.01
2,300.00,68,836.56,120.74,19.80
2,300.00,69,389.11,244.63,17.47
2,300.00,70,575.14,607.30,23.39
2,300.00,71,285.94,77.85,16.14
2,300.00,72,551.42,559.29,0.00
2,300.00,73,353.33,850.68,7.84
2,300.00,74,290.76,416.38,14.08
2,300.00,75,535.85,384.21,8.00
2,300.00,76,908.25,708.32,0.00
2,300.00,77,626.95,512.23,10.45
2,300.00,78,241.25,509.97,5.66
2,300.00,79,371.75,593.47,0.00
2,300.00,80,484.43,441.12,7.00
2,300.00,81,133.67,521.58,0.00
2,300.00,82,543.90,955.81,19.76
2,300.00,83,564.33,592.93,8.89
2,300.00,84,364.63,764.68,23.32
2,300.00,85,288.45,882.95,0.00
2,300.00,86,541.05,404.49,8.37
2,300.00,87,76.69,427.67,0.00
2,300.00,88,931.73,73.56,19.33
2,300.00,89,126.08,673.26,22.51
2,300.00,90,158.35,229.26,7.20
2,300.00,91,817.06,665.32,6.61
2,300.00,92,386.23,556.67,17.23
2,300.00,93,521.61,287.80,0.00
2,300.00,94,600.57,456.48,14.64
2,300.00,95,614.34,261.24,5.76
2,300.00,96,684.39,243.83,10.36
2,300.00,97,39.80,921.42,0.00
2,300.00,98,6.09,8.11,0.00
2,300.00,99,859.03,840.32,13.71
2,300.00,100,398.07,757.32,0.00
2,300.00,101,670.20,750.21,6.51
2,300.00,102,153.87,683.54,10.86
2,300.00,103,484.59,558.35,17.84
2,300.00,104,481.15,642.81,7.49
2,300.00,105,155.60,214.73,11.78
2,300.00,106,455.77,786.32,7.11
2,300.00,107,211.35,727.57,10.61
2,300.00,108,934.77,818.04,0.00
2,300.00,109,237.94,478.85,13.54
2,300.00,110,225.80,617.21,15.72
2,300.00,111,827.00,753.49,17.06
2,300.00,112,105.28,468.90,7.27
2,300.00,113,691.97,387.21,5.85
2,300.00,114,592.49,323.04,14.84
2,300.00,115,87.60,589.65,0.00
2,300.00,116,899.71,787.96,6.98
2,300.00,117,780.98,508.50,7.06
2,300.00,118,543.26,582.59,20.96
2,300.00,119,221.35,313.77,6.53
2,300.00,120,567.09,413.51,0.00
2,300.00,121,323.74,329.46,16.05
2,300.00,122,38.68,441.21,16.82
2,300.00,123,205.34,446.13,7.11
2,300.00,124,187.55,273.49,9.68
2,300.00,125,856.51,760.04,13.66
2,300.00,126,854.81,659.76,5.15
2,300.00,127,749.15,445.65,7.31
2,300.00,128,423.25,835.22,15.09
2,300.00,129,482.78,303.31,6.76
2,300.00,130,651.75,663.82,12.84
2,300.00,131,64.61,786.27,0.00
2,300.00,132,262.35,882.13,0.00
2,300.00,133,181.85,656.39,15.81
2,300.00,134,501.10,6.36,9.82
2,300.00,135,838.34,801.24,13.62
2,300.00,136,604.49,675.45,24.02
2,300.00,137,312.00,167.05,16.75
2,300.00,138,680.37,513.23,19.99
2,300.00,139,924.54,412.47,11.34
2,300.00,140,577.77,256.38,12.39
2,300.00,141,131.37,197.29,7.43
2,300.00,142,507.74,633.61,0.00
2,300.00,143,364.28,893.45,15.21
2,300.00,144,327.00,713.02,16.65
2,300.00,145,12.12,221.30,22.98
2,300.00,146,669.28,509.17,0.00
2,300.00,147,443.59,819.65,5.32
2,300.00,148,298.57,598.59,7.74
2,300.00,149,514.87,857.59,0.00
2,310.00,0,587.25,220.99,7.00
2,310.00,1,605.64,825.54,0.00
2,310.00,2,624.23,449.92,9.82
2,310.00,3,491.01,282.48,14.03
2,310.00,4,848.57,503.64,10.54
2,310.00,5,927.51,100.46,0.00
2,310.00,6,182.27,138.27,6.73
2,310.00,7,426.56,862.15,6.17
2,310.00,8,305.00,102.64,22.43
2,310.00,9,696.40,618.59,0.00
2,310.00,10,549.91,785.11,8.62
2,310.00,11,219.47,561.53,5.74
2,310.00,12,617.70,213.42,8.56
2,310.00,13,164.37,636.51,16.62
2,310.00,14,577.53,402.55,12.29
2,310.00,15,128.91,71.79,10.63
2,310.00,16,532.23,166.42,0.00
2,310.00,17,882.53,251.25,8.73
2,310.00,18,355.75,19.56,0.00
2,310.00,19,50.98,422.35,15.11
2,310.00,20,751.57,675.14,15.75
2,310.00,21,540.65,871.58,17.56
2,310.00,22,950.35,943.74,14.32
2,310.00,23,516.39,566.10,9.40
2,310.00,24,410.21,205.39,0.00
2,310.00,25,709.42,2.46,0.00
2,310.00,26,766.53,467.29,6.60
2,310.00,27,740.32,272.94,5.22
2,310.00,28,508.28,609.23,15.82
2,310.00,29,163.06,901.50,0.00
2,310.00,30,172.59,794.42,8.24
2,310.00,31,815.83,456.78,14.43
2,310.00,32,262.77,581.76,10.59
2,310.00,33,318.30,495.73,9.27
2,310.00,34,762.33,894.35,5.19
2,310.00,35,282.39,628.92,16.23
2,310.00,36,746.73,433.82,20.23
2,310.00,37,236.33,3.02,0.00
2,310.00,38,393.05,727.71,8.17
2,310.00,39,602.42,371.82,5.32
2,310.00,40,646.18,713.05,23.34
2,310.00,41,504.86,336.41,5.83
2,310.00,42,907.71,768.73,10.60
2,310.00,43,654.26,405.76,13.32
2,310.00,44,350.40,619.88,5.43
2,310.00,45,830.60,389.46,7.69
2,310.00,46,446.03,441.17,22.55
2,310.00,47,819.73,403.94,0.00
2,310.00,48,437.48,521.40,11.47
2,310.00,49,958.47,392.29,0.00
2,310.00,50,759.13,736.02,18.90
2,310.00,51,223.49,790.10,10.07
2,310.00,52,429.20,412.83,7.98
2,310.00,53,782.78,151.44,8.88
2,310.00,54,393.71,775.67,16.60
2,310.00,55,462.57,683.44,20.35
2,310.00,56,174.07,848.02,7.02
2,310.00,57,443.37,584.91,15.22
2,310.00,58,507.83,562.85,0.00
2,310.00,59,378.63,249.65,6.46
2,310.00,60,784.89,680.83,9.43
2,310.00,61,797.94,413.88,24.18
2,310.00,62,720.70,433.97,18.22
2,310.00,63,344.90,791.45,8.44
2,310.00,64,690.09,281.52,21.59
2,310.00,65,607.25,566.61,9.82
2,310.00,66,331.64,410.00,19.65
2,310.00,67,182.85,52.66,21.01
2,310.00,68,882.11,50.64,0.00
2,310.00,69,559.04,203.91,17.47
2,310.00,70,694.52,625.61,0.00
2,310.00,71,316.65,25.46,0.00
2,310.00,72,507.39,519.59,8.03
2,310.00,73,325.35,777.43,7.84
2,310.00,74,318.41,554.40,14.08
2,310.00,75,604.61,425.01,8.00
2,310.00,76,701.48,620.40,22.68
2,310.00,77,560.13,592.59,10.45
2,310.00,78,198.27,546.80,5.66
2,310.00,79,368.75,509.81,19.64
2,310.00,80,465.21,435.57,0.00
2,310.00,81,126.16,608.45,19.27
2,310.00,82,548.74,961.56,0.00
2,310.00,83,499.04,653.29,8.89
2,310.00,84,196.23,870.72,0.00
2,310.00,85,248.59,867.56,19.90
2,310.00,86,498.51,332.46,8.37
2,310.00,87,205.94,426.81,16.08
2,310.00,88,803.09,217.79,19.33
2,310.00,89,63.43,889.42,22.51
2,310.00,90,116.13,210.61,0.00
2,310.00,91,862.68,713.21,6.61
2,310.00,92,558.24,567.22,17.23
2,310.00,93,525.80,288.12,5.37
2,310.00,94,667.81,326.45,14.64
2,310.00,95,562.52,236.05,5.76
2,310.00,96,732.94,152.27,10.36
2,310.00,97,65.29,906.54,5.26
2,310.00,98,189.82,38.54,20.37
2,310.00,99,931.44,894.40,0.00
2,310.00,100,423.12,683.01,19.96
2,310.00,101,676.02,748.29,0.00
2,310.00,102,247.04,739.27,10.86
2,310.00,103,654.06,502.51,17.84
2,310.00,104,501.95,714.72,7.49
2,310.00,105,231.98,125.08,11.78
2,310.00,106,434.49,718.44,7.11
2,310.00,107,191.92,750.02,0.00
2,310.00,108,847.22,710.70,20.60
2,310.00,109,304.28,587.04,0.00
2,310.00,110,377.26,659.47,15.72
2,310.00,111,979.97,768.93,0.00
2,310.00,112,62.01,493.14,0.00
2,310.00,113,735.63,426.12,5.85
2,310.00,114,720.09,398.81,14.84
2,310.00,115,130.86,612.73,9.39
2,310.00,116,952.14,779.76,0.00
2,310.00,117,726.00,552.76,7.06
2,310.00,118,588.01,377.77,20.96
2,310.00,119,222.16,308.59,0.00
2,310.00,120,515.01,481.69,12.46
2,310.00,121,165.10,354.05,16.05
2,310.00,122,189.70,515.16,16.82
2,310.00,123,219.53,515.83,7.11
2,310.00,124,274.23,230.47,9.68
2,310.00,125,720.43,747.72,13.66
2,310.00,126,844.08,620.25,0.00
2,310.00,127,753.69,518.57,7.31
2,310.00,128,462.48,689.46,15.09
2,310.00,129,508.57,365.84,6.76
2,310.00,130,740.69,571.21,12.84
2,310.00,131,123.52,807.57,10.65
2,310.00,132,426.00,877.87,17.53
2,310.00,133,41.70,583.24,15.81
2,310.00,134,599.31,4.67,9.82
2,310.00,135,833.71,665.10,13.62
2,310.00,136,385.46,576.87,24.02
2,310.00,137,145.24,183.07,16.75
2,310.00,138,581.51,687.03,19.99
2,310.00,139,929.89,299.17,11.34
2,310.00,140,505.75,357.26,12.39
2,310.00,141,126.55,196.47,0.00
2,310.00,142,517.22,630.71,17.45
2,310.00,143,444.53,764.25,15.21
2,310.00,144,449.67,600.48,16.65
2,310.00,145,50.17,447.93,22.98
2,310.00,146,664.73,562.24,6.50
2,310.00,147,390.95,827.66,5.32
2,310.00,148,330.19,527.92,7.74
2,310.00,149,404.76,743.95,18.19
2,320.00,0,572.50,289.44,7.00
2,320.00,1,611.51,803.44,9.39
2,320.00,2,685.70,427.91,0.00
2,320.00,3,355.22,317.80,14.03
2,320.00,4,768.85,434.72,10.54
2,320.00,5,893.08,127.83,6.66
2,320.00,6,213.58,78.69,6.73
2,320.00,7,486.55,847.77,6.17
2,320.00,8,510.24,193.05,22.43
2,320.00,9,698.35,666.84,19.52
2,320.00,10,605.85,800.38,0.00
2,320.00,11,196.13,509.05,5.74
2,320.00,12,532.47,221.11,8.56
2,320.00,13,100.32,483.16,16.62
2,320.00,14,642.70,506.69,12.29
2,320.00,15,230.73,102.39,10.63
2,320.00,16,431.74,272.67,17.21
2,320.00,17,843.98,329.53,8.73
2,320.00,18,313.63,44.28,5.90
2,320.00,19,52.53,363.96,0.00
2,320.00,20,599.03,714.33,15.75
2,320.00,21,649.69,733.92,17.56
2,320.00,22,971.30,951.20,0.00
2,320.00,23,479.43,652.57,9.40
2,320.00,24,421.03,218.43,8.84
2,320.00,25,681.81,40.34,13.14
2,320.00,26,817.26,425.13,6.60
2,320.00,27,700.03,306.08,5.22
2,320.00,28,351.07,591.81,15.82
2,320.00,29,241.76,792.42,15.90
2,320.00,30,106.81,744.87,8.24
2,320.00,31,780.62,517.62,0.00
2,320.00,32,265.73,522.40,0.00
2,320.00,33,341.39,405.91,9.27
2,320.00,34,748.29,944.27,5.19
2,320.00,35,287.64,745.67,0.00
2,320.00,36,785.43,368.29,0.00
2,320.00,37,258.40,37.82,10.84
2,320.00,38,365.30,650.87,8.17
2,320.00,39,560.98,338.46,5.32
2,320.00,40,497.01,533.51,23.34
2,320.00,41,467.89,381.45,5.83
2,320.00,42,912.90,662.88,10.60
2,320.00,43,764.69,331.21,13.32
2,320.00,44,393.26,653.22,5.43
2,320.00,45,851.17,397.38,0.00
2,320.00,46,588.89,266.72,22.55
2,320.00,47,751.35,425.01,9.17
2,320.00,48,528.21,451.17,11.47
2,320.00,49,940.50,419.56,7.63
2,320.00,50,794.40,921.71,18.90
2,320.00,51,299.81,724.38,10.07
2,320.00,52,359.71,452.11,7.98
2,320.00,53,791.18,139.38,0.00
2,320.00,54,485.76,637.54,16.60
2,320.00,55,440.96,735.79,0.00
2,320.00,56,172.19,918.23,7.02
2,320.00,57,567.86,503.29,0.00
2,320.00,58,388.23,424.98,19.07
2,320.00,59,442.05,262.15,6.46
2,320.00,60,690.64,679.77,9.43
2,320.00,61,933.39,497.65,0.00
2,320.00,62,787.48,603.49,18.22
2,320.00,63,320.82,710.59,8.44
2,320.00,64,897.48,221.47,21.59
2,320.00,65,523.28,515.68,9.82
2,320.00,66,189.99,413.81,0.00
2,320.00,67,149.27,13.92,0.00
2,320.00,68,831.91,83.84,10.42
2,320.00,69,594.87,195.33,0.00
2,320.00,70,622.16,665.19,17.06
2,320.00,71,287.04,174.07,24.29
2,320.00,72,447.76,465.84,8.03
2,320.00,73,297.36,704.19,7.84
2,320.00,74,346.07,692.42,14.08
2,320.00,75,673.36,465.81,8.00
2,320.00,76,492.76,531.64,22.68
2,320.00,77,493.32,672.94,10.45
2,320.00,78,155.28,583.63,5.66
2,320.00,79,363.04,350.74,0.00
2,320.00,80,513.47,392.90,9.02
2,320.00,81,111.20,781.63,0.00
2,320.00,82,500.44,934.62,5.75
2,320.00,83,433.75,713.66,8.89
2,320.00,84,187.10,840.46,21.56
2,320.00,85,62.94,795.86,19.90
2,320.00,86,455.98,260.43,8.37
2,320.00,87,366.78,425.73,16.08
2,320.00,88,674.45,362.03,19.33
2,320.00,89,52.26,927.96,0.00
2,320.00,90,146.60,173.50,13.39
2,320.00,91,898.86,751.18,0.00
2,320.00,92,730.24,577.76,17.23
2,320.00,93,579.33,292.21,5.37
2,320.00,94,735.06,196.43,14.64
2,320.00,95,510.71,210.87,5.76
2,320.00,96,781.49,60.72,10.36
2,320.00,97,110.75,880.01,5.26
2,320.00,98,390.74,71.83,20.37
2,320.00,99,920.55,856.62,11.54
2,320.00,100,486.88,493.88,19.96
2,320.00,101,679.86,581.00,18.48
2,320.00,102,340.21,795.01,10.86
2,320.00,103,769.45,464.49,0.00
2,320.00,104,522.74,786.63,7.49
2,320.00,105,307.47,36.46,0.00
2,320.00,106,413.21,650.57,7.11
2,320.00,107,217.47,672.97,11.27
2,320.00,108,717.02,551.07,20.60
2,320.00,109,309.39,577.03,17.87
2,320.00,110,528.71,701.72,15.72
2,320.00,111,962.00,764.18,18.80
2,320.00,112,116.13,443.68,23.09
2,320.00,113,779.28,465.03,5.85
2,320.00,114,847.69,474.58,14.84
2,320.00,115,213.74,656.95,9.39
2,320.00,116,951.20,721.63,24.31
2,320.00,117,671.01,597.03,7.06
2,320.00,118,632.76,172.96,20.96
2,320.00,119,270.61,344.78,6.58
2,320.00,120,490.63,513.60,0.00
2,320.00,121,143.73,357.37,0.00
2,320.00,122,340.72,589.10,16.82
2,320.00,123,233.72,585.53,7.11
2,320.00,124,360.90,187.45,9.68
2,320.00,125,584.35,735.39,13.66
2,320.00,126,796.50,632.43,23.89
2,320.00,127,758.24,591.50,7.31
2,320.00,128,469.70,662.62,0.00
2,320.00,129,534.37,428.37,6.76
2,320.00,130,829.63,478.60,12.84
2,320.00,131,223.67,843.78,10.65
2,320.00,132,601.21,873.32,17.53
2,320.00,133,29.68,576.97,0.00
2,320.00,134,669.47,3.45,0.00
2,320.00,135,829.08,528.97,13.62
2,320.00,136,247.03,514.56,0.00
2,320.00,137,36.10,193.56,0.00
2,320.00,138,482.65,860.83,19.99
2,320.00,139,930.30,290.38,0.00
2,320.00,140,481.98,390.54,0.00
2,320.00,141,151.10,305.66,11.98
2,320.00,142,684.07,579.63,17.45
2,320.00,143,524.78,635.05,15.21
2,320.00,144,555.64,503.27,0.00
2,320.00,145,62.50,521.36,0.00
2,320.00,146,659.18,626.97,6.50
2,320.00,147,343.59,834.86,0.00
2,320.00,148,361.82,457.25,7.74
2,320.00,149,278.18,613.32,18.19
2,330.00,0,557.76,357.88,7.00
2,330.00,1,635.62,712.64,9.39
2,330.00,2,679.54,393.65,10.39
2,330.00,3,219.43,353.12,14.03
2,330.00,4,689.12,365.80,10.54
2,330.00,5,840.97,169.26,6.66
2,330.00,6,239.07,30.17,0.00
2,330.00,7,546.55,833.39,6.17
2,330.00,8,715.48,283.47,22.43
2,330.00,9,706.27,861.84,19.52
2,330.00,10,536.97,804.73,21.08
2,330.00,11,172.79,456.58,5.74
2,330.00,12,447.24,228.81,8.56
2,330.00,13,36.27,329.81,16.62
2,330.00,14,707.86,610.84,12.29
2,330.00,15,332.55,132.99,10.63
2,330.00,16,313.49,397.70,17.21
2,330.00,17,805.44,407.82,8.73
2,330.00,18,262.73,74.16,5.90
2,330.00,19,129.34,401.21,13.92
2,330.00,20,446.48,753.51,15.75
2,330.00,21,758.73,596.27,17.56
2,330.00,22,973.06,852.31,11.71
2,330.00,23,469.95,674.75,0.00
2,330.00,24,477.47,286.41,8.84
2,330.00,25,604.41,146.51,13.14
2,330.00,26,837.64,408.19,0.00
2,330.00,27,659.75,339.23,5.22
2,330.00,28,193.86,574.38,15.82
2,330.00,29,334.77,663.49,15.90
2,330.00,30,64.49,713.00,0.00
2,330.00,31,666.02,506.62,22.45
2,330.00,32,340.23,518.88,17.00
2,330.00,33,364.49,316.08,9.27
2,330.00,34,744.31,958.41,0.00
2,330.00,35,303.28,746.75,5.60
2,330.00,36,675.47,367.33,17.63
2,330.00,37,316.49,129.40,10.84
2,330.00,38,337.56,574.04,8.17
2,330.00,39,519.54,305.11,5.32
2,330.00,40,460.90,490.05,0.00
2,330.00,41,430.92,426.49,5.83
2,330.00,42,918.09,557.02,10.60
2,330.00,43,773.87,325.02,0.00
2,330.00,44,436.13,686.56,5.43
2,330.00,45,885.00,433.80,6.97
2,330.00,46,731.75,92.27,22.55
2,330.00,47,663.72,452.02,9.17
2,330.00,48,618.94,380.94,11.47
2,330.00,49,898.50,483.30,7.63
2,330.00,50,806.75,986.74,0.00
2,330.00,51,339.33,690.34,0.00
2,330.00,52,290.22,491.39,7.98
2,330.00,53,759.07,326.30,22.72
2,330.00,54,532.94,566.76,0.00
2,330.00,55,533.03,796.48,15.28
2,330.00,56,170.84,968.71,0.00
2,330.00,57,565.35,503.06,11.57
2,330.00,58,263.24,280.90,19.07
2,330.00,59,505.46,274.65,6.46
2,330.00,60,604.18,678.80,0.00
2,330.00,61,870.39,480.29,19.15
2,330.00,62,854.26,773.01,18.22
2,330.00,63,296.73,629.72,8.44
2,330.00,64,944.72,207.79,0.00
2,330.00,65,439.31,464.75,9.82
2,330.00,66,250.19,382.42,24.36
2,330.00,67,284.10,47.16,18.37
2,330.00,68,745.01,141.32,10.42
2,330.00,69,514.13,201.15,10.26
2,330.00,70,472.51,747.03,17.06
2,330.00,71,239.56,412.33,24.29
2,330.00,72,388.13,412.08,8.03
2,330.00,73,269.38,630.94,7.84
2,330.00,74,351.62,720.14,0.00
2,330.00,75,742.12,506.62,8.00
2,330.00,76,284.03,442.88,22.68
2,330.00,77,426.50,753.30,10.45
2,330.00,78,112.29,620.45,5.66
2,330.00,79,404.19,373.81,24.87
2,330.00,80,581.03,333.16,9.02
2,330.00,81,122.58,769.03,17.33
2,330.00,82,450.22,906.61,5.75
2,330.00,83,368.46,774.03,8.89
2,330.00,84,124.81,634.04,21.56
2,330.00,85,15.96,777.71,0.00
2,330.00,86,426.30,210.17,0.00
2,330.00,87,520.00,424.71,0.00
2,330.00,88,545.81,506.26,19.33
2,330.00,89,78.61,800.56,15.83
2,330.00,90,189.57,121.14,0.00
2,330.00,91,880.19,733.52,12.42
2,330.00,92,902.25,588.31,17.23
2,330.00,93,632.86,296.30,5.37
2,330.00,94,767.82,133.08,0.00
2,330.00,95,458.90,185.69,5.76
2,330.00,96,813.44,0.46,0.00
2,330.00,97,156.20,853.47,5.26
2,330.00,98,571.63,101.79,0.00
2,330.00,99,888.56,745.70,11.54
2,330.00,100,550.65,304.75,19.96
2,330.00,101,684.10,396.29,18.48
2,330.00,102,433.38,850.74,10.86
2,330.00,103,795.89,501.27,14.19
2,330.00,104,543.54,858.55,7.49
2,330.00,105,309.55,36.84,18.33
2,330.00,106,391.93,582.69,7.11
2,330.00,107,252.94,565.98,11.27
2,330.00,108,586.82,391.44,20.60
2,330.00,109,390.55,417.88,17.87
2,330.00,110,680.16,743.98,15.72
2,330.00,111,780.23,716.16,18.80
2,330.00,112,286.60,287.89,23.09
2,330.00,113,822.93,503.94,5.85
2,330.00,114,922.43,518.96,0.00
2,330.00,115,296.62,701.17,9.39
2,330.00,116,947.25,478.61,24.31
2,330.00,117,616.03,641.29,7.06
2,330.00,118,643.73,122.76,0.00
2,330.00,119,303.80,369.58,0.00
2,330.00,120,515.81,488.79,5.22
2,330.00,121,199.21,317.99,7.86
2,330.00,122,350.06,593.67,0.00
2,330.00,123,247.90,655.23,7.11
2,330.00,124,447.57,144.43,9.68
2,330.00,125,566.24,733.75,0.00
2,330.00,126,565.02,691.67,23.89
2,330.00,127,762.79,664.43,7.31
2,330.00,128,501.00,634.20,5.18
2,330.00,129,560.16,490.89,6.76
2,330.00,130,918.57,385.99,12.84
2,330.00,131,323.81,879.99,10.65
2,330.00,132,776.41,868.77,17.53
2,330.00,133,128.54,451.58,17.47
2,330.00,134,681.72,59.96,20.23
2,330.00,135,824.45,392.83,13.62
2,330.00,136,236.76,496.50,5.65
2,330.00,137,65.23,191.85,8.44
2,330.00,138,434.26,945.90,0.00
2,330.00,139,735.17,371.53,22.91
2,330.00,140,634.02,428.02,23.37
2,330.00,141,177.38,422.53,11.98
2,330.00,142,850.92,528.55,17.45
2,330.00,143,525.02,634.67,0.00
2,330.00,144,575.26,488.43,18.06
2,330.00,145,212.33,570.56,23.33
2,330.00,146,653.63,691.70,6.50
2,330.00,147,324.92,826.21,20.49
2,330.00,148,393.44,386.57,7.74
2,330.00,149,151.61,482.69,18.19
2,340.00,0,543.01,426.33,7.00
2,340.00,1,659.72,621.85,9.39
2,340.00,2,661.16,291.43,10.39
2,340.00,3,83.85,388.39,0.00
2,340.00,4,609.40,296.88,10.54
2,340.00,5,788.86,210.70,6.66
2,340.00,6,267.10,33.72,15.23
2,340.00,7,606.54,819.01,6.17
2,340.00,8,760.53,303.31,0.00
2,340.00,9,706.75,873.63,0.00
2,340.00,10,360.58,815.87,0.00
2,340.00,11,155.18,417.01,0.00
2,340.00,12,371.05,235.68,0.00
2,340.00,13,3.70,251.86,0.00
2,340.00,14,773.03,714.98,12.29
2,340.00,15,434.38,163.59,10.63
2,340.00,16,195.24,522.72,17.21
2,340.00,17,766.89,486.10,8.73
2,340.00,18,211.84,104.04,5.90
2,340.00,19,254.56,461.94,13.92
2,340.00,20,293.93,792.70,15.75
2,340.00,21,867.77,458.61,17.56
2,340.00,22,975.15,735.25,11.71
2,340.00,23,506.62,647.33,6.16
2,340.00,24,533.90,354.39,8.84
2,340.00,25,527.01,252.69,13.14
2,340.00,26,747.70,514.52,23.28
2,340.00,27,619.47,372.37,5.22
2,340.00,28,180.34,572.88,0.00
2,340.00,29,427.79,534.56,15.90
2,340.00,30,114.24,704.74,14.13
2,340.00,31,442.52,485.17,22.45
2,340.00,32,510.03,510.85,17.00
2,340.00,33,387.58,226.25,9.27
2,340.00,34,644.58,954.68,13.93
2,340.00,35,359.17,750.61,5.60
2,340.00,36,499.20,365.80,17.63
2,340.00,37,374.57,220.98,10.84
2,340.00,38,309.82,497.20,8.17
2,340.00,39,478.11,271.75,5.32
2,340.00,40,302.73,504.82,20.96
2,340.00,41,393.95,471.53,5.83
2,340.00,42,923.28,451.17,10.60
2,340.00,43,597.16,417.99,21.78
2,340.00,44,478.99,719.90,5.43
2,340.00,45,932.43,484.84,6.97
2,340.00,46,776.40,37.73,0.00
2,340.00,47,576.09,479.02,9.17
2,340.00,48,709.68,310.71,11.47
2,340.00,49,856.49,547.04,7.63
2,340.00,50,741.31,928.70,13.46
2,340.00,51,369.81,703.30,6.87
2,340.00,52,220.73,530.67,7.98
2,340.00,53,720.61,550.26,22.72
2,340.00,54,546.72,634.30,14.14
2,340.00,55,609.62,846.97,0.00
2,340.00,56,175.86,945.05,8.61
2,340.00,57,450.14,492.59,11.57
2,340.00,58,196.12,203.53,0.00
2,340.00,59,537.40,280.94,0.00
2,340.00,60,608.66,673.58,8.33
2,340.00,61,685.81,429.42,19.15
2,340.00,62,907.50,908.14,0.00
2,340.00,63,272.65,548.86,8.44
2,340.00,64,758.54,213.22,24.12
2,340.00,65,355.35,413.82,9.82
2,340.00,66,466.19,269.77,24.36
2,340.00,67,462.43,91.11,18.37
2,340.00,68,658.11,198.80,10.42
2,340.00,69,411.81,208.52,10.26
2,340.00,70,322.87,828.88,17.06
2,340.00,71,192.08,650.58,24.29
2,340.00,72,328.50,358.32,8.03
2,340.00,73,241.40,557.70,7.84
2,340.00,74,408.87,737.29,7.48
2,340.00,75,810.87,547.42,8.00
2,340.00,76,177.68,397.66,0.00
2,340.00,77,386.49,801.43,0.00
2,340.00,78,69.30,657.28,5.66
2,340.00,79,621.10,495.40,24.87
2,340.00,80,648.60,273.43,9.02
2,340.00,81,238.69,640.42,17.33
2,340.00,82,425.30,892.71,0.00
2,340.00,83,333.21,806.62,0.00
2,340.00,84,81.65,491.03,0.00
2,340.00,85,103.38,814.00,12.67
2,340.00,86,455.15,203.86,9.77
2,340.00,87,523.19,428.30,10.14
2,340.00,88,417.17,650.49,19.33
2,340.00,89,110.68,645.51,15.83
2,340.00,90,212.50,144.58,6.64
2,340.00,91,789.97,648.21,12.42
2,340.00,92,980.66,593.11,0.00
2,340.00,93,640.14,296.85,0.00
2,340.00,94,787.93,161.15,6.73
2,340.00,95,407.09,160.50,5.76
2,340.00,96,758.93,9.03,16.14
2,340.00,97,201.66,826.94,5.26
2,340.00,98,564.01,109.01,10.52
2,340.00,99,879.39,713.90,0.00
2,340.00,100,614.41,115.62,19.96
2,340.00,101,688.34,211.59,18.48
2,340.00,102,526.55,906.47,10.86
2,340.00,103,878.73,616.52,14.19
2,340.00,104,564.34,930.46,7.49
2,340.00,105,489.76,70.57,18.33
2,340.00,106,370.65,514.81,7.11
2,340.00,107,288.41,458.99,11.27
2,340.00,108,456.62,231.82,20.60
2,340.00,109,471.71,258.73,17.87
2,340.00,110,831.62,786.24,15.72
2,340.00,111,598.46,668.14,18.80
2,340.00,112,298.22,277.26,0.00
2,340.00,113,834.48,514.24,0.00
2,340.00,114,873.07,465.61,17.55
2,340.00,115,379.50,745.39,9.39
2,340.00,116,943.84,268.83,0.00
2,340.00,117,561.05,685.55,7.06
2,340.00,118,658.50,197.95,10.15
2,340.00,119,303.80,419.61,13.52
2,340.00,120,552.97,452.17,5.22
2,340.00,121,263.32,272.48,7.86
2,340.00,122,525.12,732.96,23.85
2,340.00,123,261.26,720.82,0.00
2,340.00,124,492.23,122.26,0.00
2,340.00,125,507.85,761.36,7.45
2,340.00,126,333.54,750.90,23.89
2,340.00,127,764.09,685.33,0.00
2,340.00,128,539.36,599.38,5.18
2,340.00,129,585.95,553.42,6.76
2,340.00,130,967.75,334.78,0.00
2,340.00,131,423.96,916.20,10.65
2,340.00,132,951.62,864.22,17.53
2,340.00,133,236.67,314.42,17.47
2,340.00,134,724.59,257.70,20.23
2,340.00,135,819.82,256.70,13.62
2,340.00,136,208.86,447.41,5.65
2,340.00,137,149.51,186.91,8.44
2,340.00,138,405.50,946.13,5.63
2,340.00,139,523.63,459.50,22.91
2,340.00,140,852.53,481.89,0.00
2,340.00,141,203.66,539.40,11.98
2,340.00,142,892.14,515.93,0.00
2,340.00,143,559.18,570.87,7.26
2,340.00,144,719.34,379.50,18.06
2,340.00,145,342.69,613.37,0.00
2,340.00,146,648.07,756.43,6.50
2,340.00,147,248.33,790.73,0.00
2,340.00,148,425.07,315.90,7.74
2,340.00,149,25.03,352.06,18.19
2,350.00,0,528.26,494.78,7.00
2,350.00,1,683.83,531.06,9.39
2,350.00,2,642.78,189.21,10.39
2,350.00,3,83.93,388.41,5.65
2,350.00,4,608.31,295.95,0.00
2,350.00,5,736.75,252.14,6.66
2,350.00,6,418.14,52.88,15.23
2,350.00,7,666.54,804.63,6.17
2,350.00,8,715.38,330.37,6.74
2,350.00,9,626.47,738.40,16.74
2,350.00,10,347.88,804.12,10.71
2,350.00,11,157.69,448.10,12.69
2,350.00,12,382.05,255.97,21.76
2,350.00,13,33.46,282.99,8.76
2,350.00,14,785.01,734.14,0.00
2,350.00,15,536.20,194.19,10.63
2,350.00,16,182.54,536.15,0.00
2,350.00,17,728.35,564.38,8.73
2,350.00,18,160.94,133.91,5.90
2,350.00,19,309.70,488.68,0.00
2,350.00,20,141.38,831.88,15.75
2,350.00,21,942.38,364.41,0.00
2,350.00,22,977.23,618.19,11.71
2,350.00,23,555.93,610.46,6.16
2,350.00,24,590.34,422.37,8.84
2,350.00,25,488.37,305.69,0.00
2,350.00,26,597.34,692.28,23.28
2,350.00,27,579.18,405.51,5.22
2,350.00,28,242.45,594.61,7.20
2,350.00,29,520.80,405.63,15.90
2,350.00,30,253.66,681.58,14.13
2,350.00,31,418.45,482.86,0.00
2,350.00,32,679.83,502.83,17.00
2,350.00,33,410.67,136.43,9.27
2,350.00,34,505.41,949.47,13.93
2,350.00,35,415.06,754.47,5.60
2,350.00,36,417.57,365.09,0.00
2,350.00,37,432.66,312.55,10.84
2,350.00,38,285.86,430.82,0.00
2,350.00,39,436.67,238.39,5.32
2,350.00,40,94.05,524.31,20.96
2,350.00,41,356.98,516.58,5.83
2,350.00,42,928.47,345.32,10.60
2,350.00,43,404.45,519.39,21.78
2,350.00,44,521.86,753.24,5.43
2,350.00,45,953.13,507.11,0.00
2,350.00,46,640.03,38.01,19.84
2,350.00,47,488.46,506.03,9.17
2,350.00,48,774.66,260.41,0.00
2,350.00,49,814.49,610.78,7.63
2,350.00,50,640.61,839.38,13.46
2,350.00,51,433.03,730.18,6.87
2,350.00,52,151.24,569.95,7.98
2,350.00,53,682.15,774.23,22.72
2,350.00,54,575.00,772.82,14.14
2,350.00,55,598.58,788.01,15.01
2,350.00,56,193.72,860.83,8.61
2,350.00,57,334.93,482.11,11.57
2,350.00,58,194.92,262.49,12.74
2,350.00,59,656.28,263.07,24.22
2,350.00,60,662.90,610.35,8.33
2,350.00,61,501.24,378.55,19.15
2,350.00,62,893.21,882.21,14.60
2,350.00,63,248.56,467.99,8.44
2,350.00,64,546.75,219.39,0.00
2,350.00,65,271.38,362.90,9.82
2,350.00,66,650.34,173.74,0.00
2,350.00,67,629.59,132.32,0.00
2,350.00,68,571.20,256.28,10.42
2,350.00,69,309.48,215.90,10.26
2,350.00,70,173.23,910.72,17.06
2,350.00,71,144.61,888.83,24.29
2,350.00,72,268.87,304.57,8.03
2,350.00,73,213.42,484.46,7.84
2,350.00,74,480.50,758.76,7.48
2,350.00,75,879.63,588.22,8.00
2,350.00,76,233.73,294.92,23.86
2,350.00,77,354.93,808.06,8.04
2,350.00,78,38.07,684.04,0.00
2,350.00,79,817.70,605.62,0.00
2,350.00,80,695.89,231.61,0.00
2,350.00,81,354.81,511.80,17.33
2,350.00,82,528.52,829.90,23.99
2,350.00,83,332.00,703.89,22.33
2,350.00,84,91.11,471.15,7.17
2,350.00,85,114.55,818.64,0.00
2,350.00,86,505.12,192.92,0.00
2,350.00,87,590.67,504.04,10.14
2,350.00,88,359.34,715.33,0.00
2,350.00,89,142.76,490.47,15.83
2,350.00,90,258.91,192.03,6.64
2,350.00,91,699.76,562.89,12.42
2,350.00,92,875.98,515.23,23.98
2,350.00,93,672.04,353.56,7.53
2,350.00,94,827.15,215.90,6.73
2,350.00,95,372.03,143.46,0.00
2,350.00,96,599.48,34.09,16.14
2,350.00,97,247.12,800.40,5.26
2,350.00,98,487.60,181.31,10.52
2,350.00,99,808.93,578.50,21.40
2,350.00,100,615.57,112.17,0.00
2,350.00,101,692.58,26.88,18.48
2,350.00,102,534.78,911.40,0.00
2,350.00,103,905.18,653.31,0.00
2,350.00,104,568.07,943.37,0.00
2,350.00,105,669.96,104.29,18.33
2,350.00,106,349.37,446.93,7.11
2,350.00,107,323.89,352.00,11.27
2,350.00,108,356.11,108.58,0.00
2,350.00,109,486.63,229.48,0.00
2,350.00,110,879.84,799.69,0.00
2,350.00,111,416.69,620.11,18.80
2,350.00,112,327.97,212.90,0.00
2,350.00,113,816.24,643.45,17.74
2,350.00,114,753.92,336.82,17.55
2,350.00,115,462.38,789.61,9.39
2,350.00,116,922.22,245.20,23.42
2,350.00,117,506.07,729.82,7.06
2,350.00,118,678.07,297.54,10.15
2,350.00,119,303.80,554.83,13.52
2,350.00,120,590.13,415.56,5.22
2,350.00,121,327.44,226.97,7.86
2,350.00,122,530.94,737.59,0.00
2,350.00,123,272.53,711.78,24.49
2,350.00,124,440.92,212.94,21.50
2,350.00,125,440.50,793.20,7.45
2,350.00,126,102.06,810.14,23.89
2,350.00,127,639.33,612.94,20.22
2,350.00,128,577.72,564.55,5.18
2,350.00,129,611.75,615.94,6.76
2,350.00,130,900.99,346.56,15.16
2,350.00,131,524.11,952.41,10.65
2,350.00,132,991.19,863.19,0.00
2,350.00,133,344.80,177.27,17.47
2,350.00,134,726.02,264.31,0.00
2,350.00,135,817.79,196.98,0.00
2,350.00,136,180.95,398.32,5.65
2,350.00,137,233.79,181.96,8.44
2,350.00,138,349.18,946.58,5.63
2,350.00,139,312.09,547.48,22.91
2,350.00,140,846.02,487.98,24.09
2,350.00,141,229.94,656.27,11.98
2,350.00,142,848.50,518.05,5.80
2,350.00,143,593.44,506.88,7.26
2,350.00,144,863.42,270.57,18.06
2,350.00,145,411.03,550.43,22.56
2,350.00,146,644.11,802.69,0.00
2,350.00,147,308.34,713.55,16.62
2,350.00,148,456.69,245.23,7.74
2,350.00,149,1.75,328.03,0.00
2,360.00,0,513.52,563.22,7.00
2,360.00,1,707.94,440.26,9.39
2,360.00,2,624.40,86.99,10.39
2,360.00,3,139.20,400.33,5.65
2,360.00,4,645.53,428.55,13.96
2,360.00,5,684.64,293.57,6.66
2,360.00,6,569.19,72.05,15.23
2,360.00,7,726.54,790.25,6.17
2,360.00,8,657.53,365.03,6.74
2,360.00,9,541.03,594.47,16.74
2,360.00,10,269.31,731.38,10.71
2,360.00,11,167.89,574.58,12.69
2,360.00,12,485.77,447.24,21.76
2,360.00,13,94.00,346.33,8.76
2,360.00,14,626.27,731.69,19.45
2,360.00,15,551.55,198.80,0.00
2,360.00,16,252.25,564.96,8.45
2,360.00,17,690.66,640.94,0.00
2,360.00,18,110.04,163.79,5.90
2,360.00,19,239.75,388.07,21.89
2,360.00,20,109.64,840.03,0.00
2,360.00,21,905.31,418.53,20.78
2,360.00,22,979.32,501.13,11.71
2,360.00,23,605.25,573.59,6.16
2,360.00,24,646.77,490.35,8.84
2,360.00,25,553.30,341.85,14.84
2,360.00,26,544.08,755.26,0.00
2,360.00,27,538.90,438.65,5.22
2,360.00,28,310.41,618.38,7.20
2,360.00,29,613.81,276.71,15.90
2,360.00,30,393.08,658.43,14.13
2,360.00,31,546.22,583.82,18.25
2,360.00,32,720.81,500.89,0.00
2,360.00,33,433.77,46.60,9.27
2,360.00,34,366.25,944.26,13.93
2,360.00,35,470.95,758.33,5.60
2,360.00,36,379.60,383.27,7.84
2,360.00,37,467.56,367.58,0.00
2,360.00,38,295.33,414.84,13.65
2,360.00,39,395.24,205.03,5.32
2,360.00,40,89.05,524.78,0.00
2,360.00,41,320.01,561.62,5.83
2,360.00,42,933.66,239.46,10.60
2,360.00,43,211.74,620.79,21.78
2,360.00,44,564.72,786.58,5.43
2,360.00,45,890.48,535.26,12.19
2,360.00,46,441.64,38.41,19.84
2,360.00,47,400.83,533.04,9.17
2,360.00,48,756.75,258.20,6.36
2,360.00,49,772.49,674.52,7.63
2,360.00,50,539.90,750.06,13.46
2,360.00,51,496.24,757.06,6.87
2,360.00,52,81.74,609.23,7.98
2,360.00,53,664.53,876.80,0.00
2,360.00,54,580.75,801.00,0.00
2,360.00,55,570.96,640.47,15.01
2,360.00,56,211.59,776.62,8.61
2,360.00,57,271.82,476.37,0.00
2,360.00,58,192.32,389.84,12.74
2,360.00,59,888.11,228.22,0.00
2,360.00,60,717.14,547.13,8.33
2,360.00,61,316.66,327.68,19.15
2,360.00,62,822.78,754.35,14.60
2,360.00,63,224.48,387.13,8.44
2,360.00,64,518.73,225.51,23.58
2,360.00,65,240.47,344.15,0.00
2,360.00,66,650.36,190.21,11.17
2,360.00,67,620.71,138.48,17.26
2,360.00,68,484.30,313.76,10.42
2,360.00,69,207.16,223.28,10.26
2,360.00,70,23.58,992.57,17.06
2,360.00,71,125.16,986.42,0.00
2,360.00,72,209.24,250.81,8.03
2,360.00,73,185.44,411.21,7.84
2,360.00,74,552.14,780.23,7.48
2,360.00,75,904.89,603.22,0.00
2,360.00,76,324.13,129.22,0.00
2,360.00,77,276.23,824.58,8.04
2,360.00,78,61.93,693.85,9.44
2,360.00,79,809.68,616.03,14.04
2,360.00,80,671.09,251.17,10.53
2,360.00,81,470.93,383.19,17.33
2,360.00,82,733.44,705.22,23.99
2,360.00,83,329.37,480.60,22.33
2,360.00,84,121.91,406.42,7.17
2,360.00,85,213.07,852.78,11.53
2,360.00,86,496.15,236.15,9.27
2,360.00,87,658.16,579.78,10.14
2,360.00,88,374.69,595.28,21.99
2,360.00,89,174.83,335.43,15.83
2,360.00,90,305.32,239.49,6.64
2,360.00,91,609.54,477.57,12.42
2,360.00,92,702.56,386.20,0.00
2,360.00,93,708.95,419.18,7.53
2,360.00,94,866.36,270.65,6.73
2,360.00,95,382.41,158.10,5.55
2,360.00,96,440.04,59.15,16.14
2,360.00,97,292.58,773.87,5.26
2,360.00,98,411.19,253.62,10.52
2,360.00,99,710.16,388.67,21.40
2,360.00,100,623.86,168.58,5.81
2,360.00,101,693.12,3.47,0.00
2,360.00,102,549.47,705.31,22.66
2,360.00,103,845.73,633.37,9.21
2,360.00,104,411.85,838.56,22.93
2,360.00,105,679.10,106.00,0.00
2,360.00,106,328.09,379.06,7.11
2,360.00,107,359.36,245.02,11.27
2,360.00,108,362.23,134.45,11.66
2,360.00,109,448.18,359.96,16.67
2,360.00,110,749.06,830.46,19.71
2,360.00,111,234.92,572.09,18.80
2,360.00,112,277.99,141.53,14.03
2,360.00,113,804.74,724.88,0.00
2,360.00,114,634.77,208.02,17.55
2,360.00,115,545.25,833.83,9.39
2,360.00,116,774.20,83.45,0.00
2,360.00,117,451.09,774.08,7.06
2,360.00,118,697.63,397.13,10.15
2,360.00,119,303.81,690.04,13.52
2,360.00,120,627.29,378.94,5.22
2,360.00,121,391.55,181.47,7.86
2,360.00,122,464.75,725.59,6.94
2,360.00,123,463.60,558.52,24.49
2,360.00,124,335.04,400.04,21.50
2,360.00,125,373.15,825.05,7.45
2,360.00,126,98.11,811.15,0.00
2,360.00,127,464.44,511.46,20.22
2,360.00,128,616.08,529.73,5.18
2,360.00,129,637.54,678.47,6.76
2,360.00,130,751.66,372.92,15.16
2,360.00,131,602.58,980.78,0.00
2,360.00,132,885.15,748.29,20.20
2,360.00,133,390.80,118.92,0.00
2,360.00,134,821.18,445.20,21.15
2,360.00,135,837.82,229.71,6.84
2,360.00,136,153.88,350.69,0.00
2,360.00,137,318.08,177.02,8.44
2,360.00,138,292.86,947.03,5.63
2,360.00,139,287.63,557.65,0.00
2,360.00,140,670.15,652.57,24.09
2,360.00,141,256.22,773.14,11.98
2,360.00,142,790.54,520.86,5.80
2,360.00,143,627.70,442.89,7.26
2,360.00,144,998.42,168.50,0.00
2,360.00,145,576.97,397.58,22.56
2,360.00,146,625.79,773.96,11.94
2,360.00,147,410.38,582.32,16.62
2,360.00,148,465.24,226.12,0.00
2,360.00,149,58.51,331.01,6.96
2,370.00,0,498.77,631.67,7.00
2,370.00,1,732.04,349.47,9.39
2,370.00,2,618.72,55.41,0.00
2,370.00,3,194.47,412.25,5.65
2,370.00,4,683.26,562.98,13.96
2,370.00,5,632.53,335.01,6.66
2,370.00,6,720.24,91.21,15.23
2,370.00,7,786.53,775.87,6.17
2,370.00,8,599.68,399.70,6.74
2,370.00,9,455.58,450.54,16.74
2,370.00,10,190.75,658.64,10.71
2,370.00,11,178.09,701.07,12.69
2,370.00,12,589.48,638.52,21.76
2,370.00,13,154.53,409.66,8.76
2,370.00,14,431.76,728.69,19.45
2,370.00,15,359.39,217.35,22.73
2,370.00,16,330.35,597.24,8.45
2,370.00,17,689.22,637.63,16.32
2,370.00,18,93.23,173.66,0.00
2,370.00,19,114.77,208.30,21.89
2,370.00,20,237.84,729.45,21.38
2,370.00,21,787.85,589.98,20.78
2,370.00,22,981.30,390.18,0.00
2,370.00,23,654.56,536.72,6.16
2,370.00,24,703.21,558.33,8.84
2,370.00,25,682.94,414.05,14.84
2,370.00,26,455.78,723.49,14.53
2,370.00,27,498.62,471.80,5.22
2,370.00,28,378.36,642.15,7.20
2,370.00,29,687.53,174.52,0.00
2,370.00,30,532.50,635.28,14.13
2,370.00,31,689.41,696.97,18.25
2,370.00,32,663.17,403.72,14.89
2,370.00,33,435.38,40.32,0.00
2,370.00,34,297.99,941.71,0.00
2,370.00,35,526.84,762.18,5.60
2,370.00,36,308.88,417.15,7.84
2,370.00,37,416.07,387.66,0.00
2,370.00,38,364.91,297.45,13.65
2,370.00,39,353.80,171.67,5.32
2,370.00,40,306.62,617.56,24.23
2,370.00,41,283.04,606.66,5.83
2,370.00,42,938.85,133.61,10.60
2,370.00,43,194.40,629.92,0.00
2,370.00,44,607.59,819.92,5.43
2,370.00,45,779.33,585.21,12.19
2,370.00,46,243.24,38.81,19.84
2,370.00,47,313.19,560.05,9.17
2,370.00,48,693.64,250.39,6.36
2,370.00,49,730.48,738.26,7.63
2,370.00,50,490.64,706.37,0.00
2,370.00,51,559.46,783.94,6.87
2,370.00,52,80.39,609.99,0.00
2,370.00,53,575.68,847.51,17.26
2,370.00,54,634.19,659.66,18.97
2,370.00,55,550.93,533.51,0.00
2,370.00,56,229.45,692.41,8.61
2,370.00,57,305.16,499.43,8.96
2,370.00,58,189.73,517.19,12.74
2,370.00,59,885.69,229.22,8.25
2,370.00,60,771.38,483.91,8.33
2,370.00,61,212.64,299.01,0.00
2,370.00,62,762.79,645.46,0.00
2,370.00,63,204.65,320.56,0.00
2,370.00,64,288.33,275.88,23.58
2,370.00,65,272.51,273.42,12.29
2,370.00,66,650.45,301.93,11.17
2,370.00,67,478.89,236.86,17.26
2,370.00,68,397.39,371.24,10.42
2,370.00,69,104.84,230.65,10.26
2,370.00,70,15.12,997.19,0.00
2,370.00,71,143.37,912.26,12.93
2,370.00,72,149.60,197.06,8.03
2,370.00,73,157.46,337.97,7.84
2,370.00,74,623.77,801.70,7.48
2,370.00,75,832.50,547.44,14.45
2,370.00,76,344.61,166.79,20.48
2,370.00,77,197.54,841.11,8.04
2,370.00,78,149.22,729.75,9.44
2,370.00,79,723.99,727.27,14.04
2,370.00,80,588.40,316.36,10.53
2,370.00,81,545.88,300.18,0.00
2,370.00,82,938.36,580.53,23.99
2,370.00,83,326.75,257.30,22.33
2,370.00,84,152.71,341.69,7.17
2,370.00,85,321.99,890.52,11.53
2,370.00,86,477.32,326.89,9.27
2,370.00,87,725.64,655.53,10.14
2,370.00,88,402.56,377.18,21.99
2,370.00,89,206.90,180.38,15.83
2,370.00,90,351.73,286.94,6.64
2,370.00,91,519.32,392.26,12.42
2,370.00,92,689.40,402.89,21.56
2,370.00,93,745.86,484.80,7.53
2,370.00,94,905.58,325.40,6.73
2,370.00,95,414.50,203.38,5.55
2,370.00,96,280.59,84.21,16.14
2,370.00,97,338.03,747.34,5.26
2,370.00,98,334.79,325.93,10.52
2,370.00,99,703.22,375.35,0.00
2,370.00,100,632.30,226.03,5.81
2,370.00,101,644.39,86.97,11.07
2,370.00,102,565.57,479.24,22.66
2,370.00,103,758.39,604.06,9.21
2,370.00,104,249.03,729.32,0.00
2,370.00,105,664.29,166.82,6.59
2,370.00,106,306.81,311.18,7.11
2,370.00,107,394.84,138.03,11.27
2,370.00,108,389.11,247.92,11.66
2,370.00,109,401.08,519.81,16.67
2,370.00,110,557.20,875.61,19.71
2,370.00,111,89.22,533.60,0.00
2,370.00,112,201.15,31.79,0.00
2,370.00,113,795.05,671.69,10.08
2,370.00,114,600.91,171.42,0.00
2,370.00,115,628.13,878.05,9.39
2,370.00,116,765.44,92.77,20.05
2,370.00,117,396.10,818.34,7.06
2,370.00,118,717.20,496.72,10.15
2,370.00,119,303.81,825.26,13.52
2,370.00,120,664.45,342.32,5.22
2,370.00,121,455.66,135.96,7.86
2,370.00,122,396.43,713.21,6.94
2,370.00,123,654.68,405.26,24.49
2,370.00,124,229.17,587.13,21.50
2,370.00,125,305.80,856.90,7.45
2,370.00,126,155.14,709.97,11.82
2,370.00,127,439.72,497.12,0.00
2,370.00,128,654.44,494.90,5.18
2,370.00,129,663.34,741.00,6.76
2,370.00,130,602.33,399.28,15.16
2,370.00,131,594.21,952.75,13.51
2,370.00,132,748.18,599.87,20.20
2,370.00,133,420.08,139.49,6.23
2,370.00,134,919.62,632.34,21.15
2,370.00,135,873.50,288.01,6.84
2,370.00,136,160.29,348.05,23.36
2,370.00,137,402.36,172.08,8.44
2,370.00,138,236.53,947.48,5.63
2,370.00,139,421.33,559.37,15.12
2,370.00,140,494.28,817.16,24.09
2,370.00,141,268.59,828.13,0.00
2,370.00,142,732.59,523.67,5.80
2,370.00,143,636.42,426.60,0.00
2,370.00,144,997.91,174.68,9.83
2,370.00,145,742.92,244.73,22.56
2,370.00,146,561.62,673.29,11.94
2,370.00,147,476.24,497.62,0.00
2,370.00,148,600.32,291.94,20.59
2,370.00,149,128.06,334.65,6.96
2,380.00,0,490.67,669.28,0.00
2,380.00,1,756.15,258.68,9.39
2,380.00,2,598.03,224.71,24.68
2,380.00,3,249.74,424.17,5.65
2,380.00,4,720.99,697.40,13.96
2,380.00,5,580.42,376.45,6.66
2,380.00,6,871.28,110.37,15.23
2,380.00,7,846.53,761.49,6.17
2,380.00,8,541.82,434.36,6.74
2,380.00,9,382.46,327.36,0.00
2,380.00,10,145.04,616.32,0.00
2,380.00,11,188.29,827.55,12.69
2,380.00,12,612.31,680.61,0.00
2,380.00,13,215.07,473.00,8.76
2,380.00,14,237.25,725.69,19.45
2,380.00,15,133.13,239.20,22.73
2,380.00,16,408.45,629.52,8.45
2,380.00,17,624.01,488.06,16.32
2,380.00,18,122.65,214.64,7.53
2,380.00,19,80.49,158.98,0.00
2,380.00,20,399.74,589.80,21.38
2,380.00,21,714.49,697.06,0.00
2,380.00,22,974.66,392.21,13.31
2,380.00,23,703.88,499.85,6.16
2,380.00,24,759.64,626.31,8.84
2,380.00,25,812.58,486.25,14.84
2,380.00,26,319.04,674.30,14.53
2,380.00,27,458.33,504.94,5.22
2,380.00,28,446.31,665.93,7.20
2,380.00,29,670.76,181.84,8.82
2,380.00,30,671.93,612.12,14.13
2,380.00,31,832.61,810.11,18.25
2,380.00,32,631.60,350.50,0.00
2,380.00,33,432.28,196.87,16.83
2,380.00,34,312.88,879.69,12.52
2,380.00,35,582.73,766.04,5.60
2,380.00,36,238.16,451.02,7.84
2,380.00,37,392.40,419.86,24.54
2,380.00,38,434.48,180.05,13.65
2,380.00,39,342.38,162.48,0.00
2,380.00,40,529.53,712.62,24.23
2,380.00,41,246.07,651.70,5.83
2,380.00,42,938.87,133.15,0.00
2,380.00,43,409.80,697.38,24.80
2,380.00,44,650.45,853.26,5.43
2,380.00,45,668.18,635.16,12.19
2,380.00,46,58.53,39.18,0.00
2,380.00,47,225.56,587.06,9.17
2,380.00,48,630.53,242.58,6.36
2,380.00,49,688.48,802.00,7.63
2,380.00,50,572.42,744.12,17.63
2,380.00,51,622.68,810.82,6.87
2,380.00,52,253.13,560.40,18.33
2,380.00,53,411.76,793.47,17.26
2,380.00,54,686.68,520.82,0.00
2,380.00,55,545.57,563.64,11.13
2,380.00,56,247.31,608.20,8.61
2,380.00,57,378.87,550.42,8.96
2,380.00,58,187.13,644.54,12.74
2,380.00,59,809.54,260.87,8.25
2,380.00,60,825.62,420.68,8.33
2,380.00,61,228.16,374.08,17.56
2,380.00,62,738.78,619.22,23.97
2,380.00,63,223.87,358.45,24.03
2,380.00,64,245.16,285.31,0.00
2,380.00,65,323.23,161.48,12.29
2,380.00,66,650.54,413.65,11.17
2,380.00,67,337.07,335.24,17.26
2,380.00,68,386.92,378.16,0.00
2,380.00,69,79.14,232.50,0.00
2,380.00,70,151.99,933.83,15.99
2,380.00,71,174.22,786.66,12.93
2,380.00,72,89.97,143.30,8.03
2,380.00,73,152.71,325.53,0.00
2,380.00,74,695.41,823.17,7.48
2,380.00,75,718.06,459.26,14.45
2,380.00,76,442.60,346.57,20.48
2,380.00,77,118.84,857.63,8.04
2,380.00,78,236.51,765.66,9.44
2,380.00,79,638.30,838.51,14.04
2,380.00,80,505.72,381.54,10.53
2,380.00,81,529.24,310.33,5.50
2,380.00,82,986.98,550.94,0.00
2,380.00,83,325.16,122.16,0.00
2,380.00,84,183.51,276.96,7.17
2,380.00,85,430.91,928.26,11.53
2,380.00,86,458.49,417.64,9.27
2,380.00,87,793.12,731.27,10.14
2,380.00,88,430.43,159.09,21.99
2,380.00,89,238.97,25.34,15.83
2,380.00,90,398.14,334.39,6.64
2,380.00,91,429.10,306.94,12.42
2,380.00,92,555.86,572.15,21.56
2,380.00,93,782.77,550.43,7.53
2,380.00,94,944.80,380.15,6.73
2,380.00,95,446.59,248.65,5.55
2,380.00,96,249.60,89.08,0.00
2,380.00,97,383.49,720.80,5.26
2,380.00,98,258.38,398.24,10.52
2,380.00,99,630.02,411.65,8.79
2,380.00,100,640.74,283.48,5.81
2,380.00,101,588.58,182.59,11.07
2,380.00,102,581.68,253.16,22.66
2,380.00,103,671.05,574.76,9.21
2,380.00,104,263.43,724.58,10.46
2,380.00,105,648.68,230.90,6.59
2,380.00,106,285.53,243.30,7.11
2,380.00,107,421.42,57.85,0.00
2,380.00,108,415.99,361.38,11.66
2,380.00,109,398.64,528.10,0.00
2,380.00,110,365.35,920.76,19.71
2,380.00,111,112.97,525.32,12.67
2,380.00,112,198.24,41.94,23.39
2,380.00,113,776.99,572.55,10.08
2,380.00,114,445.70,187.67,21.80
2,380.00,115,711.01,922.27,9.39
2,380.00,116,628.09,238.89,20.05
2,380.00,117,372.71,837.18,0.00
2,380.00,118,736.77,596.31,10.15
2,380.00,119,303.81,960.48,13.52
2,380.00,120,701.61,305.71,5.22
2,380.00,121,519.78,90.45,7.86
2,380.00,122,366.44,707.77,0.00
2,380.00,123,843.46,253.84,0.00
2,380.00,124,123.30,774.23,21.50
2,380.00,125,238.45,888.74,7.45
2,380.00,126,213.15,607.03,11.82
2,380.00,127,452.95,440.23,6.80
2,380.00,128,654.62,494.73,0.00
2,380.00,129,689.13,803.52,6.76
2,380.00,130,453.01,425.64,15.16
2,380.00,131,555.57,823.25,13.51
2,380.00,132,611.21,451.45,20.20
2,380.00,133,471.05,175.29,6.23
2,380.00,134,930.17,652.38,0.00
2,380.00,135,909.19,346.31,6.84
2,380.00,136,376.32,259.26,23.36
2,380.00,137,486.64,167.14,8.44
2,380.00,138,180.21,947.93,5.63
2,380.00,139,572.52,561.32,15.12
2,380.00,140,330.58,970.36,0.00
2,380.00,141,299.65,787.75,9.62
2,380.00,142,674.63,526.48,5.80
2,380.00,143,499.46,324.76,22.90
2,380.00,144,989.79,272.65,9.83
2,380.00,145,908.86,91.89,22.56
2,380.00,146,497.45,572.62,11.94
2,380.00,147,438.99,439.69,19.42
2,380.00,148,637.33,309.97,0.00
2,380.00,149,197.61,338.30,6.96
2,390.00,0,541.36,723.97,16.55
2,390.00,1,780.26,167.88,9.39
2,390.00,2,568.09,469.72,24.68
2,390.00,3,305.01,436.08,5.65
2,390.00,4,758.72,831.83,13.96
2,390.00,5,544.30,405.17,0.00
2,390.00,6,886.21,112.26,0.00
2,390.00,7,906.53,747.11,6.17
2,390.00,8,483.97,469.03,6.74
2,390.00,9,386.73,362.08,24.25
2,390.00,10,227.99,668.16,23.39
2,390.00,11,196.83,933.42,0.00
2,390.00,12,645.27,588.35,12.56
2,390.00,13,275.60,536.33,8.76
2,390.00,14,42.73,722.69,19.45
2,390.00,15,25.72,249.57,0.00
2,390.00,16,486.55,661.80,8.45
2,390.00,17,559.14,339.27,0.00
2,390.00,18,166.60,275.83,7.53
2,390.00,19,128.93,229.61,11.80
2,390.00,20,561.63,450.15,21.38
2,390.00,21,655.33,685.68,16.05
2,390.00,22,847.39,431.20,13.31
2,390.00,23,704.40,499.46,0.00
2,390.00,24,816.08,694.29,8.84
2,390.00,25,857.91,511.50,0.00
2,390.00,26,182.30,625.11,14.53
2,390.00,27,418.05,538.08,5.22
2,390.00,28,468.49,673.69,0.00
2,390.00,29,589.90,217.15,8.82
2,390.00,30,781.63,593.90,0.00
2,390.00,31,963.38,913.45,0.00
2,390.00,32,552.00,399.38,15.98
2,390.00,33,428.94,365.17,16.83
2,390.00,34,342.10,757.99,12.52
2,390.00,35,638.62,769.90,5.60
2,390.00,36,167.44,484.89,7.84
2,390.00,37,328.58,506.68,0.00
2,390.00,38,485.12,94.62,0.00
2,390.00,39,415.61,199.56,11.33
2,390.00,40,661.14,768.75,0.00
2,390.00,41,209.10,696.74,5.83
2,390.00,42,864.50,165.87,8.16
2,390.00,43,498.82,725.26,0.00
2,390.00,44,693.31,886.60,5.43
2,390.00,45,557.02,685.11,12.19
2,390.00,46,72.03,44.95,21.30
2,390.00,47,137.93,614.06,9.17
2,390.00,48,567.41,234.77,6.36
2,390.00,49,646.47,865.74,7.63
2,390.00,50,732.49,818.03,17.63
2,390.00,51,685.89,837.70,6.87
2,390.00,52,429.31,509.81,18.33
2,390.00,53,247.84,739.44,17.26
2,390.00,54,694.25,532.94,6.57
2,390.00,55,526.07,673.20,11.13
2,390.00,56,257.41,560.63,0.00
2,390.00,57,452.59,601.42,8.96
2,390.00,58,184.53,771.89,12.74
2,390.00,59,733.38,292.52,8.25
2,390.00,60,879.86,357.46,8.33
2,390.00,61,263.72,546.08,17.56
2,390.00,62,576.92,442.35,23.97
2,390.00,63,332.60,572.72,24.03
2,390.00,64,145.90,448.30,23.48
2,390.00,65,355.28,90.73,0.00
2,390.00,66,650.63,525.37,11.17
2,390.00,67,195.26,433.63,17.26
2,390.00,68,361.15,541.75,18.83
2,390.00,69,109.97,415.17,24.74
2,390.00,70,297.06,866.67,15.99
2,390.00,71,205.07,661.06,12.93
2,390.00,72,30.34,89.55,8.03
2,390.00,73,288.52,337.50,16.42
2,390.00,74,767.04,844.64,7.48
2,390.00,75,603.62,371.08,14.45
2,390.00,76,540.60,526.35,20.48
2,390.00,77,40.15,874.16,8.04
2,390.00,78,323.81,801.56,9.44
2,390.00,79,599.73,888.57,0.00
2,390.00,80,423.04,446.73,10.53
2,390.00,81,482.33,338.95,5.50
2,390.00,82,976.80,652.11,13.33
2,390.00,83,323.85,147.90,6.53
2,390.00,84,214.31,212.23,7.17
2,390.00,85,539.83,966.00,11.53
2,390.00,86,439.66,508.38,9.27
2,390.00,87,860.60,807.01,10.14
2,390.00,88,436.54,111.28,0.00
2,390.00,89,239.71,21.79,0.00
2,390.00,90,444.55,381.84,6.64
2,390.00,91,338.89,221.62,12.42
2,390.00,92,422.32,741.42,21.56
2,390.00,93,819.69,616.05,7.53
2,390.00,94,967.56,411.93,0.00
2,390.00,95,478.68,293.93,5.55
2,390.00,96,258.07,145.37,7.07
2,390.00,97,428.95,694.27,5.26
2,390.00,98,181.97,470.55,10.52
2,390.00,99,551.28,450.69,8.79
2,390.00,100,649.18,340.93,5.81
2,390.00,101,532.78,278.21,11.07
2,390.00,102,596.02,52.00,0.00
2,390.00,103,583.70,545.45,9.21
2,390.00,104,362.84,691.91,10.46
2,390.00,105,633.08,294.97,6.59
2,390.00,106,264.25,175.42,7.11
2,390.00,107,427.94,119.14,24.59
2,390.00,108,424.59,397.65,0.00
2,390.00,109,467.23,324.51,22.66
2,390.00,110,173.49,965.91,19.71
2,390.00,111,232.62,483.63,12.67
2,390.00,112,133.72,266.80,23.39
2,390.00,113,758.92,473.41,10.08
2,390.00,114,414.67,190.92,0.00
2,390.00,115,793.89,966.49,9.39
2,390.00,116,490.74,385.01,20.05
2,390.00,117,390.62,790.37,8.72
2,390.00,118,745.29,639.70,0.00
2,390.00,119,303.81,995.90,0.00
2,390.00,120,738.77,269.09,5.22
2,390.00,121,574.98,51.27,0.00
2,390.00,122,406.90,590.14,22.17
2,390.00,123,843.72,252.67,9.95
2,390.00,124,55.50,894.04,0.00
2,390.00,125,220.60,897.18,0.00
2,390.00,126,271.16,504.09,11.82
2,390.00,127,468.35,373.97,6.80
2,390.00,128,691.38,464.95,0.00
2,390.00,129,714.92,866.05,6.76
2,390.00,130,303.68,452.00,15.16
2,390.00,131,516.92,693.74,13.51
2,390.00,132,474.23,303.03,20.20
2,390.00,133,522.02,211.09,6.23
2,390.00,134,916.98,553.92,11.13
2,390.00,135,920.79,365.28,0.00
2,390.00,136,592.34,170.46,23.36
2,390.00,137,570.93,162.19,8.44
2,390.00,138,123.89,948.38,5.63
2,390.00,139,586.60,561.50,0.00
2,390.00,140,338.85,958.82,20.53
2,390.00,141,358.30,711.49,9.62
2,390.00,142,616.67,529.29,5.80
2,390.00,143,411.28,259.20,0.00
2,390.00,144,981.66,370.63,9.83
2,390.00,145,959.24,45.49,0.00
2,390.00,146,433.28,471.95,11.94
2,390.00,147,333.95,276.31,19.42
2,390.00,148,595.34,405.62,13.06
2,390.00,149,222.11,339.58,0.00
2,400.00,0,653.86,845.35,16.55
2,400.00,1,788.87,135.42,0.00
2,400.00,2,538.16,714.73,24.68
2,400.00,3,334.04,442.34,0.00
2,400.00,4,768.13,865.37,0.00
2,400.00,5,503.60,404.92,13.26
2,400.00,6,785.89,161.16,12.39
2,400.00,7,929.16,741.69,0.00
2,400.00,8,426.12,503.69,6.74
2,400.00,9,416.30,602.76,24.25
2,400.00,10,426.30,792.09,23.39
2,400.00,11,214.63,910.26,17.92
2,400.00,12,687.53,470.05,12.56
2,400.00,13,336.13,599.67,8.76
2,400.00,14,18.10,722.31,0.00
2,400.00,15,109.02,282.22,17.03
2,400.00,16,564.65,694.08,8.45
2,400.00,17,559.02,339.53,5.27
2,400.00,18,210.55,337.02,7.53
2,400.00,19,195.68,326.94,11.80
2,400.00,20,723.53,310.50,21.38
2,400.00,21,497.74,655.37,16.05
2,400.00,22,720.12,470.19,13.31
2,400.00,23,587.17,622.99,17.21
2,400.00,24,863.32,751.19,0.00
2,400.00,25,907.92,642.20,21.52
2,400.00,26,45.57,575.92,14.53
2,400.00,27,377.77,571.22,5.22
2,400.00,28,449.63,556.38,17.64
2,400.00,29,509.04,252.46,8.82
2,400.00,30,748.33,579.56,17.01
2,400.00,31,955.63,905.05,13.16
2,400.00,32,415.80,483.00,15.98
2,400.00,33,425.60,533.47,16.83
2,400.00,34,371.33,636.28,12.52
2,400.00,35,694.51,773.76,5.60
2,400.00,36,96.72,518.76,7.84
2,400.00,37,275.70,422.16,17.78
2,400.00,38,493.28,112.44,7.20
2,400.00,39,516.69,250.74,11.33
2,400.00,40,639.27,780.79,6.10
2,400.00,41,172.13,741.79,5.83
2,400.00,42,789.80,198.72,8.16
2,400.00,43,456.69,754.89,8.25
2,400.00,44,736.18,919.94,5.43
2,400.00,45,445.87,735.07,12.19
2,400.00,46,267.94,128.64,21.30
2,400.00,47,133.85,615.32,0.00
2,400.00,48,546.17,232.14,0.00
2,400.00,49,604.47,929.48,7.63
2,400.00,50,892.56,891.93,17.63
2,400.00,51,687.01,838.17,0.00
2,400.00,52,605.49,459.23,18.33
2,400.00,53,83.92,685.40,17.26
2,400.00,54,729.07,588.66,6.57
2,400.00,55,506.58,782.77,11.13
2,400.00,56,309.44,547.08,12.36
2,400.00,57,526.31,652.41,8.96
2,400.00,58,181.93,899.24,12.74
2,400.00,59,657.23,324.17,8.25
2,400.00,60,920.47,310.12,0.00
2,400.00,61,297.49,709.41,0.00
2,400.00,62,415.07,265.49,23.97
2,400.00,63,406.74,718.84,0.00
2,400.00,64,43.65,616.19,0.00
2,400.00,65,356.20,110.69,5.43
2,400.00,66,650.72,637.09,11.17
2,400.00,67,105.96,495.57,0.00
2,400.00,68,350.33,610.45,0.00
2,400.00,69,124.76,502.86,0.00
2,400.00,70,442.13,799.51,15.99
2,400.00,71,235.92,535.46,12.93
2,400.00,72,26.41,86.00,0.00
2,400.00,73,452.11,351.92,16.42
2,400.00,74,838.68,866.11,7.48
2,400.00,75,489.18,282.90,14.45
2,400.00,76,638.59,706.13,20.48
2,400.00,77,5.27,881.48,0.00
2,400.00,78,411.10,837.46,9.44
2,400.00,79,569.59,848.76,9.08
2,400.00,80,383.42,477.96,0.00
2,400.00,81,435.41,367.57,5.50
2,400.00,82,963.46,784.74,13.33
2,400.00,83,320.53,213.12,6.53
2,400.00,84,245.11,147.50,7.17
2,400.00,85,545.46,967.95,0.00
2,400.00,86,420.83,599.12,9.27
2,400.00,87,904.52,856.31,0.00
2,400.00,88,504.48,121.17,8.79
2,400.00,89,339.82,87.21,0.00
2,400.00,90,490.96,429.30,6.64
2,400.00,91,297.41,182.40,0.00
2,400.00,92,359.00,821.68,0.00
2,400.00,93,856.60,681.68,7.53
2,400.00,94,882.90,412.65,20.18
2,400.00,95,510.77,339.21,5.55
2,400.00,96,268.57,215.24,7.07
2,400.00,97,474.41,667.73,5.26
2,400.00,98,105.57,542.86,10.52
2,400.00,99,472.55,489.72,8.79
2,400.00,100,657.63,398.38,5.81
2,400.00,101,476.97,373.84,11.07
2,400.00,102,592.10,62.21,9.93
2,400.00,103,496.36,516.14,9.21
2,400.00,104,462.24,659.23,10.46
2,400.00,105,617.48,359.04,6.59
2,400.00,106,242.97,107.55,7.11
2,400.00,107,453.97,363.68,24.59
2,400.00,108,373.71,549.08,23.48
2,400.00,109,539.57,109.78,22.66
2,400.00,110,123.14,977.76,0.00
2,400.00,111,352.27,441.95,12.67
2,400.00,112,69.19,491.66,23.39
2,400.00,113,740.86,374.27,10.08
2,400.00,114,391.61,260.42,8.54
2,400.00,115,818.65,979.70,0.00
2,400.00,116,353.39,531.14,20.05
2,400.00,117,421.79,708.89,8.72
2,400.00,118,670.55,649.72,13.36
2,400.00,119,376.73,903.41,15.96
2,400.00,120,775.93,232.47,5.22
2,400.00,121,559.38,47.19,11.59
2,400.00,122,479.03,380.45,22.17
2,400.00,123,854.91,203.25,0.00
2,400.00,124,56.04,872.90,5.88
2,400.00,125,295.13,882.51,10.34
2,400.00,126,283.79,481.69,0.00
2,400.00,127,483.75,307.72,6.80
2,400.00,128,618.03,419.91,10.81
2,400.00,129,740.72,928.58,6.76
2,400.00,130,154.36,478.36,15.16
2,400.00,131,478.27,564.24,13.51
2,400.00,132,346.36,164.48,0.00
2,400.00,133,572.99,246.90,6.23
2,400.00,134,902.21,443.65,11.13
2,400.00,135,860.18,337.08,9.91
2,400.00,136,710.49,121.90,0.00
2,400.00,137,655.21,157.25,8.44
2,400.00,138,67.57,948.83,5.63
2,400.00,139,604.64,495.11,7.59
2,400.00,140,458.43,791.97,20.53
2,400.00,141,416.95,635.23,9.62
2,400.00,142,588.56,530.65,0.00
2,400.00,143,398.32,360.95,19.72
2,400.00,144,973.54,468.61,9.83
2,400.00,145,927.26,70.92,5.87
2,400.00,146,369.10,371.28,11.94
2,400.00,147,303.36,228.73,0.00
2,400.00,148,542.87,525.17,13.06
2,400.00,149,315.32,384.31,15.96
2,410.00,0,766.37,966.73,16.55
2,410.00,1,741.27,116.10,0.00
2,410.00,2,525.23,820.48,0.00
2,410.00,3,295.05,396.58,12.66
2,410.00,4,693.47,773.91,15.73
2,410.00,5,371.01,404.13,13.26
2,410.00,6,674.55,215.43,12.39
2,410.00,7,896.26,746.05,5.33
2,410.00,8,368.27,538.36,6.74
2,410.00,9,435.28,757.19,0.00
2,410.00,10,624.61,916.02,23.39
2,410.00,11,323.83,768.23,17.92
2,410.00,12,729.79,351.76,12.56
2,410.00,13,396.67,663.00,8.76
2,410.00,14,174.66,704.30,18.04
2,410.00,15,267.58,344.39,17.03
2,410.00,16,642.75,726.36,8.45
2,410.00,17,537.12,387.42,5.27
2,410.00,18,254.49,398.22,7.53
2,410.00,19,257.26,416.72,0.00
2,410.00,20,885.42,170.86,21.38
2,410.00,21,340.14,625.06,16.05
2,410.00,22,592.85,509.18,13.31
2,410.00,23,468.68,747.84,17.21
2,410.00,24,840.48,739.62,15.72
2,410.00,25,984.25,841.71,0.00
2,410.00,26,37.59,573.05,0.00
2,410.00,27,337.48,604.36,5.22
2,410.00,28,421.61,382.25,17.64
2,410.00,29,428.17,287.76,8.82
2,410.00,30,659.32,541.22,0.00
2,410.00,31,866.38,808.34,13.16
2,410.00,32,279.61,566.62,15.98
2,410.00,33,424.74,576.99,0.00
2,410.00,34,398.70,522.29,0.00
2,410.00,35,750.41,777.62,5.60
2,410.00,36,48.84,541.69,0.00
2,410.00,37,226.48,343.49,0.00
2,410.00,38,523.26,177.89,7.20
2,410.00,39,617.76,301.92,11.33
2,410.00,40,585.85,810.20,6.10
2,410.00,41,135.16,786.83,5.83
2,410.00,42,715.10,231.58,8.16
2,410.00,43,389.17,802.37,8.25
2,410.00,44,776.03,950.95,0.00
2,410.00,45,443.61,736.08,0.00
2,410.00,46,463.85,212.34,21.30
2,410.00,47,221.99,681.85,11.58
2,410.00,48,535.18,271.18,6.11
2,410.00,49,592.59,947.50,0.00
2,410.00,50,927.58,908.10,0.00
2,410.00,51,444.69,840.48,24.67
2,410.00,52,668.46,441.15,0.00
2,410.00,53,33.77,668.87,0.00
2,410.00,54,763.90,644.38,6.57
2,410.00,55,487.08,892.33,11.13
2,410.00,56,429.04,515.93,12.36
2,410.00,57,600.02,703.41,8.96
2,410.00,58,181.10,940.06,0.00
2,410.00,59,581.08,355.82,8.25
2,410.00,60,922.34,338.56,11.34
2,410.00,61,298.07,706.88,5.15
2,410.00,62,327.52,169.83,0.00
2,410.00,63,431.38,710.01,8.23
2,410.00,64,48.93,633.90,11.34
2,410.00,65,358.71,164.93,5.43
2,410.00,66,650.81,748.81,11.17
2,410.00,67,141.60,494.74,9.63
2,410.00,68,417.27,652.72,12.55
2,410.00,69,205.33,563.34,15.73
2,410.00,70,587.19,732.35,15.99
2,410.00,71,266.76,409.86,12.93
2,410.00,72,73.95,139.67,7.68
2,410.00,73,615.70,366.34,16.42
2,410.00,74,910.31,887.58,7.48
2,410.00,75,395.80,210.95,0.00
2,410.00,76,736.59,885.91,20.48
2,410.00,77,49.28,854.66,9.26
2,410.00,78,498.39,873.36,9.44
2,410.00,79,514.79,776.38,9.08
2,410.00,80,458.83,522.00,16.77
2,410.00,81,388.49,396.19,5.50
2,410.00,82,963.31,786.27,0.00
2,410.00,83,317.22,278.33,6.53
2,410.00,84,275.91,82.77,7.17
2,410.00,85,590.94,917.71,7.15
2,410.00,86,401.99,689.86,9.27
2,410.00,87,892.32,812.09,13.14
2,410.00,88,591.51,133.83,8.79
2,410.00,89,344.90,131.39,0.00
2,410.00,90,537.37,476.75,6.64
2,410.00,91,323.68,244.08,12.41
2,410.00,92,304.83,811.81,10.47
2,410.00,93,893.51,747.30,7.53
2,410.00,94,865.78,412.79,0.00
2,410.00,95,542.86,384.48,5.55
2,410.00,96,279.08,285.11,7.07
2,410.00,97,519.87,641.20,5.26
2,410.00,98,91.76,555.93,0.00
2,410.00,99,393.82,528.76,8.79
2,410.00,100,666.07,455.83,5.81
2,410.00,101,421.17,469.46,11.07
2,410.00,102,556.59,154.97,9.93
2,410.00,103,409.02,486.84,9.21
2,410.00,104,561.65,626.55,10.46
2,410.00,105,601.87,423.11,6.59
2,410.00,106,221.97,40.55,0.00
2,410.00,107,476.05,571.11,0.00
2,410.00,108,298.93,771.65,23.48
2,410.00,109,573.73,8.38,0.00
2,410.00,110,209.67,893.25,16.40
2,410.00,111,471.91,400.26,12.67
2,410.00,112,38.49,598.66,0.00
2,410.00,113,722.80,275.13,10.08
2,410.00,114,364.70,341.52,8.54
2,410.00,115,845.49,884.11,14.16
2,410.00,116,216.04,677.26,20.05
2,410.00,117,452.97,627.40,8.72
2,410.00,118,538.12,667.46,13.36
2,410.00,119,475.52,778.09,15.96
2,410.00,120,813.09,195.86,5.22
2,410.00,121,519.22,36.70,0.00
2,410.00,122,551.09,170.95,0.00
2,410.00,123,795.56,240.88,14.32
2,410.00,124,57.53,814.10,5.88
2,410.00,125,396.54,862.55,10.34
2,410.00,126,430.09,608.70,24.76
2,410.00,127,499.15,241.46,6.80
2,410.00,128,525.91,363.35,10.81
2,410.00,129,752.78,957.83,0.00
2,410.00,130,78.33,491.78,0.00
2,410.00,131,455.43,487.70,0.00
2,410.00,132,352.06,172.82,15.20
2,410.00,133,623.96,282.70,6.23
2,410.00,134,887.44,333.38,11.13
2,410.00,135,770.33,295.28,9.91
2,410.00,136,699.93,154.24,7.51
2,410.00,137,739.49,152.31,8.44
2,410.00,138,60.02,948.89,0.00
2,410.00,139,624.53,421.91,7.59
2,410.00,140,578.00,625.13,20.53
2,410.00,141,475.60,558.96,9.62
2,410.00,142,513.83,484.09,17.10
2,410.00,143,373.40,556.59,19.72
2,410.00,144,965.41,566.58,9.83
2,410.00,145,881.35,107.45,5.87
2,410.00,146,325.90,303.49,0.00
2,410.00,147,349.47,247.93,7.05
2,410.00,148,490.39,644.71,13.06
2,410.00,149,459.22,453.36,15.96
2,420.00,0,775.38,976.45,0.00
2,420.00,1,715.37,180.84,18.33
2,420.00,2,574.41,730.40,18.06
2,420.00,3,212.94,300.23,12.66
2,420.00,4,593.99,652.05,15.73
2,420.00,5,238.41,403.34,13.26
2,420.00,6,563.22,269.69,12.39
2,420.00,7,843.46,753.06,5.33
2,420.00,8,310.41,573.02,6.74
2,420.00,9,369.60,704.01,23.58
2,420.00,10,674.22,947.02,0.00
2,420.00,11,433.03,626.19,17.92
2,420.00,12,772.05,233.47,12.56
2,420.00,13,457.20,726.34,8.76
2,420.00,14,353.91,683.68,18.04
2,420.00,15,426.15,406.55,17.03
2,420.00,16,720.85,758.64,8.45
2,420.00,17,515.22,435.31,5.27
2,420.00,18,298.44,459.41,7.53
2,420.00,19,243.93,425.95,20.93
2,420.00,20,894.00,163.46,0.00
2,420.00,21,249.17,607.56,0.00
2,420.00,22,492.39,539.95,0.00
2,420.00,23,374.84,846.73,0.00
2,420.00,24,700.29,668.59,15.72
2,420.00,25,983.68,840.25,21.76
2,420.00,26,167.87,513.94,15.19
2,420.00,27,297.20,637.51,5.22
2,420.00,28,393.60,208.11,17.64
2,420.00,29,347.31,323.07,8.82
2,420.00,30,634.68,590.93,12.89
2,420.00,31,777.12,711.62,13.16
2,420.00,32,143.41,650.25,15.98
2,420.00,33,376.02,569.41,0.00
2,420.00,34,391.63,534.14,21.77
2,420.00,35,806.30,781.48,5.60
2,420.00,36,81.98,526.28,11.32
2,420.00,37,167.92,438.05,23.27
2,420.00,38,553.23,243.35,7.20
2,420.00,39,718.84,353.10,11.33
2,420.00,40,532.44,839.60,6.10
2,420.00,41,131.01,791.89,0.00
2,420.00,42,640.41,264.44,8.16
2,420.00,43,321.65,849.85,8.25
2,420.00,44,793.02,951.79,24.23
2,420.00,45,235.31,619.19,24.38
2,420.00,46,659.76,296.04,21.30
2,420.00,47,314.43,751.64,11.58
2,420.00,48,518.62,330.04,6.11
2,420.00,49,568.39,889.14,8.81
2,420.00,50,796.99,797.55,21.90
2,420.00,51,198.03,842.84,24.67
2,420.00,52,674.55,386.35,8.58
2,420.00,53,41.61,628.60,5.91
2,420.00,54,798.72,700.09,6.57
2,420.00,55,474.36,963.84,0.00
2,420.00,56,548.64,484.79,12.36
2,420.00,57,673.74,754.40,8.96
2,420.00,58,228.40,830.29,17.59
2,420.00,59,504.93,387.47,8.25
2,420.00,60,929.77,451.72,11.34
2,420.00,61,309.63,656.65,5.15
2,420.00,62,311.84,235.34,14.67
2,420.00,63,508.85,682.25,8.23
2,420.00,64,81.33,742.53,11.34
2,420.00,65,361.22,219.18,5.43
2,420.00,66,650.84,785.69,0.00
2,420.00,67,237.84,492.49,9.63
2,420.00,68,523.41,719.75,12.55
2,420.00,69,331.12,657.77,15.73
2,420.00,70,595.15,728.67,0.00
2,420.00,71,297.61,284.26,12.93
2,420.00,72,124.85,197.14,7.68
2,420.00,73,779.28,380.76,16.42
2,420.00,74,958.30,901.96,0.00
2,420.00,75,409.72,218.71,8.65
2,420.00,76,777.77,961.46,0.00
2,420.00,77,128.31,806.50,9.26
2,420.00,78,503.87,875.61,0.00
2,420.00,79,459.99,703.99,9.08
2,420.00,80,603.64,606.56,16.77
2,420.00,81,341.57,424.81,5.50
2,420.00,82,849.41,603.11,21.82
2,420.00,83,313.90,343.54,6.53
2,420.00,84,305.25,21.11,0.00
2,420.00,85,638.89,864.73,7.15
2,420.00,86,383.16,780.60,9.27
2,420.00,87,857.39,685.45,13.14
2,420.00,88,678.53,146.49,8.79
2,420.00,89,339.14,153.21,18.08
2,420.00,90,583.77,524.20,6.64
2,420.00,91,372.29,358.23,12.41
2,420.00,92,201.80,793.03,10.47
2,420.00,93,909.50,775.72,0.00
2,420.00,94,705.16,429.84,17.65
2,420.00,95,574.95,429.76,5.55
2,420.00,96,289.58,354.98,7.07
2,420.00,97,565.32,614.67,5.26
2,420.00,98,140.67,575.27,6.42
2,420.00,99,315.08,567.80,8.79
2,420.00,100,674.51,513.28,5.81
2,420.00,101,365.37,565.08,11.07
2,420.00,102,521.08,247.72,9.93
2,420.00,103,321.68,457.53,9.21
2,420.00,104,661.05,593.87,10.46
2,420.00,105,594.86,451.90,0.00
2,420.00,106,222.35,41.12,5.23
2,420.00,107,464.11,551.65,15.05
2,420.00,108,252.92,908.58,0.00
2,420.00,109,547.26,100.33,18.13
2,420.00,110,326.98,778.67,16.40
2,420.00,111,591.56,358.57,12.67
2,420.00,112,161.94,624.39,24.06
2,420.00,113,717.86,248.01,0.00
2,420.00,114,337.79,422.62,8.54
2,420.00,115,883.77,747.82,14.16
2,420.00,116,173.34,722.69,0.00
2,420.00,117,484.14,545.92,8.72
2,420.00,118,405.68,685.21,13.36
2,420.00,119,574.32,652.77,15.96
2,420.00,120,850.25,159.24,5.22
2,420.00,121,446.70,179.69,24.97
2,420.00,122,551.01,171.14,22.68
2,420.00,123,674.58,317.57,14.32
2,420.00,124,59.02,755.31,5.88
2,420.00,125,497.95,842.59,10.34
2,420.00,126,617.09,771.05,24.76
2,420.00,127,514.55,175.20,6.80
2,420.00,128,433.79,306.79,10.81
2,420.00,129,773.43,889.60,13.40
2,420.00,130,159.26,449.67,18.59
2,420.00,131,481.05,576.30,22.55
2,420.00,132,437.76,298.36,15.20
2,420.00,133,674.93,318.50,6.23
2,420.00,134,872.67,223.11,11.13
2,420.00,135,680.49,253.49,9.91
2,420.00,136,676.61,225.62,7.51
2,420.00,137,823.78,147.36,8.44
2,420.00,138,77.16,892.62,6.79
2,420.00,139,644.43,348.71,7.59
2,420.00,140,697.58,458.29,20.53
2,420.00,141,534.25,482.70,9.62
2,420.00,142,368.69,393.65,17.10
2,420.00,143,359.61,664.91,0.00
2,420.00,144,957.29,664.56,9.83
2,420.00,145,835.43,143.98,5.87
2,420.00,146,304.78,361.00,18.75
2,420.00,147,414.53,275.02,7.05
2,420.00,148,437.92,764.26,13.06
2,420.00,149,603.12,522.42,15.96
2,430.00,0,929.26,839.27,22.41
2,430.00,1,647.28,351.07,18.33
2,430.00,2,660.94,571.91,18.06
2,430.00,3,130.83,203.87,12.66
2,430.00,4,494.50,530.19,15.73
2,430.00,5,106.52,402.55,0.00
2,430.00,6,451.89,323.96,12.39
2,430.00,7,790.65,760.06,5.33
2,430.00,8,252.56,607.69,6.74
2,430.00,9,197.32,564.51,0.00
2,430.00,10,544.15,972.27,17.67
2,430.00,11,542.23,484.16,17.92
2,430.00,12,814.31,115.17,12.56
2,430.00,13,517.74,789.67,8.76
2,430.00,14,385.73,680.02,0.00
2,430.00,15,584.71,468.72,17.03
2,430.00,16,743.42,767.97,0.00
2,430.00,17,493.32,483.21,5.27
2,430.00,18,342.38,520.61,7.53
2,430.00,19,71.91,545.11,20.93
2,430.00,20,670.87,132.00,23.79
2,430.00,21,346.32,572.53,24.43
2,430.00,22,460.77,572.77,21.64
2,430.00,23,357.62,803.66,22.30
2,430.00,24,560.10,597.56,15.72
2,430.00,25,904.89,637.41,21.76
2,430.00,26,306.22,451.16,15.19
2,430.00,27,256.92,670.65,5.22
2,430.00,28,365.59,33.97,17.64
2,430.00,29,266.45,358.38,8.82
2,430.00,30,577.41,706.46,12.89
2,430.00,31,687.86,614.90,13.16
2,430.00,32,25.33,722.75,0.00
2,430.00,33,376.61,567.99,9.47
2,430.00,34,280.12,721.15,21.77
2,430.00,35,862.19,785.34,5.60
2,430.00,36,184.59,478.53,11.32
2,430.00,37,45.43,635.87,23.27
2,430.00,38,583.21,308.81,7.20
2,430.00,39,819.91,404.28,11.33
2,430.00,40,479.03,869.01,6.10
2,430.00,41,310.65,787.31,20.24
2,430.00,42,565.71,297.30,8.16
2,430.00,43,256.50,895.67,0.00
2,430.00,44,936.91,958.92,0.00
2,430.00,45,227.77,614.95,0.00
2,430.00,46,812.32,361.21,0.00
2,430.00,47,406.87,821.42,11.58
2,430.00,48,502.06,388.89,6.11
2,430.00,49,534.66,807.76,8.81
2,430.00,50,684.16,702.05,0.00
2,430.00,51,138.24,843.41,0.00
2,430.00,52,684.04,301.08,8.58
2,430.00,53,52.92,570.58,5.91
2,430.00,54,833.54,755.81,6.57
2,430.00,55,441.65,895.54,21.80
2,430.00,56,667.29,453.89,0.00
2,430.00,57,747.45,805.40,8.96
2,430.00,58,298.01,668.72,17.59
2,430.00,59,428.78,419.11,8.25
2,430.00,60,937.21,564.88,11.34
2,430.00,61,321.19,606.43,5.15
2,430.00,62,277.68,378.02,14.67
2,430.00,63,586.31,654.49,8.23
2,430.00,64,113.73,851.17,11.34
2,430.00,65,363.73,273.42,5.43
2,430.00,66,697.69,636.44,23.35
2,430.00,67,334.08,490.24,9.63
2,430.00,68,629.55,786.79,12.55
2,430.00,69,356.57,676.87,0.00
2,430.00,70,583.01,566.63,17.19
2,430.00,71,304.58,255.87,0.00
2,430.00,72,175.74,254.60,7.68
2,430.00,73,942.87,395.18,16.42
2,430.00,74,943.72,891.68,5.41
2,430.00,75,485.32,260.85,8.65
2,430.00,76,767.21,919.62,7.44
2,430.00,77,207.35,758.34,9.26
2,430.00,78,587.68,884.07,8.99
2,430.00,79,405.19,631.60,9.08
2,430.00,80,748.44,691.13,16.77
2,430.00,81,294.65,453.43,5.50
2,430.00,82,734.19,417.81,21.82
2,430.00,83,310.58,408.75,6.53
2,430.00,84,302.78,30.69,20.90
2,430.00,85,686.84,811.75,7.15
2,430.00,86,364.33,871.34,9.27
2,430.00,87,822.45,558.81,13.14
2,430.00,88,765.55,159.16,8.79
2,430.00,89,293.00,328.00,18.08
2,430.00,90,630.18,571.65,6.64
2,430.00,91,420.91,472.38,12.41
2,430.00,92,98.78,774.26,10.47
2,430.00,93,836.82,714.18,16.80
2,430.00,94,529.66,448.46,17.65
2,430.00,95,607.04,475.04,5.55
2,430.00,96,300.09,424.85,7.07
2,430.00,97,610.78,588.13,5.26
2,430.00,98,200.38,598.88,6.42
2,430.00,99,236.35,606.84,8.79
2,430.00,100,682.95,570.73,5.81
2,430.00,101,309.56,660.70,11.07
2,430.00,102,485.57,340.47,9.93
2,430.00,103,234.34,428.23,9.21
2,430.00,104,760.46,561.20,10.46
2,430.00,105,689.29,442.46,17.23
2,430.00,106,251.26,84.70,5.23
2,430.00,107,385.42,423.35,15.05
2,430.00,108,235.78,821.35,23.10
2,430.00,109,497.10,274.57,18.13
2,430.00,110,444.29,664.10,16.40
2,430.00,111,711.21,316.88,12.67
2,430.00,112,397.44,673.47,24.06
2,430.00,113,749.73,218.17,6.01
2,430.00,114,310.87,503.72,8.54
2,430.00,115,922.05,611.52,14.16
2,430.00,116,223.84,684.65,9.17
2,430.00,117,515.31,464.44,8.72
2,430.00,118,273.25,702.96,13.36
2,430.00,119,673.11,527.46,15.96
2,430.00,120,887.41,122.62,5.22
2,430.00,121,333.74,402.41,24.97
2,430.00,122,465.69,381.24,22.68
2,430.00,123,553.61,394.26,14.32
2,430.00,124,60.52,696.52,5.88
2,430.00,125,599.36,822.63,10.34
2,430.00,126,687.07,831.80,0.00
2,430.00,127,529.95,108.95,6.80
2,430.00,128,401.87,287.18,0.00
2,430.00,129,812.22,761.38,13.40
2,430.00,130,324.16,363.89,18.59
2,430.00,131,543.72,792.96,22.55
2,430.00,132,523.47,423.89,15.20
2,430.00,133,725.89,354.30,6.23
2,430.00,134,867.05,181.14,0.00
2,430.00,135,590.65,211.69,9.91
2,430.00,136,653.29,297.00,7.51
2,430.00,137,908.06,142.42,8.44
2,430.00,138,96.94,827.64,6.79
2,430.00,139,664.32,275.50,7.59
2,430.00,140,817.16,291.44,20.53
2,430.00,141,592.91,406.44,9.62
2,430.00,142,333.42,371.68,0.00
2,430.00,143,321.35,632.01,11.31
2,430.00,144,949.16,762.54,9.83
2,430.00,145,789.52,180.50,5.87
2,430.00,146,261.99,477.57,0.00
2,430.00,147,479.60,302.11,7.05
2,430.00,148,427.15,788.79,0.00
2,430.00,149,747.02,591.47,15.96
2,440.00,0,949.28,821.42,0.00
2,440.00,1,579.18,521.30,18.33
2,440.00,2,747.47,413.42,18.06
2,440.00,3,48.73,107.51,12.66
2,440.00,4,395.02,408.33,15.73
2,440.00,5,106.49,403.26,13.30
2,440.00,6,340.56,378.22,12.39
2,440.00,7,737.84,767.07,5.33
2,440.00,8,194.71,642.35,6.74
2,440.00,9,202.95,559.67,12.39
2,440.00,10,413.48,997.64,0.00
2,440.00,11,651.43,342.12,17.92
2,440.00,12,836.76,52.33,0.00
2,440.00,13,578.27,853.01,8.76
2,440.00,14,450.78,699.72,8.26
2,440.00,15,743.28,530.88,17.03
2,440.00,16,674.24,731.40,11.01
2,440.00,17,471.41,531.10,5.27
2,440.00,18,386.33,581.80,7.53
2,440.00,19,49.59,560.57,0.00
2,440.00,20,435.26,98.78,23.79
2,440.00,21,562.07,494.74,0.00
2,440.00,22,310.64,728.58,21.64
2,440.00,23,274.84,596.64,22.30
2,440.00,24,419.91,526.54,15.72
2,440.00,25,826.11,434.56,21.76
2,440.00,26,444.58,388.39,15.19
2,440.00,27,216.63,703.79,5.22
2,440.00,28,364.20,25.29,0.00
2,440.00,29,185.58,393.68,8.82
2,440.00,30,520.15,821.99,12.89
2,440.00,31,598.61,518.18,13.16
2,440.00,32,50.22,713.60,19.95
2,440.00,33,412.91,480.54,9.47
2,440.00,34,168.61,908.16,21.77
2,440.00,35,918.08,789.20,5.60
2,440.00,36,287.21,430.79,11.32
2,440.00,37,37.37,648.87,0.00
2,440.00,38,613.18,374.27,7.20
2,440.00,39,920.99,455.46,11.33
2,440.00,40,439.94,890.53,0.00
2,440.00,41,513.02,782.16,20.24
2,440.00,42,491.02,330.16,8.16
2,440.00,43,257.63,889.46,17.98
2,440.00,44,887.92,910.52,16.99
2,440.00,45,355.35,569.38,14.05
2,440.00,46,795.79,333.09,14.74
2,440.00,47,460.62,862.00,0.00
2,440.00,48,485.49,447.75,6.11
2,440.00,49,500.92,726.38,8.81
2,440.00,50,685.05,651.46,15.56
2,440.00,51,197.33,848.02,7.82
2,440.00,52,693.52,215.81,8.58
2,440.00,53,64.22,512.57,5.91
2,440.00,54,868.36,811.53,6.57
2,440.00,55,347.49,698.89,21.80
2,440.00,56,666.71,453.82,7.26
2,440.00,57,748.06,805.82,0.00
2,440.00,58,367.62,507.15,17.59
2,440.00,59,352.63,450.76,8.25
2,440.00,60,944.64,678.05,11.34
2,440.00,61,332.75,556.20,5.15
2,440.00,62,243.51,520.71,14.67
2,440.00,63,663.77,626.73,8.23
2,440.00,64,144.00,952.64,0.00
2,440.00,65,366.24,327.67,5.43
2,440.00,66,767.63,413.61,23.35
2,440.00,67,430.32,487.99,9.63
2,440.00,68,735.70,853.82,12.55
2,440.00,69,284.69,542.32,19.12
2,440.00,70,570.17,395.19,17.19
2,440.00,71,430.89,307.76,17.64
2,440.00,72,226.64,312.07,7.68
2,440.00,73,951.89,395.98,0.00
2,440.00,74,899.55,860.54,5.41
2,440.00,75,522.81,281.75,0.00
2,440.00,76,748.99,847.45,7.44
2,440.00,77,286.38,710.18,9.26
2,440.00,78,677.09,893.09,8.99
2,440.00,79,350.39,559.21,9.08
2,440.00,80,893.24,775.69,16.77
2,440.00,81,247.73,482.05,5.50
2,440.00,82,681.22,332.61,0.00
2,440.00,83,307.27,473.96,6.53
2,440.00,84,250.73,233.10,20.90
2,440.00,85,734.80,758.78,7.15
2,440.00,86,356.61,908.54,0.00
2,440.00,87,787.51,432.17,13.14
2,440.00,88,845.08,170.73,0.00
2,440.00,89,246.86,502.80,18.08
2,440.00,90,676.59,619.11,6.64
2,440.00,91,428.42,490.01,0.00
2,440.00,92,74.83,769.89,0.00
2,440.00,93,708.65,605.64,16.80
2,440.00,94,450.06,456.91,0.00
2,440.00,95,639.13,520.31,5.55
2,440.00,96,310.59,494.72,7.07
2,440.00,97,656.24,561.60,5.26
2,440.00,98,260.09,622.49,6.42
2,440.00,99,157.62,645.88,8.79
2,440.00,100,691.39,628.18,5.81
2,440.00,101,253.76,756.32,11.07
2,440.00,102,450.06,433.23,9.93
2,440.00,103,222.03,424.10,0.00
2,440.00,104,859.86,528.52,10.46
2,440.00,105,772.56,434.14,0.00
2,440.00,106,280.16,128.28,5.23
2,440.00,107,306.73,295.04,15.05
2,440.00,108,191.22,594.70,23.10
2,440.00,109,446.95,448.80,18.13
2,440.00,110,561.61,549.52,16.40
2,440.00,111,830.86,275.20,12.67
2,440.00,112,432.73,680.83,0.00
2,440.00,113,793.61,177.09,6.01
2,440.00,114,283.96,584.82,8.54
2,440.00,115,960.33,475.22,14.16
2,440.00,116,297.12,629.47,9.17
2,440.00,117,546.49,382.96,8.72
2,440.00,118,143.73,720.32,0.00
2,440.00,119,771.91,402.14,15.96
2,440.00,120,924.57,86.01,5.22
2,440.00,121,220.77,625.14,24.97
2,440.00,122,380.38,591.33,22.68
2,440.00,123,432.63,470.96,14.32
2,440.00,124,62.01,637.72,5.88
2,440.00,125,700.77,802.67,10.34
2,440.00,126,669.04,761.53,11.59
2,440.00,127,545.35,42.69,6.80
2,440.00,128,388.15,343.16,8.82
2,440.00,129,851.01,633.16,13.40
2,440.00,130,489.05,278.10,18.59
2,440.00,131,569.85,883.28,0.00
2,440.00,132,609.17,549.42,15.20
2,440.00,133,776.86,390.10,6.23
2,440.00,134,797.75,280.07,19.50
2,440.00,135,500.81,169.90,9.91
2,440.00,136,645.24,321.65,0.00
2,440.00,137,942.10,140.42,0.00
2,440.00,138,116.73,762.66,6.79
2,440.00,139,684.21,202.30,7.59
2,440.00,140,891.78,187.31,0.00
2,440.00,141,641.34,343.46,0.00
2,440.00,142,221.18,389.87,15.02
2,440.00,143,235.63,558.29,11.31
2,440.00,144,941.04,860.51,9.83
2,440.00,145,743.61,217.03,5.87
2,440.00,146,294.49,494.54,10.85
2,440.00,147,544.66,329.20,7.05
2,440.00,148,488.65,790.19,7.74
2,440.00,149,838.15,635.20,0.00
2,450.00,0,828.33,911.20,17.11
2,450.00,1,511.09,691.54,18.33
2,450.00,2,834.00,254.93,18.06
2,450.00,3,47.37,105.91,0.00
2,450.00,4,334.65,334.39,0.00
2,450.00,5,101.73,519.47,0.00
2,450.00,6,229.23,432.48,12.39
2,450.00,7,685.03,774.07,5.33
2,450.00,8,136.86,677.02,6.74
2,450.00,9,296.81,478.79,12.39
2,450.00,10,448.51,956.77,21.82
2,450.00,11,760.62,200.08,17.92
2,450.00,12,741.09,119.50,24.94
2,450.00,13,638.80,916.34,8.76
2,450.00,14,529.86,723.67,8.26
2,450.00,15,800.05,553.14,0.00
2,450.00,16,576.93,679.97,11.01
2,450.00,17,449.51,578.99,5.27
2,450.00,18,430.28,642.99,7.53
2,450.00,19,129.59,442.53,16.39
2,450.00,20,362.78,88.56,0.00
2,450.00,21,563.98,489.56,9.02
2,450.00,22,267.88,772.96,0.00
2,450.00,23,192.06,389.62,22.30
2,450.00,24,332.03,482.01,0.00
2,450.00,25,752.61,245.35,0.00
2,450.00,26,582.94,325.61,15.19
2,450.00,27,207.52,711.29,0.00
2,450.00,28,350.57,149.65,13.17
2,450.00,29,169.92,400.52,0.00
2,450.00,30,462.88,937.52,12.89
2,450.00,31,509.35,421.46,13.16
2,450.00,32,216.07,652.61,0.00
2,450.00,33,449.21,393.09,9.47
2,450.00,34,154.76,931.38,0.00
2,450.00,35,973.97,793.06,5.60
2,450.00,36,389.82,383.05,11.32
2,450.00,37,77.67,526.80,13.76
2,450.00,38,618.68,386.28,0.00
2,450.00,39,968.93,479.74,0.00
2,450.00,40,428.83,873.26,7.66
2,450.00,41,570.55,780.70,0.00
2,450.00,42,416.32,363.01,8.16
2,450.00,43,289.75,712.57,17.98
2,450.00,44,767.07,791.15,16.99
2,450.00,45,383.26,559.40,0.00
2,450.00,46,721.09,206.03,14.74
2,450.00,47,484.79,853.45,6.13
2,450.00,48,468.93,506.60,6.11
2,450.00,49,467.18,645.00,8.81
2,450.00,50,687.79,495.84,15.56
2,450.00,51,275.33,854.11,7.82
2,450.00,52,701.47,144.34,0.00
2,450.00,53,75.53,454.55,5.91
2,450.00,54,903.18,867.24,6.57
2,450.00,55,253.33,502.23,21.80
2,450.00,56,594.69,444.72,7.26
2,450.00,57,711.28,724.73,8.98
2,450.00,58,437.24,345.59,17.59
2,450.00,59,276.48,482.41,8.25
2,450.00,60,952.08,791.21,11.34
2,450.00,61,344.31,505.98,5.15
2,450.00,62,209.35,663.39,14.67
2,450.00,63,741.24,598.96,8.23
2,450.00,64,156.89,947.16,21.25
2,450.00,65,368.75,381.91,5.43
2,450.00,66,837.57,190.79,23.35
2,450.00,67,482.00,486.78,0.00
2,450.00,68,841.84,920.86,12.55
2,450.00,69,194.58,373.66,19.12
2,450.00,70,564.64,321.48,0.00
2,450.00,71,594.08,374.80,17.64
2,450.00,72,277.54,369.53,7.68
2,450.00,73,871.64,416.87,0.00
2,450.00,74,855.37,829.39,5.41
2,450.00,75,453.22,206.33,0.00
2,450.00,76,730.78,775.29,7.44
2,450.00,77,365.42,662.02,9.26
2,450.00,78,766.51,902.12,8.99
2,450.00,79,295.59,486.82,9.08
2,450.00,80,959.18,814.19,0.00
2,450.00,81,200.81,510.66,5.50
2,450.00,82,680.03,445.12,20.83
2,450.00,83,303.95,539.18,6.53
2,450.00,84,198.68,435.51,20.90
2,450.00,85,782.75,705.80,7.15
2,450.00,86,391.26,860.99,9.97
2,450.00,87,752.57,305.53,13.14
2,450.00,88,827.32,176.85,21.80
2,450.00,89,200.72,677.59,18.08
2,450.00,90,723.00,666.56,6.64
2,450.00,91,499.76,589.96,14.52
2,450.00,92,168.49,619.50,23.08
2,450.00,93,580.47,497.11,16.80
2,450.00,94,485.46,485.61,8.34
2,450.00,95,671.22,565.59,5.55
2,450.00,96,312.89,510.02,0.00
2,450.00,97,701.70,535.06,5.26
2,450.00,98,319.80,646.10,6.42
2,450.00,99,125.92,661.60,0.00
2,450.00,100,699.84,685.63,5.81
2,450.00,101,197.96,851.95,11.07
2,450.00,102,414.54,525.98,9.93
2,450.00,103,288.78,536.04,15.17
2,450.00,104,959.27,495.84,10.46
2,450.00,105,803.96,453.56,7.18
2,450.00,106,309.07,171.86,5.23
2,450.00,107,256.85,213.71,0.00
2,450.00,108,146.66,368.05,23.10
2,450.00,109,396.80,623.04,18.13
2,450.00,110,678.92,434.94,16.40
2,450.00,111,886.04,255.97,0.00
2,450.00,112,498.96,678.84,7.79
2,450.00,113,837.49,136.01,6.01
2,450.00,114,257.05,665.92,8.54
2,450.00,115,963.60,463.59,0.00
2,450.00,116,370.41,574.28,9.17
2,450.00,117,577.66,301.47,8.72
2,450.00,118,144.91,717.55,13.66
2,450.00,119,870.71,276.82,15.96
2,450.00,120,961.73,49.39,5.22
2,450.00,121,128.34,807.40,0.00
2,450.00,122,318.66,743.30,0.00
2,450.00,123,420.23,478.82,0.00
2,450.00,124,63.51,578.93,5.88
2,450.00,125,802.18,782.71,10.34
2,450.00,126,640.22,649.23,11.59
2,450.00,127,551.55,16.03,0.00
2,450.00,128,367.17,428.83,8.82
2,450.00,129,889.80,504.94,13.40
2,450.00,130,653.94,192.32,18.59
2,450.00,131,498.33,870.08,12.47
2,450.00,132,694.87,674.96,15.20
2,450.00,133,827.83,425.90,6.23
2,450.00,134,685.87,439.81,19.50
2,450.00,135,410.96,128.10,9.91
2,450.00,136,586.99,373.75,11.94
2,450.00,137,878.66,175.35,12.15
2,450.00,138,136.52,697.68,6.79
2,450.00,139,704.10,129.09,7.59
2,450.00,140,893.00,270.23,22.06
2,450.00,141,646.74,359.71,9.83
2,450.00,142,72.93,413.88,15.02
2,450.00,143,168.58,500.63,0.00
2,450.00,144,932.91,958.49,9.83
2,450.00,145,697.69,253.56,5.87
2,450.00,146,390.67,544.76,10.85
2,450.00,147,609.72,356.29,7.05
2,450.00,148,566.01,791.95,7.74
2,450.00,149,793.66,590.54,17.19
2,460.00,0,811.15,923.96,0.00
2,460.00,1,442.99,861.77,18.33
2,460.00,2,859.51,208.19,0.00
2,460.00,3,192.67,96.64,14.81
2,460.00,4,341.60,263.98,17.99
2,460.00,5,99.43,503.36,12.97
2,460.00,6,124.25,483.65,0.00
2,460.00,7,632.22,781.08,5.33
2,460.00,8,79.00,711.68,6.74
2,460.00,9,390.68,397.92,12.39
2,460.00,10,590.51,791.05,21.82
2,460.00,11,846.19,88.79,0.00
2,460.00,12,536.98,262.80,24.94
2,460.00,13,699.34,979.68,8.76
2,460.00,14,608.94,747.62,8.26
2,460.00,15,766.46,636.05,13.93
2,460.00,16,479.63,628.54,11.01
2,460.00,17,442.19,594.99,0.00
2,460.00,18,474.22,704.19,7.53
2,460.00,19,161.45,395.51,0.00
2,460.00,20,296.26,210.09,20.01
2,460.00,21,595.27,405.00,9.02
2,460.00,22,276.57,737.64,5.09
2,460.00,23,151.88,289.13,0.00
2,460.00,24,377.18,421.19,20.30
2,460.00,25,741.43,244.30,16.72
2,460.00,26,721.29,262.83,15.19
2,460.00,27,121.60,746.04,11.98
2,460.00,28,336.22,280.52,13.17
2,460.00,29,306.00,295.96,21.28
2,460.00,30,442.94,977.74,0.00
2,460.00,31,420.09,324.74,13.16
2,460.00,32,241.86,651.81,22.59
2,460.00,33,485.52,305.63,9.47
2,460.00,34,151.13,822.00,12.50
2,460.00,35,987.81,794.01,0.00
2,460.00,36,492.44,335.31,11.32
2,460.00,37,120.80,396.13,13.76
2,460.00,38,438.12,358.92,22.37
2,460.00,39,867.28,498.74,19.67
2,460.00,40,387.43,808.86,7.66
2,460.00,41,547.71,667.90,16.08
2,460.00,42,341.63,395.87,8.16
2,460.00,43,321.86,535.67,17.98
2,460.00,44,646.23,671.78,16.99
2,460.00,45,411.87,528.58,5.33
2,460.00,46,668.67,116.86,0.00
2,460.00,47,542.55,833.02,6.13
2,460.00,48,452.37,565.45,6.11
2,460.00,49,433.44,563.62,8.81
2,460.00,50,690.52,340.22,15.56
2,460.00,51,353.33,860.20,7.82
2,460.00,52,696.54,164.62,12.90
2,460.00,53,86.83,396.53,5.91
2,460.00,54,938.01,922.96,6.57
2,460.00,55,159.17,305.58,21.80
2,460.00,56,522.67,435.63,7.26
2,460.00,57,674.21,642.97,8.98
2,460.00,58,484.73,235.36,0.00
2,460.00,59,200.33,514.06,8.25
2,460.00,60,959.51,904.37,11.34
2,460.00,61,355.87,455.76,5.15
2,460.00,62,175.19,806.08,14.67
2,460.00,63,818.70,571.20,8.23
2,460.00,64,352.40,864.00,21.25
2,460.00,65,371.26,436.16,5.43
2,460.00,66,847.29,159.83,0.00
2,460.00,67,461.09,408.19,17.57
2,460.00,68,930.55,976.88,0.00
2,460.00,69,104.47,204.99,19.12
2,460.00,70,517.58,373.03,12.25
2,460.00,71,627.75,388.63,0.00
2,460.00,72,328.44,427.00,7.68
2,460.00,73,780.19,377.93,17.82
2,460.00,74,811.19,798.24,5.41
2,460.00,75,448.81,206.55,19.36
2,460.00,76,712.56,703.12,7.44
2,460.00,77,444.45,613.85,9.26
2,460.00,78,855.92,911.14,8.99
2,460.00,79,240.79,414.44,9.08
2,460.00,80,901.05,768.87,13.54
2,460.00,81,153.89,539.28,5.50
2,460.00,82,677.82,653.39,20.83
2,460.00,83,300.63,604.39,6.53
2,460.00,84,146.63,637.92,20.90
2,460.00,85,830.70,652.82,7.15
2,460.00,86,449.98,780.39,9.97
2,460.00,87,735.64,244.15,0.00
2,460.00,88,621.19,247.94,21.80
2,460.00,89,154.59,852.39,18.08
2,460.00,90,769.41,714.01,6.64
2,460.00,91,513.89,609.76,0.00
2,460.00,92,290.50,423.55,23.08
2,460.00,93,452.30,388.58,16.80
2,460.00,94,550.23,538.15,8.34
2,460.00,95,703.31,610.87,5.55
2,460.00,96,363.70,492.65,6.88
2,460.00,97,707.52,531.66,0.00
2,460.00,98,379.50,669.71,6.42
2,460.00,99,189.09,685.02,11.28
2,460.00,100,708.28,743.08,5.81
2,460.00,101,142.15,947.57,11.07
2,460.00,102,379.03,618.74,9.93
2,460.00,103,366.48,666.34,15.17
2,460.00,104,992.16,485.03,0.00
2,460.00,105,865.02,491.31,7.18
2,460.00,106,337.98,215.44,5.23
2,460.00,107,248.00,194.25,5.84
2,460.00,108,141.25,340.54,0.00
2,460.00,109,346.65,797.27,18.13
2,460.00,110,771.53,344.49,0.00
2,460.00,111,866.41,277.10,5.35
2,460.00,112,576.87,676.50,7.79
2,460.00,113,881.36,94.94,6.01
2,460.00,114,230.14,747.02,8.54
2,460.00,115,853.95,506.54,12.88
2,460.00,116,381.53,565.90,0.00
2,460.00,117,608.84,219.99,8.72
2,460.00,118,198.29,591.85,13.66
2,460.00,119,872.53,274.51,0.00
2,460.00,120,995.70,15.91,0.00
2,460.00,121,140.23,786.77,13.10
2,460.00,122,282.21,783.41,19.59
2,460.00,123,355.87,448.58,7.92
2,460.00,124,65.00,520.13,5.88
2,460.00,125,854.82,772.35,0.00
2,460.00,126,611.40,536.94,11.59
2,460.00,127,569.64,45.15,5.74
2,460.00,128,346.19,514.50,8.82
2,460.00,129,928.59,376.73,13.40
2,460.00,130,818.84,106.53,18.59
2,460.00,131,375.69,847.44,12.47
2,460.00,132,780.57,800.49,15.20
2,460.00,133,878.80,461.70,6.23
2,460.00,134,574.00,599.54,19.50
2,460.00,135,321.12,86.31,9.91
2,460.00,136,498.03,453.33,11.94
2,460.00,137,772.23,233.95,12.15
2,460.00,138,156.30,632.70,6.79
2,460.00,139,708.18,114.10,0.00
2,460.00,140,896.24,490.82,22.06
2,460.00,141,677.74,452.96,9.83
2,460.00,142,40.46,419.14,0.00
2,460.00,143,208.65,474.77,21.89
2,460.00,144,930.02,993.38,0.00
2,460.00,145,651.78,290.08,5.87
2,460.00,146,486.86,594.97,10.85
2,460.00,147,674.78,383.37,7.05
2,460.00,148,643.38,793.71,7.74
2,460.00,149,672.37,468.78,17.19
2,470.00,0,836.75,822.81,11.92
2,470.00,1,418.93,921.92,0.00
2,470.00,2,704.99,172.68,22.49
2,470.00,3,340.43,87.22,14.81
2,470.00,4,359.27,84.92,17.99
2,470.00,5,81.06,374.96,12.97
2,470.00,6,128.12,484.20,6.85
2,470.00,7,579.42,788.08,5.33
2,470.00,8,30.55,740.72,0.00
2,470.00,9,484.55,317.05,12.39
2,470.00,10,732.52,625.34,21.82
2,470.00,11,843.13,121.18,15.03
2,470.00,12,332.87,406.11,24.94
2,470.00,13,700.65,981.05,0.00
2,470.00,14,688.02,771.57,8.26
2,470.00,15,714.13,765.20,13.93
2,470.00,16,382.32,577.11,11.01
2,470.00,17,431.15,475.24,18.06
2,470.00,18,518.17,765.38,7.53
2,470.00,19,238.10,431.19,12.94
2,470.00,20,200.19,385.61,20.01
2,470.00,21,626.56,320.43,9.02
2,470.00,22,288.73,688.25,5.09
2,470.00,23,56.06,324.71,19.86
2,470.00,24,498.21,258.18,20.30
2,470.00,25,574.99,228.56,16.72
2,470.00,26,741.11,253.84,0.00
2,470.00,27,41.99,778.24,0.00
2,470.00,28,321.88,411.39,13.17
2,470.00,29,474.77,166.28,21.28
2,470.00,30,449.29,938.82,6.05
2,470.00,31,330.83,228.02,13.16
2,470.00,32,467.61,644.88,22.59
2,470.00,33,521.82,218.18,9.47
2,470.00,34,147.00,697.12,12.50
2,470.00,35,934.86,671.83,17.70
2,470.00,36,595.05,287.57,11.32
2,470.00,37,163.93,265.47,13.76
2,470.00,38,216.99,325.41,22.37
2,470.00,39,673.90,534.88,19.67
2,470.00,40,346.03,744.47,7.66
2,470.00,41,524.62,553.85,0.00
2,470.00,42,266.93,428.73,8.16
2,470.00,43,353.98,358.77,17.98
2,470.00,44,633.99,659.69,0.00
2,470.00,45,448.14,489.52,5.33
2,470.00,46,679.42,141.31,8.96
2,470.00,47,600.30,812.59,6.13
2,470.00,48,435.81,624.31,6.11
2,470.00,49,399.70,482.24,8.81
2,470.00,50,692.61,221.05,0.00
2,470.00,51,431.33,866.29,7.82
2,470.00,52,666.10,289.98,12.90
2,470.00,53,98.14,338.52,5.91
2,470.00,54,965.70,967.26,0.00
2,470.00,55,143.30,272.44,0.00
2,470.00,56,450.65,426.53,7.26
2,470.00,57,637.13,561.21,8.98
2,470.00,58,532.21,249.70,15.61
2,470.00,59,124.18,545.71,8.25
2,470.00,60,959.67,906.84,0.00
2,470.00,61,367.43,405.53,5.15
2,470.00,62,141.02,948.76,14.67
2,470.00,63,896.17,543.44,8.23
2,470.00,64,547.90,780.84,21.25
2,470.00,65,373.77,490.40,5.43
2,470.00,66,769.43,211.70,10.86
2,470.00,67,415.90,238.44,17.57
2,470.00,68,901.91,974.44,17.50
2,470.00,69,41.81,87.71,0.00
2,470.00,70,435.02,463.48,12.25
2,470.00,71,676.73,330.80,9.55
2,470.00,72,379.34,484.46,7.68
2,470.00,73,616.22,308.11,17.82
2,470.00,74,767.02,767.09,5.41
2,470.00,75,255.46,216.17,19.36
2,470.00,76,694.35,630.96,7.44
2,470.00,77,523.49,565.69,9.26
2,470.00,78,945.34,920.16,8.99
2,470.00,79,224.95,393.51,0.00
2,470.00,80,794.30,685.65,13.54
2,470.00,81,106.97,567.90,5.50
2,470.00,82,675.97,828.35,0.00
2,470.00,83,297.32,669.60,6.53
2,470.00,84,126.01,718.07,0.00
2,470.00,85,878.66,599.84,7.15
2,470.00,86,508.69,699.79,9.97
2,470.00,87,736.89,283.58,7.66
2,470.00,88,415.06,319.02,21.80
2,470.00,89,150.88,866.41,0.00
2,470.00,90,815.82,761.46,6.64
2,470.00,91,591.69,652.92,10.69
2,470.00,92,412.52,227.60,23.08
2,470.00,93,324.12,280.04,16.80
2,470.00,94,615.00,590.68,8.34
2,470.00,95,712.78,624.24,0.00
2,470.00,96,428.76,470.41,6.88
2,470.00,97,568.54,696.75,24.75
2,470.00,98,439.21,693.32,6.42
2,470.00,99,294.83,724.22,11.28
2,470.00,100,716.72,800.53,5.81
2,470.00,101,136.07,958.00,0.00
2,470.00,102,343.52,711.49,9.93
2,470.00,103,444.17,796.64,15.17
2,470.00,104,832.69,488.67,23.84
2,470.00,105,869.81,494.27,0.00
2,470.00,106,366.89,259.02,5.23
2,470.00,107,223.81,141.10,5.84
2,470.00,108,108.95,384.04,6.17
2,470.00,109,341.24,816.06,0.00
2,470.00,110,806.90,382.69,24.73
2,470.00,111,829.97,316.31,5.35
2,470.00,112,654.78,674.15,7.79
2,470.00,113,925.24,53.86,6.01
2,470.00,114,203.23,828.12,8.54
2,470.00,115,734.06,553.50,12.88
2,470.00,116,563.65,472.60,24.13
2,470.00,117,633.87,154.57,0.00
2,470.00,118,251.68,466.16,13.66
2,470.00,119,917.43,246.17,0.00
2,470.00,120,982.70,19.41,15.72
2,470.00,121,205.65,673.28,13.10
2,470.00,122,209.94,862.95,0.00
2,470.00,123,284.15,414.89,7.92
2,470.00,124,66.50,461.34,5.88
2,470.00,125,842.32,737.31,7.74
2,470.00,126,587.19,442.60,0.00
2,470.00,127,599.91,93.88,5.74
2,470.00,128,325.20,600.16,8.82
2,470.00,129,967.38,248.51,13.40
2,470.00,130,887.05,71.04,0.00
2,470.00,131,295.55,832.65,0.00
2,470.00,132,866.28,926.03,15.20
2,470.00,133,929.77,497.51,6.23
2,470.00,134,462.12,759.28,19.50
2,470.00,135,272.69,63.78,0.00
2,470.00,136,409.08,532.91,11.94
2,470.00,137,665.80,292.56,12.15
2,470.00,138,176.09,567.72,6.79
2,470.00,139,663.60,159.54,8.00
2,470.00,140,899.48,711.42,22.06
2,470.00,141,708.73,546.21,9.83
2,470.00,142,147.46,366.31,15.28
2,470.00,143,392.59,356.07,21.89
2,470.00,144,845.43,899.75,19.60
2,470.00,145,605.86,326.61,5.87
2,470.00,146,583.05,645.19,10.85
2,470.00,147,739.85,410.46,7.05
2,470.00,148,720.75,795.47,7.74
2,470.00,149,551.08,347.02,17.19
2,480.00,0,866.01,707.21,11.92
2,480.00,1,495.53,821.30,19.56
2,480.00,2,485.85,122.33,22.49
2,480.00,3,488.19,77.79,14.81
2,480.00,4,361.44,62.96,0.00
2,480.00,5,62.70,246.55,12.97
2,480.00,6,195.95,493.90,6.85
2,480.00,7,526.61,795.09,5.33
2,480.00,8,41.78,704.34,23.43
2,480.00,9,578.41,236.18,12.39
2,480.00,10,874.52,459.62,21.82
2,480.00,11,829.00,270.84,15.03
2,480.00,12,128.76,549.41,24.94
2,480.00,13,657.22,895.29,9.83
2,480.00,14,767.10,795.52,8.26
2,480.00,15,687.25,831.54,0.00
2,480.00,16,285.02,525.68,11.01
2,480.00,17,414.56,295.40,18.06
2,480.00,18,562.11,826.57,7.53
2,480.00,19,355.42,485.80,12.94
2,480.00,20,162.12,455.18,0.00
2,480.00,21,633.28,302.29,0.00
2,480.00,22,300.88,638.86,5.09
2,480.00,23,26.15,335.82,0.00
2,480.00,24,499.59,256.32,0.00
2,480.00,25,408.56,212.82,16.72
2,480.00,26,634.93,378.23,19.09
2,480.00,27,86.71,744.09,19.87
2,480.00,28,307.53,542.26,13.17
2,480.00,29,614.36,59.02,0.00
2,480.00,30,459.04,879.10,6.05
2,480.00,31,321.12,217.49,0.00
2,480.00,32,693.36,637.95,22.59
2,480.00,33,558.12,130.73,9.47
2,480.00,34,142.86,572.23,12.50
2,480.00,35,864.49,509.44,17.70
2,480.00,36,697.67,239.83,11.32
2,480.00,37,207.06,134.80,13.76
2,480.00,38,49.53,300.03,0.00
2,480.00,39,514.40,564.69,0.00
2,480.00,40,304.62,680.07,7.66
2,480.00,41,504.19,615.70,23.58
2,480.00,42,192.24,461.59,8.16
2,480.00,43,386.10,181.88,17.98
2,480.00,44,561.62,593.54,10.91
2,480.00,45,484.40,450.45,5.33
2,480.00,46,715.44,223.30,8.96
2,480.00,47,658.05,792.15,6.13
2,480.00,48,419.25,683.16,6.11
2,480.00,49,365.96,400.86,8.81
2,480.00,50,679.90,223.84,5.56
2,480.00,51,509.32,872.38,7.82
2,480.00,52,635.66,415.35,12.90
2,480.00,53,109.44,280.50,5.91
2,480.00,54,943.33,964.55,11.00
2,480.00,55,168.82,381.31,13.45
2,480.00,56,378.63,417.43,7.26
2,480.00,57,603.77,487.66,0.00
2,480.00,58,681.65,294.82,15.61
2,480.00,59,70.45,568.04,0.00
2,480.00,60,817.65,968.29,15.82
2,480.00,61,378.99,355.31,5.15
2,480.00,62,139.88,953.56,0.00
2,480.00,63,910.07,538.46,0.00
2,480.00,64,743.41,697.68,21.25
2,480.00,65,376.28,544.65,5.43
2,480.00,66,679.02,271.94,10.86
2,480.00,67,372.07,73.79,0.00
2,480.00,68,727.52,959.59,17.50
2,480.00,69,65.03,134.34,17.10
2,480.00,70,352.45,553.93,12.25
2,480.00,71,738.45,257.94,9.55
2,480.00,72,427.43,538.76,0.00
2,480.00,73,452.26,238.29,17.82
2,480.00,74,737.71,746.43,0.00
2,480.00,75,222.28,217.82,0.00
2,480.00,76,676.13,558.79,7.44
2,480.00,77,602.52,517.53,9.26
2,480.00,78,954.41,921.08,0.00
2,480.00,79,174.79,261.47,19.87
2,480.00,80,687.56,602.43,13.54
2,480.00,81,79.87,584.44,0.00
2,480.00,82,689.25,797.35,21.09
2,480.00,83,294.00,734.81,6.53
2,480.00,84,178.21,679.48,10.75
2,480.00,85,900.54,575.67,0.00
2,480.00,86,567.41,619.19,9.97
2,480.00,87,739.32,360.10,7.66
2,480.00,88,236.35,380.65,0.00
2,480.00,89,23.00,914.33,0.00
2,480.00,90,862.23,808.92,6.64
2,480.00,91,685.14,704.76,10.69
2,480.00,92,503.14,82.07,0.00
2,480.00,93,195.95,171.51,16.80
2,480.00,94,679.77,643.22,8.34
2,480.00,95,614.76,643.10,14.16
2,480.00,96,493.81,448.17,6.88
2,480.00,97,504.56,772.74,0.00
2,480.00,98,498.92,716.93,6.42
2,480.00,99,385.44,757.81,0.00
2,480.00,100,725.16,857.98,5.81
2,480.00,101,169.37,922.15,5.49
2,480.00,102,314.41,787.52,0.00
2,480.00,103,477.84,853.10,0.00
2,480.00,104,594.32,494.12,23.84
2,480.00,105,691.46,536.05,19.88
2,480.00,106,395.80,302.60,5.23
2,480.00,107,199.63,87.95,5.84
2,480.00,108,72.18,433.56,6.17
2,480.00,109,435.97,764.48,12.09
2,480.00,110,906.47,490.25,0.00
2,480.00,111,793.53,355.52,5.35
2,480.00,112,716.93,672.29,0.00
2,480.00,113,927.15,52.07,0.00
2,480.00,114,176.32,909.22,8.54
2,480.00,115,614.17,600.46,12.88
2,480.00,116,660.22,423.12,0.00
2,480.00,117,642.20,178.03,12.62
2,480.00,118,305.06,340.47,13.66
2,480.00,119,866.26,314.65,22.26
2,480.00,120,830.96,60.31,15.72
2,480.00,121,228.64,633.39,0.00
2,480.00,122,237.21,801.97,14.80
2,480.00,123,212.43,381.19,7.92
2,480.00,124,67.99,402.54,5.88
2,480.00,125,816.35,664.43,7.74
2,480.00,126,563.85,438.52,14.82
2,480.00,127,630.18,142.62,5.74
2,480.00,128,304.22,685.83,8.82
2,480.00,129,979.89,207.18,0.00
2,480.00,130,846.15,93.36,7.95
2,480.00,131,322.74,800.17,12.22
2,480.00,132,907.81,986.87,0.00
2,480.00,133,980.74,533.31,6.23
2,480.00,134,395.05,855.04,0.00
2,480.00,135,305.27,170.93,24.29
2,480.00,136,320.12,612.49,11.94
2,480.00,137,559.37,351.16,12.15
2,480.00,138,195.88,502.74,6.79
2,480.00,139,607.53,216.68,8.00
2,480.00,140,901.63,857.28,0.00
2,480.00,141,739.73,639.46,9.83
2,480.00,142,284.44,298.67,15.28
2,480.00,143,576.53,237.37,21.89
2,480.00,144,714.07,754.35,19.60
2,480.00,145,559.95,363.14,5.87
2,480.00,146,679.23,695.41,10.85
2,480.00,147,804.91,437.55,7.05
2,480.00,148,798.12,797.24,7.74
2,480.00,149,429.79,225.25,17.19
2,490.00,0,895.27,591.61,11.92
2,490.00,1,613.98,665.69,19.56
2,490.00,2,266.70,71.97,22.49
2,490.00,3,635.95,68.37,14.81
2,490.00,4,345.47,141.68,9.15
2,490.00,5,44.33,118.15,12.97
2,490.00,6,263.78,503.60,6.85
2,490.00,7,473.80,802.09,5.33
2,490.00,8,110.90,480.43,23.43
2,490.00,9,672.28,155.31,12.39
2,490.00,10,996.56,317.21,0.00
2,490.00,11,814.87,420.51,15.03
2,490.00,12,31.30,617.83,0.00
2,490.00,13,612.83,807.64,9.83
2,490.00,14,846.18,819.48,8.26
2,490.00,15,714.58,755.94,16.53
2,490.00,16,203.60,482.65,0.00
2,490.00,17,397.97,115.55,18.06
2,490.00,18,595.03,872.42,0.00
2,490.00,19,472.73,540.41,12.94
2,490.00,20,233.64,476.23,12.35
2,490.00,21,679.97,355.88,9.05
2,490.00,22,313.04,589.48,5.09
2,490.00,23,114.72,333.55,10.56
2,490.00,24,667.81,359.40,19.96
2,490.00,25,242.12,197.08,16.72
2,490.00,26,511.01,523.41,19.09
2,490.00,27,244.64,623.48,19.87
2,490.00,28,293.19,673.13,13.17
2,490.00,29,580.35,58.26,19.68
2,490.00,30,468.78,819.38,6.05
2,490.00,31,396.83,200.41,8.71
2,490.00,32,919.10,631.02,22.59
2,490.00,33,594.42,43.28,9.47
2,490.00,34,138.72,447.35,12.50
2,490.00,35,794.12,347.05,17.70
2,490.00,36,739.48,220.37,0.00
2,490.00,37,222.23,88.86,0.00
2,490.00,38,100.99,331.03,24.75
2,490.00,39,537.94,583.38,17.16
2,490.00,40,263.22,615.68,7.66
2,490.00,41,430.26,839.57,23.58
2,490.00,42,117.54,494.44,8.16
2,490.00,43,394.99,132.86,0.00
2,490.00,44,485.73,524.16,0.00
2,490.00,45,520.67,411.38,5.33
2,490.00,46,751.46,305.29,8.96
2,490.00,47,715.81,771.72,6.13
2,490.00,48,418.39,686.22,0.00
2,490.00,49,332.23,319.48,8.81
2,490.00,50,625.64,235.73,5.56
2,490.00,51,587.32,878.47,7.82
2,490.00,52,605.22,540.71,12.90
2,490.00,53,120.75,222.48,5.91
2,490.00,54,834.12,951.32,11.00
2,490.00,55,199.51,512.24,13.45
2,490.00,56,306.62,408.34,7.26
2,490.00,57,601.57,483.08,5.06
2,490.00,58,831.09,339.95,15.61
2,490.00,59,117.59,563.63,16.08
2,490.00,60,806.77,972.99,0.00
2,490.00,61,383.17,337.15,0.00
2,490.00,62,366.44,961.36,23.46
2,490.00,63,799.86,551.64,13.53
2,490.00,64,914.53,624.89,0.00
2,490.00,65,378.79,598.89,5.43
2,490.00,66,588.61,332.18,10.86
2,490.00,67,371.26,77.98,14.21
2,490.00,68,553.13,944.75,17.50
2,490.00,69,141.23,287.37,17.10
2,490.00,70,269.89,644.38,12.25
2,490.00,71,800.17,185.09,9.55
2,490.00,72,420.72,539.45,12.22
2,490.00,73,288.29,168.47,17.82
2,490.00,74,716.16,729.24,8.19
2,490.00,75,254.94,244.85,5.12
2,490.00,76,657.92,486.63,7.44
2,490.00,77,681.56,469.37,9.26
2,490.00,78,847.14,901.72,12.13
2,490.00,79,104.24,75.75,19.87
2,490.00,80,580.81,519.21,13.54
2,490.00,81,127.01,648.93,18.92
2,490.00,82,772.29,603.48,21.09
2,490.00,83,292.35,767.31,0.00
2,490.00,84,264.62,615.60,10.75
2,490.00,85,899.95,538.07,6.92
2,490.00,86,626.13,538.59,9.97
2,490.00,87,741.74,436.61,7.66
2,490.00,88,267.97,384.85,23.99
2,490.00,89,30.05,908.90,5.69
2,490.00,90,908.64,856.37,6.64
2,490.00,91,778.59,756.60,10.69
2,490.00,92,492.58,129.18,18.76
2,490.00,93,67.77,62.98,16.80
2,490.00,94,744.54,695.75,8.34
2,490.00,95,509.96,663.28,0.00
2,490.00,96,558.86,425.94,6.88
2,490.00,97,402.04,701.24,20.88
2,490.00,98,558.63,740.54,6.42
2,490.00,99,386.62,744.29,9.49
2,490.00,100,733.60,915.43,5.81
2,490.00,101,206.74,881.90,5.49
2,490.00,102,348.28,785.99,18.80
2,490.00,103,430.37,772.33,16.53
2,490.00,104,581.55,494.42,0.00
2,490.00,105,615.53,553.83,0.00
2,490.00,106,424.71,346.18,5.23
2,490.00,107,195.75,79.42,0.00
2,490.00,108,35.42,483.07,6.17
2,490.00,109,542.15,706.66,12.09
2,490.00,110,849.98,434.74,19.45
2,490.00,111,757.09,394.73,5.35
2,490.00,112,713.00,696.85,12.30
2,490.00,113,828.33,210.37,19.51
2,490.00,114,150.12,988.18,0.00
2,490.00,115,494.28,647.41,12.88
2,490.00,116,549.79,346.60,24.41
2,490.00,117,684.46,296.98,12.62
2,490.00,118,354.90,223.11,0.00
2,490.00,119,733.04,492.96,22.26
2,490.00,120,679.21,101.20,15.72
2,490.00,121,327.81,659.40,15.81
2,490.00,122,297.60,666.90,14.80
2,490.00,123,140.71,347.50,7.92
2,490.00,124,69.49,343.75,5.88
2,490.00,125,790.37,591.55,7.74
2,490.00,126,417.88,413.00,14.82
2,490.00,127,660.45,191.36,5.74
2,490.00,128,283.23,771.50,8.82
2,490.00,129,882.12,268.99,17.07
2,490.00,130,776.39,131.42,7.95
2,490.00,131,401.21,706.48,12.22
2,490.00,132,925.59,962.64,5.83
2,490.00,133,995.39,543.60,0.00
2,490.00,134,380.26,764.52,22.90
2,490.00,135,375.95,403.36,24.29
2,490.00,136,231.16,692.07,11.94
2,490.00,137,452.94,409.76,12.15
2,490.00,138,215.66,437.76,6.79
2,490.00,139,551.47,273.82,8.00
2,490.00,140,890.82,827.12,9.46
2,490.00,141,757.15,691.88,0.00
2,490.00,142,421.42,231.03,15.28
2,490.00,143,720.32,144.58,0.00
2,490.00,144,582.71,608.95,19.60
2,490.00,145,514.04,399.66,5.87
2,490.00,146,775.42,745.63,10.85
2,490.00,147,869.97,464.64,7.05
2,490.00,148,875.48,799.00,7.74
2,490.00,149,364.02,159.23,0.00
2,500.00,0,924.53,476.01,11.92
2,500.00,1,732.44,510.08,19.56
2,500.00,2,47.56,21.61,22.49
2,500.00,3,698.82,64.36,0.00
2,500.00,4,327.26,231.40,9.15
2,500.00,5,38.37,76.48,0.00
2,500.00,6,331.62,513.30,6.85
2,500.00,7,420.99,809.10,5.33
2,500.00,8,180.03,256.53,23.43
2,500.00,9,734.00,102.13,0.00
2,500.00,10,973.97,339.81,22.73
2,500.00,11,800.74,570.17,15.03
2,500.00,12,80.10,647.91,10.97
2,500.00,13,568.45,719.99,9.83
2,500.00,14,906.25,837.67,0.00
2,500.00,15,770.77,600.46,16.53
2,500.00,16,224.87,485.34,13.14
2,500.00,17,388.55,13.48,0.00
2,500.00,18,592.99,842.71,11.87
2,500.00,19,590.05,595.02,12.94
2,500.00,20,352.13,511.10,12.35
2,500.00,21,739.42,424.11,9.05
2,500.00,22,325.19,540.09,5.09
2,500.00,23,220.24,330.86,10.56
2,500.00,24,837.98,463.68,19.96
2,500.00,25,183.26,191.52,0.00
2,500.00,26,439.22,607.51,0.00
2,500.00,27,402.57,502.88,19.87
2,500.00,28,278.84,804.00,13.17
2,500.00,29,383.60,53.86,19.68
2,500.00,30,474.41,784.92,0.00
2,500.00,31,481.79,181.24,8.71
2,500.00,32,943.00,630.29,0.00
2,500.00,33,601.51,26.20,0.00
2,500.00,34,134.58,322.46,12.50
2,500.00,35,723.75,184.66,17.70
2,500.00,36,689.95,212.08,8.48
2,500.00,37,312.11,123.45,14.85
2,500.00,38,313.01,458.70,24.75
2,500.00,39,672.32,690.06,17.16
2,500.00,40,221.82,551.28,7.66
2,500.00,41,378.88,995.15,0.00
2,500.00,42,74.37,513.43,0.00
2,500.00,43,449.86,104.10,8.57
2,500.00,44,491.11,521.13,10.74
2,500.00,45,530.05,401.27,0.00
2,500.00,46,787.48,387.28,8.96
2,500.00,47,754.46,758.04,0.00
2,500.00,48,310.48,824.41,18.49
2,500.00,49,319.00,287.58,0.00
2,500.00,50,571.37,247.63,5.56
2,500.00,51,665.32,884.56,7.82
2,500.00,52,574.78,666.08,12.90
2,500.00,53,132.05,164.47,5.91
2,500.00,54,724.90,938.08,11.00
2,500.00,55,230.20,643.17,13.45
2,500.00,56,274.19,404.24,0.00
2,500.00,57,579.60,437.50,5.06
2,500.00,58,962.13,379.52,0.00
2,500.00,59,277.70,548.69,16.08
2,500.00,60,801.06,915.61,6.23
2,500.00,61,341.32,420.26,14.57
2,500.00,62,600.89,969.44,23.46
2,500.00,63,665.56,567.70,13.53
2,500.00,64,915.62,601.07,19.12
2,500.00,65,381.13,649.37,0.00
2,500.00,66,498.20,392.43,10.86
2,500.00,67,344.04,217.46,14.21
2,500.00,68,378.74,929.90,17.50
2,500.00,69,217.43,440.40,17.10
2,500.00,70,222.10,696.74,0.00
2,500.00,71,861.89,112.23,9.55
2,500.00,72,299.21,551.94,12.22
2,500.00,73,124.33,98.65,17.82
2,500.00,74,652.14,678.17,8.19
2,500.00,75,294.38,277.47,5.12
2,500.00,76,639.70,414.46,7.44
2,500.00,77,760.60,421.21,9.26
2,500.00,78,727.75,880.18,12.13
2,500.00,79,87.10,30.63,0.00
2,500.00,80,474.06,436.00,13.54
2,500.00,81,238.64,801.64,18.92
2,500.00,82,855.33,409.62,21.09
2,500.00,83,331.35,773.88,7.88
2,500.00,84,351.03,551.72,10.75
2,500.00,85,898.87,468.93,6.92
2,500.00,86,684.85,457.99,9.97
2,500.00,87,744.17,513.13,7.66
2,500.00,88,505.77,416.40,23.99
2,500.00,89,75.16,874.19,5.69
2,500.00,90,931.14,879.37,0.00
2,500.00,91,828.67,784.39,0.00
2,500.00,92,451.55,312.24,18.76
2,500.00,93,55.16,52.29,0.00
2,500.00,94,809.31,748.28,8.34
2,500.00,95,527.10,646.14,9.83
2,500.00,96,623.92,403.70,6.88
2,500.00,97,230.81,581.82,20.88
2,500.00,98,618.34,764.16,6.42
2,500.00,99,394.93,649.75,9.49
2,500.00,100,742.05,972.88,5.81
2,500.00,101,244.12,841.65,5.49
2,500.00,102,536.10,777.53,18.80
2,500.00,103,346.59,629.79,16.53
2,500.00,104,764.18,418.52,20.90
2,500.00,105,522.86,592.00,16.49
2,500.00,106,453.62,389.76,5.23
2,500.00,107,236.20,148.59,0.00
2,500.00,108,8.48,519.35,0.00
2,500.00,109,648.33,648.85,12.09
2,500.00,110,711.26,298.44,19.45
2,500.00,111,720.65,433.95,5.35
2,500.00,112,693.58,818.31,12.30
2,500.00,113,725.02,375.87,19.51
2,500.00,114,151.12,984.90,13.00
2,500.00,115,374.39,694.37,12.88
2,500.00,116,349.12,207.53,24.41
2,500.00,117,726.72,415.93,12.62
2,500.00,118,359.11,227.89,9.61
2,500.00,119,599.82,671.27,22.26
2,500.00,120,527.46,142.09,15.72
2,500.00,121,480.73,699.51,15.81
2,500.00,122,357.99,531.82,14.80
2,500.00,123,68.99,313.81,7.92
2,500.00,124,69.88,328.49,0.00
2,500.00,125,764.39,518.67,7.74
2,500.00,126,271.90,387.49,14.82
2,500.00,127,690.72,240.09,5.74
2,500.00,128,262.25,857.17,8.82
2,500.00,129,737.86,360.19,17.07
2,500.00,130,706.63,169.48,7.95
2,500.00,131,479.68,612.78,12.22
2,500.00,132,951.84,926.87,0.00
2,500.00,133,950.43,521.73,7.02
2,500.00,134,343.35,538.50,22.90
2,500.00,135,446.63,635.80,24.29
2,500.00,136,142.20,771.65,11.94
2,500.00,137,390.57,444.10,0.00
2,500.00,138,235.45,372.78,6.79
2,500.00,139,495.41,330.96,8.00
2,500.00,140,858.93,738.09,9.46
2,500.00,141,724.77,684.86,7.57
2,500.00,142,558.41,163.38,15.28
2,500.00,143,692.26,165.51,16.03
2,500.00,144,451.35,463.55,19.60
2,500.00,145,468.12,436.19,5.87
2,500.00,146,793.28,754.95,0.00
2,500.00,147,910.07,481.34,0.00
2,500.00,148,889.07,799.31,0.00
2,500.00,149,432.11,152.81,14.94
