run,time,node_id,x,y,speed
1,0.00,0,389.63,402.33,0.00
1,0.00,1,296.83,120.89,0.00
1,0.00,2,136.79,804.81,0.00
1,0.00,3,824.83,348.13,0.00
1,0.00,4,89.69,970.62,0.00
1,0.00,5,110.31,417.88,0.00
1,0.00,6,554.37,141.70,0.00
1,0.00,7,686.29,984.46,0.00
1,0.00,8,321.28,914.53,0.00
1,0.00,9,503.29,801.51,0.00
1,0.00,10,660.79,619.12,0.00
1,0.00,11,724.58,56.88,0.00
1,0.00,12,636.04,484.67,0.00
1,0.00,13,915.59,487.57,0.00
1,0.00,14,279.46,715.07,0.00
1,0.00,15,672.96,657.27,0.00
1,0.00,16,114.19,854.42,0.00
1,0.00,17,622.17,407.39,0.00
1,0.00,18,673.17,228.25,0.00
1,0.00,19,74.20,299.73,0.00
1,0.00,20,813.54,192.31,0.00
1,0.00,21,936.02,265.84,0.00
1,0.00,22,704.33,497.26,0.00
1,0.00,23,948.23,588.11,0.00
1,0.00,24,537.32,641.50,0.00
1,0.00,25,27.53,880.95,0.00
1,0.00,26,578.16,355.26,0.00
1,0.00,27,485.92,861.07,0.00
1,0.00,28,812.17,813.71,0.00
1,0.00,29,934.51,459.85,0.00
1,0.00,30,476.82,239.80,0.00
1,0.00,31,252.71,224.06,0.00
1,0.00,32,282.54,960.85,0.00
1,0.00,33,362.01,392.23,0.00
1,0.00,34,81.56,422.21,0.00
1,0.00,35,226.16,988.90,0.00
1,0.00,36,19.09,351.64,0.00
1,0.00,37,990.98,257.18,0.00
1,0.00,38,612.04,444.53,0.00
1,0.00,39,352.78,360.04,0.00
1,0.00,40,748.31,597.63,0.00
1,0.00,41,847.92,949.39,0.00
1,0.00,42,90.22,866.76,0.00
1,0.00,43,377.33,9.72,0.00
1,0.00,44,586.67,428.39,0.00
1,0.00,45,3.85,152.04,0.00
1,0.00,46,416.21,551.45,0.00
1,0.00,47,90.46,994.59,0.00
1,0.00,48,65.65,283.95,0.00
1,0.00,49,950.85,874.35,0.00
1,0.00,50,856.88,253.67,0.00
1,0.00,51,935.99,414.61,0.00
1,0.00,52,397.23,419.62,0.00
1,0.00,53,898.54,962.76,0.00
1,0.00,54,560.79,703.32,0.00
1,0.00,55,466.37,633.56,0.00
1,0.00,56,429.65,108.56,0.00
1,0.00,57,394.66,718.95,0.00
1,0.00,58,965.22,29.46,0.00
1,0.00,59,201.18,718.68,0.00
1,0.00,60,61.41,539.48,0.00
1,0.00,61,856.92,573.59,0.00
1,0.00,62,727.80,842.99,0.00
1,0.00,63,83.57,754.43,0.00
1,0.00,64,844.00,22.78,0.00
1,0.00,65,660.48,298.65,0.00
1,0.00,66,299.10,181.06,0.00
1,0.00,67,42.72,360.77,0.00
1,0.00,68,721.80,441.56,0.00
1,0.00,69,844.61,730.39,0.00
1,0.00,70,841.03,107.42,0.00
1,0.00,71,529.81,949.88,0.00
1,0.00,72,827.82,762.83,0.00
1,0.00,73,708.32,194.35,0.00
1,0.00,74,150.56,617.00,0.00
1,0.00,75,488.83,317.25,0.00
1,0.00,76,435.89,859.16,0.00
1,0.00,77,869.09,25.14,0.00
1,0.00,78,833.42,398.21,0.00
1,0.00,79,555.08,781.81,0.00
1,0.00,80,723.45,759.59,0.00
1,0.00,81,143.32,268.21,0.00
1,0.00,82,857.30,305.29,0.00
1,0.00,83,287.77,402.57,0.00
1,0.00,84,863.51,177.56,0.00
1,0.00,85,152.06,119.54,0.00
1,0.00,86,581.12,188.48,0.00
1,0.00,87,475.75,302.32,0.00
1,0.00,88,68.10,515.96,0.00
1,0.00,89,588.16,358.23,0.00
1,0.00,90,118.37,874.31,0.00
1,0.00,91,578.21,137.85,0.00
1,0.00,92,246.27,870.63,0.00
1,0.00,93,216.04,551.50,0.00
1,0.00,94,684.73,259.25,0.00
1,0.00,95,864.55,852.70,0.00
1,0.00,96,536.77,787.45,0.00
1,0.00,97,468.22,562.20,0.00
1,0.00,98,465.77,0.57,0.00
1,0.00,99,451.16,787.01,0.00
1,0.00,100,71.05,429.77,0.00
1,0.00,101,622.81,377.77,0.00
1,0.00,102,66.28,614.13,0.00
1,0.00,103,9.65,779.01,0.00
1,0.00,104,943.00,240.74,0.00
1,0.00,105,582.12,826.58,0.00
1,0.00,106,112.12,794.98,0.00
1,0.00,107,763.70,101.61,0.00
1,0.00,108,207.38,478.99,0.00
1,0.00,109,478.13,959.37,0.00
1,0.00,110,588.36,122.84,0.00
1,0.00,111,144.05,764.87,0.00
1,0.00,112,84.72,586.08,0.00
1,0.00,113,415.90,524.21,0.00
1,0.00,114,430.81,767.82,0.00
1,0.00,115,391.88,13.09,0.00
1,0.00,116,998.85,37.96,0.00
1,0.00,117,825.20,453.20,0.00
1,0.00,118,543.93,540.90,0.00
1,0.00,119,209.82,245.59,0.00
1,0.00,120,748.81,697.54,0.00
1,0.00,121,178.45,20.86,0.00
1,0.00,122,351.24,176.61,0.00
1,0.00,123,655.20,572.84,0.00
1,0.00,124,792.03,669.26,0.00
1,0.00,125,414.37,436.61,0.00
1,0.00,126,646.36,727.77,0.00
1,0.00,127,735.99,224.37,0.00
1,0.00,128,170.69,619.66,0.00
1,0.00,129,352.86,637.31,0.00
1,0.00,130,705.23,91.68,0.00
1,0.00,131,3.29,654.49,0.00
1,0.00,132,331.77,634.05,0.00
1,0.00,133,324.06,401.58,0.00
1,0.00,134,887.29,25.22,0.00
1,0.00,135,515.64,997.15,0.00
1,0.00,136,917.32,172.48,0.00
1,0.00,137,568.18,114.58,0.00
1,0.00,138,510.03,541.28,0.00
1,0.00,139,274.63,836.07,0.00
1,0.00,140,571.58,713.68,0.00
1,0.00,141,130.98,634.04,0.00
1,0.00,142,691.73,867.77,0.00
1,0.00,143,808.95,582.46,0.00
1,0.00,144,876.37,247.06,0.00
1,0.00,145,562.44,554.16,0.00
1,0.00,146,692.93,803.25,0.00
1,0.00,147,461.45,181.77,0.00
1,0.00,148,747.98,592.47,0.00
1,0.00,149,52.88,678.22,0.00
1,10.00,0,389.63,402.33,9.84
1,10.00,1,296.83,120.89,12.46
1,10.00,2,136.79,804.81,6.43
1,10.00,3,824.83,348.13,24.31
1,10.00,4,89.69,970.62,24.03
1,10.00,5,110.31,417.88,18.59
1,10.00,6,554.37,141.70,7.64
1,10.00,7,686.29,984.46,24.14
1,10.00,8,321.28,914.53,11.78
1,10.00,9,503.29,801.51,19.18
1,10.00,10,660.79,619.12,12.24
1,10.00,11,724.58,56.88,17.90
1,10.00,12,636.04,484.67,9.56
1,10.00,13,915.59,487.57,10.27
1,10.00,14,279.46,715.07,9.59
1,10.00,15,672.96,657.27,13.97
1,10.00,16,114.19,854.42,14.99
1,10.00,17,622.17,407.39,22.09
1,10.00,18,673.17,228.25,9.19
1,10.00,19,74.20,299.73,9.98
1,10.00,20,813.54,192.31,13.79
1,10.00,21,936.02,265.84,8.20
1,10.00,22,704.33,497.26,7.54
1,10.00,23,948.23,588.11,21.42
1,10.00,24,537.32,641.50,11.38
1,10.00,25,27.53,880.95,20.59
1,10.00,26,578.16,355.26,17.04
1,10.00,27,485.92,861.07,18.47
1,10.00,28,812.17,813.71,5.42
1,10.00,29,934.51,459.85,20.41
1,10.00,30,476.82,239.80,8.79
1,10.00,31,252.71,224.06,6.11
1,10.00,32,282.54,960.85,13.71
1,10.00,33,362.01,392.23,6.69
1,10.00,34,81.56,422.21,13.93
1,10.00,35,226.16,988.90,7.38
1,10.00,36,19.09,351.64,5.58
1,10.00,37,990.98,257.18,22.90
1,10.00,38,612.04,444.53,11.68
1,10.00,39,352.78,360.04,16.69
1,10.00,40,748.31,597.63,5.75
1,10.00,41,847.92,949.39,22.71
1,10.00,42,90.22,866.76,13.62
1,10.00,43,377.33,9.72,24.12
1,10.00,44,586.67,428.39,20.01
1,10.00,45,3.85,152.04,22.61
1,10.00,46,416.21,551.45,14.88
1,10.00,47,90.46,994.59,22.28
1,10.00,48,65.65,283.95,19.77
1,10.00,49,950.85,874.35,11.70
1,10.00,50,856.88,253.67,22.94
1,10.00,51,935.99,414.61,17.30
1,10.00,52,397.23,419.62,15.45
1,10.00,53,898.54,962.76,17.09
1,10.00,54,560.79,703.32,12.42
1,10.00,55,466.37,633.56,20.41
1,10.00,56,429.65,108.56,8.41
1,10.00,57,394.66,718.95,11.29
1,10.00,58,965.22,29.46,16.85
1,10.00,59,201.18,718.68,8.04
1,10.00,60,61.41,539.48,24.14
1,10.00,61,856.92,573.59,8.85
1,10.00,62,727.80,842.99,6.18
1,10.00,63,83.57,754.43,16.53
1,10.00,64,844.00,22.78,5.50
1,10.00,65,660.48,298.65,24.34
1,10.00,66,299.10,181.06,22.57
1,10.00,67,42.72,360.77,19.24
1,10.00,68,721.80,441.56,10.94
1,10.00,69,844.61,730.39,24.78
1,10.00,70,841.03,107.42,17.14
1,10.00,71,529.81,949.88,23.93
1,10.00,72,827.82,762.83,5.17
1,10.00,73,708.32,194.35,8.08
1,10.00,74,150.56,617.00,9.12
1,10.00,75,488.83,317.25,9.74
1,10.00,76,435.89,859.16,18.00
1,10.00,77,869.09,25.14,21.19
1,10.00,78,833.42,398.21,9.67
1,10.00,79,555.08,781.81,14.53
1,10.00,80,723.45,759.59,8.82
1,10.00,81,143.32,268.21,13.26
1,10.00,82,857.30,305.29,6.05
1,10.00,83,287.77,402.57,5.28
1,10.00,84,863.51,177.56,5.50
1,10.00,85,152.06,119.54,10.46
1,10.00,86,581.12,188.48,10.86
1,10.00,87,475.75,302.32,13.87
1,10.00,88,68.10,515.96,5.06
1,10.00,89,588.16,358.23,18.81
1,10.00,90,118.37,874.31,23.17
1,10.00,91,578.21,137.85,10.40
1,10.00,92,246.27,870.63,9.75
1,10.00,93,216.04,551.50,14.82
1,10.00,94,684.73,259.25,13.88
1,10.00,95,864.55,852.70,20.93
1,10.00,96,536.77,787.45,13.05
1,10.00,97,468.22,562.20,10.47
1,10.00,98,465.77,0.57,20.69
1,10.00,99,451.16,787.01,12.05
1,10.00,100,71.05,429.77,22.47
1,10.00,101,622.81,377.77,12.36
1,10.00,102,66.28,614.13,5.40
1,10.00,103,9.65,779.01,9.88
1,10.00,104,943.00,240.74,18.15
1,10.00,105,582.12,826.58,12.61
1,10.00,106,112.12,794.98,6.71
1,10.00,107,763.70,101.61,7.96
1,10.00,108,207.38,478.99,5.23
1,10.00,109,478.13,959.37,8.40
1,10.00,110,588.36,122.84,16.92
1,10.00,111,144.05,764.87,15.23
1,10.00,112,84.72,586.08,13.31
1,10.00,113,415.90,524.21,23.34
1,10.00,114,430.81,767.82,18.90
1,10.00,115,391.88,13.09,24.07
1,10.00,116,998.85,37.96,15.96
1,10.00,117,825.20,453.20,17.05
1,10.00,118,543.93,540.90,12.48
1,10.00,119,209.82,245.59,21.15
1,10.00,120,748.81,697.54,5.54
1,10.00,121,178.45,20.86,8.88
1,10.00,122,351.24,176.61,10.78
1,10.00,123,655.20,572.84,16.22
1,10.00,124,792.03,669.26,6.37
1,10.00,125,414.37,436.61,7.46
1,10.00,126,646.36,727.77,14.79
1,10.00,127,735.99,224.37,15.67
1,10.00,128,170.69,619.66,13.70
1,10.00,129,352.86,637.31,10.97
1,10.00,130,705.23,91.68,13.05
1,10.00,131,3.29,654.49,11.74
1,10.00,132,331.77,634.05,13.58
1,10.00,133,324.06,401.58,11.00
1,10.00,134,887.29,25.22,8.69
1,10.00,135,515.64,997.15,5.74
1,10.00,136,917.32,172.48,19.43
1,10.00,137,568.18,114.58,8.93
1,10.00,138,510.03,541.28,19.27
1,10.00,139,274.63,836.07,8.09
1,10.00,140,571.58,713.68,23.30
1,10.00,141,130.98,634.04,6.86
1,10.00,142,691.73,867.77,5.64
1,10.00,143,808.95,582.46,20.01
1,10.00,144,876.37,247.06,16.92
1,10.00,145,562.44,554.16,15.35
1,10.00,146,692.93,803.25,14.43
1,10.00,147,461.45,181.77,15.63
1,10.00,148,747.98,592.47,21.49
1,10.00,149,52.88,678.22,19.54
1,20.00,0,347.38,416.61,0.00
1,20.00,1,328.74,241.35,12.46
1,20.00,2,119.09,743.01,6.43
1,20.00,3,950.22,262.69,0.00
1,20.00,4,157.49,740.12,24.03
1,20.00,5,272.61,327.21,18.59
1,20.00,6,580.54,213.49,7.64
1,20.00,7,666.16,743.86,24.14
1,20.00,8,424.77,868.43,0.00
1,20.00,9,524.67,897.80,0.00
1,20.00,10,552.61,676.43,12.24
1,20.00,11,728.85,235.78,17.90
1,20.00,12,684.44,402.20,9.56
1,20.00,13,826.22,437.06,10.27
1,20.00,14,351.83,652.14,9.59
1,20.00,15,648.31,519.77,13.97
1,20.00,16,220.69,748.91,14.99
1,20.00,17,405.99,361.91,22.09
1,20.00,18,671.80,168.73,0.00
1,20.00,19,147.62,367.31,9.98
1,20.00,20,704.53,276.82,13.79
1,20.00,21,899.21,339.10,8.20
1,20.00,22,634.30,525.12,7.54
1,20.00,23,972.60,375.30,21.42
1,20.00,24,424.07,630.67,11.38
1,20.00,25,214.33,794.46,20.59
1,20.00,26,442.69,251.82,17.04
1,20.00,27,415.24,690.48,18.47
1,20.00,28,790.26,764.18,5.42
1,20.00,29,834.27,637.62,20.41
1,20.00,30,530.75,309.27,8.79
1,20.00,31,310.77,243.07,6.11
1,20.00,32,409.10,908.21,13.71
1,20.00,33,421.31,423.15,6.69
1,20.00,34,207.76,363.21,13.93
1,20.00,35,222.26,915.16,7.38
1,20.00,36,67.89,378.66,5.58
1,20.00,37,846.12,434.56,22.90
1,20.00,38,723.31,480.13,11.68
1,20.00,39,451.04,494.89,16.69
1,20.00,40,704.05,560.85,5.75
1,20.00,41,650.21,837.60,22.71
1,20.00,42,112.46,732.43,13.62
1,20.00,43,523.64,201.46,24.12
1,20.00,44,408.58,519.63,20.01
1,20.00,45,92.12,360.21,22.61
1,20.00,46,542.23,472.29,14.88
1,20.00,47,312.23,973.07,22.28
1,20.00,48,255.11,340.57,19.77
1,20.00,49,916.23,762.62,11.70
1,20.00,50,630.49,216.42,22.94
1,20.00,51,908.36,546.80,0.00
1,20.00,52,551.61,425.24,15.45
1,20.00,53,771.24,848.69,17.09
1,20.00,54,489.13,601.91,12.42
1,20.00,55,601.06,786.86,20.41
1,20.00,56,405.67,189.12,8.41
1,20.00,57,495.80,668.85,11.29
1,20.00,58,797.43,44.47,16.85
1,20.00,59,232.31,644.53,8.04
1,20.00,60,277.85,646.40,24.14
1,20.00,61,791.90,633.56,8.85
1,20.00,62,696.06,789.98,6.18
1,20.00,63,235.68,819.26,16.53
1,20.00,64,828.06,75.38,5.50
1,20.00,65,565.89,199.94,0.00
1,20.00,66,105.16,296.54,22.57
1,20.00,67,227.97,308.99,19.24
1,20.00,68,623.67,393.11,10.94
1,20.00,69,833.23,482.85,24.78
1,20.00,70,687.32,183.26,17.14
1,20.00,71,489.78,713.91,23.93
1,20.00,72,875.17,783.55,5.17
1,20.00,73,645.50,245.16,8.08
1,20.00,74,156.52,526.03,9.12
1,20.00,75,409.02,261.34,9.74
1,20.00,76,270.29,788.52,18.00
1,20.00,77,858.96,236.83,21.19
1,20.00,78,745.14,437.63,9.67
1,20.00,79,593.96,641.81,14.53
1,20.00,80,699.02,674.87,8.82
1,20.00,81,196.51,146.78,13.26
1,20.00,82,796.93,301.44,6.05
1,20.00,83,254.06,361.94,5.28
1,20.00,84,887.76,128.19,5.50
1,20.00,85,205.86,209.22,10.46
1,20.00,86,642.34,278.15,10.86
1,20.00,87,610.72,270.21,13.87
1,20.00,88,93.69,472.36,5.06
1,20.00,89,586.64,546.36,18.81
1,20.00,90,71.97,994.06,0.00
1,20.00,91,510.34,216.71,10.40
1,20.00,92,326.35,815.00,9.75
1,20.00,93,216.26,687.05,0.00
1,20.00,94,609.71,142.47,13.88
1,20.00,95,924.55,676.57,0.00
1,20.00,96,406.64,777.88,13.05
1,20.00,97,489.46,459.68,10.47
1,20.00,98,401.71,197.26,20.69
1,20.00,99,471.85,668.26,12.05
1,20.00,100,238.87,579.26,22.47
1,20.00,101,686.22,483.87,12.36
1,20.00,102,119.76,621.29,5.40
1,20.00,103,27.97,681.94,9.88
1,20.00,104,802.14,355.12,18.15
1,20.00,105,551.34,704.30,12.61
1,20.00,106,51.23,823.26,6.71
1,20.00,107,811.85,165.02,7.96
1,20.00,108,259.31,472.88,5.23
1,20.00,109,510.81,881.97,8.40
1,20.00,110,710.11,240.38,16.92
1,20.00,111,239.63,646.33,15.23
1,20.00,112,112.06,716.36,13.31
1,20.00,113,649.28,524.45,23.34
1,20.00,114,568.19,637.98,18.90
1,20.00,115,574.70,169.65,24.07
1,20.00,116,891.62,156.22,15.96
1,20.00,117,661.98,502.38,17.05
1,20.00,118,419.12,543.37,12.48
1,20.00,119,417.43,205.28,21.15
1,20.00,120,710.07,657.91,5.54
1,20.00,121,244.39,80.28,8.88
1,20.00,122,453.30,211.41,10.78
1,20.00,123,595.23,422.17,16.22
1,20.00,124,812.70,609.02,6.37
1,20.00,125,478.50,474.80,7.46
1,20.00,126,615.55,583.12,14.79
1,20.00,127,603.45,307.89,15.67
1,20.00,128,232.34,741.98,13.70
1,20.00,129,434.58,710.47,10.97
1,20.00,130,598.87,167.22,13.05
1,20.00,131,116.97,625.22,11.74
1,20.00,132,453.66,693.94,13.58
1,20.00,133,389.03,312.81,11.00
1,20.00,134,817.41,76.88,8.69
1,20.00,135,543.47,946.96,5.74
1,20.00,136,723.10,176.92,19.43
1,20.00,137,543.11,200.32,8.93
1,20.00,138,451.03,357.87,19.27
1,20.00,139,207.59,790.74,8.09
1,20.00,140,342.34,672.21,23.30
1,20.00,141,127.46,702.53,6.86
1,20.00,142,699.72,811.94,5.64
1,20.00,143,623.67,657.94,20.01
1,20.00,144,880.47,416.19,16.92
1,20.00,145,713.22,582.98,15.35
1,20.00,146,739.92,666.87,14.43
1,20.00,147,554.05,307.68,15.63
1,20.00,148,533.09,594.57,21.49
1,20.00,149,203.95,554.27,19.54
1,30.00,0,417.61,497.63,19.61
1,30.00,1,360.64,361.81,12.46
1,30.00,2,101.39,681.21,6.43
1,30.00,3,930.11,264.67,5.37
1,30.00,4,225.29,509.63,24.03
1,30.00,5,434.91,236.55,18.59
1,30.00,6,606.71,285.27,7.64
1,30.00,7,646.02,503.26,24.14
1,30.00,8,426.48,861.46,18.76
1,30.00,9,532.32,801.83,19.83
1,30.00,10,444.43,733.74,12.24
1,30.00,11,733.12,414.68,17.90
1,30.00,12,732.84,319.73,9.56
1,30.00,13,736.84,386.55,10.27
1,30.00,14,424.21,589.21,9.59
1,30.00,15,623.65,382.26,13.97
1,30.00,16,327.18,643.40,14.99
1,30.00,17,189.81,316.44,22.09
1,30.00,18,693.92,224.93,17.16
1,30.00,19,221.04,434.89,9.98
1,30.00,20,595.51,361.34,13.79
1,30.00,21,862.41,412.35,8.20
1,30.00,22,564.27,552.98,7.54
1,30.00,23,976.60,340.36,0.00
1,30.00,24,310.82,619.83,11.38
1,30.00,25,401.13,707.97,20.59
1,30.00,26,358.81,187.78,0.00
1,30.00,27,344.57,519.88,18.47
1,30.00,28,768.36,714.65,5.42
1,30.00,29,734.03,815.39,20.41
1,30.00,30,584.68,378.73,8.79
1,30.00,31,368.83,262.08,6.11
1,30.00,32,535.65,855.56,13.71
1,30.00,33,480.61,454.08,6.69
1,30.00,34,254.49,341.36,0.00
1,30.00,35,218.36,841.42,7.38
1,30.00,36,116.70,405.68,5.58
1,30.00,37,722.94,585.38,0.00
1,30.00,38,825.70,512.88,0.00
1,30.00,39,523.16,593.88,0.00
1,30.00,40,659.78,524.08,5.75
1,30.00,41,452.50,725.81,22.71
1,30.00,42,134.69,598.10,13.62
1,30.00,43,669.96,393.20,24.12
1,30.00,44,326.16,561.85,0.00
1,30.00,45,149.80,496.24,0.00
1,30.00,46,598.10,437.19,0.00
1,30.00,47,533.99,951.56,22.28
1,30.00,48,444.56,397.19,19.77
1,30.00,49,881.62,650.89,11.70
1,30.00,50,404.11,179.16,22.94
1,30.00,51,882.00,533.72,13.42
1,30.00,52,705.99,430.86,15.45
1,30.00,53,643.93,734.62,17.09
1,30.00,54,417.47,500.50,12.42
1,30.00,55,684.53,881.86,0.00
1,30.00,56,381.69,269.68,8.41
1,30.00,57,596.95,618.75,11.29
1,30.00,58,629.64,59.48,16.85
1,30.00,59,263.44,570.39,8.04
1,30.00,60,494.29,753.31,24.14
1,30.00,61,726.88,693.53,8.85
1,30.00,62,664.32,736.98,6.18
1,30.00,63,387.79,884.09,16.53
1,30.00,64,812.11,127.97,5.50
1,30.00,65,572.86,226.67,6.30
1,30.00,66,77.89,312.78,0.00
1,30.00,67,413.21,257.20,19.24
1,30.00,68,525.54,344.66,10.94
1,30.00,69,821.92,237.08,0.00
1,30.00,70,533.60,259.10,17.14
1,30.00,71,449.74,477.95,23.93
1,30.00,72,922.52,804.26,5.17
1,30.00,73,582.68,295.96,8.08
1,30.00,74,162.47,435.05,9.12
1,30.00,75,329.21,205.43,9.74
1,30.00,76,104.69,717.88,18.00
1,30.00,77,848.84,448.52,21.19
1,30.00,78,656.86,477.05,9.67
1,30.00,79,632.84,501.81,14.53
1,30.00,80,674.58,590.15,8.82
1,30.00,81,241.40,44.32,0.00
1,30.00,82,736.57,297.60,6.05
1,30.00,83,220.36,321.30,5.28
1,30.00,84,891.48,120.61,0.00
1,30.00,85,259.67,298.90,10.46
1,30.00,86,703.57,367.81,10.86
1,30.00,87,733.96,240.88,0.00
1,30.00,88,119.28,428.75,5.06
1,30.00,89,585.13,734.49,18.81
1,30.00,90,99.44,932.35,15.15
1,30.00,91,442.46,295.57,10.40
1,30.00,92,406.42,759.38,9.75
1,30.00,93,213.23,671.28,18.77
1,30.00,94,580.14,96.42,0.00
1,30.00,95,909.09,693.44,20.59
1,30.00,96,276.51,768.31,13.05
1,30.00,97,510.71,357.15,10.47
1,30.00,98,337.66,393.94,20.69
1,30.00,99,492.54,549.51,12.05
1,30.00,100,406.69,728.75,22.47
1,30.00,101,749.63,589.97,12.36
1,30.00,102,173.24,628.45,5.40
1,30.00,103,46.30,584.87,9.88
1,30.00,104,661.28,469.50,18.15
1,30.00,105,520.56,582.01,12.61
1,30.00,106,21.50,837.07,0.00
1,30.00,107,860.00,228.43,7.96
1,30.00,108,311.24,466.77,5.23
1,30.00,109,543.48,804.57,8.40
1,30.00,110,831.85,357.91,16.92
1,30.00,111,335.20,527.79,15.23
1,30.00,112,139.40,846.64,13.31
1,30.00,113,882.65,524.68,23.34
1,30.00,114,705.58,508.14,18.90
1,30.00,115,757.52,326.22,24.07
1,30.00,116,784.40,274.48,15.96
1,30.00,117,498.76,551.56,17.05
1,30.00,118,294.32,545.84,12.48
1,30.00,119,625.04,164.97,21.15
1,30.00,120,671.33,618.28,5.54
1,30.00,121,310.32,139.70,8.88
1,30.00,122,555.36,246.21,10.78
1,30.00,123,535.26,271.50,16.22
1,30.00,124,826.65,568.39,0.00
1,30.00,125,542.63,512.99,7.46
1,30.00,126,584.74,438.47,14.79
1,30.00,127,470.91,391.42,15.67
1,30.00,128,273.43,823.49,0.00
1,30.00,129,516.31,783.63,10.97
1,30.00,130,492.50,242.76,13.05
1,30.00,131,230.64,595.96,11.74
1,30.00,132,575.55,753.84,13.58
1,30.00,133,454.01,224.05,11.00
1,30.00,134,747.54,128.54,8.69
1,30.00,135,571.31,896.76,5.74
1,30.00,136,695.90,177.54,0.00
1,30.00,137,518.03,286.05,8.93
1,30.00,138,400.08,199.53,0.00
1,30.00,139,140.56,745.41,8.09
1,30.00,140,113.09,630.74,23.30
1,30.00,141,123.94,771.02,6.86
1,30.00,142,707.70,756.12,5.64
1,30.00,143,438.38,733.42,20.01
1,30.00,144,884.56,585.33,16.92
1,30.00,145,864.00,611.81,15.35
1,30.00,146,786.92,530.48,14.43
1,30.00,147,646.66,433.59,15.63
1,30.00,148,318.20,596.66,21.49
1,30.00,149,355.03,430.32,19.54
1,40.00,0,546.07,645.82,19.61
1,40.00,1,392.55,482.26,12.46
1,40.00,2,83.70,619.41,6.43
1,40.00,3,876.64,269.91,5.37
1,40.00,4,268.41,363.04,0.00
1,40.00,5,597.21,145.88,18.59
1,40.00,6,632.87,357.05,7.64
1,40.00,7,631.31,327.40,0.00
1,40.00,8,471.16,679.22,18.76
1,40.00,9,548.06,604.20,19.83
1,40.00,10,336.25,791.06,12.24
1,40.00,11,733.31,422.63,0.00
1,40.00,12,781.25,237.27,9.56
1,40.00,13,647.47,336.05,10.27
1,40.00,14,496.58,526.29,9.59
1,40.00,15,598.99,244.75,13.97
1,40.00,16,433.67,537.88,14.99
1,40.00,17,83.86,294.16,0.00
1,40.00,18,756.78,384.63,17.16
1,40.00,19,294.46,502.47,9.98
1,40.00,20,486.49,445.85,13.79
1,40.00,21,825.61,485.61,8.20
1,40.00,22,494.24,580.84,7.54
1,40.00,23,926.58,459.25,15.43
1,40.00,24,215.47,610.71,0.00
1,40.00,25,587.93,621.47,20.59
1,40.00,26,348.33,243.47,14.88
1,40.00,27,273.89,349.29,18.47
1,40.00,28,746.46,665.11,5.42
1,40.00,29,675.52,919.13,0.00
1,40.00,30,638.61,448.20,8.79
1,40.00,31,426.89,281.10,6.11
1,40.00,32,573.93,839.64,0.00
1,40.00,33,539.92,485.00,6.69
1,40.00,34,282.00,381.23,7.69
1,40.00,35,214.46,767.68,7.38
1,40.00,36,165.50,432.69,5.58
1,40.00,37,720.23,571.08,9.72
1,40.00,38,816.97,504.23,15.39
1,40.00,39,505.26,601.72,7.35
1,40.00,40,615.51,487.31,5.75
1,40.00,41,298.61,638.80,0.00
1,40.00,42,156.93,463.77,13.62
1,40.00,43,816.28,584.94,24.12
1,40.00,44,354.67,680.10,22.64
1,40.00,45,189.21,544.68,18.02
1,40.00,46,516.71,464.72,15.43
1,40.00,47,615.60,943.65,0.00
1,40.00,48,634.02,453.81,19.77
1,40.00,49,847.01,539.15,11.70
1,40.00,50,177.72,141.90,22.94
1,40.00,51,761.80,474.07,13.42
1,40.00,52,828.92,435.34,0.00
1,40.00,53,516.63,620.55,17.09
1,40.00,54,345.81,399.09,12.42
1,40.00,55,646.83,875.28,10.07
1,40.00,56,357.70,350.24,8.41
1,40.00,57,698.09,568.65,11.29
1,40.00,58,461.86,74.48,16.85
1,40.00,59,294.57,496.25,8.04
1,40.00,60,710.73,860.23,24.14
1,40.00,61,661.87,753.50,8.85
1,40.00,62,632.58,683.97,6.18
1,40.00,63,491.13,928.13,0.00
1,40.00,64,796.17,180.57,5.50
1,40.00,65,588.76,287.64,6.30
1,40.00,66,179.96,274.96,12.67
1,40.00,67,598.46,205.41,19.24
1,40.00,68,427.41,296.22,10.94
1,40.00,69,820.44,237.22,20.76
1,40.00,70,379.89,334.94,17.14
1,40.00,71,409.71,241.98,23.93
1,40.00,72,930.43,807.72,0.00
1,40.00,73,519.86,346.77,8.08
1,40.00,74,168.43,344.07,9.12
1,40.00,75,249.39,149.53,9.74
1,40.00,76,96.83,714.53,0.00
1,40.00,77,838.71,660.21,21.19
1,40.00,78,568.58,516.47,9.67
1,40.00,79,671.72,361.81,14.53
1,40.00,80,650.14,505.42,8.82
1,40.00,81,260.41,43.37,12.19
1,40.00,82,676.20,293.76,6.05
1,40.00,83,186.65,280.67,5.28
1,40.00,84,834.36,268.03,18.68
1,40.00,85,313.47,388.57,10.46
1,40.00,86,764.79,457.48,10.86
1,40.00,87,736.77,261.37,23.81
1,40.00,88,144.88,385.14,5.06
1,40.00,89,583.62,922.62,18.81
1,40.00,90,161.06,793.92,15.15
1,40.00,91,374.58,374.43,10.40
1,40.00,92,486.50,703.76,9.75
1,40.00,93,177.79,486.94,18.77
1,40.00,94,438.43,140.63,24.51
1,40.00,95,829.79,779.94,0.00
1,40.00,96,221.87,764.29,0.00
1,40.00,97,531.95,254.62,10.47
1,40.00,98,300.48,508.10,0.00
1,40.00,99,512.02,437.73,0.00
1,40.00,100,462.75,778.69,0.00
1,40.00,101,813.04,696.07,12.36
1,40.00,102,226.72,635.62,5.40
1,40.00,103,64.62,487.79,9.88
1,40.00,104,520.42,583.88,18.15
1,40.00,105,489.78,459.73,12.61
1,40.00,106,59.49,788.68,12.02
1,40.00,107,908.15,291.84,7.96
1,40.00,108,363.17,460.66,5.23
1,40.00,109,576.15,727.17,8.40
1,40.00,110,906.30,429.78,0.00
1,40.00,111,430.78,409.24,15.23
1,40.00,112,166.19,974.35,0.00
1,40.00,113,998.07,524.80,0.00
1,40.00,114,842.96,378.30,18.90
1,40.00,115,940.34,482.78,24.07
1,40.00,116,677.17,392.74,15.96
1,40.00,117,417.29,576.11,0.00
1,40.00,118,169.51,548.31,12.48
1,40.00,119,832.64,124.66,21.15
1,40.00,120,632.59,578.65,5.54
1,40.00,121,376.25,199.11,8.88
1,40.00,122,657.42,281.01,10.78
1,40.00,123,475.30,120.83,16.22
1,40.00,124,818.92,604.94,11.48
1,40.00,125,606.76,551.17,7.46
1,40.00,126,553.94,293.81,14.79
1,40.00,127,338.37,474.95,15.67
1,40.00,128,241.60,785.34,14.89
1,40.00,129,598.03,856.79,10.97
1,40.00,130,386.13,318.30,13.05
1,40.00,131,344.31,566.69,11.74
1,40.00,132,697.45,813.73,13.58
1,40.00,133,518.98,135.28,11.00
1,40.00,134,677.66,180.19,8.69
1,40.00,135,599.14,846.56,5.74
1,40.00,136,630.11,361.32,22.70
1,40.00,137,492.96,371.79,8.93
1,40.00,138,379.20,212.83,18.11
1,40.00,139,73.52,700.08,8.09
1,40.00,140,30.70,615.83,0.00
1,40.00,141,120.42,839.51,6.86
1,40.00,142,715.68,700.29,5.64
1,40.00,143,253.10,808.89,20.01
1,40.00,144,885.08,606.63,0.00
1,40.00,145,994.48,636.75,0.00
1,40.00,146,833.91,394.10,14.43
1,40.00,147,739.26,559.50,15.63
1,40.00,148,206.49,597.75,0.00
1,40.00,149,506.10,306.37,19.54
1,50.00,0,674.54,794.02,19.61
1,50.00,1,403.11,522.12,0.00
1,50.00,2,66.00,557.61,6.43
1,50.00,3,823.17,275.16,5.37
1,50.00,4,286.88,381.38,7.15
1,50.00,5,636.99,123.66,0.00
1,50.00,6,659.04,428.84,7.64
1,50.00,7,600.97,370.69,19.65
1,50.00,8,515.84,496.98,18.76
1,50.00,9,562.22,426.54,0.00
1,50.00,10,228.07,848.37,12.24
1,50.00,11,773.48,502.52,9.36
1,50.00,12,790.08,222.21,0.00
1,50.00,13,558.09,285.54,10.27
1,50.00,14,568.95,463.36,9.59
1,50.00,15,593.41,213.62,0.00
1,50.00,16,540.16,432.37,14.99
1,50.00,17,118.29,347.84,12.51
1,50.00,18,818.56,541.60,0.00
1,50.00,19,367.89,570.05,9.98
1,50.00,20,377.48,530.36,13.79
1,50.00,21,788.80,558.86,8.20
1,50.00,22,424.21,608.69,7.54
1,50.00,23,866.74,601.49,15.43
1,50.00,24,238.85,630.59,19.43
1,50.00,25,618.73,607.21,0.00
1,50.00,26,320.82,389.68,14.88
1,50.00,27,203.21,178.69,18.47
1,50.00,28,724.55,615.58,5.42
1,50.00,29,628.44,849.90,20.11
1,50.00,30,692.54,517.66,8.79
1,50.00,31,484.95,300.11,6.11
1,50.00,32,533.15,811.57,7.10
1,50.00,33,599.22,515.92,6.69
1,50.00,34,325.67,444.56,7.69
1,50.00,35,210.56,693.94,7.38
1,50.00,36,214.31,459.71,5.58
1,50.00,37,702.11,475.56,9.72
1,50.00,38,707.63,395.88,15.39
1,50.00,39,437.95,631.20,7.35
1,50.00,40,571.25,450.53,5.75
1,50.00,41,306.84,612.37,12.49
1,50.00,42,179.16,329.44,13.62
1,50.00,43,960.77,774.28,0.00
1,50.00,44,407.74,900.23,22.64
1,50.00,45,302.94,684.46,18.02
1,50.00,46,370.51,514.18,15.43
1,50.00,47,556.66,923.72,9.84
1,50.00,48,823.47,510.42,19.77
1,50.00,49,812.39,427.42,11.70
1,50.00,50,41.22,119.43,0.00
1,50.00,51,641.59,414.42,13.42
1,50.00,52,841.22,471.27,18.64
1,50.00,53,390.41,507.45,0.00
1,50.00,54,274.14,297.68,12.42
1,50.00,55,547.68,857.99,10.07
1,50.00,56,333.72,430.80,8.41
1,50.00,57,704.13,565.66,0.00
1,50.00,58,294.07,89.49,16.85
1,50.00,59,325.70,422.10,8.04
1,50.00,60,808.94,908.74,0.00
1,50.00,61,596.85,813.47,8.85
1,50.00,62,600.85,630.96,6.18
1,50.00,63,502.50,902.14,8.85
1,50.00,64,780.23,233.17,5.50
1,50.00,65,604.66,348.62,6.30
1,50.00,66,298.74,230.95,12.67
1,50.00,67,783.71,153.62,19.24
1,50.00,68,329.28,247.77,10.94
1,50.00,69,613.74,256.87,20.76
1,50.00,70,226.18,410.78,17.14
1,50.00,71,405.45,216.87,0.00
1,50.00,72,805.19,675.56,21.86
1,50.00,73,457.04,397.57,8.08
1,50.00,74,174.39,253.10,9.12
1,50.00,75,169.58,93.62,9.74
1,50.00,76,262.07,626.05,19.68
1,50.00,77,834.55,747.19,0.00
1,50.00,78,480.30,555.90,9.67
1,50.00,79,710.59,221.81,14.53
1,50.00,80,625.70,420.70,8.82
1,50.00,81,382.13,37.25,12.19
1,50.00,82,615.84,289.92,6.05
1,50.00,83,159.64,248.11,0.00
1,50.00,84,766.90,442.18,18.68
1,50.00,85,367.28,478.25,10.46
1,50.00,86,826.02,547.14,10.86
1,50.00,87,742.86,305.77,0.00
1,50.00,88,170.47,341.53,5.06
1,50.00,89,583.12,984.19,0.00
1,50.00,90,222.69,655.48,15.15
1,50.00,91,306.71,453.29,10.40
1,50.00,92,566.58,648.13,9.75
1,50.00,93,170.19,447.37,0.00
1,50.00,94,215.36,210.22,0.00
1,50.00,95,778.46,799.55,12.78
1,50.00,96,191.30,761.14,5.30
1,50.00,97,553.19,152.09,10.47
1,50.00,98,338.16,562.49,15.77
1,50.00,99,506.09,436.46,10.33
1,50.00,100,499.12,697.85,13.31
1,50.00,101,820.59,708.70,0.00
1,50.00,102,280.20,642.78,5.40
1,50.00,103,82.94,390.72,9.88
1,50.00,104,379.55,698.26,18.15
1,50.00,105,486.97,448.57,0.00
1,50.00,106,133.72,694.15,12.02
1,50.00,107,956.30,355.26,7.96
1,50.00,108,415.10,454.56,5.23
1,50.00,109,608.83,649.77,8.40
1,50.00,110,871.57,414.61,9.76
1,50.00,111,526.36,290.70,15.23
1,50.00,112,167.79,971.51,16.49
1,50.00,113,944.06,630.67,23.51
1,50.00,114,893.31,330.72,0.00
1,50.00,115,984.43,520.54,0.00
1,50.00,116,569.94,510.99,15.96
1,50.00,117,489.94,597.97,15.15
1,50.00,118,44.70,550.78,12.48
1,50.00,119,916.54,108.37,0.00
1,50.00,120,593.85,539.02,5.54
1,50.00,121,442.18,258.53,8.88
1,50.00,122,759.48,315.81,10.78
1,50.00,123,445.00,44.71,0.00
1,50.00,124,795.17,717.21,11.48
1,50.00,125,670.90,589.36,7.46
1,50.00,126,532.29,192.17,0.00
1,50.00,127,205.83,558.47,15.67
1,50.00,128,155.71,682.40,0.00
1,50.00,129,679.76,929.96,10.97
1,50.00,130,279.77,393.85,13.05
1,50.00,131,457.99,537.43,11.74
1,50.00,132,754.29,841.67,0.00
1,50.00,133,583.95,46.52,11.00
1,50.00,134,607.79,231.85,8.69
1,50.00,135,626.97,796.37,5.74
1,50.00,136,553.59,575.03,22.70
1,50.00,137,467.89,457.53,8.93
1,50.00,138,226.43,310.11,18.11
1,50.00,139,72.01,699.06,0.00
1,50.00,140,177.22,650.45,23.50
1,50.00,141,119.53,856.87,0.00
1,50.00,142,723.67,644.47,5.64
1,50.00,143,67.81,884.37,20.01
1,50.00,144,894.52,572.06,0.00
1,50.00,145,993.04,608.24,21.20
1,50.00,146,880.90,257.71,14.43
1,50.00,147,795.49,635.94,0.00
1,50.00,148,253.41,652.57,15.03
1,50.00,149,657.18,182.41,19.54
1,60.00,0,803.00,942.21,19.61
1,60.00,1,522.43,517.02,17.85
1,60.00,2,48.30,495.81,6.43
1,60.00,3,769.70,280.41,5.37
1,60.00,4,337.62,431.79,7.15
1,60.00,5,553.08,140.70,11.34
1,60.00,6,685.21,500.62,7.64
1,60.00,7,488.23,531.58,19.65
1,60.00,8,560.52,314.74,18.76
1,60.00,9,556.87,421.26,7.44
1,60.00,10,119.89,905.69,12.24
1,60.00,11,815.53,586.12,9.36
1,60.00,12,714.36,205.92,9.48
1,60.00,13,501.64,253.63,0.00
1,60.00,14,641.32,400.44,9.59
1,60.00,15,559.96,281.73,9.81
1,60.00,16,646.65,326.86,14.99
1,60.00,17,185.82,453.11,12.51
1,60.00,18,816.94,540.67,10.92
1,60.00,19,441.31,637.63,9.98
1,60.00,20,268.46,614.88,13.79
1,60.00,21,752.00,632.11,8.20
1,60.00,22,354.18,636.55,7.54
1,60.00,23,806.90,743.73,15.43
1,60.00,24,386.86,756.42,19.43
1,60.00,25,662.21,546.34,8.96
1,60.00,26,293.31,535.88,14.88
1,60.00,27,187.59,140.99,0.00
1,60.00,28,702.65,566.05,5.42
1,60.00,29,515.38,683.62,20.11
1,60.00,30,746.48,587.13,8.79
1,60.00,31,543.02,319.12,6.11
1,60.00,32,474.71,771.35,7.10
1,60.00,33,658.52,546.85,6.69
1,60.00,34,369.35,507.88,7.69
1,60.00,35,206.67,620.19,7.38
1,60.00,36,263.11,486.73,5.58
1,60.00,37,684.00,380.04,9.72
1,60.00,38,598.29,287.53,15.39
1,60.00,39,370.65,660.68,7.35
1,60.00,40,526.98,413.76,5.75
1,60.00,41,343.94,493.14,12.49
1,60.00,42,201.22,196.17,0.00
1,60.00,43,959.20,773.64,13.52
1,60.00,44,412.69,920.79,0.00
1,60.00,45,334.02,722.65,0.00
1,60.00,46,264.98,549.88,0.00
1,60.00,47,463.40,892.20,9.84
1,60.00,48,864.78,522.77,0.00
1,60.00,49,777.78,315.68,11.70
1,60.00,50,76.57,149.94,11.76
1,60.00,51,521.39,354.76,13.42
1,60.00,52,895.28,629.15,0.00
1,60.00,53,390.72,508.48,12.54
1,60.00,54,241.35,251.28,0.00
1,60.00,55,448.52,840.69,10.07
1,60.00,56,309.74,511.36,8.41
1,60.00,57,500.79,524.60,22.06
1,60.00,58,166.59,100.90,0.00
1,60.00,59,356.83,347.96,8.04
1,60.00,60,743.29,835.26,18.04
1,60.00,61,537.49,868.23,0.00
1,60.00,62,569.11,577.96,6.18
1,60.00,63,537.95,821.09,8.85
1,60.00,64,764.28,285.77,5.50
1,60.00,65,620.55,409.59,6.30
1,60.00,66,417.52,186.94,12.67
1,60.00,67,968.96,101.84,19.24
1,60.00,68,231.15,199.32,10.94
1,60.00,69,537.92,264.07,0.00
1,60.00,70,95.91,475.05,0.00
1,60.00,71,378.23,344.44,14.60
1,60.00,72,654.81,516.87,21.86
1,60.00,73,394.22,448.38,8.08
1,60.00,74,180.34,162.12,9.12
1,60.00,75,99.15,44.28,0.00
1,60.00,76,435.55,533.15,19.68
1,60.00,77,779.57,686.55,13.90
1,60.00,78,392.02,595.32,9.67
1,60.00,79,735.17,133.33,0.00
1,60.00,80,601.26,335.98,8.82
1,60.00,81,503.85,31.13,12.19
1,60.00,82,604.74,289.21,0.00
1,60.00,83,199.82,260.86,21.21
1,60.00,84,699.43,616.32,18.68
1,60.00,85,421.08,567.93,10.46
1,60.00,86,887.24,636.81,10.86
1,60.00,87,601.81,342.42,17.95
1,60.00,88,196.07,297.92,5.06
1,60.00,89,546.72,892.05,14.73
1,60.00,90,284.31,517.05,15.15
1,60.00,91,238.83,532.15,10.40
1,60.00,92,646.65,592.51,9.75
1,60.00,93,257.93,542.50,16.48
1,60.00,94,222.26,218.71,23.55
1,60.00,95,659.05,845.17,12.78
1,60.00,96,138.60,755.72,5.30
1,60.00,97,574.44,49.56,10.47
1,60.00,98,427.96,692.12,15.77
1,60.00,99,405.02,414.97,10.33
1,60.00,100,553.75,576.45,13.31
1,60.00,101,707.98,677.31,13.27
1,60.00,102,333.67,649.94,5.40
1,60.00,103,101.26,293.65,9.88
1,60.00,104,238.69,812.64,18.15
1,60.00,105,636.99,484.93,16.99
1,60.00,106,160.59,659.93,0.00
1,60.00,107,988.94,398.24,0.00
1,60.00,108,467.04,448.45,5.23
1,60.00,109,641.50,572.36,8.40
1,60.00,110,782.16,375.55,9.76
1,60.00,111,621.93,172.16,15.23
1,60.00,112,248.72,827.87,16.49
1,60.00,113,852.34,810.49,0.00
1,60.00,114,828.66,330.77,10.20
1,60.00,115,922.14,484.84,9.46
1,60.00,116,462.72,629.25,15.96
1,60.00,117,635.00,641.62,15.15
1,60.00,118,38.04,550.91,0.00
1,60.00,119,845.03,206.04,20.31
1,60.00,120,555.11,499.39,5.54
1,60.00,121,508.11,317.94,8.88
1,60.00,122,861.54,350.60,10.78
1,60.00,123,486.56,74.05,10.28
1,60.00,124,789.59,743.64,0.00
1,60.00,125,675.14,591.89,0.00
1,60.00,126,537.96,208.40,5.78
1,60.00,127,105.05,621.99,0.00
1,60.00,128,167.16,681.20,11.53
1,60.00,129,686.57,936.05,0.00
1,60.00,130,173.40,469.39,13.05
1,60.00,131,571.66,508.16,11.74
1,60.00,132,839.96,869.47,16.88
1,60.00,133,592.48,34.86,0.00
1,60.00,134,537.91,283.51,8.69
1,60.00,135,654.80,746.17,5.74
1,60.00,136,477.08,788.74,22.70
1,60.00,137,442.82,543.26,8.93
1,60.00,138,73.66,407.39,18.11
1,60.00,139,195.44,723.64,12.88
1,60.00,140,405.93,704.48,23.50
1,60.00,141,170.22,805.07,9.71
1,60.00,142,731.65,588.64,5.64
1,60.00,143,59.90,887.59,0.00
1,60.00,144,843.48,589.11,8.91
1,60.00,145,982.27,396.48,21.20
1,60.00,146,927.89,121.33,14.43
1,60.00,147,723.15,595.23,21.13
1,60.00,148,351.13,766.76,15.03
1,60.00,149,722.88,128.51,0.00
1,70.00,0,810.26,950.59,0.00
1,70.00,1,700.76,509.38,17.85
1,70.00,2,31.62,437.55,0.00
1,70.00,3,727.76,284.53,0.00
1,70.00,4,388.36,482.20,7.15
1,70.00,5,441.94,163.29,11.34
1,70.00,6,711.37,572.41,7.64
1,70.00,7,375.48,692.47,19.65
1,70.00,8,599.62,155.29,0.00
1,70.00,9,503.91,369.05,7.44
1,70.00,10,12.37,962.65,0.00
1,70.00,11,857.57,669.73,9.36
1,70.00,12,621.72,186.00,9.48
1,70.00,13,536.16,283.47,12.39
1,70.00,14,713.70,337.51,9.59
1,70.00,15,516.72,369.77,9.81
1,70.00,16,753.14,221.34,14.99
1,70.00,17,253.35,558.38,12.51
1,70.00,18,722.08,486.59,10.92
1,70.00,19,500.48,692.09,0.00
1,70.00,20,159.44,699.39,13.79
1,70.00,21,715.19,705.37,8.20
1,70.00,22,284.15,664.41,7.54
1,70.00,23,777.65,813.26,0.00
1,70.00,24,519.58,869.25,0.00
1,70.00,25,714.28,473.45,8.96
1,70.00,26,269.64,661.66,0.00
1,70.00,27,176.28,272.71,16.97
1,70.00,28,680.74,516.52,5.42
1,70.00,29,402.31,517.34,20.11
1,70.00,30,800.41,656.59,8.79
1,70.00,31,601.08,338.13,6.11
1,70.00,32,416.26,731.12,7.10
1,70.00,33,717.82,577.77,6.69
1,70.00,34,413.03,571.21,7.69
1,70.00,35,202.77,546.45,7.38
1,70.00,36,311.92,513.75,5.58
1,70.00,37,665.88,284.52,9.72
1,70.00,38,595.65,284.92,0.00
1,70.00,39,303.35,690.16,7.35
1,70.00,40,482.71,376.99,5.75
1,70.00,41,381.05,373.90,12.49
1,70.00,42,201.07,196.74,7.54
1,70.00,43,834.22,722.05,13.52
1,70.00,44,211.82,821.95,24.69
1,70.00,45,285.53,743.87,7.28
1,70.00,46,305.29,555.22,14.61
1,70.00,47,370.14,860.67,9.84
1,70.00,48,757.70,571.48,15.04
1,70.00,49,743.17,203.95,11.70
1,70.00,50,165.62,226.77,11.76
1,70.00,51,401.19,295.11,13.42
1,70.00,52,902.27,606.70,22.43
1,70.00,53,397.40,531.12,0.00
1,70.00,54,313.88,227.83,14.05
1,70.00,55,349.37,823.40,10.07
1,70.00,56,285.76,591.93,8.41
1,70.00,57,356.83,495.54,0.00
1,70.00,58,165.64,131.34,12.68
1,70.00,59,387.96,273.82,8.04
1,70.00,60,623.12,700.75,18.04
1,70.00,61,541.97,853.33,17.89
1,70.00,62,537.37,524.95,6.18
1,70.00,63,573.40,740.05,8.85
1,70.00,64,748.34,338.36,5.50
1,70.00,65,636.45,470.57,6.30
1,70.00,66,536.30,142.93,12.67
1,70.00,67,997.97,93.73,0.00
1,70.00,68,172.76,170.49,0.00
1,70.00,69,596.16,316.72,12.40
1,70.00,70,112.89,441.67,24.55
1,70.00,71,347.77,487.21,14.60
1,70.00,72,504.43,358.19,21.86
1,70.00,73,331.40,499.18,8.08
1,70.00,74,186.00,75.64,0.00
1,70.00,75,110.63,46.35,9.93
1,70.00,76,609.03,440.26,19.68
1,70.00,77,686.24,583.61,13.90
1,70.00,78,303.74,634.74,9.67
1,70.00,79,725.40,165.40,9.11
1,70.00,80,576.82,251.25,8.82
1,70.00,81,625.57,25.01,12.19
1,70.00,82,528.65,245.82,10.73
1,70.00,83,401.99,325.04,21.21
1,70.00,84,679.41,667.99,0.00
1,70.00,85,474.89,657.60,10.46
1,70.00,86,948.46,726.47,10.86
1,70.00,87,428.04,387.58,17.95
1,70.00,88,221.66,254.31,5.06
1,70.00,89,492.60,755.06,14.73
1,70.00,90,291.70,500.45,0.00
1,70.00,91,170.95,611.01,10.40
1,70.00,92,726.73,536.88,9.75
1,70.00,93,369.65,663.62,16.48
1,70.00,94,370.77,401.54,23.55
1,70.00,95,539.64,890.79,12.78
1,70.00,96,85.90,750.30,5.30
1,70.00,97,581.86,13.73,0.00
1,70.00,98,517.76,821.74,15.77
1,70.00,99,374.45,408.46,0.00
1,70.00,100,608.37,455.06,13.31
1,70.00,101,580.17,641.68,13.27
1,70.00,102,387.15,657.11,5.40
1,70.00,103,119.58,196.57,9.88
1,70.00,104,106.80,919.74,0.00
1,70.00,105,802.07,524.96,16.99
1,70.00,106,207.45,668.05,7.45
1,70.00,107,957.31,458.53,21.13
1,70.00,108,518.97,442.34,5.23
1,70.00,109,671.15,502.13,0.00
1,70.00,110,692.76,336.48,9.76
1,70.00,111,635.16,155.75,0.00
1,70.00,112,329.64,684.24,16.49
1,70.00,113,821.66,810.35,21.67
1,70.00,114,726.62,330.87,10.20
1,70.00,115,840.06,437.80,9.46
1,70.00,116,401.64,696.61,0.00
1,70.00,117,780.05,685.27,15.15
1,70.00,118,92.00,570.96,6.08
1,70.00,119,816.41,245.14,0.00
1,70.00,120,516.37,459.76,5.54
1,70.00,121,574.05,377.36,8.88
1,70.00,122,918.89,370.16,0.00
1,70.00,123,570.55,133.36,10.28
1,70.00,124,610.04,713.73,23.81
1,70.00,125,552.29,541.99,14.20
1,70.00,126,557.02,262.97,5.78
1,70.00,127,127.42,630.25,9.96
1,70.00,128,281.78,669.16,11.53
1,70.00,129,506.64,935.49,19.63
1,70.00,130,67.04,544.93,13.05
1,70.00,131,685.33,478.90,11.74
1,70.00,132,870.90,879.52,0.00
1,70.00,133,695.03,124.44,15.68
1,70.00,134,468.04,335.17,8.69
1,70.00,135,682.63,695.98,5.74
1,70.00,136,453.05,855.88,0.00
1,70.00,137,417.75,629.00,8.93
1,70.00,138,65.07,412.85,0.00
1,70.00,139,321.71,748.79,12.88
1,70.00,140,634.64,758.52,23.50
1,70.00,141,238.11,735.67,9.71
1,70.00,142,739.63,532.81,5.64
1,70.00,143,160.18,914.80,10.85
1,70.00,144,758.98,617.34,8.91
1,70.00,145,977.15,295.83,0.00
1,70.00,146,943.32,76.55,0.00
1,70.00,147,538.99,491.59,21.13
1,70.00,148,405.34,830.11,0.00
1,70.00,149,628.55,146.41,16.99
1,80.00,0,686.29,850.18,16.91
1,80.00,1,812.66,504.59,0.00
1,80.00,2,37.41,447.49,20.10
1,80.00,3,685.45,268.55,20.97
1,80.00,4,439.09,532.61,7.15
1,80.00,5,330.79,185.87,11.34
1,80.00,6,737.54,644.19,7.64
1,80.00,7,262.74,853.36,19.65
1,80.00,8,601.52,133.03,17.87
1,80.00,9,450.95,316.84,7.44
1,80.00,10,13.49,962.50,18.48
1,80.00,11,899.62,753.33,9.36
1,80.00,12,546.27,169.76,0.00
1,80.00,13,629.90,364.47,12.39
1,80.00,14,786.07,274.59,9.59
1,80.00,15,473.48,457.81,9.81
1,80.00,16,806.45,168.52,0.00
1,80.00,17,320.88,663.65,12.51
1,80.00,18,627.21,432.52,10.92
1,80.00,19,494.37,652.18,20.80
1,80.00,20,50.43,783.90,13.79
1,80.00,21,678.39,778.62,8.20
1,80.00,22,214.12,692.27,7.54
1,80.00,23,681.10,739.44,23.78
1,80.00,24,504.21,876.31,16.37
1,80.00,25,766.35,400.56,8.96
1,80.00,26,279.88,646.03,13.38
1,80.00,27,161.76,441.81,16.97
1,80.00,28,658.84,466.99,5.42
1,80.00,29,345.52,433.81,0.00
1,80.00,30,854.34,726.06,8.79
1,80.00,31,659.14,357.14,6.11
1,80.00,32,366.76,697.05,0.00
1,80.00,33,777.13,608.70,6.69
1,80.00,34,424.75,588.20,0.00
1,80.00,35,198.87,472.71,7.38
1,80.00,36,360.73,540.77,5.58
1,80.00,37,647.76,189.01,9.72
1,80.00,38,510.22,404.89,15.09
1,80.00,39,236.05,719.63,7.35
1,80.00,40,438.45,340.21,5.75
1,80.00,41,418.16,254.67,12.49
1,80.00,42,182.17,269.70,7.54
1,80.00,43,709.23,670.47,13.52
1,80.00,44,129.35,781.36,0.00
1,80.00,45,218.81,773.07,7.28
1,80.00,46,450.17,574.44,14.61
1,80.00,47,276.88,829.15,9.84
1,80.00,48,620.77,633.76,15.04
1,80.00,49,709.23,94.39,0.00
1,80.00,50,254.67,303.60,11.76
1,80.00,51,280.98,235.46,13.42
1,80.00,52,968.99,392.51,22.43
1,80.00,53,482.84,472.42,12.77
1,80.00,54,447.59,184.58,14.05
1,80.00,55,290.58,813.14,0.00
1,80.00,56,261.77,672.49,8.41
1,80.00,57,409.67,460.92,18.89
1,80.00,58,161.68,258.05,12.68
1,80.00,59,407.80,226.57,0.00
1,80.00,60,559.96,630.06,0.00
1,80.00,61,593.51,682.06,17.89
1,80.00,62,505.63,471.94,6.18
1,80.00,63,608.85,659.01,8.85
1,80.00,64,732.39,390.96,5.50
1,80.00,65,652.35,531.54,6.30
1,80.00,66,655.08,98.92,12.67
1,80.00,67,829.11,78.91,20.10
1,80.00,68,177.41,111.34,14.65
1,80.00,69,617.90,336.38,0.00
1,80.00,70,219.20,232.70,0.00
1,80.00,71,317.31,629.98,14.60
1,80.00,72,380.41,227.32,0.00
1,80.00,73,268.58,549.98,8.08
1,80.00,74,192.12,82.51,18.63
1,80.00,75,208.34,63.91,9.93
1,80.00,76,765.64,356.40,0.00
1,80.00,77,592.90,480.67,13.90
1,80.00,78,215.46,674.16,9.67
1,80.00,79,698.86,252.56,9.11
1,80.00,80,552.38,166.53,8.82
1,80.00,81,747.29,18.89,12.19
1,80.00,82,435.42,192.66,10.73
1,80.00,83,604.16,389.21,21.21
1,80.00,84,723.53,772.99,0.00
1,80.00,85,528.69,747.28,10.46
1,80.00,86,952.06,731.74,0.00
1,80.00,87,340.28,410.38,0.00
1,80.00,88,247.26,210.70,5.06
1,80.00,89,438.48,618.08,14.73
1,80.00,90,480.89,538.12,21.92
1,80.00,91,166.79,615.85,0.00
1,80.00,92,787.17,494.90,0.00
1,80.00,93,481.37,784.74,16.48
1,80.00,94,519.29,584.37,23.55
1,80.00,95,453.64,923.64,0.00
1,80.00,96,35.76,745.14,0.00
1,80.00,97,712.78,69.25,21.86
1,80.00,98,579.81,911.30,0.00
1,80.00,99,222.65,468.19,23.39
1,80.00,100,662.99,333.67,13.31
1,80.00,101,452.35,606.06,13.27
1,80.00,102,440.63,664.27,5.40
1,80.00,103,127.32,155.56,0.00
1,80.00,104,107.93,915.54,6.83
1,80.00,105,847.01,535.85,0.00
1,80.00,106,280.90,680.78,7.45
1,80.00,107,859.15,645.66,21.13
1,80.00,108,570.90,436.23,5.23
1,80.00,109,664.38,496.30,9.66
1,80.00,110,603.36,297.42,9.76
1,80.00,111,671.13,253.13,12.05
1,80.00,112,410.56,540.60,16.49
1,80.00,113,604.92,809.39,21.67
1,80.00,114,624.58,330.96,10.20
1,80.00,115,785.04,406.26,0.00
1,80.00,116,370.56,663.00,10.64
1,80.00,117,836.34,702.21,0.00
1,80.00,118,149.01,592.14,6.08
1,80.00,119,783.11,343.78,13.67
1,80.00,120,477.64,420.13,5.54
1,80.00,121,639.98,436.77,8.88
1,80.00,122,892.19,453.15,19.90
1,80.00,123,654.54,192.67,10.28
1,80.00,124,375.22,674.62,23.81
1,80.00,125,420.73,488.55,14.20
1,80.00,126,576.08,317.55,5.78
1,80.00,127,220.83,664.73,9.96
1,80.00,128,396.41,657.13,11.53
1,80.00,129,310.35,934.89,19.63
1,80.00,130,35.01,567.67,0.00
1,80.00,131,725.52,468.55,0.00
1,80.00,132,798.44,714.60,22.31
1,80.00,133,813.08,227.57,15.68
1,80.00,134,398.17,386.83,8.69
1,80.00,135,710.46,645.78,5.74
1,80.00,136,528.96,861.90,11.10
1,80.00,137,392.67,714.74,8.93
1,80.00,138,110.19,360.07,7.36
1,80.00,139,447.98,773.93,12.88
1,80.00,140,863.35,812.56,23.50
1,80.00,141,306.01,666.27,9.71
1,80.00,142,747.61,476.99,5.64
1,80.00,143,239.96,936.46,0.00
1,80.00,144,674.47,645.57,8.91
1,80.00,145,955.72,315.06,5.49
1,80.00,146,810.42,105.34,20.24
1,80.00,147,354.83,387.95,21.13
1,80.00,148,462.75,739.22,24.14
1,80.00,149,461.62,178.08,16.99
1,90.00,0,554.88,743.75,16.91
1,90.00,1,773.14,528.54,12.41
1,90.00,2,138.58,621.11,20.10
1,90.00,3,489.22,194.48,20.97
1,90.00,4,489.83,583.01,7.15
1,90.00,5,219.65,208.46,11.34
1,90.00,6,763.71,715.97,7.64
1,90.00,7,191.14,955.52,0.00
1,90.00,8,611.71,13.81,0.00
1,90.00,9,397.99,264.63,7.44
1,90.00,10,196.63,938.09,18.48
1,90.00,11,908.51,771.00,0.00
1,90.00,12,527.79,154.52,12.92
1,90.00,13,723.64,445.47,12.39
1,90.00,14,858.44,211.66,9.59
1,90.00,15,430.24,545.85,9.81
1,90.00,16,762.07,234.72,15.96
1,90.00,17,388.41,768.92,12.51
1,90.00,18,532.35,378.44,10.92
1,90.00,19,462.89,446.59,20.80
1,90.00,20,41.72,790.65,0.00
1,90.00,21,641.59,851.88,8.20
1,90.00,22,144.09,720.12,7.54
1,90.00,23,492.24,595.03,23.78
1,90.00,24,485.89,884.73,0.00
1,90.00,25,818.42,327.67,8.96
1,90.00,26,353.22,534.11,13.38
1,90.00,27,147.24,610.91,16.97
1,90.00,28,636.94,417.46,5.42
1,90.00,29,319.50,509.08,16.00
1,90.00,30,896.58,780.47,0.00
1,90.00,31,717.20,376.16,6.11
1,90.00,32,383.80,696.30,11.14
1,90.00,33,836.43,639.62,6.69
1,90.00,34,310.90,500.53,19.64
1,90.00,35,197.10,439.28,0.00
1,90.00,36,409.53,567.79,5.58
1,90.00,37,630.78,99.49,0.00
1,90.00,38,422.67,527.83,15.09
1,90.00,39,212.43,729.98,0.00
1,90.00,40,394.18,303.44,5.75
1,90.00,41,455.27,135.44,12.49
1,90.00,42,171.17,312.17,0.00
1,90.00,43,584.24,618.88,13.52
1,90.00,44,165.98,759.80,6.77
1,90.00,45,152.10,802.27,7.28
1,90.00,46,507.10,581.99,0.00
1,90.00,47,242.32,817.46,0.00
1,90.00,48,516.40,681.24,0.00
1,90.00,49,709.43,96.70,11.95
1,90.00,50,343.72,380.44,11.76
1,90.00,51,189.18,189.90,0.00
1,90.00,52,986.24,337.14,0.00
1,90.00,53,588.08,400.12,12.77
1,90.00,54,467.92,178.01,0.00
1,90.00,55,262.53,734.10,20.60
1,90.00,56,241.79,739.61,0.00
1,90.00,57,567.67,357.38,18.89
1,90.00,58,157.72,384.76,12.68
1,90.00,59,354.80,298.99,24.73
1,90.00,60,514.92,684.51,14.89
1,90.00,61,638.68,531.97,0.00
1,90.00,62,473.90,418.93,6.18
1,90.00,63,644.30,577.96,8.85
1,90.00,64,716.45,443.56,5.50
1,90.00,65,668.24,592.51,6.30
1,90.00,66,773.86,54.91,12.67
1,90.00,67,628.89,61.34,20.10
1,90.00,68,184.66,19.05,0.00
1,90.00,69,511.50,402.47,16.40
1,90.00,70,227.51,231.25,18.71
1,90.00,71,286.85,772.74,14.60
1,90.00,72,364.42,265.26,23.48
1,90.00,73,245.50,568.65,0.00
1,90.00,74,315.94,221.74,18.63
1,90.00,75,306.05,81.48,9.93
1,90.00,76,763.74,347.70,9.16
1,90.00,77,537.10,419.14,0.00
1,90.00,78,127.17,713.58,9.67
1,90.00,79,672.33,339.72,9.11
1,90.00,80,542.63,132.75,0.00
1,90.00,81,848.40,13.81,0.00
1,90.00,82,342.19,139.50,10.73
1,90.00,83,806.33,453.38,21.21
1,90.00,84,741.59,775.08,0.00
1,90.00,85,582.50,836.96,10.46
1,90.00,86,851.74,622.97,15.72
1,90.00,87,320.51,427.64,5.30
1,90.00,88,260.28,188.51,0.00
1,90.00,89,384.37,481.10,14.73
1,90.00,90,695.86,580.92,21.92
1,90.00,91,222.48,608.21,5.99
1,90.00,92,802.90,443.97,21.74
1,90.00,93,593.09,905.87,16.48
1,90.00,94,667.80,767.19,23.55
1,90.00,95,425.51,874.79,20.15
1,90.00,96,46.59,743.77,22.43
1,90.00,97,914.04,154.60,21.86
1,90.00,98,581.79,862.03,15.95
1,90.00,99,101.84,515.72,0.00
1,90.00,100,663.09,333.47,0.00
1,90.00,101,324.54,570.43,13.27
1,90.00,102,494.11,671.43,5.40
1,90.00,103,246.10,210.15,22.64
1,90.00,104,125.73,849.59,6.83
1,90.00,105,688.50,464.84,23.86
1,90.00,106,354.34,693.50,7.45
1,90.00,107,847.19,668.47,0.00
1,90.00,108,622.83,430.13,5.23
1,90.00,109,591.19,433.30,9.66
1,90.00,110,513.95,258.36,9.76
1,90.00,111,712.87,366.16,12.05
1,90.00,112,491.48,396.96,16.49
1,90.00,113,397.35,808.47,0.00
1,90.00,114,522.54,331.05,10.20
1,90.00,115,755.85,415.25,9.27
1,90.00,116,298.35,584.90,10.64
1,90.00,117,712.68,718.13,20.38
1,90.00,118,206.03,613.31,6.08
1,90.00,119,739.38,473.32,13.67
1,90.00,120,438.90,380.50,5.54
1,90.00,121,695.51,486.81,0.00
1,90.00,122,831.25,642.62,19.90
1,90.00,123,676.41,208.11,0.00
1,90.00,124,373.27,674.29,0.00
1,90.00,125,289.18,435.11,14.20
1,90.00,126,595.15,372.12,5.78
1,90.00,127,314.23,699.20,9.96
1,90.00,128,511.04,645.09,11.53
1,90.00,129,281.62,934.80,0.00
1,90.00,130,52.38,711.07,0.00
1,90.00,131,622.73,394.04,19.64
1,90.00,132,730.98,561.06,0.00
1,90.00,133,931.14,330.69,15.68
1,90.00,134,328.29,438.49,8.69
1,90.00,135,738.29,595.59,5.74
1,90.00,136,639.64,870.68,11.10
1,90.00,137,367.60,800.47,8.93
1,90.00,138,157.99,304.14,7.36
1,90.00,139,574.25,799.08,12.88
1,90.00,140,920.89,826.15,0.00
1,90.00,141,373.91,596.88,9.71
1,90.00,142,755.60,421.16,5.64
1,90.00,143,277.12,927.70,16.02
1,90.00,144,589.96,673.81,8.91
1,90.00,145,914.86,351.73,5.49
1,90.00,146,612.56,148.20,20.24
1,90.00,147,190.06,295.22,0.00
1,90.00,148,591.71,535.10,24.14
1,90.00,149,294.69,209.76,16.99
1,100.00,0,423.48,637.32,16.91
1,100.00,1,667.03,592.83,12.41
1,100.00,2,234.60,785.91,0.00
1,100.00,3,292.98,120.41,20.97
1,100.00,4,540.57,633.42,7.15
1,100.00,5,108.50,231.04,11.34
1,100.00,6,789.87,787.76,7.64
1,100.00,7,197.82,935.46,5.79
1,100.00,8,590.22,32.82,8.69
1,100.00,9,345.03,212.42,7.44
1,100.00,10,379.77,913.68,18.48
1,100.00,11,750.66,734.60,20.54
1,100.00,12,428.15,72.31,12.92
1,100.00,13,817.38,526.48,12.39
1,100.00,14,871.40,200.39,0.00
1,100.00,15,387.00,633.89,9.81
1,100.00,16,683.39,352.09,0.00
1,100.00,17,427.66,830.10,0.00
1,100.00,18,437.48,324.36,10.92
1,100.00,19,455.37,397.49,0.00
1,100.00,20,234.74,725.26,22.15
1,100.00,21,618.88,897.08,0.00
1,100.00,22,85.97,743.25,0.00
1,100.00,23,303.37,450.61,23.78
1,100.00,24,542.94,872.48,6.65
1,100.00,25,870.49,254.78,8.96
1,100.00,26,426.56,422.19,13.38
1,100.00,27,132.72,780.00,16.97
1,100.00,28,615.03,367.93,5.42
1,100.00,29,267.22,660.33,16.00
1,100.00,30,879.67,760.92,11.92
1,100.00,31,775.26,395.17,6.11
1,100.00,32,495.07,691.43,11.14
1,100.00,33,853.24,648.39,0.00
1,100.00,34,155.32,380.72,19.64
1,100.00,35,255.39,475.99,12.60
1,100.00,36,458.34,594.81,5.58
1,100.00,37,633.20,106.12,11.23
1,100.00,38,350.09,629.76,0.00
1,100.00,39,320.17,699.82,17.24
1,100.00,40,349.91,266.66,5.75
1,100.00,41,479.52,57.50,0.00
1,100.00,42,204.56,336.49,9.88
1,100.00,43,459.25,567.29,13.52
1,100.00,44,224.34,725.44,6.77
1,100.00,45,105.45,822.69,0.00
1,100.00,46,493.16,561.90,0.00
1,100.00,47,327.03,740.65,18.17
1,100.00,48,502.79,692.25,7.36
1,100.00,49,719.97,215.70,11.95
1,100.00,50,432.77,457.27,11.76
1,100.00,51,201.55,190.23,5.24
1,100.00,52,917.85,385.44,11.29
1,100.00,53,693.32,327.81,12.77
1,100.00,54,611.51,314.47,23.36
1,100.00,55,193.63,539.95,20.60
1,100.00,56,263.55,738.70,13.06
1,100.00,57,725.67,253.84,18.89
1,100.00,58,153.76,511.47,12.68
1,100.00,59,307.23,363.97,0.00
1,100.00,60,420.00,799.28,14.89
1,100.00,61,636.09,538.54,5.71
1,100.00,62,442.16,365.93,6.18
1,100.00,63,679.75,496.92,8.85
1,100.00,64,700.51,496.16,5.50
1,100.00,65,684.14,653.49,6.30
1,100.00,66,892.64,10.90,12.67
1,100.00,67,428.67,43.77,20.10
1,100.00,68,254.95,47.31,20.57
1,100.00,69,372.16,489.02,16.40
1,100.00,70,411.83,199.01,18.71
1,100.00,71,267.36,864.11,0.00
1,100.00,72,273.17,481.63,23.48
1,100.00,73,386.23,607.77,23.09
1,100.00,74,439.76,360.97,18.63
1,100.00,75,403.76,99.04,9.93
1,100.00,76,744.28,258.24,9.16
1,100.00,77,518.05,475.95,14.90
1,100.00,78,39.80,752.60,0.00
1,100.00,79,645.79,426.88,9.11
1,100.00,80,527.20,166.96,6.24
1,100.00,81,826.15,17.99,13.37
1,100.00,82,281.70,105.00,0.00
1,100.00,83,955.79,500.83,0.00
1,100.00,84,722.05,776.25,16.54
1,100.00,85,601.54,868.70,0.00
1,100.00,86,745.16,507.42,15.72
1,100.00,87,280.57,462.52,5.30
1,100.00,88,381.72,201.73,24.87
1,100.00,89,330.25,344.11,14.73
1,100.00,90,839.17,609.45,0.00
1,100.00,91,281.82,600.07,5.99
1,100.00,92,846.81,301.74,0.00
1,100.00,93,623.32,938.63,0.00
1,100.00,94,816.32,950.02,23.55
1,100.00,95,410.63,848.94,0.00
1,100.00,96,269.12,715.68,22.43
1,100.00,97,992.31,187.79,0.00
1,100.00,98,588.21,702.62,15.95
1,100.00,99,154.17,542.69,0.00
1,100.00,100,700.47,472.57,14.43
1,100.00,101,251.21,549.99,0.00
1,100.00,102,547.59,678.60,5.40
1,100.00,103,451.78,304.68,22.64
1,100.00,104,143.53,783.64,6.83
1,100.00,105,470.73,367.27,23.86
1,100.00,106,427.79,706.22,7.45
1,100.00,107,742.51,534.28,19.38
1,100.00,108,674.76,424.02,5.23
1,100.00,109,548.71,396.73,0.00
1,100.00,110,424.55,219.29,9.76
1,100.00,111,754.62,479.18,12.05
1,100.00,112,568.39,260.45,0.00
1,100.00,113,400.54,805.10,10.98
1,100.00,114,420.50,331.14,10.20
1,100.00,115,667.30,442.52,9.27
1,100.00,116,226.13,506.80,10.64
1,100.00,117,510.60,744.15,20.38
1,100.00,118,263.04,634.49,6.08
1,100.00,119,695.65,602.86,13.67
1,100.00,120,400.16,340.87,5.54
1,100.00,121,674.50,485.89,13.33
1,100.00,122,789.87,771.27,0.00
1,100.00,123,689.27,232.03,0.00
1,100.00,124,313.39,638.63,7.03
1,100.00,125,254.77,421.14,0.00
1,100.00,126,614.21,426.69,5.78
1,100.00,127,407.64,733.68,9.96
1,100.00,128,547.36,641.28,0.00
1,100.00,129,170.74,917.80,13.14
1,100.00,130,52.53,711.01,21.30
1,100.00,131,463.72,278.77,19.64
1,100.00,132,711.33,544.18,10.43
1,100.00,133,935.75,334.72,0.00
1,100.00,134,258.42,490.14,8.69
1,100.00,135,766.12,545.39,5.74
1,100.00,136,750.32,879.46,11.10
1,100.00,137,360.44,824.97,0.00
1,100.00,138,205.80,248.21,7.36
1,100.00,139,574.85,799.20,0.00
1,100.00,140,799.00,753.33,18.97
1,100.00,141,441.81,527.48,9.71
1,100.00,142,760.45,387.19,0.00
1,100.00,143,433.02,890.94,16.02
1,100.00,144,505.45,702.04,8.91
1,100.00,145,874.00,388.39,5.49
1,100.00,146,414.71,191.06,20.24
1,100.00,147,201.92,295.28,11.27
1,100.00,148,720.66,330.99,24.14
1,100.00,149,127.77,241.43,16.99
1,110.00,0,292.08,530.89,16.91
1,110.00,1,560.92,657.13,12.41
1,110.00,2,237.58,784.91,6.19
1,110.00,3,263.47,109.27,0.00
1,110.00,4,571.74,664.39,0.00
1,110.00,5,15.64,249.91,0.00
1,110.00,6,816.04,859.54,7.64
1,110.00,7,216.10,880.48,5.79
1,110.00,8,525.17,90.37,8.69
1,110.00,9,292.08,160.22,7.44
1,110.00,10,562.91,889.27,18.48
1,110.00,11,550.50,688.43,20.54
1,110.00,12,395.12,45.06,0.00
1,110.00,13,834.32,541.11,0.00
1,110.00,14,829.01,297.13,12.87
1,110.00,15,343.76,721.94,9.81
1,110.00,16,688.67,346.59,6.65
1,110.00,17,416.53,804.11,6.75
1,110.00,18,342.62,270.28,10.92
1,110.00,19,434.49,462.38,8.96
1,110.00,20,444.50,654.19,22.15
1,110.00,21,624.63,811.12,22.50
1,110.00,22,116.71,745.06,18.11
1,110.00,23,246.68,407.27,0.00
1,110.00,24,608.00,858.50,6.65
1,110.00,25,922.56,181.89,8.96
1,110.00,26,499.90,310.27,13.38
1,110.00,27,118.21,949.10,16.97
1,110.00,28,593.13,318.40,5.42
1,110.00,29,251.36,706.21,0.00
1,110.00,30,801.67,670.77,11.92
1,110.00,31,831.08,413.45,0.00
1,110.00,32,606.34,686.55,11.14
1,110.00,33,822.01,601.34,7.88
1,110.00,34,2.32,262.90,0.00
1,110.00,35,362.01,543.12,12.60
1,110.00,36,507.14,621.83,5.58
1,110.00,37,671.70,211.63,11.23
1,110.00,38,334.91,601.17,18.94
1,110.00,39,362.86,687.87,0.00
1,110.00,40,305.65,229.89,5.75
1,110.00,41,485.10,108.03,14.68
1,110.00,42,284.46,394.69,9.88
1,110.00,43,334.27,515.71,13.52
1,110.00,44,282.70,691.09,6.77
1,110.00,45,127.41,803.10,9.78
1,110.00,46,506.20,529.26,8.49
1,110.00,47,461.64,618.62,18.17
1,110.00,48,445.58,738.57,7.36
1,110.00,49,730.51,334.70,11.95
1,110.00,50,521.82,534.10,11.76
1,110.00,51,253.90,191.61,5.24
1,110.00,52,825.62,450.58,11.29
1,110.00,53,798.57,255.50,12.77
1,110.00,54,735.03,431.85,0.00
1,110.00,55,124.73,345.79,20.60
1,110.00,56,394.00,733.20,13.06
1,110.00,57,829.30,185.93,0.00
1,110.00,58,149.81,638.18,12.68
1,110.00,59,328.06,424.37,9.47
1,110.00,60,325.08,914.05,14.89
1,110.00,61,615.12,591.67,5.71
1,110.00,62,410.42,312.92,6.18
1,110.00,63,715.20,415.88,8.85
1,110.00,64,684.56,548.76,5.50
1,110.00,65,700.04,714.46,6.30
1,110.00,66,898.26,8.81,0.00
1,110.00,67,228.46,26.20,20.10
1,110.00,68,445.85,124.06,20.57
1,110.00,69,232.81,575.57,16.40
1,110.00,70,481.21,186.88,0.00
1,110.00,71,286.86,830.54,0.00
1,110.00,72,181.93,698.01,23.48
1,110.00,73,608.69,669.62,23.09
1,110.00,74,510.91,440.98,0.00
1,110.00,75,501.47,116.61,9.93
1,110.00,76,724.82,168.77,9.16
1,110.00,77,470.69,617.20,14.90
1,110.00,78,40.56,750.62,20.83
1,110.00,79,619.25,514.04,9.11
1,110.00,80,501.52,223.87,6.24
1,110.00,81,694.80,42.73,13.37
1,110.00,82,310.47,131.43,11.12
1,110.00,83,932.53,496.24,9.09
1,110.00,84,556.93,786.18,16.54
1,110.00,85,616.54,765.63,16.12
1,110.00,86,680.97,437.82,0.00
1,110.00,87,240.63,497.40,5.30
1,110.00,88,628.98,228.67,24.87
1,110.00,89,276.13,207.13,14.73
1,110.00,90,764.76,622.49,22.66
1,110.00,91,341.15,591.93,5.99
1,110.00,92,796.93,260.37,20.56
1,110.00,93,540.30,880.00,13.93
1,110.00,94,840.92,980.30,0.00
1,110.00,95,418.69,754.77,11.09
1,110.00,96,329.81,708.02,0.00
1,110.00,97,919.92,157.49,12.84
1,110.00,98,594.64,543.20,15.95
1,110.00,99,166.22,536.02,7.15
1,110.00,100,737.92,611.90,14.43
1,110.00,101,271.91,577.31,8.04
1,110.00,102,601.06,685.76,5.40
1,110.00,103,657.46,399.20,22.64
1,110.00,104,161.32,717.70,6.83
1,110.00,105,252.96,269.70,23.86
1,110.00,106,501.23,718.95,7.45
1,110.00,107,623.29,381.47,19.38
1,110.00,108,709.38,419.95,0.00
1,110.00,109,580.56,299.92,24.29
1,110.00,110,335.14,180.23,9.76
1,110.00,111,796.37,592.20,12.05
1,110.00,112,566.79,268.30,16.14
1,110.00,113,476.10,725.47,10.98
1,110.00,114,318.45,331.23,10.20
1,110.00,115,578.75,469.79,9.27
1,110.00,116,153.91,428.70,10.64
1,110.00,117,308.51,770.17,20.38
1,110.00,118,320.05,655.67,6.08
1,110.00,119,651.92,732.39,13.67
1,110.00,120,361.42,301.24,5.54
1,110.00,121,541.29,480.02,13.33
1,110.00,122,773.92,732.07,13.18
1,110.00,123,634.25,287.10,17.83
1,110.00,124,253.14,602.74,0.00
1,110.00,125,298.73,350.14,11.31
1,110.00,126,633.27,481.26,5.78
1,110.00,127,501.04,768.16,9.96
1,110.00,128,444.61,702.92,17.54
1,110.00,129,40.86,897.89,13.14
1,110.00,130,249.08,628.80,21.30
1,110.00,131,304.71,163.51,19.64
1,110.00,132,632.24,476.26,10.43
1,110.00,133,804.77,372.77,14.19
1,110.00,134,188.54,541.80,8.69
1,110.00,135,793.95,495.20,5.74
1,110.00,136,861.00,888.24,11.10
1,110.00,137,381.96,788.38,5.94
1,110.00,138,253.60,192.28,7.36
1,110.00,139,492.42,729.97,10.82
1,110.00,140,636.13,656.04,18.97
1,110.00,141,509.71,458.08,9.71
1,110.00,142,712.57,454.55,21.11
1,110.00,143,469.49,882.34,0.00
1,110.00,144,420.94,730.28,8.91
1,110.00,145,833.14,425.06,5.49
1,110.00,146,216.85,233.92,20.24
1,110.00,147,314.62,295.89,11.27
1,110.00,148,846.17,132.32,0.00
1,110.00,149,16.89,262.47,0.00
1,120.00,0,213.35,467.12,0.00
1,120.00,1,551.11,663.07,0.00
1,120.00,2,296.27,765.16,6.19
1,120.00,3,274.40,311.60,23.85
1,120.00,4,496.87,635.71,20.79
1,120.00,5,29.11,257.27,9.34
1,120.00,6,842.21,931.33,7.64
1,120.00,7,234.38,825.50,5.79
1,120.00,8,460.11,147.92,8.69
1,120.00,9,239.12,108.01,7.44
1,120.00,10,645.62,878.24,0.00
1,120.00,11,361.08,644.74,0.00
1,120.00,12,456.44,52.14,9.23
1,120.00,13,709.14,447.47,19.08
1,120.00,14,777.36,414.98,12.87
1,120.00,15,300.52,809.98,9.81
1,120.00,16,734.77,298.61,6.65
1,120.00,17,389.97,742.04,6.75
1,120.00,18,247.76,216.20,10.92
1,120.00,19,407.05,547.64,8.96
1,120.00,20,654.27,583.12,22.15
1,120.00,21,639.67,586.67,22.50
1,120.00,22,297.54,755.75,18.11
1,120.00,23,287.23,442.14,7.64
1,120.00,24,673.07,844.53,6.65
1,120.00,25,938.86,159.09,0.00
1,120.00,26,573.24,198.35,13.38
1,120.00,27,116.36,970.54,0.00
1,120.00,28,571.23,268.87,5.42
1,120.00,29,272.09,655.47,7.87
1,120.00,30,723.68,580.61,11.92
1,120.00,31,825.27,417.02,17.65
1,120.00,32,659.75,684.21,0.00
1,120.00,33,778.42,535.67,7.88
1,120.00,34,4.93,265.05,20.36
1,120.00,35,468.63,610.26,12.60
1,120.00,36,555.95,648.85,5.58
1,120.00,37,710.20,317.13,11.23
1,120.00,38,246.08,433.85,18.94
1,120.00,39,363.24,642.90,6.05
1,120.00,40,261.38,193.12,5.75
1,120.00,41,501.22,253.95,14.68
1,120.00,42,364.36,452.89,9.88
1,120.00,43,209.28,464.12,13.52
1,120.00,44,341.06,656.74,6.77
1,120.00,45,200.39,737.98,9.78
1,120.00,46,537.67,450.45,8.49
1,120.00,47,488.42,594.34,0.00
1,120.00,48,388.37,784.89,7.36
1,120.00,49,741.05,453.70,11.95
1,120.00,50,571.08,576.60,0.00
1,120.00,51,306.24,192.99,5.24
1,120.00,52,733.39,515.72,11.29
1,120.00,53,903.81,183.20,12.77
1,120.00,54,687.62,420.37,18.03
1,120.00,55,55.83,151.64,20.60
1,120.00,56,524.46,727.70,13.06
1,120.00,57,814.59,229.58,13.38
1,120.00,58,145.85,764.89,12.68
1,120.00,59,358.93,513.93,9.47
1,120.00,60,262.45,989.77,0.00
1,120.00,61,594.15,644.80,5.71
1,120.00,62,378.68,259.91,6.18
1,120.00,63,750.65,334.83,8.85
1,120.00,64,668.62,601.35,5.50
1,120.00,65,707.03,741.28,0.00
1,120.00,66,862.89,106.82,10.94
1,120.00,67,41.28,9.78,0.00
1,120.00,68,636.74,200.82,20.57
1,120.00,69,93.47,662.12,16.40
1,120.00,70,533.01,251.38,13.27
1,120.00,71,287.18,848.94,10.87
1,120.00,72,90.69,914.38,23.48
1,120.00,73,831.16,731.47,23.09
1,120.00,74,508.96,500.83,14.08
1,120.00,75,599.18,134.17,9.93
1,120.00,76,715.75,127.08,0.00
1,120.00,77,423.33,758.45,14.90
1,120.00,78,115.50,556.28,20.83
1,120.00,79,608.18,550.41,0.00
1,120.00,80,475.85,280.79,6.24
1,120.00,81,563.44,67.46,13.37
1,120.00,82,392.41,206.68,11.12
1,120.00,83,843.33,478.65,9.09
1,120.00,84,391.81,796.10,16.54
1,120.00,85,639.75,606.08,16.12
1,120.00,86,747.61,503.03,23.45
1,120.00,87,200.69,532.28,5.30
1,120.00,88,876.24,255.60,24.87
1,120.00,89,222.01,70.15,14.73
1,120.00,90,541.54,661.62,22.66
1,120.00,91,400.49,583.79,5.99
1,120.00,92,638.70,129.14,20.56
1,120.00,93,426.50,799.64,13.93
1,120.00,94,726.42,810.34,24.56
1,120.00,95,428.15,644.24,11.09
1,120.00,96,313.87,595.05,15.69
1,120.00,97,801.45,107.90,12.84
1,120.00,98,601.06,383.79,15.95
1,120.00,99,228.80,501.38,7.15
1,120.00,100,775.36,751.24,14.43
1,120.00,101,320.49,641.41,8.04
1,120.00,102,654.54,692.92,5.40
1,120.00,103,677.82,408.56,0.00
1,120.00,104,179.12,651.75,6.83
1,120.00,105,112.91,206.95,0.00
1,120.00,106,574.68,731.67,7.45
1,120.00,107,504.08,228.66,19.38
1,120.00,108,705.26,462.09,12.70
1,120.00,109,656.47,69.19,24.29
1,120.00,110,245.74,141.17,9.76
1,120.00,111,838.11,705.22,12.05
1,120.00,112,559.29,305.24,0.00
1,120.00,113,551.66,645.85,10.98
1,120.00,114,219.86,331.32,0.00
1,120.00,115,490.20,497.06,9.27
1,120.00,116,81.70,350.60,10.64
1,120.00,117,106.43,796.19,20.38
1,120.00,118,377.06,676.85,6.08
1,120.00,119,631.18,793.82,0.00
1,120.00,120,322.68,261.61,5.54
1,120.00,121,408.09,474.15,13.33
1,120.00,122,724.25,609.95,13.18
1,120.00,123,508.20,413.26,17.83
1,120.00,124,253.32,602.76,8.22
1,120.00,125,358.25,254.00,11.31
1,120.00,126,652.34,535.84,5.78
1,120.00,127,594.45,802.63,9.96
1,120.00,128,294.21,793.16,17.54
1,120.00,129,21.15,894.87,0.00
1,120.00,130,445.62,546.59,21.30
1,120.00,131,286.10,150.02,0.00
1,120.00,132,553.15,408.34,10.43
1,120.00,133,668.47,412.37,14.19
1,120.00,134,118.67,593.46,8.69
1,120.00,135,821.78,445.00,5.74
1,120.00,136,880.12,889.75,0.00
1,120.00,137,412.10,737.15,5.94
1,120.00,138,286.30,154.03,0.00
1,120.00,139,409.59,660.41,10.82
1,120.00,140,473.27,558.74,18.97
1,120.00,141,532.59,434.69,0.00
1,120.00,142,590.26,626.59,21.11
1,120.00,143,436.37,808.98,10.51
1,120.00,144,336.43,758.51,8.91
1,120.00,145,792.28,461.72,5.49
1,120.00,146,135.12,251.63,0.00
1,120.00,147,427.31,296.50,11.27
1,120.00,148,840.58,131.50,21.16
1,120.00,149,65.61,296.88,17.76
1,130.00,0,135.83,478.81,19.56
1,130.00,1,483.36,852.19,0.00
1,130.00,2,354.95,745.40,6.19
1,130.00,3,287.27,549.76,23.85
1,130.00,4,302.69,561.31,20.79
1,130.00,5,111.05,302.01,9.34
1,130.00,6,865.05,994.00,0.00
1,130.00,7,252.66,770.53,5.79
1,130.00,8,395.05,205.47,8.69
1,130.00,9,228.09,97.14,0.00
1,130.00,10,628.76,853.62,5.44
1,130.00,11,351.83,644.34,17.25
1,130.00,12,548.16,62.72,9.23
1,130.00,13,556.36,333.18,19.08
1,130.00,14,725.71,532.84,12.87
1,130.00,15,257.28,898.02,9.81
1,130.00,16,747.37,285.50,0.00
1,130.00,17,363.40,679.97,6.75
1,130.00,18,152.89,162.13,10.92
1,130.00,19,379.62,632.90,8.96
1,130.00,20,864.03,512.06,22.15
1,130.00,21,654.70,362.22,22.50
1,130.00,22,478.36,766.43,18.11
1,130.00,23,345.17,491.97,7.64
1,130.00,24,738.13,830.56,6.65
1,130.00,25,845.69,193.99,14.48
1,130.00,26,604.64,150.43,0.00
1,130.00,27,72.77,832.40,16.59
1,130.00,28,549.32,219.34,5.42
1,130.00,29,301.84,582.63,7.87
1,130.00,30,645.68,490.46,11.92
1,130.00,31,674.96,509.54,17.65
1,130.00,32,630.27,650.34,8.64
1,130.00,33,734.83,470.00,7.88
1,130.00,34,162.34,394.21,20.36
1,130.00,35,572.51,675.67,0.00
1,130.00,36,604.75,675.87,5.58
1,130.00,37,748.69,422.64,11.23
1,130.00,38,157.26,266.54,18.94
1,130.00,39,363.74,582.36,6.05
1,130.00,40,217.11,156.34,5.75
1,130.00,41,517.33,399.87,14.68
1,130.00,42,444.26,511.08,9.88
1,130.00,43,135.43,433.64,0.00
1,130.00,44,358.60,646.41,0.00
1,130.00,45,273.37,672.87,9.78
1,130.00,46,569.15,371.64,8.49
1,130.00,47,466.20,493.05,12.95
1,130.00,48,331.16,831.21,7.36
1,130.00,49,751.59,572.70,11.95
1,130.00,50,609.15,538.66,12.03
1,130.00,51,358.59,194.36,5.24
1,130.00,52,641.16,580.86,11.29
1,130.00,53,970.89,137.11,0.00
1,130.00,54,512.40,377.95,18.03
1,130.00,55,10.35,23.50,0.00
1,130.00,56,652.15,722.31,0.00
1,130.00,57,771.87,356.40,13.38
1,130.00,58,141.89,891.60,12.68
1,130.00,59,389.81,603.49,9.47
1,130.00,60,302.53,979.19,12.18
1,130.00,61,579.88,680.96,0.00
1,130.00,62,378.54,259.67,0.00
1,130.00,63,786.10,253.79,8.85
1,130.00,64,652.68,653.95,5.50
1,130.00,65,690.90,771.41,6.10
1,130.00,66,825.76,209.71,10.94
1,130.00,67,47.34,16.04,13.37
1,130.00,68,827.63,277.57,20.57
1,130.00,69,79.81,670.60,0.00
1,130.00,70,616.08,354.81,13.27
1,130.00,71,288.97,954.07,0.00
1,130.00,72,61.01,984.77,0.00
1,130.00,73,901.65,751.06,0.00
1,130.00,74,507.18,555.68,0.00
1,130.00,75,696.89,151.74,9.93
1,130.00,76,660.06,122.61,10.46
1,130.00,77,379.66,888.71,0.00
1,130.00,78,190.44,361.94,20.83
1,130.00,79,674.77,671.65,23.74
1,130.00,80,450.17,337.70,6.24
1,130.00,81,432.08,92.20,13.37
1,130.00,82,474.35,281.93,11.12
1,130.00,83,754.14,461.06,9.09
1,130.00,84,226.69,806.03,16.54
1,130.00,85,662.97,446.53,16.12
1,130.00,86,770.86,525.79,0.00
1,130.00,87,160.75,567.16,5.30
1,130.00,88,990.53,268.05,0.00
1,130.00,89,215.86,54.58,0.00
1,130.00,90,318.31,700.74,22.66
1,130.00,91,459.82,575.66,5.99
1,130.00,92,519.79,30.52,0.00
1,130.00,93,312.70,719.27,13.93
1,130.00,94,589.18,606.64,24.56
1,130.00,95,437.60,533.70,11.09
1,130.00,96,296.97,475.31,0.00
1,130.00,97,796.00,105.62,0.00
1,130.00,98,607.48,224.37,15.95
1,130.00,99,291.38,466.75,7.15
1,130.00,100,810.12,880.55,0.00
1,130.00,101,369.07,705.51,8.04
1,130.00,102,708.02,700.09,5.40
1,130.00,103,583.63,310.46,15.09
1,130.00,104,196.92,585.80,6.83
1,130.00,105,176.78,250.53,21.66
1,130.00,106,648.12,744.40,7.45
1,130.00,107,384.87,75.85,19.38
1,130.00,108,692.88,588.51,12.70
1,130.00,109,665.85,40.70,0.00
1,130.00,110,156.34,102.11,9.76
1,130.00,111,879.86,818.24,12.05
1,130.00,112,719.75,220.99,23.65
1,130.00,113,627.22,566.22,10.98
1,130.00,114,221.89,333.80,9.47
1,130.00,115,401.65,524.33,9.27
1,130.00,116,57.62,324.56,0.00
1,130.00,117,60.50,802.10,0.00
1,130.00,118,434.07,698.03,6.08
1,130.00,119,634.72,729.24,12.30
1,130.00,120,283.94,221.98,5.54
1,130.00,121,274.89,468.28,13.33
1,130.00,122,674.58,487.83,13.18
1,130.00,123,466.01,455.50,0.00
1,130.00,124,334.91,612.33,8.22
1,130.00,125,417.77,157.86,11.31
1,130.00,126,671.40,590.41,5.78
1,130.00,127,687.85,837.11,9.96
1,130.00,128,143.81,883.39,17.54
1,130.00,129,161.80,813.94,19.13
1,130.00,130,642.17,464.39,21.30
1,130.00,131,340.57,255.15,13.41
1,130.00,132,474.05,340.41,10.43
1,130.00,133,532.18,451.97,14.19
1,130.00,134,72.06,627.92,0.00
1,130.00,135,849.61,394.81,5.74
1,130.00,136,790.66,881.51,10.86
1,130.00,137,442.23,685.92,5.94
1,130.00,138,302.61,178.73,9.37
1,130.00,139,326.77,590.85,10.82
1,130.00,140,356.06,488.72,0.00
1,130.00,141,483.09,406.14,8.62
1,130.00,142,467.95,798.63,21.11
1,130.00,143,393.13,713.21,10.51
1,130.00,144,251.93,786.75,8.91
1,130.00,145,751.42,498.39,5.49
1,130.00,146,115.30,200.10,9.41
1,130.00,147,540.01,297.11,11.27
1,130.00,148,631.28,100.52,21.16
1,130.00,149,210.71,399.35,17.76
1,140.00,0,11.26,497.59,0.00
1,140.00,1,495.06,841.08,17.38
1,140.00,2,413.64,725.65,6.19
1,140.00,3,288.44,571.42,0.00
1,140.00,4,235.16,535.44,0.00
1,140.00,5,192.98,346.75,9.34
1,140.00,6,857.86,986.35,8.28
1,140.00,7,270.94,715.55,5.79
1,140.00,8,329.99,263.03,8.69
1,140.00,9,295.84,172.20,12.77
1,140.00,10,598.01,808.70,5.44
1,140.00,11,245.90,639.76,0.00
1,140.00,12,639.88,73.30,9.23
1,140.00,13,403.59,218.89,19.08
1,140.00,14,674.06,650.69,12.87
1,140.00,15,240.57,932.05,0.00
1,140.00,16,660.46,174.84,19.36
1,140.00,17,336.83,617.90,6.75
1,140.00,18,91.65,127.21,0.00
1,140.00,19,352.18,718.16,8.96
1,140.00,20,874.46,508.52,0.00
1,140.00,21,669.73,137.77,22.50
1,140.00,22,533.18,769.67,0.00
1,140.00,23,403.12,541.80,7.64
1,140.00,24,803.20,816.58,6.65
1,140.00,25,710.11,244.79,14.48
1,140.00,26,572.71,269.65,21.59
1,140.00,27,22.84,674.19,16.59
1,140.00,28,527.42,169.81,5.42
1,140.00,29,331.59,509.80,7.87
1,140.00,30,567.68,400.30,11.92
1,140.00,31,524.66,602.06,17.65
1,140.00,32,573.56,585.20,8.64
1,140.00,33,691.24,404.33,7.88
1,140.00,34,319.76,523.38,20.36
1,140.00,35,571.74,669.38,24.66
1,140.00,36,653.56,702.89,5.58
1,140.00,37,787.19,528.14,11.23
1,140.00,38,68.43,99.22,18.94
1,140.00,39,364.25,521.82,6.05
1,140.00,40,172.85,119.57,5.75
1,140.00,41,533.44,545.79,14.68
1,140.00,42,524.16,569.28,9.88
1,140.00,43,217.49,388.50,22.89
1,140.00,44,389.22,565.67,12.35
1,140.00,45,346.36,607.75,9.78
1,140.00,46,598.23,298.84,0.00
1,140.00,47,438.45,366.61,12.95
1,140.00,48,273.95,877.53,7.36
1,140.00,49,762.13,691.70,11.95
1,140.00,50,694.37,453.72,12.03
1,140.00,51,410.94,195.74,5.24
1,140.00,52,548.93,646.00,11.29
1,140.00,53,963.07,183.81,13.05
1,140.00,54,456.94,364.52,0.00
1,140.00,55,20.36,46.64,7.41
1,140.00,56,656.51,724.18,22.42
1,140.00,57,729.14,483.22,13.38
1,140.00,58,139.51,967.67,0.00
1,140.00,59,389.99,604.03,0.00
1,140.00,60,420.31,948.10,12.18
1,140.00,61,512.46,675.07,21.18
1,140.00,62,442.60,354.03,11.46
1,140.00,63,821.55,172.75,8.85
1,140.00,64,636.73,706.55,5.50
1,140.00,65,662.11,825.19,6.10
1,140.00,66,793.12,300.13,0.00
1,140.00,67,140.35,112.09,13.37
1,140.00,68,946.48,325.35,0.00
1,140.00,69,302.85,685.96,24.79
1,140.00,70,699.15,458.24,13.27
1,140.00,71,289.38,951.42,8.09
1,140.00,72,97.96,888.98,15.22
1,140.00,73,842.80,666.52,15.08
1,140.00,74,553.96,519.93,9.65
1,140.00,75,763.45,163.71,0.00
1,140.00,76,555.79,114.25,10.46
1,140.00,77,392.00,885.84,16.29
1,140.00,78,261.30,178.17,0.00
1,140.00,79,781.49,865.95,0.00
1,140.00,80,424.50,394.61,6.24
1,140.00,81,300.73,116.93,13.37
1,140.00,82,556.28,357.18,11.12
1,140.00,83,664.94,443.46,9.09
1,140.00,84,61.57,815.96,16.54
1,140.00,85,686.19,286.98,16.12
1,140.00,86,772.55,423.11,11.92
1,140.00,87,120.81,602.04,5.30
1,140.00,88,904.74,278.78,16.08
1,140.00,89,244.95,127.35,8.84
1,140.00,90,128.48,734.01,0.00
1,140.00,91,519.16,567.52,5.99
1,140.00,92,514.52,46.29,6.69
1,140.00,93,229.31,660.39,0.00
1,140.00,94,451.95,402.94,24.56
1,140.00,95,447.06,423.17,11.09
1,140.00,96,310.62,462.19,8.26
1,140.00,97,686.97,168.59,13.20
1,140.00,98,613.90,64.96,15.95
1,140.00,99,353.96,432.11,7.15
1,140.00,100,804.53,877.78,8.66
1,140.00,101,405.75,753.91,0.00
1,140.00,102,761.50,707.25,5.40
1,140.00,103,479.08,201.59,15.09
1,140.00,104,214.72,519.85,6.83
1,140.00,105,355.74,372.61,21.66
1,140.00,106,686.54,751.05,0.00
1,140.00,107,331.95,8.01,0.00
1,140.00,108,690.10,616.88,0.00
1,140.00,109,583.48,131.78,14.01
1,140.00,110,66.93,63.04,9.76
1,140.00,111,893.76,855.87,0.00
1,140.00,112,929.13,111.05,23.65
1,140.00,113,702.78,486.59,10.98
1,140.00,114,281.99,407.01,9.47
1,140.00,115,313.10,551.60,9.27
1,140.00,116,123.68,199.06,21.27
1,140.00,117,145.79,672.53,20.08
1,140.00,118,491.08,719.20,6.08
1,140.00,119,641.44,606.42,12.30
1,140.00,120,245.20,182.35,5.54
1,140.00,121,141.68,462.41,13.33
1,140.00,122,624.91,365.71,13.18
1,140.00,123,506.74,485.12,7.57
1,140.00,124,416.50,621.90,8.22
1,140.00,125,447.59,109.70,0.00
1,140.00,126,690.47,644.98,5.78
1,140.00,127,781.26,871.59,9.96
1,140.00,128,76.02,924.07,0.00
1,140.00,129,327.60,718.53,19.13
1,140.00,130,838.72,382.18,21.30
1,140.00,131,402.25,374.22,13.41
1,140.00,132,394.96,272.49,10.43
1,140.00,133,395.88,491.57,14.19
1,140.00,134,109.61,635.13,11.48
1,140.00,135,877.44,344.61,5.74
1,140.00,136,682.51,871.55,10.86
1,140.00,137,472.37,634.68,5.94
1,140.00,138,354.22,256.89,9.37
1,140.00,139,243.94,521.29,10.82
1,140.00,140,374.84,500.13,7.84
1,140.00,141,408.43,363.07,8.62
1,140.00,142,464.61,803.34,0.00
1,140.00,143,349.90,617.45,10.51
1,140.00,144,251.25,786.97,0.00
1,140.00,145,710.56,535.05,5.49
1,140.00,146,86.17,124.41,0.00
1,140.00,147,652.70,297.73,11.27
1,140.00,148,421.99,69.55,21.16
1,140.00,149,355.80,501.81,17.76
1,150.00,0,55.81,515.37,13.48
1,150.00,1,621.05,721.40,17.38
1,150.00,2,434.90,718.50,0.00
1,150.00,3,365.46,479.96,13.15
1,150.00,4,295.01,646.70,19.37
1,150.00,5,274.92,391.49,9.34
1,150.00,6,801.15,926.05,8.28
1,150.00,7,289.22,660.57,5.79
1,150.00,8,264.93,320.58,8.69
1,150.00,9,381.40,266.98,12.77
1,150.00,10,567.26,763.79,5.44
1,150.00,11,253.51,596.43,11.41
1,150.00,12,715.64,82.05,0.00
1,150.00,13,363.48,188.88,0.00
1,150.00,14,622.42,768.54,12.87
1,150.00,15,340.24,866.39,19.45
1,150.00,16,645.78,156.15,0.00
1,150.00,17,310.27,555.83,6.75
1,150.00,18,124.64,128.25,9.31
1,150.00,19,324.75,803.42,8.96
1,150.00,20,805.42,454.61,9.22
1,150.00,21,674.38,68.41,0.00
1,150.00,22,694.36,772.49,23.13
1,150.00,23,461.06,591.63,7.64
1,150.00,24,868.27,802.61,6.65
1,150.00,25,574.52,295.58,14.48
1,150.00,26,516.85,478.15,21.59
1,150.00,27,15.25,650.14,0.00
1,150.00,28,505.52,120.28,5.42
1,150.00,29,361.34,436.96,7.87
1,150.00,30,489.69,310.15,11.92
1,150.00,31,374.35,694.58,17.65
1,150.00,32,516.85,520.06,8.64
1,150.00,33,667.00,367.81,0.00
1,150.00,34,477.17,652.55,20.36
1,150.00,35,541.90,424.64,24.66
1,150.00,36,699.95,728.57,0.00
1,150.00,37,797.76,557.12,0.00
1,150.00,38,23.07,13.77,0.00
1,150.00,39,364.76,461.28,6.05
1,150.00,40,128.58,82.80,5.75
1,150.00,41,549.56,691.71,14.68
1,150.00,42,604.06,627.48,9.88
1,150.00,43,418.05,278.17,22.89
1,150.00,44,432.99,450.22,12.35
1,150.00,45,419.34,542.63,9.78
1,150.00,46,586.93,301.09,15.10
1,150.00,47,410.71,240.16,12.95
1,150.00,48,224.15,917.85,0.00
1,150.00,49,772.67,810.71,11.95
1,150.00,50,779.59,368.78,12.03
1,150.00,51,463.28,197.12,5.24
1,150.00,52,456.70,711.15,11.29
1,150.00,53,941.53,312.56,13.05
1,150.00,54,431.93,240.06,18.57
1,150.00,55,49.79,114.68,7.41
1,150.00,56,829.50,798.51,0.00
1,150.00,57,686.41,610.05,13.38
1,150.00,58,142.56,916.94,12.72
1,150.00,59,429.50,566.94,5.45
1,150.00,60,538.08,917.01,12.18
1,150.00,61,301.43,656.62,21.18
1,150.00,62,506.96,448.81,11.46
1,150.00,63,857.00,91.70,8.85
1,150.00,64,620.79,759.15,5.50
1,150.00,65,633.31,878.97,6.10
1,150.00,66,802.54,321.22,19.07
1,150.00,67,233.36,208.15,13.37
1,150.00,68,892.44,365.57,17.85
1,150.00,69,425.63,694.41,0.00
1,150.00,70,782.21,561.68,13.27
1,150.00,71,301.67,871.44,8.09
1,150.00,72,152.73,747.03,15.22
1,150.00,73,756.66,542.77,15.08
1,150.00,74,630.61,461.34,9.65
1,150.00,75,722.85,209.41,19.18
1,150.00,76,451.52,105.89,10.46
1,150.00,77,550.62,848.91,16.29
1,150.00,78,265.44,184.55,13.99
1,150.00,79,784.01,854.28,18.07
1,150.00,80,398.82,451.52,6.24
1,150.00,81,169.80,141.58,0.00
1,150.00,82,563.92,364.20,0.00
1,150.00,83,575.74,425.87,9.09
1,150.00,84,11.02,819.00,0.00
1,150.00,85,709.40,127.43,16.12
1,150.00,86,774.50,303.89,11.92
1,150.00,87,80.87,636.92,5.30
1,150.00,88,745.20,298.73,16.08
1,150.00,89,277.76,209.46,8.84
1,150.00,90,142.95,730.96,9.88
1,150.00,91,578.49,559.38,5.99
1,150.00,92,493.31,109.77,6.69
1,150.00,93,239.40,636.63,9.66
1,150.00,94,340.72,237.84,0.00
1,150.00,95,456.52,312.64,11.09
1,150.00,96,370.19,404.95,8.26
1,150.00,97,572.68,234.61,13.20
1,150.00,98,614.07,60.80,0.00
1,150.00,99,410.36,400.89,0.00
1,150.00,100,726.94,839.25,8.66
1,150.00,101,401.68,771.56,7.40
1,150.00,102,814.98,714.41,5.40
1,150.00,103,374.54,92.71,15.09
1,150.00,104,232.51,453.91,6.83
1,150.00,105,534.71,494.70,21.66
1,150.00,106,658.93,714.47,9.61
1,150.00,107,386.38,16.26,9.90
1,150.00,108,604.36,621.91,0.00
1,150.00,109,489.51,235.69,14.01
1,150.00,110,19.71,42.41,0.00
1,150.00,111,895.08,777.98,11.68
1,150.00,112,934.40,108.28,0.00
1,150.00,113,778.34,406.97,10.98
1,150.00,114,342.08,480.22,9.47
1,150.00,115,224.55,578.87,9.27
1,150.00,116,169.13,112.73,0.00
1,150.00,117,186.62,610.50,0.00
1,150.00,118,525.75,732.08,0.00
1,150.00,119,648.17,483.60,12.30
1,150.00,120,206.46,142.72,5.54
1,150.00,121,102.77,460.69,0.00
1,150.00,122,575.24,243.59,13.18
1,150.00,123,567.98,529.66,7.57
1,150.00,124,498.10,631.48,8.22
1,150.00,125,491.84,187.31,17.91
1,150.00,126,709.53,699.55,5.78
1,150.00,127,783.70,872.49,0.00
1,150.00,128,68.25,858.39,12.04
1,150.00,129,493.40,623.12,19.13
1,150.00,130,943.49,338.36,0.00
1,150.00,131,463.94,493.29,13.41
1,150.00,132,363.37,245.36,0.00
1,150.00,133,307.91,517.13,0.00
1,150.00,134,222.38,656.77,11.48
1,150.00,135,905.28,294.42,5.74
1,150.00,136,574.35,861.59,10.86
1,150.00,137,502.50,583.45,5.94
1,150.00,138,405.83,335.05,9.37
1,150.00,139,161.11,451.73,10.82
1,150.00,140,441.82,540.80,7.84
1,150.00,141,333.76,320.00,8.62
1,150.00,142,415.13,730.46,9.06
1,150.00,143,306.66,521.68,10.51
1,150.00,144,292.17,587.95,20.48
1,150.00,145,669.70,571.72,5.49
1,150.00,146,96.43,127.50,7.78
1,150.00,147,765.40,298.34,11.27
1,150.00,148,308.39,52.74,0.00
1,150.00,149,500.89,604.28,17.76
1,160.00,0,180.99,565.35,13.48
1,160.00,1,747.03,601.72,17.38
1,160.00,2,327.47,626.97,22.13
1,160.00,3,450.18,379.34,13.15
1,160.00,4,298.22,652.68,0.00
1,160.00,5,356.86,436.23,9.34
1,160.00,6,744.44,865.76,8.28
1,160.00,7,307.51,605.60,5.79
1,160.00,8,199.88,378.13,8.69
1,160.00,9,466.95,361.77,12.77
1,160.00,10,536.51,718.88,5.44
1,160.00,11,273.26,484.01,11.41
1,160.00,12,712.49,119.95,21.87
1,160.00,13,285.56,165.62,11.03
1,160.00,14,570.77,886.40,12.87
1,160.00,15,502.69,759.38,19.45
1,160.00,16,686.58,279.07,14.76
1,160.00,17,283.70,493.76,6.75
1,160.00,18,217.73,131.16,9.31
1,160.00,19,297.32,888.68,8.96
1,160.00,20,732.76,397.88,9.22
1,160.00,21,691.99,210.34,20.70
1,160.00,22,718.73,772.92,0.00
1,160.00,23,519.00,641.46,7.64
1,160.00,24,933.33,788.63,6.65
1,160.00,25,523.10,314.85,0.00
1,160.00,26,461.00,686.65,21.59
1,160.00,27,147.45,648.06,15.59
1,160.00,28,483.61,70.75,5.42
1,160.00,29,391.09,364.12,7.87
1,160.00,30,411.69,219.99,11.92
1,160.00,31,224.05,787.10,17.65
1,160.00,32,460.14,454.92,8.64
1,160.00,33,604.97,391.62,14.97
1,160.00,34,634.59,781.72,20.36
1,160.00,35,527.47,306.31,0.00
1,160.00,36,701.66,722.06,13.62
1,160.00,37,724.10,540.60,10.41
1,160.00,38,66.09,19.28,8.86
1,160.00,39,365.27,400.75,6.05
1,160.00,40,84.31,46.02,5.75
1,160.00,41,556.12,751.10,0.00
1,160.00,42,683.97,685.68,9.88
1,160.00,43,496.83,234.83,0.00
1,160.00,44,471.52,348.61,0.00
1,160.00,45,492.32,477.52,9.78
1,160.00,46,438.85,330.67,15.10
1,160.00,47,382.97,113.72,12.95
1,160.00,48,239.95,915.67,12.31
1,160.00,49,775.38,841.40,0.00
1,160.00,50,864.80,283.84,12.03
1,160.00,51,515.63,198.50,5.24
1,160.00,52,364.47,776.29,11.29
1,160.00,53,919.98,441.32,13.05
1,160.00,54,415.28,157.17,0.00
1,160.00,55,79.22,182.73,7.41
1,160.00,56,821.91,788.06,8.07
1,160.00,57,643.69,736.87,13.38
1,160.00,58,150.18,789.98,12.72
1,160.00,59,469.25,529.62,5.45
1,160.00,60,655.86,885.92,12.18
1,160.00,61,90.40,638.18,21.18
1,160.00,62,571.31,543.59,11.46
1,160.00,63,891.48,12.86,0.00
1,160.00,64,604.84,811.75,5.50
1,160.00,65,604.52,932.75,6.10
1,160.00,66,880.33,495.39,19.07
1,160.00,67,326.37,304.20,13.37
1,160.00,68,749.26,472.11,17.85
1,160.00,69,439.52,668.91,5.77
1,160.00,70,865.28,665.11,13.27
1,160.00,71,313.96,791.46,8.09
1,160.00,72,207.49,605.07,15.22
1,160.00,73,670.52,419.01,15.08
1,160.00,74,707.26,402.75,9.65
1,160.00,75,595.50,352.77,19.18
1,160.00,76,347.26,97.52,10.46
1,160.00,77,709.24,811.98,16.29
1,160.00,78,341.57,301.88,13.99
1,160.00,79,822.13,677.64,18.07
1,160.00,80,373.15,508.43,6.24
1,160.00,81,170.05,141.92,12.76
1,160.00,82,546.85,501.87,15.30
1,160.00,83,486.54,408.28,9.09
1,160.00,84,80.03,780.17,11.41
1,160.00,85,725.38,17.60,0.00
1,160.00,86,776.45,184.68,11.92
1,160.00,87,71.31,645.27,0.00
1,160.00,88,585.66,318.68,16.08
1,160.00,89,310.57,291.56,8.84
1,160.00,90,239.65,710.54,9.88
1,160.00,91,637.83,551.24,5.99
1,160.00,92,472.10,173.25,6.69
1,160.00,93,277.14,547.76,9.66
1,160.00,94,353.28,219.07,11.92
1,160.00,95,465.98,202.10,11.09
1,160.00,96,429.76,347.70,8.26
1,160.00,97,521.14,264.37,0.00
1,160.00,98,458.92,127.05,17.32
1,160.00,99,400.92,392.68,12.67
1,160.00,100,649.34,800.73,8.66
1,160.00,101,385.05,843.63,7.40
1,160.00,102,868.45,721.57,5.40
1,160.00,103,336.33,52.92,0.00
1,160.00,104,250.31,387.96,6.83
1,160.00,105,556.02,509.24,0.00
1,160.00,106,601.03,637.77,9.61
1,160.00,107,484.28,31.10,9.90
1,160.00,108,535.92,644.96,22.04
1,160.00,109,395.54,339.61,14.01
1,160.00,110,26.04,85.41,9.21
1,160.00,111,897.06,661.22,11.68
1,160.00,112,941.55,209.10,10.37
1,160.00,113,779.62,405.62,0.00
1,160.00,114,402.17,553.44,9.47
1,160.00,115,224.41,578.91,0.00
1,160.00,116,210.57,153.15,10.69
1,160.00,117,285.27,676.39,18.83
1,160.00,118,572.67,706.88,13.59
1,160.00,119,654.19,373.63,0.00
1,160.00,120,167.72,103.09,5.54
1,160.00,121,167.25,346.76,18.50
1,160.00,122,553.02,188.97,0.00
1,160.00,123,629.21,574.19,7.57
1,160.00,124,579.69,641.05,8.22
1,160.00,125,580.53,342.86,17.91
1,160.00,126,728.59,754.12,5.78
1,160.00,127,818.37,832.82,5.41
1,160.00,128,62.82,812.40,0.00
1,160.00,129,659.20,527.71,19.13
1,160.00,130,879.81,405.88,19.88
1,160.00,131,525.62,612.36,13.41
1,160.00,132,421.85,183.25,14.20
1,160.00,133,345.10,566.78,17.49
1,160.00,134,335.14,678.42,11.48
1,160.00,135,933.11,244.22,5.74
1,160.00,136,466.20,851.62,10.86
1,160.00,137,532.64,532.22,5.94
1,160.00,138,457.44,413.21,9.37
1,160.00,139,78.28,382.17,10.82
1,160.00,140,508.80,581.47,7.84
1,160.00,141,292.81,296.38,0.00
1,160.00,142,364.26,655.53,9.06
1,160.00,143,263.42,425.92,10.51
1,160.00,144,300.02,549.77,0.00
1,160.00,145,628.84,608.38,5.49
1,160.00,146,170.91,149.94,7.78
1,160.00,147,878.09,298.95,11.27
1,160.00,148,338.33,100.73,12.37
1,160.00,149,645.99,706.75,17.76
1,170.00,0,306.17,615.33,13.48
1,170.00,1,873.02,482.04,17.38
1,170.00,2,236.04,549.08,0.00
1,170.00,3,534.90,278.72,13.15
1,170.00,4,382.76,550.28,13.76
1,170.00,5,438.79,480.97,9.34
1,170.00,6,687.73,805.46,8.28
1,170.00,7,325.79,550.62,5.79
1,170.00,8,134.82,435.68,8.69
1,170.00,9,552.51,456.56,12.77
1,170.00,10,505.76,673.97,5.44
1,170.00,11,293.01,371.59,11.41
1,170.00,12,694.40,337.86,21.87
1,170.00,13,179.91,134.08,11.03
1,170.00,14,534.25,969.73,0.00
1,170.00,15,665.14,652.37,19.45
1,170.00,16,733.09,419.18,14.76
1,170.00,17,257.14,431.69,6.75
1,170.00,18,304.89,133.90,0.00
1,170.00,19,282.30,935.34,0.00
1,170.00,20,660.10,341.14,9.22
1,170.00,21,717.47,415.76,20.70
1,170.00,22,772.30,767.61,0.00
1,170.00,23,576.94,691.28,7.64
1,170.00,24,973.60,779.99,0.00
1,170.00,25,482.33,288.04,7.86
1,170.00,26,445.03,746.29,0.00
1,170.00,27,303.36,645.62,15.59
1,170.00,28,461.71,21.22,5.42
1,170.00,29,420.84,291.28,7.87
1,170.00,30,333.70,129.83,11.92
1,170.00,31,94.15,867.05,0.00
1,170.00,32,403.43,389.78,8.64
1,170.00,33,465.25,445.23,14.97
1,170.00,34,776.25,897.96,0.00
1,170.00,35,512.26,353.09,9.52
1,170.00,36,736.17,590.34,13.62
1,170.00,37,622.55,517.83,10.41
1,170.00,38,154.02,30.55,8.86
1,170.00,39,365.78,340.21,6.05
1,170.00,40,42.65,11.42,0.00
1,170.00,41,533.13,698.62,9.66
1,170.00,42,763.87,743.87,9.88
1,170.00,43,535.72,351.06,20.18
1,170.00,44,486.26,331.83,18.63
1,170.00,45,565.30,412.40,9.78
1,170.00,46,290.78,360.25,15.10
1,170.00,47,376.23,83.04,0.00
1,170.00,48,361.89,898.87,12.31
1,170.00,49,694.76,698.16,22.15
1,170.00,50,948.21,200.71,0.00
1,170.00,51,554.11,199.51,0.00
1,170.00,52,272.23,841.43,11.29
1,170.00,53,898.44,570.07,13.05
1,170.00,54,441.81,210.20,10.89
1,170.00,55,108.64,250.77,7.41
1,170.00,56,774.48,722.78,8.07
1,170.00,57,633.25,767.85,0.00
1,170.00,58,157.80,663.01,12.72
1,170.00,59,509.00,492.30,5.45
1,170.00,60,773.64,854.83,12.18
1,170.00,61,16.62,631.73,0.00
1,170.00,62,635.67,638.37,11.46
1,170.00,63,891.32,17.64,17.66
1,170.00,64,588.90,864.34,5.50
1,170.00,65,589.21,961.34,0.00
1,170.00,66,899.24,537.75,0.00
1,170.00,67,419.38,400.25,13.37
1,170.00,68,606.07,578.66,17.85
1,170.00,69,467.09,618.26,5.77
1,170.00,70,948.35,768.55,13.27
1,170.00,71,326.26,711.48,8.09
1,170.00,72,262.26,463.11,15.22
1,170.00,73,584.39,295.26,15.08
1,170.00,74,783.91,344.16,9.65
1,170.00,75,468.15,496.13,19.18
1,170.00,76,242.99,89.16,10.46
1,170.00,77,867.86,775.05,16.29
1,170.00,78,417.70,419.21,13.99
1,170.00,79,860.24,501.00,18.07
1,170.00,80,347.48,565.34,6.24
1,170.00,81,246.89,243.82,12.76
1,170.00,82,528.02,653.70,15.30
1,170.00,83,397.34,390.69,9.09
1,170.00,84,179.50,724.21,11.41
1,170.00,85,708.48,58.87,14.31
1,170.00,86,778.41,65.46,11.92
1,170.00,87,159.85,611.57,12.45
1,170.00,88,426.11,338.63,16.08
1,170.00,89,343.39,373.67,8.84
1,170.00,90,336.36,690.12,9.88
1,170.00,91,688.05,544.35,0.00
1,170.00,92,450.88,236.74,6.69
1,170.00,93,314.87,458.88,9.66
1,170.00,94,419.54,119.99,11.92
1,170.00,95,470.37,150.82,0.00
1,170.00,96,489.33,290.46,8.26
1,170.00,97,465.39,317.10,13.98
1,170.00,98,420.09,143.64,0.00
1,170.00,99,305.35,309.55,12.67
1,170.00,100,571.74,762.20,8.66
1,170.00,101,368.42,915.70,7.40
1,170.00,102,921.93,728.74,5.40
1,170.00,103,391.59,60.61,8.79
1,170.00,104,268.11,322.01,6.83
1,170.00,105,501.09,449.39,9.22
1,170.00,106,543.13,561.07,9.61
1,170.00,107,582.17,45.94,9.90
1,170.00,108,327.00,715.32,22.04
1,170.00,109,301.57,443.52,14.01
1,170.00,110,39.46,176.54,9.21
1,170.00,111,899.05,544.46,11.68
1,170.00,112,948.88,312.53,10.37
1,170.00,113,808.93,629.06,22.92
1,170.00,114,462.26,626.65,9.47
1,170.00,115,235.88,602.77,0.00
1,170.00,116,287.12,227.80,10.69
1,170.00,117,441.83,780.96,18.83
1,170.00,118,692.37,642.59,13.59
1,170.00,119,664.49,381.44,12.36
1,170.00,120,146.10,80.97,0.00
1,170.00,121,258.36,185.80,18.50
1,170.00,122,597.94,301.49,21.92
1,170.00,123,690.45,618.73,7.57
1,170.00,124,637.98,647.88,0.00
1,170.00,125,669.22,498.40,17.91
1,170.00,126,747.66,808.70,5.78
1,170.00,127,853.98,792.08,5.41
1,170.00,128,71.37,763.27,8.10
1,170.00,129,825.00,432.30,19.13
1,170.00,130,743.45,550.49,19.88
1,170.00,131,587.30,731.43,13.41
1,170.00,132,519.21,79.84,14.20
1,170.00,133,396.55,635.45,0.00
1,170.00,134,447.91,700.07,11.48
1,170.00,135,954.74,205.20,0.00
1,170.00,136,358.05,841.66,10.86
1,170.00,137,562.77,480.99,5.94
1,170.00,138,509.05,491.37,9.37
1,170.00,139,57.00,364.29,0.00
1,170.00,140,575.78,622.15,7.84
1,170.00,141,329.99,329.78,11.07
1,170.00,142,313.38,580.60,9.06
1,170.00,143,220.18,330.15,10.51
1,170.00,144,425.11,538.16,15.52
1,170.00,145,587.98,645.04,5.49
1,170.00,146,245.39,172.38,7.78
1,170.00,147,932.80,299.24,0.00
1,170.00,148,403.81,205.70,12.37
1,170.00,149,791.08,809.22,17.76
1,180.00,0,431.35,665.30,13.48
1,180.00,1,923.07,434.49,0.00
1,180.00,2,213.39,584.52,9.20
1,180.00,3,619.62,178.10,13.15
1,180.00,4,470.37,444.15,13.76
1,180.00,5,520.73,525.71,9.34
1,180.00,6,631.01,745.16,8.28
1,180.00,7,344.07,495.64,5.79
1,180.00,8,88.11,477.00,0.00
1,180.00,9,635.25,548.23,0.00
1,180.00,10,475.01,629.05,5.44
1,180.00,11,312.76,259.18,11.41
1,180.00,12,676.30,555.78,21.87
1,180.00,13,109.89,113.17,0.00
1,180.00,14,512.73,929.22,15.67
1,180.00,15,827.59,545.36,19.45
1,180.00,16,768.74,526.60,0.00
1,180.00,17,241.72,395.68,0.00
1,180.00,18,295.12,140.73,18.72
1,180.00,19,309.02,913.01,7.69
1,180.00,20,587.44,284.41,9.22
1,180.00,21,740.11,598.26,0.00
1,180.00,22,786.42,851.34,15.31
1,180.00,23,631.09,737.85,0.00
1,180.00,24,952.99,750.13,9.52
1,180.00,25,416.64,244.84,7.86
1,180.00,26,470.24,710.23,6.16
1,180.00,27,459.26,643.17,15.59
1,180.00,28,452.50,0.39,0.00
1,180.00,29,450.59,218.45,7.87
1,180.00,30,308.98,101.26,0.00
1,180.00,31,108.75,855.98,13.49
1,180.00,32,346.73,324.64,8.64
1,180.00,33,325.53,498.84,14.97
1,180.00,34,782.01,894.48,6.73
1,180.00,35,482.81,443.65,9.52
1,180.00,36,764.01,484.10,0.00
1,180.00,37,603.54,513.57,0.00
1,180.00,38,241.95,41.82,8.86
1,180.00,39,366.29,279.67,6.05
1,180.00,40,51.05,19.16,19.38
1,180.00,41,494.38,610.13,9.66
1,180.00,42,785.41,759.57,0.00
1,180.00,43,599.78,542.46,20.18
1,180.00,44,609.19,191.86,18.63
1,180.00,45,638.29,347.29,9.78
1,180.00,46,156.32,387.11,0.00
1,180.00,47,387.57,186.12,13.69
1,180.00,48,483.82,882.07,12.31
1,180.00,49,586.11,505.12,22.15
1,180.00,50,945.94,204.19,19.54
1,180.00,51,591.74,198.10,14.21
1,180.00,52,180.00,906.57,11.29
1,180.00,53,876.90,698.83,13.05
1,180.00,54,490.50,307.55,10.89
1,180.00,55,138.07,318.82,7.41
1,180.00,56,727.05,657.50,8.07
1,180.00,57,507.80,636.76,24.01
1,180.00,58,161.02,609.29,0.00
1,180.00,59,548.75,454.98,5.45
1,180.00,60,891.42,823.73,12.18
1,180.00,61,166.98,570.76,24.95
1,180.00,62,700.02,733.16,11.46
1,180.00,63,885.18,194.12,17.66
1,180.00,64,572.96,916.94,5.50
1,180.00,65,525.56,885.90,21.07
1,180.00,66,753.46,550.54,19.34
1,180.00,67,512.39,496.31,13.37
1,180.00,68,464.58,683.94,0.00
1,180.00,69,494.66,567.61,5.77
1,180.00,70,958.68,781.41,0.00
1,180.00,71,335.26,652.91,0.00
1,180.00,72,308.04,344.43,0.00
1,180.00,73,498.25,171.51,15.08
1,180.00,74,860.56,285.56,9.65
1,180.00,75,340.80,639.49,19.18
1,180.00,76,138.72,80.79,10.46
1,180.00,77,997.30,744.92,0.00
1,180.00,78,493.84,536.54,13.99
1,180.00,79,869.58,457.72,0.00
1,180.00,80,321.80,622.25,6.24
1,180.00,81,323.72,345.72,12.76
1,180.00,82,509.20,805.53,15.30
1,180.00,83,308.14,373.09,9.09
1,180.00,84,278.97,668.25,11.41
1,180.00,85,654.26,191.32,14.31
1,180.00,86,778.87,37.31,0.00
1,180.00,87,276.22,567.29,12.45
1,180.00,88,389.07,343.27,0.00
1,180.00,89,376.20,455.77,8.84
1,180.00,90,433.06,669.69,9.88
1,180.00,91,704.44,559.44,14.49
1,180.00,92,429.67,300.22,6.69
1,180.00,93,352.61,370.01,9.66
1,180.00,94,446.38,79.87,0.00
1,180.00,95,468.29,211.54,11.34
1,180.00,96,548.90,233.22,8.26
1,180.00,97,363.83,413.13,13.98
1,180.00,98,460.16,184.34,7.55
1,180.00,99,209.78,226.41,12.67
1,180.00,100,494.15,723.68,8.66
1,180.00,101,364.02,934.73,0.00
1,180.00,102,973.27,735.61,0.00
1,180.00,103,478.68,72.72,8.79
1,180.00,104,285.91,256.06,6.83
1,180.00,105,438.73,381.45,9.22
1,180.00,106,485.23,484.37,9.61
1,180.00,107,659.77,57.70,0.00
1,180.00,108,118.09,785.69,22.04
1,180.00,109,207.59,547.44,14.01
1,180.00,110,52.87,267.67,9.21
1,180.00,111,901.03,427.69,11.68
1,180.00,112,956.22,415.96,10.37
1,180.00,113,838.75,856.34,22.92
1,180.00,114,522.35,699.86,9.47
1,180.00,115,279.49,628.72,5.75
1,180.00,116,363.68,302.45,10.69
1,180.00,117,452.54,788.11,0.00
1,180.00,118,812.07,578.30,13.59
1,180.00,119,763.01,456.14,12.36
1,180.00,120,207.36,140.09,19.27
1,180.00,121,309.70,95.09,0.00
1,180.00,122,679.22,505.09,21.92
1,180.00,123,751.68,663.27,7.57
1,180.00,124,598.09,590.00,24.62
1,180.00,125,702.65,557.02,0.00
1,180.00,126,758.02,838.37,0.00
1,180.00,127,889.59,751.35,5.41
1,180.00,128,85.27,683.43,8.10
1,180.00,129,873.76,404.24,0.00
1,180.00,130,607.09,695.10,19.88
1,180.00,131,633.98,821.53,0.00
1,180.00,132,589.14,5.57,0.00
1,180.00,133,339.59,641.05,11.23
1,180.00,134,560.67,721.72,11.48
1,180.00,135,924.95,227.34,16.67
1,180.00,136,258.06,832.45,0.00
1,180.00,137,592.91,429.76,5.94
1,180.00,138,560.66,569.53,9.37
1,180.00,139,114.41,512.84,21.43
1,180.00,140,642.76,662.82,7.84
1,180.00,141,412.33,403.75,11.07
1,180.00,142,262.51,505.68,9.06
1,180.00,143,176.94,234.39,10.51
1,180.00,144,579.60,523.82,15.52
1,180.00,145,547.12,681.71,5.49
1,180.00,146,319.87,194.83,7.78
1,180.00,147,932.30,264.35,6.78
1,180.00,148,453.51,285.36,0.00
1,180.00,149,895.08,882.66,0.00
1,190.00,0,556.53,715.28,13.48
1,190.00,1,919.83,364.28,11.66
1,190.00,2,163.86,662.03,9.20
1,190.00,3,704.34,77.48,13.15
1,190.00,4,557.97,338.02,13.76
1,190.00,5,602.66,570.45,9.34
1,190.00,6,574.30,684.86,8.28
1,190.00,7,362.35,440.67,5.79
1,190.00,8,119.34,489.37,11.91
1,190.00,9,637.68,545.11,12.01
1,190.00,10,444.26,584.14,5.44
1,190.00,11,330.63,157.44,0.00
1,190.00,12,658.20,773.70,21.87
1,190.00,13,123.13,126.15,5.50
1,190.00,14,446.59,804.68,0.00
1,190.00,15,887.46,505.92,0.00
1,190.00,16,745.43,571.56,21.70
1,190.00,17,293.32,371.80,13.54
1,190.00,18,141.72,247.97,18.72
1,190.00,19,368.03,863.71,7.69
1,190.00,20,514.78,227.68,9.22
1,190.00,21,763.97,599.47,21.41
1,190.00,22,810.79,995.88,0.00
1,190.00,23,623.12,729.67,17.43
1,190.00,24,898.93,671.81,9.52
1,190.00,25,350.96,201.65,7.86
1,190.00,26,505.55,659.73,6.16
1,190.00,27,615.16,640.72,15.59
1,190.00,28,430.98,54.68,10.08
1,190.00,29,480.34,145.61,7.87
1,190.00,30,349.60,210.50,17.06
1,190.00,31,216.24,774.45,13.49
1,190.00,32,290.02,259.50,8.64
1,190.00,33,223.76,537.90,0.00
1,190.00,34,839.60,859.69,6.73
1,190.00,35,453.36,534.21,9.52
1,190.00,36,734.33,498.62,17.08
1,190.00,37,441.16,623.89,24.15
1,190.00,38,329.87,53.09,8.86
1,190.00,39,366.80,219.14,6.05
1,190.00,40,193.48,150.52,19.38
1,190.00,41,465.40,543.97,0.00
1,190.00,42,703.56,674.07,16.21
1,190.00,43,663.84,733.86,20.18
1,190.00,44,732.12,51.89,18.63
1,190.00,45,711.27,282.17,9.78
1,190.00,46,163.77,400.92,17.05
1,190.00,47,402.54,322.23,13.69
1,190.00,48,605.76,865.27,12.31
1,190.00,49,532.99,410.75,0.00
1,190.00,50,839.44,368.01,19.54
1,190.00,51,733.77,192.77,14.21
1,190.00,52,173.36,911.26,0.00
1,190.00,53,855.35,827.59,13.05
1,190.00,54,539.20,404.90,10.89
1,190.00,55,167.50,386.86,7.41
1,190.00,56,679.62,592.22,8.07
1,190.00,57,341.79,463.28,24.01
1,190.00,58,264.88,661.50,20.15
1,190.00,59,588.50,417.66,5.45
1,190.00,60,935.58,812.08,0.00
1,190.00,61,398.17,477.01,24.95
1,190.00,62,703.15,737.76,0.00
1,190.00,63,879.05,370.60,17.66
1,190.00,64,558.52,964.57,0.00
1,190.00,65,389.68,724.86,21.07
1,190.00,66,560.83,567.45,19.34
1,190.00,67,605.40,592.36,13.37
1,190.00,68,465.34,681.72,19.80
1,190.00,69,522.24,516.96,5.77
1,190.00,70,789.85,728.01,20.22
1,190.00,71,376.07,603.99,23.80
1,190.00,72,280.23,368.39,22.39
1,190.00,73,453.29,106.91,0.00
1,190.00,74,866.61,280.95,0.00
1,190.00,75,213.45,782.85,19.18
1,190.00,76,55.61,74.13,0.00
1,190.00,77,982.21,743.52,8.24
1,190.00,78,569.97,653.87,13.99
1,190.00,79,778.66,578.65,20.04
1,190.00,80,296.13,679.16,6.24
1,190.00,81,400.56,447.61,12.76
1,190.00,82,506.04,830.95,0.00
1,190.00,83,241.80,360.01,0.00
1,190.00,84,378.43,612.29,11.41
1,190.00,85,600.03,323.76,14.31
1,190.00,86,718.57,190.19,21.51
1,190.00,87,392.59,523.01,12.45
1,190.00,88,493.26,272.64,16.39
1,190.00,89,409.02,537.88,8.84
1,190.00,90,529.77,649.27,9.88
1,190.00,91,811.09,657.57,14.49
1,190.00,92,408.46,363.70,6.69
1,190.00,93,390.35,281.13,9.66
1,190.00,94,330.81,84.12,19.43
1,190.00,95,464.42,324.85,11.34
1,190.00,96,608.47,175.97,8.26
1,190.00,97,279.75,492.63,0.00
1,190.00,98,513.15,238.16,7.55
1,190.00,99,114.21,143.28,12.67
1,190.00,100,416.55,685.15,8.66
1,190.00,101,342.25,856.92,10.98
1,190.00,102,969.44,731.38,14.30
1,190.00,103,565.76,84.83,8.79
1,190.00,104,303.70,190.12,6.83
1,190.00,105,376.38,313.51,9.22
1,190.00,106,427.33,407.67,9.61
1,190.00,107,659.16,70.87,6.36
1,190.00,108,97.21,792.72,0.00
1,190.00,109,113.62,651.35,14.01
1,190.00,110,66.28,358.80,9.21
1,190.00,111,903.01,310.93,11.68
1,190.00,112,963.55,519.38,10.37
1,190.00,113,840.00,865.85,0.00
1,190.00,114,582.44,773.08,9.47
1,190.00,115,328.87,658.11,5.75
1,190.00,116,440.23,377.11,10.69
1,190.00,117,366.93,812.51,9.56
1,190.00,118,907.54,527.03,0.00
1,190.00,119,861.53,530.84,12.36
1,190.00,120,346.00,273.87,19.27
1,190.00,121,342.04,90.76,7.48
1,190.00,122,760.50,708.69,21.92
1,190.00,123,798.64,697.42,0.00
1,190.00,124,458.40,387.28,24.62
1,190.00,125,650.85,517.49,10.46
1,190.00,126,780.29,812.85,7.42
1,190.00,127,925.19,710.61,5.41
1,190.00,128,99.17,603.59,8.10
1,190.00,129,765.28,379.73,15.76
1,190.00,130,470.72,839.71,19.88
1,190.00,131,590.58,827.19,17.99
1,190.00,132,599.09,50.55,16.35
1,190.00,133,227.81,652.03,11.23
1,190.00,134,673.44,743.36,11.48
1,190.00,135,791.11,326.78,16.67
1,190.00,136,265.80,825.22,14.02
1,190.00,137,623.04,378.53,5.94
1,190.00,138,612.27,647.69,9.37
1,190.00,139,191.68,712.77,21.43
1,190.00,140,709.74,703.50,7.84
1,190.00,141,494.68,477.71,11.07
1,190.00,142,211.64,430.75,9.06
1,190.00,143,133.71,138.62,10.51
1,190.00,144,734.08,509.49,15.52
1,190.00,145,506.27,718.37,5.49
1,190.00,146,394.35,217.27,7.78
1,190.00,147,931.33,196.53,6.78
1,190.00,148,483.43,316.96,18.05
1,190.00,149,849.53,882.15,16.08
1,200.00,0,632.76,745.71,0.00
1,200.00,1,914.45,247.78,11.66
1,200.00,2,114.33,739.53,9.20
1,200.00,3,723.91,54.24,0.00
1,200.00,4,645.58,231.90,13.76
1,200.00,5,684.60,615.19,9.34
1,200.00,6,517.59,624.56,8.28
1,200.00,7,380.63,385.69,5.79
1,200.00,8,230.03,533.23,11.91
1,200.00,9,711.62,450.49,12.01
1,200.00,10,413.51,539.23,5.44
1,200.00,11,349.35,167.93,22.59
1,200.00,12,651.74,851.46,0.00
1,200.00,13,162.38,164.61,5.50
1,200.00,14,455.13,794.24,13.51
1,200.00,15,784.65,570.48,19.22
1,200.00,16,706.92,645.83,0.00
1,200.00,17,416.21,314.91,13.54
1,200.00,18,69.49,298.45,0.00
1,200.00,19,427.04,814.40,7.69
1,200.00,20,442.12,170.94,9.22
1,200.00,21,895.59,606.13,0.00
1,200.00,22,803.60,991.62,19.72
1,200.00,23,501.45,604.82,17.43
1,200.00,24,844.87,593.50,9.52
1,200.00,25,285.28,158.45,7.86
1,200.00,26,540.87,609.24,6.16
1,200.00,27,771.07,638.28,15.59
1,200.00,28,393.85,148.39,10.08
1,200.00,29,480.38,145.52,0.00
1,200.00,30,409.07,370.42,17.06
1,200.00,31,323.73,692.92,13.49
1,200.00,32,233.31,194.35,8.64
1,200.00,33,284.54,536.82,22.39
1,200.00,34,897.18,824.90,6.73
1,200.00,35,423.92,624.77,9.52
1,200.00,36,580.91,573.68,17.08
1,200.00,37,241.40,759.61,24.15
1,200.00,38,417.80,64.36,8.86
1,200.00,39,367.09,184.73,0.00
1,200.00,40,335.92,281.89,19.38
1,200.00,41,421.10,572.52,20.89
1,200.00,42,591.49,557.01,16.21
1,200.00,43,724.54,915.22,0.00
1,200.00,44,755.48,25.29,0.00
1,200.00,45,784.25,217.05,9.78
1,200.00,46,244.69,551.05,17.05
1,200.00,47,417.51,458.34,13.69
1,200.00,48,727.69,848.47,12.31
1,200.00,49,462.82,462.09,17.01
1,200.00,50,732.93,531.82,19.54
1,200.00,51,858.57,188.09,0.00
1,200.00,52,346.43,883.37,18.89
1,200.00,53,833.81,956.34,13.05
1,200.00,54,587.89,502.25,10.89
1,200.00,55,196.93,454.91,7.41
1,200.00,56,632.19,526.94,8.07
1,200.00,57,175.78,289.79,24.01
1,200.00,58,444.93,751.99,20.15
1,200.00,59,628.25,380.34,5.45
1,200.00,60,894.16,741.15,13.14
1,200.00,61,629.36,383.26,24.95
1,200.00,62,672.56,517.65,23.36
1,200.00,63,872.92,547.08,17.66
1,200.00,64,552.29,948.83,17.93
1,200.00,65,253.79,563.82,21.07
1,200.00,66,447.35,577.40,0.00
1,200.00,67,698.41,688.42,13.37
1,200.00,68,529.37,494.32,19.80
1,200.00,69,549.81,466.31,5.77
1,200.00,70,597.04,667.03,20.22
1,200.00,71,528.52,421.24,23.80
1,200.00,72,110.59,514.57,22.39
1,200.00,73,499.44,162.64,15.13
1,200.00,74,734.41,228.82,15.43
1,200.00,75,159.94,843.08,0.00
1,200.00,76,55.02,84.86,5.29
1,200.00,77,900.12,735.92,8.24
1,200.00,78,646.10,771.20,13.99
1,200.00,79,658.22,738.83,20.04
1,200.00,80,270.45,736.07,6.24
1,200.00,81,477.39,549.51,12.76
1,200.00,82,675.32,863.14,20.70
1,200.00,83,289.91,396.38,23.53
1,200.00,84,477.90,556.34,11.41
1,200.00,85,545.80,456.21,14.31
1,200.00,86,693.22,254.48,0.00
1,200.00,87,508.96,478.72,12.45
1,200.00,88,628.96,180.65,16.39
1,200.00,89,415.31,553.63,0.00
1,200.00,90,626.47,628.85,9.88
1,200.00,91,858.08,700.80,0.00
1,200.00,92,387.25,427.18,6.69
1,200.00,93,396.93,265.65,0.00
1,200.00,94,183.90,89.51,0.00
1,200.00,95,464.31,328.21,0.00
1,200.00,96,668.04,118.73,8.26
1,200.00,97,274.50,466.80,15.32
1,200.00,98,566.14,291.98,7.55
1,200.00,99,53.67,90.62,0.00
1,200.00,100,338.95,646.63,8.66
1,200.00,101,312.67,751.19,10.98
1,200.00,102,873.51,625.29,14.30
1,200.00,103,652.84,96.94,8.79
1,200.00,104,321.50,124.17,6.83
1,200.00,105,314.02,245.57,9.22
1,200.00,106,382.03,347.66,0.00
1,200.00,107,656.24,134.42,6.36
1,200.00,108,233.89,835.12,15.90
1,200.00,109,44.33,727.97,0.00
1,200.00,110,79.70,449.93,9.21
1,200.00,111,905.00,194.17,11.68
1,200.00,112,970.88,622.81,10.37
1,200.00,113,792.26,824.59,6.58
1,200.00,114,642.54,846.29,9.47
1,200.00,115,378.25,687.49,5.75
1,200.00,116,516.78,451.76,10.69
1,200.00,117,275.03,838.69,9.56
1,200.00,118,885.40,531.26,11.14
1,200.00,119,960.05,605.53,12.36
1,200.00,120,484.63,407.65,19.27
1,200.00,121,416.14,80.83,7.48
1,200.00,122,841.78,912.29,21.92
1,200.00,123,778.28,677.24,12.30
1,200.00,124,342.49,219.06,0.00
1,200.00,125,567.74,454.05,10.46
1,200.00,126,829.10,756.90,7.42
1,200.00,127,960.80,669.88,5.41
1,200.00,128,113.07,523.75,8.10
1,200.00,129,611.59,345.00,15.76
1,200.00,130,387.73,927.73,0.00
1,200.00,131,412.17,850.42,17.99
1,200.00,132,634.43,210.22,16.35
1,200.00,133,222.44,652.56,0.00
1,200.00,134,733.39,754.87,0.00
1,200.00,135,657.27,426.23,16.67
1,200.00,136,368.27,729.48,14.02
1,200.00,137,653.18,327.30,5.94
1,200.00,138,663.88,725.84,9.37
1,200.00,139,252.67,870.56,0.00
1,200.00,140,776.72,744.17,7.84
1,200.00,141,577.02,551.68,11.07
1,200.00,142,160.77,355.82,9.06
1,200.00,143,99.37,62.56,0.00
1,200.00,144,758.80,507.19,0.00
1,200.00,145,465.41,755.04,5.49
1,200.00,146,468.83,239.71,7.78
1,200.00,147,930.36,128.71,6.78
1,200.00,148,569.19,407.49,0.00
1,200.00,149,688.69,880.34,16.08
1,210.00,0,619.66,727.71,5.69
1,210.00,1,909.07,131.28,11.66
1,210.00,2,64.79,817.03,9.20
1,210.00,3,739.67,236.33,23.77
1,210.00,4,733.19,125.77,13.76
1,210.00,5,685.48,615.68,0.00
1,210.00,6,460.88,564.27,8.28
1,210.00,7,398.91,330.72,5.79
1,210.00,8,340.73,577.09,11.91
1,210.00,9,785.56,355.88,12.01
1,210.00,10,382.76,494.32,5.44
1,210.00,11,546.40,278.45,22.59
1,210.00,12,543.21,911.00,19.25
1,210.00,13,201.63,203.07,5.50
1,210.00,14,540.69,689.64,13.51
1,210.00,15,621.85,672.73,19.22
1,210.00,16,645.87,540.74,19.78
1,210.00,17,539.11,258.01,13.54
1,210.00,18,116.57,384.32,18.50
1,210.00,19,486.04,765.10,7.69
1,210.00,20,369.46,114.21,9.22
1,210.00,21,861.52,582.10,10.85
1,210.00,22,633.92,891.07,19.72
1,210.00,23,379.79,479.97,17.43
1,210.00,24,790.82,515.18,9.52
1,210.00,25,219.59,115.26,7.86
1,210.00,26,576.18,558.74,6.16
1,210.00,27,913.99,636.03,0.00
1,210.00,28,356.72,242.10,10.08
1,210.00,29,579.42,166.80,10.14
1,210.00,30,468.54,530.34,17.06
1,210.00,31,431.22,611.39,13.49
1,210.00,32,176.60,129.21,8.64
1,210.00,33,508.37,532.86,22.39
1,210.00,34,954.77,790.11,6.73
1,210.00,35,409.49,669.15,0.00
1,210.00,36,427.48,648.74,17.08
1,210.00,37,52.25,888.12,0.00
1,210.00,38,505.73,75.63,8.86
1,210.00,39,374.70,245.05,14.08
1,210.00,40,478.35,413.25,19.38
1,210.00,41,245.54,685.71,20.89
1,210.00,42,479.41,439.95,16.21
1,210.00,43,727.84,908.86,13.65
1,210.00,44,702.48,54.92,7.50
1,210.00,45,805.73,197.89,0.00
1,210.00,46,325.60,701.18,17.05
1,210.00,47,428.83,561.34,0.00
1,210.00,48,849.63,831.67,12.31
1,210.00,49,325.55,562.53,17.01
1,210.00,50,626.42,695.64,19.54
1,210.00,51,845.79,196.70,12.71
1,210.00,52,483.88,861.23,0.00
1,210.00,53,827.35,994.92,0.00
1,210.00,54,620.78,567.99,0.00
1,210.00,55,226.36,522.95,7.41
1,210.00,56,584.76,461.66,8.07
1,210.00,57,49.97,158.32,0.00
1,210.00,58,615.07,837.52,0.00
1,210.00,59,667.99,343.02,5.45
1,210.00,60,827.89,627.69,13.14
1,210.00,61,790.47,317.93,0.00
1,210.00,62,640.42,286.28,23.36
1,210.00,63,866.78,723.56,17.66
1,210.00,64,486.33,782.15,17.93
1,210.00,65,117.91,402.77,21.07
1,210.00,66,484.30,517.44,17.14
1,210.00,67,782.25,774.99,0.00
1,210.00,68,556.36,415.32,0.00
1,210.00,69,568.19,432.54,0.00
1,210.00,70,439.09,617.07,0.00
1,210.00,71,680.98,238.49,23.80
1,210.00,72,48.99,567.65,0.00
1,210.00,73,595.96,279.21,15.13
1,210.00,74,590.90,172.22,15.43
1,210.00,75,173.91,742.58,17.50
1,210.00,76,52.13,137.72,5.29
1,210.00,77,818.04,728.33,8.24
1,210.00,78,681.79,826.20,0.00
1,210.00,79,541.34,894.28,0.00
1,210.00,80,244.78,792.98,6.24
1,210.00,81,554.22,651.41,12.76
1,210.00,82,752.73,877.86,0.00
1,210.00,83,477.63,538.27,23.53
1,210.00,84,577.37,500.38,11.41
1,210.00,85,491.57,588.65,14.31
1,210.00,86,713.11,339.36,12.84
1,210.00,87,584.06,450.15,0.00
1,210.00,88,710.34,125.48,0.00
1,210.00,89,580.47,474.67,22.65
1,210.00,90,723.18,608.43,9.88
1,210.00,91,740.20,692.72,21.12
1,210.00,92,366.03,490.66,6.69
1,210.00,93,295.08,288.02,12.63
1,210.00,94,183.21,129.17,16.29
1,210.00,95,367.83,157.72,20.19
1,210.00,96,727.60,61.48,8.26
1,210.00,97,243.94,316.67,15.32
1,210.00,98,619.13,345.79,7.55
1,210.00,99,50.06,137.93,12.94
1,210.00,100,261.36,608.10,8.66
1,210.00,101,283.09,645.47,10.98
1,210.00,102,777.58,519.21,14.30
1,210.00,103,696.50,103.01,0.00
1,210.00,104,333.86,78.38,0.00
1,210.00,105,251.67,177.63,9.22
1,210.00,106,415.38,352.50,15.49
1,210.00,107,653.33,197.96,6.36
1,210.00,108,385.75,882.23,15.90
1,210.00,109,47.49,691.41,13.97
1,210.00,110,93.11,541.07,9.21
1,210.00,111,906.98,77.40,11.68
1,210.00,112,978.21,726.24,10.37
1,210.00,113,742.44,781.54,6.58
1,210.00,114,683.35,896.02,0.00
1,210.00,115,427.63,716.87,5.75
1,210.00,116,593.33,526.41,10.69
1,210.00,117,183.13,864.88,9.56
1,210.00,118,775.98,552.21,11.14
1,210.00,119,963.89,608.44,0.00
1,210.00,120,623.27,541.43,19.27
1,210.00,121,490.24,70.90,7.48
1,210.00,122,867.36,976.37,0.00
1,210.00,123,690.92,590.63,12.30
1,210.00,124,379.06,203.38,23.38
1,210.00,125,484.62,390.61,10.46
1,210.00,126,877.91,700.95,7.42
1,210.00,127,977.78,650.45,0.00
1,210.00,128,126.59,446.12,0.00
1,210.00,129,457.90,310.27,15.76
1,210.00,130,409.92,930.70,5.72
1,210.00,131,233.76,873.66,17.99
1,210.00,132,669.77,369.90,16.35
1,210.00,133,170.81,696.23,7.10
1,210.00,134,754.55,699.47,12.66
1,210.00,135,536.09,516.27,0.00
1,210.00,136,470.75,633.74,14.02
1,210.00,137,683.31,276.06,5.94
1,210.00,138,715.49,804.00,9.37
1,210.00,139,269.62,851.99,11.93
1,210.00,140,799.39,757.94,0.00
1,210.00,141,635.10,603.85,0.00
1,210.00,142,109.90,280.89,9.06
1,210.00,143,100.66,89.71,13.20
1,210.00,144,793.49,392.42,14.27
1,210.00,145,424.55,791.70,5.49
1,210.00,146,543.31,262.15,7.78
1,210.00,147,929.39,60.89,6.78
1,210.00,148,541.97,450.34,16.41
1,210.00,149,554.74,878.83,0.00
1,220.00,0,586.17,681.66,5.69
1,220.00,1,904.28,27.58,0.00
1,220.00,2,24.23,880.51,0.00
1,220.00,3,760.15,473.12,23.77
1,220.00,4,806.83,36.56,0.00
1,220.00,5,718.52,573.26,5.43
1,220.00,6,404.17,503.97,8.28
1,220.00,7,417.20,275.74,5.79
1,220.00,8,451.42,620.95,11.91
1,220.00,9,859.49,261.26,12.01
1,220.00,10,352.01,449.40,5.44
1,220.00,11,743.46,388.98,22.59
1,220.00,12,501.60,933.83,0.00
1,220.00,13,240.88,241.53,5.50
1,220.00,14,626.24,585.05,13.51
1,220.00,15,527.90,731.73,0.00
1,220.00,16,546.52,369.70,19.78
1,220.00,17,595.12,232.08,0.00
1,220.00,18,205.53,546.57,18.50
1,220.00,19,545.05,715.79,7.69
1,220.00,20,297.06,57.68,0.00
1,220.00,21,772.90,519.56,10.85
1,220.00,22,464.24,790.51,19.72
1,220.00,23,258.12,355.12,17.43
1,220.00,24,736.76,436.86,9.52
1,220.00,25,165.74,79.84,0.00
1,220.00,26,611.49,508.24,6.16
1,220.00,27,915.48,626.87,11.15
1,220.00,28,319.59,335.81,10.08
1,220.00,29,678.59,188.10,10.14
1,220.00,30,528.01,690.27,17.06
1,220.00,31,538.70,529.86,13.49
1,220.00,32,119.89,64.07,8.64
1,220.00,33,571.54,531.74,0.00
1,220.00,34,992.59,767.26,0.00
1,220.00,35,375.89,601.76,14.77
1,220.00,36,274.06,723.80,17.08
1,220.00,37,55.91,885.60,8.37
1,220.00,38,593.65,86.90,8.86
1,220.00,39,392.33,384.78,14.08
1,220.00,40,620.78,544.62,19.38
1,220.00,41,237.12,691.14,0.00
1,220.00,42,367.34,322.89,16.21
1,220.00,43,790.70,787.73,13.65
1,220.00,44,637.04,91.50,7.50
1,220.00,45,760.58,357.37,23.49
1,220.00,46,341.01,729.79,0.00
1,220.00,47,441.79,529.60,14.09
1,220.00,48,965.63,815.69,0.00
1,220.00,49,238.45,626.26,0.00
1,220.00,50,519.92,859.45,19.54
1,220.00,51,740.35,267.73,12.71
1,220.00,52,454.46,827.23,17.10
1,220.00,53,869.88,827.10,24.72
1,220.00,54,581.76,547.10,13.63
1,220.00,55,255.78,590.99,7.41
1,220.00,56,537.33,396.39,8.07
1,220.00,57,85.45,150.51,15.01
1,220.00,58,606.02,838.60,16.59
1,220.00,59,707.74,305.70,5.45
1,220.00,60,761.63,514.22,13.14
1,220.00,61,728.55,341.40,21.84
1,220.00,62,609.10,60.91,0.00
1,220.00,63,863.65,813.85,0.00
1,220.00,64,420.38,615.47,17.93
1,220.00,65,65.61,340.80,0.00
1,220.00,66,574.22,371.49,17.14
1,220.00,67,765.06,758.11,24.42
1,220.00,68,532.67,477.05,11.43
1,220.00,69,585.44,467.21,11.62
1,220.00,70,457.03,631.77,12.83
1,220.00,71,794.28,102.67,0.00
1,220.00,72,69.85,520.61,8.08
1,220.00,73,692.48,395.78,15.13
1,220.00,74,447.39,115.63,15.43
1,220.00,75,195.49,587.36,0.00
1,220.00,76,49.23,190.59,5.29
1,220.00,77,735.96,720.73,8.24
1,220.00,78,625.67,773.69,14.47
1,220.00,79,542.45,889.90,15.26
1,220.00,80,219.10,849.89,6.24
1,220.00,81,631.06,753.31,12.76
1,220.00,82,763.83,731.50,23.70
1,220.00,83,665.35,680.16,23.53
1,220.00,84,676.84,444.42,11.41
1,220.00,85,437.35,721.10,14.31
1,220.00,86,742.43,464.42,12.84
1,220.00,87,579.42,505.64,15.70
1,220.00,88,642.29,135.52,17.18
1,220.00,89,784.84,376.98,22.65
1,220.00,90,819.88,588.00,9.88
1,220.00,91,529.50,678.29,21.12
1,220.00,92,344.82,554.14,6.69
1,220.00,93,171.76,315.12,12.63
1,220.00,94,180.42,292.05,16.29
1,220.00,95,318.77,71.02,0.00
1,220.00,96,776.91,14.10,0.00
1,220.00,97,213.39,166.53,15.32
1,220.00,98,672.12,399.61,7.55
1,220.00,99,40.21,266.98,12.94
1,220.00,100,183.76,569.57,8.66
1,220.00,101,253.51,539.75,10.98
1,220.00,102,681.66,413.13,14.30
1,220.00,103,656.58,216.55,24.14
1,220.00,104,399.01,74.88,21.35
1,220.00,105,189.31,109.69,9.22
1,220.00,106,568.67,374.77,15.49
1,220.00,107,650.41,261.50,6.36
1,220.00,108,537.60,929.34,15.90
1,220.00,109,59.52,552.22,13.97
1,220.00,110,106.53,632.20,9.21
1,220.00,111,908.01,16.54,0.00
1,220.00,112,978.72,733.34,0.00
1,220.00,113,692.62,738.48,6.58
1,220.00,114,665.26,883.29,6.89
1,220.00,115,477.01,746.25,5.75
1,220.00,116,602.08,534.95,0.00
1,220.00,117,93.98,890.28,0.00
1,220.00,118,666.55,573.16,11.14
1,220.00,119,904.44,605.31,6.19
1,220.00,120,761.90,675.21,19.27
1,220.00,121,564.34,60.97,7.48
1,220.00,122,791.07,875.60,18.44
1,220.00,123,603.56,504.02,12.30
1,220.00,124,593.93,111.26,23.38
1,220.00,125,401.50,327.17,10.46
1,220.00,126,926.71,645.00,7.42
1,220.00,127,929.99,585.96,15.34
1,220.00,128,130.13,446.20,12.84
1,220.00,129,304.21,275.54,15.76
1,220.00,130,466.64,938.29,5.72
1,220.00,131,206.81,877.17,0.00
1,220.00,132,705.11,529.57,16.35
1,220.00,133,116.58,742.10,7.10
1,220.00,134,799.75,581.19,12.66
1,220.00,135,544.26,522.19,10.67
1,220.00,136,481.57,623.63,0.00
1,220.00,137,713.45,224.83,5.94
1,220.00,138,767.10,882.16,9.37
1,220.00,139,350.03,763.87,11.93
1,220.00,140,635.70,763.52,24.76
1,220.00,141,650.50,616.37,6.73
1,220.00,142,69.66,221.63,0.00
1,220.00,143,106.94,221.60,13.20
1,220.00,144,834.78,255.80,14.27
1,220.00,145,383.69,828.37,5.49
1,220.00,146,617.80,284.60,7.78
1,220.00,147,929.06,38.13,0.00
1,220.00,148,453.95,588.86,16.41
1,220.00,149,554.67,838.71,24.01
1,230.00,0,552.69,635.62,5.69
1,230.00,1,900.09,49.26,20.12
1,230.00,2,53.91,869.50,17.50
1,230.00,3,778.93,690.18,0.00
1,230.00,4,810.75,60.94,15.49
1,230.00,5,751.91,530.39,5.43
1,230.00,6,350.33,446.72,0.00
1,230.00,7,435.48,220.76,5.79
1,230.00,8,546.51,658.62,0.00
1,230.00,9,933.43,166.64,12.01
1,230.00,10,321.26,404.49,5.44
1,230.00,11,833.46,439.46,0.00
1,230.00,12,459.06,835.47,14.22
1,230.00,13,280.13,279.99,5.50
1,230.00,14,711.80,480.45,13.51
1,230.00,15,517.78,711.07,5.44
1,230.00,16,447.17,198.66,19.78
1,230.00,17,475.25,185.81,23.61
1,230.00,18,275.30,673.80,0.00
1,230.00,19,604.06,666.49,7.69
1,230.00,20,296.64,58.21,18.94
1,230.00,21,684.27,457.03,10.85
1,230.00,22,294.56,689.96,19.72
1,230.00,23,205.57,301.20,0.00
1,230.00,24,682.70,358.54,9.52
1,230.00,25,179.41,105.64,16.22
1,230.00,26,646.81,457.74,6.16
1,230.00,27,933.35,516.79,11.15
1,230.00,28,282.46,429.51,10.08
1,230.00,29,777.75,209.41,10.14
1,230.00,30,566.30,793.25,0.00
1,230.00,31,646.19,448.33,13.49
1,230.00,32,80.48,18.80,0.00
1,230.00,33,613.88,539.14,5.99
1,230.00,34,968.88,774.74,7.25
1,230.00,35,310.00,469.62,14.77
1,230.00,36,120.64,798.85,17.08
1,230.00,37,124.83,838.15,8.37
1,230.00,38,681.58,98.17,8.86
1,230.00,39,409.96,524.52,14.08
1,230.00,40,763.21,675.98,19.38
1,230.00,41,469.61,642.81,24.94
1,230.00,42,255.26,205.83,16.21
1,230.00,43,853.55,666.59,13.65
1,230.00,44,571.60,128.08,7.50
1,230.00,45,696.59,583.36,23.49
1,230.00,46,412.05,719.37,8.87
1,230.00,47,495.07,399.13,14.09
1,230.00,48,955.31,813.80,21.54
1,230.00,49,265.27,594.00,11.48
1,230.00,50,442.27,978.89,0.00
1,230.00,51,729.90,274.77,0.00
1,230.00,52,354.77,712.01,0.00
1,230.00,53,930.59,587.49,24.72
1,230.00,54,461.62,482.76,13.63
1,230.00,55,285.21,659.04,7.41
1,230.00,56,489.90,331.11,8.07
1,230.00,57,232.02,118.24,15.01
1,230.00,58,441.25,858.31,16.59
1,230.00,59,747.49,268.38,5.45
1,230.00,60,695.36,400.76,13.14
1,230.00,61,524.31,418.82,21.84
1,230.00,62,606.34,66.13,22.79
1,230.00,63,801.60,711.95,24.43
1,230.00,64,393.94,548.65,0.00
1,230.00,65,130.64,393.80,13.64
1,230.00,66,664.14,225.55,17.14
1,230.00,67,702.76,696.91,0.00
1,230.00,68,491.72,583.76,11.43
1,230.00,69,637.17,571.23,11.62
1,230.00,70,556.23,713.08,12.83
1,230.00,71,777.09,148.98,19.24
1,230.00,72,102.62,446.75,8.08
1,230.00,73,789.01,512.35,15.13
1,230.00,74,431.33,109.30,0.00
1,230.00,75,206.13,582.94,11.04
1,230.00,76,46.33,243.46,5.29
1,230.00,77,653.87,713.14,8.24
1,230.00,78,520.04,674.85,14.47
1,230.00,79,579.98,741.94,15.26
1,230.00,80,193.43,906.80,6.24
1,230.00,81,703.93,849.96,0.00
1,230.00,82,781.75,495.16,23.70
1,230.00,83,853.07,822.06,23.53
1,230.00,84,776.31,388.46,11.41
1,230.00,85,383.12,853.55,14.31
1,230.00,86,759.69,538.06,0.00
1,230.00,87,566.34,662.09,15.70
1,230.00,88,472.28,160.62,17.18
1,230.00,89,965.71,290.51,0.00
1,230.00,90,858.01,579.95,0.00
1,230.00,91,318.80,663.85,21.12
1,230.00,92,323.61,617.62,6.69
1,230.00,93,61.17,339.41,0.00
1,230.00,94,177.62,454.93,16.29
1,230.00,95,326.03,112.83,8.38
1,230.00,96,764.10,21.05,8.46
1,230.00,97,208.77,143.84,0.00
1,230.00,98,725.11,453.43,7.55
1,230.00,99,30.36,396.03,12.94
1,230.00,100,140.11,547.90,0.00
1,230.00,101,223.94,434.02,10.98
1,230.00,102,667.81,397.82,0.00
1,230.00,103,576.51,444.23,24.14
1,230.00,104,607.51,63.67,0.00
1,230.00,105,148.47,65.18,0.00
1,230.00,106,721.97,397.04,15.49
1,230.00,107,647.49,325.04,6.36
1,230.00,108,578.94,942.17,0.00
1,230.00,109,71.55,413.03,13.97
1,230.00,110,114.95,689.40,0.00
1,230.00,111,898.73,41.96,5.65
1,230.00,112,946.51,610.99,13.58
1,230.00,113,642.80,695.42,6.58
1,230.00,114,608.87,843.61,6.89
1,230.00,115,526.39,775.63,5.75
1,230.00,116,548.20,513.55,6.55
1,230.00,117,99.26,888.07,19.08
1,230.00,118,557.13,594.11,11.14
1,230.00,119,842.59,602.07,6.19
1,230.00,120,802.98,714.84,0.00
1,230.00,121,638.44,51.04,7.48
1,230.00,122,679.73,728.56,18.44
1,230.00,123,516.20,417.41,12.30
1,230.00,124,808.80,19.13,23.38
1,230.00,125,318.39,263.73,10.46
1,230.00,126,954.94,612.64,0.00
1,230.00,127,838.65,462.68,15.34
1,230.00,128,258.46,449.19,12.84
1,230.00,129,150.52,240.81,15.76
1,230.00,130,523.35,945.88,5.72
1,230.00,131,280.83,863.25,8.87
1,230.00,132,740.44,689.24,16.35
1,230.00,133,111.24,746.61,0.00
1,230.00,134,844.94,462.90,12.66
1,230.00,135,630.66,584.76,10.67
1,230.00,136,619.76,726.17,0.00
1,230.00,137,743.58,173.60,5.94
1,230.00,138,818.70,960.32,9.37
1,230.00,139,430.45,675.75,11.93
1,230.00,140,388.26,771.95,24.76
1,230.00,141,702.76,658.85,6.73
1,230.00,142,103.00,252.74,21.82
1,230.00,143,113.22,353.50,13.20
1,230.00,144,876.07,119.17,14.27
1,230.00,145,342.83,865.03,5.49
1,230.00,146,692.28,307.04,7.78
1,230.00,147,864.46,43.03,9.75
1,230.00,148,365.93,727.39,16.41
1,230.00,149,554.22,598.63,24.01
1,240.00,0,519.20,589.57,5.69
1,240.00,1,861.95,246.80,20.12
1,240.00,2,217.96,808.66,17.50
1,240.00,3,762.57,682.31,21.80
1,240.00,4,835.33,213.90,15.49
1,240.00,5,785.31,487.52,5.43
1,240.00,6,348.67,444.16,6.04
1,240.00,7,453.76,165.79,5.79
1,240.00,8,512.32,666.00,24.82
1,240.00,9,975.80,112.43,0.00
1,240.00,10,290.51,359.58,5.44
1,240.00,11,748.51,436.49,15.65
1,240.00,12,402.59,704.92,14.22
1,240.00,13,319.38,318.45,5.50
1,240.00,14,797.35,375.86,13.51
1,240.00,15,493.84,662.22,5.44
1,240.00,16,347.81,27.62,19.78
1,240.00,17,255.01,100.79,23.61
1,240.00,18,295.43,675.55,9.36
1,240.00,19,663.07,617.18,7.69
1,240.00,20,179.03,206.63,18.94
1,240.00,21,595.65,394.49,10.85
1,240.00,22,279.82,681.23,0.00
1,240.00,23,298.08,367.58,20.04
1,240.00,24,628.64,280.22,9.52
1,240.00,25,255.36,248.94,16.22
1,240.00,26,674.70,417.85,0.00
1,240.00,27,951.21,406.70,11.15
1,240.00,28,245.33,523.22,10.08
1,240.00,29,876.92,230.71,10.14
1,240.00,30,566.40,738.93,15.26
1,240.00,31,753.68,366.80,13.49
1,240.00,32,98.26,91.55,24.55
1,240.00,33,672.88,549.44,5.99
1,240.00,34,899.78,796.54,7.25
1,240.00,35,244.11,337.48,14.77
1,240.00,36,96.77,810.53,0.00
1,240.00,37,193.75,790.71,8.37
1,240.00,38,769.51,109.44,8.86
1,240.00,39,427.59,664.26,14.08
1,240.00,40,853.65,759.39,0.00
1,240.00,41,713.81,592.04,24.94
1,240.00,42,143.19,88.77,16.21
1,240.00,43,909.09,559.56,0.00
1,240.00,44,506.16,164.66,7.50
1,240.00,45,640.40,781.82,0.00
1,240.00,46,499.81,706.49,8.87
1,240.00,47,535.89,299.18,0.00
1,240.00,48,743.48,774.93,21.54
1,240.00,49,338.69,505.72,11.48
1,240.00,50,454.40,942.51,14.16
1,240.00,51,750.26,349.37,8.58
1,240.00,52,379.11,721.12,23.90
1,240.00,53,953.48,497.13,0.00
1,240.00,54,341.48,418.43,13.63
1,240.00,55,314.64,727.08,7.41
1,240.00,56,442.46,265.83,8.07
1,240.00,57,376.63,86.41,0.00
1,240.00,58,276.48,878.01,16.59
1,240.00,59,787.24,231.06,5.45
1,240.00,60,629.10,287.29,13.14
1,240.00,61,503.11,426.86,0.00
1,240.00,62,499.59,267.45,22.79
1,240.00,63,674.57,503.32,24.43
1,240.00,64,378.08,515.32,6.16
1,240.00,65,236.35,479.95,13.64
1,240.00,66,754.06,79.61,17.14
1,240.00,67,714.45,661.57,5.79
1,240.00,68,450.77,690.47,11.43
1,240.00,69,688.90,675.25,11.62
1,240.00,70,655.43,794.38,12.83
1,240.00,71,710.13,329.36,19.24
1,240.00,72,135.38,372.89,8.08
1,240.00,73,885.53,628.92,15.13
1,240.00,74,517.86,252.71,18.86
1,240.00,75,308.09,540.67,11.04
1,240.00,76,43.44,296.33,5.29
1,240.00,77,571.79,705.54,8.24
1,240.00,78,414.40,576.02,14.47
1,240.00,79,617.51,593.99,15.26
1,240.00,80,171.19,956.09,0.00
1,240.00,81,701.49,844.07,12.39
1,240.00,82,799.67,258.82,23.70
1,240.00,83,999.29,932.58,0.00
1,240.00,84,875.78,332.50,11.41
1,240.00,85,367.72,891.16,0.00
1,240.00,86,773.33,491.66,11.77
1,240.00,87,553.26,818.53,15.70
1,240.00,88,302.28,185.72,17.18
1,240.00,89,942.18,295.86,20.99
1,240.00,90,730.24,589.03,21.15
1,240.00,91,108.10,649.42,21.12
1,240.00,92,302.40,681.10,6.69
1,240.00,93,58.87,356.74,16.92
1,240.00,94,174.82,617.80,16.29
1,240.00,95,340.36,195.36,8.38
1,240.00,96,689.76,61.39,8.46
1,240.00,97,257.20,151.63,5.78
1,240.00,98,778.10,507.25,7.55
1,240.00,99,20.50,525.08,12.94
1,240.00,100,236.18,521.57,22.77
1,240.00,101,194.36,328.30,10.98
1,240.00,102,701.58,318.87,0.00
1,240.00,103,496.45,671.91,24.14
1,240.00,104,610.70,66.52,19.62
1,240.00,105,147.89,99.06,9.82
1,240.00,106,780.40,405.53,0.00
1,240.00,107,644.58,388.58,6.36
1,240.00,108,533.84,786.94,22.21
1,240.00,109,83.57,273.84,13.97
1,240.00,110,192.78,680.31,21.05
1,240.00,111,879.33,95.05,5.65
1,240.00,112,911.92,479.62,13.58
1,240.00,113,592.98,652.36,6.58
1,240.00,114,552.48,803.94,6.89
1,240.00,115,535.59,781.11,0.00
1,240.00,116,487.36,489.40,6.55
1,240.00,117,275.24,814.22,19.08
1,240.00,118,447.71,615.05,11.14
1,240.00,119,780.74,598.82,6.19
1,240.00,120,805.53,808.33,13.29
1,240.00,121,712.55,41.11,7.48
1,240.00,122,573.56,588.33,0.00
1,240.00,123,428.84,330.80,12.30
1,240.00,124,814.04,16.88,0.00
1,240.00,125,280.93,235.14,0.00
1,240.00,126,896.55,564.71,17.92
1,240.00,127,747.31,339.41,15.34
1,240.00,128,386.80,452.18,12.84
1,240.00,129,116.96,233.23,0.00
1,240.00,130,580.07,953.48,5.72
1,240.00,131,368.02,846.86,8.87
1,240.00,132,751.43,738.88,0.00
1,240.00,133,296.12,636.24,23.88
1,240.00,134,890.14,344.62,12.66
1,240.00,135,643.47,594.03,0.00
1,240.00,136,611.58,714.23,10.01
1,240.00,137,773.72,122.37,5.94
1,240.00,138,830.48,978.16,0.00
1,240.00,139,510.87,587.63,11.93
1,240.00,140,384.04,772.10,0.00
1,240.00,141,755.01,701.34,6.73
1,240.00,142,262.50,401.57,21.82
1,240.00,143,119.50,485.39,13.20
1,240.00,144,907.82,14.13,0.00
1,240.00,145,342.66,865.18,0.00
1,240.00,146,766.76,329.48,7.78
1,240.00,147,767.23,50.39,9.75
1,240.00,148,277.92,865.92,16.41
1,240.00,149,553.77,358.55,24.01
1,250.00,0,485.71,543.53,5.69
1,250.00,1,823.80,444.34,20.12
1,250.00,2,382.01,747.81,17.50
1,250.00,3,666.30,635.97,0.00
1,250.00,4,859.92,366.85,15.49
1,250.00,5,818.70,444.64,5.43
1,250.00,6,315.91,393.46,6.04
1,250.00,7,472.04,110.81,5.79
1,250.00,8,290.10,713.93,0.00
1,250.00,9,942.97,122.55,8.04
1,250.00,10,259.76,314.67,5.44
1,250.00,11,592.13,431.02,15.65
1,250.00,12,346.13,574.36,14.22
1,250.00,13,358.63,356.91,5.50
1,250.00,14,882.91,271.26,13.51
1,250.00,15,469.91,613.37,5.44
1,250.00,16,339.31,12.98,0.00
1,250.00,17,84.73,35.06,0.00
1,250.00,18,388.69,683.65,9.36
1,250.00,19,712.95,575.50,0.00
1,250.00,20,88.21,321.25,0.00
1,250.00,21,507.03,331.96,10.85
1,250.00,22,313.51,637.99,6.00
1,250.00,23,460.92,484.42,20.04
1,250.00,24,574.59,201.91,9.52
1,250.00,25,331.31,392.23,16.22
1,250.00,26,657.06,437.01,12.40
1,250.00,27,969.08,296.62,11.15
1,250.00,28,208.20,616.93,10.08
1,250.00,29,976.09,252.01,10.14
1,250.00,30,566.65,586.35,15.26
1,250.00,31,861.17,285.27,13.49
1,250.00,32,156.56,330.08,24.55
1,250.00,33,731.87,559.75,5.99
1,250.00,34,830.69,818.34,7.25
1,250.00,35,178.22,205.34,14.77
1,250.00,36,128.90,687.35,15.08
1,250.00,37,262.68,743.26,8.37
1,250.00,38,799.87,113.33,0.00
1,250.00,39,427.68,664.97,0.00
1,250.00,40,894.52,762.25,11.22
1,250.00,41,958.01,541.27,24.94
1,250.00,42,134.94,80.15,0.00
1,250.00,43,887.93,553.11,18.99
1,250.00,44,440.72,201.24,7.50
1,250.00,45,633.97,779.53,5.61
1,250.00,46,587.56,693.62,8.87
1,250.00,47,545.31,322.99,10.95
1,250.00,48,531.64,736.06,21.54
1,250.00,49,408.84,421.36,0.00
1,250.00,50,499.18,808.20,14.16
1,250.00,51,772.86,432.17,8.58
1,250.00,52,602.89,804.91,23.90
1,250.00,53,828.21,569.88,23.26
1,250.00,54,299.53,395.96,0.00
1,250.00,55,344.07,795.13,7.41
1,250.00,56,395.03,200.55,8.07
1,250.00,57,377.49,87.88,12.69
1,250.00,58,194.81,887.78,0.00
1,250.00,59,826.99,193.74,5.45
1,250.00,60,626.02,282.02,0.00
1,250.00,61,446.33,439.88,6.50
1,250.00,62,392.83,468.78,22.79
1,250.00,63,547.53,294.68,24.43
1,250.00,64,351.62,459.69,6.16
1,250.00,65,342.06,566.11,13.64
1,250.00,66,785.78,28.13,0.00
1,250.00,67,732.64,606.56,5.79
1,250.00,68,409.82,797.18,11.43
1,250.00,69,724.38,746.59,0.00
1,250.00,70,737.11,861.32,0.00
1,250.00,71,643.16,509.74,19.24
1,250.00,72,168.14,299.03,8.08
1,250.00,73,971.10,732.26,0.00
1,250.00,74,524.76,264.13,0.00
1,250.00,75,410.05,498.39,11.04
1,250.00,76,40.54,349.20,5.29
1,250.00,77,489.71,697.95,8.24
1,250.00,78,308.77,477.18,14.47
1,250.00,79,655.03,446.03,15.26
1,250.00,80,182.79,934.41,18.38
1,250.00,81,672.75,774.68,0.00
1,250.00,82,808.11,147.50,0.00
1,250.00,83,972.92,914.43,14.48
1,250.00,84,975.24,276.54,11.41
1,250.00,85,473.96,750.53,24.61
1,250.00,86,806.50,378.77,11.77
1,250.00,87,548.22,878.77,0.00
1,250.00,88,132.27,210.82,17.18
1,250.00,89,737.49,342.35,20.99
1,250.00,90,519.29,604.01,21.15
1,250.00,91,60.53,646.16,0.00
1,250.00,92,281.19,744.58,6.69
1,250.00,93,36.58,524.42,16.92
1,250.00,94,173.16,714.95,0.00
1,250.00,95,354.70,277.90,8.38
1,250.00,96,615.41,101.74,8.46
1,250.00,97,314.26,160.81,5.78
1,250.00,98,831.09,561.07,7.55
1,250.00,99,10.65,654.13,12.94
1,250.00,100,455.75,461.38,22.77
1,250.00,101,166.27,227.90,0.00
1,250.00,102,670.21,376.58,24.76
1,250.00,103,467.07,755.46,0.00
1,250.00,104,756.89,197.32,19.62
1,250.00,105,146.21,197.28,9.82
1,250.00,106,781.89,513.74,17.49
1,250.00,107,641.66,452.13,6.36
1,250.00,108,515.94,725.33,0.00
1,250.00,109,91.13,186.41,0.00
1,250.00,110,401.86,655.87,21.05
1,250.00,111,859.94,148.14,5.65
1,250.00,112,877.33,348.25,13.58
1,250.00,113,543.16,609.30,6.58
1,250.00,114,496.09,764.27,6.89
1,250.00,115,512.43,618.86,20.15
1,250.00,116,426.51,465.24,6.55
1,250.00,117,451.22,740.38,19.08
1,250.00,118,338.28,636.00,11.14
1,250.00,119,718.89,595.57,6.19
1,250.00,120,806.84,856.11,0.00
1,250.00,121,786.65,31.18,7.48
1,250.00,122,574.44,582.24,13.26
1,250.00,123,341.48,244.19,12.30
1,250.00,124,722.65,75.98,11.16
1,250.00,125,202.39,130.41,23.83
1,250.00,126,758.06,451.05,17.92
1,250.00,127,655.97,216.13,15.34
1,250.00,128,515.14,455.17,12.84
1,250.00,129,183.02,235.86,8.46
1,250.00,130,636.78,961.07,5.72
1,250.00,131,455.22,830.46,8.87
1,250.00,132,741.53,661.71,11.29
1,250.00,133,501.15,513.83,23.88
1,250.00,134,935.33,226.33,12.66
1,250.00,135,774.47,561.38,15.85
1,250.00,136,555.03,631.65,10.01
1,250.00,137,803.85,71.14,5.94
1,250.00,138,709.23,977.85,15.71
1,250.00,139,588.40,502.68,0.00
1,250.00,140,617.89,752.18,23.88
1,250.00,141,807.27,743.82,6.73
1,250.00,142,364.98,497.20,0.00
1,250.00,143,125.78,617.29,13.20
1,250.00,144,883.26,28.94,12.41
1,250.00,145,440.92,665.18,22.37
1,250.00,146,841.24,351.93,7.78
1,250.00,147,669.99,57.76,9.75
1,250.00,148,257.17,898.57,0.00
1,250.00,149,553.46,192.19,0.00
1,260.00,0,452.22,497.48,5.69
1,260.00,1,817.11,479.03,0.00
1,260.00,2,546.06,686.97,17.50
1,260.00,3,648.90,604.14,7.11
1,260.00,4,869.11,424.04,0.00
1,260.00,5,852.10,401.77,5.43
1,260.00,6,283.14,342.76,6.04
1,260.00,7,490.32,55.83,5.79
1,260.00,8,297.63,720.77,12.11
1,260.00,9,866.09,146.26,8.04
1,260.00,10,229.01,269.76,5.44
1,260.00,11,435.76,425.55,15.65
1,260.00,12,289.66,443.81,14.22
1,260.00,13,397.88,395.37,5.50
1,260.00,14,961.21,175.54,0.00
1,260.00,15,445.97,564.52,5.44
1,260.00,16,359.11,62.27,5.81
1,260.00,17,133.22,48.77,22.21
1,260.00,18,481.95,691.74,9.36
1,260.00,19,717.65,607.59,20.97
1,260.00,20,113.11,321.91,10.94
1,260.00,21,418.40,269.42,10.85
1,260.00,22,350.41,590.64,6.00
1,260.00,23,623.75,601.25,20.04
1,260.00,24,520.53,123.59,9.52
1,260.00,25,407.26,535.52,16.22
1,260.00,26,573.06,528.24,12.40
1,260.00,27,983.10,210.20,0.00
1,260.00,28,197.18,644.74,0.00
1,260.00,29,983.46,253.60,0.00
1,260.00,30,566.91,433.78,15.26
1,260.00,31,968.66,203.74,13.49
1,260.00,32,214.86,568.61,24.55
1,260.00,33,790.87,570.06,5.99
1,260.00,34,761.59,840.14,7.25
1,260.00,35,112.33,73.20,14.77
1,260.00,36,166.94,541.47,15.08
1,260.00,37,331.60,695.82,8.37
1,260.00,38,803.93,154.82,6.37
1,260.00,39,549.05,537.30,17.71
1,260.00,40,971.49,767.63,0.00
1,260.00,41,989.40,534.75,0.00
1,260.00,42,135.51,228.89,16.06
1,260.00,43,706.24,497.73,18.99
1,260.00,44,375.28,237.82,7.50
1,260.00,45,581.15,760.74,5.61
1,260.00,46,675.31,680.75,8.87
1,260.00,47,585.61,424.80,10.95
1,260.00,48,319.80,697.18,21.54
1,260.00,49,416.48,420.23,17.40
1,260.00,50,543.96,673.90,14.16
1,260.00,51,795.45,514.97,8.58
1,260.00,52,826.68,888.70,23.90
1,260.00,53,627.09,686.66,23.26
1,260.00,54,370.27,362.08,12.05
1,260.00,55,362.31,837.32,0.00
1,260.00,56,347.60,135.27,8.07
1,260.00,57,441.89,197.27,12.69
1,260.00,58,224.18,858.15,8.27
1,260.00,59,847.33,174.64,0.00
1,260.00,60,563.96,245.79,7.54
1,260.00,61,382.97,454.40,6.50
1,260.00,62,286.08,670.11,22.79
1,260.00,63,420.49,86.05,24.43
1,260.00,64,325.17,404.06,6.16
1,260.00,65,447.77,652.26,13.64
1,260.00,66,672.00,136.98,24.33
1,260.00,67,742.01,578.23,0.00
1,260.00,68,394.26,837.71,0.00
1,260.00,69,696.50,742.96,8.95
1,260.00,70,733.21,828.06,18.95
1,260.00,71,576.20,690.12,19.24
1,260.00,72,200.90,225.17,8.08
1,260.00,73,954.75,724.78,15.85
1,260.00,74,491.64,300.17,5.27
1,260.00,75,512.01,456.12,11.04
1,260.00,76,37.64,402.07,5.29
1,260.00,77,407.62,690.35,8.24
1,260.00,78,203.14,378.35,14.47
1,260.00,79,657.47,436.44,0.00
1,260.00,80,269.51,772.32,18.38
1,260.00,81,682.85,741.70,8.76
1,260.00,82,765.44,140.35,8.18
1,260.00,83,853.59,832.33,14.48
1,260.00,84,981.62,272.95,0.00
1,260.00,85,494.19,723.75,0.00
1,260.00,86,839.67,265.89,11.77
1,260.00,87,635.34,836.54,15.74
1,260.00,88,2.10,230.04,0.00
1,260.00,89,532.80,388.85,20.99
1,260.00,90,308.33,618.99,21.15
1,260.00,91,126.92,595.58,10.78
1,260.00,92,272.19,771.50,0.00
1,260.00,93,19.18,655.30,0.00
1,260.00,94,256.23,712.95,20.59
1,260.00,95,369.03,360.43,8.38
1,260.00,96,541.06,142.09,8.46
1,260.00,97,371.31,169.98,5.78
1,260.00,98,884.08,614.89,7.55
1,260.00,99,7.45,696.04,0.00
1,260.00,100,675.32,401.19,22.77
1,260.00,101,175.63,233.66,21.82
1,260.00,102,551.97,594.15,24.76
1,260.00,103,339.94,847.47,24.79
1,260.00,104,765.96,205.44,0.00
1,260.00,105,144.53,295.49,9.82
1,260.00,106,784.32,688.60,17.49
1,260.00,107,638.74,515.67,6.36
1,260.00,108,510.14,574.38,21.24
1,260.00,109,121.44,193.12,8.35
1,260.00,110,610.94,631.43,21.05
1,260.00,111,840.54,201.23,5.65
1,260.00,112,842.75,216.88,13.58
1,260.00,113,493.34,566.24,6.58
1,260.00,114,439.70,724.60,6.89
1,260.00,115,489.70,459.62,0.00
1,260.00,116,365.67,441.08,6.55
1,260.00,117,627.20,666.53,19.08
1,260.00,118,228.86,656.95,11.14
1,260.00,119,657.03,592.32,6.19
1,260.00,120,763.06,871.01,7.22
1,260.00,121,819.48,26.78,0.00
1,260.00,122,593.40,451.01,13.26
1,260.00,123,254.12,157.58,12.30
1,260.00,124,628.98,136.56,11.16
1,260.00,125,112.43,10.44,0.00
1,260.00,126,619.58,337.39,17.92
1,260.00,127,571.25,101.79,0.00
1,260.00,128,643.47,458.17,12.84
1,260.00,129,267.53,239.23,8.46
1,260.00,130,693.50,968.66,5.72
1,260.00,131,542.41,814.07,8.87
1,260.00,132,727.17,549.71,11.29
1,260.00,133,559.98,478.70,0.00
1,260.00,134,954.60,175.89,0.00
1,260.00,135,928.26,523.05,15.85
1,260.00,136,498.47,549.07,10.01
1,260.00,137,813.62,54.53,0.00
1,260.00,138,552.14,977.45,15.71
1,260.00,139,586.06,500.85,8.26
1,260.00,140,855.80,731.93,23.88
1,260.00,141,859.52,786.30,6.73
1,260.00,142,357.72,538.02,11.60
1,260.00,143,132.06,749.18,13.20
1,260.00,144,777.00,93.01,12.41
1,260.00,145,539.58,464.38,22.37
1,260.00,146,915.72,374.37,7.78
1,260.00,147,572.75,65.13,9.75
1,260.00,148,258.33,859.06,5.17
1,260.00,149,562.07,234.93,14.20
1,270.00,0,418.73,451.44,5.69
1,270.00,1,654.92,572.30,22.69
1,270.00,2,710.11,626.12,17.50
1,270.00,3,614.79,541.72,7.11
1,270.00,4,738.52,462.81,21.76
1,270.00,5,885.49,358.89,5.43
1,270.00,6,250.38,292.06,6.04
1,270.00,7,508.23,1.98,0.00
1,270.00,8,387.31,802.14,12.11
1,270.00,9,789.22,169.97,8.04
1,270.00,10,198.26,224.84,5.44
1,270.00,11,341.10,422.24,0.00
1,270.00,12,243.22,336.41,0.00
1,270.00,13,437.13,433.83,5.50
1,270.00,14,953.93,180.88,10.64
1,270.00,15,422.04,515.67,5.44
1,270.00,16,380.76,116.17,5.81
1,270.00,17,346.93,109.23,22.21
1,270.00,18,575.22,699.84,9.36
1,270.00,19,748.05,815.10,20.97
1,270.00,20,162.17,323.21,0.00
1,270.00,21,329.78,206.89,10.85
1,270.00,22,387.30,543.28,6.00
1,270.00,23,699.18,655.37,0.00
1,270.00,24,466.47,45.27,9.52
1,270.00,25,483.21,678.82,16.22
1,270.00,26,489.06,619.46,12.40
1,270.00,27,953.30,233.66,17.65
1,270.00,28,232.08,592.93,8.88
1,270.00,29,940.42,351.47,11.55
1,270.00,30,567.17,281.20,15.26
1,270.00,31,995.33,183.50,0.00
1,270.00,32,258.49,747.08,0.00
1,270.00,33,849.86,580.37,5.99
1,270.00,34,692.50,861.94,7.25
1,270.00,35,80.05,8.47,0.00
1,270.00,36,204.98,395.60,15.08
1,270.00,37,400.52,648.37,8.37
1,270.00,38,810.15,218.19,6.37
1,270.00,39,671.04,408.99,17.71
1,270.00,40,960.81,727.60,13.25
1,270.00,41,855.46,621.86,18.33
1,270.00,42,136.13,389.45,16.06
1,270.00,43,524.55,442.35,18.99
1,270.00,44,322.66,267.22,0.00
1,270.00,45,528.33,741.95,5.61
1,270.00,46,763.07,667.88,8.87
1,270.00,47,625.90,526.61,10.95
1,270.00,48,109.10,658.52,0.00
1,270.00,49,588.61,394.71,17.40
1,270.00,50,587.02,544.77,0.00
1,270.00,51,818.05,597.77,8.58
1,270.00,52,938.99,930.75,0.00
1,270.00,53,425.98,803.44,23.26
1,270.00,54,431.18,332.90,0.00
1,270.00,55,386.64,831.40,6.59
1,270.00,56,300.17,69.99,8.07
1,270.00,57,506.29,306.66,12.69
1,270.00,58,282.41,799.41,8.27
1,270.00,59,855.07,124.95,0.00
1,270.00,60,498.87,207.79,7.54
1,270.00,61,329.28,466.72,0.00
1,270.00,62,246.71,744.37,0.00
1,270.00,63,382.22,23.18,0.00
1,270.00,64,299.82,350.77,0.00
1,270.00,65,553.48,738.42,13.64
1,270.00,66,496.21,305.14,24.33
1,270.00,67,775.01,555.18,8.30
1,270.00,68,388.54,792.70,7.32
1,270.00,69,607.76,731.44,8.95
1,270.00,70,711.16,639.83,18.95
1,270.00,71,509.24,870.50,19.24
1,270.00,72,233.66,151.31,8.08
1,270.00,73,810.62,658.90,15.85
1,270.00,74,456.01,338.96,5.27
1,270.00,75,613.96,413.84,11.04
1,270.00,76,34.75,454.94,5.29
1,270.00,77,400.50,689.69,0.00
1,270.00,78,181.83,358.41,0.00
1,270.00,79,569.76,429.45,9.41
1,270.00,80,356.23,610.22,18.38
1,270.00,81,708.51,657.91,8.76
1,270.00,82,684.78,126.83,8.18
1,270.00,83,734.26,750.23,14.48
1,270.00,84,818.07,175.83,20.32
1,270.00,85,444.71,659.91,9.35
1,270.00,86,872.85,153.00,11.77
1,270.00,87,777.01,767.89,15.74
1,270.00,88,46.24,260.38,22.86
1,270.00,89,328.11,435.34,20.99
1,270.00,90,97.38,633.98,21.15
1,270.00,91,212.66,530.26,10.78
1,270.00,92,405.14,810.33,24.05
1,270.00,93,63.94,665.17,20.89
1,270.00,94,462.10,708.00,20.59
1,270.00,95,383.36,442.97,8.38
1,270.00,96,466.72,182.43,8.46
1,270.00,97,428.36,179.16,5.78
1,270.00,98,886.71,617.56,0.00
1,270.00,99,66.67,676.13,9.25
1,270.00,100,868.64,348.20,0.00
1,270.00,101,361.55,347.95,21.82
1,270.00,102,433.73,811.71,24.76
1,270.00,103,265.05,901.68,0.00
1,270.00,104,603.30,187.35,17.45
1,270.00,105,142.85,393.71,9.82
1,270.00,106,786.74,863.45,17.49
1,270.00,107,635.83,579.21,6.36
1,270.00,108,501.97,362.11,21.24
1,270.00,109,202.96,211.18,8.35
1,270.00,110,634.44,628.69,0.00
1,270.00,111,821.15,254.32,5.65
1,270.00,112,841.78,213.22,0.00
1,270.00,113,443.52,523.18,6.58
1,270.00,114,389.99,689.63,0.00
1,270.00,115,519.81,450.09,15.66
1,270.00,116,304.83,416.92,6.55
1,270.00,117,803.17,592.69,19.08
1,270.00,118,148.59,672.31,0.00
1,270.00,119,595.18,589.07,6.19
1,270.00,120,694.69,894.28,7.22
1,270.00,121,789.76,104.84,15.00
1,270.00,122,612.35,319.78,13.26
1,270.00,123,207.33,111.19,0.00
1,270.00,124,535.31,197.14,11.16
1,270.00,125,144.11,37.75,11.28
1,270.00,126,481.09,223.73,17.92
1,270.00,127,585.03,103.58,19.17
1,270.00,128,771.81,461.16,12.84
1,270.00,129,322.36,241.41,0.00
1,270.00,130,740.68,974.97,0.00
1,270.00,131,629.60,797.67,8.87
1,270.00,132,723.55,521.48,0.00
1,270.00,133,560.16,559.20,11.29
1,270.00,134,925.88,240.76,12.37
1,270.00,135,966.14,513.61,0.00
1,270.00,136,441.92,466.49,10.01
1,270.00,137,782.58,172.57,18.06
1,270.00,138,395.05,977.05,15.71
1,270.00,139,521.03,449.97,8.26
1,270.00,140,900.09,728.15,0.00
1,270.00,141,911.78,828.79,6.73
1,270.00,142,337.41,652.21,11.60
1,270.00,143,134.65,803.55,0.00
1,270.00,144,670.74,157.08,12.41
1,270.00,145,638.23,263.57,22.37
1,270.00,146,958.41,387.23,0.00
1,270.00,147,475.52,72.49,9.75
1,270.00,148,259.85,807.35,5.17
1,270.00,149,590.11,374.11,14.20
1,280.00,0,385.24,405.40,5.69
1,280.00,1,458.20,685.45,22.69
1,280.00,2,874.16,565.28,17.50
1,280.00,3,580.67,479.31,7.11
1,280.00,4,529.93,524.71,21.76
1,280.00,5,918.89,316.02,5.43
1,280.00,6,217.61,241.36,6.04
1,280.00,7,509.86,5.52,19.05
1,280.00,8,476.98,883.51,12.11
1,280.00,9,712.34,193.68,8.04
1,280.00,10,167.51,179.93,5.44
1,280.00,11,366.50,419.10,6.48
1,280.00,12,259.41,374.05,23.09
1,280.00,13,476.38,472.29,5.50
1,280.00,14,868.22,243.88,10.64
1,280.00,15,398.10,466.82,5.44
1,280.00,16,402.40,170.06,5.81
1,280.00,17,560.64,169.68,22.21
1,280.00,18,656.13,706.86,0.00
1,280.00,19,752.95,848.58,0.00
1,280.00,20,193.45,332.62,5.93
1,280.00,21,241.15,144.35,10.85
1,280.00,22,424.20,495.93,6.00
1,280.00,23,714.28,556.24,18.68
1,280.00,24,439.58,6.32,0.00
1,280.00,25,559.16,822.11,16.22
1,280.00,26,413.94,701.04,0.00
1,280.00,27,814.64,342.82,17.65
1,280.00,28,281.71,519.26,8.88
1,280.00,29,904.67,432.75,0.00
1,280.00,30,567.42,128.63,15.26
1,280.00,31,896.44,199.34,13.32
1,280.00,32,293.83,710.12,20.31
1,280.00,33,908.86,590.67,5.99
1,280.00,34,623.41,883.75,7.25
1,280.00,35,204.74,6.82,24.44
1,280.00,36,210.00,376.35,0.00
1,280.00,37,469.45,600.93,8.37
1,280.00,38,816.36,281.56,6.37
1,280.00,39,793.03,280.67,17.71
1,280.00,40,926.67,599.57,13.25
1,280.00,41,701.76,721.81,18.33
1,280.00,42,136.75,550.01,16.06
1,280.00,43,424.76,411.94,0.00
1,280.00,44,291.58,287.91,19.05
1,280.00,45,475.51,723.16,5.61
1,280.00,46,825.38,658.73,0.00
1,280.00,47,666.19,628.42,10.95
1,280.00,48,109.60,658.37,9.80
1,280.00,49,760.74,369.19,17.40
1,280.00,50,583.17,546.71,11.17
1,280.00,51,840.65,680.57,8.58
1,280.00,52,865.39,960.83,15.96
1,280.00,53,415.60,809.47,0.00
1,280.00,54,377.81,407.76,20.91
1,280.00,55,450.66,815.81,6.59
1,280.00,56,267.05,24.40,0.00
1,280.00,57,570.69,416.06,12.69
1,280.00,58,340.64,740.67,8.27
1,280.00,59,863.58,178.40,23.07
1,280.00,60,433.78,169.79,7.54
1,280.00,61,358.58,469.99,19.32
1,280.00,62,293.04,754.13,7.50
1,280.00,63,506.05,141.55,24.52
1,280.00,64,293.99,343.89,21.46
1,280.00,65,659.19,824.58,13.64
1,280.00,66,320.43,473.30,24.33
1,280.00,67,843.06,507.66,8.30
1,280.00,68,379.31,720.13,7.32
1,280.00,69,519.02,719.92,8.95
1,280.00,70,689.11,451.60,18.95
1,280.00,71,481.98,943.92,0.00
1,280.00,72,244.00,128.01,0.00
1,280.00,73,666.50,593.02,15.85
1,280.00,74,420.37,377.74,5.27
1,280.00,75,649.90,398.95,0.00
1,280.00,76,31.85,507.81,5.29
1,280.00,77,480.36,542.68,18.32
1,280.00,78,217.10,335.41,5.27
1,280.00,79,475.99,421.97,9.41
1,280.00,80,442.96,448.13,18.38
1,280.00,81,734.18,574.11,8.76
1,280.00,82,604.12,113.30,8.18
1,280.00,83,614.93,668.13,14.48
1,280.00,84,685.77,97.27,0.00
1,280.00,85,387.42,585.99,9.35
1,280.00,86,879.55,130.20,0.00
1,280.00,87,918.68,699.23,15.74
1,280.00,88,234.63,389.88,22.86
1,280.00,89,318.76,437.46,0.00
1,280.00,90,43.39,637.81,0.00
1,280.00,91,298.39,464.94,10.78
1,280.00,92,636.00,877.74,24.05
1,280.00,93,267.89,710.15,20.89
1,280.00,94,548.61,705.92,0.00
1,280.00,95,397.69,525.50,8.38
1,280.00,96,392.37,222.78,8.46
1,280.00,97,485.41,188.33,5.78
1,280.00,98,675.98,591.23,22.34
1,280.00,99,154.37,646.65,9.25
1,280.00,100,847.08,360.36,20.69
1,280.00,101,547.46,462.24,21.82
1,280.00,102,423.33,830.86,0.00
1,280.00,103,285.03,782.19,19.32
1,280.00,104,429.87,168.06,17.45
1,280.00,105,141.17,491.93,9.82
1,280.00,106,786.77,865.48,0.00
1,280.00,107,632.91,642.75,6.36
1,280.00,108,496.88,229.57,0.00
1,280.00,109,284.47,229.23,8.35
1,280.00,110,452.43,632.05,20.51
1,280.00,111,801.75,307.42,5.65
1,280.00,112,825.42,335.12,12.65
1,280.00,113,441.52,521.45,0.00
1,280.00,114,389.58,677.74,10.04
1,280.00,115,669.13,402.83,15.66
1,280.00,116,243.98,392.76,6.55
1,280.00,117,920.35,543.52,0.00
1,280.00,118,200.87,708.47,23.86
1,280.00,119,533.33,585.82,6.19
1,280.00,120,674.65,901.10,0.00
1,280.00,121,736.39,245.01,15.00
1,280.00,122,631.31,188.56,13.26
1,280.00,123,270.59,206.58,24.65
1,280.00,124,441.64,257.72,11.16
1,280.00,125,229.57,111.42,11.28
1,280.00,126,342.60,110.06,17.92
1,280.00,127,775.10,128.28,19.17
1,280.00,128,900.14,464.15,12.84
1,280.00,129,394.34,289.85,24.70
1,280.00,130,740.42,949.01,15.44
1,280.00,131,716.79,781.28,8.87
1,280.00,132,591.04,507.67,17.81
1,280.00,133,560.41,672.09,11.29
1,280.00,134,875.79,353.88,12.37
1,280.00,135,902.66,447.65,12.15
1,280.00,136,385.36,383.91,10.01
1,280.00,137,736.64,347.26,18.06
1,280.00,138,237.95,976.65,15.71
1,280.00,139,456.00,399.10,8.26
1,280.00,140,830.65,563.20,21.99
1,280.00,141,961.36,869.10,0.00
1,280.00,142,317.10,766.40,11.60
1,280.00,143,198.23,726.15,17.04
1,280.00,144,564.48,221.15,12.41
1,280.00,145,736.89,62.76,22.37
1,280.00,146,896.97,340.21,18.13
1,280.00,147,378.28,79.86,9.75
1,280.00,148,261.37,755.65,5.17
1,280.00,149,618.14,513.29,14.20
1,290.00,0,351.76,359.35,5.69
1,290.00,1,261.48,798.59,22.69
1,290.00,2,898.50,556.25,0.00
1,290.00,3,546.55,416.89,7.11
1,290.00,4,321.34,586.62,21.76
1,290.00,5,952.28,273.15,5.43
1,290.00,6,184.85,190.65,6.04
1,290.00,7,589.45,178.57,19.05
1,290.00,8,490.65,895.92,0.00
1,290.00,9,635.47,217.39,8.04
1,290.00,10,136.76,135.02,5.44
1,290.00,11,430.86,411.14,6.48
1,290.00,12,350.70,586.16,23.09
1,290.00,13,515.63,510.75,5.50
1,290.00,14,782.51,306.87,10.64
1,290.00,15,374.17,417.97,5.44
1,290.00,16,424.05,223.96,5.81
1,290.00,17,774.36,230.13,22.21
1,290.00,18,636.21,692.99,18.33
1,290.00,19,631.99,779.97,16.58
1,290.00,20,250.19,349.69,5.93
1,290.00,21,152.53,81.82,10.85
1,290.00,22,461.09,448.58,6.00
1,290.00,23,742.42,371.56,18.68
1,290.00,24,459.04,27.84,5.77
1,290.00,25,584.67,870.24,0.00
1,290.00,26,416.97,692.99,8.13
1,290.00,27,675.98,451.97,17.65
1,290.00,28,331.35,445.59,8.88
1,290.00,29,879.96,450.39,13.13
1,290.00,30,567.48,93.43,0.00
1,290.00,31,864.46,204.46,0.00
1,290.00,32,434.19,563.32,20.31
1,290.00,33,967.85,600.98,5.99
1,290.00,34,554.31,905.55,7.25
1,290.00,35,449.17,3.59,24.44
1,290.00,36,286.16,523.83,19.12
1,290.00,37,538.37,553.48,8.37
1,290.00,38,822.57,344.92,6.37
1,290.00,39,915.02,152.35,17.71
1,290.00,40,892.53,471.54,13.25
1,290.00,41,576.05,803.57,0.00
1,290.00,42,137.36,710.57,16.06
1,290.00,43,505.77,424.45,18.18
1,290.00,44,133.02,393.40,19.05
1,290.00,45,459.42,717.44,0.00
1,290.00,46,876.93,655.54,17.81
1,290.00,47,701.57,717.80,0.00
1,290.00,48,203.53,630.46,9.80
1,290.00,49,932.88,343.67,17.40
1,290.00,50,483.51,597.16,11.17
1,290.00,51,856.56,738.88,0.00
1,290.00,52,804.45,985.74,0.00
1,290.00,53,297.26,642.62,21.57
1,290.00,54,262.84,568.98,0.00
1,290.00,55,514.69,800.23,6.59
1,290.00,56,322.08,71.56,24.03
1,290.00,57,635.09,525.45,12.69
1,290.00,58,398.88,681.93,8.27
1,290.00,59,899.85,406.23,23.07
1,290.00,60,385.71,141.72,0.00
1,290.00,61,550.54,491.44,19.32
1,290.00,62,366.44,769.60,7.50
1,290.00,63,683.29,310.97,24.52
1,290.00,64,155.29,180.17,21.46
1,290.00,65,743.60,893.37,0.00
1,290.00,66,261.43,529.75,0.00
1,290.00,67,894.98,471.40,0.00
1,290.00,68,370.07,647.55,7.32
1,290.00,69,430.28,708.39,8.95
1,290.00,70,667.06,263.37,18.95
1,290.00,71,489.72,891.98,8.86
1,290.00,72,319.94,210.59,16.39
1,290.00,73,522.37,527.14,15.85
1,290.00,74,384.74,416.53,5.27
1,290.00,75,551.20,336.26,18.06
1,290.00,76,28.95,560.68,5.29
1,290.00,77,562.37,391.69,0.00
1,290.00,78,261.28,306.60,5.27
1,290.00,79,382.21,414.49,9.41
1,290.00,80,529.68,286.04,18.38
1,290.00,81,759.84,490.32,8.76
1,290.00,82,523.46,99.78,8.18
1,290.00,83,543.24,618.81,0.00
1,290.00,84,687.13,117.88,8.51
1,290.00,85,330.12,512.07,9.35
1,290.00,86,957.52,124.79,0.00
1,290.00,87,922.61,697.33,0.00
1,290.00,88,423.03,519.38,22.86
1,290.00,89,178.91,289.29,0.00
1,290.00,90,133.48,747.71,19.10
1,290.00,91,384.13,399.61,10.78
1,290.00,92,704.39,897.72,0.00
1,290.00,93,471.85,755.14,20.89
1,290.00,94,680.28,650.04,24.67
1,290.00,95,412.03,608.04,8.38
1,290.00,96,340.34,251.02,0.00
1,290.00,97,542.47,197.51,5.78
1,290.00,98,454.26,563.52,22.34
1,290.00,99,242.07,617.18,9.25
1,290.00,100,666.85,462.01,20.69
1,290.00,101,587.93,487.11,0.00
1,290.00,102,593.02,753.44,20.45
1,290.00,103,316.90,591.63,19.32
1,290.00,104,256.44,148.77,17.45
1,290.00,105,139.49,590.14,9.82
1,290.00,106,612.40,828.62,18.03
1,290.00,107,629.99,706.29,6.36
1,290.00,108,442.83,173.96,20.65
1,290.00,109,365.98,247.29,8.35
1,290.00,110,247.36,635.83,20.51
1,290.00,111,782.36,360.51,5.65
1,290.00,112,822.07,360.04,0.00
1,290.00,113,553.32,479.82,12.43
1,290.00,114,386.13,577.43,10.04
1,290.00,115,818.46,355.56,15.66
1,290.00,116,183.14,368.60,6.55
1,290.00,117,870.20,540.31,15.04
1,290.00,118,397.10,844.18,23.86
1,290.00,119,471.48,582.57,6.19
1,290.00,120,680.76,860.23,5.85
1,290.00,121,683.02,385.17,15.00
1,290.00,122,650.26,57.33,13.26
1,290.00,123,406.82,411.99,24.65
1,290.00,124,347.97,318.29,11.16
1,290.00,125,315.04,185.10,11.28
1,290.00,126,239.33,25.30,0.00
1,290.00,127,903.37,144.95,0.00
1,290.00,128,979.48,466.00,0.00
1,290.00,129,599.31,427.75,24.70
1,290.00,130,738.89,794.65,15.44
1,290.00,131,731.45,778.52,0.00
1,290.00,132,413.87,489.22,17.81
1,290.00,133,560.58,748.61,0.00
1,290.00,134,825.70,466.99,12.37
1,290.00,135,818.44,360.13,12.15
1,290.00,136,328.81,301.32,10.01
1,290.00,137,690.71,521.94,18.06
1,290.00,138,80.86,976.25,15.71
1,290.00,139,390.98,348.22,8.26
1,290.00,140,745.33,360.50,21.99
1,290.00,141,950.42,867.64,21.55
1,290.00,142,296.78,880.58,11.60
1,290.00,143,306.41,594.47,17.04
1,290.00,144,458.23,285.22,12.41
1,290.00,145,759.79,16.14,0.00
1,290.00,146,753.01,230.02,18.13
1,290.00,147,343.97,82.46,0.00
1,290.00,148,262.89,703.94,5.17
1,290.00,149,646.18,652.48,14.20
1,300.00,0,318.27,313.31,5.69
1,300.00,1,256.44,801.50,0.00
1,300.00,2,880.05,635.47,9.55
1,300.00,3,512.44,354.47,7.11
1,300.00,4,154.57,636.12,0.00
1,300.00,5,985.68,230.27,5.43
1,300.00,6,152.09,139.95,6.04
1,300.00,7,669.05,351.62,19.05
1,300.00,8,431.51,799.23,13.37
1,300.00,9,558.59,241.10,8.04
1,300.00,10,106.01,90.11,5.44
1,300.00,11,495.22,403.18,6.48
1,300.00,12,441.98,798.26,23.09
1,300.00,13,554.88,549.21,5.50
1,300.00,14,696.80,369.87,10.64
1,300.00,15,350.24,369.11,5.44
1,300.00,16,445.70,277.86,5.81
1,300.00,17,829.08,245.61,0.00
1,300.00,18,485.83,588.25,18.33
1,300.00,19,487.76,698.16,16.58
1,300.00,20,306.93,366.77,5.93
1,300.00,21,76.33,28.05,0.00
1,300.00,22,497.99,401.22,6.00
1,300.00,23,750.43,319.02,0.00
1,300.00,24,497.76,70.67,5.77
1,300.00,25,665.86,862.97,0.00
1,300.00,26,445.58,616.89,8.13
1,300.00,27,547.72,552.93,0.00
1,300.00,28,380.98,371.93,8.88
1,300.00,29,773.11,526.67,13.13
1,300.00,30,528.47,179.02,12.23
1,300.00,31,772.84,228.81,12.53
1,300.00,32,574.55,416.52,20.31
1,300.00,33,997.28,606.12,0.00
1,300.00,34,529.40,913.41,0.00
1,300.00,35,608.31,1.49,0.00
1,300.00,36,373.89,693.73,19.12
1,300.00,37,607.29,506.04,8.37
1,300.00,38,828.78,408.29,6.37
1,300.00,39,955.81,109.45,0.00
1,300.00,40,858.39,343.51,13.25
1,300.00,41,567.81,788.63,9.37
1,300.00,42,137.94,859.93,0.00
1,300.00,43,685.47,452.21,18.18
1,300.00,44,0.52,481.56,0.00
1,300.00,45,444.59,675.03,6.46
1,300.00,46,953.71,650.77,0.00
1,300.00,47,674.04,723.70,23.05
1,300.00,48,297.47,602.55,9.80
1,300.00,49,971.20,337.99,0.00
1,300.00,50,383.85,647.61,11.17
1,300.00,51,839.28,747.23,6.49
1,300.00,52,769.61,976.99,0.00
1,300.00,53,255.79,584.15,0.00
1,300.00,54,263.73,559.56,17.90
1,300.00,55,578.72,784.64,6.59
1,300.00,56,504.55,227.91,24.03
1,300.00,57,699.48,634.85,12.69
1,300.00,58,457.11,623.19,8.27
1,300.00,59,936.11,634.05,23.07
1,300.00,60,407.74,191.02,20.66
1,300.00,61,742.50,512.90,19.32
1,300.00,62,439.84,785.08,7.50
1,300.00,63,860.52,480.39,24.52
1,300.00,64,147.66,171.16,0.00
1,300.00,65,737.25,879.82,7.43
1,300.00,66,411.78,500.95,23.04
1,300.00,67,880.87,461.38,7.30
1,300.00,68,360.84,574.98,7.32
1,300.00,69,341.55,696.87,8.95
1,300.00,70,664.89,244.83,0.00
1,300.00,71,502.78,804.37,8.86
1,300.00,72,430.88,331.26,16.39
1,300.00,73,378.24,461.26,15.85
1,300.00,74,349.10,455.31,5.27
1,300.00,75,398.78,239.46,18.06
1,300.00,76,27.58,585.70,0.00
1,300.00,77,570.34,402.30,21.42
1,300.00,78,305.45,277.79,5.27
1,300.00,79,309.58,408.70,0.00
1,300.00,80,616.40,123.94,18.38
1,300.00,81,785.50,406.52,8.76
1,300.00,82,442.79,86.25,8.18
1,300.00,83,609.49,556.85,22.72
1,300.00,84,692.73,202.75,8.51
1,300.00,85,272.83,438.15,9.35
1,300.00,86,936.83,148.12,8.07
1,300.00,87,818.73,623.55,13.10
1,300.00,88,611.42,648.88,22.86
1,300.00,89,187.70,309.62,24.45
1,300.00,90,254.55,895.39,19.10
1,300.00,91,397.23,389.63,0.00
1,300.00,92,622.98,911.06,11.72
1,300.00,93,675.80,800.12,20.89
1,300.00,94,845.73,579.83,0.00
1,300.00,95,426.36,690.57,8.38
1,300.00,96,307.35,295.57,18.47
1,300.00,97,557.27,199.89,0.00
1,300.00,98,232.54,535.82,22.34
1,300.00,99,329.76,587.70,9.25
1,300.00,100,548.36,528.84,0.00
1,300.00,101,532.59,459.32,7.92
1,300.00,102,713.92,698.27,0.00
1,300.00,103,333.24,493.88,0.00
1,300.00,104,208.87,143.47,0.00
1,300.00,105,137.81,688.36,9.82
1,300.00,106,436.00,791.34,18.03
1,300.00,107,627.08,769.84,6.36
1,300.00,108,298.94,25.88,20.65
1,300.00,109,378.54,250.07,0.00
1,300.00,110,117.72,638.22,0.00
1,300.00,111,762.96,413.60,5.65
1,300.00,112,758.20,393.41,8.99
1,300.00,113,669.82,436.45,12.43
1,300.00,114,382.68,477.12,10.04
1,300.00,115,916.05,324.67,0.00
1,300.00,116,122.30,344.44,6.55
1,300.00,117,720.15,530.68,15.04
1,300.00,118,523.22,931.40,0.00
1,300.00,119,409.63,579.32,6.19
1,300.00,120,689.40,802.40,5.85
1,300.00,121,629.65,525.34,15.00
1,300.00,122,650.68,54.42,0.00
1,300.00,123,543.05,617.41,24.65
1,300.00,124,311.97,341.58,0.00
1,300.00,125,400.50,258.77,11.28
1,300.00,126,220.04,45.07,10.86
1,300.00,127,859.53,195.27,20.53
1,300.00,128,902.71,514.53,23.79
1,300.00,129,804.27,565.66,24.70
1,300.00,130,737.37,640.28,15.44
1,300.00,131,631.06,759.02,12.29
1,300.00,132,315.05,478.92,0.00
1,300.00,133,621.37,775.93,20.69
1,300.00,134,775.61,580.10,12.37
1,300.00,135,734.22,272.62,12.15
1,300.00,136,272.25,218.74,10.01
1,300.00,137,644.77,696.63,18.06
1,300.00,138,16.81,976.09,0.00
1,300.00,139,325.95,297.34,8.26
1,300.00,140,735.73,337.70,0.00
1,300.00,141,736.77,839.22,21.55
1,300.00,142,288.66,926.24,0.00
1,300.00,143,414.58,462.79,17.04
1,300.00,144,351.97,349.29,12.41
1,300.00,145,683.09,98.75,14.68
1,300.00,146,609.05,119.84,18.13
1,300.00,147,319.04,134.88,8.97
1,300.00,148,264.41,652.24,5.17
1,300.00,149,674.21,791.66,14.20
1,310.00,0,284.78,267.26,5.69
1,310.00,1,346.20,824.34,9.51
1,310.00,2,858.40,728.49,9.55
1,310.00,3,478.32,292.06,7.11
1,310.00,4,170.07,618.41,11.74
1,310.00,5,988.36,226.83,0.00
1,310.00,6,119.32,89.25,6.04
1,310.00,7,748.65,524.66,19.05
1,310.00,8,361.74,685.16,13.37
1,310.00,9,481.72,264.81,8.04
1,310.00,10,89.90,66.58,0.00
1,310.00,11,559.58,395.22,6.48
1,310.00,12,494.81,921.00,0.00
1,310.00,13,594.13,587.67,5.50
1,310.00,14,611.09,432.86,10.64
1,310.00,15,326.30,320.26,5.44
1,310.00,16,467.35,331.75,5.81
1,310.00,17,802.36,339.88,13.17
1,310.00,18,335.45,483.51,18.33
1,310.00,19,380.69,637.43,0.00
1,310.00,20,363.67,383.84,5.93
1,310.00,21,98.08,55.08,24.74
1,310.00,22,534.88,353.87,6.00
1,310.00,23,629.41,428.96,22.85
1,310.00,24,536.47,113.50,5.77
1,310.00,25,651.03,820.83,18.01
1,310.00,26,474.19,540.79,8.13
1,310.00,27,566.31,554.09,24.83
1,310.00,28,430.61,298.26,8.88
1,310.00,29,666.27,602.96,13.13
1,310.00,30,477.75,290.29,12.23
1,310.00,31,651.78,260.98,12.53
1,310.00,32,714.92,269.72,20.31
1,310.00,33,960.86,605.49,7.27
1,310.00,34,539.83,881.71,5.22
1,310.00,35,547.47,42.41,21.01
1,310.00,36,461.62,863.64,19.12
1,310.00,37,676.21,458.59,8.37
1,310.00,38,835.00,471.66,6.37
1,310.00,39,883.59,167.76,13.94
1,310.00,40,824.25,215.48,13.25
1,310.00,41,522.53,706.65,9.37
1,310.00,42,141.84,872.89,19.40
1,310.00,43,865.17,479.97,18.18
1,310.00,44,35.33,489.21,21.68
1,310.00,45,423.26,614.04,6.46
1,310.00,46,932.22,573.62,14.10
1,310.00,47,448.66,771.96,23.05
1,310.00,48,391.40,574.64,9.80
1,310.00,49,802.49,419.56,24.11
1,310.00,50,284.18,698.05,11.17
1,310.00,51,780.89,775.46,6.49
1,310.00,52,766.49,962.30,24.94
1,310.00,53,345.26,538.19,15.07
1,310.00,54,280.66,381.31,17.90
1,310.00,55,642.74,769.06,6.59
1,310.00,56,687.02,384.27,24.03
1,310.00,57,763.88,744.24,12.69
1,310.00,58,515.34,564.45,8.27
1,310.00,59,972.38,861.87,23.07
1,310.00,60,460.59,309.22,0.00
1,310.00,61,934.46,534.35,19.32
1,310.00,62,513.24,800.55,7.50
1,310.00,63,922.10,539.24,0.00
1,310.00,64,144.36,402.91,24.53
1,310.00,65,705.71,812.55,7.43
1,310.00,66,638.10,457.59,23.04
1,310.00,67,821.36,419.13,7.30
1,310.00,68,351.61,502.40,7.32
1,310.00,69,252.81,685.34,8.95
1,310.00,70,489.60,211.73,19.79
1,310.00,71,515.84,716.77,8.86
1,310.00,72,541.82,451.93,16.39
1,310.00,73,234.12,395.38,15.85
1,310.00,74,313.47,494.10,5.27
1,310.00,75,246.37,142.67,18.06
1,310.00,76,52.19,602.00,5.60
1,310.00,77,698.95,573.55,21.42
1,310.00,78,349.63,248.98,5.27
1,310.00,79,328.03,407.77,8.19
1,310.00,80,649.84,61.43,0.00
1,310.00,81,811.16,322.73,8.76
1,310.00,82,362.13,72.73,8.18
1,310.00,83,750.22,425.25,0.00
1,310.00,84,698.33,287.62,8.51
1,310.00,85,215.54,364.23,9.35
1,310.00,86,883.25,208.49,8.07
1,310.00,87,711.89,547.66,13.10
1,310.00,88,799.81,778.38,22.86
1,310.00,89,284.78,534.06,24.45
1,310.00,90,270.41,914.74,0.00
1,310.00,91,202.35,322.14,24.34
1,310.00,92,507.29,930.02,11.72
1,310.00,93,879.76,845.10,20.89
1,310.00,94,792.58,598.61,20.77
1,310.00,95,440.69,773.11,8.38
1,310.00,96,197.43,444.02,18.47
1,310.00,97,544.02,237.82,5.43
1,310.00,98,45.51,512.45,0.00
1,310.00,99,417.46,558.22,9.25
1,310.00,100,527.81,608.75,24.08
1,310.00,101,461.85,423.79,7.92
1,310.00,102,692.37,679.00,8.26
1,310.00,103,353.24,447.25,10.42
1,310.00,104,83.12,83.17,19.22
1,310.00,105,136.13,786.58,9.82
1,310.00,106,267.06,755.63,0.00
1,310.00,107,624.16,833.38,6.36
1,310.00,108,275.11,1.36,0.00
1,310.00,109,297.91,364.28,16.53
1,310.00,110,171.82,608.45,16.79
1,310.00,111,743.57,466.69,5.65
1,310.00,112,678.49,435.05,8.99
1,310.00,113,786.31,393.08,12.43
1,310.00,114,379.23,376.80,10.04
1,310.00,115,853.17,305.30,18.99
1,310.00,116,122.03,344.34,0.00
1,310.00,117,570.10,521.05,15.04
1,310.00,118,508.25,860.26,20.35
1,310.00,119,352.83,576.34,0.00
1,310.00,120,698.05,744.56,5.85
1,310.00,121,576.28,665.51,15.00
1,310.00,122,593.20,84.38,6.63
1,310.00,123,619.78,733.10,0.00
1,310.00,124,294.44,425.74,13.96
1,310.00,125,485.97,332.44,11.28
1,310.00,126,144.18,122.81,10.86
1,310.00,127,724.70,350.04,20.53
1,310.00,128,701.63,641.63,23.79
1,310.00,129,836.82,587.56,0.00
1,310.00,130,735.84,485.92,15.44
1,310.00,131,576.50,748.42,0.00
1,310.00,132,268.82,430.03,15.22
1,310.00,133,809.76,860.58,0.00
1,310.00,134,725.52,693.22,12.37
1,310.00,135,649.99,185.10,12.15
1,310.00,136,215.70,136.16,10.01
1,310.00,137,615.75,807.01,0.00
1,310.00,138,133.76,937.87,20.77
1,310.00,139,287.95,267.61,0.00
1,310.00,140,632.96,399.35,13.50
1,310.00,141,523.12,810.80,21.55
1,310.00,142,300.58,858.77,11.42
1,310.00,143,522.76,331.12,17.04
1,310.00,144,245.71,413.36,12.41
1,310.00,145,622.22,164.32,0.00
1,310.00,146,524.85,55.38,0.00
1,310.00,147,280.51,215.87,8.97
1,310.00,148,265.93,600.53,5.17
1,310.00,149,697.76,908.56,0.00
1,320.00,0,251.29,221.22,5.69
1,320.00,1,438.32,847.78,9.51
1,320.00,2,836.74,821.50,9.55
1,320.00,3,444.20,229.64,7.11
1,320.00,4,247.37,530.07,11.74
1,320.00,5,906.68,333.50,14.61
1,320.00,6,86.56,38.55,6.04
1,320.00,7,828.24,697.71,19.05
1,320.00,8,291.97,571.08,13.37
1,320.00,9,404.84,288.52,8.04
1,320.00,10,78.26,114.92,10.44
1,320.00,11,623.94,387.27,6.48
1,320.00,12,527.92,887.35,11.20
1,320.00,13,594.92,588.45,0.00
1,320.00,14,525.37,495.86,10.64
1,320.00,15,302.37,271.41,5.44
1,320.00,16,489.00,385.65,5.81
1,320.00,17,766.44,466.60,13.17
1,320.00,18,185.07,378.77,18.33
1,320.00,19,341.42,688.13,24.89
1,320.00,20,420.41,400.91,5.93
1,320.00,21,253.14,247.80,24.74
1,320.00,22,571.78,306.52,6.00
1,320.00,23,460.28,582.61,22.85
1,320.00,24,572.93,153.83,0.00
1,320.00,25,591.23,650.96,18.01
1,320.00,26,502.79,464.68,8.13
1,320.00,27,814.12,569.55,24.83
1,320.00,28,480.24,224.59,8.88
1,320.00,29,559.42,679.24,13.13
1,320.00,30,427.04,401.56,12.23
1,320.00,31,530.73,293.15,12.53
1,320.00,32,855.28,122.91,20.31
1,320.00,33,888.19,604.21,7.27
1,320.00,34,556.15,832.15,5.22
1,320.00,35,373.09,159.67,21.01
1,320.00,36,494.75,927.81,0.00
1,320.00,37,745.14,411.15,8.37
1,320.00,38,841.21,535.03,6.37
1,320.00,39,775.12,255.35,13.94
1,320.00,40,790.12,87.45,13.25
1,320.00,41,477.25,624.66,9.37
1,320.00,42,144.43,881.48,0.00
1,320.00,43,933.64,490.55,0.00
1,320.00,44,247.11,535.76,21.68
1,320.00,45,401.93,553.05,6.46
1,320.00,46,894.38,437.82,14.10
1,320.00,47,223.27,820.23,23.05
1,320.00,48,485.33,546.73,9.80
1,320.00,49,585.47,524.49,24.11
1,320.00,50,222.32,729.37,0.00
1,320.00,51,722.51,803.69,6.49
1,320.00,52,714.63,718.36,24.94
1,320.00,53,479.28,469.34,15.07
1,320.00,54,297.58,203.07,17.90
1,320.00,55,706.77,753.47,6.59
1,320.00,56,869.49,540.63,24.03
1,320.00,57,828.28,853.64,12.69
1,320.00,58,573.57,505.71,8.27
1,320.00,59,979.29,905.31,0.00
1,320.00,60,519.12,326.13,16.32
1,320.00,61,986.10,540.12,0.00
1,320.00,62,586.65,816.02,7.50
1,320.00,63,795.08,463.38,22.67
1,320.00,64,140.86,648.16,24.53
1,320.00,65,674.17,745.29,7.43
1,320.00,66,864.43,414.24,23.04
1,320.00,67,761.85,376.89,7.30
1,320.00,68,342.38,429.83,7.32
1,320.00,69,171.15,674.74,0.00
1,320.00,70,414.74,197.60,0.00
1,320.00,71,528.90,629.16,8.86
1,320.00,72,652.76,572.60,16.39
1,320.00,73,113.23,340.12,0.00
1,320.00,74,277.83,532.88,5.27
1,320.00,75,116.10,59.93,0.00
1,320.00,76,98.90,632.96,5.60
1,320.00,77,827.56,744.80,21.42
1,320.00,78,393.81,220.17,5.27
1,320.00,79,409.84,403.61,8.19
1,320.00,80,705.99,175.23,20.65
1,320.00,81,828.38,266.51,0.00
1,320.00,82,281.47,59.20,8.18
1,320.00,83,761.00,398.76,18.81
1,320.00,84,703.93,372.49,8.51
1,320.00,85,163.12,296.60,0.00
1,320.00,86,829.68,268.87,8.07
1,320.00,87,605.05,471.78,13.10
1,320.00,88,870.49,826.97,0.00
1,320.00,89,323.52,623.62,0.00
1,320.00,90,318.97,713.62,23.81
1,320.00,91,197.55,320.48,0.00
1,320.00,92,391.61,948.98,11.72
1,320.00,93,891.62,847.72,0.00
1,320.00,94,596.79,667.80,20.77
1,320.00,95,455.02,855.64,8.38
1,320.00,96,87.51,592.47,18.47
1,320.00,97,526.12,289.04,5.43
1,320.00,98,57.06,488.17,17.19
1,320.00,99,505.16,528.74,9.25
1,320.00,100,486.15,770.71,0.00
1,320.00,101,391.10,388.26,7.92
1,320.00,102,630.85,623.95,8.26
1,320.00,103,394.29,351.52,10.42
1,320.00,104,7.79,47.04,0.00
1,320.00,105,134.45,884.79,9.82
1,320.00,106,270.28,754.35,8.21
1,320.00,107,621.89,882.87,0.00
1,320.00,108,286.02,54.02,6.45
1,320.00,109,202.60,499.29,16.53
1,320.00,110,318.89,527.50,16.79
1,320.00,111,724.18,519.78,5.65
1,320.00,112,598.79,476.70,8.99
1,320.00,113,902.81,349.71,12.43
1,320.00,114,379.01,370.64,0.00
1,320.00,115,671.65,249.39,18.99
1,320.00,116,200.69,304.15,8.87
1,320.00,117,420.04,511.42,15.04
1,320.00,118,466.34,661.14,20.35
1,320.00,119,360.16,572.45,10.15
1,320.00,120,706.69,686.73,5.85
1,320.00,121,522.91,805.67,15.00
1,320.00,122,534.42,115.01,6.63
1,320.00,123,601.07,712.97,6.29
1,320.00,124,265.96,562.45,13.96
1,320.00,125,571.43,406.11,11.28
1,320.00,126,68.32,200.54,10.86
1,320.00,127,589.86,504.82,20.53
1,320.00,128,500.56,768.72,23.79
1,320.00,129,677.24,668.97,21.30
1,320.00,130,734.31,331.56,15.44
1,320.00,131,664.86,688.57,19.48
1,320.00,132,164.29,319.47,15.22
1,320.00,133,809.53,860.29,23.56
1,320.00,134,675.43,806.33,12.37
1,320.00,135,565.77,97.59,12.15
1,320.00,136,210.74,128.93,0.00
1,320.00,137,668.92,804.00,14.47
1,320.00,138,331.23,873.34,20.77
1,320.00,139,191.54,286.46,23.63
1,320.00,140,517.15,468.81,13.50
1,320.00,141,309.47,782.38,21.55
1,320.00,142,320.45,746.36,11.42
1,320.00,143,630.93,199.44,17.04
1,320.00,144,139.45,477.43,12.41
1,320.00,145,648.10,153.79,7.15
1,320.00,146,436.98,103.60,24.15
1,320.00,147,241.98,296.87,8.97
1,320.00,148,267.44,548.82,5.17
1,320.00,149,703.88,894.00,9.86
1,330.00,0,217.80,175.17,5.69
1,330.00,1,530.44,871.23,9.51
1,330.00,2,815.08,914.52,9.55
1,330.00,3,410.08,167.22,7.11
1,330.00,4,324.68,441.73,11.74
1,330.00,5,817.88,449.48,14.61
1,330.00,6,64.20,3.96,0.00
1,330.00,7,861.77,770.60,0.00
1,330.00,8,222.20,457.01,13.37
1,330.00,9,327.97,312.23,8.04
1,330.00,10,74.48,130.62,0.00
1,330.00,11,688.30,379.31,6.48
1,330.00,12,606.51,807.50,11.20
1,330.00,13,468.39,387.62,24.23
1,330.00,14,439.66,558.85,10.64
1,330.00,15,278.43,222.56,5.44
1,330.00,16,510.64,439.55,5.81
1,330.00,17,730.51,593.31,13.17
1,330.00,18,34.69,274.03,18.33
1,330.00,19,201.57,868.68,0.00
1,330.00,20,477.14,417.98,5.93
1,330.00,21,408.19,440.53,24.74
1,330.00,22,608.67,259.16,6.00
1,330.00,23,291.15,736.25,22.85
1,330.00,24,577.21,165.95,22.04
1,330.00,25,531.42,481.10,18.01
1,330.00,26,531.40,388.58,8.13
1,330.00,27,914.61,575.82,0.00
1,330.00,28,529.88,150.92,8.88
1,330.00,29,452.57,755.53,13.13
1,330.00,30,376.33,512.82,12.23
1,330.00,31,409.68,325.32,12.53
1,330.00,32,922.84,52.26,0.00
1,330.00,33,815.52,602.94,7.27
1,330.00,34,572.48,782.58,5.22
1,330.00,35,198.71,276.93,21.01
1,330.00,36,547.15,832.88,17.42
1,330.00,37,746.13,410.46,0.00
1,330.00,38,847.42,598.40,6.37
1,330.00,39,666.64,342.94,13.94
1,330.00,40,777.03,38.39,0.00
1,330.00,41,431.97,542.68,9.37
1,330.00,42,205.02,740.18,16.12
1,330.00,43,892.03,617.64,21.60
1,330.00,44,458.88,582.31,21.68
1,330.00,45,380.61,492.06,6.46
1,330.00,46,876.95,375.26,0.00
1,330.00,47,122.68,841.77,0.00
1,330.00,48,550.60,527.34,0.00
1,330.00,49,368.45,629.42,24.11
1,330.00,50,253.01,735.54,8.26
1,330.00,51,664.12,831.93,6.49
1,330.00,52,662.76,474.41,24.94
1,330.00,53,613.30,400.50,15.07
1,330.00,54,302.61,150.15,0.00
1,330.00,55,770.79,737.88,6.59
1,330.00,56,873.53,544.09,0.00
1,330.00,57,851.68,893.38,0.00
1,330.00,58,631.81,446.97,8.27
1,330.00,59,970.37,725.88,22.20
1,330.00,60,675.90,371.40,16.32
1,330.00,61,928.28,499.84,9.64
1,330.00,62,621.28,823.32,0.00
1,330.00,63,600.42,347.13,22.67
1,330.00,64,138.71,798.76,0.00
1,330.00,65,642.63,678.03,7.43
1,330.00,66,897.78,407.85,0.00
1,330.00,67,702.35,334.64,7.30
1,330.00,68,333.15,357.25,7.32
1,330.00,69,173.91,670.83,6.00
1,330.00,70,400.30,312.19,18.78
1,330.00,71,541.96,541.56,8.86
1,330.00,72,763.70,693.27,16.39
1,330.00,73,126.61,328.05,11.17
1,330.00,74,271.47,539.80,0.00
1,330.00,75,121.16,69.51,7.46
1,330.00,76,145.62,663.91,5.60
1,330.00,77,891.25,829.60,0.00
1,330.00,78,437.99,191.36,5.27
1,330.00,79,491.66,399.45,8.19
1,330.00,80,797.39,360.45,20.65
1,330.00,81,821.77,288.31,6.92
1,330.00,82,273.89,57.93,0.00
1,330.00,83,831.87,224.49,18.81
1,330.00,84,709.53,457.35,8.51
1,330.00,85,173.64,313.41,23.29
1,330.00,86,776.11,329.24,8.07
1,330.00,87,568.79,446.02,0.00
1,330.00,88,758.51,771.75,19.98
1,330.00,89,293.60,592.00,7.24
1,330.00,90,366.54,516.60,0.00
1,330.00,91,260.03,317.77,6.39
1,330.00,92,275.92,967.94,11.72
1,330.00,93,825.60,754.51,12.13
1,330.00,94,400.99,736.98,20.77
1,330.00,95,464.94,912.74,0.00
1,330.00,96,9.44,697.91,0.00
1,330.00,97,508.23,340.25,5.43
1,330.00,98,130.94,332.99,17.19
1,330.00,99,592.86,499.26,9.25
1,330.00,100,552.48,759.57,22.00
1,330.00,101,320.36,352.72,7.92
1,330.00,102,569.32,568.90,8.26
1,330.00,103,435.34,255.79,10.42
1,330.00,104,29.44,184.93,24.69
1,330.00,105,133.26,954.01,0.00
1,330.00,106,346.60,724.06,8.21
1,330.00,107,614.03,870.47,6.64
1,330.00,108,299.10,117.14,6.45
1,330.00,109,164.86,552.75,0.00
1,330.00,110,465.96,446.55,16.79
1,330.00,111,704.78,572.88,5.65
1,330.00,112,519.08,518.34,8.99
1,330.00,113,912.74,346.02,0.00
1,330.00,114,306.83,273.97,12.85
1,330.00,115,490.14,193.48,18.99
1,330.00,116,279.70,263.79,8.87
1,330.00,117,269.99,501.79,15.04
1,330.00,118,424.44,462.02,20.35
1,330.00,119,446.17,526.74,0.00
1,330.00,120,715.34,628.90,5.85
1,330.00,121,491.53,888.11,0.00
1,330.00,122,475.64,145.65,6.63
1,330.00,123,558.24,666.87,6.29
1,330.00,124,237.49,699.16,13.96
1,330.00,125,588.08,420.46,0.00
1,330.00,126,11.57,258.69,0.00
1,330.00,127,542.13,559.61,0.00
1,330.00,128,350.00,863.89,0.00
1,330.00,129,487.54,765.74,21.30
1,330.00,130,732.79,177.20,15.44
1,330.00,131,826.12,579.35,19.48
1,330.00,132,163.26,318.38,0.00
1,330.00,133,659.50,678.58,23.56
1,330.00,134,656.99,847.98,0.00
1,330.00,135,515.79,45.65,0.00
1,330.00,136,293.57,230.98,14.41
1,330.00,137,785.49,797.40,0.00
1,330.00,138,528.70,808.81,20.77
1,330.00,139,5.56,322.83,0.00
1,330.00,140,419.66,527.29,0.00
1,330.00,141,289.61,779.73,0.00
1,330.00,142,340.31,633.94,11.42
1,330.00,143,700.99,114.16,0.00
1,330.00,144,103.18,499.30,0.00
1,330.00,145,714.37,126.84,7.15
1,330.00,146,225.27,219.78,24.15
1,330.00,147,203.45,377.87,8.97
1,330.00,148,268.96,497.12,5.17
1,330.00,149,742.15,803.11,9.86
1,340.00,0,184.31,129.13,5.69
1,340.00,1,593.41,887.26,0.00
1,340.00,2,798.15,987.24,0.00
1,340.00,3,386.46,124.01,0.00
1,340.00,4,401.99,353.39,11.74
1,340.00,5,729.08,565.46,14.61
1,340.00,6,96.38,75.53,24.70
1,340.00,7,897.37,696.98,14.13
1,340.00,8,152.43,342.94,13.37
1,340.00,9,251.09,335.94,8.04
1,340.00,10,133.95,186.03,9.61
1,340.00,11,752.65,371.35,6.48
1,340.00,12,626.81,786.87,0.00
1,340.00,13,339.23,182.63,24.23
1,340.00,14,355.94,620.39,0.00
1,340.00,15,254.50,173.71,5.44
1,340.00,16,532.29,493.44,5.81
1,340.00,17,694.59,720.03,13.17
1,340.00,18,32.88,272.76,0.00
1,340.00,19,219.83,874.93,23.38
1,340.00,20,533.88,435.06,5.93
1,340.00,21,563.25,633.25,24.74
1,340.00,22,640.84,217.88,0.00
1,340.00,23,123.83,888.25,0.00
1,340.00,24,650.72,373.78,22.04
1,340.00,25,471.62,311.23,18.01
1,340.00,26,560.01,312.48,8.13
1,340.00,27,843.16,511.53,16.17
1,340.00,28,535.42,142.69,0.00
1,340.00,29,383.46,804.87,0.00
1,340.00,30,325.61,624.09,12.23
1,340.00,31,308.43,352.23,0.00
1,340.00,32,848.97,105.75,17.58
1,340.00,33,742.85,601.66,7.27
1,340.00,34,588.80,733.01,5.22
1,340.00,35,89.29,350.52,0.00
1,340.00,36,631.36,680.34,17.42
1,340.00,37,611.72,520.15,17.60
1,340.00,38,853.63,661.76,6.37
1,340.00,39,558.17,430.52,13.94
1,340.00,40,848.18,16.61,12.06
1,340.00,41,386.69,460.69,9.37
1,340.00,42,268.54,592.02,16.12
1,340.00,43,824.82,822.95,21.60
1,340.00,44,468.18,584.35,0.00
1,340.00,45,359.28,431.07,6.46
1,340.00,46,772.81,349.45,19.90
1,340.00,47,209.70,858.90,16.02
1,340.00,48,575.82,543.60,9.84
1,340.00,49,151.43,734.35,24.11
1,340.00,50,333.94,751.81,8.26
1,340.00,51,648.83,839.32,0.00
1,340.00,52,610.90,230.47,24.94
1,340.00,53,630.02,391.91,0.00
1,340.00,54,375.61,299.70,23.67
1,340.00,55,834.82,722.30,6.59
1,340.00,56,746.42,606.79,14.49
1,340.00,57,818.72,808.39,14.32
1,340.00,58,690.04,388.23,8.27
1,340.00,59,959.34,504.17,22.20
1,340.00,60,825.25,414.53,0.00
1,340.00,61,849.18,444.73,9.64
1,340.00,62,649.42,702.02,23.57
1,340.00,63,405.77,230.87,22.67
1,340.00,64,209.16,764.45,20.30
1,340.00,65,611.09,610.77,7.43
1,340.00,66,714.76,312.67,24.20
1,340.00,67,642.84,292.39,7.30
1,340.00,68,323.92,284.68,7.32
1,340.00,69,208.59,621.89,6.00
1,340.00,70,376.83,498.53,18.78
1,340.00,71,555.02,453.95,8.86
1,340.00,72,825.48,760.47,0.00
1,340.00,73,209.55,253.19,11.17
1,340.00,74,363.09,469.27,14.07
1,340.00,75,156.01,135.48,7.46
1,340.00,76,180.40,686.96,0.00
1,340.00,77,824.52,771.99,17.46
1,340.00,78,482.17,162.55,5.27
1,340.00,79,573.48,395.30,8.19
1,340.00,80,888.78,545.67,20.65
1,340.00,81,801.70,354.58,6.92
1,340.00,82,321.23,66.82,5.32
1,340.00,83,883.25,98.17,0.00
1,340.00,84,715.13,542.22,8.51
1,340.00,85,297.18,510.79,23.29
1,340.00,86,722.54,389.62,8.07
1,340.00,87,514.19,581.84,22.16
1,340.00,88,579.28,683.39,19.98
1,340.00,89,243.81,539.39,7.24
1,340.00,90,339.15,511.81,18.70
1,340.00,91,323.84,315.00,6.39
1,340.00,92,160.24,986.90,11.72
1,340.00,93,755.49,655.54,12.13
1,340.00,94,280.14,779.68,0.00
1,340.00,95,454.60,837.75,24.56
1,340.00,96,36.24,686.28,10.08
1,340.00,97,490.34,391.47,5.43
1,340.00,98,204.82,177.81,17.19
1,340.00,99,680.56,469.79,9.25
1,340.00,100,769.46,723.15,22.00
1,340.00,101,249.62,317.19,7.92
1,340.00,102,507.80,513.86,8.26
1,340.00,103,473.19,167.52,0.00
1,340.00,104,67.73,428.84,24.69
1,340.00,105,190.87,925.03,21.84
1,340.00,106,422.91,693.77,8.21
1,340.00,107,578.51,814.39,6.64
1,340.00,108,312.19,180.26,6.45
1,340.00,109,212.97,563.51,8.16
1,340.00,110,613.03,365.59,16.79
1,340.00,111,685.39,625.97,5.65
1,340.00,112,439.38,559.99,8.99
1,340.00,113,711.17,451.20,24.85
1,340.00,114,229.93,170.98,12.85
1,340.00,115,308.62,137.57,18.99
1,340.00,116,358.70,223.42,8.87
1,340.00,117,119.94,492.16,15.04
1,340.00,118,382.54,262.90,20.35
1,340.00,119,448.51,528.79,7.64
1,340.00,120,723.98,571.07,5.85
1,340.00,121,499.65,849.93,9.48
1,340.00,122,416.86,176.29,6.63
1,340.00,123,515.41,620.78,6.29
1,340.00,124,235.79,707.32,0.00
1,340.00,125,593.55,493.33,9.07
1,340.00,126,53.82,279.67,18.72
1,340.00,127,664.86,468.20,23.69
1,340.00,128,369.47,845.62,10.63
1,340.00,129,297.84,862.51,21.30
1,340.00,130,732.07,105.21,0.00
1,340.00,131,987.39,470.13,19.48
1,340.00,132,272.80,320.77,11.07
1,340.00,133,509.48,496.86,23.56
1,340.00,134,559.88,737.49,23.28
1,340.00,135,523.10,81.35,8.96
1,340.00,136,384.36,342.83,14.41
1,340.00,137,763.10,780.17,14.66
1,340.00,138,726.16,744.28,20.77
1,340.00,139,26.39,327.56,10.78
1,340.00,140,438.11,526.05,11.70
1,340.00,141,421.87,776.66,14.59
1,340.00,142,360.17,521.52,11.42
1,340.00,143,698.94,135.64,6.12
1,340.00,144,207.02,559.20,18.20
1,340.00,145,780.63,99.89,7.15
1,340.00,146,67.18,306.53,0.00
1,340.00,147,164.93,458.87,8.97
1,340.00,148,270.48,445.41,5.17
1,340.00,149,780.41,712.21,9.86
1,350.00,0,170.35,109.93,0.00
1,350.00,1,611.56,819.81,22.07
1,350.00,2,775.39,948.36,20.65
1,350.00,3,415.83,181.43,20.97
1,350.00,4,479.30,265.05,11.74
1,350.00,5,640.28,681.44,14.61
1,350.00,6,126.71,143.01,0.00
1,350.00,7,925.56,638.67,0.00
1,350.00,8,82.66,228.86,13.37
1,350.00,9,174.22,359.66,8.04
1,350.00,10,204.29,251.58,9.61
1,350.00,11,783.28,367.56,0.00
1,350.00,12,654.69,661.64,17.30
1,350.00,13,226.16,3.17,0.00
1,350.00,14,358.89,617.83,16.81
1,350.00,15,230.57,124.86,5.44
1,350.00,16,542.25,518.24,0.00
1,350.00,17,658.67,846.75,13.17
1,350.00,18,64.97,411.96,14.46
1,350.00,19,387.45,932.36,0.00
1,350.00,20,590.62,452.13,5.93
1,350.00,21,612.41,694.36,0.00
1,350.00,22,623.81,236.81,19.86
1,350.00,23,125.06,888.51,11.68
1,350.00,24,724.22,581.62,22.04
1,350.00,25,432.83,201.03,0.00
1,350.00,26,585.47,244.75,0.00
1,350.00,27,722.97,403.41,16.17
1,350.00,28,617.54,268.50,16.91
1,350.00,29,368.82,789.69,5.97
1,350.00,30,274.90,735.36,12.23
1,350.00,31,334.35,366.60,18.12
1,350.00,32,706.57,208.87,17.58
1,350.00,33,670.18,600.39,7.27
1,350.00,34,605.12,683.45,5.22
1,350.00,35,170.86,359.47,22.03
1,350.00,36,715.56,527.80,17.42
1,350.00,37,475.33,631.45,17.60
1,350.00,38,859.85,725.13,6.37
1,350.00,39,449.69,518.11,13.94
1,350.00,40,852.75,15.21,0.00
1,350.00,41,341.41,378.71,9.37
1,350.00,42,332.06,443.87,16.12
1,350.00,43,776.90,969.33,0.00
1,350.00,44,516.93,542.52,6.72
1,350.00,45,337.95,370.08,6.46
1,350.00,46,579.69,301.59,19.90
1,350.00,47,366.86,889.83,16.02
1,350.00,48,658.47,596.91,9.84
1,350.00,49,2.90,806.17,0.00
1,350.00,50,414.88,768.08,8.26
1,350.00,51,631.09,799.30,5.93
1,350.00,52,584.58,106.69,0.00
1,350.00,53,672.73,300.02,11.58
1,350.00,54,479.43,512.38,23.67
1,350.00,55,898.85,706.71,6.59
1,350.00,56,616.43,670.91,14.49
1,350.00,57,766.95,674.91,14.32
1,350.00,58,748.27,329.49,8.27
1,350.00,59,958.85,494.34,0.00
1,350.00,60,816.29,414.57,18.91
1,350.00,61,770.09,389.63,9.64
1,350.00,62,702.69,472.38,23.57
1,350.00,63,243.45,133.92,0.00
1,350.00,64,391.70,675.56,20.30
1,350.00,65,579.56,543.50,7.43
1,350.00,66,500.10,201.02,24.20
1,350.00,67,583.33,250.14,7.30
1,350.00,68,314.68,212.10,7.32
1,350.00,69,243.27,572.94,6.00
1,350.00,70,353.36,684.88,18.78
1,350.00,71,568.08,366.35,8.86
1,350.00,72,796.95,701.79,14.72
1,350.00,73,288.25,182.16,0.00
1,350.00,74,474.60,383.43,14.07
1,350.00,75,190.86,201.44,7.46
1,350.00,76,211.16,637.52,22.80
1,350.00,77,692.34,657.87,17.46
1,350.00,78,526.34,133.74,5.27
1,350.00,79,655.30,391.14,8.19
1,350.00,80,893.06,554.34,0.00
1,350.00,81,781.62,420.85,6.92
1,350.00,82,373.48,76.62,5.32
1,350.00,83,866.13,112.70,8.17
1,350.00,84,720.73,627.09,8.51
1,350.00,85,420.71,708.17,23.29
1,350.00,86,668.96,449.99,8.07
1,350.00,87,470.51,690.47,0.00
1,350.00,88,400.05,595.02,19.98
1,350.00,89,194.03,486.78,7.24
1,350.00,90,154.97,479.60,18.70
1,350.00,91,387.65,312.23,6.39
1,350.00,92,99.50,996.85,0.00
1,350.00,93,685.39,556.57,12.13
1,350.00,94,345.60,724.58,22.35
1,350.00,95,421.06,594.50,24.56
1,350.00,96,128.74,646.13,10.08
1,350.00,97,472.45,442.69,5.43
1,350.00,98,278.70,22.63,17.19
1,350.00,99,768.26,440.31,9.25
1,350.00,100,980.01,687.81,0.00
1,350.00,101,178.87,281.66,7.92
1,350.00,102,446.27,458.81,8.26
1,350.00,103,476.50,175.51,11.09
1,350.00,104,106.02,672.76,24.69
1,350.00,105,385.96,826.85,21.84
1,350.00,106,481.56,670.49,0.00
1,350.00,107,542.99,758.32,6.64
1,350.00,108,325.27,243.38,6.45
1,350.00,109,292.62,581.33,8.16
1,350.00,110,760.10,284.64,16.79
1,350.00,111,665.99,679.06,5.65
1,350.00,112,394.73,583.31,0.00
1,350.00,113,490.83,566.18,24.85
1,350.00,114,153.02,67.98,12.85
1,350.00,115,127.11,81.66,18.99
1,350.00,116,437.71,183.06,8.87
1,350.00,117,81.36,489.69,0.00
1,350.00,118,342.21,71.23,0.00
1,350.00,119,505.92,579.28,7.64
1,350.00,120,726.83,552.01,0.00
1,350.00,121,519.37,757.24,9.48
1,350.00,122,358.08,206.93,6.63
1,350.00,123,499.62,603.79,0.00
1,350.00,124,165.56,486.18,24.67
1,350.00,125,600.34,583.81,9.07
1,350.00,126,221.52,362.93,18.72
1,350.00,127,854.85,326.71,23.69
1,350.00,128,428.99,789.76,0.00
1,350.00,129,108.14,959.28,21.30
1,350.00,130,762.69,195.78,17.91
1,350.00,131,992.16,466.89,0.00
1,350.00,132,383.44,323.18,11.07
1,350.00,133,407.45,373.28,0.00
1,350.00,134,406.17,562.60,23.28
1,350.00,135,541.07,169.16,8.96
1,350.00,136,475.14,454.68,14.41
1,350.00,137,646.95,690.77,14.66
1,350.00,138,923.63,679.75,20.77
1,350.00,139,131.52,351.43,10.78
1,350.00,140,554.87,518.20,11.70
1,350.00,141,567.70,773.28,14.59
1,350.00,142,380.04,409.11,11.42
1,350.00,143,693.11,196.61,6.12
1,350.00,144,364.68,650.14,18.20
1,350.00,145,846.90,72.94,7.15
1,350.00,146,123.77,287.40,23.59
1,350.00,147,148.73,492.91,0.00
1,350.00,148,272.00,393.71,5.17
1,350.00,149,818.67,621.32,9.86
1,360.00,0,309.90,85.74,24.30
1,360.00,1,668.93,606.66,22.07
1,360.00,2,671.09,770.18,20.65
1,360.00,3,511.29,368.09,20.97
1,360.00,4,498.27,243.37,0.00
1,360.00,5,551.48,797.41,14.61
1,360.00,6,244.50,185.65,17.88
1,360.00,7,844.34,573.55,19.23
1,360.00,8,53.90,181.85,0.00
1,360.00,9,97.35,383.37,8.04
1,360.00,10,274.63,317.12,9.61
1,360.00,11,747.31,396.90,8.85
1,360.00,12,692.29,492.80,17.30
1,360.00,13,235.63,32.81,24.99
1,360.00,14,486.00,507.83,16.81
1,360.00,15,222.52,108.43,0.00
1,360.00,16,446.72,532.23,17.88
1,360.00,17,649.58,878.80,0.00
1,360.00,18,97.46,552.86,14.46
1,360.00,19,384.43,881.91,20.86
1,360.00,20,647.36,469.20,5.93
1,360.00,21,613.10,605.83,12.96
1,360.00,22,490.95,384.46,19.86
1,360.00,23,239.42,912.30,11.68
1,360.00,24,750.19,655.05,0.00
1,360.00,25,469.45,251.14,17.67
1,360.00,26,587.38,254.81,0.00
1,360.00,27,602.78,295.28,16.17
1,360.00,28,709.98,410.15,16.91
1,360.00,29,327.37,746.70,5.97
1,360.00,30,224.18,846.62,12.23
1,360.00,31,487.01,451.23,0.00
1,360.00,32,564.17,312.00,17.58
1,360.00,33,597.50,599.12,7.27
1,360.00,34,621.44,633.88,5.22
1,360.00,35,389.87,383.50,22.03
1,360.00,36,799.76,375.25,17.42
1,360.00,37,425.94,671.76,0.00
1,360.00,38,862.38,751.02,0.00
1,360.00,39,341.22,605.70,13.94
1,360.00,40,762.94,150.60,16.92
1,360.00,41,296.13,296.72,9.37
1,360.00,42,381.71,328.08,0.00
1,360.00,43,743.12,940.68,15.43
1,360.00,44,567.93,498.77,6.72
1,360.00,45,316.62,309.09,6.46
1,360.00,46,386.57,253.73,19.90
1,360.00,47,524.02,920.77,16.02
1,360.00,48,691.72,618.36,0.00
1,360.00,49,19.49,795.00,6.34
1,360.00,50,495.81,784.36,8.26
1,360.00,51,607.05,745.08,5.93
1,360.00,52,570.05,192.47,17.66
1,360.00,53,678.10,288.47,0.00
1,360.00,54,527.63,611.11,0.00
1,360.00,55,958.81,692.11,0.00
1,360.00,56,486.44,735.04,14.49
1,360.00,57,715.18,541.43,14.32
1,360.00,58,806.51,270.74,8.27
1,360.00,59,881.70,513.96,8.33
1,360.00,60,627.22,415.36,18.91
1,360.00,61,690.99,334.52,9.64
1,360.00,62,737.24,323.46,0.00
1,360.00,63,245.30,143.52,5.89
1,360.00,64,574.24,586.68,20.30
1,360.00,65,548.02,476.24,7.43
1,360.00,66,285.45,89.38,24.20
1,360.00,67,523.82,207.90,7.30
1,360.00,68,308.31,161.95,0.00
1,360.00,69,277.94,524.00,6.00
1,360.00,70,329.88,871.22,18.78
1,360.00,71,581.14,278.74,8.86
1,360.00,72,732.55,569.38,14.72
1,360.00,73,293.02,193.22,23.56
1,360.00,74,586.11,297.58,14.07
1,360.00,75,225.70,267.41,7.46
1,360.00,76,319.94,462.67,0.00
1,360.00,77,560.15,543.74,17.46
1,360.00,78,570.52,104.93,5.27
1,360.00,79,713.85,388.17,0.00
1,360.00,80,678.00,568.67,22.61
1,360.00,81,761.54,487.12,6.92
1,360.00,82,425.72,86.43,5.32
1,360.00,83,803.88,165.55,8.17
1,360.00,84,726.33,711.96,8.51
1,360.00,85,544.25,905.55,23.29
1,360.00,86,615.39,510.37,8.07
1,360.00,87,521.09,747.12,16.10
1,360.00,88,220.83,506.65,19.98
1,360.00,89,144.25,434.16,7.24
1,360.00,90,106.78,471.18,0.00
1,360.00,91,451.45,309.47,6.39
1,360.00,92,120.06,908.29,19.14
1,360.00,93,615.29,457.60,12.13
1,360.00,94,516.63,580.62,22.35
1,360.00,95,387.52,351.24,24.56
1,360.00,96,221.24,605.99,10.08
1,360.00,97,454.56,493.90,5.43
1,360.00,98,280.86,18.09,0.00
1,360.00,99,855.96,410.83,9.25
1,360.00,100,978.48,687.59,5.21
1,360.00,101,108.13,246.13,7.92
1,360.00,102,384.75,403.77,8.26
1,360.00,103,518.96,277.92,11.09
1,360.00,104,122.61,778.49,0.00
1,360.00,105,546.70,745.97,0.00
1,360.00,106,509.66,653.12,14.27
1,360.00,107,540.24,753.97,0.00
1,360.00,108,338.35,306.50,6.45
1,360.00,109,372.26,599.14,8.16
1,360.00,110,899.48,207.92,0.00
1,360.00,111,651.09,719.85,0.00
1,360.00,112,464.41,645.78,21.27
1,360.00,113,322.21,654.17,0.00
1,360.00,114,107.69,7.27,0.00
1,360.00,115,39.70,54.74,0.00
1,360.00,116,516.72,142.70,8.87
1,360.00,117,135.60,463.71,8.09
1,360.00,118,344.38,77.33,17.31
1,360.00,119,563.32,629.77,7.64
1,360.00,120,742.93,520.03,5.34
1,360.00,121,539.10,664.55,9.48
1,360.00,122,299.31,237.56,6.63
1,360.00,123,614.38,517.04,22.79
1,360.00,124,154.31,450.77,0.00
1,360.00,125,607.13,674.30,9.07
1,360.00,126,389.22,446.20,18.72
1,360.00,127,947.84,257.46,0.00
1,360.00,128,431.61,746.99,18.45
1,360.00,129,39.06,994.52,0.00
1,360.00,130,820.06,365.49,17.91
1,360.00,131,901.72,450.93,9.46
1,360.00,132,494.08,325.60,11.07
1,360.00,133,349.26,352.79,19.29
1,360.00,134,252.46,387.72,23.28
1,360.00,135,559.05,256.97,8.96
1,360.00,136,565.92,566.54,14.41
1,360.00,137,530.79,601.38,14.66
1,360.00,138,961.82,667.27,0.00
1,360.00,139,236.66,375.30,10.78
1,360.00,140,671.63,510.36,11.70
1,360.00,141,713.53,769.89,14.59
1,360.00,142,391.73,342.94,0.00
1,360.00,143,687.28,257.58,6.12
1,360.00,144,522.33,741.09,18.20
1,360.00,145,913.16,45.99,7.15
1,360.00,146,347.22,211.86,23.59
1,360.00,147,266.69,446.02,21.90
1,360.00,148,273.52,342.00,5.17
1,360.00,149,856.94,530.42,9.86
1,370.00,0,474.12,57.28,0.00
1,370.00,1,726.30,393.50,22.07
1,370.00,2,566.79,592.01,20.65
1,370.00,3,606.75,554.76,20.97
1,370.00,4,493.87,414.06,22.63
1,370.00,5,462.68,913.39,14.61
1,370.00,6,412.65,246.54,17.88
1,370.00,7,694.34,453.29,19.23
1,370.00,8,94.99,222.26,9.80
1,370.00,9,20.47,407.08,8.04
1,370.00,10,344.97,382.67,9.61
1,370.00,11,678.71,452.86,8.85
1,370.00,12,729.38,326.26,0.00
1,370.00,13,311.72,270.80,24.99
1,370.00,14,574.88,430.91,0.00
1,370.00,15,256.26,208.45,15.90
1,370.00,16,269.81,558.15,17.88
1,370.00,17,474.61,889.68,23.47
1,370.00,18,108.03,598.66,0.00
1,370.00,19,371.98,673.71,20.86
1,370.00,20,704.10,486.27,5.93
1,370.00,21,613.92,500.44,0.00
1,370.00,22,358.10,532.11,19.86
1,370.00,23,353.77,936.10,11.68
1,370.00,24,659.95,601.35,16.24
1,370.00,25,573.70,393.79,17.67
1,370.00,26,591.44,264.32,22.36
1,370.00,27,482.59,187.15,16.17
1,370.00,28,802.42,551.79,16.91
1,370.00,29,285.91,703.70,5.97
1,370.00,30,173.47,957.89,12.23
1,370.00,31,486.14,452.86,5.03
1,370.00,32,421.77,415.12,17.58
1,370.00,33,524.83,597.84,7.27
1,370.00,34,637.76,584.31,5.22
1,370.00,35,608.87,407.53,22.03
1,370.00,36,883.96,222.71,17.42
1,370.00,37,388.14,581.66,15.32
1,370.00,38,839.98,648.82,17.69
1,370.00,39,234.93,691.52,0.00
1,370.00,40,669.42,291.58,16.92
1,370.00,41,250.85,214.74,9.37
1,370.00,42,380.12,379.54,23.57
1,370.00,43,625.47,840.88,15.43
1,370.00,44,585.70,483.52,0.00
1,370.00,45,295.29,248.10,6.46
1,370.00,46,339.03,241.95,0.00
1,370.00,47,590.58,933.87,0.00
1,370.00,48,672.17,584.51,6.54
1,370.00,49,72.06,759.63,6.34
1,370.00,50,576.74,800.63,8.26
1,370.00,51,583.01,690.87,5.93
1,370.00,52,540.54,366.62,17.66
1,370.00,53,490.26,183.82,24.16
1,370.00,54,550.04,565.80,9.43
1,370.00,55,949.25,692.13,15.07
1,370.00,56,356.44,799.16,14.49
1,370.00,57,663.41,407.95,14.32
1,370.00,58,863.64,213.12,0.00
1,370.00,59,800.97,534.50,8.33
1,370.00,60,438.15,416.15,18.91
1,370.00,61,624.36,288.11,0.00
1,370.00,62,750.87,347.37,7.83
1,370.00,63,256.49,201.31,5.89
1,370.00,64,756.77,497.79,20.30
1,370.00,65,516.48,408.98,7.43
1,370.00,66,216.98,53.78,0.00
1,370.00,67,464.32,165.65,7.30
1,370.00,68,293.26,212.47,17.06
1,370.00,69,312.62,475.05,6.00
1,370.00,70,319.47,953.92,0.00
1,370.00,71,594.20,191.14,8.86
1,370.00,72,668.15,436.97,14.72
1,370.00,73,386.31,409.53,23.56
1,370.00,74,697.62,211.73,14.07
1,370.00,75,260.55,333.38,7.46
1,370.00,76,326.63,461.61,7.00
1,370.00,77,427.96,429.62,17.46
1,370.00,78,604.56,82.73,0.00
1,370.00,79,743.76,356.47,15.32
1,370.00,80,452.39,583.70,22.61
1,370.00,81,741.47,553.39,6.92
1,370.00,82,477.97,96.23,5.32
1,370.00,83,741.63,218.39,8.17
1,370.00,84,730.00,767.50,0.00
1,370.00,85,557.50,926.71,0.00
1,370.00,86,561.82,570.74,8.07
1,370.00,87,628.35,867.22,16.10
1,370.00,88,41.60,418.29,19.98
1,370.00,89,118.33,406.77,0.00
1,370.00,90,171.87,411.55,11.96
1,370.00,91,515.26,306.70,6.39
1,370.00,92,143.07,809.15,0.00
1,370.00,93,545.19,358.63,12.13
1,370.00,94,687.66,436.67,22.35
1,370.00,95,353.97,107.99,24.56
1,370.00,96,313.74,565.85,10.08
1,370.00,97,436.67,545.12,5.43
1,370.00,98,411.70,102.97,16.07
1,370.00,99,898.26,396.61,0.00
1,370.00,100,926.88,680.10,5.21
1,370.00,101,37.39,210.60,7.92
1,370.00,102,323.23,348.72,8.26
1,370.00,103,561.41,380.33,11.09
1,370.00,104,216.99,790.72,16.80
1,370.00,105,567.94,762.28,15.21
1,370.00,106,631.08,578.11,14.27
1,370.00,107,496.24,657.18,11.53
1,370.00,108,351.43,369.61,6.45
1,370.00,109,451.90,616.96,8.16
1,370.00,110,899.41,210.78,5.47
1,370.00,111,658.66,741.46,9.88
1,370.00,112,622.81,787.78,21.27
1,370.00,113,279.20,646.05,18.65
1,370.00,114,96.06,84.06,18.92
1,370.00,115,81.56,52.30,8.09
1,370.00,116,574.33,113.27,0.00
1,370.00,117,208.61,428.75,8.09
1,370.00,118,399.00,230.75,0.00
1,370.00,119,620.73,680.26,7.64
1,370.00,120,766.93,472.32,5.34
1,370.00,121,546.13,631.51,0.00
1,370.00,122,240.53,268.20,6.63
1,370.00,123,796.15,379.63,22.79
1,370.00,124,221.09,481.09,8.63
1,370.00,125,613.92,764.79,9.07
1,370.00,126,556.91,529.46,18.72
1,370.00,127,938.57,324.05,13.17
1,370.00,128,442.91,562.81,18.45
1,370.00,129,87.81,954.97,9.87
1,370.00,130,877.43,535.21,17.91
1,370.00,131,808.53,434.48,9.46
1,370.00,132,574.62,327.36,0.00
1,370.00,133,252.77,318.81,0.00
1,370.00,134,110.49,226.18,0.00
1,370.00,135,577.02,344.78,8.96
1,370.00,136,656.70,678.39,14.41
1,370.00,137,414.64,511.99,14.66
1,370.00,138,834.92,648.86,15.90
1,370.00,139,341.79,399.17,10.78
1,370.00,140,788.39,502.52,11.70
1,370.00,141,859.36,766.50,14.59
1,370.00,142,427.32,393.17,14.96
1,370.00,143,681.46,318.54,6.12
1,370.00,144,646.12,812.50,0.00
1,370.00,145,979.43,19.04,7.15
1,370.00,146,570.67,136.32,23.59
1,370.00,147,470.16,365.14,21.90
1,370.00,148,275.04,290.30,5.17
1,370.00,149,895.20,439.53,9.86
1,380.00,0,435.48,84.64,15.07
1,380.00,1,780.45,192.33,0.00
1,380.00,2,462.49,413.84,20.65
1,380.00,3,631.56,603.27,0.00
1,380.00,4,493.58,425.32,0.00
1,380.00,5,447.72,932.93,0.00
1,380.00,6,510.56,282.00,0.00
1,380.00,7,544.35,333.03,19.23
1,380.00,8,164.87,291.01,9.80
1,380.00,9,6.52,411.38,0.00
1,380.00,10,415.31,448.22,9.61
1,380.00,11,610.11,508.82,8.85
1,380.00,12,727.82,326.61,11.67
1,380.00,13,387.80,508.80,24.99
1,380.00,14,538.60,403.98,15.02
1,380.00,15,307.11,359.14,15.90
1,380.00,16,174.39,572.14,0.00
1,380.00,17,240.38,904.23,23.47
1,380.00,18,87.78,719.04,18.08
1,380.00,19,359.54,465.51,20.86
1,380.00,20,760.84,503.35,5.93
1,380.00,21,624.90,500.51,5.87
1,380.00,22,225.24,679.76,19.86
1,380.00,23,416.34,949.12,0.00
1,380.00,24,520.42,518.31,16.24
1,380.00,25,677.95,536.44,17.67
1,380.00,26,679.36,469.94,22.36
1,380.00,27,362.40,79.02,16.17
1,380.00,28,894.87,693.44,16.91
1,380.00,29,244.46,660.71,5.97
1,380.00,30,165.06,976.34,0.00
1,380.00,31,462.62,497.37,5.03
1,380.00,32,279.37,518.25,17.58
1,380.00,33,452.16,596.57,7.27
1,380.00,34,654.09,534.75,5.22
1,380.00,35,827.88,431.57,22.03
1,380.00,36,968.16,70.17,17.42
1,380.00,37,328.87,440.40,15.32
1,380.00,38,802.10,476.02,17.69
1,380.00,39,234.67,689.35,10.86
1,380.00,40,629.52,351.73,0.00
1,380.00,41,205.57,132.75,9.37
1,380.00,42,372.88,615.11,23.57
1,380.00,43,507.81,741.08,15.43
1,380.00,44,664.23,443.52,13.53
1,380.00,45,273.97,187.11,6.46
1,380.00,46,424.89,377.17,21.25
1,380.00,47,574.47,909.75,5.03
1,380.00,48,639.46,527.88,6.54
1,380.00,49,124.62,724.26,6.34
1,380.00,50,657.68,816.90,8.26
1,380.00,51,558.97,636.65,5.93
1,380.00,52,511.03,540.77,17.66
1,380.00,53,334.01,96.77,0.00
1,380.00,54,591.87,481.24,9.43
1,380.00,55,798.59,692.44,15.07
1,380.00,56,226.45,863.28,14.49
1,380.00,57,611.64,274.47,14.32
1,380.00,58,860.64,212.72,15.95
1,380.00,59,720.24,555.04,8.33
1,380.00,60,249.08,416.93,18.91
1,380.00,61,627.13,298.27,6.68
1,380.00,62,789.63,415.41,7.83
1,380.00,63,267.67,259.09,5.89
1,380.00,64,939.31,408.91,20.30
1,380.00,65,484.94,341.71,7.43
1,380.00,66,203.56,96.98,6.64
1,380.00,67,404.81,123.40,7.30
1,380.00,68,244.56,375.93,17.06
1,380.00,69,347.30,426.11,6.00
1,380.00,70,296.68,883.73,13.27
1,380.00,71,601.00,145.52,0.00
1,380.00,72,603.74,304.56,14.72
1,380.00,73,479.61,625.84,23.56
1,380.00,74,809.13,125.89,14.07
1,380.00,75,276.67,363.88,0.00
1,380.00,76,395.78,450.69,7.00
1,380.00,77,295.78,315.49,17.46
1,380.00,78,597.97,114.85,14.29
1,380.00,79,848.91,245.03,15.32
1,380.00,80,318.20,592.64,0.00
1,380.00,81,721.39,619.67,6.92
1,380.00,82,530.22,106.04,5.32
1,380.00,83,679.38,271.23,8.17
1,380.00,84,740.31,709.75,16.98
1,380.00,85,573.83,857.44,7.97
1,380.00,86,508.24,631.12,8.07
1,380.00,87,731.68,982.92,0.00
1,380.00,88,31.47,413.29,0.00
1,380.00,89,150.72,410.40,6.80
1,380.00,90,260.03,330.79,11.96
1,380.00,91,579.07,303.93,6.39
1,380.00,92,173.20,808.57,6.43
1,380.00,93,481.70,269.00,0.00
1,380.00,94,809.94,333.74,0.00
1,380.00,95,350.66,83.98,0.00
1,380.00,96,406.24,525.71,10.08
1,380.00,97,418.78,596.34,5.43
1,380.00,98,546.48,190.41,16.07
1,380.00,99,791.30,436.10,22.02
1,380.00,100,875.29,672.61,5.21
1,380.00,101,3.72,193.69,0.00
1,380.00,102,261.70,293.67,8.26
1,380.00,103,603.86,482.74,11.09
1,380.00,104,383.57,812.31,16.80
1,380.00,105,688.56,854.94,15.21
1,380.00,106,752.49,503.10,14.27
1,380.00,107,448.56,552.26,11.53
1,380.00,108,364.51,432.73,6.45
1,380.00,109,531.55,634.77,8.16
1,380.00,110,897.97,265.43,5.47
1,380.00,111,691.31,834.74,9.88
1,380.00,112,711.35,867.16,0.00
1,380.00,113,95.98,611.46,18.65
1,380.00,114,67.75,271.09,18.92
1,380.00,115,162.30,47.59,8.09
1,380.00,116,594.51,129.43,9.55
1,380.00,117,281.62,393.80,8.09
1,380.00,118,398.78,237.09,10.69
1,380.00,119,678.14,730.75,7.64
1,380.00,120,790.93,424.62,5.34
1,380.00,121,548.54,570.95,9.42
1,380.00,122,181.75,298.84,6.63
1,380.00,123,846.63,341.47,0.00
1,380.00,124,299.70,516.77,8.63
1,380.00,125,618.53,826.15,0.00
1,380.00,126,724.61,612.72,18.72
1,380.00,127,920.42,454.45,13.17
1,380.00,128,454.21,378.63,18.45
1,380.00,129,164.48,892.78,9.87
1,380.00,130,901.34,605.91,0.00
1,380.00,131,715.34,418.04,9.46
1,380.00,132,588.35,322.68,5.33
1,380.00,133,274.68,336.11,5.95
1,380.00,134,110.58,232.50,8.28
1,380.00,135,595.00,432.59,8.96
1,380.00,136,747.49,790.24,14.41
1,380.00,137,298.49,422.60,14.66
1,380.00,138,677.60,626.04,15.90
1,380.00,139,446.92,423.04,10.78
1,380.00,140,905.15,494.67,11.70
1,380.00,141,914.79,765.21,0.00
1,380.00,142,513.82,515.24,14.96
1,380.00,143,675.63,379.51,6.12
1,380.00,144,617.50,812.97,13.33
1,380.00,145,987.83,15.63,0.00
1,380.00,146,794.11,60.78,23.59
1,380.00,147,673.62,284.26,21.90
1,380.00,148,276.56,238.59,5.17
1,380.00,149,933.46,348.63,9.86
1,390.00,0,312.46,171.74,15.07
1,390.00,1,781.12,179.52,22.82
1,390.00,2,358.18,235.67,20.65
1,390.00,3,566.81,659.47,11.59
1,390.00,4,387.13,421.91,11.21
1,390.00,5,563.04,810.57,20.22
1,390.00,6,479.37,328.08,13.32
1,390.00,7,394.35,212.78,19.23
1,390.00,8,234.76,359.76,9.80
1,390.00,9,101.07,329.56,15.27
1,390.00,10,485.65,513.76,9.61
1,390.00,11,541.50,564.78,8.85
1,390.00,12,614.01,352.54,11.67
1,390.00,13,394.20,528.80,0.00
1,390.00,14,462.55,347.53,0.00
1,390.00,15,357.95,509.84,15.90
1,390.00,16,200.55,558.13,6.44
1,390.00,17,26.70,917.51,0.00
1,390.00,18,57.77,897.38,18.08
1,390.00,19,347.09,257.32,20.86
1,390.00,20,817.57,520.42,5.93
1,390.00,21,683.60,500.87,5.87
1,390.00,22,92.38,827.41,19.86
1,390.00,23,412.78,850.76,21.74
1,390.00,24,380.88,435.28,16.24
1,390.00,25,782.21,679.09,17.67
1,390.00,26,767.27,675.56,22.36
1,390.00,27,360.70,77.49,0.00
1,390.00,28,987.31,835.08,16.91
1,390.00,29,203.01,617.72,5.97
1,390.00,30,180.08,804.22,20.71
1,390.00,31,439.09,541.88,5.03
1,390.00,32,136.97,621.37,17.58
1,390.00,33,379.49,595.29,7.27
1,390.00,34,670.41,485.18,5.22
1,390.00,35,980.05,448.27,0.00
1,390.00,36,980.27,48.23,0.00
1,390.00,37,269.60,299.14,15.32
1,390.00,38,764.21,303.22,17.69
1,390.00,39,221.55,581.53,10.86
1,390.00,40,747.77,278.96,24.22
1,390.00,41,190.95,106.27,0.00
1,390.00,42,365.63,850.68,23.57
1,390.00,43,390.16,641.28,15.43
1,390.00,44,784.78,382.11,13.53
1,390.00,45,252.64,126.12,6.46
1,390.00,46,538.80,556.57,21.25
1,390.00,47,546.53,867.91,5.03
1,390.00,48,606.76,471.26,6.54
1,390.00,49,177.18,688.88,6.34
1,390.00,50,738.61,833.18,8.26
1,390.00,51,534.93,582.43,5.93
1,390.00,52,481.52,714.93,17.66
1,390.00,53,337.51,116.73,7.80
1,390.00,54,633.70,396.68,9.43
1,390.00,55,647.94,692.75,15.07
1,390.00,56,121.90,914.86,0.00
1,390.00,57,581.57,196.92,0.00
1,390.00,58,702.46,191.82,15.95
1,390.00,59,639.51,575.58,8.33
1,390.00,60,101.67,417.55,0.00
1,390.00,61,644.71,362.77,6.68
1,390.00,62,828.39,483.44,7.83
1,390.00,63,278.85,316.88,5.89
1,390.00,64,941.03,408.07,0.00
1,390.00,65,455.30,278.49,0.00
1,390.00,66,183.84,160.43,6.64
1,390.00,67,345.30,81.15,7.30
1,390.00,68,195.86,539.40,17.06
1,390.00,69,381.97,377.16,6.00
1,390.00,70,255.73,757.53,13.27
1,390.00,71,543.73,160.77,12.37
1,390.00,72,593.38,283.26,0.00
1,390.00,73,523.95,728.66,0.00
1,390.00,74,874.58,75.50,0.00
1,390.00,75,297.78,404.91,8.58
1,390.00,76,464.94,439.76,7.00
1,390.00,77,163.59,201.37,17.46
1,390.00,78,569.23,254.84,14.29
1,390.00,79,884.28,207.55,0.00
1,390.00,80,360.37,619.06,12.28
1,390.00,81,701.32,685.94,6.92
1,390.00,82,582.47,115.84,5.32
1,390.00,83,666.97,281.77,0.00
1,390.00,84,770.14,542.56,16.98
1,390.00,85,592.12,779.85,7.97
1,390.00,86,454.67,691.49,8.07
1,390.00,87,724.36,977.62,24.67
1,390.00,88,96.07,414.07,6.85
1,390.00,89,218.28,417.97,6.80
1,390.00,90,348.18,250.04,11.96
1,390.00,91,642.88,301.16,6.39
1,390.00,92,237.52,807.31,6.43
1,390.00,93,494.14,280.86,18.20
1,390.00,94,781.66,286.51,19.31
1,390.00,95,179.71,170.83,0.00
1,390.00,96,498.74,485.57,10.08
1,390.00,97,400.88,647.56,5.43
1,390.00,98,681.26,277.85,16.07
1,390.00,99,584.69,512.38,22.02
1,390.00,100,855.94,669.80,0.00
1,390.00,101,25.25,213.72,5.61
1,390.00,102,200.18,238.63,8.26
1,390.00,103,646.31,585.15,11.09
1,390.00,104,550.16,833.91,16.80
1,390.00,105,809.19,947.60,15.21
1,390.00,106,806.70,469.60,0.00
1,390.00,107,400.87,447.34,11.53
1,390.00,108,377.59,495.85,6.45
1,390.00,109,611.19,652.59,8.16
1,390.00,110,896.52,320.08,5.47
1,390.00,111,723.97,928.01,9.88
1,390.00,112,721.60,790.41,17.56
1,390.00,113,17.46,596.63,0.00
1,390.00,114,39.43,458.13,18.92
1,390.00,115,243.04,42.88,8.09
1,390.00,116,669.04,189.14,9.55
1,390.00,117,354.62,358.84,8.09
1,390.00,118,395.11,343.91,10.69
1,390.00,119,726.35,773.15,0.00
1,390.00,120,814.93,376.91,5.34
1,390.00,121,552.30,476.83,9.42
1,390.00,122,122.97,329.47,6.63
1,390.00,123,763.24,362.45,11.91
1,390.00,124,378.31,552.46,8.63
1,390.00,125,574.29,779.74,19.92
1,390.00,126,813.24,656.73,0.00
1,390.00,127,914.39,497.79,0.00
1,390.00,128,463.36,229.49,0.00
1,390.00,129,241.15,830.59,9.87
1,390.00,130,939.32,591.94,0.00
1,390.00,131,622.15,401.59,9.46
1,390.00,132,638.83,305.51,5.33
1,390.00,133,321.35,372.96,5.95
1,390.00,134,111.78,315.29,8.28
1,390.00,135,612.97,520.40,8.96
1,390.00,136,838.27,902.10,14.41
1,390.00,137,253.46,387.95,0.00
1,390.00,138,520.27,603.23,15.90
1,390.00,139,552.06,446.90,10.78
1,390.00,140,938.66,492.42,0.00
1,390.00,141,950.04,648.25,19.71
1,390.00,142,600.33,637.32,14.96
1,390.00,143,669.80,440.48,6.12
1,390.00,144,484.26,815.20,13.33
1,390.00,145,953.50,58.26,6.27
1,390.00,146,960.08,4.68,0.00
1,390.00,147,877.09,203.39,21.90
1,390.00,148,278.08,186.89,5.17
1,390.00,149,971.73,257.74,9.86
1,400.00,0,189.44,258.83,15.07
1,400.00,1,786.06,85.73,0.00
1,400.00,2,253.88,57.50,20.65
1,400.00,3,479.31,735.41,11.59
1,400.00,4,275.11,418.33,11.21
1,400.00,5,701.73,663.41,20.22
1,400.00,6,404.71,438.39,13.32
1,400.00,7,244.36,92.52,19.23
1,400.00,8,304.65,428.50,9.80
1,400.00,9,216.57,229.62,15.27
1,400.00,10,555.99,579.31,9.61
1,400.00,11,472.90,620.74,8.85
1,400.00,12,500.19,378.46,11.67
1,400.00,13,236.25,372.88,24.23
1,400.00,14,431.30,350.51,8.50
1,400.00,15,408.79,660.53,15.90
1,400.00,16,257.36,527.74,6.44
1,400.00,17,30.68,896.53,24.36
1,400.00,18,47.98,955.59,0.00
1,400.00,19,334.64,49.12,20.86
1,400.00,20,870.64,536.39,0.00
1,400.00,21,741.01,501.22,0.00
1,400.00,22,84.18,836.53,0.00
1,400.00,23,404.91,633.56,21.74
1,400.00,24,241.34,352.25,16.24
1,400.00,25,886.46,821.74,17.67
1,400.00,26,855.18,881.18,22.36
1,400.00,27,388.88,169.18,9.73
1,400.00,28,998.28,851.88,0.00
1,400.00,29,161.56,574.72,5.97
1,400.00,30,198.09,597.87,20.71
1,400.00,31,438.70,542.62,0.00
1,400.00,32,33.42,696.36,0.00
1,400.00,33,306.81,594.02,7.27
1,400.00,34,686.73,435.61,5.22
1,400.00,35,926.22,453.46,17.72
1,400.00,36,915.38,87.39,8.85
1,400.00,37,258.92,273.67,0.00
1,400.00,38,749.52,236.21,0.00
1,400.00,39,208.44,473.71,10.86
1,400.00,40,754.38,274.89,0.00
1,400.00,41,237.38,99.75,6.93
1,400.00,42,362.75,944.47,0.00
1,400.00,43,272.50,541.48,15.43
1,400.00,44,785.38,381.80,0.00
1,400.00,45,241.09,93.11,0.00
1,400.00,46,559.33,588.90,0.00
1,400.00,47,518.59,826.06,5.03
1,400.00,48,574.05,414.63,6.54
1,400.00,49,229.75,653.51,6.34
1,400.00,50,819.54,849.45,8.26
1,400.00,51,510.89,528.22,5.93
1,400.00,52,472.71,766.97,0.00
1,400.00,53,350.98,193.57,7.80
1,400.00,54,675.54,312.11,9.43
1,400.00,55,497.28,693.05,15.07
1,400.00,56,139.45,881.65,19.19
1,400.00,57,553.97,212.31,7.54
1,400.00,58,544.29,170.93,15.95
1,400.00,59,558.78,596.12,8.33
1,400.00,60,153.07,431.90,24.22
1,400.00,61,662.28,427.26,6.68
1,400.00,62,867.15,551.48,7.83
1,400.00,63,290.03,374.67,5.89
1,400.00,64,861.20,485.19,11.21
1,400.00,65,456.46,292.74,23.83
1,400.00,66,164.13,223.87,6.64
1,400.00,67,314.41,59.22,0.00
1,400.00,68,168.90,629.91,0.00
1,400.00,69,416.65,328.22,6.00
1,400.00,70,214.77,631.34,13.27
1,400.00,71,424.21,192.59,12.37
1,400.00,72,554.04,472.02,22.98
1,400.00,73,543.93,697.89,6.99
1,400.00,74,840.71,118.35,13.22
1,400.00,75,337.05,481.25,8.58
1,400.00,76,534.09,428.83,7.00
1,400.00,77,49.72,103.06,0.00
1,400.00,78,540.50,394.84,14.29
1,400.00,79,857.44,280.79,11.75
1,400.00,80,464.44,684.25,12.28
1,400.00,81,681.24,752.21,6.92
1,400.00,82,634.72,125.64,5.32
1,400.00,83,657.09,361.28,10.01
1,400.00,84,799.97,375.37,16.98
1,400.00,85,608.26,711.39,0.00
1,400.00,86,401.10,751.87,8.07
1,400.00,87,524.43,833.06,24.67
1,400.00,88,164.53,414.90,6.85
1,400.00,89,285.85,425.54,6.80
1,400.00,90,436.34,169.28,11.96
1,400.00,91,706.69,298.40,6.39
1,400.00,92,301.84,806.06,6.43
1,400.00,93,625.83,406.45,18.20
1,400.00,94,682.46,120.81,19.31
1,400.00,95,209.67,171.00,23.69
1,400.00,96,591.24,445.43,10.08
1,400.00,97,382.99,698.77,5.43
1,400.00,98,762.35,330.47,0.00
1,400.00,99,378.08,588.66,22.02
1,400.00,100,791.84,697.93,11.20
1,400.00,101,66.31,251.94,5.61
1,400.00,102,138.66,183.58,8.26
1,400.00,103,688.76,687.56,11.09
1,400.00,104,657.07,847.77,0.00
1,400.00,105,812.68,950.29,0.00
1,400.00,106,748.22,424.18,13.38
1,400.00,107,353.18,342.42,11.53
1,400.00,108,390.67,558.97,6.45
1,400.00,109,690.84,670.40,8.16
1,400.00,110,895.08,374.73,5.47
1,400.00,111,746.53,992.44,0.00
1,400.00,112,744.84,616.37,17.56
1,400.00,113,132.06,549.05,21.71
1,400.00,114,11.12,645.16,18.92
1,400.00,115,323.78,38.17,8.09
1,400.00,116,743.57,248.85,9.55
1,400.00,117,427.63,323.88,8.09
1,400.00,118,391.43,450.73,10.69
1,400.00,119,691.57,755.91,24.23
1,400.00,120,838.93,329.21,5.34
1,400.00,121,556.05,382.71,9.42
1,400.00,122,64.19,360.11,6.63
1,400.00,123,647.78,391.49,11.91
1,400.00,124,456.92,588.14,8.63
1,400.00,125,436.88,635.57,19.92
1,400.00,126,775.72,568.02,20.43
1,400.00,127,797.08,533.05,18.35
1,400.00,128,463.17,267.12,19.78
1,400.00,129,317.82,768.40,9.87
1,400.00,130,918.96,525.89,17.95
1,400.00,131,528.95,385.14,9.46
1,400.00,132,689.31,288.33,5.33
1,400.00,133,368.02,409.81,5.95
1,400.00,134,112.97,398.08,8.28
1,400.00,135,630.95,608.21,8.96
1,400.00,136,868.22,939.00,0.00
1,400.00,137,336.42,342.40,15.46
1,400.00,138,436.55,591.08,0.00
1,400.00,139,657.19,470.77,10.78
1,400.00,140,884.35,493.81,7.62
1,400.00,141,965.43,597.18,0.00
1,400.00,142,686.83,759.39,14.96
1,400.00,143,663.98,501.44,6.12
1,400.00,144,351.01,817.43,13.33
1,400.00,145,914.18,107.07,6.27
1,400.00,146,948.80,42.54,15.35
1,400.00,147,981.87,161.74,0.00
1,400.00,148,279.60,135.18,5.17
1,400.00,149,991.86,209.91,0.00
1,410.00,0,66.42,345.93,15.07
1,410.00,1,743.08,209.98,22.34
1,410.00,2,253.43,56.73,0.00
1,410.00,3,466.82,746.25,0.00
1,410.00,4,163.09,414.74,11.21
1,410.00,5,840.43,516.25,20.22
1,410.00,6,330.05,548.69,13.32
1,410.00,7,172.99,35.30,0.00
1,410.00,8,374.54,497.25,9.80
1,410.00,9,332.07,129.67,15.27
1,410.00,10,614.15,633.51,0.00
1,410.00,11,404.30,676.70,8.85
1,410.00,12,386.38,404.39,11.67
1,410.00,13,107.69,245.97,0.00
1,410.00,14,346.71,358.56,8.50
1,410.00,15,459.63,811.23,15.90
1,410.00,16,314.17,497.35,6.44
1,410.00,17,76.17,657.20,24.36
1,410.00,18,144.01,869.92,19.10
1,410.00,19,334.55,47.60,0.00
1,410.00,20,867.53,535.37,5.05
1,410.00,21,741.81,503.14,9.38
1,410.00,22,307.94,857.31,23.95
1,410.00,23,397.04,416.35,21.74
1,410.00,24,101.81,269.21,16.24
1,410.00,25,990.71,964.40,17.67
1,410.00,26,886.05,953.37,0.00
1,410.00,27,417.46,262.19,9.73
1,410.00,28,900.26,852.29,11.12
1,410.00,29,120.11,531.73,5.97
1,410.00,30,216.10,391.52,20.71
1,410.00,31,537.28,435.61,14.79
1,410.00,32,86.78,666.07,22.49
1,410.00,33,260.67,593.21,0.00
1,410.00,34,703.05,386.04,5.22
1,410.00,35,749.80,470.49,17.72
1,410.00,36,839.57,133.14,8.85
1,410.00,37,409.61,189.20,21.07
1,410.00,38,706.94,267.49,8.63
1,410.00,39,195.32,365.88,10.86
1,410.00,40,520.21,254.92,24.28
1,410.00,41,305.96,90.12,6.93
1,410.00,42,467.93,919.53,17.96
1,410.00,43,154.85,441.68,15.43
1,410.00,44,671.45,372.21,11.49
1,410.00,45,320.17,172.86,24.49
1,410.00,46,471.60,628.52,11.74
1,410.00,47,490.65,784.22,5.03
1,410.00,48,541.34,358.00,6.54
1,410.00,49,282.31,618.14,6.34
1,410.00,50,863.48,858.28,0.00
1,410.00,51,486.85,474.00,5.93
1,410.00,52,527.54,737.97,8.85
1,410.00,53,364.45,270.42,7.80
1,410.00,54,711.71,238.99,0.00
1,410.00,55,346.62,693.36,15.07
1,410.00,56,229.14,711.98,19.19
1,410.00,57,488.12,249.04,7.54
1,410.00,58,386.11,150.03,15.95
1,410.00,59,478.05,616.66,8.33
1,410.00,60,386.34,497.01,24.22
1,410.00,61,679.85,491.75,6.68
1,410.00,62,905.91,619.52,7.83
1,410.00,63,301.21,432.46,5.89
1,410.00,64,780.61,563.05,11.21
1,410.00,65,475.92,530.28,23.83
1,410.00,66,144.41,287.31,6.64
1,410.00,67,341.48,81.75,7.32
1,410.00,68,187.18,578.05,12.32
1,410.00,69,451.32,279.28,6.00
1,410.00,70,173.81,505.14,13.27
1,410.00,71,304.69,224.41,12.37
1,410.00,72,507.15,696.98,22.98
1,410.00,73,582.00,639.25,6.99
1,410.00,74,758.70,222.06,13.22
1,410.00,75,376.32,557.58,8.58
1,410.00,76,603.25,417.90,7.00
1,410.00,77,50.46,112.29,6.68
1,410.00,78,511.76,534.83,14.29
1,410.00,79,817.00,391.14,11.75
1,410.00,80,568.50,749.44,12.28
1,410.00,81,661.16,818.48,6.92
1,410.00,82,686.96,135.45,5.32
1,410.00,83,644.75,460.61,10.01
1,410.00,84,807.02,335.91,0.00
1,410.00,85,600.84,698.30,12.78
1,410.00,86,387.28,767.43,0.00
1,410.00,87,324.51,688.51,24.67
1,410.00,88,232.99,415.73,6.85
1,410.00,89,353.41,433.11,6.80
1,410.00,90,524.50,88.52,11.96
1,410.00,91,770.50,295.63,6.39
1,410.00,92,366.16,804.80,6.43
1,410.00,93,757.52,532.05,18.20
1,410.00,94,623.90,22.99,0.00
1,410.00,95,446.56,172.31,23.69
1,410.00,96,683.74,405.28,10.08
1,410.00,97,365.10,749.99,5.43
1,410.00,98,741.69,355.15,8.08
1,410.00,99,171.48,664.94,22.02
1,410.00,100,689.26,742.96,11.20
1,410.00,101,107.38,290.15,5.61
1,410.00,102,77.13,128.53,8.26
1,410.00,103,731.21,789.96,11.09
1,410.00,104,682.41,782.17,19.63
1,410.00,105,721.52,899.85,10.73
1,410.00,106,642.57,342.12,13.38
1,410.00,107,305.49,237.49,11.53
1,410.00,108,403.75,622.09,6.45
1,410.00,109,770.48,688.22,8.16
1,410.00,110,893.64,429.39,5.47
1,410.00,111,730.62,966.77,9.77
1,410.00,112,768.08,442.33,17.56
1,410.00,113,332.58,465.78,21.71
1,410.00,114,6.31,676.88,0.00
1,410.00,115,404.51,33.46,8.09
1,410.00,116,818.10,308.55,9.55
1,410.00,117,500.64,288.92,8.09
1,410.00,118,387.76,557.55,10.69
1,410.00,119,474.46,648.30,24.23
1,410.00,120,855.47,296.34,0.00
1,410.00,121,559.81,288.60,9.42
1,410.00,122,60.25,362.16,0.00
1,410.00,123,532.32,420.53,11.91
1,410.00,124,535.54,623.83,8.63
1,410.00,125,299.46,491.41,19.92
1,410.00,126,696.14,379.87,20.43
1,410.00,127,621.38,585.87,18.35
1,410.00,128,462.13,464.88,19.78
1,410.00,129,394.48,706.21,9.87
1,410.00,130,866.08,354.36,17.95
1,410.00,131,435.76,368.69,9.46
1,410.00,132,739.79,271.16,5.33
1,410.00,133,389.16,426.50,0.00
1,410.00,134,113.39,426.66,0.00
1,410.00,135,648.93,696.02,8.96
1,410.00,136,775.79,846.03,19.56
1,410.00,137,471.90,268.03,15.46
1,410.00,138,428.77,646.80,12.03
1,410.00,139,762.32,494.64,10.78
1,410.00,140,808.17,495.75,7.62
1,410.00,141,884.35,504.99,16.83
1,410.00,142,773.34,881.46,14.96
1,410.00,143,658.15,562.41,6.12
1,410.00,144,246.56,819.18,0.00
1,410.00,145,874.86,155.89,6.27
1,410.00,146,904.96,189.68,15.35
1,410.00,147,943.68,262.43,22.20
1,410.00,148,281.11,83.48,5.17
1,410.00,149,973.29,274.21,14.13
1,420.00,0,8.51,386.93,0.00
1,420.00,1,670.04,421.12,22.34
1,420.00,2,389.97,220.58,21.42
1,420.00,3,567.38,603.77,20.34
1,420.00,4,103.11,412.82,0.00
1,420.00,5,844.10,512.36,0.00
1,420.00,6,255.39,659.00,13.32
1,420.00,7,242.79,58.96,14.06
1,420.00,8,444.43,566.00,9.80
1,420.00,9,357.00,108.10,0.00
1,420.00,10,603.40,605.55,17.29
1,420.00,11,335.70,732.66,8.85
1,420.00,12,272.57,430.31,11.67
1,420.00,13,121.30,255.28,6.48
1,420.00,14,262.12,366.62,8.50
1,420.00,15,485.64,888.31,0.00
1,420.00,16,370.98,466.96,6.44
1,420.00,17,118.84,432.74,0.00
1,420.00,18,286.58,742.74,19.10
1,420.00,19,229.65,220.50,20.37
1,420.00,20,819.55,519.61,5.05
1,420.00,21,778.08,589.62,9.38
1,420.00,22,546.40,879.46,23.95
1,420.00,23,393.70,324.16,0.00
1,420.00,24,18.70,219.75,0.00
1,420.00,25,995.68,971.19,0.00
1,420.00,26,753.03,942.42,0.00
1,420.00,27,446.04,355.19,9.73
1,420.00,28,826.03,852.59,0.00
1,420.00,29,78.66,488.74,5.97
1,420.00,30,218.96,358.74,0.00
1,420.00,31,637.52,326.80,14.79
1,420.00,32,282.39,555.02,22.49
1,420.00,33,297.66,549.34,15.72
1,420.00,34,719.37,336.48,5.22
1,420.00,35,573.38,487.52,17.72
1,420.00,36,763.77,178.89,8.85
1,420.00,37,593.44,86.14,21.07
1,420.00,38,637.37,318.60,8.63
1,420.00,39,182.21,258.06,10.86
1,420.00,40,416.04,246.03,0.00
1,420.00,41,374.55,80.48,6.93
1,420.00,42,642.69,878.08,17.96
1,420.00,43,51.74,354.21,0.00
1,420.00,44,556.94,362.56,11.49
1,420.00,45,492.59,346.75,24.49
1,420.00,46,364.59,676.85,11.74
1,420.00,47,462.71,742.38,5.03
1,420.00,48,508.64,301.38,6.54
1,420.00,49,334.87,582.76,6.34
1,420.00,50,811.82,771.15,22.16
1,420.00,51,462.81,419.79,5.93
1,420.00,52,605.74,696.61,8.85
1,420.00,53,377.91,347.26,7.80
1,420.00,54,724.30,248.60,11.71
1,420.00,55,195.96,693.66,15.07
1,420.00,56,318.82,542.31,19.19
1,420.00,57,422.26,285.77,7.54
1,420.00,58,227.94,129.14,15.95
1,420.00,59,397.32,637.20,8.33
1,420.00,60,512.11,532.11,0.00
1,420.00,61,697.42,556.24,6.68
1,420.00,62,944.67,687.55,7.83
1,420.00,63,312.40,490.24,5.89
1,420.00,64,777.82,565.75,0.00
1,420.00,65,495.38,767.81,23.83
1,420.00,66,124.70,350.76,6.64
1,420.00,67,397.76,128.59,7.32
1,420.00,68,228.15,461.83,12.32
1,420.00,69,486.00,230.33,6.00
1,420.00,70,132.86,378.95,13.27
1,420.00,71,185.17,256.22,12.37
1,420.00,72,473.16,860.08,0.00
1,420.00,73,620.07,580.61,6.99
1,420.00,74,676.70,325.77,13.22
1,420.00,75,415.59,633.91,8.58
1,420.00,76,623.92,414.64,0.00
1,420.00,77,55.80,178.92,6.68
1,420.00,78,483.02,674.83,14.29
1,420.00,79,776.56,501.49,11.75
1,420.00,80,635.99,791.71,0.00
1,420.00,81,647.34,864.11,0.00
1,420.00,82,739.21,145.25,5.32
1,420.00,83,632.40,559.93,10.01
1,420.00,84,671.81,456.37,23.70
1,420.00,85,537.81,587.16,12.78
1,420.00,86,373.62,631.59,18.39
1,420.00,87,243.92,630.23,0.00
1,420.00,88,301.45,416.55,6.85
1,420.00,89,420.97,440.69,6.80
1,420.00,90,569.75,47.07,0.00
1,420.00,91,834.31,292.86,6.39
1,420.00,92,430.48,803.55,6.43
1,420.00,93,841.60,612.24,0.00
1,420.00,94,630.66,51.23,7.09
1,420.00,95,683.44,173.63,23.69
1,420.00,96,776.24,365.14,10.08
1,420.00,97,347.21,801.21,5.43
1,420.00,98,689.80,417.13,8.08
1,420.00,99,52.80,708.75,0.00
1,420.00,100,586.69,787.98,11.20
1,420.00,101,148.45,328.37,5.61
1,420.00,102,27.04,83.71,0.00
1,420.00,103,733.61,795.75,0.00
1,420.00,104,753.15,599.05,19.63
1,420.00,105,627.65,847.91,10.73
1,420.00,106,536.91,260.06,13.38
1,420.00,107,257.80,132.57,11.53
1,420.00,108,416.84,685.21,6.45
1,420.00,109,850.12,706.03,8.16
1,420.00,110,892.19,484.04,5.47
1,420.00,111,679.16,883.77,9.77
1,420.00,112,791.32,268.29,17.56
1,420.00,113,533.11,382.50,21.71
1,420.00,114,76.69,655.22,0.00
1,420.00,115,485.25,28.75,8.09
1,420.00,116,892.63,368.26,9.55
1,420.00,117,573.64,253.96,8.09
1,420.00,118,384.08,664.37,10.69
1,420.00,119,257.35,540.69,24.23
1,420.00,120,810.13,317.25,16.06
1,420.00,121,563.02,208.03,0.00
1,420.00,122,24.39,385.66,0.00
1,420.00,123,416.87,449.58,11.91
1,420.00,124,614.15,659.51,8.63
1,420.00,125,162.05,347.24,19.92
1,420.00,126,616.57,191.72,20.43
1,420.00,127,514.94,617.87,0.00
1,420.00,128,462.04,482.44,0.00
1,420.00,129,471.15,644.02,9.87
1,420.00,130,834.96,253.40,0.00
1,420.00,131,408.23,363.83,0.00
1,420.00,132,790.27,253.98,5.33
1,420.00,133,497.14,502.42,24.13
1,420.00,134,123.00,323.96,15.75
1,420.00,135,666.90,783.83,8.96
1,420.00,136,637.86,707.30,19.56
1,420.00,137,607.38,193.65,15.46
1,420.00,138,412.12,765.90,12.03
1,420.00,139,805.98,504.55,0.00
1,420.00,140,732.00,497.70,7.62
1,420.00,141,773.19,378.59,16.83
1,420.00,142,852.16,992.69,0.00
1,420.00,143,652.32,623.37,6.12
1,420.00,144,292.18,790.70,24.89
1,420.00,145,835.55,204.71,6.27
1,420.00,146,861.12,336.83,15.35
1,420.00,147,864.96,470.03,22.20
1,420.00,148,282.63,31.77,5.17
1,420.00,149,934.10,409.93,14.13
1,430.00,0,43.64,342.89,10.65
1,430.00,1,597.00,632.25,22.34
1,430.00,2,527.10,385.15,21.42
1,430.00,3,684.69,437.56,20.34
1,430.00,4,184.35,442.24,18.60
1,430.00,5,666.25,436.47,19.86
1,430.00,6,180.73,769.31,13.32
1,430.00,7,375.93,104.10,14.06
1,430.00,8,514.31,634.75,9.80
1,430.00,9,295.54,246.33,19.29
1,430.00,10,541.31,444.16,17.29
1,430.00,11,267.09,788.62,8.85
1,430.00,12,183.53,450.60,0.00
1,430.00,13,174.79,291.87,6.48
1,430.00,14,177.53,374.67,8.50
1,430.00,15,579.31,863.71,19.82
1,430.00,16,427.79,436.56,6.44
1,430.00,17,125.06,434.09,10.25
1,430.00,18,429.14,615.57,19.10
1,430.00,19,176.54,308.03,0.00
1,430.00,20,771.57,503.85,5.05
1,430.00,21,814.36,676.10,9.38
1,430.00,22,784.87,901.61,23.95
1,430.00,23,439.81,412.71,17.35
1,430.00,24,89.20,209.44,17.62
1,430.00,25,948.36,896.68,9.27
1,430.00,26,751.62,938.74,7.50
1,430.00,27,474.62,448.20,9.73
1,430.00,28,762.60,851.37,19.08
1,430.00,29,37.20,445.74,5.97
1,430.00,30,120.33,505.29,21.00
1,430.00,31,737.77,218.00,14.79
1,430.00,32,477.99,443.97,22.49
1,430.00,33,399.02,429.14,15.72
1,430.00,34,735.70,286.91,5.22
1,430.00,35,396.97,504.55,17.72
1,430.00,36,687.97,224.64,8.85
1,430.00,37,674.85,40.51,0.00
1,430.00,38,585.61,356.63,0.00
1,430.00,39,169.10,150.24,10.86
1,430.00,40,365.11,223.49,9.78
1,430.00,41,443.14,70.85,6.93
1,430.00,42,817.45,836.64,17.96
1,430.00,43,77.78,353.80,21.07
1,430.00,44,549.68,361.95,0.00
1,430.00,45,657.16,512.71,0.00
1,430.00,46,257.57,725.18,11.74
1,430.00,47,434.77,700.54,5.03
1,430.00,48,475.93,244.75,6.54
1,430.00,49,377.33,554.20,0.00
1,430.00,50,698.83,580.57,22.16
1,430.00,51,438.78,365.57,5.93
1,430.00,52,683.94,655.25,8.85
1,430.00,53,381.92,370.11,0.00
1,430.00,54,765.81,280.29,0.00
1,430.00,55,70.97,693.92,0.00
1,430.00,56,408.51,372.64,19.19
1,430.00,57,356.40,322.51,7.54
1,430.00,58,103.17,112.65,0.00
1,430.00,59,316.59,657.74,8.33
1,430.00,60,558.27,544.42,10.37
1,430.00,61,701.22,570.19,0.00
1,430.00,62,962.47,718.79,0.00
1,430.00,63,323.58,548.03,5.89
1,430.00,64,712.02,612.48,8.36
1,430.00,65,497.23,790.41,0.00
1,430.00,66,104.98,414.20,6.64
1,430.00,67,454.03,175.44,7.32
1,430.00,68,269.11,345.61,12.32
1,430.00,69,520.68,181.39,6.00
1,430.00,70,127.78,363.31,0.00
1,430.00,71,140.18,268.20,0.00
1,430.00,72,462.13,838.11,8.94
1,430.00,73,658.15,521.97,6.99
1,430.00,74,594.70,429.49,13.22
1,430.00,75,454.86,710.24,8.58
1,430.00,76,488.27,471.89,21.00
1,430.00,77,61.14,245.56,6.68
1,430.00,78,454.28,814.82,14.29
1,430.00,79,736.11,611.84,11.75
1,430.00,80,603.28,745.56,16.09
1,430.00,81,611.32,814.51,19.68
1,430.00,82,791.46,155.06,5.32
1,430.00,83,620.06,659.25,10.01
1,430.00,84,538.83,574.85,0.00
1,430.00,85,474.78,476.01,12.78
1,430.00,86,355.20,448.58,18.39
1,430.00,87,275.13,585.21,9.18
1,430.00,88,369.91,417.38,6.85
1,430.00,89,488.54,448.26,6.80
1,430.00,90,575.15,74.24,5.69
1,430.00,91,898.11,290.09,6.39
1,430.00,92,494.81,802.29,6.43
1,430.00,93,816.94,585.34,10.09
1,430.00,94,647.16,120.15,7.09
1,430.00,95,698.23,173.71,0.00
1,430.00,96,868.74,325.00,10.08
1,430.00,97,332.15,844.31,0.00
1,430.00,98,637.91,479.12,8.08
1,430.00,99,86.82,641.81,17.64
1,430.00,100,484.11,833.01,11.20
1,430.00,101,189.51,366.59,5.61
1,430.00,102,41.50,92.16,9.01
1,430.00,103,591.99,637.68,22.49
1,430.00,104,823.89,415.92,19.63
1,430.00,105,533.78,795.97,10.73
1,430.00,106,431.26,177.99,13.38
1,430.00,107,230.10,71.64,0.00
1,430.00,108,429.92,748.32,6.45
1,430.00,109,929.77,723.85,8.16
1,430.00,110,890.75,538.69,5.47
1,430.00,111,627.71,800.76,9.77
1,430.00,112,804.01,173.24,0.00
1,430.00,113,640.87,337.76,0.00
1,430.00,114,83.89,658.80,12.42
1,430.00,115,565.99,24.04,8.09
1,430.00,116,926.04,395.02,0.00
1,430.00,117,646.65,219.00,8.09
1,430.00,118,381.72,732.99,0.00
1,430.00,119,71.83,448.74,0.00
1,430.00,120,664.33,384.52,16.06
1,430.00,121,544.62,237.03,23.86
1,430.00,122,45.34,362.98,19.56
1,430.00,123,301.41,478.62,11.91
1,430.00,124,692.76,695.20,8.63
1,430.00,125,24.64,203.07,19.92
1,430.00,126,589.88,128.62,0.00
1,430.00,127,441.16,668.13,22.65
1,430.00,128,600.71,628.20,22.08
1,430.00,129,547.82,581.83,9.87
1,430.00,130,783.21,326.42,21.75
1,430.00,131,491.06,341.86,12.16
1,430.00,132,840.74,236.80,5.33
1,430.00,133,694.49,641.19,24.13
1,430.00,134,137.68,167.14,15.75
1,430.00,135,677.60,836.10,0.00
1,430.00,136,577.51,646.61,0.00
1,430.00,137,742.86,119.28,15.46
1,430.00,138,395.48,885.00,12.03
1,430.00,139,826.27,583.33,13.91
1,430.00,140,655.82,499.64,7.62
1,430.00,141,673.12,264.80,0.00
1,430.00,142,844.32,979.49,17.27
1,430.00,143,646.50,684.34,6.12
1,430.00,144,503.32,658.94,24.89
1,430.00,145,796.23,253.52,6.27
1,430.00,146,817.28,483.98,15.35
1,430.00,147,786.23,677.63,22.20
1,430.00,148,282.73,28.49,0.00
1,430.00,149,894.91,545.66,14.13
1,440.00,0,110.02,259.67,10.65
1,440.00,1,523.96,843.38,22.34
1,440.00,2,602.89,476.09,0.00
1,440.00,3,802.00,271.35,20.34
1,440.00,4,359.22,505.57,18.60
1,440.00,5,483.57,358.53,19.86
1,440.00,6,106.07,879.62,13.32
1,440.00,7,509.08,149.23,14.06
1,440.00,8,584.20,703.50,9.80
1,440.00,9,217.16,422.60,19.29
1,440.00,10,479.22,282.77,17.29
1,440.00,11,200.67,842.80,0.00
1,440.00,12,224.32,476.34,22.16
1,440.00,13,228.27,328.47,6.48
1,440.00,14,104.15,381.66,0.00
1,440.00,15,754.80,817.62,0.00
1,440.00,16,484.60,406.17,6.44
1,440.00,17,225.24,455.91,10.25
1,440.00,18,546.26,511.09,0.00
1,440.00,19,258.08,290.85,16.75
1,440.00,20,723.59,488.10,5.05
1,440.00,21,850.63,762.59,9.38
1,440.00,22,865.40,909.10,0.00
1,440.00,23,519.92,566.56,17.35
1,440.00,24,263.56,183.95,17.62
1,440.00,25,898.67,818.45,9.27
1,440.00,26,724.77,868.66,7.50
1,440.00,27,503.20,541.20,9.73
1,440.00,28,571.84,847.71,19.08
1,440.00,29,20.19,428.09,0.00
1,440.00,30,21.42,652.26,0.00
1,440.00,31,838.01,109.19,14.79
1,440.00,32,673.60,332.92,22.49
1,440.00,33,500.37,308.95,15.72
1,440.00,34,752.02,237.34,5.22
1,440.00,35,276.76,516.15,0.00
1,440.00,36,612.16,270.38,8.85
1,440.00,37,683.95,77.99,6.92
1,440.00,38,571.13,325.41,13.45
1,440.00,39,164.81,115.01,0.00
1,440.00,40,275.66,183.90,9.78
1,440.00,41,511.72,61.22,6.93
1,440.00,42,949.28,805.37,0.00
1,440.00,43,288.43,350.46,21.07
1,440.00,44,636.70,438.58,12.38
1,440.00,45,666.98,514.95,22.10
1,440.00,46,150.56,773.52,11.74
1,440.00,47,406.83,658.70,5.03
1,440.00,48,443.23,188.12,6.54
1,440.00,49,396.66,587.33,19.94
1,440.00,50,585.83,389.98,22.16
1,440.00,51,427.03,339.07,0.00
1,440.00,52,762.14,613.89,8.85
1,440.00,53,353.82,480.27,16.18
1,440.00,54,740.98,293.00,5.04
1,440.00,55,100.57,668.57,22.87
1,440.00,56,443.88,305.71,0.00
1,440.00,57,290.55,359.24,7.54
1,440.00,58,146.03,140.62,24.23
1,440.00,59,283.81,666.08,0.00
1,440.00,60,658.44,571.12,10.37
1,440.00,61,680.56,605.54,5.23
1,440.00,62,943.17,753.04,7.27
1,440.00,63,334.76,605.82,5.89
1,440.00,64,643.86,660.89,8.36
1,440.00,65,607.79,809.35,12.40
1,440.00,66,85.27,477.64,6.64
1,440.00,67,510.31,222.28,7.32
1,440.00,68,310.08,229.40,12.32
1,440.00,69,555.35,132.44,6.00
1,440.00,70,339.31,306.57,25.00
1,440.00,71,214.39,321.99,14.70
1,440.00,72,422.01,758.19,8.94
1,440.00,73,696.22,463.33,6.99
1,440.00,74,590.82,434.39,0.00
1,440.00,75,494.13,786.57,8.58
1,440.00,76,294.79,553.55,21.00
1,440.00,77,66.49,312.19,6.68
1,440.00,78,425.55,954.82,14.29
1,440.00,79,695.67,722.19,11.75
1,440.00,80,510.21,614.29,16.09
1,440.00,81,495.64,655.25,19.68
1,440.00,82,843.71,164.86,5.32
1,440.00,83,607.72,758.57,10.01
1,440.00,84,538.09,525.07,20.03
1,440.00,85,411.75,364.87,12.78
1,440.00,86,351.65,413.23,0.00
1,440.00,87,327.43,509.78,9.18
1,440.00,88,438.37,418.21,6.85
1,440.00,89,556.10,455.83,6.80
1,440.00,90,586.24,130.09,5.69
1,440.00,91,947.92,287.93,0.00
1,440.00,92,514.11,801.92,0.00
1,440.00,93,748.72,510.93,10.09
1,440.00,94,663.66,189.07,7.09
1,440.00,95,760.84,218.99,8.24
1,440.00,96,882.30,319.11,0.00
1,440.00,97,345.48,853.07,10.07
1,440.00,98,586.03,541.10,8.08
1,440.00,99,166.74,484.53,17.64
1,440.00,100,381.53,878.03,11.20
1,440.00,101,230.58,404.80,5.61
1,440.00,102,119.35,137.60,9.01
1,440.00,103,497.06,531.73,0.00
1,440.00,104,854.22,337.38,0.00
1,440.00,105,439.91,744.03,10.73
1,440.00,106,414.93,165.31,0.00
1,440.00,107,286.28,109.82,16.20
1,440.00,108,443.00,811.44,6.45
1,440.00,109,951.02,728.60,0.00
1,440.00,110,889.31,593.34,5.47
1,440.00,111,576.26,717.75,9.77
1,440.00,112,778.47,184.86,6.18
1,440.00,113,610.65,385.75,12.26
1,440.00,114,195.03,714.13,12.42
1,440.00,115,646.73,19.33,8.09
1,440.00,116,911.28,421.08,5.43
1,440.00,117,659.38,212.91,0.00
1,440.00,118,345.50,687.06,16.35
1,440.00,119,99.87,459.11,20.55
1,440.00,120,518.53,451.79,16.06
1,440.00,121,450.42,385.50,0.00
1,440.00,122,138.98,261.57,0.00
1,440.00,123,185.96,507.66,11.91
1,440.00,124,771.37,730.88,8.63
1,440.00,125,11.07,188.84,0.00
1,440.00,126,665.70,156.25,12.14
1,440.00,127,254.00,795.63,22.65
1,440.00,128,752.89,788.17,22.08
1,440.00,129,624.49,519.64,9.87
1,440.00,130,657.42,503.86,21.75
1,440.00,131,608.61,310.68,12.16
1,440.00,132,891.22,219.63,5.33
1,440.00,133,790.20,708.49,0.00
1,440.00,134,152.37,10.32,15.75
1,440.00,135,605.61,775.42,23.26
1,440.00,136,519.10,569.45,17.20
1,440.00,137,878.34,44.90,15.46
1,440.00,138,388.05,938.14,0.00
1,440.00,139,860.96,718.06,13.91
1,440.00,140,579.64,501.58,7.62
1,440.00,141,677.63,249.48,16.02
1,440.00,142,756.16,831.00,17.27
1,440.00,143,640.67,745.31,6.12
1,440.00,144,714.45,527.17,24.89
1,440.00,145,756.92,302.34,6.27
1,440.00,146,773.45,631.13,15.35
1,440.00,147,743.25,790.97,0.00
1,440.00,148,325.62,120.21,10.81
1,440.00,149,869.96,632.05,0.00
1,450.00,0,176.41,176.44,10.65
1,450.00,1,500.76,910.43,0.00
1,450.00,2,657.23,396.13,21.61
1,450.00,3,846.50,208.30,0.00
1,450.00,4,534.08,568.90,18.60
1,450.00,5,300.90,280.58,19.86
1,450.00,6,53.10,957.88,0.00
1,450.00,7,633.96,191.57,0.00
1,450.00,8,654.09,772.25,9.80
1,450.00,9,138.78,598.87,19.29
1,450.00,10,417.13,121.37,17.29
1,450.00,11,201.03,836.63,19.45
1,450.00,12,411.72,594.61,22.16
1,450.00,13,281.76,365.06,6.48
1,450.00,14,112.80,385.69,7.20
1,450.00,15,751.20,798.78,22.62
1,450.00,16,541.41,375.78,6.44
1,450.00,17,263.20,464.18,0.00
1,450.00,18,554.52,518.49,6.22
1,450.00,19,421.99,256.32,16.75
1,450.00,20,675.60,472.34,5.05
1,450.00,21,886.90,849.07,9.38
1,450.00,22,870.68,843.38,9.95
1,450.00,23,569.57,661.92,0.00
1,450.00,24,437.91,158.45,17.62
1,450.00,25,848.99,740.21,9.27
1,450.00,26,697.92,798.59,7.50
1,450.00,27,531.78,634.21,9.73
1,450.00,28,381.08,844.04,19.08
1,450.00,29,95.77,448.66,13.29
1,450.00,30,40.41,653.80,12.17
1,450.00,31,933.42,5.62,0.00
1,450.00,32,869.20,221.87,22.49
1,450.00,33,601.73,188.75,15.72
1,450.00,34,752.59,235.62,0.00
1,450.00,35,340.04,471.32,24.34
1,450.00,36,536.36,316.13,8.85
1,450.00,37,700.27,145.27,6.92
1,450.00,38,514.55,203.39,13.45
1,450.00,39,231.92,99.57,10.23
1,450.00,40,186.21,144.32,9.78
1,450.00,41,580.31,51.58,6.93
1,450.00,42,918.08,761.26,21.99
1,450.00,43,400.85,348.68,0.00
1,450.00,44,729.61,520.39,12.38
1,450.00,45,806.27,546.70,0.00
1,450.00,46,132.19,781.81,0.00
1,450.00,47,378.89,616.86,5.03
1,450.00,48,410.52,131.49,6.54
1,450.00,49,497.16,759.57,19.94
1,450.00,50,487.08,223.42,0.00
1,450.00,51,365.65,449.01,24.63
1,450.00,52,840.35,572.53,8.85
1,450.00,53,313.83,637.06,16.18
1,450.00,54,696.14,315.94,5.04
1,450.00,55,274.30,519.78,22.87
1,450.00,56,382.39,320.77,0.00
1,450.00,57,224.69,395.97,7.54
1,450.00,58,348.98,273.02,24.23
1,450.00,59,263.82,628.98,7.09
1,450.00,60,758.61,597.82,10.37
1,450.00,61,654.19,650.66,5.23
1,450.00,62,907.48,816.37,7.27
1,450.00,63,345.94,663.61,5.89
1,450.00,64,575.70,709.30,8.36
1,450.00,65,716.53,827.99,0.00
1,450.00,66,65.55,541.08,6.64
1,450.00,67,566.59,269.12,7.32
1,450.00,68,351.05,113.18,12.32
1,450.00,69,590.03,83.50,6.00
1,450.00,70,580.76,241.81,25.00
1,450.00,71,308.77,390.42,0.00
1,450.00,72,381.89,678.28,8.94
1,450.00,73,734.29,404.69,6.99
1,450.00,74,426.59,599.27,24.43
1,450.00,75,533.40,862.90,8.58
1,450.00,76,101.31,635.21,21.00
1,450.00,77,71.83,378.83,6.68
1,450.00,78,422.04,971.90,0.00
1,450.00,79,655.23,832.54,11.75
1,450.00,80,417.15,483.02,16.09
1,450.00,81,379.97,496.00,19.68
1,450.00,82,895.96,174.67,5.32
1,450.00,83,599.76,822.59,0.00
1,450.00,84,535.08,324.79,20.03
1,450.00,85,348.72,253.73,12.78
1,450.00,86,303.53,523.45,14.91
1,450.00,87,379.73,434.35,9.18
1,450.00,88,506.83,419.03,6.85
1,450.00,89,623.66,463.40,6.80
1,450.00,90,597.33,185.93,5.69
1,450.00,91,906.76,288.63,18.75
1,450.00,92,452.30,796.65,8.87
1,450.00,93,680.51,436.52,10.09
1,450.00,94,680.16,257.99,7.09
1,450.00,95,827.62,267.28,8.24
1,450.00,96,812.96,477.17,20.23
1,450.00,97,429.59,908.36,10.07
1,450.00,98,534.14,603.08,8.08
1,450.00,99,246.67,327.25,17.64
1,450.00,100,357.70,888.49,0.00
1,450.00,101,271.65,443.02,5.61
1,450.00,102,197.20,183.05,9.01
1,450.00,103,504.86,600.75,18.90
1,450.00,104,754.95,370.79,18.34
1,450.00,105,423.23,734.81,0.00
1,450.00,106,445.71,256.61,11.40
1,450.00,107,420.24,200.86,16.20
1,450.00,108,456.08,874.56,6.45
1,450.00,109,889.72,663.57,12.19
1,450.00,110,887.87,647.99,5.47
1,450.00,111,524.80,634.75,9.77
1,450.00,112,722.21,210.46,6.18
1,450.00,113,559.18,467.52,0.00
1,450.00,114,306.18,769.46,12.42
1,450.00,115,727.47,14.62,8.09
1,450.00,116,884.53,468.31,5.43
1,450.00,117,754.80,150.15,13.83
1,450.00,118,244.25,558.66,16.35
1,450.00,119,292.58,530.43,20.55
1,450.00,120,412.04,500.93,0.00
1,450.00,121,410.48,419.83,20.01
1,450.00,122,154.79,284.78,9.54
1,450.00,123,118.93,524.52,0.00
1,450.00,124,849.98,766.57,8.63
1,450.00,125,56.83,151.53,6.55
1,450.00,126,779.78,197.84,12.14
1,450.00,127,66.83,923.14,22.65
1,450.00,128,890.73,933.05,0.00
1,450.00,129,701.15,457.44,9.87
1,450.00,130,572.87,623.14,0.00
1,450.00,131,726.16,279.50,12.16
1,450.00,132,941.70,202.45,5.33
1,450.00,133,810.58,673.30,7.90
1,450.00,134,152.76,6.14,0.00
1,450.00,135,427.74,625.50,23.26
1,450.00,136,415.25,432.28,17.20
1,450.00,137,895.72,35.36,0.00
1,450.00,138,509.39,945.01,21.94
1,450.00,139,888.14,823.61,0.00
1,450.00,140,503.46,503.53,7.62
1,450.00,141,722.95,95.87,16.02
1,450.00,142,668.00,682.50,17.27
1,450.00,143,634.84,806.27,6.12
1,450.00,144,925.59,395.41,24.89
1,450.00,145,717.60,351.16,6.27
1,450.00,146,729.61,778.28,15.35
1,450.00,147,732.33,688.42,22.71
1,450.00,148,371.43,218.16,10.81
1,450.00,149,859.23,579.17,14.85
1,460.00,0,198.21,149.11,0.00
1,460.00,1,513.21,875.44,5.44
1,460.00,2,778.72,217.39,21.61
1,460.00,3,782.76,344.54,24.23
1,460.00,4,708.95,632.22,18.60
1,460.00,5,118.22,202.63,19.86
1,460.00,6,93.17,905.18,22.79
1,460.00,7,640.24,205.30,24.34
1,460.00,8,723.98,840.99,9.80
1,460.00,9,101.58,682.53,0.00
1,460.00,10,397.79,71.11,0.00
1,460.00,11,212.45,642.44,19.45
1,460.00,12,514.86,659.71,0.00
1,460.00,13,335.24,401.66,6.48
1,460.00,14,178.07,416.10,7.20
1,460.00,15,708.76,576.60,22.62
1,460.00,16,561.00,365.30,0.00
1,460.00,17,356.97,523.37,17.85
1,460.00,18,600.82,559.98,6.22
1,460.00,19,585.90,221.79,16.75
1,460.00,20,627.62,456.58,5.05
1,460.00,21,923.17,935.56,9.38
1,460.00,22,878.65,744.16,9.95
1,460.00,23,569.13,618.68,11.38
1,460.00,24,612.26,132.95,17.62
1,460.00,25,799.30,661.98,9.27
1,460.00,26,671.06,728.52,7.50
1,460.00,27,560.35,727.21,9.73
1,460.00,28,219.99,840.95,0.00
1,460.00,29,223.99,483.54,13.29
1,460.00,30,161.72,663.64,12.17
1,460.00,31,929.04,7.62,10.03
1,460.00,32,900.76,203.95,0.00
1,460.00,33,638.27,145.42,0.00
1,460.00,34,697.91,258.42,6.14
1,460.00,35,538.66,330.60,24.34
1,460.00,36,460.56,361.88,8.85
1,460.00,37,716.60,212.56,6.92
1,460.00,38,457.96,81.38,13.45
1,460.00,39,331.59,76.65,10.23
1,460.00,40,119.38,114.74,0.00
1,460.00,41,648.89,41.95,6.93
1,460.00,42,791.08,581.69,21.99
1,460.00,43,456.75,267.02,21.22
1,460.00,44,822.53,602.21,12.38
1,460.00,45,793.09,574.69,8.75
1,460.00,46,261.31,845.39,17.37
1,460.00,47,350.95,575.02,5.03
1,460.00,48,408.40,127.83,0.00
1,460.00,49,574.47,892.07,0.00
1,460.00,50,511.53,217.72,19.92
1,460.00,51,290.78,583.11,0.00
1,460.00,52,853.62,565.51,0.00
1,460.00,53,273.85,793.85,16.18
1,460.00,54,651.31,338.88,5.04
1,460.00,55,448.04,370.99,22.87
1,460.00,56,388.14,319.83,10.47
1,460.00,57,158.83,432.71,7.54
1,460.00,58,551.93,405.42,24.23
1,460.00,59,230.17,566.52,7.09
1,460.00,60,858.78,624.52,10.37
1,460.00,61,627.83,695.77,5.23
1,460.00,62,871.80,879.70,7.27
1,460.00,63,357.13,721.40,5.89
1,460.00,64,507.54,757.71,8.36
1,460.00,65,710.06,817.09,11.53
1,460.00,66,45.84,604.53,6.64
1,460.00,67,622.86,315.96,7.32
1,460.00,68,365.62,71.84,0.00
1,460.00,69,617.22,45.12,0.00
1,460.00,70,822.22,177.05,25.00
1,460.00,71,302.94,414.89,12.17
1,460.00,72,341.78,598.37,8.94
1,460.00,73,772.37,346.05,6.99
1,460.00,74,296.58,729.80,0.00
1,460.00,75,572.67,939.23,8.58
1,460.00,76,69.80,648.51,0.00
1,460.00,77,77.17,445.46,6.68
1,460.00,78,387.07,898.39,9.27
1,460.00,79,614.79,942.89,11.75
1,460.00,80,324.09,351.75,16.09
1,460.00,81,264.30,336.74,19.68
1,460.00,82,926.36,180.37,0.00
1,460.00,83,557.58,772.36,18.46
1,460.00,84,535.06,323.34,0.00
1,460.00,85,285.69,142.58,12.78
1,460.00,86,280.02,577.32,0.00
1,460.00,87,420.32,375.82,0.00
1,460.00,88,575.29,419.86,6.85
1,460.00,89,691.22,470.97,6.80
1,460.00,90,608.42,241.78,5.69
1,460.00,91,719.28,291.79,18.75
1,460.00,92,363.96,789.11,8.87
1,460.00,93,618.99,369.43,0.00
1,460.00,94,696.66,326.92,7.09
1,460.00,95,894.40,315.56,8.24
1,460.00,96,731.71,662.39,20.23
1,460.00,97,511.86,962.44,0.00
1,460.00,98,482.25,665.06,8.08
1,460.00,99,326.59,169.98,17.64
1,460.00,100,340.50,849.26,5.58
1,460.00,101,312.71,481.23,5.61
1,460.00,102,275.06,228.50,9.01
1,460.00,103,526.09,788.53,18.90
1,460.00,104,581.14,429.28,18.34
1,460.00,105,285.15,693.27,17.53
1,460.00,106,482.12,364.60,11.40
1,460.00,107,554.21,291.90,16.20
1,460.00,108,464.06,913.09,0.00
1,460.00,109,814.89,584.20,0.00
1,460.00,110,886.42,702.65,5.47
1,460.00,111,473.35,551.74,9.77
1,460.00,112,665.94,236.06,6.18
1,460.00,113,569.27,490.43,11.82
1,460.00,114,336.81,784.71,0.00
1,460.00,115,808.21,9.91,8.09
1,460.00,116,857.78,515.54,5.43
1,460.00,117,870.38,74.15,13.83
1,460.00,118,142.99,430.26,16.35
1,460.00,119,485.29,601.74,20.55
1,460.00,120,376.38,483.89,14.66
1,460.00,121,276.91,534.66,0.00
1,460.00,122,208.50,363.62,9.54
1,460.00,123,215.91,511.54,23.33
1,460.00,124,893.32,786.24,0.00
1,460.00,125,107.61,110.13,6.55
1,460.00,126,840.84,220.10,0.00
1,460.00,127,23.90,952.38,0.00
1,460.00,128,877.54,913.87,24.69
1,460.00,129,711.47,449.07,0.00
1,460.00,130,507.63,620.80,19.92
1,460.00,131,781.20,264.90,0.00
1,460.00,132,986.45,187.22,0.00
1,460.00,133,850.14,604.97,7.90
1,460.00,134,179.85,132.43,13.27
1,460.00,135,249.87,475.57,23.26
1,460.00,136,311.40,295.12,17.20
1,460.00,137,879.12,124.02,10.35
1,460.00,138,728.47,957.42,21.94
1,460.00,139,853.34,822.76,16.07
1,460.00,140,427.29,505.47,7.62
1,460.00,141,726.31,84.49,0.00
1,460.00,142,579.83,534.00,17.27
1,460.00,143,633.67,818.51,0.00
1,460.00,144,927.71,394.09,0.00
1,460.00,145,678.29,399.98,6.27
1,460.00,146,698.61,882.34,0.00
1,460.00,147,708.29,462.57,22.71
1,460.00,148,417.23,316.11,10.81
1,460.00,149,829.72,433.68,14.85
1,470.00,0,274.77,252.73,19.18
1,470.00,1,531.45,824.17,5.44
1,470.00,2,867.10,87.36,0.00
1,470.00,3,714.99,489.39,0.00
1,470.00,4,851.09,683.70,0.00
1,470.00,5,42.71,170.41,0.00
1,470.00,6,231.08,723.77,22.79
1,470.00,7,741.47,426.64,24.34
1,470.00,8,793.86,909.74,9.80
1,470.00,9,171.92,706.25,14.13
1,470.00,10,493.69,71.48,13.93
1,470.00,11,223.86,448.25,19.45
1,470.00,12,491.81,631.48,8.11
1,470.00,13,388.73,438.25,6.48
1,470.00,14,243.34,446.51,7.20
1,470.00,15,699.13,526.20,0.00
1,470.00,16,486.83,437.61,15.81
1,470.00,17,507.95,618.67,17.85
1,470.00,18,647.13,601.47,6.22
1,470.00,19,749.81,187.26,16.75
1,470.00,20,579.64,440.83,5.05
1,470.00,21,947.02,992.40,0.00
1,470.00,22,886.62,644.94,9.95
1,470.00,23,568.34,542.16,0.00
1,470.00,24,700.68,120.02,0.00
1,470.00,25,749.62,583.74,9.27
1,470.00,26,644.21,658.45,7.50
1,470.00,27,588.93,820.22,9.73
1,470.00,28,238.53,813.72,21.18
1,470.00,29,352.21,518.42,13.29
1,470.00,30,283.04,673.47,12.17
1,470.00,31,837.80,49.39,10.03
1,470.00,32,890.52,301.86,11.74
1,470.00,33,534.40,224.29,20.39
1,470.00,34,641.27,282.04,6.14
1,470.00,35,573.12,306.19,0.00
1,470.00,36,384.75,407.62,8.85
1,470.00,37,732.92,279.84,6.92
1,470.00,38,435.03,31.92,0.00
1,470.00,39,431.26,53.72,10.23
1,470.00,40,131.44,124.29,6.09
1,470.00,41,677.38,37.95,0.00
1,470.00,42,670.07,410.58,0.00
1,470.00,43,520.80,173.47,0.00
1,470.00,44,915.44,684.02,12.38
1,470.00,45,755.81,653.87,8.75
1,470.00,46,417.18,922.15,17.37
1,470.00,47,323.01,533.18,5.03
1,470.00,48,415.17,187.81,6.45
1,470.00,49,571.68,880.37,5.21
1,470.00,50,705.48,172.49,19.92
1,470.00,51,370.96,624.69,24.00
1,470.00,52,780.94,680.53,16.39
1,470.00,53,245.16,906.32,0.00
1,470.00,54,606.48,361.83,5.04
1,470.00,55,621.77,222.20,22.87
1,470.00,56,491.47,302.84,10.47
1,470.00,57,92.98,469.44,7.54
1,470.00,58,552.14,405.56,0.00
1,470.00,59,196.53,504.06,7.09
1,470.00,60,932.63,644.20,0.00
1,470.00,61,601.46,740.88,5.23
1,470.00,62,870.55,881.92,0.00
1,470.00,63,368.31,779.18,5.89
1,470.00,64,439.38,806.12,8.36
1,470.00,65,651.12,717.95,11.53
1,470.00,66,26.12,667.97,6.64
1,470.00,67,679.14,362.80,7.32
1,470.00,68,242.26,152.44,22.87
1,470.00,69,610.68,62.45,8.58
1,470.00,70,879.52,161.68,0.00
1,470.00,71,274.71,533.22,12.17
1,470.00,72,301.66,518.45,8.94
1,470.00,73,810.44,287.41,6.99
1,470.00,74,308.77,731.47,5.01
1,470.00,75,595.66,983.91,0.00
1,470.00,76,125.74,535.93,15.01
1,470.00,77,80.49,486.88,0.00
1,470.00,78,347.24,814.68,9.27
1,470.00,79,601.81,978.29,0.00
1,470.00,80,231.03,220.48,16.09
1,470.00,81,148.62,177.49,19.68
1,470.00,82,894.70,205.44,9.66
1,470.00,83,438.90,631.03,18.46
1,470.00,84,461.71,215.42,13.14
1,470.00,85,266.03,107.93,0.00
1,470.00,86,312.23,709.51,22.47
1,470.00,87,464.46,346.23,23.73
1,470.00,88,643.74,420.69,6.85
1,470.00,89,758.79,478.54,6.80
1,470.00,90,619.51,297.62,5.69
1,470.00,91,531.80,294.95,18.75
1,470.00,92,275.63,781.58,8.87
1,470.00,93,631.73,367.87,13.05
1,470.00,94,713.15,395.84,7.09
1,470.00,95,961.18,363.85,8.24
1,470.00,96,653.48,840.72,0.00
1,470.00,97,513.52,959.25,16.38
1,470.00,98,430.36,727.04,8.08
1,470.00,99,332.22,158.89,0.00
1,470.00,100,318.09,798.16,5.58
1,470.00,101,353.78,519.45,5.61
1,470.00,102,352.91,273.95,9.01
1,470.00,103,532.42,844.56,0.00
1,470.00,104,407.32,487.78,18.34
1,470.00,105,117.24,642.75,17.53
1,470.00,106,518.52,472.58,11.40
1,470.00,107,688.18,382.95,16.20
1,470.00,108,537.24,899.48,19.10
1,470.00,109,803.18,578.58,12.35
1,470.00,110,884.98,757.30,5.47
1,470.00,111,421.90,468.73,9.77
1,470.00,112,609.67,261.66,6.18
1,470.00,113,616.86,598.57,11.82
1,470.00,114,311.90,609.21,24.47
1,470.00,115,887.79,5.27,0.00
1,470.00,116,831.04,562.77,5.43
1,470.00,117,970.77,8.12,0.00
1,470.00,118,53.44,316.70,0.00
1,470.00,119,677.99,673.05,20.55
1,470.00,120,265.29,430.80,0.00
1,470.00,121,287.51,526.03,11.42
1,470.00,122,262.21,442.47,9.54
1,470.00,123,447.15,480.60,23.33
1,470.00,124,866.01,789.20,6.12
1,470.00,125,143.89,80.56,0.00
1,470.00,126,833.98,323.15,22.22
1,470.00,127,111.26,817.52,20.85
1,470.00,128,737.63,710.47,24.69
1,470.00,129,670.05,419.00,5.91
1,470.00,130,308.60,613.67,19.92
1,470.00,131,724.93,371.39,22.65
1,470.00,132,970.43,199.27,17.65
1,470.00,133,889.70,536.63,7.90
1,470.00,134,207.68,262.18,13.27
1,470.00,135,191.28,426.18,0.00
1,470.00,136,207.56,157.96,17.20
1,470.00,137,860.07,225.73,10.35
1,470.00,138,777.32,960.19,0.00
1,470.00,139,692.65,818.87,16.07
1,470.00,140,351.11,507.41,7.62
1,470.00,141,790.23,158.98,10.60
1,470.00,142,491.67,385.50,17.27
1,470.00,143,684.51,648.83,22.16
1,470.00,144,864.81,442.13,8.00
1,470.00,145,638.97,448.79,6.27
1,470.00,146,627.10,867.32,24.95
1,470.00,147,688.96,280.91,0.00
1,470.00,148,463.03,414.06,10.81
1,470.00,149,800.20,288.20,14.85
1,480.00,0,388.78,407.02,19.18
1,480.00,1,549.70,772.89,5.44
1,480.00,2,853.41,142.77,20.94
1,480.00,3,679.40,493.30,10.53
1,480.00,4,821.51,674.37,16.57
1,480.00,5,82.90,240.10,13.71
1,480.00,6,368.99,542.37,22.79
1,480.00,7,768.80,486.40,0.00
1,480.00,8,863.75,978.49,9.80
1,480.00,9,305.80,751.40,14.13
1,480.00,10,632.96,72.02,13.93
1,480.00,11,234.46,267.89,0.00
1,480.00,12,440.52,568.69,8.11
1,480.00,13,442.21,474.84,6.48
1,480.00,14,308.61,476.93,7.20
1,480.00,15,662.30,505.98,5.43
1,480.00,16,373.61,547.98,15.81
1,480.00,17,658.92,713.97,17.85
1,480.00,18,693.43,642.95,6.22
1,480.00,19,913.73,152.73,16.75
1,480.00,20,531.66,425.07,5.05
1,480.00,21,910.51,958.95,14.45
1,480.00,22,894.59,545.73,9.95
1,480.00,23,578.05,586.86,13.97
1,480.00,24,665.67,177.76,13.70
1,480.00,25,699.93,505.51,9.27
1,480.00,26,617.36,588.38,7.50
1,480.00,27,617.37,912.76,0.00
1,480.00,28,279.77,753.15,0.00
1,480.00,29,480.43,553.31,13.29
1,480.00,30,404.36,683.31,12.17
1,480.00,31,746.57,91.15,10.03
1,480.00,32,878.31,418.60,11.74
1,480.00,33,371.98,347.63,20.39
1,480.00,34,584.62,305.66,6.14
1,480.00,35,400.52,336.93,0.00
1,480.00,36,308.95,453.37,8.85
1,480.00,37,749.25,347.12,6.92
1,480.00,38,317.49,122.01,24.90
1,480.00,39,495.50,38.94,0.00
1,480.00,40,179.18,162.09,6.09
1,480.00,41,575.00,44.03,17.54
1,480.00,42,664.11,413.82,14.37
1,480.00,43,530.48,194.76,5.02
1,480.00,44,947.30,712.07,0.00
1,480.00,45,718.52,733.05,8.75
1,480.00,46,509.90,967.81,0.00
1,480.00,47,295.07,491.34,5.03
1,480.00,48,422.40,251.95,6.45
1,480.00,49,559.59,829.68,5.21
1,480.00,50,899.42,127.26,19.92
1,480.00,51,583.98,735.17,24.00
1,480.00,52,693.41,819.06,16.39
1,480.00,53,240.49,888.75,6.43
1,480.00,54,591.91,369.28,0.00
1,480.00,55,795.51,73.41,22.87
1,480.00,56,594.80,285.85,10.47
1,480.00,57,47.93,494.56,0.00
1,480.00,58,648.66,316.05,13.18
1,480.00,59,162.88,441.60,7.09
1,480.00,60,876.83,642.87,21.25
1,480.00,61,575.10,785.99,5.23
1,480.00,62,729.04,881.83,14.67
1,480.00,63,379.49,836.97,5.89
1,480.00,64,371.22,854.53,8.36
1,480.00,65,592.19,618.80,11.53
1,480.00,66,22.69,679.00,0.00
1,480.00,67,735.42,409.64,7.32
1,480.00,68,66.76,267.09,0.00
1,480.00,69,580.38,142.75,8.58
1,480.00,70,845.62,213.99,8.17
1,480.00,71,246.49,651.56,12.17
1,480.00,72,261.54,438.54,8.94
1,480.00,73,848.51,228.77,6.99
1,480.00,74,358.39,738.26,5.01
1,480.00,75,510.18,950.14,22.17
1,480.00,76,192.54,401.46,15.01
1,480.00,77,79.49,506.54,5.20
1,480.00,78,307.40,730.97,9.27
1,480.00,79,555.06,903.63,12.97
1,480.00,80,146.45,101.18,0.00
1,480.00,81,32.95,18.23,19.68
1,480.00,82,818.98,265.39,9.66
1,480.00,83,331.81,503.49,0.00
1,480.00,84,387.83,106.71,13.14
1,480.00,85,352.72,196.37,18.00
1,480.00,86,349.77,863.62,0.00
1,480.00,87,510.61,315.30,0.00
1,480.00,88,712.20,421.51,6.85
1,480.00,89,826.35,486.11,6.80
1,480.00,90,630.60,353.47,5.69
1,480.00,91,352.85,297.97,0.00
1,480.00,92,187.29,774.05,8.87
1,480.00,93,761.26,352.04,13.05
1,480.00,94,729.65,464.76,7.09
1,480.00,95,976.30,374.78,0.00
1,480.00,96,646.03,835.21,24.90
1,480.00,97,541.02,906.23,0.00
1,480.00,98,378.48,789.02,8.08
1,480.00,99,389.25,223.74,9.29
1,480.00,100,295.69,747.06,5.58
1,480.00,101,358.38,523.73,0.00
1,480.00,102,430.76,319.39,9.01
1,480.00,103,501.14,813.23,6.31
1,480.00,104,233.50,546.27,18.34
1,480.00,105,22.87,614.36,0.00
1,480.00,106,554.93,580.57,11.40
1,480.00,107,822.15,473.99,16.20
1,480.00,108,725.07,864.57,19.10
1,480.00,109,691.79,525.15,12.35
1,480.00,110,883.54,811.95,5.47
1,480.00,111,370.45,385.73,9.77
1,480.00,112,553.40,287.27,6.18
1,480.00,113,657.64,691.23,0.00
1,480.00,114,277.52,366.92,24.47
1,480.00,115,886.82,5.85,7.90
1,480.00,116,804.29,610.00,5.43
1,480.00,117,967.86,21.44,10.37
1,480.00,118,72.73,319.79,16.90
1,480.00,119,710.67,685.14,0.00
1,480.00,120,267.55,422.95,5.10
1,480.00,121,376.10,453.91,11.42
1,480.00,122,315.92,521.31,9.54
1,480.00,123,678.38,449.65,23.33
1,480.00,124,805.15,795.78,6.12
1,480.00,125,112.01,121.57,18.19
1,480.00,126,819.20,544.90,22.22
1,480.00,127,224.62,642.52,20.85
1,480.00,128,597.73,507.06,24.69
1,480.00,129,622.19,384.25,5.91
1,480.00,130,161.67,608.41,0.00
1,480.00,131,619.09,571.68,22.65
1,480.00,132,829.37,305.30,17.65
1,480.00,133,901.01,517.09,0.00
1,480.00,134,235.51,391.93,13.27
1,480.00,135,321.87,514.86,23.54
1,480.00,136,136.55,64.17,0.00
1,480.00,137,852.05,268.58,0.00
1,480.00,138,812.69,791.08,22.24
1,480.00,139,531.96,814.97,16.07
1,480.00,140,280.70,509.21,0.00
1,480.00,141,859.27,239.42,10.60
1,480.00,142,403.51,237.01,17.27
1,480.00,143,748.10,436.52,22.16
1,480.00,144,801.27,490.66,8.00
1,480.00,145,599.66,497.61,6.27
1,480.00,146,382.91,816.04,24.95
1,480.00,147,662.64,313.69,21.48
1,480.00,148,508.84,512.01,10.81
1,480.00,149,770.69,142.71,14.85
1,490.00,0,502.79,561.32,19.18
1,490.00,1,567.94,721.62,5.44
1,490.00,2,803.18,346.06,20.94
1,490.00,3,574.74,504.77,10.53
1,490.00,4,663.44,624.53,16.57
1,490.00,5,114.95,295.68,0.00
1,490.00,6,506.90,360.97,22.79
1,490.00,7,694.74,323.11,24.56
1,490.00,8,872.20,986.80,0.00
1,490.00,9,439.67,796.54,14.13
1,490.00,10,732.67,72.41,0.00
1,490.00,11,242.31,274.43,14.36
1,490.00,12,389.24,505.91,8.11
1,490.00,13,495.70,511.44,6.48
1,490.00,14,373.88,507.34,7.20
1,490.00,15,614.67,479.81,5.43
1,490.00,16,260.39,658.36,15.81
1,490.00,17,809.90,809.27,17.85
1,490.00,18,737.86,682.77,0.00
1,490.00,19,957.75,143.46,0.00
1,490.00,20,483.68,409.31,5.05
1,490.00,21,804.00,861.34,14.45
1,490.00,22,902.55,446.51,9.95
1,490.00,23,607.71,723.42,13.97
1,490.00,24,594.63,294.91,13.70
1,490.00,25,650.25,427.28,9.27
1,490.00,26,590.51,518.31,7.50
1,490.00,27,616.80,911.87,21.18
1,490.00,28,381.67,644.48,22.78
1,490.00,29,608.65,588.19,13.29
1,490.00,30,525.67,693.14,12.17
1,490.00,31,655.34,132.92,10.03
1,490.00,32,866.10,535.33,11.74
1,490.00,33,370.47,348.78,0.00
1,490.00,34,527.98,329.28,6.14
1,490.00,35,379.83,327.77,18.07
1,490.00,36,233.15,499.12,8.85
1,490.00,37,765.57,414.41,6.92
1,490.00,38,303.41,132.80,0.00
1,490.00,39,467.76,64.89,10.69
1,490.00,40,226.92,199.88,6.09
1,490.00,41,399.89,54.44,17.54
1,490.00,42,537.84,482.40,14.37
1,490.00,43,551.27,240.47,5.02
1,490.00,44,891.17,705.14,8.61
1,490.00,45,713.07,744.62,0.00
1,490.00,46,561.33,893.49,22.31
1,490.00,47,267.13,449.50,5.03
1,490.00,48,429.63,316.08,6.45
1,490.00,49,547.50,778.98,5.21
1,490.00,50,963.26,112.38,0.00
1,490.00,51,797.00,845.66,24.00
1,490.00,52,668.25,858.88,0.00
1,490.00,53,223.97,826.59,6.43
1,490.00,54,469.94,396.69,18.52
1,490.00,55,864.75,14.11,0.00
1,490.00,56,698.13,268.87,10.47
1,490.00,57,101.99,477.22,17.97
1,490.00,58,745.28,226.45,13.18
1,490.00,59,129.23,379.13,7.09
1,490.00,60,664.37,637.81,21.25
1,490.00,61,548.74,831.11,5.23
1,490.00,62,582.38,881.73,14.67
1,490.00,63,385.46,867.82,0.00
1,490.00,64,303.06,902.95,8.36
1,490.00,65,533.25,519.66,11.53
1,490.00,66,176.09,813.29,24.68
1,490.00,67,791.69,456.48,7.32
1,490.00,68,73.96,266.71,8.65
1,490.00,69,550.07,223.06,8.58
1,490.00,70,801.16,282.59,8.17
1,490.00,71,218.26,769.89,12.17
1,490.00,72,221.43,358.63,8.94
1,490.00,73,886.59,170.13,6.99
1,490.00,74,408.02,745.06,5.01
1,490.00,75,415.74,912.82,0.00
1,490.00,76,208.81,368.72,0.00
1,490.00,77,76.83,558.50,5.20
1,490.00,78,267.57,647.26,9.27
1,490.00,79,486.22,793.71,12.97
1,490.00,80,165.23,100.16,20.64
1,490.00,81,30.14,14.36,0.00
1,490.00,82,743.26,325.33,9.66
1,490.00,83,351.44,516.67,24.24
1,490.00,84,368.97,78.95,0.00
1,490.00,85,470.14,316.17,0.00
1,490.00,86,398.17,892.33,19.14
1,490.00,87,436.96,338.71,10.09
1,490.00,88,780.66,422.34,6.85
1,490.00,89,893.91,493.68,6.80
1,490.00,90,641.69,409.31,5.69
1,490.00,91,350.27,303.39,13.20
1,490.00,92,98.96,766.51,8.87
1,490.00,93,865.46,339.31,0.00
1,490.00,94,746.15,533.68,7.09
1,490.00,95,862.59,410.62,15.41
1,490.00,96,445.81,687.10,24.90
1,490.00,97,477.64,831.99,15.36
1,490.00,98,326.59,851.01,8.08
1,490.00,99,450.59,293.50,9.29
1,490.00,100,273.28,695.95,5.58
1,490.00,101,550.49,552.36,21.87
1,490.00,102,508.61,364.84,9.01
1,490.00,103,456.56,768.58,6.31
1,490.00,104,158.48,571.52,0.00
1,490.00,105,79.37,590.57,14.00
1,490.00,106,591.34,688.55,11.40
1,490.00,107,893.02,522.15,0.00
1,490.00,108,912.90,829.66,19.10
1,490.00,109,580.40,471.71,12.35
1,490.00,110,882.10,866.60,5.47
1,490.00,111,320.05,304.43,0.00
1,490.00,112,551.01,288.35,0.00
1,490.00,113,680.35,701.44,17.39
1,490.00,114,275.47,352.46,0.00
1,490.00,115,819.02,46.41,7.90
1,490.00,116,777.54,657.23,5.43
1,490.00,117,945.73,122.79,10.37
1,490.00,118,239.65,346.50,16.90
1,490.00,119,644.48,679.86,7.99
1,490.00,120,281.63,373.97,5.10
1,490.00,121,464.69,381.79,11.42
1,490.00,122,369.63,600.15,9.54
1,490.00,123,891.45,421.13,0.00
1,490.00,124,744.29,802.37,6.12
1,490.00,125,94.91,143.58,0.00
1,490.00,126,804.42,766.65,22.22
1,490.00,127,328.26,482.52,0.00
1,490.00,128,457.82,303.65,24.69
1,490.00,129,574.33,349.50,5.91
1,490.00,130,173.07,616.21,5.28
1,490.00,131,618.21,573.33,0.00
1,490.00,132,688.31,411.34,17.65
1,490.00,133,791.14,489.20,15.88
1,490.00,134,263.35,521.68,13.27
1,490.00,135,516.62,647.11,23.54
1,490.00,136,157.01,82.76,8.74
1,490.00,137,736.44,269.41,19.98
1,490.00,138,858.22,573.43,22.24
1,490.00,139,371.28,811.07,16.07
1,490.00,140,286.03,506.39,7.95
1,490.00,141,928.31,319.86,10.60
1,490.00,142,315.35,88.51,17.27
1,490.00,143,809.23,232.46,0.00
1,490.00,144,737.73,539.20,8.00
1,490.00,145,560.34,546.43,6.27
1,490.00,146,138.72,764.76,24.95
1,490.00,147,528.18,481.19,21.48
1,490.00,148,554.64,609.96,10.81
1,490.00,149,759.29,86.51,0.00
1,500.00,0,616.79,715.61,19.18
1,500.00,1,586.18,670.35,5.44
1,500.00,2,752.96,549.35,20.94
1,500.00,3,470.08,516.24,10.53
1,500.00,4,505.38,574.69,16.57
1,500.00,5,139.46,369.85,14.68
1,500.00,6,644.80,179.56,22.79
1,500.00,7,642.97,208.95,0.00
1,500.00,8,785.56,945.18,10.93
1,500.00,9,573.55,841.69,14.13
1,500.00,10,737.73,95.94,8.47
1,500.00,11,352.61,366.45,14.36
1,500.00,12,337.95,443.12,8.11
1,500.00,13,549.18,548.03,6.48
1,500.00,14,439.15,537.75,7.20
1,500.00,15,567.04,453.65,5.43
1,500.00,16,197.22,719.94,0.00
1,500.00,17,864.57,843.78,0.00
1,500.00,18,735.30,681.10,7.58
1,500.00,19,948.57,198.35,7.61
1,500.00,20,435.70,393.56,5.05
1,500.00,21,697.49,763.73,14.45
1,500.00,22,910.52,347.29,9.95
1,500.00,23,615.76,760.52,0.00
1,500.00,24,523.59,412.06,13.70
1,500.00,25,600.56,349.04,9.27
1,500.00,26,563.65,448.24,7.50
1,500.00,27,502.82,733.41,21.18
1,500.00,28,537.47,478.33,22.78
1,500.00,29,611.67,589.01,0.00
1,500.00,30,555.27,695.54,0.00
1,500.00,31,564.11,174.68,10.03
1,500.00,32,861.69,577.48,0.00
1,500.00,33,345.44,107.21,0.00
1,500.00,34,512.59,335.69,0.00
1,500.00,35,313.55,298.42,0.00
1,500.00,36,157.35,544.87,8.85
1,500.00,37,781.90,481.69,6.92
1,500.00,38,410.34,161.06,11.91
1,500.00,39,389.72,137.90,10.69
1,500.00,40,274.66,237.68,6.09
1,500.00,41,224.78,64.85,17.54
1,500.00,42,411.57,550.98,14.37
1,500.00,43,572.06,286.18,5.02
1,500.00,44,805.76,694.60,8.61
1,500.00,45,590.57,680.28,16.21
1,500.00,46,635.44,786.40,0.00
1,500.00,47,239.19,407.65,5.03
1,500.00,48,436.86,380.22,6.45
1,500.00,49,535.41,728.28,5.21
1,500.00,50,912.15,113.42,7.62
1,500.00,51,823.56,859.43,0.00
1,500.00,52,725.13,916.77,0.00
1,500.00,53,207.45,764.43,6.43
1,500.00,54,289.30,437.30,18.52
1,500.00,55,809.18,95.74,16.42
1,500.00,56,801.46,251.88,10.47
1,500.00,57,273.05,422.33,17.97
1,500.00,58,827.08,150.60,0.00
1,500.00,59,95.58,316.67,7.09
1,500.00,60,451.92,632.74,21.25
1,500.00,61,535.80,853.24,0.00
1,500.00,62,435.73,881.64,14.67
1,500.00,63,386.60,807.25,13.00
1,500.00,64,234.90,951.36,8.36
1,500.00,65,474.32,420.51,11.53
1,500.00,66,361.79,975.85,24.68
1,500.00,67,831.76,489.83,0.00
1,500.00,68,160.34,262.09,8.65
1,500.00,69,519.77,303.36,8.58
1,500.00,70,756.70,351.18,8.17
1,500.00,71,200.86,842.88,0.00
1,500.00,72,181.31,278.72,8.94
1,500.00,73,924.66,111.49,6.99
1,500.00,74,457.64,751.85,5.01
1,500.00,75,389.95,854.00,11.85
1,500.00,76,336.97,406.49,17.66
1,500.00,77,74.17,610.45,5.20
1,500.00,78,227.74,563.55,9.27
1,500.00,79,417.38,683.79,12.97
1,500.00,80,371.31,88.98,20.64
1,500.00,81,72.61,178.57,17.38
1,500.00,82,667.55,385.28,9.66
1,500.00,83,552.65,651.82,24.24
1,500.00,84,305.90,207.31,19.21
1,500.00,85,456.05,320.75,21.83
1,500.00,86,562.81,989.99,19.14
1,500.00,87,340.78,369.27,10.09
1,500.00,88,849.12,423.17,6.85
1,500.00,89,961.48,501.25,6.80
1,500.00,90,652.78,465.16,5.69
1,500.00,91,293.53,422.57,13.20
1,500.00,92,92.77,765.99,0.00
1,500.00,93,839.74,352.82,14.86
1,500.00,94,762.65,602.60,7.09
1,500.00,95,715.59,456.94,15.41
1,500.00,96,245.60,538.99,24.90
1,500.00,97,377.89,715.14,15.36
1,500.00,98,274.70,912.99,8.08
1,500.00,99,511.93,363.27,9.29
1,500.00,100,250.87,644.85,5.58
1,500.00,101,766.84,584.59,21.87
1,500.00,102,545.22,386.21,0.00
1,500.00,103,423.28,735.25,0.00
1,500.00,104,166.39,701.33,22.88
1,500.00,105,208.38,536.23,14.00
1,500.00,106,627.74,796.54,11.40
1,500.00,107,818.04,433.76,24.61
1,500.00,108,974.03,818.30,0.00
1,500.00,109,469.01,418.28,12.35
1,500.00,110,880.65,921.26,5.47
1,500.00,111,316.52,308.07,24.62
1,500.00,112,452.50,370.60,13.40
1,500.00,113,838.93,772.71,17.39
1,500.00,114,476.51,359.68,21.39
1,500.00,115,779.01,70.35,0.00
1,500.00,116,750.79,704.46,5.43
1,500.00,117,923.60,224.15,10.37
1,500.00,118,406.57,373.21,16.90
1,500.00,119,564.79,673.51,7.99
1,500.00,120,295.71,324.99,5.10
1,500.00,121,553.27,309.67,11.42
1,500.00,122,423.33,678.99,9.54
1,500.00,123,883.31,437.07,22.78
1,500.00,124,683.43,808.95,6.12
1,500.00,125,300.23,190.05,24.86
1,500.00,126,789.98,983.38,0.00
1,500.00,127,342.64,475.50,18.66
1,500.00,128,317.92,100.24,24.69
1,500.00,129,526.47,314.75,5.91
1,500.00,130,216.60,646.04,5.28
1,500.00,131,712.76,498.53,12.16
1,500.00,132,547.25,517.37,17.65
1,500.00,133,637.25,450.15,15.88
1,500.00,134,291.18,651.43,13.27
1,500.00,135,661.05,745.19,0.00
1,500.00,136,221.69,141.52,8.74
1,500.00,137,564.26,270.65,0.00
1,500.00,138,903.74,355.79,22.24
1,500.00,139,210.59,807.18,16.07
1,500.00,140,356.29,469.17,7.95
1,500.00,141,944.54,338.77,0.00
1,500.00,142,283.79,35.37,0.00
1,500.00,143,807.48,235.04,8.02
1,500.00,144,674.19,587.73,8.00
1,500.00,145,521.03,595.24,6.27
1,500.00,146,60.31,748.29,0.00
1,500.00,147,393.71,648.70,21.48
1,500.00,148,600.44,707.91,10.81
1,500.00,149,757.50,160.63,12.08
