run,time,node_id,x,y,speed
3,0.00,0,790.63,903.80,0.00
3,0.00,1,242.65,144.24,0.00
3,0.00,2,446.40,876.20,0.00
3,0.00,3,195.20,763.50,0.00
3,0.00,4,284.24,523.82,0.00
3,0.00,5,908.15,944.95,0.00
3,0.00,6,288.08,317.66,0.00
3,0.00,7,733.19,360.60,0.00
3,0.00,8,372.24,439.57,0.00
3,0.00,9,652.08,572.77,0.00
3,0.00,10,756.70,70.42,0.00
3,0.00,11,699.17,44.81,0.00
3,0.00,12,498.37,812.22,0.00
3,0.00,13,623.70,577.15,0.00
3,0.00,14,541.87,607.90,0.00
3,0.00,15,89.29,410.75,0.00
3,0.00,16,23.33,355.81,0.00
3,0.00,17,525.83,503.12,0.00
3,0.00,18,194.63,488.51,0.00
3,0.00,19,591.85,857.04,0.00
3,0.00,20,792.87,745.92,0.00
3,0.00,21,835.71,934.07,0.00
3,0.00,22,724.97,647.51,0.00
3,0.00,23,801.49,200.87,0.00
3,0.00,24,20.40,500.90,0.00
3,0.00,25,139.12,251.08,0.00
3,0.00,26,689.75,682.69,0.00
3,0.00,27,558.14,191.69,0.00
3,0.00,28,469.62,313.29,0.00
3,0.00,29,342.62,635.68,0.00
3,0.00,30,363.50,594.46,0.00
3,0.00,31,593.29,79.52,0.00
3,0.00,32,757.85,387.58,0.00
3,0.00,33,318.76,341.46,0.00
3,0.00,34,183.84,785.13,0.00
3,0.00,35,881.49,915.40,0.00
3,0.00,36,393.37,969.84,0.00
3,0.00,37,642.35,26.99,0.00
3,0.00,38,809.02,358.56,0.00
3,0.00,39,425.01,530.86,0.00
3,0.00,40,801.74,975.25,0.00
3,0.00,41,835.28,819.19,0.00
3,0.00,42,817.54,272.33,0.00
3,0.00,43,251.52,5.58,0.00
3,0.00,44,83.13,598.50,0.00
3,0.00,45,12.92,560.58,0.00
3,0.00,46,805.87,392.68,0.00
3,0.00,47,100.31,54.06,0.00
3,0.00,48,990.69,350.48,0.00
3,0.00,49,138.93,457.47,0.00
3,0.00,50,694.34,529.23,0.00
3,0.00,51,285.27,639.12,0.00
3,0.00,52,632.00,941.36,0.00
3,0.00,53,293.75,287.98,0.00
3,0.00,54,589.11,737.18,0.00
3,0.00,55,583.90,813.30,0.00
3,0.00,56,910.09,697.20,0.00
3,0.00,57,877.56,561.80,0.00
3,0.00,58,140.52,867.78,0.00
3,0.00,59,54.64,914.73,0.00
3,0.00,60,618.54,438.71,0.00
3,0.00,61,815.68,560.04,0.00
3,0.00,62,501.36,770.75,0.00
3,0.00,63,750.90,944.87,0.00
3,0.00,64,588.67,929.18,0.00
3,0.00,65,812.33,118.43,0.00
3,0.00,66,656.43,232.39,0.00
3,0.00,67,473.05,684.09,0.00
3,0.00,68,270.74,153.09,0.00
3,0.00,69,856.28,380.11,0.00
3,0.00,70,443.87,303.09,0.00
3,0.00,71,550.04,929.22,0.00
3,0.00,72,680.50,907.96,0.00
3,0.00,73,705.47,726.37,0.00
3,0.00,74,431.79,313.25,0.00
3,0.00,75,877.36,449.36,0.00
3,0.00,76,5.17,244.55,0.00
3,0.00,77,244.58,380.54,0.00
3,0.00,78,784.66,373.87,0.00
3,0.00,79,746.85,207.95,0.00
3,0.00,80,12.64,474.90,0.00
3,0.00,81,211.45,318.66,0.00
3,0.00,82,813.79,84.05,0.00
3,0.00,83,27.47,940.45,0.00
3,0.00,84,736.78,982.43,0.00
3,0.00,85,959.66,400.20,0.00
3,0.00,86,670.36,423.68,0.00
3,0.00,87,386.02,12.52,0.00
3,0.00,88,884.17,934.13,0.00
3,0.00,89,579.11,149.80,0.00
3,0.00,90,686.33,500.86,0.00
3,0.00,91,379.28,976.27,0.00
3,0.00,92,140.12,689.34,0.00
3,0.00,93,770.37,603.53,0.00
3,0.00,94,252.45,750.39,0.00
3,0.00,95,795.97,533.24,0.00
3,0.00,96,588.70,19.54,0.00
3,0.00,97,275.66,850.04,0.00
3,0.00,98,50.04,210.31,0.00
3,0.00,99,826.81,892.49,0.00
3,0.00,100,986.99,377.34,0.00
3,0.00,101,655.50,894.24,0.00
3,0.00,102,560.32,103.85,0.00
3,0.00,103,969.89,427.58,0.00
3,0.00,104,863.71,957.32,0.00
3,0.00,105,692.61,923.78,0.00
3,0.00,106,146.82,241.73,0.00
3,0.00,107,986.95,247.12,0.00
3,0.00,108,59.56,772.68,0.00
3,0.00,109,49.89,26.32,0.00
3,0.00,110,322.40,104.51,0.00
3,0.00,111,68.64,187.08,0.00
3,0.00,112,567.72,932.17,0.00
3,0.00,113,54.57,297.41,0.00
3,0.00,114,542.66,114.48,0.00
3,0.00,115,566.16,297.43,0.00
3,0.00,116,911.10,980.01,0.00
3,0.00,117,317.97,5.98,0.00
3,0.00,118,148.72,779.14,0.00
3,0.00,119,852.21,797.22,0.00
3,0.00,120,786.68,42.82,0.00
3,0.00,121,852.82,578.09,0.00
3,0.00,122,500.76,429.18,0.00
3,0.00,123,34.29,760.92,0.00
3,0.00,124,341.25,334.67,0.00
3,0.00,125,623.87,487.60,0.00
3,0.00,126,95.67,80.55,0.00
3,0.00,127,173.69,810.47,0.00
3,0.00,128,74.65,928.04,0.00
3,0.00,129,893.19,676.78,0.00
3,0.00,130,51.65,413.91,0.00
3,0.00,131,791.18,386.76,0.00
3,0.00,132,524.93,117.21,0.00
3,0.00,133,57.31,239.58,0.00
3,0.00,134,552.11,148.44,0.00
3,0.00,135,921.08,776.24,0.00
3,0.00,136,274.80,852.72,0.00
3,0.00,137,817.66,780.17,0.00
3,0.00,138,298.48,728.77,0.00
3,0.00,139,885.34,94.71,0.00
3,0.00,140,512.15,674.14,0.00
3,0.00,141,537.53,505.54,0.00
3,0.00,142,364.76,924.10,0.00
3,0.00,143,573.45,15.95,0.00
3,0.00,144,793.41,193.66,0.00
3,0.00,145,327.02,94.95,0.00
3,0.00,146,310.27,919.36,0.00
3,0.00,147,395.90,490.96,0.00
3,0.00,148,149.87,522.51,0.00
3,0.00,149,957.89,925.50,0.00
3,10.00,0,790.63,903.80,8.62
3,10.00,1,242.65,144.24,20.20
3,10.00,2,446.40,876.20,13.31
3,10.00,3,195.20,763.50,5.35
3,10.00,4,284.24,523.82,19.14
3,10.00,5,908.15,944.95,9.52
3,10.00,6,288.08,317.66,10.59
3,10.00,7,733.19,360.60,12.11
3,10.00,8,372.24,439.57,16.43
3,10.00,9,652.08,572.77,14.17
3,10.00,10,756.70,70.42,23.58
3,10.00,11,699.17,44.81,12.85
3,10.00,12,498.37,812.22,20.96
3,10.00,13,623.70,577.15,7.56
3,10.00,14,541.87,607.90,19.75
3,10.00,15,89.29,410.75,24.06
3,10.00,16,23.33,355.81,6.59
3,10.00,17,525.83,503.12,9.46
3,10.00,18,194.63,488.51,19.02
3,10.00,19,591.85,857.04,10.33
3,10.00,20,792.87,745.92,12.54
3,10.00,21,835.71,934.07,7.88
3,10.00,22,724.97,647.51,22.03
3,10.00,23,801.49,200.87,22.22
3,10.00,24,20.40,500.90,7.98
3,10.00,25,139.12,251.08,12.27
3,10.00,26,689.75,682.69,22.55
3,10.00,27,558.14,191.69,23.99
3,10.00,28,469.62,313.29,17.70
3,10.00,29,342.62,635.68,15.29
3,10.00,30,363.50,594.46,22.69
3,10.00,31,593.29,79.52,12.73
3,10.00,32,757.85,387.58,6.12
3,10.00,33,318.76,341.46,18.35
3,10.00,34,183.84,785.13,5.62
3,10.00,35,881.49,915.40,11.70
3,10.00,36,393.37,969.84,9.14
3,10.00,37,642.35,26.99,23.54
3,10.00,38,809.02,358.56,8.97
3,10.00,39,425.01,530.86,22.09
3,10.00,40,801.74,975.25,17.89
3,10.00,41,835.28,819.19,17.68
3,10.00,42,817.54,272.33,16.36
3,10.00,43,251.52,5.58,23.52
3,10.00,44,83.13,598.50,6.60
3,10.00,45,12.92,560.58,24.06
3,10.00,46,805.87,392.68,24.50
3,10.00,47,100.31,54.06,17.46
3,10.00,48,990.69,350.48,5.78
3,10.00,49,138.93,457.47,13.64
3,10.00,50,694.34,529.23,18.08
3,10.00,51,285.27,639.12,11.53
3,10.00,52,632.00,941.36,6.48
3,10.00,53,293.75,287.98,6.87
3,10.00,54,589.11,737.18,10.31
3,10.00,55,583.90,813.30,23.17
3,10.00,56,910.09,697.20,23.85
3,10.00,57,877.56,561.80,10.10
3,10.00,58,140.52,867.78,21.00
3,10.00,59,54.64,914.73,24.23
3,10.00,60,618.54,438.71,5.77
3,10.00,61,815.68,560.04,15.25
3,10.00,62,501.36,770.75,24.50
3,10.00,63,750.90,944.87,19.43
3,10.00,64,588.67,929.18,12.02
3,10.00,65,812.33,118.43,15.35
3,10.00,66,656.43,232.39,20.03
3,10.00,67,473.05,684.09,9.63
3,10.00,68,270.74,153.09,13.01
3,10.00,69,856.28,380.11,7.95
3,10.00,70,443.87,303.09,14.05
3,10.00,71,550.04,929.22,18.70
3,10.00,72,680.50,907.96,17.21
3,10.00,73,705.47,726.37,13.45
3,10.00,74,431.79,313.25,12.43
3,10.00,75,877.36,449.36,24.90
3,10.00,76,5.17,244.55,14.38
3,10.00,77,244.58,380.54,17.48
3,10.00,78,784.66,373.87,23.12
3,10.00,79,746.85,207.95,16.95
3,10.00,80,12.64,474.90,22.70
3,10.00,81,211.45,318.66,24.25
3,10.00,82,813.79,84.05,9.99
3,10.00,83,27.47,940.45,17.91
3,10.00,84,736.78,982.43,15.42
3,10.00,85,959.66,400.20,11.98
3,10.00,86,670.36,423.68,18.91
3,10.00,87,386.02,12.52,17.72
3,10.00,88,884.17,934.13,13.45
3,10.00,89,579.11,149.80,8.91
3,10.00,90,686.33,500.86,15.56
3,10.00,91,379.28,976.27,19.14
3,10.00,92,140.12,689.34,21.68
3,10.00,93,770.37,603.53,10.34
3,10.00,94,252.45,750.39,7.06
3,10.00,95,795.97,533.24,17.27
3,10.00,96,588.70,19.54,22.34
3,10.00,97,275.66,850.04,21.77
3,10.00,98,50.04,210.31,20.41
3,10.00,99,826.81,892.49,20.31
3,10.00,100,986.99,377.34,14.60
3,10.00,101,655.50,894.24,5.77
3,10.00,102,560.32,103.85,6.15
3,10.00,103,969.89,427.58,7.80
3,10.00,104,863.71,957.32,8.45
3,10.00,105,692.61,923.78,24.34
3,10.00,106,146.82,241.73,20.54
3,10.00,107,986.95,247.12,7.92
3,10.00,108,59.56,772.68,17.42
3,10.00,109,49.89,26.32,8.83
3,10.00,110,322.40,104.51,18.76
3,10.00,111,68.64,187.08,22.49
3,10.00,112,567.72,932.17,8.97
3,10.00,113,54.57,297.41,23.22
3,10.00,114,542.66,114.48,18.00
3,10.00,115,566.16,297.43,17.47
3,10.00,116,911.10,980.01,11.94
3,10.00,117,317.97,5.98,22.01
3,10.00,118,148.72,779.14,20.59
3,10.00,119,852.21,797.22,15.22
3,10.00,120,786.68,42.82,8.47
3,10.00,121,852.82,578.09,24.38
3,10.00,122,500.76,429.18,5.97
3,10.00,123,34.29,760.92,23.55
3,10.00,124,341.25,334.67,12.54
3,10.00,125,623.87,487.60,8.81
3,10.00,126,95.67,80.55,6.79
3,10.00,127,173.69,810.47,12.51
3,10.00,128,74.65,928.04,24.56
3,10.00,129,893.19,676.78,7.84
3,10.00,130,51.65,413.91,21.21
3,10.00,131,791.18,386.76,5.28
3,10.00,132,524.93,117.21,7.17
3,10.00,133,57.31,239.58,10.57
3,10.00,134,552.11,148.44,7.45
3,10.00,135,921.08,776.24,20.18
3,10.00,136,274.80,852.72,9.10
3,10.00,137,817.66,780.17,18.57
3,10.00,138,298.48,728.77,15.32
3,10.00,139,885.34,94.71,11.36
3,10.00,140,512.15,674.14,6.69
3,10.00,141,537.53,505.54,23.60
3,10.00,142,364.76,924.10,6.65
3,10.00,143,573.45,15.95,17.48
3,10.00,144,793.41,193.66,19.34
3,10.00,145,327.02,94.95,13.33
3,10.00,146,310.27,919.36,8.22
3,10.00,147,395.90,490.96,23.88
3,10.00,148,149.87,522.51,7.18
3,10.00,149,957.89,925.50,21.71
3,20.00,0,819.20,822.43,8.62
3,20.00,1,402.57,267.58,20.20
3,20.00,2,469.07,745.07,13.31
3,20.00,3,245.72,745.97,5.35
3,20.00,4,402.14,373.06,19.14
3,20.00,5,928.16,851.87,9.52
3,20.00,6,358.08,397.10,10.59
3,20.00,7,624.16,308.02,12.11
3,20.00,8,522.43,506.11,16.43
3,20.00,9,621.65,434.39,14.17
3,20.00,10,688.08,296.04,23.58
3,20.00,11,587.15,107.75,12.85
3,20.00,12,445.88,609.33,20.96
3,20.00,13,657.11,509.39,7.56
3,20.00,14,732.80,658.30,19.75
3,20.00,15,173.05,636.30,24.06
3,20.00,16,46.40,417.56,6.59
3,20.00,17,446.45,554.52,9.46
3,20.00,18,373.66,424.26,19.02
3,20.00,19,624.19,758.92,10.33
3,20.00,20,673.07,782.85,12.54
3,20.00,21,911.13,956.80,7.88
3,20.00,22,718.21,427.35,22.03
3,20.00,23,811.37,422.88,22.22
3,20.00,24,92.09,535.89,7.98
3,20.00,25,237.04,325.08,12.27
3,20.00,26,681.40,457.33,22.55
3,20.00,27,680.32,398.13,23.99
3,20.00,28,372.35,165.42,17.70
3,20.00,29,491.72,601.59,15.29
3,20.00,30,561.10,482.89,22.69
3,20.00,31,527.79,188.70,12.73
3,20.00,32,780.96,330.89,6.12
3,20.00,33,219.00,187.46,18.35
3,20.00,34,228.29,819.59,5.62
3,20.00,35,815.83,818.52,11.70
3,20.00,36,409.98,879.93,9.14
3,20.00,37,493.39,209.21,23.54
3,20.00,38,750.16,426.29,8.97
3,20.00,39,344.81,736.72,22.09
3,20.00,40,777.89,868.43,0.00
3,20.00,41,703.09,701.81,17.68
3,20.00,42,680.10,361.14,16.36
3,20.00,43,117.47,198.86,23.52
3,20.00,44,137.45,561.01,6.60
3,20.00,45,219.09,436.51,24.06
3,20.00,46,758.66,633.09,24.50
3,20.00,47,133.33,225.54,17.46
3,20.00,48,935.12,366.50,5.78
3,20.00,49,258.21,523.69,13.64
3,20.00,50,759.35,697.98,18.08
3,20.00,51,357.29,549.08,11.53
3,20.00,52,653.26,880.18,6.48
3,20.00,53,347.75,245.50,6.87
3,20.00,54,486.58,726.30,10.31
3,20.00,55,417.92,651.63,23.17
3,20.00,56,687.62,611.13,23.85
3,20.00,57,777.68,546.88,10.10
3,20.00,58,285.34,715.74,21.00
3,20.00,59,289.83,856.48,24.23
3,20.00,60,565.58,461.64,5.77
3,20.00,61,690.46,473.00,15.25
3,20.00,62,638.50,872.06,0.00
3,20.00,63,705.10,756.02,19.43
3,20.00,64,587.64,808.99,12.02
3,20.00,65,753.56,260.25,15.35
3,20.00,66,464.18,176.18,20.03
3,20.00,67,452.47,589.97,9.63
3,20.00,68,372.71,233.85,13.01
3,20.00,69,779.78,358.62,7.95
3,20.00,70,581.99,277.44,14.05
3,20.00,71,564.33,742.79,18.70
3,20.00,72,730.08,743.19,17.21
3,20.00,73,724.53,593.25,13.45
3,20.00,74,338.09,394.95,12.43
3,20.00,75,967.43,681.47,24.90
3,20.00,76,89.09,361.38,14.38
3,20.00,77,275.28,537.16,0.00
3,20.00,78,581.36,263.73,23.12
3,20.00,79,583.33,252.76,16.95
3,20.00,80,222.42,561.54,22.70
3,20.00,81,418.41,445.09,24.25
3,20.00,82,726.78,133.07,9.99
3,20.00,83,163.55,824.00,17.91
3,20.00,84,673.39,841.84,15.42
3,20.00,85,855.55,459.47,11.98
3,20.00,86,533.86,292.87,18.91
3,20.00,87,476.36,165.02,17.72
3,20.00,88,749.75,939.90,13.45
3,20.00,89,532.21,225.61,8.91
3,20.00,90,782.96,622.81,15.56
3,20.00,91,333.67,790.37,19.14
3,20.00,92,318.04,565.45,21.68
3,20.00,93,708.43,520.69,10.34
3,20.00,94,254.52,679.78,7.06
3,20.00,95,680.05,405.21,17.27
3,20.00,96,593.58,242.84,22.34
3,20.00,97,461.44,736.62,21.77
3,20.00,98,85.91,411.24,20.41
3,20.00,99,625.83,921.93,20.31
3,20.00,100,843.59,350.18,14.60
3,20.00,101,642.47,838.01,5.77
3,20.00,102,619.19,85.89,6.15
3,20.00,103,909.10,476.36,7.80
3,20.00,104,813.59,889.31,8.45
3,20.00,105,651.73,683.87,24.34
3,20.00,106,231.51,428.91,20.54
3,20.00,107,909.83,229.25,7.92
3,20.00,108,218.31,700.85,17.42
3,20.00,109,83.02,108.19,8.83
3,20.00,110,418.01,265.93,18.76
3,20.00,111,210.92,12.89,22.49
3,20.00,112,629.49,867.09,8.97
3,20.00,113,268.37,206.90,23.22
3,20.00,114,720.64,87.85,18.00
3,20.00,115,724.15,222.93,17.47
3,20.00,116,819.55,903.30,11.94
3,20.00,117,243.89,213.19,22.01
3,20.00,118,235.98,592.61,20.59
3,20.00,119,711.48,739.27,15.22
3,20.00,120,751.27,119.77,8.47
3,20.00,121,609.05,577.23,24.38
3,20.00,122,510.13,488.09,5.97
3,20.00,123,181.27,576.86,23.55
3,20.00,124,321.04,225.00,0.00
3,20.00,125,661.63,567.18,8.81
3,20.00,126,119.11,144.29,6.79
3,20.00,127,136.26,691.10,12.51
3,20.00,128,210.09,723.18,24.56
3,20.00,129,814.76,675.99,7.84
3,20.00,130,154.15,599.62,21.21
3,20.00,131,742.12,406.25,5.28
3,20.00,132,534.23,188.26,7.17
3,20.00,133,123.23,322.22,10.57
3,20.00,134,477.90,154.72,7.45
3,20.00,135,780.45,631.47,20.18
3,20.00,136,346.54,796.78,9.10
3,20.00,137,705.78,631.97,18.57
3,20.00,138,192.71,617.98,15.32
3,20.00,139,790.31,156.88,11.36
3,20.00,140,569.12,709.16,6.69
3,20.00,141,584.52,736.83,23.60
3,20.00,142,376.15,858.55,6.65
3,20.00,143,738.84,72.52,17.48
3,20.00,144,746.18,381.24,19.34
3,20.00,145,402.90,204.48,13.33
3,20.00,146,347.20,845.92,8.22
3,20.00,147,367.70,253.86,23.88
3,20.00,148,122.60,588.97,7.18
3,20.00,149,757.32,842.39,21.71
3,30.00,0,847.78,741.05,8.62
3,30.00,1,556.76,386.50,0.00
3,30.00,2,491.74,613.95,13.31
3,30.00,3,296.24,728.44,5.35
3,30.00,4,520.04,222.30,19.14
3,30.00,5,948.16,758.80,9.52
3,30.00,6,428.08,476.55,10.59
3,30.00,7,515.12,255.44,12.11
3,30.00,8,672.62,572.65,16.43
3,30.00,9,594.36,310.30,0.00
3,30.00,10,619.46,521.67,23.58
3,30.00,11,475.12,170.69,12.85
3,30.00,12,393.40,406.45,20.96
3,30.00,13,690.52,441.62,7.56
3,30.00,14,921.39,708.08,0.00
3,30.00,15,231.14,792.73,0.00
3,30.00,16,69.47,479.31,6.59
3,30.00,17,367.06,605.92,9.46
3,30.00,18,552.69,360.01,19.02
3,30.00,19,656.52,660.80,10.33
3,30.00,20,553.28,819.78,12.54
3,30.00,21,973.91,975.72,0.00
3,30.00,22,711.45,207.18,22.03
3,30.00,23,821.25,644.88,22.22
3,30.00,24,163.78,570.87,7.98
3,30.00,25,334.96,399.08,12.27
3,30.00,26,673.06,231.97,22.55
3,30.00,27,802.50,604.56,23.99
3,30.00,28,342.83,120.53,0.00
3,30.00,29,640.82,567.50,15.29
3,30.00,30,758.70,371.32,22.69
3,30.00,31,462.29,297.89,12.73
3,30.00,32,804.08,274.21,6.12
3,30.00,33,190.65,143.69,0.00
3,30.00,34,272.74,854.06,5.62
3,30.00,35,750.18,721.64,11.70
3,30.00,36,426.59,790.01,9.14
3,30.00,37,344.43,391.42,23.54
3,30.00,38,691.31,494.02,8.97
3,30.00,39,307.41,832.75,0.00
3,30.00,40,744.87,848.26,9.96
3,30.00,41,570.89,584.44,17.68
3,30.00,42,542.66,449.95,16.36
3,30.00,43,1.72,365.77,0.00
3,30.00,44,191.77,523.51,6.60
3,30.00,45,375.11,342.62,0.00
3,30.00,46,711.45,873.51,24.50
3,30.00,47,166.35,397.02,17.46
3,30.00,48,879.56,382.52,5.78
3,30.00,49,377.49,589.91,13.64
3,30.00,50,824.35,866.74,18.08
3,30.00,51,429.32,459.03,11.53
3,30.00,52,674.51,819.00,6.48
3,30.00,53,401.75,203.02,6.87
3,30.00,54,433.69,720.68,0.00
3,30.00,55,272.33,509.81,0.00
3,30.00,56,465.15,525.06,23.85
3,30.00,57,677.79,531.96,10.10
3,30.00,58,430.16,563.70,21.00
3,30.00,59,525.02,798.23,24.23
3,30.00,60,512.63,484.56,5.77
3,30.00,61,565.25,385.96,15.25
3,30.00,62,613.60,843.08,12.56
3,30.00,63,659.29,567.17,19.43
3,30.00,64,586.62,688.80,12.02
3,30.00,65,694.79,402.07,15.35
3,30.00,66,271.94,119.97,20.03
3,30.00,67,431.90,495.85,9.63
3,30.00,68,474.68,314.61,13.01
3,30.00,69,703.28,337.12,7.95
3,30.00,70,720.11,251.79,14.05
3,30.00,71,578.62,556.36,18.70
3,30.00,72,779.66,578.42,17.21
3,30.00,73,743.59,460.13,13.45
3,30.00,74,244.39,476.66,12.43
3,30.00,75,987.58,733.40,0.00
3,30.00,76,173.01,478.22,14.38
3,30.00,77,281.85,518.51,22.73
3,30.00,78,378.07,153.58,23.12
3,30.00,79,419.81,297.56,16.95
3,30.00,80,432.21,648.17,22.70
3,30.00,81,625.36,571.53,24.25
3,30.00,82,639.77,182.10,9.99
3,30.00,83,281.18,723.34,0.00
3,30.00,84,610.00,701.24,15.42
3,30.00,85,751.44,518.73,11.98
3,30.00,86,481.06,242.27,0.00
3,30.00,87,566.69,317.52,17.72
3,30.00,88,615.33,945.67,13.45
3,30.00,89,485.32,301.42,8.91
3,30.00,90,805.44,651.17,0.00
3,30.00,91,288.06,604.47,19.14
3,30.00,92,495.96,441.56,21.68
3,30.00,93,646.50,437.85,10.34
3,30.00,94,256.59,609.18,7.06
3,30.00,95,564.13,277.17,17.27
3,30.00,96,598.46,466.13,22.34
3,30.00,97,567.18,672.06,0.00
3,30.00,98,117.29,586.98,0.00
3,30.00,99,424.84,951.37,20.31
3,30.00,100,700.18,323.03,14.60
3,30.00,101,629.45,781.79,5.77
3,30.00,102,678.06,67.93,6.15
3,30.00,103,848.30,525.15,7.80
3,30.00,104,763.47,821.29,8.45
3,30.00,105,610.86,443.96,24.34
3,30.00,106,314.05,611.34,0.00
3,30.00,107,832.71,211.38,7.92
3,30.00,108,377.07,629.01,17.42
3,30.00,109,116.16,190.06,8.83
3,30.00,110,513.62,427.35,18.76
3,30.00,111,218.15,4.05,0.00
3,30.00,112,691.26,802.01,8.97
3,30.00,113,482.17,116.39,23.22
3,30.00,114,834.47,70.81,0.00
3,30.00,115,853.51,161.93,0.00
3,30.00,116,727.99,826.59,11.94
3,30.00,117,169.82,420.40,22.01
3,30.00,118,323.24,406.07,20.59
3,30.00,119,679.38,726.05,0.00
3,30.00,120,715.87,196.72,8.47
3,30.00,121,365.28,576.38,24.38
3,30.00,122,519.50,547.01,5.97
3,30.00,123,328.26,392.81,23.55
3,30.00,124,333.78,211.30,16.88
3,30.00,125,699.38,646.76,8.81
3,30.00,126,142.54,208.04,6.79
3,30.00,127,98.83,571.73,12.51
3,30.00,128,345.54,518.32,24.56
3,30.00,129,736.33,675.21,7.84
3,30.00,130,256.64,785.32,21.21
3,30.00,131,693.06,425.74,5.28
3,30.00,132,543.53,259.32,7.17
3,30.00,133,189.16,404.86,10.57
3,30.00,134,403.70,161.00,7.45
3,30.00,135,727.42,576.88,0.00
3,30.00,136,418.29,740.85,9.10
3,30.00,137,593.89,483.76,18.57
3,30.00,138,92.03,512.53,0.00
3,30.00,139,695.28,219.05,11.36
3,30.00,140,626.09,744.19,6.69
3,30.00,141,628.25,952.10,0.00
3,30.00,142,387.54,793.01,6.65
3,30.00,143,895.24,126.03,0.00
3,30.00,144,698.95,568.81,19.34
3,30.00,145,478.79,314.02,13.33
3,30.00,146,384.13,772.49,8.22
3,30.00,147,357.94,171.77,0.00
3,30.00,148,95.33,655.44,7.18
3,30.00,149,604.69,779.15,0.00
3,40.00,0,876.35,659.67,8.62
3,40.00,1,554.95,380.85,16.55
3,40.00,2,514.41,482.82,13.31
3,40.00,3,346.75,710.91,5.35
3,40.00,4,592.47,129.68,0.00
3,40.00,5,968.17,665.73,9.52
3,40.00,6,498.09,555.99,10.59
3,40.00,7,406.09,202.85,12.11
3,40.00,8,739.59,602.32,0.00
3,40.00,9,613.81,325.83,24.12
3,40.00,10,550.84,747.30,23.58
3,40.00,11,363.10,233.64,12.85
3,40.00,12,340.91,203.56,20.96
3,40.00,13,723.92,373.86,7.56
3,40.00,14,919.12,706.39,23.07
3,40.00,15,296.19,793.09,21.23
3,40.00,16,92.55,541.06,6.59
3,40.00,17,287.68,657.32,9.46
3,40.00,18,627.80,333.05,0.00
3,40.00,19,671.19,616.29,0.00
3,40.00,20,433.48,856.71,12.54
3,40.00,21,961.50,952.86,15.52
3,40.00,22,707.94,92.63,0.00
3,40.00,23,831.14,866.89,22.22
3,40.00,24,235.47,605.85,7.98
3,40.00,25,432.89,473.08,12.27
3,40.00,26,664.79,8.42,0.00
3,40.00,27,924.68,811.00,23.99
3,40.00,28,361.83,151.50,5.22
3,40.00,29,661.01,562.88,0.00
3,40.00,30,888.73,297.90,0.00
3,40.00,31,396.78,407.08,12.73
3,40.00,32,827.20,217.52,6.12
3,40.00,33,216.10,268.62,17.81
3,40.00,34,312.12,884.60,0.00
3,40.00,35,684.52,624.76,11.70
3,40.00,36,443.20,700.10,9.14
3,40.00,37,251.29,505.37,0.00
3,40.00,38,632.45,561.75,8.97
3,40.00,39,336.09,744.57,17.38
3,40.00,40,659.83,796.32,9.96
3,40.00,41,438.69,467.07,17.68
3,40.00,42,405.21,538.77,16.36
3,40.00,43,13.30,373.06,10.03
3,40.00,44,246.08,486.02,6.60
3,40.00,45,409.87,323.71,16.27
3,40.00,46,688.50,990.37,0.00
3,40.00,47,167.49,402.91,0.00
3,40.00,48,823.99,398.54,5.78
3,40.00,49,496.77,656.13,13.64
3,40.00,50,858.54,955.49,0.00
3,40.00,51,451.53,431.26,0.00
3,40.00,52,695.77,757.82,6.48
3,40.00,53,455.75,160.54,6.87
3,40.00,54,421.37,626.76,19.57
3,40.00,55,263.41,521.41,11.92
3,40.00,56,391.98,496.75,0.00
3,40.00,57,577.91,517.04,10.10
3,40.00,58,574.98,411.67,21.00
3,40.00,59,760.21,739.99,24.23
3,40.00,60,459.68,507.49,5.77
3,40.00,61,520.41,354.79,0.00
3,40.00,62,531.71,747.80,12.56
3,40.00,63,624.36,423.16,0.00
3,40.00,64,585.59,568.61,12.02
3,40.00,65,636.49,542.76,0.00
3,40.00,66,79.69,63.76,20.03
3,40.00,67,411.33,401.74,9.63
3,40.00,68,576.65,395.36,13.01
3,40.00,69,626.78,315.63,7.95
3,40.00,70,858.23,226.15,14.05
3,40.00,71,592.91,369.93,18.70
3,40.00,72,829.25,413.65,17.21
3,40.00,73,762.64,327.00,13.45
3,40.00,74,200.99,514.50,0.00
3,40.00,75,808.33,773.18,23.65
3,40.00,76,256.93,595.05,14.38
3,40.00,77,357.42,304.19,22.73
3,40.00,78,258.83,88.97,0.00
3,40.00,79,256.30,342.37,16.95
3,40.00,80,641.99,734.81,22.70
3,40.00,81,832.32,697.97,24.25
3,40.00,82,552.76,231.12,9.99
3,40.00,83,291.68,724.07,7.76
3,40.00,84,546.61,560.65,15.42
3,40.00,85,647.33,578.00,11.98
3,40.00,86,617.58,303.96,24.43
3,40.00,87,657.02,470.02,17.72
3,40.00,88,480.90,951.44,13.45
3,40.00,89,438.42,377.23,8.91
3,40.00,90,762.46,569.62,12.01
3,40.00,91,260.30,491.32,0.00
3,40.00,92,673.87,317.67,21.68
3,40.00,93,587.17,358.49,0.00
3,40.00,94,258.66,538.58,7.06
3,40.00,95,546.24,257.41,0.00
3,40.00,96,603.33,689.43,22.34
3,40.00,97,538.59,686.97,7.49
3,40.00,98,147.23,587.69,23.89
3,40.00,99,270.84,973.92,0.00
3,40.00,100,556.78,295.87,14.60
3,40.00,101,616.43,725.56,5.77
3,40.00,102,736.92,49.97,6.15
3,40.00,103,787.50,573.94,7.80
3,40.00,104,713.36,753.27,8.45
3,40.00,105,599.87,379.46,0.00
3,40.00,106,314.65,605.38,23.65
3,40.00,107,826.10,209.84,0.00
3,40.00,108,535.82,557.17,17.42
3,40.00,109,149.30,271.93,8.83
3,40.00,110,609.23,588.77,18.76
3,40.00,111,252.03,51.79,6.17
3,40.00,112,717.23,774.65,0.00
3,40.00,113,695.97,25.89,23.22
3,40.00,114,830.80,110.94,11.18
3,40.00,115,840.47,179.34,12.01
3,40.00,116,636.44,749.89,11.94
3,40.00,117,118.58,563.74,0.00
3,40.00,118,370.58,304.85,0.00
3,40.00,119,540.05,601.19,24.24
3,40.00,120,680.46,273.67,8.47
3,40.00,121,137.17,575.58,0.00
3,40.00,122,528.87,605.92,5.97
3,40.00,123,475.24,208.76,23.55
3,40.00,124,448.75,87.71,16.88
3,40.00,125,708.66,666.32,0.00
3,40.00,126,165.97,271.78,6.79
3,40.00,127,61.40,452.36,12.51
3,40.00,128,480.99,313.46,24.56
3,40.00,129,657.90,674.43,7.84
3,40.00,130,290.84,847.28,0.00
3,40.00,131,643.99,445.23,5.28
3,40.00,132,552.83,330.37,7.17
3,40.00,133,255.08,487.50,10.57
3,40.00,134,329.49,167.28,7.45
3,40.00,135,686.60,500.99,0.00
3,40.00,136,490.03,684.91,9.10
3,40.00,137,482.00,335.55,18.57
3,40.00,138,102.06,509.58,21.70
3,40.00,139,600.25,281.22,11.36
3,40.00,140,683.06,779.21,6.69
3,40.00,141,626.07,940.92,16.44
3,40.00,142,398.94,727.46,6.65
3,40.00,143,886.24,123.03,17.48
3,40.00,144,651.72,756.38,19.34
3,40.00,145,554.67,423.55,13.33
3,40.00,146,421.07,699.06,8.22
3,40.00,147,434.66,281.56,20.49
3,40.00,148,68.06,721.90,7.18
3,40.00,149,557.42,783.63,19.87
3,50.00,0,904.93,578.30,8.62
3,50.00,1,504.54,223.25,16.55
3,50.00,2,537.08,351.69,13.31
3,50.00,3,397.27,693.38,5.35
3,50.00,4,523.26,151.74,18.84
3,50.00,5,978.12,619.47,0.00
3,50.00,6,568.09,635.43,10.59
3,50.00,7,297.05,150.27,12.11
3,50.00,8,717.82,691.14,0.00
3,50.00,9,721.71,412.01,0.00
3,50.00,10,509.98,881.61,0.00
3,50.00,11,352.94,239.35,0.00
3,50.00,12,305.36,66.12,0.00
3,50.00,13,736.85,347.63,0.00
3,50.00,14,734.00,568.78,23.07
3,50.00,15,508.46,794.25,21.23
3,50.00,16,115.62,602.81,6.59
3,50.00,17,208.29,708.72,9.46
3,50.00,18,490.66,374.52,24.68
3,50.00,19,594.64,663.55,16.47
3,50.00,20,382.70,872.36,0.00
3,50.00,21,887.47,816.51,15.52
3,50.00,22,690.94,129.58,8.48
3,50.00,23,834.58,944.30,0.00
3,50.00,24,307.17,640.83,7.98
3,50.00,25,497.59,521.98,0.00
3,50.00,26,664.14,8.72,8.89
3,50.00,27,943.97,843.61,0.00
3,50.00,28,389.12,195.98,5.22
3,50.00,29,572.06,440.12,17.54
3,50.00,30,814.77,339.61,24.83
3,50.00,31,384.27,427.94,0.00
3,50.00,32,842.16,180.83,0.00
3,50.00,33,251.65,443.17,17.81
3,50.00,34,312.39,871.02,11.90
3,50.00,35,618.87,527.88,11.70
3,50.00,36,459.81,610.19,9.14
3,50.00,37,263.62,535.37,8.66
3,50.00,38,573.59,629.48,8.97
3,50.00,39,389.83,579.32,17.38
3,50.00,40,574.79,744.38,9.96
3,50.00,41,306.50,349.70,17.68
3,50.00,42,314.47,597.40,0.00
3,50.00,43,98.17,426.46,10.03
3,50.00,44,300.40,448.52,6.60
3,50.00,45,552.76,245.98,16.27
3,50.00,46,708.12,937.25,11.02
3,50.00,47,259.82,467.50,11.67
3,50.00,48,768.43,414.56,5.78
3,50.00,49,616.05,722.36,13.64
3,50.00,50,852.57,894.59,12.91
3,50.00,51,496.32,304.57,19.43
3,50.00,52,717.02,696.64,6.48
3,50.00,53,509.75,118.06,6.87
3,50.00,54,395.90,432.76,19.57
3,50.00,55,203.01,599.96,0.00
3,50.00,56,453.92,538.73,11.15
3,50.00,57,478.02,502.12,10.10
3,50.00,58,719.80,259.63,21.00
3,50.00,59,793.24,731.80,0.00
3,50.00,60,406.73,530.41,5.77
3,50.00,61,503.08,413.47,9.53
3,50.00,62,449.81,652.52,12.56
3,50.00,63,613.40,414.72,5.82
3,50.00,64,584.80,475.94,0.00
3,50.00,65,636.09,541.15,20.80
3,50.00,66,25.55,47.92,0.00
3,50.00,67,390.76,307.62,9.63
3,50.00,68,597.18,411.62,0.00
3,50.00,69,550.28,294.14,7.95
3,50.00,70,867.32,224.46,0.00
3,50.00,71,598.21,300.71,0.00
3,50.00,72,878.83,248.89,17.21
3,50.00,73,781.70,193.88,13.45
3,50.00,74,224.07,473.81,0.00
3,50.00,75,577.40,824.41,23.65
3,50.00,76,340.84,711.88,14.38
3,50.00,77,432.99,89.87,22.73
3,50.00,78,290.93,151.87,17.08
3,50.00,79,92.78,387.18,16.95
3,50.00,80,851.78,821.45,22.70
3,50.00,81,999.19,799.91,0.00
3,50.00,82,465.75,280.14,9.99
3,50.00,83,369.11,729.44,7.76
3,50.00,84,483.22,420.06,15.42
3,50.00,85,543.22,637.27,11.98
3,50.00,86,840.23,404.55,24.43
3,50.00,87,747.35,622.52,17.72
3,50.00,88,346.48,957.21,13.45
3,50.00,89,391.53,453.04,8.91
3,50.00,90,706.44,463.35,12.01
3,50.00,91,286.44,508.92,8.05
3,50.00,92,838.59,202.97,0.00
3,50.00,93,582.45,363.38,16.19
3,50.00,94,260.73,467.98,7.06
3,50.00,95,427.29,395.68,21.57
3,50.00,96,608.21,912.73,22.34
3,50.00,97,472.22,721.58,7.49
3,50.00,98,386.10,593.32,23.89
3,50.00,99,295.22,968.85,10.65
3,50.00,100,483.65,282.02,0.00
3,50.00,101,603.40,669.34,5.77
3,50.00,102,795.79,32.01,6.15
3,50.00,103,726.71,622.73,7.80
3,50.00,104,663.24,685.26,8.45
3,50.00,105,560.09,348.05,6.93
3,50.00,106,338.42,370.11,23.65
3,50.00,107,716.97,306.43,15.94
3,50.00,108,540.29,555.15,0.00
3,50.00,109,182.44,353.81,8.83
3,50.00,110,673.70,697.61,0.00
3,50.00,111,287.72,102.09,6.17
3,50.00,112,662.49,729.77,0.00
3,50.00,113,737.77,8.19,0.00
3,50.00,114,820.63,222.28,11.18
3,50.00,115,768.46,275.48,12.01
3,50.00,116,544.89,673.18,11.94
3,50.00,117,154.14,547.96,12.62
3,50.00,118,355.91,328.90,6.16
3,50.00,119,359.54,439.41,24.24
3,50.00,120,645.06,350.62,8.47
3,50.00,121,146.53,572.19,15.49
3,50.00,122,538.24,664.84,5.97
3,50.00,123,606.71,44.14,0.00
3,50.00,124,512.50,19.17,0.00
3,50.00,125,665.87,645.28,6.32
3,50.00,126,189.40,335.53,6.79
3,50.00,127,52.89,425.22,0.00
3,50.00,128,616.44,108.59,24.56
3,50.00,129,579.48,673.64,7.84
3,50.00,130,330.18,856.31,6.06
3,50.00,131,594.93,464.71,5.28
3,50.00,132,562.12,401.43,7.17
3,50.00,133,321.01,570.14,10.57
3,50.00,134,255.29,173.56,7.45
3,50.00,135,672.61,478.46,9.61
3,50.00,136,561.78,628.98,9.10
3,50.00,137,421.82,255.82,0.00
3,50.00,138,266.06,461.25,0.00
3,50.00,139,505.22,343.39,11.36
3,50.00,140,740.03,814.24,6.69
3,50.00,141,594.55,779.60,16.44
3,50.00,142,410.33,661.92,6.65
3,50.00,143,720.39,67.81,17.48
3,50.00,144,604.49,943.96,19.34
3,50.00,145,618.60,515.82,0.00
3,50.00,146,458.00,625.62,8.22
3,50.00,147,552.01,449.51,20.49
3,50.00,148,40.79,788.36,7.18
3,50.00,149,359.64,802.39,19.87
3,60.00,0,929.50,508.32,0.00
3,60.00,1,473.89,127.41,0.00
3,60.00,2,559.75,220.56,13.31
3,60.00,3,447.79,675.85,5.35
3,60.00,4,343.77,208.95,18.84
3,60.00,5,880.05,650.10,20.43
3,60.00,6,638.09,714.87,10.59
3,60.00,7,188.02,97.69,12.11
3,60.00,8,712.68,683.53,18.63
3,60.00,9,726.68,439.17,6.46
3,60.00,10,500.28,829.76,13.03
3,60.00,11,513.11,221.16,17.73
3,60.00,12,348.87,85.50,14.77
3,60.00,13,607.35,353.12,21.15
3,60.00,14,548.88,431.18,23.07
3,60.00,15,571.97,794.60,0.00
3,60.00,16,123.09,622.80,0.00
3,60.00,17,128.90,760.12,9.46
3,60.00,18,476.96,378.66,0.00
3,60.00,19,454.52,750.05,16.47
3,60.00,20,484.72,962.83,23.67
3,60.00,21,813.44,680.15,15.52
3,60.00,22,655.49,206.58,8.48
3,60.00,23,811.85,812.68,20.51
3,60.00,24,378.86,675.81,7.98
3,60.00,25,467.98,495.38,11.74
3,60.00,26,583.67,46.43,8.89
3,60.00,27,837.13,833.40,12.75
3,60.00,28,416.41,240.46,5.22
3,60.00,29,469.18,298.12,17.54
3,60.00,30,598.49,461.61,24.83
3,60.00,31,536.71,314.24,23.51
3,60.00,32,824.26,195.82,6.62
3,60.00,33,287.20,617.71,17.81
3,60.00,34,314.39,769.91,0.00
3,60.00,35,553.21,431.01,11.70
3,60.00,36,476.42,520.28,9.14
3,60.00,37,296.54,615.45,8.66
3,60.00,38,514.73,697.21,8.97
3,60.00,39,443.58,414.06,17.38
3,60.00,40,527.67,715.61,0.00
3,60.00,41,240.11,290.76,0.00
3,60.00,42,339.04,631.15,12.28
3,60.00,43,183.04,479.86,10.03
3,60.00,44,354.71,411.03,6.60
3,60.00,45,695.64,168.24,16.27
3,60.00,46,746.31,833.88,11.02
3,60.00,47,355.43,534.38,11.67
3,60.00,48,712.86,430.58,5.78
3,60.00,49,647.48,739.80,0.00
3,60.00,50,839.98,766.10,12.91
3,60.00,51,561.09,121.38,19.43
3,60.00,52,738.28,635.45,6.48
3,60.00,53,563.75,75.58,6.87
3,60.00,54,371.51,246.93,0.00
3,60.00,55,235.16,604.40,19.24
3,60.00,56,546.20,601.29,11.15
3,60.00,57,378.14,487.21,10.10
3,60.00,58,839.62,133.83,0.00
3,60.00,59,679.98,728.04,13.18
3,60.00,60,353.77,553.33,5.77
3,60.00,61,476.06,504.88,9.53
3,60.00,62,367.92,557.23,12.56
3,60.00,63,567.26,379.17,5.82
3,60.00,64,541.58,493.80,20.43
3,60.00,65,586.36,339.17,20.80
3,60.00,66,60.44,63.09,5.30
3,60.00,67,370.19,213.50,9.63
3,60.00,68,441.66,369.34,20.18
3,60.00,69,473.79,272.64,7.95
3,60.00,70,735.97,204.55,14.22
3,60.00,71,661.05,251.19,12.72
3,60.00,72,912.40,137.36,0.00
3,60.00,73,800.76,60.76,13.45
3,60.00,74,265.83,477.28,13.73
3,60.00,75,400.65,863.63,0.00
3,60.00,76,424.76,828.72,14.38
3,60.00,77,441.80,64.90,0.00
3,60.00,78,368.57,304.02,17.08
3,60.00,79,20.65,406.94,0.00
3,60.00,80,902.30,842.31,0.00
3,60.00,81,986.71,798.35,6.49
3,60.00,82,378.74,329.16,9.99
3,60.00,83,446.53,734.80,7.76
3,60.00,84,419.83,279.46,15.42
3,60.00,85,439.10,696.53,11.98
3,60.00,86,987.82,471.23,0.00
3,60.00,87,837.68,775.01,17.72
3,60.00,88,235.20,961.98,0.00
3,60.00,89,344.64,528.85,8.91
3,60.00,90,666.88,388.28,0.00
3,60.00,91,353.22,553.88,8.05
3,60.00,92,844.43,214.36,17.26
3,60.00,93,469.99,479.79,16.19
3,60.00,94,262.80,397.37,7.06
3,60.00,95,286.62,559.21,21.57
3,60.00,96,608.97,947.60,0.00
3,60.00,97,405.84,756.19,7.49
3,60.00,98,624.96,598.95,23.89
3,60.00,99,399.53,947.16,10.65
3,60.00,100,428.71,253.48,12.63
3,60.00,101,590.38,613.11,5.77
3,60.00,102,854.66,14.06,6.15
3,60.00,103,665.91,671.52,7.80
3,60.00,104,613.12,617.24,8.45
3,60.00,105,505.69,305.09,6.93
3,60.00,106,362.18,134.85,23.65
3,60.00,107,597.60,412.06,15.94
3,60.00,108,593.66,409.60,0.00
3,60.00,109,215.57,435.68,8.83
3,60.00,110,740.22,724.69,22.05
3,60.00,111,323.41,152.39,6.17
3,60.00,112,663.82,731.55,10.07
3,60.00,113,662.89,129.26,17.70
3,60.00,114,817.88,252.31,0.00
3,60.00,115,696.46,371.62,12.01
3,60.00,116,453.34,596.48,11.94
3,60.00,117,269.50,496.75,12.62
3,60.00,118,323.85,381.47,6.16
3,60.00,119,179.03,277.64,24.24
3,60.00,120,609.66,427.57,8.47
3,60.00,121,292.21,519.44,15.49
3,60.00,122,539.35,671.81,0.00
3,60.00,123,606.57,70.25,24.74
3,60.00,124,613.00,35.16,22.84
3,60.00,125,609.13,617.39,6.32
3,60.00,126,212.83,399.27,6.79
3,60.00,127,168.43,363.50,16.95
3,60.00,128,653.27,52.88,0.00
3,60.00,129,501.05,672.86,7.84
3,60.00,130,389.23,869.86,6.06
3,60.00,131,545.87,484.20,5.28
3,60.00,132,571.42,472.48,7.17
3,60.00,133,386.93,652.78,10.57
3,60.00,134,209.44,177.44,0.00
3,60.00,135,621.90,396.81,9.61
3,60.00,136,633.53,573.04,9.10
3,60.00,137,473.09,306.67,15.63
3,60.00,138,305.71,478.67,20.41
3,60.00,139,410.19,405.56,11.36
3,60.00,140,797.00,849.26,6.69
3,60.00,141,563.02,618.28,16.44
3,60.00,142,421.72,596.37,6.65
3,60.00,143,586.28,23.16,0.00
3,60.00,144,590.62,999.03,0.00
3,60.00,145,650.81,517.90,20.48
3,60.00,146,494.93,552.19,8.22
3,60.00,147,669.36,617.46,20.49
3,60.00,148,34.11,804.64,0.00
3,60.00,149,307.29,807.35,0.00
3,70.00,0,922.24,498.44,8.75
3,70.00,1,492.00,146.30,6.68
3,70.00,2,582.42,89.43,13.31
3,70.00,3,498.31,658.32,5.35
3,70.00,4,164.29,266.16,18.84
3,70.00,5,685.05,711.01,20.43
3,70.00,6,675.07,756.84,0.00
3,70.00,7,78.98,45.11,12.11
3,70.00,8,608.42,529.17,18.63
3,70.00,9,738.31,502.72,6.46
3,70.00,10,476.30,701.65,13.03
3,70.00,11,582.34,213.30,0.00
3,70.00,12,483.76,145.56,14.77
3,70.00,13,396.08,362.08,21.15
3,70.00,14,363.76,293.57,23.07
3,70.00,15,424.02,844.58,22.28
3,70.00,16,198.84,676.73,13.75
3,70.00,17,103.63,776.49,0.00
3,70.00,18,312.49,487.55,20.94
3,70.00,19,338.74,821.52,0.00
3,70.00,20,514.04,988.83,0.00
3,70.00,21,739.41,543.79,15.52
3,70.00,22,620.04,283.59,8.48
3,70.00,23,778.09,617.20,0.00
3,70.00,24,450.55,710.80,7.98
3,70.00,25,380.67,416.93,11.74
3,70.00,26,521.84,75.40,0.00
3,70.00,27,710.24,821.28,12.75
3,70.00,28,443.69,284.94,5.22
3,70.00,29,453.47,276.45,0.00
3,70.00,30,382.21,583.61,24.83
3,70.00,31,725.13,173.71,23.51
3,70.00,32,773.54,238.29,6.62
3,70.00,33,322.75,792.25,17.81
3,70.00,34,315.47,751.25,12.45
3,70.00,35,487.55,334.13,11.70
3,70.00,36,493.03,430.36,9.14
3,70.00,37,329.47,695.52,8.66
3,70.00,38,455.87,764.93,8.97
3,70.00,39,497.33,248.80,17.38
3,70.00,40,486.17,752.89,12.51
3,70.00,41,197.76,393.16,22.26
3,70.00,42,405.78,722.84,0.00
3,70.00,43,267.91,533.27,10.03
3,70.00,44,409.03,373.54,6.60
3,70.00,45,838.52,90.50,16.27
3,70.00,46,784.50,730.52,11.02
3,70.00,47,451.05,601.26,11.67
3,70.00,48,657.30,446.60,5.78
3,70.00,49,696.09,633.36,15.89
3,70.00,50,827.39,637.62,12.91
3,70.00,51,599.63,12.38,0.00
3,70.00,52,759.53,574.27,6.48
3,70.00,53,617.75,33.10,6.87
3,70.00,54,369.42,248.01,5.60
3,70.00,55,425.76,630.77,19.24
3,70.00,56,638.49,663.84,11.15
3,70.00,57,278.25,472.29,10.10
3,70.00,58,811.25,128.07,16.77
3,70.00,59,548.21,723.66,13.18
3,70.00,60,300.82,576.26,5.77
3,70.00,61,449.05,596.28,9.53
3,70.00,62,286.03,461.95,12.56
3,70.00,63,521.12,343.62,5.82
3,70.00,64,352.80,571.82,20.43
3,70.00,65,563.02,244.40,0.00
3,70.00,66,109.01,84.19,5.30
3,70.00,67,351.75,129.15,0.00
3,70.00,68,246.95,316.39,20.18
3,70.00,69,397.29,251.15,7.95
3,70.00,70,595.37,183.23,14.22
3,70.00,71,694.25,225.02,0.00
3,70.00,72,893.37,153.69,7.76
3,70.00,73,804.81,32.47,0.00
3,70.00,74,402.71,488.66,13.73
3,70.00,75,425.85,811.46,24.70
3,70.00,76,480.18,905.87,0.00
3,70.00,77,493.67,190.02,15.33
3,70.00,78,446.21,456.17,17.08
3,70.00,79,123.08,463.79,20.96
3,70.00,80,904.88,790.19,6.87
3,70.00,81,922.27,790.28,6.49
3,70.00,82,291.73,378.19,9.99
3,70.00,83,523.96,740.17,7.76
3,70.00,84,360.17,147.14,0.00
3,70.00,85,334.99,755.80,11.98
3,70.00,86,948.14,521.14,18.91
3,70.00,87,902.63,884.65,0.00
3,70.00,88,232.65,938.49,13.72
3,70.00,89,297.74,604.66,8.91
3,70.00,90,614.41,407.74,19.06
3,70.00,91,420.00,598.85,8.05
3,70.00,92,923.13,367.96,17.26
3,70.00,93,357.52,596.21,16.19
3,70.00,94,264.86,326.77,7.06
3,70.00,95,145.95,722.73,21.57
3,70.00,96,598.18,839.84,12.83
3,70.00,97,339.47,790.80,7.49
3,70.00,98,863.83,604.58,23.89
3,70.00,99,503.84,925.47,10.65
3,70.00,100,316.59,195.26,12.63
3,70.00,101,577.35,556.89,5.77
3,70.00,102,879.38,6.51,0.00
3,70.00,103,605.12,720.30,7.80
3,70.00,104,563.01,549.22,8.45
3,70.00,105,451.29,262.13,6.93
3,70.00,106,364.94,107.55,0.00
3,70.00,107,504.69,494.28,0.00
3,70.00,108,588.15,417.59,7.91
3,70.00,109,248.71,517.55,8.83
3,70.00,110,944.45,807.83,22.05
3,70.00,111,359.10,202.69,6.17
3,70.00,112,724.23,812.18,10.07
3,70.00,113,569.80,279.77,17.70
3,70.00,114,850.60,111.38,19.81
3,70.00,115,624.45,467.76,12.01
3,70.00,116,361.79,519.77,11.94
3,70.00,117,384.87,445.53,12.62
3,70.00,118,291.78,434.04,6.16
3,70.00,119,25.54,140.08,0.00
3,70.00,120,574.25,504.53,8.47
3,70.00,121,437.89,466.69,15.49
3,70.00,122,444.65,780.98,16.39
3,70.00,123,605.29,317.61,24.74
3,70.00,124,758.99,58.41,0.00
3,70.00,125,552.39,589.50,6.32
3,70.00,126,236.27,463.01,6.79
3,70.00,127,256.55,316.43,0.00
3,70.00,128,678.47,117.30,9.50
3,70.00,129,454.25,672.39,0.00
3,70.00,130,448.27,883.41,6.06
3,70.00,131,496.81,503.69,5.28
3,70.00,132,580.72,543.54,7.17
3,70.00,133,452.85,735.42,10.57
3,70.00,134,252.11,211.40,14.27
3,70.00,135,571.19,315.17,9.61
3,70.00,136,705.27,517.11,9.10
3,70.00,137,584.05,416.74,15.63
3,70.00,138,492.57,560.75,20.41
3,70.00,139,315.16,467.73,11.36
3,70.00,140,838.46,874.75,0.00
3,70.00,141,531.50,456.96,16.44
3,70.00,142,433.12,530.83,6.65
3,70.00,143,579.40,37.53,8.32
3,70.00,144,570.49,925.63,10.77
3,70.00,145,855.20,531.09,20.48
3,70.00,146,531.86,478.76,8.22
3,70.00,147,682.53,636.31,0.00
3,70.00,148,115.29,730.71,14.54
3,70.00,149,278.76,713.61,13.33
3,80.00,0,870.38,427.90,8.75
3,80.00,1,538.21,194.52,6.68
3,80.00,2,596.98,5.22,0.00
3,80.00,3,548.83,640.79,5.35
3,80.00,4,76.78,294.05,0.00
3,80.00,5,490.05,771.92,20.43
3,80.00,6,748.80,737.98,16.13
3,80.00,7,47.09,29.73,0.00
3,80.00,8,564.34,463.92,0.00
3,80.00,9,749.94,566.27,6.46
3,80.00,10,452.32,573.53,13.03
3,80.00,11,629.44,262.24,11.19
3,80.00,12,618.65,205.63,14.77
3,80.00,13,184.81,371.04,21.15
3,80.00,14,207.43,177.36,0.00
3,80.00,15,212.91,915.90,22.28
3,80.00,16,310.86,756.48,13.75
3,80.00,17,123.60,736.34,6.58
3,80.00,18,137.88,603.14,20.94
3,80.00,19,314.45,812.04,15.01
3,80.00,20,393.48,951.82,15.11
3,80.00,21,665.38,407.44,15.52
3,80.00,22,584.60,360.60,8.48
3,80.00,23,773.04,614.47,17.55
3,80.00,24,522.25,745.78,7.98
3,80.00,25,293.36,338.48,11.74
3,80.00,26,539.99,109.46,16.65
3,80.00,27,583.36,809.15,12.75
3,80.00,28,470.98,329.42,5.22
3,80.00,29,379.29,400.19,17.03
3,80.00,30,330.47,612.80,0.00
3,80.00,31,905.96,38.83,0.00
3,80.00,32,722.81,280.77,6.62
3,80.00,33,341.47,884.15,0.00
3,80.00,34,322.62,626.94,12.45
3,80.00,35,449.34,277.73,0.00
3,80.00,36,509.64,340.45,9.14
3,80.00,37,362.39,775.60,8.66
3,80.00,38,397.02,832.66,8.97
3,80.00,39,528.23,153.80,0.00
3,80.00,40,393.10,836.47,12.51
3,80.00,41,112.70,598.87,22.26
3,80.00,42,405.84,709.24,17.73
3,80.00,43,352.77,586.67,10.03
3,80.00,44,463.35,336.04,6.60
3,80.00,45,981.41,12.77,16.27
3,80.00,46,822.69,627.15,11.02
3,80.00,47,546.67,668.15,11.67
3,80.00,48,601.73,462.62,5.78
3,80.00,49,762.10,488.84,15.89
3,80.00,50,814.80,509.13,12.91
3,80.00,51,605.41,69.05,14.06
3,80.00,52,780.79,513.09,6.48
3,80.00,53,645.40,11.35,0.00
3,80.00,54,319.62,273.66,5.60
3,80.00,55,616.36,657.14,19.24
3,80.00,56,730.78,726.40,11.15
3,80.00,57,178.37,457.37,10.10
3,80.00,58,646.88,94.65,16.77
3,80.00,59,416.45,719.29,13.18
3,80.00,60,247.87,599.18,5.77
3,80.00,61,422.04,687.69,9.53
3,80.00,62,204.13,366.67,12.56
3,80.00,63,520.69,343.29,0.00
3,80.00,64,164.03,649.84,20.43
3,80.00,65,542.45,362.05,22.50
3,80.00,66,157.57,105.30,5.30
3,80.00,67,359.93,150.00,21.60
3,80.00,68,52.23,263.44,20.18
3,80.00,69,331.77,232.74,0.00
3,80.00,70,471.57,164.46,0.00
3,80.00,71,647.56,236.48,7.20
3,80.00,72,834.48,204.24,7.76
3,80.00,73,678.55,75.69,16.95
3,80.00,74,539.58,500.04,13.73
3,80.00,75,533.27,589.09,24.70
3,80.00,76,488.15,842.11,18.92
3,80.00,77,552.38,331.63,15.33
3,80.00,78,523.84,608.32,17.08
3,80.00,79,306.35,565.50,20.96
3,80.00,80,908.27,721.55,6.87
3,80.00,81,857.83,782.21,6.49
3,80.00,82,204.72,427.21,9.99
3,80.00,83,601.39,745.54,7.76
3,80.00,84,361.83,150.22,5.94
3,80.00,85,230.88,815.06,11.98
3,80.00,86,830.47,669.16,18.91
3,80.00,87,896.64,866.91,6.66
3,80.00,88,217.80,802.06,13.72
3,80.00,89,250.85,680.46,8.91
3,80.00,90,435.75,474.01,19.06
3,80.00,91,486.78,643.82,8.05
3,80.00,92,983.70,486.17,0.00
3,80.00,93,245.06,712.63,16.19
3,80.00,94,266.93,256.17,7.06
3,80.00,95,82.40,796.60,0.00
3,80.00,96,585.38,712.14,12.83
3,80.00,97,296.79,813.05,0.00
3,80.00,98,994.59,607.67,0.00
3,80.00,99,608.15,903.79,10.65
3,80.00,100,204.47,137.03,12.63
3,80.00,101,564.33,500.66,5.77
3,80.00,102,876.11,149.94,24.73
3,80.00,103,544.32,769.09,7.80
3,80.00,104,512.89,481.21,8.45
3,80.00,105,396.89,219.17,6.93
3,80.00,106,264.48,163.36,13.00
3,80.00,107,470.14,498.48,15.71
3,80.00,108,543.23,482.64,7.91
3,80.00,109,259.11,543.25,0.00
3,80.00,110,989.85,826.31,0.00
3,80.00,111,394.80,252.99,6.17
3,80.00,112,784.63,892.80,10.07
3,80.00,113,476.71,430.27,17.70
3,80.00,114,873.13,14.35,0.00
3,80.00,115,552.45,563.89,12.01
3,80.00,116,270.24,443.06,11.94
3,80.00,117,500.24,394.32,12.62
3,80.00,118,259.72,486.62,6.16
3,80.00,119,41.84,141.36,10.92
3,80.00,120,538.85,581.48,8.47
3,80.00,121,583.57,413.94,15.49
3,80.00,122,409.21,821.83,0.00
3,80.00,123,604.00,564.97,24.74
3,80.00,124,745.12,97.31,11.70
3,80.00,125,495.65,561.61,6.32
3,80.00,126,236.31,463.13,0.00
3,80.00,127,254.63,362.82,11.31
3,80.00,128,713.08,205.79,9.50
3,80.00,129,485.23,638.65,11.35
3,80.00,130,507.32,896.96,6.06
3,80.00,131,447.74,523.18,5.28
3,80.00,132,590.02,614.59,7.17
3,80.00,133,518.78,818.07,10.57
3,80.00,134,363.75,300.24,14.27
3,80.00,135,520.49,233.52,9.61
3,80.00,136,777.02,461.17,9.10
3,80.00,137,695.02,526.80,15.63
3,80.00,138,588.19,602.75,0.00
3,80.00,139,268.29,498.40,0.00
3,80.00,140,820.28,872.26,6.74
3,80.00,141,499.97,295.64,16.44
3,80.00,142,444.51,465.28,6.65
3,80.00,143,543.46,112.56,8.32
3,80.00,144,542.00,821.72,10.77
3,80.00,145,984.22,539.42,0.00
3,80.00,146,568.79,405.32,8.22
3,80.00,147,556.88,609.19,14.48
3,80.00,148,222.81,632.79,14.54
3,80.00,149,239.95,586.11,13.33
3,90.00,0,839.18,385.46,0.00
3,90.00,1,584.43,242.73,6.68
3,90.00,2,618.10,84.36,22.89
3,90.00,3,599.35,623.26,5.35
3,90.00,4,180.90,315.33,20.74
3,90.00,5,295.05,832.83,20.43
3,90.00,6,865.90,708.02,0.00
3,90.00,7,92.75,56.32,7.47
3,90.00,8,535.87,481.44,0.00
3,90.00,9,761.57,629.82,6.46
3,90.00,10,428.34,445.41,13.03
3,90.00,11,707.03,342.86,11.19
3,90.00,12,753.54,265.70,14.77
3,90.00,13,97.08,374.76,0.00
3,90.00,14,225.25,211.07,24.52
3,90.00,15,82.41,959.99,0.00
3,90.00,16,422.88,836.24,13.75
3,90.00,17,152.89,677.45,6.58
3,90.00,18,59.37,655.12,0.00
3,90.00,19,174.66,757.42,15.01
3,90.00,20,249.00,907.47,15.11
3,90.00,21,591.35,271.08,15.52
3,90.00,22,549.15,437.60,8.48
3,90.00,23,618.71,530.82,17.55
3,90.00,24,593.94,780.76,7.98
3,90.00,25,283.69,329.78,0.00
3,90.00,26,618.32,256.40,16.65
3,90.00,27,456.47,797.03,12.75
3,90.00,28,498.27,373.89,5.22
3,90.00,29,291.75,546.23,17.03
3,90.00,30,269.29,624.99,0.00
3,90.00,31,904.54,42.46,9.68
3,90.00,32,672.08,323.24,6.62
3,90.00,33,336.44,789.07,20.11
3,90.00,34,329.77,502.62,12.45
3,90.00,35,537.38,290.17,21.28
3,90.00,36,526.25,250.54,9.14
3,90.00,37,395.31,855.67,8.66
3,90.00,38,338.16,900.39,8.97
3,90.00,39,621.57,196.17,24.11
3,90.00,40,301.22,918.98,0.00
3,90.00,41,61.39,722.97,0.00
3,90.00,42,406.53,531.95,17.73
3,90.00,43,437.64,640.07,10.03
3,90.00,44,517.66,298.55,6.60
3,90.00,45,990.17,8.00,0.00
3,90.00,46,860.87,523.78,11.02
3,90.00,47,642.28,735.03,11.67
3,90.00,48,546.17,478.64,5.78
3,90.00,49,828.11,344.32,15.89
3,90.00,50,802.21,380.65,12.91
3,90.00,51,619.68,208.97,14.06
3,90.00,52,802.04,451.91,6.48
3,90.00,53,645.99,48.66,7.64
3,90.00,54,269.82,299.30,5.60
3,90.00,55,806.96,683.51,19.24
3,90.00,56,756.06,743.54,0.00
3,90.00,57,78.49,442.45,10.10
3,90.00,58,552.77,75.52,0.00
3,90.00,59,408.88,719.04,0.00
3,90.00,60,194.91,622.11,5.77
3,90.00,61,395.03,779.10,9.53
3,90.00,62,156.18,310.88,0.00
3,90.00,63,607.57,185.44,18.19
3,90.00,64,40.78,700.78,0.00
3,90.00,65,503.69,583.70,22.50
3,90.00,66,206.14,126.40,5.30
3,90.00,67,438.81,351.11,21.60
3,90.00,68,3.61,250.22,0.00
3,90.00,69,326.96,245.63,9.59
3,90.00,70,492.38,164.84,17.43
3,90.00,71,577.65,253.63,7.20
3,90.00,72,775.58,254.79,7.76
3,90.00,73,518.21,130.58,16.95
3,90.00,74,676.46,511.41,13.73
3,90.00,75,640.68,366.72,24.70
3,90.00,76,511.61,654.35,18.92
3,90.00,77,611.09,473.24,15.33
3,90.00,78,601.48,760.47,17.08
3,90.00,79,489.62,667.22,20.96
3,90.00,80,911.67,652.90,6.87
3,90.00,81,793.39,774.13,6.49
3,90.00,82,152.85,456.43,0.00
3,90.00,83,678.81,750.91,7.76
3,90.00,84,389.96,202.59,5.94
3,90.00,85,126.77,874.33,11.98
3,90.00,86,820.45,681.77,0.00
3,90.00,87,875.35,803.78,6.66
3,90.00,88,202.96,665.64,13.72
3,90.00,89,203.95,756.27,8.91
3,90.00,90,257.10,540.27,19.06
3,90.00,91,553.57,688.78,8.05
3,90.00,92,975.06,503.15,8.27
3,90.00,93,132.60,829.05,16.19
3,90.00,94,269.00,185.56,7.06
3,90.00,95,140.25,746.24,13.99
3,90.00,96,572.59,584.43,12.83
3,90.00,97,323.99,814.43,7.63
3,90.00,98,969.20,615.78,5.89
3,90.00,99,712.46,882.10,10.65
3,90.00,100,92.35,78.81,12.63
3,90.00,101,551.30,444.43,5.77
3,90.00,102,870.48,397.15,24.73
3,90.00,103,526.50,783.40,0.00
3,90.00,104,462.78,413.19,8.45
3,90.00,105,342.49,176.20,6.93
3,90.00,106,150.83,226.50,13.00
3,90.00,107,314.23,517.39,15.71
3,90.00,108,498.30,547.69,7.91
3,90.00,109,193.97,398.20,23.18
3,90.00,110,805.40,801.55,23.93
3,90.00,111,430.49,303.29,6.17
3,90.00,112,845.03,973.43,10.07
3,90.00,113,383.62,580.77,17.70
3,90.00,114,857.66,51.41,8.08
3,90.00,115,480.44,660.03,12.01
3,90.00,116,217.54,398.92,0.00
3,90.00,117,615.61,343.11,12.62
3,90.00,118,227.66,539.19,6.16
3,90.00,119,150.66,149.89,10.92
3,90.00,120,528.92,603.05,0.00
3,90.00,121,729.25,361.19,15.49
3,90.00,122,519.35,712.95,23.11
3,90.00,123,602.71,812.33,24.74
3,90.00,124,705.82,207.54,11.70
3,90.00,125,438.92,533.72,6.32
3,90.00,126,284.59,438.14,5.45
3,90.00,127,249.96,475.78,11.31
3,90.00,128,747.69,294.28,9.50
3,90.00,129,562.01,555.02,11.35
3,90.00,130,566.37,910.52,6.06
3,90.00,131,398.68,542.66,5.28
3,90.00,132,599.32,685.65,7.17
3,90.00,133,584.70,900.71,10.57
3,90.00,134,475.38,389.09,14.27
3,90.00,135,469.78,151.87,9.61
3,90.00,136,802.77,441.09,0.00
3,90.00,137,805.99,636.86,15.63
3,90.00,138,636.37,634.94,11.87
3,90.00,139,251.08,448.20,10.47
3,90.00,140,753.50,863.11,6.74
3,90.00,141,499.01,290.70,0.00
3,90.00,142,455.90,399.74,6.65
3,90.00,143,507.51,187.60,8.32
3,90.00,144,513.51,717.81,10.77
3,90.00,145,968.93,510.35,8.91
3,90.00,146,605.72,331.89,8.22
3,90.00,147,415.34,578.66,14.48
3,90.00,148,330.32,534.87,14.54
3,90.00,149,201.15,458.62,13.33
3,100.00,0,743.21,410.31,24.89
3,100.00,1,630.64,290.95,6.68
3,100.00,2,677.14,305.54,22.89
3,100.00,3,649.87,605.72,5.35
3,100.00,4,384.07,356.85,20.74
3,100.00,5,272.08,840.00,0.00
3,100.00,6,828.72,716.91,15.25
3,100.00,7,157.27,93.91,7.47
3,100.00,8,569.79,459.71,22.03
3,100.00,9,773.20,693.37,6.46
3,100.00,10,404.36,317.29,13.03
3,100.00,11,764.27,402.33,0.00
3,100.00,12,884.43,323.99,0.00
3,100.00,13,85.65,474.78,17.22
3,100.00,14,339.83,427.88,24.52
3,100.00,15,92.87,925.59,9.41
3,100.00,16,459.08,862.01,0.00
3,100.00,17,182.19,618.55,6.58
3,100.00,18,186.59,650.21,23.13
3,100.00,19,86.82,723.11,0.00
3,100.00,20,104.52,863.12,15.11
3,100.00,21,517.32,134.73,15.52
3,100.00,22,513.70,514.61,8.48
3,100.00,23,464.38,447.18,17.55
3,100.00,24,665.63,815.74,7.98
3,100.00,25,375.69,453.91,17.38
3,100.00,26,696.65,403.33,16.65
3,100.00,27,329.58,784.90,12.75
3,100.00,28,525.56,418.37,5.22
3,100.00,29,204.22,692.27,17.03
3,100.00,30,271.99,542.33,16.33
3,100.00,31,869.38,132.64,9.68
3,100.00,32,621.35,365.71,6.62
3,100.00,33,325.82,588.23,20.11
3,100.00,34,333.25,442.00,0.00
3,100.00,35,712.64,314.92,0.00
3,100.00,36,541.64,167.26,0.00
3,100.00,37,412.76,898.11,0.00
3,100.00,38,301.36,942.73,0.00
3,100.00,39,813.51,283.29,0.00
3,100.00,40,298.19,919.27,23.82
3,100.00,41,140.49,697.95,20.91
3,100.00,42,407.23,354.66,17.73
3,100.00,43,522.51,693.48,10.03
3,100.00,44,571.98,261.05,6.60
3,100.00,45,878.97,125.72,17.25
3,100.00,46,864.90,512.89,0.00
3,100.00,47,737.90,801.91,11.67
3,100.00,48,490.60,494.66,5.78
3,100.00,49,894.12,199.80,15.89
3,100.00,50,789.61,252.16,12.91
3,100.00,51,633.96,348.89,14.06
3,100.00,52,823.29,390.73,6.48
3,100.00,53,647.22,125.09,7.64
3,100.00,54,220.03,324.95,5.60
3,100.00,55,997.24,709.84,0.00
3,100.00,56,595.98,803.12,23.53
3,100.00,57,3.41,431.23,0.00
3,100.00,58,566.67,122.43,11.45
3,100.00,59,353.44,735.07,6.12
3,100.00,60,141.96,645.03,5.77
3,100.00,61,368.02,870.51,9.53
3,100.00,62,174.80,244.76,16.57
3,100.00,63,646.97,113.87,0.00
3,100.00,64,69.34,672.31,11.62
3,100.00,65,464.93,805.36,22.50
3,100.00,66,254.71,147.51,5.30
3,100.00,67,517.68,552.22,21.60
3,100.00,68,118.47,229.56,15.55
3,100.00,69,293.48,335.46,9.59
3,100.00,70,666.70,167.98,17.43
3,100.00,71,507.73,270.79,7.20
3,100.00,72,716.69,305.34,7.76
3,100.00,73,357.87,185.47,16.95
3,100.00,74,813.34,522.79,13.73
3,100.00,75,748.10,144.35,24.70
3,100.00,76,535.08,466.58,18.92
3,100.00,77,669.80,614.85,15.33
3,100.00,78,661.77,878.62,0.00
3,100.00,79,672.90,768.93,20.96
3,100.00,80,915.07,584.26,6.87
3,100.00,81,728.95,766.06,6.49
3,100.00,82,197.71,415.09,15.11
3,100.00,83,756.24,756.28,7.76
3,100.00,84,418.10,254.96,5.94
3,100.00,85,35.71,926.17,0.00
3,100.00,86,763.94,653.77,6.89
3,100.00,87,854.06,740.65,6.66
3,100.00,88,188.12,529.21,13.72
3,100.00,89,157.06,832.08,8.91
3,100.00,90,225.66,551.93,0.00
3,100.00,91,615.68,730.61,0.00
3,100.00,92,937.56,576.88,8.27
3,100.00,93,20.13,945.46,16.19
3,100.00,94,271.07,114.96,7.06
3,100.00,95,245.75,654.37,13.99
3,100.00,96,559.80,456.73,12.83
3,100.00,97,400.20,818.27,7.63
3,100.00,98,913.13,633.70,5.89
3,100.00,99,816.77,860.41,10.65
3,100.00,100,17.88,40.13,0.00
3,100.00,101,538.28,388.21,5.77
3,100.00,102,864.85,644.36,24.73
3,100.00,103,410.78,749.40,17.06
3,100.00,104,412.66,345.18,8.45
3,100.00,105,307.70,148.73,0.00
3,100.00,106,149.60,227.18,0.00
3,100.00,107,158.32,536.30,15.71
3,100.00,108,453.38,612.75,7.91
3,100.00,109,116.54,225.77,0.00
3,100.00,110,568.23,769.72,23.93
3,100.00,111,466.18,353.59,6.17
3,100.00,112,855.27,987.09,0.00
3,100.00,113,290.53,731.28,17.70
3,100.00,114,826.54,125.94,8.08
3,100.00,115,408.44,756.17,12.01
3,100.00,116,144.31,340.87,22.02
3,100.00,117,730.97,291.89,12.62
3,100.00,118,195.59,591.76,6.16
3,100.00,119,259.49,158.42,10.92
3,100.00,120,641.60,524.85,19.06
3,100.00,121,737.86,358.07,0.00
3,100.00,122,683.72,550.45,23.11
3,100.00,123,602.41,870.24,0.00
3,100.00,124,666.52,317.77,11.70
3,100.00,125,382.18,505.84,6.32
3,100.00,126,332.96,413.11,5.45
3,100.00,127,245.30,588.74,11.31
3,100.00,128,782.30,382.77,9.50
3,100.00,129,638.80,471.38,11.35
3,100.00,130,625.41,924.07,6.06
3,100.00,131,349.62,562.15,5.28
3,100.00,132,608.62,756.70,7.17
3,100.00,133,586.65,903.15,0.00
3,100.00,134,495.51,405.11,0.00
3,100.00,135,419.07,70.22,9.61
3,100.00,136,752.94,481.90,10.05
3,100.00,137,815.74,646.53,0.00
3,100.00,138,735.04,700.86,11.87
3,100.00,139,217.12,349.14,10.47
3,100.00,140,686.71,853.95,6.74
3,100.00,141,258.88,260.77,24.96
3,100.00,142,467.30,334.19,6.65
3,100.00,143,471.56,262.63,8.32
3,100.00,144,485.02,613.90,10.77
3,100.00,145,927.47,431.51,8.91
3,100.00,146,642.66,258.45,8.22
3,100.00,147,273.80,548.12,14.48
3,100.00,148,437.84,436.95,14.54
3,100.00,149,162.35,331.13,13.33
3,110.00,0,502.28,472.70,24.89
3,110.00,1,676.85,339.16,6.68
3,110.00,2,736.17,526.72,22.89
3,110.00,3,669.69,598.85,0.00
3,110.00,4,587.24,398.37,20.74
3,110.00,5,343.50,738.94,14.03
3,110.00,6,680.43,752.38,15.25
3,110.00,7,221.80,131.50,7.47
3,110.00,8,755.33,340.85,22.03
3,110.00,9,784.83,756.92,6.46
3,110.00,10,396.59,275.80,0.00
3,110.00,11,747.99,402.68,6.20
3,110.00,12,878.92,323.69,18.65
3,110.00,13,66.11,645.84,17.22
3,110.00,14,454.42,644.68,24.52
3,110.00,15,120.28,835.52,9.41
3,110.00,16,508.76,748.34,18.33
3,110.00,17,211.48,559.66,6.58
3,110.00,18,417.76,641.28,23.13
3,110.00,19,118.15,690.74,12.12
3,110.00,20,53.34,847.41,0.00
3,110.00,21,480.86,67.57,0.00
3,110.00,22,496.09,552.88,0.00
3,110.00,23,310.04,363.53,17.55
3,110.00,24,737.32,850.72,7.98
3,110.00,25,479.16,593.51,17.38
3,110.00,26,709.61,427.65,0.00
3,110.00,27,202.70,772.78,12.75
3,110.00,28,552.85,462.85,5.22
3,110.00,29,181.37,730.38,0.00
3,110.00,30,277.31,379.15,16.33
3,110.00,31,834.22,222.81,9.68
3,110.00,32,570.62,408.19,6.62
3,110.00,33,320.30,483.91,0.00
3,110.00,34,418.48,530.38,23.96
3,110.00,35,697.76,325.82,10.97
3,110.00,36,550.32,172.93,14.05
3,110.00,37,390.90,851.08,11.03
3,110.00,38,319.78,920.41,7.72
3,110.00,39,797.17,292.20,14.79
3,110.00,40,127.52,935.21,0.00
3,110.00,41,339.87,634.87,20.91
3,110.00,42,407.56,270.18,0.00
3,110.00,43,607.38,746.88,10.03
3,110.00,44,626.29,223.56,6.60
3,110.00,45,760.50,251.13,17.25
3,110.00,46,653.85,470.33,24.06
3,110.00,47,830.79,866.89,0.00
3,110.00,48,435.04,510.68,5.78
3,110.00,49,954.86,66.83,0.00
3,110.00,50,777.02,123.68,12.91
3,110.00,51,648.24,488.82,14.06
3,110.00,52,844.55,329.55,6.48
3,110.00,53,648.45,201.51,7.64
3,110.00,54,170.23,350.59,5.60
3,110.00,55,997.15,709.99,10.19
3,110.00,56,375.50,885.18,23.53
3,110.00,57,47.57,400.61,21.63
3,110.00,58,599.20,232.17,11.45
3,110.00,59,294.62,752.07,6.12
3,110.00,60,89.01,667.96,5.77
3,110.00,61,343.32,954.09,0.00
3,110.00,62,219.72,85.23,16.57
3,110.00,63,656.09,190.52,14.02
3,110.00,64,151.61,590.27,11.62
3,110.00,65,440.69,944.01,0.00
3,110.00,66,303.28,168.61,5.30
3,110.00,67,596.55,753.33,21.60
3,110.00,68,271.55,202.03,15.55
3,110.00,69,259.99,425.28,9.59
3,110.00,70,841.02,171.11,17.43
3,110.00,71,437.81,287.94,7.20
3,110.00,72,657.80,355.89,7.76
3,110.00,73,232.01,228.56,0.00
3,110.00,74,950.21,534.17,13.73
3,110.00,75,792.91,51.60,0.00
3,110.00,76,558.54,278.81,18.92
3,110.00,77,716.97,728.61,0.00
3,110.00,78,709.98,895.90,22.92
3,110.00,79,856.17,870.65,20.96
3,110.00,80,918.46,515.61,6.87
3,110.00,81,664.51,757.99,6.49
3,110.00,82,308.80,312.72,15.11
3,110.00,83,801.66,759.42,0.00
3,110.00,84,446.23,307.34,5.94
3,110.00,85,48.30,921.83,10.63
3,110.00,86,702.17,623.16,6.89
3,110.00,87,832.77,677.53,6.66
3,110.00,88,173.28,392.79,13.72
3,110.00,89,110.17,907.89,8.91
3,110.00,90,377.50,566.05,18.51
3,110.00,91,601.29,724.66,22.29
3,110.00,92,900.06,650.61,8.27
3,110.00,93,6.75,959.32,0.00
3,110.00,94,273.14,44.36,7.06
3,110.00,95,351.26,562.50,13.99
3,110.00,96,547.00,329.02,12.83
3,110.00,97,476.42,822.10,7.63
3,110.00,98,857.05,651.62,5.89
3,110.00,99,818.21,860.11,0.00
3,110.00,100,73.08,98.28,23.88
3,110.00,101,525.25,331.98,5.77
3,110.00,102,864.28,669.18,0.00
3,110.00,103,247.07,701.31,17.06
3,110.00,104,362.54,277.16,8.45
3,110.00,105,375.30,177.88,20.43
3,110.00,106,247.24,221.23,9.89
3,110.00,107,11.21,554.15,0.00
3,110.00,108,408.45,677.80,7.91
3,110.00,109,143.22,221.53,14.64
3,110.00,110,331.06,737.88,23.93
3,110.00,111,501.87,403.89,6.17
3,110.00,112,826.78,930.54,7.62
3,110.00,113,252.17,793.29,0.00
3,110.00,114,795.42,200.48,8.08
3,110.00,115,336.43,852.31,12.01
3,110.00,116,142.25,339.25,0.00
3,110.00,117,846.34,240.68,12.62
3,110.00,118,163.53,644.33,6.16
3,110.00,119,368.32,166.96,10.92
3,110.00,120,798.19,416.17,19.06
3,110.00,121,587.76,511.90,22.84
3,110.00,122,848.10,387.95,23.11
3,110.00,123,509.93,790.03,15.98
3,110.00,124,627.22,428.01,11.70
3,110.00,125,325.44,477.95,6.32
3,110.00,126,381.32,388.08,5.45
3,110.00,127,240.63,701.70,11.31
3,110.00,128,816.91,471.26,9.50
3,110.00,129,715.59,387.75,11.35
3,110.00,130,684.46,937.62,6.06
3,110.00,131,300.56,581.64,5.28
3,110.00,132,617.92,827.76,7.17
3,110.00,133,579.45,827.97,7.78
3,110.00,134,455.21,512.71,14.02
3,110.00,135,382.11,10.70,0.00
3,110.00,136,675.22,545.54,10.05
3,110.00,137,760.66,627.88,6.38
3,110.00,138,833.72,766.78,11.87
3,110.00,139,183.16,250.08,10.47
3,110.00,140,619.92,844.79,6.74
3,110.00,141,190.38,252.23,0.00
3,110.00,142,469.29,322.70,0.00
3,110.00,143,435.62,337.67,8.32
3,110.00,144,456.53,509.99,10.77
3,110.00,145,886.00,352.67,8.91
3,110.00,146,671.63,200.86,0.00
3,110.00,147,135.86,518.36,0.00
3,110.00,148,538.12,345.61,0.00
3,110.00,149,123.54,203.64,13.33
3,120.00,0,261.35,535.09,24.89
3,120.00,1,723.07,387.38,6.68
3,120.00,2,795.21,747.90,22.89
3,120.00,3,574.38,637.56,16.93
3,120.00,4,790.41,439.89,20.74
3,120.00,5,424.45,624.38,14.03
3,120.00,6,597.94,772.11,0.00
3,120.00,7,286.33,169.09,7.47
3,120.00,8,934.84,225.85,0.00
3,120.00,9,796.46,820.48,6.46
3,120.00,10,524.50,339.15,21.11
3,120.00,11,685.96,404.01,6.20
3,120.00,12,692.71,313.32,18.65
3,120.00,13,46.56,816.90,17.22
3,120.00,14,569.01,861.48,24.52
3,120.00,15,147.68,745.45,9.41
3,120.00,16,582.16,580.40,18.33
3,120.00,17,240.77,500.77,6.58
3,120.00,18,611.57,633.79,0.00
3,120.00,19,202.44,603.63,12.12
3,120.00,20,140.91,819.48,14.23
3,120.00,21,409.27,73.51,14.16
3,120.00,22,591.98,594.13,20.75
3,120.00,23,155.71,279.88,17.55
3,120.00,24,779.25,871.18,0.00
3,120.00,25,582.63,733.11,17.38
3,120.00,26,598.11,273.41,22.81
3,120.00,27,109.15,763.84,0.00
3,120.00,28,580.14,507.33,5.22
3,120.00,29,118.51,627.99,16.26
3,120.00,30,282.63,215.97,16.33
3,120.00,31,799.05,312.98,9.68
3,120.00,32,519.89,450.66,6.62
3,120.00,33,347.41,475.35,5.92
3,120.00,34,584.83,702.87,23.96
3,120.00,35,609.25,390.60,10.97
3,120.00,36,668.00,249.78,14.05
3,120.00,37,344.39,751.01,11.03
3,120.00,38,368.92,860.85,7.72
3,120.00,39,667.29,363.01,14.79
3,120.00,40,111.81,867.56,24.77
3,120.00,41,539.26,571.79,20.91
3,120.00,42,384.73,245.34,6.44
3,120.00,43,692.25,800.28,10.03
3,120.00,44,680.61,186.07,6.60
3,120.00,45,642.03,376.54,17.25
3,120.00,46,417.95,422.76,24.06
3,120.00,47,829.04,867.05,6.17
3,120.00,48,379.47,526.70,5.78
3,120.00,49,943.86,79.13,20.65
3,120.00,50,774.81,101.12,0.00
3,120.00,51,662.51,628.74,14.06
3,120.00,52,855.28,298.67,0.00
3,120.00,53,648.78,222.38,0.00
3,120.00,54,136.81,367.80,0.00
3,120.00,55,946.06,798.17,10.19
3,120.00,56,230.94,938.98,0.00
3,120.00,57,225.34,277.34,21.63
3,120.00,58,631.72,341.91,11.45
3,120.00,59,235.81,769.08,6.12
3,120.00,60,84.97,669.71,0.00
3,120.00,61,333.32,958.19,12.63
3,120.00,62,239.81,13.87,0.00
3,120.00,63,672.66,329.69,14.02
3,120.00,64,210.48,531.56,0.00
3,120.00,65,512.93,959.92,19.76
3,120.00,66,351.85,189.72,5.30
3,120.00,67,675.42,954.44,21.60
3,120.00,68,424.64,174.49,15.55
3,120.00,69,226.50,515.11,9.59
3,120.00,70,989.39,173.78,0.00
3,120.00,71,367.90,305.10,7.20
3,120.00,72,598.91,406.44,7.76
3,120.00,73,241.35,234.00,5.03
3,120.00,74,982.65,536.87,0.00
3,120.00,75,736.52,48.90,9.69
3,120.00,76,561.09,258.38,0.00
3,120.00,77,704.20,694.83,18.36
3,120.00,78,925.70,973.23,22.92
3,120.00,79,935.64,914.76,0.00
3,120.00,80,921.86,446.96,6.87
3,120.00,81,600.07,749.91,6.49
3,120.00,82,419.88,210.34,15.11
3,120.00,83,735.38,740.34,16.69
3,120.00,84,474.37,359.71,5.94
3,120.00,85,148.83,887.18,10.63
3,120.00,86,640.41,592.55,6.89
3,120.00,87,811.48,614.40,6.66
3,120.00,88,158.44,256.36,13.72
3,120.00,89,65.25,980.50,0.00
3,120.00,90,561.75,583.18,18.51
3,120.00,91,407.36,644.50,0.00
3,120.00,92,862.56,724.33,8.27
3,120.00,93,148.86,791.08,25.00
3,120.00,94,274.14,10.42,0.00
3,120.00,95,456.77,470.63,13.99
3,120.00,96,534.21,201.32,12.83
3,120.00,97,552.63,825.94,7.63
3,120.00,98,800.97,669.54,5.89
3,120.00,99,804.92,864.09,0.00
3,120.00,100,237.46,271.46,23.88
3,120.00,101,512.23,275.76,5.77
3,120.00,102,837.84,620.51,6.16
3,120.00,103,217.88,692.74,0.00
3,120.00,104,312.43,209.14,8.45
3,120.00,105,562.87,258.79,20.43
3,120.00,106,290.46,218.60,0.00
3,120.00,107,22.66,559.34,22.24
3,120.00,108,363.53,742.86,7.91
3,120.00,109,287.83,198.55,14.64
3,120.00,110,222.92,723.37,0.00
3,120.00,111,511.04,416.81,0.00
3,120.00,112,792.49,862.46,7.62
3,120.00,113,353.68,786.64,17.30
3,120.00,114,764.30,275.01,8.08
3,120.00,115,310.05,887.53,0.00
3,120.00,116,303.79,316.36,16.51
3,120.00,117,872.84,228.92,0.00
3,120.00,118,131.46,696.90,6.16
3,120.00,119,477.15,175.49,10.92
3,120.00,120,934.95,321.25,0.00
3,120.00,121,465.46,637.26,0.00
3,120.00,122,997.18,240.57,0.00
3,120.00,123,389.19,685.31,15.98
3,120.00,124,587.92,538.24,11.70
3,120.00,125,268.70,450.06,6.32
3,120.00,126,429.69,363.05,5.45
3,120.00,127,235.96,814.66,11.31
3,120.00,128,851.51,559.75,9.50
3,120.00,129,792.38,304.11,11.35
3,120.00,130,734.69,949.15,0.00
3,120.00,131,251.49,601.13,5.28
3,120.00,132,627.21,898.81,7.17
3,120.00,133,572.03,750.48,7.78
3,120.00,134,450.90,524.20,0.00
3,120.00,135,412.81,38.85,15.36
3,120.00,136,660.68,557.45,0.00
3,120.00,137,700.27,607.42,6.38
3,120.00,138,926.20,828.57,0.00
3,120.00,139,161.52,186.94,0.00
3,120.00,140,553.14,835.64,6.74
3,120.00,141,169.93,315.87,9.24
3,120.00,142,485.26,446.42,15.13
3,120.00,143,399.67,412.70,8.32
3,120.00,144,428.04,406.08,10.77
3,120.00,145,844.54,273.83,8.91
3,120.00,146,646.52,154.02,24.65
3,120.00,147,139.10,520.89,16.19
3,120.00,148,532.63,342.13,9.67
3,120.00,149,93.65,105.45,0.00
3,130.00,0,160.31,561.26,0.00
3,130.00,1,739.06,404.06,0.00
3,130.00,2,824.91,859.17,0.00
3,130.00,3,417.53,701.29,16.93
3,130.00,4,862.52,454.62,0.00
3,130.00,5,504.27,511.42,0.00
3,130.00,6,648.81,772.55,11.47
3,130.00,7,350.86,206.68,7.47
3,130.00,8,928.24,221.22,24.79
3,130.00,9,797.97,828.73,0.00
3,130.00,10,713.66,432.84,21.11
3,130.00,11,623.94,405.35,6.20
3,130.00,12,506.51,302.95,18.65
3,130.00,13,34.59,921.70,0.00
3,130.00,14,631.86,980.40,0.00
3,130.00,15,175.08,655.38,9.41
3,130.00,16,655.56,412.46,18.33
3,130.00,17,270.07,441.87,6.58
3,130.00,18,592.36,617.24,15.69
3,130.00,19,286.72,516.53,12.12
3,130.00,20,276.51,776.23,14.23
3,130.00,21,268.20,85.20,14.16
3,130.00,22,702.78,641.79,0.00
3,130.00,23,15.20,203.73,0.00
3,130.00,24,783.89,783.19,21.22
3,130.00,25,594.38,748.97,0.00
3,130.00,26,510.40,152.05,0.00
3,130.00,27,108.61,715.88,18.25
3,130.00,28,607.42,551.81,5.22
3,130.00,29,111.88,617.20,0.00
3,130.00,30,285.91,115.39,0.00
3,130.00,31,763.89,403.15,9.68
3,130.00,32,469.17,493.13,6.62
3,130.00,33,403.81,457.52,5.92
3,130.00,34,751.18,875.37,23.96
3,130.00,35,520.75,455.38,10.97
3,130.00,36,785.68,326.64,14.05
3,130.00,37,297.88,650.94,11.03
3,130.00,38,418.06,801.29,7.72
3,130.00,39,537.41,433.82,14.79
3,130.00,40,55.79,626.32,24.77
3,130.00,41,629.43,543.27,0.00
3,130.00,42,362.46,221.12,0.00
3,130.00,43,777.11,853.69,10.03
3,130.00,44,734.92,148.57,6.60
3,130.00,45,523.55,501.96,17.25
3,130.00,46,182.06,375.18,24.06
3,130.00,47,767.61,872.62,6.17
3,130.00,48,323.91,542.72,5.78
3,130.00,49,806.23,233.04,20.65
3,130.00,50,707.68,126.76,0.00
3,130.00,51,676.79,768.66,14.06
3,130.00,52,807.50,280.02,10.35
3,130.00,53,679.73,269.08,7.71
3,130.00,54,191.09,319.20,22.16
3,130.00,55,894.96,886.35,10.19
3,130.00,56,287.51,883.42,23.03
3,130.00,57,403.10,154.07,21.63
3,130.00,58,664.24,451.65,11.45
3,130.00,59,176.99,786.09,6.12
3,130.00,60,72.12,525.92,15.63
3,130.00,61,276.93,981.34,0.00
3,130.00,62,151.68,114.06,24.14
3,130.00,63,689.22,468.86,14.02
3,130.00,64,197.04,560.99,11.38
3,130.00,65,694.78,999.96,0.00
3,130.00,66,400.42,210.82,5.30
3,130.00,67,681.03,968.76,0.00
3,130.00,68,557.65,150.57,0.00
3,130.00,69,193.02,604.94,9.59
3,130.00,70,972.60,165.16,12.68
3,130.00,71,340.68,311.77,0.00
3,130.00,72,540.02,457.00,7.76
3,130.00,73,284.78,259.33,5.03
3,130.00,74,954.09,439.63,13.28
3,130.00,75,639.78,44.27,9.69
3,130.00,76,640.10,238.49,9.14
3,130.00,77,639.26,523.13,18.36
3,130.00,78,947.40,981.01,0.00
3,130.00,79,921.39,790.58,22.07
3,130.00,80,925.26,378.32,6.87
3,130.00,81,535.63,741.84,6.49
3,130.00,82,530.97,107.97,15.11
3,130.00,83,575.04,694.17,16.69
3,130.00,84,502.50,412.08,5.94
3,130.00,85,249.36,852.52,10.63
3,130.00,86,578.64,561.94,6.89
3,130.00,87,790.19,551.28,6.66
3,130.00,88,143.59,119.93,13.72
3,130.00,89,73.48,975.99,22.20
3,130.00,90,746.01,600.31,18.51
3,130.00,91,397.93,645.78,16.30
3,130.00,92,825.06,798.06,8.27
3,130.00,93,310.16,600.11,25.00
3,130.00,94,280.68,139.24,24.83
3,130.00,95,562.27,378.77,13.99
3,130.00,96,521.41,73.61,12.83
3,130.00,97,628.85,829.78,7.63
3,130.00,98,744.89,687.46,5.89
3,130.00,99,898.65,978.67,16.36
3,130.00,100,401.84,444.64,23.88
3,130.00,101,499.21,219.53,5.77
3,130.00,102,808.45,566.42,6.16
3,130.00,103,323.91,779.69,16.69
3,130.00,104,262.31,141.13,8.45
3,130.00,105,750.45,339.70,20.43
3,130.00,106,379.99,274.07,18.73
3,130.00,107,225.25,651.20,22.24
3,130.00,108,320.34,805.39,0.00
3,130.00,109,432.44,175.57,14.64
3,130.00,110,197.43,628.53,18.05
3,130.00,111,566.62,372.04,9.60
3,130.00,112,758.20,794.37,7.62
3,130.00,113,526.33,775.32,17.30
3,130.00,114,733.18,349.54,8.08
3,130.00,115,379.96,775.85,20.79
3,130.00,116,467.27,293.19,16.51
3,130.00,117,794.91,258.93,10.84
3,130.00,118,99.40,749.48,6.16
3,130.00,119,585.97,184.02,10.92
3,130.00,120,938.58,349.03,22.13
3,130.00,121,488.08,667.61,16.23
3,130.00,122,992.04,254.79,16.26
3,130.00,123,335.82,639.03,0.00
3,130.00,124,548.62,648.48,11.70
3,130.00,125,211.96,422.17,6.32
3,130.00,126,478.06,338.02,5.45
3,130.00,127,232.13,907.41,0.00
3,130.00,128,886.12,648.24,9.50
3,130.00,129,845.93,245.78,0.00
3,130.00,130,704.32,950.30,20.38
3,130.00,131,220.73,613.34,0.00
3,130.00,132,636.51,969.87,7.17
3,130.00,133,564.61,673.00,7.78
3,130.00,134,342.49,533.57,11.93
3,130.00,135,526.06,142.68,15.36
3,130.00,136,632.50,648.17,0.00
3,130.00,137,639.87,586.97,6.38
3,130.00,138,923.58,826.23,5.60
3,130.00,139,194.07,200.10,9.68
3,130.00,140,486.35,826.48,6.74
3,130.00,141,141.66,403.84,9.24
3,130.00,142,504.63,596.43,15.13
3,130.00,143,363.73,487.73,8.32
3,130.00,144,399.54,302.17,10.77
3,130.00,145,803.08,194.99,8.91
3,130.00,146,573.06,16.95,0.00
3,130.00,147,266.71,620.47,16.19
3,130.00,148,450.98,290.26,9.67
3,130.00,149,116.39,107.35,9.93
3,140.00,0,284.47,569.64,21.43
3,140.00,1,636.83,522.38,23.91
3,140.00,2,795.64,818.74,10.04
3,140.00,3,260.67,765.01,16.93
3,140.00,4,812.56,478.38,8.58
3,140.00,5,506.52,513.72,23.14
3,140.00,6,763.46,773.52,11.47
3,140.00,7,415.38,244.27,7.47
3,140.00,8,726.25,79.57,0.00
3,140.00,9,684.31,839.36,13.12
3,140.00,10,902.82,526.52,21.11
3,140.00,11,561.91,406.69,6.20
3,140.00,12,320.31,292.58,18.65
3,140.00,13,32.34,890.99,7.95
3,140.00,14,615.70,872.03,24.27
3,140.00,15,202.48,565.31,9.41
3,140.00,16,728.96,244.52,18.33
3,140.00,17,299.36,382.98,6.58
3,140.00,18,473.52,514.78,15.69
3,140.00,19,368.06,432.48,0.00
3,140.00,20,412.11,732.99,14.23
3,140.00,21,133.80,96.35,0.00
3,140.00,22,657.25,586.42,17.12
3,140.00,23,20.75,216.32,15.36
3,140.00,24,790.05,666.14,0.00
3,140.00,25,742.33,698.82,17.62
3,140.00,26,483.90,222.21,21.84
3,140.00,27,107.05,578.45,0.00
3,140.00,28,634.71,596.28,5.22
3,140.00,29,272.35,658.32,17.96
3,140.00,30,329.74,143.21,13.53
3,140.00,31,728.73,493.32,9.68
3,140.00,32,418.44,535.60,6.62
3,140.00,33,460.22,439.69,5.92
3,140.00,34,823.21,950.06,0.00
3,140.00,35,494.60,474.52,0.00
3,140.00,36,798.87,335.26,0.00
3,140.00,37,251.37,550.88,11.03
3,140.00,38,467.20,741.73,7.72
3,140.00,39,407.54,504.64,14.79
3,140.00,40,47.73,591.63,0.00
3,140.00,41,647.51,497.34,9.01
3,140.00,42,452.36,193.43,19.22
3,140.00,43,861.98,907.09,10.03
3,140.00,44,789.24,111.08,6.60
3,140.00,45,405.08,627.37,17.25
3,140.00,46,14.46,341.39,0.00
3,140.00,47,706.18,878.20,6.17
3,140.00,48,268.34,558.74,5.78
3,140.00,49,668.60,386.95,20.65
3,140.00,50,727.78,134.75,7.98
3,140.00,51,676.93,770.02,0.00
3,140.00,52,711.04,242.37,10.35
3,140.00,53,722.31,333.32,7.71
3,140.00,54,356.16,171.38,22.16
3,140.00,55,850.17,963.65,0.00
3,140.00,56,451.78,722.07,23.03
3,140.00,57,500.14,86.79,0.00
3,140.00,58,696.76,561.39,11.45
3,140.00,59,152.03,793.30,0.00
3,140.00,60,65.31,449.76,0.00
3,140.00,61,338.10,916.53,17.23
3,140.00,62,64.80,212.81,0.00
3,140.00,63,705.79,608.04,14.02
3,140.00,64,149.78,664.48,11.38
3,140.00,65,699.80,998.79,8.97
3,140.00,66,448.99,231.93,5.30
3,140.00,67,460.77,943.47,23.87
3,140.00,68,568.85,168.64,16.21
3,140.00,69,159.53,694.76,9.59
3,140.00,70,859.80,107.23,12.68
3,140.00,71,388.45,330.29,8.39
3,140.00,72,481.13,507.55,7.76
3,140.00,73,328.22,284.65,5.03
3,140.00,74,916.66,312.19,13.28
3,140.00,75,543.04,39.64,9.69
3,140.00,76,728.76,216.18,9.14
3,140.00,77,574.32,351.43,18.36
3,140.00,78,749.39,977.58,22.02
3,140.00,79,896.21,571.31,22.07
3,140.00,80,928.65,309.67,6.87
3,140.00,81,471.20,733.77,6.49
3,140.00,82,586.11,57.15,0.00
3,140.00,83,414.69,648.00,16.69
3,140.00,84,530.64,464.45,5.94
3,140.00,85,349.88,817.87,10.63
3,140.00,86,516.87,531.33,6.89
3,140.00,87,768.90,488.15,6.66
3,140.00,88,135.95,49.64,0.00
3,140.00,89,268.22,869.34,22.20
3,140.00,90,930.27,617.44,18.51
3,140.00,91,236.44,667.66,16.30
3,140.00,92,787.56,871.79,8.27
3,140.00,93,467.12,414.29,0.00
3,140.00,94,293.27,387.26,24.83
3,140.00,95,667.78,286.90,13.99
3,140.00,96,520.80,67.45,0.00
3,140.00,97,705.07,833.62,7.63
3,140.00,98,688.81,705.38,5.89
3,140.00,99,906.00,987.65,0.00
3,140.00,100,441.93,486.88,0.00
3,140.00,101,487.65,169.64,0.00
3,140.00,102,779.06,512.32,6.16
3,140.00,103,452.95,885.51,16.69
3,140.00,104,212.19,73.11,8.45
3,140.00,105,860.18,387.03,0.00
3,140.00,106,539.25,372.73,18.73
3,140.00,107,427.84,743.05,22.24
3,140.00,108,322.56,806.11,6.02
3,140.00,109,577.06,152.59,14.64
3,140.00,110,150.59,454.20,18.05
3,140.00,111,641.40,311.80,9.60
3,140.00,112,723.91,726.29,7.62
3,140.00,113,698.97,763.99,17.30
3,140.00,114,702.06,424.08,8.08
3,140.00,115,490.30,599.60,20.79
3,140.00,116,630.75,270.03,16.51
3,140.00,117,693.76,297.90,10.84
3,140.00,118,82.37,777.40,0.00
3,140.00,119,694.80,192.55,10.92
3,140.00,120,967.25,568.45,22.13
3,140.00,121,585.08,797.75,16.23
3,140.00,122,936.71,407.71,16.26
3,140.00,123,363.11,515.15,22.73
3,140.00,124,509.31,758.71,11.70
3,140.00,125,155.23,394.28,6.32
3,140.00,126,526.42,312.99,5.45
3,140.00,127,244.64,873.28,20.32
3,140.00,128,920.73,736.73,9.50
3,140.00,129,826.58,264.54,8.91
3,140.00,130,500.70,958.01,20.38
3,140.00,131,272.71,578.17,16.82
3,140.00,132,639.73,994.48,0.00
3,140.00,133,557.19,595.52,7.78
3,140.00,134,284.31,538.60,0.00
3,140.00,135,639.31,246.52,15.36
3,140.00,136,575.91,684.48,23.79
3,140.00,137,579.48,566.51,6.38
3,140.00,138,881.83,788.95,5.60
3,140.00,139,283.83,236.37,9.68
3,140.00,140,419.57,817.32,6.74
3,140.00,141,124.12,458.44,0.00
3,140.00,142,523.99,746.45,15.13
3,140.00,143,327.78,562.77,8.32
3,140.00,144,371.05,198.26,10.77
3,140.00,145,761.62,116.15,8.91
3,140.00,146,578.03,26.41,0.00
3,140.00,147,394.32,720.05,16.19
3,140.00,148,369.32,238.40,9.67
3,140.00,149,215.31,115.62,9.93
3,150.00,0,498.29,584.07,21.43
3,150.00,1,480.51,703.31,23.91
3,150.00,2,736.74,737.38,10.04
3,150.00,3,103.81,828.74,16.93
3,150.00,4,735.11,515.22,8.58
3,150.00,5,668.02,679.48,23.14
3,150.00,6,878.12,774.50,11.47
3,150.00,7,479.91,281.86,7.47
3,150.00,8,725.98,79.96,9.97
3,150.00,9,566.88,850.35,0.00
3,150.00,10,905.54,527.87,0.00
3,150.00,11,499.88,408.02,6.20
3,150.00,12,134.10,282.21,18.65
3,150.00,13,26.54,811.73,7.95
3,150.00,14,579.91,632.01,24.27
3,150.00,15,229.88,475.24,9.41
3,150.00,16,784.66,117.09,0.00
3,150.00,17,328.65,324.09,6.58
3,150.00,18,354.68,412.32,15.69
3,150.00,19,371.10,434.84,11.00
3,150.00,20,547.71,689.74,14.23
3,150.00,21,141.15,103.37,21.49
3,150.00,22,548.50,454.19,17.12
3,150.00,23,82.76,356.85,15.36
3,150.00,24,734.07,685.75,13.25
3,150.00,25,900.22,645.29,0.00
3,150.00,26,406.74,426.50,21.84
3,150.00,27,155.01,594.82,20.51
3,150.00,28,662.00,640.76,5.22
3,150.00,29,446.37,702.91,17.96
3,150.00,30,443.97,215.75,13.53
3,150.00,31,693.56,583.49,9.68
3,150.00,32,367.71,578.08,6.62
3,150.00,33,516.62,421.86,5.92
3,150.00,34,784.60,927.20,7.91
3,150.00,35,639.04,475.48,20.50
3,150.00,36,743.47,281.90,8.66
3,150.00,37,209.84,461.52,0.00
3,150.00,38,516.34,682.17,7.72
3,150.00,39,277.66,575.45,14.79
3,150.00,40,147.59,649.97,13.51
3,150.00,41,680.53,413.49,9.01
3,150.00,42,624.99,140.27,0.00
3,150.00,43,946.85,960.49,10.03
3,150.00,44,805.87,99.60,0.00
3,150.00,45,305.15,733.17,0.00
3,150.00,46,69.56,344.46,19.06
3,150.00,47,644.74,883.77,6.17
3,150.00,48,212.77,574.76,5.78
3,150.00,49,530.97,540.86,20.65
3,150.00,50,801.96,164.25,7.98
3,150.00,51,691.36,673.53,9.85
3,150.00,52,614.58,204.72,10.35
3,150.00,53,764.88,397.57,7.71
3,150.00,54,466.08,72.97,0.00
3,150.00,55,832.67,946.16,20.06
3,150.00,56,616.06,560.72,23.03
3,150.00,57,413.73,117.09,20.16
3,150.00,58,729.28,671.13,11.45
3,150.00,59,138.21,841.03,8.63
3,150.00,60,123.83,457.87,11.57
3,150.00,61,456.37,791.21,17.23
3,150.00,62,106.10,236.17,10.42
3,150.00,63,722.36,747.21,14.02
3,150.00,64,102.51,767.97,11.38
3,150.00,65,787.15,978.34,8.97
3,150.00,66,497.55,253.03,5.30
3,150.00,67,338.88,929.47,0.00
3,150.00,68,654.29,306.39,16.21
3,150.00,69,126.05,784.59,9.59
3,150.00,70,854.62,104.57,0.00
3,150.00,71,466.68,360.62,8.39
3,150.00,72,425.73,555.10,0.00
3,150.00,73,371.65,309.97,5.03
3,150.00,74,879.23,184.75,13.28
3,150.00,75,491.99,37.20,0.00
3,150.00,76,817.42,193.87,9.14
3,150.00,77,509.39,179.73,18.36
3,150.00,78,529.23,973.78,22.02
3,150.00,79,875.81,393.57,0.00
3,150.00,80,930.70,268.39,0.00
3,150.00,81,406.76,725.70,6.49
3,150.00,82,543.24,137.19,18.03
3,150.00,83,254.35,601.83,16.69
3,150.00,84,554.36,508.61,0.00
3,150.00,85,416.67,794.85,0.00
3,150.00,86,455.10,500.72,6.89
3,150.00,87,747.61,425.02,6.66
3,150.00,88,196.58,144.38,23.21
3,150.00,89,462.96,762.68,22.20
3,150.00,90,966.53,620.81,0.00
3,150.00,91,74.94,689.54,16.30
3,150.00,92,785.06,876.72,0.00
3,150.00,93,466.03,419.27,18.91
3,150.00,94,305.87,635.28,24.83
3,150.00,95,773.28,195.03,13.99
3,150.00,96,485.75,202.07,14.62
3,150.00,97,781.28,837.46,7.63
3,150.00,98,632.73,723.30,5.89
3,150.00,99,707.46,971.69,21.44
3,150.00,100,277.62,437.77,22.68
3,150.00,101,491.81,175.77,6.57
3,150.00,102,749.67,458.23,6.16
3,150.00,103,513.70,935.33,0.00
3,150.00,104,183.62,34.33,0.00
3,150.00,105,837.12,405.82,7.17
3,150.00,106,698.51,471.39,18.73
3,150.00,107,630.42,834.91,22.24
3,150.00,108,379.85,824.67,6.02
3,150.00,109,721.67,129.61,14.64
3,150.00,110,103.75,279.87,18.05
3,150.00,111,716.19,251.56,9.60
3,150.00,112,689.61,658.20,7.62
3,150.00,113,871.61,752.67,17.30
3,150.00,114,670.93,498.61,8.08
3,150.00,115,600.63,423.35,20.79
3,150.00,116,723.40,256.90,0.00
3,150.00,117,592.60,336.87,10.84
3,150.00,118,121.07,743.90,10.92
3,150.00,119,786.16,199.71,0.00
3,150.00,120,986.98,719.46,0.00
3,150.00,121,682.08,927.88,16.23
3,150.00,122,881.38,560.63,16.26
3,150.00,123,412.02,293.16,22.73
3,150.00,124,495.17,798.40,0.00
3,150.00,125,99.19,366.74,0.00
3,150.00,126,574.79,287.96,5.45
3,150.00,127,314.57,682.46,20.32
3,150.00,128,926.82,752.30,0.00
3,150.00,129,762.63,326.55,8.91
3,150.00,130,297.09,965.72,20.38
3,150.00,131,412.03,483.90,16.82
3,150.00,132,584.05,897.90,17.06
3,150.00,133,549.77,518.03,7.78
3,150.00,134,392.30,483.99,23.71
3,150.00,135,752.56,350.36,15.36
3,150.00,136,375.66,812.95,23.79
3,150.00,137,519.09,546.06,6.38
3,150.00,138,840.07,751.67,5.60
3,150.00,139,373.58,272.65,9.68
3,150.00,140,389.31,813.18,0.00
3,150.00,141,210.55,494.08,24.64
3,150.00,142,543.35,896.47,15.13
3,150.00,143,312.34,595.00,0.00
3,150.00,144,342.56,94.35,10.77
3,150.00,145,756.83,107.06,0.00
3,150.00,146,575.83,53.23,9.68
3,150.00,147,521.92,819.63,16.19
3,150.00,148,287.67,186.54,9.67
3,150.00,149,314.24,123.88,9.93
3,160.00,0,712.11,598.51,21.43
3,160.00,1,324.19,884.24,23.91
3,160.00,2,677.84,656.01,10.04
3,160.00,3,88.49,834.96,0.00
3,160.00,4,657.66,552.05,8.58
3,160.00,5,675.36,687.02,0.00
3,160.00,6,935.37,774.99,0.00
3,160.00,7,544.44,319.45,7.47
3,160.00,8,668.70,161.56,9.97
3,160.00,9,574.28,839.88,12.70
3,160.00,10,688.93,516.28,22.01
3,160.00,11,437.86,409.36,6.20
3,160.00,12,83.05,279.37,0.00
3,160.00,13,20.73,732.47,7.95
3,160.00,14,559.17,492.91,0.00
3,160.00,15,257.28,385.17,9.41
3,160.00,16,743.41,144.16,20.45
3,160.00,17,357.95,265.19,6.58
3,160.00,18,235.84,309.86,15.69
3,160.00,19,457.88,502.39,11.00
3,160.00,20,608.20,670.45,0.00
3,160.00,21,296.69,251.70,21.49
3,160.00,22,439.74,321.96,17.12
3,160.00,23,144.76,497.38,15.36
3,160.00,24,609.05,729.56,13.25
3,160.00,25,900.74,642.04,6.09
3,160.00,26,329.59,630.79,21.84
3,160.00,27,349.14,661.08,20.51
3,160.00,28,689.29,685.24,5.22
3,160.00,29,620.39,747.50,17.96
3,160.00,30,558.21,288.29,13.53
3,160.00,31,658.40,673.66,9.68
3,160.00,32,339.69,601.54,0.00
3,160.00,33,573.02,404.04,5.92
3,160.00,34,716.49,886.90,7.91
3,160.00,35,728.19,476.07,0.00
3,160.00,36,681.06,221.80,8.66
3,160.00,37,226.67,457.54,16.16
3,160.00,38,565.48,622.62,7.72
3,160.00,39,161.46,638.81,0.00
3,160.00,40,264.21,718.11,13.51
3,160.00,41,713.55,329.64,9.01
3,160.00,42,622.47,144.34,7.94
3,160.00,43,973.28,977.12,0.00
3,160.00,44,771.44,142.51,7.93
3,160.00,45,316.38,739.66,8.29
3,160.00,46,259.87,355.07,19.06
3,160.00,47,583.31,889.34,6.17
3,160.00,48,157.21,590.78,5.78
3,160.00,49,393.34,694.76,20.65
3,160.00,50,876.15,193.76,7.98
3,160.00,51,705.95,576.09,9.85
3,160.00,52,518.13,167.07,10.35
3,160.00,53,807.45,461.81,7.71
3,160.00,54,468.01,155.81,24.80
3,160.00,55,690.78,804.42,20.06
3,160.00,56,742.47,436.56,0.00
3,160.00,57,234.26,180.02,0.00
3,160.00,58,758.27,768.95,0.00
3,160.00,59,114.20,923.92,8.63
3,160.00,60,238.42,473.75,11.57
3,160.00,61,574.64,665.90,17.23
3,160.00,62,196.83,287.48,10.42
3,160.00,63,727.11,787.14,0.00
3,160.00,64,55.25,871.46,11.38
3,160.00,65,874.49,957.89,8.97
3,160.00,66,546.12,274.14,5.30
3,160.00,67,315.63,812.01,24.64
3,160.00,68,739.72,444.15,16.21
3,160.00,69,99.59,855.55,0.00
3,160.00,70,842.20,151.79,5.12
3,160.00,71,544.90,390.94,8.39
3,160.00,72,436.05,560.92,19.96
3,160.00,73,415.09,335.30,5.03
3,160.00,74,853.48,97.10,0.00
3,160.00,75,449.09,53.72,9.73
3,160.00,76,906.08,171.56,9.14
3,160.00,77,454.01,33.30,0.00
3,160.00,78,382.84,971.24,0.00
3,160.00,79,870.16,406.43,7.42
3,160.00,80,893.76,308.93,13.75
3,160.00,81,342.32,717.62,6.49
3,160.00,82,458.09,296.14,18.03
3,160.00,83,231.59,595.27,0.00
3,160.00,84,560.59,517.81,7.09
3,160.00,85,414.53,760.24,10.33
3,160.00,86,393.33,470.12,6.89
3,160.00,87,726.32,361.90,6.66
3,160.00,88,321.67,339.83,23.21
3,160.00,89,657.70,656.03,22.20
3,160.00,90,822.33,700.64,20.52
3,160.00,91,26.53,696.10,0.00
3,160.00,92,668.47,827.78,13.55
3,160.00,93,425.59,604.04,18.91
3,160.00,94,305.92,636.18,0.00
3,160.00,95,878.79,103.16,13.99
3,160.00,96,448.93,343.52,14.62
3,160.00,97,800.75,838.44,0.00
3,160.00,98,576.65,741.22,5.89
3,160.00,99,493.77,954.51,21.44
3,160.00,100,60.31,372.83,22.68
3,160.00,101,528.73,230.10,6.57
3,160.00,102,738.72,438.08,0.00
3,160.00,103,465.28,941.55,9.22
3,160.00,104,205.11,61.36,8.03
3,160.00,105,781.55,451.11,7.17
3,160.00,106,857.76,570.06,18.73
3,160.00,107,734.95,882.30,0.00
3,160.00,108,437.14,843.24,6.02
3,160.00,109,866.29,106.63,14.64
3,160.00,110,56.90,105.55,18.05
3,160.00,111,790.97,191.31,9.60
3,160.00,112,655.32,590.12,7.62
3,160.00,113,989.10,744.97,0.00
3,160.00,114,639.81,573.14,8.08
3,160.00,115,710.96,247.10,20.79
3,160.00,116,762.52,299.57,13.36
3,160.00,117,491.44,375.85,10.84
3,160.00,118,203.61,672.46,10.92
3,160.00,119,769.00,234.71,24.28
3,160.00,120,940.75,709.89,15.15
3,160.00,121,716.99,974.70,0.00
3,160.00,122,826.06,713.55,16.26
3,160.00,123,421.93,248.20,0.00
3,160.00,124,448.65,672.82,20.93
3,160.00,125,100.27,367.81,12.31
3,160.00,126,623.16,262.93,5.45
3,160.00,127,384.50,491.64,20.32
3,160.00,128,788.22,674.14,19.31
3,160.00,129,698.68,388.55,8.91
3,160.00,130,226.61,968.39,0.00
3,160.00,131,551.35,389.62,16.82
3,160.00,132,498.86,750.12,17.06
3,160.00,133,542.35,440.55,7.78
3,160.00,134,603.88,377.00,23.71
3,160.00,135,781.31,376.71,0.00
3,160.00,136,201.89,924.43,0.00
3,160.00,137,491.27,536.64,0.00
3,160.00,138,798.31,714.39,5.60
3,160.00,139,463.33,308.92,9.68
3,160.00,140,406.50,738.44,0.00
3,160.00,141,438.37,588.02,24.64
3,160.00,142,553.83,977.62,0.00
3,160.00,143,330.25,681.09,15.41
3,160.00,144,317.64,3.48,0.00
3,160.00,145,737.75,45.11,0.00
3,160.00,146,567.90,149.67,9.68
3,160.00,147,545.18,837.78,0.00
3,160.00,148,284.33,184.42,0.00
3,160.00,149,413.16,132.15,9.93
3,170.00,0,824.91,606.12,0.00
3,170.00,1,322.01,886.77,0.00
3,170.00,2,618.94,574.65,10.04
3,170.00,3,95.16,745.32,9.96
3,170.00,4,580.22,588.88,8.58
3,170.00,5,635.07,588.86,11.12
3,170.00,6,863.99,790.70,14.60
3,170.00,7,608.97,357.04,7.47
3,170.00,8,611.42,243.15,9.97
3,170.00,9,647.59,736.21,12.70
3,170.00,10,469.15,504.52,22.01
3,170.00,11,383.19,410.54,0.00
3,170.00,12,141.31,352.61,12.89
3,170.00,13,14.93,653.21,7.95
3,170.00,14,522.57,446.82,14.00
3,170.00,15,284.68,295.10,9.41
3,170.00,16,572.43,256.36,20.45
3,170.00,17,387.24,206.30,6.58
3,170.00,18,142.69,229.54,0.00
3,170.00,19,544.67,569.95,11.00
3,170.00,20,516.05,607.50,20.15
3,170.00,21,452.23,400.02,21.49
3,170.00,22,358.76,223.49,0.00
3,170.00,23,206.76,637.91,15.36
3,170.00,24,484.03,773.36,13.25
3,170.00,25,910.36,581.87,6.09
3,170.00,26,252.43,835.09,21.84
3,170.00,27,543.27,727.33,20.51
3,170.00,28,712.20,722.58,0.00
3,170.00,29,794.41,792.09,17.96
3,170.00,30,672.44,360.83,13.53
3,170.00,31,623.24,763.83,9.68
3,170.00,32,310.40,551.82,12.89
3,170.00,33,629.43,386.21,5.92
3,170.00,34,648.38,846.60,7.91
3,170.00,35,843.34,430.37,21.92
3,170.00,36,618.65,161.71,8.66
3,170.00,37,383.91,420.42,16.16
3,170.00,38,614.62,563.06,7.72
3,170.00,39,183.42,641.04,20.96
3,170.00,40,380.84,786.25,13.51
3,170.00,41,746.56,245.80,9.01
3,170.00,42,580.67,211.87,7.94
3,170.00,43,834.16,897.59,23.27
3,170.00,44,721.82,204.34,7.93
3,170.00,45,388.17,781.21,8.29
3,170.00,46,450.18,365.69,19.06
3,170.00,47,521.87,894.92,6.17
3,170.00,48,101.64,606.80,5.78
3,170.00,49,341.02,753.28,0.00
3,170.00,50,950.33,223.26,7.98
3,170.00,51,720.53,478.65,9.85
3,170.00,52,421.67,129.42,10.35
3,170.00,53,850.03,526.05,7.71
3,170.00,54,473.81,403.72,24.80
3,170.00,55,548.89,662.68,20.06
3,170.00,56,694.67,447.77,21.30
3,170.00,57,237.90,188.00,15.49
3,170.00,58,749.33,749.47,19.74
3,170.00,59,98.79,977.11,0.00
3,170.00,60,353.01,489.64,11.57
3,170.00,61,692.92,540.58,17.23
3,170.00,62,287.56,338.79,10.42
3,170.00,63,636.06,781.77,12.79
3,170.00,64,13.56,962.73,0.00
3,170.00,65,961.84,937.44,8.97
3,170.00,66,579.58,288.68,0.00
3,170.00,67,267.79,570.33,24.64
3,170.00,68,825.16,581.90,16.21
3,170.00,69,109.39,848.67,5.70
3,170.00,70,829.17,201.28,5.12
3,170.00,71,623.13,421.27,8.39
3,170.00,72,538.92,618.97,0.00
3,170.00,73,458.52,360.62,5.03
3,170.00,74,800.44,128.89,19.81
3,170.00,75,358.26,88.71,9.73
3,170.00,76,993.77,149.49,0.00
3,170.00,77,472.36,40.18,13.32
3,170.00,78,454.06,933.77,24.02
3,170.00,79,840.33,474.38,7.42
3,170.00,80,801.13,410.59,13.75
3,170.00,81,277.88,709.55,6.49
3,170.00,82,372.95,455.09,18.03
3,170.00,83,422.65,627.92,22.59
3,170.00,84,600.36,576.49,7.09
3,170.00,85,408.18,657.13,10.33
3,170.00,86,331.57,439.51,6.89
3,170.00,87,705.03,298.77,6.66
3,170.00,88,446.75,535.29,23.21
3,170.00,89,852.44,549.38,22.20
3,170.00,90,647.57,797.39,0.00
3,170.00,91,129.07,683.43,14.76
3,170.00,92,543.52,775.34,13.55
3,170.00,93,385.14,788.80,18.91
3,170.00,94,398.38,580.07,10.85
3,170.00,95,940.23,49.67,0.00
3,170.00,96,412.11,484.97,14.62
3,170.00,97,864.96,685.40,22.29
3,170.00,98,520.57,759.14,5.89
3,170.00,99,280.07,937.33,21.44
3,170.00,100,8.41,357.32,0.00
3,170.00,101,565.64,284.43,6.57
3,170.00,102,600.24,378.86,24.00
3,170.00,103,373.80,953.32,9.22
3,170.00,104,255.10,124.22,8.03
3,170.00,105,725.99,496.39,7.17
3,170.00,106,993.68,654.26,0.00
3,170.00,107,665.11,809.39,20.86
3,170.00,108,494.43,861.80,6.02
3,170.00,109,982.00,88.24,0.00
3,170.00,110,38.49,37.04,0.00
3,170.00,111,865.76,131.07,9.60
3,170.00,112,621.03,522.03,7.62
3,170.00,113,961.70,728.33,10.03
3,170.00,114,608.69,647.68,8.08
3,170.00,115,821.30,70.85,20.79
3,170.00,116,852.84,398.06,13.36
3,170.00,117,415.49,405.10,0.00
3,170.00,118,286.16,601.01,10.92
3,170.00,119,731.64,310.93,0.00
3,170.00,120,792.44,679.20,15.15
3,170.00,121,720.37,917.56,8.94
3,170.00,122,795.51,797.99,0.00
3,170.00,123,526.91,302.71,14.83
3,170.00,124,430.00,622.44,0.00
3,170.00,125,187.27,454.87,12.31
3,170.00,126,671.53,237.90,5.45
3,170.00,127,454.43,300.82,20.32
3,170.00,128,667.11,605.85,0.00
3,170.00,129,634.73,450.56,8.91
3,170.00,130,180.11,989.03,0.00
3,170.00,131,690.67,295.35,16.82
3,170.00,132,413.67,602.35,17.06
3,170.00,133,534.93,363.07,7.78
3,170.00,134,815.46,270.00,23.71
3,170.00,135,616.32,317.30,23.50
3,170.00,136,231.54,911.29,24.53
3,170.00,137,472.01,581.61,9.07
3,170.00,138,756.55,677.11,5.60
3,170.00,139,553.09,345.20,9.68
3,170.00,140,412.09,737.11,8.23
3,170.00,141,666.20,681.96,24.64
3,170.00,142,479.08,894.56,24.34
3,170.00,143,348.18,767.27,0.00
3,170.00,144,324.12,13.51,9.52
3,170.00,145,664.32,42.50,12.26
3,170.00,146,559.97,246.11,9.68
3,170.00,147,556.51,848.90,0.00
3,170.00,148,201.18,218.63,0.00
3,170.00,149,455.63,135.70,0.00
3,180.00,0,778.34,584.80,10.84
3,180.00,1,170.42,990.18,0.00
3,180.00,2,560.04,493.29,10.04
3,180.00,3,102.56,645.97,9.96
3,180.00,4,502.77,625.72,8.58
3,180.00,5,592.85,486.02,11.12
3,180.00,6,721.39,822.09,14.60
3,180.00,7,611.80,358.69,0.00
3,180.00,8,554.14,324.74,9.97
3,180.00,9,720.90,632.54,12.70
3,180.00,10,249.38,492.77,22.01
3,180.00,11,376.83,410.72,5.37
3,180.00,12,221.59,453.52,12.89
3,180.00,13,13.29,630.84,0.00
3,180.00,14,435.52,337.19,14.00
3,180.00,15,311.98,205.34,0.00
3,180.00,16,417.13,358.27,0.00
3,180.00,17,413.16,154.19,0.00
3,180.00,18,171.59,245.53,15.28
3,180.00,19,631.46,637.50,11.00
3,180.00,20,349.68,493.85,20.15
3,180.00,21,525.33,469.74,0.00
3,180.00,22,402.78,228.50,17.35
3,180.00,23,268.76,778.45,15.36
3,180.00,24,359.01,817.16,13.25
3,180.00,25,919.97,521.70,6.09
3,180.00,26,246.70,850.26,0.00
3,180.00,27,584.22,741.31,0.00
3,180.00,28,700.97,713.45,9.02
3,180.00,29,828.18,800.75,0.00
3,180.00,30,786.68,433.36,13.53
3,180.00,31,588.07,854.00,9.68
3,180.00,32,244.98,440.74,12.89
3,180.00,33,685.83,368.38,5.92
3,180.00,34,580.27,806.29,7.91
3,180.00,35,864.29,422.06,0.00
3,180.00,36,556.24,101.61,8.66
3,180.00,37,541.15,383.30,16.16
3,180.00,38,663.76,503.50,7.72
3,180.00,39,197.42,642.46,0.00
3,180.00,40,497.46,854.39,13.51
3,180.00,41,779.58,161.95,9.01
3,180.00,42,538.87,279.40,7.94
3,180.00,43,732.36,839.39,0.00
3,180.00,44,672.20,266.17,7.93
3,180.00,45,459.96,822.75,8.29
3,180.00,46,640.49,376.31,19.06
3,180.00,47,460.44,900.49,6.17
3,180.00,48,46.08,622.82,5.78
3,180.00,49,462.22,779.72,20.01
3,180.00,50,998.35,242.36,0.00
3,180.00,51,735.11,381.21,9.85
3,180.00,52,330.31,93.76,0.00
3,180.00,53,892.60,590.29,7.71
3,180.00,54,479.60,651.62,24.80
3,180.00,55,406.99,520.94,20.06
3,180.00,56,527.73,486.92,0.00
3,180.00,57,302.07,328.96,15.49
3,180.00,58,666.98,570.09,19.74
3,180.00,59,176.08,948.72,22.98
3,180.00,60,467.60,505.52,11.57
3,180.00,61,779.09,449.29,0.00
3,180.00,62,378.29,390.10,10.42
3,180.00,63,508.37,774.23,12.79
3,180.00,64,25.18,958.95,10.33
3,180.00,65,992.37,930.29,0.00
3,180.00,66,597.51,225.08,21.24
3,180.00,67,249.71,479.00,0.00
3,180.00,68,886.68,681.09,0.00
3,180.00,69,156.05,815.88,5.70
3,180.00,70,816.15,250.78,5.12
3,180.00,71,701.35,451.59,8.39
3,180.00,72,486.57,546.43,21.92
3,180.00,73,501.95,385.95,5.03
3,180.00,74,630.55,230.72,19.81
3,180.00,75,267.43,123.70,9.73
3,180.00,76,992.49,149.40,11.75
3,180.00,77,597.09,86.95,13.32
3,180.00,78,666.60,821.94,24.02
3,180.00,79,810.51,542.32,7.42
3,180.00,80,708.50,512.25,13.75
3,180.00,81,213.44,701.48,6.49
3,180.00,82,287.81,614.04,18.03
3,180.00,83,645.12,665.93,0.00
3,180.00,84,640.12,635.17,7.09
3,180.00,85,401.82,554.02,10.33
3,180.00,86,269.80,408.90,6.89
3,180.00,87,683.74,235.65,6.66
3,180.00,88,475.77,580.64,0.00
3,180.00,89,995.55,471.00,0.00
3,180.00,90,644.12,798.01,13.16
3,180.00,91,275.51,665.32,14.76
3,180.00,92,418.58,722.90,13.55
3,180.00,93,356.45,919.86,0.00
3,180.00,94,469.67,536.82,0.00
3,180.00,95,941.61,78.65,6.95
3,180.00,96,411.45,487.52,0.00
3,180.00,97,938.46,510.19,0.00
3,180.00,98,464.49,777.06,5.89
3,180.00,99,176.12,928.98,0.00
3,180.00,100,56.98,372.32,6.68
3,180.00,101,602.56,338.76,6.57
3,180.00,102,409.63,297.34,0.00
3,180.00,103,282.33,965.08,9.22
3,180.00,104,305.09,187.09,8.03
3,180.00,105,670.42,541.68,7.17
3,180.00,106,973.83,657.48,13.72
3,180.00,107,520.81,658.76,20.86
3,180.00,108,551.72,880.36,6.02
3,180.00,109,948.11,113.03,21.01
3,180.00,110,62.66,77.77,7.80
3,180.00,111,940.54,70.83,9.60
3,180.00,112,586.73,453.95,7.62
3,180.00,113,875.95,676.26,10.03
3,180.00,114,577.57,722.21,8.08
3,180.00,115,823.05,68.05,0.00
3,180.00,116,943.15,496.55,13.36
3,180.00,117,392.41,362.47,19.46
3,180.00,118,368.71,529.57,10.92
3,180.00,119,703.36,345.83,6.91
3,180.00,120,644.13,648.50,15.15
3,180.00,121,725.66,828.31,8.94
3,180.00,122,779.31,782.20,5.05
3,180.00,123,658.55,371.07,14.83
3,180.00,124,384.62,461.39,22.51
3,180.00,125,274.26,541.92,12.31
3,180.00,126,719.89,212.87,5.45
3,180.00,127,524.37,110.01,20.32
3,180.00,128,651.59,569.35,14.16
3,180.00,129,570.79,512.56,8.91
3,180.00,130,195.58,885.67,24.08
3,180.00,131,829.99,201.08,16.82
3,180.00,132,328.47,454.57,17.06
3,180.00,133,527.51,285.59,7.78
3,180.00,134,887.34,233.65,0.00
3,180.00,135,395.20,237.68,23.50
3,180.00,136,455.82,811.85,24.53
3,180.00,137,436.31,664.98,9.07
3,180.00,138,752.58,673.57,0.00
3,180.00,139,586.51,358.71,0.00
3,180.00,140,492.14,718.04,8.23
3,180.00,141,804.97,739.18,0.00
3,180.00,142,316.24,713.61,24.34
3,180.00,143,390.36,730.59,13.03
3,180.00,144,375.78,93.46,9.52
3,180.00,145,541.80,38.16,12.26
3,180.00,146,552.04,342.54,9.68
3,180.00,147,531.37,799.88,7.39
3,180.00,148,312.47,187.21,19.96
3,180.00,149,473.81,234.46,17.60
3,190.00,0,679.77,539.66,10.84
3,190.00,1,178.08,968.90,15.14
3,190.00,2,501.14,411.93,10.04
3,190.00,3,109.95,546.62,9.96
3,190.00,4,425.33,662.55,8.58
3,190.00,5,550.64,383.18,11.12
3,190.00,6,578.78,853.49,14.60
3,190.00,7,726.96,169.14,23.20
3,190.00,8,496.86,406.34,9.97
3,190.00,9,794.21,528.87,12.70
3,190.00,10,29.61,481.01,22.01
3,190.00,11,323.18,412.24,5.37
3,190.00,12,301.87,554.44,12.89
3,190.00,13,170.58,644.85,22.00
3,190.00,14,348.48,227.57,14.00
3,190.00,15,312.60,205.39,18.13
3,190.00,16,423.58,373.92,18.45
3,190.00,17,408.66,177.42,20.52
3,190.00,18,305.33,319.50,15.28
3,190.00,19,718.25,705.06,11.00
3,190.00,20,183.31,380.19,20.15
3,190.00,21,517.09,499.42,5.81
3,190.00,22,575.21,248.13,17.35
3,190.00,23,280.71,805.53,0.00
3,190.00,24,233.99,860.97,13.25
3,190.00,25,929.59,461.53,6.09
3,190.00,26,451.31,902.36,22.81
3,190.00,27,523.86,746.53,7.68
3,190.00,28,631.01,656.57,9.02
3,190.00,29,699.79,739.15,17.67
3,190.00,30,893.97,501.49,0.00
3,190.00,31,552.91,944.17,9.68
3,190.00,32,179.55,329.66,12.89
3,190.00,33,742.24,350.55,5.92
3,190.00,34,512.16,765.99,7.91
3,190.00,35,782.23,445.81,9.52
3,190.00,36,541.52,87.44,0.00
3,190.00,37,698.38,346.18,16.16
3,190.00,38,712.90,443.94,7.72
3,190.00,39,247.86,573.02,9.20
3,190.00,40,582.59,904.13,0.00
3,190.00,41,793.55,126.47,0.00
3,190.00,42,497.07,346.93,7.94
3,190.00,43,693.72,801.06,10.97
3,190.00,44,622.59,328.00,7.93
3,190.00,45,494.58,842.78,0.00
3,190.00,46,830.79,386.92,19.06
3,190.00,47,399.01,906.06,6.17
3,190.00,48,17.63,631.02,0.00
3,190.00,49,657.76,822.39,20.01
3,190.00,50,945.35,273.82,17.48
3,190.00,51,749.69,283.78,9.85
3,190.00,52,341.35,94.01,20.86
3,190.00,53,935.17,654.53,7.71
3,190.00,54,482.60,780.07,0.00
3,190.00,55,279.49,393.57,0.00
3,190.00,56,523.24,530.55,22.48
3,190.00,57,366.23,469.93,15.49
3,190.00,58,584.64,390.72,19.74
3,190.00,59,391.77,869.50,22.98
3,190.00,60,543.02,515.97,0.00
3,190.00,61,789.33,507.15,21.65
3,190.00,62,469.02,441.42,10.42
3,190.00,63,380.68,766.69,12.79
3,190.00,64,123.46,927.02,10.33
3,190.00,65,985.95,832.57,15.05
3,190.00,66,637.96,81.60,0.00
3,190.00,67,291.53,608.28,21.84
3,190.00,68,920.62,701.60,0.00
3,190.00,69,202.71,783.09,5.70
3,190.00,70,803.12,300.27,5.12
3,190.00,71,779.58,481.92,8.39
3,190.00,72,468.33,521.14,0.00
3,190.00,73,545.39,411.27,5.03
3,190.00,74,460.66,332.55,19.81
3,190.00,75,176.60,158.68,9.73
3,190.00,76,875.27,141.10,11.75
3,190.00,77,607.90,91.00,0.00
3,190.00,78,879.15,710.11,24.02
3,190.00,79,786.01,598.13,0.00
3,190.00,80,615.87,613.92,13.75
3,190.00,81,149.00,693.40,6.49
3,190.00,82,202.67,772.99,18.03
3,190.00,83,645.11,665.98,5.64
3,190.00,84,679.88,693.85,7.09
3,190.00,85,395.46,450.90,10.33
3,190.00,86,208.03,378.29,6.89
3,190.00,87,673.65,205.74,0.00
3,190.00,88,355.95,433.22,24.74
3,190.00,89,938.83,483.88,21.93
3,190.00,90,514.64,821.39,13.16
3,190.00,91,421.96,647.21,14.76
3,190.00,92,304.73,675.12,0.00
3,190.00,93,344.07,857.03,22.03
3,190.00,94,485.63,559.91,12.11
3,190.00,95,944.90,148.06,6.95
3,190.00,96,240.46,497.24,17.44
3,190.00,97,912.39,532.03,23.04
3,190.00,98,408.42,794.99,5.89
3,190.00,99,202.68,904.76,7.00
3,190.00,100,120.78,392.01,6.68
3,190.00,101,639.47,393.09,6.57
3,190.00,102,400.41,297.21,6.77
3,190.00,103,190.86,976.84,9.22
3,190.00,104,355.08,249.96,8.03
3,190.00,105,639.39,566.97,0.00
3,190.00,106,838.38,679.42,13.72
3,190.00,107,376.52,508.13,20.86
3,190.00,108,609.01,898.92,6.02
3,190.00,109,778.55,237.08,21.01
3,190.00,110,90.79,125.20,0.00
3,190.00,111,959.70,55.40,0.00
3,190.00,112,552.44,385.86,7.62
3,190.00,113,790.20,624.19,10.03
3,190.00,114,546.45,796.74,8.08
3,190.00,115,600.82,54.08,22.62
3,190.00,116,992.16,550.00,0.00
3,190.00,117,299.82,191.36,19.46
3,190.00,118,451.25,458.12,10.92
3,190.00,119,659.88,399.48,6.91
3,190.00,120,495.82,617.80,15.15
3,190.00,121,730.95,739.05,8.94
3,190.00,122,743.13,746.93,5.05
3,190.00,123,790.18,439.42,14.83
3,190.00,124,323.58,244.72,22.51
3,190.00,125,361.26,628.97,12.31
3,190.00,126,768.26,187.84,5.45
3,190.00,127,544.23,55.79,0.00
3,190.00,128,596.14,439.04,14.16
3,190.00,129,518.91,562.86,0.00
3,190.00,130,198.91,863.44,0.00
3,190.00,131,841.17,193.51,0.00
3,190.00,132,272.08,356.76,0.00
3,190.00,133,520.08,208.10,7.78
3,190.00,134,849.53,272.25,8.18
3,190.00,135,213.13,172.11,0.00
3,190.00,136,680.09,712.41,24.53
3,190.00,137,400.61,748.35,9.07
3,190.00,138,699.09,555.08,14.37
3,190.00,139,536.23,296.65,0.00
3,190.00,140,572.19,698.98,8.23
3,190.00,141,762.86,713.40,12.63
3,190.00,142,153.41,532.66,24.34
3,190.00,143,488.71,645.08,13.03
3,190.00,144,427.43,173.41,9.52
3,190.00,145,419.27,33.82,12.26
3,190.00,146,544.11,438.98,9.68
3,190.00,147,497.65,734.15,7.39
3,190.00,148,504.56,132.97,19.96
3,190.00,149,505.67,407.52,17.60
3,200.00,0,581.19,494.52,10.84
3,200.00,1,229.36,826.47,15.14
3,200.00,2,442.24,330.57,10.04
3,200.00,3,115.07,477.87,0.00
3,200.00,4,347.88,699.38,8.58
3,200.00,5,508.42,280.34,11.12
3,200.00,6,513.78,867.80,0.00
3,200.00,7,743.05,142.68,0.00
3,200.00,8,439.58,487.93,9.97
3,200.00,9,797.73,523.89,0.00
3,200.00,10,10.79,480.00,0.00
3,200.00,11,269.54,413.76,5.37
3,200.00,12,382.15,655.35,12.89
3,200.00,13,389.74,664.38,22.00
3,200.00,14,329.58,203.77,0.00
3,200.00,15,493.38,219.60,18.13
3,200.00,16,439.47,412.44,0.00
3,200.00,17,369.61,378.84,20.52
3,200.00,18,439.08,393.48,15.28
3,200.00,19,805.04,772.61,11.00
3,200.00,20,51.79,290.35,0.00
3,200.00,21,501.55,555.42,5.81
3,200.00,22,747.63,267.75,17.35
3,200.00,23,327.30,777.26,6.75
3,200.00,24,108.97,904.77,13.25
3,200.00,25,939.21,401.36,6.09
3,200.00,26,513.08,918.09,0.00
3,200.00,27,447.37,753.14,7.68
3,200.00,28,561.05,599.69,9.02
3,200.00,29,540.47,662.72,17.67
3,200.00,30,888.20,507.37,13.54
3,200.00,31,548.70,954.97,0.00
3,200.00,32,114.13,218.58,12.89
3,200.00,33,794.26,334.11,0.00
3,200.00,34,444.05,725.68,7.91
3,200.00,35,690.76,472.28,9.52
3,200.00,36,563.84,129.72,6.26
3,200.00,37,855.62,309.05,16.16
3,200.00,38,762.04,384.38,7.72
3,200.00,39,301.94,498.57,9.20
3,200.00,40,533.13,862.59,23.91
3,200.00,41,755.80,138.99,6.89
3,200.00,42,455.28,414.45,7.94
3,200.00,43,615.83,723.79,10.97
3,200.00,44,572.97,389.83,7.93
3,200.00,45,522.24,832.15,5.72
3,200.00,46,938.45,392.93,0.00
3,200.00,47,337.57,911.64,6.17
3,200.00,48,101.39,570.21,21.21
3,200.00,49,853.30,865.06,20.01
3,200.00,50,795.04,363.03,17.48
3,200.00,51,764.27,186.34,9.85
3,200.00,52,549.85,98.80,20.86
3,200.00,53,977.75,718.77,7.71
3,200.00,54,524.24,795.12,9.19
3,200.00,55,266.60,374.74,22.51
3,200.00,56,500.25,754.21,22.48
3,200.00,57,430.40,610.89,15.49
3,200.00,58,502.30,211.35,19.74
3,200.00,59,607.45,790.29,22.98
3,200.00,60,482.47,565.08,22.80
3,200.00,61,827.08,720.31,21.65
3,200.00,62,559.75,492.73,10.42
3,200.00,63,366.07,765.83,0.00
3,200.00,64,221.74,895.08,10.33
3,200.00,65,976.09,682.35,15.05
3,200.00,66,596.32,129.71,21.34
3,200.00,67,341.56,762.97,0.00
3,200.00,68,915.34,692.13,11.43
3,200.00,69,249.37,750.31,5.70
3,200.00,70,790.10,349.76,5.12
3,200.00,71,857.80,512.24,8.39
3,200.00,72,371.09,710.26,24.79
3,200.00,73,588.82,436.59,5.03
3,200.00,74,290.76,434.38,19.81
3,200.00,75,163.24,163.82,0.00
3,200.00,76,758.04,132.80,11.75
3,200.00,77,587.54,249.05,17.45
3,200.00,78,991.85,650.81,0.00
3,200.00,79,776.67,563.50,20.09
3,200.00,80,578.90,654.50,0.00
3,200.00,81,97.71,686.98,0.00
3,200.00,82,170.73,832.62,0.00
3,200.00,83,638.09,721.97,5.64
3,200.00,84,703.92,729.32,0.00
3,200.00,85,389.11,347.79,10.33
3,200.00,86,146.26,347.68,6.89
3,200.00,87,685.37,249.80,8.66
3,200.00,88,199.93,241.28,24.74
3,200.00,89,724.94,532.46,21.93
3,200.00,90,426.03,837.39,0.00
3,200.00,91,568.40,629.11,14.76
3,200.00,92,309.66,675.63,5.57
3,200.00,93,301.46,640.90,22.03
3,200.00,94,554.46,659.48,12.11
3,200.00,95,948.20,217.46,6.95
3,200.00,96,66.33,507.14,17.44
3,200.00,97,735.76,679.92,23.04
3,200.00,98,352.34,812.91,5.89
3,200.00,99,254.41,857.59,7.00
3,200.00,100,184.58,411.71,6.68
3,200.00,101,676.39,447.42,6.57
3,200.00,102,332.76,296.20,6.77
3,200.00,103,127.16,985.03,0.00
3,200.00,104,405.07,312.83,8.03
3,200.00,105,670.90,502.75,16.20
3,200.00,106,714.81,699.45,0.00
3,200.00,107,232.22,357.50,20.86
3,200.00,108,666.30,917.49,6.02
3,200.00,109,608.99,361.13,21.01
3,200.00,110,109.18,127.00,6.30
3,200.00,111,904.68,108.32,10.26
3,200.00,112,518.15,317.78,7.62
3,200.00,113,704.45,572.12,10.03
3,200.00,114,515.33,871.28,8.08
3,200.00,115,375.02,39.87,22.62
3,200.00,116,954.33,556.73,8.40
3,200.00,117,283.14,160.54,0.00
3,200.00,118,533.80,386.68,10.92
3,200.00,119,616.40,453.14,6.91
3,200.00,120,347.51,587.11,15.15
3,200.00,121,736.25,649.80,8.94
3,200.00,122,706.96,711.66,5.05
3,200.00,123,921.82,507.77,14.83
3,200.00,124,284.43,105.77,0.00
3,200.00,125,448.26,716.02,12.31
3,200.00,126,816.63,162.80,5.45
3,200.00,127,452.64,98.65,14.13
3,200.00,128,557.97,349.34,0.00
3,200.00,129,484.92,594.21,24.49
3,200.00,130,335.11,795.90,16.77
3,200.00,131,787.64,254.50,8.82
3,200.00,132,347.85,338.89,23.03
3,200.00,133,517.52,181.34,0.00
3,200.00,134,792.27,330.71,8.18
3,200.00,135,204.51,205.19,19.35
3,200.00,136,904.37,612.97,24.53
3,200.00,137,364.91,831.71,9.07
3,200.00,138,639.99,424.14,14.37
3,200.00,139,543.89,305.21,20.53
3,200.00,140,652.25,679.91,8.23
3,200.00,141,659.96,650.40,0.00
3,200.00,142,3.40,365.96,0.00
3,200.00,143,587.06,559.56,13.03
3,200.00,144,479.09,253.36,9.52
3,200.00,145,296.75,29.48,12.26
3,200.00,146,536.18,535.42,9.68
3,200.00,147,463.94,668.42,7.39
3,200.00,148,696.64,78.74,19.96
3,200.00,149,537.53,580.58,17.60
3,210.00,0,482.62,449.38,10.84
3,210.00,1,280.64,684.03,15.14
3,210.00,2,395.15,265.51,0.00
3,210.00,3,153.32,521.42,18.82
3,210.00,4,270.43,736.21,8.58
3,210.00,5,496.53,251.36,0.00
3,210.00,6,462.85,751.49,23.33
3,210.00,7,649.75,191.34,12.14
3,210.00,8,382.30,569.53,9.97
3,210.00,9,692.83,516.40,11.05
3,210.00,10,154.17,628.23,22.55
3,210.00,11,215.90,415.28,5.37
3,210.00,12,435.60,722.55,0.00
3,210.00,13,608.90,683.91,22.00
3,210.00,14,340.10,278.03,9.58
3,210.00,15,674.16,233.81,18.13
3,210.00,16,366.31,436.11,9.93
3,210.00,17,330.57,580.26,20.52
3,210.00,18,572.82,467.45,15.28
3,210.00,19,825.40,788.46,0.00
3,210.00,20,49.53,324.48,16.33
3,210.00,21,486.01,611.42,5.81
3,210.00,22,806.86,274.50,0.00
3,210.00,23,385.00,742.25,6.75
3,210.00,24,11.09,939.07,0.00
3,210.00,25,948.82,341.19,6.09
3,210.00,26,413.10,904.94,14.00
3,210.00,27,370.88,759.75,7.68
3,210.00,28,491.09,542.81,9.02
3,210.00,29,381.16,586.29,17.67
3,210.00,30,793.43,604.06,13.54
3,210.00,31,549.90,845.62,12.42
3,210.00,32,48.71,107.51,12.89
3,210.00,33,809.15,342.20,21.79
3,210.00,34,375.94,685.38,7.91
3,210.00,35,599.30,498.76,9.52
3,210.00,36,593.05,185.06,6.26
3,210.00,37,968.12,282.49,0.00
3,210.00,38,811.18,324.82,7.72
3,210.00,39,356.02,424.13,9.20
3,210.00,40,420.31,767.82,0.00
3,210.00,41,690.37,160.69,6.89
3,210.00,42,413.48,481.98,7.94
3,210.00,43,537.94,646.51,10.97
3,210.00,44,523.35,451.66,7.93
3,210.00,45,575.67,811.63,5.72
3,210.00,46,900.70,443.54,14.54
3,210.00,47,276.14,917.21,6.17
3,210.00,48,273.01,445.58,21.21
3,210.00,49,947.77,885.67,0.00
3,210.00,50,644.73,452.24,17.48
3,210.00,51,778.85,88.90,9.85
3,210.00,52,758.35,103.60,20.86
3,210.00,53,999.39,751.43,0.00
3,210.00,54,610.64,826.35,9.19
3,210.00,55,149.99,204.34,0.00
3,210.00,56,483.72,914.99,0.00
3,210.00,57,485.95,732.91,0.00
3,210.00,58,460.59,120.48,0.00
3,210.00,59,823.14,711.07,22.98
3,210.00,60,305.37,708.74,22.80
3,210.00,61,832.91,753.23,0.00
3,210.00,62,650.48,544.04,10.42
3,210.00,63,426.22,641.54,15.59
3,210.00,64,320.02,863.15,10.33
3,210.00,65,966.24,532.13,15.05
3,210.00,66,456.68,291.09,21.34
3,210.00,67,341.16,733.65,11.47
3,210.00,68,859.69,592.23,11.43
3,210.00,69,296.03,717.52,5.70
3,210.00,70,777.07,399.25,5.12
3,210.00,71,936.03,542.57,8.39
3,210.00,72,269.49,907.86,0.00
3,210.00,73,632.26,461.92,5.03
3,210.00,74,120.87,536.21,19.81
3,210.00,75,114.41,361.30,23.85
3,210.00,76,640.81,124.50,11.75
3,210.00,77,565.25,422.08,17.45
3,210.00,78,947.31,549.25,23.61
3,210.00,79,724.34,369.58,20.09
3,210.00,80,569.80,505.96,24.77
3,210.00,81,113.82,691.87,8.25
3,210.00,82,107.25,769.82,14.29
3,210.00,83,631.06,777.96,5.64
3,210.00,84,607.73,714.23,24.61
3,210.00,85,385.80,294.08,0.00
3,210.00,86,84.49,317.07,6.89
3,210.00,87,707.66,333.52,8.66
3,210.00,88,97.88,115.73,0.00
3,210.00,89,645.05,550.60,0.00
3,210.00,90,396.33,771.26,22.96
3,210.00,91,714.84,611.00,14.76
3,210.00,92,365.09,681.44,5.57
3,210.00,93,258.85,424.76,22.03
3,210.00,94,623.29,759.06,12.11
3,210.00,95,951.49,286.86,6.95
3,210.00,96,45.68,508.32,0.00
3,210.00,97,559.14,827.81,23.04
3,210.00,98,296.26,830.83,5.89
3,210.00,99,306.14,810.43,7.00
3,210.00,100,248.38,431.41,6.68
3,210.00,101,713.30,501.75,6.57
3,210.00,102,265.11,295.19,6.77
3,210.00,103,134.03,961.38,8.11
3,210.00,104,455.06,375.69,8.03
3,210.00,105,742.27,357.30,16.20
3,210.00,106,700.37,686.84,21.88
3,210.00,107,188.99,312.37,0.00
3,210.00,108,723.59,936.05,6.02
3,210.00,109,439.44,485.17,21.01
3,210.00,110,171.93,133.16,6.30
3,210.00,111,830.70,179.48,10.26
3,210.00,112,483.86,249.69,7.62
3,210.00,113,618.70,520.05,10.03
3,210.00,114,501.24,905.03,0.00
3,210.00,115,149.22,25.67,22.62
3,210.00,116,871.63,571.44,8.40
3,210.00,117,328.42,173.55,5.75
3,210.00,118,616.35,315.23,10.92
3,210.00,119,572.92,506.79,6.91
3,210.00,120,199.20,556.41,15.15
3,210.00,121,741.54,560.55,8.94
3,210.00,122,670.78,676.39,5.05
3,210.00,123,963.20,529.26,0.00
3,210.00,124,290.52,160.48,15.35
3,210.00,125,535.26,803.08,12.31
3,210.00,126,864.99,137.77,5.45
3,210.00,127,324.68,158.51,14.13
3,210.00,128,533.46,338.79,8.56
3,210.00,129,304.91,760.20,24.49
3,210.00,130,485.33,721.41,16.77
3,210.00,131,729.44,320.80,8.82
3,210.00,132,571.99,286.05,23.03
3,210.00,133,654.59,143.06,21.74
3,210.00,134,735.01,389.16,8.18
3,210.00,135,155.75,392.50,19.35
3,210.00,136,912.14,609.53,0.00
3,210.00,137,329.21,915.08,9.07
3,210.00,138,592.06,317.96,0.00
3,210.00,139,680.79,458.24,20.53
3,210.00,140,732.30,660.85,8.23
3,210.00,141,657.41,645.63,12.10
3,210.00,142,5.07,373.56,9.87
3,210.00,143,634.40,518.40,0.00
3,210.00,144,530.75,333.31,9.52
3,210.00,145,267.79,28.46,0.00
3,210.00,146,528.26,631.86,9.68
3,210.00,147,430.22,602.69,7.39
3,210.00,148,888.72,24.51,19.96
3,210.00,149,569.39,753.64,17.60
3,220.00,0,384.04,404.23,10.84
3,220.00,1,331.92,541.60,15.14
3,220.00,2,384.60,284.29,10.75
3,220.00,3,264.46,647.95,0.00
3,220.00,4,216.33,761.94,0.00
3,220.00,5,554.76,237.48,8.34
3,220.00,6,369.27,537.76,23.33
3,220.00,7,542.08,247.50,12.14
3,220.00,8,325.35,650.65,0.00
3,220.00,9,582.64,508.54,11.05
3,220.00,10,310.96,790.33,22.55
3,220.00,11,162.25,416.80,5.37
3,220.00,12,447.34,642.93,24.09
3,220.00,13,828.06,703.44,22.00
3,220.00,14,353.55,372.90,9.58
3,220.00,15,732.54,238.40,0.00
3,220.00,16,271.81,466.68,9.93
3,220.00,17,291.52,781.69,20.52
3,220.00,18,706.56,541.42,15.28
3,220.00,19,762.44,796.83,8.30
3,220.00,20,38.71,487.40,16.33
3,220.00,21,470.46,667.42,5.81
3,220.00,22,765.71,266.01,6.40
3,220.00,23,442.71,707.23,6.75
3,220.00,24,15.84,895.02,20.41
3,220.00,25,958.44,281.02,6.09
3,220.00,26,274.33,886.67,14.00
3,220.00,27,294.40,766.37,7.68
3,220.00,28,421.13,485.94,9.02
3,220.00,29,375.57,583.61,0.00
3,220.00,30,698.65,700.74,13.54
3,220.00,31,551.26,721.39,12.42
3,220.00,32,23.87,65.33,0.00
3,220.00,33,940.12,413.36,0.00
3,220.00,34,307.83,645.08,7.91
3,220.00,35,507.84,525.23,9.52
3,220.00,36,622.26,240.39,6.26
3,220.00,37,944.12,275.54,8.78
3,220.00,38,860.32,265.26,7.72
3,220.00,39,410.09,349.69,9.20
3,220.00,40,513.45,782.73,24.58
3,220.00,41,624.93,182.39,6.89
3,220.00,42,371.68,549.51,7.94
3,220.00,43,460.05,569.24,10.97
3,220.00,44,473.74,513.48,7.93
3,220.00,45,629.09,791.11,5.72
3,220.00,46,813.78,560.07,14.54
3,220.00,47,219.39,922.36,0.00
3,220.00,48,444.63,320.96,21.21
3,220.00,49,962.66,918.31,6.94
3,220.00,50,494.43,541.46,17.48
3,220.00,51,785.89,41.87,0.00
3,220.00,52,912.99,107.15,0.00
3,220.00,53,970.55,732.78,6.99
3,220.00,54,697.04,857.57,9.19
3,220.00,55,149.30,212.10,9.44
3,220.00,56,530.70,910.55,16.78
3,220.00,57,466.06,706.20,24.79
3,220.00,58,542.49,144.40,17.29
3,220.00,59,869.92,693.89,0.00
3,220.00,60,128.28,852.41,22.80
3,220.00,61,657.42,689.18,22.09
3,220.00,62,741.21,595.35,10.42
3,220.00,63,494.14,501.18,15.59
3,220.00,64,418.29,831.21,10.33
3,220.00,65,956.38,381.90,15.05
3,220.00,66,317.04,452.46,21.34
3,220.00,67,339.61,618.97,11.47
3,220.00,68,804.05,492.34,11.43
3,220.00,69,342.69,684.73,5.70
3,220.00,70,764.05,448.74,5.12
3,220.00,71,984.94,561.53,0.00
3,220.00,72,275.15,904.23,6.47
3,220.00,73,675.69,487.24,5.03
3,220.00,74,54.78,575.82,0.00
3,220.00,75,57.17,592.81,23.85
3,220.00,76,523.59,116.19,11.75
3,220.00,77,563.90,432.50,0.00
3,220.00,78,852.51,333.05,23.61
3,220.00,79,702.61,289.05,0.00
3,220.00,80,554.64,258.73,24.77
3,220.00,81,192.79,715.84,8.25
3,220.00,82,20.26,683.77,0.00
3,220.00,83,624.04,833.96,5.64
3,220.00,84,364.56,676.08,24.61
3,220.00,85,349.12,356.70,15.15
3,220.00,86,64.59,307.21,0.00
3,220.00,87,729.94,417.24,8.66
3,220.00,88,138.54,152.46,15.84
3,220.00,89,601.56,646.41,16.79
3,220.00,90,302.25,561.77,22.96
3,220.00,91,742.36,607.60,0.00
3,220.00,92,420.53,687.24,5.57
3,220.00,93,216.24,208.63,22.03
3,220.00,94,692.12,858.64,12.11
3,220.00,95,954.79,356.26,6.95
3,220.00,96,189.93,468.94,16.97
3,220.00,97,402.38,959.07,0.00
3,220.00,98,278.51,836.50,0.00
3,220.00,99,357.87,763.27,7.00
3,220.00,100,312.18,451.11,6.68
3,220.00,101,750.22,556.08,6.57
3,220.00,102,197.46,294.19,6.77
3,220.00,103,156.66,883.52,8.11
3,220.00,104,505.05,438.56,8.03
3,220.00,105,813.64,211.85,16.20
3,220.00,106,535.52,542.97,21.88
3,220.00,107,258.32,362.73,12.23
3,220.00,108,780.88,954.61,6.02
3,220.00,109,291.79,593.19,0.00
3,220.00,110,234.68,139.31,6.30
3,220.00,111,756.72,250.64,10.26
3,220.00,112,467.51,217.23,0.00
3,220.00,113,532.95,467.98,10.03
3,220.00,114,427.40,863.97,15.44
3,220.00,115,49.01,19.37,0.00
3,220.00,116,788.93,586.16,8.40
3,220.00,117,383.64,189.42,5.75
3,220.00,118,698.89,243.79,10.92
3,220.00,119,529.44,560.45,6.91
3,220.00,120,151.66,546.57,0.00
3,220.00,121,746.83,471.30,8.94
3,220.00,122,634.60,641.12,5.05
3,220.00,123,859.98,490.22,16.10
3,220.00,124,307.53,313.01,15.35
3,220.00,125,622.25,890.13,12.31
3,220.00,126,913.36,112.74,5.45
3,220.00,127,196.73,218.38,14.13
3,220.00,128,454.84,304.95,8.56
3,220.00,129,237.62,822.25,0.00
3,220.00,130,635.56,646.92,16.77
3,220.00,131,671.25,387.11,8.82
3,220.00,132,796.13,233.20,23.03
3,220.00,133,771.38,110.44,0.00
3,220.00,134,677.76,447.62,8.18
3,220.00,135,106.98,579.80,19.35
3,220.00,136,823.55,597.54,9.26
3,220.00,137,310.48,958.82,0.00
3,220.00,138,564.76,318.27,14.44
3,220.00,139,680.80,458.26,0.00
3,220.00,140,812.35,641.78,8.23
3,220.00,141,600.27,539.00,12.10
3,220.00,142,26.28,469.99,9.87
3,220.00,143,626.73,643.24,24.12
3,220.00,144,582.40,413.25,9.52
3,220.00,145,251.99,210.10,23.88
3,220.00,146,520.33,728.30,9.68
3,220.00,147,396.51,536.97,7.39
3,220.00,148,910.55,18.35,0.00
3,220.00,149,591.74,875.05,0.00
3,230.00,0,285.47,359.09,10.84
3,230.00,1,350.05,491.23,0.00
3,230.00,2,331.97,377.99,10.75
3,230.00,3,264.74,636.93,10.50
3,230.00,4,252.87,746.60,13.15
3,230.00,5,635.84,218.15,8.34
3,230.00,6,346.81,486.47,0.00
3,230.00,7,434.41,303.67,12.14
3,230.00,8,325.56,651.32,12.21
3,230.00,9,472.45,500.67,11.05
3,230.00,10,429.34,912.72,0.00
3,230.00,11,108.61,418.32,5.37
3,230.00,12,482.46,404.62,24.09
3,230.00,13,831.90,703.78,0.00
3,230.00,14,366.99,467.76,9.58
3,230.00,15,695.32,328.64,14.42
3,230.00,16,177.32,497.25,9.93
3,230.00,17,261.71,935.51,0.00
3,230.00,18,840.30,615.40,15.28
3,230.00,19,680.18,807.76,8.30
3,230.00,20,27.88,650.31,16.33
3,230.00,21,459.22,707.91,0.00
3,230.00,22,703.03,253.07,6.40
3,230.00,23,500.42,672.21,6.75
3,230.00,24,37.75,692.09,20.41
3,230.00,25,968.06,220.84,6.09
3,230.00,26,137.33,868.65,0.00
3,230.00,27,219.59,772.83,0.00
3,230.00,28,351.17,429.06,9.02
3,230.00,29,257.35,766.41,22.56
3,230.00,30,603.87,797.43,13.54
3,230.00,31,552.62,597.16,12.42
3,230.00,32,157.38,67.86,21.53
3,230.00,33,910.56,403.50,9.86
3,230.00,34,288.12,633.41,0.00
3,230.00,35,416.38,551.70,9.52
3,230.00,36,651.47,295.73,6.26
3,230.00,37,859.77,251.09,8.78
3,230.00,38,900.13,217.01,0.00
3,230.00,39,464.17,275.25,9.20
3,230.00,40,756.17,821.61,24.58
3,230.00,41,559.49,204.10,6.89
3,230.00,42,329.88,617.04,7.94
3,230.00,43,382.16,491.97,10.97
3,230.00,44,424.12,575.31,7.93
3,230.00,45,682.52,770.59,5.72
3,230.00,46,726.87,676.61,14.54
3,230.00,47,226.83,913.64,15.01
3,230.00,48,603.46,205.63,0.00
3,230.00,49,991.45,981.45,6.94
3,230.00,50,344.12,630.67,17.48
3,230.00,51,762.91,100.42,12.16
3,230.00,52,869.14,145.68,22.60
3,230.00,53,911.88,694.82,6.99
3,230.00,54,783.44,888.80,9.19
3,230.00,55,140.91,306.18,9.44
3,230.00,56,697.78,894.77,16.78
3,230.00,57,317.99,507.34,24.79
3,230.00,58,708.46,192.86,17.29
3,230.00,59,984.74,606.27,18.44
3,230.00,60,58.49,909.02,0.00
3,230.00,61,449.90,613.43,22.09
3,230.00,62,831.94,646.66,10.42
3,230.00,63,562.06,360.83,15.59
3,230.00,64,516.57,799.27,10.33
3,230.00,65,946.52,231.68,15.05
3,230.00,66,270.01,506.82,0.00
3,230.00,67,338.06,504.30,11.47
3,230.00,68,748.40,392.45,11.43
3,230.00,69,389.35,651.94,5.70
3,230.00,70,751.02,498.24,5.12
3,230.00,71,971.72,596.47,9.97
3,230.00,72,329.64,869.25,6.47
3,230.00,73,719.13,512.56,5.03
3,230.00,74,82.45,592.84,5.32
3,230.00,75,13.40,769.80,0.00
3,230.00,76,492.20,113.97,0.00
3,230.00,77,631.81,334.85,12.66
3,230.00,78,803.29,220.80,0.00
3,230.00,79,668.37,287.64,5.86
3,230.00,80,549.60,176.51,0.00
3,230.00,81,271.75,739.81,8.25
3,230.00,82,39.94,706.67,21.01
3,230.00,83,617.01,889.95,5.64
3,230.00,84,222.67,653.81,0.00
3,230.00,85,272.54,487.42,15.15
3,230.00,86,93.46,346.86,7.24
3,230.00,87,747.83,484.47,0.00
3,230.00,88,256.09,258.64,15.84
3,230.00,89,532.15,799.34,16.79
3,230.00,90,208.16,352.28,22.96
3,230.00,91,614.23,620.94,15.86
3,230.00,92,475.96,693.05,5.57
3,230.00,93,200.44,128.46,0.00
3,230.00,94,712.20,887.69,0.00
3,230.00,95,958.09,425.67,6.95
3,230.00,96,353.60,424.26,16.97
3,230.00,97,408.27,937.54,19.85
3,230.00,98,399.63,763.22,20.71
3,230.00,99,409.60,716.10,7.00
3,230.00,100,375.98,470.81,6.68
3,230.00,101,759.33,569.49,0.00
3,230.00,102,129.80,293.18,6.77
3,230.00,103,179.29,805.66,8.11
3,230.00,104,555.05,501.43,8.03
3,230.00,105,865.23,106.72,0.00
3,230.00,106,370.68,399.11,21.88
3,230.00,107,357.30,434.63,12.23
3,230.00,108,838.17,973.17,6.02
3,230.00,109,297.67,600.14,7.05
3,230.00,110,297.43,145.46,6.30
3,230.00,111,682.75,321.80,10.26
3,230.00,112,458.03,247.25,6.02
3,230.00,113,447.20,415.91,10.03
3,230.00,114,292.46,788.94,15.44
3,230.00,115,66.23,105.94,15.87
3,230.00,116,706.24,600.88,8.40
3,230.00,117,438.86,205.29,5.75
3,230.00,118,781.44,172.34,10.92
3,230.00,119,485.96,614.10,6.91
3,230.00,120,180.46,431.33,17.48
3,230.00,121,752.12,382.04,8.94
3,230.00,122,598.43,605.84,5.05
3,230.00,123,709.43,433.29,16.10
3,230.00,124,324.53,465.53,15.35
3,230.00,125,627.73,895.61,0.00
3,230.00,126,961.73,87.71,5.45
3,230.00,127,86.67,269.87,0.00
3,230.00,128,376.22,271.11,8.56
3,230.00,129,336.77,727.00,21.96
3,230.00,130,643.08,643.19,0.00
3,230.00,131,613.05,453.41,8.82
3,230.00,132,996.76,185.90,0.00
3,230.00,133,747.00,123.52,0.00
3,230.00,134,620.50,506.08,8.18
3,230.00,135,58.21,767.10,19.35
3,230.00,136,731.78,585.12,9.26
3,230.00,137,320.06,899.84,12.57
3,230.00,138,420.42,319.90,14.44
3,230.00,139,557.40,319.18,0.00
3,230.00,140,892.40,622.72,8.23
3,230.00,141,574.77,491.39,0.00
3,230.00,142,47.50,566.41,9.87
3,230.00,143,616.64,807.55,0.00
3,230.00,144,634.06,493.20,9.52
3,230.00,145,231.30,447.98,23.88
3,230.00,146,512.40,824.73,9.68
3,230.00,147,362.79,471.24,7.39
3,230.00,148,794.77,138.67,18.84
3,230.00,149,655.44,888.27,21.80
3,240.00,0,186.89,313.95,10.84
3,240.00,1,397.16,424.50,12.64
3,240.00,2,279.33,471.68,10.75
3,240.00,3,267.50,531.96,10.50
3,240.00,4,374.08,695.71,13.15
3,240.00,5,680.03,207.61,0.00
3,240.00,6,239.74,586.66,0.00
3,240.00,7,326.74,359.83,12.14
3,240.00,8,362.77,767.66,12.21
3,240.00,9,362.26,492.81,11.05
3,240.00,10,405.18,880.55,16.42
3,240.00,11,64.03,419.59,0.00
3,240.00,12,513.70,192.61,0.00
3,240.00,13,747.31,693.64,8.67
3,240.00,14,380.43,562.62,9.58
3,240.00,15,640.34,461.92,14.42
3,240.00,16,85.52,526.95,0.00
3,240.00,17,312.37,945.02,21.81
3,240.00,18,919.74,659.33,0.00
3,240.00,19,597.92,818.69,8.30
3,240.00,20,17.06,813.23,16.33
3,240.00,21,457.71,693.69,5.17
3,240.00,22,640.35,240.14,6.40
3,240.00,23,514.53,663.65,0.00
3,240.00,24,59.66,489.17,20.41
3,240.00,25,977.67,160.67,6.09
3,240.00,26,138.58,868.51,9.84
3,240.00,27,217.52,769.44,18.02
3,240.00,28,281.22,372.18,9.02
3,240.00,29,143.78,942.04,0.00
3,240.00,30,598.14,803.28,0.00
3,240.00,31,553.98,472.92,12.42
3,240.00,32,372.59,71.92,21.53
3,240.00,33,817.00,372.28,9.86
3,240.00,34,435.12,641.50,20.72
3,240.00,35,324.92,578.17,9.52
3,240.00,36,680.68,351.06,6.26
3,240.00,37,775.42,226.63,8.78
3,240.00,38,884.05,224.80,9.41
3,240.00,39,518.25,200.81,9.20
3,240.00,40,998.33,860.39,0.00
3,240.00,41,494.06,225.80,6.89
3,240.00,42,288.08,684.57,7.94
3,240.00,43,304.27,414.70,10.97
3,240.00,44,376.12,635.13,0.00
3,240.00,45,735.94,750.07,5.72
3,240.00,46,639.95,793.14,14.54
3,240.00,47,324.24,799.50,15.01
3,240.00,48,600.63,209.43,6.37
3,240.00,49,998.07,995.96,0.00
3,240.00,50,193.82,719.88,17.48
3,240.00,51,718.49,213.59,12.16
3,240.00,52,699.41,294.84,22.60
3,240.00,53,853.20,656.87,6.99
3,240.00,54,827.86,904.85,0.00
3,240.00,55,132.53,400.25,9.44
3,240.00,56,809.47,884.23,0.00
3,240.00,57,290.11,469.88,0.00
3,240.00,58,868.06,239.47,0.00
3,240.00,59,988.36,603.51,0.00
3,240.00,60,123.77,902.96,10.82
3,240.00,61,242.37,537.69,22.09
3,240.00,62,922.67,697.98,10.42
3,240.00,63,629.98,220.48,15.59
3,240.00,64,614.85,767.34,10.33
3,240.00,65,939.63,126.73,0.00
3,240.00,66,393.82,610.52,24.35
3,240.00,67,336.51,389.62,11.47
3,240.00,68,692.75,292.55,11.43
3,240.00,69,436.01,619.16,5.70
3,240.00,70,738.00,547.73,5.12
3,240.00,71,936.46,689.70,9.97
3,240.00,72,384.12,834.27,6.47
3,240.00,73,762.56,537.89,5.03
3,240.00,74,127.74,620.70,5.32
3,240.00,75,29.21,751.01,10.43
3,240.00,76,626.52,103.18,18.40
3,240.00,77,704.07,230.93,12.66
3,240.00,78,789.92,331.38,23.17
3,240.00,79,609.80,285.22,5.86
3,240.00,80,509.38,309.23,20.78
3,240.00,81,350.71,763.77,8.25
3,240.00,82,176.89,866.03,21.01
3,240.00,83,609.99,945.95,5.64
3,240.00,84,227.61,705.21,12.40
3,240.00,85,222.92,572.14,0.00
3,240.00,86,136.06,405.36,7.24
3,240.00,87,724.48,472.68,13.28
3,240.00,88,373.65,364.82,15.84
3,240.00,89,462.74,952.26,16.79
3,240.00,90,114.07,142.79,22.96
3,240.00,91,456.46,637.37,15.86
3,240.00,92,531.39,698.86,5.57
3,240.00,93,282.45,210.94,18.49
3,240.00,94,699.60,853.36,5.16
3,240.00,95,961.38,495.07,6.95
3,240.00,96,517.27,379.59,16.97
3,240.00,97,460.66,746.03,19.85
3,240.00,98,576.83,656.00,20.71
3,240.00,99,461.33,668.94,7.00
3,240.00,100,439.78,490.51,6.68
3,240.00,101,763.56,623.46,7.19
3,240.00,102,62.15,292.18,6.77
3,240.00,103,201.91,727.79,8.11
3,240.00,104,605.04,564.29,8.03
3,240.00,105,840.16,158.05,20.61
3,240.00,106,205.83,255.24,21.88
3,240.00,107,456.28,506.53,12.23
3,240.00,108,842.83,974.68,0.00
3,240.00,109,343.24,653.92,7.05
3,240.00,110,360.18,151.61,6.30
3,240.00,111,608.77,392.95,10.26
3,240.00,112,439.92,304.63,6.02
3,240.00,113,361.45,363.84,10.03
3,240.00,114,157.51,713.92,15.44
3,240.00,115,97.19,261.60,15.87
3,240.00,116,623.54,615.59,8.40
3,240.00,117,494.08,221.16,5.75
3,240.00,118,863.98,100.90,10.92
3,240.00,119,442.48,667.76,6.91
3,240.00,120,222.85,261.72,17.48
3,240.00,121,754.23,346.40,0.00
3,240.00,122,562.25,570.57,5.05
3,240.00,123,558.87,376.35,16.10
3,240.00,124,341.53,618.06,15.35
3,240.00,125,576.44,699.94,21.59
3,240.00,126,996.42,69.76,0.00
3,240.00,127,105.18,297.06,23.52
3,240.00,128,297.60,237.27,8.56
3,240.00,129,495.12,574.88,21.96
3,240.00,130,576.13,613.89,7.69
3,240.00,131,554.86,519.72,8.82
3,240.00,132,990.76,184.03,5.99
3,240.00,133,734.39,153.55,10.03
3,240.00,134,563.24,564.54,8.18
3,240.00,135,42.44,827.67,0.00
3,240.00,136,640.02,572.70,9.26
3,240.00,137,340.21,775.76,12.57
3,240.00,138,276.07,321.52,14.44
3,240.00,139,528.42,341.41,21.03
3,240.00,140,946.51,609.83,0.00
3,240.00,141,534.12,380.49,21.34
3,240.00,142,68.71,662.84,9.87
3,240.00,143,651.23,750.26,21.09
3,240.00,144,685.71,573.15,9.52
3,240.00,145,222.30,551.45,0.00
3,240.00,146,504.47,921.17,9.68
3,240.00,147,329.08,405.51,7.39
3,240.00,148,686.65,251.02,0.00
3,240.00,149,675.60,892.45,0.00
3,250.00,0,88.31,268.81,10.84
3,250.00,1,470.05,321.27,12.64
3,250.00,2,226.70,565.37,10.75
3,250.00,3,270.25,426.99,10.50
3,250.00,4,495.29,644.81,13.15
3,250.00,5,691.36,315.03,23.74
3,250.00,6,248.68,584.30,5.97
3,250.00,7,219.07,415.99,12.14
3,250.00,8,399.97,883.99,12.21
3,250.00,9,291.19,487.74,0.00
3,250.00,10,306.60,749.26,16.42
3,250.00,11,87.31,432.45,15.75
3,250.00,12,530.64,189.48,15.60
3,250.00,13,661.22,683.31,8.67
3,250.00,14,393.87,657.49,9.58
3,250.00,15,585.35,595.21,14.42
3,250.00,16,89.35,528.50,14.45
3,250.00,17,526.72,985.27,21.81
3,250.00,18,865.91,696.08,16.05
3,250.00,19,515.66,829.62,8.30
3,250.00,20,11.59,895.61,0.00
3,250.00,21,452.26,642.32,5.17
3,250.00,22,577.67,227.21,6.40
3,250.00,23,340.62,672.19,23.05
3,250.00,24,81.57,286.24,20.41
3,250.00,25,979.27,150.69,0.00
3,250.00,26,236.38,857.61,9.84
3,250.00,27,123.48,615.72,18.02
3,250.00,28,249.40,346.31,0.00
3,250.00,29,143.10,936.72,7.35
3,250.00,30,629.98,654.64,16.18
3,250.00,31,555.35,348.69,12.42
3,250.00,32,444.25,73.28,0.00
3,250.00,33,723.44,341.06,9.86
3,250.00,34,641.98,652.89,20.72
3,250.00,35,233.46,604.65,9.52
3,250.00,36,709.89,406.39,6.26
3,250.00,37,691.07,202.18,8.78
3,250.00,38,867.07,233.02,0.00
3,250.00,39,525.06,191.43,0.00
3,250.00,40,998.22,859.96,19.03
3,250.00,41,428.62,247.50,6.89
3,250.00,42,246.28,752.10,7.94
3,250.00,43,226.38,337.43,10.97
3,250.00,44,377.04,633.56,5.56
3,250.00,45,789.37,729.55,5.72
3,250.00,46,622.31,816.80,0.00
3,250.00,47,421.65,685.36,15.01
3,250.00,48,562.56,260.47,6.37
3,250.00,49,980.61,837.14,20.74
3,250.00,50,67.53,794.84,0.00
3,250.00,51,674.07,326.75,12.16
3,250.00,52,529.68,443.99,22.60
3,250.00,53,794.53,618.91,6.99
3,250.00,54,806.49,872.04,8.06
3,250.00,55,124.15,494.32,9.44
3,250.00,56,789.42,874.43,6.73
3,250.00,57,474.40,498.87,22.98
3,250.00,58,869.22,245.47,15.94
3,250.00,59,868.24,545.94,13.66
3,250.00,60,231.51,892.96,10.82
3,250.00,61,60.10,471.16,0.00
3,250.00,62,957.32,717.58,0.00
3,250.00,63,652.23,174.50,0.00
3,250.00,64,629.12,762.70,0.00
3,250.00,65,924.45,142.70,7.31
3,250.00,66,580.51,766.88,24.35
3,250.00,67,335.98,351.08,0.00
3,250.00,68,662.53,238.30,0.00
3,250.00,69,482.68,586.37,5.70
3,250.00,70,724.97,597.22,5.12
3,250.00,71,901.20,782.93,9.97
3,250.00,72,438.60,799.30,6.47
3,250.00,73,805.99,563.21,5.03
3,250.00,74,173.03,648.56,5.32
3,250.00,75,96.30,671.19,10.43
3,250.00,76,809.95,88.44,18.40
3,250.00,77,776.32,127.02,12.66
3,250.00,78,762.12,561.39,23.17
3,250.00,79,551.24,282.80,5.86
3,250.00,80,449.10,508.08,20.78
3,250.00,81,429.67,787.74,8.25
3,250.00,82,215.69,911.19,0.00
3,250.00,83,609.79,947.52,0.00
3,250.00,84,239.48,828.62,12.40
3,250.00,85,277.09,607.48,18.38
3,250.00,86,178.66,463.86,7.24
3,250.00,87,605.96,412.85,13.28
3,250.00,88,491.20,471.00,15.84
3,250.00,89,447.05,986.83,0.00
3,250.00,90,67.88,39.94,0.00
3,250.00,91,298.69,653.80,15.86
3,250.00,92,586.83,704.66,5.57
3,250.00,93,412.83,342.05,18.49
3,250.00,94,681.81,804.89,5.16
3,250.00,95,964.68,564.47,6.95
3,250.00,96,680.95,334.91,16.97
3,250.00,97,504.28,586.60,0.00
3,250.00,98,754.04,548.79,20.71
3,250.00,99,513.06,621.78,7.00
3,250.00,100,503.58,510.21,6.68
3,250.00,101,767.83,677.99,0.00
3,250.00,102,16.15,291.49,0.00
3,250.00,103,224.54,649.93,8.11
3,250.00,104,655.03,627.16,8.03
3,250.00,105,749.73,343.23,20.61
3,250.00,106,160.83,215.96,0.00
3,250.00,107,555.26,578.43,12.23
3,250.00,108,805.73,900.67,9.01
3,250.00,109,388.81,707.70,7.05
3,250.00,110,422.93,157.76,6.30
3,250.00,111,534.79,464.11,10.26
3,250.00,112,421.82,362.01,6.02
3,250.00,113,275.70,311.77,10.03
3,250.00,114,22.57,638.89,15.44
3,250.00,115,128.16,417.25,15.87
3,250.00,116,540.84,630.31,8.40
3,250.00,117,549.30,237.02,5.75
3,250.00,118,935.85,38.70,0.00
3,250.00,119,399.00,721.41,6.91
3,250.00,120,241.35,187.70,0.00
3,250.00,121,654.70,302.93,18.08
3,250.00,122,526.08,535.30,5.05
3,250.00,123,508.74,357.39,0.00
3,250.00,124,358.53,770.59,15.35
3,250.00,125,521.70,491.12,21.59
3,250.00,126,970.50,108.29,16.42
3,250.00,127,237.51,491.45,23.52
3,250.00,128,218.98,203.43,8.56
3,250.00,129,653.48,422.77,21.96
3,250.00,130,505.65,583.04,7.69
3,250.00,131,496.66,586.02,8.82
3,250.00,132,933.55,166.26,5.99
3,250.00,133,695.57,245.99,10.03
3,250.00,134,505.98,623.00,8.18
3,250.00,135,165.67,793.58,18.90
3,250.00,136,548.25,560.28,9.26
3,250.00,137,360.36,651.68,12.57
3,250.00,138,131.73,323.15,14.44
3,250.00,139,447.96,403.10,0.00
3,250.00,140,908.37,587.11,13.70
3,250.00,141,460.68,180.16,21.34
3,250.00,142,80.67,717.22,0.00
3,250.00,143,742.98,598.24,0.00
3,250.00,144,737.37,653.10,9.52
3,250.00,145,298.89,555.12,13.57
3,250.00,146,499.67,979.57,0.00
3,250.00,147,295.36,339.79,7.39
3,250.00,148,667.83,273.38,16.96
3,250.00,149,598.92,749.61,17.90
3,260.00,0,32.98,243.48,0.00
3,260.00,1,542.93,218.04,12.64
3,260.00,2,174.07,659.06,10.75
3,260.00,3,273.00,322.02,10.50
3,260.00,4,616.51,593.92,13.15
3,260.00,5,716.25,551.12,23.74
3,260.00,6,306.36,569.06,5.97
3,260.00,7,111.40,472.15,12.14
3,260.00,8,430.92,980.76,0.00
3,260.00,9,331.29,438.11,17.97
3,260.00,10,208.02,617.96,16.42
3,260.00,11,225.16,508.62,15.75
3,260.00,12,684.04,161.11,15.60
3,260.00,13,575.13,672.99,8.67
3,260.00,14,404.21,730.48,0.00
3,260.00,15,530.37,728.50,14.42
3,260.00,16,223.38,582.60,14.45
3,260.00,17,555.55,990.69,0.00
3,260.00,18,774.99,758.15,0.00
3,260.00,19,433.41,840.56,8.30
3,260.00,20,110.19,821.14,24.99
3,260.00,21,446.81,590.95,5.17
3,260.00,22,514.99,214.28,6.40
3,260.00,23,110.44,683.49,23.05
3,260.00,24,102.97,87.97,0.00
3,260.00,25,788.46,204.91,23.78
3,260.00,26,334.18,846.71,9.84
3,260.00,27,78.41,542.04,0.00
3,260.00,28,273.46,303.50,9.01
3,260.00,29,133.85,863.83,7.35
3,260.00,30,663.87,496.42,16.18
3,260.00,31,556.71,224.45,12.42
3,260.00,32,546.80,105.54,16.12
3,260.00,33,629.88,309.84,9.86
3,260.00,34,833.30,663.42,0.00
3,260.00,35,141.99,631.12,9.52
3,260.00,36,739.10,461.73,6.26
3,260.00,37,606.72,177.73,8.78
3,260.00,38,716.04,247.11,18.97
3,260.00,39,362.59,261.57,20.24
3,260.00,40,951.55,675.51,19.03
3,260.00,41,363.18,269.21,6.89
3,260.00,42,204.49,819.62,7.94
3,260.00,43,148.49,260.15,10.97
3,260.00,44,405.10,585.61,5.56
3,260.00,45,839.53,710.27,0.00
3,260.00,46,724.15,651.75,24.33
3,260.00,47,519.06,571.22,15.01
3,260.00,48,524.50,311.51,6.37
3,260.00,49,957.94,630.96,20.74
3,260.00,50,65.79,773.24,13.56
3,260.00,51,629.65,439.92,12.16
3,260.00,52,359.95,593.14,22.60
3,260.00,53,735.86,580.96,6.99
3,260.00,54,762.51,804.51,8.06
3,260.00,55,115.76,588.40,9.44
3,260.00,56,759.51,859.83,0.00
3,260.00,57,701.45,534.59,22.98
3,260.00,58,899.63,401.90,15.94
3,260.00,59,745.10,486.92,13.66
3,260.00,60,339.25,882.97,10.82
3,260.00,61,78.92,482.77,18.16
3,260.00,62,901.93,639.52,15.49
3,260.00,63,609.84,224.79,9.78
3,260.00,64,638.03,601.34,18.91
3,260.00,65,874.07,195.69,7.31
3,260.00,66,581.86,768.01,0.00
3,260.00,67,290.09,419.76,12.44
3,260.00,68,604.31,220.95,13.30
3,260.00,69,529.34,553.58,5.70
3,260.00,70,721.79,609.31,0.00
3,260.00,71,865.94,876.16,9.97
3,260.00,72,493.09,764.32,6.47
3,260.00,73,849.43,588.54,5.03
3,260.00,74,218.32,676.42,5.32
3,260.00,75,163.39,591.38,10.43
3,260.00,76,916.04,79.91,0.00
3,260.00,77,781.93,118.96,0.00
3,260.00,78,734.32,791.40,23.17
3,260.00,79,492.67,280.37,5.86
3,260.00,80,413.59,625.23,0.00
3,260.00,81,508.64,811.71,8.25
3,260.00,82,156.18,795.65,18.13
3,260.00,83,716.67,749.00,23.20
3,260.00,84,247.70,914.19,0.00
3,260.00,85,411.93,695.47,0.00
3,260.00,86,221.26,522.36,7.24
3,260.00,87,488.80,353.71,0.00
3,260.00,88,608.76,577.18,15.84
3,260.00,89,455.74,938.01,6.41
3,260.00,90,111.26,93.41,13.53
3,260.00,91,161.21,668.12,0.00
3,260.00,92,642.26,710.47,5.57
3,260.00,93,543.21,473.16,18.49
3,260.00,94,664.02,756.43,5.16
3,260.00,95,967.98,633.87,6.95
3,260.00,96,728.65,321.89,0.00
3,260.00,97,485.74,619.59,22.60
3,260.00,98,931.24,441.58,20.71
3,260.00,99,564.79,574.61,7.00
3,260.00,100,567.39,529.91,6.68
3,260.00,101,713.65,689.49,23.19
3,260.00,102,58.74,297.47,13.44
3,260.00,103,247.16,572.07,8.11
3,260.00,104,705.02,690.03,8.03
3,260.00,105,679.05,487.98,0.00
3,260.00,106,244.04,230.13,11.61
3,260.00,107,563.63,584.51,0.00
3,260.00,108,765.33,820.09,9.01
3,260.00,109,434.38,761.48,7.05
3,260.00,110,445.21,159.95,0.00
3,260.00,111,460.82,535.27,10.26
3,260.00,112,403.71,419.39,6.02
3,260.00,113,189.95,259.70,10.03
3,260.00,114,18.35,636.54,0.00
3,260.00,115,155.19,553.14,0.00
3,260.00,116,458.14,645.03,8.40
3,260.00,117,604.51,252.89,5.75
3,260.00,118,927.08,40.81,6.97
3,260.00,119,355.52,775.07,6.91
3,260.00,120,328.76,267.66,21.02
3,260.00,121,488.99,230.57,18.08
3,260.00,122,489.90,500.03,5.05
3,260.00,123,453.65,273.99,14.98
3,260.00,124,371.33,885.42,0.00
3,260.00,125,466.96,282.29,21.59
3,260.00,126,878.86,244.57,16.42
3,260.00,127,369.84,685.84,23.52
3,260.00,128,168.62,181.75,0.00
3,260.00,129,811.83,270.65,21.96
3,260.00,130,435.18,552.19,7.69
3,260.00,131,438.46,652.33,8.82
3,260.00,132,876.35,148.49,5.99
3,260.00,133,656.76,338.43,10.03
3,260.00,134,448.73,681.45,8.18
3,260.00,135,347.80,743.20,18.90
3,260.00,136,456.49,547.86,9.26
3,260.00,137,380.51,527.61,12.57
3,260.00,138,123.38,323.24,0.00
3,260.00,139,425.59,467.73,13.20
3,260.00,140,790.67,516.99,13.70
3,260.00,141,406.66,32.78,0.00
3,260.00,142,137.10,728.36,13.19
3,260.00,143,732.30,600.67,6.93
3,260.00,144,789.02,733.05,9.52
3,260.00,145,434.43,561.60,13.57
3,260.00,146,548.95,948.87,14.72
3,260.00,147,261.65,274.06,7.39
3,260.00,148,558.62,403.12,16.96
3,260.00,149,514.25,591.87,17.90
3,270.00,0,100.01,294.32,19.18
3,270.00,1,615.82,114.81,12.64
3,270.00,2,157.87,687.89,0.00
3,270.00,3,275.75,217.05,10.50
3,270.00,4,737.72,543.03,13.15
3,270.00,5,716.99,558.06,0.00
3,270.00,6,364.04,553.82,5.97
3,270.00,7,9.92,525.08,0.00
3,270.00,8,410.31,977.59,12.40
3,270.00,9,444.22,298.33,17.97
3,270.00,10,199.64,606.80,0.00
3,270.00,11,363.01,584.79,15.75
3,270.00,12,837.44,132.74,15.60
3,270.00,13,489.04,662.66,8.67
3,270.00,14,432.30,737.35,12.55
3,270.00,15,481.49,847.00,0.00
3,270.00,16,357.40,636.71,14.45
3,270.00,17,525.20,888.87,12.28
3,270.00,18,789.10,818.49,19.73
3,270.00,19,351.15,851.49,8.30
3,270.00,20,309.62,670.53,24.99
3,270.00,21,441.36,539.58,5.17
3,270.00,22,452.31,201.35,6.40
3,270.00,23,0.21,688.90,0.00
3,270.00,24,102.98,90.57,11.29
3,270.00,25,559.71,269.92,23.78
3,270.00,26,431.98,835.81,9.84
3,270.00,27,118.30,568.17,9.16
3,270.00,28,317.58,224.97,9.01
3,270.00,29,124.60,790.94,7.35
3,270.00,30,697.76,338.21,16.18
3,270.00,31,558.07,100.22,12.42
3,270.00,32,700.55,153.90,16.12
3,270.00,33,536.33,278.62,9.86
3,270.00,34,824.77,666.16,11.93
3,270.00,35,50.53,657.59,9.52
3,270.00,36,768.31,517.06,6.26
3,270.00,37,522.37,153.28,8.78
3,270.00,38,636.58,254.52,0.00
3,270.00,39,211.97,326.59,0.00
3,270.00,40,904.88,491.06,19.03
3,270.00,41,297.75,290.91,6.89
3,270.00,42,165.82,882.10,0.00
3,270.00,43,70.60,182.88,10.97
3,270.00,44,433.16,537.65,5.56
3,270.00,45,828.13,714.20,19.80
3,270.00,46,851.93,444.67,24.33
3,270.00,47,616.47,457.08,15.01
3,270.00,48,486.43,362.54,6.37
3,270.00,49,935.26,424.78,20.74
3,270.00,50,54.88,638.12,13.56
3,270.00,51,585.23,553.09,12.16
3,270.00,52,274.81,667.96,0.00
3,270.00,53,677.18,543.00,6.99
3,270.00,54,718.53,736.99,8.06
3,270.00,55,107.38,682.47,9.44
3,270.00,56,688.54,819.30,16.17
3,270.00,57,852.83,558.40,0.00
3,270.00,58,930.03,558.32,15.94
3,270.00,59,621.96,427.90,13.66
3,270.00,60,446.99,872.97,10.82
3,270.00,61,233.50,578.15,18.16
3,270.00,62,812.30,513.22,15.49
3,270.00,63,546.78,299.56,9.78
3,270.00,64,639.43,576.04,0.00
3,270.00,65,823.69,248.68,7.31
3,270.00,66,501.95,576.57,20.90
3,270.00,67,220.97,523.21,12.44
3,270.00,68,476.87,182.97,13.30
3,270.00,69,576.00,520.79,5.70
3,270.00,70,694.40,569.91,6.35
3,270.00,71,853.35,909.47,0.00
3,270.00,72,547.57,729.35,6.47
3,270.00,73,871.28,601.28,0.00
3,270.00,74,228.61,682.75,0.00
3,270.00,75,230.48,511.57,10.43
3,270.00,76,875.95,143.57,17.84
3,270.00,77,771.31,322.74,22.12
3,270.00,78,733.57,797.55,0.00
3,270.00,79,434.10,277.95,5.86
3,270.00,80,382.75,636.93,8.03
3,270.00,81,516.02,813.95,0.00
3,270.00,82,73.14,634.44,18.13
3,270.00,83,826.63,544.74,23.20
3,270.00,84,212.25,873.81,17.52
3,270.00,85,409.84,707.51,9.87
3,270.00,86,263.86,580.85,7.24
3,270.00,87,490.34,354.27,14.28
3,270.00,88,726.31,683.37,15.84
3,270.00,89,466.97,874.93,6.41
3,270.00,90,196.50,198.43,13.53
3,270.00,91,185.65,653.99,21.94
3,270.00,92,697.69,716.27,5.57
3,270.00,93,673.59,604.28,18.49
3,270.00,94,646.23,707.96,5.16
3,270.00,95,971.27,703.28,6.95
3,270.00,96,683.45,383.12,10.74
3,270.00,97,375.06,816.62,22.60
3,270.00,98,967.21,419.82,0.00
3,270.00,99,592.00,549.81,0.00
3,270.00,100,631.19,549.61,6.68
3,270.00,101,486.85,737.66,23.19
3,270.00,102,191.86,316.15,13.44
3,270.00,103,269.79,494.21,8.11
3,270.00,104,712.77,699.78,0.00
3,270.00,105,651.61,509.34,15.92
3,270.00,106,304.93,240.50,0.00
3,270.00,107,510.44,500.59,10.85
3,270.00,108,724.93,739.52,9.01
3,270.00,109,479.94,815.26,7.05
3,270.00,110,431.21,115.84,7.17
3,270.00,111,386.84,606.42,10.26
3,270.00,112,385.61,476.76,6.02
3,270.00,113,162.46,243.01,0.00
3,270.00,114,61.58,671.29,5.73
3,270.00,115,171.53,527.39,24.02
3,270.00,116,375.44,659.74,8.40
3,270.00,117,659.73,268.76,5.75
3,270.00,118,859.35,57.09,6.97
3,270.00,119,312.04,828.72,6.91
3,270.00,120,483.86,409.53,21.02
3,270.00,121,323.28,158.20,18.08
3,270.00,122,453.73,464.76,5.05
3,270.00,123,372.92,151.78,0.00
3,270.00,124,342.07,831.73,24.74
3,270.00,125,451.19,222.15,0.00
3,270.00,126,787.21,380.85,16.42
3,270.00,127,426.84,769.57,0.00
3,270.00,128,179.62,197.68,5.39
3,270.00,129,862.27,222.20,0.00
3,270.00,130,364.70,521.35,7.69
3,270.00,131,380.27,718.63,8.82
3,270.00,132,819.14,130.72,5.99
3,270.00,133,617.95,430.86,10.03
3,270.00,134,391.47,739.91,8.18
3,270.00,135,529.92,692.81,18.90
3,270.00,136,364.72,535.44,9.26
3,270.00,137,400.65,403.53,12.57
3,270.00,138,137.48,373.78,5.57
3,270.00,139,382.40,592.51,13.20
3,270.00,140,672.96,446.87,13.70
3,270.00,141,440.15,88.08,24.45
3,270.00,142,266.50,753.92,13.19
3,270.00,143,664.71,616.05,6.93
3,270.00,144,831.37,798.59,0.00
3,270.00,145,569.97,568.09,13.57
3,270.00,146,581.91,928.34,0.00
3,270.00,147,227.94,208.33,7.39
3,270.00,148,449.41,532.86,16.96
3,270.00,149,429.57,434.14,17.90
3,280.00,0,252.79,410.22,19.18
3,280.00,1,687.46,13.35,0.00
3,280.00,2,262.24,748.17,17.41
3,280.00,3,276.74,179.45,0.00
3,280.00,4,811.56,512.02,0.00
3,280.00,5,671.28,579.90,5.22
3,280.00,6,421.71,538.59,5.97
3,280.00,7,17.88,528.58,15.11
3,280.00,8,287.77,958.70,12.40
3,280.00,9,541.69,177.68,0.00
3,280.00,10,289.61,509.99,14.44
3,280.00,11,500.86,660.96,15.75
3,280.00,12,975.36,107.24,0.00
3,280.00,13,402.95,652.33,8.67
3,280.00,14,554.18,767.16,12.55
3,280.00,15,483.30,841.04,5.62
3,280.00,16,386.37,648.40,0.00
3,280.00,17,490.12,771.22,12.28
3,280.00,18,815.18,929.98,0.00
3,280.00,19,268.89,862.42,8.30
3,280.00,20,509.06,519.91,24.99
3,280.00,21,435.91,488.22,5.17
3,280.00,22,389.64,188.41,6.40
3,280.00,23,117.77,682.00,22.60
3,280.00,24,103.24,203.50,11.29
3,280.00,25,330.95,334.92,23.78
3,280.00,26,529.77,824.91,9.84
3,280.00,27,194.93,618.35,9.16
3,280.00,28,361.71,146.44,9.01
3,280.00,29,115.35,718.05,7.35
3,280.00,30,731.65,179.99,16.18
3,280.00,31,558.34,75.86,0.00
3,280.00,32,854.30,202.27,16.12
3,280.00,33,442.77,247.40,9.86
3,280.00,34,711.24,702.69,11.93
3,280.00,35,28.56,663.95,0.00
3,280.00,36,771.62,523.33,0.00
3,280.00,37,438.02,128.83,8.78
3,280.00,38,560.08,371.02,24.06
3,280.00,39,219.34,333.11,5.19
3,280.00,40,858.21,306.62,19.03
3,280.00,41,232.44,312.57,0.00
3,280.00,42,167.73,872.42,13.17
3,280.00,43,51.37,163.80,0.00
3,280.00,44,461.21,489.69,5.56
3,280.00,45,640.89,778.64,19.80
3,280.00,46,953.05,280.80,0.00
3,280.00,47,713.88,342.94,15.01
3,280.00,48,448.36,413.58,6.37
3,280.00,49,931.71,392.49,0.00
3,280.00,50,43.98,503.00,13.56
3,280.00,51,540.81,666.25,12.16
3,280.00,52,322.31,648.54,10.30
3,280.00,53,662.86,533.74,0.00
3,280.00,54,674.55,669.46,8.06
3,280.00,55,99.00,776.55,9.44
3,280.00,56,548.12,739.11,16.17
3,280.00,57,892.52,619.68,21.91
3,280.00,58,960.44,714.75,15.94
3,280.00,59,498.81,368.88,13.66
3,280.00,60,554.73,862.98,10.82
3,280.00,61,388.09,673.53,18.16
3,280.00,62,722.68,386.91,15.49
3,280.00,63,483.73,374.34,9.78
3,280.00,64,676.14,618.34,6.47
3,280.00,65,773.31,301.67,7.31
3,280.00,66,472.64,506.36,0.00
3,280.00,67,151.85,626.66,12.44
3,280.00,68,349.43,144.99,13.30
3,280.00,69,622.66,488.00,5.70
3,280.00,70,658.16,517.78,6.35
3,280.00,71,830.45,786.36,19.48
3,280.00,72,602.06,694.37,6.47
3,280.00,73,924.05,654.54,15.09
3,280.00,74,239.57,739.27,7.45
3,280.00,75,297.57,431.76,10.43
3,280.00,76,780.85,294.55,17.84
3,280.00,77,759.79,543.67,22.12
3,280.00,78,633.32,650.64,18.27
3,280.00,79,375.54,275.53,5.86
3,280.00,80,342.01,652.38,0.00
3,280.00,81,459.92,900.31,0.00
3,280.00,82,52.00,593.42,0.00
3,280.00,83,914.80,380.98,0.00
3,280.00,84,96.62,742.15,17.52
3,280.00,85,392.95,804.75,9.87
3,280.00,86,306.46,639.35,7.24
3,280.00,87,624.54,403.07,14.28
3,280.00,88,843.87,789.55,15.84
3,280.00,89,478.19,811.85,6.41
3,280.00,90,281.73,303.46,13.53
3,280.00,91,375.57,544.15,21.94
3,280.00,92,753.13,722.08,5.57
3,280.00,93,801.79,733.20,0.00
3,280.00,94,628.44,659.49,5.16
3,280.00,95,974.57,772.68,6.95
3,280.00,96,619.65,469.53,10.74
3,280.00,97,338.37,881.93,0.00
3,280.00,98,879.44,452.47,11.75
3,280.00,99,545.95,647.12,22.71
3,280.00,100,694.99,569.31,6.68
3,280.00,101,260.05,785.83,23.19
3,280.00,102,324.97,334.83,13.44
3,280.00,103,292.42,416.35,8.11
3,280.00,104,830.38,635.83,15.84
3,280.00,105,525.96,607.18,15.92
3,280.00,106,404.35,278.96,22.78
3,280.00,107,452.34,408.93,10.85
3,280.00,108,684.53,658.94,9.01
3,280.00,109,525.51,869.04,7.05
3,280.00,110,430.07,112.26,0.00
3,280.00,111,312.86,677.58,10.26
3,280.00,112,381.50,489.78,0.00
3,280.00,113,213.12,246.17,7.47
3,280.00,114,106.21,707.16,5.73
3,280.00,115,227.24,439.62,0.00
3,280.00,116,292.74,674.46,8.40
3,280.00,117,714.95,284.62,5.75
3,280.00,118,791.61,73.37,6.97
3,280.00,119,297.45,846.72,0.00
3,280.00,120,638.95,551.40,21.02
3,280.00,121,157.57,85.84,18.08
3,280.00,122,417.55,429.49,5.05
3,280.00,123,376.49,153.32,17.28
3,280.00,124,223.68,614.48,24.74
3,280.00,125,514.66,167.76,11.74
3,280.00,126,695.56,517.13,16.42
3,280.00,127,446.96,740.89,6.15
3,280.00,128,210.23,242.00,5.39
3,280.00,129,870.84,260.70,5.79
3,280.00,130,294.22,490.50,7.69
3,280.00,131,322.07,784.93,8.82
3,280.00,132,761.94,112.95,5.99
3,280.00,133,579.13,523.30,10.03
3,280.00,134,334.21,798.37,8.18
3,280.00,135,712.04,642.42,18.90
3,280.00,136,272.96,523.02,9.26
3,280.00,137,409.48,349.19,0.00
3,280.00,138,152.45,427.42,5.57
3,280.00,139,371.48,624.07,0.00
3,280.00,140,555.26,376.75,13.70
3,280.00,141,566.80,297.27,24.45
3,280.00,142,395.91,779.47,13.19
3,280.00,143,597.11,631.43,6.93
3,280.00,144,790.91,805.44,22.76
3,280.00,145,697.76,574.21,0.00
3,280.00,146,672.51,840.14,17.17
3,280.00,147,194.22,142.60,7.39
3,280.00,148,340.20,662.60,16.96
3,280.00,149,370.59,324.26,0.00
3,290.00,0,405.58,526.12,19.18
3,290.00,1,688.45,16.93,21.72
3,290.00,2,412.99,835.24,17.41
3,290.00,3,348.10,192.91,11.31
3,290.00,4,731.04,567.19,24.98
3,290.00,5,624.18,602.40,5.22
3,290.00,6,479.39,523.35,5.97
3,290.00,7,156.19,589.34,15.11
3,290.00,8,271.78,956.23,0.00
3,290.00,9,566.01,169.35,18.77
3,290.00,10,387.94,404.19,14.44
3,290.00,11,638.71,737.13,15.75
3,290.00,12,950.65,103.50,24.74
3,290.00,13,316.86,642.01,8.67
3,290.00,14,676.05,796.97,12.55
3,290.00,15,499.66,787.26,5.62
3,290.00,16,442.30,481.06,22.51
3,290.00,17,455.04,653.58,12.28
3,290.00,18,716.45,918.18,23.69
3,290.00,19,207.08,870.63,0.00
3,290.00,20,708.49,369.29,24.99
3,290.00,21,430.47,436.85,5.17
3,290.00,22,326.96,175.48,6.40
3,290.00,23,343.37,668.76,22.60
3,290.00,24,103.50,316.42,11.29
3,290.00,25,275.84,350.59,0.00
3,290.00,26,627.57,814.00,9.84
3,290.00,27,271.56,668.53,9.16
3,290.00,28,375.98,121.05,0.00
3,290.00,29,106.10,645.16,7.35
3,290.00,30,765.54,21.77,16.18
3,290.00,31,662.53,73.45,0.00
3,290.00,32,944.47,230.64,0.00
3,290.00,33,349.21,216.18,9.86
3,290.00,34,597.72,739.22,11.93
3,290.00,35,73.25,614.13,8.81
3,290.00,36,697.37,537.90,8.53
3,290.00,37,353.67,104.38,8.78
3,290.00,38,428.04,572.10,24.06
3,290.00,39,258.24,367.47,5.19
3,290.00,40,856.18,298.58,0.00
3,290.00,41,232.67,312.70,12.90
3,290.00,42,182.04,800.25,0.00
3,290.00,43,178.51,185.28,17.12
3,290.00,44,489.27,441.73,5.56
3,290.00,45,453.66,843.09,19.80
3,290.00,46,910.14,270.42,21.15
3,290.00,47,811.29,228.81,15.01
3,290.00,48,410.30,464.62,6.37
3,290.00,49,784.05,469.60,19.75
3,290.00,50,33.07,367.87,13.56
3,290.00,51,496.39,779.42,12.16
3,290.00,52,417.62,609.59,10.30
3,290.00,53,543.78,677.45,24.69
3,290.00,54,630.57,601.93,8.06
3,290.00,55,96.00,810.21,0.00
3,290.00,56,407.70,658.92,16.17
3,290.00,57,964.78,731.25,0.00
3,290.00,58,976.55,797.65,0.00
3,290.00,59,375.67,309.86,13.66
3,290.00,60,630.54,855.94,0.00
3,290.00,61,519.89,754.86,0.00
3,290.00,62,633.05,260.61,15.49
3,290.00,63,420.68,449.12,9.78
3,290.00,64,718.52,667.19,6.47
3,290.00,65,722.93,354.66,7.31
3,290.00,66,523.88,605.96,17.61
3,290.00,67,82.73,730.12,12.44
3,290.00,68,290.70,127.49,0.00
3,290.00,69,669.32,455.22,5.70
3,290.00,70,621.92,465.64,6.35
3,290.00,71,794.83,594.85,19.48
3,290.00,72,656.54,659.39,6.47
3,290.00,73,986.02,717.11,0.00
3,290.00,74,253.76,812.40,7.45
3,290.00,75,364.66,351.95,10.43
3,290.00,76,685.76,445.53,17.84
3,290.00,77,749.19,746.85,0.00
3,290.00,78,530.32,499.69,18.27
3,290.00,79,316.97,273.11,5.86
3,290.00,80,335.63,601.58,11.20
3,290.00,81,489.76,893.58,8.59
3,290.00,82,124.37,574.05,10.05
3,290.00,83,897.96,398.34,12.20
3,290.00,84,34.38,671.27,0.00
3,290.00,85,384.60,852.77,0.00
3,290.00,86,349.06,697.85,7.24
3,290.00,87,758.73,451.86,14.28
3,290.00,88,869.40,812.61,0.00
3,290.00,89,489.42,748.77,6.41
3,290.00,90,366.97,408.49,13.53
3,290.00,91,565.50,434.32,21.94
3,290.00,92,808.56,727.89,5.57
3,290.00,93,797.92,732.45,23.62
3,290.00,94,610.66,611.02,5.16
3,290.00,95,977.86,842.08,6.95
3,290.00,96,555.86,555.94,10.74
3,290.00,97,374.81,826.99,9.86
3,290.00,98,769.31,493.43,11.75
3,290.00,99,503.01,737.86,0.00
3,290.00,100,758.79,589.01,6.68
3,290.00,101,143.83,810.51,0.00
3,290.00,102,458.08,353.51,13.44
3,290.00,103,315.04,338.48,8.11
3,290.00,104,848.55,625.95,0.00
3,290.00,105,400.31,705.01,15.92
3,290.00,106,616.77,361.16,22.78
3,290.00,107,394.23,317.27,10.85
3,290.00,108,644.14,578.37,9.01
3,290.00,109,571.08,922.82,7.05
3,290.00,110,540.63,177.88,13.57
3,290.00,111,238.89,748.74,10.26
3,290.00,112,496.16,466.12,15.15
3,290.00,113,287.71,250.83,7.47
3,290.00,114,150.84,743.04,5.73
3,290.00,115,252.26,533.44,17.12
3,290.00,116,210.04,689.18,8.40
3,290.00,117,770.17,300.49,5.75
3,290.00,118,723.88,89.66,6.97
3,290.00,119,360.50,814.56,10.65
3,290.00,120,794.05,693.28,21.02
3,290.00,121,157.18,85.67,0.00
3,290.00,122,381.37,394.22,5.05
3,290.00,123,535.08,221.95,17.28
3,290.00,124,105.28,397.22,24.74
3,290.00,125,588.81,104.22,0.00
3,290.00,126,652.20,581.59,0.00
3,290.00,127,482.30,690.52,6.15
3,290.00,128,240.84,286.31,5.39
3,290.00,129,883.41,317.19,5.79
3,290.00,130,223.75,459.66,7.69
3,290.00,131,263.88,851.24,8.82
3,290.00,132,704.73,95.18,5.99
3,290.00,133,540.32,615.73,10.03
3,290.00,134,301.79,831.47,0.00
3,290.00,135,894.17,592.04,18.90
3,290.00,136,243.51,519.04,0.00
3,290.00,137,471.52,359.35,11.19
3,290.00,138,167.42,481.06,5.57
3,290.00,139,508.69,653.93,18.80
3,290.00,140,437.55,306.63,13.70
3,290.00,141,644.23,425.14,0.00
3,290.00,142,525.32,805.03,13.19
3,290.00,143,529.51,646.81,6.93
3,290.00,144,566.50,843.45,22.76
3,290.00,145,692.52,576.39,9.93
3,290.00,146,795.58,720.35,17.17
3,290.00,147,160.51,76.88,7.39
3,290.00,148,230.99,792.34,16.96
3,290.00,149,425.24,284.58,22.25
3,300.00,0,558.36,642.02,19.18
3,300.00,1,746.47,226.21,21.72
3,300.00,2,563.73,922.32,17.41
3,300.00,3,459.28,213.87,11.31
3,300.00,4,524.98,708.36,24.98
3,300.00,5,577.09,624.91,5.22
3,300.00,6,537.07,508.11,5.97
3,300.00,7,294.51,650.10,15.11
3,300.00,8,356.12,770.90,23.42
3,300.00,9,743.60,108.44,18.77
3,300.00,10,465.98,320.22,0.00
3,300.00,11,776.56,813.30,15.75
3,300.00,12,706.03,66.46,24.74
3,300.00,13,230.77,631.68,8.67
3,300.00,14,797.92,826.78,12.55
3,300.00,15,516.03,733.49,5.62
3,300.00,16,513.64,267.57,22.51
3,300.00,17,419.97,535.93,12.28
3,300.00,18,481.26,890.07,23.69
3,300.00,19,227.56,860.46,9.20
3,300.00,20,901.60,223.46,0.00
3,300.00,21,425.02,385.48,5.17
3,300.00,22,264.28,162.55,6.40
3,300.00,23,500.80,659.52,0.00
3,300.00,24,103.76,429.34,11.29
3,300.00,25,370.84,323.25,13.02
3,300.00,26,667.50,809.55,0.00
3,300.00,27,348.19,718.71,9.16
3,300.00,28,485.44,218.15,21.62
3,300.00,29,96.85,572.27,7.35
3,300.00,30,768.60,7.46,0.00
3,300.00,31,636.92,107.69,18.03
3,300.00,32,893.27,168.21,19.52
3,300.00,33,313.13,204.14,0.00
3,300.00,34,484.19,775.75,11.93
3,300.00,35,132.07,548.57,8.81
3,300.00,36,613.63,554.33,8.53
3,300.00,37,269.33,79.93,8.78
3,300.00,38,328.64,723.46,0.00
3,300.00,39,297.14,401.82,5.19
3,300.00,40,788.84,415.81,14.14
3,300.00,41,344.12,377.71,12.90
3,300.00,42,151.26,838.69,11.16
3,300.00,43,347.34,213.81,17.12
3,300.00,44,517.33,393.77,5.56
3,300.00,45,266.43,907.53,19.80
3,300.00,46,704.56,220.69,21.15
3,300.00,47,898.15,127.02,0.00
3,300.00,48,403.93,473.16,0.00
3,300.00,49,608.96,561.04,19.75
3,300.00,50,22.17,232.75,13.56
3,300.00,51,473.43,837.93,0.00
3,300.00,52,512.93,570.64,10.30
3,300.00,53,386.26,867.57,24.69
3,300.00,54,586.59,534.40,8.06
3,300.00,55,131.65,815.42,5.61
3,300.00,56,344.01,622.55,0.00
3,300.00,57,874.35,758.31,24.01
3,300.00,58,908.89,764.03,16.08
3,300.00,59,252.52,250.84,13.66
3,300.00,60,601.45,825.64,14.17
3,300.00,61,489.39,749.67,20.99
3,300.00,62,543.42,134.31,15.49
3,300.00,63,357.62,523.90,9.78
3,300.00,64,760.91,716.04,6.47
3,300.00,65,672.55,407.65,7.31
3,300.00,66,604.46,762.58,17.61
3,300.00,67,64.90,756.81,0.00
3,300.00,68,325.63,170.97,10.34
3,300.00,69,715.98,422.43,5.70
3,300.00,70,585.68,413.51,6.35
3,300.00,71,788.63,561.56,0.00
3,300.00,72,711.03,624.42,6.47
3,300.00,73,893.49,696.54,22.76
3,300.00,74,267.94,885.53,7.45
3,300.00,75,431.76,272.14,10.43
3,300.00,76,590.67,596.51,17.84
3,300.00,77,745.48,744.43,5.52
3,300.00,78,468.31,408.82,0.00
3,300.00,79,258.40,270.69,5.86
3,300.00,80,321.68,490.45,11.20
3,300.00,81,573.60,874.67,8.59
3,300.00,82,221.44,548.06,10.05
3,300.00,83,812.99,485.93,12.20
3,300.00,84,58.78,670.02,5.29
3,300.00,85,397.92,822.70,6.50
3,300.00,86,391.66,756.35,7.24
3,300.00,87,879.06,495.61,0.00
3,300.00,88,801.06,789.42,9.22
3,300.00,89,500.65,685.69,6.41
3,300.00,90,452.20,513.52,13.53
3,300.00,91,755.42,324.48,21.94
3,300.00,92,864.00,733.69,5.57
3,300.00,93,732.23,719.76,0.00
3,300.00,94,592.87,562.56,5.16
3,300.00,95,980.56,898.78,0.00
3,300.00,96,492.06,642.35,10.74
3,300.00,97,429.31,744.82,9.86
3,300.00,98,659.18,534.40,11.75
3,300.00,99,596.50,712.37,17.37
3,300.00,100,822.59,608.71,6.68
3,300.00,101,121.72,713.31,20.44
3,300.00,102,533.31,364.07,0.00
3,300.00,103,322.66,312.28,0.00
3,300.00,104,718.03,513.68,19.80
3,300.00,105,274.66,802.85,15.92
3,300.00,106,829.20,443.35,22.78
3,300.00,107,336.13,225.60,10.85
3,300.00,108,603.74,497.80,9.01
3,300.00,109,606.31,964.41,0.00
3,300.00,110,657.31,247.13,13.57
3,300.00,111,164.91,819.90,10.26
3,300.00,112,644.49,435.51,15.15
3,300.00,113,362.29,255.49,7.47
3,300.00,114,195.46,778.91,5.73
3,300.00,115,296.36,698.83,17.12
3,300.00,116,200.66,690.85,0.00
3,300.00,117,817.88,314.20,0.00
3,300.00,118,656.15,105.94,6.97
3,300.00,119,455.37,766.17,10.65
3,300.00,120,949.14,835.15,21.02
3,300.00,121,196.70,150.77,7.63
3,300.00,122,370.18,383.31,0.00
3,300.00,123,656.81,274.64,0.00
3,300.00,124,41.83,280.78,0.00
3,300.00,125,603.73,119.97,12.91
3,300.00,126,541.43,604.97,21.48
3,300.00,127,517.65,640.14,6.15
3,300.00,128,271.45,330.63,5.39
3,300.00,129,895.98,373.68,5.79
3,300.00,130,185.38,442.86,0.00
3,300.00,131,205.68,917.54,8.82
3,300.00,132,647.52,77.41,5.99
3,300.00,133,501.50,708.17,10.03
3,300.00,134,399.14,791.90,24.22
3,300.00,135,937.77,579.97,0.00
3,300.00,136,276.63,409.83,16.81
3,300.00,137,581.91,377.42,11.19
3,300.00,138,182.39,534.69,5.57
3,300.00,139,692.35,693.90,18.80
3,300.00,140,319.85,236.51,13.70
3,300.00,141,691.38,473.36,17.35
3,300.00,142,654.73,830.59,13.19
3,300.00,143,462.18,662.13,0.00
3,300.00,144,342.09,881.46,22.76
3,300.00,145,600.83,614.62,9.93
3,300.00,146,918.65,600.56,17.17
3,300.00,147,126.79,11.15,7.39
3,300.00,148,121.78,922.08,16.96
3,300.00,149,605.31,153.82,22.25
3,310.00,0,711.14,757.92,19.18
3,310.00,1,804.49,435.49,21.72
3,310.00,2,582.15,932.96,0.00
3,310.00,3,570.46,234.83,11.31
3,310.00,4,318.92,849.53,24.98
3,310.00,5,529.99,647.41,5.22
3,310.00,6,594.75,492.88,5.97
3,310.00,7,432.83,710.87,15.11
3,310.00,8,453.12,557.74,23.42
3,310.00,9,921.20,47.53,18.77
3,310.00,10,453.75,305.32,9.34
3,310.00,11,914.42,889.47,15.75
3,310.00,12,461.40,29.42,24.74
3,310.00,13,144.67,621.36,8.67
3,310.00,14,823.22,832.97,0.00
3,310.00,15,532.39,679.71,5.62
3,310.00,16,554.09,146.53,0.00
3,310.00,17,384.89,418.28,12.28
3,310.00,18,246.07,861.95,23.69
3,310.00,19,253.73,847.47,0.00
3,310.00,20,897.10,227.35,18.74
3,310.00,21,419.57,334.11,5.17
3,310.00,22,201.60,149.62,6.40
3,310.00,23,490.88,631.66,9.79
3,310.00,24,104.02,542.27,11.29
3,310.00,25,496.00,287.23,13.02
3,310.00,26,634.52,790.97,6.40
3,310.00,27,424.81,768.89,9.16
3,310.00,28,635.82,351.52,0.00
3,310.00,29,87.60,499.38,7.35
3,310.00,30,678.17,65.53,11.82
3,310.00,31,528.93,252.09,18.03
3,310.00,32,788.45,40.42,0.00
3,310.00,33,371.49,321.59,21.34
3,310.00,34,370.67,812.28,11.93
3,310.00,35,190.89,483.01,8.81
3,310.00,36,529.90,570.76,8.53
3,310.00,37,260.63,77.41,0.00
3,310.00,38,331.98,678.80,18.11
3,310.00,39,336.03,436.18,5.19
3,310.00,40,718.43,538.39,14.14
3,310.00,41,452.38,440.85,0.00
3,310.00,42,89.87,915.39,0.00
3,310.00,43,516.17,242.34,17.12
3,310.00,44,545.39,345.81,5.56
3,310.00,45,79.20,971.98,19.80
3,310.00,46,671.12,212.60,0.00
3,310.00,47,875.79,129.42,20.78
3,310.00,48,520.35,394.99,16.84
3,310.00,49,433.88,652.47,19.75
3,310.00,50,21.94,229.97,0.00
3,310.00,51,445.22,754.32,18.27
3,310.00,52,608.24,531.68,10.30
3,310.00,53,327.88,938.04,0.00
3,310.00,54,542.61,466.87,8.06
3,310.00,55,187.18,823.53,5.61
3,310.00,56,370.35,489.96,24.74
3,310.00,57,644.38,827.14,24.01
3,310.00,58,764.93,692.48,16.08
3,310.00,59,129.38,191.82,13.66
3,310.00,60,503.29,723.39,14.17
3,310.00,61,282.47,714.44,20.99
3,310.00,62,454.13,8.48,0.00
3,310.00,63,294.57,598.68,9.78
3,310.00,64,803.29,764.89,6.47
3,310.00,65,622.17,460.64,7.31
3,310.00,66,607.31,768.12,0.00
3,310.00,67,147.24,643.95,18.83
3,310.00,68,390.40,251.62,10.34
3,310.00,69,750.03,398.50,0.00
3,310.00,70,549.43,361.38,6.35
3,310.00,71,811.78,654.85,11.64
3,310.00,72,765.51,589.44,6.47
3,310.00,73,748.02,664.21,0.00
3,310.00,74,278.46,939.77,0.00
3,310.00,75,498.85,192.33,10.43
3,310.00,76,495.57,747.49,17.84
3,310.00,77,699.28,714.21,5.52
3,310.00,78,444.73,394.21,6.97
3,310.00,79,199.84,268.27,5.86
3,310.00,80,307.73,379.31,11.20
3,310.00,81,657.44,855.76,8.59
3,310.00,82,318.50,522.07,10.05
3,310.00,83,728.03,573.52,12.20
3,310.00,84,111.62,667.31,5.29
3,310.00,85,424.24,763.31,6.50
3,310.00,86,434.26,814.85,7.24
3,310.00,87,859.70,492.79,18.94
3,310.00,88,713.74,759.78,9.22
3,310.00,89,511.88,622.61,6.41
3,310.00,90,537.44,618.55,13.53
3,310.00,91,945.34,214.65,21.94
3,310.00,92,919.43,739.50,5.57
3,310.00,93,720.38,663.12,8.07
3,310.00,94,575.08,514.09,5.16
3,310.00,95,943.45,885.87,21.46
3,310.00,96,428.27,728.76,10.74
3,310.00,97,483.81,662.65,9.86
3,310.00,98,549.05,575.36,11.75
3,310.00,99,630.04,703.22,0.00
3,310.00,100,839.07,613.80,0.00
3,310.00,101,76.37,513.98,20.44
3,310.00,102,533.13,434.48,16.19
3,310.00,103,403.47,258.49,14.63
3,310.00,104,567.92,384.54,19.80
3,310.00,105,149.01,900.68,15.92
3,310.00,106,881.28,463.51,0.00
3,310.00,107,278.02,133.94,10.85
3,310.00,108,563.34,417.22,9.01
3,310.00,109,594.80,941.88,11.16
3,310.00,110,773.99,316.37,13.57
3,310.00,111,157.88,826.66,0.00
3,310.00,112,744.98,414.77,0.00
3,310.00,113,436.87,260.15,7.47
3,310.00,114,240.09,814.78,5.73
3,310.00,115,330.91,828.43,0.00
3,310.00,116,275.65,547.40,18.26
3,310.00,117,798.59,318.10,14.46
3,310.00,118,588.41,122.23,6.97
3,310.00,119,550.24,717.79,10.65
3,310.00,120,952.04,837.80,0.00
3,310.00,121,236.32,216.02,7.63
3,310.00,122,443.11,515.53,21.87
3,310.00,123,612.62,306.79,23.52
3,310.00,124,137.75,253.11,21.52
3,310.00,125,692.50,213.68,12.91
3,310.00,126,428.14,628.88,0.00
3,310.00,127,552.99,589.77,6.15
3,310.00,128,302.06,374.94,5.39
3,310.00,129,908.55,430.18,5.79
3,310.00,130,241.66,426.93,12.84
3,310.00,131,189.81,935.63,0.00
3,310.00,132,614.85,67.26,0.00
3,310.00,133,462.69,800.60,10.03
3,310.00,134,623.55,700.69,24.22
3,310.00,135,813.00,468.95,21.96
3,310.00,136,325.42,249.02,16.81
3,310.00,137,692.30,395.49,11.19
3,310.00,138,193.32,573.88,0.00
3,310.00,139,876.02,733.86,18.80
3,310.00,140,202.14,166.39,13.70
3,310.00,141,769.55,553.30,0.00
3,310.00,142,711.07,841.71,0.00
3,310.00,143,461.58,661.50,22.12
3,310.00,144,127.51,917.81,0.00
3,310.00,145,509.13,652.84,9.93
3,310.00,146,985.63,535.36,0.00
3,310.00,147,123.18,4.10,0.00
3,310.00,148,68.82,985.00,0.00
3,310.00,149,628.31,137.12,0.00
3,320.00,0,863.93,873.82,19.18
3,320.00,1,862.51,644.77,21.72
3,320.00,2,585.87,753.62,20.43
3,320.00,3,681.65,255.79,11.31
3,320.00,4,244.73,900.36,0.00
3,320.00,5,482.90,669.91,5.22
3,320.00,6,652.43,477.64,5.97
3,320.00,7,571.14,771.63,15.11
3,320.00,8,498.65,457.68,0.00
3,320.00,9,945.35,39.25,0.00
3,320.00,10,438.59,286.83,0.00
3,320.00,11,970.83,920.64,0.00
3,320.00,12,410.05,21.65,0.00
3,320.00,13,58.58,611.03,8.67
3,320.00,14,694.21,690.75,24.23
3,320.00,15,548.75,625.94,5.62
3,320.00,16,592.71,166.62,10.05
3,320.00,17,349.82,300.64,12.28
3,320.00,18,192.01,855.49,0.00
3,320.00,19,290.77,789.65,10.06
3,320.00,20,755.37,350.03,18.74
3,320.00,21,419.02,328.93,0.00
3,320.00,22,138.92,136.68,6.40
3,320.00,23,458.03,539.44,9.79
3,320.00,24,104.16,602.48,0.00
3,320.00,25,621.16,251.21,13.02
3,320.00,26,578.77,759.56,6.40
3,320.00,27,501.44,819.07,9.16
3,320.00,28,633.13,354.23,5.41
3,320.00,29,78.35,426.49,7.35
3,320.00,30,578.75,129.39,11.82
3,320.00,31,420.93,396.50,18.03
3,320.00,32,767.53,39.87,13.64
3,320.00,33,466.48,512.72,21.34
3,320.00,34,257.14,848.81,11.93
3,320.00,35,249.71,417.44,8.81
3,320.00,36,446.17,587.18,8.53
3,320.00,37,409.89,229.43,23.75
3,320.00,38,345.49,498.19,18.11
3,320.00,39,374.93,470.53,5.19
3,320.00,40,648.02,660.97,14.14
3,320.00,41,450.66,440.14,6.50
3,320.00,42,95.86,913.16,5.36
3,320.00,43,685.01,270.87,17.12
3,320.00,44,573.45,297.86,5.56
3,320.00,45,35.57,986.99,0.00
3,320.00,46,536.96,258.67,16.94
3,320.00,47,669.18,151.54,20.78
3,320.00,48,660.18,301.11,16.84
3,320.00,49,258.79,743.90,19.75
3,320.00,50,119.89,299.53,12.26
3,320.00,51,386.81,581.22,18.27
3,320.00,52,703.54,492.73,10.30
3,320.00,53,248.04,817.41,22.99
3,320.00,54,498.63,399.35,8.06
3,320.00,55,242.70,831.64,5.61
3,320.00,56,418.54,247.33,24.74
3,320.00,57,414.41,895.98,24.01
3,320.00,58,620.97,620.94,16.08
3,320.00,59,32.08,145.19,0.00
3,320.00,60,405.13,621.13,14.17
3,320.00,61,75.56,679.22,20.99
3,320.00,62,454.09,9.37,24.18
3,320.00,63,254.16,646.60,0.00
3,320.00,64,825.24,790.19,0.00
3,320.00,65,571.79,513.63,7.31
3,320.00,66,594.06,636.55,13.71
3,320.00,67,258.23,491.85,18.83
3,320.00,68,455.17,332.26,10.34
3,320.00,69,717.66,413.85,13.27
3,320.00,70,513.19,309.25,6.35
3,320.00,71,839.81,767.78,11.64
3,320.00,72,820.00,554.47,6.47
3,320.00,73,733.18,675.86,5.46
3,320.00,74,244.48,899.67,20.34
3,320.00,75,518.96,168.40,0.00
3,320.00,76,455.63,810.91,0.00
3,320.00,77,653.09,684.00,5.52
3,320.00,78,385.46,357.48,6.97
3,320.00,79,141.27,265.85,5.86
3,320.00,80,293.78,268.18,11.20
3,320.00,81,741.28,836.86,8.59
3,320.00,82,415.57,496.08,10.05
3,320.00,83,643.07,661.11,12.20
3,320.00,84,164.46,664.60,5.29
3,320.00,85,450.55,703.92,6.50
3,320.00,86,451.34,838.31,0.00
3,320.00,87,672.33,465.47,18.94
3,320.00,88,626.43,730.14,9.22
3,320.00,89,523.10,559.53,6.41
3,320.00,90,622.67,723.58,13.53
3,320.00,91,994.81,186.04,0.00
3,320.00,92,922.63,739.83,0.00
3,320.00,93,703.86,584.09,8.07
3,320.00,94,557.29,465.62,5.16
3,320.00,95,740.72,815.33,21.46
3,320.00,96,364.48,815.17,10.74
3,320.00,97,538.31,580.48,9.86
3,320.00,98,438.92,616.33,11.75
3,320.00,99,509.61,573.68,22.11
3,320.00,100,683.30,532.12,23.71
3,320.00,101,31.02,314.64,20.44
3,320.00,102,532.71,596.40,16.19
3,320.00,103,525.28,177.41,14.63
3,320.00,104,417.81,255.41,19.80
3,320.00,105,54.93,973.94,0.00
3,320.00,106,707.26,491.22,23.34
3,320.00,107,232.80,62.59,0.00
3,320.00,108,547.36,385.34,0.00
3,320.00,109,544.03,842.49,11.16
3,320.00,110,890.67,385.62,13.57
3,320.00,111,296.88,708.47,20.16
3,320.00,112,675.39,443.53,23.34
3,320.00,113,511.45,264.80,7.47
3,320.00,114,284.72,850.65,5.73
3,320.00,115,345.26,823.74,6.97
3,320.00,116,360.24,385.59,18.26
3,320.00,117,656.84,346.75,14.46
3,320.00,118,520.68,138.51,6.97
3,320.00,119,645.10,669.40,10.65
3,320.00,120,890.67,799.71,7.36
3,320.00,121,275.93,281.26,7.63
3,320.00,122,548.72,706.99,21.87
3,320.00,123,582.33,328.82,0.00
3,320.00,124,344.48,193.48,21.52
3,320.00,125,781.27,307.40,12.91
3,320.00,126,433.81,605.79,5.16
3,320.00,127,588.33,539.39,6.15
3,320.00,128,332.67,419.26,5.39
3,320.00,129,921.13,486.67,5.79
3,320.00,130,365.19,391.95,12.84
3,320.00,131,206.37,890.52,6.61
3,320.00,132,583.54,102.25,10.95
3,320.00,133,423.87,893.04,10.03
3,320.00,134,826.22,618.32,0.00
3,320.00,135,659.03,331.94,0.00
3,320.00,136,330.98,230.70,0.00
3,320.00,137,802.69,413.57,11.19
3,320.00,138,256.07,579.82,23.39
3,320.00,139,953.56,750.74,0.00
3,320.00,140,84.44,96.27,13.70
3,320.00,141,781.62,572.08,6.28
3,320.00,142,696.31,768.85,13.17
3,320.00,143,308.96,501.40,22.12
3,320.00,144,127.31,915.00,6.41
3,320.00,145,417.43,691.06,9.93
3,320.00,146,904.75,517.22,18.19
3,320.00,147,241.79,75.60,15.51
3,320.00,148,76.79,939.58,8.95
3,320.00,149,679.90,345.69,24.63
3,330.00,0,925.07,920.20,0.00
3,330.00,1,920.53,854.06,21.72
3,330.00,2,590.11,549.32,20.43
3,330.00,3,690.16,257.39,0.00
3,330.00,4,274.34,765.75,21.54
3,330.00,5,435.81,692.41,5.22
3,330.00,6,710.11,462.41,5.97
3,330.00,7,709.46,832.39,15.11
3,330.00,8,466.51,450.80,6.20
3,330.00,9,784.86,113.11,20.45
3,330.00,10,435.93,180.01,14.36
3,330.00,11,936.58,824.51,17.28
3,330.00,12,482.22,54.94,10.06
3,330.00,13,41.50,608.98,0.00
3,330.00,14,531.39,511.26,24.23
3,330.00,15,565.12,572.16,5.62
3,330.00,16,681.89,212.99,10.05
3,330.00,17,347.26,292.07,0.00
3,330.00,18,249.65,753.98,15.16
3,330.00,19,345.03,704.93,10.06
3,330.00,20,613.64,472.70,18.74
3,330.00,21,605.09,398.71,22.11
3,330.00,22,76.24,123.75,6.40
3,330.00,23,425.19,447.22,9.79
3,330.00,24,170.73,659.53,18.78
3,330.00,25,746.33,215.19,13.02
3,330.00,26,575.26,757.58,0.00
3,330.00,27,578.07,869.25,9.16
3,330.00,28,595.06,392.71,5.41
3,330.00,29,69.10,353.60,7.35
3,330.00,30,524.68,164.11,0.00
3,330.00,31,312.94,540.90,18.03
3,330.00,32,631.22,36.34,13.64
3,330.00,33,561.46,703.86,21.34
3,330.00,34,179.16,873.90,0.00
3,330.00,35,308.52,351.88,8.81
3,330.00,36,362.43,603.61,8.53
3,330.00,37,576.30,398.92,23.75
3,330.00,38,359.01,317.58,18.11
3,330.00,39,413.82,504.89,5.19
3,330.00,40,577.61,783.54,14.14
3,330.00,41,390.67,415.20,6.50
3,330.00,42,146.07,894.49,5.36
3,330.00,43,844.47,297.82,0.00
3,330.00,44,601.51,249.90,5.56
3,330.00,45,87.17,911.30,11.94
3,330.00,46,376.75,313.68,16.94
3,330.00,47,462.56,173.66,20.78
3,330.00,48,800.00,207.22,16.84
3,330.00,49,83.70,835.33,19.75
3,330.00,50,219.89,370.55,12.26
3,330.00,51,363.81,513.06,0.00
3,330.00,52,798.85,453.77,10.30
3,330.00,53,217.28,770.94,0.00
3,330.00,54,454.65,331.82,8.06
3,330.00,55,298.23,839.75,5.61
3,330.00,56,453.48,71.36,0.00
3,330.00,57,380.20,906.22,0.00
3,330.00,58,477.00,549.40,16.08
3,330.00,59,56.70,179.06,19.95
3,330.00,60,404.81,620.80,0.00
3,330.00,61,67.97,677.93,0.00
3,330.00,62,445.08,250.97,24.18
3,330.00,63,270.73,606.51,0.00
3,330.00,64,707.04,768.00,24.94
3,330.00,65,521.41,566.62,7.31
3,330.00,66,580.32,500.16,13.71
3,330.00,67,369.21,339.75,18.83
3,330.00,68,519.94,412.90,10.34
3,330.00,69,597.80,470.69,13.27
3,330.00,70,476.95,257.11,6.35
3,330.00,71,867.83,880.71,11.64
3,330.00,72,874.48,519.49,6.47
3,330.00,73,690.20,709.58,5.46
3,330.00,74,112.97,744.49,20.34
3,330.00,75,553.04,184.28,5.37
3,330.00,76,411.41,707.11,19.45
3,330.00,77,606.89,653.78,5.52
3,330.00,78,326.20,320.76,6.97
3,330.00,79,82.70,263.43,5.86
3,330.00,80,279.83,157.05,11.20
3,330.00,81,825.12,817.95,8.59
3,330.00,82,512.64,470.09,10.05
3,330.00,83,558.11,748.70,12.20
3,330.00,84,217.29,661.88,5.29
3,330.00,85,476.86,644.53,6.50
3,330.00,86,461.65,788.86,8.43
3,330.00,87,484.96,438.15,18.94
3,330.00,88,539.11,700.50,9.22
3,330.00,89,534.33,496.45,6.41
3,330.00,90,707.90,828.61,13.53
3,330.00,91,889.75,159.15,14.67
3,330.00,92,855.62,682.60,9.35
3,330.00,93,687.33,505.05,8.07
3,330.00,94,539.50,417.15,5.16
3,330.00,95,538.00,744.80,21.46
3,330.00,96,341.71,846.02,0.00
3,330.00,97,592.81,498.31,9.86
3,330.00,98,371.41,641.44,0.00
3,330.00,99,359.03,411.73,22.11
3,330.00,100,473.30,422.01,23.71
3,330.00,101,8.18,214.27,0.00
3,330.00,102,532.29,758.31,16.19
3,330.00,103,647.09,96.33,14.63
3,330.00,104,267.70,126.28,19.80
3,330.00,105,69.63,954.79,9.61
3,330.00,106,653.18,499.83,0.00
3,330.00,107,226.77,82.46,9.37
3,330.00,108,490.95,371.34,9.62
3,330.00,109,493.25,743.10,11.16
3,330.00,110,976.04,436.28,0.00
3,330.00,111,450.49,577.85,20.16
3,330.00,112,553.49,493.90,0.00
3,330.00,113,586.03,269.46,7.47
3,330.00,114,329.35,886.52,5.73
3,330.00,115,411.56,802.10,6.97
3,330.00,116,434.39,243.75,0.00
3,330.00,117,515.08,375.41,14.46
3,330.00,118,452.95,154.79,6.97
3,330.00,119,739.97,621.02,10.65
3,330.00,120,828.13,760.88,7.36
3,330.00,121,315.54,346.51,7.63
3,330.00,122,554.57,717.61,0.00
3,330.00,123,534.48,441.00,14.51
3,330.00,124,551.21,133.85,21.52
3,330.00,125,828.36,357.11,0.00
3,330.00,126,446.10,555.70,5.16
3,330.00,127,623.68,489.02,6.15
3,330.00,128,363.28,463.57,5.39
3,330.00,129,933.70,543.16,5.79
3,330.00,130,488.72,356.98,12.84
3,330.00,131,229.16,828.49,6.61
3,330.00,132,510.54,183.82,10.95
3,330.00,133,401.35,946.69,0.00
3,330.00,134,836.25,605.17,17.07
3,330.00,135,650.35,337.66,16.93
3,330.00,136,259.97,413.96,22.18
3,330.00,137,913.07,431.64,11.19
3,330.00,138,488.93,601.85,23.39
3,330.00,139,916.26,765.93,6.97
3,330.00,140,13.79,54.19,0.00
3,330.00,141,815.57,624.92,6.28
3,330.00,142,670.16,639.80,13.17
3,330.00,143,156.34,341.31,22.12
3,330.00,144,122.91,851.08,6.41
3,330.00,145,325.74,729.28,9.93
3,330.00,146,727.27,477.43,18.19
3,330.00,147,374.63,155.69,15.51
3,330.00,148,92.28,851.40,8.95
3,330.00,149,739.04,584.79,24.63
3,340.00,0,787.65,904.64,23.06
3,340.00,1,940.83,927.25,0.00
3,340.00,2,594.34,345.02,20.43
3,340.00,3,752.57,253.35,6.77
3,340.00,4,320.60,555.42,21.54
3,340.00,5,388.71,714.92,5.22
3,340.00,6,767.79,447.17,5.97
3,340.00,7,717.67,836.00,0.00
3,340.00,8,405.93,437.82,6.20
3,340.00,9,599.10,198.60,20.45
3,340.00,10,432.79,54.03,0.00
3,340.00,11,878.61,661.77,17.28
3,340.00,12,573.56,97.07,10.06
3,340.00,13,83.20,628.55,5.75
3,340.00,14,368.56,331.77,24.23
3,340.00,15,581.48,518.38,5.62
3,340.00,16,771.06,259.36,10.05
3,340.00,17,284.65,279.39,6.89
3,340.00,18,263.63,729.36,0.00
3,340.00,19,399.29,620.20,10.06
3,340.00,20,471.91,595.38,18.74
3,340.00,21,812.08,476.33,22.11
3,340.00,22,41.04,116.49,0.00
3,340.00,23,392.34,355.00,9.79
3,340.00,24,313.34,781.74,18.78
3,340.00,25,871.49,179.18,13.02
3,340.00,26,618.43,637.67,13.60
3,340.00,27,583.60,872.87,0.00
3,340.00,28,556.99,431.18,5.41
3,340.00,29,59.85,280.71,7.35
3,340.00,30,541.64,220.59,12.93
3,340.00,31,204.95,685.30,18.03
3,340.00,32,494.91,32.80,13.64
3,340.00,33,601.25,783.92,0.00
3,340.00,34,193.55,864.03,5.57
3,340.00,35,367.34,286.32,8.81
3,340.00,36,345.14,607.00,0.00
3,340.00,37,742.71,568.40,23.75
3,340.00,38,372.52,136.96,18.11
3,340.00,39,452.72,539.25,5.19
3,340.00,40,559.01,815.92,0.00
3,340.00,41,330.68,390.26,6.50
3,340.00,42,196.29,875.81,5.36
3,340.00,43,840.28,307.81,19.51
3,340.00,44,629.57,201.94,5.56
3,340.00,45,154.45,812.62,11.94
3,340.00,46,216.53,368.69,16.94
3,340.00,47,255.95,195.79,20.78
3,340.00,48,939.83,113.34,16.84
3,340.00,49,56.40,849.59,0.00
3,340.00,50,319.88,441.57,12.26
3,340.00,51,397.67,443.75,12.73
3,340.00,52,894.16,414.82,10.30
3,340.00,53,300.26,816.02,12.47
3,340.00,54,417.32,274.51,0.00
3,340.00,55,353.75,847.86,5.61
3,340.00,56,495.07,107.64,20.08
3,340.00,57,397.32,824.39,9.82
3,340.00,58,333.04,477.86,16.08
3,340.00,59,174.03,340.45,19.95
3,340.00,60,479.54,668.98,8.92
3,340.00,61,85.59,529.22,15.55
3,340.00,62,438.29,433.09,0.00
3,340.00,63,280.48,612.50,9.58
3,340.00,64,461.88,721.97,24.94
3,340.00,65,471.03,619.62,7.31
3,340.00,66,566.58,363.78,13.71
3,340.00,67,480.19,187.65,18.83
3,340.00,68,549.80,450.09,0.00
3,340.00,69,477.94,527.52,13.27
3,340.00,70,440.71,204.98,6.35
3,340.00,71,894.28,987.29,0.00
3,340.00,72,924.47,487.40,0.00
3,340.00,73,647.22,743.30,5.46
3,340.00,74,86.36,713.09,0.00
3,340.00,75,601.72,206.96,5.37
3,340.00,76,335.15,528.15,19.45
3,340.00,77,560.69,623.57,5.52
3,340.00,78,266.94,284.03,6.97
3,340.00,79,24.14,261.01,5.86
3,340.00,80,265.88,45.92,11.20
3,340.00,81,908.95,799.04,8.59
3,340.00,82,514.24,469.67,0.00
3,340.00,83,473.15,836.30,12.20
3,340.00,84,270.13,659.17,5.29
3,340.00,85,503.18,585.14,6.50
3,340.00,86,478.86,706.30,8.43
3,340.00,87,297.58,410.84,18.94
3,340.00,88,451.80,670.86,9.22
3,340.00,89,535.28,491.13,0.00
3,340.00,90,793.14,933.63,13.53
3,340.00,91,747.67,122.80,14.67
3,340.00,92,784.51,621.87,9.35
3,340.00,93,670.80,426.02,8.07
3,340.00,94,521.71,368.69,5.16
3,340.00,95,355.85,681.43,0.00
3,340.00,96,346.62,730.32,0.00
3,340.00,97,647.31,416.14,9.86
3,340.00,98,458.01,601.57,24.64
3,340.00,99,339.44,390.65,0.00
3,340.00,100,263.30,311.90,23.71
3,340.00,101,39.15,223.81,6.53
3,340.00,102,532.03,854.93,0.00
3,340.00,103,691.75,66.59,0.00
3,340.00,104,234.07,97.35,0.00
3,340.00,105,128.11,878.59,9.61
3,340.00,106,610.50,493.78,5.63
3,340.00,107,199.57,172.10,9.37
3,340.00,108,397.61,348.18,9.62
3,340.00,109,442.47,643.71,11.16
3,340.00,110,943.00,420.56,13.64
3,340.00,111,604.10,447.23,20.16
3,340.00,112,511.56,460.84,12.27
3,340.00,113,660.61,274.12,7.47
3,340.00,114,352.66,905.26,0.00
3,340.00,115,477.87,780.45,6.97
3,340.00,116,437.32,267.79,19.62
3,340.00,117,373.33,404.07,14.46
3,340.00,118,385.22,171.08,6.97
3,340.00,119,834.84,572.63,10.65
3,340.00,120,765.58,722.06,7.36
3,340.00,121,355.16,411.76,7.63
3,340.00,122,399.13,693.93,16.65
3,340.00,123,477.57,574.43,14.51
3,340.00,124,679.26,96.91,0.00
3,340.00,125,770.90,417.27,17.72
3,340.00,126,458.39,505.61,5.16
3,340.00,127,659.02,438.64,6.15
3,340.00,128,393.89,507.89,5.39
3,340.00,129,946.27,599.65,5.79
3,340.00,130,612.24,322.00,12.84
3,340.00,131,251.94,766.45,6.61
3,340.00,132,437.53,265.39,10.95
3,340.00,133,458.88,900.22,17.62
3,340.00,134,939.76,469.46,17.07
3,340.00,135,509.02,430.89,16.93
3,340.00,136,179.83,620.78,22.18
3,340.00,137,964.05,439.99,0.00
3,340.00,138,721.79,623.89,23.39
3,340.00,139,851.70,792.22,6.97
3,340.00,140,34.15,100.98,12.76
3,340.00,141,849.51,677.76,6.28
3,340.00,142,644.02,510.76,13.17
3,340.00,143,3.73,181.21,22.12
3,340.00,144,118.50,787.15,6.41
3,340.00,145,234.04,767.50,9.93
3,340.00,146,549.80,437.64,18.19
3,340.00,147,507.48,235.77,15.51
3,340.00,148,107.77,763.21,8.95
3,340.00,149,793.73,805.86,0.00
3,350.00,0,558.54,878.69,23.06
3,350.00,1,905.70,926.35,5.40
3,350.00,2,595.89,270.64,0.00
3,350.00,3,820.16,248.97,6.77
3,350.00,4,366.87,345.08,21.54
3,350.00,5,341.62,737.42,5.22
3,350.00,6,825.46,431.93,5.97
3,350.00,7,603.89,832.37,12.10
3,350.00,8,345.35,424.84,6.20
3,350.00,9,413.35,284.09,20.45
3,350.00,10,432.37,64.45,8.51
3,350.00,11,836.58,543.79,0.00
3,350.00,12,664.90,139.20,10.06
3,350.00,13,135.21,652.96,5.75
3,350.00,14,267.49,220.36,0.00
3,350.00,15,597.84,464.61,5.62
3,350.00,16,786.68,267.47,0.00
3,350.00,17,217.13,265.70,6.89
3,350.00,18,391.63,668.61,17.42
3,350.00,19,453.56,535.48,10.06
3,350.00,20,330.18,718.06,18.74
3,350.00,21,843.56,488.14,0.00
3,350.00,22,105.98,152.17,16.90
3,350.00,23,375.31,307.19,0.00
3,350.00,24,455.95,903.95,18.78
3,350.00,25,931.03,162.04,0.00
3,350.00,26,664.51,509.69,13.60
3,350.00,27,594.74,645.75,24.51
3,350.00,28,518.92,469.66,5.41
3,350.00,29,53.12,227.63,0.00
3,350.00,30,578.83,344.39,12.93
3,350.00,31,162.67,741.84,0.00
3,350.00,32,358.60,29.26,13.64
3,350.00,33,510.86,719.23,19.13
3,350.00,34,239.54,832.51,5.57
3,350.00,35,426.16,220.76,8.81
3,350.00,36,348.51,537.75,0.00
3,350.00,37,815.39,642.42,0.00
3,350.00,38,375.79,93.22,0.00
3,350.00,39,491.61,573.60,5.19
3,350.00,40,558.46,711.14,14.24
3,350.00,41,270.68,365.32,6.50
3,350.00,42,246.50,857.14,5.36
3,350.00,43,764.91,487.74,19.51
3,350.00,44,657.63,153.98,5.56
3,350.00,45,221.72,713.94,11.94
3,350.00,46,170.12,384.62,0.00
3,350.00,47,107.49,211.68,0.00
3,350.00,48,952.06,105.12,0.00
3,350.00,49,64.54,731.20,14.06
3,350.00,50,419.88,512.58,12.26
3,350.00,51,453.52,329.41,12.73
3,350.00,52,983.64,378.25,0.00
3,350.00,53,382.77,860.84,0.00
3,350.00,54,402.52,292.98,15.65
3,350.00,55,409.28,855.97,5.61
3,350.00,56,646.41,239.64,20.08
3,350.00,57,417.42,728.26,9.82
3,350.00,58,264.47,443.79,0.00
3,350.00,59,291.36,501.83,19.95
3,350.00,60,554.52,717.31,8.92
3,350.00,61,103.88,374.85,15.55
3,350.00,62,420.01,486.90,23.08
3,350.00,63,362.12,662.64,9.58
3,350.00,64,216.73,675.95,24.94
3,350.00,65,420.65,672.61,7.31
3,350.00,66,552.85,227.39,13.71
3,350.00,67,558.48,80.36,0.00
3,350.00,68,463.30,386.70,19.90
3,350.00,69,358.08,584.36,13.27
3,350.00,70,404.47,152.85,6.35
3,350.00,71,887.61,981.46,15.77
3,350.00,72,924.64,474.98,15.06
3,350.00,73,604.25,777.01,5.46
3,350.00,74,175.29,716.65,11.16
3,350.00,75,650.39,229.63,5.37
3,350.00,76,292.00,426.87,0.00
3,350.00,77,514.49,593.35,5.52
3,350.00,78,207.68,247.30,6.97
3,350.00,79,2.37,260.11,0.00
3,350.00,80,262.96,22.69,0.00
3,350.00,81,921.39,796.24,0.00
3,350.00,82,416.32,512.81,0.00
3,350.00,83,388.19,923.89,12.20
3,350.00,84,322.97,656.46,5.29
3,350.00,85,529.49,525.75,6.50
3,350.00,86,496.07,623.74,8.43
3,350.00,87,240.88,402.57,0.00
3,350.00,88,364.48,641.23,9.22
3,350.00,89,410.79,346.35,20.85
3,350.00,90,813.62,958.88,0.00
3,350.00,91,605.60,86.45,14.67
3,350.00,92,713.39,561.13,9.35
3,350.00,93,654.27,346.99,8.07
3,350.00,94,503.92,320.22,5.16
3,350.00,95,358.26,659.67,21.57
3,350.00,96,368.30,741.62,17.62
3,350.00,97,701.81,333.97,9.86
3,350.00,98,681.82,498.54,24.64
3,350.00,99,195.95,507.08,21.24
3,350.00,100,83.39,217.57,0.00
3,350.00,101,101.54,243.03,6.53
3,350.00,102,553.19,832.23,7.70
3,350.00,103,601.49,70.14,14.26
3,350.00,104,368.55,169.64,19.68
3,350.00,105,186.60,802.38,9.61
3,350.00,106,554.74,485.88,5.63
3,350.00,107,172.37,261.75,9.37
3,350.00,108,304.27,325.02,9.62
3,350.00,109,391.69,544.33,11.16
3,350.00,110,819.84,361.98,13.64
3,350.00,111,748.18,324.72,0.00
3,350.00,112,415.19,384.83,12.27
3,350.00,113,735.19,278.78,7.47
3,350.00,114,406.78,800.96,24.60
3,350.00,115,544.17,758.81,6.97
3,350.00,116,461.06,462.59,19.62
3,350.00,117,231.58,432.72,14.46
3,350.00,118,317.48,187.36,6.97
3,350.00,119,842.62,568.66,0.00
3,350.00,120,703.04,683.24,7.36
3,350.00,121,394.77,477.01,7.63
3,350.00,122,234.56,668.87,16.65
3,350.00,123,420.66,707.86,14.51
3,350.00,124,660.05,147.14,14.13
3,350.00,125,648.52,545.42,17.72
3,350.00,126,470.67,455.52,5.16
3,350.00,127,694.37,388.26,6.15
3,350.00,128,424.50,552.21,5.39
3,350.00,129,958.84,656.15,5.79
3,350.00,130,727.63,289.33,0.00
3,350.00,131,274.72,704.42,6.61
3,350.00,132,364.52,346.96,10.95
3,350.00,133,596.00,789.49,17.62
3,350.00,134,963.12,438.82,0.00
3,350.00,135,367.70,524.11,16.93
3,350.00,136,99.69,827.59,22.18
3,350.00,137,839.64,405.04,24.01
3,350.00,138,935.64,644.12,0.00
3,350.00,139,787.15,818.50,6.97
3,350.00,140,85.07,218.02,12.76
3,350.00,141,883.45,730.60,6.28
3,350.00,142,617.87,381.71,13.17
3,350.00,143,1.73,179.12,0.00
3,350.00,144,114.10,723.22,6.41
3,350.00,145,142.34,805.72,9.93
3,350.00,146,372.32,397.85,18.19
3,350.00,147,557.65,266.02,0.00
3,350.00,148,120.16,692.68,0.00
3,350.00,149,798.38,791.90,19.53
3,360.00,0,329.42,852.73,23.06
3,360.00,1,851.67,924.97,5.40
3,360.00,2,494.30,315.79,17.48
3,360.00,3,887.75,244.59,6.77
3,360.00,4,413.13,134.75,21.54
3,360.00,5,294.53,759.92,5.22
3,360.00,6,883.14,416.70,5.97
3,360.00,7,482.94,828.53,12.10
3,360.00,8,284.78,411.85,6.20
3,360.00,9,227.60,369.58,20.45
3,360.00,10,428.88,149.48,8.51
3,360.00,11,780.40,512.99,23.30
3,360.00,12,756.24,181.33,10.06
3,360.00,13,187.22,677.37,5.75
3,360.00,14,293.41,222.94,6.87
3,360.00,15,614.21,410.83,5.62
3,360.00,16,919.85,321.00,17.40
3,360.00,17,160.33,254.20,0.00
3,360.00,18,549.04,593.90,17.42
3,360.00,19,507.82,450.76,10.06
3,360.00,20,188.45,840.74,18.74
3,360.00,21,707.80,355.99,22.34
3,360.00,22,254.14,233.58,16.90
3,360.00,23,428.53,278.37,12.57
3,360.00,24,518.79,957.80,0.00
3,360.00,25,823.04,205.95,22.23
3,360.00,26,710.59,381.71,13.60
3,360.00,27,606.75,400.97,24.51
3,360.00,28,480.84,508.14,5.41
3,360.00,29,84.97,269.99,19.50
3,360.00,30,616.01,468.18,12.93
3,360.00,31,245.66,767.09,14.26
3,360.00,32,222.29,25.73,13.64
3,360.00,33,355.33,607.90,19.13
3,360.00,34,285.52,800.99,5.57
3,360.00,35,463.00,179.69,0.00
3,360.00,36,352.51,543.61,7.26
3,360.00,37,818.18,607.10,6.29
3,360.00,38,481.10,94.38,13.90
3,360.00,39,530.51,607.96,5.19
3,360.00,40,557.71,568.73,14.24
3,360.00,41,220.82,344.60,0.00
3,360.00,42,296.71,838.47,5.36
3,360.00,43,689.54,667.68,19.51
3,360.00,44,678.65,118.05,0.00
3,360.00,45,288.99,615.26,11.94
3,360.00,46,261.23,327.73,15.12
3,360.00,47,168.94,211.55,21.83
3,360.00,48,922.95,147.19,5.61
3,360.00,49,74.19,590.93,14.06
3,360.00,50,519.88,583.60,12.26
3,360.00,51,509.37,215.07,12.73
3,360.00,52,982.60,383.06,8.05
3,360.00,53,381.62,836.45,9.90
3,360.00,54,304.67,415.08,15.65
3,360.00,55,464.80,864.08,5.61
3,360.00,56,797.75,371.65,20.08
3,360.00,57,437.52,632.14,9.82
3,360.00,58,290.89,434.53,5.34
3,360.00,59,332.89,558.95,0.00
3,360.00,60,629.50,765.65,8.92
3,360.00,61,122.17,220.48,15.55
3,360.00,62,345.77,705.44,23.08
3,360.00,63,443.76,712.78,9.58
3,360.00,64,100.54,654.14,0.00
3,360.00,65,370.27,725.60,7.31
3,360.00,66,539.11,91.00,13.71
3,360.00,67,538.42,88.74,7.38
3,360.00,68,302.78,269.07,19.90
3,360.00,69,343.32,591.35,0.00
3,360.00,70,370.26,103.64,0.00
3,360.00,71,768.98,877.62,15.77
3,360.00,72,926.69,324.43,15.06
3,360.00,73,561.27,810.73,5.46
3,360.00,74,286.76,721.11,11.16
3,360.00,75,699.07,252.31,5.37
3,360.00,76,350.16,386.70,16.28
3,360.00,77,468.29,563.14,5.52
3,360.00,78,148.41,210.58,6.97
3,360.00,79,43.73,297.24,8.85
3,360.00,80,365.89,141.40,19.86
3,360.00,81,917.89,739.44,6.68
3,360.00,82,426.41,546.73,8.43
3,360.00,83,367.76,944.94,0.00
3,360.00,84,375.80,653.74,5.29
3,360.00,85,555.80,466.37,6.50
3,360.00,86,513.28,541.18,8.43
3,360.00,87,370.14,371.08,19.08
3,360.00,88,277.23,611.61,0.00
3,360.00,89,316.16,236.29,0.00
3,360.00,90,760.03,904.03,10.09
3,360.00,91,595.87,83.96,0.00
3,360.00,92,642.28,500.40,9.35
3,360.00,93,637.74,267.95,8.07
3,360.00,94,486.13,271.75,5.16
3,360.00,95,382.02,445.30,21.57
3,360.00,96,524.55,823.11,17.62
3,360.00,97,728.15,294.25,0.00
3,360.00,98,905.63,395.51,24.64
3,360.00,99,153.47,541.55,0.00
3,360.00,100,88.04,223.44,5.23
3,360.00,101,163.93,262.24,6.53
3,360.00,102,605.67,775.94,7.70
3,360.00,103,458.96,75.75,14.26
3,360.00,104,456.24,216.77,0.00
3,360.00,105,245.09,726.18,9.61
3,360.00,106,498.98,477.98,5.63
3,360.00,107,145.16,351.39,9.37
3,360.00,108,210.92,301.86,9.62
3,360.00,109,340.92,444.94,11.16
3,360.00,110,696.69,303.39,13.64
3,360.00,111,756.16,314.15,21.35
3,360.00,112,318.82,308.82,12.27
3,360.00,113,809.78,283.44,7.47
3,360.00,114,520.09,582.61,24.60
3,360.00,115,610.47,737.17,6.97
3,360.00,116,484.80,657.39,19.62
3,360.00,117,102.62,458.79,0.00
3,360.00,118,291.67,193.57,0.00
3,360.00,119,713.50,608.75,14.73
3,360.00,120,640.50,644.42,7.36
3,360.00,121,434.39,542.26,7.63
3,360.00,122,79.56,645.26,0.00
3,360.00,123,363.75,841.29,14.51
3,360.00,124,609.56,279.14,14.13
3,360.00,125,535.30,663.97,0.00
3,360.00,126,482.96,405.43,5.16
3,360.00,127,729.71,337.89,6.15
3,360.00,128,455.11,596.52,5.39
3,360.00,129,971.42,712.64,5.79
3,360.00,130,722.59,291.91,8.60
3,360.00,131,297.50,642.38,6.61
3,360.00,132,291.52,428.54,10.95
3,360.00,133,733.11,678.75,17.62
3,360.00,134,865.81,461.29,12.90
3,360.00,135,226.37,617.33,16.93
3,360.00,136,81.02,875.79,0.00
3,360.00,137,608.52,340.12,24.01
3,360.00,138,940.34,649.60,8.85
3,360.00,139,722.59,844.79,6.97
3,360.00,140,135.99,335.05,12.76
3,360.00,141,917.40,783.43,6.28
3,360.00,142,591.72,252.66,13.17
3,360.00,143,16.98,250.73,7.42
3,360.00,144,109.69,659.30,6.41
3,360.00,145,106.13,820.82,0.00
3,360.00,146,194.84,358.06,18.19
3,360.00,147,539.40,334.30,11.36
3,360.00,148,118.88,650.26,21.19
3,360.00,149,860.11,606.60,19.53
3,370.00,0,140.93,831.38,0.00
3,370.00,1,797.65,923.59,5.40
3,370.00,2,334.56,386.78,17.48
3,370.00,3,941.62,241.10,0.00
3,370.00,4,421.67,95.96,0.00
3,370.00,5,247.43,782.42,5.22
3,370.00,6,940.82,401.46,5.97
3,370.00,7,361.99,824.68,12.10
3,370.00,8,224.20,398.87,6.20
3,370.00,9,87.85,433.90,0.00
3,370.00,10,425.39,234.51,8.51
3,370.00,11,576.10,400.98,23.30
3,370.00,12,847.59,223.46,10.06
3,370.00,13,239.23,701.78,5.75
3,370.00,14,361.75,229.74,6.87
3,370.00,15,630.57,357.06,5.62
3,370.00,16,983.02,346.39,0.00
3,370.00,17,191.62,268.26,21.60
3,370.00,18,706.44,519.18,17.42
3,370.00,19,562.09,366.04,10.06
3,370.00,20,46.72,963.41,18.74
3,370.00,21,547.68,200.13,22.34
3,370.00,22,402.29,314.99,16.90
3,370.00,23,539.04,218.53,12.57
3,370.00,24,420.44,934.61,18.06
3,370.00,25,617.06,289.69,22.23
3,370.00,26,756.67,253.73,13.60
3,370.00,27,613.37,265.96,0.00
3,370.00,28,442.77,546.61,5.41
3,370.00,29,202.16,425.87,19.50
3,370.00,30,653.20,591.98,12.93
3,370.00,31,382.04,808.58,14.26
3,370.00,32,85.98,22.19,13.64
3,370.00,33,199.80,496.57,19.13
3,370.00,34,331.50,769.47,5.57
3,370.00,35,502.13,245.57,20.51
3,370.00,36,393.43,603.55,7.26
3,370.00,37,823.14,544.40,6.29
3,370.00,38,620.08,95.91,13.90
3,370.00,39,569.40,642.32,5.19
3,370.00,40,556.96,426.33,14.24
3,370.00,41,186.82,324.91,23.26
3,370.00,42,346.92,819.80,5.36
3,370.00,43,614.18,847.61,19.51
3,370.00,44,638.01,156.25,22.24
3,370.00,45,356.26,516.59,11.94
3,370.00,46,389.49,247.64,15.12
3,370.00,47,387.24,211.06,21.83
3,370.00,48,891.05,193.31,5.61
3,370.00,49,83.83,450.67,14.06
3,370.00,50,619.87,654.61,12.26
3,370.00,51,565.22,100.73,12.73
3,370.00,52,965.58,461.76,8.05
3,370.00,53,376.94,737.59,9.90
3,370.00,54,206.82,537.18,15.65
3,370.00,55,520.33,872.18,5.61
3,370.00,56,811.09,383.29,0.00
3,370.00,57,457.63,536.01,9.82
3,370.00,58,341.33,416.87,5.34
3,370.00,59,461.39,644.49,23.89
3,370.00,60,704.47,813.99,8.92
3,370.00,61,131.25,143.83,0.00
3,370.00,62,271.52,923.99,23.08
3,370.00,63,525.40,762.92,9.58
3,370.00,64,162.93,670.81,12.28
3,370.00,65,319.89,778.59,7.31
3,370.00,66,535.69,57.05,0.00
3,370.00,67,470.34,117.22,7.38
3,370.00,68,208.66,200.10,0.00
3,370.00,69,345.07,642.55,5.84
3,370.00,70,371.10,110.99,13.17
3,370.00,71,650.34,773.77,15.77
3,370.00,72,928.75,173.89,15.06
3,370.00,73,518.29,844.45,5.46
3,370.00,74,398.24,725.56,11.16
3,370.00,75,747.75,274.99,5.37
3,370.00,76,484.14,294.16,16.28
3,370.00,77,422.09,532.92,5.52
3,370.00,78,89.15,173.85,6.97
3,370.00,79,109.57,356.34,8.85
3,370.00,80,496.03,291.48,19.86
3,370.00,81,913.78,672.75,6.68
3,370.00,82,450.42,627.51,8.43
3,370.00,83,348.59,833.69,14.86
3,370.00,84,428.64,651.03,5.29
3,370.00,85,582.12,406.98,6.50
3,370.00,86,530.49,458.63,8.43
3,370.00,87,555.48,325.94,19.08
3,370.00,88,277.13,611.61,13.68
3,370.00,89,357.96,277.37,19.28
3,370.00,90,689.47,831.83,10.09
3,370.00,91,523.12,243.80,18.85
3,370.00,92,571.17,439.66,9.35
3,370.00,93,632.03,240.65,0.00
3,370.00,94,468.34,223.28,5.16
3,370.00,95,387.95,391.82,0.00
3,370.00,96,680.80,904.60,17.62
3,370.00,97,747.28,411.78,23.05
3,370.00,98,961.36,369.85,0.00
3,370.00,99,248.43,692.19,23.98
3,370.00,100,120.55,264.40,5.23
3,370.00,101,226.32,281.45,6.53
3,370.00,102,658.14,719.64,7.70
3,370.00,103,317.03,81.34,0.00
3,370.00,104,444.89,245.34,6.22
3,370.00,105,303.57,649.98,9.61
3,370.00,106,443.22,470.08,5.63
3,370.00,107,117.96,441.04,9.37
3,370.00,108,117.58,278.70,9.62
3,370.00,109,290.14,345.55,11.16
3,370.00,110,573.54,244.81,13.64
3,370.00,111,884.81,143.80,21.35
3,370.00,112,222.45,232.81,12.27
3,370.00,113,884.36,288.09,7.47
3,370.00,114,633.41,364.25,24.60
3,370.00,115,676.77,715.52,6.97
3,370.00,116,486.64,672.44,0.00
3,370.00,117,107.61,454.84,7.05
3,370.00,118,406.62,281.18,0.00
3,370.00,119,572.86,652.41,14.73
3,370.00,120,577.95,605.60,7.36
3,370.00,121,474.00,607.51,7.63
3,370.00,122,91.29,640.54,21.76
3,370.00,123,348.40,877.27,0.00
3,370.00,124,559.07,411.13,14.13
3,370.00,125,518.82,665.81,22.13
3,370.00,126,487.07,388.70,0.00
3,370.00,127,765.05,287.51,6.15
3,370.00,128,456.88,599.09,0.00
3,370.00,129,975.69,731.85,0.00
3,370.00,130,646.00,331.04,8.60
3,370.00,131,320.29,580.35,6.61
3,370.00,132,233.04,493.88,0.00
3,370.00,133,870.23,568.02,17.62
3,370.00,134,740.13,490.32,12.90
3,370.00,135,85.04,710.55,16.93
3,370.00,136,79.55,754.45,15.82
3,370.00,137,377.40,275.19,24.01
3,370.00,138,971.31,685.72,0.00
3,370.00,139,684.80,860.18,0.00
3,370.00,140,186.92,452.09,12.76
3,370.00,141,928.62,800.90,0.00
3,370.00,142,572.80,159.26,0.00
3,370.00,143,32.44,323.29,7.42
3,370.00,144,105.29,595.37,6.41
3,370.00,145,152.21,794.20,8.80
3,370.00,146,44.83,324.42,0.00
3,370.00,147,510.08,444.02,11.36
3,370.00,148,112.49,438.45,21.19
3,370.00,149,921.84,421.31,19.53
3,380.00,0,137.12,842.93,6.86
3,380.00,1,743.62,922.21,5.40
3,380.00,2,174.82,457.78,17.48
3,380.00,3,920.56,264.08,15.35
3,380.00,4,432.31,135.77,5.05
3,380.00,5,212.75,799.00,0.00
3,380.00,6,979.03,391.37,0.00
3,380.00,7,241.05,820.83,12.10
3,380.00,8,163.62,385.89,6.20
3,380.00,9,105.64,473.93,17.69
3,380.00,10,421.90,319.53,8.51
3,380.00,11,519.24,369.80,0.00
3,380.00,12,938.93,265.60,10.06
3,380.00,13,291.24,726.19,5.75
3,380.00,14,430.09,236.53,6.87
3,380.00,15,646.93,303.28,5.62
3,380.00,16,882.64,337.28,16.56
3,380.00,17,318.80,325.38,0.00
3,380.00,18,729.68,508.16,0.00
3,380.00,19,616.35,281.31,10.06
3,380.00,20,16.46,989.61,0.00
3,380.00,21,448.83,103.91,0.00
3,380.00,22,550.45,396.39,16.90
3,380.00,23,649.55,158.69,12.57
3,380.00,24,244.62,893.17,18.06
3,380.00,25,411.09,373.42,22.23
3,380.00,26,802.75,125.75,13.60
3,380.00,27,566.96,340.80,19.64
3,380.00,28,404.70,585.09,5.41
3,380.00,29,308.05,566.71,0.00
3,380.00,30,685.23,698.64,0.00
3,380.00,31,410.57,817.26,0.00
3,380.00,32,61.81,21.56,0.00
3,380.00,33,139.65,453.52,0.00
3,380.00,34,377.49,737.95,5.57
3,380.00,35,606.86,421.91,20.51
3,380.00,36,434.35,663.48,7.26
3,380.00,37,828.10,481.70,6.29
3,380.00,38,759.05,97.45,13.90
3,380.00,39,608.30,676.67,5.19
3,380.00,40,556.21,283.93,14.24
3,380.00,41,28.55,233.27,0.00
3,380.00,42,397.14,801.13,5.36
3,380.00,43,607.47,863.63,0.00
3,380.00,44,475.98,308.53,22.24
3,380.00,45,423.54,417.91,11.94
3,380.00,46,517.75,167.54,15.12
3,380.00,47,605.53,210.57,21.83
3,380.00,48,859.14,239.42,5.61
3,380.00,49,93.48,310.41,14.06
3,380.00,50,698.11,710.18,0.00
3,380.00,51,589.60,50.84,0.00
3,380.00,52,948.57,540.46,8.05
3,380.00,53,372.26,638.73,9.90
3,380.00,54,197.50,548.80,0.00
3,380.00,55,575.85,880.29,5.61
3,380.00,56,746.97,370.71,7.17
3,380.00,57,464.16,504.78,0.00
3,380.00,58,391.77,399.21,5.34
3,380.00,59,540.11,696.90,0.00
3,380.00,60,779.45,862.32,8.92
3,380.00,61,145.62,217.75,14.96
3,380.00,62,261.63,953.10,0.00
3,380.00,63,607.04,813.06,9.58
3,380.00,64,281.52,702.51,12.28
3,380.00,65,269.51,831.58,7.31
3,380.00,66,553.65,239.16,24.37
3,380.00,67,410.24,142.35,0.00
3,380.00,68,258.86,258.93,18.70
3,380.00,69,347.06,700.92,5.84
3,380.00,70,386.08,241.88,13.17
3,380.00,71,531.70,669.93,15.77
3,380.00,72,930.08,76.13,0.00
3,380.00,73,487.89,868.31,0.00
3,380.00,74,509.72,730.02,11.16
3,380.00,75,796.42,297.67,5.37
3,380.00,76,618.13,201.61,16.28
3,380.00,77,375.89,502.71,5.52
3,380.00,78,68.28,160.92,0.00
3,380.00,79,175.41,415.44,8.85
3,380.00,80,513.20,311.28,0.00
3,380.00,81,909.67,606.07,6.68
3,380.00,82,474.44,708.29,8.43
3,380.00,83,323.34,687.23,14.86
3,380.00,84,481.48,648.32,5.29
3,380.00,85,608.43,347.59,6.50
3,380.00,86,547.70,376.07,8.43
3,380.00,87,740.82,280.79,19.08
3,380.00,88,206.26,608.47,0.00
3,380.00,89,495.51,412.54,19.28
3,380.00,90,618.92,759.64,10.09
3,380.00,91,445.02,415.39,18.85
3,380.00,92,500.05,378.92,9.35
3,380.00,93,562.11,292.55,13.30
3,380.00,94,450.55,174.82,5.16
3,380.00,95,406.97,247.46,19.40
3,380.00,96,834.38,984.68,0.00
3,380.00,97,784.29,639.26,23.05
3,380.00,98,885.67,431.72,13.02
3,380.00,99,255.40,703.25,0.00
3,380.00,100,153.06,305.36,5.23
3,380.00,101,288.71,300.67,6.53
3,380.00,102,710.62,663.35,7.70
3,380.00,103,317.30,82.18,20.82
3,380.00,104,421.91,303.15,6.22
3,380.00,105,362.06,573.77,9.61
3,380.00,106,387.46,462.18,5.63
3,380.00,107,90.76,530.68,9.37
3,380.00,108,44.92,260.67,0.00
3,380.00,109,239.36,246.16,11.16
3,380.00,110,522.31,220.44,0.00
3,380.00,111,962.32,41.16,0.00
3,380.00,112,126.08,156.79,12.27
3,380.00,113,915.62,290.05,0.00
3,380.00,114,735.56,167.39,0.00
3,380.00,115,743.08,693.88,6.97
3,380.00,116,660.14,669.41,18.81
3,380.00,117,162.91,411.09,7.05
3,380.00,118,407.21,280.08,14.86
3,380.00,119,432.21,696.07,14.73
3,380.00,120,515.41,566.78,7.36
3,380.00,121,511.65,669.52,0.00
3,380.00,122,259.33,572.94,0.00
3,380.00,123,385.03,834.77,7.68
3,380.00,124,508.57,543.13,14.13
3,380.00,125,298.90,690.48,22.13
3,380.00,126,334.83,409.09,23.06
3,380.00,127,800.40,237.14,6.15
3,380.00,128,587.76,434.66,22.31
3,380.00,129,952.83,596.16,20.85
3,380.00,130,619.11,344.78,0.00
3,380.00,131,343.07,518.31,6.61
3,380.00,132,259.18,490.81,13.23
3,380.00,133,908.05,537.48,0.00
3,380.00,134,614.45,519.35,12.90
3,380.00,135,72.77,718.65,0.00
3,380.00,136,77.62,596.23,15.82
3,380.00,137,372.72,273.88,0.00
3,380.00,138,946.99,673.74,5.87
3,380.00,139,635.73,821.51,15.07
3,380.00,140,237.84,569.13,12.76
3,380.00,141,885.95,726.26,12.84
3,380.00,142,639.83,154.08,24.34
3,380.00,143,47.90,395.85,7.42
3,380.00,144,100.88,531.44,6.41
3,380.00,145,228.38,750.19,8.80
3,380.00,146,66.35,344.51,19.03
3,380.00,147,480.76,553.74,11.36
3,380.00,148,106.11,226.63,21.19
3,380.00,149,970.39,275.56,0.00
3,390.00,0,115.64,908.04,6.86
3,390.00,1,689.60,920.83,5.40
3,390.00,2,32.25,521.14,0.00
3,390.00,3,816.80,377.24,15.35
3,390.00,4,445.35,184.58,5.05
3,390.00,5,225.92,802.83,5.20
3,390.00,6,975.00,451.52,17.86
3,390.00,7,227.73,820.40,0.00
3,390.00,8,103.05,372.91,6.20
3,390.00,9,177.48,635.57,17.69
3,390.00,10,418.41,404.56,8.51
3,390.00,11,465.19,470.69,15.86
3,390.00,12,991.90,290.03,0.00
3,390.00,13,343.26,750.60,5.75
3,390.00,14,498.43,243.33,6.87
3,390.00,15,663.30,249.50,5.62
3,390.00,16,717.71,322.31,16.56
3,390.00,17,383.53,361.73,20.94
3,390.00,18,696.77,329.96,21.26
3,390.00,19,670.62,196.59,10.06
3,390.00,20,168.07,868.66,24.66
3,390.00,21,406.20,147.48,15.93
3,390.00,22,698.61,477.80,16.90
3,390.00,23,760.06,98.84,12.57
3,390.00,24,68.80,851.73,18.06
3,390.00,25,381.31,385.53,0.00
3,390.00,26,803.25,124.35,0.00
3,390.00,27,463.47,507.69,19.64
3,390.00,28,366.63,623.56,5.41
3,390.00,29,320.21,578.72,17.71
3,390.00,30,657.00,694.49,20.61
3,390.00,31,331.62,828.29,10.08
3,390.00,32,102.91,85.92,9.28
3,390.00,33,182.21,471.15,7.51
3,390.00,34,423.47,706.43,5.57
3,390.00,35,650.52,495.43,0.00
3,390.00,36,457.15,696.88,0.00
3,390.00,37,833.06,418.99,6.29
3,390.00,38,898.02,98.98,13.90
3,390.00,39,647.19,711.03,5.19
3,390.00,40,555.46,141.52,14.24
3,390.00,41,75.49,255.65,24.32
3,390.00,42,447.35,782.46,5.36
3,390.00,43,474.73,794.08,16.45
3,390.00,44,313.95,460.81,22.24
3,390.00,45,490.81,319.23,11.94
3,390.00,46,646.02,87.45,15.12
3,390.00,47,823.83,210.08,21.83
3,390.00,48,827.24,285.53,5.61
3,390.00,49,94.14,300.83,0.00
3,390.00,50,649.07,704.11,22.71
3,390.00,51,497.57,75.66,16.91
3,390.00,52,931.55,619.17,8.05
3,390.00,53,367.59,539.88,9.90
3,390.00,54,107.74,414.50,0.00
3,390.00,55,631.38,888.40,5.61
3,390.00,56,676.66,356.91,7.17
3,390.00,57,524.16,468.57,10.38
3,390.00,58,442.21,381.54,5.34
3,390.00,59,432.40,661.64,18.76
3,390.00,60,819.84,888.36,0.00
3,390.00,61,174.17,364.55,14.96
3,390.00,62,422.88,913.45,19.16
3,390.00,63,688.68,863.20,9.58
3,390.00,64,400.12,734.21,12.28
3,390.00,65,219.13,884.57,7.31
3,390.00,66,577.56,481.64,24.37
3,390.00,67,421.30,139.76,9.69
3,390.00,68,380.23,401.15,18.70
3,390.00,69,349.05,759.30,5.84
3,390.00,70,401.06,372.77,13.17
3,390.00,71,413.07,566.08,15.77
3,390.00,72,880.81,122.73,19.34
3,390.00,73,480.31,827.75,14.10
3,390.00,74,621.20,734.48,11.16
3,390.00,75,836.43,316.31,0.00
3,390.00,76,752.11,109.07,16.28
3,390.00,77,329.69,472.49,5.52
3,390.00,78,83.55,214.24,8.56
3,390.00,79,241.25,474.54,8.85
3,390.00,80,444.93,323.15,7.98
3,390.00,81,905.56,539.38,6.68
3,390.00,82,481.38,731.61,0.00
3,390.00,83,298.10,540.77,14.86
3,390.00,84,534.32,645.61,5.29
3,390.00,85,634.74,288.20,6.50
3,390.00,86,564.91,293.51,8.43
3,390.00,87,926.17,235.65,19.08
3,390.00,88,184.41,513.71,20.20
3,390.00,89,633.05,547.72,19.28
3,390.00,90,548.37,687.44,10.09
3,390.00,91,436.68,433.71,0.00
3,390.00,92,428.94,318.19,9.35
3,390.00,93,455.29,371.82,13.30
3,390.00,94,432.76,126.35,5.16
3,390.00,95,423.97,118.45,0.00
3,390.00,96,834.04,983.69,6.14
3,390.00,97,821.30,866.75,23.05
3,390.00,98,784.88,514.10,13.02
3,390.00,99,387.81,665.33,14.57
3,390.00,100,185.57,346.33,5.23
3,390.00,101,351.10,319.88,6.53
3,390.00,102,763.09,607.05,7.70
3,390.00,103,382.07,280.02,20.82
3,390.00,104,398.93,360.97,6.22
3,390.00,105,377.94,553.09,0.00
3,390.00,106,354.76,457.54,0.00
3,390.00,107,69.23,601.65,0.00
3,390.00,108,85.08,293.71,23.47
3,390.00,109,188.58,146.77,11.16
3,390.00,110,468.53,244.76,10.11
3,390.00,111,949.87,112.45,18.21
3,390.00,112,118.36,150.70,0.00
3,390.00,113,885.81,308.12,6.00
3,390.00,114,729.57,178.66,12.96
3,390.00,115,748.33,692.16,0.00
3,390.00,116,756.30,667.73,0.00
3,390.00,117,218.21,367.35,7.05
3,390.00,118,477.67,149.25,14.86
3,390.00,119,385.47,710.58,0.00
3,390.00,120,452.87,527.96,7.36
3,390.00,121,517.21,678.31,20.93
3,390.00,122,278.64,582.63,12.89
3,390.00,123,435.19,776.57,7.68
3,390.00,124,458.08,675.13,14.13
3,390.00,125,137.97,708.52,0.00
3,390.00,126,106.24,439.71,23.06
3,390.00,127,835.74,186.76,6.15
3,390.00,128,726.71,260.09,22.31
3,390.00,129,918.19,390.54,20.85
3,390.00,130,629.45,466.17,18.78
3,390.00,131,365.85,456.28,6.61
3,390.00,132,390.55,475.39,13.23
3,390.00,133,819.18,484.31,14.30
3,390.00,134,488.77,548.38,12.90
3,390.00,135,291.37,667.85,24.58
3,390.00,136,75.70,438.02,15.82
3,390.00,137,467.66,215.30,11.39
3,390.00,138,894.35,647.82,5.87
3,390.00,139,517.40,728.23,15.07
3,390.00,140,241.09,576.60,0.00
3,390.00,141,822.21,614.78,12.84
3,390.00,142,845.04,138.24,0.00
3,390.00,143,63.36,468.41,7.42
3,390.00,144,96.48,467.51,6.41
3,390.00,145,304.55,706.19,8.80
3,390.00,146,205.45,474.33,19.03
3,390.00,147,476.16,570.94,0.00
3,390.00,148,102.41,104.04,0.00
3,390.00,149,971.45,293.93,8.62
3,400.00,0,102.24,948.67,0.00
3,400.00,1,635.57,919.45,5.40
3,400.00,2,48.88,524.71,15.82
3,400.00,3,713.03,490.40,15.35
3,400.00,4,458.40,233.39,5.05
3,400.00,5,275.86,817.40,5.20
3,400.00,6,963.06,629.70,17.86
3,400.00,7,332.13,731.28,15.43
3,400.00,8,81.42,368.28,0.00
3,400.00,9,244.40,786.15,0.00
3,400.00,10,414.92,489.59,8.51
3,400.00,11,390.29,610.49,15.86
3,400.00,12,974.78,374.37,20.49
3,400.00,13,395.27,775.00,5.75
3,400.00,14,566.77,250.13,6.87
3,400.00,15,679.66,195.73,5.62
3,400.00,16,552.79,307.34,16.56
3,400.00,17,566.10,464.27,20.94
3,400.00,18,668.44,176.55,0.00
3,400.00,19,724.88,111.87,10.06
3,400.00,20,322.08,745.78,0.00
3,400.00,21,294.80,261.34,15.93
3,400.00,22,846.76,559.20,16.90
3,400.00,23,870.57,39.00,12.57
3,400.00,24,9.03,837.65,0.00
3,400.00,25,357.95,562.64,20.88
3,400.00,26,632.89,283.87,23.60
3,400.00,27,359.97,674.58,19.64
3,400.00,28,328.56,662.04,5.41
3,400.00,29,446.21,703.24,17.71
3,400.00,30,453.05,664.53,20.61
3,400.00,31,231.78,842.24,10.08
3,400.00,32,152.86,164.14,9.28
3,400.00,33,251.60,499.90,7.51
3,400.00,34,469.45,674.91,5.57
3,400.00,35,727.99,392.71,22.06
3,400.00,36,479.35,592.58,24.08
3,400.00,37,838.02,356.29,6.29
3,400.00,38,972.38,99.80,0.00
3,400.00,39,686.09,745.39,5.19
3,400.00,40,554.92,38.58,0.00
3,400.00,41,294.99,360.35,24.32
3,400.00,42,497.56,763.79,5.36
3,400.00,43,329.03,717.74,16.45
3,400.00,44,151.92,613.09,22.24
3,400.00,45,527.35,265.62,0.00
3,400.00,46,685.91,62.54,0.00
3,400.00,47,870.67,209.98,0.00
3,400.00,48,795.34,331.64,5.61
3,400.00,49,171.91,288.62,8.45
3,400.00,50,423.68,676.24,22.71
3,400.00,51,334.28,119.68,16.91
3,400.00,52,914.53,697.87,8.05
3,400.00,53,362.91,441.02,9.90
3,400.00,54,123.96,453.13,21.97
3,400.00,55,686.90,896.51,5.61
3,400.00,56,606.34,343.12,7.17
3,400.00,57,613.02,414.93,10.38
3,400.00,58,492.66,363.88,5.34
3,400.00,59,283.78,613.00,0.00
3,400.00,60,809.70,841.77,10.34
3,400.00,61,202.72,511.36,14.96
3,400.00,62,608.91,867.70,19.16
3,400.00,63,770.32,913.34,9.58
3,400.00,64,518.72,765.91,12.28
3,400.00,65,168.75,937.56,7.31
3,400.00,66,601.47,724.13,24.37
3,400.00,67,515.69,117.65,9.69
3,400.00,68,501.60,543.37,18.70
3,400.00,69,351.04,817.68,5.84
3,400.00,70,416.04,503.65,13.17
3,400.00,71,294.43,462.24,15.77
3,400.00,72,740.30,255.64,19.34
3,400.00,73,454.41,689.14,14.10
3,400.00,74,732.68,738.93,11.16
3,400.00,75,815.03,309.20,12.67
3,400.00,76,808.45,70.16,0.00
3,400.00,77,283.49,442.28,5.52
3,400.00,78,107.13,296.56,8.56
3,400.00,79,307.09,533.64,8.85
3,400.00,80,366.28,336.83,7.98
3,400.00,81,902.18,484.57,0.00
3,400.00,82,438.54,723.22,6.14
3,400.00,83,279.93,435.37,0.00
3,400.00,84,587.15,642.89,5.29
3,400.00,85,661.06,228.81,6.50
3,400.00,86,582.12,210.96,8.43
3,400.00,87,933.93,233.76,0.00
3,400.00,88,139.01,316.88,20.20
3,400.00,89,770.59,682.89,19.28
3,400.00,90,477.82,615.25,10.09
3,400.00,91,503.51,280.17,18.75
3,400.00,92,357.82,257.45,9.35
3,400.00,93,348.46,451.10,13.30
3,400.00,94,414.97,77.89,0.00
3,400.00,95,431.22,175.11,17.35
3,400.00,96,814.13,925.65,6.14
3,400.00,97,830.19,921.43,0.00
3,400.00,98,684.10,596.48,13.02
3,400.00,99,527.86,625.21,14.57
3,400.00,100,218.08,387.29,5.23
3,400.00,101,413.49,339.10,6.53
3,400.00,102,815.57,550.76,7.70
3,400.00,103,446.83,477.87,20.82
3,400.00,104,375.96,418.79,6.22
3,400.00,105,348.55,588.96,6.37
3,400.00,106,425.99,401.11,21.98
3,400.00,107,113.84,578.62,24.10
3,400.00,108,266.38,442.82,23.47
3,400.00,109,137.81,47.38,11.16
3,400.00,110,376.45,286.40,10.11
3,400.00,111,918.53,291.82,18.21
3,400.00,112,211.55,331.47,22.11
3,400.00,113,834.47,339.25,6.00
3,400.00,114,668.74,293.09,12.96
3,400.00,115,597.44,562.25,21.63
3,400.00,116,744.44,622.29,0.00
3,400.00,117,273.51,323.60,7.05
3,400.00,118,521.80,67.32,0.00
3,400.00,119,418.69,717.14,5.07
3,400.00,120,390.32,489.13,7.36
3,400.00,121,629.16,855.16,20.93
3,400.00,122,393.85,640.43,12.89
3,400.00,123,485.35,718.37,7.68
3,400.00,124,407.59,807.12,14.13
3,400.00,125,161.01,712.06,8.69
3,400.00,126,100.37,440.49,0.00
3,400.00,127,871.08,136.39,6.15
3,400.00,128,865.65,85.52,22.31
3,400.00,129,883.55,184.92,20.85
3,400.00,130,645.38,653.26,18.78
3,400.00,131,388.64,394.25,6.61
3,400.00,132,521.91,459.97,13.23
3,400.00,133,696.46,410.89,14.30
3,400.00,134,363.08,577.41,12.90
3,400.00,135,313.53,662.70,0.00
3,400.00,136,73.78,279.80,15.82
3,400.00,137,564.57,155.52,11.39
3,400.00,138,841.72,621.90,5.87
3,400.00,139,399.06,634.95,15.07
3,400.00,140,342.70,640.37,12.81
3,400.00,141,758.47,503.30,12.84
3,400.00,142,834.13,161.95,16.92
3,400.00,143,78.81,540.97,7.42
3,400.00,144,96.19,463.31,0.00
3,400.00,145,380.72,662.19,8.80
3,400.00,146,344.55,604.14,19.03
3,400.00,147,569.42,517.32,12.76
3,400.00,148,149.44,157.30,16.87
3,400.00,149,976.37,380.03,8.62
3,410.00,0,177.97,924.43,21.14
3,410.00,1,581.55,918.07,5.40
3,410.00,2,203.58,557.92,15.82
3,410.00,3,609.27,603.56,15.35
3,410.00,4,471.44,282.20,5.05
3,410.00,5,325.80,831.96,5.20
3,410.00,6,951.12,807.88,17.86
3,410.00,7,449.44,631.12,15.43
3,410.00,8,191.18,273.04,22.60
3,410.00,9,248.52,782.48,8.07
3,410.00,10,411.42,574.61,8.51
3,410.00,11,315.40,750.29,15.86
3,410.00,12,934.05,575.14,20.49
3,410.00,13,447.28,799.41,5.75
3,410.00,14,635.10,256.93,6.87
3,410.00,15,696.02,141.95,5.62
3,410.00,16,387.86,292.38,16.56
3,410.00,17,748.67,566.80,20.94
3,410.00,18,666.22,198.62,8.34
3,410.00,19,779.14,27.14,10.06
3,410.00,20,313.65,726.94,10.27
3,410.00,21,183.39,375.21,15.93
3,410.00,22,939.33,610.07,0.00
3,410.00,23,893.26,26.71,0.00
3,410.00,24,57.78,711.10,20.54
3,410.00,25,330.66,769.68,20.88
3,410.00,26,531.00,379.29,0.00
3,410.00,27,337.39,710.99,0.00
3,410.00,28,290.48,700.52,5.41
3,410.00,29,448.85,705.85,0.00
3,410.00,30,249.10,634.56,20.61
3,410.00,31,131.93,856.18,10.08
3,410.00,32,202.82,242.37,9.28
3,410.00,33,321.00,528.65,7.51
3,410.00,34,515.44,643.39,5.57
3,410.00,35,860.85,216.55,22.06
3,410.00,36,529.48,357.01,24.08
3,410.00,37,842.98,293.58,6.29
3,410.00,38,932.59,102.32,8.58
3,410.00,39,724.98,779.74,5.19
3,410.00,40,521.35,94.94,23.67
3,410.00,41,514.49,465.04,24.32
3,410.00,42,547.77,745.11,5.36
3,410.00,43,183.33,641.40,16.45
3,410.00,44,32.83,725.02,0.00
3,410.00,45,560.77,329.83,15.85
3,410.00,46,652.46,104.27,7.76
3,410.00,47,765.74,180.89,13.86
3,410.00,48,763.43,377.75,5.61
3,410.00,49,255.38,275.51,8.45
3,410.00,50,198.29,648.37,22.71
3,410.00,51,171.00,163.71,16.91
3,410.00,52,897.51,776.58,8.05
3,410.00,53,358.23,342.16,9.90
3,410.00,54,208.97,655.70,21.97
3,410.00,55,742.43,904.62,5.61
3,410.00,56,536.02,329.33,7.17
3,410.00,57,701.89,361.28,10.38
3,410.00,58,543.10,346.21,5.34
3,410.00,59,285.91,602.30,6.56
3,410.00,60,787.71,740.78,10.34
3,410.00,61,231.27,658.16,14.96
3,410.00,62,794.94,821.95,19.16
3,410.00,63,825.27,947.09,0.00
3,410.00,64,637.31,797.61,12.28
3,410.00,65,124.73,983.86,0.00
3,410.00,66,624.06,953.23,0.00
3,410.00,67,610.08,95.55,9.69
3,410.00,68,622.96,685.59,18.70
3,410.00,69,353.03,876.06,5.84
3,410.00,70,431.02,634.54,13.17
3,410.00,71,175.79,358.39,15.77
3,410.00,72,599.79,388.54,19.34
3,410.00,73,428.51,550.53,14.10
3,410.00,74,844.16,743.39,11.16
3,410.00,75,807.40,306.66,0.00
3,410.00,76,768.35,118.77,10.87
3,410.00,77,237.29,412.06,5.52
3,410.00,78,130.70,378.88,8.56
3,410.00,79,350.40,572.52,0.00
3,410.00,80,287.63,350.51,7.98
3,410.00,81,892.88,470.41,9.51
3,410.00,82,378.32,711.42,6.14
3,410.00,83,309.28,435.91,10.47
3,410.00,84,639.99,640.18,5.29
3,410.00,85,687.37,169.42,6.50
3,410.00,86,582.91,207.14,0.00
3,410.00,87,882.37,444.87,22.68
3,410.00,88,115.57,215.26,0.00
3,410.00,89,861.57,772.30,0.00
3,410.00,90,407.27,543.05,10.09
3,410.00,91,578.33,108.27,18.75
3,410.00,92,286.71,196.71,9.35
3,410.00,93,241.64,530.38,13.30
3,410.00,94,414.98,77.90,18.74
3,410.00,95,453.24,347.20,17.35
3,410.00,96,794.23,867.60,6.14
3,410.00,97,741.21,901.82,11.99
3,410.00,98,658.44,617.45,0.00
3,410.00,99,667.91,585.10,14.57
3,410.00,100,250.60,428.25,5.23
3,410.00,101,475.88,358.31,6.53
3,410.00,102,868.04,494.46,7.70
3,410.00,103,455.42,504.09,0.00
3,410.00,104,352.98,476.60,6.22
3,410.00,105,308.21,638.21,6.37
3,410.00,106,598.24,264.65,21.98
3,410.00,107,328.00,468.05,24.10
3,410.00,108,447.68,591.94,23.47
3,410.00,109,122.32,17.08,0.00
3,410.00,110,284.37,328.05,10.11
3,410.00,111,897.36,412.99,0.00
3,410.00,112,312.87,527.99,22.11
3,410.00,113,783.13,370.37,6.00
3,410.00,114,607.91,407.53,12.96
3,410.00,115,433.56,421.15,21.63
3,410.00,116,729.87,629.61,6.28
3,410.00,117,328.81,279.85,7.05
3,410.00,118,507.82,92.18,7.63
3,410.00,119,468.46,726.96,5.07
3,410.00,120,327.78,450.31,7.36
3,410.00,121,713.55,988.47,0.00
3,410.00,122,509.07,698.23,12.89
3,410.00,123,535.51,660.17,7.68
3,410.00,124,359.98,931.59,0.00
3,410.00,125,246.94,725.25,8.69
3,410.00,126,279.63,312.71,22.59
3,410.00,127,906.43,86.01,6.15
3,410.00,128,870.39,79.56,0.00
3,410.00,129,872.60,119.89,0.00
3,410.00,130,661.31,840.35,18.78
3,410.00,131,411.42,332.21,6.61
3,410.00,132,653.28,444.55,13.23
3,410.00,133,573.74,337.48,14.30
3,410.00,134,237.40,606.43,12.90
3,410.00,135,469.97,730.99,18.81
3,410.00,136,73.68,271.48,0.00
3,410.00,137,614.02,125.01,0.00
3,410.00,138,789.08,595.98,5.87
3,410.00,139,280.72,541.67,15.07
3,410.00,140,451.24,708.48,12.81
3,410.00,141,694.73,391.81,12.84
3,410.00,142,763.38,315.66,16.92
3,410.00,143,94.27,613.54,7.42
3,410.00,144,120.47,551.59,9.80
3,410.00,145,456.89,618.19,8.80
3,410.00,146,404.30,659.90,0.00
3,410.00,147,646.83,472.82,0.00
3,410.00,148,261.10,283.73,16.87
3,410.00,149,981.30,466.12,8.62
3,420.00,0,379.34,859.98,21.14
3,420.00,1,527.52,916.69,5.40
3,420.00,2,358.28,591.13,15.82
3,420.00,3,505.51,716.72,15.35
3,420.00,4,484.49,331.02,5.05
3,420.00,5,375.74,846.53,5.20
3,420.00,6,939.17,986.06,17.86
3,420.00,7,566.76,530.97,15.43
3,420.00,8,303.03,175.99,0.00
3,420.00,9,308.74,728.75,8.07
3,420.00,10,407.93,659.64,8.51
3,420.00,11,271.21,832.79,0.00
3,420.00,12,899.06,747.58,0.00
3,420.00,13,499.29,823.82,5.75
3,420.00,14,703.44,263.73,6.87
3,420.00,15,712.39,88.18,5.62
3,420.00,16,306.99,285.04,0.00
3,420.00,17,894.06,648.46,0.00
3,420.00,18,657.86,281.57,8.34
3,420.00,19,792.05,7.00,0.00
3,420.00,20,271.68,633.22,10.27
3,420.00,21,168.85,390.07,0.00
3,420.00,22,915.45,607.11,6.42
3,420.00,23,822.14,92.94,12.23
3,420.00,24,131.61,519.39,20.54
3,420.00,25,309.76,928.14,0.00
3,420.00,26,467.64,441.69,21.78
3,420.00,27,257.31,555.22,0.00
3,420.00,28,252.41,738.99,5.41
3,420.00,29,518.04,794.48,11.49
3,420.00,30,99.17,612.54,0.00
3,420.00,31,39.26,869.12,0.00
3,420.00,32,251.32,318.32,0.00
3,420.00,33,390.40,557.40,7.51
3,420.00,34,561.42,611.87,5.57
3,420.00,35,960.97,83.79,0.00
3,420.00,36,548.45,267.89,0.00
3,420.00,37,847.94,230.88,6.29
3,420.00,38,847.00,107.75,8.58
3,420.00,39,763.88,814.10,5.19
3,420.00,40,400.19,298.31,23.67
3,420.00,41,734.00,569.74,24.32
3,420.00,42,597.99,726.44,5.36
3,420.00,43,37.63,565.06,16.45
3,420.00,44,49.30,695.44,12.77
3,420.00,45,633.93,470.38,15.85
3,420.00,46,603.91,164.85,7.76
3,420.00,47,632.14,143.85,13.86
3,420.00,48,731.53,423.87,5.61
3,420.00,49,338.86,262.41,8.45
3,420.00,50,57.09,630.91,0.00
3,420.00,51,33.42,200.80,0.00
3,420.00,52,880.50,855.28,8.05
3,420.00,53,353.56,243.30,9.90
3,420.00,54,290.17,849.17,0.00
3,420.00,55,797.95,912.73,5.61
3,420.00,56,465.71,315.53,7.17
3,420.00,57,790.76,307.64,10.38
3,420.00,58,593.54,328.55,5.34
3,420.00,59,298.75,537.92,6.56
3,420.00,60,765.72,639.79,10.34
3,420.00,61,233.48,669.54,0.00
3,420.00,62,878.61,801.38,0.00
3,420.00,63,800.17,904.61,15.10
3,420.00,64,702.35,815.00,0.00
3,420.00,65,120.62,955.49,22.70
3,420.00,66,620.86,950.62,7.49
3,420.00,67,704.47,73.44,9.69
3,420.00,68,744.33,827.81,18.70
3,420.00,69,353.14,879.26,0.00
3,420.00,70,445.99,765.43,13.17
3,420.00,71,57.16,254.55,15.77
3,420.00,72,459.28,521.45,19.34
3,420.00,73,402.61,411.93,14.10
3,420.00,74,955.64,747.85,11.16
3,420.00,75,742.48,335.03,7.56
3,420.00,76,699.15,202.65,10.87
3,420.00,77,191.10,381.85,5.52
3,420.00,78,154.28,461.20,8.56
3,420.00,79,359.94,605.55,0.00
3,420.00,80,208.97,364.19,7.98
3,420.00,81,840.72,390.93,9.51
3,420.00,82,318.09,699.62,6.14
3,420.00,83,413.97,437.84,10.47
3,420.00,84,692.83,637.47,5.29
3,420.00,85,713.68,110.03,6.50
3,420.00,86,531.71,374.53,18.35
3,420.00,87,856.79,549.62,0.00
3,420.00,88,212.00,208.66,19.98
3,420.00,89,846.67,710.40,18.80
3,420.00,90,336.72,470.85,10.09
3,420.00,91,588.49,84.92,0.00
3,420.00,92,215.59,135.98,9.35
3,420.00,93,205.56,557.16,0.00
3,420.00,94,524.70,229.77,18.74
3,420.00,95,475.26,519.29,17.35
3,420.00,96,774.32,809.56,6.14
3,420.00,97,624.07,876.02,11.99
3,420.00,98,612.97,592.51,6.96
3,420.00,99,764.66,557.39,0.00
3,420.00,100,283.11,469.22,5.23
3,420.00,101,538.27,377.53,6.53
3,420.00,102,920.52,438.17,7.70
3,420.00,103,339.26,447.93,14.87
3,420.00,104,330.00,534.42,6.22
3,420.00,105,267.87,687.45,6.37
3,420.00,106,770.49,128.19,21.98
3,420.00,107,542.17,357.48,24.10
3,420.00,108,483.53,621.43,0.00
3,420.00,109,236.10,68.14,17.94
3,420.00,110,193.49,369.15,0.00
3,420.00,111,894.98,452.36,12.16
3,420.00,112,414.18,724.51,22.11
3,420.00,113,731.79,401.49,6.00
3,420.00,114,547.08,521.96,12.96
3,420.00,115,330.64,332.55,0.00
3,420.00,116,673.71,657.80,6.28
3,420.00,117,384.11,236.11,7.05
3,420.00,118,470.42,158.72,7.63
3,420.00,119,518.23,736.77,5.07
3,420.00,120,265.24,411.49,7.36
3,420.00,121,724.55,948.91,16.67
3,420.00,122,595.79,741.73,0.00
3,420.00,123,585.67,601.97,7.68
3,420.00,124,365.58,931.06,9.86
3,420.00,125,332.87,738.43,8.69
3,420.00,126,293.50,302.82,0.00
3,420.00,127,934.13,46.52,0.00
3,420.00,128,827.61,115.27,5.77
3,420.00,129,748.40,135.99,18.32
3,420.00,130,671.94,965.23,0.00
3,420.00,131,434.20,270.18,6.61
3,420.00,132,758.76,432.17,0.00
3,420.00,133,451.01,264.06,14.30
3,420.00,134,157.99,624.77,0.00
3,420.00,135,642.38,806.24,18.81
3,420.00,136,123.05,492.03,23.85
3,420.00,137,578.13,202.78,17.49
3,420.00,138,736.44,570.06,5.87
3,420.00,139,162.38,448.40,15.07
3,420.00,140,559.78,776.59,12.81
3,420.00,141,630.99,280.33,12.84
3,420.00,142,692.64,469.37,16.92
3,420.00,143,109.73,686.10,7.42
3,420.00,144,146.46,646.08,9.80
3,420.00,145,533.06,574.19,8.80
3,420.00,146,446.97,528.58,24.20
3,420.00,147,659.94,440.75,11.54
3,420.00,148,372.75,410.17,16.87
3,420.00,149,986.23,552.22,8.62
3,430.00,0,580.72,795.53,21.14
3,430.00,1,473.49,915.30,5.40
3,430.00,2,512.98,624.34,15.82
3,430.00,3,401.75,829.88,15.35
3,430.00,4,497.53,379.83,5.05
3,430.00,5,396.60,852.61,0.00
3,430.00,6,938.33,998.74,0.00
3,430.00,7,684.08,430.82,15.43
3,430.00,8,324.13,207.58,11.02
3,430.00,9,368.97,675.03,8.07
3,430.00,10,404.44,744.67,8.51
3,430.00,11,287.39,816.35,5.63
3,430.00,12,867.09,749.25,22.69
3,430.00,13,551.30,848.23,5.75
3,430.00,14,771.78,270.53,6.87
3,430.00,15,715.49,77.96,0.00
3,430.00,16,213.92,245.25,19.86
3,430.00,17,877.36,641.35,8.92
3,430.00,18,649.51,364.51,8.34
3,430.00,19,750.86,43.54,7.22
3,430.00,20,229.71,539.51,10.27
3,430.00,21,215.83,436.02,7.56
3,430.00,22,851.78,599.23,6.42
3,430.00,23,732.66,176.27,12.23
3,430.00,24,205.45,327.67,20.54
3,430.00,25,307.07,872.27,23.84
3,430.00,26,312.50,594.49,21.78
3,430.00,27,262.12,554.23,6.13
3,430.00,28,214.34,777.47,5.41
3,430.00,29,588.72,885.01,11.49
3,430.00,30,112.83,598.60,7.37
3,430.00,31,45.00,865.32,9.58
3,430.00,32,251.67,321.29,10.29
3,430.00,33,459.79,586.14,7.51
3,430.00,34,607.40,580.35,5.57
3,430.00,35,932.14,100.20,13.47
3,430.00,36,483.09,220.37,13.00
3,430.00,37,852.90,168.18,6.29
3,430.00,38,761.42,113.17,8.58
3,430.00,39,802.78,848.46,5.19
3,430.00,40,279.03,501.68,23.67
3,430.00,41,953.50,674.43,24.32
3,430.00,42,648.20,707.77,5.36
3,430.00,43,12.81,552.05,0.00
3,430.00,44,111.44,583.83,12.77
3,430.00,45,707.08,610.93,15.85
3,430.00,46,555.36,225.43,7.76
3,430.00,47,540.25,118.38,0.00
3,430.00,48,699.62,469.98,5.61
3,430.00,49,422.33,249.31,8.45
3,430.00,50,82.67,625.56,7.00
3,430.00,51,40.88,206.45,5.95
3,430.00,52,878.82,863.02,0.00
3,430.00,53,348.88,144.45,9.90
3,430.00,54,286.28,852.33,11.18
3,430.00,55,853.48,920.84,5.61
3,430.00,56,395.39,301.74,7.17
3,430.00,57,879.62,254.00,10.38
3,430.00,58,614.69,321.14,0.00
3,430.00,59,311.60,473.55,6.56
3,430.00,60,743.73,538.79,10.34
3,430.00,61,219.60,585.46,9.24
3,430.00,62,941.47,877.00,17.87
3,430.00,63,723.34,774.62,15.10
3,430.00,64,647.73,794.29,12.93
3,430.00,65,88.06,730.81,22.70
3,430.00,66,562.87,903.25,7.49
3,430.00,67,798.85,51.33,9.69
3,430.00,68,766.54,853.83,0.00
3,430.00,69,331.87,781.94,10.54
3,430.00,70,451.53,813.84,0.00
3,430.00,71,5.61,209.43,0.00
3,430.00,72,318.77,654.35,19.34
3,430.00,73,392.77,359.29,0.00
3,430.00,74,984.51,749.00,0.00
3,430.00,75,673.17,365.32,7.56
3,430.00,76,629.95,286.53,10.87
3,430.00,77,144.90,351.63,5.52
3,430.00,78,177.86,543.52,8.56
3,430.00,79,366.04,647.57,20.84
3,430.00,80,130.32,377.86,7.98
3,430.00,81,788.55,311.45,9.51
3,430.00,82,257.87,687.82,6.14
3,430.00,83,518.66,439.78,10.47
3,430.00,84,745.67,634.75,5.29
3,430.00,85,718.56,99.01,0.00
3,430.00,86,523.01,402.98,0.00
3,430.00,87,829.97,528.93,6.46
3,430.00,88,318.20,201.39,0.00
3,430.00,89,802.67,527.58,18.80
3,430.00,90,266.17,398.66,10.09
3,430.00,91,585.94,240.01,17.95
3,430.00,92,144.48,75.24,9.35
3,430.00,93,310.22,535.30,16.15
3,430.00,94,634.41,381.64,18.74
3,430.00,95,497.28,691.38,17.35
3,430.00,96,754.42,751.52,6.14
3,430.00,97,506.94,850.21,11.99
3,430.00,98,551.97,559.05,6.96
3,430.00,99,739.59,506.73,18.28
3,430.00,100,315.62,510.18,5.23
3,430.00,101,600.66,396.74,6.53
3,430.00,102,933.75,423.98,0.00
3,430.00,103,205.36,383.20,14.87
3,430.00,104,307.03,592.23,6.22
3,430.00,105,227.53,736.70,6.37
3,430.00,106,911.85,16.20,0.00
3,430.00,107,688.45,281.95,0.00
3,430.00,108,633.09,692.12,20.62
3,430.00,109,399.79,141.58,17.94
3,430.00,110,193.79,370.01,6.96
3,430.00,111,887.65,573.70,12.16
3,430.00,112,441.74,777.96,0.00
3,430.00,113,680.46,432.61,6.00
3,430.00,114,486.24,636.39,12.96
3,430.00,115,413.78,314.94,22.84
3,430.00,116,617.55,686.00,6.28
3,430.00,117,418.15,209.18,0.00
3,430.00,118,433.02,225.26,7.63
3,430.00,119,568.00,746.59,5.07
3,430.00,120,202.69,372.67,7.36
3,430.00,121,769.20,788.26,16.67
3,430.00,122,589.04,719.43,9.42
3,430.00,123,635.83,543.77,7.68
3,430.00,124,463.71,921.86,9.86
3,430.00,125,418.81,751.62,8.69
3,430.00,126,352.74,351.24,8.28
3,430.00,127,883.71,43.45,23.37
3,430.00,128,783.32,152.24,5.77
3,430.00,129,566.75,159.54,18.32
3,430.00,130,688.03,916.66,15.39
3,430.00,131,456.99,208.14,6.61
3,430.00,132,739.59,446.45,12.13
3,430.00,133,413.15,241.41,0.00
3,430.00,134,184.22,559.61,19.08
3,430.00,135,708.12,834.93,0.00
3,430.00,136,175.15,724.82,23.85
3,430.00,137,504.84,361.58,17.49
3,430.00,138,683.81,544.14,5.87
3,430.00,139,44.04,355.12,15.07
3,430.00,140,668.32,844.71,12.81
3,430.00,141,577.55,186.87,0.00
3,430.00,142,621.89,623.09,16.92
3,430.00,143,125.18,758.66,7.42
3,430.00,144,172.44,740.57,9.80
3,430.00,145,609.22,530.18,8.80
3,430.00,146,521.77,298.39,24.20
3,430.00,147,703.61,333.89,11.54
3,430.00,148,484.40,536.60,16.87
3,430.00,149,991.16,638.32,8.62
3,440.00,0,782.09,731.08,21.14
3,440.00,1,424.47,914.05,0.00
3,440.00,2,667.68,657.56,15.82
3,440.00,3,297.98,943.04,15.35
3,440.00,4,510.58,428.64,5.05
3,440.00,5,358.63,787.24,12.98
3,440.00,6,904.38,906.09,10.62
3,440.00,7,801.40,330.66,15.43
3,440.00,8,385.34,299.19,11.02
3,440.00,9,429.19,621.30,8.07
3,440.00,10,400.95,829.69,8.51
3,440.00,11,326.89,776.26,5.63
3,440.00,12,640.50,761.10,22.69
3,440.00,13,603.32,872.64,5.75
3,440.00,14,826.17,275.94,0.00
3,440.00,15,686.99,247.81,21.26
3,440.00,16,110.10,200.86,0.00
3,440.00,17,795.32,606.44,8.92
3,440.00,18,641.16,447.46,8.34
3,440.00,19,696.82,91.49,7.22
3,440.00,20,187.75,445.79,10.27
3,440.00,21,269.86,488.87,7.56
3,440.00,22,788.11,591.34,6.42
3,440.00,23,643.18,259.61,12.23
3,440.00,24,279.29,135.96,20.54
3,440.00,25,295.62,634.12,23.84
3,440.00,26,157.36,747.29,21.78
3,440.00,27,322.14,541.86,6.13
3,440.00,28,176.27,815.95,5.41
3,440.00,29,638.34,948.57,0.00
3,440.00,30,164.37,545.99,7.37
3,440.00,31,124.86,812.40,9.58
3,440.00,32,263.47,423.51,10.29
3,440.00,33,529.19,614.89,7.51
3,440.00,34,653.39,548.83,5.57
3,440.00,35,815.12,166.84,13.47
3,440.00,36,377.96,143.93,13.00
3,440.00,37,857.86,105.47,6.29
3,440.00,38,675.84,118.60,8.58
3,440.00,39,841.67,882.81,5.19
3,440.00,40,157.87,705.06,23.67
3,440.00,41,984.22,689.08,0.00
3,440.00,42,680.30,695.83,0.00
3,440.00,43,127.02,662.62,19.16
3,440.00,44,173.57,472.22,12.77
3,440.00,45,780.24,751.49,15.85
3,440.00,46,506.81,286.00,7.76
3,440.00,47,521.56,179.76,20.55
3,440.00,48,667.72,516.09,5.61
3,440.00,49,505.80,236.20,8.45
3,440.00,50,151.15,611.22,7.00
3,440.00,51,88.30,242.35,5.95
3,440.00,52,743.50,881.94,15.15
3,440.00,53,345.71,77.30,0.00
3,440.00,54,231.60,896.73,0.00
3,440.00,55,909.00,928.95,5.61
3,440.00,56,325.07,287.94,7.17
3,440.00,57,950.28,211.35,0.00
3,440.00,58,691.30,411.50,20.40
3,440.00,59,324.44,409.18,6.56
3,440.00,60,721.75,437.80,10.34
3,440.00,61,204.56,494.31,9.24
3,440.00,62,982.27,926.07,0.00
3,440.00,63,646.52,644.62,15.10
3,440.00,64,630.55,787.78,0.00
3,440.00,65,55.51,506.13,22.70
3,440.00,66,504.88,855.89,7.49
3,440.00,67,893.24,29.23,9.69
3,440.00,68,766.13,694.96,19.45
3,440.00,69,309.37,678.96,10.54
3,440.00,70,415.31,722.34,15.62
3,440.00,71,89.56,271.82,18.49
3,440.00,72,178.26,787.26,19.34
3,440.00,73,399.99,465.73,17.20
3,440.00,74,840.52,783.55,19.98
3,440.00,75,603.85,395.62,7.56
3,440.00,76,560.75,370.41,10.87
3,440.00,77,99.92,322.22,0.00
3,440.00,78,201.43,625.83,8.56
3,440.00,79,395.95,853.86,20.84
3,440.00,80,98.96,383.32,0.00
3,440.00,81,736.38,231.97,9.51
3,440.00,82,197.65,676.02,6.14
3,440.00,83,623.35,441.71,10.47
3,440.00,84,798.50,632.04,5.29
3,440.00,85,698.11,140.28,5.66
3,440.00,86,571.37,433.38,6.82
3,440.00,87,778.84,489.51,6.46
3,440.00,88,342.65,231.29,8.27
3,440.00,89,758.67,344.75,18.80
3,440.00,90,195.62,326.46,10.09
3,440.00,91,583.00,419.49,17.95
3,440.00,92,96.42,34.20,0.00
3,440.00,93,468.27,502.29,16.15
3,440.00,94,744.13,533.51,18.74
3,440.00,95,519.29,863.47,17.35
3,440.00,96,739.29,707.41,0.00
3,440.00,97,389.80,824.40,11.99
3,440.00,98,505.99,533.83,0.00
3,440.00,99,658.50,342.86,18.28
3,440.00,100,348.13,551.14,5.23
3,440.00,101,663.06,415.96,6.53
3,440.00,102,846.34,427.80,11.70
3,440.00,103,204.46,382.77,0.00
3,440.00,104,284.87,647.99,0.00
3,440.00,105,187.19,785.94,6.37
3,440.00,106,890.24,50.45,22.59
3,440.00,107,721.18,282.02,10.33
3,440.00,108,700.12,723.80,0.00
3,440.00,109,563.47,215.03,17.94
3,440.00,110,216.87,435.68,6.96
3,440.00,111,880.32,695.05,12.16
3,440.00,112,485.41,677.97,14.99
3,440.00,113,629.12,463.74,6.00
3,440.00,114,425.41,750.82,12.96
3,440.00,115,637.28,267.62,22.84
3,440.00,116,561.40,714.20,6.28
3,440.00,117,396.23,214.35,5.86
3,440.00,118,395.62,291.79,7.63
3,440.00,119,617.76,756.41,5.07
3,440.00,120,140.15,333.85,7.36
3,440.00,121,801.27,672.92,0.00
3,440.00,122,561.77,629.29,9.42
3,440.00,123,663.02,512.23,0.00
3,440.00,124,509.77,917.55,0.00
3,440.00,125,504.74,764.81,8.69
3,440.00,126,416.82,403.61,8.28
3,440.00,127,650.41,29.24,23.37
3,440.00,128,739.02,189.21,5.77
3,440.00,129,498.64,168.37,0.00
3,440.00,130,736.40,770.56,15.39
3,440.00,131,479.77,146.11,6.61
3,440.00,132,642.36,518.91,12.13
3,440.00,133,457.23,297.97,10.37
3,440.00,134,255.43,382.64,19.08
3,440.00,135,640.78,723.85,21.00
3,440.00,136,227.25,957.61,23.85
3,440.00,137,431.55,520.38,17.49
3,440.00,138,631.17,518.22,5.87
3,440.00,139,22.21,337.91,0.00
3,440.00,140,766.66,906.42,0.00
3,440.00,141,589.56,224.23,24.28
3,440.00,142,551.15,776.80,16.92
3,440.00,143,140.64,831.22,7.42
3,440.00,144,198.43,835.06,9.80
3,440.00,145,685.39,486.18,8.80
3,440.00,146,589.91,88.70,0.00
3,440.00,147,721.89,289.16,0.00
3,440.00,148,596.05,663.03,16.87
3,440.00,149,993.65,681.74,0.00
3,450.00,0,899.23,693.60,0.00
3,450.00,1,413.38,905.69,14.99
3,450.00,2,822.38,690.77,15.82
3,450.00,3,262.73,981.48,0.00
3,450.00,4,523.62,477.45,5.05
3,450.00,5,293.41,674.97,12.98
3,450.00,6,867.84,806.34,10.62
3,450.00,7,856.81,283.36,0.00
3,450.00,8,446.54,390.81,11.02
3,450.00,9,489.42,567.57,8.07
3,450.00,10,397.46,914.72,8.51
3,450.00,11,366.39,736.17,5.63
3,450.00,12,413.92,772.95,22.69
3,450.00,13,655.33,897.05,5.75
3,450.00,14,816.34,279.37,5.10
3,450.00,15,651.81,457.48,21.26
3,450.00,16,155.25,236.75,13.37
3,450.00,17,713.28,571.53,8.92
3,450.00,18,632.80,530.40,8.34
3,450.00,19,642.78,139.44,7.22
3,450.00,20,145.78,352.07,10.27
3,450.00,21,323.90,541.72,7.56
3,450.00,22,724.44,583.46,6.42
3,450.00,23,553.70,342.94,12.23
3,450.00,24,284.45,122.57,0.00
3,450.00,25,284.17,395.98,23.84
3,450.00,26,68.09,835.21,0.00
3,450.00,27,382.15,529.48,6.13
3,450.00,28,138.19,854.42,5.41
3,450.00,29,620.56,879.95,23.80
3,450.00,30,215.92,493.38,7.37
3,450.00,31,204.72,759.47,9.58
3,450.00,32,275.28,525.73,10.29
3,450.00,33,598.59,643.64,7.51
3,450.00,34,699.37,517.31,5.57
3,450.00,35,698.10,233.47,13.47
3,450.00,36,272.83,67.49,13.00
3,450.00,37,862.82,42.77,6.29
3,450.00,38,590.25,124.02,8.58
3,450.00,39,880.57,917.17,5.19
3,450.00,40,50.90,884.61,0.00
3,450.00,41,896.72,713.16,10.55
3,450.00,42,645.26,711.09,10.60
3,450.00,43,264.69,795.89,19.16
3,450.00,44,235.71,360.61,12.77
3,450.00,45,819.18,826.29,0.00
3,450.00,46,494.82,300.95,0.00
3,450.00,47,461.69,376.38,20.55
3,450.00,48,635.81,562.20,5.61
3,450.00,49,589.28,223.10,8.45
3,450.00,50,219.64,596.89,7.00
3,450.00,51,135.72,278.24,5.95
3,450.00,52,593.41,902.93,15.15
3,450.00,53,395.85,87.44,15.95
3,450.00,54,203.34,881.55,8.66
3,450.00,55,964.53,937.06,5.61
3,450.00,56,254.76,274.15,7.17
3,450.00,57,929.98,247.77,20.35
3,450.00,58,823.24,567.11,20.40
3,450.00,59,337.28,344.80,6.56
3,450.00,60,699.76,336.81,10.34
3,450.00,61,189.51,403.17,9.24
3,450.00,62,936.20,859.34,12.61
3,450.00,63,569.70,514.63,15.10
3,450.00,64,738.43,779.91,12.61
3,450.00,65,32.13,344.78,0.00
3,450.00,66,446.88,808.52,7.49
3,450.00,67,979.58,9.01,0.00
3,450.00,68,765.64,500.50,19.45
3,450.00,69,286.87,575.98,10.54
3,450.00,70,378.37,629.01,0.00
3,450.00,71,237.99,382.14,18.49
3,450.00,72,115.10,846.99,0.00
3,450.00,73,409.36,603.94,0.00
3,450.00,74,646.21,830.17,19.98
3,450.00,75,534.53,425.91,7.56
3,450.00,76,491.55,454.29,10.87
3,450.00,77,99.98,325.12,10.96
3,450.00,78,225.01,708.15,8.56
3,450.00,79,414.59,982.34,0.00
3,450.00,80,174.83,481.40,20.62
3,450.00,81,684.21,152.49,9.51
3,450.00,82,137.43,664.22,6.14
3,450.00,83,728.03,443.64,10.47
3,450.00,84,845.15,629.65,0.00
3,450.00,85,673.00,190.95,5.66
3,450.00,86,629.09,469.67,6.82
3,450.00,87,727.71,450.09,6.46
3,450.00,88,394.98,295.27,8.27
3,450.00,89,728.88,220.96,0.00
3,450.00,90,125.06,254.26,10.09
3,450.00,91,580.05,598.96,17.95
3,450.00,92,145.73,32.01,15.22
3,450.00,93,626.33,469.29,16.15
3,450.00,94,853.84,685.38,18.74
3,450.00,95,520.87,875.81,0.00
3,450.00,96,739.23,732.00,10.24
3,450.00,97,272.66,798.59,11.99
3,450.00,98,518.61,552.37,9.11
3,450.00,99,577.40,178.99,18.28
3,450.00,100,376.42,586.80,0.00
3,450.00,101,725.45,435.17,6.53
3,450.00,102,729.48,432.92,11.70
3,450.00,103,352.24,205.49,23.24
3,450.00,104,291.52,643.30,22.87
3,450.00,105,170.88,805.85,0.00
3,450.00,106,769.67,241.49,22.59
3,450.00,107,824.46,282.22,10.33
3,450.00,108,636.60,766.31,11.93
3,450.00,109,727.16,288.48,17.94
3,450.00,110,239.96,501.36,6.96
3,450.00,111,872.99,816.39,12.16
3,450.00,112,545.39,540.62,14.99
3,450.00,113,577.78,494.86,6.00
3,450.00,114,364.58,865.26,12.96
3,450.00,115,860.77,220.29,22.84
3,450.00,116,505.24,742.39,6.28
3,450.00,117,339.21,227.82,5.86
3,450.00,118,358.22,358.33,7.63
3,450.00,119,667.53,766.23,5.07
3,450.00,120,77.61,295.03,7.36
3,450.00,121,800.27,630.94,14.89
3,450.00,122,534.49,539.14,9.42
3,450.00,123,593.94,474.23,17.21
3,450.00,124,467.47,868.71,0.00
3,450.00,125,590.67,777.99,8.69
3,450.00,126,480.89,455.98,8.28
3,450.00,127,417.10,15.03,23.37
3,450.00,128,694.73,226.18,5.77
3,450.00,129,447.26,252.42,15.76
3,450.00,130,784.78,624.46,15.39
3,450.00,131,502.55,84.08,6.61
3,450.00,132,545.13,591.38,12.13
3,450.00,133,520.97,379.78,10.37
3,450.00,134,326.65,205.66,19.08
3,450.00,135,531.92,544.32,21.00
3,450.00,136,233.99,987.73,0.00
3,450.00,137,358.26,679.18,17.49
3,450.00,138,628.14,516.73,0.00
3,450.00,139,64.88,369.20,6.49
3,450.00,140,764.57,898.54,8.67
3,450.00,141,663.81,455.35,24.28
3,450.00,142,550.47,778.28,0.00
3,450.00,143,153.12,889.82,0.00
3,450.00,144,219.22,910.64,0.00
3,450.00,145,761.56,442.18,8.80
3,450.00,146,578.14,94.35,14.66
3,450.00,147,658.57,204.31,18.21
3,450.00,148,707.70,789.46,16.87
3,450.00,149,946.58,680.96,9.50
3,460.00,0,859.57,654.69,13.28
3,460.00,1,293.68,815.48,14.99
3,460.00,2,954.43,719.12,0.00
3,460.00,3,370.04,860.60,24.48
3,460.00,4,524.25,479.80,0.00
3,460.00,5,228.19,562.69,12.98
3,460.00,6,831.30,706.59,10.62
3,460.00,7,738.79,245.94,23.46
3,460.00,8,494.33,462.35,0.00
3,460.00,9,549.64,513.85,8.07
3,460.00,10,394.33,990.99,0.00
3,460.00,11,405.88,696.08,5.63
3,460.00,12,349.23,776.33,0.00
3,460.00,13,702.97,919.41,0.00
3,460.00,14,768.19,296.21,5.10
3,460.00,15,623.98,623.37,0.00
3,460.00,16,259.92,319.93,13.37
3,460.00,17,631.24,536.63,8.92
3,460.00,18,624.45,613.34,8.34
3,460.00,19,588.74,187.38,7.22
3,460.00,20,103.81,258.35,10.27
3,460.00,21,377.93,594.56,7.56
3,460.00,22,660.77,575.57,6.42
3,460.00,23,464.21,426.28,12.23
3,460.00,24,417.23,284.61,22.52
3,460.00,25,283.26,376.98,0.00
3,460.00,26,144.89,795.71,20.34
3,460.00,27,442.17,517.11,6.13
3,460.00,28,100.12,892.90,5.41
3,460.00,29,560.88,649.59,23.80
3,460.00,30,267.47,440.78,7.37
3,460.00,31,284.58,706.54,9.58
3,460.00,32,287.09,627.95,10.29
3,460.00,33,667.98,672.39,7.51
3,460.00,34,745.35,485.78,5.57
3,460.00,35,581.08,300.11,13.47
3,460.00,36,254.38,54.07,0.00
3,460.00,37,865.44,9.60,0.00
3,460.00,38,504.67,129.45,8.58
3,460.00,39,885.28,921.34,0.00
3,460.00,40,66.79,863.56,22.52
3,460.00,41,794.99,741.17,10.55
3,460.00,42,586.72,736.59,0.00
3,460.00,43,402.35,929.15,19.16
3,460.00,44,297.85,249.00,12.77
3,460.00,45,793.14,827.16,5.57
3,460.00,46,619.33,410.59,22.03
3,460.00,47,401.81,573.00,20.55
3,460.00,48,603.91,608.31,5.61
3,460.00,49,672.75,210.00,8.45
3,460.00,50,288.12,582.56,7.00
3,460.00,51,183.14,314.14,5.95
3,460.00,52,443.33,923.91,15.15
3,460.00,53,552.18,119.06,15.95
3,460.00,54,127.02,840.56,8.66
3,460.00,55,975.82,938.71,0.00
3,460.00,56,184.44,260.35,7.17
3,460.00,57,830.90,425.47,20.35
3,460.00,58,871.15,623.61,0.00
3,460.00,59,340.06,330.89,0.00
3,460.00,60,677.77,235.82,10.34
3,460.00,61,174.47,312.02,9.24
3,460.00,62,864.53,755.55,12.61
3,460.00,63,492.88,384.64,15.10
3,460.00,64,850.10,771.77,0.00
3,460.00,65,50.54,325.86,9.37
3,460.00,66,388.89,761.15,7.49
3,460.00,67,970.03,17.72,15.14
3,460.00,68,765.31,370.41,0.00
3,460.00,69,273.77,516.05,0.00
3,460.00,70,393.05,692.96,18.36
3,460.00,71,386.42,492.46,18.49
3,460.00,72,130.66,734.63,20.60
3,460.00,73,427.49,629.84,16.25
3,460.00,74,451.90,876.79,19.98
3,460.00,75,465.21,456.20,7.56
3,460.00,76,422.35,538.17,10.87
3,460.00,77,102.03,434.67,10.96
3,460.00,78,248.59,790.47,8.56
3,460.00,79,402.86,949.58,9.23
3,460.00,80,301.02,644.52,20.62
3,460.00,81,672.75,135.04,0.00
3,460.00,82,84.35,653.82,0.00
3,460.00,83,753.18,444.11,0.00
3,460.00,84,835.26,627.05,8.71
3,460.00,85,647.89,241.62,5.66
3,460.00,86,686.81,505.96,6.82
3,460.00,87,676.58,410.67,6.46
3,460.00,88,447.30,359.25,8.27
3,460.00,89,722.09,237.27,5.47
3,460.00,90,54.51,182.07,10.09
3,460.00,91,577.10,778.44,17.95
3,460.00,92,297.79,25.27,15.22
3,460.00,93,677.88,458.52,0.00
3,460.00,94,942.98,808.78,0.00
3,460.00,95,337.82,751.35,23.85
3,460.00,96,738.96,834.45,10.24
3,460.00,97,160.26,773.82,0.00
3,460.00,98,569.87,627.65,9.11
3,460.00,99,509.51,41.81,0.00
3,460.00,100,354.38,599.36,19.58
3,460.00,101,787.84,454.39,6.53
3,460.00,102,612.62,438.03,11.70
3,460.00,103,501.01,27.02,23.24
3,460.00,104,478.47,511.55,22.87
3,460.00,105,193.67,782.23,5.51
3,460.00,106,649.10,432.53,22.59
3,460.00,107,862.78,282.29,0.00
3,460.00,108,611.04,783.41,0.00
3,460.00,109,820.05,330.16,0.00
3,460.00,110,263.04,567.04,6.96
3,460.00,111,869.29,877.77,0.00
3,460.00,112,605.37,403.27,14.99
3,460.00,113,526.45,525.98,6.00
3,460.00,114,358.29,877.10,0.00
3,460.00,115,940.49,203.41,0.00
3,460.00,116,449.08,770.59,6.28
3,460.00,117,309.68,234.79,0.00
3,460.00,118,320.81,424.86,7.63
3,460.00,119,717.30,776.05,5.07
3,460.00,120,74.85,293.32,0.00
3,460.00,121,796.73,482.06,14.89
3,460.00,122,507.22,449.00,9.42
3,460.00,123,443.13,391.26,17.21
3,460.00,124,461.71,865.64,20.74
3,460.00,125,676.60,791.18,8.69
3,460.00,126,544.96,508.35,8.28
3,460.00,127,348.64,10.86,0.00
3,460.00,128,650.43,263.15,5.77
3,460.00,129,365.06,386.89,15.76
3,460.00,130,833.16,478.37,15.39
3,460.00,131,510.88,61.38,0.00
3,460.00,132,447.90,663.85,12.13
3,460.00,133,584.71,461.58,10.37
3,460.00,134,367.11,105.12,0.00
3,460.00,135,423.07,364.78,21.00
3,460.00,136,262.83,946.58,5.77
3,460.00,137,284.97,837.98,17.49
3,460.00,138,756.04,638.59,0.00
3,460.00,139,117.21,407.57,6.49
3,460.00,140,742.39,814.71,8.67
3,460.00,141,686.03,524.50,0.00
3,460.00,142,336.69,765.22,21.63
3,460.00,143,162.33,876.50,8.42
3,460.00,144,244.74,883.83,18.50
3,460.00,145,837.73,398.18,8.80
3,460.00,146,445.98,157.74,14.66
3,460.00,147,549.64,58.35,18.21
3,460.00,148,780.34,871.72,0.00
3,460.00,149,851.61,679.36,9.50
3,470.00,0,764.78,561.67,13.28
3,470.00,1,173.97,725.27,14.99
3,470.00,2,941.65,717.60,8.79
3,470.00,3,532.54,677.51,24.48
3,470.00,4,364.26,538.91,17.92
3,470.00,5,162.97,450.41,12.98
3,470.00,6,794.76,606.85,10.62
3,470.00,7,623.22,209.30,0.00
3,470.00,8,513.77,446.25,11.52
3,470.00,9,609.86,460.12,8.07
3,470.00,10,393.47,979.33,11.36
3,470.00,11,445.38,655.99,5.63
3,470.00,12,360.30,930.51,21.63
3,470.00,13,698.50,912.86,9.42
3,470.00,14,720.04,313.05,5.10
3,470.00,15,600.17,617.96,11.69
3,470.00,16,364.58,403.10,13.37
3,470.00,17,554.78,504.09,0.00
3,470.00,18,616.09,696.29,8.34
3,470.00,19,534.70,235.33,7.22
3,470.00,20,61.85,164.64,10.27
3,470.00,21,431.97,647.41,7.56
3,470.00,22,597.10,567.69,6.42
3,470.00,23,374.73,509.61,12.23
3,470.00,24,559.98,458.81,22.52
3,470.00,25,376.98,313.01,12.33
3,470.00,26,325.77,702.66,20.34
3,470.00,27,502.19,504.73,6.13
3,470.00,28,66.74,926.63,0.00
3,470.00,29,501.21,419.23,23.80
3,470.00,30,319.01,388.17,7.37
3,470.00,31,364.45,653.62,9.58
3,470.00,32,298.90,730.17,10.29
3,470.00,33,737.38,701.14,7.51
3,470.00,34,791.34,454.26,5.57
3,470.00,35,464.06,366.75,13.47
3,470.00,36,296.05,114.05,8.86
3,470.00,37,871.62,69.86,12.86
3,470.00,38,419.09,134.87,8.58
3,470.00,39,813.42,884.12,9.21
3,470.00,40,202.46,683.82,22.52
3,470.00,41,693.25,769.17,10.55
3,470.00,42,635.48,694.63,16.17
3,470.00,43,472.88,997.43,0.00
3,470.00,44,359.99,137.39,12.77
3,470.00,45,737.48,829.02,5.57
3,470.00,46,784.63,556.16,22.03
3,470.00,47,341.93,769.62,20.55
3,470.00,48,572.01,654.43,5.61
3,470.00,49,725.16,201.77,0.00
3,470.00,50,356.61,568.23,7.00
3,470.00,51,230.56,350.03,5.95
3,470.00,52,293.24,944.90,15.15
3,470.00,53,708.51,150.69,15.95
3,470.00,54,50.69,799.57,8.66
3,470.00,55,935.82,909.10,6.25
3,470.00,56,114.13,246.56,7.17
3,470.00,57,731.83,603.17,20.35
3,470.00,58,847.02,586.92,0.00
3,470.00,59,418.68,343.10,10.15
3,470.00,60,657.90,144.56,0.00
3,470.00,61,159.42,220.88,9.24
3,470.00,62,792.87,651.75,12.61
3,470.00,63,416.05,254.64,15.10
3,470.00,64,848.47,761.62,9.19
3,470.00,65,115.86,258.74,9.37
3,470.00,66,330.90,713.79,7.49
3,470.00,67,858.19,119.77,15.14
3,470.00,68,768.08,427.65,17.31
3,470.00,69,311.57,538.50,10.52
3,470.00,70,423.14,823.93,0.00
3,470.00,71,534.85,602.78,18.49
3,470.00,72,158.92,530.53,20.60
3,470.00,73,513.01,752.00,0.00
3,470.00,74,374.00,895.48,0.00
3,470.00,75,395.90,486.50,7.56
3,470.00,76,353.15,622.06,10.87
3,470.00,77,104.08,544.22,10.96
3,470.00,78,272.16,872.79,8.56
3,470.00,79,371.78,862.72,9.23
3,470.00,80,427.20,807.64,20.62
3,470.00,81,632.79,128.02,5.20
3,470.00,82,97.84,651.59,11.52
3,470.00,83,646.72,404.07,14.97
3,470.00,84,750.98,604.90,8.71
3,470.00,85,622.78,292.29,5.66
3,470.00,86,740.75,539.87,0.00
3,470.00,87,625.45,371.24,6.46
3,470.00,88,499.63,423.23,8.27
3,470.00,89,701.06,287.76,5.47
3,470.00,90,43.02,170.30,0.00
3,470.00,91,574.98,907.63,0.00
3,470.00,92,449.85,18.53,15.22
3,470.00,93,596.53,380.15,16.76
3,470.00,94,915.53,796.00,16.15
3,470.00,95,140.63,617.28,23.85
3,470.00,96,738.86,874.08,0.00
3,470.00,97,163.99,771.53,10.83
3,470.00,98,621.13,702.92,9.11
3,470.00,99,501.04,47.57,6.29
3,470.00,100,184.20,696.27,19.58
3,470.00,101,834.44,468.74,0.00
3,470.00,102,495.76,443.15,11.70
3,470.00,103,517.02,7.82,0.00
3,470.00,104,665.42,379.79,22.87
3,470.00,105,231.94,742.58,5.51
3,470.00,106,528.53,623.56,22.59
3,470.00,107,807.81,278.36,8.76
3,470.00,108,522.92,686.50,17.64
3,470.00,109,761.47,361.20,15.33
3,470.00,110,286.13,632.71,6.96
3,470.00,111,824.66,795.16,19.00
3,470.00,112,665.35,265.93,14.99
3,470.00,113,475.11,557.11,6.00
3,470.00,114,335.97,692.54,20.74
3,470.00,115,884.20,346.23,23.86
3,470.00,116,392.93,798.79,6.28
3,470.00,117,353.44,294.33,15.33
3,470.00,118,283.41,491.40,7.63
3,470.00,119,767.07,785.86,5.07
3,470.00,120,127.12,340.17,7.34
3,470.00,121,793.19,333.19,14.89
3,470.00,122,479.95,358.86,9.42
3,470.00,123,322.17,324.70,0.00
3,470.00,124,278.64,768.09,20.74
3,470.00,125,762.53,804.36,8.69
3,470.00,126,609.04,560.72,8.28
3,470.00,127,342.67,84.72,10.49
3,470.00,128,606.14,300.12,5.77
3,470.00,129,282.86,521.36,15.76
3,470.00,130,881.54,332.27,15.39
3,470.00,131,533.64,110.70,8.56
3,470.00,132,394.36,703.75,0.00
3,470.00,133,648.45,543.39,10.37
3,470.00,134,359.78,161.88,13.25
3,470.00,135,419.63,359.10,0.00
3,470.00,136,295.95,899.32,5.77
3,470.00,137,279.84,849.10,0.00
3,470.00,138,729.41,616.12,19.93
3,470.00,139,169.53,445.93,6.49
3,470.00,140,720.21,730.88,8.67
3,470.00,141,589.27,622.19,19.62
3,470.00,142,177.09,755.47,0.00
3,470.00,143,210.18,807.27,8.42
3,470.00,144,372.31,749.78,18.50
3,470.00,145,861.69,384.33,0.00
3,470.00,146,313.83,221.14,14.66
3,470.00,147,510.61,6.06,0.00
3,470.00,148,805.97,789.28,24.70
3,470.00,149,756.64,677.77,9.50
3,480.00,0,669.98,468.66,13.28
3,480.00,1,54.27,635.06,14.99
3,480.00,2,854.38,707.23,8.79
3,480.00,3,545.93,662.44,0.00
3,480.00,4,196.21,601.00,17.92
3,480.00,5,97.75,338.14,12.98
3,480.00,6,758.22,507.10,10.62
3,480.00,7,661.57,232.51,9.28
3,480.00,8,602.49,372.77,11.52
3,480.00,9,670.09,406.39,8.07
3,480.00,10,385.09,866.06,11.36
3,480.00,11,484.87,615.90,5.63
3,480.00,12,363.32,972.57,0.00
3,480.00,13,649.68,841.20,0.00
3,480.00,14,671.89,329.88,5.10
3,480.00,15,486.16,592.04,11.69
3,480.00,16,469.25,486.28,13.37
3,480.00,17,541.26,496.73,22.64
3,480.00,18,608.15,775.17,0.00
3,480.00,19,480.66,283.28,7.22
3,480.00,20,43.00,122.55,0.00
3,480.00,21,486.00,700.26,7.56
3,480.00,22,533.42,559.81,6.42
3,480.00,23,323.08,557.71,0.00
3,480.00,24,702.73,633.01,22.52
3,480.00,25,404.76,294.05,0.00
3,480.00,26,506.65,609.61,20.34
3,480.00,27,562.20,492.36,6.13
3,480.00,28,81.15,907.02,19.73
3,480.00,29,441.53,188.87,23.80
3,480.00,30,370.56,335.56,7.37
3,480.00,31,444.31,600.69,9.58
3,480.00,32,310.70,832.39,10.29
3,480.00,33,806.77,729.89,7.51
3,480.00,34,837.32,422.74,5.57
3,480.00,35,347.04,433.38,13.47
3,480.00,36,346.60,186.80,8.86
3,480.00,37,884.73,197.83,12.86
3,480.00,38,333.50,140.29,8.58
3,480.00,39,731.63,841.77,9.21
3,480.00,40,338.13,504.09,22.52
3,480.00,41,591.51,797.17,10.55
3,480.00,42,758.08,589.13,16.17
3,480.00,43,492.32,919.46,16.48
3,480.00,44,407.86,51.41,0.00
3,480.00,45,681.83,830.87,5.57
3,480.00,46,884.59,644.18,0.00
3,480.00,47,282.06,966.24,20.55
3,480.00,48,540.10,700.54,5.61
3,480.00,49,704.86,275.49,20.54
3,480.00,50,425.09,553.89,7.00
3,480.00,51,277.98,385.93,5.95
3,480.00,52,210.00,956.54,0.00
3,480.00,53,740.30,157.12,0.00
3,480.00,54,48.24,798.25,0.00
3,480.00,55,885.59,871.93,6.25
3,480.00,56,82.15,240.29,0.00
3,480.00,57,632.76,780.87,20.35
3,480.00,58,794.85,515.11,19.75
3,480.00,59,518.99,358.68,10.15
3,480.00,60,651.40,146.95,7.19
3,480.00,61,144.38,129.74,9.24
3,480.00,62,721.20,547.96,12.61
3,480.00,63,339.23,124.65,15.10
3,480.00,64,833.87,670.91,9.19
3,480.00,65,119.95,254.54,0.00
3,480.00,66,273.77,667.13,0.00
3,480.00,67,746.36,221.81,15.14
3,480.00,68,776.45,600.55,17.31
3,480.00,69,401.99,592.20,10.52
3,480.00,70,459.97,807.44,15.06
3,480.00,71,683.28,713.10,18.49
3,480.00,72,176.98,400.09,0.00
3,480.00,73,499.07,744.65,19.12
3,480.00,74,467.37,838.06,18.30
3,480.00,75,326.58,516.79,7.56
3,480.00,76,283.95,705.94,10.87
3,480.00,77,106.13,653.77,10.96
3,480.00,78,295.74,955.11,8.56
3,480.00,79,340.70,775.87,9.23
3,480.00,80,553.39,970.76,20.62
3,480.00,81,581.59,119.02,5.20
3,480.00,82,211.50,632.73,11.52
3,480.00,83,506.62,351.38,14.97
3,480.00,84,666.69,582.76,8.71
3,480.00,85,601.13,335.98,0.00
3,480.00,86,745.07,546.11,11.58
3,480.00,87,574.33,331.82,6.46
3,480.00,88,551.95,487.21,8.27
3,480.00,89,680.04,338.26,5.47
3,480.00,90,219.18,195.49,21.26
3,480.00,91,584.89,887.42,8.03
3,480.00,92,601.91,11.78,15.22
3,480.00,93,475.82,263.85,16.76
3,480.00,94,769.13,727.87,16.15
3,480.00,95,45.72,552.75,0.00
3,480.00,96,715.85,837.05,7.11
3,480.00,97,256.34,714.89,10.83
3,480.00,98,672.39,778.20,9.11
3,480.00,99,449.04,82.96,6.29
3,480.00,100,71.47,760.46,0.00
3,480.00,101,803.43,455.33,13.35
3,480.00,102,378.90,448.26,11.70
3,480.00,103,456.98,135.37,15.80
3,480.00,104,852.38,248.03,22.87
3,480.00,105,270.21,702.94,5.51
3,480.00,106,519.67,637.60,0.00
3,480.00,107,720.41,272.10,8.76
3,480.00,108,404.22,555.95,17.64
3,480.00,109,626.03,432.97,15.33
3,480.00,110,309.21,698.39,6.96
3,480.00,111,734.35,627.97,19.00
3,480.00,112,725.33,128.58,14.99
3,480.00,113,423.77,588.23,6.00
3,480.00,114,311.08,486.69,20.74
3,480.00,115,796.70,568.25,23.86
3,480.00,116,336.77,826.98,6.28
3,480.00,117,444.19,417.83,15.33
3,480.00,118,246.01,557.94,7.63
3,480.00,119,816.84,795.68,5.07
3,480.00,120,181.80,389.17,7.34
3,480.00,121,789.65,184.32,14.89
3,480.00,122,452.68,268.72,9.42
3,480.00,123,288.20,292.65,23.60
3,480.00,124,95.58,670.54,20.74
3,480.00,125,827.43,814.32,0.00
3,480.00,126,673.11,613.09,8.28
3,480.00,127,334.22,189.26,10.49
3,480.00,128,561.85,337.09,5.77
3,480.00,129,200.66,655.83,15.76
3,480.00,130,929.91,186.17,15.39
3,480.00,131,569.53,188.46,8.56
3,480.00,132,387.79,756.49,11.83
3,480.00,133,712.19,625.19,10.37
3,480.00,134,342.81,293.31,13.25
3,480.00,135,352.77,325.37,0.00
3,480.00,136,329.07,852.06,5.77
3,480.00,137,406.49,912.31,15.22
3,480.00,138,577.12,487.61,19.93
3,480.00,139,221.85,484.29,6.49
3,480.00,140,698.03,647.04,8.67
3,480.00,141,451.19,761.58,19.62
3,480.00,142,166.88,765.04,5.37
3,480.00,143,258.03,738.04,8.42
3,480.00,144,468.30,648.91,0.00
3,480.00,145,899.42,266.33,18.08
3,480.00,146,244.24,254.52,0.00
3,480.00,147,497.04,151.69,22.79
3,480.00,148,879.30,553.37,24.70
3,480.00,149,661.67,676.18,9.50
3,490.00,0,575.18,375.65,13.28
3,490.00,1,49.31,631.32,0.00
3,490.00,2,767.12,696.86,8.79
3,490.00,3,435.13,701.44,12.80
3,490.00,4,28.16,663.10,17.92
3,490.00,5,56.72,267.50,0.00
3,490.00,6,721.68,407.36,10.62
3,490.00,7,740.92,280.55,9.28
3,490.00,8,645.65,337.02,0.00
3,490.00,9,730.31,352.67,8.07
3,490.00,10,376.72,752.78,11.36
3,490.00,11,524.37,575.81,5.63
3,490.00,12,364.36,849.29,15.31
3,490.00,13,638.10,844.77,15.18
3,490.00,14,623.73,346.72,5.10
3,490.00,15,392.20,570.68,0.00
3,490.00,16,573.92,569.46,13.37
3,490.00,17,441.78,442.54,0.00
3,490.00,18,605.04,772.95,7.79
3,490.00,19,426.62,331.22,7.22
3,490.00,20,137.52,128.42,17.19
3,490.00,21,540.04,753.11,7.56
3,490.00,22,469.75,551.92,6.42
3,490.00,23,271.03,493.18,19.61
3,490.00,24,845.48,807.20,22.52
3,490.00,25,406.76,441.65,20.30
3,490.00,26,687.53,516.56,20.34
3,490.00,27,622.22,479.98,6.13
3,490.00,28,197.94,748.02,19.73
3,490.00,29,440.76,185.90,0.00
3,490.00,30,422.11,282.95,7.37
3,490.00,31,524.17,547.77,9.58
3,490.00,32,312.80,850.56,0.00
3,490.00,33,808.04,730.41,0.00
3,490.00,34,883.30,391.22,5.57
3,490.00,35,230.02,500.02,13.47
3,490.00,36,385.41,242.66,0.00
3,490.00,37,897.84,325.80,12.86
3,490.00,38,247.92,145.72,8.58
3,490.00,39,649.84,799.42,9.21
3,490.00,40,473.80,324.36,22.52
3,490.00,41,489.78,825.17,10.55
3,490.00,42,877.81,486.09,0.00
3,490.00,43,532.17,759.61,16.48
3,490.00,44,379.06,46.59,12.71
3,490.00,45,626.17,832.73,5.57
3,490.00,46,812.01,639.30,18.40
3,490.00,47,277.40,981.54,0.00
3,490.00,48,508.20,746.65,5.61
3,490.00,49,650.34,473.57,20.54
3,490.00,50,493.58,539.56,7.00
3,490.00,51,325.40,421.82,5.95
3,490.00,52,220.89,934.31,5.56
3,490.00,53,677.47,223.42,11.47
3,490.00,54,105.89,577.35,23.59
3,490.00,55,835.36,834.77,6.25
3,490.00,56,147.59,292.31,15.33
3,490.00,57,533.68,958.57,20.35
3,490.00,58,678.78,355.32,19.75
3,490.00,59,587.41,369.31,0.00
3,490.00,60,583.92,171.73,7.19
3,490.00,61,129.33,38.59,9.24
3,490.00,62,649.54,444.17,12.61
3,490.00,63,334.23,116.18,0.00
3,490.00,64,819.26,580.20,9.19
3,490.00,65,140.71,292.15,0.00
3,490.00,66,275.28,667.81,11.14
3,490.00,67,634.52,323.86,15.14
3,490.00,68,784.83,773.46,17.31
3,490.00,69,492.42,645.90,10.52
3,490.00,70,597.37,745.90,15.06
3,490.00,71,684.74,714.19,0.00
3,490.00,72,161.08,408.66,5.01
3,490.00,73,329.91,655.48,19.12
3,490.00,74,623.22,742.21,18.30
3,490.00,75,257.26,547.09,7.56
3,490.00,76,278.11,713.01,0.00
3,490.00,77,108.18,763.31,10.96
3,490.00,78,302.65,979.22,0.00
3,490.00,79,309.61,689.01,9.23
3,490.00,80,564.02,984.50,0.00
3,490.00,81,530.38,110.03,5.20
3,490.00,82,325.17,613.87,11.52
3,490.00,83,366.51,298.69,14.97
3,490.00,84,582.40,560.61,8.71
3,490.00,85,608.03,354.53,14.36
3,490.00,86,810.98,641.35,11.58
3,490.00,87,523.20,292.40,6.46
3,490.00,88,604.28,551.19,8.27
3,490.00,89,659.01,388.75,5.47
3,490.00,90,333.38,211.82,0.00
3,490.00,91,620.28,815.29,8.03
3,490.00,92,607.14,11.55,0.00
3,490.00,93,355.10,147.55,16.76
3,490.00,94,740.09,714.36,0.00
3,490.00,95,143.70,521.17,19.85
3,490.00,96,678.32,776.65,7.11
3,490.00,97,348.70,658.24,10.83
3,490.00,98,688.67,802.11,0.00
3,490.00,99,397.03,118.35,6.29
3,490.00,100,121.83,737.02,16.46
3,490.00,101,680.85,402.35,13.35
3,490.00,102,262.03,453.38,11.70
3,490.00,103,389.70,278.29,15.80
3,490.00,104,937.98,187.70,0.00
3,490.00,105,308.47,663.29,5.51
3,490.00,106,611.12,563.05,0.00
3,490.00,107,633.00,265.85,8.76
3,490.00,108,285.52,425.41,17.64
3,490.00,109,490.60,504.74,15.33
3,490.00,110,332.30,764.07,6.96
3,490.00,111,644.04,460.79,19.00
3,490.00,112,766.78,33.67,0.00
3,490.00,113,372.44,619.35,6.00
3,490.00,114,286.18,280.83,20.74
3,490.00,115,709.20,790.27,23.86
3,490.00,116,280.61,855.18,6.28
3,490.00,117,534.93,541.32,15.33
3,490.00,118,208.61,624.47,7.63
3,490.00,119,866.60,805.50,5.07
3,490.00,120,236.47,438.18,7.34
3,490.00,121,786.11,35.44,14.89
3,490.00,122,425.40,178.58,9.42
3,490.00,123,116.54,130.68,23.60
3,490.00,124,50.74,646.64,0.00
3,490.00,125,770.05,804.95,23.76
3,490.00,126,737.19,665.46,8.28
3,490.00,127,325.77,293.80,10.49
3,490.00,128,517.55,374.06,5.77
3,490.00,129,150.96,737.11,0.00
3,490.00,130,970.50,63.60,0.00
3,490.00,131,605.42,266.23,8.56
3,490.00,132,382.74,796.94,0.00
3,490.00,133,724.80,641.37,0.00
3,490.00,134,325.84,424.74,13.25
3,490.00,135,350.08,337.18,11.96
3,490.00,136,362.19,804.80,5.77
3,490.00,137,542.68,980.28,15.22
3,490.00,138,424.82,359.10,19.93
3,490.00,139,274.17,522.66,6.49
3,490.00,140,675.86,563.21,8.67
3,490.00,141,364.35,849.25,0.00
3,490.00,142,127.71,801.77,5.37
3,490.00,143,305.88,668.80,8.42
3,490.00,144,486.84,640.84,8.17
3,490.00,145,936.74,149.58,0.00
3,490.00,146,278.71,247.63,7.42
3,490.00,147,475.90,378.63,22.79
3,490.00,148,894.96,502.99,0.00
3,490.00,149,566.70,674.59,9.50
3,500.00,0,480.39,282.64,13.28
3,500.00,1,159.00,560.71,13.61
3,500.00,2,679.85,686.49,8.79
3,500.00,3,314.40,743.95,12.80
3,500.00,4,18.15,666.80,0.00
3,500.00,5,85.53,291.30,10.08
3,500.00,6,685.14,307.61,10.62
3,500.00,7,820.28,328.58,9.28
3,500.00,8,682.15,396.59,13.61
3,500.00,9,790.54,298.94,8.07
3,500.00,10,368.34,639.51,11.36
3,500.00,11,563.87,535.72,5.63
3,500.00,12,365.65,696.17,15.31
3,500.00,13,575.59,864.03,0.00
3,500.00,14,575.58,363.56,5.10
3,500.00,15,395.90,580.77,6.11
3,500.00,16,678.58,652.64,13.37
3,500.00,17,328.19,434.92,22.78
3,500.00,18,541.57,727.75,7.79
3,500.00,19,372.57,379.17,7.22
3,500.00,20,309.10,139.09,17.19
3,500.00,21,594.07,805.96,7.56
3,500.00,22,406.08,544.04,6.42
3,500.00,23,147.94,340.57,19.61
3,500.00,24,943.51,926.82,0.00
3,500.00,25,406.94,455.40,0.00
3,500.00,26,868.42,423.51,20.34
3,500.00,27,682.24,467.61,6.13
3,500.00,28,314.73,589.02,19.73
3,500.00,29,524.06,140.32,9.62
3,500.00,30,473.65,230.34,7.37
3,500.00,31,539.15,537.84,0.00
3,500.00,32,316.79,756.95,11.40
3,500.00,33,644.64,557.88,24.20
3,500.00,34,929.29,359.70,5.57
3,500.00,35,113.00,566.65,13.47
3,500.00,36,388.27,287.98,19.56
3,500.00,37,910.95,453.77,12.86
3,500.00,38,213.69,147.89,0.00
3,500.00,39,568.06,757.06,9.21
3,500.00,40,482.66,312.61,0.00
3,500.00,41,435.47,840.12,0.00
3,500.00,42,876.72,486.90,5.82
3,500.00,43,572.02,599.75,16.48
3,500.00,44,253.67,25.58,12.71
3,500.00,45,570.51,834.58,5.57
3,500.00,46,628.38,626.95,18.40
3,500.00,47,260.37,829.18,16.62
3,500.00,48,476.29,792.76,5.61
3,500.00,49,595.81,671.65,20.54
3,500.00,50,554.91,526.72,0.00
3,500.00,51,372.82,457.72,5.95
3,500.00,52,245.33,884.39,5.56
3,500.00,53,598.60,306.65,11.47
3,500.00,54,165.46,349.12,23.59
3,500.00,55,785.14,797.60,6.25
3,500.00,56,267.60,387.72,15.33
3,500.00,57,513.76,994.30,0.00
3,500.00,58,562.71,195.53,19.75
3,500.00,59,560.38,400.75,13.04
3,500.00,60,516.45,196.51,7.19
3,500.00,61,123.95,5.97,0.00
3,500.00,62,577.87,340.38,12.61
3,500.00,63,504.42,234.55,22.18
3,500.00,64,804.66,489.49,9.19
3,500.00,65,183.43,432.46,20.57
3,500.00,66,376.59,714.17,11.14
3,500.00,67,522.68,425.91,15.14
3,500.00,68,791.09,902.74,0.00
3,500.00,69,582.84,699.60,10.52
3,500.00,70,674.36,711.42,0.00
3,500.00,71,755.21,568.21,16.37
3,500.00,72,159.77,409.36,0.00
3,500.00,73,305.49,642.61,0.00
3,500.00,74,722.99,680.85,0.00
3,500.00,75,187.95,577.38,7.56
3,500.00,76,396.58,569.98,20.28
3,500.00,77,109.87,853.75,0.00
3,500.00,78,394.29,942.90,13.94
3,500.00,79,278.53,602.15,9.23
3,500.00,80,502.71,872.19,13.97
3,500.00,81,479.18,101.03,5.20
3,500.00,82,438.84,595.01,11.52
3,500.00,83,310.44,277.61,0.00
3,500.00,84,498.11,538.47,8.71
3,500.00,85,658.14,489.13,14.36
3,500.00,86,876.89,736.59,11.58
3,500.00,87,472.07,252.98,6.46
3,500.00,88,656.60,615.17,8.27
3,500.00,89,637.98,439.24,5.47
3,500.00,90,321.61,246.74,8.06
3,500.00,91,655.66,743.16,8.03
3,500.00,92,413.46,26.68,20.12
3,500.00,93,240.84,37.47,0.00
3,500.00,94,721.07,523.60,23.91
3,500.00,95,332.60,460.28,19.85
3,500.00,96,640.79,716.26,7.11
3,500.00,97,441.05,601.59,10.83
3,500.00,98,616.76,744.27,13.52
3,500.00,99,345.03,153.74,6.29
3,500.00,100,271.01,667.55,16.46
3,500.00,101,578.08,357.92,0.00
3,500.00,102,199.96,456.09,0.00
3,500.00,103,322.42,421.22,15.80
3,500.00,104,923.67,268.94,15.22
3,500.00,105,346.74,623.64,5.51
3,500.00,106,551.94,542.98,16.31
3,500.00,107,545.59,259.59,8.76
3,500.00,108,166.81,294.86,17.64
3,500.00,109,355.16,576.51,15.33
3,500.00,110,355.38,829.75,6.96
3,500.00,111,553.73,293.61,19.00
3,500.00,112,757.43,64.00,10.27
3,500.00,113,321.10,650.47,6.00
3,500.00,114,264.88,104.67,0.00
3,500.00,115,629.09,993.53,0.00
3,500.00,116,224.45,883.38,6.28
3,500.00,117,625.68,664.82,15.33
3,500.00,118,171.21,691.01,7.63
3,500.00,119,916.37,815.32,5.07
3,500.00,120,291.15,487.18,7.34
3,500.00,121,785.81,22.51,0.00
3,500.00,122,403.92,107.57,0.00
3,500.00,123,31.23,50.18,0.00
3,500.00,124,216.36,597.79,22.87
3,500.00,125,535.57,766.66,23.76
3,500.00,126,801.26,717.83,8.28
3,500.00,127,317.33,398.34,10.49
3,500.00,128,473.26,411.03,5.77
3,500.00,129,139.90,694.35,11.17
3,500.00,130,953.79,65.11,10.42
3,500.00,131,641.30,343.99,8.56
3,500.00,132,431.63,776.06,8.11
3,500.00,133,837.28,635.06,14.04
3,500.00,134,308.86,556.16,13.25
3,500.00,135,323.42,453.78,11.96
3,500.00,136,395.32,757.53,5.77
3,500.00,137,563.14,990.50,0.00
3,500.00,138,272.52,230.60,19.93
3,500.00,139,326.49,561.02,6.49
3,500.00,140,653.68,479.38,8.67
3,500.00,141,326.83,777.17,21.90
3,500.00,142,88.54,838.49,5.37
3,500.00,143,326.44,639.06,0.00
3,500.00,144,561.75,608.23,8.17
3,500.00,145,928.81,178.06,9.18
3,500.00,146,351.51,233.09,7.42
3,500.00,147,458.30,567.52,0.00
3,500.00,148,777.99,533.08,15.36
3,500.00,149,471.73,673.00,9.50
